id,run_at,icao,forecast_date,kind,n_members,mean_f,sd_f,p10_f,p50_f,p90_f,min_f,max_f
1,2026-08-13T00:09:53Z,KATL,2026-08-12,high,30,91.84,0.66,91.09,91.75,92.73,90.5,93.0
2,2026-08-13T00:09:53Z,KATL,2026-08-12,low,30,72.15,0.4,71.49,72.3,72.61,71.4,72.9
3,2026-08-13T00:09:53Z,KATL,2026-08-13,high,30,94.1,0.78,93.08,94.1,94.84,92.3,95.5
4,2026-08-13T00:09:53Z,KATL,2026-08-13,low,30,75.73,0.35,75.2,75.85,76.11,75.0,76.3
5,2026-08-13T00:09:53Z,KATL,2026-08-14,high,30,95.1,1.58,93.28,95.15,97.04,92.1,98.4
6,2026-08-13T00:09:53Z,KATL,2026-08-14,low,30,77.08,0.58,76.63,76.9,77.8,75.9,78.6
7,2026-08-13T00:09:53Z,KAUS,2026-08-12,high,30,102.83,2.12,100.27,102.55,105.91,99.1,106.6
8,2026-08-13T00:09:53Z,KAUS,2026-08-12,low,30,77.94,0.31,77.5,77.85,78.33,77.5,78.6
9,2026-08-13T00:09:53Z,KAUS,2026-08-13,high,30,103.75,3.04,99.68,104.15,107.32,97.1,108.4
10,2026-08-13T00:09:53Z,KAUS,2026-08-13,low,30,76.58,0.78,75.39,76.55,77.53,75.1,78.0
11,2026-08-13T00:09:53Z,KAUS,2026-08-14,high,30,101.71,1.79,99.16,101.7,104.32,98.4,105.0
12,2026-08-13T00:09:53Z,KAUS,2026-08-14,low,30,76.55,0.79,75.38,76.65,77.41,74.8,77.9
13,2026-08-13T00:09:53Z,KBOS,2026-08-12,high,30,85.02,0.53,84.38,85.15,85.71,84.0,85.8
14,2026-08-13T00:09:53Z,KBOS,2026-08-12,low,30,69.81,0.4,69.29,69.8,70.31,69.0,70.5
15,2026-08-13T00:09:53Z,KBOS,2026-08-13,high,30,83.77,2.32,80.75,83.75,86.54,77.1,87.1
16,2026-08-13T00:09:53Z,KBOS,2026-08-13,low,30,67.89,1.47,65.78,68.0,69.81,65.5,71.8
17,2026-08-13T00:09:53Z,KBOS,2026-08-14,high,30,82.32,1.92,79.76,82.25,84.52,78.3,85.2
18,2026-08-13T00:09:53Z,KBOS,2026-08-14,low,30,68.24,0.89,67.39,68.25,69.12,66.0,70.6
25,2026-08-13T00:09:53Z,KDEN,2026-08-12,high,30,94.22,1.33,92.68,94.5,95.4,89.4,95.8
26,2026-08-13T00:09:53Z,KDEN,2026-08-12,low,30,67.4,1.27,65.88,67.25,68.9,64.2,69.1
27,2026-08-13T00:09:53Z,KDEN,2026-08-13,high,30,80.06,4.1,74.71,80.5,84.25,69.3,88.9
28,2026-08-13T00:09:53Z,KDEN,2026-08-13,low,30,62.78,1.08,61.47,62.65,64.11,60.4,65.4
29,2026-08-13T00:09:53Z,KDEN,2026-08-14,high,30,87.07,1.96,83.88,86.95,89.25,82.5,90.7
30,2026-08-13T00:09:53Z,KDEN,2026-08-14,low,30,63.39,1.24,61.65,63.5,64.8,60.7,65.3
19,2026-08-13T00:09:53Z,KDFW,2026-08-12,high,30,102.65,1.81,100.63,102.35,105.54,99.3,106.1
20,2026-08-13T00:09:53Z,KDFW,2026-08-12,low,30,81.71,0.26,81.4,81.8,82.1,81.1,82.2
21,2026-08-13T00:09:53Z,KDFW,2026-08-13,high,30,103.98,2.39,101.11,104.35,106.41,99.2,109.0
22,2026-08-13T00:09:53Z,KDFW,2026-08-13,low,30,84.5,0.91,83.39,84.55,85.6,82.8,86.6
23,2026-08-13T00:09:53Z,KDFW,2026-08-14,high,30,104.04,2.87,100.61,104.6,107.2,96.3,108.2
24,2026-08-13T00:09:53Z,KDFW,2026-08-14,low,30,82.24,1.57,80.48,82.05,84.01,79.1,85.5
31,2026-08-13T00:09:53Z,KIAH,2026-08-12,high,30,96.83,1.05,95.69,96.95,98.22,94.3,99.0
32,2026-08-13T00:09:53Z,KIAH,2026-08-12,low,30,80.37,0.14,80.2,80.4,80.51,80.0,80.6
33,2026-08-13T00:09:53Z,KIAH,2026-08-13,high,30,99.54,1.99,96.84,99.7,101.73,94.4,103.8
34,2026-08-13T00:09:53Z,KIAH,2026-08-13,low,30,80.85,0.42,80.49,80.75,81.33,80.3,82.1
35,2026-08-13T00:09:53Z,KIAH,2026-08-14,high,30,98.52,1.77,96.42,98.75,100.26,92.8,101.5
36,2026-08-13T00:09:53Z,KIAH,2026-08-14,low,30,80.43,0.73,79.67,80.25,81.32,79.3,81.7
37,2026-08-13T00:09:53Z,KLAX,2026-08-12,high,30,77.17,0.36,76.7,77.2,77.62,76.5,78.0
38,2026-08-13T00:09:53Z,KLAX,2026-08-12,low,30,68.45,0.26,68.19,68.45,68.71,67.8,69.0
39,2026-08-13T00:09:53Z,KLAX,2026-08-13,high,30,73.6,0.71,72.7,73.6,74.5,72.0,74.9
40,2026-08-13T00:09:53Z,KLAX,2026-08-13,low,30,67.43,0.34,67.0,67.4,67.8,66.7,68.1
41,2026-08-13T00:09:53Z,KLAX,2026-08-14,high,30,74.42,0.57,73.78,74.35,75.21,73.5,75.8
42,2026-08-13T00:09:53Z,KLAX,2026-08-14,low,30,66.28,0.36,65.89,66.35,66.71,65.4,66.9
43,2026-08-13T00:09:53Z,KMIA,2026-08-12,high,30,90.76,0.48,90.2,90.75,91.4,90.1,91.6
44,2026-08-13T00:09:53Z,KMIA,2026-08-12,low,30,83.75,0.73,83.56,84.0,84.2,81.0,84.4
45,2026-08-13T00:09:53Z,KMIA,2026-08-13,high,30,90.02,0.63,89.19,90.0,90.8,88.8,91.8
46,2026-08-13T00:09:53Z,KMIA,2026-08-13,low,30,83.51,0.84,82.44,83.75,84.2,81.2,84.8
47,2026-08-13T00:09:53Z,KMIA,2026-08-14,high,30,90.14,0.75,88.99,90.3,91.2,88.8,91.5
48,2026-08-13T00:09:53Z,KMIA,2026-08-14,low,30,83.67,0.35,83.2,83.7,84.0,82.7,84.2
49,2026-08-13T00:09:53Z,KMSP,2026-08-12,high,30,92.33,1.15,90.78,92.5,93.81,89.6,93.9
50,2026-08-13T00:09:53Z,KMSP,2026-08-12,low,30,70.62,0.47,70.09,70.6,71.12,69.7,71.6
51,2026-08-13T00:09:53Z,KMSP,2026-08-13,high,30,84.34,3.94,80.09,83.65,89.75,79.8,91.8
52,2026-08-13T00:09:53Z,KMSP,2026-08-13,low,30,71.93,2.2,68.56,72.35,74.31,67.1,74.9
53,2026-08-13T00:09:53Z,KMSP,2026-08-14,high,30,84.18,5.85,73.7,85.6,90.17,72.9,91.2
54,2026-08-13T00:09:53Z,KMSP,2026-08-14,low,30,68.42,1.46,66.3,68.4,70.09,65.2,71.0
55,2026-08-13T00:09:53Z,KNYC,2026-08-12,high,30,89.34,0.87,88.08,89.45,90.41,87.8,90.5
56,2026-08-13T00:09:53Z,KNYC,2026-08-12,low,30,74.78,0.54,74.1,74.8,75.41,73.5,75.7
57,2026-08-13T00:09:53Z,KNYC,2026-08-13,high,30,88.74,1.51,86.95,88.9,90.38,84.7,91.3
58,2026-08-13T00:09:53Z,KNYC,2026-08-13,low,30,74.41,0.73,73.4,74.55,75.3,73.3,75.9
59,2026-08-13T00:09:53Z,KNYC,2026-08-14,high,30,88.27,2.03,85.37,88.65,90.92,83.5,91.8
60,2026-08-13T00:09:53Z,KNYC,2026-08-14,low,30,73.65,1.09,72.45,73.85,74.91,70.6,75.5
61,2026-08-13T00:09:53Z,KOKC,2026-08-12,high,30,104.14,1.94,101.48,104.35,106.5,100.6,107.8
62,2026-08-13T00:09:53Z,KOKC,2026-08-12,low,30,80.78,0.41,80.3,80.8,81.3,79.5,81.4
63,2026-08-13T00:09:53Z,KOKC,2026-08-13,high,30,106.8,2.31,103.77,106.95,109.81,101.8,110.9
64,2026-08-13T00:09:53Z,KOKC,2026-08-13,low,30,85.52,1.42,83.9,85.35,87.4,83.0,88.2
65,2026-08-13T00:09:53Z,KOKC,2026-08-14,high,30,107.09,2.77,104.18,107.3,110.07,98.4,111.3
66,2026-08-13T00:09:53Z,KOKC,2026-08-14,low,30,84.27,1.59,82.3,84.6,85.78,79.8,87.2
67,2026-08-13T00:09:53Z,KPHL,2026-08-12,high,30,87.49,1.11,86.25,87.6,88.53,83.9,89.6
68,2026-08-13T00:09:53Z,KPHL,2026-08-12,low,30,71.16,0.84,69.98,71.5,71.9,68.9,72.1
69,2026-08-13T00:09:53Z,KPHL,2026-08-13,high,30,88.28,1.51,86.73,88.2,90.3,84.5,91.1
70,2026-08-13T00:09:53Z,KPHL,2026-08-13,low,30,69.81,1.12,68.81,69.75,71.44,67.8,72.1
71,2026-08-13T00:09:53Z,KPHL,2026-08-14,high,30,87.0,2.29,84.38,87.5,89.14,80.2,90.4
72,2026-08-13T00:09:53Z,KPHL,2026-08-14,low,30,71.32,1.32,69.5,71.2,73.01,68.9,73.5
73,2026-08-13T00:09:53Z,KPHX,2026-08-12,high,30,97.87,1.3,96.28,98.0,99.51,94.9,100.9
74,2026-08-13T00:09:53Z,KPHX,2026-08-12,low,30,86.48,1.69,84.55,87.2,87.91,80.9,88.4
75,2026-08-13T00:09:53Z,KPHX,2026-08-13,high,30,99.3,1.48,97.36,99.3,101.16,96.6,102.5
76,2026-08-13T00:09:53Z,KPHX,2026-08-13,low,30,85.51,2.07,82.99,85.6,87.72,79.5,88.9
77,2026-08-13T00:09:53Z,KPHX,2026-08-14,high,30,99.59,1.48,97.61,99.7,101.17,96.6,102.0
78,2026-08-13T00:09:53Z,KPHX,2026-08-14,low,30,86.97,0.95,86.11,87.05,88.01,84.4,88.5
85,2026-08-13T00:09:53Z,KSEA,2026-08-12,high,30,78.59,1.7,76.8,79.0,80.81,73.4,81.3
86,2026-08-13T00:09:53Z,KSEA,2026-08-12,low,30,56.99,0.46,56.39,57.0,57.61,56.2,57.7
87,2026-08-13T00:09:53Z,KSEA,2026-08-13,high,30,84.43,2.11,82.09,84.4,86.61,77.5,87.7
88,2026-08-13T00:09:53Z,KSEA,2026-08-13,low,30,57.79,0.2,57.59,57.7,58.0,57.5,58.4
89,2026-08-13T00:09:53Z,KSEA,2026-08-14,high,30,82.28,3.51,78.81,82.9,84.68,72.6,91.3
90,2026-08-13T00:09:53Z,KSEA,2026-08-14,low,30,59.66,1.15,58.57,59.5,61.0,58.0,63.3
79,2026-08-13T00:09:53Z,KSFO,2026-08-12,high,30,74.59,0.62,73.98,74.75,75.21,72.9,75.6
80,2026-08-13T00:09:53Z,KSFO,2026-08-12,low,30,56.77,0.27,56.49,56.75,57.1,56.2,57.6
81,2026-08-13T00:09:53Z,KSFO,2026-08-13,high,30,71.03,2.13,68.64,71.1,73.76,67.6,74.5
82,2026-08-13T00:09:53Z,KSFO,2026-08-13,low,30,60.05,0.39,59.59,60.1,60.5,59.5,60.6
83,2026-08-13T00:09:53Z,KSFO,2026-08-14,high,30,69.73,1.17,68.18,69.8,71.31,67.8,72.5
84,2026-08-13T00:09:53Z,KSFO,2026-08-14,low,30,60.16,0.39,59.7,60.2,60.61,59.1,61.0
1,2026-08-13T03:10:52Z,KATL,2026-08-12,high,30,91.84,0.66,91.09,91.75,92.73,90.5,93.0
2,2026-08-13T03:10:52Z,KATL,2026-08-12,low,30,72.15,0.4,71.49,72.3,72.61,71.4,72.9
3,2026-08-13T03:10:52Z,KATL,2026-08-13,high,30,94.1,0.78,93.08,94.1,94.84,92.3,95.5
4,2026-08-13T03:10:52Z,KATL,2026-08-13,low,30,75.73,0.35,75.2,75.85,76.11,75.0,76.3
5,2026-08-13T03:10:52Z,KATL,2026-08-14,high,30,95.1,1.58,93.28,95.15,97.04,92.1,98.4
6,2026-08-13T03:10:52Z,KATL,2026-08-14,low,30,77.08,0.58,76.63,76.9,77.8,75.9,78.6
7,2026-08-13T03:10:52Z,KAUS,2026-08-12,high,30,102.83,2.12,100.27,102.55,105.91,99.1,106.6
8,2026-08-13T03:10:52Z,KAUS,2026-08-12,low,30,77.94,0.31,77.5,77.85,78.33,77.5,78.6
9,2026-08-13T03:10:52Z,KAUS,2026-08-13,high,30,103.75,3.04,99.68,104.15,107.32,97.1,108.4
10,2026-08-13T03:10:52Z,KAUS,2026-08-13,low,30,76.58,0.78,75.39,76.55,77.53,75.1,78.0
11,2026-08-13T03:10:52Z,KAUS,2026-08-14,high,30,101.71,1.79,99.16,101.7,104.32,98.4,105.0
12,2026-08-13T03:10:52Z,KAUS,2026-08-14,low,30,76.55,0.79,75.38,76.65,77.41,74.8,77.9
13,2026-08-13T03:10:52Z,KBOS,2026-08-12,high,30,85.02,0.53,84.38,85.15,85.71,84.0,85.8
14,2026-08-13T03:10:52Z,KBOS,2026-08-12,low,30,69.81,0.4,69.29,69.8,70.31,69.0,70.5
15,2026-08-13T03:10:52Z,KBOS,2026-08-13,high,30,83.77,2.32,80.75,83.75,86.54,77.1,87.1
16,2026-08-13T03:10:52Z,KBOS,2026-08-13,low,30,67.89,1.47,65.78,68.0,69.81,65.5,71.8
17,2026-08-13T03:10:52Z,KBOS,2026-08-14,high,30,82.32,1.92,79.76,82.25,84.52,78.3,85.2
18,2026-08-13T03:10:52Z,KBOS,2026-08-14,low,30,68.24,0.89,67.39,68.25,69.12,66.0,70.6
91,2026-08-13T03:10:52Z,KDCA,2026-08-12,high,30,89.23,1.33,87.46,89.3,91.12,86.4,91.7
92,2026-08-13T03:10:52Z,KDCA,2026-08-12,low,30,71.85,0.69,71.09,71.85,72.9,70.3,72.9
93,2026-08-13T03:10:52Z,KDCA,2026-08-13,high,30,92.9,2.15,90.2,93.4,95.21,87.3,96.4
94,2026-08-13T03:10:52Z,KDCA,2026-08-13,low,30,73.35,0.95,71.79,73.45,74.91,71.6,75.0
95,2026-08-13T03:10:52Z,KDCA,2026-08-14,high,30,85.83,4.38,80.36,85.6,91.62,78.6,94.1
96,2026-08-13T03:10:52Z,KDCA,2026-08-14,low,30,73.5,1.89,71.2,73.5,76.2,68.4,76.4
25,2026-08-13T03:10:52Z,KDEN,2026-08-12,high,30,94.22,1.33,92.68,94.5,95.4,89.4,95.8
26,2026-08-13T03:10:52Z,KDEN,2026-08-12,low,30,67.4,1.27,65.88,67.25,68.9,64.2,69.1
27,2026-08-13T03:10:52Z,KDEN,2026-08-13,high,30,80.06,4.1,74.71,80.5,84.25,69.3,88.9
28,2026-08-13T03:10:52Z,KDEN,2026-08-13,low,30,62.78,1.08,61.47,62.65,64.11,60.4,65.4
29,2026-08-13T03:10:52Z,KDEN,2026-08-14,high,30,87.07,1.96,83.88,86.95,89.25,82.5,90.7
30,2026-08-13T03:10:52Z,KDEN,2026-08-14,low,30,63.39,1.24,61.65,63.5,64.8,60.7,65.3
19,2026-08-13T03:10:52Z,KDFW,2026-08-12,high,30,102.65,1.81,100.63,102.35,105.54,99.3,106.1
20,2026-08-13T03:10:52Z,KDFW,2026-08-12,low,30,81.71,0.26,81.4,81.8,82.1,81.1,82.2
21,2026-08-13T03:10:52Z,KDFW,2026-08-13,high,30,103.98,2.39,101.11,104.35,106.41,99.2,109.0
22,2026-08-13T03:10:52Z,KDFW,2026-08-13,low,30,84.5,0.91,83.39,84.55,85.6,82.8,86.6
23,2026-08-13T03:10:52Z,KDFW,2026-08-14,high,30,104.04,2.87,100.61,104.6,107.2,96.3,108.2
24,2026-08-13T03:10:52Z,KDFW,2026-08-14,low,30,82.24,1.57,80.48,82.05,84.01,79.1,85.5
31,2026-08-13T03:10:52Z,KLAS,2026-08-12,high,30,98.53,0.81,97.48,98.5,99.62,96.9,100.2
32,2026-08-13T03:10:52Z,KLAS,2026-08-12,low,30,82.69,0.74,82.09,82.65,83.71,80.4,84.0
33,2026-08-13T03:10:52Z,KLAS,2026-08-13,high,30,95.87,1.11,94.6,95.85,97.17,93.1,98.0
34,2026-08-13T03:10:52Z,KLAS,2026-08-13,low,30,82.14,1.28,80.4,82.2,83.6,78.2,83.9
35,2026-08-13T03:10:52Z,KLAS,2026-08-14,high,30,96.9,1.07,95.69,97.05,98.2,94.7,99.3
36,2026-08-13T03:10:52Z,KLAS,2026-08-14,low,30,82.09,1.52,79.69,82.45,83.73,79.2,84.1
37,2026-08-13T03:10:52Z,KLAX,2026-08-12,high,30,77.17,0.36,76.7,77.2,77.62,76.5,78.0
38,2026-08-13T03:10:52Z,KLAX,2026-08-12,low,30,68.45,0.26,68.19,68.45,68.71,67.8,69.0
39,2026-08-13T03:10:52Z,KLAX,2026-08-13,high,30,73.6,0.71,72.7,73.6,74.5,72.0,74.9
40,2026-08-13T03:10:52Z,KLAX,2026-08-13,low,30,67.43,0.34,67.0,67.4,67.8,66.7,68.1
41,2026-08-13T03:10:52Z,KLAX,2026-08-14,high,30,74.42,0.57,73.78,74.35,75.21,73.5,75.8
42,2026-08-13T03:10:52Z,KLAX,2026-08-14,low,30,66.28,0.36,65.89,66.35,66.71,65.4,66.9
43,2026-08-13T03:10:52Z,KMIA,2026-08-12,high,30,90.76,0.48,90.2,90.75,91.4,90.1,91.6
44,2026-08-13T03:10:52Z,KMIA,2026-08-12,low,30,83.75,0.73,83.56,84.0,84.2,81.0,84.4
45,2026-08-13T03:10:52Z,KMIA,2026-08-13,high,30,90.02,0.63,89.19,90.0,90.8,88.8,91.8
46,2026-08-13T03:10:52Z,KMIA,2026-08-13,low,30,83.51,0.84,82.44,83.75,84.2,81.2,84.8
47,2026-08-13T03:10:52Z,KMIA,2026-08-14,high,30,90.14,0.75,88.99,90.3,91.2,88.8,91.5
48,2026-08-13T03:10:52Z,KMIA,2026-08-14,low,30,83.67,0.35,83.2,83.7,84.0,82.7,84.2
49,2026-08-13T03:10:52Z,KMSY,2026-08-12,high,30,95.66,0.79,94.67,95.6,96.72,94.4,97.2
50,2026-08-13T03:10:52Z,KMSY,2026-08-12,low,30,77.36,0.21,77.2,77.3,77.7,77.0,77.9
51,2026-08-13T03:10:52Z,KMSY,2026-08-13,high,30,96.6,2.17,93.76,96.9,99.13,91.7,99.9
52,2026-08-13T03:10:52Z,KMSY,2026-08-13,low,30,77.07,0.32,76.7,77.0,77.41,76.6,78.2
53,2026-08-13T03:10:52Z,KMSY,2026-08-14,high,30,100.54,1.69,99.18,100.5,102.83,95.6,103.6
54,2026-08-13T03:10:52Z,KMSY,2026-08-14,low,30,74.33,0.79,73.3,74.3,75.5,72.7,76.1
55,2026-08-13T03:10:52Z,KNYC,2026-08-12,high,30,89.34,0.87,88.08,89.45,90.41,87.8,90.5
56,2026-08-13T03:10:52Z,KNYC,2026-08-12,low,30,74.78,0.54,74.1,74.8,75.41,73.5,75.7
57,2026-08-13T03:10:52Z,KNYC,2026-08-13,high,30,88.74,1.51,86.95,88.9,90.38,84.7,91.3
58,2026-08-13T03:10:52Z,KNYC,2026-08-13,low,30,74.41,0.73,73.4,74.55,75.3,73.3,75.9
59,2026-08-13T03:10:52Z,KNYC,2026-08-14,high,30,88.27,2.03,85.37,88.65,90.92,83.5,91.8
60,2026-08-13T03:10:52Z,KNYC,2026-08-14,low,30,73.65,1.09,72.45,73.85,74.91,70.6,75.5
61,2026-08-13T03:10:52Z,KOKC,2026-08-12,high,30,104.14,1.94,101.48,104.35,106.5,100.6,107.8
62,2026-08-13T03:10:52Z,KOKC,2026-08-12,low,30,80.78,0.41,80.3,80.8,81.3,79.5,81.4
63,2026-08-13T03:10:52Z,KOKC,2026-08-13,high,30,106.8,2.31,103.77,106.95,109.81,101.8,110.9
64,2026-08-13T03:10:52Z,KOKC,2026-08-13,low,30,85.52,1.42,83.9,85.35,87.4,83.0,88.2
65,2026-08-13T03:10:52Z,KOKC,2026-08-14,high,30,107.09,2.77,104.18,107.3,110.07,98.4,111.3
66,2026-08-13T03:10:52Z,KOKC,2026-08-14,low,30,84.27,1.59,82.3,84.6,85.78,79.8,87.2
67,2026-08-13T03:10:52Z,KPHX,2026-08-12,high,30,97.87,1.3,96.28,98.0,99.51,94.9,100.9
68,2026-08-13T03:10:52Z,KPHX,2026-08-12,low,30,86.48,1.69,84.55,87.2,87.91,80.9,88.4
69,2026-08-13T03:10:52Z,KPHX,2026-08-13,high,30,99.3,1.48,97.36,99.3,101.16,96.6,102.5
70,2026-08-13T03:10:52Z,KPHX,2026-08-13,low,30,85.51,2.07,82.99,85.6,87.72,79.5,88.9
71,2026-08-13T03:10:52Z,KPHX,2026-08-14,high,30,99.59,1.48,97.61,99.7,101.17,96.6,102.0
72,2026-08-13T03:10:52Z,KPHX,2026-08-14,low,30,86.97,0.95,86.11,87.05,88.01,84.4,88.5
73,2026-08-13T03:10:52Z,KSAT,2026-08-12,high,30,101.1,2.01,98.92,100.35,104.0,97.6,104.9
74,2026-08-13T03:10:52Z,KSAT,2026-08-12,low,30,77.07,0.31,76.7,77.1,77.4,76.5,78.0
75,2026-08-13T03:10:52Z,KSAT,2026-08-13,high,30,101.07,3.07,96.74,101.7,104.71,94.9,106.0
76,2026-08-13T03:10:52Z,KSAT,2026-08-13,low,30,75.03,0.64,74.18,75.0,75.74,73.8,76.5
77,2026-08-13T03:10:52Z,KSAT,2026-08-14,high,30,99.44,1.6,97.71,99.45,101.52,96.0,102.5
78,2026-08-13T03:10:52Z,KSAT,2026-08-14,low,30,76.02,0.83,75.29,75.85,77.32,74.4,78.2
85,2026-08-13T03:10:52Z,KSEA,2026-08-12,high,30,78.59,1.7,76.8,79.0,80.81,73.4,81.3
86,2026-08-13T03:10:52Z,KSEA,2026-08-12,low,30,56.99,0.46,56.39,57.0,57.61,56.2,57.7
87,2026-08-13T03:10:52Z,KSEA,2026-08-13,high,30,84.43,2.11,82.09,84.4,86.61,77.5,87.7
88,2026-08-13T03:10:52Z,KSEA,2026-08-13,low,30,57.79,0.2,57.59,57.7,58.0,57.5,58.4
89,2026-08-13T03:10:52Z,KSEA,2026-08-14,high,30,82.28,3.51,78.81,82.9,84.68,72.6,91.3
90,2026-08-13T03:10:52Z,KSEA,2026-08-14,low,30,59.66,1.15,58.57,59.5,61.0,58.0,63.3
79,2026-08-13T03:10:52Z,KSFO,2026-08-12,high,30,74.59,0.62,73.98,74.75,75.21,72.9,75.6
80,2026-08-13T03:10:52Z,KSFO,2026-08-12,low,30,56.77,0.27,56.49,56.75,57.1,56.2,57.6
81,2026-08-13T03:10:52Z,KSFO,2026-08-13,high,30,71.03,2.13,68.64,71.1,73.76,67.6,74.5
82,2026-08-13T03:10:52Z,KSFO,2026-08-13,low,30,60.05,0.39,59.59,60.1,60.5,59.5,60.6
83,2026-08-13T03:10:52Z,KSFO,2026-08-14,high,30,69.73,1.17,68.18,69.8,71.31,67.8,72.5
84,2026-08-13T03:10:52Z,KSFO,2026-08-14,low,30,60.16,0.39,59.7,60.2,60.61,59.1,61.0
1,2026-08-13T05:19:40Z,KATL,2026-08-13,high,30,94.1,0.78,93.08,94.1,94.84,92.3,95.5
2,2026-08-13T05:19:40Z,KATL,2026-08-13,low,30,75.73,0.35,75.2,75.85,76.11,75.0,76.3
3,2026-08-13T05:19:40Z,KATL,2026-08-14,high,30,95.1,1.58,93.28,95.15,97.04,92.1,98.4
4,2026-08-13T05:19:40Z,KATL,2026-08-14,low,30,77.08,0.58,76.63,76.9,77.8,75.9,78.6
5,2026-08-13T05:19:40Z,KATL,2026-08-15,high,30,96.63,2.74,94.13,96.7,100.02,88.5,101.5
6,2026-08-13T05:19:40Z,KATL,2026-08-15,low,30,77.74,1.24,76.08,78.0,79.4,74.7,79.5
7,2026-08-13T05:19:40Z,KAUS,2026-08-13,high,30,103.75,3.04,99.68,104.15,107.32,97.1,108.4
8,2026-08-13T05:19:40Z,KAUS,2026-08-13,low,30,76.58,0.78,75.39,76.55,77.53,75.1,78.0
9,2026-08-13T05:19:40Z,KAUS,2026-08-14,high,30,101.71,1.79,99.16,101.7,104.32,98.4,105.0
10,2026-08-13T05:19:40Z,KAUS,2026-08-14,low,30,76.55,0.79,75.38,76.65,77.41,74.8,77.9
11,2026-08-13T05:19:40Z,KAUS,2026-08-15,high,30,103.8,2.63,101.4,104.25,106.23,94.5,108.6
12,2026-08-13T05:19:40Z,KAUS,2026-08-15,low,30,77.73,0.47,77.08,77.8,78.22,76.6,78.7
13,2026-08-13T05:19:40Z,KBOS,2026-08-13,high,30,83.77,2.32,80.75,83.75,86.54,77.1,87.1
14,2026-08-13T05:19:40Z,KBOS,2026-08-13,low,30,67.89,1.47,65.78,68.0,69.81,65.5,71.8
15,2026-08-13T05:19:40Z,KBOS,2026-08-14,high,30,82.32,1.92,79.76,82.25,84.52,78.3,85.2
16,2026-08-13T05:19:40Z,KBOS,2026-08-14,low,30,68.24,0.89,67.39,68.25,69.12,66.0,70.6
17,2026-08-13T05:19:40Z,KBOS,2026-08-15,high,30,79.52,2.36,76.96,79.1,82.02,73.6,84.5
18,2026-08-13T05:19:40Z,KBOS,2026-08-15,low,30,65.26,1.68,62.88,65.15,67.2,62.6,69.1
91,2026-08-13T05:19:40Z,KDCA,2026-08-13,high,30,92.9,2.15,90.2,93.4,95.21,87.3,96.4
92,2026-08-13T05:19:40Z,KDCA,2026-08-13,low,30,73.35,0.95,71.79,73.45,74.91,71.6,75.0
93,2026-08-13T05:19:40Z,KDCA,2026-08-14,high,30,85.83,4.38,80.36,85.6,91.62,78.6,94.1
94,2026-08-13T05:19:40Z,KDCA,2026-08-14,low,30,73.5,1.89,71.2,73.5,76.2,68.4,76.4
95,2026-08-13T05:19:40Z,KDCA,2026-08-15,high,30,86.52,3.71,81.27,87.15,90.61,77.6,92.1
96,2026-08-13T05:19:40Z,KDCA,2026-08-15,low,30,70.71,1.77,68.57,70.9,72.62,65.4,74.9
25,2026-08-13T05:19:40Z,KDEN,2026-08-12,high,30,94.22,1.33,92.68,94.5,95.4,89.4,95.8
26,2026-08-13T05:19:40Z,KDEN,2026-08-12,low,30,67.4,1.27,65.88,67.25,68.9,64.2,69.1
27,2026-08-13T05:19:40Z,KDEN,2026-08-13,high,30,80.06,4.1,74.71,80.5,84.25,69.3,88.9
28,2026-08-13T05:19:40Z,KDEN,2026-08-13,low,30,62.78,1.08,61.47,62.65,64.11,60.4,65.4
29,2026-08-13T05:19:40Z,KDEN,2026-08-14,high,30,87.07,1.96,83.88,86.95,89.25,82.5,90.7
30,2026-08-13T05:19:40Z,KDEN,2026-08-14,low,30,63.39,1.24,61.65,63.5,64.8,60.7,65.3
19,2026-08-13T05:19:40Z,KDFW,2026-08-13,high,30,103.98,2.39,101.11,104.35,106.41,99.2,109.0
20,2026-08-13T05:19:40Z,KDFW,2026-08-13,low,30,84.5,0.91,83.39,84.55,85.6,82.8,86.6
21,2026-08-13T05:19:40Z,KDFW,2026-08-14,high,30,104.04,2.87,100.61,104.6,107.2,96.3,108.2
22,2026-08-13T05:19:40Z,KDFW,2026-08-14,low,30,82.24,1.57,80.48,82.05,84.01,79.1,85.5
23,2026-08-13T05:19:40Z,KDFW,2026-08-15,high,30,104.33,3.13,101.63,104.6,107.45,94.4,108.1
24,2026-08-13T05:19:40Z,KDFW,2026-08-15,low,30,84.81,1.12,83.56,84.9,86.02,81.9,86.6
31,2026-08-13T05:19:40Z,KIAH,2026-08-13,high,30,99.54,1.99,96.84,99.7,101.73,94.4,103.8
32,2026-08-13T05:19:40Z,KIAH,2026-08-13,low,30,80.85,0.42,80.49,80.75,81.33,80.3,82.1
33,2026-08-13T05:19:40Z,KIAH,2026-08-14,high,30,98.52,1.77,96.42,98.75,100.26,92.8,101.5
34,2026-08-13T05:19:40Z,KIAH,2026-08-14,low,30,80.43,0.73,79.67,80.25,81.32,79.3,81.7
35,2026-08-13T05:19:40Z,KIAH,2026-08-15,high,30,101.21,2.44,98.73,101.3,104.5,95.0,105.2
36,2026-08-13T05:19:40Z,KIAH,2026-08-15,low,30,81.03,0.83,79.9,81.05,82.01,79.2,82.9
37,2026-08-13T05:19:40Z,KLAX,2026-08-12,high,30,77.17,0.36,76.7,77.2,77.62,76.5,78.0
38,2026-08-13T05:19:40Z,KLAX,2026-08-12,low,30,68.45,0.26,68.19,68.45,68.71,67.8,69.0
39,2026-08-13T05:19:40Z,KLAX,2026-08-13,high,30,73.6,0.71,72.7,73.6,74.5,72.0,74.9
40,2026-08-13T05:19:40Z,KLAX,2026-08-13,low,30,67.43,0.34,67.0,67.4,67.8,66.7,68.1
41,2026-08-13T05:19:40Z,KLAX,2026-08-14,high,30,74.42,0.57,73.78,74.35,75.21,73.5,75.8
42,2026-08-13T05:19:40Z,KLAX,2026-08-14,low,30,66.28,0.36,65.89,66.35,66.71,65.4,66.9
43,2026-08-13T05:19:40Z,KMIA,2026-08-13,high,30,90.02,0.63,89.19,90.0,90.8,88.8,91.8
44,2026-08-13T05:19:40Z,KMIA,2026-08-13,low,30,83.51,0.84,82.44,83.75,84.2,81.2,84.8
45,2026-08-13T05:19:40Z,KMIA,2026-08-14,high,30,90.14,0.75,88.99,90.3,91.2,88.8,91.5
46,2026-08-13T05:19:40Z,KMIA,2026-08-14,low,30,83.67,0.35,83.2,83.7,84.0,82.7,84.2
47,2026-08-13T05:19:40Z,KMIA,2026-08-15,high,30,89.02,1.2,87.13,89.4,90.1,85.9,90.4
48,2026-08-13T05:19:40Z,KMIA,2026-08-15,low,30,83.59,0.82,82.57,83.65,84.6,82.1,85.6
49,2026-08-13T05:19:40Z,KMSP,2026-08-13,high,30,84.34,3.94,80.09,83.65,89.75,79.8,91.8
50,2026-08-13T05:19:40Z,KMSP,2026-08-13,low,30,71.93,2.2,68.56,72.35,74.31,67.1,74.9
51,2026-08-13T05:19:40Z,KMSP,2026-08-14,high,30,84.18,5.85,73.7,85.6,90.17,72.9,91.2
52,2026-08-13T05:19:40Z,KMSP,2026-08-14,low,30,68.42,1.46,66.3,68.4,70.09,65.2,71.0
53,2026-08-13T05:19:40Z,KMSP,2026-08-15,high,30,86.3,4.55,79.97,86.6,91.76,75.7,94.1
54,2026-08-13T05:19:40Z,KMSP,2026-08-15,low,30,70.61,2.11,68.17,70.65,73.3,65.2,74.0
55,2026-08-13T05:19:40Z,KNYC,2026-08-13,high,30,88.74,1.51,86.95,88.9,90.38,84.7,91.3
56,2026-08-13T05:19:40Z,KNYC,2026-08-13,low,30,74.41,0.73,73.4,74.55,75.3,73.3,75.9
57,2026-08-13T05:19:40Z,KNYC,2026-08-14,high,30,88.27,2.03,85.37,88.65,90.92,83.5,91.8
58,2026-08-13T05:19:40Z,KNYC,2026-08-14,low,30,73.65,1.09,72.45,73.85,74.91,70.6,75.5
59,2026-08-13T05:19:40Z,KNYC,2026-08-15,high,30,85.45,2.66,81.95,86.0,87.85,77.5,89.9
60,2026-08-13T05:19:40Z,KNYC,2026-08-15,low,30,70.53,2.24,67.37,70.2,73.51,66.1,76.0
61,2026-08-13T05:19:40Z,KOKC,2026-08-13,high,30,106.8,2.31,103.77,106.95,109.81,101.8,110.9
62,2026-08-13T05:19:40Z,KOKC,2026-08-13,low,30,85.52,1.42,83.9,85.35,87.4,83.0,88.2
63,2026-08-13T05:19:40Z,KOKC,2026-08-14,high,30,107.09,2.77,104.18,107.3,110.07,98.4,111.3
64,2026-08-13T05:19:40Z,KOKC,2026-08-14,low,30,84.27,1.59,82.3,84.6,85.78,79.8,87.2
65,2026-08-13T05:19:40Z,KOKC,2026-08-15,high,30,105.85,3.01,102.63,106.4,109.14,97.7,111.8
66,2026-08-13T05:19:40Z,KOKC,2026-08-15,low,30,84.69,1.56,82.8,85.05,86.42,80.8,88.5
67,2026-08-13T05:19:40Z,KPHL,2026-08-13,high,30,88.28,1.51,86.73,88.2,90.3,84.5,91.1
68,2026-08-13T05:19:40Z,KPHL,2026-08-13,low,30,69.81,1.12,68.81,69.75,71.44,67.8,72.1
69,2026-08-13T05:19:40Z,KPHL,2026-08-14,high,30,87.0,2.29,84.38,87.5,89.14,80.2,90.4
70,2026-08-13T05:19:40Z,KPHL,2026-08-14,low,30,71.32,1.32,69.5,71.2,73.01,68.9,73.5
71,2026-08-13T05:19:40Z,KPHL,2026-08-15,high,30,86.47,2.75,83.53,87.0,89.02,77.7,89.6
72,2026-08-13T05:19:40Z,KPHL,2026-08-15,low,30,67.79,2.03,65.88,67.7,70.11,61.7,71.4
73,2026-08-13T05:19:40Z,KPHX,2026-08-12,high,30,97.87,1.3,96.28,98.0,99.51,94.9,100.9
74,2026-08-13T05:19:40Z,KPHX,2026-08-12,low,30,86.48,1.69,84.55,87.2,87.91,80.9,88.4
75,2026-08-13T05:19:40Z,KPHX,2026-08-13,high,30,99.3,1.48,97.36,99.3,101.16,96.6,102.5
76,2026-08-13T05:19:40Z,KPHX,2026-08-13,low,30,85.51,2.07,82.99,85.6,87.72,79.5,88.9
77,2026-08-13T05:19:40Z,KPHX,2026-08-14,high,30,99.59,1.48,97.61,99.7,101.17,96.6,102.0
78,2026-08-13T05:19:40Z,KPHX,2026-08-14,low,30,86.97,0.95,86.11,87.05,88.01,84.4,88.5
79,2026-08-13T05:19:40Z,KSAT,2026-08-13,high,30,101.07,3.07,96.74,101.7,104.71,94.9,106.0
80,2026-08-13T05:19:40Z,KSAT,2026-08-13,low,30,75.03,0.64,74.18,75.0,75.74,73.8,76.5
81,2026-08-13T05:19:40Z,KSAT,2026-08-14,high,30,99.44,1.6,97.71,99.45,101.52,96.0,102.5
82,2026-08-13T05:19:40Z,KSAT,2026-08-14,low,30,76.02,0.83,75.29,75.85,77.32,74.4,78.2
83,2026-08-13T05:19:40Z,KSAT,2026-08-15,high,30,100.69,2.47,97.99,100.9,102.84,92.5,106.3
84,2026-08-13T05:19:40Z,KSAT,2026-08-15,low,30,76.66,0.55,76.0,76.6,77.51,75.4,77.6
85,2026-08-13T05:19:40Z,KSFO,2026-08-12,high,30,74.59,0.62,73.98,74.75,75.21,72.9,75.6
86,2026-08-13T05:19:40Z,KSFO,2026-08-12,low,30,56.77,0.27,56.49,56.75,57.1,56.2,57.6
87,2026-08-13T05:19:40Z,KSFO,2026-08-13,high,30,71.03,2.13,68.64,71.1,73.76,67.6,74.5
88,2026-08-13T05:19:40Z,KSFO,2026-08-13,low,30,60.05,0.39,59.59,60.1,60.5,59.5,60.6
89,2026-08-13T05:19:40Z,KSFO,2026-08-14,high,30,69.73,1.17,68.18,69.8,71.31,67.8,72.5
90,2026-08-13T05:19:40Z,KSFO,2026-08-14,low,30,60.16,0.39,59.7,60.2,60.61,59.1,61.0
1,2026-08-13T06:59:53Z,KATL,2026-08-13,high,30,94.3,0.81,93.48,94.0,95.51,93.0,95.8
2,2026-08-13T06:59:53Z,KATL,2026-08-13,low,30,75.17,0.42,74.7,75.1,75.7,74.4,76.4
3,2026-08-13T06:59:53Z,KATL,2026-08-14,high,30,95.76,1.16,94.37,95.5,97.24,93.9,99.0
4,2026-08-13T06:59:53Z,KATL,2026-08-14,low,30,77.51,0.44,76.99,77.45,78.2,76.6,78.3
5,2026-08-13T06:59:53Z,KATL,2026-08-15,high,30,96.53,2.5,94.08,96.2,100.17,92.1,103.8
6,2026-08-13T06:59:53Z,KATL,2026-08-15,low,30,78.32,0.73,77.48,78.4,79.21,76.6,79.5
7,2026-08-13T06:59:53Z,KAUS,2026-08-13,high,30,103.56,3.61,98.42,104.3,108.8,96.2,109.8
8,2026-08-13T06:59:53Z,KAUS,2026-08-13,low,30,77.32,0.7,76.4,77.4,78.22,76.0,78.5
9,2026-08-13T06:59:53Z,KAUS,2026-08-14,high,30,100.98,1.95,97.99,101.15,103.01,97.0,105.6
10,2026-08-13T06:59:53Z,KAUS,2026-08-14,low,30,76.87,0.85,75.6,76.95,77.83,75.3,78.7
11,2026-08-13T06:59:53Z,KAUS,2026-08-15,high,30,103.53,3.2,98.77,104.3,106.66,95.1,108.8
12,2026-08-13T06:59:53Z,KAUS,2026-08-15,low,30,77.7,0.59,77.1,77.65,78.31,76.7,79.6
13,2026-08-13T06:59:53Z,KBOS,2026-08-13,high,30,83.13,1.74,80.78,83.1,85.14,79.6,86.2
14,2026-08-13T06:59:53Z,KBOS,2026-08-13,low,30,67.29,1.48,65.68,67.25,69.14,64.9,71.9
15,2026-08-13T06:59:53Z,KBOS,2026-08-14,high,30,82.39,2.21,79.35,82.9,84.84,77.6,85.7
16,2026-08-13T06:59:53Z,KBOS,2026-08-14,low,30,67.97,0.85,66.98,68.05,69.14,66.3,69.7
17,2026-08-13T06:59:53Z,KBOS,2026-08-15,high,30,79.45,2.69,76.21,79.85,82.61,73.9,83.4
18,2026-08-13T06:59:53Z,KBOS,2026-08-15,low,30,65.04,1.53,63.22,64.8,66.71,61.9,68.6
97,2026-08-13T06:59:53Z,KDCA,2026-08-13,high,30,91.94,2.05,89.38,91.55,94.55,88.3,96.9
98,2026-08-13T06:59:53Z,KDCA,2026-08-13,low,30,73.51,0.75,72.68,73.5,74.42,71.7,75.3
99,2026-08-13T06:59:53Z,KDCA,2026-08-14,high,30,86.62,4.79,80.24,87.15,92.94,77.8,94.4
100,2026-08-13T06:59:53Z,KDCA,2026-08-14,low,30,73.69,1.84,71.44,73.8,75.58,69.9,77.9
101,2026-08-13T06:59:53Z,KDCA,2026-08-15,high,30,84.16,4.87,76.18,85.35,88.91,74.1,93.0
102,2026-08-13T06:59:53Z,KDCA,2026-08-15,low,30,70.38,1.99,68.1,70.4,72.81,65.8,73.6
25,2026-08-13T06:59:53Z,KDEN,2026-08-13,high,30,81.61,2.83,78.38,81.9,84.75,75.6,88.0
26,2026-08-13T06:59:53Z,KDEN,2026-08-13,low,30,61.62,0.95,60.49,61.45,63.01,60.2,63.9
27,2026-08-13T06:59:53Z,KDEN,2026-08-14,high,30,87.27,1.51,85.26,87.3,89.2,84.4,90.0
28,2026-08-13T06:59:53Z,KDEN,2026-08-14,low,30,63.11,1.04,61.94,63.1,64.42,61.1,65.3
29,2026-08-13T06:59:53Z,KDEN,2026-08-15,high,30,84.95,2.41,81.35,85.4,87.62,79.3,88.8
30,2026-08-13T06:59:53Z,KDEN,2026-08-15,low,30,63.23,1.56,61.11,63.25,65.5,60.0,65.7
19,2026-08-13T06:59:53Z,KDFW,2026-08-13,high,30,103.64,2.75,99.55,103.9,107.54,98.6,108.5
20,2026-08-13T06:59:53Z,KDFW,2026-08-13,low,30,84.2,0.55,83.39,84.2,84.9,83.2,85.3
21,2026-08-13T06:59:53Z,KDFW,2026-08-14,high,30,103.18,3.37,98.33,103.85,106.79,94.7,108.4
22,2026-08-13T06:59:53Z,KDFW,2026-08-14,low,30,81.84,1.61,80.0,81.55,84.31,78.8,84.9
23,2026-08-13T06:59:53Z,KDFW,2026-08-15,high,30,103.54,2.99,99.62,104.2,107.12,95.9,107.5
24,2026-08-13T06:59:53Z,KDFW,2026-08-15,low,30,84.12,1.31,82.56,84.25,85.61,80.4,86.3
31,2026-08-13T06:59:53Z,KIAH,2026-08-13,high,30,99.32,2.04,96.38,99.6,101.91,95.7,103.1
32,2026-08-13T06:59:53Z,KIAH,2026-08-13,low,30,81.62,0.2,81.39,81.6,81.9,81.2,82.1
33,2026-08-13T06:59:53Z,KIAH,2026-08-14,high,30,97.58,1.94,94.56,97.65,99.73,93.8,101.3
34,2026-08-13T06:59:53Z,KIAH,2026-08-14,low,30,80.86,0.66,80.08,80.7,81.6,79.8,82.4
35,2026-08-13T06:59:53Z,KIAH,2026-08-15,high,30,100.4,2.63,96.11,100.9,102.92,93.0,103.8
36,2026-08-13T06:59:53Z,KIAH,2026-08-15,low,30,81.3,0.72,80.39,81.35,82.2,79.5,82.5
37,2026-08-13T06:59:53Z,KLAS,2026-08-13,high,30,95.28,0.87,94.08,95.3,96.41,93.5,97.3
38,2026-08-13T06:59:53Z,KLAS,2026-08-13,low,30,81.46,1.56,79.54,81.95,83.12,77.0,83.7
39,2026-08-13T06:59:53Z,KLAS,2026-08-14,high,30,96.67,1.24,95.09,96.65,98.51,94.8,99.3
40,2026-08-13T06:59:53Z,KLAS,2026-08-14,low,30,82.6,1.32,80.61,83.05,84.0,79.7,84.6
41,2026-08-13T06:59:53Z,KLAS,2026-08-15,high,30,97.66,1.75,95.99,98.05,99.41,90.7,99.6
42,2026-08-13T06:59:53Z,KLAS,2026-08-15,low,30,81.03,1.28,79.52,81.25,82.32,77.2,83.4
43,2026-08-13T06:59:53Z,KMIA,2026-08-13,high,30,90.71,0.75,89.79,90.8,91.5,88.6,91.8
44,2026-08-13T06:59:53Z,KMIA,2026-08-13,low,30,83.39,0.56,82.89,83.45,83.91,81.7,84.5
45,2026-08-13T06:59:53Z,KMIA,2026-08-14,high,30,89.95,0.66,88.98,90.0,90.8,88.7,90.9
46,2026-08-13T06:59:53Z,KMIA,2026-08-14,low,30,83.65,0.37,83.19,83.6,84.2,83.1,84.5
47,2026-08-13T06:59:53Z,KMIA,2026-08-15,high,30,89.18,0.91,88.23,89.4,90.31,86.7,90.8
48,2026-08-13T06:59:53Z,KMIA,2026-08-15,low,30,83.17,1.41,81.76,83.45,84.41,78.2,85.3
49,2026-08-13T06:59:53Z,KMSP,2026-08-13,high,30,85.74,4.22,78.8,85.95,91.12,78.6,91.5
50,2026-08-13T06:59:53Z,KMSP,2026-08-13,low,30,73.1,0.78,71.99,73.15,74.01,71.5,74.4
51,2026-08-13T06:59:53Z,KMSP,2026-08-14,high,30,82.85,5.24,77.01,82.45,89.45,75.6,93.6
52,2026-08-13T06:59:53Z,KMSP,2026-08-14,low,30,68.94,1.22,67.48,69.1,70.51,66.1,71.8
53,2026-08-13T06:59:53Z,KMSP,2026-08-15,high,30,82.44,6.33,73.99,85.0,89.21,70.7,92.4
54,2026-08-13T06:59:53Z,KMSP,2026-08-15,low,30,69.22,2.95,65.98,69.95,72.6,60.8,74.0
55,2026-08-13T06:59:53Z,KMSY,2026-08-13,high,30,96.72,2.0,93.87,97.2,99.03,92.9,100.5
56,2026-08-13T06:59:53Z,KMSY,2026-08-13,low,30,77.44,0.36,77.1,77.35,77.81,76.7,78.6
57,2026-08-13T06:59:53Z,KMSY,2026-08-14,high,30,100.2,1.59,97.99,100.4,102.51,96.3,103.4
58,2026-08-13T06:59:53Z,KMSY,2026-08-14,low,30,74.99,0.94,73.7,75.0,75.93,72.7,77.2
59,2026-08-13T06:59:53Z,KMSY,2026-08-15,high,30,99.32,2.07,97.11,99.25,102.01,94.3,102.2
60,2026-08-13T06:59:53Z,KMSY,2026-08-15,low,30,75.66,0.71,74.8,75.8,76.61,74.0,76.9
61,2026-08-13T06:59:53Z,KOKC,2026-08-13,high,30,106.92,2.72,103.39,107.3,110.12,100.6,111.8
62,2026-08-13T06:59:53Z,KOKC,2026-08-13,low,30,83.83,1.03,82.2,84.05,84.92,81.7,85.9
63,2026-08-13T06:59:53Z,KOKC,2026-08-14,high,30,106.77,2.98,101.8,107.5,110.0,101.1,112.5
64,2026-08-13T06:59:53Z,KOKC,2026-08-14,low,30,84.4,1.71,81.39,84.55,86.24,80.8,87.2
65,2026-08-13T06:59:53Z,KOKC,2026-08-15,high,30,105.03,2.6,102.19,105.0,108.07,99.0,111.1
66,2026-08-13T06:59:53Z,KOKC,2026-08-15,low,30,83.99,1.96,81.15,84.4,86.33,80.0,87.1
67,2026-08-13T06:59:53Z,KPHL,2026-08-13,high,30,87.72,1.45,85.69,87.75,89.92,85.3,90.4
68,2026-08-13T06:59:53Z,KPHL,2026-08-13,low,30,69.77,0.89,68.67,69.95,70.73,67.6,71.6
69,2026-08-13T06:59:53Z,KPHL,2026-08-14,high,30,86.11,3.33,83.2,86.2,89.9,75.5,91.0
70,2026-08-13T06:59:53Z,KPHL,2026-08-14,low,30,70.53,1.53,68.87,70.55,72.83,68.3,74.1
71,2026-08-13T06:59:53Z,KPHL,2026-08-15,high,30,85.72,2.79,81.98,86.6,88.3,77.5,89.5
72,2026-08-13T06:59:53Z,KPHL,2026-08-15,low,30,67.78,1.77,65.85,67.4,69.73,63.3,71.8
73,2026-08-13T06:59:53Z,KPHX,2026-08-13,high,30,99.17,1.39,97.19,99.5,100.61,95.7,101.4
74,2026-08-13T06:59:53Z,KPHX,2026-08-13,low,30,85.77,1.41,83.88,85.95,87.21,81.8,87.6
75,2026-08-13T06:59:53Z,KPHX,2026-08-14,high,30,99.53,1.37,97.49,99.85,101.1,96.2,101.8
76,2026-08-13T06:59:53Z,KPHX,2026-08-14,low,30,86.94,1.07,85.7,86.8,88.14,84.3,89.2
77,2026-08-13T06:59:53Z,KPHX,2026-08-15,high,30,102.92,1.61,100.59,103.3,104.6,99.9,105.8
78,2026-08-13T06:59:53Z,KPHX,2026-08-15,low,30,89.34,0.73,88.49,89.4,90.3,87.9,90.8
79,2026-08-13T06:59:53Z,KSAT,2026-08-13,high,30,101.09,3.55,96.2,101.65,105.5,93.4,107.0
80,2026-08-13T06:59:53Z,KSAT,2026-08-13,low,30,75.94,0.73,75.1,75.95,76.81,74.7,77.5
81,2026-08-13T06:59:53Z,KSAT,2026-08-14,high,30,99.37,2.23,95.96,99.35,102.71,95.1,103.2
82,2026-08-13T06:59:53Z,KSAT,2026-08-14,low,30,76.07,0.95,75.07,76.0,77.31,74.2,78.0
83,2026-08-13T06:59:53Z,KSAT,2026-08-15,high,30,100.89,3.18,96.81,100.85,104.41,92.7,105.6
84,2026-08-13T06:59:53Z,KSAT,2026-08-15,low,30,76.75,0.77,75.79,76.85,77.82,75.5,78.3
91,2026-08-13T06:59:53Z,KSEA,2026-08-13,high,30,84.42,1.45,82.3,84.7,86.22,81.2,86.8
92,2026-08-13T06:59:53Z,KSEA,2026-08-13,low,30,57.83,0.35,57.4,57.75,58.4,57.3,58.7
93,2026-08-13T06:59:53Z,KSEA,2026-08-14,high,30,82.43,3.73,78.37,83.45,86.39,74.0,88.4
94,2026-08-13T06:59:53Z,KSEA,2026-08-14,low,30,59.15,0.99,58.09,58.85,60.4,57.7,61.6
95,2026-08-13T06:59:53Z,KSEA,2026-08-15,high,30,81.78,2.64,77.65,81.85,84.51,77.0,86.9
96,2026-08-13T06:59:53Z,KSEA,2026-08-15,low,30,57.14,1.03,55.98,57.0,58.45,55.2,59.6
85,2026-08-13T06:59:53Z,KSFO,2026-08-13,high,30,70.17,1.62,68.4,69.75,72.45,67.8,74.6
86,2026-08-13T06:59:53Z,KSFO,2026-08-13,low,30,59.68,0.45,59.19,59.6,60.3,58.8,60.6
87,2026-08-13T06:59:53Z,KSFO,2026-08-14,high,30,69.37,1.31,67.89,69.45,71.07,67.4,72.4
88,2026-08-13T06:59:53Z,KSFO,2026-08-14,low,30,59.91,0.57,59.18,59.95,60.51,58.7,61.1
89,2026-08-13T06:59:53Z,KSFO,2026-08-15,high,30,71.34,1.76,68.58,71.6,73.06,67.4,75.4
90,2026-08-13T06:59:53Z,KSFO,2026-08-15,low,30,58.91,0.56,58.19,58.9,59.61,57.5,60.1
1,2026-08-13T08:38:06Z,KATL,2026-08-13,high,30,94.3,0.81,93.48,94.0,95.51,93.0,95.8
2,2026-08-13T08:38:06Z,KATL,2026-08-13,low,30,75.17,0.42,74.7,75.1,75.7,74.4,76.4
3,2026-08-13T08:38:06Z,KATL,2026-08-14,high,30,95.76,1.16,94.37,95.5,97.24,93.9,99.0
4,2026-08-13T08:38:06Z,KATL,2026-08-14,low,30,77.51,0.44,76.99,77.45,78.2,76.6,78.3
5,2026-08-13T08:38:06Z,KATL,2026-08-15,high,30,96.53,2.5,94.08,96.2,100.17,92.1,103.8
6,2026-08-13T08:38:06Z,KATL,2026-08-15,low,30,78.32,0.73,77.48,78.4,79.21,76.6,79.5
7,2026-08-13T08:38:06Z,KAUS,2026-08-13,high,30,103.56,3.61,98.42,104.3,108.8,96.2,109.8
8,2026-08-13T08:38:06Z,KAUS,2026-08-13,low,30,77.32,0.7,76.4,77.4,78.22,76.0,78.5
9,2026-08-13T08:38:06Z,KAUS,2026-08-14,high,30,100.98,1.95,97.99,101.15,103.01,97.0,105.6
10,2026-08-13T08:38:06Z,KAUS,2026-08-14,low,30,76.87,0.85,75.6,76.95,77.83,75.3,78.7
11,2026-08-13T08:38:06Z,KAUS,2026-08-15,high,30,103.53,3.2,98.77,104.3,106.66,95.1,108.8
12,2026-08-13T08:38:06Z,KAUS,2026-08-15,low,30,77.7,0.59,77.1,77.65,78.31,76.7,79.6
13,2026-08-13T08:38:06Z,KBOS,2026-08-13,high,30,83.13,1.74,80.78,83.1,85.14,79.6,86.2
14,2026-08-13T08:38:06Z,KBOS,2026-08-13,low,30,67.29,1.48,65.68,67.25,69.14,64.9,71.9
15,2026-08-13T08:38:06Z,KBOS,2026-08-14,high,30,82.39,2.21,79.35,82.9,84.84,77.6,85.7
16,2026-08-13T08:38:06Z,KBOS,2026-08-14,low,30,67.97,0.85,66.98,68.05,69.14,66.3,69.7
17,2026-08-13T08:38:06Z,KBOS,2026-08-15,high,30,79.45,2.69,76.21,79.85,82.61,73.9,83.4
18,2026-08-13T08:38:06Z,KBOS,2026-08-15,low,30,65.04,1.53,63.22,64.8,66.71,61.9,68.6
97,2026-08-13T08:38:06Z,KDCA,2026-08-13,high,30,91.94,2.05,89.38,91.55,94.55,88.3,96.9
98,2026-08-13T08:38:06Z,KDCA,2026-08-13,low,30,73.51,0.75,72.68,73.5,74.42,71.7,75.3
99,2026-08-13T08:38:06Z,KDCA,2026-08-14,high,30,86.62,4.79,80.24,87.15,92.94,77.8,94.4
100,2026-08-13T08:38:06Z,KDCA,2026-08-14,low,30,73.69,1.84,71.44,73.8,75.58,69.9,77.9
101,2026-08-13T08:38:06Z,KDCA,2026-08-15,high,30,84.16,4.87,76.18,85.35,88.91,74.1,93.0
102,2026-08-13T08:38:06Z,KDCA,2026-08-15,low,30,70.38,1.99,68.1,70.4,72.81,65.8,73.6
25,2026-08-13T08:38:06Z,KDEN,2026-08-13,high,30,81.61,2.83,78.38,81.9,84.75,75.6,88.0
26,2026-08-13T08:38:06Z,KDEN,2026-08-13,low,30,61.62,0.95,60.49,61.45,63.01,60.2,63.9
27,2026-08-13T08:38:06Z,KDEN,2026-08-14,high,30,87.27,1.51,85.26,87.3,89.2,84.4,90.0
28,2026-08-13T08:38:06Z,KDEN,2026-08-14,low,30,63.11,1.04,61.94,63.1,64.42,61.1,65.3
29,2026-08-13T08:38:06Z,KDEN,2026-08-15,high,30,84.95,2.41,81.35,85.4,87.62,79.3,88.8
30,2026-08-13T08:38:06Z,KDEN,2026-08-15,low,30,63.23,1.56,61.11,63.25,65.5,60.0,65.7
19,2026-08-13T08:38:06Z,KDFW,2026-08-13,high,30,103.64,2.75,99.55,103.9,107.54,98.6,108.5
20,2026-08-13T08:38:06Z,KDFW,2026-08-13,low,30,84.2,0.55,83.39,84.2,84.9,83.2,85.3
21,2026-08-13T08:38:06Z,KDFW,2026-08-14,high,30,103.18,3.37,98.33,103.85,106.79,94.7,108.4
22,2026-08-13T08:38:06Z,KDFW,2026-08-14,low,30,81.84,1.61,80.0,81.55,84.31,78.8,84.9
23,2026-08-13T08:38:06Z,KDFW,2026-08-15,high,30,103.54,2.99,99.62,104.2,107.12,95.9,107.5
24,2026-08-13T08:38:06Z,KDFW,2026-08-15,low,30,84.12,1.31,82.56,84.25,85.61,80.4,86.3
31,2026-08-13T08:38:06Z,KIAH,2026-08-13,high,30,99.32,2.04,96.38,99.6,101.91,95.7,103.1
32,2026-08-13T08:38:06Z,KIAH,2026-08-13,low,30,81.62,0.2,81.39,81.6,81.9,81.2,82.1
33,2026-08-13T08:38:06Z,KIAH,2026-08-14,high,30,97.58,1.94,94.56,97.65,99.73,93.8,101.3
34,2026-08-13T08:38:06Z,KIAH,2026-08-14,low,30,80.86,0.66,80.08,80.7,81.6,79.8,82.4
35,2026-08-13T08:38:06Z,KIAH,2026-08-15,high,30,100.4,2.63,96.11,100.9,102.92,93.0,103.8
36,2026-08-13T08:38:06Z,KIAH,2026-08-15,low,30,81.3,0.72,80.39,81.35,82.2,79.5,82.5
37,2026-08-13T08:38:06Z,KLAS,2026-08-13,high,30,95.28,0.87,94.08,95.3,96.41,93.5,97.3
38,2026-08-13T08:38:06Z,KLAS,2026-08-13,low,30,81.46,1.56,79.54,81.95,83.12,77.0,83.7
39,2026-08-13T08:38:06Z,KLAS,2026-08-14,high,30,96.67,1.24,95.09,96.65,98.51,94.8,99.3
40,2026-08-13T08:38:06Z,KLAS,2026-08-14,low,30,82.6,1.32,80.61,83.05,84.0,79.7,84.6
41,2026-08-13T08:38:06Z,KLAS,2026-08-15,high,30,97.66,1.75,95.99,98.05,99.41,90.7,99.6
42,2026-08-13T08:38:06Z,KLAS,2026-08-15,low,30,81.03,1.28,79.52,81.25,82.32,77.2,83.4
43,2026-08-13T08:38:06Z,KLAX,2026-08-13,high,30,74.06,0.52,73.39,74.05,74.61,73.1,75.1
44,2026-08-13T08:38:06Z,KLAX,2026-08-13,low,30,67.73,0.4,67.28,67.7,68.2,66.9,68.5
45,2026-08-13T08:38:06Z,KLAX,2026-08-14,high,30,74.11,0.6,73.59,74.1,74.71,73.0,76.1
46,2026-08-13T08:38:06Z,KLAX,2026-08-14,low,30,66.56,0.37,66.09,66.55,67.1,66.0,67.3
47,2026-08-13T08:38:06Z,KLAX,2026-08-15,high,30,77.62,1.12,76.1,77.6,78.82,75.3,79.9
48,2026-08-13T08:38:06Z,KLAX,2026-08-15,low,30,67.32,0.6,66.59,67.3,68.01,66.1,68.9
49,2026-08-13T08:38:06Z,KMIA,2026-08-13,high,30,90.71,0.75,89.79,90.8,91.5,88.6,91.8
50,2026-08-13T08:38:06Z,KMIA,2026-08-13,low,30,83.39,0.56,82.89,83.45,83.91,81.7,84.5
51,2026-08-13T08:38:06Z,KMIA,2026-08-14,high,30,89.95,0.66,88.98,90.0,90.8,88.7,90.9
52,2026-08-13T08:38:06Z,KMIA,2026-08-14,low,30,83.65,0.37,83.19,83.6,84.2,83.1,84.5
53,2026-08-13T08:38:06Z,KMIA,2026-08-15,high,30,89.18,0.91,88.23,89.4,90.31,86.7,90.8
54,2026-08-13T08:38:06Z,KMIA,2026-08-15,low,30,83.17,1.41,81.76,83.45,84.41,78.2,85.3
55,2026-08-13T08:38:06Z,KMSP,2026-08-13,high,30,85.74,4.22,78.8,85.95,91.12,78.6,91.5
56,2026-08-13T08:38:06Z,KMSP,2026-08-13,low,30,73.1,0.78,71.99,73.15,74.01,71.5,74.4
57,2026-08-13T08:38:06Z,KMSP,2026-08-14,high,30,82.85,5.24,77.01,82.45,89.45,75.6,93.6
58,2026-08-13T08:38:06Z,KMSP,2026-08-14,low,30,68.94,1.22,67.48,69.1,70.51,66.1,71.8
59,2026-08-13T08:38:06Z,KMSP,2026-08-15,high,30,82.44,6.33,73.99,85.0,89.21,70.7,92.4
60,2026-08-13T08:38:06Z,KMSP,2026-08-15,low,30,69.22,2.95,65.98,69.95,72.6,60.8,74.0
61,2026-08-13T08:38:06Z,KNYC,2026-08-13,high,30,88.7,1.55,87.19,88.2,91.22,85.6,91.6
62,2026-08-13T08:38:06Z,KNYC,2026-08-13,low,30,74.16,0.94,73.3,74.25,75.11,70.9,76.1
63,2026-08-13T08:38:06Z,KNYC,2026-08-14,high,30,87.69,2.18,84.92,88.1,90.0,82.1,91.2
64,2026-08-13T08:38:06Z,KNYC,2026-08-14,low,30,73.3,1.4,71.59,73.3,75.23,71.4,76.8
65,2026-08-13T08:38:06Z,KNYC,2026-08-15,high,30,85.24,2.19,82.89,85.45,87.71,77.8,88.7
66,2026-08-13T08:38:06Z,KNYC,2026-08-15,low,30,70.41,2.12,68.0,70.1,72.64,66.2,76.1
67,2026-08-13T08:38:06Z,KOKC,2026-08-13,high,30,106.92,2.72,103.39,107.3,110.12,100.6,111.8
68,2026-08-13T08:38:06Z,KOKC,2026-08-13,low,30,83.83,1.03,82.2,84.05,84.92,81.7,85.9
69,2026-08-13T08:38:06Z,KOKC,2026-08-14,high,30,106.77,2.98,101.8,107.5,110.0,101.1,112.5
70,2026-08-13T08:38:06Z,KOKC,2026-08-14,low,30,84.4,1.71,81.39,84.55,86.24,80.8,87.2
71,2026-08-13T08:38:06Z,KOKC,2026-08-15,high,30,105.03,2.6,102.19,105.0,108.07,99.0,111.1
72,2026-08-13T08:38:06Z,KOKC,2026-08-15,low,30,83.99,1.96,81.15,84.4,86.33,80.0,87.1
73,2026-08-13T08:38:06Z,KPHL,2026-08-13,high,30,87.72,1.45,85.69,87.75,89.92,85.3,90.4
74,2026-08-13T08:38:06Z,KPHL,2026-08-13,low,30,69.77,0.89,68.67,69.95,70.73,67.6,71.6
75,2026-08-13T08:38:06Z,KPHL,2026-08-14,high,30,86.11,3.33,83.2,86.2,89.9,75.5,91.0
76,2026-08-13T08:38:06Z,KPHL,2026-08-14,low,30,70.53,1.53,68.87,70.55,72.83,68.3,74.1
77,2026-08-13T08:38:06Z,KPHL,2026-08-15,high,30,85.72,2.79,81.98,86.6,88.3,77.5,89.5
78,2026-08-13T08:38:06Z,KPHL,2026-08-15,low,30,67.78,1.77,65.85,67.4,69.73,63.3,71.8
79,2026-08-13T08:38:06Z,KPHX,2026-08-13,high,30,99.17,1.39,97.19,99.5,100.61,95.7,101.4
80,2026-08-13T08:38:06Z,KPHX,2026-08-13,low,30,85.77,1.41,83.88,85.95,87.21,81.8,87.6
81,2026-08-13T08:38:06Z,KPHX,2026-08-14,high,30,99.53,1.37,97.49,99.85,101.1,96.2,101.8
82,2026-08-13T08:38:06Z,KPHX,2026-08-14,low,30,86.94,1.07,85.7,86.8,88.14,84.3,89.2
83,2026-08-13T08:38:06Z,KPHX,2026-08-15,high,30,102.92,1.61,100.59,103.3,104.6,99.9,105.8
84,2026-08-13T08:38:06Z,KPHX,2026-08-15,low,30,89.34,0.73,88.49,89.4,90.3,87.9,90.8
91,2026-08-13T08:38:06Z,KSEA,2026-08-13,high,30,84.42,1.45,82.3,84.7,86.22,81.2,86.8
92,2026-08-13T08:38:06Z,KSEA,2026-08-13,low,30,57.83,0.35,57.4,57.75,58.4,57.3,58.7
93,2026-08-13T08:38:06Z,KSEA,2026-08-14,high,30,82.43,3.73,78.37,83.45,86.39,74.0,88.4
94,2026-08-13T08:38:06Z,KSEA,2026-08-14,low,30,59.15,0.99,58.09,58.85,60.4,57.7,61.6
95,2026-08-13T08:38:06Z,KSEA,2026-08-15,high,30,81.78,2.64,77.65,81.85,84.51,77.0,86.9
96,2026-08-13T08:38:06Z,KSEA,2026-08-15,low,30,57.14,1.03,55.98,57.0,58.45,55.2,59.6
85,2026-08-13T08:38:06Z,KSFO,2026-08-13,high,30,70.17,1.62,68.4,69.75,72.45,67.8,74.6
86,2026-08-13T08:38:06Z,KSFO,2026-08-13,low,30,59.68,0.45,59.19,59.6,60.3,58.8,60.6
87,2026-08-13T08:38:06Z,KSFO,2026-08-14,high,30,69.37,1.31,67.89,69.45,71.07,67.4,72.4
88,2026-08-13T08:38:06Z,KSFO,2026-08-14,low,30,59.91,0.57,59.18,59.95,60.51,58.7,61.1
89,2026-08-13T08:38:06Z,KSFO,2026-08-15,high,30,71.34,1.76,68.58,71.6,73.06,67.4,75.4
90,2026-08-13T08:38:06Z,KSFO,2026-08-15,low,30,58.91,0.56,58.19,58.9,59.61,57.5,60.1
1,2026-08-13T10:17:10Z,KATL,2026-08-13,high,30,94.3,0.81,93.48,94.0,95.51,93.0,95.8
2,2026-08-13T10:17:10Z,KATL,2026-08-13,low,30,75.17,0.42,74.7,75.1,75.7,74.4,76.4
3,2026-08-13T10:17:10Z,KATL,2026-08-14,high,30,95.76,1.16,94.37,95.5,97.24,93.9,99.0
4,2026-08-13T10:17:10Z,KATL,2026-08-14,low,30,77.51,0.44,76.99,77.45,78.2,76.6,78.3
5,2026-08-13T10:17:10Z,KATL,2026-08-15,high,30,96.53,2.5,94.08,96.2,100.17,92.1,103.8
6,2026-08-13T10:17:10Z,KATL,2026-08-15,low,30,78.32,0.73,77.48,78.4,79.21,76.6,79.5
7,2026-08-13T10:17:10Z,KAUS,2026-08-13,high,30,103.56,3.61,98.42,104.3,108.8,96.2,109.8
8,2026-08-13T10:17:10Z,KAUS,2026-08-13,low,30,77.32,0.7,76.4,77.4,78.22,76.0,78.5
9,2026-08-13T10:17:10Z,KAUS,2026-08-14,high,30,100.98,1.95,97.99,101.15,103.01,97.0,105.6
10,2026-08-13T10:17:10Z,KAUS,2026-08-14,low,30,76.87,0.85,75.6,76.95,77.83,75.3,78.7
11,2026-08-13T10:17:10Z,KAUS,2026-08-15,high,30,103.53,3.2,98.77,104.3,106.66,95.1,108.8
12,2026-08-13T10:17:10Z,KAUS,2026-08-15,low,30,77.7,0.59,77.1,77.65,78.31,76.7,79.6
13,2026-08-13T10:17:10Z,KBOS,2026-08-13,high,30,83.13,1.74,80.78,83.1,85.14,79.6,86.2
14,2026-08-13T10:17:10Z,KBOS,2026-08-13,low,30,67.29,1.48,65.68,67.25,69.14,64.9,71.9
15,2026-08-13T10:17:10Z,KBOS,2026-08-14,high,30,82.39,2.21,79.35,82.9,84.84,77.6,85.7
16,2026-08-13T10:17:10Z,KBOS,2026-08-14,low,30,67.97,0.85,66.98,68.05,69.14,66.3,69.7
17,2026-08-13T10:17:10Z,KBOS,2026-08-15,high,30,79.45,2.69,76.21,79.85,82.61,73.9,83.4
18,2026-08-13T10:17:10Z,KBOS,2026-08-15,low,30,65.04,1.53,63.22,64.8,66.71,61.9,68.6
91,2026-08-13T10:17:10Z,KDCA,2026-08-13,high,30,91.94,2.05,89.38,91.55,94.55,88.3,96.9
92,2026-08-13T10:17:10Z,KDCA,2026-08-13,low,30,73.51,0.75,72.68,73.5,74.42,71.7,75.3
93,2026-08-13T10:17:10Z,KDCA,2026-08-14,high,30,86.62,4.79,80.24,87.15,92.94,77.8,94.4
94,2026-08-13T10:17:10Z,KDCA,2026-08-14,low,30,73.69,1.84,71.44,73.8,75.58,69.9,77.9
95,2026-08-13T10:17:10Z,KDCA,2026-08-15,high,30,84.16,4.87,76.18,85.35,88.91,74.1,93.0
96,2026-08-13T10:17:10Z,KDCA,2026-08-15,low,30,70.38,1.99,68.1,70.4,72.81,65.8,73.6
25,2026-08-13T10:17:10Z,KDEN,2026-08-13,high,30,81.61,2.83,78.38,81.9,84.75,75.6,88.0
26,2026-08-13T10:17:10Z,KDEN,2026-08-13,low,30,61.62,0.95,60.49,61.45,63.01,60.2,63.9
27,2026-08-13T10:17:10Z,KDEN,2026-08-14,high,30,87.27,1.51,85.26,87.3,89.2,84.4,90.0
28,2026-08-13T10:17:10Z,KDEN,2026-08-14,low,30,63.11,1.04,61.94,63.1,64.42,61.1,65.3
29,2026-08-13T10:17:10Z,KDEN,2026-08-15,high,30,84.95,2.41,81.35,85.4,87.62,79.3,88.8
30,2026-08-13T10:17:10Z,KDEN,2026-08-15,low,30,63.23,1.56,61.11,63.25,65.5,60.0,65.7
19,2026-08-13T10:17:10Z,KDFW,2026-08-13,high,30,103.64,2.75,99.55,103.9,107.54,98.6,108.5
20,2026-08-13T10:17:10Z,KDFW,2026-08-13,low,30,84.2,0.55,83.39,84.2,84.9,83.2,85.3
21,2026-08-13T10:17:10Z,KDFW,2026-08-14,high,30,103.18,3.37,98.33,103.85,106.79,94.7,108.4
22,2026-08-13T10:17:10Z,KDFW,2026-08-14,low,30,81.84,1.61,80.0,81.55,84.31,78.8,84.9
23,2026-08-13T10:17:10Z,KDFW,2026-08-15,high,30,103.54,2.99,99.62,104.2,107.12,95.9,107.5
24,2026-08-13T10:17:10Z,KDFW,2026-08-15,low,30,84.12,1.31,82.56,84.25,85.61,80.4,86.3
31,2026-08-13T10:17:10Z,KLAS,2026-08-13,high,30,95.28,0.87,94.08,95.3,96.41,93.5,97.3
32,2026-08-13T10:17:10Z,KLAS,2026-08-13,low,30,81.46,1.56,79.54,81.95,83.12,77.0,83.7
33,2026-08-13T10:17:10Z,KLAS,2026-08-14,high,30,96.67,1.24,95.09,96.65,98.51,94.8,99.3
34,2026-08-13T10:17:10Z,KLAS,2026-08-14,low,30,82.6,1.32,80.61,83.05,84.0,79.7,84.6
35,2026-08-13T10:17:10Z,KLAS,2026-08-15,high,30,97.66,1.75,95.99,98.05,99.41,90.7,99.6
36,2026-08-13T10:17:10Z,KLAS,2026-08-15,low,30,81.03,1.28,79.52,81.25,82.32,77.2,83.4
37,2026-08-13T10:17:10Z,KLAX,2026-08-13,high,30,74.06,0.52,73.39,74.05,74.61,73.1,75.1
38,2026-08-13T10:17:10Z,KLAX,2026-08-13,low,30,67.73,0.4,67.28,67.7,68.2,66.9,68.5
39,2026-08-13T10:17:10Z,KLAX,2026-08-14,high,30,74.11,0.6,73.59,74.1,74.71,73.0,76.1
40,2026-08-13T10:17:10Z,KLAX,2026-08-14,low,30,66.56,0.37,66.09,66.55,67.1,66.0,67.3
41,2026-08-13T10:17:10Z,KLAX,2026-08-15,high,30,77.62,1.12,76.1,77.6,78.82,75.3,79.9
42,2026-08-13T10:17:10Z,KLAX,2026-08-15,low,30,67.32,0.6,66.59,67.3,68.01,66.1,68.9
43,2026-08-13T10:17:10Z,KMIA,2026-08-13,high,30,90.71,0.75,89.79,90.8,91.5,88.6,91.8
44,2026-08-13T10:17:10Z,KMIA,2026-08-13,low,30,83.39,0.56,82.89,83.45,83.91,81.7,84.5
45,2026-08-13T10:17:10Z,KMIA,2026-08-14,high,30,89.95,0.66,88.98,90.0,90.8,88.7,90.9
46,2026-08-13T10:17:10Z,KMIA,2026-08-14,low,30,83.65,0.37,83.19,83.6,84.2,83.1,84.5
47,2026-08-13T10:17:10Z,KMIA,2026-08-15,high,30,89.18,0.91,88.23,89.4,90.31,86.7,90.8
48,2026-08-13T10:17:10Z,KMIA,2026-08-15,low,30,83.17,1.41,81.76,83.45,84.41,78.2,85.3
49,2026-08-13T10:17:10Z,KMSY,2026-08-13,high,30,96.72,2.0,93.87,97.2,99.03,92.9,100.5
50,2026-08-13T10:17:10Z,KMSY,2026-08-13,low,30,77.44,0.36,77.1,77.35,77.81,76.7,78.6
51,2026-08-13T10:17:10Z,KMSY,2026-08-14,high,30,100.2,1.59,97.99,100.4,102.51,96.3,103.4
52,2026-08-13T10:17:10Z,KMSY,2026-08-14,low,30,74.99,0.94,73.7,75.0,75.93,72.7,77.2
53,2026-08-13T10:17:10Z,KMSY,2026-08-15,high,30,99.32,2.07,97.11,99.25,102.01,94.3,102.2
54,2026-08-13T10:17:10Z,KMSY,2026-08-15,low,30,75.66,0.71,74.8,75.8,76.61,74.0,76.9
55,2026-08-13T10:17:10Z,KNYC,2026-08-13,high,30,88.7,1.55,87.19,88.2,91.22,85.6,91.6
56,2026-08-13T10:17:10Z,KNYC,2026-08-13,low,30,74.16,0.94,73.3,74.25,75.11,70.9,76.1
57,2026-08-13T10:17:10Z,KNYC,2026-08-14,high,30,87.69,2.18,84.92,88.1,90.0,82.1,91.2
58,2026-08-13T10:17:10Z,KNYC,2026-08-14,low,30,73.3,1.4,71.59,73.3,75.23,71.4,76.8
59,2026-08-13T10:17:10Z,KNYC,2026-08-15,high,30,85.24,2.19,82.89,85.45,87.71,77.8,88.7
60,2026-08-13T10:17:10Z,KNYC,2026-08-15,low,30,70.41,2.12,68.0,70.1,72.64,66.2,76.1
61,2026-08-13T10:17:10Z,KOKC,2026-08-13,high,30,106.92,2.72,103.39,107.3,110.12,100.6,111.8
62,2026-08-13T10:17:10Z,KOKC,2026-08-13,low,30,83.83,1.03,82.2,84.05,84.92,81.7,85.9
63,2026-08-13T10:17:10Z,KOKC,2026-08-14,high,30,106.77,2.98,101.8,107.5,110.0,101.1,112.5
64,2026-08-13T10:17:10Z,KOKC,2026-08-14,low,30,84.4,1.71,81.39,84.55,86.24,80.8,87.2
65,2026-08-13T10:17:10Z,KOKC,2026-08-15,high,30,105.03,2.6,102.19,105.0,108.07,99.0,111.1
66,2026-08-13T10:17:10Z,KOKC,2026-08-15,low,30,83.99,1.96,81.15,84.4,86.33,80.0,87.1
67,2026-08-13T10:17:10Z,KPHL,2026-08-13,high,30,87.72,1.45,85.69,87.75,89.92,85.3,90.4
68,2026-08-13T10:17:10Z,KPHL,2026-08-13,low,30,69.77,0.89,68.67,69.95,70.73,67.6,71.6
69,2026-08-13T10:17:10Z,KPHL,2026-08-14,high,30,86.11,3.33,83.2,86.2,89.9,75.5,91.0
70,2026-08-13T10:17:10Z,KPHL,2026-08-14,low,30,70.53,1.53,68.87,70.55,72.83,68.3,74.1
71,2026-08-13T10:17:10Z,KPHL,2026-08-15,high,30,85.72,2.79,81.98,86.6,88.3,77.5,89.5
72,2026-08-13T10:17:10Z,KPHL,2026-08-15,low,30,67.78,1.77,65.85,67.4,69.73,63.3,71.8
73,2026-08-13T10:17:10Z,KPHX,2026-08-13,high,30,99.17,1.39,97.19,99.5,100.61,95.7,101.4
74,2026-08-13T10:17:10Z,KPHX,2026-08-13,low,30,85.77,1.41,83.88,85.95,87.21,81.8,87.6
75,2026-08-13T10:17:10Z,KPHX,2026-08-14,high,30,99.53,1.37,97.49,99.85,101.1,96.2,101.8
76,2026-08-13T10:17:10Z,KPHX,2026-08-14,low,30,86.94,1.07,85.7,86.8,88.14,84.3,89.2
77,2026-08-13T10:17:10Z,KPHX,2026-08-15,high,30,102.92,1.61,100.59,103.3,104.6,99.9,105.8
78,2026-08-13T10:17:10Z,KPHX,2026-08-15,low,30,89.34,0.73,88.49,89.4,90.3,87.9,90.8
85,2026-08-13T10:17:10Z,KSEA,2026-08-13,high,30,84.42,1.45,82.3,84.7,86.22,81.2,86.8
86,2026-08-13T10:17:10Z,KSEA,2026-08-13,low,30,57.83,0.35,57.4,57.75,58.4,57.3,58.7
87,2026-08-13T10:17:10Z,KSEA,2026-08-14,high,30,82.43,3.73,78.37,83.45,86.39,74.0,88.4
88,2026-08-13T10:17:10Z,KSEA,2026-08-14,low,30,59.15,0.99,58.09,58.85,60.4,57.7,61.6
89,2026-08-13T10:17:10Z,KSEA,2026-08-15,high,30,81.78,2.64,77.65,81.85,84.51,77.0,86.9
90,2026-08-13T10:17:10Z,KSEA,2026-08-15,low,30,57.14,1.03,55.98,57.0,58.45,55.2,59.6
79,2026-08-13T10:17:10Z,KSFO,2026-08-13,high,30,70.17,1.62,68.4,69.75,72.45,67.8,74.6
80,2026-08-13T10:17:10Z,KSFO,2026-08-13,low,30,59.68,0.45,59.19,59.6,60.3,58.8,60.6
81,2026-08-13T10:17:10Z,KSFO,2026-08-14,high,30,69.37,1.31,67.89,69.45,71.07,67.4,72.4
82,2026-08-13T10:17:10Z,KSFO,2026-08-14,low,30,59.91,0.57,59.18,59.95,60.51,58.7,61.1
83,2026-08-13T10:17:10Z,KSFO,2026-08-15,high,30,71.34,1.76,68.58,71.6,73.06,67.4,75.4
84,2026-08-13T10:17:10Z,KSFO,2026-08-15,low,30,58.91,0.56,58.19,58.9,59.61,57.5,60.1
1,2026-08-13T11:23:01Z,KATL,2026-08-13,high,30,94.3,0.81,93.48,94.0,95.51,93.0,95.8
2,2026-08-13T11:23:01Z,KATL,2026-08-13,low,30,75.17,0.42,74.7,75.1,75.7,74.4,76.4
3,2026-08-13T11:23:01Z,KATL,2026-08-14,high,30,95.76,1.16,94.37,95.5,97.24,93.9,99.0
4,2026-08-13T11:23:01Z,KATL,2026-08-14,low,30,77.51,0.44,76.99,77.45,78.2,76.6,78.3
5,2026-08-13T11:23:01Z,KATL,2026-08-15,high,30,96.53,2.5,94.08,96.2,100.17,92.1,103.8
6,2026-08-13T11:23:01Z,KATL,2026-08-15,low,30,78.32,0.73,77.48,78.4,79.21,76.6,79.5
7,2026-08-13T11:23:01Z,KAUS,2026-08-13,high,30,103.56,3.61,98.42,104.3,108.8,96.2,109.8
8,2026-08-13T11:23:01Z,KAUS,2026-08-13,low,30,77.32,0.7,76.4,77.4,78.22,76.0,78.5
9,2026-08-13T11:23:01Z,KAUS,2026-08-14,high,30,100.98,1.95,97.99,101.15,103.01,97.0,105.6
10,2026-08-13T11:23:01Z,KAUS,2026-08-14,low,30,76.87,0.85,75.6,76.95,77.83,75.3,78.7
11,2026-08-13T11:23:01Z,KAUS,2026-08-15,high,30,103.53,3.2,98.77,104.3,106.66,95.1,108.8
12,2026-08-13T11:23:01Z,KAUS,2026-08-15,low,30,77.7,0.59,77.1,77.65,78.31,76.7,79.6
13,2026-08-13T11:23:01Z,KBOS,2026-08-13,high,30,83.13,1.74,80.78,83.1,85.14,79.6,86.2
14,2026-08-13T11:23:01Z,KBOS,2026-08-13,low,30,67.29,1.48,65.68,67.25,69.14,64.9,71.9
15,2026-08-13T11:23:01Z,KBOS,2026-08-14,high,30,82.39,2.21,79.35,82.9,84.84,77.6,85.7
16,2026-08-13T11:23:01Z,KBOS,2026-08-14,low,30,67.97,0.85,66.98,68.05,69.14,66.3,69.7
17,2026-08-13T11:23:01Z,KBOS,2026-08-15,high,30,79.45,2.69,76.21,79.85,82.61,73.9,83.4
18,2026-08-13T11:23:01Z,KBOS,2026-08-15,low,30,65.04,1.53,63.22,64.8,66.71,61.9,68.6
91,2026-08-13T11:23:01Z,KDCA,2026-08-13,high,30,91.94,2.05,89.38,91.55,94.55,88.3,96.9
92,2026-08-13T11:23:01Z,KDCA,2026-08-13,low,30,73.51,0.75,72.68,73.5,74.42,71.7,75.3
93,2026-08-13T11:23:01Z,KDCA,2026-08-14,high,30,86.62,4.79,80.24,87.15,92.94,77.8,94.4
94,2026-08-13T11:23:01Z,KDCA,2026-08-14,low,30,73.69,1.84,71.44,73.8,75.58,69.9,77.9
95,2026-08-13T11:23:01Z,KDCA,2026-08-15,high,30,84.16,4.87,76.18,85.35,88.91,74.1,93.0
96,2026-08-13T11:23:01Z,KDCA,2026-08-15,low,30,70.38,1.99,68.1,70.4,72.81,65.8,73.6
25,2026-08-13T11:23:01Z,KDEN,2026-08-13,high,30,81.61,2.83,78.38,81.9,84.75,75.6,88.0
26,2026-08-13T11:23:01Z,KDEN,2026-08-13,low,30,61.62,0.95,60.49,61.45,63.01,60.2,63.9
27,2026-08-13T11:23:01Z,KDEN,2026-08-14,high,30,87.27,1.51,85.26,87.3,89.2,84.4,90.0
28,2026-08-13T11:23:01Z,KDEN,2026-08-14,low,30,63.11,1.04,61.94,63.1,64.42,61.1,65.3
29,2026-08-13T11:23:01Z,KDEN,2026-08-15,high,30,84.95,2.41,81.35,85.4,87.62,79.3,88.8
30,2026-08-13T11:23:01Z,KDEN,2026-08-15,low,30,63.23,1.56,61.11,63.25,65.5,60.0,65.7
19,2026-08-13T11:23:01Z,KDFW,2026-08-13,high,30,103.64,2.75,99.55,103.9,107.54,98.6,108.5
20,2026-08-13T11:23:01Z,KDFW,2026-08-13,low,30,84.2,0.55,83.39,84.2,84.9,83.2,85.3
21,2026-08-13T11:23:01Z,KDFW,2026-08-14,high,30,103.18,3.37,98.33,103.85,106.79,94.7,108.4
22,2026-08-13T11:23:01Z,KDFW,2026-08-14,low,30,81.84,1.61,80.0,81.55,84.31,78.8,84.9
23,2026-08-13T11:23:01Z,KDFW,2026-08-15,high,30,103.54,2.99,99.62,104.2,107.12,95.9,107.5
24,2026-08-13T11:23:01Z,KDFW,2026-08-15,low,30,84.12,1.31,82.56,84.25,85.61,80.4,86.3
31,2026-08-13T11:23:01Z,KLAS,2026-08-13,high,30,95.28,0.87,94.08,95.3,96.41,93.5,97.3
32,2026-08-13T11:23:01Z,KLAS,2026-08-13,low,30,81.46,1.56,79.54,81.95,83.12,77.0,83.7
33,2026-08-13T11:23:01Z,KLAS,2026-08-14,high,30,96.67,1.24,95.09,96.65,98.51,94.8,99.3
34,2026-08-13T11:23:01Z,KLAS,2026-08-14,low,30,82.6,1.32,80.61,83.05,84.0,79.7,84.6
35,2026-08-13T11:23:01Z,KLAS,2026-08-15,high,30,97.66,1.75,95.99,98.05,99.41,90.7,99.6
36,2026-08-13T11:23:01Z,KLAS,2026-08-15,low,30,81.03,1.28,79.52,81.25,82.32,77.2,83.4
37,2026-08-13T11:23:01Z,KLAX,2026-08-13,high,30,74.06,0.52,73.39,74.05,74.61,73.1,75.1
38,2026-08-13T11:23:01Z,KLAX,2026-08-13,low,30,67.73,0.4,67.28,67.7,68.2,66.9,68.5
39,2026-08-13T11:23:01Z,KLAX,2026-08-14,high,30,74.11,0.6,73.59,74.1,74.71,73.0,76.1
40,2026-08-13T11:23:01Z,KLAX,2026-08-14,low,30,66.56,0.37,66.09,66.55,67.1,66.0,67.3
41,2026-08-13T11:23:01Z,KLAX,2026-08-15,high,30,77.62,1.12,76.1,77.6,78.82,75.3,79.9
42,2026-08-13T11:23:01Z,KLAX,2026-08-15,low,30,67.32,0.6,66.59,67.3,68.01,66.1,68.9
43,2026-08-13T11:23:01Z,KMIA,2026-08-13,high,30,90.71,0.75,89.79,90.8,91.5,88.6,91.8
44,2026-08-13T11:23:01Z,KMIA,2026-08-13,low,30,83.39,0.56,82.89,83.45,83.91,81.7,84.5
45,2026-08-13T11:23:01Z,KMIA,2026-08-14,high,30,89.95,0.66,88.98,90.0,90.8,88.7,90.9
46,2026-08-13T11:23:01Z,KMIA,2026-08-14,low,30,83.65,0.37,83.19,83.6,84.2,83.1,84.5
47,2026-08-13T11:23:01Z,KMIA,2026-08-15,high,30,89.18,0.91,88.23,89.4,90.31,86.7,90.8
48,2026-08-13T11:23:01Z,KMIA,2026-08-15,low,30,83.17,1.41,81.76,83.45,84.41,78.2,85.3
49,2026-08-13T11:23:01Z,KMSY,2026-08-13,high,30,96.72,2.0,93.87,97.2,99.03,92.9,100.5
50,2026-08-13T11:23:01Z,KMSY,2026-08-13,low,30,77.44,0.36,77.1,77.35,77.81,76.7,78.6
51,2026-08-13T11:23:01Z,KMSY,2026-08-14,high,30,100.2,1.59,97.99,100.4,102.51,96.3,103.4
52,2026-08-13T11:23:01Z,KMSY,2026-08-14,low,30,74.99,0.94,73.7,75.0,75.93,72.7,77.2
53,2026-08-13T11:23:01Z,KMSY,2026-08-15,high,30,99.32,2.07,97.11,99.25,102.01,94.3,102.2
54,2026-08-13T11:23:01Z,KMSY,2026-08-15,low,30,75.66,0.71,74.8,75.8,76.61,74.0,76.9
55,2026-08-13T11:23:01Z,KNYC,2026-08-13,high,30,88.7,1.55,87.19,88.2,91.22,85.6,91.6
56,2026-08-13T11:23:01Z,KNYC,2026-08-13,low,30,74.16,0.94,73.3,74.25,75.11,70.9,76.1
57,2026-08-13T11:23:01Z,KNYC,2026-08-14,high,30,87.69,2.18,84.92,88.1,90.0,82.1,91.2
58,2026-08-13T11:23:01Z,KNYC,2026-08-14,low,30,73.3,1.4,71.59,73.3,75.23,71.4,76.8
59,2026-08-13T11:23:01Z,KNYC,2026-08-15,high,30,85.24,2.19,82.89,85.45,87.71,77.8,88.7
60,2026-08-13T11:23:01Z,KNYC,2026-08-15,low,30,70.41,2.12,68.0,70.1,72.64,66.2,76.1
61,2026-08-13T11:23:01Z,KOKC,2026-08-13,high,30,106.92,2.72,103.39,107.3,110.12,100.6,111.8
62,2026-08-13T11:23:01Z,KOKC,2026-08-13,low,30,83.83,1.03,82.2,84.05,84.92,81.7,85.9
63,2026-08-13T11:23:01Z,KOKC,2026-08-14,high,30,106.77,2.98,101.8,107.5,110.0,101.1,112.5
64,2026-08-13T11:23:01Z,KOKC,2026-08-14,low,30,84.4,1.71,81.39,84.55,86.24,80.8,87.2
65,2026-08-13T11:23:01Z,KOKC,2026-08-15,high,30,105.03,2.6,102.19,105.0,108.07,99.0,111.1
66,2026-08-13T11:23:01Z,KOKC,2026-08-15,low,30,83.99,1.96,81.15,84.4,86.33,80.0,87.1
67,2026-08-13T11:23:01Z,KPHL,2026-08-13,high,30,87.72,1.45,85.69,87.75,89.92,85.3,90.4
68,2026-08-13T11:23:01Z,KPHL,2026-08-13,low,30,69.77,0.89,68.67,69.95,70.73,67.6,71.6
69,2026-08-13T11:23:01Z,KPHL,2026-08-14,high,30,86.11,3.33,83.2,86.2,89.9,75.5,91.0
70,2026-08-13T11:23:01Z,KPHL,2026-08-14,low,30,70.53,1.53,68.87,70.55,72.83,68.3,74.1
71,2026-08-13T11:23:01Z,KPHL,2026-08-15,high,30,85.72,2.79,81.98,86.6,88.3,77.5,89.5
72,2026-08-13T11:23:01Z,KPHL,2026-08-15,low,30,67.78,1.77,65.85,67.4,69.73,63.3,71.8
73,2026-08-13T11:23:01Z,KPHX,2026-08-13,high,30,99.17,1.39,97.19,99.5,100.61,95.7,101.4
74,2026-08-13T11:23:01Z,KPHX,2026-08-13,low,30,85.77,1.41,83.88,85.95,87.21,81.8,87.6
75,2026-08-13T11:23:01Z,KPHX,2026-08-14,high,30,99.53,1.37,97.49,99.85,101.1,96.2,101.8
76,2026-08-13T11:23:01Z,KPHX,2026-08-14,low,30,86.94,1.07,85.7,86.8,88.14,84.3,89.2
77,2026-08-13T11:23:01Z,KPHX,2026-08-15,high,30,102.92,1.61,100.59,103.3,104.6,99.9,105.8
78,2026-08-13T11:23:01Z,KPHX,2026-08-15,low,30,89.34,0.73,88.49,89.4,90.3,87.9,90.8
85,2026-08-13T11:23:01Z,KSEA,2026-08-13,high,30,84.42,1.45,82.3,84.7,86.22,81.2,86.8
86,2026-08-13T11:23:01Z,KSEA,2026-08-13,low,30,57.83,0.35,57.4,57.75,58.4,57.3,58.7
87,2026-08-13T11:23:01Z,KSEA,2026-08-14,high,30,82.43,3.73,78.37,83.45,86.39,74.0,88.4
88,2026-08-13T11:23:01Z,KSEA,2026-08-14,low,30,59.15,0.99,58.09,58.85,60.4,57.7,61.6
89,2026-08-13T11:23:01Z,KSEA,2026-08-15,high,30,81.78,2.64,77.65,81.85,84.51,77.0,86.9
90,2026-08-13T11:23:01Z,KSEA,2026-08-15,low,30,57.14,1.03,55.98,57.0,58.45,55.2,59.6
79,2026-08-13T11:23:01Z,KSFO,2026-08-13,high,30,70.17,1.62,68.4,69.75,72.45,67.8,74.6
80,2026-08-13T11:23:01Z,KSFO,2026-08-13,low,30,59.68,0.45,59.19,59.6,60.3,58.8,60.6
81,2026-08-13T11:23:01Z,KSFO,2026-08-14,high,30,69.37,1.31,67.89,69.45,71.07,67.4,72.4
82,2026-08-13T11:23:01Z,KSFO,2026-08-14,low,30,59.91,0.57,59.18,59.95,60.51,58.7,61.1
83,2026-08-13T11:23:01Z,KSFO,2026-08-15,high,30,71.34,1.76,68.58,71.6,73.06,67.4,75.4
84,2026-08-13T11:23:01Z,KSFO,2026-08-15,low,30,58.91,0.56,58.19,58.9,59.61,57.5,60.1
1,2026-08-13T12:26:49Z,KATL,2026-08-13,high,30,94.69,0.76,93.7,94.8,95.72,92.9,96.0
2,2026-08-13T12:26:49Z,KATL,2026-08-13,low,30,75.4,0.24,75.0,75.4,75.7,74.9,75.8
3,2026-08-13T12:26:49Z,KATL,2026-08-14,high,30,95.0,1.17,93.88,95.0,96.52,92.0,96.9
4,2026-08-13T12:26:49Z,KATL,2026-08-14,low,30,77.52,0.6,76.8,77.6,78.2,76.1,79.0
5,2026-08-13T12:26:49Z,KATL,2026-08-15,high,30,96.53,2.07,93.9,96.55,99.44,92.9,101.4
6,2026-08-13T12:26:49Z,KATL,2026-08-15,low,30,78.11,0.63,77.39,78.15,78.91,76.3,79.2
7,2026-08-13T12:26:49Z,KAUS,2026-08-13,high,30,104.4,3.15,99.88,104.75,108.42,97.6,109.3
8,2026-08-13T12:26:49Z,KAUS,2026-08-13,low,30,77.45,0.51,76.8,77.45,78.11,76.4,78.6
9,2026-08-13T12:26:49Z,KAUS,2026-08-14,high,30,101.57,1.77,99.58,101.5,103.9,96.9,105.5
10,2026-08-13T12:26:49Z,KAUS,2026-08-14,low,30,77.31,0.61,76.59,77.2,77.95,76.0,78.7
11,2026-08-13T12:26:49Z,KAUS,2026-08-15,high,30,103.96,2.64,100.09,104.0,107.5,98.5,108.4
12,2026-08-13T12:26:49Z,KAUS,2026-08-15,low,30,77.57,0.55,76.9,77.55,78.3,76.6,78.7
13,2026-08-13T12:26:49Z,KBOS,2026-08-13,high,30,84.96,1.61,83.57,85.2,86.61,79.7,87.9
14,2026-08-13T12:26:49Z,KBOS,2026-08-13,low,30,68.69,0.79,67.78,68.6,69.65,67.2,70.6
15,2026-08-13T12:26:49Z,KBOS,2026-08-14,high,30,82.15,2.04,80.53,82.25,84.5,75.1,86.1
16,2026-08-13T12:26:49Z,KBOS,2026-08-14,low,30,68.67,0.93,67.29,68.8,69.64,67.1,70.0
17,2026-08-13T12:26:49Z,KBOS,2026-08-15,high,30,79.75,2.04,77.18,80.0,82.26,75.1,83.4
18,2026-08-13T12:26:49Z,KBOS,2026-08-15,low,30,65.16,1.38,63.61,65.0,66.81,61.8,67.8
91,2026-08-13T12:26:49Z,KDCA,2026-08-13,high,30,91.95,1.78,89.7,92.15,93.85,88.4,96.4
92,2026-08-13T12:26:49Z,KDCA,2026-08-13,low,30,74.09,0.61,73.4,74.2,74.8,72.2,75.4
93,2026-08-13T12:26:49Z,KDCA,2026-08-14,high,30,84.99,4.63,79.08,84.75,90.84,76.6,93.7
94,2026-08-13T12:26:49Z,KDCA,2026-08-14,low,30,74.16,1.76,71.2,74.45,76.23,69.8,76.9
95,2026-08-13T12:26:49Z,KDCA,2026-08-15,high,30,85.21,3.85,80.95,85.85,90.51,74.0,90.7
96,2026-08-13T12:26:49Z,KDCA,2026-08-15,low,30,70.89,2.1,68.59,70.6,73.87,66.6,74.9
25,2026-08-13T12:26:49Z,KDEN,2026-08-13,high,30,81.4,2.68,77.28,81.55,84.9,75.3,85.8
26,2026-08-13T12:26:49Z,KDEN,2026-08-13,low,30,61.7,1.2,60.6,61.9,63.13,58.1,63.7
27,2026-08-13T12:26:49Z,KDEN,2026-08-14,high,30,87.48,1.05,86.4,87.4,88.83,85.5,90.5
28,2026-08-13T12:26:49Z,KDEN,2026-08-14,low,30,63.48,1.02,62.0,63.55,64.62,61.0,64.9
29,2026-08-13T12:26:49Z,KDEN,2026-08-15,high,30,84.86,2.36,82.2,85.6,87.33,79.2,89.4
30,2026-08-13T12:26:49Z,KDEN,2026-08-15,low,30,64.54,1.56,62.59,64.15,66.51,61.7,67.5
19,2026-08-13T12:26:49Z,KDFW,2026-08-13,high,30,103.59,2.7,99.77,103.85,106.7,97.1,108.3
20,2026-08-13T12:26:49Z,KDFW,2026-08-13,low,30,83.81,0.3,83.5,83.8,84.2,83.3,84.5
21,2026-08-13T12:26:49Z,KDFW,2026-08-14,high,30,103.27,2.24,100.57,103.0,106.33,99.9,107.5
22,2026-08-13T12:26:49Z,KDFW,2026-08-14,low,30,81.87,1.24,80.0,81.85,83.62,80.0,84.2
23,2026-08-13T12:26:49Z,KDFW,2026-08-15,high,30,103.73,2.62,99.76,104.4,106.61,97.8,107.0
24,2026-08-13T12:26:49Z,KDFW,2026-08-15,low,30,84.05,1.11,82.97,84.3,85.13,81.6,86.7
31,2026-08-13T12:26:49Z,KIAH,2026-08-13,high,30,99.17,1.81,96.69,99.3,101.91,95.7,102.5
32,2026-08-13T12:26:49Z,KIAH,2026-08-13,low,30,81.63,0.26,81.3,81.65,81.91,80.9,82.1
33,2026-08-13T12:26:49Z,KIAH,2026-08-14,high,30,97.23,1.76,94.78,97.55,99.21,93.6,100.9
34,2026-08-13T12:26:49Z,KIAH,2026-08-14,low,30,80.32,0.59,79.5,80.4,81.0,78.9,81.3
35,2026-08-13T12:26:49Z,KIAH,2026-08-15,high,30,100.05,1.8,97.79,100.0,102.03,96.4,104.4
36,2026-08-13T12:26:49Z,KIAH,2026-08-15,low,30,81.34,0.65,80.59,81.3,82.2,79.7,82.2
37,2026-08-13T12:26:49Z,KLAX,2026-08-13,high,30,74.49,0.47,73.99,74.5,74.9,73.6,76.3
38,2026-08-13T12:26:49Z,KLAX,2026-08-13,low,30,67.3,0.26,67.0,67.3,67.62,66.7,67.8
39,2026-08-13T12:26:49Z,KLAX,2026-08-14,high,30,74.69,0.56,73.8,74.7,75.4,73.7,75.8
40,2026-08-13T12:26:49Z,KLAX,2026-08-14,low,30,67.0,0.44,66.49,66.9,67.52,66.4,68.2
41,2026-08-13T12:26:49Z,KLAX,2026-08-15,high,30,77.24,1.08,75.29,77.25,78.32,75.1,79.0
42,2026-08-13T12:26:49Z,KLAX,2026-08-15,low,30,67.27,0.63,66.4,67.3,68.2,66.3,68.8
43,2026-08-13T12:26:49Z,KMIA,2026-08-13,high,30,90.91,0.57,90.28,91.0,91.34,89.4,92.2
44,2026-08-13T12:26:49Z,KMIA,2026-08-13,low,30,83.05,0.51,82.38,83.1,83.7,81.6,83.8
45,2026-08-13T12:26:49Z,KMIA,2026-08-14,high,30,89.83,0.79,88.49,89.9,90.91,88.3,91.3
46,2026-08-13T12:26:49Z,KMIA,2026-08-14,low,30,83.65,0.32,83.19,83.7,84.0,83.0,84.0
47,2026-08-13T12:26:49Z,KMIA,2026-08-15,high,30,88.86,1.07,87.83,88.95,90.12,85.8,90.8
48,2026-08-13T12:26:49Z,KMIA,2026-08-15,low,30,83.34,1.02,81.98,83.5,84.52,80.4,84.9
49,2026-08-13T12:26:49Z,KMSP,2026-08-13,high,30,87.04,3.97,80.59,88.25,91.21,77.7,92.1
50,2026-08-13T12:26:49Z,KMSP,2026-08-13,low,30,73.17,0.75,72.39,73.15,74.11,71.4,74.8
51,2026-08-13T12:26:49Z,KMSP,2026-08-14,high,30,85.05,4.73,78.37,86.2,90.46,73.2,91.3
52,2026-08-13T12:26:49Z,KMSP,2026-08-14,low,30,69.02,1.46,67.0,69.25,70.82,65.7,71.3
53,2026-08-13T12:26:49Z,KMSP,2026-08-15,high,30,83.87,5.01,77.04,85.05,89.62,72.3,92.2
54,2026-08-13T12:26:49Z,KMSP,2026-08-15,low,30,69.32,2.65,65.74,69.9,72.11,63.8,73.2
55,2026-08-13T12:26:49Z,KNYC,2026-08-13,high,30,88.99,1.22,87.28,88.95,90.5,86.6,91.3
56,2026-08-13T12:26:49Z,KNYC,2026-08-13,low,30,74.4,0.67,73.76,74.3,75.2,72.8,76.1
57,2026-08-13T12:26:49Z,KNYC,2026-08-14,high,30,88.06,2.03,85.59,88.1,90.32,82.8,91.3
58,2026-08-13T12:26:49Z,KNYC,2026-08-14,low,30,74.36,1.16,72.78,74.35,75.92,72.3,77.1
59,2026-08-13T12:26:49Z,KNYC,2026-08-15,high,30,85.43,2.12,83.1,85.25,87.9,79.2,88.2
60,2026-08-13T12:26:49Z,KNYC,2026-08-15,low,30,70.44,1.63,68.74,70.1,72.71,68.0,73.9
61,2026-08-13T12:26:49Z,KOKC,2026-08-13,high,30,106.27,3.16,101.81,106.5,110.11,98.6,111.0
62,2026-08-13T12:26:49Z,KOKC,2026-08-13,low,30,83.24,0.72,82.19,83.15,84.21,81.9,84.9
63,2026-08-13T12:26:49Z,KOKC,2026-08-14,high,30,106.78,2.52,104.08,106.55,109.91,102.9,111.1
64,2026-08-13T12:26:49Z,KOKC,2026-08-14,low,30,84.69,1.84,82.65,84.5,87.12,81.6,88.7
65,2026-08-13T12:26:49Z,KOKC,2026-08-15,high,30,105.21,2.93,101.16,106.15,108.33,98.9,110.2
66,2026-08-13T12:26:49Z,KOKC,2026-08-15,low,30,83.8,1.65,82.1,83.55,85.52,80.4,89.0
67,2026-08-13T12:26:49Z,KPHL,2026-08-13,high,30,88.36,1.27,86.56,88.55,89.61,85.1,90.9
68,2026-08-13T12:26:49Z,KPHL,2026-08-13,low,30,70.17,0.65,69.4,70.1,71.0,68.7,71.6
69,2026-08-13T12:26:49Z,KPHL,2026-08-14,high,30,86.35,3.08,82.29,86.75,89.33,76.0,90.8
70,2026-08-13T12:26:49Z,KPHL,2026-08-14,low,30,71.35,1.16,69.88,71.3,72.72,69.3,73.8
71,2026-08-13T12:26:49Z,KPHL,2026-08-15,high,30,85.59,2.64,81.78,85.3,88.9,80.6,90.5
72,2026-08-13T12:26:49Z,KPHL,2026-08-15,low,30,68.62,1.99,66.28,68.85,70.65,64.0,73.4
73,2026-08-13T12:26:49Z,KSAT,2026-08-13,high,30,101.68,2.91,97.47,102.05,105.52,94.6,106.2
74,2026-08-13T12:26:49Z,KSAT,2026-08-13,low,30,75.95,0.47,75.39,76.0,76.52,74.9,76.8
75,2026-08-13T12:26:49Z,KSAT,2026-08-14,high,30,99.73,1.57,98.17,100.05,101.53,94.6,102.0
76,2026-08-13T12:26:49Z,KSAT,2026-08-14,low,30,76.01,0.68,75.2,75.9,77.0,74.5,77.0
77,2026-08-13T12:26:49Z,KSAT,2026-08-15,high,30,100.97,2.45,97.94,101.05,103.94,96.4,105.3
78,2026-08-13T12:26:49Z,KSAT,2026-08-15,low,30,76.39,0.61,75.77,76.3,77.22,75.2,77.7
85,2026-08-13T12:26:49Z,KSEA,2026-08-13,high,30,85.13,1.68,83.44,85.7,86.71,79.8,87.1
86,2026-08-13T12:26:49Z,KSEA,2026-08-13,low,30,57.76,0.48,57.29,57.75,58.31,56.8,59.1
87,2026-08-13T12:26:49Z,KSEA,2026-08-14,high,30,80.45,4.3,75.18,80.9,85.69,70.1,89.0
88,2026-08-13T12:26:49Z,KSEA,2026-08-14,low,30,58.92,0.66,58.2,58.75,59.81,57.9,60.7
89,2026-08-13T12:26:49Z,KSEA,2026-08-15,high,30,81.95,2.51,79.06,82.0,84.92,76.6,86.7
90,2026-08-13T12:26:49Z,KSEA,2026-08-15,low,30,57.27,1.23,55.88,56.85,59.22,55.0,60.3
79,2026-08-13T12:26:49Z,KSFO,2026-08-13,high,30,69.47,1.26,68.0,69.35,71.03,67.7,73.5
80,2026-08-13T12:26:49Z,KSFO,2026-08-13,low,30,58.98,0.36,58.5,59.0,59.51,58.3,59.6
81,2026-08-13T12:26:49Z,KSFO,2026-08-14,high,30,69.83,0.88,68.78,69.75,70.94,68.3,71.7
82,2026-08-13T12:26:49Z,KSFO,2026-08-14,low,30,59.73,0.5,59.0,59.7,60.3,58.8,61.0
83,2026-08-13T12:26:49Z,KSFO,2026-08-15,high,30,70.78,1.66,68.78,70.8,72.64,66.7,74.7
84,2026-08-13T12:26:49Z,KSFO,2026-08-15,low,30,58.51,0.58,57.8,58.6,59.11,57.2,59.9
1,2026-08-13T14:01:21Z,KATL,2026-08-13,high,30,94.69,0.76,93.7,94.8,95.72,92.9,96.0
2,2026-08-13T14:01:21Z,KATL,2026-08-13,low,30,75.4,0.24,75.0,75.4,75.7,74.9,75.8
3,2026-08-13T14:01:21Z,KATL,2026-08-14,high,30,95.0,1.17,93.88,95.0,96.52,92.0,96.9
4,2026-08-13T14:01:21Z,KATL,2026-08-14,low,30,77.52,0.6,76.8,77.6,78.2,76.1,79.0
5,2026-08-13T14:01:21Z,KATL,2026-08-15,high,30,96.53,2.07,93.9,96.55,99.44,92.9,101.4
6,2026-08-13T14:01:21Z,KATL,2026-08-15,low,30,78.11,0.63,77.39,78.15,78.91,76.3,79.2
7,2026-08-13T14:01:21Z,KAUS,2026-08-13,high,30,104.4,3.15,99.88,104.75,108.42,97.6,109.3
8,2026-08-13T14:01:21Z,KAUS,2026-08-13,low,30,77.45,0.51,76.8,77.45,78.11,76.4,78.6
9,2026-08-13T14:01:21Z,KAUS,2026-08-14,high,30,101.57,1.77,99.58,101.5,103.9,96.9,105.5
10,2026-08-13T14:01:21Z,KAUS,2026-08-14,low,30,77.31,0.61,76.59,77.2,77.95,76.0,78.7
11,2026-08-13T14:01:21Z,KAUS,2026-08-15,high,30,103.96,2.64,100.09,104.0,107.5,98.5,108.4
12,2026-08-13T14:01:21Z,KAUS,2026-08-15,low,30,77.57,0.55,76.9,77.55,78.3,76.6,78.7
13,2026-08-13T14:01:21Z,KBOS,2026-08-13,high,30,84.96,1.61,83.57,85.2,86.61,79.7,87.9
14,2026-08-13T14:01:21Z,KBOS,2026-08-13,low,30,68.69,0.79,67.78,68.6,69.65,67.2,70.6
15,2026-08-13T14:01:21Z,KBOS,2026-08-14,high,30,82.15,2.04,80.53,82.25,84.5,75.1,86.1
16,2026-08-13T14:01:21Z,KBOS,2026-08-14,low,30,68.67,0.93,67.29,68.8,69.64,67.1,70.0
17,2026-08-13T14:01:21Z,KBOS,2026-08-15,high,30,79.75,2.04,77.18,80.0,82.26,75.1,83.4
18,2026-08-13T14:01:21Z,KBOS,2026-08-15,low,30,65.16,1.38,63.61,65.0,66.81,61.8,67.8
97,2026-08-13T14:01:21Z,KDCA,2026-08-13,high,30,91.95,1.78,89.7,92.15,93.85,88.4,96.4
98,2026-08-13T14:01:21Z,KDCA,2026-08-13,low,30,74.09,0.61,73.4,74.2,74.8,72.2,75.4
99,2026-08-13T14:01:21Z,KDCA,2026-08-14,high,30,84.99,4.63,79.08,84.75,90.84,76.6,93.7
100,2026-08-13T14:01:21Z,KDCA,2026-08-14,low,30,74.16,1.76,71.2,74.45,76.23,69.8,76.9
101,2026-08-13T14:01:21Z,KDCA,2026-08-15,high,30,85.21,3.85,80.95,85.85,90.51,74.0,90.7
102,2026-08-13T14:01:21Z,KDCA,2026-08-15,low,30,70.89,2.1,68.59,70.6,73.87,66.6,74.9
25,2026-08-13T14:01:21Z,KDEN,2026-08-13,high,30,81.4,2.68,77.28,81.55,84.9,75.3,85.8
26,2026-08-13T14:01:21Z,KDEN,2026-08-13,low,30,61.7,1.2,60.6,61.9,63.13,58.1,63.7
27,2026-08-13T14:01:21Z,KDEN,2026-08-14,high,30,87.48,1.05,86.4,87.4,88.83,85.5,90.5
28,2026-08-13T14:01:21Z,KDEN,2026-08-14,low,30,63.48,1.02,62.0,63.55,64.62,61.0,64.9
29,2026-08-13T14:01:21Z,KDEN,2026-08-15,high,30,84.86,2.36,82.2,85.6,87.33,79.2,89.4
30,2026-08-13T14:01:21Z,KDEN,2026-08-15,low,30,64.54,1.56,62.59,64.15,66.51,61.7,67.5
19,2026-08-13T14:01:21Z,KDFW,2026-08-13,high,30,103.59,2.7,99.77,103.85,106.7,97.1,108.3
20,2026-08-13T14:01:21Z,KDFW,2026-08-13,low,30,83.81,0.3,83.5,83.8,84.2,83.3,84.5
21,2026-08-13T14:01:21Z,KDFW,2026-08-14,high,30,103.27,2.24,100.57,103.0,106.33,99.9,107.5
22,2026-08-13T14:01:21Z,KDFW,2026-08-14,low,30,81.87,1.24,80.0,81.85,83.62,80.0,84.2
23,2026-08-13T14:01:21Z,KDFW,2026-08-15,high,30,103.73,2.62,99.76,104.4,106.61,97.8,107.0
24,2026-08-13T14:01:21Z,KDFW,2026-08-15,low,30,84.05,1.11,82.97,84.3,85.13,81.6,86.7
31,2026-08-13T14:01:21Z,KIAH,2026-08-13,high,30,99.17,1.81,96.69,99.3,101.91,95.7,102.5
32,2026-08-13T14:01:21Z,KIAH,2026-08-13,low,30,81.63,0.26,81.3,81.65,81.91,80.9,82.1
33,2026-08-13T14:01:21Z,KIAH,2026-08-14,high,30,97.23,1.76,94.78,97.55,99.21,93.6,100.9
34,2026-08-13T14:01:21Z,KIAH,2026-08-14,low,30,80.32,0.59,79.5,80.4,81.0,78.9,81.3
35,2026-08-13T14:01:21Z,KIAH,2026-08-15,high,30,100.05,1.8,97.79,100.0,102.03,96.4,104.4
36,2026-08-13T14:01:21Z,KIAH,2026-08-15,low,30,81.34,0.65,80.59,81.3,82.2,79.7,82.2
37,2026-08-13T14:01:21Z,KLAX,2026-08-13,high,30,74.49,0.47,73.99,74.5,74.9,73.6,76.3
38,2026-08-13T14:01:21Z,KLAX,2026-08-13,low,30,67.3,0.26,67.0,67.3,67.62,66.7,67.8
39,2026-08-13T14:01:21Z,KLAX,2026-08-14,high,30,74.69,0.56,73.8,74.7,75.4,73.7,75.8
40,2026-08-13T14:01:21Z,KLAX,2026-08-14,low,30,67.0,0.44,66.49,66.9,67.52,66.4,68.2
41,2026-08-13T14:01:21Z,KLAX,2026-08-15,high,30,77.24,1.08,75.29,77.25,78.32,75.1,79.0
42,2026-08-13T14:01:21Z,KLAX,2026-08-15,low,30,67.27,0.63,66.4,67.3,68.2,66.3,68.8
43,2026-08-13T14:01:21Z,KMIA,2026-08-13,high,30,90.91,0.57,90.28,91.0,91.34,89.4,92.2
44,2026-08-13T14:01:21Z,KMIA,2026-08-13,low,30,83.05,0.51,82.38,83.1,83.7,81.6,83.8
45,2026-08-13T14:01:21Z,KMIA,2026-08-14,high,30,89.83,0.79,88.49,89.9,90.91,88.3,91.3
46,2026-08-13T14:01:21Z,KMIA,2026-08-14,low,30,83.65,0.32,83.19,83.7,84.0,83.0,84.0
47,2026-08-13T14:01:21Z,KMIA,2026-08-15,high,30,88.86,1.07,87.83,88.95,90.12,85.8,90.8
48,2026-08-13T14:01:21Z,KMIA,2026-08-15,low,30,83.34,1.02,81.98,83.5,84.52,80.4,84.9
49,2026-08-13T14:01:21Z,KMSP,2026-08-13,high,30,87.04,3.97,80.59,88.25,91.21,77.7,92.1
50,2026-08-13T14:01:21Z,KMSP,2026-08-13,low,30,73.17,0.75,72.39,73.15,74.11,71.4,74.8
51,2026-08-13T14:01:21Z,KMSP,2026-08-14,high,30,85.05,4.73,78.37,86.2,90.46,73.2,91.3
52,2026-08-13T14:01:21Z,KMSP,2026-08-14,low,30,69.02,1.46,67.0,69.25,70.82,65.7,71.3
53,2026-08-13T14:01:21Z,KMSP,2026-08-15,high,30,83.87,5.01,77.04,85.05,89.62,72.3,92.2
54,2026-08-13T14:01:21Z,KMSP,2026-08-15,low,30,69.32,2.65,65.74,69.9,72.11,63.8,73.2
55,2026-08-13T14:01:21Z,KMSY,2026-08-13,high,30,96.25,1.21,94.85,96.15,97.91,93.9,98.6
56,2026-08-13T14:01:21Z,KMSY,2026-08-13,low,30,76.96,0.38,76.4,76.9,77.41,76.3,77.7
57,2026-08-13T14:01:21Z,KMSY,2026-08-14,high,30,99.39,1.74,97.88,99.7,100.91,94.4,103.0
58,2026-08-13T14:01:21Z,KMSY,2026-08-14,low,30,74.5,0.8,73.49,74.5,75.4,72.8,75.9
59,2026-08-13T14:01:21Z,KMSY,2026-08-15,high,30,98.36,1.76,95.98,98.65,100.39,94.7,101.4
60,2026-08-13T14:01:21Z,KMSY,2026-08-15,low,30,75.68,0.86,74.59,75.75,76.61,73.7,77.3
61,2026-08-13T14:01:21Z,KOKC,2026-08-13,high,30,106.27,3.16,101.81,106.5,110.11,98.6,111.0
62,2026-08-13T14:01:21Z,KOKC,2026-08-13,low,30,83.24,0.72,82.19,83.15,84.21,81.9,84.9
63,2026-08-13T14:01:21Z,KOKC,2026-08-14,high,30,106.78,2.52,104.08,106.55,109.91,102.9,111.1
64,2026-08-13T14:01:21Z,KOKC,2026-08-14,low,30,84.69,1.84,82.65,84.5,87.12,81.6,88.7
65,2026-08-13T14:01:21Z,KOKC,2026-08-15,high,30,105.21,2.93,101.16,106.15,108.33,98.9,110.2
66,2026-08-13T14:01:21Z,KOKC,2026-08-15,low,30,83.8,1.65,82.1,83.55,85.52,80.4,89.0
67,2026-08-13T14:01:21Z,KPHL,2026-08-13,high,30,88.36,1.27,86.56,88.55,89.61,85.1,90.9
68,2026-08-13T14:01:21Z,KPHL,2026-08-13,low,30,70.17,0.65,69.4,70.1,71.0,68.7,71.6
69,2026-08-13T14:01:21Z,KPHL,2026-08-14,high,30,86.35,3.08,82.29,86.75,89.33,76.0,90.8
70,2026-08-13T14:01:21Z,KPHL,2026-08-14,low,30,71.35,1.16,69.88,71.3,72.72,69.3,73.8
71,2026-08-13T14:01:21Z,KPHL,2026-08-15,high,30,85.59,2.64,81.78,85.3,88.9,80.6,90.5
72,2026-08-13T14:01:21Z,KPHL,2026-08-15,low,30,68.62,1.99,66.28,68.85,70.65,64.0,73.4
73,2026-08-13T14:01:21Z,KPHX,2026-08-13,high,30,98.79,1.11,97.47,98.7,100.11,96.5,101.0
74,2026-08-13T14:01:21Z,KPHX,2026-08-13,low,30,82.09,2.06,79.41,82.9,84.0,77.1,84.7
75,2026-08-13T14:01:21Z,KPHX,2026-08-14,high,30,99.7,1.45,98.06,99.65,101.36,95.2,102.3
76,2026-08-13T14:01:21Z,KPHX,2026-08-14,low,30,86.98,0.96,85.64,87.15,87.94,84.8,88.4
77,2026-08-13T14:01:21Z,KPHX,2026-08-15,high,30,102.74,1.34,101.28,102.75,104.33,100.2,105.5
78,2026-08-13T14:01:21Z,KPHX,2026-08-15,low,30,89.34,1.34,88.87,89.6,90.31,82.7,90.8
79,2026-08-13T14:01:21Z,KSAT,2026-08-13,high,30,101.68,2.91,97.47,102.05,105.52,94.6,106.2
80,2026-08-13T14:01:21Z,KSAT,2026-08-13,low,30,75.95,0.47,75.39,76.0,76.52,74.9,76.8
81,2026-08-13T14:01:21Z,KSAT,2026-08-14,high,30,99.73,1.57,98.17,100.05,101.53,94.6,102.0
82,2026-08-13T14:01:21Z,KSAT,2026-08-14,low,30,76.01,0.68,75.2,75.9,77.0,74.5,77.0
83,2026-08-13T14:01:21Z,KSAT,2026-08-15,high,30,100.97,2.45,97.94,101.05,103.94,96.4,105.3
84,2026-08-13T14:01:21Z,KSAT,2026-08-15,low,30,76.39,0.61,75.77,76.3,77.22,75.2,77.7
91,2026-08-13T14:01:21Z,KSEA,2026-08-13,high,30,85.13,1.68,83.44,85.7,86.71,79.8,87.1
92,2026-08-13T14:01:21Z,KSEA,2026-08-13,low,30,57.76,0.48,57.29,57.75,58.31,56.8,59.1
93,2026-08-13T14:01:21Z,KSEA,2026-08-14,high,30,80.45,4.3,75.18,80.9,85.69,70.1,89.0
94,2026-08-13T14:01:21Z,KSEA,2026-08-14,low,30,58.92,0.66,58.2,58.75,59.81,57.9,60.7
95,2026-08-13T14:01:21Z,KSEA,2026-08-15,high,30,81.95,2.51,79.06,82.0,84.92,76.6,86.7
96,2026-08-13T14:01:21Z,KSEA,2026-08-15,low,30,57.27,1.23,55.88,56.85,59.22,55.0,60.3
85,2026-08-13T14:01:21Z,KSFO,2026-08-13,high,30,69.47,1.26,68.0,69.35,71.03,67.7,73.5
86,2026-08-13T14:01:21Z,KSFO,2026-08-13,low,30,58.98,0.36,58.5,59.0,59.51,58.3,59.6
87,2026-08-13T14:01:21Z,KSFO,2026-08-14,high,30,69.83,0.88,68.78,69.75,70.94,68.3,71.7
88,2026-08-13T14:01:21Z,KSFO,2026-08-14,low,30,59.73,0.5,59.0,59.7,60.3,58.8,61.0
89,2026-08-13T14:01:21Z,KSFO,2026-08-15,high,30,70.78,1.66,68.78,70.8,72.64,66.7,74.7
90,2026-08-13T14:01:21Z,KSFO,2026-08-15,low,30,58.51,0.58,57.8,58.6,59.11,57.2,59.9
1,2026-08-13T15:06:36Z,KATL,2026-08-13,high,30,94.69,0.76,93.7,94.8,95.72,92.9,96.0
2,2026-08-13T15:06:36Z,KATL,2026-08-13,low,30,75.4,0.24,75.0,75.4,75.7,74.9,75.8
3,2026-08-13T15:06:36Z,KATL,2026-08-14,high,30,95.0,1.17,93.88,95.0,96.52,92.0,96.9
4,2026-08-13T15:06:36Z,KATL,2026-08-14,low,30,77.52,0.6,76.8,77.6,78.2,76.1,79.0
5,2026-08-13T15:06:36Z,KATL,2026-08-15,high,30,96.53,2.07,93.9,96.55,99.44,92.9,101.4
6,2026-08-13T15:06:36Z,KATL,2026-08-15,low,30,78.11,0.63,77.39,78.15,78.91,76.3,79.2
7,2026-08-13T15:06:36Z,KAUS,2026-08-13,high,30,104.4,3.15,99.88,104.75,108.42,97.6,109.3
8,2026-08-13T15:06:36Z,KAUS,2026-08-13,low,30,77.45,0.51,76.8,77.45,78.11,76.4,78.6
9,2026-08-13T15:06:36Z,KAUS,2026-08-14,high,30,101.57,1.77,99.58,101.5,103.9,96.9,105.5
10,2026-08-13T15:06:36Z,KAUS,2026-08-14,low,30,77.31,0.61,76.59,77.2,77.95,76.0,78.7
11,2026-08-13T15:06:36Z,KAUS,2026-08-15,high,30,103.96,2.64,100.09,104.0,107.5,98.5,108.4
12,2026-08-13T15:06:36Z,KAUS,2026-08-15,low,30,77.57,0.55,76.9,77.55,78.3,76.6,78.7
13,2026-08-13T15:06:36Z,KBOS,2026-08-13,high,30,84.96,1.61,83.57,85.2,86.61,79.7,87.9
14,2026-08-13T15:06:36Z,KBOS,2026-08-13,low,30,68.69,0.79,67.78,68.6,69.65,67.2,70.6
15,2026-08-13T15:06:36Z,KBOS,2026-08-14,high,30,82.15,2.04,80.53,82.25,84.5,75.1,86.1
16,2026-08-13T15:06:36Z,KBOS,2026-08-14,low,30,68.67,0.93,67.29,68.8,69.64,67.1,70.0
17,2026-08-13T15:06:36Z,KBOS,2026-08-15,high,30,79.75,2.04,77.18,80.0,82.26,75.1,83.4
18,2026-08-13T15:06:36Z,KBOS,2026-08-15,low,30,65.16,1.38,63.61,65.0,66.81,61.8,67.8
25,2026-08-13T15:06:36Z,KDEN,2026-08-13,high,30,81.4,2.68,77.28,81.55,84.9,75.3,85.8
26,2026-08-13T15:06:36Z,KDEN,2026-08-13,low,30,61.7,1.2,60.6,61.9,63.13,58.1,63.7
27,2026-08-13T15:06:36Z,KDEN,2026-08-14,high,30,87.48,1.05,86.4,87.4,88.83,85.5,90.5
28,2026-08-13T15:06:36Z,KDEN,2026-08-14,low,30,63.48,1.02,62.0,63.55,64.62,61.0,64.9
29,2026-08-13T15:06:36Z,KDEN,2026-08-15,high,30,84.86,2.36,82.2,85.6,87.33,79.2,89.4
30,2026-08-13T15:06:36Z,KDEN,2026-08-15,low,30,64.54,1.56,62.59,64.15,66.51,61.7,67.5
31,2026-08-13T15:06:36Z,KIAH,2026-08-13,high,30,99.17,1.81,96.69,99.3,101.91,95.7,102.5
32,2026-08-13T15:06:36Z,KIAH,2026-08-13,low,30,81.63,0.26,81.3,81.65,81.91,80.9,82.1
33,2026-08-13T15:06:36Z,KIAH,2026-08-14,high,30,97.23,1.76,94.78,97.55,99.21,93.6,100.9
34,2026-08-13T15:06:36Z,KIAH,2026-08-14,low,30,80.32,0.59,79.5,80.4,81.0,78.9,81.3
35,2026-08-13T15:06:36Z,KIAH,2026-08-15,high,30,100.05,1.8,97.79,100.0,102.03,96.4,104.4
36,2026-08-13T15:06:36Z,KIAH,2026-08-15,low,30,81.34,0.65,80.59,81.3,82.2,79.7,82.2
37,2026-08-13T15:06:36Z,KLAS,2026-08-13,high,30,93.85,0.7,92.79,93.9,94.62,92.3,95.0
38,2026-08-13T15:06:36Z,KLAS,2026-08-13,low,30,79.66,1.69,77.94,79.8,81.71,74.2,82.2
39,2026-08-13T15:06:36Z,KLAS,2026-08-14,high,30,96.83,1.06,95.74,96.95,97.92,93.7,99.2
40,2026-08-13T15:06:36Z,KLAS,2026-08-14,low,30,81.76,1.19,79.9,82.15,83.1,79.1,83.3
41,2026-08-13T15:06:36Z,KLAS,2026-08-15,high,30,96.74,1.83,94.17,97.15,98.82,93.0,100.0
42,2026-08-13T15:06:36Z,KLAS,2026-08-15,low,30,79.96,1.29,78.49,80.15,81.61,76.6,82.2
43,2026-08-13T15:06:36Z,KLAX,2026-08-13,high,30,74.49,0.47,73.99,74.5,74.9,73.6,76.3
44,2026-08-13T15:06:36Z,KLAX,2026-08-13,low,30,67.3,0.26,67.0,67.3,67.62,66.7,67.8
45,2026-08-13T15:06:36Z,KLAX,2026-08-14,high,30,74.69,0.56,73.8,74.7,75.4,73.7,75.8
46,2026-08-13T15:06:36Z,KLAX,2026-08-14,low,30,67.0,0.44,66.49,66.9,67.52,66.4,68.2
47,2026-08-13T15:06:36Z,KLAX,2026-08-15,high,30,77.24,1.08,75.29,77.25,78.32,75.1,79.0
48,2026-08-13T15:06:36Z,KLAX,2026-08-15,low,30,67.27,0.63,66.4,67.3,68.2,66.3,68.8
19,2026-08-13T15:06:36Z,KMDW,2026-08-13,high,30,82.19,1.81,80.3,81.8,85.3,79.8,85.8
20,2026-08-13T15:06:36Z,KMDW,2026-08-13,low,30,70.11,0.59,69.46,70.05,70.9,69.0,71.4
21,2026-08-13T15:06:36Z,KMDW,2026-08-14,high,30,79.97,3.17,74.9,80.7,83.63,73.4,86.5
22,2026-08-13T15:06:36Z,KMDW,2026-08-14,low,30,70.77,1.08,69.68,70.75,72.2,67.6,72.7
23,2026-08-13T15:06:36Z,KMDW,2026-08-15,high,30,86.85,3.05,83.1,86.8,90.74,78.6,91.9
24,2026-08-13T15:06:36Z,KMDW,2026-08-15,low,30,72.68,1.86,70.67,72.7,74.4,68.6,78.1
49,2026-08-13T15:06:36Z,KMSP,2026-08-13,high,30,87.04,3.97,80.59,88.25,91.21,77.7,92.1
50,2026-08-13T15:06:36Z,KMSP,2026-08-13,low,30,73.17,0.75,72.39,73.15,74.11,71.4,74.8
51,2026-08-13T15:06:36Z,KMSP,2026-08-14,high,30,85.05,4.73,78.37,86.2,90.46,73.2,91.3
52,2026-08-13T15:06:36Z,KMSP,2026-08-14,low,30,69.02,1.46,67.0,69.25,70.82,65.7,71.3
53,2026-08-13T15:06:36Z,KMSP,2026-08-15,high,30,83.87,5.01,77.04,85.05,89.62,72.3,92.2
54,2026-08-13T15:06:36Z,KMSP,2026-08-15,low,30,69.32,2.65,65.74,69.9,72.11,63.8,73.2
55,2026-08-13T15:06:36Z,KMSY,2026-08-13,high,30,96.25,1.21,94.85,96.15,97.91,93.9,98.6
56,2026-08-13T15:06:36Z,KMSY,2026-08-13,low,30,76.96,0.38,76.4,76.9,77.41,76.3,77.7
57,2026-08-13T15:06:36Z,KMSY,2026-08-14,high,30,99.39,1.74,97.88,99.7,100.91,94.4,103.0
58,2026-08-13T15:06:36Z,KMSY,2026-08-14,low,30,74.5,0.8,73.49,74.5,75.4,72.8,75.9
59,2026-08-13T15:06:36Z,KMSY,2026-08-15,high,30,98.36,1.76,95.98,98.65,100.39,94.7,101.4
60,2026-08-13T15:06:36Z,KMSY,2026-08-15,low,30,75.68,0.86,74.59,75.75,76.61,73.7,77.3
61,2026-08-13T15:06:36Z,KNYC,2026-08-13,high,30,88.99,1.22,87.28,88.95,90.5,86.6,91.3
62,2026-08-13T15:06:36Z,KNYC,2026-08-13,low,30,74.4,0.67,73.76,74.3,75.2,72.8,76.1
63,2026-08-13T15:06:36Z,KNYC,2026-08-14,high,30,88.06,2.03,85.59,88.1,90.32,82.8,91.3
64,2026-08-13T15:06:36Z,KNYC,2026-08-14,low,30,74.36,1.16,72.78,74.35,75.92,72.3,77.1
65,2026-08-13T15:06:36Z,KNYC,2026-08-15,high,30,85.43,2.12,83.1,85.25,87.9,79.2,88.2
66,2026-08-13T15:06:36Z,KNYC,2026-08-15,low,30,70.44,1.63,68.74,70.1,72.71,68.0,73.9
67,2026-08-13T15:06:36Z,KOKC,2026-08-13,high,30,106.27,3.16,101.81,106.5,110.11,98.6,111.0
68,2026-08-13T15:06:36Z,KOKC,2026-08-13,low,30,83.24,0.72,82.19,83.15,84.21,81.9,84.9
69,2026-08-13T15:06:36Z,KOKC,2026-08-14,high,30,106.78,2.52,104.08,106.55,109.91,102.9,111.1
70,2026-08-13T15:06:36Z,KOKC,2026-08-14,low,30,84.69,1.84,82.65,84.5,87.12,81.6,88.7
71,2026-08-13T15:06:36Z,KOKC,2026-08-15,high,30,105.21,2.93,101.16,106.15,108.33,98.9,110.2
72,2026-08-13T15:06:36Z,KOKC,2026-08-15,low,30,83.8,1.65,82.1,83.55,85.52,80.4,89.0
73,2026-08-13T15:06:36Z,KPHL,2026-08-13,high,30,88.36,1.27,86.56,88.55,89.61,85.1,90.9
74,2026-08-13T15:06:36Z,KPHL,2026-08-13,low,30,70.17,0.65,69.4,70.1,71.0,68.7,71.6
75,2026-08-13T15:06:36Z,KPHL,2026-08-14,high,30,86.35,3.08,82.29,86.75,89.33,76.0,90.8
76,2026-08-13T15:06:36Z,KPHL,2026-08-14,low,30,71.35,1.16,69.88,71.3,72.72,69.3,73.8
77,2026-08-13T15:06:36Z,KPHL,2026-08-15,high,30,85.59,2.64,81.78,85.3,88.9,80.6,90.5
78,2026-08-13T15:06:36Z,KPHL,2026-08-15,low,30,68.62,1.99,66.28,68.85,70.65,64.0,73.4
79,2026-08-13T15:06:36Z,KSAT,2026-08-13,high,30,101.68,2.91,97.47,102.05,105.52,94.6,106.2
80,2026-08-13T15:06:36Z,KSAT,2026-08-13,low,30,75.95,0.47,75.39,76.0,76.52,74.9,76.8
81,2026-08-13T15:06:36Z,KSAT,2026-08-14,high,30,99.73,1.57,98.17,100.05,101.53,94.6,102.0
82,2026-08-13T15:06:36Z,KSAT,2026-08-14,low,30,76.01,0.68,75.2,75.9,77.0,74.5,77.0
83,2026-08-13T15:06:36Z,KSAT,2026-08-15,high,30,100.97,2.45,97.94,101.05,103.94,96.4,105.3
84,2026-08-13T15:06:36Z,KSAT,2026-08-15,low,30,76.39,0.61,75.77,76.3,77.22,75.2,77.7
91,2026-08-13T15:06:36Z,KSEA,2026-08-13,high,30,85.13,1.68,83.44,85.7,86.71,79.8,87.1
92,2026-08-13T15:06:36Z,KSEA,2026-08-13,low,30,57.76,0.48,57.29,57.75,58.31,56.8,59.1
93,2026-08-13T15:06:36Z,KSEA,2026-08-14,high,30,80.45,4.3,75.18,80.9,85.69,70.1,89.0
94,2026-08-13T15:06:36Z,KSEA,2026-08-14,low,30,58.92,0.66,58.2,58.75,59.81,57.9,60.7
95,2026-08-13T15:06:36Z,KSEA,2026-08-15,high,30,81.95,2.51,79.06,82.0,84.92,76.6,86.7
96,2026-08-13T15:06:36Z,KSEA,2026-08-15,low,30,57.27,1.23,55.88,56.85,59.22,55.0,60.3
85,2026-08-13T15:06:36Z,KSFO,2026-08-13,high,30,69.47,1.26,68.0,69.35,71.03,67.7,73.5
86,2026-08-13T15:06:36Z,KSFO,2026-08-13,low,30,58.98,0.36,58.5,59.0,59.51,58.3,59.6
87,2026-08-13T15:06:36Z,KSFO,2026-08-14,high,30,69.83,0.88,68.78,69.75,70.94,68.3,71.7
88,2026-08-13T15:06:36Z,KSFO,2026-08-14,low,30,59.73,0.5,59.0,59.7,60.3,58.8,61.0
89,2026-08-13T15:06:36Z,KSFO,2026-08-15,high,30,70.78,1.66,68.78,70.8,72.64,66.7,74.7
90,2026-08-13T15:06:36Z,KSFO,2026-08-15,low,30,58.51,0.58,57.8,58.6,59.11,57.2,59.9
1,2026-08-13T16:06:04Z,KATL,2026-08-13,high,30,94.69,0.76,93.7,94.8,95.72,92.9,96.0
2,2026-08-13T16:06:04Z,KATL,2026-08-13,low,30,75.4,0.24,75.0,75.4,75.7,74.9,75.8
3,2026-08-13T16:06:04Z,KATL,2026-08-14,high,30,95.0,1.17,93.88,95.0,96.52,92.0,96.9
4,2026-08-13T16:06:04Z,KATL,2026-08-14,low,30,77.52,0.6,76.8,77.6,78.2,76.1,79.0
5,2026-08-13T16:06:04Z,KATL,2026-08-15,high,30,96.53,2.07,93.9,96.55,99.44,92.9,101.4
6,2026-08-13T16:06:04Z,KATL,2026-08-15,low,30,78.11,0.63,77.39,78.15,78.91,76.3,79.2
7,2026-08-13T16:06:04Z,KAUS,2026-08-13,high,30,104.4,3.15,99.88,104.75,108.42,97.6,109.3
8,2026-08-13T16:06:04Z,KAUS,2026-08-13,low,30,77.45,0.51,76.8,77.45,78.11,76.4,78.6
9,2026-08-13T16:06:04Z,KAUS,2026-08-14,high,30,101.57,1.77,99.58,101.5,103.9,96.9,105.5
10,2026-08-13T16:06:04Z,KAUS,2026-08-14,low,30,77.31,0.61,76.59,77.2,77.95,76.0,78.7
11,2026-08-13T16:06:04Z,KAUS,2026-08-15,high,30,103.96,2.64,100.09,104.0,107.5,98.5,108.4
12,2026-08-13T16:06:04Z,KAUS,2026-08-15,low,30,77.57,0.55,76.9,77.55,78.3,76.6,78.7
13,2026-08-13T16:06:04Z,KBOS,2026-08-13,high,30,84.96,1.61,83.57,85.2,86.61,79.7,87.9
14,2026-08-13T16:06:04Z,KBOS,2026-08-13,low,30,68.69,0.79,67.78,68.6,69.65,67.2,70.6
15,2026-08-13T16:06:04Z,KBOS,2026-08-14,high,30,82.15,2.04,80.53,82.25,84.5,75.1,86.1
16,2026-08-13T16:06:04Z,KBOS,2026-08-14,low,30,68.67,0.93,67.29,68.8,69.64,67.1,70.0
17,2026-08-13T16:06:04Z,KBOS,2026-08-15,high,30,79.75,2.04,77.18,80.0,82.26,75.1,83.4
18,2026-08-13T16:06:04Z,KBOS,2026-08-15,low,30,65.16,1.38,63.61,65.0,66.81,61.8,67.8
97,2026-08-13T16:06:04Z,KDCA,2026-08-13,high,30,91.95,1.78,89.7,92.15,93.85,88.4,96.4
98,2026-08-13T16:06:04Z,KDCA,2026-08-13,low,30,74.09,0.61,73.4,74.2,74.8,72.2,75.4
99,2026-08-13T16:06:04Z,KDCA,2026-08-14,high,30,84.99,4.63,79.08,84.75,90.84,76.6,93.7
100,2026-08-13T16:06:04Z,KDCA,2026-08-14,low,30,74.16,1.76,71.2,74.45,76.23,69.8,76.9
101,2026-08-13T16:06:04Z,KDCA,2026-08-15,high,30,85.21,3.85,80.95,85.85,90.51,74.0,90.7
102,2026-08-13T16:06:04Z,KDCA,2026-08-15,low,30,70.89,2.1,68.59,70.6,73.87,66.6,74.9
25,2026-08-13T16:06:04Z,KDEN,2026-08-13,high,30,81.4,2.68,77.28,81.55,84.9,75.3,85.8
26,2026-08-13T16:06:04Z,KDEN,2026-08-13,low,30,61.7,1.2,60.6,61.9,63.13,58.1,63.7
27,2026-08-13T16:06:04Z,KDEN,2026-08-14,high,30,87.48,1.05,86.4,87.4,88.83,85.5,90.5
28,2026-08-13T16:06:04Z,KDEN,2026-08-14,low,30,63.48,1.02,62.0,63.55,64.62,61.0,64.9
29,2026-08-13T16:06:04Z,KDEN,2026-08-15,high,30,84.86,2.36,82.2,85.6,87.33,79.2,89.4
30,2026-08-13T16:06:04Z,KDEN,2026-08-15,low,30,64.54,1.56,62.59,64.15,66.51,61.7,67.5
19,2026-08-13T16:06:04Z,KDFW,2026-08-13,high,30,103.59,2.7,99.77,103.85,106.7,97.1,108.3
20,2026-08-13T16:06:04Z,KDFW,2026-08-13,low,30,83.81,0.3,83.5,83.8,84.2,83.3,84.5
21,2026-08-13T16:06:04Z,KDFW,2026-08-14,high,30,103.27,2.24,100.57,103.0,106.33,99.9,107.5
22,2026-08-13T16:06:04Z,KDFW,2026-08-14,low,30,81.87,1.24,80.0,81.85,83.62,80.0,84.2
23,2026-08-13T16:06:04Z,KDFW,2026-08-15,high,30,103.73,2.62,99.76,104.4,106.61,97.8,107.0
24,2026-08-13T16:06:04Z,KDFW,2026-08-15,low,30,84.05,1.11,82.97,84.3,85.13,81.6,86.7
31,2026-08-13T16:06:04Z,KIAH,2026-08-13,high,30,99.17,1.81,96.69,99.3,101.91,95.7,102.5
32,2026-08-13T16:06:04Z,KIAH,2026-08-13,low,30,81.63,0.26,81.3,81.65,81.91,80.9,82.1
33,2026-08-13T16:06:04Z,KIAH,2026-08-14,high,30,97.23,1.76,94.78,97.55,99.21,93.6,100.9
34,2026-08-13T16:06:04Z,KIAH,2026-08-14,low,30,80.32,0.59,79.5,80.4,81.0,78.9,81.3
35,2026-08-13T16:06:04Z,KIAH,2026-08-15,high,30,100.05,1.8,97.79,100.0,102.03,96.4,104.4
36,2026-08-13T16:06:04Z,KIAH,2026-08-15,low,30,81.34,0.65,80.59,81.3,82.2,79.7,82.2
37,2026-08-13T16:06:04Z,KLAS,2026-08-13,high,30,93.85,0.7,92.79,93.9,94.62,92.3,95.0
38,2026-08-13T16:06:04Z,KLAS,2026-08-13,low,30,79.66,1.69,77.94,79.8,81.71,74.2,82.2
39,2026-08-13T16:06:04Z,KLAS,2026-08-14,high,30,96.83,1.06,95.74,96.95,97.92,93.7,99.2
40,2026-08-13T16:06:04Z,KLAS,2026-08-14,low,30,81.76,1.19,79.9,82.15,83.1,79.1,83.3
41,2026-08-13T16:06:04Z,KLAS,2026-08-15,high,30,96.74,1.83,94.17,97.15,98.82,93.0,100.0
42,2026-08-13T16:06:04Z,KLAS,2026-08-15,low,30,79.96,1.29,78.49,80.15,81.61,76.6,82.2
43,2026-08-13T16:06:04Z,KMIA,2026-08-13,high,30,90.91,0.57,90.28,91.0,91.34,89.4,92.2
44,2026-08-13T16:06:04Z,KMIA,2026-08-13,low,30,83.05,0.51,82.38,83.1,83.7,81.6,83.8
45,2026-08-13T16:06:04Z,KMIA,2026-08-14,high,30,89.83,0.79,88.49,89.9,90.91,88.3,91.3
46,2026-08-13T16:06:04Z,KMIA,2026-08-14,low,30,83.65,0.32,83.19,83.7,84.0,83.0,84.0
47,2026-08-13T16:06:04Z,KMIA,2026-08-15,high,30,88.86,1.07,87.83,88.95,90.12,85.8,90.8
48,2026-08-13T16:06:04Z,KMIA,2026-08-15,low,30,83.34,1.02,81.98,83.5,84.52,80.4,84.9
49,2026-08-13T16:06:04Z,KMSP,2026-08-13,high,30,87.04,3.97,80.59,88.25,91.21,77.7,92.1
50,2026-08-13T16:06:04Z,KMSP,2026-08-13,low,30,73.17,0.75,72.39,73.15,74.11,71.4,74.8
51,2026-08-13T16:06:04Z,KMSP,2026-08-14,high,30,85.05,4.73,78.37,86.2,90.46,73.2,91.3
52,2026-08-13T16:06:04Z,KMSP,2026-08-14,low,30,69.02,1.46,67.0,69.25,70.82,65.7,71.3
53,2026-08-13T16:06:04Z,KMSP,2026-08-15,high,30,83.87,5.01,77.04,85.05,89.62,72.3,92.2
54,2026-08-13T16:06:04Z,KMSP,2026-08-15,low,30,69.32,2.65,65.74,69.9,72.11,63.8,73.2
55,2026-08-13T16:06:04Z,KMSY,2026-08-13,high,30,96.25,1.21,94.85,96.15,97.91,93.9,98.6
56,2026-08-13T16:06:04Z,KMSY,2026-08-13,low,30,76.96,0.38,76.4,76.9,77.41,76.3,77.7
57,2026-08-13T16:06:04Z,KMSY,2026-08-14,high,30,99.39,1.74,97.88,99.7,100.91,94.4,103.0
58,2026-08-13T16:06:04Z,KMSY,2026-08-14,low,30,74.5,0.8,73.49,74.5,75.4,72.8,75.9
59,2026-08-13T16:06:04Z,KMSY,2026-08-15,high,30,98.36,1.76,95.98,98.65,100.39,94.7,101.4
60,2026-08-13T16:06:04Z,KMSY,2026-08-15,low,30,75.68,0.86,74.59,75.75,76.61,73.7,77.3
61,2026-08-13T16:06:04Z,KNYC,2026-08-13,high,30,88.99,1.22,87.28,88.95,90.5,86.6,91.3
62,2026-08-13T16:06:04Z,KNYC,2026-08-13,low,30,74.4,0.67,73.76,74.3,75.2,72.8,76.1
63,2026-08-13T16:06:04Z,KNYC,2026-08-14,high,30,88.06,2.03,85.59,88.1,90.32,82.8,91.3
64,2026-08-13T16:06:04Z,KNYC,2026-08-14,low,30,74.36,1.16,72.78,74.35,75.92,72.3,77.1
65,2026-08-13T16:06:04Z,KNYC,2026-08-15,high,30,85.43,2.12,83.1,85.25,87.9,79.2,88.2
66,2026-08-13T16:06:04Z,KNYC,2026-08-15,low,30,70.44,1.63,68.74,70.1,72.71,68.0,73.9
67,2026-08-13T16:06:04Z,KOKC,2026-08-13,high,30,106.27,3.16,101.81,106.5,110.11,98.6,111.0
68,2026-08-13T16:06:04Z,KOKC,2026-08-13,low,30,83.24,0.72,82.19,83.15,84.21,81.9,84.9
69,2026-08-13T16:06:04Z,KOKC,2026-08-14,high,30,106.78,2.52,104.08,106.55,109.91,102.9,111.1
70,2026-08-13T16:06:04Z,KOKC,2026-08-14,low,30,84.69,1.84,82.65,84.5,87.12,81.6,88.7
71,2026-08-13T16:06:04Z,KOKC,2026-08-15,high,30,105.21,2.93,101.16,106.15,108.33,98.9,110.2
72,2026-08-13T16:06:04Z,KOKC,2026-08-15,low,30,83.8,1.65,82.1,83.55,85.52,80.4,89.0
73,2026-08-13T16:06:04Z,KPHX,2026-08-13,high,30,98.79,1.11,97.47,98.7,100.11,96.5,101.0
74,2026-08-13T16:06:04Z,KPHX,2026-08-13,low,30,82.09,2.06,79.41,82.9,84.0,77.1,84.7
75,2026-08-13T16:06:04Z,KPHX,2026-08-14,high,30,99.7,1.45,98.06,99.65,101.36,95.2,102.3
76,2026-08-13T16:06:04Z,KPHX,2026-08-14,low,30,86.98,0.96,85.64,87.15,87.94,84.8,88.4
77,2026-08-13T16:06:04Z,KPHX,2026-08-15,high,30,102.74,1.34,101.28,102.75,104.33,100.2,105.5
78,2026-08-13T16:06:04Z,KPHX,2026-08-15,low,30,89.34,1.34,88.87,89.6,90.31,82.7,90.8
79,2026-08-13T16:06:04Z,KSAT,2026-08-13,high,30,101.68,2.91,97.47,102.05,105.52,94.6,106.2
80,2026-08-13T16:06:04Z,KSAT,2026-08-13,low,30,75.95,0.47,75.39,76.0,76.52,74.9,76.8
81,2026-08-13T16:06:04Z,KSAT,2026-08-14,high,30,99.73,1.57,98.17,100.05,101.53,94.6,102.0
82,2026-08-13T16:06:04Z,KSAT,2026-08-14,low,30,76.01,0.68,75.2,75.9,77.0,74.5,77.0
83,2026-08-13T16:06:04Z,KSAT,2026-08-15,high,30,100.97,2.45,97.94,101.05,103.94,96.4,105.3
84,2026-08-13T16:06:04Z,KSAT,2026-08-15,low,30,76.39,0.61,75.77,76.3,77.22,75.2,77.7
91,2026-08-13T16:06:04Z,KSEA,2026-08-13,high,30,85.13,1.68,83.44,85.7,86.71,79.8,87.1
92,2026-08-13T16:06:04Z,KSEA,2026-08-13,low,30,57.76,0.48,57.29,57.75,58.31,56.8,59.1
93,2026-08-13T16:06:04Z,KSEA,2026-08-14,high,30,80.45,4.3,75.18,80.9,85.69,70.1,89.0
94,2026-08-13T16:06:04Z,KSEA,2026-08-14,low,30,58.92,0.66,58.2,58.75,59.81,57.9,60.7
95,2026-08-13T16:06:04Z,KSEA,2026-08-15,high,30,81.95,2.51,79.06,82.0,84.92,76.6,86.7
96,2026-08-13T16:06:04Z,KSEA,2026-08-15,low,30,57.27,1.23,55.88,56.85,59.22,55.0,60.3
85,2026-08-13T16:06:04Z,KSFO,2026-08-13,high,30,69.47,1.26,68.0,69.35,71.03,67.7,73.5
86,2026-08-13T16:06:04Z,KSFO,2026-08-13,low,30,58.98,0.36,58.5,59.0,59.51,58.3,59.6
87,2026-08-13T16:06:04Z,KSFO,2026-08-14,high,30,69.83,0.88,68.78,69.75,70.94,68.3,71.7
88,2026-08-13T16:06:04Z,KSFO,2026-08-14,low,30,59.73,0.5,59.0,59.7,60.3,58.8,61.0
89,2026-08-13T16:06:04Z,KSFO,2026-08-15,high,30,70.78,1.66,68.78,70.8,72.64,66.7,74.7
90,2026-08-13T16:06:04Z,KSFO,2026-08-15,low,30,58.51,0.58,57.8,58.6,59.11,57.2,59.9
1,2026-08-13T17:08:14Z,KATL,2026-08-13,high,30,94.69,0.76,93.7,94.8,95.72,92.9,96.0
2,2026-08-13T17:08:14Z,KATL,2026-08-13,low,30,75.4,0.24,75.0,75.4,75.7,74.9,75.8
3,2026-08-13T17:08:14Z,KATL,2026-08-14,high,30,95.0,1.17,93.88,95.0,96.52,92.0,96.9
4,2026-08-13T17:08:14Z,KATL,2026-08-14,low,30,77.52,0.6,76.8,77.6,78.2,76.1,79.0
5,2026-08-13T17:08:14Z,KATL,2026-08-15,high,30,96.53,2.07,93.9,96.55,99.44,92.9,101.4
6,2026-08-13T17:08:14Z,KATL,2026-08-15,low,30,78.11,0.63,77.39,78.15,78.91,76.3,79.2
7,2026-08-13T17:08:14Z,KAUS,2026-08-13,high,30,104.4,3.15,99.88,104.75,108.42,97.6,109.3
8,2026-08-13T17:08:14Z,KAUS,2026-08-13,low,30,77.45,0.51,76.8,77.45,78.11,76.4,78.6
9,2026-08-13T17:08:14Z,KAUS,2026-08-14,high,30,101.57,1.77,99.58,101.5,103.9,96.9,105.5
10,2026-08-13T17:08:14Z,KAUS,2026-08-14,low,30,77.31,0.61,76.59,77.2,77.95,76.0,78.7
11,2026-08-13T17:08:14Z,KAUS,2026-08-15,high,30,103.96,2.64,100.09,104.0,107.5,98.5,108.4
12,2026-08-13T17:08:14Z,KAUS,2026-08-15,low,30,77.57,0.55,76.9,77.55,78.3,76.6,78.7
13,2026-08-13T17:08:14Z,KBOS,2026-08-13,high,30,84.96,1.61,83.57,85.2,86.61,79.7,87.9
14,2026-08-13T17:08:14Z,KBOS,2026-08-13,low,30,68.69,0.79,67.78,68.6,69.65,67.2,70.6
15,2026-08-13T17:08:14Z,KBOS,2026-08-14,high,30,82.15,2.04,80.53,82.25,84.5,75.1,86.1
16,2026-08-13T17:08:14Z,KBOS,2026-08-14,low,30,68.67,0.93,67.29,68.8,69.64,67.1,70.0
17,2026-08-13T17:08:14Z,KBOS,2026-08-15,high,30,79.75,2.04,77.18,80.0,82.26,75.1,83.4
18,2026-08-13T17:08:14Z,KBOS,2026-08-15,low,30,65.16,1.38,63.61,65.0,66.81,61.8,67.8
103,2026-08-13T17:08:14Z,KDCA,2026-08-13,high,30,91.95,1.78,89.7,92.15,93.85,88.4,96.4
104,2026-08-13T17:08:14Z,KDCA,2026-08-13,low,30,74.09,0.61,73.4,74.2,74.8,72.2,75.4
105,2026-08-13T17:08:14Z,KDCA,2026-08-14,high,30,84.99,4.63,79.08,84.75,90.84,76.6,93.7
106,2026-08-13T17:08:14Z,KDCA,2026-08-14,low,30,74.16,1.76,71.2,74.45,76.23,69.8,76.9
107,2026-08-13T17:08:14Z,KDCA,2026-08-15,high,30,85.21,3.85,80.95,85.85,90.51,74.0,90.7
108,2026-08-13T17:08:14Z,KDCA,2026-08-15,low,30,70.89,2.1,68.59,70.6,73.87,66.6,74.9
25,2026-08-13T17:08:14Z,KDEN,2026-08-13,high,30,81.4,2.68,77.28,81.55,84.9,75.3,85.8
26,2026-08-13T17:08:14Z,KDEN,2026-08-13,low,30,61.7,1.2,60.6,61.9,63.13,58.1,63.7
27,2026-08-13T17:08:14Z,KDEN,2026-08-14,high,30,87.48,1.05,86.4,87.4,88.83,85.5,90.5
28,2026-08-13T17:08:14Z,KDEN,2026-08-14,low,30,63.48,1.02,62.0,63.55,64.62,61.0,64.9
29,2026-08-13T17:08:14Z,KDEN,2026-08-15,high,30,84.86,2.36,82.2,85.6,87.33,79.2,89.4
30,2026-08-13T17:08:14Z,KDEN,2026-08-15,low,30,64.54,1.56,62.59,64.15,66.51,61.7,67.5
19,2026-08-13T17:08:14Z,KDFW,2026-08-13,high,30,103.59,2.7,99.77,103.85,106.7,97.1,108.3
20,2026-08-13T17:08:14Z,KDFW,2026-08-13,low,30,83.81,0.3,83.5,83.8,84.2,83.3,84.5
21,2026-08-13T17:08:14Z,KDFW,2026-08-14,high,30,103.27,2.24,100.57,103.0,106.33,99.9,107.5
22,2026-08-13T17:08:14Z,KDFW,2026-08-14,low,30,81.87,1.24,80.0,81.85,83.62,80.0,84.2
23,2026-08-13T17:08:14Z,KDFW,2026-08-15,high,30,103.73,2.62,99.76,104.4,106.61,97.8,107.0
24,2026-08-13T17:08:14Z,KDFW,2026-08-15,low,30,84.05,1.11,82.97,84.3,85.13,81.6,86.7
31,2026-08-13T17:08:14Z,KIAH,2026-08-13,high,30,99.17,1.81,96.69,99.3,101.91,95.7,102.5
32,2026-08-13T17:08:14Z,KIAH,2026-08-13,low,30,81.63,0.26,81.3,81.65,81.91,80.9,82.1
33,2026-08-13T17:08:14Z,KIAH,2026-08-14,high,30,97.23,1.76,94.78,97.55,99.21,93.6,100.9
34,2026-08-13T17:08:14Z,KIAH,2026-08-14,low,30,80.32,0.59,79.5,80.4,81.0,78.9,81.3
35,2026-08-13T17:08:14Z,KIAH,2026-08-15,high,30,100.05,1.8,97.79,100.0,102.03,96.4,104.4
36,2026-08-13T17:08:14Z,KIAH,2026-08-15,low,30,81.34,0.65,80.59,81.3,82.2,79.7,82.2
37,2026-08-13T17:08:14Z,KLAS,2026-08-13,high,30,93.85,0.7,92.79,93.9,94.62,92.3,95.0
38,2026-08-13T17:08:14Z,KLAS,2026-08-13,low,30,79.66,1.69,77.94,79.8,81.71,74.2,82.2
39,2026-08-13T17:08:14Z,KLAS,2026-08-14,high,30,96.83,1.06,95.74,96.95,97.92,93.7,99.2
40,2026-08-13T17:08:14Z,KLAS,2026-08-14,low,30,81.76,1.19,79.9,82.15,83.1,79.1,83.3
41,2026-08-13T17:08:14Z,KLAS,2026-08-15,high,30,96.74,1.83,94.17,97.15,98.82,93.0,100.0
42,2026-08-13T17:08:14Z,KLAS,2026-08-15,low,30,79.96,1.29,78.49,80.15,81.61,76.6,82.2
43,2026-08-13T17:08:14Z,KLAX,2026-08-13,high,30,74.49,0.47,73.99,74.5,74.9,73.6,76.3
44,2026-08-13T17:08:14Z,KLAX,2026-08-13,low,30,67.3,0.26,67.0,67.3,67.62,66.7,67.8
45,2026-08-13T17:08:14Z,KLAX,2026-08-14,high,30,74.69,0.56,73.8,74.7,75.4,73.7,75.8
46,2026-08-13T17:08:14Z,KLAX,2026-08-14,low,30,67.0,0.44,66.49,66.9,67.52,66.4,68.2
47,2026-08-13T17:08:14Z,KLAX,2026-08-15,high,30,77.24,1.08,75.29,77.25,78.32,75.1,79.0
48,2026-08-13T17:08:14Z,KLAX,2026-08-15,low,30,67.27,0.63,66.4,67.3,68.2,66.3,68.8
49,2026-08-13T17:08:14Z,KMIA,2026-08-13,high,30,90.91,0.57,90.28,91.0,91.34,89.4,92.2
50,2026-08-13T17:08:14Z,KMIA,2026-08-13,low,30,83.05,0.51,82.38,83.1,83.7,81.6,83.8
51,2026-08-13T17:08:14Z,KMIA,2026-08-14,high,30,89.83,0.79,88.49,89.9,90.91,88.3,91.3
52,2026-08-13T17:08:14Z,KMIA,2026-08-14,low,30,83.65,0.32,83.19,83.7,84.0,83.0,84.0
53,2026-08-13T17:08:14Z,KMIA,2026-08-15,high,30,88.86,1.07,87.83,88.95,90.12,85.8,90.8
54,2026-08-13T17:08:14Z,KMIA,2026-08-15,low,30,83.34,1.02,81.98,83.5,84.52,80.4,84.9
55,2026-08-13T17:08:14Z,KMSP,2026-08-13,high,30,87.04,3.97,80.59,88.25,91.21,77.7,92.1
56,2026-08-13T17:08:14Z,KMSP,2026-08-13,low,30,73.17,0.75,72.39,73.15,74.11,71.4,74.8
57,2026-08-13T17:08:14Z,KMSP,2026-08-14,high,30,85.05,4.73,78.37,86.2,90.46,73.2,91.3
58,2026-08-13T17:08:14Z,KMSP,2026-08-14,low,30,69.02,1.46,67.0,69.25,70.82,65.7,71.3
59,2026-08-13T17:08:14Z,KMSP,2026-08-15,high,30,83.87,5.01,77.04,85.05,89.62,72.3,92.2
60,2026-08-13T17:08:14Z,KMSP,2026-08-15,low,30,69.32,2.65,65.74,69.9,72.11,63.8,73.2
61,2026-08-13T17:08:14Z,KMSY,2026-08-13,high,30,96.25,1.21,94.85,96.15,97.91,93.9,98.6
62,2026-08-13T17:08:14Z,KMSY,2026-08-13,low,30,76.96,0.38,76.4,76.9,77.41,76.3,77.7
63,2026-08-13T17:08:14Z,KMSY,2026-08-14,high,30,99.39,1.74,97.88,99.7,100.91,94.4,103.0
64,2026-08-13T17:08:14Z,KMSY,2026-08-14,low,30,74.5,0.8,73.49,74.5,75.4,72.8,75.9
65,2026-08-13T17:08:14Z,KMSY,2026-08-15,high,30,98.36,1.76,95.98,98.65,100.39,94.7,101.4
66,2026-08-13T17:08:14Z,KMSY,2026-08-15,low,30,75.68,0.86,74.59,75.75,76.61,73.7,77.3
67,2026-08-13T17:08:14Z,KOKC,2026-08-13,high,30,106.27,3.16,101.81,106.5,110.11,98.6,111.0
68,2026-08-13T17:08:14Z,KOKC,2026-08-13,low,30,83.24,0.72,82.19,83.15,84.21,81.9,84.9
69,2026-08-13T17:08:14Z,KOKC,2026-08-14,high,30,106.78,2.52,104.08,106.55,109.91,102.9,111.1
70,2026-08-13T17:08:14Z,KOKC,2026-08-14,low,30,84.69,1.84,82.65,84.5,87.12,81.6,88.7
71,2026-08-13T17:08:14Z,KOKC,2026-08-15,high,30,105.21,2.93,101.16,106.15,108.33,98.9,110.2
72,2026-08-13T17:08:14Z,KOKC,2026-08-15,low,30,83.8,1.65,82.1,83.55,85.52,80.4,89.0
73,2026-08-13T17:08:14Z,KPHL,2026-08-13,high,30,88.36,1.27,86.56,88.55,89.61,85.1,90.9
74,2026-08-13T17:08:14Z,KPHL,2026-08-13,low,30,70.17,0.65,69.4,70.1,71.0,68.7,71.6
75,2026-08-13T17:08:14Z,KPHL,2026-08-14,high,30,86.35,3.08,82.29,86.75,89.33,76.0,90.8
76,2026-08-13T17:08:14Z,KPHL,2026-08-14,low,30,71.35,1.16,69.88,71.3,72.72,69.3,73.8
77,2026-08-13T17:08:14Z,KPHL,2026-08-15,high,30,85.59,2.64,81.78,85.3,88.9,80.6,90.5
78,2026-08-13T17:08:14Z,KPHL,2026-08-15,low,30,68.62,1.99,66.28,68.85,70.65,64.0,73.4
79,2026-08-13T17:08:14Z,KPHX,2026-08-13,high,30,98.79,1.11,97.47,98.7,100.11,96.5,101.0
80,2026-08-13T17:08:14Z,KPHX,2026-08-13,low,30,82.09,2.06,79.41,82.9,84.0,77.1,84.7
81,2026-08-13T17:08:14Z,KPHX,2026-08-14,high,30,99.7,1.45,98.06,99.65,101.36,95.2,102.3
82,2026-08-13T17:08:14Z,KPHX,2026-08-14,low,30,86.98,0.96,85.64,87.15,87.94,84.8,88.4
83,2026-08-13T17:08:14Z,KPHX,2026-08-15,high,30,102.74,1.34,101.28,102.75,104.33,100.2,105.5
84,2026-08-13T17:08:14Z,KPHX,2026-08-15,low,30,89.34,1.34,88.87,89.6,90.31,82.7,90.8
85,2026-08-13T17:08:14Z,KSAT,2026-08-13,high,30,101.68,2.91,97.47,102.05,105.52,94.6,106.2
86,2026-08-13T17:08:14Z,KSAT,2026-08-13,low,30,75.95,0.47,75.39,76.0,76.52,74.9,76.8
87,2026-08-13T17:08:14Z,KSAT,2026-08-14,high,30,99.73,1.57,98.17,100.05,101.53,94.6,102.0
88,2026-08-13T17:08:14Z,KSAT,2026-08-14,low,30,76.01,0.68,75.2,75.9,77.0,74.5,77.0
89,2026-08-13T17:08:14Z,KSAT,2026-08-15,high,30,100.97,2.45,97.94,101.05,103.94,96.4,105.3
90,2026-08-13T17:08:14Z,KSAT,2026-08-15,low,30,76.39,0.61,75.77,76.3,77.22,75.2,77.7
97,2026-08-13T17:08:14Z,KSEA,2026-08-13,high,30,85.13,1.68,83.44,85.7,86.71,79.8,87.1
98,2026-08-13T17:08:14Z,KSEA,2026-08-13,low,30,57.76,0.48,57.29,57.75,58.31,56.8,59.1
99,2026-08-13T17:08:14Z,KSEA,2026-08-14,high,30,80.45,4.3,75.18,80.9,85.69,70.1,89.0
100,2026-08-13T17:08:14Z,KSEA,2026-08-14,low,30,58.92,0.66,58.2,58.75,59.81,57.9,60.7
101,2026-08-13T17:08:14Z,KSEA,2026-08-15,high,30,81.95,2.51,79.06,82.0,84.92,76.6,86.7
102,2026-08-13T17:08:14Z,KSEA,2026-08-15,low,30,57.27,1.23,55.88,56.85,59.22,55.0,60.3
91,2026-08-13T17:08:14Z,KSFO,2026-08-13,high,30,69.47,1.26,68.0,69.35,71.03,67.7,73.5
92,2026-08-13T17:08:14Z,KSFO,2026-08-13,low,30,58.98,0.36,58.5,59.0,59.51,58.3,59.6
93,2026-08-13T17:08:14Z,KSFO,2026-08-14,high,30,69.83,0.88,68.78,69.75,70.94,68.3,71.7
94,2026-08-13T17:08:14Z,KSFO,2026-08-14,low,30,59.73,0.5,59.0,59.7,60.3,58.8,61.0
95,2026-08-13T17:08:14Z,KSFO,2026-08-15,high,30,70.78,1.66,68.78,70.8,72.64,66.7,74.7
96,2026-08-13T17:08:14Z,KSFO,2026-08-15,low,30,58.51,0.58,57.8,58.6,59.11,57.2,59.9
