id,run_at,icao,target_date,ticker,label,bucket_low,bucket_high,yes_bid,yes_ask,no_bid,no_ask,volume,market_type
1,2026-07-18T00:59:49Z,KATL,2026-07-18,KXHIGHTATL-26JUL18-T95,96° or above,96.0,999.0,2,3,97,98,474.99,high
2,2026-07-18T00:59:49Z,KATL,2026-07-18,KXHIGHTATL-26JUL18-T88,87° or below,-999.0,87.0,5,6,94,95,264.99,high
3,2026-07-18T00:59:49Z,KATL,2026-07-18,KXHIGHTATL-26JUL18-B94.5,94° to 95°,94.0,95.0,16,17,83,84,344.93,high
4,2026-07-18T00:59:49Z,KATL,2026-07-18,KXHIGHTATL-26JUL18-B92.5,92° to 93°,92.0,93.0,47,48,52,53,145.11,high
5,2026-07-18T00:59:49Z,KATL,2026-07-18,KXHIGHTATL-26JUL18-B90.5,90° to 91°,90.0,91.0,25,26,74,75,325.38,high
6,2026-07-18T00:59:49Z,KATL,2026-07-18,KXHIGHTATL-26JUL18-B88.5,88° to 89°,88.0,89.0,4,5,95,96,54.99,high
7,2026-07-18T00:59:49Z,KATL,2026-07-18,KXHIGHTATL-26JUL17-T95,96° or above,96.0,999.0,0,1,99,100,4469.36,high
8,2026-07-18T00:59:49Z,KATL,2026-07-18,KXHIGHTATL-26JUL17-T88,87° or below,-999.0,87.0,0,1,99,100,2821.24,high
9,2026-07-18T00:59:49Z,KATL,2026-07-18,KXHIGHTATL-26JUL17-B94.5,94° to 95°,94.0,95.0,0,1,99,100,8620.28,high
10,2026-07-18T00:59:49Z,KATL,2026-07-18,KXHIGHTATL-26JUL17-B92.5,92° to 93°,92.0,93.0,0,1,99,100,10656.0,high
11,2026-07-18T00:59:49Z,KATL,2026-07-18,KXHIGHTATL-26JUL17-B90.5,90° to 91°,90.0,91.0,99,100,0,1,15364.74,high
12,2026-07-18T00:59:49Z,KATL,2026-07-18,KXHIGHTATL-26JUL17-B88.5,88° to 89°,88.0,89.0,0,1,99,100,5504.75,high
13,2026-07-18T00:59:49Z,KATL,2026-07-18,KXLOWTATL-26JUL18-T76,77° or above,77.0,999.0,2,3,97,98,242.99,low
14,2026-07-18T00:59:49Z,KATL,2026-07-18,KXLOWTATL-26JUL18-T69,68° or below,-999.0,68.0,2,3,97,98,21.99,low
15,2026-07-18T00:59:49Z,KATL,2026-07-18,KXLOWTATL-26JUL18-B75.5,75° to 76°,75.0,76.0,37,38,62,63,280.21,low
16,2026-07-18T00:59:49Z,KATL,2026-07-18,KXLOWTATL-26JUL18-B73.5,73° to 74°,73.0,74.0,58,59,41,42,904.94,low
17,2026-07-18T00:59:49Z,KATL,2026-07-18,KXLOWTATL-26JUL18-B71.5,71° to 72°,71.0,72.0,4,5,95,96,214.99,low
18,2026-07-18T00:59:49Z,KATL,2026-07-18,KXLOWTATL-26JUL18-B69.5,69° to 70°,69.0,70.0,2,3,97,98,7.99,low
19,2026-07-18T00:59:49Z,KATL,2026-07-18,KXLOWTATL-26JUL17-T76,77° or above,77.0,999.0,0,1,99,100,1768.19,low
20,2026-07-18T00:59:49Z,KATL,2026-07-18,KXLOWTATL-26JUL17-T69,68° or below,-999.0,68.0,0,1,99,100,74.03,low
21,2026-07-18T00:59:49Z,KATL,2026-07-18,KXLOWTATL-26JUL17-B75.5,75° to 76°,75.0,76.0,80,91,9,20,2682.43,low
22,2026-07-18T00:59:49Z,KATL,2026-07-18,KXLOWTATL-26JUL17-B73.5,73° to 74°,73.0,74.0,5,23,77,95,1001.94,low
23,2026-07-18T00:59:49Z,KATL,2026-07-18,KXLOWTATL-26JUL17-B71.5,71° to 72°,71.0,72.0,0,1,99,100,579.38,low
24,2026-07-18T00:59:49Z,KATL,2026-07-18,KXLOWTATL-26JUL17-B69.5,69° to 70°,69.0,70.0,0,1,99,100,604.0,low
25,2026-07-18T00:59:49Z,KAUS,2026-07-18,KXHIGHAUS-26JUL18-T97,98° or above,98.0,999.0,4,5,95,96,18.0,high
26,2026-07-18T00:59:49Z,KAUS,2026-07-18,KXHIGHAUS-26JUL18-T90,89° or below,-999.0,89.0,2,3,97,98,68.48,high
27,2026-07-18T00:59:49Z,KAUS,2026-07-18,KXHIGHAUS-26JUL18-B96.5,96° to 97°,96.0,97.0,16,19,81,84,68.74,high
28,2026-07-18T00:59:49Z,KAUS,2026-07-18,KXHIGHAUS-26JUL18-B94.5,94° to 95°,94.0,95.0,42,43,57,58,592.11,high
29,2026-07-18T00:59:49Z,KAUS,2026-07-18,KXHIGHAUS-26JUL18-B92.5,92° to 93°,92.0,93.0,31,32,68,69,81.71,high
30,2026-07-18T00:59:49Z,KAUS,2026-07-18,KXHIGHAUS-26JUL18-B90.5,90° to 91°,90.0,91.0,7,9,91,93,36.03,high
31,2026-07-18T00:59:49Z,KAUS,2026-07-18,KXHIGHAUS-26JUL17-T95,96° or above,96.0,999.0,0,1,99,100,5193.66,high
32,2026-07-18T00:59:49Z,KAUS,2026-07-18,KXHIGHAUS-26JUL17-T88,87° or below,-999.0,87.0,0,1,99,100,12708.47,high
33,2026-07-18T00:59:49Z,KAUS,2026-07-18,KXHIGHAUS-26JUL17-B94.5,94° to 95°,94.0,95.0,99,100,0,1,13115.09,high
34,2026-07-18T00:59:49Z,KAUS,2026-07-18,KXHIGHAUS-26JUL17-B92.5,92° to 93°,92.0,93.0,0,1,99,100,20098.22,high
35,2026-07-18T00:59:49Z,KAUS,2026-07-18,KXHIGHAUS-26JUL17-B90.5,90° to 91°,90.0,91.0,0,1,99,100,7540.03,high
36,2026-07-18T00:59:49Z,KAUS,2026-07-18,KXHIGHAUS-26JUL17-B88.5,88° to 89°,88.0,89.0,0,1,99,100,5175.29,high
37,2026-07-18T00:59:49Z,KAUS,2026-07-18,KXLOWTAUS-26JUL18-T77,78° or above,78.0,999.0,4,8,92,96,575.25,low
38,2026-07-18T00:59:49Z,KAUS,2026-07-18,KXLOWTAUS-26JUL18-T70,69° or below,-999.0,69.0,4,5,95,96,1.0,low
39,2026-07-18T00:59:49Z,KAUS,2026-07-18,KXLOWTAUS-26JUL18-B76.5,76° to 77°,76.0,77.0,58,61,39,42,576.0,low
40,2026-07-18T00:59:49Z,KAUS,2026-07-18,KXLOWTAUS-26JUL18-B74.5,74° to 75°,74.0,75.0,22,27,73,78,171.02,low
41,2026-07-18T00:59:49Z,KAUS,2026-07-18,KXLOWTAUS-26JUL18-B72.5,72° to 73°,72.0,73.0,3,5,95,97,108.81,low
42,2026-07-18T00:59:49Z,KAUS,2026-07-18,KXLOWTAUS-26JUL18-B70.5,70° to 71°,70.0,71.0,3,5,95,97,1.0,low
43,2026-07-18T00:59:49Z,KAUS,2026-07-18,KXLOWTAUS-26JUL17-T76,77° or above,77.0,999.0,80,87,13,20,3999.78,low
44,2026-07-18T00:59:49Z,KAUS,2026-07-18,KXLOWTAUS-26JUL17-T69,68° or below,-999.0,68.0,0,1,99,100,552.0,low
45,2026-07-18T00:59:49Z,KAUS,2026-07-18,KXLOWTAUS-26JUL17-B75.5,75° to 76°,75.0,76.0,8,13,87,92,4445.23,low
46,2026-07-18T00:59:49Z,KAUS,2026-07-18,KXLOWTAUS-26JUL17-B73.5,73° to 74°,73.0,74.0,0,1,99,100,1434.02,low
47,2026-07-18T00:59:49Z,KAUS,2026-07-18,KXLOWTAUS-26JUL17-B71.5,71° to 72°,71.0,72.0,0,1,99,100,579.63,low
48,2026-07-18T00:59:49Z,KAUS,2026-07-18,KXLOWTAUS-26JUL17-B69.5,69° to 70°,69.0,70.0,0,1,99,100,423.0,low
49,2026-07-18T00:59:49Z,KBOS,2026-07-18,KXHIGHTBOS-26JUL18-T87,88° or above,88.0,999.0,17,18,82,83,1031.84,high
50,2026-07-18T00:59:49Z,KBOS,2026-07-18,KXHIGHTBOS-26JUL18-T80,79° or below,-999.0,79.0,3,4,96,97,610.46,high
51,2026-07-18T00:59:49Z,KBOS,2026-07-18,KXHIGHTBOS-26JUL18-B86.5,86° to 87°,86.0,87.0,25,26,74,75,1086.99,high
52,2026-07-18T00:59:49Z,KBOS,2026-07-18,KXHIGHTBOS-26JUL18-B84.5,84° to 85°,84.0,85.0,30,31,69,70,255.52,high
53,2026-07-18T00:59:49Z,KBOS,2026-07-18,KXHIGHTBOS-26JUL18-B82.5,82° to 83°,82.0,83.0,15,16,84,85,263.36,high
54,2026-07-18T00:59:49Z,KBOS,2026-07-18,KXHIGHTBOS-26JUL18-B80.5,80° to 81°,80.0,81.0,7,8,92,93,169.05,high
55,2026-07-18T00:59:49Z,KBOS,2026-07-18,KXHIGHTBOS-26JUL17-T89,90° or above,90.0,999.0,0,1,99,100,1609.04,high
56,2026-07-18T00:59:49Z,KBOS,2026-07-18,KXHIGHTBOS-26JUL17-T82,81° or below,-999.0,81.0,0,1,99,100,3342.28,high
57,2026-07-18T00:59:49Z,KBOS,2026-07-18,KXHIGHTBOS-26JUL17-B88.5,88° to 89°,88.0,89.0,0,1,99,100,2688.35,high
58,2026-07-18T00:59:49Z,KBOS,2026-07-18,KXHIGHTBOS-26JUL17-B86.5,86° to 87°,86.0,87.0,0,1,99,100,7926.31,high
59,2026-07-18T00:59:49Z,KBOS,2026-07-18,KXHIGHTBOS-26JUL17-B84.5,84° to 85°,84.0,85.0,99,100,0,1,6203.54,high
60,2026-07-18T00:59:49Z,KBOS,2026-07-18,KXHIGHTBOS-26JUL17-B82.5,82° to 83°,82.0,83.0,0,1,99,100,4337.14,high
61,2026-07-18T00:59:49Z,KBOS,2026-07-18,KXLOWTBOS-26JUL18-T59,60° or above,60.0,999.0,90,92,8,10,886.7,low
62,2026-07-18T00:59:49Z,KBOS,2026-07-18,KXLOWTBOS-26JUL18-T52,51° or below,-999.0,51.0,1,2,98,99,37.0,low
63,2026-07-18T00:59:49Z,KBOS,2026-07-18,KXLOWTBOS-26JUL18-B58.5,58° to 59°,58.0,59.0,2,5,95,98,12.0,low
64,2026-07-18T00:59:49Z,KBOS,2026-07-18,KXLOWTBOS-26JUL18-B56.5,56° to 57°,56.0,57.0,1,4,96,99,176.0,low
65,2026-07-18T00:59:49Z,KBOS,2026-07-18,KXLOWTBOS-26JUL18-B54.5,54° to 55°,54.0,55.0,1,2,98,99,30.0,low
66,2026-07-18T00:59:49Z,KBOS,2026-07-18,KXLOWTBOS-26JUL18-B52.5,52° to 53°,52.0,53.0,1,2,98,99,31.0,low
67,2026-07-18T00:59:49Z,KBOS,2026-07-18,KXLOWTBOS-26JUL17-T63,64° or above,64.0,999.0,97,99,1,3,1449.19,low
68,2026-07-18T00:59:49Z,KBOS,2026-07-18,KXLOWTBOS-26JUL17-T56,55° or below,-999.0,55.0,0,1,99,100,178.03,low
69,2026-07-18T00:59:49Z,KBOS,2026-07-18,KXLOWTBOS-26JUL17-B62.5,62° to 63°,62.0,63.0,0,4,96,100,1145.73,low
70,2026-07-18T00:59:49Z,KBOS,2026-07-18,KXLOWTBOS-26JUL17-B60.5,60° to 61°,60.0,61.0,0,1,99,100,21.0,low
71,2026-07-18T00:59:49Z,KBOS,2026-07-18,KXLOWTBOS-26JUL17-B58.5,58° to 59°,58.0,59.0,0,1,99,100,21.0,low
72,2026-07-18T00:59:49Z,KBOS,2026-07-18,KXLOWTBOS-26JUL17-B56.5,56° to 57°,56.0,57.0,0,1,99,100,44.0,low
457,2026-07-18T00:59:49Z,KDCA,2026-07-18,KXHIGHTDC-26JUL18-T97,98° or above,98.0,999.0,35,36,64,65,597.39,high
458,2026-07-18T00:59:49Z,KDCA,2026-07-18,KXHIGHTDC-26JUL18-T90,89° or below,-999.0,89.0,1,2,98,99,149.0,high
459,2026-07-18T00:59:49Z,KDCA,2026-07-18,KXHIGHTDC-26JUL18-B96.5,96° to 97°,96.0,97.0,25,27,73,75,222.82,high
460,2026-07-18T00:59:49Z,KDCA,2026-07-18,KXHIGHTDC-26JUL18-B94.5,94° to 95°,94.0,95.0,22,23,77,78,92.0,high
461,2026-07-18T00:59:49Z,KDCA,2026-07-18,KXHIGHTDC-26JUL18-B92.5,92° to 93°,92.0,93.0,16,18,82,84,59.29,high
462,2026-07-18T00:59:49Z,KDCA,2026-07-18,KXHIGHTDC-26JUL18-B90.5,90° to 91°,90.0,91.0,3,5,95,97,23.0,high
463,2026-07-18T00:59:49Z,KDCA,2026-07-18,KXHIGHTDC-26JUL17-T99,100° or above,100.0,999.0,0,1,99,100,366.96,high
464,2026-07-18T00:59:49Z,KDCA,2026-07-18,KXHIGHTDC-26JUL17-T92,91° or below,-999.0,91.0,0,1,99,100,16182.47,high
465,2026-07-18T00:59:49Z,KDCA,2026-07-18,KXHIGHTDC-26JUL17-B98.5,98° to 99°,98.0,99.0,0,1,99,100,1023.02,high
466,2026-07-18T00:59:49Z,KDCA,2026-07-18,KXHIGHTDC-26JUL17-B96.5,96° to 97°,96.0,97.0,0,1,99,100,2313.11,high
467,2026-07-18T00:59:49Z,KDCA,2026-07-18,KXHIGHTDC-26JUL17-B94.5,94° to 95°,94.0,95.0,0,1,99,100,4576.87,high
468,2026-07-18T00:59:49Z,KDCA,2026-07-18,KXHIGHTDC-26JUL17-B92.5,92° to 93°,92.0,93.0,99,100,0,1,7197.47,high
469,2026-07-18T00:59:49Z,KDCA,2026-07-18,KXLOWTDC-26JUL18-T76,77° or above,77.0,999.0,38,61,39,62,350.0,low
470,2026-07-18T00:59:49Z,KDCA,2026-07-18,KXLOWTDC-26JUL18-T69,68° or below,-999.0,68.0,0,1,99,100,61.0,low
471,2026-07-18T00:59:49Z,KDCA,2026-07-18,KXLOWTDC-26JUL18-B75.5,75° to 76°,75.0,76.0,38,39,61,62,213.36,low
472,2026-07-18T00:59:49Z,KDCA,2026-07-18,KXLOWTDC-26JUL18-B73.5,73° to 74°,73.0,74.0,1,6,94,99,141.25,low
473,2026-07-18T00:59:49Z,KDCA,2026-07-18,KXLOWTDC-26JUL18-B71.5,71° to 72°,71.0,72.0,1,5,95,99,59.0,low
474,2026-07-18T00:59:49Z,KDCA,2026-07-18,KXLOWTDC-26JUL18-B69.5,69° to 70°,69.0,70.0,1,4,96,99,114.0,low
475,2026-07-18T00:59:49Z,KDCA,2026-07-18,KXLOWTDC-26JUL17-T79,80° or above,80.0,999.0,0,1,99,100,1917.44,low
476,2026-07-18T00:59:49Z,KDCA,2026-07-18,KXLOWTDC-26JUL17-T72,71° or below,-999.0,71.0,0,1,99,100,634.03,low
477,2026-07-18T00:59:49Z,KDCA,2026-07-18,KXLOWTDC-26JUL17-B78.5,78° to 79°,78.0,79.0,0,1,99,100,14823.55,low
478,2026-07-18T00:59:49Z,KDCA,2026-07-18,KXLOWTDC-26JUL17-B76.5,76° to 77°,76.0,77.0,82,96,4,18,2505.52,low
479,2026-07-18T00:59:49Z,KDCA,2026-07-18,KXLOWTDC-26JUL17-B74.5,74° to 75°,74.0,75.0,7,8,92,93,1908.88,low
480,2026-07-18T00:59:49Z,KDCA,2026-07-18,KXLOWTDC-26JUL17-B72.5,72° to 73°,72.0,73.0,0,3,97,100,956.62,low
121,2026-07-18T00:59:49Z,KDEN,2026-07-18,KXHIGHDEN-26JUL18-T98,99° or above,99.0,999.0,1,2,98,99,237.77,high
122,2026-07-18T00:59:49Z,KDEN,2026-07-18,KXHIGHDEN-26JUL18-T91,90° or below,-999.0,90.0,2,3,97,98,88.24,high
123,2026-07-18T00:59:49Z,KDEN,2026-07-18,KXHIGHDEN-26JUL18-B97.5,97° to 98°,97.0,98.0,3,4,96,97,127.2,high
124,2026-07-18T00:59:49Z,KDEN,2026-07-18,KXHIGHDEN-26JUL18-B95.5,95° to 96°,95.0,96.0,35,36,64,65,715.72,high
125,2026-07-18T00:59:49Z,KDEN,2026-07-18,KXHIGHDEN-26JUL18-B93.5,93° to 94°,93.0,94.0,42,43,57,58,769.59,high
126,2026-07-18T00:59:49Z,KDEN,2026-07-18,KXHIGHDEN-26JUL18-B91.5,91° to 92°,91.0,92.0,22,23,77,78,426.22,high
127,2026-07-18T00:59:49Z,KDEN,2026-07-18,KXHIGHDEN-26JUL17-T97,98° or above,98.0,999.0,0,1,99,100,579.25,high
128,2026-07-18T00:59:49Z,KDEN,2026-07-18,KXHIGHDEN-26JUL17-T90,89° or below,-999.0,89.0,0,1,99,100,1697.75,high
129,2026-07-18T00:59:49Z,KDEN,2026-07-18,KXHIGHDEN-26JUL17-B96.5,96° to 97°,96.0,97.0,0,1,99,100,3810.06,high
130,2026-07-18T00:59:49Z,KDEN,2026-07-18,KXHIGHDEN-26JUL17-B94.5,94° to 95°,94.0,95.0,0,1,99,100,6513.01,high
131,2026-07-18T00:59:49Z,KDEN,2026-07-18,KXHIGHDEN-26JUL17-B92.5,92° to 93°,92.0,93.0,99,100,0,1,9606.61,high
132,2026-07-18T00:59:49Z,KDEN,2026-07-18,KXHIGHDEN-26JUL17-B90.5,90° to 91°,90.0,91.0,0,1,99,100,11087.81,high
133,2026-07-18T00:59:49Z,KDEN,2026-07-18,KXLOWTDEN-26JUL18-T68,69° or above,69.0,999.0,2,4,96,98,119.0,low
134,2026-07-18T00:59:49Z,KDEN,2026-07-18,KXLOWTDEN-26JUL18-T61,60° or below,-999.0,60.0,4,10,90,96,201.0,low
135,2026-07-18T00:59:49Z,KDEN,2026-07-18,KXLOWTDEN-26JUL18-B67.5,67° to 68°,67.0,68.0,2,4,96,98,89.47,low
136,2026-07-18T00:59:49Z,KDEN,2026-07-18,KXLOWTDEN-26JUL18-B65.5,65° to 66°,65.0,66.0,11,12,88,89,306.0,low
137,2026-07-18T00:59:49Z,KDEN,2026-07-18,KXLOWTDEN-26JUL18-B63.5,63° to 64°,63.0,64.0,40,52,48,60,414.76,low
138,2026-07-18T00:59:49Z,KDEN,2026-07-18,KXLOWTDEN-26JUL18-B61.5,61° to 62°,61.0,62.0,28,35,65,72,153.84,low
139,2026-07-18T00:59:49Z,KDEN,2026-07-18,KXLOWTDEN-26JUL17-T67,68° or above,68.0,999.0,0,1,99,100,1043.52,low
140,2026-07-18T00:59:49Z,KDEN,2026-07-18,KXLOWTDEN-26JUL17-T60,59° or below,-999.0,59.0,0,1,99,100,235.08,low
141,2026-07-18T00:59:49Z,KDEN,2026-07-18,KXLOWTDEN-26JUL17-B66.5,66° to 67°,66.0,67.0,0,1,99,100,6858.94,low
142,2026-07-18T00:59:49Z,KDEN,2026-07-18,KXLOWTDEN-26JUL17-B64.5,64° to 65°,64.0,65.0,96,98,2,4,6763.55,low
143,2026-07-18T00:59:49Z,KDEN,2026-07-18,KXLOWTDEN-26JUL17-B62.5,62° to 63°,62.0,63.0,0,4,96,100,2725.15,low
144,2026-07-18T00:59:49Z,KDEN,2026-07-18,KXLOWTDEN-26JUL17-B60.5,60° to 61°,60.0,61.0,0,1,99,100,417.26,low
97,2026-07-18T00:59:49Z,KDFW,2026-07-18,KXHIGHTDAL-26JUL18-T93,92° or below,-999.0,92.0,5,6,94,95,35.0,high
98,2026-07-18T00:59:49Z,KDFW,2026-07-18,KXHIGHTDAL-26JUL18-T100,101° or above,101.0,999.0,0,2,98,100,677.02,high
99,2026-07-18T00:59:49Z,KDFW,2026-07-18,KXHIGHTDAL-26JUL18-B99.5,99° to 100°,99.0,100.0,7,10,90,93,140.5,high
100,2026-07-18T00:59:49Z,KDFW,2026-07-18,KXHIGHTDAL-26JUL18-B97.5,97° to 98°,97.0,98.0,27,28,72,73,822.07,high
101,2026-07-18T00:59:49Z,KDFW,2026-07-18,KXHIGHTDAL-26JUL18-B95.5,95° to 96°,95.0,96.0,53,55,45,47,4358.3,high
102,2026-07-18T00:59:49Z,KDFW,2026-07-18,KXHIGHTDAL-26JUL18-B93.5,93° to 94°,93.0,94.0,5,6,94,95,42.0,high
103,2026-07-18T00:59:49Z,KDFW,2026-07-18,KXHIGHTDAL-26JUL17-T96,97° or above,97.0,999.0,0,1,99,100,3205.03,high
104,2026-07-18T00:59:49Z,KDFW,2026-07-18,KXHIGHTDAL-26JUL17-T89,88° or below,-999.0,88.0,0,1,99,100,2645.21,high
105,2026-07-18T00:59:49Z,KDFW,2026-07-18,KXHIGHTDAL-26JUL17-B95.5,95° to 96°,95.0,96.0,0,1,99,100,8287.79,high
106,2026-07-18T00:59:49Z,KDFW,2026-07-18,KXHIGHTDAL-26JUL17-B93.5,93° to 94°,93.0,94.0,99,100,0,1,8072.46,high
107,2026-07-18T00:59:49Z,KDFW,2026-07-18,KXHIGHTDAL-26JUL17-B91.5,91° to 92°,91.0,92.0,0,1,99,100,4741.71,high
108,2026-07-18T00:59:49Z,KDFW,2026-07-18,KXHIGHTDAL-26JUL17-B89.5,89° to 90°,89.0,90.0,0,1,99,100,1180.35,high
109,2026-07-18T00:59:49Z,KDFW,2026-07-18,KXLOWTDAL-26JUL18-T77,78° or above,78.0,999.0,47,48,52,53,1032.28,low
110,2026-07-18T00:59:49Z,KDFW,2026-07-18,KXLOWTDAL-26JUL18-T70,69° or below,-999.0,69.0,0,1,99,100,108.0,low
111,2026-07-18T00:59:49Z,KDFW,2026-07-18,KXLOWTDAL-26JUL18-B76.5,76° to 77°,76.0,77.0,47,48,52,53,525.87,low
112,2026-07-18T00:59:49Z,KDFW,2026-07-18,KXLOWTDAL-26JUL18-B74.5,74° to 75°,74.0,75.0,3,4,96,97,369.17,low
113,2026-07-18T00:59:49Z,KDFW,2026-07-18,KXLOWTDAL-26JUL18-B72.5,72° to 73°,72.0,73.0,1,3,97,99,61.15,low
114,2026-07-18T00:59:49Z,KDFW,2026-07-18,KXLOWTDAL-26JUL18-B70.5,70° to 71°,70.0,71.0,0,2,98,100,87.15,low
115,2026-07-18T00:59:49Z,KDFW,2026-07-18,KXLOWTDAL-26JUL17-T76,77° or above,77.0,999.0,97,98,2,3,2418.41,low
116,2026-07-18T00:59:49Z,KDFW,2026-07-18,KXLOWTDAL-26JUL17-T69,68° or below,-999.0,68.0,0,1,99,100,261.02,low
117,2026-07-18T00:59:49Z,KDFW,2026-07-18,KXLOWTDAL-26JUL17-B75.5,75° to 76°,75.0,76.0,2,3,97,98,621.06,low
118,2026-07-18T00:59:49Z,KDFW,2026-07-18,KXLOWTDAL-26JUL17-B73.5,73° to 74°,73.0,74.0,0,1,99,100,1272.12,low
119,2026-07-18T00:59:49Z,KDFW,2026-07-18,KXLOWTDAL-26JUL17-B71.5,71° to 72°,71.0,72.0,0,1,99,100,142.4,low
120,2026-07-18T00:59:49Z,KDFW,2026-07-18,KXLOWTDAL-26JUL17-B69.5,69° to 70°,69.0,70.0,0,1,99,100,51.0,low
145,2026-07-18T00:59:49Z,KIAH,2026-07-18,KXHIGHTHOU-26JUL18-T93,92° or below,-999.0,92.0,10,11,89,90,215.6,high
146,2026-07-18T00:59:49Z,KIAH,2026-07-18,KXHIGHTHOU-26JUL18-T100,101° or above,101.0,999.0,0,1,99,100,1412.02,high
147,2026-07-18T00:59:49Z,KIAH,2026-07-18,KXHIGHTHOU-26JUL18-B99.5,99° to 100°,99.0,100.0,1,2,98,99,130.02,high
148,2026-07-18T00:59:49Z,KIAH,2026-07-18,KXHIGHTHOU-26JUL18-B97.5,97° to 98°,97.0,98.0,6,10,90,94,118.0,high
149,2026-07-18T00:59:49Z,KIAH,2026-07-18,KXHIGHTHOU-26JUL18-B95.5,95° to 96°,95.0,96.0,53,54,46,47,494.83,high
150,2026-07-18T00:59:49Z,KIAH,2026-07-18,KXHIGHTHOU-26JUL18-B93.5,93° to 94°,93.0,94.0,23,24,76,77,49.8,high
151,2026-07-18T00:59:49Z,KIAH,2026-07-18,KXHIGHTHOU-26JUL17-T98,99° or above,99.0,999.0,0,1,99,100,881.31,high
152,2026-07-18T00:59:49Z,KIAH,2026-07-18,KXHIGHTHOU-26JUL17-T91,90° or below,-999.0,90.0,0,1,99,100,521.67,high
153,2026-07-18T00:59:49Z,KIAH,2026-07-18,KXHIGHTHOU-26JUL17-B97.5,97° to 98°,97.0,98.0,0,1,99,100,1540.68,high
154,2026-07-18T00:59:49Z,KIAH,2026-07-18,KXHIGHTHOU-26JUL17-B95.5,95° to 96°,95.0,96.0,0,1,99,100,4895.51,high
155,2026-07-18T00:59:49Z,KIAH,2026-07-18,KXHIGHTHOU-26JUL17-B93.5,93° to 94°,93.0,94.0,99,100,0,1,8357.97,high
156,2026-07-18T00:59:49Z,KIAH,2026-07-18,KXHIGHTHOU-26JUL17-B91.5,91° to 92°,91.0,92.0,0,1,99,100,5325.61,high
157,2026-07-18T00:59:49Z,KIAH,2026-07-18,KXLOWTHOU-26JUL18-T79,80° or above,80.0,999.0,10,20,80,90,408.0,low
158,2026-07-18T00:59:49Z,KIAH,2026-07-18,KXLOWTHOU-26JUL18-T72,71° or below,-999.0,71.0,1,2,98,99,1.0,low
159,2026-07-18T00:59:49Z,KIAH,2026-07-18,KXLOWTHOU-26JUL18-B78.5,78° to 79°,78.0,79.0,53,66,34,47,660.9,low
160,2026-07-18T00:59:49Z,KIAH,2026-07-18,KXLOWTHOU-26JUL18-B76.5,76° to 77°,76.0,77.0,3,23,77,97,264.32,low
161,2026-07-18T00:59:49Z,KIAH,2026-07-18,KXLOWTHOU-26JUL18-B74.5,74° to 75°,74.0,75.0,2,4,96,98,52.0,low
162,2026-07-18T00:59:49Z,KIAH,2026-07-18,KXLOWTHOU-26JUL18-B72.5,72° to 73°,72.0,73.0,1,7,93,99,52.0,low
163,2026-07-18T00:59:49Z,KIAH,2026-07-18,KXLOWTHOU-26JUL17-T80,81° or above,81.0,999.0,0,1,99,100,177.97,low
164,2026-07-18T00:59:49Z,KIAH,2026-07-18,KXLOWTHOU-26JUL17-T73,72° or below,-999.0,72.0,0,1,99,100,31.0,low
165,2026-07-18T00:59:49Z,KIAH,2026-07-18,KXLOWTHOU-26JUL17-B79.5,79° to 80°,79.0,80.0,95,97,3,5,1290.04,low
166,2026-07-18T00:59:49Z,KIAH,2026-07-18,KXLOWTHOU-26JUL17-B77.5,77° to 78°,77.0,78.0,2,4,96,98,793.58,low
167,2026-07-18T00:59:49Z,KIAH,2026-07-18,KXLOWTHOU-26JUL17-B75.5,75° to 76°,75.0,76.0,0,5,95,100,148.01,low
168,2026-07-18T00:59:49Z,KIAH,2026-07-18,KXLOWTHOU-26JUL17-B73.5,73° to 74°,73.0,74.0,0,1,99,100,142.97,low
169,2026-07-18T00:59:49Z,KLAS,2026-07-18,KXHIGHTLV-26JUL18-T107,108° or above,108.0,999.0,0,1,99,100,410.52,high
170,2026-07-18T00:59:49Z,KLAS,2026-07-18,KXHIGHTLV-26JUL18-T100,99° or below,-999.0,99.0,5,6,94,95,771.78,high
171,2026-07-18T00:59:49Z,KLAS,2026-07-18,KXHIGHTLV-26JUL18-B106.5,106° to 107°,106.0,107.0,1,2,98,99,675.78,high
172,2026-07-18T00:59:49Z,KLAS,2026-07-18,KXHIGHTLV-26JUL18-B104.5,104° to 105°,104.0,105.0,5,6,94,95,219.92,high
173,2026-07-18T00:59:49Z,KLAS,2026-07-18,KXHIGHTLV-26JUL18-B102.5,102° to 103°,102.0,103.0,57,58,42,43,793.08,high
174,2026-07-18T00:59:49Z,KLAS,2026-07-18,KXHIGHTLV-26JUL18-B100.5,100° to 101°,100.0,101.0,32,33,67,68,299.89,high
175,2026-07-18T00:59:49Z,KLAS,2026-07-18,KXHIGHTLV-26JUL17-T99,98° or below,-999.0,98.0,99,100,0,1,9652.34,high
176,2026-07-18T00:59:49Z,KLAS,2026-07-18,KXHIGHTLV-26JUL17-T106,107° or above,107.0,999.0,0,1,99,100,1130.53,high
177,2026-07-18T00:59:49Z,KLAS,2026-07-18,KXHIGHTLV-26JUL17-B99.5,99° to 100°,99.0,100.0,0,1,99,100,5650.21,high
178,2026-07-18T00:59:49Z,KLAS,2026-07-18,KXHIGHTLV-26JUL17-B105.5,105° to 106°,105.0,106.0,0,1,99,100,1242.63,high
179,2026-07-18T00:59:49Z,KLAS,2026-07-18,KXHIGHTLV-26JUL17-B103.5,103° to 104°,103.0,104.0,0,1,99,100,1639.63,high
180,2026-07-18T00:59:49Z,KLAS,2026-07-18,KXHIGHTLV-26JUL17-B101.5,101° to 102°,101.0,102.0,0,1,99,100,4123.49,high
181,2026-07-18T00:59:49Z,KLAS,2026-07-18,KXLOWTLV-26JUL18-T84,85° or above,85.0,999.0,21,31,69,79,578.98,low
182,2026-07-18T00:59:49Z,KLAS,2026-07-18,KXLOWTLV-26JUL18-T77,76° or below,-999.0,76.0,7,8,92,93,759.39,low
183,2026-07-18T00:59:49Z,KLAS,2026-07-18,KXLOWTLV-26JUL18-B83.5,83° to 84°,83.0,84.0,26,29,71,74,1068.24,low
184,2026-07-18T00:59:49Z,KLAS,2026-07-18,KXLOWTLV-26JUL18-B81.5,81° to 82°,81.0,82.0,22,31,69,78,825.39,low
185,2026-07-18T00:59:49Z,KLAS,2026-07-18,KXLOWTLV-26JUL18-B79.5,79° to 80°,79.0,80.0,5,12,88,95,816.08,low
186,2026-07-18T00:59:49Z,KLAS,2026-07-18,KXLOWTLV-26JUL18-B77.5,77° to 78°,77.0,78.0,4,5,95,96,756.0,low
187,2026-07-18T00:59:49Z,KLAS,2026-07-18,KXLOWTLV-26JUL17-T87,88° or above,88.0,999.0,0,1,99,100,1167.33,low
188,2026-07-18T00:59:49Z,KLAS,2026-07-18,KXLOWTLV-26JUL17-T80,79° or below,-999.0,79.0,2,3,97,98,1398.18,low
189,2026-07-18T00:59:49Z,KLAS,2026-07-18,KXLOWTLV-26JUL17-B86.5,86° to 87°,86.0,87.0,0,1,99,100,1970.0,low
190,2026-07-18T00:59:49Z,KLAS,2026-07-18,KXLOWTLV-26JUL17-B84.5,84° to 85°,84.0,85.0,0,1,99,100,5977.67,low
191,2026-07-18T00:59:49Z,KLAS,2026-07-18,KXLOWTLV-26JUL17-B82.5,82° to 83°,82.0,83.0,84,95,5,16,3146.94,low
192,2026-07-18T00:59:49Z,KLAS,2026-07-18,KXLOWTLV-26JUL17-B80.5,80° to 81°,80.0,81.0,5,26,74,95,1442.83,low
193,2026-07-18T00:59:49Z,KLAX,2026-07-18,KXHIGHLAX-26JUL18-T79,80° or above,80.0,999.0,79,80,20,21,14398.19,high
194,2026-07-18T00:59:49Z,KLAX,2026-07-18,KXHIGHLAX-26JUL18-T72,71° or below,-999.0,71.0,0,1,99,100,1185.44,high
195,2026-07-18T00:59:49Z,KLAX,2026-07-18,KXHIGHLAX-26JUL18-B78.5,78° to 79°,78.0,79.0,14,15,85,86,4416.19,high
196,2026-07-18T00:59:49Z,KLAX,2026-07-18,KXHIGHLAX-26JUL18-B76.5,76° to 77°,76.0,77.0,4,6,94,96,6905.47,high
197,2026-07-18T00:59:49Z,KLAX,2026-07-18,KXHIGHLAX-26JUL18-B74.5,74° to 75°,74.0,75.0,3,4,96,97,9107.67,high
198,2026-07-18T00:59:49Z,KLAX,2026-07-18,KXHIGHLAX-26JUL18-B72.5,72° to 73°,72.0,73.0,0,1,99,100,8935.01,high
199,2026-07-18T00:59:49Z,KLAX,2026-07-18,KXHIGHLAX-26JUL17-T80,81° or above,81.0,999.0,99,100,0,1,146361.48,high
200,2026-07-18T00:59:49Z,KLAX,2026-07-18,KXHIGHLAX-26JUL17-T73,72° or below,-999.0,72.0,0,1,99,100,3429.32,high
201,2026-07-18T00:59:49Z,KLAX,2026-07-18,KXHIGHLAX-26JUL17-B79.5,79° to 80°,79.0,80.0,0,1,99,100,52355.88,high
202,2026-07-18T00:59:49Z,KLAX,2026-07-18,KXHIGHLAX-26JUL17-B77.5,77° to 78°,77.0,78.0,0,1,99,100,43024.63,high
203,2026-07-18T00:59:49Z,KLAX,2026-07-18,KXHIGHLAX-26JUL17-B75.5,75° to 76°,75.0,76.0,0,1,99,100,31508.14,high
204,2026-07-18T00:59:49Z,KLAX,2026-07-18,KXHIGHLAX-26JUL17-B73.5,73° to 74°,73.0,74.0,0,1,99,100,10461.46,high
205,2026-07-18T00:59:49Z,KLAX,2026-07-18,KXLOWTLAX-26JUL18-T69,70° or above,70.0,999.0,15,16,84,85,984.11,low
206,2026-07-18T00:59:49Z,KLAX,2026-07-18,KXLOWTLAX-26JUL18-T62,61° or below,-999.0,61.0,0,1,99,100,192.02,low
207,2026-07-18T00:59:49Z,KLAX,2026-07-18,KXLOWTLAX-26JUL18-B68.5,68° to 69°,68.0,69.0,71,72,28,29,331.68,low
208,2026-07-18T00:59:49Z,KLAX,2026-07-18,KXLOWTLAX-26JUL18-B66.5,66° to 67°,66.0,67.0,8,9,91,92,247.24,low
209,2026-07-18T00:59:49Z,KLAX,2026-07-18,KXLOWTLAX-26JUL18-B64.5,64° to 65°,64.0,65.0,3,4,96,97,64.46,low
210,2026-07-18T00:59:49Z,KLAX,2026-07-18,KXLOWTLAX-26JUL18-B62.5,62° to 63°,62.0,63.0,1,2,98,99,275.32,low
211,2026-07-18T00:59:49Z,KLAX,2026-07-18,KXLOWTLAX-26JUL17-T69,70° or above,70.0,999.0,0,1,99,100,7185.26,low
212,2026-07-18T00:59:49Z,KLAX,2026-07-18,KXLOWTLAX-26JUL17-T62,61° or below,-999.0,61.0,0,1,99,100,223.03,low
213,2026-07-18T00:59:49Z,KLAX,2026-07-18,KXLOWTLAX-26JUL17-B68.5,68° to 69°,68.0,69.0,95,96,4,5,1996.95,low
214,2026-07-18T00:59:49Z,KLAX,2026-07-18,KXLOWTLAX-26JUL17-B66.5,66° to 67°,66.0,67.0,0,6,94,100,1209.65,low
215,2026-07-18T00:59:49Z,KLAX,2026-07-18,KXLOWTLAX-26JUL17-B64.5,64° to 65°,64.0,65.0,0,1,99,100,314.55,low
216,2026-07-18T00:59:49Z,KLAX,2026-07-18,KXLOWTLAX-26JUL17-B62.5,62° to 63°,62.0,63.0,0,1,99,100,247.66,low
73,2026-07-18T00:59:49Z,KMDW,2026-07-18,KXHIGHCHI-26JUL18-T96,97° or above,97.0,999.0,0,2,98,100,2000.84,high
74,2026-07-18T00:59:49Z,KMDW,2026-07-18,KXHIGHCHI-26JUL18-T89,88° or below,-999.0,88.0,15,16,84,85,977.56,high
75,2026-07-18T00:59:49Z,KMDW,2026-07-18,KXHIGHCHI-26JUL18-B95.5,95° to 96°,95.0,96.0,2,4,96,98,372.74,high
76,2026-07-18T00:59:49Z,KMDW,2026-07-18,KXHIGHCHI-26JUL18-B93.5,93° to 94°,93.0,94.0,16,18,82,84,552.01,high
77,2026-07-18T00:59:49Z,KMDW,2026-07-18,KXHIGHCHI-26JUL18-B91.5,91° to 92°,91.0,92.0,39,40,60,61,506.76,high
78,2026-07-18T00:59:49Z,KMDW,2026-07-18,KXHIGHCHI-26JUL18-B89.5,89° to 90°,89.0,90.0,31,32,68,69,461.53,high
79,2026-07-18T00:59:49Z,KMDW,2026-07-18,KXHIGHCHI-26JUL17-T96,97° or above,97.0,999.0,0,1,99,100,17058.03,high
80,2026-07-18T00:59:49Z,KMDW,2026-07-18,KXHIGHCHI-26JUL17-T89,88° or below,-999.0,88.0,0,1,99,100,28849.95,high
81,2026-07-18T00:59:49Z,KMDW,2026-07-18,KXHIGHCHI-26JUL17-B95.5,95° to 96°,95.0,96.0,0,1,99,100,16194.62,high
82,2026-07-18T00:59:49Z,KMDW,2026-07-18,KXHIGHCHI-26JUL17-B93.5,93° to 94°,93.0,94.0,99,100,0,1,47786.63,high
83,2026-07-18T00:59:49Z,KMDW,2026-07-18,KXHIGHCHI-26JUL17-B91.5,91° to 92°,91.0,92.0,0,1,99,100,59242.56,high
84,2026-07-18T00:59:49Z,KMDW,2026-07-18,KXHIGHCHI-26JUL17-B89.5,89° to 90°,89.0,90.0,0,1,99,100,29608.23,high
85,2026-07-18T00:59:49Z,KMDW,2026-07-18,KXLOWTCHI-26JUL18-T74,75° or above,75.0,999.0,14,18,82,86,546.54,low
86,2026-07-18T00:59:49Z,KMDW,2026-07-18,KXLOWTCHI-26JUL18-T67,66° or below,-999.0,66.0,2,3,97,98,3.0,low
87,2026-07-18T00:59:49Z,KMDW,2026-07-18,KXLOWTCHI-26JUL18-B73.5,73° to 74°,73.0,74.0,40,42,58,60,443.26,low
88,2026-07-18T00:59:49Z,KMDW,2026-07-18,KXLOWTCHI-26JUL18-B71.5,71° to 72°,71.0,72.0,20,21,79,80,555.87,low
89,2026-07-18T00:59:49Z,KMDW,2026-07-18,KXLOWTCHI-26JUL18-B69.5,69° to 70°,69.0,70.0,10,11,89,90,155.53,low
90,2026-07-18T00:59:49Z,KMDW,2026-07-18,KXLOWTCHI-26JUL18-B67.5,67° to 68°,67.0,68.0,4,6,94,96,94.0,low
91,2026-07-18T00:59:49Z,KMDW,2026-07-18,KXLOWTCHI-26JUL17-T76,77° or above,77.0,999.0,97,98,2,3,4342.08,low
92,2026-07-18T00:59:49Z,KMDW,2026-07-18,KXLOWTCHI-26JUL17-T69,68° or below,-999.0,68.0,0,1,99,100,441.64,low
93,2026-07-18T00:59:49Z,KMDW,2026-07-18,KXLOWTCHI-26JUL17-B75.5,75° to 76°,75.0,76.0,1,2,98,99,2677.45,low
94,2026-07-18T00:59:49Z,KMDW,2026-07-18,KXLOWTCHI-26JUL17-B73.5,73° to 74°,73.0,74.0,0,1,99,100,1567.93,low
95,2026-07-18T00:59:49Z,KMDW,2026-07-18,KXLOWTCHI-26JUL17-B71.5,71° to 72°,71.0,72.0,0,1,99,100,1279.55,low
96,2026-07-18T00:59:49Z,KMDW,2026-07-18,KXLOWTCHI-26JUL17-B69.5,69° to 70°,69.0,70.0,0,1,99,100,1021.2,low
217,2026-07-18T00:59:49Z,KMIA,2026-07-18,KXHIGHMIA-26JUL18-T95,96° or above,96.0,999.0,1,2,98,99,897.91,high
218,2026-07-18T00:59:49Z,KMIA,2026-07-18,KXHIGHMIA-26JUL18-T88,87° or below,-999.0,87.0,1,2,98,99,551.75,high
219,2026-07-18T00:59:49Z,KMIA,2026-07-18,KXHIGHMIA-26JUL18-B94.5,94° to 95°,94.0,95.0,9,13,87,91,552.37,high
220,2026-07-18T00:59:49Z,KMIA,2026-07-18,KXHIGHMIA-26JUL18-B92.5,92° to 93°,92.0,93.0,55,56,44,45,1518.33,high
221,2026-07-18T00:59:49Z,KMIA,2026-07-18,KXHIGHMIA-26JUL18-B90.5,90° to 91°,90.0,91.0,26,28,72,74,1125.14,high
222,2026-07-18T00:59:49Z,KMIA,2026-07-18,KXHIGHMIA-26JUL18-B88.5,88° to 89°,88.0,89.0,4,5,95,96,433.54,high
223,2026-07-18T00:59:49Z,KMIA,2026-07-18,KXHIGHMIA-26JUL17-T97,98° or above,98.0,999.0,0,1,99,100,7432.06,high
224,2026-07-18T00:59:49Z,KMIA,2026-07-18,KXHIGHMIA-26JUL17-T90,89° or below,-999.0,89.0,0,1,99,100,8923.65,high
225,2026-07-18T00:59:49Z,KMIA,2026-07-18,KXHIGHMIA-26JUL17-B96.5,96° to 97°,96.0,97.0,0,1,99,100,28662.25,high
226,2026-07-18T00:59:49Z,KMIA,2026-07-18,KXHIGHMIA-26JUL17-B94.5,94° to 95°,94.0,95.0,99,100,0,1,34458.22,high
227,2026-07-18T00:59:49Z,KMIA,2026-07-18,KXHIGHMIA-26JUL17-B92.5,92° to 93°,92.0,93.0,0,1,99,100,50484.06,high
228,2026-07-18T00:59:49Z,KMIA,2026-07-18,KXHIGHMIA-26JUL17-B90.5,90° to 91°,90.0,91.0,0,1,99,100,23460.5,high
229,2026-07-18T00:59:49Z,KMIA,2026-07-18,KXLOWTMIA-26JUL18-T82,83° or above,83.0,999.0,2,4,96,98,248.0,low
230,2026-07-18T00:59:49Z,KMIA,2026-07-18,KXLOWTMIA-26JUL18-T75,74° or below,-999.0,74.0,1,2,98,99,484.0,low
231,2026-07-18T00:59:49Z,KMIA,2026-07-18,KXLOWTMIA-26JUL18-B81.5,81° to 82°,81.0,82.0,16,21,79,84,55.31,low
232,2026-07-18T00:59:49Z,KMIA,2026-07-18,KXLOWTMIA-26JUL18-B79.5,79° to 80°,79.0,80.0,37,38,62,63,674.29,low
233,2026-07-18T00:59:49Z,KMIA,2026-07-18,KXLOWTMIA-26JUL18-B77.5,77° to 78°,77.0,78.0,28,29,71,72,617.74,low
234,2026-07-18T00:59:49Z,KMIA,2026-07-18,KXLOWTMIA-26JUL18-B75.5,75° to 76°,75.0,76.0,6,7,93,94,354.0,low
235,2026-07-18T00:59:49Z,KMIA,2026-07-18,KXLOWTMIA-26JUL17-T82,83° or above,83.0,999.0,0,1,99,100,3208.84,low
236,2026-07-18T00:59:49Z,KMIA,2026-07-18,KXLOWTMIA-26JUL17-T75,74° or below,-999.0,74.0,99,100,0,1,4687.22,low
237,2026-07-18T00:59:49Z,KMIA,2026-07-18,KXLOWTMIA-26JUL17-B81.5,81° to 82°,81.0,82.0,0,1,99,100,4773.39,low
238,2026-07-18T00:59:49Z,KMIA,2026-07-18,KXLOWTMIA-26JUL17-B79.5,79° to 80°,79.0,80.0,0,1,99,100,2841.63,low
239,2026-07-18T00:59:49Z,KMIA,2026-07-18,KXLOWTMIA-26JUL17-B77.5,77° to 78°,77.0,78.0,0,1,99,100,1893.83,low
240,2026-07-18T00:59:49Z,KMIA,2026-07-18,KXLOWTMIA-26JUL17-B75.5,75° to 76°,75.0,76.0,0,1,99,100,4659.97,low
241,2026-07-18T00:59:49Z,KMSP,2026-07-18,KXHIGHTMIN-26JUL18-T95,96° or above,96.0,999.0,2,3,97,98,105.99,high
242,2026-07-18T00:59:49Z,KMSP,2026-07-18,KXHIGHTMIN-26JUL18-T88,87° or below,-999.0,87.0,23,28,72,77,362.14,high
243,2026-07-18T00:59:49Z,KMSP,2026-07-18,KXHIGHTMIN-26JUL18-B94.5,94° to 95°,94.0,95.0,4,5,95,96,5.99,high
244,2026-07-18T00:59:49Z,KMSP,2026-07-18,KXHIGHTMIN-26JUL18-B92.5,92° to 93°,92.0,93.0,7,12,88,93,154.11,high
245,2026-07-18T00:59:49Z,KMSP,2026-07-18,KXHIGHTMIN-26JUL18-B90.5,90° to 91°,90.0,91.0,23,27,73,77,75.99,high
246,2026-07-18T00:59:49Z,KMSP,2026-07-18,KXHIGHTMIN-26JUL18-B88.5,88° to 89°,88.0,89.0,27,31,69,73,291.71,high
247,2026-07-18T00:59:49Z,KMSP,2026-07-18,KXHIGHTMIN-26JUL17-T93,92° or below,-999.0,92.0,0,1,99,100,2503.95,high
248,2026-07-18T00:59:49Z,KMSP,2026-07-18,KXHIGHTMIN-26JUL17-T100,101° or above,101.0,999.0,0,1,99,100,792.02,high
249,2026-07-18T00:59:49Z,KMSP,2026-07-18,KXHIGHTMIN-26JUL17-B99.5,99° to 100°,99.0,100.0,0,1,99,100,1405.53,high
250,2026-07-18T00:59:49Z,KMSP,2026-07-18,KXHIGHTMIN-26JUL17-B97.5,97° to 98°,97.0,98.0,0,1,99,100,3999.59,high
251,2026-07-18T00:59:49Z,KMSP,2026-07-18,KXHIGHTMIN-26JUL17-B95.5,95° to 96°,95.0,96.0,99,100,0,1,4606.63,high
252,2026-07-18T00:59:49Z,KMSP,2026-07-18,KXHIGHTMIN-26JUL17-B93.5,93° to 94°,93.0,94.0,0,1,99,100,8131.79,high
253,2026-07-18T00:59:49Z,KMSP,2026-07-18,KXLOWTMIN-26JUL18-T73,74° or above,74.0,999.0,21,24,76,79,337.65,low
254,2026-07-18T00:59:49Z,KMSP,2026-07-18,KXLOWTMIN-26JUL18-T66,65° or below,-999.0,65.0,2,4,96,98,16.0,low
255,2026-07-18T00:59:49Z,KMSP,2026-07-18,KXLOWTMIN-26JUL18-B72.5,72° to 73°,72.0,73.0,38,43,57,62,345.0,low
256,2026-07-18T00:59:49Z,KMSP,2026-07-18,KXLOWTMIN-26JUL18-B70.5,70° to 71°,70.0,71.0,30,34,66,70,316.12,low
257,2026-07-18T00:59:49Z,KMSP,2026-07-18,KXLOWTMIN-26JUL18-B68.5,68° to 69°,68.0,69.0,3,5,95,97,107.35,low
258,2026-07-18T00:59:49Z,KMSP,2026-07-18,KXLOWTMIN-26JUL18-B66.5,66° to 67°,66.0,67.0,3,4,96,97,0.0,low
259,2026-07-18T00:59:49Z,KMSP,2026-07-18,KXLOWTMIN-26JUL17-T75,76° or above,76.0,999.0,93,97,3,7,4082.27,low
260,2026-07-18T00:59:49Z,KMSP,2026-07-18,KXLOWTMIN-26JUL17-T68,67° or below,-999.0,67.0,0,1,99,100,431.83,low
261,2026-07-18T00:59:49Z,KMSP,2026-07-18,KXLOWTMIN-26JUL17-B74.5,74° to 75°,74.0,75.0,2,4,96,98,3435.4,low
262,2026-07-18T00:59:49Z,KMSP,2026-07-18,KXLOWTMIN-26JUL17-B72.5,72° to 73°,72.0,73.0,2,4,96,98,1284.09,low
263,2026-07-18T00:59:49Z,KMSP,2026-07-18,KXLOWTMIN-26JUL17-B70.5,70° to 71°,70.0,71.0,0,2,98,100,2952.55,low
264,2026-07-18T00:59:49Z,KMSP,2026-07-18,KXLOWTMIN-26JUL17-B68.5,68° to 69°,68.0,69.0,0,1,99,100,767.82,low
265,2026-07-18T00:59:49Z,KMSY,2026-07-18,KXHIGHTNOLA-26JUL18-T94,93° or below,-999.0,93.0,27,28,72,73,776.52,high
266,2026-07-18T00:59:49Z,KMSY,2026-07-18,KXHIGHTNOLA-26JUL18-T101,102° or above,102.0,999.0,0,1,99,100,266.02,high
267,2026-07-18T00:59:49Z,KMSY,2026-07-18,KXHIGHTNOLA-26JUL18-B98.5,98° to 99°,98.0,99.0,2,3,97,98,208.0,high
268,2026-07-18T00:59:49Z,KMSY,2026-07-18,KXHIGHTNOLA-26JUL18-B96.5,96° to 97°,96.0,97.0,28,32,68,72,173.23,high
269,2026-07-18T00:59:49Z,KMSY,2026-07-18,KXHIGHTNOLA-26JUL18-B94.5,94° to 95°,94.0,95.0,35,36,64,65,165.72,high
270,2026-07-18T00:59:49Z,KMSY,2026-07-18,KXHIGHTNOLA-26JUL18-B100.5,100° to 101°,100.0,101.0,1,4,96,99,29.0,high
271,2026-07-18T00:59:49Z,KMSY,2026-07-18,KXHIGHTNOLA-26JUL17-T93,92° or below,-999.0,92.0,0,1,99,100,2067.71,high
272,2026-07-18T00:59:49Z,KMSY,2026-07-18,KXHIGHTNOLA-26JUL17-T100,101° or above,101.0,999.0,0,1,99,100,1750.9,high
273,2026-07-18T00:59:49Z,KMSY,2026-07-18,KXHIGHTNOLA-26JUL17-B99.5,99° to 100°,99.0,100.0,0,1,99,100,755.89,high
274,2026-07-18T00:59:49Z,KMSY,2026-07-18,KXHIGHTNOLA-26JUL17-B97.5,97° to 98°,97.0,98.0,0,1,99,100,1663.65,high
275,2026-07-18T00:59:49Z,KMSY,2026-07-18,KXHIGHTNOLA-26JUL17-B95.5,95° to 96°,95.0,96.0,0,1,99,100,3488.87,high
276,2026-07-18T00:59:49Z,KMSY,2026-07-18,KXHIGHTNOLA-26JUL17-B93.5,93° to 94°,93.0,94.0,99,100,0,1,4301.6,high
277,2026-07-18T00:59:49Z,KMSY,2026-07-18,KXLOWTNOLA-26JUL18-T79,80° or above,80.0,999.0,9,10,90,91,608.0,low
278,2026-07-18T00:59:49Z,KMSY,2026-07-18,KXLOWTNOLA-26JUL18-T72,71° or below,-999.0,71.0,2,5,95,98,1.0,low
279,2026-07-18T00:59:49Z,KMSY,2026-07-18,KXLOWTNOLA-26JUL18-B78.5,78° to 79°,78.0,79.0,57,65,35,43,593.38,low
280,2026-07-18T00:59:49Z,KMSY,2026-07-18,KXLOWTNOLA-26JUL18-B76.5,76° to 77°,76.0,77.0,19,20,80,81,859.0,low
281,2026-07-18T00:59:49Z,KMSY,2026-07-18,KXLOWTNOLA-26JUL18-B74.5,74° to 75°,74.0,75.0,2,5,95,98,0.0,low
282,2026-07-18T00:59:49Z,KMSY,2026-07-18,KXLOWTNOLA-26JUL18-B72.5,72° to 73°,72.0,73.0,2,5,95,98,0.0,low
283,2026-07-18T00:59:49Z,KMSY,2026-07-18,KXLOWTNOLA-26JUL17-T78,79° or above,79.0,999.0,97,98,2,3,1630.83,low
284,2026-07-18T00:59:49Z,KMSY,2026-07-18,KXLOWTNOLA-26JUL17-T71,70° or below,-999.0,70.0,0,1,99,100,24.03,low
285,2026-07-18T00:59:49Z,KMSY,2026-07-18,KXLOWTNOLA-26JUL17-B77.5,77° to 78°,77.0,78.0,0,2,98,100,2351.72,low
286,2026-07-18T00:59:49Z,KMSY,2026-07-18,KXLOWTNOLA-26JUL17-B75.5,75° to 76°,75.0,76.0,0,2,98,100,1412.43,low
287,2026-07-18T00:59:49Z,KMSY,2026-07-18,KXLOWTNOLA-26JUL17-B73.5,73° to 74°,73.0,74.0,0,1,99,100,25.18,low
288,2026-07-18T00:59:49Z,KMSY,2026-07-18,KXLOWTNOLA-26JUL17-B71.5,71° to 72°,71.0,72.0,0,1,99,100,129.0,low
289,2026-07-18T00:59:49Z,KNYC,2026-07-18,KXHIGHNY-26JUL18-T86,87° or above,87.0,999.0,1,2,98,99,6512.26,high
290,2026-07-18T00:59:49Z,KNYC,2026-07-18,KXHIGHNY-26JUL18-T79,78° or below,-999.0,78.0,33,34,66,67,5871.74,high
291,2026-07-18T00:59:49Z,KNYC,2026-07-18,KXHIGHNY-26JUL18-B85.5,85° to 86°,85.0,86.0,4,6,94,96,2421.12,high
292,2026-07-18T00:59:49Z,KNYC,2026-07-18,KXHIGHNY-26JUL18-B83.5,83° to 84°,83.0,84.0,5,6,94,95,2272.14,high
293,2026-07-18T00:59:49Z,KNYC,2026-07-18,KXHIGHNY-26JUL18-B81.5,81° to 82°,81.0,82.0,23,26,74,77,3531.19,high
294,2026-07-18T00:59:49Z,KNYC,2026-07-18,KXHIGHNY-26JUL18-B79.5,79° to 80°,79.0,80.0,35,36,64,65,3571.96,high
295,2026-07-18T00:59:49Z,KNYC,2026-07-18,KXHIGHNY-26JUL17-T90,91° or above,91.0,999.0,0,1,99,100,10896.01,high
296,2026-07-18T00:59:49Z,KNYC,2026-07-18,KXHIGHNY-26JUL17-T83,82° or below,-999.0,82.0,0,1,99,100,17877.64,high
297,2026-07-18T00:59:49Z,KNYC,2026-07-18,KXHIGHNY-26JUL17-B89.5,89° to 90°,89.0,90.0,0,1,99,100,20652.91,high
298,2026-07-18T00:59:49Z,KNYC,2026-07-18,KXHIGHNY-26JUL17-B87.5,87° to 88°,87.0,88.0,0,1,99,100,84967.26,high
299,2026-07-18T00:59:49Z,KNYC,2026-07-18,KXHIGHNY-26JUL17-B85.5,85° to 86°,85.0,86.0,99,100,0,1,89502.85,high
300,2026-07-18T00:59:49Z,KNYC,2026-07-18,KXHIGHNY-26JUL17-B83.5,83° to 84°,83.0,84.0,0,1,99,100,25228.47,high
301,2026-07-18T00:59:49Z,KNYC,2026-07-18,KXLOWTNYC-26JUL18-T75,76° or above,76.0,999.0,2,3,97,98,591.45,low
302,2026-07-18T00:59:49Z,KNYC,2026-07-18,KXLOWTNYC-26JUL18-T68,67° or below,-999.0,67.0,31,35,65,69,1417.09,low
303,2026-07-18T00:59:49Z,KNYC,2026-07-18,KXLOWTNYC-26JUL18-B74.5,74° to 75°,74.0,75.0,4,5,95,96,1105.9,low
304,2026-07-18T00:59:49Z,KNYC,2026-07-18,KXLOWTNYC-26JUL18-B72.5,72° to 73°,72.0,73.0,14,17,83,86,1598.28,low
305,2026-07-18T00:59:49Z,KNYC,2026-07-18,KXLOWTNYC-26JUL18-B70.5,70° to 71°,70.0,71.0,16,19,81,84,1769.91,low
306,2026-07-18T00:59:49Z,KNYC,2026-07-18,KXLOWTNYC-26JUL18-B68.5,68° to 69°,68.0,69.0,22,29,71,78,2889.5,low
307,2026-07-18T00:59:49Z,KNYC,2026-07-18,KXLOWTNYC-26JUL17-T74,75° or above,75.0,999.0,0,1,99,100,2841.59,low
308,2026-07-18T00:59:49Z,KNYC,2026-07-18,KXLOWTNYC-26JUL17-T67,66° or below,-999.0,66.0,0,1,99,100,1224.29,low
309,2026-07-18T00:59:49Z,KNYC,2026-07-18,KXLOWTNYC-26JUL17-B73.5,73° to 74°,73.0,74.0,0,1,99,100,8272.4,low
310,2026-07-18T00:59:49Z,KNYC,2026-07-18,KXLOWTNYC-26JUL17-B71.5,71° to 72°,71.0,72.0,0,1,99,100,31942.55,low
311,2026-07-18T00:59:49Z,KNYC,2026-07-18,KXLOWTNYC-26JUL17-B69.5,69° to 70°,69.0,70.0,98,99,1,2,16667.69,low
312,2026-07-18T00:59:49Z,KNYC,2026-07-18,KXLOWTNYC-26JUL17-B67.5,67° to 68°,67.0,68.0,0,2,98,100,3470.44,low
313,2026-07-18T00:59:49Z,KOKC,2026-07-18,KXHIGHTOKC-26JUL18-T97,98° or above,98.0,999.0,1,2,98,99,442.79,high
314,2026-07-18T00:59:49Z,KOKC,2026-07-18,KXHIGHTOKC-26JUL18-T90,89° or below,-999.0,89.0,11,12,88,89,278.54,high
315,2026-07-18T00:59:49Z,KOKC,2026-07-18,KXHIGHTOKC-26JUL18-B96.5,96° to 97°,96.0,97.0,4,8,92,96,58.0,high
316,2026-07-18T00:59:49Z,KOKC,2026-07-18,KXHIGHTOKC-26JUL18-B94.5,94° to 95°,94.0,95.0,9,10,90,91,173.59,high
317,2026-07-18T00:59:49Z,KOKC,2026-07-18,KXHIGHTOKC-26JUL18-B92.5,92° to 93°,92.0,93.0,37,39,61,63,172.87,high
318,2026-07-18T00:59:49Z,KOKC,2026-07-18,KXHIGHTOKC-26JUL18-B90.5,90° to 91°,90.0,91.0,29,30,70,71,261.4,high
319,2026-07-18T00:59:49Z,KOKC,2026-07-18,KXHIGHTOKC-26JUL17-T94,95° or above,95.0,999.0,0,1,99,100,1734.39,high
320,2026-07-18T00:59:49Z,KOKC,2026-07-18,KXHIGHTOKC-26JUL17-T87,86° or below,-999.0,86.0,0,1,99,100,8639.46,high
321,2026-07-18T00:59:49Z,KOKC,2026-07-18,KXHIGHTOKC-26JUL17-B93.5,93° to 94°,93.0,94.0,0,1,99,100,1779.13,high
322,2026-07-18T00:59:49Z,KOKC,2026-07-18,KXHIGHTOKC-26JUL17-B91.5,91° to 92°,91.0,92.0,0,1,99,100,4448.22,high
323,2026-07-18T00:59:49Z,KOKC,2026-07-18,KXHIGHTOKC-26JUL17-B89.5,89° to 90°,89.0,90.0,0,1,99,100,5198.97,high
324,2026-07-18T00:59:49Z,KOKC,2026-07-18,KXHIGHTOKC-26JUL17-B87.5,87° to 88°,87.0,88.0,99,100,0,1,11648.6,high
325,2026-07-18T00:59:49Z,KOKC,2026-07-18,KXLOWTOKC-26JUL18-T73,74° or above,74.0,999.0,3,10,90,97,342.94,low
326,2026-07-18T00:59:49Z,KOKC,2026-07-18,KXLOWTOKC-26JUL18-T66,65° or below,-999.0,65.0,2,3,97,98,5.0,low
327,2026-07-18T00:59:49Z,KOKC,2026-07-18,KXLOWTOKC-26JUL18-B72.5,72° to 73°,72.0,73.0,43,44,56,57,250.32,low
328,2026-07-18T00:59:49Z,KOKC,2026-07-18,KXLOWTOKC-26JUL18-B70.5,70° to 71°,70.0,71.0,32,37,63,68,231.0,low
329,2026-07-18T00:59:49Z,KOKC,2026-07-18,KXLOWTOKC-26JUL18-B68.5,68° to 69°,68.0,69.0,13,17,83,87,226.0,low
330,2026-07-18T00:59:49Z,KOKC,2026-07-18,KXLOWTOKC-26JUL18-B66.5,66° to 67°,66.0,67.0,4,5,95,96,6.0,low
331,2026-07-18T00:59:49Z,KOKC,2026-07-18,KXLOWTOKC-26JUL17-T72,73° or above,73.0,999.0,0,1,99,100,506.94,low
332,2026-07-18T00:59:49Z,KOKC,2026-07-18,KXLOWTOKC-26JUL17-T65,64° or below,-999.0,64.0,0,1,99,100,125.99,low
333,2026-07-18T00:59:49Z,KOKC,2026-07-18,KXLOWTOKC-26JUL17-B71.5,71° to 72°,71.0,72.0,0,1,99,100,908.07,low
334,2026-07-18T00:59:49Z,KOKC,2026-07-18,KXLOWTOKC-26JUL17-B69.5,69° to 70°,69.0,70.0,93,98,2,7,1093.63,low
335,2026-07-18T00:59:49Z,KOKC,2026-07-18,KXLOWTOKC-26JUL17-B67.5,67° to 68°,67.0,68.0,0,2,98,100,1239.97,low
336,2026-07-18T00:59:49Z,KOKC,2026-07-18,KXLOWTOKC-26JUL17-B65.5,65° to 66°,65.0,66.0,0,1,99,100,225.5,low
337,2026-07-18T00:59:49Z,KPHL,2026-07-18,KXHIGHPHIL-26JUL18-T89,90° or above,90.0,999.0,33,34,66,67,2054.33,high
338,2026-07-18T00:59:49Z,KPHL,2026-07-18,KXHIGHPHIL-26JUL18-T82,81° or below,-999.0,81.0,3,4,96,97,199.91,high
339,2026-07-18T00:59:49Z,KPHL,2026-07-18,KXHIGHPHIL-26JUL18-B88.5,88° to 89°,88.0,89.0,21,22,78,79,210.97,high
340,2026-07-18T00:59:49Z,KPHL,2026-07-18,KXHIGHPHIL-26JUL18-B86.5,86° to 87°,86.0,87.0,22,23,77,78,290.14,high
341,2026-07-18T00:59:49Z,KPHL,2026-07-18,KXHIGHPHIL-26JUL18-B84.5,84° to 85°,84.0,85.0,13,14,86,87,464.06,high
342,2026-07-18T00:59:49Z,KPHL,2026-07-18,KXHIGHPHIL-26JUL18-B82.5,82° to 83°,82.0,83.0,3,4,96,97,425.2,high
343,2026-07-18T00:59:49Z,KPHL,2026-07-18,KXHIGHPHIL-26JUL17-T95,96° or above,96.0,999.0,0,1,99,100,1569.74,high
344,2026-07-18T00:59:49Z,KPHL,2026-07-18,KXHIGHPHIL-26JUL17-T88,87° or below,-999.0,87.0,0,1,99,100,7768.81,high
345,2026-07-18T00:59:49Z,KPHL,2026-07-18,KXHIGHPHIL-26JUL17-B94.5,94° to 95°,94.0,95.0,0,1,99,100,1601.23,high
346,2026-07-18T00:59:49Z,KPHL,2026-07-18,KXHIGHPHIL-26JUL17-B92.5,92° to 93°,92.0,93.0,0,1,99,100,4225.9,high
347,2026-07-18T00:59:49Z,KPHL,2026-07-18,KXHIGHPHIL-26JUL17-B90.5,90° to 91°,90.0,91.0,0,1,99,100,6542.37,high
348,2026-07-18T00:59:49Z,KPHL,2026-07-18,KXHIGHPHIL-26JUL17-B88.5,88° to 89°,88.0,89.0,99,100,0,1,10480.35,high
349,2026-07-18T00:59:49Z,KPHL,2026-07-18,KXLOWTPHIL-26JUL18-T73,74° or above,74.0,999.0,15,37,63,85,362.75,low
350,2026-07-18T00:59:49Z,KPHL,2026-07-18,KXLOWTPHIL-26JUL18-T66,65° or below,-999.0,65.0,3,4,96,97,153.02,low
351,2026-07-18T00:59:49Z,KPHL,2026-07-18,KXLOWTPHIL-26JUL18-B72.5,72° to 73°,72.0,73.0,42,43,57,58,219.24,low
352,2026-07-18T00:59:49Z,KPHL,2026-07-18,KXLOWTPHIL-26JUL18-B70.5,70° to 71°,70.0,71.0,17,21,79,83,209.0,low
353,2026-07-18T00:59:49Z,KPHL,2026-07-18,KXLOWTPHIL-26JUL18-B68.5,68° to 69°,68.0,69.0,5,8,92,95,128.02,low
354,2026-07-18T00:59:49Z,KPHL,2026-07-18,KXLOWTPHIL-26JUL18-B66.5,66° to 67°,66.0,67.0,4,6,94,96,52.02,low
355,2026-07-18T00:59:49Z,KPHL,2026-07-18,KXLOWTPHIL-26JUL17-T76,77° or above,77.0,999.0,0,1,99,100,775.19,low
356,2026-07-18T00:59:49Z,KPHL,2026-07-18,KXLOWTPHIL-26JUL17-T69,68° or below,-999.0,68.0,0,1,99,100,1022.72,low
357,2026-07-18T00:59:49Z,KPHL,2026-07-18,KXLOWTPHIL-26JUL17-B75.5,75° to 76°,75.0,76.0,0,1,99,100,1746.77,low
358,2026-07-18T00:59:49Z,KPHL,2026-07-18,KXLOWTPHIL-26JUL17-B73.5,73° to 74°,73.0,74.0,98,99,1,2,4339.34,low
359,2026-07-18T00:59:49Z,KPHL,2026-07-18,KXLOWTPHIL-26JUL17-B71.5,71° to 72°,71.0,72.0,1,2,98,99,2571.76,low
360,2026-07-18T00:59:49Z,KPHL,2026-07-18,KXLOWTPHIL-26JUL17-B69.5,69° to 70°,69.0,70.0,0,1,99,100,238.72,low
361,2026-07-18T00:59:49Z,KPHX,2026-07-18,KXHIGHTPHX-26JUL18-T95,94° or below,-999.0,94.0,2,4,96,98,383.62,high
362,2026-07-18T00:59:49Z,KPHX,2026-07-18,KXHIGHTPHX-26JUL18-T102,103° or above,103.0,999.0,1,2,98,99,1445.72,high
363,2026-07-18T00:59:49Z,KPHX,2026-07-18,KXHIGHTPHX-26JUL18-B99.5,99° to 100°,99.0,100.0,22,23,77,78,256.98,high
364,2026-07-18T00:59:49Z,KPHX,2026-07-18,KXHIGHTPHX-26JUL18-B97.5,97° to 98°,97.0,98.0,45,46,54,55,546.36,high
365,2026-07-18T00:59:49Z,KPHX,2026-07-18,KXHIGHTPHX-26JUL18-B95.5,95° to 96°,95.0,96.0,12,16,84,88,437.55,high
366,2026-07-18T00:59:49Z,KPHX,2026-07-18,KXHIGHTPHX-26JUL18-B101.5,101° to 102°,101.0,102.0,12,13,87,88,763.05,high
367,2026-07-18T00:59:49Z,KPHX,2026-07-18,KXHIGHTPHX-26JUL17-T96,97° or above,97.0,999.0,0,1,99,100,8085.08,high
368,2026-07-18T00:59:49Z,KPHX,2026-07-18,KXHIGHTPHX-26JUL17-T89,88° or below,-999.0,88.0,0,1,99,100,14891.58,high
369,2026-07-18T00:59:49Z,KPHX,2026-07-18,KXHIGHTPHX-26JUL17-B95.5,95° to 96°,95.0,96.0,3,7,93,97,9243.36,high
370,2026-07-18T00:59:49Z,KPHX,2026-07-18,KXHIGHTPHX-26JUL17-B93.5,93° to 94°,93.0,94.0,92,96,4,8,18333.33,high
371,2026-07-18T00:59:49Z,KPHX,2026-07-18,KXHIGHTPHX-26JUL17-B91.5,91° to 92°,91.0,92.0,0,1,99,100,37072.85,high
372,2026-07-18T00:59:49Z,KPHX,2026-07-18,KXHIGHTPHX-26JUL17-B89.5,89° to 90°,89.0,90.0,0,1,99,100,11685.23,high
373,2026-07-18T00:59:49Z,KPHX,2026-07-18,KXLOWTPHX-26JUL18-T83,84° or above,84.0,999.0,4,5,95,96,470.12,low
374,2026-07-18T00:59:49Z,KPHX,2026-07-18,KXLOWTPHX-26JUL18-T76,75° or below,-999.0,75.0,4,5,95,96,76.01,low
375,2026-07-18T00:59:49Z,KPHX,2026-07-18,KXLOWTPHX-26JUL18-B82.5,82° to 83°,82.0,83.0,15,16,84,85,311.97,low
376,2026-07-18T00:59:49Z,KPHX,2026-07-18,KXLOWTPHX-26JUL18-B80.5,80° to 81°,80.0,81.0,15,17,83,85,767.33,low
377,2026-07-18T00:59:49Z,KPHX,2026-07-18,KXLOWTPHX-26JUL18-B78.5,78° to 79°,78.0,79.0,30,31,69,70,518.29,low
378,2026-07-18T00:59:49Z,KPHX,2026-07-18,KXLOWTPHX-26JUL18-B76.5,76° to 77°,76.0,77.0,33,34,66,67,253.66,low
379,2026-07-18T00:59:49Z,KPHX,2026-07-18,KXLOWTPHX-26JUL17-T77,78° or above,78.0,999.0,95,98,2,5,5513.19,low
380,2026-07-18T00:59:49Z,KPHX,2026-07-18,KXLOWTPHX-26JUL17-T70,69° or below,-999.0,69.0,0,1,99,100,1089.03,low
381,2026-07-18T00:59:49Z,KPHX,2026-07-18,KXLOWTPHX-26JUL17-B76.5,76° to 77°,76.0,77.0,3,4,96,97,2172.31,low
382,2026-07-18T00:59:49Z,KPHX,2026-07-18,KXLOWTPHX-26JUL17-B74.5,74° to 75°,74.0,75.0,0,2,98,100,1788.55,low
383,2026-07-18T00:59:49Z,KPHX,2026-07-18,KXLOWTPHX-26JUL17-B72.5,72° to 73°,72.0,73.0,0,1,99,100,1700.88,low
384,2026-07-18T00:59:49Z,KPHX,2026-07-18,KXLOWTPHX-26JUL17-B70.5,70° to 71°,70.0,71.0,0,1,99,100,1261.16,low
385,2026-07-18T00:59:49Z,KSAT,2026-07-18,KXHIGHTSATX-26JUL18-T96,97° or above,97.0,999.0,3,4,96,97,557.95,high
386,2026-07-18T00:59:49Z,KSAT,2026-07-18,KXHIGHTSATX-26JUL18-T89,88° or below,-999.0,88.0,4,5,95,96,36.0,high
387,2026-07-18T00:59:49Z,KSAT,2026-07-18,KXHIGHTSATX-26JUL18-B95.5,95° to 96°,95.0,96.0,11,12,88,89,510.69,high
388,2026-07-18T00:59:49Z,KSAT,2026-07-18,KXHIGHTSATX-26JUL18-B93.5,93° to 94°,93.0,94.0,42,43,57,58,333.76,high
389,2026-07-18T00:59:49Z,KSAT,2026-07-18,KXHIGHTSATX-26JUL18-B91.5,91° to 92°,91.0,92.0,30,31,69,70,332.08,high
390,2026-07-18T00:59:49Z,KSAT,2026-07-18,KXHIGHTSATX-26JUL18-B89.5,89° to 90°,89.0,90.0,5,6,94,95,20.0,high
391,2026-07-18T00:59:49Z,KSAT,2026-07-18,KXHIGHTSATX-26JUL17-T94,95° or above,95.0,999.0,0,1,99,100,6800.63,high
392,2026-07-18T00:59:49Z,KSAT,2026-07-18,KXHIGHTSATX-26JUL17-T87,86° or below,-999.0,86.0,0,1,99,100,975.67,high
393,2026-07-18T00:59:49Z,KSAT,2026-07-18,KXHIGHTSATX-26JUL17-B93.5,93° to 94°,93.0,94.0,99,100,0,1,5883.91,high
394,2026-07-18T00:59:49Z,KSAT,2026-07-18,KXHIGHTSATX-26JUL17-B91.5,91° to 92°,91.0,92.0,0,1,99,100,9760.79,high
395,2026-07-18T00:59:49Z,KSAT,2026-07-18,KXHIGHTSATX-26JUL17-B89.5,89° to 90°,89.0,90.0,0,1,99,100,2253.66,high
396,2026-07-18T00:59:49Z,KSAT,2026-07-18,KXHIGHTSATX-26JUL17-B87.5,87° to 88°,87.0,88.0,0,1,99,100,590.76,high
397,2026-07-18T00:59:49Z,KSAT,2026-07-18,KXLOWTSATX-26JUL18-T77,78° or above,78.0,999.0,8,12,88,92,61.0,low
398,2026-07-18T00:59:49Z,KSAT,2026-07-18,KXLOWTSATX-26JUL18-T70,69° or below,-999.0,69.0,1,4,96,99,26.0,low
399,2026-07-18T00:59:49Z,KSAT,2026-07-18,KXLOWTSATX-26JUL18-B76.5,76° to 77°,76.0,77.0,59,68,32,41,37.15,low
400,2026-07-18T00:59:49Z,KSAT,2026-07-18,KXLOWTSATX-26JUL18-B74.5,74° to 75°,74.0,75.0,15,21,79,85,51.0,low
401,2026-07-18T00:59:49Z,KSAT,2026-07-18,KXLOWTSATX-26JUL18-B72.5,72° to 73°,72.0,73.0,4,5,95,96,0.0,low
402,2026-07-18T00:59:49Z,KSAT,2026-07-18,KXLOWTSATX-26JUL18-B70.5,70° to 71°,70.0,71.0,4,5,95,96,0.0,low
403,2026-07-18T00:59:49Z,KSAT,2026-07-18,KXLOWTSATX-26JUL17-T77,78° or above,78.0,999.0,0,1,99,100,1382.43,low
404,2026-07-18T00:59:49Z,KSAT,2026-07-18,KXLOWTSATX-26JUL17-T70,69° or below,-999.0,69.0,0,1,99,100,80.59,low
405,2026-07-18T00:59:49Z,KSAT,2026-07-18,KXLOWTSATX-26JUL17-B76.5,76° to 77°,76.0,77.0,96,97,3,4,1706.98,low
406,2026-07-18T00:59:49Z,KSAT,2026-07-18,KXLOWTSATX-26JUL17-B74.5,74° to 75°,74.0,75.0,0,1,99,100,610.36,low
407,2026-07-18T00:59:49Z,KSAT,2026-07-18,KXLOWTSATX-26JUL17-B72.5,72° to 73°,72.0,73.0,0,4,96,100,605.98,low
408,2026-07-18T00:59:49Z,KSAT,2026-07-18,KXLOWTSATX-26JUL17-B70.5,70° to 71°,70.0,71.0,0,1,99,100,159.56,low
433,2026-07-18T00:59:49Z,KSEA,2026-07-18,KXHIGHTSEA-26JUL18-T81,82° or above,82.0,999.0,0,1,99,100,1098.02,high
434,2026-07-18T00:59:49Z,KSEA,2026-07-18,KXHIGHTSEA-26JUL18-T74,73° or below,-999.0,73.0,15,16,84,85,214.12,high
435,2026-07-18T00:59:49Z,KSEA,2026-07-18,KXHIGHTSEA-26JUL18-B80.5,80° to 81°,80.0,81.0,3,4,96,97,139.0,high
436,2026-07-18T00:59:49Z,KSEA,2026-07-18,KXHIGHTSEA-26JUL18-B78.5,78° to 79°,78.0,79.0,17,21,79,83,23.35,high
437,2026-07-18T00:59:49Z,KSEA,2026-07-18,KXHIGHTSEA-26JUL18-B76.5,76° to 77°,76.0,77.0,31,32,68,69,127.27,high
438,2026-07-18T00:59:49Z,KSEA,2026-07-18,KXHIGHTSEA-26JUL18-B74.5,74° to 75°,74.0,75.0,23,24,76,77,169.37,high
439,2026-07-18T00:59:49Z,KSEA,2026-07-18,KXHIGHTSEA-26JUL17-T81,82° or above,82.0,999.0,0,1,99,100,1342.03,high
440,2026-07-18T00:59:49Z,KSEA,2026-07-18,KXHIGHTSEA-26JUL17-T74,73° or below,-999.0,73.0,95,98,2,5,15527.36,high
441,2026-07-18T00:59:49Z,KSEA,2026-07-18,KXHIGHTSEA-26JUL17-B80.5,80° to 81°,80.0,81.0,0,1,99,100,1543.41,high
442,2026-07-18T00:59:49Z,KSEA,2026-07-18,KXHIGHTSEA-26JUL17-B78.5,78° to 79°,78.0,79.0,0,1,99,100,1142.86,high
443,2026-07-18T00:59:49Z,KSEA,2026-07-18,KXHIGHTSEA-26JUL17-B76.5,76° to 77°,76.0,77.0,0,1,99,100,4237.22,high
444,2026-07-18T00:59:49Z,KSEA,2026-07-18,KXHIGHTSEA-26JUL17-B74.5,74° to 75°,74.0,75.0,1,2,98,99,7747.71,high
445,2026-07-18T00:59:49Z,KSEA,2026-07-18,KXLOWTSEA-26JUL18-T58,59° or above,59.0,999.0,13,14,86,87,280.0,low
446,2026-07-18T00:59:49Z,KSEA,2026-07-18,KXLOWTSEA-26JUL18-T51,50° or below,-999.0,50.0,2,7,93,98,34.0,low
447,2026-07-18T00:59:49Z,KSEA,2026-07-18,KXLOWTSEA-26JUL18-B57.5,57° to 58°,57.0,58.0,37,38,62,63,309.57,low
448,2026-07-18T00:59:49Z,KSEA,2026-07-18,KXLOWTSEA-26JUL18-B55.5,55° to 56°,55.0,56.0,30,35,65,70,108.07,low
449,2026-07-18T00:59:49Z,KSEA,2026-07-18,KXLOWTSEA-26JUL18-B53.5,53° to 54°,53.0,54.0,6,7,93,94,100.0,low
450,2026-07-18T00:59:49Z,KSEA,2026-07-18,KXLOWTSEA-26JUL18-B51.5,51° to 52°,51.0,52.0,2,5,95,98,0.0,low
451,2026-07-18T00:59:49Z,KSEA,2026-07-18,KXLOWTSEA-26JUL17-T57,58° or above,58.0,999.0,0,1,99,100,1960.09,low
452,2026-07-18T00:59:49Z,KSEA,2026-07-18,KXLOWTSEA-26JUL17-T50,49° or below,-999.0,49.0,0,1,99,100,306.8,low
453,2026-07-18T00:59:49Z,KSEA,2026-07-18,KXLOWTSEA-26JUL17-B56.5,56° to 57°,56.0,57.0,98,99,1,2,911.77,low
454,2026-07-18T00:59:49Z,KSEA,2026-07-18,KXLOWTSEA-26JUL17-B54.5,54° to 55°,54.0,55.0,0,1,99,100,1528.59,low
455,2026-07-18T00:59:49Z,KSEA,2026-07-18,KXLOWTSEA-26JUL17-B52.5,52° to 53°,52.0,53.0,0,1,99,100,482.22,low
456,2026-07-18T00:59:49Z,KSEA,2026-07-18,KXLOWTSEA-26JUL17-B50.5,50° to 51°,50.0,51.0,0,1,99,100,381.36,low
409,2026-07-18T00:59:49Z,KSFO,2026-07-18,KXHIGHTSFO-26JUL18-T72,73° or above,73.0,999.0,1,2,98,99,1796.04,high
410,2026-07-18T00:59:49Z,KSFO,2026-07-18,KXHIGHTSFO-26JUL18-T65,64° or below,-999.0,64.0,2,3,97,98,355.77,high
411,2026-07-18T00:59:49Z,KSFO,2026-07-18,KXHIGHTSFO-26JUL18-B71.5,71° to 72°,71.0,72.0,7,8,92,93,157.29,high
412,2026-07-18T00:59:49Z,KSFO,2026-07-18,KXHIGHTSFO-26JUL18-B69.5,69° to 70°,69.0,70.0,30,31,69,70,724.18,high
413,2026-07-18T00:59:49Z,KSFO,2026-07-18,KXHIGHTSFO-26JUL18-B67.5,67° to 68°,67.0,68.0,31,32,68,69,522.72,high
414,2026-07-18T00:59:49Z,KSFO,2026-07-18,KXHIGHTSFO-26JUL18-B65.5,65° to 66°,65.0,66.0,21,22,78,79,567.69,high
415,2026-07-18T00:59:49Z,KSFO,2026-07-18,KXHIGHTSFO-26JUL17-T71,72° or above,72.0,999.0,0,1,99,100,3547.1,high
416,2026-07-18T00:59:49Z,KSFO,2026-07-18,KXHIGHTSFO-26JUL17-T64,63° or below,-999.0,63.0,0,1,99,100,8263.31,high
417,2026-07-18T00:59:49Z,KSFO,2026-07-18,KXHIGHTSFO-26JUL17-B70.5,70° to 71°,70.0,71.0,0,1,99,100,8069.84,high
418,2026-07-18T00:59:49Z,KSFO,2026-07-18,KXHIGHTSFO-26JUL17-B68.5,68° to 69°,68.0,69.0,99,100,0,1,12872.05,high
419,2026-07-18T00:59:49Z,KSFO,2026-07-18,KXHIGHTSFO-26JUL17-B66.5,66° to 67°,66.0,67.0,0,1,99,100,37988.45,high
420,2026-07-18T00:59:49Z,KSFO,2026-07-18,KXHIGHTSFO-26JUL17-B64.5,64° to 65°,64.0,65.0,0,1,99,100,8995.89,high
421,2026-07-18T00:59:49Z,KSFO,2026-07-18,KXLOWTSFO-26JUL18-T57,58° or above,58.0,999.0,3,4,96,97,24.0,low
422,2026-07-18T00:59:49Z,KSFO,2026-07-18,KXLOWTSFO-26JUL18-T50,49° or below,-999.0,49.0,0,1,99,100,49.02,low
423,2026-07-18T00:59:49Z,KSFO,2026-07-18,KXLOWTSFO-26JUL18-B56.5,56° to 57°,56.0,57.0,42,49,51,58,328.66,low
424,2026-07-18T00:59:49Z,KSFO,2026-07-18,KXLOWTSFO-26JUL18-B54.5,54° to 55°,54.0,55.0,46,49,51,54,278.18,low
425,2026-07-18T00:59:49Z,KSFO,2026-07-18,KXLOWTSFO-26JUL18-B52.5,52° to 53°,52.0,53.0,5,6,94,95,278.0,low
426,2026-07-18T00:59:49Z,KSFO,2026-07-18,KXLOWTSFO-26JUL18-B50.5,50° to 51°,50.0,51.0,1,4,96,99,2.0,low
427,2026-07-18T00:59:49Z,KSFO,2026-07-18,KXLOWTSFO-26JUL17-T57,58° or above,58.0,999.0,0,1,99,100,1156.22,low
428,2026-07-18T00:59:49Z,KSFO,2026-07-18,KXLOWTSFO-26JUL17-T50,49° or below,-999.0,49.0,0,1,99,100,194.02,low
429,2026-07-18T00:59:49Z,KSFO,2026-07-18,KXLOWTSFO-26JUL17-B56.5,56° to 57°,56.0,57.0,84,85,15,16,5526.15,low
430,2026-07-18T00:59:49Z,KSFO,2026-07-18,KXLOWTSFO-26JUL17-B54.5,54° to 55°,54.0,55.0,18,19,81,82,3251.4,low
431,2026-07-18T00:59:49Z,KSFO,2026-07-18,KXLOWTSFO-26JUL17-B52.5,52° to 53°,52.0,53.0,0,2,98,100,952.36,low
432,2026-07-18T00:59:49Z,KSFO,2026-07-18,KXLOWTSFO-26JUL17-B50.5,50° to 51°,50.0,51.0,0,1,99,100,150.4,low
1,2026-07-18T04:07:30Z,KATL,2026-07-18,KXHIGHTATL-26JUL18-T95,96° or above,96.0,999.0,2,3,97,98,503.99,high
2,2026-07-18T04:07:30Z,KATL,2026-07-18,KXHIGHTATL-26JUL18-T88,87° or below,-999.0,87.0,4,5,95,96,291.99,high
3,2026-07-18T04:07:30Z,KATL,2026-07-18,KXHIGHTATL-26JUL18-B94.5,94° to 95°,94.0,95.0,19,20,80,81,480.2,high
4,2026-07-18T04:07:30Z,KATL,2026-07-18,KXHIGHTATL-26JUL18-B92.5,92° to 93°,92.0,93.0,51,52,48,49,515.11,high
5,2026-07-18T04:07:30Z,KATL,2026-07-18,KXHIGHTATL-26JUL18-B90.5,90° to 91°,90.0,91.0,24,25,75,76,479.5,high
6,2026-07-18T04:07:30Z,KATL,2026-07-18,KXHIGHTATL-26JUL18-B88.5,88° to 89°,88.0,89.0,4,5,95,96,71.99,high
7,2026-07-18T04:07:30Z,KATL,2026-07-18,KXHIGHTATL-26JUL17-T95,96° or above,96.0,999.0,0,1,99,100,4469.36,high
8,2026-07-18T04:07:30Z,KATL,2026-07-18,KXHIGHTATL-26JUL17-T88,87° or below,-999.0,87.0,0,1,99,100,3487.24,high
9,2026-07-18T04:07:30Z,KATL,2026-07-18,KXHIGHTATL-26JUL17-B94.5,94° to 95°,94.0,95.0,0,1,99,100,8627.18,high
10,2026-07-18T04:07:30Z,KATL,2026-07-18,KXHIGHTATL-26JUL17-B92.5,92° to 93°,92.0,93.0,0,1,99,100,10708.23,high
11,2026-07-18T04:07:30Z,KATL,2026-07-18,KXHIGHTATL-26JUL17-B90.5,90° to 91°,90.0,91.0,99,100,0,1,15462.75,high
12,2026-07-18T04:07:30Z,KATL,2026-07-18,KXHIGHTATL-26JUL17-B88.5,88° to 89°,88.0,89.0,0,1,99,100,5891.78,high
13,2026-07-18T04:07:30Z,KATL,2026-07-18,KXLOWTATL-26JUL18-T76,77° or above,77.0,999.0,1,2,98,99,510.99,low
14,2026-07-18T04:07:30Z,KATL,2026-07-18,KXLOWTATL-26JUL18-T69,68° or below,-999.0,68.0,0,3,97,100,49.0,low
15,2026-07-18T04:07:30Z,KATL,2026-07-18,KXLOWTATL-26JUL18-B75.5,75° to 76°,75.0,76.0,15,19,81,85,301.22,low
16,2026-07-18T04:07:30Z,KATL,2026-07-18,KXLOWTATL-26JUL18-B73.5,73° to 74°,73.0,74.0,71,75,25,29,1012.6,low
17,2026-07-18T04:07:30Z,KATL,2026-07-18,KXLOWTATL-26JUL18-B71.5,71° to 72°,71.0,72.0,4,8,92,96,656.14,low
18,2026-07-18T04:07:30Z,KATL,2026-07-18,KXLOWTATL-26JUL18-B69.5,69° to 70°,69.0,70.0,1,3,97,99,32.99,low
19,2026-07-18T04:07:30Z,KATL,2026-07-18,KXLOWTATL-26JUL17-T76,77° or above,77.0,999.0,0,1,99,100,1778.19,low
20,2026-07-18T04:07:30Z,KATL,2026-07-18,KXLOWTATL-26JUL17-T69,68° or below,-999.0,68.0,0,1,99,100,74.03,low
21,2026-07-18T04:07:30Z,KATL,2026-07-18,KXLOWTATL-26JUL17-B75.5,75° to 76°,75.0,76.0,93,98,2,7,3022.13,low
22,2026-07-18T04:07:30Z,KATL,2026-07-18,KXLOWTATL-26JUL17-B73.5,73° to 74°,73.0,74.0,2,5,95,98,1183.06,low
23,2026-07-18T04:07:30Z,KATL,2026-07-18,KXLOWTATL-26JUL17-B71.5,71° to 72°,71.0,72.0,0,1,99,100,607.43,low
24,2026-07-18T04:07:30Z,KATL,2026-07-18,KXLOWTATL-26JUL17-B69.5,69° to 70°,69.0,70.0,0,1,99,100,604.0,low
25,2026-07-18T04:07:30Z,KAUS,2026-07-18,KXHIGHAUS-26JUL18-T97,98° or above,98.0,999.0,4,5,95,96,33.0,high
26,2026-07-18T04:07:30Z,KAUS,2026-07-18,KXHIGHAUS-26JUL18-T90,89° or below,-999.0,89.0,2,3,97,98,90.48,high
27,2026-07-18T04:07:30Z,KAUS,2026-07-18,KXHIGHAUS-26JUL18-B96.5,96° to 97°,96.0,97.0,30,34,66,70,985.38,high
28,2026-07-18T04:07:30Z,KAUS,2026-07-18,KXHIGHAUS-26JUL18-B94.5,94° to 95°,94.0,95.0,41,42,58,59,946.38,high
29,2026-07-18T04:07:30Z,KAUS,2026-07-18,KXHIGHAUS-26JUL18-B92.5,92° to 93°,92.0,93.0,15,16,84,85,1067.93,high
30,2026-07-18T04:07:30Z,KAUS,2026-07-18,KXHIGHAUS-26JUL18-B90.5,90° to 91°,90.0,91.0,4,7,93,96,43.03,high
31,2026-07-18T04:07:30Z,KAUS,2026-07-18,KXHIGHAUS-26JUL17-T95,96° or above,96.0,999.0,0,1,99,100,5194.96,high
32,2026-07-18T04:07:30Z,KAUS,2026-07-18,KXHIGHAUS-26JUL17-T88,87° or below,-999.0,87.0,0,1,99,100,12708.47,high
33,2026-07-18T04:07:30Z,KAUS,2026-07-18,KXHIGHAUS-26JUL17-B94.5,94° to 95°,94.0,95.0,99,100,0,1,13222.92,high
34,2026-07-18T04:07:30Z,KAUS,2026-07-18,KXHIGHAUS-26JUL17-B92.5,92° to 93°,92.0,93.0,0,1,99,100,20098.22,high
35,2026-07-18T04:07:30Z,KAUS,2026-07-18,KXHIGHAUS-26JUL17-B90.5,90° to 91°,90.0,91.0,0,1,99,100,7540.03,high
36,2026-07-18T04:07:30Z,KAUS,2026-07-18,KXHIGHAUS-26JUL17-B88.5,88° to 89°,88.0,89.0,0,1,99,100,5175.29,high
37,2026-07-18T04:07:30Z,KAUS,2026-07-18,KXLOWTAUS-26JUL18-T77,78° or above,78.0,999.0,15,23,77,85,737.9,low
38,2026-07-18T04:07:30Z,KAUS,2026-07-18,KXLOWTAUS-26JUL18-T70,69° or below,-999.0,69.0,2,5,95,98,123.0,low
39,2026-07-18T04:07:30Z,KAUS,2026-07-18,KXLOWTAUS-26JUL18-B76.5,76° to 77°,76.0,77.0,58,59,41,42,666.75,low
40,2026-07-18T04:07:30Z,KAUS,2026-07-18,KXLOWTAUS-26JUL18-B74.5,74° to 75°,74.0,75.0,4,8,92,96,369.26,low
41,2026-07-18T04:07:30Z,KAUS,2026-07-18,KXLOWTAUS-26JUL18-B72.5,72° to 73°,72.0,73.0,3,5,95,97,108.81,low
42,2026-07-18T04:07:30Z,KAUS,2026-07-18,KXLOWTAUS-26JUL18-B70.5,70° to 71°,70.0,71.0,3,6,94,97,1.0,low
43,2026-07-18T04:07:30Z,KAUS,2026-07-18,KXLOWTAUS-26JUL17-T76,77° or above,77.0,999.0,94,98,2,6,5010.48,low
44,2026-07-18T04:07:30Z,KAUS,2026-07-18,KXLOWTAUS-26JUL17-T69,68° or below,-999.0,68.0,0,1,99,100,552.0,low
45,2026-07-18T04:07:30Z,KAUS,2026-07-18,KXLOWTAUS-26JUL17-B75.5,75° to 76°,75.0,76.0,3,5,95,97,4684.06,low
46,2026-07-18T04:07:30Z,KAUS,2026-07-18,KXLOWTAUS-26JUL17-B73.5,73° to 74°,73.0,74.0,0,1,99,100,1434.02,low
47,2026-07-18T04:07:30Z,KAUS,2026-07-18,KXLOWTAUS-26JUL17-B71.5,71° to 72°,71.0,72.0,0,1,99,100,579.63,low
48,2026-07-18T04:07:30Z,KAUS,2026-07-18,KXLOWTAUS-26JUL17-B69.5,69° to 70°,69.0,70.0,0,1,99,100,423.0,low
49,2026-07-18T04:07:30Z,KBOS,2026-07-18,KXHIGHTBOS-26JUL18-T87,88° or above,88.0,999.0,21,22,78,79,1532.9,high
50,2026-07-18T04:07:30Z,KBOS,2026-07-18,KXHIGHTBOS-26JUL18-T80,79° or below,-999.0,79.0,3,4,96,97,623.46,high
51,2026-07-18T04:07:30Z,KBOS,2026-07-18,KXHIGHTBOS-26JUL18-B86.5,86° to 87°,86.0,87.0,28,29,71,72,1361.4,high
52,2026-07-18T04:07:30Z,KBOS,2026-07-18,KXHIGHTBOS-26JUL18-B84.5,84° to 85°,84.0,85.0,31,34,66,69,293.14,high
53,2026-07-18T04:07:30Z,KBOS,2026-07-18,KXHIGHTBOS-26JUL18-B82.5,82° to 83°,82.0,83.0,11,12,88,89,279.25,high
54,2026-07-18T04:07:30Z,KBOS,2026-07-18,KXHIGHTBOS-26JUL18-B80.5,80° to 81°,80.0,81.0,7,8,92,93,172.05,high
55,2026-07-18T04:07:30Z,KBOS,2026-07-18,KXHIGHTBOS-26JUL17-T89,90° or above,90.0,999.0,0,1,99,100,1609.04,high
56,2026-07-18T04:07:30Z,KBOS,2026-07-18,KXHIGHTBOS-26JUL17-T82,81° or below,-999.0,81.0,0,1,99,100,3342.28,high
57,2026-07-18T04:07:30Z,KBOS,2026-07-18,KXHIGHTBOS-26JUL17-B88.5,88° to 89°,88.0,89.0,0,1,99,100,2688.35,high
58,2026-07-18T04:07:30Z,KBOS,2026-07-18,KXHIGHTBOS-26JUL17-B86.5,86° to 87°,86.0,87.0,0,1,99,100,7926.31,high
59,2026-07-18T04:07:30Z,KBOS,2026-07-18,KXHIGHTBOS-26JUL17-B84.5,84° to 85°,84.0,85.0,99,100,0,1,6266.74,high
60,2026-07-18T04:07:30Z,KBOS,2026-07-18,KXHIGHTBOS-26JUL17-B82.5,82° to 83°,82.0,83.0,0,1,99,100,4337.14,high
61,2026-07-18T04:07:30Z,KBOS,2026-07-18,KXLOWTBOS-26JUL18-T59,60° or above,60.0,999.0,91,92,8,9,902.98,low
62,2026-07-18T04:07:30Z,KBOS,2026-07-18,KXLOWTBOS-26JUL18-T52,51° or below,-999.0,51.0,0,6,94,100,104.0,low
63,2026-07-18T04:07:30Z,KBOS,2026-07-18,KXLOWTBOS-26JUL18-B58.5,58° to 59°,58.0,59.0,2,5,95,98,12.0,low
64,2026-07-18T04:07:30Z,KBOS,2026-07-18,KXLOWTBOS-26JUL18-B56.5,56° to 57°,56.0,57.0,2,6,94,98,200.0,low
65,2026-07-18T04:07:30Z,KBOS,2026-07-18,KXLOWTBOS-26JUL18-B54.5,54° to 55°,54.0,55.0,0,7,93,100,103.02,low
66,2026-07-18T04:07:30Z,KBOS,2026-07-18,KXLOWTBOS-26JUL18-B52.5,52° to 53°,52.0,53.0,0,6,94,100,110.02,low
67,2026-07-18T04:07:30Z,KBOS,2026-07-18,KXLOWTBOS-26JUL17-T63,64° or above,64.0,999.0,96,100,0,4,1999.87,low
68,2026-07-18T04:07:30Z,KBOS,2026-07-18,KXLOWTBOS-26JUL17-T56,55° or below,-999.0,55.0,0,1,99,100,178.03,low
69,2026-07-18T04:07:30Z,KBOS,2026-07-18,KXLOWTBOS-26JUL17-B62.5,62° to 63°,62.0,63.0,0,4,96,100,1145.73,low
70,2026-07-18T04:07:30Z,KBOS,2026-07-18,KXLOWTBOS-26JUL17-B60.5,60° to 61°,60.0,61.0,0,1,99,100,21.0,low
71,2026-07-18T04:07:30Z,KBOS,2026-07-18,KXLOWTBOS-26JUL17-B58.5,58° to 59°,58.0,59.0,0,1,99,100,21.0,low
72,2026-07-18T04:07:30Z,KBOS,2026-07-18,KXLOWTBOS-26JUL17-B56.5,56° to 57°,56.0,57.0,0,1,99,100,231.03,low
457,2026-07-18T04:07:30Z,KDCA,2026-07-18,KXHIGHTDC-26JUL18-T97,98° or above,98.0,999.0,25,27,73,75,692.73,high
458,2026-07-18T04:07:30Z,KDCA,2026-07-18,KXHIGHTDC-26JUL18-T90,89° or below,-999.0,89.0,1,2,98,99,186.0,high
459,2026-07-18T04:07:30Z,KDCA,2026-07-18,KXHIGHTDC-26JUL18-B96.5,96° to 97°,96.0,97.0,27,28,72,73,244.88,high
460,2026-07-18T04:07:30Z,KDCA,2026-07-18,KXHIGHTDC-26JUL18-B94.5,94° to 95°,94.0,95.0,27,29,71,73,343.28,high
461,2026-07-18T04:07:30Z,KDCA,2026-07-18,KXHIGHTDC-26JUL18-B92.5,92° to 93°,92.0,93.0,16,17,83,84,122.2,high
462,2026-07-18T04:07:30Z,KDCA,2026-07-18,KXHIGHTDC-26JUL18-B90.5,90° to 91°,90.0,91.0,4,5,95,96,76.0,high
463,2026-07-18T04:07:30Z,KDCA,2026-07-18,KXHIGHTDC-26JUL17-T99,100° or above,100.0,999.0,0,1,99,100,366.96,high
464,2026-07-18T04:07:30Z,KDCA,2026-07-18,KXHIGHTDC-26JUL17-T92,91° or below,-999.0,91.0,0,1,99,100,16188.49,high
465,2026-07-18T04:07:30Z,KDCA,2026-07-18,KXHIGHTDC-26JUL17-B98.5,98° to 99°,98.0,99.0,0,1,99,100,1023.02,high
466,2026-07-18T04:07:30Z,KDCA,2026-07-18,KXHIGHTDC-26JUL17-B96.5,96° to 97°,96.0,97.0,0,1,99,100,2313.11,high
467,2026-07-18T04:07:30Z,KDCA,2026-07-18,KXHIGHTDC-26JUL17-B94.5,94° to 95°,94.0,95.0,0,1,99,100,4634.85,high
468,2026-07-18T04:07:30Z,KDCA,2026-07-18,KXHIGHTDC-26JUL17-B92.5,92° to 93°,92.0,93.0,99,100,0,1,7402.31,high
469,2026-07-18T04:07:30Z,KDCA,2026-07-18,KXLOWTDC-26JUL18-T76,77° or above,77.0,999.0,48,56,44,52,510.0,low
470,2026-07-18T04:07:30Z,KDCA,2026-07-18,KXLOWTDC-26JUL18-T69,68° or below,-999.0,68.0,1,5,95,99,165.58,low
471,2026-07-18T04:07:30Z,KDCA,2026-07-18,KXLOWTDC-26JUL18-B75.5,75° to 76°,75.0,76.0,16,22,78,84,258.36,low
472,2026-07-18T04:07:30Z,KDCA,2026-07-18,KXLOWTDC-26JUL18-B73.5,73° to 74°,73.0,74.0,8,10,90,92,348.85,low
473,2026-07-18T04:07:30Z,KDCA,2026-07-18,KXLOWTDC-26JUL18-B71.5,71° to 72°,71.0,72.0,9,12,88,91,355.54,low
474,2026-07-18T04:07:30Z,KDCA,2026-07-18,KXLOWTDC-26JUL18-B69.5,69° to 70°,69.0,70.0,3,10,90,97,458.5,low
475,2026-07-18T04:07:30Z,KDCA,2026-07-18,KXLOWTDC-26JUL17-T79,80° or above,80.0,999.0,0,1,99,100,1917.44,low
476,2026-07-18T04:07:30Z,KDCA,2026-07-18,KXLOWTDC-26JUL17-T72,71° or below,-999.0,71.0,0,1,99,100,634.03,low
477,2026-07-18T04:07:30Z,KDCA,2026-07-18,KXLOWTDC-26JUL17-B78.5,78° to 79°,78.0,79.0,0,1,99,100,14823.55,low
478,2026-07-18T04:07:30Z,KDCA,2026-07-18,KXLOWTDC-26JUL17-B76.5,76° to 77°,76.0,77.0,84,99,1,16,3127.32,low
479,2026-07-18T04:07:30Z,KDCA,2026-07-18,KXLOWTDC-26JUL17-B74.5,74° to 75°,74.0,75.0,0,4,96,100,2455.68,low
480,2026-07-18T04:07:30Z,KDCA,2026-07-18,KXLOWTDC-26JUL17-B72.5,72° to 73°,72.0,73.0,0,1,99,100,956.62,low
121,2026-07-18T04:07:30Z,KDEN,2026-07-18,KXHIGHDEN-26JUL18-T98,99° or above,99.0,999.0,1,2,98,99,564.62,high
122,2026-07-18T04:07:30Z,KDEN,2026-07-18,KXHIGHDEN-26JUL18-T91,90° or below,-999.0,90.0,1,2,98,99,470.08,high
123,2026-07-18T04:07:30Z,KDEN,2026-07-18,KXHIGHDEN-26JUL18-B97.5,97° to 98°,97.0,98.0,2,3,97,98,454.05,high
124,2026-07-18T04:07:30Z,KDEN,2026-07-18,KXHIGHDEN-26JUL18-B95.5,95° to 96°,95.0,96.0,25,26,74,75,1117.49,high
125,2026-07-18T04:07:30Z,KDEN,2026-07-18,KXHIGHDEN-26JUL18-B93.5,93° to 94°,93.0,94.0,50,51,49,50,1555.88,high
126,2026-07-18T04:07:30Z,KDEN,2026-07-18,KXHIGHDEN-26JUL18-B91.5,91° to 92°,91.0,92.0,22,23,77,78,1106.81,high
127,2026-07-18T04:07:30Z,KDEN,2026-07-18,KXHIGHDEN-26JUL17-T97,98° or above,98.0,999.0,0,1,99,100,579.25,high
128,2026-07-18T04:07:30Z,KDEN,2026-07-18,KXHIGHDEN-26JUL17-T90,89° or below,-999.0,89.0,0,1,99,100,1697.75,high
129,2026-07-18T04:07:30Z,KDEN,2026-07-18,KXHIGHDEN-26JUL17-B96.5,96° to 97°,96.0,97.0,0,1,99,100,3810.06,high
130,2026-07-18T04:07:30Z,KDEN,2026-07-18,KXHIGHDEN-26JUL17-B94.5,94° to 95°,94.0,95.0,0,1,99,100,6513.01,high
131,2026-07-18T04:07:30Z,KDEN,2026-07-18,KXHIGHDEN-26JUL17-B92.5,92° to 93°,92.0,93.0,99,100,0,1,11671.67,high
132,2026-07-18T04:07:30Z,KDEN,2026-07-18,KXHIGHDEN-26JUL17-B90.5,90° to 91°,90.0,91.0,0,1,99,100,11461.32,high
133,2026-07-18T04:07:30Z,KDEN,2026-07-18,KXLOWTDEN-26JUL18-T68,69° or above,69.0,999.0,2,4,96,98,119.0,low
134,2026-07-18T04:07:30Z,KDEN,2026-07-18,KXLOWTDEN-26JUL18-T61,60° or below,-999.0,60.0,9,17,83,91,217.0,low
135,2026-07-18T04:07:30Z,KDEN,2026-07-18,KXLOWTDEN-26JUL18-B67.5,67° to 68°,67.0,68.0,2,4,96,98,89.47,low
136,2026-07-18T04:07:30Z,KDEN,2026-07-18,KXLOWTDEN-26JUL18-B65.5,65° to 66°,65.0,66.0,7,9,91,93,420.08,low
137,2026-07-18T04:07:30Z,KDEN,2026-07-18,KXLOWTDEN-26JUL18-B63.5,63° to 64°,63.0,64.0,37,58,42,63,485.66,low
138,2026-07-18T04:07:30Z,KDEN,2026-07-18,KXLOWTDEN-26JUL18-B61.5,61° to 62°,61.0,62.0,33,34,66,67,155.84,low
139,2026-07-18T04:07:30Z,KDEN,2026-07-18,KXLOWTDEN-26JUL17-T67,68° or above,68.0,999.0,0,1,99,100,1043.52,low
140,2026-07-18T04:07:30Z,KDEN,2026-07-18,KXLOWTDEN-26JUL17-T60,59° or below,-999.0,59.0,0,1,99,100,235.08,low
141,2026-07-18T04:07:30Z,KDEN,2026-07-18,KXLOWTDEN-26JUL17-B66.5,66° to 67°,66.0,67.0,0,1,99,100,6858.94,low
142,2026-07-18T04:07:30Z,KDEN,2026-07-18,KXLOWTDEN-26JUL17-B64.5,64° to 65°,64.0,65.0,97,98,2,3,7024.09,low
143,2026-07-18T04:07:30Z,KDEN,2026-07-18,KXLOWTDEN-26JUL17-B62.5,62° to 63°,62.0,63.0,2,3,97,98,3158.1,low
144,2026-07-18T04:07:30Z,KDEN,2026-07-18,KXLOWTDEN-26JUL17-B60.5,60° to 61°,60.0,61.0,0,1,99,100,417.26,low
97,2026-07-18T04:07:30Z,KDFW,2026-07-18,KXHIGHTDAL-26JUL18-T93,92° or below,-999.0,92.0,4,5,95,96,102.0,high
98,2026-07-18T04:07:30Z,KDFW,2026-07-18,KXHIGHTDAL-26JUL18-T100,101° or above,101.0,999.0,0,1,99,100,702.02,high
99,2026-07-18T04:07:30Z,KDFW,2026-07-18,KXHIGHTDAL-26JUL18-B99.5,99° to 100°,99.0,100.0,6,7,93,94,166.5,high
100,2026-07-18T04:07:30Z,KDFW,2026-07-18,KXHIGHTDAL-26JUL18-B97.5,97° to 98°,97.0,98.0,36,37,63,64,1173.93,high
101,2026-07-18T04:07:30Z,KDFW,2026-07-18,KXHIGHTDAL-26JUL18-B95.5,95° to 96°,95.0,96.0,46,48,52,54,5436.61,high
102,2026-07-18T04:07:30Z,KDFW,2026-07-18,KXHIGHTDAL-26JUL18-B93.5,93° to 94°,93.0,94.0,5,6,94,95,43.0,high
103,2026-07-18T04:07:30Z,KDFW,2026-07-18,KXHIGHTDAL-26JUL17-T96,97° or above,97.0,999.0,0,1,99,100,3238.03,high
104,2026-07-18T04:07:30Z,KDFW,2026-07-18,KXHIGHTDAL-26JUL17-T89,88° or below,-999.0,88.0,0,1,99,100,2645.21,high
105,2026-07-18T04:07:30Z,KDFW,2026-07-18,KXHIGHTDAL-26JUL17-B95.5,95° to 96°,95.0,96.0,0,1,99,100,8312.03,high
106,2026-07-18T04:07:30Z,KDFW,2026-07-18,KXHIGHTDAL-26JUL17-B93.5,93° to 94°,93.0,94.0,99,100,0,1,8341.93,high
107,2026-07-18T04:07:30Z,KDFW,2026-07-18,KXHIGHTDAL-26JUL17-B91.5,91° to 92°,91.0,92.0,0,1,99,100,4868.22,high
108,2026-07-18T04:07:30Z,KDFW,2026-07-18,KXHIGHTDAL-26JUL17-B89.5,89° to 90°,89.0,90.0,0,1,99,100,1273.86,high
109,2026-07-18T04:07:30Z,KDFW,2026-07-18,KXLOWTDAL-26JUL18-T77,78° or above,78.0,999.0,55,56,44,45,1184.44,low
110,2026-07-18T04:07:30Z,KDFW,2026-07-18,KXLOWTDAL-26JUL18-T70,69° or below,-999.0,69.0,0,1,99,100,109.0,low
111,2026-07-18T04:07:30Z,KDFW,2026-07-18,KXLOWTDAL-26JUL18-B76.5,76° to 77°,76.0,77.0,25,26,74,75,577.07,low
112,2026-07-18T04:07:30Z,KDFW,2026-07-18,KXLOWTDAL-26JUL18-B74.5,74° to 75°,74.0,75.0,4,5,95,96,504.48,low
113,2026-07-18T04:07:30Z,KDFW,2026-07-18,KXLOWTDAL-26JUL18-B72.5,72° to 73°,72.0,73.0,2,3,97,98,62.15,low
114,2026-07-18T04:07:30Z,KDFW,2026-07-18,KXLOWTDAL-26JUL18-B70.5,70° to 71°,70.0,71.0,5,6,94,95,88.15,low
115,2026-07-18T04:07:30Z,KDFW,2026-07-18,KXLOWTDAL-26JUL17-T76,77° or above,77.0,999.0,98,99,1,2,2494.01,low
116,2026-07-18T04:07:30Z,KDFW,2026-07-18,KXLOWTDAL-26JUL17-T69,68° or below,-999.0,68.0,0,1,99,100,261.02,low
117,2026-07-18T04:07:30Z,KDFW,2026-07-18,KXLOWTDAL-26JUL17-B75.5,75° to 76°,75.0,76.0,2,3,97,98,636.75,low
118,2026-07-18T04:07:30Z,KDFW,2026-07-18,KXLOWTDAL-26JUL17-B73.5,73° to 74°,73.0,74.0,0,1,99,100,1272.12,low
119,2026-07-18T04:07:30Z,KDFW,2026-07-18,KXLOWTDAL-26JUL17-B71.5,71° to 72°,71.0,72.0,0,1,99,100,142.4,low
120,2026-07-18T04:07:30Z,KDFW,2026-07-18,KXLOWTDAL-26JUL17-B69.5,69° to 70°,69.0,70.0,0,1,99,100,51.0,low
145,2026-07-18T04:07:30Z,KIAH,2026-07-18,KXHIGHTHOU-26JUL18-T93,92° or below,-999.0,92.0,5,6,94,95,230.6,high
146,2026-07-18T04:07:30Z,KIAH,2026-07-18,KXHIGHTHOU-26JUL18-T100,101° or above,101.0,999.0,0,1,99,100,1412.02,high
147,2026-07-18T04:07:30Z,KIAH,2026-07-18,KXHIGHTHOU-26JUL18-B99.5,99° to 100°,99.0,100.0,1,2,98,99,130.02,high
148,2026-07-18T04:07:30Z,KIAH,2026-07-18,KXHIGHTHOU-26JUL18-B97.5,97° to 98°,97.0,98.0,9,13,87,91,140.0,high
149,2026-07-18T04:07:30Z,KIAH,2026-07-18,KXHIGHTHOU-26JUL18-B95.5,95° to 96°,95.0,96.0,48,49,51,52,583.0,high
150,2026-07-18T04:07:30Z,KIAH,2026-07-18,KXHIGHTHOU-26JUL18-B93.5,93° to 94°,93.0,94.0,34,37,63,66,216.69,high
151,2026-07-18T04:07:30Z,KIAH,2026-07-18,KXHIGHTHOU-26JUL17-T98,99° or above,99.0,999.0,0,1,99,100,914.31,high
152,2026-07-18T04:07:30Z,KIAH,2026-07-18,KXHIGHTHOU-26JUL17-T91,90° or below,-999.0,90.0,0,1,99,100,1187.67,high
153,2026-07-18T04:07:30Z,KIAH,2026-07-18,KXHIGHTHOU-26JUL17-B97.5,97° to 98°,97.0,98.0,0,1,99,100,1540.68,high
154,2026-07-18T04:07:30Z,KIAH,2026-07-18,KXHIGHTHOU-26JUL17-B95.5,95° to 96°,95.0,96.0,0,1,99,100,5020.51,high
155,2026-07-18T04:07:30Z,KIAH,2026-07-18,KXHIGHTHOU-26JUL17-B93.5,93° to 94°,93.0,94.0,99,100,0,1,8904.15,high
156,2026-07-18T04:07:30Z,KIAH,2026-07-18,KXHIGHTHOU-26JUL17-B91.5,91° to 92°,91.0,92.0,0,1,99,100,5480.61,high
157,2026-07-18T04:07:30Z,KIAH,2026-07-18,KXLOWTHOU-26JUL18-T79,80° or above,80.0,999.0,3,13,87,97,408.0,low
158,2026-07-18T04:07:30Z,KIAH,2026-07-18,KXLOWTHOU-26JUL18-T72,71° or below,-999.0,71.0,1,2,98,99,1.0,low
159,2026-07-18T04:07:30Z,KIAH,2026-07-18,KXLOWTHOU-26JUL18-B78.5,78° to 79°,78.0,79.0,53,72,28,47,663.91,low
160,2026-07-18T04:07:30Z,KIAH,2026-07-18,KXLOWTHOU-26JUL18-B76.5,76° to 77°,76.0,77.0,4,34,66,96,265.32,low
161,2026-07-18T04:07:30Z,KIAH,2026-07-18,KXLOWTHOU-26JUL18-B74.5,74° to 75°,74.0,75.0,5,9,91,95,55.0,low
162,2026-07-18T04:07:30Z,KIAH,2026-07-18,KXLOWTHOU-26JUL18-B72.5,72° to 73°,72.0,73.0,1,7,93,99,52.0,low
163,2026-07-18T04:07:30Z,KIAH,2026-07-18,KXLOWTHOU-26JUL17-T80,81° or above,81.0,999.0,0,1,99,100,177.97,low
164,2026-07-18T04:07:30Z,KIAH,2026-07-18,KXLOWTHOU-26JUL17-T73,72° or below,-999.0,72.0,0,1,99,100,31.0,low
165,2026-07-18T04:07:30Z,KIAH,2026-07-18,KXLOWTHOU-26JUL17-B79.5,79° to 80°,79.0,80.0,96,97,3,4,1301.08,low
166,2026-07-18T04:07:30Z,KIAH,2026-07-18,KXLOWTHOU-26JUL17-B77.5,77° to 78°,77.0,78.0,0,4,96,100,1097.28,low
167,2026-07-18T04:07:30Z,KIAH,2026-07-18,KXLOWTHOU-26JUL17-B75.5,75° to 76°,75.0,76.0,0,4,96,100,148.01,low
168,2026-07-18T04:07:30Z,KIAH,2026-07-18,KXLOWTHOU-26JUL17-B73.5,73° to 74°,73.0,74.0,0,1,99,100,142.97,low
169,2026-07-18T04:07:30Z,KLAS,2026-07-18,KXHIGHTLV-26JUL18-T107,108° or above,108.0,999.0,0,1,99,100,516.52,high
170,2026-07-18T04:07:30Z,KLAS,2026-07-18,KXHIGHTLV-26JUL18-T100,99° or below,-999.0,99.0,3,4,96,97,1274.94,high
171,2026-07-18T04:07:30Z,KLAS,2026-07-18,KXHIGHTLV-26JUL18-B106.5,106° to 107°,106.0,107.0,1,2,98,99,805.78,high
172,2026-07-18T04:07:30Z,KLAS,2026-07-18,KXHIGHTLV-26JUL18-B104.5,104° to 105°,104.0,105.0,27,29,71,73,596.64,high
173,2026-07-18T04:07:30Z,KLAS,2026-07-18,KXHIGHTLV-26JUL18-B102.5,102° to 103°,102.0,103.0,52,57,43,48,1039.49,high
174,2026-07-18T04:07:30Z,KLAS,2026-07-18,KXHIGHTLV-26JUL18-B100.5,100° to 101°,100.0,101.0,15,19,81,85,736.79,high
175,2026-07-18T04:07:30Z,KLAS,2026-07-18,KXHIGHTLV-26JUL17-T99,98° or below,-999.0,98.0,99,100,0,1,10778.85,high
176,2026-07-18T04:07:30Z,KLAS,2026-07-18,KXHIGHTLV-26JUL17-T106,107° or above,107.0,999.0,0,1,99,100,1130.53,high
177,2026-07-18T04:07:30Z,KLAS,2026-07-18,KXHIGHTLV-26JUL17-B99.5,99° to 100°,99.0,100.0,0,1,99,100,5650.21,high
178,2026-07-18T04:07:30Z,KLAS,2026-07-18,KXHIGHTLV-26JUL17-B105.5,105° to 106°,105.0,106.0,0,1,99,100,1275.63,high
179,2026-07-18T04:07:30Z,KLAS,2026-07-18,KXHIGHTLV-26JUL17-B103.5,103° to 104°,103.0,104.0,0,1,99,100,1639.63,high
180,2026-07-18T04:07:30Z,KLAS,2026-07-18,KXHIGHTLV-26JUL17-B101.5,101° to 102°,101.0,102.0,0,1,99,100,4310.52,high
181,2026-07-18T04:07:30Z,KLAS,2026-07-18,KXLOWTLV-26JUL18-T84,85° or above,85.0,999.0,21,31,69,79,590.98,low
182,2026-07-18T04:07:30Z,KLAS,2026-07-18,KXLOWTLV-26JUL18-T77,76° or below,-999.0,76.0,4,5,95,96,769.39,low
183,2026-07-18T04:07:30Z,KLAS,2026-07-18,KXLOWTLV-26JUL18-B83.5,83° to 84°,83.0,84.0,34,43,57,66,1086.24,low
184,2026-07-18T04:07:30Z,KLAS,2026-07-18,KXLOWTLV-26JUL18-B81.5,81° to 82°,81.0,82.0,15,16,84,85,830.39,low
185,2026-07-18T04:07:30Z,KLAS,2026-07-18,KXLOWTLV-26JUL18-B79.5,79° to 80°,79.0,80.0,5,10,90,95,892.08,low
186,2026-07-18T04:07:30Z,KLAS,2026-07-18,KXLOWTLV-26JUL18-B77.5,77° to 78°,77.0,78.0,10,11,89,90,833.0,low
187,2026-07-18T04:07:30Z,KLAS,2026-07-18,KXLOWTLV-26JUL17-T87,88° or above,88.0,999.0,0,1,99,100,1167.33,low
188,2026-07-18T04:07:30Z,KLAS,2026-07-18,KXLOWTLV-26JUL17-T80,79° or below,-999.0,79.0,1,18,82,99,1586.19,low
189,2026-07-18T04:07:30Z,KLAS,2026-07-18,KXLOWTLV-26JUL17-B86.5,86° to 87°,86.0,87.0,0,1,99,100,11321.91,low
190,2026-07-18T04:07:30Z,KLAS,2026-07-18,KXLOWTLV-26JUL17-B84.5,84° to 85°,84.0,85.0,0,1,99,100,16264.77,low
191,2026-07-18T04:07:30Z,KLAS,2026-07-18,KXLOWTLV-26JUL17-B82.5,82° to 83°,82.0,83.0,83,98,2,17,4714.73,low
192,2026-07-18T04:07:30Z,KLAS,2026-07-18,KXLOWTLV-26JUL17-B80.5,80° to 81°,80.0,81.0,1,15,85,99,1662.8,low
193,2026-07-18T04:07:30Z,KLAX,2026-07-18,KXHIGHLAX-26JUL18-T79,80° or above,80.0,999.0,73,74,26,27,17813.95,high
194,2026-07-18T04:07:30Z,KLAX,2026-07-18,KXHIGHLAX-26JUL18-T72,71° or below,-999.0,71.0,0,1,99,100,1185.44,high
195,2026-07-18T04:07:30Z,KLAX,2026-07-18,KXHIGHLAX-26JUL18-B78.5,78° to 79°,78.0,79.0,20,21,79,80,6092.98,high
196,2026-07-18T04:07:30Z,KLAX,2026-07-18,KXHIGHLAX-26JUL18-B76.5,76° to 77°,76.0,77.0,6,7,93,94,7852.57,high
197,2026-07-18T04:07:30Z,KLAX,2026-07-18,KXHIGHLAX-26JUL18-B74.5,74° to 75°,74.0,75.0,2,3,97,98,11024.6,high
198,2026-07-18T04:07:30Z,KLAX,2026-07-18,KXHIGHLAX-26JUL18-B72.5,72° to 73°,72.0,73.0,0,1,99,100,8935.01,high
199,2026-07-18T04:07:30Z,KLAX,2026-07-18,KXHIGHLAX-26JUL17-T80,81° or above,81.0,999.0,99,100,0,1,149335.28,high
200,2026-07-18T04:07:30Z,KLAX,2026-07-18,KXHIGHLAX-26JUL17-T73,72° or below,-999.0,72.0,0,1,99,100,3429.32,high
201,2026-07-18T04:07:30Z,KLAX,2026-07-18,KXHIGHLAX-26JUL17-B79.5,79° to 80°,79.0,80.0,0,1,99,100,52885.64,high
202,2026-07-18T04:07:30Z,KLAX,2026-07-18,KXHIGHLAX-26JUL17-B77.5,77° to 78°,77.0,78.0,0,1,99,100,43473.63,high
203,2026-07-18T04:07:30Z,KLAX,2026-07-18,KXHIGHLAX-26JUL17-B75.5,75° to 76°,75.0,76.0,0,1,99,100,33625.09,high
204,2026-07-18T04:07:30Z,KLAX,2026-07-18,KXHIGHLAX-26JUL17-B73.5,73° to 74°,73.0,74.0,0,1,99,100,14090.34,high
205,2026-07-18T04:07:30Z,KLAX,2026-07-18,KXLOWTLAX-26JUL18-T69,70° or above,70.0,999.0,14,17,83,86,1025.11,low
206,2026-07-18T04:07:30Z,KLAX,2026-07-18,KXLOWTLAX-26JUL18-T62,61° or below,-999.0,61.0,0,1,99,100,192.02,low
207,2026-07-18T04:07:30Z,KLAX,2026-07-18,KXLOWTLAX-26JUL18-B68.5,68° to 69°,68.0,69.0,71,72,28,29,339.69,low
208,2026-07-18T04:07:30Z,KLAX,2026-07-18,KXLOWTLAX-26JUL18-B66.5,66° to 67°,66.0,67.0,4,9,91,96,269.93,low
209,2026-07-18T04:07:30Z,KLAX,2026-07-18,KXLOWTLAX-26JUL18-B64.5,64° to 65°,64.0,65.0,2,3,97,98,115.09,low
210,2026-07-18T04:07:30Z,KLAX,2026-07-18,KXLOWTLAX-26JUL18-B62.5,62° to 63°,62.0,63.0,1,2,98,99,275.32,low
211,2026-07-18T04:07:30Z,KLAX,2026-07-18,KXLOWTLAX-26JUL17-T69,70° or above,70.0,999.0,0,1,99,100,7185.26,low
212,2026-07-18T04:07:30Z,KLAX,2026-07-18,KXLOWTLAX-26JUL17-T62,61° or below,-999.0,61.0,0,1,99,100,223.03,low
213,2026-07-18T04:07:30Z,KLAX,2026-07-18,KXLOWTLAX-26JUL17-B68.5,68° to 69°,68.0,69.0,94,97,3,6,2049.87,low
214,2026-07-18T04:07:30Z,KLAX,2026-07-18,KXLOWTLAX-26JUL17-B66.5,66° to 67°,66.0,67.0,0,7,93,100,1236.98,low
215,2026-07-18T04:07:30Z,KLAX,2026-07-18,KXLOWTLAX-26JUL17-B64.5,64° to 65°,64.0,65.0,0,1,99,100,314.55,low
216,2026-07-18T04:07:30Z,KLAX,2026-07-18,KXLOWTLAX-26JUL17-B62.5,62° to 63°,62.0,63.0,0,2,98,100,1007.12,low
73,2026-07-18T04:07:30Z,KMDW,2026-07-18,KXHIGHCHI-26JUL18-T96,97° or above,97.0,999.0,1,2,98,99,2649.56,high
74,2026-07-18T04:07:30Z,KMDW,2026-07-18,KXHIGHCHI-26JUL18-T89,88° or below,-999.0,88.0,13,14,86,87,2628.28,high
75,2026-07-18T04:07:30Z,KMDW,2026-07-18,KXHIGHCHI-26JUL18-B95.5,95° to 96°,95.0,96.0,3,4,96,97,477.47,high
76,2026-07-18T04:07:30Z,KMDW,2026-07-18,KXHIGHCHI-26JUL18-B93.5,93° to 94°,93.0,94.0,19,20,80,81,648.84,high
77,2026-07-18T04:07:30Z,KMDW,2026-07-18,KXHIGHCHI-26JUL18-B91.5,91° to 92°,91.0,92.0,39,40,60,61,964.76,high
78,2026-07-18T04:07:30Z,KMDW,2026-07-18,KXHIGHCHI-26JUL18-B89.5,89° to 90°,89.0,90.0,23,24,76,77,891.93,high
79,2026-07-18T04:07:30Z,KMDW,2026-07-18,KXHIGHCHI-26JUL17-T96,97° or above,97.0,999.0,0,1,99,100,17058.03,high
80,2026-07-18T04:07:30Z,KMDW,2026-07-18,KXHIGHCHI-26JUL17-T89,88° or below,-999.0,88.0,0,1,99,100,28949.95,high
81,2026-07-18T04:07:30Z,KMDW,2026-07-18,KXHIGHCHI-26JUL17-B95.5,95° to 96°,95.0,96.0,0,1,99,100,16197.83,high
82,2026-07-18T04:07:30Z,KMDW,2026-07-18,KXHIGHCHI-26JUL17-B93.5,93° to 94°,93.0,94.0,99,100,0,1,48897.15,high
83,2026-07-18T04:07:30Z,KMDW,2026-07-18,KXHIGHCHI-26JUL17-B91.5,91° to 92°,91.0,92.0,0,1,99,100,61424.09,high
84,2026-07-18T04:07:30Z,KMDW,2026-07-18,KXHIGHCHI-26JUL17-B89.5,89° to 90°,89.0,90.0,0,1,99,100,29703.61,high
85,2026-07-18T04:07:30Z,KMDW,2026-07-18,KXLOWTCHI-26JUL18-T74,75° or above,75.0,999.0,10,13,87,90,768.1,low
86,2026-07-18T04:07:30Z,KMDW,2026-07-18,KXLOWTCHI-26JUL18-T67,66° or below,-999.0,66.0,1,3,97,99,60.0,low
87,2026-07-18T04:07:30Z,KMDW,2026-07-18,KXLOWTCHI-26JUL18-B73.5,73° to 74°,73.0,74.0,38,39,61,62,452.26,low
88,2026-07-18T04:07:30Z,KMDW,2026-07-18,KXLOWTCHI-26JUL18-B71.5,71° to 72°,71.0,72.0,28,33,67,72,683.8,low
89,2026-07-18T04:07:30Z,KMDW,2026-07-18,KXLOWTCHI-26JUL18-B69.5,69° to 70°,69.0,70.0,8,11,89,92,314.49,low
90,2026-07-18T04:07:30Z,KMDW,2026-07-18,KXLOWTCHI-26JUL18-B67.5,67° to 68°,67.0,68.0,6,8,92,94,131.96,low
91,2026-07-18T04:07:30Z,KMDW,2026-07-18,KXLOWTCHI-26JUL17-T76,77° or above,77.0,999.0,98,99,1,2,5456.76,low
92,2026-07-18T04:07:30Z,KMDW,2026-07-18,KXLOWTCHI-26JUL17-T69,68° or below,-999.0,68.0,0,1,99,100,441.64,low
93,2026-07-18T04:07:30Z,KMDW,2026-07-18,KXLOWTCHI-26JUL17-B75.5,75° to 76°,75.0,76.0,0,1,99,100,2685.45,low
94,2026-07-18T04:07:30Z,KMDW,2026-07-18,KXLOWTCHI-26JUL17-B73.5,73° to 74°,73.0,74.0,0,2,98,100,1567.93,low
95,2026-07-18T04:07:30Z,KMDW,2026-07-18,KXLOWTCHI-26JUL17-B71.5,71° to 72°,71.0,72.0,0,1,99,100,1279.55,low
96,2026-07-18T04:07:30Z,KMDW,2026-07-18,KXLOWTCHI-26JUL17-B69.5,69° to 70°,69.0,70.0,0,1,99,100,1021.2,low
217,2026-07-18T04:07:30Z,KMIA,2026-07-18,KXHIGHMIA-26JUL18-T95,96° or above,96.0,999.0,1,2,98,99,1028.58,high
218,2026-07-18T04:07:30Z,KMIA,2026-07-18,KXHIGHMIA-26JUL18-T88,87° or below,-999.0,87.0,1,2,98,99,553.75,high
219,2026-07-18T04:07:30Z,KMIA,2026-07-18,KXHIGHMIA-26JUL18-B94.5,94° to 95°,94.0,95.0,8,9,91,92,1113.99,high
220,2026-07-18T04:07:30Z,KMIA,2026-07-18,KXHIGHMIA-26JUL18-B92.5,92° to 93°,92.0,93.0,55,56,44,45,3125.06,high
221,2026-07-18T04:07:30Z,KMIA,2026-07-18,KXHIGHMIA-26JUL18-B90.5,90° to 91°,90.0,91.0,29,31,69,71,2205.85,high
222,2026-07-18T04:07:30Z,KMIA,2026-07-18,KXHIGHMIA-26JUL18-B88.5,88° to 89°,88.0,89.0,4,5,95,96,626.2,high
223,2026-07-18T04:07:30Z,KMIA,2026-07-18,KXHIGHMIA-26JUL17-T97,98° or above,98.0,999.0,0,1,99,100,7508.44,high
224,2026-07-18T04:07:30Z,KMIA,2026-07-18,KXHIGHMIA-26JUL17-T90,89° or below,-999.0,89.0,0,1,99,100,9276.68,high
225,2026-07-18T04:07:30Z,KMIA,2026-07-18,KXHIGHMIA-26JUL17-B96.5,96° to 97°,96.0,97.0,0,1,99,100,28937.73,high
226,2026-07-18T04:07:30Z,KMIA,2026-07-18,KXHIGHMIA-26JUL17-B94.5,94° to 95°,94.0,95.0,99,100,0,1,35965.52,high
227,2026-07-18T04:07:30Z,KMIA,2026-07-18,KXHIGHMIA-26JUL17-B92.5,92° to 93°,92.0,93.0,0,1,99,100,51163.08,high
228,2026-07-18T04:07:30Z,KMIA,2026-07-18,KXHIGHMIA-26JUL17-B90.5,90° to 91°,90.0,91.0,0,1,99,100,26256.71,high
229,2026-07-18T04:07:30Z,KMIA,2026-07-18,KXLOWTMIA-26JUL18-T82,83° or above,83.0,999.0,1,5,95,99,425.26,low
230,2026-07-18T04:07:30Z,KMIA,2026-07-18,KXLOWTMIA-26JUL18-T75,74° or below,-999.0,74.0,2,3,97,98,486.06,low
231,2026-07-18T04:07:30Z,KMIA,2026-07-18,KXLOWTMIA-26JUL18-B81.5,81° to 82°,81.0,82.0,12,14,86,88,213.26,low
232,2026-07-18T04:07:30Z,KMIA,2026-07-18,KXLOWTMIA-26JUL18-B79.5,79° to 80°,79.0,80.0,36,38,62,64,684.37,low
233,2026-07-18T04:07:30Z,KMIA,2026-07-18,KXLOWTMIA-26JUL18-B77.5,77° to 78°,77.0,78.0,33,34,66,67,782.86,low
234,2026-07-18T04:07:30Z,KMIA,2026-07-18,KXLOWTMIA-26JUL18-B75.5,75° to 76°,75.0,76.0,7,8,92,93,356.06,low
235,2026-07-18T04:07:30Z,KMIA,2026-07-18,KXLOWTMIA-26JUL17-T82,83° or above,83.0,999.0,0,1,99,100,3208.84,low
236,2026-07-18T04:07:30Z,KMIA,2026-07-18,KXLOWTMIA-26JUL17-T75,74° or below,-999.0,74.0,99,100,0,1,4687.22,low
237,2026-07-18T04:07:30Z,KMIA,2026-07-18,KXLOWTMIA-26JUL17-B81.5,81° to 82°,81.0,82.0,0,1,99,100,14224.96,low
238,2026-07-18T04:07:30Z,KMIA,2026-07-18,KXLOWTMIA-26JUL17-B79.5,79° to 80°,79.0,80.0,0,1,99,100,26221.41,low
239,2026-07-18T04:07:30Z,KMIA,2026-07-18,KXLOWTMIA-26JUL17-B77.5,77° to 78°,77.0,78.0,0,1,99,100,1893.83,low
240,2026-07-18T04:07:30Z,KMIA,2026-07-18,KXLOWTMIA-26JUL17-B75.5,75° to 76°,75.0,76.0,0,1,99,100,4659.97,low
241,2026-07-18T04:07:30Z,KMSP,2026-07-18,KXHIGHTMIN-26JUL18-T95,96° or above,96.0,999.0,1,2,98,99,131.99,high
242,2026-07-18T04:07:30Z,KMSP,2026-07-18,KXHIGHTMIN-26JUL18-T88,87° or below,-999.0,87.0,19,20,80,81,467.33,high
243,2026-07-18T04:07:30Z,KMSP,2026-07-18,KXHIGHTMIN-26JUL18-B94.5,94° to 95°,94.0,95.0,4,5,95,96,5.99,high
244,2026-07-18T04:07:30Z,KMSP,2026-07-18,KXHIGHTMIN-26JUL18-B92.5,92° to 93°,92.0,93.0,7,9,91,93,154.11,high
245,2026-07-18T04:07:30Z,KMSP,2026-07-18,KXHIGHTMIN-26JUL18-B90.5,90° to 91°,90.0,91.0,26,33,67,74,84.99,high
246,2026-07-18T04:07:30Z,KMSP,2026-07-18,KXHIGHTMIN-26JUL18-B88.5,88° to 89°,88.0,89.0,36,40,60,64,347.71,high
247,2026-07-18T04:07:30Z,KMSP,2026-07-18,KXHIGHTMIN-26JUL17-T93,92° or below,-999.0,92.0,0,1,99,100,2503.95,high
248,2026-07-18T04:07:30Z,KMSP,2026-07-18,KXHIGHTMIN-26JUL17-T100,101° or above,101.0,999.0,0,1,99,100,792.02,high
249,2026-07-18T04:07:30Z,KMSP,2026-07-18,KXHIGHTMIN-26JUL17-B99.5,99° to 100°,99.0,100.0,0,1,99,100,1405.53,high
250,2026-07-18T04:07:30Z,KMSP,2026-07-18,KXHIGHTMIN-26JUL17-B97.5,97° to 98°,97.0,98.0,0,1,99,100,3999.59,high
251,2026-07-18T04:07:30Z,KMSP,2026-07-18,KXHIGHTMIN-26JUL17-B95.5,95° to 96°,95.0,96.0,99,100,0,1,5875.5,high
252,2026-07-18T04:07:30Z,KMSP,2026-07-18,KXHIGHTMIN-26JUL17-B93.5,93° to 94°,93.0,94.0,0,1,99,100,8131.79,high
253,2026-07-18T04:07:30Z,KMSP,2026-07-18,KXLOWTMIN-26JUL18-T73,74° or above,74.0,999.0,15,16,84,85,676.65,low
254,2026-07-18T04:07:30Z,KMSP,2026-07-18,KXLOWTMIN-26JUL18-T66,65° or below,-999.0,65.0,2,3,97,98,16.0,low
255,2026-07-18T04:07:30Z,KMSP,2026-07-18,KXLOWTMIN-26JUL18-B72.5,72° to 73°,72.0,73.0,42,47,53,58,563.0,low
256,2026-07-18T04:07:30Z,KMSP,2026-07-18,KXLOWTMIN-26JUL18-B70.5,70° to 71°,70.0,71.0,30,37,63,70,467.93,low
257,2026-07-18T04:07:30Z,KMSP,2026-07-18,KXLOWTMIN-26JUL18-B68.5,68° to 69°,68.0,69.0,3,4,96,97,107.35,low
258,2026-07-18T04:07:30Z,KMSP,2026-07-18,KXLOWTMIN-26JUL18-B66.5,66° to 67°,66.0,67.0,3,4,96,97,0.0,low
259,2026-07-18T04:07:30Z,KMSP,2026-07-18,KXLOWTMIN-26JUL17-T75,76° or above,76.0,999.0,95,98,2,5,4821.6,low
260,2026-07-18T04:07:30Z,KMSP,2026-07-18,KXLOWTMIN-26JUL17-T68,67° or below,-999.0,67.0,0,1,99,100,431.83,low
261,2026-07-18T04:07:30Z,KMSP,2026-07-18,KXLOWTMIN-26JUL17-B74.5,74° to 75°,74.0,75.0,1,5,95,99,3940.03,low
262,2026-07-18T04:07:30Z,KMSP,2026-07-18,KXLOWTMIN-26JUL17-B72.5,72° to 73°,72.0,73.0,0,4,96,100,1488.09,low
263,2026-07-18T04:07:30Z,KMSP,2026-07-18,KXLOWTMIN-26JUL17-B70.5,70° to 71°,70.0,71.0,0,2,98,100,3167.55,low
264,2026-07-18T04:07:30Z,KMSP,2026-07-18,KXLOWTMIN-26JUL17-B68.5,68° to 69°,68.0,69.0,0,1,99,100,767.82,low
265,2026-07-18T04:07:30Z,KMSY,2026-07-18,KXHIGHTNOLA-26JUL18-T94,93° or below,-999.0,93.0,29,30,70,71,889.86,high
266,2026-07-18T04:07:30Z,KMSY,2026-07-18,KXHIGHTNOLA-26JUL18-T101,102° or above,102.0,999.0,0,1,99,100,266.02,high
267,2026-07-18T04:07:30Z,KMSY,2026-07-18,KXHIGHTNOLA-26JUL18-B98.5,98° to 99°,98.0,99.0,2,3,97,98,208.0,high
268,2026-07-18T04:07:30Z,KMSY,2026-07-18,KXHIGHTNOLA-26JUL18-B96.5,96° to 97°,96.0,97.0,27,29,71,73,180.36,high
269,2026-07-18T04:07:30Z,KMSY,2026-07-18,KXHIGHTNOLA-26JUL18-B94.5,94° to 95°,94.0,95.0,43,44,56,57,209.77,high
270,2026-07-18T04:07:30Z,KMSY,2026-07-18,KXHIGHTNOLA-26JUL18-B100.5,100° to 101°,100.0,101.0,1,4,96,99,29.0,high
271,2026-07-18T04:07:30Z,KMSY,2026-07-18,KXHIGHTNOLA-26JUL17-T93,92° or below,-999.0,92.0,0,1,99,100,2067.71,high
272,2026-07-18T04:07:30Z,KMSY,2026-07-18,KXHIGHTNOLA-26JUL17-T100,101° or above,101.0,999.0,0,1,99,100,1750.9,high
273,2026-07-18T04:07:30Z,KMSY,2026-07-18,KXHIGHTNOLA-26JUL17-B99.5,99° to 100°,99.0,100.0,0,1,99,100,755.89,high
274,2026-07-18T04:07:30Z,KMSY,2026-07-18,KXHIGHTNOLA-26JUL17-B97.5,97° to 98°,97.0,98.0,0,1,99,100,1663.65,high
275,2026-07-18T04:07:30Z,KMSY,2026-07-18,KXHIGHTNOLA-26JUL17-B95.5,95° to 96°,95.0,96.0,0,1,99,100,3488.87,high
276,2026-07-18T04:07:30Z,KMSY,2026-07-18,KXHIGHTNOLA-26JUL17-B93.5,93° to 94°,93.0,94.0,99,100,0,1,4301.6,high
277,2026-07-18T04:07:30Z,KMSY,2026-07-18,KXLOWTNOLA-26JUL18-T79,80° or above,80.0,999.0,9,13,87,91,755.63,low
278,2026-07-18T04:07:30Z,KMSY,2026-07-18,KXLOWTNOLA-26JUL18-T72,71° or below,-999.0,71.0,1,4,96,99,1.0,low
279,2026-07-18T04:07:30Z,KMSY,2026-07-18,KXLOWTNOLA-26JUL18-B78.5,78° to 79°,78.0,79.0,60,72,28,40,603.44,low
280,2026-07-18T04:07:30Z,KMSY,2026-07-18,KXLOWTNOLA-26JUL18-B76.5,76° to 77°,76.0,77.0,19,20,80,81,859.0,low
281,2026-07-18T04:07:30Z,KMSY,2026-07-18,KXLOWTNOLA-26JUL18-B74.5,74° to 75°,74.0,75.0,2,4,96,98,0.0,low
282,2026-07-18T04:07:30Z,KMSY,2026-07-18,KXLOWTNOLA-26JUL18-B72.5,72° to 73°,72.0,73.0,2,4,96,98,0.0,low
283,2026-07-18T04:07:30Z,KMSY,2026-07-18,KXLOWTNOLA-26JUL17-T78,79° or above,79.0,999.0,96,99,1,4,1668.89,low
284,2026-07-18T04:07:30Z,KMSY,2026-07-18,KXLOWTNOLA-26JUL17-T71,70° or below,-999.0,70.0,0,1,99,100,24.03,low
285,2026-07-18T04:07:30Z,KMSY,2026-07-18,KXLOWTNOLA-26JUL17-B77.5,77° to 78°,77.0,78.0,0,2,98,100,2369.72,low
286,2026-07-18T04:07:30Z,KMSY,2026-07-18,KXLOWTNOLA-26JUL17-B75.5,75° to 76°,75.0,76.0,0,1,99,100,1412.43,low
287,2026-07-18T04:07:30Z,KMSY,2026-07-18,KXLOWTNOLA-26JUL17-B73.5,73° to 74°,73.0,74.0,0,1,99,100,25.18,low
288,2026-07-18T04:07:30Z,KMSY,2026-07-18,KXLOWTNOLA-26JUL17-B71.5,71° to 72°,71.0,72.0,0,1,99,100,129.0,low
289,2026-07-18T04:07:30Z,KNYC,2026-07-18,KXHIGHNY-26JUL18-T86,87° or above,87.0,999.0,1,2,98,99,6990.13,high
290,2026-07-18T04:07:30Z,KNYC,2026-07-18,KXHIGHNY-26JUL18-T79,78° or below,-999.0,78.0,46,48,52,54,10389.49,high
291,2026-07-18T04:07:30Z,KNYC,2026-07-18,KXHIGHNY-26JUL18-B85.5,85° to 86°,85.0,86.0,2,3,97,98,3487.41,high
292,2026-07-18T04:07:30Z,KNYC,2026-07-18,KXHIGHNY-26JUL18-B83.5,83° to 84°,83.0,84.0,2,3,97,98,3169.56,high
293,2026-07-18T04:07:30Z,KNYC,2026-07-18,KXHIGHNY-26JUL18-B81.5,81° to 82°,81.0,82.0,21,25,75,79,6386.82,high
294,2026-07-18T04:07:30Z,KNYC,2026-07-18,KXHIGHNY-26JUL18-B79.5,79° to 80°,79.0,80.0,28,32,68,72,5623.24,high
295,2026-07-18T04:07:30Z,KNYC,2026-07-18,KXHIGHNY-26JUL17-T90,91° or above,91.0,999.0,0,1,99,100,10896.01,high
296,2026-07-18T04:07:30Z,KNYC,2026-07-18,KXHIGHNY-26JUL17-T83,82° or below,-999.0,82.0,0,1,99,100,18111.43,high
297,2026-07-18T04:07:30Z,KNYC,2026-07-18,KXHIGHNY-26JUL17-B89.5,89° to 90°,89.0,90.0,0,1,99,100,20746.42,high
298,2026-07-18T04:07:30Z,KNYC,2026-07-18,KXHIGHNY-26JUL17-B87.5,87° to 88°,87.0,88.0,0,1,99,100,96210.02,high
299,2026-07-18T04:07:30Z,KNYC,2026-07-18,KXHIGHNY-26JUL17-B85.5,85° to 86°,85.0,86.0,99,100,0,1,92308.6,high
300,2026-07-18T04:07:30Z,KNYC,2026-07-18,KXHIGHNY-26JUL17-B83.5,83° to 84°,83.0,84.0,0,1,99,100,35431.53,high
301,2026-07-18T04:07:30Z,KNYC,2026-07-18,KXLOWTNYC-26JUL18-T75,76° or above,76.0,999.0,1,2,98,99,1457.02,low
302,2026-07-18T04:07:30Z,KNYC,2026-07-18,KXLOWTNYC-26JUL18-T68,67° or below,-999.0,67.0,18,24,76,82,2720.33,low
303,2026-07-18T04:07:30Z,KNYC,2026-07-18,KXLOWTNYC-26JUL18-B74.5,74° to 75°,74.0,75.0,5,6,94,95,1726.17,low
304,2026-07-18T04:07:30Z,KNYC,2026-07-18,KXLOWTNYC-26JUL18-B72.5,72° to 73°,72.0,73.0,17,24,76,83,2063.95,low
305,2026-07-18T04:07:30Z,KNYC,2026-07-18,KXLOWTNYC-26JUL18-B70.5,70° to 71°,70.0,71.0,24,26,74,76,2148.48,low
306,2026-07-18T04:07:30Z,KNYC,2026-07-18,KXLOWTNYC-26JUL18-B68.5,68° to 69°,68.0,69.0,24,27,73,76,3290.33,low
307,2026-07-18T04:07:30Z,KNYC,2026-07-18,KXLOWTNYC-26JUL17-T74,75° or above,75.0,999.0,0,1,99,100,3028.62,low
308,2026-07-18T04:07:30Z,KNYC,2026-07-18,KXLOWTNYC-26JUL17-T67,66° or below,-999.0,66.0,0,2,98,100,1224.29,low
309,2026-07-18T04:07:30Z,KNYC,2026-07-18,KXLOWTNYC-26JUL17-B73.5,73° to 74°,73.0,74.0,0,1,99,100,12245.15,low
310,2026-07-18T04:07:30Z,KNYC,2026-07-18,KXLOWTNYC-26JUL17-B71.5,71° to 72°,71.0,72.0,0,8,92,100,41444.6,low
311,2026-07-18T04:07:30Z,KNYC,2026-07-18,KXLOWTNYC-26JUL17-B69.5,69° to 70°,69.0,70.0,99,100,0,1,18655.32,low
312,2026-07-18T04:07:30Z,KNYC,2026-07-18,KXLOWTNYC-26JUL17-B67.5,67° to 68°,67.0,68.0,0,2,98,100,4159.66,low
313,2026-07-18T04:07:30Z,KOKC,2026-07-18,KXHIGHTOKC-26JUL18-T97,98° or above,98.0,999.0,1,2,98,99,442.79,high
314,2026-07-18T04:07:30Z,KOKC,2026-07-18,KXHIGHTOKC-26JUL18-T90,89° or below,-999.0,89.0,8,9,91,92,756.47,high
315,2026-07-18T04:07:30Z,KOKC,2026-07-18,KXHIGHTOKC-26JUL18-B96.5,96° to 97°,96.0,97.0,3,4,96,97,236.0,high
316,2026-07-18T04:07:30Z,KOKC,2026-07-18,KXHIGHTOKC-26JUL18-B94.5,94° to 95°,94.0,95.0,13,14,86,87,515.59,high
317,2026-07-18T04:07:30Z,KOKC,2026-07-18,KXHIGHTOKC-26JUL18-B92.5,92° to 93°,92.0,93.0,47,48,52,53,396.86,high
318,2026-07-18T04:07:30Z,KOKC,2026-07-18,KXHIGHTOKC-26JUL18-B90.5,90° to 91°,90.0,91.0,29,30,70,71,591.14,high
319,2026-07-18T04:07:30Z,KOKC,2026-07-18,KXHIGHTOKC-26JUL17-T94,95° or above,95.0,999.0,0,1,99,100,1734.39,high
320,2026-07-18T04:07:30Z,KOKC,2026-07-18,KXHIGHTOKC-26JUL17-T87,86° or below,-999.0,86.0,0,1,99,100,9166.51,high
321,2026-07-18T04:07:30Z,KOKC,2026-07-18,KXHIGHTOKC-26JUL17-B93.5,93° to 94°,93.0,94.0,0,1,99,100,1812.13,high
322,2026-07-18T04:07:30Z,KOKC,2026-07-18,KXHIGHTOKC-26JUL17-B91.5,91° to 92°,91.0,92.0,0,1,99,100,4448.22,high
323,2026-07-18T04:07:30Z,KOKC,2026-07-18,KXHIGHTOKC-26JUL17-B89.5,89° to 90°,89.0,90.0,0,1,99,100,5200.2,high
324,2026-07-18T04:07:30Z,KOKC,2026-07-18,KXHIGHTOKC-26JUL17-B87.5,87° to 88°,87.0,88.0,99,100,0,1,11672.69,high
325,2026-07-18T04:07:30Z,KOKC,2026-07-18,KXLOWTOKC-26JUL18-T73,74° or above,74.0,999.0,2,6,94,98,342.94,low
326,2026-07-18T04:07:30Z,KOKC,2026-07-18,KXLOWTOKC-26JUL18-T66,65° or below,-999.0,65.0,2,3,97,98,7.0,low
327,2026-07-18T04:07:30Z,KOKC,2026-07-18,KXLOWTOKC-26JUL18-B72.5,72° to 73°,72.0,73.0,48,55,45,52,398.32,low
328,2026-07-18T04:07:30Z,KOKC,2026-07-18,KXLOWTOKC-26JUL18-B70.5,70° to 71°,70.0,71.0,30,33,67,70,239.8,low
329,2026-07-18T04:07:30Z,KOKC,2026-07-18,KXLOWTOKC-26JUL18-B68.5,68° to 69°,68.0,69.0,12,13,87,88,227.0,low
330,2026-07-18T04:07:30Z,KOKC,2026-07-18,KXLOWTOKC-26JUL18-B66.5,66° to 67°,66.0,67.0,2,4,96,98,8.0,low
331,2026-07-18T04:07:30Z,KOKC,2026-07-18,KXLOWTOKC-26JUL17-T72,73° or above,73.0,999.0,0,1,99,100,506.94,low
332,2026-07-18T04:07:30Z,KOKC,2026-07-18,KXLOWTOKC-26JUL17-T65,64° or below,-999.0,64.0,0,1,99,100,125.99,low
333,2026-07-18T04:07:30Z,KOKC,2026-07-18,KXLOWTOKC-26JUL17-B71.5,71° to 72°,71.0,72.0,0,1,99,100,908.07,low
334,2026-07-18T04:07:30Z,KOKC,2026-07-18,KXLOWTOKC-26JUL17-B69.5,69° to 70°,69.0,70.0,93,98,2,7,1234.22,low
335,2026-07-18T04:07:30Z,KOKC,2026-07-18,KXLOWTOKC-26JUL17-B67.5,67° to 68°,67.0,68.0,0,2,98,100,1240.06,low
336,2026-07-18T04:07:30Z,KOKC,2026-07-18,KXLOWTOKC-26JUL17-B65.5,65° to 66°,65.0,66.0,0,1,99,100,225.5,low
337,2026-07-18T04:07:30Z,KPHL,2026-07-18,KXHIGHPHIL-26JUL18-T89,90° or above,90.0,999.0,33,34,66,67,2826.49,high
338,2026-07-18T04:07:30Z,KPHL,2026-07-18,KXHIGHPHIL-26JUL18-T82,81° or below,-999.0,81.0,5,6,94,95,441.17,high
339,2026-07-18T04:07:30Z,KPHL,2026-07-18,KXHIGHPHIL-26JUL18-B88.5,88° to 89°,88.0,89.0,20,21,79,80,276.55,high
340,2026-07-18T04:07:30Z,KPHL,2026-07-18,KXHIGHPHIL-26JUL18-B86.5,86° to 87°,86.0,87.0,24,25,75,76,432.53,high
341,2026-07-18T04:07:30Z,KPHL,2026-07-18,KXHIGHPHIL-26JUL18-B84.5,84° to 85°,84.0,85.0,20,21,79,80,633.23,high
342,2026-07-18T04:07:30Z,KPHL,2026-07-18,KXHIGHPHIL-26JUL18-B82.5,82° to 83°,82.0,83.0,3,4,96,97,717.46,high
343,2026-07-18T04:07:30Z,KPHL,2026-07-18,KXHIGHPHIL-26JUL17-T95,96° or above,96.0,999.0,0,1,99,100,1569.74,high
344,2026-07-18T04:07:30Z,KPHL,2026-07-18,KXHIGHPHIL-26JUL17-T88,87° or below,-999.0,87.0,0,1,99,100,7768.81,high
345,2026-07-18T04:07:30Z,KPHL,2026-07-18,KXHIGHPHIL-26JUL17-B94.5,94° to 95°,94.0,95.0,0,1,99,100,1601.23,high
346,2026-07-18T04:07:30Z,KPHL,2026-07-18,KXHIGHPHIL-26JUL17-B92.5,92° to 93°,92.0,93.0,0,1,99,100,4225.9,high
347,2026-07-18T04:07:30Z,KPHL,2026-07-18,KXHIGHPHIL-26JUL17-B90.5,90° to 91°,90.0,91.0,0,1,99,100,7102.96,high
348,2026-07-18T04:07:30Z,KPHL,2026-07-18,KXHIGHPHIL-26JUL17-B88.5,88° to 89°,88.0,89.0,99,100,0,1,11483.12,high
349,2026-07-18T04:07:30Z,KPHL,2026-07-18,KXLOWTPHIL-26JUL18-T73,74° or above,74.0,999.0,14,30,70,86,366.75,low
350,2026-07-18T04:07:30Z,KPHL,2026-07-18,KXLOWTPHIL-26JUL18-T66,65° or below,-999.0,65.0,3,7,93,97,413.43,low
351,2026-07-18T04:07:30Z,KPHL,2026-07-18,KXLOWTPHIL-26JUL18-B72.5,72° to 73°,72.0,73.0,39,40,60,61,225.43,low
352,2026-07-18T04:07:30Z,KPHL,2026-07-18,KXLOWTPHIL-26JUL18-B70.5,70° to 71°,70.0,71.0,13,23,77,87,357.43,low
353,2026-07-18T04:07:30Z,KPHL,2026-07-18,KXLOWTPHIL-26JUL18-B68.5,68° to 69°,68.0,69.0,7,17,83,93,407.55,low
354,2026-07-18T04:07:30Z,KPHL,2026-07-18,KXLOWTPHIL-26JUL18-B66.5,66° to 67°,66.0,67.0,4,13,87,96,257.69,low
355,2026-07-18T04:07:30Z,KPHL,2026-07-18,KXLOWTPHIL-26JUL17-T76,77° or above,77.0,999.0,0,1,99,100,775.19,low
356,2026-07-18T04:07:30Z,KPHL,2026-07-18,KXLOWTPHIL-26JUL17-T69,68° or below,-999.0,68.0,0,3,97,100,1022.72,low
357,2026-07-18T04:07:30Z,KPHL,2026-07-18,KXLOWTPHIL-26JUL17-B75.5,75° to 76°,75.0,76.0,0,1,99,100,1746.77,low
358,2026-07-18T04:07:30Z,KPHL,2026-07-18,KXLOWTPHIL-26JUL17-B73.5,73° to 74°,73.0,74.0,96,100,0,4,6138.23,low
359,2026-07-18T04:07:30Z,KPHL,2026-07-18,KXLOWTPHIL-26JUL17-B71.5,71° to 72°,71.0,72.0,0,2,98,100,2728.76,low
360,2026-07-18T04:07:30Z,KPHL,2026-07-18,KXLOWTPHIL-26JUL17-B69.5,69° to 70°,69.0,70.0,0,3,97,100,238.72,low
361,2026-07-18T04:07:30Z,KPHX,2026-07-18,KXHIGHTPHX-26JUL18-T95,94° or below,-999.0,94.0,2,3,97,98,421.62,high
362,2026-07-18T04:07:30Z,KPHX,2026-07-18,KXHIGHTPHX-26JUL18-T102,103° or above,103.0,999.0,3,4,96,97,1858.49,high
363,2026-07-18T04:07:30Z,KPHX,2026-07-18,KXHIGHTPHX-26JUL18-B99.5,99° to 100°,99.0,100.0,38,39,61,62,675.07,high
364,2026-07-18T04:07:30Z,KPHX,2026-07-18,KXHIGHTPHX-26JUL18-B97.5,97° to 98°,97.0,98.0,40,44,56,60,763.42,high
365,2026-07-18T04:07:30Z,KPHX,2026-07-18,KXHIGHTPHX-26JUL18-B95.5,95° to 96°,95.0,96.0,6,8,92,94,539.18,high
366,2026-07-18T04:07:30Z,KPHX,2026-07-18,KXHIGHTPHX-26JUL18-B101.5,101° to 102°,101.0,102.0,8,9,91,92,855.63,high
367,2026-07-18T04:07:30Z,KPHX,2026-07-18,KXHIGHTPHX-26JUL17-T96,97° or above,97.0,999.0,0,1,99,100,8118.08,high
368,2026-07-18T04:07:30Z,KPHX,2026-07-18,KXHIGHTPHX-26JUL17-T89,88° or below,-999.0,88.0,0,1,99,100,15172.13,high
369,2026-07-18T04:07:30Z,KPHX,2026-07-18,KXHIGHTPHX-26JUL17-B95.5,95° to 96°,95.0,96.0,0,1,99,100,10640.37,high
370,2026-07-18T04:07:30Z,KPHX,2026-07-18,KXHIGHTPHX-26JUL17-B93.5,93° to 94°,93.0,94.0,99,100,0,1,22433.95,high
371,2026-07-18T04:07:30Z,KPHX,2026-07-18,KXHIGHTPHX-26JUL17-B91.5,91° to 92°,91.0,92.0,0,1,99,100,37769.75,high
372,2026-07-18T04:07:30Z,KPHX,2026-07-18,KXHIGHTPHX-26JUL17-B89.5,89° to 90°,89.0,90.0,0,1,99,100,12211.75,high
373,2026-07-18T04:07:30Z,KPHX,2026-07-18,KXLOWTPHX-26JUL18-T83,84° or above,84.0,999.0,4,5,95,96,878.0,low
374,2026-07-18T04:07:30Z,KPHX,2026-07-18,KXLOWTPHX-26JUL18-T76,75° or below,-999.0,75.0,3,4,96,97,125.0,low
375,2026-07-18T04:07:30Z,KPHX,2026-07-18,KXLOWTPHX-26JUL18-B82.5,82° to 83°,82.0,83.0,15,20,80,85,485.22,low
376,2026-07-18T04:07:30Z,KPHX,2026-07-18,KXLOWTPHX-26JUL18-B80.5,80° to 81°,80.0,81.0,46,52,48,54,818.26,low
377,2026-07-18T04:07:30Z,KPHX,2026-07-18,KXLOWTPHX-26JUL18-B78.5,78° to 79°,78.0,79.0,14,15,85,86,758.28,low
378,2026-07-18T04:07:30Z,KPHX,2026-07-18,KXLOWTPHX-26JUL18-B76.5,76° to 77°,76.0,77.0,16,19,81,84,398.65,low
379,2026-07-18T04:07:30Z,KPHX,2026-07-18,KXLOWTPHX-26JUL17-T77,78° or above,78.0,999.0,96,98,2,4,5755.35,low
380,2026-07-18T04:07:30Z,KPHX,2026-07-18,KXLOWTPHX-26JUL17-T70,69° or below,-999.0,69.0,0,1,99,100,1089.03,low
381,2026-07-18T04:07:30Z,KPHX,2026-07-18,KXLOWTPHX-26JUL17-B76.5,76° to 77°,76.0,77.0,0,4,96,100,2565.74,low
382,2026-07-18T04:07:30Z,KPHX,2026-07-18,KXLOWTPHX-26JUL17-B74.5,74° to 75°,74.0,75.0,0,1,99,100,1803.55,low
383,2026-07-18T04:07:30Z,KPHX,2026-07-18,KXLOWTPHX-26JUL17-B72.5,72° to 73°,72.0,73.0,0,1,99,100,1716.88,low
384,2026-07-18T04:07:30Z,KPHX,2026-07-18,KXLOWTPHX-26JUL17-B70.5,70° to 71°,70.0,71.0,0,1,99,100,1261.16,low
385,2026-07-18T04:07:30Z,KSAT,2026-07-18,KXHIGHTSATX-26JUL18-T96,97° or above,97.0,999.0,2,3,97,98,616.0,high
386,2026-07-18T04:07:30Z,KSAT,2026-07-18,KXHIGHTSATX-26JUL18-T89,88° or below,-999.0,88.0,1,2,98,99,225.0,high
387,2026-07-18T04:07:30Z,KSAT,2026-07-18,KXHIGHTSATX-26JUL18-B95.5,95° to 96°,95.0,96.0,26,27,73,74,825.97,high
388,2026-07-18T04:07:30Z,KSAT,2026-07-18,KXHIGHTSATX-26JUL18-B93.5,93° to 94°,93.0,94.0,45,47,53,55,667.37,high
389,2026-07-18T04:07:30Z,KSAT,2026-07-18,KXHIGHTSATX-26JUL18-B91.5,91° to 92°,91.0,92.0,25,27,73,75,802.38,high
390,2026-07-18T04:07:30Z,KSAT,2026-07-18,KXHIGHTSATX-26JUL18-B89.5,89° to 90°,89.0,90.0,3,4,96,97,79.05,high
391,2026-07-18T04:07:30Z,KSAT,2026-07-18,KXHIGHTSATX-26JUL17-T94,95° or above,95.0,999.0,0,1,99,100,6800.63,high
392,2026-07-18T04:07:30Z,KSAT,2026-07-18,KXHIGHTSATX-26JUL17-T87,86° or below,-999.0,86.0,0,1,99,100,975.67,high
393,2026-07-18T04:07:30Z,KSAT,2026-07-18,KXHIGHTSATX-26JUL17-B93.5,93° to 94°,93.0,94.0,99,100,0,1,5883.91,high
394,2026-07-18T04:07:30Z,KSAT,2026-07-18,KXHIGHTSATX-26JUL17-B91.5,91° to 92°,91.0,92.0,0,1,99,100,9760.79,high
395,2026-07-18T04:07:30Z,KSAT,2026-07-18,KXHIGHTSATX-26JUL17-B89.5,89° to 90°,89.0,90.0,0,1,99,100,2434.02,high
396,2026-07-18T04:07:30Z,KSAT,2026-07-18,KXHIGHTSATX-26JUL17-B87.5,87° to 88°,87.0,88.0,0,1,99,100,636.76,high
397,2026-07-18T04:07:30Z,KSAT,2026-07-18,KXLOWTSATX-26JUL18-T77,78° or above,78.0,999.0,12,21,79,88,227.31,low
398,2026-07-18T04:07:30Z,KSAT,2026-07-18,KXLOWTSATX-26JUL18-T70,69° or below,-999.0,69.0,1,4,96,99,26.0,low
399,2026-07-18T04:07:30Z,KSAT,2026-07-18,KXLOWTSATX-26JUL18-B76.5,76° to 77°,76.0,77.0,55,62,38,45,216.15,low
400,2026-07-18T04:07:30Z,KSAT,2026-07-18,KXLOWTSATX-26JUL18-B74.5,74° to 75°,74.0,75.0,15,18,82,85,55.0,low
401,2026-07-18T04:07:30Z,KSAT,2026-07-18,KXLOWTSATX-26JUL18-B72.5,72° to 73°,72.0,73.0,4,5,95,96,0.0,low
402,2026-07-18T04:07:30Z,KSAT,2026-07-18,KXLOWTSATX-26JUL18-B70.5,70° to 71°,70.0,71.0,2,4,96,98,1.0,low
403,2026-07-18T04:07:30Z,KSAT,2026-07-18,KXLOWTSATX-26JUL17-T77,78° or above,78.0,999.0,0,1,99,100,1382.43,low
404,2026-07-18T04:07:30Z,KSAT,2026-07-18,KXLOWTSATX-26JUL17-T70,69° or below,-999.0,69.0,0,1,99,100,80.59,low
405,2026-07-18T04:07:30Z,KSAT,2026-07-18,KXLOWTSATX-26JUL17-B76.5,76° to 77°,76.0,77.0,96,97,3,4,1707.0,low
406,2026-07-18T04:07:30Z,KSAT,2026-07-18,KXLOWTSATX-26JUL17-B74.5,74° to 75°,74.0,75.0,1,3,97,99,670.43,low
407,2026-07-18T04:07:30Z,KSAT,2026-07-18,KXLOWTSATX-26JUL17-B72.5,72° to 73°,72.0,73.0,0,2,98,100,605.98,low
408,2026-07-18T04:07:30Z,KSAT,2026-07-18,KXLOWTSATX-26JUL17-B70.5,70° to 71°,70.0,71.0,0,1,99,100,159.56,low
433,2026-07-18T04:07:30Z,KSEA,2026-07-18,KXHIGHTSEA-26JUL18-T81,82° or above,82.0,999.0,0,1,99,100,1123.02,high
434,2026-07-18T04:07:30Z,KSEA,2026-07-18,KXHIGHTSEA-26JUL18-T74,73° or below,-999.0,73.0,8,9,91,92,271.31,high
435,2026-07-18T04:07:30Z,KSEA,2026-07-18,KXHIGHTSEA-26JUL18-B80.5,80° to 81°,80.0,81.0,3,4,96,97,179.0,high
436,2026-07-18T04:07:30Z,KSEA,2026-07-18,KXHIGHTSEA-26JUL18-B78.5,78° to 79°,78.0,79.0,22,24,76,78,56.35,high
437,2026-07-18T04:07:30Z,KSEA,2026-07-18,KXHIGHTSEA-26JUL18-B76.5,76° to 77°,76.0,77.0,37,38,62,63,218.75,high
438,2026-07-18T04:07:30Z,KSEA,2026-07-18,KXHIGHTSEA-26JUL18-B74.5,74° to 75°,74.0,75.0,25,26,74,75,362.65,high
439,2026-07-18T04:07:30Z,KSEA,2026-07-18,KXHIGHTSEA-26JUL17-T81,82° or above,82.0,999.0,0,1,99,100,1375.03,high
440,2026-07-18T04:07:30Z,KSEA,2026-07-18,KXHIGHTSEA-26JUL17-T74,73° or below,-999.0,73.0,99,100,0,1,19688.7,high
441,2026-07-18T04:07:30Z,KSEA,2026-07-18,KXHIGHTSEA-26JUL17-B80.5,80° to 81°,80.0,81.0,0,1,99,100,1543.41,high
442,2026-07-18T04:07:30Z,KSEA,2026-07-18,KXHIGHTSEA-26JUL17-B78.5,78° to 79°,78.0,79.0,0,1,99,100,1142.86,high
443,2026-07-18T04:07:30Z,KSEA,2026-07-18,KXHIGHTSEA-26JUL17-B76.5,76° to 77°,76.0,77.0,0,1,99,100,4237.22,high
444,2026-07-18T04:07:30Z,KSEA,2026-07-18,KXHIGHTSEA-26JUL17-B74.5,74° to 75°,74.0,75.0,0,1,99,100,8076.71,high
445,2026-07-18T04:07:30Z,KSEA,2026-07-18,KXLOWTSEA-26JUL18-T58,59° or above,59.0,999.0,9,12,88,91,280.0,low
446,2026-07-18T04:07:30Z,KSEA,2026-07-18,KXLOWTSEA-26JUL18-T51,50° or below,-999.0,50.0,1,5,95,99,40.0,low
447,2026-07-18T04:07:30Z,KSEA,2026-07-18,KXLOWTSEA-26JUL18-B57.5,57° to 58°,57.0,58.0,37,38,62,63,333.15,low
448,2026-07-18T04:07:30Z,KSEA,2026-07-18,KXLOWTSEA-26JUL18-B55.5,55° to 56°,55.0,56.0,40,45,55,60,114.07,low
449,2026-07-18T04:07:30Z,KSEA,2026-07-18,KXLOWTSEA-26JUL18-B53.5,53° to 54°,53.0,54.0,6,8,92,94,124.0,low
450,2026-07-18T04:07:30Z,KSEA,2026-07-18,KXLOWTSEA-26JUL18-B51.5,51° to 52°,51.0,52.0,2,5,95,98,0.0,low
451,2026-07-18T04:07:30Z,KSEA,2026-07-18,KXLOWTSEA-26JUL17-T57,58° or above,58.0,999.0,0,1,99,100,1960.09,low
452,2026-07-18T04:07:30Z,KSEA,2026-07-18,KXLOWTSEA-26JUL17-T50,49° or below,-999.0,49.0,0,1,99,100,306.8,low
453,2026-07-18T04:07:30Z,KSEA,2026-07-18,KXLOWTSEA-26JUL17-B56.5,56° to 57°,56.0,57.0,99,100,0,1,1690.69,low
454,2026-07-18T04:07:30Z,KSEA,2026-07-18,KXLOWTSEA-26JUL17-B54.5,54° to 55°,54.0,55.0,0,2,98,100,1534.59,low
455,2026-07-18T04:07:30Z,KSEA,2026-07-18,KXLOWTSEA-26JUL17-B52.5,52° to 53°,52.0,53.0,0,2,98,100,482.22,low
456,2026-07-18T04:07:30Z,KSEA,2026-07-18,KXLOWTSEA-26JUL17-B50.5,50° to 51°,50.0,51.0,0,1,99,100,381.36,low
409,2026-07-18T04:07:30Z,KSFO,2026-07-18,KXHIGHTSFO-26JUL18-T72,73° or above,73.0,999.0,3,5,95,97,2216.35,high
410,2026-07-18T04:07:30Z,KSFO,2026-07-18,KXHIGHTSFO-26JUL18-T65,64° or below,-999.0,64.0,1,2,98,99,1026.57,high
411,2026-07-18T04:07:30Z,KSFO,2026-07-18,KXHIGHTSFO-26JUL18-B71.5,71° to 72°,71.0,72.0,8,9,91,92,158.29,high
412,2026-07-18T04:07:30Z,KSFO,2026-07-18,KXHIGHTSFO-26JUL18-B69.5,69° to 70°,69.0,70.0,31,34,66,69,1863.57,high
413,2026-07-18T04:07:30Z,KSFO,2026-07-18,KXHIGHTSFO-26JUL18-B67.5,67° to 68°,67.0,68.0,31,35,65,69,800.96,high
414,2026-07-18T04:07:30Z,KSFO,2026-07-18,KXHIGHTSFO-26JUL18-B65.5,65° to 66°,65.0,66.0,15,16,84,85,741.77,high
415,2026-07-18T04:07:30Z,KSFO,2026-07-18,KXHIGHTSFO-26JUL17-T71,72° or above,72.0,999.0,0,1,99,100,3547.1,high
416,2026-07-18T04:07:30Z,KSFO,2026-07-18,KXHIGHTSFO-26JUL17-T64,63° or below,-999.0,63.0,0,1,99,100,8263.31,high
417,2026-07-18T04:07:30Z,KSFO,2026-07-18,KXHIGHTSFO-26JUL17-B70.5,70° to 71°,70.0,71.0,0,1,99,100,8069.84,high
418,2026-07-18T04:07:30Z,KSFO,2026-07-18,KXHIGHTSFO-26JUL17-B68.5,68° to 69°,68.0,69.0,99,100,0,1,13392.94,high
419,2026-07-18T04:07:30Z,KSFO,2026-07-18,KXHIGHTSFO-26JUL17-B66.5,66° to 67°,66.0,67.0,0,1,99,100,38008.95,high
420,2026-07-18T04:07:30Z,KSFO,2026-07-18,KXHIGHTSFO-26JUL17-B64.5,64° to 65°,64.0,65.0,0,1,99,100,9088.89,high
421,2026-07-18T04:07:30Z,KSFO,2026-07-18,KXLOWTSFO-26JUL18-T57,58° or above,58.0,999.0,3,5,95,97,154.0,low
422,2026-07-18T04:07:30Z,KSFO,2026-07-18,KXLOWTSFO-26JUL18-T50,49° or below,-999.0,49.0,0,1,99,100,49.02,low
423,2026-07-18T04:07:30Z,KSFO,2026-07-18,KXLOWTSFO-26JUL18-B56.5,56° to 57°,56.0,57.0,50,51,49,50,336.68,low
424,2026-07-18T04:07:30Z,KSFO,2026-07-18,KXLOWTSFO-26JUL18-B54.5,54° to 55°,54.0,55.0,46,47,53,54,278.18,low
425,2026-07-18T04:07:30Z,KSFO,2026-07-18,KXLOWTSFO-26JUL18-B52.5,52° to 53°,52.0,53.0,4,5,95,96,279.0,low
426,2026-07-18T04:07:30Z,KSFO,2026-07-18,KXLOWTSFO-26JUL18-B50.5,50° to 51°,50.0,51.0,1,4,96,99,2.0,low
427,2026-07-18T04:07:30Z,KSFO,2026-07-18,KXLOWTSFO-26JUL17-T57,58° or above,58.0,999.0,0,1,99,100,1156.22,low
428,2026-07-18T04:07:30Z,KSFO,2026-07-18,KXLOWTSFO-26JUL17-T50,49° or below,-999.0,49.0,0,1,99,100,194.02,low
429,2026-07-18T04:07:30Z,KSFO,2026-07-18,KXLOWTSFO-26JUL17-B56.5,56° to 57°,56.0,57.0,94,97,3,6,6498.18,low
430,2026-07-18T04:07:30Z,KSFO,2026-07-18,KXLOWTSFO-26JUL17-B54.5,54° to 55°,54.0,55.0,3,6,94,97,3900.94,low
431,2026-07-18T04:07:30Z,KSFO,2026-07-18,KXLOWTSFO-26JUL17-B52.5,52° to 53°,52.0,53.0,0,1,99,100,952.36,low
432,2026-07-18T04:07:30Z,KSFO,2026-07-18,KXLOWTSFO-26JUL17-B50.5,50° to 51°,50.0,51.0,0,1,99,100,180.4,low
1,2026-07-18T06:30:19Z,KATL,2026-07-18,KXHIGHTATL-26JUL18-T95,96° or above,96.0,999.0,2,3,97,98,697.58,high
2,2026-07-18T06:30:19Z,KATL,2026-07-18,KXHIGHTATL-26JUL18-T88,87° or below,-999.0,87.0,2,3,97,98,409.99,high
3,2026-07-18T06:30:19Z,KATL,2026-07-18,KXHIGHTATL-26JUL18-B94.5,94° to 95°,94.0,95.0,19,20,80,81,542.79,high
4,2026-07-18T06:30:19Z,KATL,2026-07-18,KXHIGHTATL-26JUL18-B92.5,92° to 93°,92.0,93.0,48,49,51,52,581.66,high
5,2026-07-18T06:30:19Z,KATL,2026-07-18,KXHIGHTATL-26JUL18-B90.5,90° to 91°,90.0,91.0,25,26,74,75,518.63,high
6,2026-07-18T06:30:19Z,KATL,2026-07-18,KXHIGHTATL-26JUL18-B88.5,88° to 89°,88.0,89.0,2,3,97,98,666.58,high
7,2026-07-18T06:30:19Z,KATL,2026-07-18,KXLOWTATL-26JUL18-T76,77° or above,77.0,999.0,0,1,99,100,1136.16,low
8,2026-07-18T06:30:19Z,KATL,2026-07-18,KXLOWTATL-26JUL18-T69,68° or below,-999.0,68.0,1,4,96,99,51.0,low
9,2026-07-18T06:30:19Z,KATL,2026-07-18,KXLOWTATL-26JUL18-B75.5,75° to 76°,75.0,76.0,9,10,90,91,470.55,low
10,2026-07-18T06:30:19Z,KATL,2026-07-18,KXLOWTATL-26JUL18-B73.5,73° to 74°,73.0,74.0,31,76,24,69,1098.6,low
11,2026-07-18T06:30:19Z,KATL,2026-07-18,KXLOWTATL-26JUL18-B71.5,71° to 72°,71.0,72.0,5,12,88,95,750.14,low
12,2026-07-18T06:30:19Z,KATL,2026-07-18,KXLOWTATL-26JUL18-B69.5,69° to 70°,69.0,70.0,2,5,95,98,66.84,low
13,2026-07-18T06:30:19Z,KAUS,2026-07-18,KXHIGHAUS-26JUL18-T97,98° or above,98.0,999.0,11,12,88,89,62.16,high
14,2026-07-18T06:30:19Z,KAUS,2026-07-18,KXHIGHAUS-26JUL18-T90,89° or below,-999.0,89.0,1,2,98,99,130.64,high
15,2026-07-18T06:30:19Z,KAUS,2026-07-18,KXHIGHAUS-26JUL18-B96.5,96° to 97°,96.0,97.0,24,25,75,76,1370.99,high
16,2026-07-18T06:30:19Z,KAUS,2026-07-18,KXHIGHAUS-26JUL18-B94.5,94° to 95°,94.0,95.0,38,39,61,62,1611.33,high
17,2026-07-18T06:30:19Z,KAUS,2026-07-18,KXHIGHAUS-26JUL18-B92.5,92° to 93°,92.0,93.0,16,19,81,84,1187.32,high
18,2026-07-18T06:30:19Z,KAUS,2026-07-18,KXHIGHAUS-26JUL18-B90.5,90° to 91°,90.0,91.0,3,4,96,97,71.19,high
19,2026-07-18T06:30:19Z,KAUS,2026-07-18,KXLOWTAUS-26JUL18-T77,78° or above,78.0,999.0,12,15,85,88,740.9,low
20,2026-07-18T06:30:19Z,KAUS,2026-07-18,KXLOWTAUS-26JUL18-T70,69° or below,-999.0,69.0,2,3,97,98,129.0,low
21,2026-07-18T06:30:19Z,KAUS,2026-07-18,KXLOWTAUS-26JUL18-B76.5,76° to 77°,76.0,77.0,56,57,43,44,711.1,low
22,2026-07-18T06:30:19Z,KAUS,2026-07-18,KXLOWTAUS-26JUL18-B74.5,74° to 75°,74.0,75.0,24,25,75,76,536.66,low
23,2026-07-18T06:30:19Z,KAUS,2026-07-18,KXLOWTAUS-26JUL18-B72.5,72° to 73°,72.0,73.0,4,5,95,96,226.46,low
24,2026-07-18T06:30:19Z,KAUS,2026-07-18,KXLOWTAUS-26JUL18-B70.5,70° to 71°,70.0,71.0,3,5,95,97,7.0,low
25,2026-07-18T06:30:19Z,KBOS,2026-07-18,KXHIGHTBOS-26JUL18-T87,88° or above,88.0,999.0,21,22,78,79,1729.76,high
26,2026-07-18T06:30:19Z,KBOS,2026-07-18,KXHIGHTBOS-26JUL18-T80,79° or below,-999.0,79.0,1,2,98,99,898.47,high
27,2026-07-18T06:30:19Z,KBOS,2026-07-18,KXHIGHTBOS-26JUL18-B86.5,86° to 87°,86.0,87.0,31,35,65,69,2186.76,high
28,2026-07-18T06:30:19Z,KBOS,2026-07-18,KXHIGHTBOS-26JUL18-B84.5,84° to 85°,84.0,85.0,40,41,59,60,584.05,high
29,2026-07-18T06:30:19Z,KBOS,2026-07-18,KXHIGHTBOS-26JUL18-B82.5,82° to 83°,82.0,83.0,7,8,92,93,590.0,high
30,2026-07-18T06:30:19Z,KBOS,2026-07-18,KXHIGHTBOS-26JUL18-B80.5,80° to 81°,80.0,81.0,2,3,97,98,394.91,high
31,2026-07-18T06:30:19Z,KBOS,2026-07-18,KXLOWTBOS-26JUL18-T59,60° or above,60.0,999.0,93,96,4,7,1150.7,low
32,2026-07-18T06:30:19Z,KBOS,2026-07-18,KXLOWTBOS-26JUL18-T52,51° or below,-999.0,51.0,0,5,95,100,104.0,low
33,2026-07-18T06:30:19Z,KBOS,2026-07-18,KXLOWTBOS-26JUL18-B58.5,58° to 59°,58.0,59.0,1,2,98,99,76.87,low
34,2026-07-18T06:30:19Z,KBOS,2026-07-18,KXLOWTBOS-26JUL18-B56.5,56° to 57°,56.0,57.0,1,3,97,99,240.76,low
35,2026-07-18T06:30:19Z,KBOS,2026-07-18,KXLOWTBOS-26JUL18-B54.5,54° to 55°,54.0,55.0,0,3,97,100,106.02,low
36,2026-07-18T06:30:19Z,KBOS,2026-07-18,KXLOWTBOS-26JUL18-B52.5,52° to 53°,52.0,53.0,0,4,96,100,115.02,low
301,2026-07-18T06:30:19Z,KDCA,2026-07-18,KXHIGHTDC-26JUL18-T97,98° or above,98.0,999.0,22,24,76,78,781.03,high
302,2026-07-18T06:30:19Z,KDCA,2026-07-18,KXHIGHTDC-26JUL18-T90,89° or below,-999.0,89.0,1,2,98,99,193.0,high
303,2026-07-18T06:30:19Z,KDCA,2026-07-18,KXHIGHTDC-26JUL18-B96.5,96° to 97°,96.0,97.0,26,29,71,74,378.63,high
304,2026-07-18T06:30:19Z,KDCA,2026-07-18,KXHIGHTDC-26JUL18-B94.5,94° to 95°,94.0,95.0,27,28,72,73,360.16,high
305,2026-07-18T06:30:19Z,KDCA,2026-07-18,KXHIGHTDC-26JUL18-B92.5,92° to 93°,92.0,93.0,16,17,83,84,125.2,high
306,2026-07-18T06:30:19Z,KDCA,2026-07-18,KXHIGHTDC-26JUL18-B90.5,90° to 91°,90.0,91.0,6,8,92,94,241.12,high
307,2026-07-18T06:30:19Z,KDCA,2026-07-18,KXLOWTDC-26JUL18-T76,77° or above,77.0,999.0,61,64,36,39,760.0,low
308,2026-07-18T06:30:19Z,KDCA,2026-07-18,KXLOWTDC-26JUL18-T69,68° or below,-999.0,68.0,0,3,97,100,170.58,low
309,2026-07-18T06:30:19Z,KDCA,2026-07-18,KXLOWTDC-26JUL18-B75.5,75° to 76°,75.0,76.0,29,33,67,71,762.49,low
310,2026-07-18T06:30:19Z,KDCA,2026-07-18,KXLOWTDC-26JUL18-B73.5,73° to 74°,73.0,74.0,2,6,94,98,528.07,low
311,2026-07-18T06:30:19Z,KDCA,2026-07-18,KXLOWTDC-26JUL18-B71.5,71° to 72°,71.0,72.0,1,3,97,99,475.82,low
312,2026-07-18T06:30:19Z,KDCA,2026-07-18,KXLOWTDC-26JUL18-B69.5,69° to 70°,69.0,70.0,2,4,96,98,482.5,low
61,2026-07-18T06:30:19Z,KDEN,2026-07-18,KXHIGHDEN-26JUL18-T98,99° or above,99.0,999.0,1,2,98,99,604.26,high
62,2026-07-18T06:30:19Z,KDEN,2026-07-18,KXHIGHDEN-26JUL18-T91,90° or below,-999.0,90.0,3,5,95,97,553.4,high
63,2026-07-18T06:30:19Z,KDEN,2026-07-18,KXHIGHDEN-26JUL18-B97.5,97° to 98°,97.0,98.0,2,3,97,98,459.05,high
64,2026-07-18T06:30:19Z,KDEN,2026-07-18,KXHIGHDEN-26JUL18-B95.5,95° to 96°,95.0,96.0,25,26,74,75,1125.67,high
65,2026-07-18T06:30:19Z,KDEN,2026-07-18,KXHIGHDEN-26JUL18-B93.5,93° to 94°,93.0,94.0,50,51,49,50,1618.51,high
66,2026-07-18T06:30:19Z,KDEN,2026-07-18,KXHIGHDEN-26JUL18-B91.5,91° to 92°,91.0,92.0,18,20,80,82,1226.09,high
67,2026-07-18T06:30:19Z,KDEN,2026-07-18,KXHIGHDEN-26JUL17-T97,98° or above,98.0,999.0,0,1,99,100,579.25,high
68,2026-07-18T06:30:19Z,KDEN,2026-07-18,KXHIGHDEN-26JUL17-T90,89° or below,-999.0,89.0,0,1,99,100,1978.3,high
69,2026-07-18T06:30:19Z,KDEN,2026-07-18,KXHIGHDEN-26JUL17-B96.5,96° to 97°,96.0,97.0,0,1,99,100,3810.06,high
70,2026-07-18T06:30:19Z,KDEN,2026-07-18,KXHIGHDEN-26JUL17-B94.5,94° to 95°,94.0,95.0,0,1,99,100,6513.01,high
71,2026-07-18T06:30:19Z,KDEN,2026-07-18,KXHIGHDEN-26JUL17-B92.5,92° to 93°,92.0,93.0,99,100,0,1,11700.34,high
72,2026-07-18T06:30:19Z,KDEN,2026-07-18,KXHIGHDEN-26JUL17-B90.5,90° to 91°,90.0,91.0,0,1,99,100,11748.17,high
73,2026-07-18T06:30:19Z,KDEN,2026-07-18,KXLOWTDEN-26JUL18-T68,69° or above,69.0,999.0,0,2,98,100,278.02,low
74,2026-07-18T06:30:19Z,KDEN,2026-07-18,KXLOWTDEN-26JUL18-T61,60° or below,-999.0,60.0,2,9,91,98,227.0,low
75,2026-07-18T06:30:19Z,KDEN,2026-07-18,KXLOWTDEN-26JUL18-B67.5,67° to 68°,67.0,68.0,3,6,94,97,195.23,low
76,2026-07-18T06:30:19Z,KDEN,2026-07-18,KXLOWTDEN-26JUL18-B65.5,65° to 66°,65.0,66.0,10,32,68,90,485.47,low
77,2026-07-18T06:30:19Z,KDEN,2026-07-18,KXLOWTDEN-26JUL18-B63.5,63° to 64°,63.0,64.0,37,38,62,63,487.84,low
78,2026-07-18T06:30:19Z,KDEN,2026-07-18,KXLOWTDEN-26JUL18-B61.5,61° to 62°,61.0,62.0,19,20,80,81,169.84,low
79,2026-07-18T06:30:19Z,KDEN,2026-07-18,KXLOWTDEN-26JUL17-T67,68° or above,68.0,999.0,0,1,99,100,3497.46,low
80,2026-07-18T06:30:19Z,KDEN,2026-07-18,KXLOWTDEN-26JUL17-T60,59° or below,-999.0,59.0,0,1,99,100,235.08,low
81,2026-07-18T06:30:19Z,KDEN,2026-07-18,KXLOWTDEN-26JUL17-B66.5,66° to 67°,66.0,67.0,0,1,99,100,7060.5,low
82,2026-07-18T06:30:19Z,KDEN,2026-07-18,KXLOWTDEN-26JUL17-B64.5,64° to 65°,64.0,65.0,99,100,0,1,8378.71,low
83,2026-07-18T06:30:19Z,KDEN,2026-07-18,KXLOWTDEN-26JUL17-B62.5,62° to 63°,62.0,63.0,0,4,96,100,3283.1,low
84,2026-07-18T06:30:19Z,KDEN,2026-07-18,KXLOWTDEN-26JUL17-B60.5,60° to 61°,60.0,61.0,0,5,95,100,564.62,low
49,2026-07-18T06:30:19Z,KDFW,2026-07-18,KXHIGHTDAL-26JUL18-T93,92° or below,-999.0,92.0,4,5,95,96,139.14,high
50,2026-07-18T06:30:19Z,KDFW,2026-07-18,KXHIGHTDAL-26JUL18-T100,101° or above,101.0,999.0,0,1,99,100,702.02,high
51,2026-07-18T06:30:19Z,KDFW,2026-07-18,KXHIGHTDAL-26JUL18-B99.5,99° to 100°,99.0,100.0,6,8,92,94,185.5,high
52,2026-07-18T06:30:19Z,KDFW,2026-07-18,KXHIGHTDAL-26JUL18-B97.5,97° to 98°,97.0,98.0,37,38,62,63,1274.94,high
53,2026-07-18T06:30:19Z,KDFW,2026-07-18,KXHIGHTDAL-26JUL18-B95.5,95° to 96°,95.0,96.0,46,47,53,54,5551.74,high
54,2026-07-18T06:30:19Z,KDFW,2026-07-18,KXHIGHTDAL-26JUL18-B93.5,93° to 94°,93.0,94.0,5,6,94,95,45.0,high
55,2026-07-18T06:30:19Z,KDFW,2026-07-18,KXLOWTDAL-26JUL18-T77,78° or above,78.0,999.0,64,73,27,36,1204.18,low
56,2026-07-18T06:30:19Z,KDFW,2026-07-18,KXLOWTDAL-26JUL18-T70,69° or below,-999.0,69.0,0,1,99,100,109.0,low
57,2026-07-18T06:30:19Z,KDFW,2026-07-18,KXLOWTDAL-26JUL18-B76.5,76° to 77°,76.0,77.0,28,34,66,72,1052.84,low
58,2026-07-18T06:30:19Z,KDFW,2026-07-18,KXLOWTDAL-26JUL18-B74.5,74° to 75°,74.0,75.0,3,4,96,97,511.48,low
59,2026-07-18T06:30:19Z,KDFW,2026-07-18,KXLOWTDAL-26JUL18-B72.5,72° to 73°,72.0,73.0,1,2,98,99,74.15,low
60,2026-07-18T06:30:19Z,KDFW,2026-07-18,KXLOWTDAL-26JUL18-B70.5,70° to 71°,70.0,71.0,0,2,98,100,94.15,low
85,2026-07-18T06:30:19Z,KIAH,2026-07-18,KXHIGHTHOU-26JUL18-T93,92° or below,-999.0,92.0,5,6,94,95,230.6,high
86,2026-07-18T06:30:19Z,KIAH,2026-07-18,KXHIGHTHOU-26JUL18-T100,101° or above,101.0,999.0,0,1,99,100,1412.02,high
87,2026-07-18T06:30:19Z,KIAH,2026-07-18,KXHIGHTHOU-26JUL18-B99.5,99° to 100°,99.0,100.0,0,2,98,100,130.02,high
88,2026-07-18T06:30:19Z,KIAH,2026-07-18,KXHIGHTHOU-26JUL18-B97.5,97° to 98°,97.0,98.0,9,10,90,91,146.0,high
89,2026-07-18T06:30:19Z,KIAH,2026-07-18,KXHIGHTHOU-26JUL18-B95.5,95° to 96°,95.0,96.0,40,41,59,60,732.05,high
90,2026-07-18T06:30:19Z,KIAH,2026-07-18,KXHIGHTHOU-26JUL18-B93.5,93° to 94°,93.0,94.0,45,47,53,55,390.88,high
91,2026-07-18T06:30:19Z,KIAH,2026-07-18,KXLOWTHOU-26JUL18-T79,80° or above,80.0,999.0,5,11,89,95,408.0,low
92,2026-07-18T06:30:19Z,KIAH,2026-07-18,KXLOWTHOU-26JUL18-T72,71° or below,-999.0,71.0,0,3,97,100,59.0,low
93,2026-07-18T06:30:19Z,KIAH,2026-07-18,KXLOWTHOU-26JUL18-B78.5,78° to 79°,78.0,79.0,61,75,25,39,681.32,low
94,2026-07-18T06:30:19Z,KIAH,2026-07-18,KXLOWTHOU-26JUL18-B76.5,76° to 77°,76.0,77.0,6,14,86,94,268.32,low
95,2026-07-18T06:30:19Z,KIAH,2026-07-18,KXLOWTHOU-26JUL18-B74.5,74° to 75°,74.0,75.0,6,7,93,94,131.0,low
96,2026-07-18T06:30:19Z,KIAH,2026-07-18,KXLOWTHOU-26JUL18-B72.5,72° to 73°,72.0,73.0,2,3,97,98,57.0,low
97,2026-07-18T06:30:19Z,KLAS,2026-07-18,KXHIGHTLV-26JUL18-T107,108° or above,108.0,999.0,0,1,99,100,516.52,high
98,2026-07-18T06:30:19Z,KLAS,2026-07-18,KXHIGHTLV-26JUL18-T100,99° or below,-999.0,99.0,3,4,96,97,1283.94,high
99,2026-07-18T06:30:19Z,KLAS,2026-07-18,KXHIGHTLV-26JUL18-B106.5,106° to 107°,106.0,107.0,1,2,98,99,874.78,high
100,2026-07-18T06:30:19Z,KLAS,2026-07-18,KXHIGHTLV-26JUL18-B104.5,104° to 105°,104.0,105.0,15,16,84,85,703.44,high
101,2026-07-18T06:30:19Z,KLAS,2026-07-18,KXHIGHTLV-26JUL18-B102.5,102° to 103°,102.0,103.0,55,56,44,45,1176.19,high
102,2026-07-18T06:30:19Z,KLAS,2026-07-18,KXHIGHTLV-26JUL18-B100.5,100° to 101°,100.0,101.0,23,24,76,77,913.05,high
103,2026-07-18T06:30:19Z,KLAS,2026-07-18,KXHIGHTLV-26JUL17-T99,98° or below,-999.0,98.0,99,100,0,1,10860.06,high
104,2026-07-18T06:30:19Z,KLAS,2026-07-18,KXHIGHTLV-26JUL17-T106,107° or above,107.0,999.0,0,1,99,100,1130.53,high
105,2026-07-18T06:30:19Z,KLAS,2026-07-18,KXHIGHTLV-26JUL17-B99.5,99° to 100°,99.0,100.0,0,1,99,100,5650.21,high
106,2026-07-18T06:30:19Z,KLAS,2026-07-18,KXHIGHTLV-26JUL17-B105.5,105° to 106°,105.0,106.0,0,1,99,100,1275.63,high
107,2026-07-18T06:30:19Z,KLAS,2026-07-18,KXHIGHTLV-26JUL17-B103.5,103° to 104°,103.0,104.0,0,1,99,100,1739.63,high
108,2026-07-18T06:30:19Z,KLAS,2026-07-18,KXHIGHTLV-26JUL17-B101.5,101° to 102°,101.0,102.0,0,1,99,100,4497.55,high
109,2026-07-18T06:30:19Z,KLAS,2026-07-18,KXLOWTLV-26JUL18-T84,85° or above,85.0,999.0,21,32,68,79,614.98,low
110,2026-07-18T06:30:19Z,KLAS,2026-07-18,KXLOWTLV-26JUL18-T77,76° or below,-999.0,76.0,2,3,97,98,1046.39,low
111,2026-07-18T06:30:19Z,KLAS,2026-07-18,KXLOWTLV-26JUL18-B83.5,83° to 84°,83.0,84.0,27,40,60,73,1271.24,low
112,2026-07-18T06:30:19Z,KLAS,2026-07-18,KXLOWTLV-26JUL18-B81.5,81° to 82°,81.0,82.0,14,16,84,86,851.39,low
113,2026-07-18T06:30:19Z,KLAS,2026-07-18,KXLOWTLV-26JUL18-B79.5,79° to 80°,79.0,80.0,14,15,85,86,1006.08,low
114,2026-07-18T06:30:19Z,KLAS,2026-07-18,KXLOWTLV-26JUL18-B77.5,77° to 78°,77.0,78.0,8,9,91,92,833.0,low
115,2026-07-18T06:30:19Z,KLAS,2026-07-18,KXLOWTLV-26JUL17-T87,88° or above,88.0,999.0,0,1,99,100,1167.33,low
116,2026-07-18T06:30:19Z,KLAS,2026-07-18,KXLOWTLV-26JUL17-T80,79° or below,-999.0,79.0,0,3,97,100,1606.19,low
117,2026-07-18T06:30:19Z,KLAS,2026-07-18,KXLOWTLV-26JUL17-B86.5,86° to 87°,86.0,87.0,0,1,99,100,11321.91,low
118,2026-07-18T06:30:19Z,KLAS,2026-07-18,KXLOWTLV-26JUL17-B84.5,84° to 85°,84.0,85.0,0,1,99,100,17012.89,low
119,2026-07-18T06:30:19Z,KLAS,2026-07-18,KXLOWTLV-26JUL17-B82.5,82° to 83°,82.0,83.0,98,99,1,2,5234.57,low
120,2026-07-18T06:30:19Z,KLAS,2026-07-18,KXLOWTLV-26JUL17-B80.5,80° to 81°,80.0,81.0,0,4,96,100,1869.43,low
121,2026-07-18T06:30:19Z,KLAX,2026-07-18,KXHIGHLAX-26JUL18-T79,80° or above,80.0,999.0,76,78,22,24,23386.37,high
122,2026-07-18T06:30:19Z,KLAX,2026-07-18,KXHIGHLAX-26JUL18-T72,71° or below,-999.0,71.0,0,1,99,100,3055.82,high
123,2026-07-18T06:30:19Z,KLAX,2026-07-18,KXHIGHLAX-26JUL18-B78.5,78° to 79°,78.0,79.0,18,19,81,82,11466.78,high
124,2026-07-18T06:30:19Z,KLAX,2026-07-18,KXHIGHLAX-26JUL18-B76.5,76° to 77°,76.0,77.0,5,6,94,95,9323.69,high
125,2026-07-18T06:30:19Z,KLAX,2026-07-18,KXHIGHLAX-26JUL18-B74.5,74° to 75°,74.0,75.0,1,2,98,99,12270.48,high
126,2026-07-18T06:30:19Z,KLAX,2026-07-18,KXHIGHLAX-26JUL18-B72.5,72° to 73°,72.0,73.0,0,1,99,100,8967.01,high
127,2026-07-18T06:30:19Z,KLAX,2026-07-18,KXHIGHLAX-26JUL17-T80,81° or above,81.0,999.0,99,100,0,1,149937.87,high
128,2026-07-18T06:30:19Z,KLAX,2026-07-18,KXHIGHLAX-26JUL17-T73,72° or below,-999.0,72.0,0,1,99,100,3462.32,high
129,2026-07-18T06:30:19Z,KLAX,2026-07-18,KXHIGHLAX-26JUL17-B79.5,79° to 80°,79.0,80.0,0,1,99,100,52886.95,high
130,2026-07-18T06:30:19Z,KLAX,2026-07-18,KXHIGHLAX-26JUL17-B77.5,77° to 78°,77.0,78.0,0,1,99,100,43473.63,high
131,2026-07-18T06:30:19Z,KLAX,2026-07-18,KXHIGHLAX-26JUL17-B75.5,75° to 76°,75.0,76.0,0,1,99,100,33625.09,high
132,2026-07-18T06:30:19Z,KLAX,2026-07-18,KXHIGHLAX-26JUL17-B73.5,73° to 74°,73.0,74.0,0,1,99,100,15212.53,high
133,2026-07-18T06:30:19Z,KLAX,2026-07-18,KXLOWTLAX-26JUL18-T69,70° or above,70.0,999.0,6,16,84,94,1104.37,low
134,2026-07-18T06:30:19Z,KLAX,2026-07-18,KXLOWTLAX-26JUL18-T62,61° or below,-999.0,61.0,0,1,99,100,192.02,low
135,2026-07-18T06:30:19Z,KLAX,2026-07-18,KXLOWTLAX-26JUL18-B68.5,68° to 69°,68.0,69.0,72,90,10,28,583.5,low
136,2026-07-18T06:30:19Z,KLAX,2026-07-18,KXLOWTLAX-26JUL18-B66.5,66° to 67°,66.0,67.0,10,15,85,90,340.35,low
137,2026-07-18T06:30:19Z,KLAX,2026-07-18,KXLOWTLAX-26JUL18-B64.5,64° to 65°,64.0,65.0,2,3,97,98,115.09,low
138,2026-07-18T06:30:19Z,KLAX,2026-07-18,KXLOWTLAX-26JUL18-B62.5,62° to 63°,62.0,63.0,1,2,98,99,281.32,low
139,2026-07-18T06:30:19Z,KLAX,2026-07-18,KXLOWTLAX-26JUL17-T69,70° or above,70.0,999.0,0,1,99,100,7185.26,low
140,2026-07-18T06:30:19Z,KLAX,2026-07-18,KXLOWTLAX-26JUL17-T62,61° or below,-999.0,61.0,0,1,99,100,223.03,low
141,2026-07-18T06:30:19Z,KLAX,2026-07-18,KXLOWTLAX-26JUL17-B68.5,68° to 69°,68.0,69.0,97,98,2,3,2196.74,low
142,2026-07-18T06:30:19Z,KLAX,2026-07-18,KXLOWTLAX-26JUL17-B66.5,66° to 67°,66.0,67.0,0,7,93,100,1361.96,low
143,2026-07-18T06:30:19Z,KLAX,2026-07-18,KXLOWTLAX-26JUL17-B64.5,64° to 65°,64.0,65.0,0,1,99,100,314.55,low
144,2026-07-18T06:30:19Z,KLAX,2026-07-18,KXLOWTLAX-26JUL17-B62.5,62° to 63°,62.0,63.0,0,1,99,100,1011.79,low
37,2026-07-18T06:30:19Z,KMDW,2026-07-18,KXHIGHCHI-26JUL18-T96,97° or above,97.0,999.0,0,1,99,100,2653.56,high
38,2026-07-18T06:30:19Z,KMDW,2026-07-18,KXHIGHCHI-26JUL18-T89,88° or below,-999.0,88.0,23,24,76,77,4239.47,high
39,2026-07-18T06:30:19Z,KMDW,2026-07-18,KXHIGHCHI-26JUL18-B95.5,95° to 96°,95.0,96.0,2,3,97,98,519.53,high
40,2026-07-18T06:30:19Z,KMDW,2026-07-18,KXHIGHCHI-26JUL18-B93.5,93° to 94°,93.0,94.0,18,19,81,82,1158.9,high
41,2026-07-18T06:30:19Z,KMDW,2026-07-18,KXHIGHCHI-26JUL18-B91.5,91° to 92°,91.0,92.0,27,28,72,73,1889.2,high
42,2026-07-18T06:30:19Z,KMDW,2026-07-18,KXHIGHCHI-26JUL18-B89.5,89° to 90°,89.0,90.0,30,31,69,70,2439.94,high
43,2026-07-18T06:30:19Z,KMDW,2026-07-18,KXLOWTCHI-26JUL18-T74,75° or above,75.0,999.0,6,7,93,94,880.1,low
44,2026-07-18T06:30:19Z,KMDW,2026-07-18,KXLOWTCHI-26JUL18-T67,66° or below,-999.0,66.0,2,4,96,98,160.0,low
45,2026-07-18T06:30:19Z,KMDW,2026-07-18,KXLOWTCHI-26JUL18-B73.5,73° to 74°,73.0,74.0,31,37,63,69,466.26,low
46,2026-07-18T06:30:19Z,KMDW,2026-07-18,KXLOWTCHI-26JUL18-B71.5,71° to 72°,71.0,72.0,24,32,68,76,810.97,low
47,2026-07-18T06:30:19Z,KMDW,2026-07-18,KXLOWTCHI-26JUL18-B69.5,69° to 70°,69.0,70.0,14,22,78,86,432.68,low
48,2026-07-18T06:30:19Z,KMDW,2026-07-18,KXLOWTCHI-26JUL18-B67.5,67° to 68°,67.0,68.0,4,8,92,96,166.22,low
145,2026-07-18T06:30:19Z,KMIA,2026-07-18,KXHIGHMIA-26JUL18-T95,96° or above,96.0,999.0,1,2,98,99,1364.58,high
146,2026-07-18T06:30:19Z,KMIA,2026-07-18,KXHIGHMIA-26JUL18-T88,87° or below,-999.0,87.0,1,2,98,99,625.75,high
147,2026-07-18T06:30:19Z,KMIA,2026-07-18,KXHIGHMIA-26JUL18-B94.5,94° to 95°,94.0,95.0,7,8,92,93,1738.62,high
148,2026-07-18T06:30:19Z,KMIA,2026-07-18,KXHIGHMIA-26JUL18-B92.5,92° to 93°,92.0,93.0,49,50,50,51,4091.17,high
149,2026-07-18T06:30:19Z,KMIA,2026-07-18,KXHIGHMIA-26JUL18-B90.5,90° to 91°,90.0,91.0,37,38,62,63,4034.94,high
150,2026-07-18T06:30:19Z,KMIA,2026-07-18,KXHIGHMIA-26JUL18-B88.5,88° to 89°,88.0,89.0,4,5,95,96,886.4,high
151,2026-07-18T06:30:19Z,KMIA,2026-07-18,KXLOWTMIA-26JUL18-T82,83° or above,83.0,999.0,0,1,99,100,479.28,low
152,2026-07-18T06:30:19Z,KMIA,2026-07-18,KXLOWTMIA-26JUL18-T75,74° or below,-999.0,74.0,4,9,91,96,601.06,low
153,2026-07-18T06:30:19Z,KMIA,2026-07-18,KXLOWTMIA-26JUL18-B81.5,81° to 82°,81.0,82.0,5,11,89,95,439.15,low
154,2026-07-18T06:30:19Z,KMIA,2026-07-18,KXLOWTMIA-26JUL18-B79.5,79° to 80°,79.0,80.0,36,44,56,64,866.15,low
155,2026-07-18T06:30:19Z,KMIA,2026-07-18,KXLOWTMIA-26JUL18-B77.5,77° to 78°,77.0,78.0,44,52,48,56,820.61,low
156,2026-07-18T06:30:19Z,KMIA,2026-07-18,KXLOWTMIA-26JUL18-B75.5,75° to 76°,75.0,76.0,6,9,91,94,495.11,low
157,2026-07-18T06:30:19Z,KMSP,2026-07-18,KXHIGHTMIN-26JUL18-T95,96° or above,96.0,999.0,1,2,98,99,302.99,high
158,2026-07-18T06:30:19Z,KMSP,2026-07-18,KXHIGHTMIN-26JUL18-T88,87° or below,-999.0,87.0,21,22,78,79,484.33,high
159,2026-07-18T06:30:19Z,KMSP,2026-07-18,KXHIGHTMIN-26JUL18-B94.5,94° to 95°,94.0,95.0,3,4,96,97,11.99,high
160,2026-07-18T06:30:19Z,KMSP,2026-07-18,KXHIGHTMIN-26JUL18-B92.5,92° to 93°,92.0,93.0,7,8,92,93,159.11,high
161,2026-07-18T06:30:19Z,KMSP,2026-07-18,KXHIGHTMIN-26JUL18-B90.5,90° to 91°,90.0,91.0,24,30,70,76,146.32,high
162,2026-07-18T06:30:19Z,KMSP,2026-07-18,KXHIGHTMIN-26JUL18-B88.5,88° to 89°,88.0,89.0,33,34,66,67,393.3,high
163,2026-07-18T06:30:19Z,KMSP,2026-07-18,KXLOWTMIN-26JUL18-T73,74° or above,74.0,999.0,15,18,82,85,679.81,low
164,2026-07-18T06:30:19Z,KMSP,2026-07-18,KXLOWTMIN-26JUL18-T66,65° or below,-999.0,65.0,2,3,97,98,21.0,low
165,2026-07-18T06:30:19Z,KMSP,2026-07-18,KXLOWTMIN-26JUL18-B72.5,72° to 73°,72.0,73.0,45,46,54,55,566.0,low
166,2026-07-18T06:30:19Z,KMSP,2026-07-18,KXLOWTMIN-26JUL18-B70.5,70° to 71°,70.0,71.0,29,35,65,71,467.93,low
167,2026-07-18T06:30:19Z,KMSP,2026-07-18,KXLOWTMIN-26JUL18-B68.5,68° to 69°,68.0,69.0,3,4,96,97,107.35,low
168,2026-07-18T06:30:19Z,KMSP,2026-07-18,KXLOWTMIN-26JUL18-B66.5,66° to 67°,66.0,67.0,2,3,97,98,4.0,low
169,2026-07-18T06:30:19Z,KMSY,2026-07-18,KXHIGHTNOLA-26JUL18-T94,93° or below,-999.0,93.0,31,32,68,69,953.86,high
170,2026-07-18T06:30:19Z,KMSY,2026-07-18,KXHIGHTNOLA-26JUL18-T101,102° or above,102.0,999.0,0,1,99,100,266.02,high
171,2026-07-18T06:30:19Z,KMSY,2026-07-18,KXHIGHTNOLA-26JUL18-B98.5,98° to 99°,98.0,99.0,2,3,97,98,390.4,high
172,2026-07-18T06:30:19Z,KMSY,2026-07-18,KXHIGHTNOLA-26JUL18-B96.5,96° to 97°,96.0,97.0,24,25,75,76,269.47,high
173,2026-07-18T06:30:19Z,KMSY,2026-07-18,KXHIGHTNOLA-26JUL18-B94.5,94° to 95°,94.0,95.0,43,44,56,57,319.7,high
174,2026-07-18T06:30:19Z,KMSY,2026-07-18,KXHIGHTNOLA-26JUL18-B100.5,100° to 101°,100.0,101.0,0,1,99,100,89.0,high
175,2026-07-18T06:30:19Z,KMSY,2026-07-18,KXLOWTNOLA-26JUL18-T79,80° or above,80.0,999.0,13,20,80,87,756.63,low
176,2026-07-18T06:30:19Z,KMSY,2026-07-18,KXLOWTNOLA-26JUL18-T72,71° or below,-999.0,71.0,1,2,98,99,7.0,low
177,2026-07-18T06:30:19Z,KMSY,2026-07-18,KXLOWTNOLA-26JUL18-B78.5,78° to 79°,78.0,79.0,40,71,29,60,606.44,low
178,2026-07-18T06:30:19Z,KMSY,2026-07-18,KXLOWTNOLA-26JUL18-B76.5,76° to 77°,76.0,77.0,18,19,81,82,861.0,low
179,2026-07-18T06:30:19Z,KMSY,2026-07-18,KXLOWTNOLA-26JUL18-B74.5,74° to 75°,74.0,75.0,1,2,98,99,5.0,low
180,2026-07-18T06:30:19Z,KMSY,2026-07-18,KXLOWTNOLA-26JUL18-B72.5,72° to 73°,72.0,73.0,1,2,98,99,5.0,low
181,2026-07-18T06:30:19Z,KNYC,2026-07-18,KXHIGHNY-26JUL18-T86,87° or above,87.0,999.0,0,1,99,100,7303.82,high
182,2026-07-18T06:30:19Z,KNYC,2026-07-18,KXHIGHNY-26JUL18-T79,78° or below,-999.0,78.0,27,28,72,73,15153.4,high
183,2026-07-18T06:30:19Z,KNYC,2026-07-18,KXHIGHNY-26JUL18-B85.5,85° to 86°,85.0,86.0,0,1,99,100,4464.86,high
184,2026-07-18T06:30:19Z,KNYC,2026-07-18,KXHIGHNY-26JUL18-B83.5,83° to 84°,83.0,84.0,3,4,96,97,4427.53,high
185,2026-07-18T06:30:19Z,KNYC,2026-07-18,KXHIGHNY-26JUL18-B81.5,81° to 82°,81.0,82.0,26,27,73,74,8407.82,high
186,2026-07-18T06:30:19Z,KNYC,2026-07-18,KXHIGHNY-26JUL18-B79.5,79° to 80°,79.0,80.0,43,45,55,57,7715.57,high
187,2026-07-18T06:30:19Z,KNYC,2026-07-18,KXLOWTNYC-26JUL18-T75,76° or above,76.0,999.0,0,1,99,100,2976.8,low
188,2026-07-18T06:30:19Z,KNYC,2026-07-18,KXLOWTNYC-26JUL18-T68,67° or below,-999.0,67.0,10,15,85,90,2818.92,low
189,2026-07-18T06:30:19Z,KNYC,2026-07-18,KXLOWTNYC-26JUL18-B74.5,74° to 75°,74.0,75.0,2,8,92,98,2007.22,low
190,2026-07-18T06:30:19Z,KNYC,2026-07-18,KXLOWTNYC-26JUL18-B72.5,72° to 73°,72.0,73.0,17,25,75,83,2833.33,low
191,2026-07-18T06:30:19Z,KNYC,2026-07-18,KXLOWTNYC-26JUL18-B70.5,70° to 71°,70.0,71.0,27,35,65,73,2348.01,low
192,2026-07-18T06:30:19Z,KNYC,2026-07-18,KXLOWTNYC-26JUL18-B68.5,68° to 69°,68.0,69.0,34,36,64,66,3514.18,low
193,2026-07-18T06:30:19Z,KOKC,2026-07-18,KXHIGHTOKC-26JUL18-T97,98° or above,98.0,999.0,3,4,96,97,883.79,high
194,2026-07-18T06:30:19Z,KOKC,2026-07-18,KXHIGHTOKC-26JUL18-T90,89° or below,-999.0,89.0,5,6,94,95,829.45,high
195,2026-07-18T06:30:19Z,KOKC,2026-07-18,KXHIGHTOKC-26JUL18-B96.5,96° to 97°,96.0,97.0,2,3,97,98,269.05,high
196,2026-07-18T06:30:19Z,KOKC,2026-07-18,KXHIGHTOKC-26JUL18-B94.5,94° to 95°,94.0,95.0,13,14,86,87,664.2,high
197,2026-07-18T06:30:19Z,KOKC,2026-07-18,KXHIGHTOKC-26JUL18-B92.5,92° to 93°,92.0,93.0,46,51,49,54,571.64,high
198,2026-07-18T06:30:19Z,KOKC,2026-07-18,KXHIGHTOKC-26JUL18-B90.5,90° to 91°,90.0,91.0,29,30,70,71,740.03,high
199,2026-07-18T06:30:19Z,KOKC,2026-07-18,KXLOWTOKC-26JUL18-T73,74° or above,74.0,999.0,2,4,96,98,546.94,low
200,2026-07-18T06:30:19Z,KOKC,2026-07-18,KXLOWTOKC-26JUL18-T66,65° or below,-999.0,65.0,2,3,97,98,13.0,low
201,2026-07-18T06:30:19Z,KOKC,2026-07-18,KXLOWTOKC-26JUL18-B72.5,72° to 73°,72.0,73.0,34,52,48,66,568.31,low
202,2026-07-18T06:30:19Z,KOKC,2026-07-18,KXLOWTOKC-26JUL18-B70.5,70° to 71°,70.0,71.0,30,35,65,70,354.22,low
203,2026-07-18T06:30:19Z,KOKC,2026-07-18,KXLOWTOKC-26JUL18-B68.5,68° to 69°,68.0,69.0,3,11,89,97,246.35,low
204,2026-07-18T06:30:19Z,KOKC,2026-07-18,KXLOWTOKC-26JUL18-B66.5,66° to 67°,66.0,67.0,2,3,97,98,14.0,low
205,2026-07-18T06:30:19Z,KPHL,2026-07-18,KXHIGHPHIL-26JUL18-T89,90° or above,90.0,999.0,30,32,68,70,3993.32,high
206,2026-07-18T06:30:19Z,KPHL,2026-07-18,KXHIGHPHIL-26JUL18-T82,81° or below,-999.0,81.0,4,5,95,96,1144.12,high
207,2026-07-18T06:30:19Z,KPHL,2026-07-18,KXHIGHPHIL-26JUL18-B88.5,88° to 89°,88.0,89.0,17,22,78,83,364.14,high
208,2026-07-18T06:30:19Z,KPHL,2026-07-18,KXHIGHPHIL-26JUL18-B86.5,86° to 87°,86.0,87.0,15,16,84,85,845.07,high
209,2026-07-18T06:30:19Z,KPHL,2026-07-18,KXHIGHPHIL-26JUL18-B84.5,84° to 85°,84.0,85.0,14,15,85,86,796.01,high
210,2026-07-18T06:30:19Z,KPHL,2026-07-18,KXHIGHPHIL-26JUL18-B82.5,82° to 83°,82.0,83.0,6,8,92,94,1160.66,high
211,2026-07-18T06:30:19Z,KPHL,2026-07-18,KXLOWTPHIL-26JUL18-T73,74° or above,74.0,999.0,25,30,70,75,428.06,low
212,2026-07-18T06:30:19Z,KPHL,2026-07-18,KXLOWTPHIL-26JUL18-T66,65° or below,-999.0,65.0,0,2,98,100,446.37,low
213,2026-07-18T06:30:19Z,KPHL,2026-07-18,KXLOWTPHIL-26JUL18-B72.5,72° to 73°,72.0,73.0,23,30,70,77,378.94,low
214,2026-07-18T06:30:19Z,KPHL,2026-07-18,KXLOWTPHIL-26JUL18-B70.5,70° to 71°,70.0,71.0,32,34,66,68,386.37,low
215,2026-07-18T06:30:19Z,KPHL,2026-07-18,KXLOWTPHIL-26JUL18-B68.5,68° to 69°,68.0,69.0,7,8,92,93,535.13,low
216,2026-07-18T06:30:19Z,KPHL,2026-07-18,KXLOWTPHIL-26JUL18-B66.5,66° to 67°,66.0,67.0,4,5,95,96,272.91,low
217,2026-07-18T06:30:19Z,KPHX,2026-07-18,KXHIGHTPHX-26JUL18-T95,94° or below,-999.0,94.0,2,3,97,98,445.91,high
218,2026-07-18T06:30:19Z,KPHX,2026-07-18,KXHIGHTPHX-26JUL18-T102,103° or above,103.0,999.0,5,6,94,95,1965.34,high
219,2026-07-18T06:30:19Z,KPHX,2026-07-18,KXHIGHTPHX-26JUL18-B99.5,99° to 100°,99.0,100.0,30,31,69,70,1146.54,high
220,2026-07-18T06:30:19Z,KPHX,2026-07-18,KXHIGHTPHX-26JUL18-B97.5,97° to 98°,97.0,98.0,36,37,63,64,1096.8,high
221,2026-07-18T06:30:19Z,KPHX,2026-07-18,KXHIGHTPHX-26JUL18-B95.5,95° to 96°,95.0,96.0,16,17,83,84,608.25,high
222,2026-07-18T06:30:19Z,KPHX,2026-07-18,KXHIGHTPHX-26JUL18-B101.5,101° to 102°,101.0,102.0,11,12,88,89,916.63,high
223,2026-07-18T06:30:19Z,KPHX,2026-07-18,KXHIGHTPHX-26JUL17-T96,97° or above,97.0,999.0,0,1,99,100,8492.14,high
224,2026-07-18T06:30:19Z,KPHX,2026-07-18,KXHIGHTPHX-26JUL17-T89,88° or below,-999.0,88.0,0,1,99,100,16273.32,high
225,2026-07-18T06:30:19Z,KPHX,2026-07-18,KXHIGHTPHX-26JUL17-B95.5,95° to 96°,95.0,96.0,0,1,99,100,10827.39,high
226,2026-07-18T06:30:19Z,KPHX,2026-07-18,KXHIGHTPHX-26JUL17-B93.5,93° to 94°,93.0,94.0,99,100,0,1,22512.75,high
227,2026-07-18T06:30:19Z,KPHX,2026-07-18,KXHIGHTPHX-26JUL17-B91.5,91° to 92°,91.0,92.0,0,1,99,100,37769.75,high
228,2026-07-18T06:30:19Z,KPHX,2026-07-18,KXHIGHTPHX-26JUL17-B89.5,89° to 90°,89.0,90.0,0,1,99,100,13053.4,high
229,2026-07-18T06:30:19Z,KPHX,2026-07-18,KXLOWTPHX-26JUL18-T83,84° or above,84.0,999.0,8,16,84,92,1323.58,low
230,2026-07-18T06:30:19Z,KPHX,2026-07-18,KXLOWTPHX-26JUL18-T76,75° or below,-999.0,75.0,3,4,96,97,127.0,low
231,2026-07-18T06:30:19Z,KPHX,2026-07-18,KXLOWTPHX-26JUL18-B82.5,82° to 83°,82.0,83.0,14,16,84,86,628.22,low
232,2026-07-18T06:30:19Z,KPHX,2026-07-18,KXLOWTPHX-26JUL18-B80.5,80° to 81°,80.0,81.0,28,33,67,72,869.76,low
233,2026-07-18T06:30:19Z,KPHX,2026-07-18,KXLOWTPHX-26JUL18-B78.5,78° to 79°,78.0,79.0,14,16,84,86,1219.94,low
234,2026-07-18T06:30:19Z,KPHX,2026-07-18,KXLOWTPHX-26JUL18-B76.5,76° to 77°,76.0,77.0,22,25,75,78,418.65,low
235,2026-07-18T06:30:19Z,KPHX,2026-07-18,KXLOWTPHX-26JUL17-T77,78° or above,78.0,999.0,96,99,1,4,9224.04,low
236,2026-07-18T06:30:19Z,KPHX,2026-07-18,KXLOWTPHX-26JUL17-T70,69° or below,-999.0,69.0,0,1,99,100,1089.03,low
237,2026-07-18T06:30:19Z,KPHX,2026-07-18,KXLOWTPHX-26JUL17-B76.5,76° to 77°,76.0,77.0,0,4,96,100,2909.57,low
238,2026-07-18T06:30:19Z,KPHX,2026-07-18,KXLOWTPHX-26JUL17-B74.5,74° to 75°,74.0,75.0,0,1,99,100,1803.55,low
239,2026-07-18T06:30:19Z,KPHX,2026-07-18,KXLOWTPHX-26JUL17-B72.5,72° to 73°,72.0,73.0,0,1,99,100,1716.88,low
240,2026-07-18T06:30:19Z,KPHX,2026-07-18,KXLOWTPHX-26JUL17-B70.5,70° to 71°,70.0,71.0,0,1,99,100,1261.16,low
241,2026-07-18T06:30:19Z,KSAT,2026-07-18,KXHIGHTSATX-26JUL18-T96,97° or above,97.0,999.0,2,3,97,98,635.0,high
242,2026-07-18T06:30:19Z,KSAT,2026-07-18,KXHIGHTSATX-26JUL18-T89,88° or below,-999.0,88.0,1,2,98,99,248.0,high
243,2026-07-18T06:30:19Z,KSAT,2026-07-18,KXHIGHTSATX-26JUL18-B95.5,95° to 96°,95.0,96.0,21,23,77,79,855.22,high
244,2026-07-18T06:30:19Z,KSAT,2026-07-18,KXHIGHTSATX-26JUL18-B93.5,93° to 94°,93.0,94.0,49,51,49,51,706.69,high
245,2026-07-18T06:30:19Z,KSAT,2026-07-18,KXHIGHTSATX-26JUL18-B91.5,91° to 92°,91.0,92.0,24,25,75,76,820.5,high
246,2026-07-18T06:30:19Z,KSAT,2026-07-18,KXHIGHTSATX-26JUL18-B89.5,89° to 90°,89.0,90.0,3,4,96,97,128.05,high
247,2026-07-18T06:30:19Z,KSAT,2026-07-18,KXLOWTSATX-26JUL18-T77,78° or above,78.0,999.0,39,43,57,61,236.41,low
248,2026-07-18T06:30:19Z,KSAT,2026-07-18,KXLOWTSATX-26JUL18-T70,69° or below,-999.0,69.0,1,2,98,99,26.0,low
249,2026-07-18T06:30:19Z,KSAT,2026-07-18,KXLOWTSATX-26JUL18-B76.5,76° to 77°,76.0,77.0,42,50,50,58,244.15,low
250,2026-07-18T06:30:19Z,KSAT,2026-07-18,KXLOWTSATX-26JUL18-B74.5,74° to 75°,74.0,75.0,12,13,87,88,57.0,low
251,2026-07-18T06:30:19Z,KSAT,2026-07-18,KXLOWTSATX-26JUL18-B72.5,72° to 73°,72.0,73.0,4,5,95,96,0.0,low
252,2026-07-18T06:30:19Z,KSAT,2026-07-18,KXLOWTSATX-26JUL18-B70.5,70° to 71°,70.0,71.0,2,4,96,98,1.0,low
277,2026-07-18T06:30:19Z,KSEA,2026-07-18,KXHIGHTSEA-26JUL18-T81,82° or above,82.0,999.0,0,1,99,100,1123.02,high
278,2026-07-18T06:30:19Z,KSEA,2026-07-18,KXHIGHTSEA-26JUL18-T74,73° or below,-999.0,73.0,9,12,88,91,583.21,high
279,2026-07-18T06:30:19Z,KSEA,2026-07-18,KXHIGHTSEA-26JUL18-B80.5,80° to 81°,80.0,81.0,3,4,96,97,198.0,high
280,2026-07-18T06:30:19Z,KSEA,2026-07-18,KXHIGHTSEA-26JUL18-B78.5,78° to 79°,78.0,79.0,20,21,79,80,105.56,high
281,2026-07-18T06:30:19Z,KSEA,2026-07-18,KXHIGHTSEA-26JUL18-B76.5,76° to 77°,76.0,77.0,38,39,61,62,257.75,high
282,2026-07-18T06:30:19Z,KSEA,2026-07-18,KXHIGHTSEA-26JUL18-B74.5,74° to 75°,74.0,75.0,30,32,68,70,570.56,high
283,2026-07-18T06:30:19Z,KSEA,2026-07-18,KXHIGHTSEA-26JUL17-T81,82° or above,82.0,999.0,0,1,99,100,1375.03,high
284,2026-07-18T06:30:19Z,KSEA,2026-07-18,KXHIGHTSEA-26JUL17-T74,73° or below,-999.0,73.0,99,100,0,1,19844.17,high
285,2026-07-18T06:30:19Z,KSEA,2026-07-18,KXHIGHTSEA-26JUL17-B80.5,80° to 81°,80.0,81.0,0,1,99,100,1543.41,high
286,2026-07-18T06:30:19Z,KSEA,2026-07-18,KXHIGHTSEA-26JUL17-B78.5,78° to 79°,78.0,79.0,0,1,99,100,1142.86,high
287,2026-07-18T06:30:19Z,KSEA,2026-07-18,KXHIGHTSEA-26JUL17-B76.5,76° to 77°,76.0,77.0,0,1,99,100,4237.22,high
288,2026-07-18T06:30:19Z,KSEA,2026-07-18,KXHIGHTSEA-26JUL17-B74.5,74° to 75°,74.0,75.0,0,1,99,100,8451.76,high
289,2026-07-18T06:30:19Z,KSEA,2026-07-18,KXLOWTSEA-26JUL18-T58,59° or above,59.0,999.0,8,9,91,92,380.0,low
290,2026-07-18T06:30:19Z,KSEA,2026-07-18,KXLOWTSEA-26JUL18-T51,50° or below,-999.0,50.0,1,2,98,99,46.0,low
291,2026-07-18T06:30:19Z,KSEA,2026-07-18,KXLOWTSEA-26JUL18-B57.5,57° to 58°,57.0,58.0,50,53,47,50,436.15,low
292,2026-07-18T06:30:19Z,KSEA,2026-07-18,KXLOWTSEA-26JUL18-B55.5,55° to 56°,55.0,56.0,38,39,61,62,115.07,low
293,2026-07-18T06:30:19Z,KSEA,2026-07-18,KXLOWTSEA-26JUL18-B53.5,53° to 54°,53.0,54.0,6,7,93,94,124.0,low
294,2026-07-18T06:30:19Z,KSEA,2026-07-18,KXLOWTSEA-26JUL18-B51.5,51° to 52°,51.0,52.0,1,2,98,99,5.0,low
295,2026-07-18T06:30:19Z,KSEA,2026-07-18,KXLOWTSEA-26JUL17-T57,58° or above,58.0,999.0,0,1,99,100,1960.09,low
296,2026-07-18T06:30:19Z,KSEA,2026-07-18,KXLOWTSEA-26JUL17-T50,49° or below,-999.0,49.0,0,1,99,100,306.8,low
297,2026-07-18T06:30:19Z,KSEA,2026-07-18,KXLOWTSEA-26JUL17-B56.5,56° to 57°,56.0,57.0,99,100,0,1,1690.69,low
298,2026-07-18T06:30:19Z,KSEA,2026-07-18,KXLOWTSEA-26JUL17-B54.5,54° to 55°,54.0,55.0,0,2,98,100,1534.59,low
299,2026-07-18T06:30:19Z,KSEA,2026-07-18,KXLOWTSEA-26JUL17-B52.5,52° to 53°,52.0,53.0,0,2,98,100,482.22,low
300,2026-07-18T06:30:19Z,KSEA,2026-07-18,KXLOWTSEA-26JUL17-B50.5,50° to 51°,50.0,51.0,0,1,99,100,381.36,low
253,2026-07-18T06:30:19Z,KSFO,2026-07-18,KXHIGHTSFO-26JUL18-T72,73° or above,73.0,999.0,1,3,97,99,2299.45,high
254,2026-07-18T06:30:19Z,KSFO,2026-07-18,KXHIGHTSFO-26JUL18-T65,64° or below,-999.0,64.0,2,3,97,98,1544.79,high
255,2026-07-18T06:30:19Z,KSFO,2026-07-18,KXHIGHTSFO-26JUL18-B71.5,71° to 72°,71.0,72.0,6,7,93,94,257.62,high
256,2026-07-18T06:30:19Z,KSFO,2026-07-18,KXHIGHTSFO-26JUL18-B69.5,69° to 70°,69.0,70.0,31,33,67,69,2398.52,high
257,2026-07-18T06:30:19Z,KSFO,2026-07-18,KXHIGHTSFO-26JUL18-B67.5,67° to 68°,67.0,68.0,39,42,58,61,1818.45,high
258,2026-07-18T06:30:19Z,KSFO,2026-07-18,KXHIGHTSFO-26JUL18-B65.5,65° to 66°,65.0,66.0,20,22,78,80,1567.08,high
259,2026-07-18T06:30:19Z,KSFO,2026-07-18,KXHIGHTSFO-26JUL17-T71,72° or above,72.0,999.0,0,1,99,100,3547.1,high
260,2026-07-18T06:30:19Z,KSFO,2026-07-18,KXHIGHTSFO-26JUL17-T64,63° or below,-999.0,63.0,0,1,99,100,8263.31,high
261,2026-07-18T06:30:19Z,KSFO,2026-07-18,KXHIGHTSFO-26JUL17-B70.5,70° to 71°,70.0,71.0,0,1,99,100,8069.84,high
262,2026-07-18T06:30:19Z,KSFO,2026-07-18,KXHIGHTSFO-26JUL17-B68.5,68° to 69°,68.0,69.0,99,100,0,1,22607.66,high
263,2026-07-18T06:30:19Z,KSFO,2026-07-18,KXHIGHTSFO-26JUL17-B66.5,66° to 67°,66.0,67.0,0,1,99,100,46922.58,high
264,2026-07-18T06:30:19Z,KSFO,2026-07-18,KXHIGHTSFO-26JUL17-B64.5,64° to 65°,64.0,65.0,0,1,99,100,10491.65,high
265,2026-07-18T06:30:19Z,KSFO,2026-07-18,KXLOWTSFO-26JUL18-T57,58° or above,58.0,999.0,2,4,96,98,166.0,low
266,2026-07-18T06:30:19Z,KSFO,2026-07-18,KXLOWTSFO-26JUL18-T50,49° or below,-999.0,49.0,0,1,99,100,49.02,low
267,2026-07-18T06:30:19Z,KSFO,2026-07-18,KXLOWTSFO-26JUL18-B56.5,56° to 57°,56.0,57.0,46,53,47,54,390.68,low
268,2026-07-18T06:30:19Z,KSFO,2026-07-18,KXLOWTSFO-26JUL18-B54.5,54° to 55°,54.0,55.0,37,44,56,63,279.18,low
269,2026-07-18T06:30:19Z,KSFO,2026-07-18,KXLOWTSFO-26JUL18-B52.5,52° to 53°,52.0,53.0,4,5,95,96,279.0,low
270,2026-07-18T06:30:19Z,KSFO,2026-07-18,KXLOWTSFO-26JUL18-B50.5,50° to 51°,50.0,51.0,1,2,98,99,8.0,low
271,2026-07-18T06:30:19Z,KSFO,2026-07-18,KXLOWTSFO-26JUL17-T57,58° or above,58.0,999.0,0,1,99,100,1156.22,low
272,2026-07-18T06:30:19Z,KSFO,2026-07-18,KXLOWTSFO-26JUL17-T50,49° or below,-999.0,49.0,0,1,99,100,194.02,low
273,2026-07-18T06:30:19Z,KSFO,2026-07-18,KXLOWTSFO-26JUL17-B56.5,56° to 57°,56.0,57.0,95,97,3,5,7622.49,low
274,2026-07-18T06:30:19Z,KSFO,2026-07-18,KXLOWTSFO-26JUL17-B54.5,54° to 55°,54.0,55.0,0,1,99,100,4193.95,low
275,2026-07-18T06:30:19Z,KSFO,2026-07-18,KXLOWTSFO-26JUL17-B52.5,52° to 53°,52.0,53.0,0,1,99,100,952.36,low
276,2026-07-18T06:30:19Z,KSFO,2026-07-18,KXLOWTSFO-26JUL17-B50.5,50° to 51°,50.0,51.0,0,1,99,100,180.4,low
1,2026-07-18T08:22:54Z,KATL,2026-07-18,KXHIGHTATL-26JUL18-T95,96° or above,96.0,999.0,2,3,97,98,702.58,high
2,2026-07-18T08:22:54Z,KATL,2026-07-18,KXHIGHTATL-26JUL18-T88,87° or below,-999.0,87.0,2,3,97,98,415.02,high
3,2026-07-18T08:22:54Z,KATL,2026-07-18,KXHIGHTATL-26JUL18-B94.5,94° to 95°,94.0,95.0,18,19,81,82,550.79,high
4,2026-07-18T08:22:54Z,KATL,2026-07-18,KXHIGHTATL-26JUL18-B92.5,92° to 93°,92.0,93.0,52,53,47,48,914.2,high
5,2026-07-18T08:22:54Z,KATL,2026-07-18,KXHIGHTATL-26JUL18-B90.5,90° to 91°,90.0,91.0,24,25,75,76,523.63,high
6,2026-07-18T08:22:54Z,KATL,2026-07-18,KXHIGHTATL-26JUL18-B88.5,88° to 89°,88.0,89.0,2,3,97,98,671.58,high
7,2026-07-18T08:22:54Z,KATL,2026-07-18,KXLOWTATL-26JUL18-T76,77° or above,77.0,999.0,0,1,99,100,1136.16,low
8,2026-07-18T08:22:54Z,KATL,2026-07-18,KXLOWTATL-26JUL18-T69,68° or below,-999.0,68.0,0,4,96,100,51.0,low
9,2026-07-18T08:22:54Z,KATL,2026-07-18,KXLOWTATL-26JUL18-B75.5,75° to 76°,75.0,76.0,10,22,78,90,834.7,low
10,2026-07-18T08:22:54Z,KATL,2026-07-18,KXLOWTATL-26JUL18-B73.5,73° to 74°,73.0,74.0,24,72,28,76,1119.97,low
11,2026-07-18T08:22:54Z,KATL,2026-07-18,KXLOWTATL-26JUL18-B71.5,71° to 72°,71.0,72.0,5,10,90,95,763.14,low
12,2026-07-18T08:22:54Z,KATL,2026-07-18,KXLOWTATL-26JUL18-B69.5,69° to 70°,69.0,70.0,2,5,95,98,79.84,low
13,2026-07-18T08:22:54Z,KAUS,2026-07-18,KXHIGHAUS-26JUL18-T97,98° or above,98.0,999.0,17,18,82,83,100.16,high
14,2026-07-18T08:22:54Z,KAUS,2026-07-18,KXHIGHAUS-26JUL18-T90,89° or below,-999.0,89.0,1,2,98,99,132.67,high
15,2026-07-18T08:22:54Z,KAUS,2026-07-18,KXHIGHAUS-26JUL18-B96.5,96° to 97°,96.0,97.0,25,29,71,75,1428.17,high
16,2026-07-18T08:22:54Z,KAUS,2026-07-18,KXHIGHAUS-26JUL18-B94.5,94° to 95°,94.0,95.0,39,40,60,61,2288.49,high
17,2026-07-18T08:22:54Z,KAUS,2026-07-18,KXHIGHAUS-26JUL18-B92.5,92° to 93°,92.0,93.0,14,15,85,86,1463.82,high
18,2026-07-18T08:22:54Z,KAUS,2026-07-18,KXHIGHAUS-26JUL18-B90.5,90° to 91°,90.0,91.0,4,5,95,96,75.19,high
19,2026-07-18T08:22:54Z,KAUS,2026-07-18,KXLOWTAUS-26JUL18-T77,78° or above,78.0,999.0,33,38,62,67,996.8,low
20,2026-07-18T08:22:54Z,KAUS,2026-07-18,KXLOWTAUS-26JUL18-T70,69° or below,-999.0,69.0,1,3,97,99,214.0,low
21,2026-07-18T08:22:54Z,KAUS,2026-07-18,KXLOWTAUS-26JUL18-B76.5,76° to 77°,76.0,77.0,56,60,40,44,1171.71,low
22,2026-07-18T08:22:54Z,KAUS,2026-07-18,KXLOWTAUS-26JUL18-B74.5,74° to 75°,74.0,75.0,4,5,95,96,746.66,low
23,2026-07-18T08:22:54Z,KAUS,2026-07-18,KXLOWTAUS-26JUL18-B72.5,72° to 73°,72.0,73.0,2,3,97,98,396.26,low
24,2026-07-18T08:22:54Z,KAUS,2026-07-18,KXLOWTAUS-26JUL18-B70.5,70° to 71°,70.0,71.0,1,3,97,99,88.0,low
25,2026-07-18T08:22:54Z,KBOS,2026-07-18,KXHIGHTBOS-26JUL18-T87,88° or above,88.0,999.0,12,14,86,88,1889.25,high
26,2026-07-18T08:22:54Z,KBOS,2026-07-18,KXHIGHTBOS-26JUL18-T80,79° or below,-999.0,79.0,1,3,97,99,908.47,high
27,2026-07-18T08:22:54Z,KBOS,2026-07-18,KXHIGHTBOS-26JUL18-B86.5,86° to 87°,86.0,87.0,26,27,73,74,2217.04,high
28,2026-07-18T08:22:54Z,KBOS,2026-07-18,KXHIGHTBOS-26JUL18-B84.5,84° to 85°,84.0,85.0,49,50,50,51,601.05,high
29,2026-07-18T08:22:54Z,KBOS,2026-07-18,KXHIGHTBOS-26JUL18-B82.5,82° to 83°,82.0,83.0,5,6,94,95,596.0,high
30,2026-07-18T08:22:54Z,KBOS,2026-07-18,KXHIGHTBOS-26JUL18-B80.5,80° to 81°,80.0,81.0,2,3,97,98,431.91,high
31,2026-07-18T08:22:54Z,KBOS,2026-07-18,KXLOWTBOS-26JUL18-T59,60° or above,60.0,999.0,92,96,4,8,1161.28,low
32,2026-07-18T08:22:54Z,KBOS,2026-07-18,KXLOWTBOS-26JUL18-T52,51° or below,-999.0,51.0,0,5,95,100,104.0,low
33,2026-07-18T08:22:54Z,KBOS,2026-07-18,KXLOWTBOS-26JUL18-B58.5,58° to 59°,58.0,59.0,1,2,98,99,76.87,low
34,2026-07-18T08:22:54Z,KBOS,2026-07-18,KXLOWTBOS-26JUL18-B56.5,56° to 57°,56.0,57.0,1,3,97,99,240.76,low
35,2026-07-18T08:22:54Z,KBOS,2026-07-18,KXLOWTBOS-26JUL18-B54.5,54° to 55°,54.0,55.0,3,7,93,97,138.02,low
36,2026-07-18T08:22:54Z,KBOS,2026-07-18,KXLOWTBOS-26JUL18-B52.5,52° to 53°,52.0,53.0,0,4,96,100,115.02,low
229,2026-07-18T08:22:54Z,KDCA,2026-07-18,KXHIGHTDC-26JUL18-T97,98° or above,98.0,999.0,19,20,80,81,854.85,high
230,2026-07-18T08:22:54Z,KDCA,2026-07-18,KXHIGHTDC-26JUL18-T90,89° or below,-999.0,89.0,1,2,98,99,198.14,high
231,2026-07-18T08:22:54Z,KDCA,2026-07-18,KXHIGHTDC-26JUL18-B96.5,96° to 97°,96.0,97.0,25,26,74,75,380.77,high
232,2026-07-18T08:22:54Z,KDCA,2026-07-18,KXHIGHTDC-26JUL18-B94.5,94° to 95°,94.0,95.0,25,26,74,75,363.3,high
233,2026-07-18T08:22:54Z,KDCA,2026-07-18,KXHIGHTDC-26JUL18-B92.5,92° to 93°,92.0,93.0,25,26,74,75,339.86,high
234,2026-07-18T08:22:54Z,KDCA,2026-07-18,KXHIGHTDC-26JUL18-B90.5,90° to 91°,90.0,91.0,6,7,93,94,243.26,high
235,2026-07-18T08:22:54Z,KDCA,2026-07-18,KXLOWTDC-26JUL18-T76,77° or above,77.0,999.0,71,72,28,29,975.1,low
236,2026-07-18T08:22:54Z,KDCA,2026-07-18,KXLOWTDC-26JUL18-T69,68° or below,-999.0,68.0,0,2,98,100,353.88,low
237,2026-07-18T08:22:54Z,KDCA,2026-07-18,KXLOWTDC-26JUL18-B75.5,75° to 76°,75.0,76.0,30,31,69,70,882.74,low
238,2026-07-18T08:22:54Z,KDCA,2026-07-18,KXLOWTDC-26JUL18-B73.5,73° to 74°,73.0,74.0,1,2,98,99,772.87,low
239,2026-07-18T08:22:54Z,KDCA,2026-07-18,KXLOWTDC-26JUL18-B71.5,71° to 72°,71.0,72.0,0,1,99,100,675.17,low
240,2026-07-18T08:22:54Z,KDCA,2026-07-18,KXLOWTDC-26JUL18-B69.5,69° to 70°,69.0,70.0,1,2,98,99,600.93,low
61,2026-07-18T08:22:54Z,KDEN,2026-07-18,KXHIGHDEN-26JUL18-T98,99° or above,99.0,999.0,1,2,98,99,615.26,high
62,2026-07-18T08:22:54Z,KDEN,2026-07-18,KXHIGHDEN-26JUL18-T91,90° or below,-999.0,90.0,2,3,97,98,560.4,high
63,2026-07-18T08:22:54Z,KDEN,2026-07-18,KXHIGHDEN-26JUL18-B97.5,97° to 98°,97.0,98.0,1,2,98,99,557.05,high
64,2026-07-18T08:22:54Z,KDEN,2026-07-18,KXHIGHDEN-26JUL18-B95.5,95° to 96°,95.0,96.0,25,26,74,75,1187.54,high
65,2026-07-18T08:22:54Z,KDEN,2026-07-18,KXHIGHDEN-26JUL18-B93.5,93° to 94°,93.0,94.0,49,50,50,51,1757.21,high
66,2026-07-18T08:22:54Z,KDEN,2026-07-18,KXHIGHDEN-26JUL18-B91.5,91° to 92°,91.0,92.0,26,27,73,74,1585.65,high
67,2026-07-18T08:22:54Z,KDEN,2026-07-18,KXLOWTDEN-26JUL18-T68,69° or above,69.0,999.0,0,1,99,100,278.12,low
68,2026-07-18T08:22:54Z,KDEN,2026-07-18,KXLOWTDEN-26JUL18-T61,60° or below,-999.0,60.0,37,57,43,63,471.35,low
69,2026-07-18T08:22:54Z,KDEN,2026-07-18,KXLOWTDEN-26JUL18-B67.5,67° to 68°,67.0,68.0,0,1,99,100,501.33,low
70,2026-07-18T08:22:54Z,KDEN,2026-07-18,KXLOWTDEN-26JUL18-B65.5,65° to 66°,65.0,66.0,10,15,85,90,726.57,low
71,2026-07-18T08:22:54Z,KDEN,2026-07-18,KXLOWTDEN-26JUL18-B63.5,63° to 64°,63.0,64.0,37,39,61,63,502.94,low
72,2026-07-18T08:22:54Z,KDEN,2026-07-18,KXLOWTDEN-26JUL18-B61.5,61° to 62°,61.0,62.0,18,26,74,82,212.19,low
49,2026-07-18T08:22:54Z,KDFW,2026-07-18,KXHIGHTDAL-26JUL18-T93,92° or below,-999.0,92.0,2,3,97,98,179.14,high
50,2026-07-18T08:22:54Z,KDFW,2026-07-18,KXHIGHTDAL-26JUL18-T100,101° or above,101.0,999.0,0,1,99,100,722.02,high
51,2026-07-18T08:22:54Z,KDFW,2026-07-18,KXHIGHTDAL-26JUL18-B99.5,99° to 100°,99.0,100.0,4,5,95,96,232.5,high
52,2026-07-18T08:22:54Z,KDFW,2026-07-18,KXHIGHTDAL-26JUL18-B97.5,97° to 98°,97.0,98.0,29,33,67,71,1348.16,high
53,2026-07-18T08:22:54Z,KDFW,2026-07-18,KXHIGHTDAL-26JUL18-B95.5,95° to 96°,95.0,96.0,45,48,52,55,5611.81,high
54,2026-07-18T08:22:54Z,KDFW,2026-07-18,KXHIGHTDAL-26JUL18-B93.5,93° to 94°,93.0,94.0,19,20,80,81,292.19,high
55,2026-07-18T08:22:54Z,KDFW,2026-07-18,KXLOWTDAL-26JUL18-T77,78° or above,78.0,999.0,68,76,24,32,1544.18,low
56,2026-07-18T08:22:54Z,KDFW,2026-07-18,KXLOWTDAL-26JUL18-T70,69° or below,-999.0,69.0,0,1,99,100,109.0,low
57,2026-07-18T08:22:54Z,KDFW,2026-07-18,KXLOWTDAL-26JUL18-B76.5,76° to 77°,76.0,77.0,27,31,69,73,1239.84,low
58,2026-07-18T08:22:54Z,KDFW,2026-07-18,KXLOWTDAL-26JUL18-B74.5,74° to 75°,74.0,75.0,2,3,97,98,552.94,low
59,2026-07-18T08:22:54Z,KDFW,2026-07-18,KXLOWTDAL-26JUL18-B72.5,72° to 73°,72.0,73.0,1,2,98,99,90.15,low
60,2026-07-18T08:22:54Z,KDFW,2026-07-18,KXLOWTDAL-26JUL18-B70.5,70° to 71°,70.0,71.0,0,2,98,100,94.15,low
73,2026-07-18T08:22:54Z,KIAH,2026-07-18,KXHIGHTHOU-26JUL18-T93,92° or below,-999.0,92.0,2,3,97,98,797.98,high
74,2026-07-18T08:22:54Z,KIAH,2026-07-18,KXHIGHTHOU-26JUL18-T100,101° or above,101.0,999.0,0,1,99,100,1412.02,high
75,2026-07-18T08:22:54Z,KIAH,2026-07-18,KXHIGHTHOU-26JUL18-B99.5,99° to 100°,99.0,100.0,0,1,99,100,130.02,high
76,2026-07-18T08:22:54Z,KIAH,2026-07-18,KXHIGHTHOU-26JUL18-B97.5,97° to 98°,97.0,98.0,17,22,78,83,531.92,high
77,2026-07-18T08:22:54Z,KIAH,2026-07-18,KXHIGHTHOU-26JUL18-B95.5,95° to 96°,95.0,96.0,41,43,57,59,1361.83,high
78,2026-07-18T08:22:54Z,KIAH,2026-07-18,KXHIGHTHOU-26JUL18-B93.5,93° to 94°,93.0,94.0,32,33,67,68,472.59,high
79,2026-07-18T08:22:54Z,KIAH,2026-07-18,KXLOWTHOU-26JUL18-T79,80° or above,80.0,999.0,5,7,93,95,453.44,low
80,2026-07-18T08:22:54Z,KIAH,2026-07-18,KXLOWTHOU-26JUL18-T72,71° or below,-999.0,71.0,0,2,98,100,59.0,low
81,2026-07-18T08:22:54Z,KIAH,2026-07-18,KXLOWTHOU-26JUL18-B78.5,78° to 79°,78.0,79.0,50,74,26,50,701.82,low
82,2026-07-18T08:22:54Z,KIAH,2026-07-18,KXLOWTHOU-26JUL18-B76.5,76° to 77°,76.0,77.0,16,18,82,84,414.16,low
83,2026-07-18T08:22:54Z,KIAH,2026-07-18,KXLOWTHOU-26JUL18-B74.5,74° to 75°,74.0,75.0,5,6,94,95,216.0,low
84,2026-07-18T08:22:54Z,KIAH,2026-07-18,KXLOWTHOU-26JUL18-B72.5,72° to 73°,72.0,73.0,1,2,98,99,72.0,low
85,2026-07-18T08:22:54Z,KLAS,2026-07-18,KXHIGHTLV-26JUL18-T107,108° or above,108.0,999.0,0,1,99,100,516.52,high
86,2026-07-18T08:22:54Z,KLAS,2026-07-18,KXHIGHTLV-26JUL18-T100,99° or below,-999.0,99.0,5,6,94,95,1509.94,high
87,2026-07-18T08:22:54Z,KLAS,2026-07-18,KXHIGHTLV-26JUL18-B106.5,106° to 107°,106.0,107.0,1,2,98,99,874.78,high
88,2026-07-18T08:22:54Z,KLAS,2026-07-18,KXHIGHTLV-26JUL18-B104.5,104° to 105°,104.0,105.0,20,21,79,80,752.2,high
89,2026-07-18T08:22:54Z,KLAS,2026-07-18,KXHIGHTLV-26JUL18-B102.5,102° to 103°,102.0,103.0,55,59,41,45,1392.17,high
90,2026-07-18T08:22:54Z,KLAS,2026-07-18,KXHIGHTLV-26JUL18-B100.5,100° to 101°,100.0,101.0,15,16,84,85,1201.05,high
91,2026-07-18T08:22:54Z,KLAS,2026-07-18,KXLOWTLV-26JUL18-T84,85° or above,85.0,999.0,0,1,99,100,688.98,low
92,2026-07-18T08:22:54Z,KLAS,2026-07-18,KXLOWTLV-26JUL18-T77,76° or below,-999.0,76.0,8,16,84,92,1515.19,low
93,2026-07-18T08:22:54Z,KLAS,2026-07-18,KXLOWTLV-26JUL18-B83.5,83° to 84°,83.0,84.0,0,1,99,100,1445.24,low
94,2026-07-18T08:22:54Z,KLAS,2026-07-18,KXLOWTLV-26JUL18-B81.5,81° to 82°,81.0,82.0,15,30,70,85,1155.39,low
95,2026-07-18T08:22:54Z,KLAS,2026-07-18,KXLOWTLV-26JUL18-B79.5,79° to 80°,79.0,80.0,26,49,51,74,1258.46,low
96,2026-07-18T08:22:54Z,KLAS,2026-07-18,KXLOWTLV-26JUL18-B77.5,77° to 78°,77.0,78.0,14,33,67,86,1160.0,low
97,2026-07-18T08:22:54Z,KLAX,2026-07-18,KXHIGHLAX-26JUL18-T79,80° or above,80.0,999.0,74,75,25,26,25794.51,high
98,2026-07-18T08:22:54Z,KLAX,2026-07-18,KXHIGHLAX-26JUL18-T72,71° or below,-999.0,71.0,0,1,99,100,3055.82,high
99,2026-07-18T08:22:54Z,KLAX,2026-07-18,KXHIGHLAX-26JUL18-B78.5,78° to 79°,78.0,79.0,19,20,80,81,12866.74,high
100,2026-07-18T08:22:54Z,KLAX,2026-07-18,KXHIGHLAX-26JUL18-B76.5,76° to 77°,76.0,77.0,5,6,94,95,10195.97,high
101,2026-07-18T08:22:54Z,KLAX,2026-07-18,KXHIGHLAX-26JUL18-B74.5,74° to 75°,74.0,75.0,1,2,98,99,13596.94,high
102,2026-07-18T08:22:54Z,KLAX,2026-07-18,KXHIGHLAX-26JUL18-B72.5,72° to 73°,72.0,73.0,0,1,99,100,8968.01,high
103,2026-07-18T08:22:54Z,KLAX,2026-07-18,KXLOWTLAX-26JUL18-T69,70° or above,70.0,999.0,6,14,86,94,1104.47,low
104,2026-07-18T08:22:54Z,KLAX,2026-07-18,KXLOWTLAX-26JUL18-T62,61° or below,-999.0,61.0,0,1,99,100,192.02,low
105,2026-07-18T08:22:54Z,KLAX,2026-07-18,KXLOWTLAX-26JUL18-B68.5,68° to 69°,68.0,69.0,72,91,9,28,587.63,low
106,2026-07-18T08:22:54Z,KLAX,2026-07-18,KXLOWTLAX-26JUL18-B66.5,66° to 67°,66.0,67.0,10,12,88,90,342.35,low
107,2026-07-18T08:22:54Z,KLAX,2026-07-18,KXLOWTLAX-26JUL18-B64.5,64° to 65°,64.0,65.0,2,3,97,98,118.09,low
108,2026-07-18T08:22:54Z,KLAX,2026-07-18,KXLOWTLAX-26JUL18-B62.5,62° to 63°,62.0,63.0,1,2,98,99,281.32,low
37,2026-07-18T08:22:54Z,KMDW,2026-07-18,KXHIGHCHI-26JUL18-T96,97° or above,97.0,999.0,0,1,99,100,2673.56,high
38,2026-07-18T08:22:54Z,KMDW,2026-07-18,KXHIGHCHI-26JUL18-T89,88° or below,-999.0,88.0,22,23,77,78,5053.76,high
39,2026-07-18T08:22:54Z,KMDW,2026-07-18,KXHIGHCHI-26JUL18-B95.5,95° to 96°,95.0,96.0,1,2,98,99,858.89,high
40,2026-07-18T08:22:54Z,KMDW,2026-07-18,KXHIGHCHI-26JUL18-B93.5,93° to 94°,93.0,94.0,15,17,83,85,1993.12,high
41,2026-07-18T08:22:54Z,KMDW,2026-07-18,KXHIGHCHI-26JUL18-B91.5,91° to 92°,91.0,92.0,28,29,71,72,2987.1,high
42,2026-07-18T08:22:54Z,KMDW,2026-07-18,KXHIGHCHI-26JUL18-B89.5,89° to 90°,89.0,90.0,34,35,65,66,4571.01,high
43,2026-07-18T08:22:54Z,KMDW,2026-07-18,KXLOWTCHI-26JUL18-T74,75° or above,75.0,999.0,5,6,94,95,891.88,low
44,2026-07-18T08:22:54Z,KMDW,2026-07-18,KXLOWTCHI-26JUL18-T67,66° or below,-999.0,66.0,1,2,98,99,160.0,low
45,2026-07-18T08:22:54Z,KMDW,2026-07-18,KXLOWTCHI-26JUL18-B73.5,73° to 74°,73.0,74.0,17,25,75,83,565.67,low
46,2026-07-18T08:22:54Z,KMDW,2026-07-18,KXLOWTCHI-26JUL18-B71.5,71° to 72°,71.0,72.0,33,39,61,67,941.02,low
47,2026-07-18T08:22:54Z,KMDW,2026-07-18,KXLOWTCHI-26JUL18-B69.5,69° to 70°,69.0,70.0,30,31,69,70,506.73,low
48,2026-07-18T08:22:54Z,KMDW,2026-07-18,KXLOWTCHI-26JUL18-B67.5,67° to 68°,67.0,68.0,4,5,95,96,167.22,low
109,2026-07-18T08:22:54Z,KMIA,2026-07-18,KXHIGHMIA-26JUL18-T95,96° or above,96.0,999.0,1,2,98,99,1390.58,high
110,2026-07-18T08:22:54Z,KMIA,2026-07-18,KXHIGHMIA-26JUL18-T88,87° or below,-999.0,87.0,1,2,98,99,646.75,high
111,2026-07-18T08:22:54Z,KMIA,2026-07-18,KXHIGHMIA-26JUL18-B94.5,94° to 95°,94.0,95.0,7,8,92,93,2273.7,high
112,2026-07-18T08:22:54Z,KMIA,2026-07-18,KXHIGHMIA-26JUL18-B92.5,92° to 93°,92.0,93.0,50,51,49,50,4266.2,high
113,2026-07-18T08:22:54Z,KMIA,2026-07-18,KXHIGHMIA-26JUL18-B90.5,90° to 91°,90.0,91.0,38,39,61,62,4872.75,high
114,2026-07-18T08:22:54Z,KMIA,2026-07-18,KXHIGHMIA-26JUL18-B88.5,88° to 89°,88.0,89.0,5,6,94,95,1255.41,high
115,2026-07-18T08:22:54Z,KMIA,2026-07-18,KXLOWTMIA-26JUL18-T82,83° or above,83.0,999.0,0,1,99,100,479.28,low
116,2026-07-18T08:22:54Z,KMIA,2026-07-18,KXLOWTMIA-26JUL18-T75,74° or below,-999.0,74.0,2,9,91,98,713.06,low
117,2026-07-18T08:22:54Z,KMIA,2026-07-18,KXLOWTMIA-26JUL18-B81.5,81° to 82°,81.0,82.0,4,5,95,96,632.18,low
118,2026-07-18T08:22:54Z,KMIA,2026-07-18,KXLOWTMIA-26JUL18-B79.5,79° to 80°,79.0,80.0,49,56,44,51,899.15,low
119,2026-07-18T08:22:54Z,KMIA,2026-07-18,KXLOWTMIA-26JUL18-B77.5,77° to 78°,77.0,78.0,35,41,59,65,856.61,low
120,2026-07-18T08:22:54Z,KMIA,2026-07-18,KXLOWTMIA-26JUL18-B75.5,75° to 76°,75.0,76.0,6,9,91,94,618.11,low
121,2026-07-18T08:22:54Z,KMSP,2026-07-18,KXHIGHTMIN-26JUL18-T95,96° or above,96.0,999.0,1,2,98,99,318.99,high
122,2026-07-18T08:22:54Z,KMSP,2026-07-18,KXHIGHTMIN-26JUL18-T88,87° or below,-999.0,87.0,24,25,75,76,550.36,high
123,2026-07-18T08:22:54Z,KMSP,2026-07-18,KXHIGHTMIN-26JUL18-B94.5,94° to 95°,94.0,95.0,3,4,96,97,19.99,high
124,2026-07-18T08:22:54Z,KMSP,2026-07-18,KXHIGHTMIN-26JUL18-B92.5,92° to 93°,92.0,93.0,7,8,92,93,206.11,high
125,2026-07-18T08:22:54Z,KMSP,2026-07-18,KXHIGHTMIN-26JUL18-B90.5,90° to 91°,90.0,91.0,24,25,75,76,159.32,high
126,2026-07-18T08:22:54Z,KMSP,2026-07-18,KXHIGHTMIN-26JUL18-B88.5,88° to 89°,88.0,89.0,38,42,58,62,554.83,high
127,2026-07-18T08:22:54Z,KMSP,2026-07-18,KXLOWTMIN-26JUL18-T73,74° or above,74.0,999.0,15,16,84,85,683.94,low
128,2026-07-18T08:22:54Z,KMSP,2026-07-18,KXLOWTMIN-26JUL18-T66,65° or below,-999.0,65.0,2,3,97,98,21.0,low
129,2026-07-18T08:22:54Z,KMSP,2026-07-18,KXLOWTMIN-26JUL18-B72.5,72° to 73°,72.0,73.0,47,48,52,53,573.0,low
130,2026-07-18T08:22:54Z,KMSP,2026-07-18,KXLOWTMIN-26JUL18-B70.5,70° to 71°,70.0,71.0,29,37,63,71,479.12,low
131,2026-07-18T08:22:54Z,KMSP,2026-07-18,KXLOWTMIN-26JUL18-B68.5,68° to 69°,68.0,69.0,3,4,96,97,107.35,low
132,2026-07-18T08:22:54Z,KMSP,2026-07-18,KXLOWTMIN-26JUL18-B66.5,66° to 67°,66.0,67.0,2,3,97,98,4.0,low
133,2026-07-18T08:22:54Z,KMSY,2026-07-18,KXHIGHTNOLA-26JUL18-T94,93° or below,-999.0,93.0,28,29,71,72,1210.31,high
134,2026-07-18T08:22:54Z,KMSY,2026-07-18,KXHIGHTNOLA-26JUL18-T101,102° or above,102.0,999.0,0,1,99,100,266.02,high
135,2026-07-18T08:22:54Z,KMSY,2026-07-18,KXHIGHTNOLA-26JUL18-B98.5,98° to 99°,98.0,99.0,2,3,97,98,513.42,high
136,2026-07-18T08:22:54Z,KMSY,2026-07-18,KXHIGHTNOLA-26JUL18-B96.5,96° to 97°,96.0,97.0,33,34,66,67,529.2,high
137,2026-07-18T08:22:54Z,KMSY,2026-07-18,KXHIGHTNOLA-26JUL18-B94.5,94° to 95°,94.0,95.0,35,36,64,65,480.53,high
138,2026-07-18T08:22:54Z,KMSY,2026-07-18,KXHIGHTNOLA-26JUL18-B100.5,100° to 101°,100.0,101.0,0,1,99,100,89.0,high
139,2026-07-18T08:22:54Z,KMSY,2026-07-18,KXLOWTNOLA-26JUL18-T79,80° or above,80.0,999.0,21,29,71,79,791.63,low
140,2026-07-18T08:22:54Z,KMSY,2026-07-18,KXLOWTNOLA-26JUL18-T72,71° or below,-999.0,71.0,1,2,98,99,13.0,low
141,2026-07-18T08:22:54Z,KMSY,2026-07-18,KXLOWTNOLA-26JUL18-B78.5,78° to 79°,78.0,79.0,44,50,50,56,616.44,low
142,2026-07-18T08:22:54Z,KMSY,2026-07-18,KXLOWTNOLA-26JUL18-B76.5,76° to 77°,76.0,77.0,16,17,83,84,869.03,low
143,2026-07-18T08:22:54Z,KMSY,2026-07-18,KXLOWTNOLA-26JUL18-B74.5,74° to 75°,74.0,75.0,1,2,98,99,11.0,low
144,2026-07-18T08:22:54Z,KMSY,2026-07-18,KXLOWTNOLA-26JUL18-B72.5,72° to 73°,72.0,73.0,1,2,98,99,11.0,low
145,2026-07-18T08:22:54Z,KNYC,2026-07-18,KXHIGHNY-26JUL18-T86,87° or above,87.0,999.0,2,3,97,98,11052.72,high
146,2026-07-18T08:22:54Z,KNYC,2026-07-18,KXHIGHNY-26JUL18-T79,78° or below,-999.0,78.0,32,33,67,68,18140.56,high
147,2026-07-18T08:22:54Z,KNYC,2026-07-18,KXHIGHNY-26JUL18-B85.5,85° to 86°,85.0,86.0,0,1,99,100,5945.78,high
148,2026-07-18T08:22:54Z,KNYC,2026-07-18,KXHIGHNY-26JUL18-B83.5,83° to 84°,83.0,84.0,4,6,94,96,5603.39,high
149,2026-07-18T08:22:54Z,KNYC,2026-07-18,KXHIGHNY-26JUL18-B81.5,81° to 82°,81.0,82.0,21,22,78,79,8973.64,high
150,2026-07-18T08:22:54Z,KNYC,2026-07-18,KXHIGHNY-26JUL18-B79.5,79° to 80°,79.0,80.0,41,42,58,59,9347.28,high
151,2026-07-18T08:22:54Z,KNYC,2026-07-18,KXLOWTNYC-26JUL18-T75,76° or above,76.0,999.0,0,1,99,100,2976.8,low
152,2026-07-18T08:22:54Z,KNYC,2026-07-18,KXLOWTNYC-26JUL18-T68,67° or below,-999.0,67.0,17,24,76,83,2998.62,low
153,2026-07-18T08:22:54Z,KNYC,2026-07-18,KXLOWTNYC-26JUL18-B74.5,74° to 75°,74.0,75.0,0,1,99,100,2269.52,low
154,2026-07-18T08:22:54Z,KNYC,2026-07-18,KXLOWTNYC-26JUL18-B72.5,72° to 73°,72.0,73.0,19,25,75,81,3051.33,low
155,2026-07-18T08:22:54Z,KNYC,2026-07-18,KXLOWTNYC-26JUL18-B70.5,70° to 71°,70.0,71.0,34,39,61,66,2535.59,low
156,2026-07-18T08:22:54Z,KNYC,2026-07-18,KXLOWTNYC-26JUL18-B68.5,68° to 69°,68.0,69.0,26,30,70,74,3945.01,low
157,2026-07-18T08:22:54Z,KOKC,2026-07-18,KXHIGHTOKC-26JUL18-T97,98° or above,98.0,999.0,1,2,98,99,1072.79,high
158,2026-07-18T08:22:54Z,KOKC,2026-07-18,KXHIGHTOKC-26JUL18-T90,89° or below,-999.0,89.0,9,10,90,91,899.25,high
159,2026-07-18T08:22:54Z,KOKC,2026-07-18,KXHIGHTOKC-26JUL18-B96.5,96° to 97°,96.0,97.0,2,3,97,98,269.05,high
160,2026-07-18T08:22:54Z,KOKC,2026-07-18,KXHIGHTOKC-26JUL18-B94.5,94° to 95°,94.0,95.0,13,14,86,87,744.64,high
161,2026-07-18T08:22:54Z,KOKC,2026-07-18,KXHIGHTOKC-26JUL18-B92.5,92° to 93°,92.0,93.0,44,45,55,56,602.07,high
162,2026-07-18T08:22:54Z,KOKC,2026-07-18,KXHIGHTOKC-26JUL18-B90.5,90° to 91°,90.0,91.0,32,33,67,68,920.71,high
163,2026-07-18T08:22:54Z,KOKC,2026-07-18,KXLOWTOKC-26JUL18-T73,74° or above,74.0,999.0,0,1,99,100,988.96,low
164,2026-07-18T08:22:54Z,KOKC,2026-07-18,KXLOWTOKC-26JUL18-T66,65° or below,-999.0,65.0,2,3,97,98,14.0,low
165,2026-07-18T08:22:54Z,KOKC,2026-07-18,KXLOWTOKC-26JUL18-B72.5,72° to 73°,72.0,73.0,39,42,58,61,602.97,low
166,2026-07-18T08:22:54Z,KOKC,2026-07-18,KXLOWTOKC-26JUL18-B70.5,70° to 71°,70.0,71.0,45,48,52,55,443.57,low
167,2026-07-18T08:22:54Z,KOKC,2026-07-18,KXLOWTOKC-26JUL18-B68.5,68° to 69°,68.0,69.0,7,13,87,93,376.72,low
168,2026-07-18T08:22:54Z,KOKC,2026-07-18,KXLOWTOKC-26JUL18-B66.5,66° to 67°,66.0,67.0,2,3,97,98,15.0,low
169,2026-07-18T08:22:54Z,KPHL,2026-07-18,KXHIGHPHIL-26JUL18-T89,90° or above,90.0,999.0,31,34,66,69,4894.54,high
170,2026-07-18T08:22:54Z,KPHL,2026-07-18,KXHIGHPHIL-26JUL18-T82,81° or below,-999.0,81.0,5,6,94,95,2355.61,high
171,2026-07-18T08:22:54Z,KPHL,2026-07-18,KXHIGHPHIL-26JUL18-B88.5,88° to 89°,88.0,89.0,20,21,79,80,701.37,high
172,2026-07-18T08:22:54Z,KPHL,2026-07-18,KXHIGHPHIL-26JUL18-B86.5,86° to 87°,86.0,87.0,12,13,87,88,1349.36,high
173,2026-07-18T08:22:54Z,KPHL,2026-07-18,KXHIGHPHIL-26JUL18-B84.5,84° to 85°,84.0,85.0,16,17,83,84,1141.04,high
174,2026-07-18T08:22:54Z,KPHL,2026-07-18,KXHIGHPHIL-26JUL18-B82.5,82° to 83°,82.0,83.0,14,15,85,86,1933.45,high
175,2026-07-18T08:22:54Z,KPHL,2026-07-18,KXLOWTPHIL-26JUL18-T73,74° or above,74.0,999.0,14,15,85,86,537.11,low
176,2026-07-18T08:22:54Z,KPHL,2026-07-18,KXLOWTPHIL-26JUL18-T66,65° or below,-999.0,65.0,0,4,96,100,565.09,low
177,2026-07-18T08:22:54Z,KPHL,2026-07-18,KXLOWTPHIL-26JUL18-B72.5,72° to 73°,72.0,73.0,37,44,56,63,434.07,low
178,2026-07-18T08:22:54Z,KPHL,2026-07-18,KXLOWTPHIL-26JUL18-B70.5,70° to 71°,70.0,71.0,27,43,57,73,585.95,low
179,2026-07-18T08:22:54Z,KPHL,2026-07-18,KXLOWTPHIL-26JUL18-B68.5,68° to 69°,68.0,69.0,7,8,92,93,597.42,low
180,2026-07-18T08:22:54Z,KPHL,2026-07-18,KXLOWTPHIL-26JUL18-B66.5,66° to 67°,66.0,67.0,5,10,90,95,347.69,low
181,2026-07-18T08:22:54Z,KPHX,2026-07-18,KXHIGHTPHX-26JUL18-T95,94° or below,-999.0,94.0,14,15,85,86,944.13,high
182,2026-07-18T08:22:54Z,KPHX,2026-07-18,KXHIGHTPHX-26JUL18-T102,103° or above,103.0,999.0,1,3,97,99,1993.34,high
183,2026-07-18T08:22:54Z,KPHX,2026-07-18,KXHIGHTPHX-26JUL18-B99.5,99° to 100°,99.0,100.0,25,26,74,75,1517.35,high
184,2026-07-18T08:22:54Z,KPHX,2026-07-18,KXHIGHTPHX-26JUL18-B97.5,97° to 98°,97.0,98.0,34,37,63,66,1374.87,high
185,2026-07-18T08:22:54Z,KPHX,2026-07-18,KXHIGHTPHX-26JUL18-B95.5,95° to 96°,95.0,96.0,15,21,79,85,875.12,high
186,2026-07-18T08:22:54Z,KPHX,2026-07-18,KXHIGHTPHX-26JUL18-B101.5,101° to 102°,101.0,102.0,10,11,89,90,1154.87,high
187,2026-07-18T08:22:54Z,KPHX,2026-07-18,KXLOWTPHX-26JUL18-T83,84° or above,84.0,999.0,22,39,61,78,1777.58,low
188,2026-07-18T08:22:54Z,KPHX,2026-07-18,KXLOWTPHX-26JUL18-T76,75° or below,-999.0,75.0,3,4,96,97,136.0,low
189,2026-07-18T08:22:54Z,KPHX,2026-07-18,KXLOWTPHX-26JUL18-B82.5,82° to 83°,82.0,83.0,14,34,66,86,1121.29,low
190,2026-07-18T08:22:54Z,KPHX,2026-07-18,KXLOWTPHX-26JUL18-B80.5,80° to 81°,80.0,81.0,15,16,84,85,892.83,low
191,2026-07-18T08:22:54Z,KPHX,2026-07-18,KXLOWTPHX-26JUL18-B78.5,78° to 79°,78.0,79.0,14,15,85,86,1227.01,low
192,2026-07-18T08:22:54Z,KPHX,2026-07-18,KXLOWTPHX-26JUL18-B76.5,76° to 77°,76.0,77.0,10,11,89,90,539.65,low
193,2026-07-18T08:22:54Z,KSAT,2026-07-18,KXHIGHTSATX-26JUL18-T96,97° or above,97.0,999.0,2,3,97,98,679.36,high
194,2026-07-18T08:22:54Z,KSAT,2026-07-18,KXHIGHTSATX-26JUL18-T89,88° or below,-999.0,88.0,0,2,98,100,769.32,high
195,2026-07-18T08:22:54Z,KSAT,2026-07-18,KXHIGHTSATX-26JUL18-B95.5,95° to 96°,95.0,96.0,21,22,78,79,895.21,high
196,2026-07-18T08:22:54Z,KSAT,2026-07-18,KXHIGHTSATX-26JUL18-B93.5,93° to 94°,93.0,94.0,49,50,50,51,736.35,high
197,2026-07-18T08:22:54Z,KSAT,2026-07-18,KXHIGHTSATX-26JUL18-B91.5,91° to 92°,91.0,92.0,28,29,71,72,971.21,high
198,2026-07-18T08:22:54Z,KSAT,2026-07-18,KXHIGHTSATX-26JUL18-B89.5,89° to 90°,89.0,90.0,3,4,96,97,143.41,high
199,2026-07-18T08:22:54Z,KSAT,2026-07-18,KXLOWTSATX-26JUL18-T77,78° or above,78.0,999.0,57,64,36,43,247.61,low
200,2026-07-18T08:22:54Z,KSAT,2026-07-18,KXLOWTSATX-26JUL18-T70,69° or below,-999.0,69.0,1,2,98,99,26.0,low
201,2026-07-18T08:22:54Z,KSAT,2026-07-18,KXLOWTSATX-26JUL18-B76.5,76° to 77°,76.0,77.0,30,39,61,70,265.34,low
202,2026-07-18T08:22:54Z,KSAT,2026-07-18,KXLOWTSATX-26JUL18-B74.5,74° to 75°,74.0,75.0,4,5,95,96,67.0,low
203,2026-07-18T08:22:54Z,KSAT,2026-07-18,KXLOWTSATX-26JUL18-B72.5,72° to 73°,72.0,73.0,4,5,95,96,0.0,low
204,2026-07-18T08:22:54Z,KSAT,2026-07-18,KXLOWTSATX-26JUL18-B70.5,70° to 71°,70.0,71.0,2,4,96,98,1.0,low
217,2026-07-18T08:22:54Z,KSEA,2026-07-18,KXHIGHTSEA-26JUL18-T81,82° or above,82.0,999.0,0,1,99,100,1193.02,high
218,2026-07-18T08:22:54Z,KSEA,2026-07-18,KXHIGHTSEA-26JUL18-T74,73° or below,-999.0,73.0,8,11,89,92,583.24,high
219,2026-07-18T08:22:54Z,KSEA,2026-07-18,KXHIGHTSEA-26JUL18-B80.5,80° to 81°,80.0,81.0,3,4,96,97,215.0,high
220,2026-07-18T08:22:54Z,KSEA,2026-07-18,KXHIGHTSEA-26JUL18-B78.5,78° to 79°,78.0,79.0,15,16,84,85,114.4,high
221,2026-07-18T08:22:54Z,KSEA,2026-07-18,KXHIGHTSEA-26JUL18-B76.5,76° to 77°,76.0,77.0,38,39,61,62,276.75,high
222,2026-07-18T08:22:54Z,KSEA,2026-07-18,KXHIGHTSEA-26JUL18-B74.5,74° to 75°,74.0,75.0,31,32,68,69,647.26,high
223,2026-07-18T08:22:54Z,KSEA,2026-07-18,KXLOWTSEA-26JUL18-T58,59° or above,59.0,999.0,7,9,91,93,385.1,low
224,2026-07-18T08:22:54Z,KSEA,2026-07-18,KXLOWTSEA-26JUL18-T51,50° or below,-999.0,50.0,1,2,98,99,47.0,low
225,2026-07-18T08:22:54Z,KSEA,2026-07-18,KXLOWTSEA-26JUL18-B57.5,57° to 58°,57.0,58.0,46,51,49,54,579.24,low
226,2026-07-18T08:22:54Z,KSEA,2026-07-18,KXLOWTSEA-26JUL18-B55.5,55° to 56°,55.0,56.0,38,39,61,62,116.07,low
227,2026-07-18T08:22:54Z,KSEA,2026-07-18,KXLOWTSEA-26JUL18-B53.5,53° to 54°,53.0,54.0,6,7,93,94,125.0,low
228,2026-07-18T08:22:54Z,KSEA,2026-07-18,KXLOWTSEA-26JUL18-B51.5,51° to 52°,51.0,52.0,1,2,98,99,6.0,low
205,2026-07-18T08:22:54Z,KSFO,2026-07-18,KXHIGHTSFO-26JUL18-T72,73° or above,73.0,999.0,2,3,97,98,2417.8,high
206,2026-07-18T08:22:54Z,KSFO,2026-07-18,KXHIGHTSFO-26JUL18-T65,64° or below,-999.0,64.0,2,3,97,98,1622.96,high
207,2026-07-18T08:22:54Z,KSFO,2026-07-18,KXHIGHTSFO-26JUL18-B71.5,71° to 72°,71.0,72.0,4,7,93,96,554.84,high
208,2026-07-18T08:22:54Z,KSFO,2026-07-18,KXHIGHTSFO-26JUL18-B69.5,69° to 70°,69.0,70.0,30,31,69,70,2943.51,high
209,2026-07-18T08:22:54Z,KSFO,2026-07-18,KXHIGHTSFO-26JUL18-B67.5,67° to 68°,67.0,68.0,40,43,57,60,2001.55,high
210,2026-07-18T08:22:54Z,KSFO,2026-07-18,KXHIGHTSFO-26JUL18-B65.5,65° to 66°,65.0,66.0,14,18,82,86,1835.38,high
211,2026-07-18T08:22:54Z,KSFO,2026-07-18,KXLOWTSFO-26JUL18-T57,58° or above,58.0,999.0,2,3,97,98,166.1,low
212,2026-07-18T08:22:54Z,KSFO,2026-07-18,KXLOWTSFO-26JUL18-T50,49° or below,-999.0,49.0,0,1,99,100,49.02,low
213,2026-07-18T08:22:54Z,KSFO,2026-07-18,KXLOWTSFO-26JUL18-B56.5,56° to 57°,56.0,57.0,48,52,48,52,426.45,low
214,2026-07-18T08:22:54Z,KSFO,2026-07-18,KXLOWTSFO-26JUL18-B54.5,54° to 55°,54.0,55.0,37,43,57,63,296.88,low
215,2026-07-18T08:22:54Z,KSFO,2026-07-18,KXLOWTSFO-26JUL18-B52.5,52° to 53°,52.0,53.0,4,5,95,96,280.0,low
216,2026-07-18T08:22:54Z,KSFO,2026-07-18,KXLOWTSFO-26JUL18-B50.5,50° to 51°,50.0,51.0,1,2,98,99,8.0,low
1,2026-07-18T10:01:51Z,KATL,2026-07-18,KXHIGHTATL-26JUL18-T95,96° or above,96.0,999.0,2,3,97,98,817.86,high
2,2026-07-18T10:01:51Z,KATL,2026-07-18,KXHIGHTATL-26JUL18-T88,87° or below,-999.0,87.0,2,4,96,98,415.02,high
3,2026-07-18T10:01:51Z,KATL,2026-07-18,KXHIGHTATL-26JUL18-B94.5,94° to 95°,94.0,95.0,19,20,80,81,551.79,high
4,2026-07-18T10:01:51Z,KATL,2026-07-18,KXHIGHTATL-26JUL18-B92.5,92° to 93°,92.0,93.0,50,52,48,50,1021.2,high
5,2026-07-18T10:01:51Z,KATL,2026-07-18,KXHIGHTATL-26JUL18-B90.5,90° to 91°,90.0,91.0,24,25,75,76,523.63,high
6,2026-07-18T10:01:51Z,KATL,2026-07-18,KXHIGHTATL-26JUL18-B88.5,88° to 89°,88.0,89.0,2,3,97,98,671.58,high
7,2026-07-18T10:01:51Z,KATL,2026-07-18,KXLOWTATL-26JUL18-T76,77° or above,77.0,999.0,0,1,99,100,1137.16,low
8,2026-07-18T10:01:51Z,KATL,2026-07-18,KXLOWTATL-26JUL18-T69,68° or below,-999.0,68.0,0,4,96,100,58.81,low
9,2026-07-18T10:01:51Z,KATL,2026-07-18,KXLOWTATL-26JUL18-B75.5,75° to 76°,75.0,76.0,0,1,99,100,1068.22,low
10,2026-07-18T10:01:51Z,KATL,2026-07-18,KXLOWTATL-26JUL18-B73.5,73° to 74°,73.0,74.0,82,84,16,18,1127.78,low
11,2026-07-18T10:01:51Z,KATL,2026-07-18,KXLOWTATL-26JUL18-B71.5,71° to 72°,71.0,72.0,8,9,91,92,766.14,low
12,2026-07-18T10:01:51Z,KATL,2026-07-18,KXLOWTATL-26JUL18-B69.5,69° to 70°,69.0,70.0,5,6,94,95,82.84,low
13,2026-07-18T10:01:51Z,KAUS,2026-07-18,KXHIGHAUS-26JUL18-T97,98° or above,98.0,999.0,4,5,95,96,201.74,high
14,2026-07-18T10:01:51Z,KAUS,2026-07-18,KXHIGHAUS-26JUL18-T90,89° or below,-999.0,89.0,2,3,97,98,337.48,high
15,2026-07-18T10:01:51Z,KAUS,2026-07-18,KXHIGHAUS-26JUL18-B96.5,96° to 97°,96.0,97.0,27,28,72,73,1485.84,high
16,2026-07-18T10:01:51Z,KAUS,2026-07-18,KXHIGHAUS-26JUL18-B94.5,94° to 95°,94.0,95.0,38,45,55,62,2533.09,high
17,2026-07-18T10:01:51Z,KAUS,2026-07-18,KXHIGHAUS-26JUL18-B92.5,92° to 93°,92.0,93.0,11,14,86,89,1743.63,high
18,2026-07-18T10:01:51Z,KAUS,2026-07-18,KXHIGHAUS-26JUL18-B90.5,90° to 91°,90.0,91.0,3,4,96,97,199.19,high
19,2026-07-18T10:01:51Z,KAUS,2026-07-18,KXLOWTAUS-26JUL18-T77,78° or above,78.0,999.0,21,37,63,79,1175.34,low
20,2026-07-18T10:01:51Z,KAUS,2026-07-18,KXLOWTAUS-26JUL18-T70,69° or below,-999.0,69.0,1,4,96,99,321.0,low
21,2026-07-18T10:01:51Z,KAUS,2026-07-18,KXLOWTAUS-26JUL18-B76.5,76° to 77°,76.0,77.0,56,57,43,44,1201.71,low
22,2026-07-18T10:01:51Z,KAUS,2026-07-18,KXLOWTAUS-26JUL18-B74.5,74° to 75°,74.0,75.0,4,5,95,96,993.66,low
23,2026-07-18T10:01:51Z,KAUS,2026-07-18,KXLOWTAUS-26JUL18-B72.5,72° to 73°,72.0,73.0,2,3,97,98,426.26,low
24,2026-07-18T10:01:51Z,KAUS,2026-07-18,KXLOWTAUS-26JUL18-B70.5,70° to 71°,70.0,71.0,1,5,95,99,153.0,low
25,2026-07-18T10:01:51Z,KBOS,2026-07-18,KXHIGHTBOS-26JUL18-T87,88° or above,88.0,999.0,12,14,86,88,1892.25,high
26,2026-07-18T10:01:51Z,KBOS,2026-07-18,KXHIGHTBOS-26JUL18-T80,79° or below,-999.0,79.0,1,2,98,99,928.65,high
27,2026-07-18T10:01:51Z,KBOS,2026-07-18,KXHIGHTBOS-26JUL18-B86.5,86° to 87°,86.0,87.0,21,24,76,79,2337.04,high
28,2026-07-18T10:01:51Z,KBOS,2026-07-18,KXHIGHTBOS-26JUL18-B84.5,84° to 85°,84.0,85.0,48,49,51,52,674.05,high
29,2026-07-18T10:01:51Z,KBOS,2026-07-18,KXHIGHTBOS-26JUL18-B82.5,82° to 83°,82.0,83.0,8,9,91,92,628.0,high
30,2026-07-18T10:01:51Z,KBOS,2026-07-18,KXHIGHTBOS-26JUL18-B80.5,80° to 81°,80.0,81.0,1,2,98,99,679.16,high
31,2026-07-18T10:01:51Z,KBOS,2026-07-18,KXLOWTBOS-26JUL18-T59,60° or above,60.0,999.0,96,97,3,4,1260.68,low
32,2026-07-18T10:01:51Z,KBOS,2026-07-18,KXLOWTBOS-26JUL18-T52,51° or below,-999.0,51.0,0,5,95,100,104.0,low
33,2026-07-18T10:01:51Z,KBOS,2026-07-18,KXLOWTBOS-26JUL18-B58.5,58° to 59°,58.0,59.0,1,2,98,99,76.87,low
34,2026-07-18T10:01:51Z,KBOS,2026-07-18,KXLOWTBOS-26JUL18-B56.5,56° to 57°,56.0,57.0,1,3,97,99,261.76,low
35,2026-07-18T10:01:51Z,KBOS,2026-07-18,KXLOWTBOS-26JUL18-B54.5,54° to 55°,54.0,55.0,0,5,95,100,142.02,low
36,2026-07-18T10:01:51Z,KBOS,2026-07-18,KXLOWTBOS-26JUL18-B52.5,52° to 53°,52.0,53.0,0,5,95,100,115.02,low
229,2026-07-18T10:01:51Z,KDCA,2026-07-18,KXHIGHTDC-26JUL18-T97,98° or above,98.0,999.0,21,22,78,79,975.78,high
230,2026-07-18T10:01:51Z,KDCA,2026-07-18,KXHIGHTDC-26JUL18-T90,89° or below,-999.0,89.0,1,2,98,99,201.03,high
231,2026-07-18T10:01:51Z,KDCA,2026-07-18,KXHIGHTDC-26JUL18-B96.5,96° to 97°,96.0,97.0,25,26,74,75,384.99,high
232,2026-07-18T10:01:51Z,KDCA,2026-07-18,KXHIGHTDC-26JUL18-B94.5,94° to 95°,94.0,95.0,25,26,74,75,366.39,high
233,2026-07-18T10:01:51Z,KDCA,2026-07-18,KXHIGHTDC-26JUL18-B92.5,92° to 93°,92.0,93.0,20,22,78,80,368.72,high
234,2026-07-18T10:01:51Z,KDCA,2026-07-18,KXHIGHTDC-26JUL18-B90.5,90° to 91°,90.0,91.0,6,7,93,94,246.12,high
235,2026-07-18T10:01:51Z,KDCA,2026-07-18,KXLOWTDC-26JUL18-T76,77° or above,77.0,999.0,77,80,20,23,1243.1,low
236,2026-07-18T10:01:51Z,KDCA,2026-07-18,KXLOWTDC-26JUL18-T69,68° or below,-999.0,68.0,0,2,98,100,353.88,low
237,2026-07-18T10:01:51Z,KDCA,2026-07-18,KXLOWTDC-26JUL18-B75.5,75° to 76°,75.0,76.0,22,23,77,78,1001.35,low
238,2026-07-18T10:01:51Z,KDCA,2026-07-18,KXLOWTDC-26JUL18-B73.5,73° to 74°,73.0,74.0,0,4,96,100,997.81,low
239,2026-07-18T10:01:51Z,KDCA,2026-07-18,KXLOWTDC-26JUL18-B71.5,71° to 72°,71.0,72.0,0,4,96,100,838.14,low
240,2026-07-18T10:01:51Z,KDCA,2026-07-18,KXLOWTDC-26JUL18-B69.5,69° to 70°,69.0,70.0,1,2,98,99,831.09,low
61,2026-07-18T10:01:51Z,KDEN,2026-07-18,KXHIGHDEN-26JUL18-T98,99° or above,99.0,999.0,1,2,98,99,647.03,high
62,2026-07-18T10:01:51Z,KDEN,2026-07-18,KXHIGHDEN-26JUL18-T91,90° or below,-999.0,90.0,1,2,98,99,570.06,high
63,2026-07-18T10:01:51Z,KDEN,2026-07-18,KXHIGHDEN-26JUL18-B97.5,97° to 98°,97.0,98.0,1,2,98,99,563.59,high
64,2026-07-18T10:01:51Z,KDEN,2026-07-18,KXHIGHDEN-26JUL18-B95.5,95° to 96°,95.0,96.0,25,26,74,75,1194.08,high
65,2026-07-18T10:01:51Z,KDEN,2026-07-18,KXHIGHDEN-26JUL18-B93.5,93° to 94°,93.0,94.0,43,44,56,57,1849.35,high
66,2026-07-18T10:01:51Z,KDEN,2026-07-18,KXHIGHDEN-26JUL18-B91.5,91° to 92°,91.0,92.0,28,29,71,72,1700.84,high
67,2026-07-18T10:01:51Z,KDEN,2026-07-18,KXLOWTDEN-26JUL18-T68,69° or above,69.0,999.0,0,1,99,100,278.12,low
68,2026-07-18T10:01:51Z,KDEN,2026-07-18,KXLOWTDEN-26JUL18-T61,60° or below,-999.0,60.0,49,50,50,51,564.03,low
69,2026-07-18T10:01:51Z,KDEN,2026-07-18,KXLOWTDEN-26JUL18-B67.5,67° to 68°,67.0,68.0,0,1,99,100,501.33,low
70,2026-07-18T10:01:51Z,KDEN,2026-07-18,KXLOWTDEN-26JUL18-B65.5,65° to 66°,65.0,66.0,4,7,93,96,737.59,low
71,2026-07-18T10:01:51Z,KDEN,2026-07-18,KXLOWTDEN-26JUL18-B63.5,63° to 64°,63.0,64.0,36,37,63,64,511.96,low
72,2026-07-18T10:01:51Z,KDEN,2026-07-18,KXLOWTDEN-26JUL18-B61.5,61° to 62°,61.0,62.0,15,16,84,85,396.02,low
49,2026-07-18T10:01:51Z,KDFW,2026-07-18,KXHIGHTDAL-26JUL18-T93,92° or below,-999.0,92.0,2,3,97,98,259.54,high
50,2026-07-18T10:01:51Z,KDFW,2026-07-18,KXHIGHTDAL-26JUL18-T100,101° or above,101.0,999.0,0,1,99,100,757.02,high
51,2026-07-18T10:01:51Z,KDFW,2026-07-18,KXHIGHTDAL-26JUL18-B99.5,99° to 100°,99.0,100.0,5,8,92,95,298.5,high
52,2026-07-18T10:01:51Z,KDFW,2026-07-18,KXHIGHTDAL-26JUL18-B97.5,97° to 98°,97.0,98.0,28,29,71,72,1479.66,high
53,2026-07-18T10:01:51Z,KDFW,2026-07-18,KXHIGHTDAL-26JUL18-B95.5,95° to 96°,95.0,96.0,36,38,62,64,5729.81,high
54,2026-07-18T10:01:51Z,KDFW,2026-07-18,KXHIGHTDAL-26JUL18-B93.5,93° to 94°,93.0,94.0,15,16,84,85,349.19,high
55,2026-07-18T10:01:51Z,KDFW,2026-07-18,KXLOWTDAL-26JUL18-T77,78° or above,78.0,999.0,66,75,25,34,1570.07,low
56,2026-07-18T10:01:51Z,KDFW,2026-07-18,KXLOWTDAL-26JUL18-T70,69° or below,-999.0,69.0,0,1,99,100,109.0,low
57,2026-07-18T10:01:51Z,KDFW,2026-07-18,KXLOWTDAL-26JUL18-B76.5,76° to 77°,76.0,77.0,25,32,68,75,1280.47,low
58,2026-07-18T10:01:51Z,KDFW,2026-07-18,KXLOWTDAL-26JUL18-B74.5,74° to 75°,74.0,75.0,1,2,98,99,664.94,low
59,2026-07-18T10:01:51Z,KDFW,2026-07-18,KXLOWTDAL-26JUL18-B72.5,72° to 73°,72.0,73.0,0,1,99,100,91.0,low
60,2026-07-18T10:01:51Z,KDFW,2026-07-18,KXLOWTDAL-26JUL18-B70.5,70° to 71°,70.0,71.0,0,2,98,100,94.15,low
73,2026-07-18T10:01:51Z,KIAH,2026-07-18,KXHIGHTHOU-26JUL18-T93,92° or below,-999.0,92.0,1,2,98,99,943.98,high
74,2026-07-18T10:01:51Z,KIAH,2026-07-18,KXHIGHTHOU-26JUL18-T100,101° or above,101.0,999.0,0,1,99,100,1412.02,high
75,2026-07-18T10:01:51Z,KIAH,2026-07-18,KXHIGHTHOU-26JUL18-B99.5,99° to 100°,99.0,100.0,0,1,99,100,130.02,high
76,2026-07-18T10:01:51Z,KIAH,2026-07-18,KXHIGHTHOU-26JUL18-B97.5,97° to 98°,97.0,98.0,16,17,83,84,534.92,high
77,2026-07-18T10:01:51Z,KIAH,2026-07-18,KXHIGHTHOU-26JUL18-B95.5,95° to 96°,95.0,96.0,43,49,51,57,1501.58,high
78,2026-07-18T10:01:51Z,KIAH,2026-07-18,KXHIGHTHOU-26JUL18-B93.5,93° to 94°,93.0,94.0,31,32,68,69,472.59,high
79,2026-07-18T10:01:51Z,KIAH,2026-07-18,KXLOWTHOU-26JUL18-T79,80° or above,80.0,999.0,21,23,77,79,816.47,low
80,2026-07-18T10:01:51Z,KIAH,2026-07-18,KXLOWTHOU-26JUL18-T72,71° or below,-999.0,71.0,1,2,98,99,61.0,low
81,2026-07-18T10:01:51Z,KIAH,2026-07-18,KXLOWTHOU-26JUL18-B78.5,78° to 79°,78.0,79.0,35,38,62,65,762.03,low
82,2026-07-18T10:01:51Z,KIAH,2026-07-18,KXLOWTHOU-26JUL18-B76.5,76° to 77°,76.0,77.0,27,33,67,73,417.16,low
83,2026-07-18T10:01:51Z,KIAH,2026-07-18,KXLOWTHOU-26JUL18-B74.5,74° to 75°,74.0,75.0,5,6,94,95,266.0,low
84,2026-07-18T10:01:51Z,KIAH,2026-07-18,KXLOWTHOU-26JUL18-B72.5,72° to 73°,72.0,73.0,1,2,98,99,170.0,low
85,2026-07-18T10:01:51Z,KLAS,2026-07-18,KXHIGHTLV-26JUL18-T107,108° or above,108.0,999.0,0,1,99,100,516.52,high
86,2026-07-18T10:01:51Z,KLAS,2026-07-18,KXHIGHTLV-26JUL18-T100,99° or below,-999.0,99.0,2,3,97,98,1519.94,high
87,2026-07-18T10:01:51Z,KLAS,2026-07-18,KXHIGHTLV-26JUL18-B106.5,106° to 107°,106.0,107.0,2,3,97,98,933.78,high
88,2026-07-18T10:01:51Z,KLAS,2026-07-18,KXHIGHTLV-26JUL18-B104.5,104° to 105°,104.0,105.0,28,29,71,72,1596.23,high
89,2026-07-18T10:01:51Z,KLAS,2026-07-18,KXHIGHTLV-26JUL18-B102.5,102° to 103°,102.0,103.0,57,60,40,43,1557.01,high
90,2026-07-18T10:01:51Z,KLAS,2026-07-18,KXHIGHTLV-26JUL18-B100.5,100° to 101°,100.0,101.0,11,12,88,89,1214.5,high
91,2026-07-18T10:01:51Z,KLAS,2026-07-18,KXLOWTLV-26JUL18-T84,85° or above,85.0,999.0,0,1,99,100,972.6,low
92,2026-07-18T10:01:51Z,KLAS,2026-07-18,KXLOWTLV-26JUL18-T77,76° or below,-999.0,76.0,8,14,86,92,1515.19,low
93,2026-07-18T10:01:51Z,KLAS,2026-07-18,KXLOWTLV-26JUL18-B83.5,83° to 84°,83.0,84.0,0,1,99,100,1478.24,low
94,2026-07-18T10:01:51Z,KLAS,2026-07-18,KXLOWTLV-26JUL18-B81.5,81° to 82°,81.0,82.0,16,26,74,84,1173.39,low
95,2026-07-18T10:01:51Z,KLAS,2026-07-18,KXLOWTLV-26JUL18-B79.5,79° to 80°,79.0,80.0,29,43,57,71,1294.18,low
96,2026-07-18T10:01:51Z,KLAS,2026-07-18,KXLOWTLV-26JUL18-B77.5,77° to 78°,77.0,78.0,21,32,68,79,1167.16,low
97,2026-07-18T10:01:51Z,KLAX,2026-07-18,KXHIGHLAX-26JUL18-T79,80° or above,80.0,999.0,72,73,27,28,28462.96,high
98,2026-07-18T10:01:51Z,KLAX,2026-07-18,KXHIGHLAX-26JUL18-T72,71° or below,-999.0,71.0,0,1,99,100,3055.82,high
99,2026-07-18T10:01:51Z,KLAX,2026-07-18,KXHIGHLAX-26JUL18-B78.5,78° to 79°,78.0,79.0,21,22,78,79,13682.35,high
100,2026-07-18T10:01:51Z,KLAX,2026-07-18,KXHIGHLAX-26JUL18-B76.5,76° to 77°,76.0,77.0,4,5,95,96,11834.16,high
101,2026-07-18T10:01:51Z,KLAX,2026-07-18,KXHIGHLAX-26JUL18-B74.5,74° to 75°,74.0,75.0,1,2,98,99,14530.34,high
102,2026-07-18T10:01:51Z,KLAX,2026-07-18,KXHIGHLAX-26JUL18-B72.5,72° to 73°,72.0,73.0,0,1,99,100,9410.6,high
103,2026-07-18T10:01:51Z,KLAX,2026-07-18,KXLOWTLAX-26JUL18-T69,70° or above,70.0,999.0,18,26,74,82,1207.21,low
104,2026-07-18T10:01:51Z,KLAX,2026-07-18,KXLOWTLAX-26JUL18-T62,61° or below,-999.0,61.0,0,1,99,100,192.02,low
105,2026-07-18T10:01:51Z,KLAX,2026-07-18,KXLOWTLAX-26JUL18-B68.5,68° to 69°,68.0,69.0,54,55,45,46,611.63,low
106,2026-07-18T10:01:51Z,KLAX,2026-07-18,KXLOWTLAX-26JUL18-B66.5,66° to 67°,66.0,67.0,11,13,87,89,347.44,low
107,2026-07-18T10:01:51Z,KLAX,2026-07-18,KXLOWTLAX-26JUL18-B64.5,64° to 65°,64.0,65.0,2,3,97,98,121.09,low
108,2026-07-18T10:01:51Z,KLAX,2026-07-18,KXLOWTLAX-26JUL18-B62.5,62° to 63°,62.0,63.0,2,3,97,98,284.32,low
37,2026-07-18T10:01:51Z,KMDW,2026-07-18,KXHIGHCHI-26JUL18-T96,97° or above,97.0,999.0,0,1,99,100,2673.56,high
38,2026-07-18T10:01:51Z,KMDW,2026-07-18,KXHIGHCHI-26JUL18-T89,88° or below,-999.0,88.0,22,23,77,78,5101.76,high
39,2026-07-18T10:01:51Z,KMDW,2026-07-18,KXHIGHCHI-26JUL18-B95.5,95° to 96°,95.0,96.0,1,2,98,99,858.89,high
40,2026-07-18T10:01:51Z,KMDW,2026-07-18,KXHIGHCHI-26JUL18-B93.5,93° to 94°,93.0,94.0,15,16,84,85,1999.94,high
41,2026-07-18T10:01:51Z,KMDW,2026-07-18,KXHIGHCHI-26JUL18-B91.5,91° to 92°,91.0,92.0,26,28,72,74,3024.1,high
42,2026-07-18T10:01:51Z,KMDW,2026-07-18,KXHIGHCHI-26JUL18-B89.5,89° to 90°,89.0,90.0,35,37,63,65,4722.57,high
43,2026-07-18T10:01:51Z,KMDW,2026-07-18,KXLOWTCHI-26JUL18-T74,75° or above,75.0,999.0,5,6,94,95,891.88,low
44,2026-07-18T10:01:51Z,KMDW,2026-07-18,KXLOWTCHI-26JUL18-T67,66° or below,-999.0,66.0,2,4,96,98,160.0,low
45,2026-07-18T10:01:51Z,KMDW,2026-07-18,KXLOWTCHI-26JUL18-B73.5,73° to 74°,73.0,74.0,16,21,79,84,576.67,low
46,2026-07-18T10:01:51Z,KMDW,2026-07-18,KXLOWTCHI-26JUL18-B71.5,71° to 72°,71.0,72.0,34,42,58,66,949.9,low
47,2026-07-18T10:01:51Z,KMDW,2026-07-18,KXLOWTCHI-26JUL18-B69.5,69° to 70°,69.0,70.0,32,34,66,68,507.73,low
48,2026-07-18T10:01:51Z,KMDW,2026-07-18,KXLOWTCHI-26JUL18-B67.5,67° to 68°,67.0,68.0,5,6,94,95,242.22,low
109,2026-07-18T10:01:51Z,KMIA,2026-07-18,KXHIGHMIA-26JUL18-T95,96° or above,96.0,999.0,1,2,98,99,1433.85,high
110,2026-07-18T10:01:51Z,KMIA,2026-07-18,KXHIGHMIA-26JUL18-T88,87° or below,-999.0,87.0,1,2,98,99,682.75,high
111,2026-07-18T10:01:51Z,KMIA,2026-07-18,KXHIGHMIA-26JUL18-B94.5,94° to 95°,94.0,95.0,6,7,93,94,2308.7,high
112,2026-07-18T10:01:51Z,KMIA,2026-07-18,KXHIGHMIA-26JUL18-B92.5,92° to 93°,92.0,93.0,49,50,50,51,4384.16,high
113,2026-07-18T10:01:51Z,KMIA,2026-07-18,KXHIGHMIA-26JUL18-B90.5,90° to 91°,90.0,91.0,41,42,58,59,5322.2,high
114,2026-07-18T10:01:51Z,KMIA,2026-07-18,KXHIGHMIA-26JUL18-B88.5,88° to 89°,88.0,89.0,6,7,93,94,1332.41,high
115,2026-07-18T10:01:51Z,KMIA,2026-07-18,KXLOWTMIA-26JUL18-T82,83° or above,83.0,999.0,0,1,99,100,479.28,low
116,2026-07-18T10:01:51Z,KMIA,2026-07-18,KXLOWTMIA-26JUL18-T75,74° or below,-999.0,74.0,1,7,93,99,713.06,low
117,2026-07-18T10:01:51Z,KMIA,2026-07-18,KXLOWTMIA-26JUL18-B81.5,81° to 82°,81.0,82.0,12,13,87,88,861.29,low
118,2026-07-18T10:01:51Z,KMIA,2026-07-18,KXLOWTMIA-26JUL18-B79.5,79° to 80°,79.0,80.0,49,52,48,51,899.15,low
119,2026-07-18T10:01:51Z,KMIA,2026-07-18,KXLOWTMIA-26JUL18-B77.5,77° to 78°,77.0,78.0,35,36,64,65,870.1,low
120,2026-07-18T10:01:51Z,KMIA,2026-07-18,KXLOWTMIA-26JUL18-B75.5,75° to 76°,75.0,76.0,4,8,92,96,618.11,low
121,2026-07-18T10:01:51Z,KMSP,2026-07-18,KXHIGHTMIN-26JUL18-T95,96° or above,96.0,999.0,1,2,98,99,374.26,high
122,2026-07-18T10:01:51Z,KMSP,2026-07-18,KXHIGHTMIN-26JUL18-T88,87° or below,-999.0,87.0,24,25,75,76,550.36,high
123,2026-07-18T10:01:51Z,KMSP,2026-07-18,KXHIGHTMIN-26JUL18-B94.5,94° to 95°,94.0,95.0,3,4,96,97,44.99,high
124,2026-07-18T10:01:51Z,KMSP,2026-07-18,KXHIGHTMIN-26JUL18-B92.5,92° to 93°,92.0,93.0,7,9,91,93,232.11,high
125,2026-07-18T10:01:51Z,KMSP,2026-07-18,KXHIGHTMIN-26JUL18-B90.5,90° to 91°,90.0,91.0,23,25,75,77,192.32,high
126,2026-07-18T10:01:51Z,KMSP,2026-07-18,KXHIGHTMIN-26JUL18-B88.5,88° to 89°,88.0,89.0,39,44,56,61,610.69,high
127,2026-07-18T10:01:51Z,KMSP,2026-07-18,KXLOWTMIN-26JUL18-T73,74° or above,74.0,999.0,0,1,99,100,1157.78,low
128,2026-07-18T10:01:51Z,KMSP,2026-07-18,KXLOWTMIN-26JUL18-T66,65° or below,-999.0,65.0,1,4,96,99,285.0,low
129,2026-07-18T10:01:51Z,KMSP,2026-07-18,KXLOWTMIN-26JUL18-B72.5,72° to 73°,72.0,73.0,49,63,37,51,953.34,low
130,2026-07-18T10:01:51Z,KMSP,2026-07-18,KXLOWTMIN-26JUL18-B70.5,70° to 71°,70.0,71.0,21,28,72,79,728.15,low
131,2026-07-18T10:01:51Z,KMSP,2026-07-18,KXLOWTMIN-26JUL18-B68.5,68° to 69°,68.0,69.0,4,5,95,96,140.38,low
132,2026-07-18T10:01:51Z,KMSP,2026-07-18,KXLOWTMIN-26JUL18-B66.5,66° to 67°,66.0,67.0,2,4,96,98,37.0,low
133,2026-07-18T10:01:51Z,KMSY,2026-07-18,KXHIGHTNOLA-26JUL18-T94,93° or below,-999.0,93.0,28,29,71,72,1357.8,high
134,2026-07-18T10:01:51Z,KMSY,2026-07-18,KXHIGHTNOLA-26JUL18-T101,102° or above,102.0,999.0,0,1,99,100,267.02,high
135,2026-07-18T10:01:51Z,KMSY,2026-07-18,KXHIGHTNOLA-26JUL18-B98.5,98° to 99°,98.0,99.0,1,2,98,99,737.42,high
136,2026-07-18T10:01:51Z,KMSY,2026-07-18,KXHIGHTNOLA-26JUL18-B96.5,96° to 97°,96.0,97.0,29,32,68,71,645.12,high
137,2026-07-18T10:01:51Z,KMSY,2026-07-18,KXHIGHTNOLA-26JUL18-B94.5,94° to 95°,94.0,95.0,41,43,57,59,741.53,high
138,2026-07-18T10:01:51Z,KMSY,2026-07-18,KXHIGHTNOLA-26JUL18-B100.5,100° to 101°,100.0,101.0,0,1,99,100,90.0,high
139,2026-07-18T10:01:51Z,KMSY,2026-07-18,KXLOWTNOLA-26JUL18-T79,80° or above,80.0,999.0,23,39,61,77,1129.63,low
140,2026-07-18T10:01:51Z,KMSY,2026-07-18,KXLOWTNOLA-26JUL18-T72,71° or below,-999.0,71.0,1,2,98,99,77.82,low
141,2026-07-18T10:01:51Z,KMSY,2026-07-18,KXLOWTNOLA-26JUL18-B78.5,78° to 79°,78.0,79.0,48,50,50,52,767.66,low
142,2026-07-18T10:01:51Z,KMSY,2026-07-18,KXLOWTNOLA-26JUL18-B76.5,76° to 77°,76.0,77.0,14,17,83,86,906.15,low
143,2026-07-18T10:01:51Z,KMSY,2026-07-18,KXLOWTNOLA-26JUL18-B74.5,74° to 75°,74.0,75.0,2,13,87,98,42.82,low
144,2026-07-18T10:01:51Z,KMSY,2026-07-18,KXLOWTNOLA-26JUL18-B72.5,72° to 73°,72.0,73.0,1,2,98,99,73.82,low
145,2026-07-18T10:01:51Z,KNYC,2026-07-18,KXHIGHNY-26JUL18-T86,87° or above,87.0,999.0,1,2,98,99,11073.72,high
146,2026-07-18T10:01:51Z,KNYC,2026-07-18,KXHIGHNY-26JUL18-T79,78° or below,-999.0,78.0,28,29,71,72,18976.31,high
147,2026-07-18T10:01:51Z,KNYC,2026-07-18,KXHIGHNY-26JUL18-B85.5,85° to 86°,85.0,86.0,1,2,98,99,5964.78,high
148,2026-07-18T10:01:51Z,KNYC,2026-07-18,KXHIGHNY-26JUL18-B83.5,83° to 84°,83.0,84.0,4,6,94,96,6163.75,high
149,2026-07-18T10:01:51Z,KNYC,2026-07-18,KXHIGHNY-26JUL18-B81.5,81° to 82°,81.0,82.0,18,20,80,82,9108.92,high
150,2026-07-18T10:01:51Z,KNYC,2026-07-18,KXHIGHNY-26JUL18-B79.5,79° to 80°,79.0,80.0,47,48,52,53,10417.66,high
151,2026-07-18T10:01:51Z,KNYC,2026-07-18,KXLOWTNYC-26JUL18-T75,76° or above,76.0,999.0,0,1,99,100,2976.8,low
152,2026-07-18T10:01:51Z,KNYC,2026-07-18,KXLOWTNYC-26JUL18-T68,67° or below,-999.0,67.0,16,18,82,84,3212.79,low
153,2026-07-18T10:01:51Z,KNYC,2026-07-18,KXLOWTNYC-26JUL18-B74.5,74° to 75°,74.0,75.0,0,1,99,100,2269.52,low
154,2026-07-18T10:01:51Z,KNYC,2026-07-18,KXLOWTNYC-26JUL18-B72.5,72° to 73°,72.0,73.0,33,37,63,67,3378.67,low
155,2026-07-18T10:01:51Z,KNYC,2026-07-18,KXLOWTNYC-26JUL18-B70.5,70° to 71°,70.0,71.0,27,28,72,73,2591.56,low
156,2026-07-18T10:01:51Z,KNYC,2026-07-18,KXLOWTNYC-26JUL18-B68.5,68° to 69°,68.0,69.0,25,30,70,75,3988.53,low
157,2026-07-18T10:01:51Z,KOKC,2026-07-18,KXHIGHTOKC-26JUL18-T97,98° or above,98.0,999.0,1,2,98,99,1098.02,high
158,2026-07-18T10:01:51Z,KOKC,2026-07-18,KXHIGHTOKC-26JUL18-T90,89° or below,-999.0,89.0,9,10,90,91,949.25,high
159,2026-07-18T10:01:51Z,KOKC,2026-07-18,KXHIGHTOKC-26JUL18-B96.5,96° to 97°,96.0,97.0,2,3,97,98,269.05,high
160,2026-07-18T10:01:51Z,KOKC,2026-07-18,KXHIGHTOKC-26JUL18-B94.5,94° to 95°,94.0,95.0,13,14,86,87,744.64,high
161,2026-07-18T10:01:51Z,KOKC,2026-07-18,KXHIGHTOKC-26JUL18-B92.5,92° to 93°,92.0,93.0,43,44,56,57,615.19,high
162,2026-07-18T10:01:51Z,KOKC,2026-07-18,KXHIGHTOKC-26JUL18-B90.5,90° to 91°,90.0,91.0,32,33,67,68,920.71,high
163,2026-07-18T10:01:51Z,KOKC,2026-07-18,KXLOWTOKC-26JUL18-T73,74° or above,74.0,999.0,0,1,99,100,990.96,low
164,2026-07-18T10:01:51Z,KOKC,2026-07-18,KXLOWTOKC-26JUL18-T66,65° or below,-999.0,65.0,1,2,98,99,53.0,low
165,2026-07-18T10:01:51Z,KOKC,2026-07-18,KXLOWTOKC-26JUL18-B72.5,72° to 73°,72.0,73.0,0,1,99,100,1269.44,low
166,2026-07-18T10:01:51Z,KOKC,2026-07-18,KXLOWTOKC-26JUL18-B70.5,70° to 71°,70.0,71.0,49,79,21,51,605.57,low
167,2026-07-18T10:01:51Z,KOKC,2026-07-18,KXLOWTOKC-26JUL18-B68.5,68° to 69°,68.0,69.0,20,24,76,80,393.72,low
168,2026-07-18T10:01:51Z,KOKC,2026-07-18,KXLOWTOKC-26JUL18-B66.5,66° to 67°,66.0,67.0,2,3,97,98,33.03,low
169,2026-07-18T10:01:51Z,KPHL,2026-07-18,KXHIGHPHIL-26JUL18-T89,90° or above,90.0,999.0,29,34,66,71,5055.27,high
170,2026-07-18T10:01:51Z,KPHL,2026-07-18,KXHIGHPHIL-26JUL18-T82,81° or below,-999.0,81.0,5,6,94,95,2386.91,high
171,2026-07-18T10:01:51Z,KPHL,2026-07-18,KXHIGHPHIL-26JUL18-B88.5,88° to 89°,88.0,89.0,20,22,78,80,723.41,high
172,2026-07-18T10:01:51Z,KPHL,2026-07-18,KXHIGHPHIL-26JUL18-B86.5,86° to 87°,86.0,87.0,11,12,88,89,1429.85,high
173,2026-07-18T10:01:51Z,KPHL,2026-07-18,KXHIGHPHIL-26JUL18-B84.5,84° to 85°,84.0,85.0,17,24,76,83,1317.86,high
174,2026-07-18T10:01:51Z,KPHL,2026-07-18,KXHIGHPHIL-26JUL18-B82.5,82° to 83°,82.0,83.0,13,14,86,87,2057.94,high
175,2026-07-18T10:01:51Z,KPHL,2026-07-18,KXLOWTPHIL-26JUL18-T73,74° or above,74.0,999.0,32,34,66,68,597.6,low
176,2026-07-18T10:01:51Z,KPHL,2026-07-18,KXLOWTPHIL-26JUL18-T66,65° or below,-999.0,65.0,1,3,97,99,570.09,low
177,2026-07-18T10:01:51Z,KPHL,2026-07-18,KXLOWTPHIL-26JUL18-B72.5,72° to 73°,72.0,73.0,41,45,55,59,682.42,low
178,2026-07-18T10:01:51Z,KPHL,2026-07-18,KXLOWTPHIL-26JUL18-B70.5,70° to 71°,70.0,71.0,4,5,95,96,776.89,low
179,2026-07-18T10:01:51Z,KPHL,2026-07-18,KXLOWTPHIL-26JUL18-B68.5,68° to 69°,68.0,69.0,11,14,86,89,768.18,low
180,2026-07-18T10:01:51Z,KPHL,2026-07-18,KXLOWTPHIL-26JUL18-B66.5,66° to 67°,66.0,67.0,5,7,93,95,352.69,low
181,2026-07-18T10:01:51Z,KPHX,2026-07-18,KXHIGHTPHX-26JUL18-T95,94° or below,-999.0,94.0,18,19,81,82,1147.41,high
182,2026-07-18T10:01:51Z,KPHX,2026-07-18,KXHIGHTPHX-26JUL18-T102,103° or above,103.0,999.0,1,2,98,99,2513.9,high
183,2026-07-18T10:01:51Z,KPHX,2026-07-18,KXHIGHTPHX-26JUL18-B99.5,99° to 100°,99.0,100.0,17,19,81,83,1554.68,high
184,2026-07-18T10:01:51Z,KPHX,2026-07-18,KXHIGHTPHX-26JUL18-B97.5,97° to 98°,97.0,98.0,38,40,60,62,1484.5,high
185,2026-07-18T10:01:51Z,KPHX,2026-07-18,KXHIGHTPHX-26JUL18-B95.5,95° to 96°,95.0,96.0,16,19,81,84,970.98,high
186,2026-07-18T10:01:51Z,KPHX,2026-07-18,KXHIGHTPHX-26JUL18-B101.5,101° to 102°,101.0,102.0,9,10,90,91,1170.87,high
187,2026-07-18T10:01:51Z,KPHX,2026-07-18,KXLOWTPHX-26JUL18-T83,84° or above,84.0,999.0,56,61,39,44,1963.46,low
188,2026-07-18T10:01:51Z,KPHX,2026-07-18,KXLOWTPHX-26JUL18-T76,75° or below,-999.0,75.0,3,4,96,97,145.86,low
189,2026-07-18T10:01:51Z,KPHX,2026-07-18,KXLOWTPHX-26JUL18-B82.5,82° to 83°,82.0,83.0,18,27,73,82,1288.11,low
190,2026-07-18T10:01:51Z,KPHX,2026-07-18,KXLOWTPHX-26JUL18-B80.5,80° to 81°,80.0,81.0,7,9,91,93,1237.15,low
191,2026-07-18T10:01:51Z,KPHX,2026-07-18,KXLOWTPHX-26JUL18-B78.5,78° to 79°,78.0,79.0,6,7,93,94,1240.81,low
192,2026-07-18T10:01:51Z,KPHX,2026-07-18,KXLOWTPHX-26JUL18-B76.5,76° to 77°,76.0,77.0,8,9,91,92,569.51,low
193,2026-07-18T10:01:51Z,KSAT,2026-07-18,KXHIGHTSATX-26JUL18-T96,97° or above,97.0,999.0,2,3,97,98,706.82,high
194,2026-07-18T10:01:51Z,KSAT,2026-07-18,KXHIGHTSATX-26JUL18-T89,88° or below,-999.0,88.0,0,2,98,100,769.32,high
195,2026-07-18T10:01:51Z,KSAT,2026-07-18,KXHIGHTSATX-26JUL18-B95.5,95° to 96°,95.0,96.0,22,23,77,78,901.33,high
196,2026-07-18T10:01:51Z,KSAT,2026-07-18,KXHIGHTSATX-26JUL18-B93.5,93° to 94°,93.0,94.0,47,48,52,53,798.91,high
197,2026-07-18T10:01:51Z,KSAT,2026-07-18,KXHIGHTSATX-26JUL18-B91.5,91° to 92°,91.0,92.0,28,29,71,72,1031.21,high
198,2026-07-18T10:01:51Z,KSAT,2026-07-18,KXHIGHTSATX-26JUL18-B89.5,89° to 90°,89.0,90.0,3,4,96,97,718.41,high
199,2026-07-18T10:01:51Z,KSAT,2026-07-18,KXLOWTSATX-26JUL18-T77,78° or above,78.0,999.0,70,74,26,30,374.65,low
200,2026-07-18T10:01:51Z,KSAT,2026-07-18,KXLOWTSATX-26JUL18-T70,69° or below,-999.0,69.0,0,2,98,100,83.0,low
201,2026-07-18T10:01:51Z,KSAT,2026-07-18,KXLOWTSATX-26JUL18-B76.5,76° to 77°,76.0,77.0,18,27,73,82,266.34,low
202,2026-07-18T10:01:51Z,KSAT,2026-07-18,KXLOWTSATX-26JUL18-B74.5,74° to 75°,74.0,75.0,4,5,95,96,68.03,low
203,2026-07-18T10:01:51Z,KSAT,2026-07-18,KXLOWTSATX-26JUL18-B72.5,72° to 73°,72.0,73.0,2,4,96,98,1.0,low
204,2026-07-18T10:01:51Z,KSAT,2026-07-18,KXLOWTSATX-26JUL18-B70.5,70° to 71°,70.0,71.0,0,4,96,100,58.0,low
217,2026-07-18T10:01:51Z,KSEA,2026-07-18,KXHIGHTSEA-26JUL18-T81,82° or above,82.0,999.0,0,1,99,100,1193.02,high
218,2026-07-18T10:01:51Z,KSEA,2026-07-18,KXHIGHTSEA-26JUL18-T74,73° or below,-999.0,73.0,11,13,87,89,662.3,high
219,2026-07-18T10:01:51Z,KSEA,2026-07-18,KXHIGHTSEA-26JUL18-B80.5,80° to 81°,80.0,81.0,3,4,96,97,215.0,high
220,2026-07-18T10:01:51Z,KSEA,2026-07-18,KXHIGHTSEA-26JUL18-B78.5,78° to 79°,78.0,79.0,15,16,84,85,127.57,high
221,2026-07-18T10:01:51Z,KSEA,2026-07-18,KXHIGHTSEA-26JUL18-B76.5,76° to 77°,76.0,77.0,38,39,61,62,396.75,high
222,2026-07-18T10:01:51Z,KSEA,2026-07-18,KXHIGHTSEA-26JUL18-B74.5,74° to 75°,74.0,75.0,33,34,66,67,723.69,high
223,2026-07-18T10:01:51Z,KSEA,2026-07-18,KXLOWTSEA-26JUL18-T58,59° or above,59.0,999.0,0,1,99,100,656.82,low
224,2026-07-18T10:01:51Z,KSEA,2026-07-18,KXLOWTSEA-26JUL18-T51,50° or below,-999.0,50.0,0,1,99,100,206.03,low
225,2026-07-18T10:01:51Z,KSEA,2026-07-18,KXLOWTSEA-26JUL18-B57.5,57° to 58°,57.0,58.0,55,57,43,45,581.16,low
226,2026-07-18T10:01:51Z,KSEA,2026-07-18,KXLOWTSEA-26JUL18-B55.5,55° to 56°,55.0,56.0,38,39,61,62,133.07,low
227,2026-07-18T10:01:51Z,KSEA,2026-07-18,KXLOWTSEA-26JUL18-B53.5,53° to 54°,53.0,54.0,3,4,96,97,360.03,low
228,2026-07-18T10:01:51Z,KSEA,2026-07-18,KXLOWTSEA-26JUL18-B51.5,51° to 52°,51.0,52.0,0,1,99,100,134.0,low
205,2026-07-18T10:01:51Z,KSFO,2026-07-18,KXHIGHTSFO-26JUL18-T72,73° or above,73.0,999.0,2,3,97,98,2509.17,high
206,2026-07-18T10:01:51Z,KSFO,2026-07-18,KXHIGHTSFO-26JUL18-T65,64° or below,-999.0,64.0,2,3,97,98,1622.96,high
207,2026-07-18T10:01:51Z,KSFO,2026-07-18,KXHIGHTSFO-26JUL18-B71.5,71° to 72°,71.0,72.0,8,10,90,92,601.81,high
208,2026-07-18T10:01:51Z,KSFO,2026-07-18,KXHIGHTSFO-26JUL18-B69.5,69° to 70°,69.0,70.0,37,39,61,63,3128.73,high
209,2026-07-18T10:01:51Z,KSFO,2026-07-18,KXHIGHTSFO-26JUL18-B67.5,67° to 68°,67.0,68.0,35,36,64,65,2016.57,high
210,2026-07-18T10:01:51Z,KSFO,2026-07-18,KXHIGHTSFO-26JUL18-B65.5,65° to 66°,65.0,66.0,16,17,83,84,2192.08,high
211,2026-07-18T10:01:51Z,KSFO,2026-07-18,KXLOWTSFO-26JUL18-T57,58° or above,58.0,999.0,4,5,95,96,175.0,low
212,2026-07-18T10:01:51Z,KSFO,2026-07-18,KXLOWTSFO-26JUL18-T50,49° or below,-999.0,49.0,0,1,99,100,49.02,low
213,2026-07-18T10:01:51Z,KSFO,2026-07-18,KXLOWTSFO-26JUL18-B56.5,56° to 57°,56.0,57.0,51,52,48,49,428.45,low
214,2026-07-18T10:01:51Z,KSFO,2026-07-18,KXLOWTSFO-26JUL18-B54.5,54° to 55°,54.0,55.0,36,38,62,64,300.11,low
215,2026-07-18T10:01:51Z,KSFO,2026-07-18,KXLOWTSFO-26JUL18-B52.5,52° to 53°,52.0,53.0,4,5,95,96,280.0,low
216,2026-07-18T10:01:51Z,KSFO,2026-07-18,KXLOWTSFO-26JUL18-B50.5,50° to 51°,50.0,51.0,1,2,98,99,8.0,low
