id,run_at,icao,target_date,ticker,label,bucket_low,bucket_high,yes_bid,yes_ask,no_bid,no_ask,volume,market_type
1,2026-09-02T00:58:41Z,KATL,2026-09-02,KXHIGHTATL-26SEP02-T93,92° or below,-999.0,92.0,0,1,99,100,628.0,high
2,2026-09-02T00:58:41Z,KATL,2026-09-02,KXHIGHTATL-26SEP02-T100,101° or above,101.0,999.0,1,2,98,99,806.65,high
3,2026-09-02T00:58:41Z,KATL,2026-09-02,KXHIGHTATL-26SEP02-B99.5,99° to 100°,99.0,100.0,12,16,84,88,517.69,high
4,2026-09-02T00:58:41Z,KATL,2026-09-02,KXHIGHTATL-26SEP02-B97.5,97° to 98°,97.0,98.0,56,57,43,44,922.28,high
5,2026-09-02T00:58:41Z,KATL,2026-09-02,KXHIGHTATL-26SEP02-B95.5,95° to 96°,95.0,96.0,29,30,70,71,635.89,high
6,2026-09-02T00:58:41Z,KATL,2026-09-02,KXHIGHTATL-26SEP02-B93.5,93° to 94°,93.0,94.0,4,5,95,96,175.15,high
7,2026-09-02T00:58:41Z,KATL,2026-09-02,KXHIGHTATL-26SEP01-T98,99° or above,99.0,999.0,0,1,99,100,1330.95,high
8,2026-09-02T00:58:41Z,KATL,2026-09-02,KXHIGHTATL-26SEP01-T91,90° or below,-999.0,90.0,0,1,99,100,1034.6,high
9,2026-09-02T00:58:41Z,KATL,2026-09-02,KXHIGHTATL-26SEP01-B97.5,97° to 98°,97.0,98.0,0,1,99,100,3727.8,high
10,2026-09-02T00:58:41Z,KATL,2026-09-02,KXHIGHTATL-26SEP01-B95.5,95° to 96°,95.0,96.0,0,1,99,100,7063.02,high
11,2026-09-02T00:58:41Z,KATL,2026-09-02,KXHIGHTATL-26SEP01-B93.5,93° to 94°,93.0,94.0,99,100,0,1,6338.35,high
12,2026-09-02T00:58:41Z,KATL,2026-09-02,KXHIGHTATL-26SEP01-B91.5,91° to 92°,91.0,92.0,0,1,99,100,3359.32,high
13,2026-09-02T00:58:41Z,KATL,2026-09-02,KXLOWTATL-26SEP02-T77,78° or above,78.0,999.0,12,15,85,88,221.98,low
14,2026-09-02T00:58:41Z,KATL,2026-09-02,KXLOWTATL-26SEP02-T70,69° or below,-999.0,69.0,0,4,96,100,72.0,low
15,2026-09-02T00:58:41Z,KATL,2026-09-02,KXLOWTATL-26SEP02-B76.5,76° to 77°,76.0,77.0,50,54,46,50,570.5,low
16,2026-09-02T00:58:41Z,KATL,2026-09-02,KXLOWTATL-26SEP02-B74.5,74° to 75°,74.0,75.0,12,16,84,88,22.0,low
17,2026-09-02T00:58:41Z,KATL,2026-09-02,KXLOWTATL-26SEP02-B72.5,72° to 73°,72.0,73.0,7,9,91,93,222.0,low
18,2026-09-02T00:58:41Z,KATL,2026-09-02,KXLOWTATL-26SEP02-B70.5,70° to 71°,70.0,71.0,2,5,95,98,0.0,low
19,2026-09-02T00:58:41Z,KATL,2026-09-02,KXLOWTATL-26SEP01-T75,76° or above,76.0,999.0,96,99,1,4,3426.44,low
20,2026-09-02T00:58:41Z,KATL,2026-09-02,KXLOWTATL-26SEP01-T68,67° or below,-999.0,67.0,0,1,99,100,372.0,low
21,2026-09-02T00:58:41Z,KATL,2026-09-02,KXLOWTATL-26SEP01-B74.5,74° to 75°,74.0,75.0,0,4,96,100,803.87,low
22,2026-09-02T00:58:41Z,KATL,2026-09-02,KXLOWTATL-26SEP01-B72.5,72° to 73°,72.0,73.0,0,1,99,100,750.85,low
23,2026-09-02T00:58:41Z,KATL,2026-09-02,KXLOWTATL-26SEP01-B70.5,70° to 71°,70.0,71.0,0,4,96,100,176.0,low
24,2026-09-02T00:58:41Z,KATL,2026-09-02,KXLOWTATL-26SEP01-B68.5,68° to 69°,68.0,69.0,0,1,99,100,87.0,low
25,2026-09-02T00:58:41Z,KAUS,2026-09-02,KXHIGHAUS-26SEP02-T96,95° or below,-999.0,95.0,1,2,98,99,721.84,high
26,2026-09-02T00:58:41Z,KAUS,2026-09-02,KXHIGHAUS-26SEP02-T103,104° or above,104.0,999.0,1,2,98,99,809.07,high
27,2026-09-02T00:58:41Z,KAUS,2026-09-02,KXHIGHAUS-26SEP02-B98.5,98° to 99°,98.0,99.0,16,21,79,84,550.32,high
28,2026-09-02T00:58:41Z,KAUS,2026-09-02,KXHIGHAUS-26SEP02-B96.5,96° to 97°,96.0,97.0,3,4,96,97,621.22,high
29,2026-09-02T00:58:41Z,KAUS,2026-09-02,KXHIGHAUS-26SEP02-B102.5,102° to 103°,102.0,103.0,25,26,74,75,1208.86,high
30,2026-09-02T00:58:41Z,KAUS,2026-09-02,KXHIGHAUS-26SEP02-B100.5,100° to 101°,100.0,101.0,51,52,48,49,1036.95,high
31,2026-09-02T00:58:41Z,KAUS,2026-09-02,KXHIGHAUS-26SEP01-T96,95° or below,-999.0,95.0,0,1,99,100,3764.61,high
32,2026-09-02T00:58:41Z,KAUS,2026-09-02,KXHIGHAUS-26SEP01-T103,104° or above,104.0,999.0,0,1,99,100,914.03,high
33,2026-09-02T00:58:41Z,KAUS,2026-09-02,KXHIGHAUS-26SEP01-B98.5,98° to 99°,98.0,99.0,0,1,99,100,9268.58,high
34,2026-09-02T00:58:41Z,KAUS,2026-09-02,KXHIGHAUS-26SEP01-B96.5,96° to 97°,96.0,97.0,0,1,99,100,7740.47,high
35,2026-09-02T00:58:41Z,KAUS,2026-09-02,KXHIGHAUS-26SEP01-B102.5,102° to 103°,102.0,103.0,0,1,99,100,7006.26,high
36,2026-09-02T00:58:41Z,KAUS,2026-09-02,KXHIGHAUS-26SEP01-B100.5,100° to 101°,100.0,101.0,99,100,0,1,13000.19,high
37,2026-09-02T00:58:41Z,KAUS,2026-09-02,KXLOWTAUS-26SEP02-T78,79° or above,79.0,999.0,2,6,94,98,68.0,low
38,2026-09-02T00:58:41Z,KAUS,2026-09-02,KXLOWTAUS-26SEP02-T71,70° or below,-999.0,70.0,0,2,98,100,399.0,low
39,2026-09-02T00:58:41Z,KAUS,2026-09-02,KXLOWTAUS-26SEP02-B77.5,77° to 78°,77.0,78.0,9,16,84,91,55.0,low
40,2026-09-02T00:58:41Z,KAUS,2026-09-02,KXLOWTAUS-26SEP02-B75.5,75° to 76°,75.0,76.0,33,43,57,67,122.01,low
41,2026-09-02T00:58:41Z,KAUS,2026-09-02,KXLOWTAUS-26SEP02-B73.5,73° to 74°,73.0,74.0,26,27,73,74,49.62,low
42,2026-09-02T00:58:41Z,KAUS,2026-09-02,KXLOWTAUS-26SEP02-B71.5,71° to 72°,71.0,72.0,11,20,80,89,131.0,low
43,2026-09-02T00:58:41Z,KAUS,2026-09-02,KXLOWTAUS-26SEP01-T78,79° or above,79.0,999.0,0,1,99,100,460.01,low
44,2026-09-02T00:58:41Z,KAUS,2026-09-02,KXLOWTAUS-26SEP01-T71,70° or below,-999.0,70.0,0,1,99,100,117.99,low
45,2026-09-02T00:58:41Z,KAUS,2026-09-02,KXLOWTAUS-26SEP01-B77.5,77° to 78°,77.0,78.0,0,1,99,100,744.74,low
46,2026-09-02T00:58:41Z,KAUS,2026-09-02,KXLOWTAUS-26SEP01-B75.5,75° to 76°,75.0,76.0,0,1,99,100,1401.14,low
47,2026-09-02T00:58:41Z,KAUS,2026-09-02,KXLOWTAUS-26SEP01-B73.5,73° to 74°,73.0,74.0,98,99,1,2,2067.72,low
48,2026-09-02T00:58:41Z,KAUS,2026-09-02,KXLOWTAUS-26SEP01-B71.5,71° to 72°,71.0,72.0,0,2,98,100,839.59,low
49,2026-09-02T00:58:41Z,KBOS,2026-09-02,KXHIGHTBOS-26SEP02-T77,78° or above,78.0,999.0,0,2,98,100,669.86,high
50,2026-09-02T00:58:41Z,KBOS,2026-09-02,KXHIGHTBOS-26SEP02-T70,69° or below,-999.0,69.0,5,6,94,95,23.84,high
51,2026-09-02T00:58:41Z,KBOS,2026-09-02,KXHIGHTBOS-26SEP02-B76.5,76° to 77°,76.0,77.0,1,3,97,99,232.0,high
52,2026-09-02T00:58:41Z,KBOS,2026-09-02,KXHIGHTBOS-26SEP02-B74.5,74° to 75°,74.0,75.0,8,9,91,92,2.0,high
53,2026-09-02T00:58:41Z,KBOS,2026-09-02,KXHIGHTBOS-26SEP02-B72.5,72° to 73°,72.0,73.0,44,45,55,56,230.0,high
54,2026-09-02T00:58:41Z,KBOS,2026-09-02,KXHIGHTBOS-26SEP02-B70.5,70° to 71°,70.0,71.0,31,32,68,69,227.36,high
55,2026-09-02T00:58:41Z,KBOS,2026-09-02,KXHIGHTBOS-26SEP01-T75,76° or above,76.0,999.0,0,1,99,100,979.99,high
56,2026-09-02T00:58:41Z,KBOS,2026-09-02,KXHIGHTBOS-26SEP01-T68,67° or below,-999.0,67.0,0,1,99,100,2784.96,high
57,2026-09-02T00:58:41Z,KBOS,2026-09-02,KXHIGHTBOS-26SEP01-B74.5,74° to 75°,74.0,75.0,0,1,99,100,2511.18,high
58,2026-09-02T00:58:41Z,KBOS,2026-09-02,KXHIGHTBOS-26SEP01-B72.5,72° to 73°,72.0,73.0,0,1,99,100,4177.67,high
59,2026-09-02T00:58:41Z,KBOS,2026-09-02,KXHIGHTBOS-26SEP01-B70.5,70° to 71°,70.0,71.0,0,1,99,100,4868.38,high
60,2026-09-02T00:58:41Z,KBOS,2026-09-02,KXHIGHTBOS-26SEP01-B68.5,68° to 69°,68.0,69.0,99,100,0,1,11542.03,high
61,2026-09-02T00:58:41Z,KBOS,2026-09-02,KXLOWTBOS-26SEP02-T66,67° or above,67.0,999.0,2,5,95,98,0.0,low
62,2026-09-02T00:58:41Z,KBOS,2026-09-02,KXLOWTBOS-26SEP02-T59,58° or below,-999.0,58.0,0,5,95,100,601.63,low
63,2026-09-02T00:58:41Z,KBOS,2026-09-02,KXLOWTBOS-26SEP02-B65.5,65° to 66°,65.0,66.0,22,30,70,78,420.65,low
64,2026-09-02T00:58:41Z,KBOS,2026-09-02,KXLOWTBOS-26SEP02-B63.5,63° to 64°,63.0,64.0,35,39,61,65,113.0,low
65,2026-09-02T00:58:41Z,KBOS,2026-09-02,KXLOWTBOS-26SEP02-B61.5,61° to 62°,61.0,62.0,15,24,76,85,158.71,low
66,2026-09-02T00:58:41Z,KBOS,2026-09-02,KXLOWTBOS-26SEP02-B59.5,59° to 60°,59.0,60.0,2,8,92,98,129.91,low
67,2026-09-02T00:58:41Z,KBOS,2026-09-02,KXLOWTBOS-26SEP01-T69,70° or above,70.0,999.0,0,1,99,100,96.99,low
68,2026-09-02T00:58:41Z,KBOS,2026-09-02,KXLOWTBOS-26SEP01-T62,61° or below,-999.0,61.0,6,9,91,94,592.48,low
69,2026-09-02T00:58:41Z,KBOS,2026-09-02,KXLOWTBOS-26SEP01-B68.5,68° to 69°,68.0,69.0,0,1,99,100,156.99,low
70,2026-09-02T00:58:41Z,KBOS,2026-09-02,KXLOWTBOS-26SEP01-B66.5,66° to 67°,66.0,67.0,0,1,99,100,604.99,low
71,2026-09-02T00:58:41Z,KBOS,2026-09-02,KXLOWTBOS-26SEP01-B64.5,64° to 65°,64.0,65.0,73,74,26,27,1147.39,low
72,2026-09-02T00:58:41Z,KBOS,2026-09-02,KXLOWTBOS-26SEP01-B62.5,62° to 63°,62.0,63.0,22,25,75,78,491.72,low
457,2026-09-02T00:58:41Z,KDCA,2026-09-02,KXHIGHTDC-26SEP02-T94,95° or above,95.0,999.0,9,11,89,91,418.58,high
458,2026-09-02T00:58:41Z,KDCA,2026-09-02,KXHIGHTDC-26SEP02-T87,86° or below,-999.0,86.0,17,18,82,83,670.77,high
459,2026-09-02T00:58:41Z,KDCA,2026-09-02,KXHIGHTDC-26SEP02-B93.5,93° to 94°,93.0,94.0,18,19,81,82,669.49,high
460,2026-09-02T00:58:41Z,KDCA,2026-09-02,KXHIGHTDC-26SEP02-B91.5,91° to 92°,91.0,92.0,21,24,76,79,539.53,high
461,2026-09-02T00:58:41Z,KDCA,2026-09-02,KXHIGHTDC-26SEP02-B89.5,89° to 90°,89.0,90.0,19,21,79,81,459.36,high
462,2026-09-02T00:58:41Z,KDCA,2026-09-02,KXHIGHTDC-26SEP02-B87.5,87° to 88°,87.0,88.0,17,18,82,83,570.74,high
463,2026-09-02T00:58:41Z,KDCA,2026-09-02,KXHIGHTDC-26SEP01-T94,93° or below,-999.0,93.0,0,1,99,100,27803.38,high
464,2026-09-02T00:58:41Z,KDCA,2026-09-02,KXHIGHTDC-26SEP01-T101,102° or above,102.0,999.0,0,1,99,100,1945.93,high
465,2026-09-02T00:58:41Z,KDCA,2026-09-02,KXHIGHTDC-26SEP01-B98.5,98° to 99°,98.0,99.0,99,100,0,1,7818.05,high
466,2026-09-02T00:58:41Z,KDCA,2026-09-02,KXHIGHTDC-26SEP01-B96.5,96° to 97°,96.0,97.0,0,1,99,100,7530.57,high
467,2026-09-02T00:58:41Z,KDCA,2026-09-02,KXHIGHTDC-26SEP01-B94.5,94° to 95°,94.0,95.0,0,1,99,100,3948.27,high
468,2026-09-02T00:58:41Z,KDCA,2026-09-02,KXHIGHTDC-26SEP01-B100.5,100° to 101°,100.0,101.0,0,1,99,100,2759.76,high
469,2026-09-02T00:58:41Z,KDCA,2026-09-02,KXLOWTDC-26SEP02-T78,79° or above,79.0,999.0,3,12,88,97,155.0,low
470,2026-09-02T00:58:41Z,KDCA,2026-09-02,KXLOWTDC-26SEP02-T71,70° or below,-999.0,70.0,1,4,96,99,25.0,low
471,2026-09-02T00:58:41Z,KDCA,2026-09-02,KXLOWTDC-26SEP02-B77.5,77° to 78°,77.0,78.0,38,44,56,62,230.09,low
472,2026-09-02T00:58:41Z,KDCA,2026-09-02,KXLOWTDC-26SEP02-B75.5,75° to 76°,75.0,76.0,34,44,56,66,0.0,low
473,2026-09-02T00:58:41Z,KDCA,2026-09-02,KXLOWTDC-26SEP02-B73.5,73° to 74°,73.0,74.0,7,14,86,93,79.58,low
474,2026-09-02T00:58:41Z,KDCA,2026-09-02,KXLOWTDC-26SEP02-B71.5,71° to 72°,71.0,72.0,2,5,95,98,0.0,low
475,2026-09-02T00:58:41Z,KDCA,2026-09-02,KXLOWTDC-26SEP01-T76,77° or above,77.0,999.0,89,95,5,11,2213.55,low
476,2026-09-02T00:58:41Z,KDCA,2026-09-02,KXLOWTDC-26SEP01-T69,68° or below,-999.0,68.0,1,2,98,99,377.0,low
477,2026-09-02T00:58:41Z,KDCA,2026-09-02,KXLOWTDC-26SEP01-B75.5,75° to 76°,75.0,76.0,5,12,88,95,1481.95,low
478,2026-09-02T00:58:41Z,KDCA,2026-09-02,KXLOWTDC-26SEP01-B73.5,73° to 74°,73.0,74.0,1,2,98,99,641.69,low
479,2026-09-02T00:58:41Z,KDCA,2026-09-02,KXLOWTDC-26SEP01-B71.5,71° to 72°,71.0,72.0,0,2,98,100,99.02,low
480,2026-09-02T00:58:41Z,KDCA,2026-09-02,KXLOWTDC-26SEP01-B69.5,69° to 70°,69.0,70.0,0,2,98,100,99.02,low
121,2026-09-02T00:58:41Z,KDEN,2026-09-02,KXHIGHDEN-26SEP02-T94,95° or above,95.0,999.0,0,2,98,100,600.74,high
122,2026-09-02T00:58:41Z,KDEN,2026-09-02,KXHIGHDEN-26SEP02-T87,86° or below,-999.0,86.0,3,5,95,97,521.01,high
123,2026-09-02T00:58:41Z,KDEN,2026-09-02,KXHIGHDEN-26SEP02-B93.5,93° to 94°,93.0,94.0,2,3,97,98,41.67,high
124,2026-09-02T00:58:41Z,KDEN,2026-09-02,KXHIGHDEN-26SEP02-B91.5,91° to 92°,91.0,92.0,15,17,83,85,246.67,high
125,2026-09-02T00:58:41Z,KDEN,2026-09-02,KXHIGHDEN-26SEP02-B89.5,89° to 90°,89.0,90.0,51,54,46,49,346.1,high
126,2026-09-02T00:58:41Z,KDEN,2026-09-02,KXHIGHDEN-26SEP02-B87.5,87° to 88°,87.0,88.0,26,27,73,74,95.25,high
127,2026-09-02T00:58:41Z,KDEN,2026-09-02,KXHIGHDEN-26SEP01-T88,89° or above,89.0,999.0,0,1,99,100,8289.9,high
128,2026-09-02T00:58:41Z,KDEN,2026-09-02,KXHIGHDEN-26SEP01-T81,80° or below,-999.0,80.0,0,1,99,100,3636.69,high
129,2026-09-02T00:58:41Z,KDEN,2026-09-02,KXHIGHDEN-26SEP01-B87.5,87° to 88°,87.0,88.0,99,100,0,1,12879.7,high
130,2026-09-02T00:58:41Z,KDEN,2026-09-02,KXHIGHDEN-26SEP01-B85.5,85° to 86°,85.0,86.0,0,1,99,100,9276.22,high
131,2026-09-02T00:58:41Z,KDEN,2026-09-02,KXHIGHDEN-26SEP01-B83.5,83° to 84°,83.0,84.0,0,1,99,100,5647.97,high
132,2026-09-02T00:58:41Z,KDEN,2026-09-02,KXHIGHDEN-26SEP01-B81.5,81° to 82°,81.0,82.0,0,1,99,100,5569.22,high
133,2026-09-02T00:58:41Z,KDEN,2026-09-02,KXLOWTDEN-26SEP02-T61,62° or above,62.0,999.0,2,10,90,98,0.0,low
134,2026-09-02T00:58:41Z,KDEN,2026-09-02,KXLOWTDEN-26SEP02-T54,53° or below,-999.0,53.0,4,11,89,96,0.0,low
135,2026-09-02T00:58:41Z,KDEN,2026-09-02,KXLOWTDEN-26SEP02-B60.5,60° to 61°,60.0,61.0,12,18,82,88,182.0,low
136,2026-09-02T00:58:41Z,KDEN,2026-09-02,KXLOWTDEN-26SEP02-B58.5,58° to 59°,58.0,59.0,24,31,69,76,197.73,low
137,2026-09-02T00:58:41Z,KDEN,2026-09-02,KXLOWTDEN-26SEP02-B56.5,56° to 57°,56.0,57.0,24,31,69,76,27.0,low
138,2026-09-02T00:58:41Z,KDEN,2026-09-02,KXLOWTDEN-26SEP02-B54.5,54° to 55°,54.0,55.0,10,15,85,90,74.0,low
139,2026-09-02T00:58:41Z,KDEN,2026-09-02,KXLOWTDEN-26SEP01-T63,64° or above,64.0,999.0,0,1,99,100,773.0,low
140,2026-09-02T00:58:41Z,KDEN,2026-09-02,KXLOWTDEN-26SEP01-T56,55° or below,-999.0,55.0,1,4,96,99,760.97,low
141,2026-09-02T00:58:41Z,KDEN,2026-09-02,KXLOWTDEN-26SEP01-B62.5,62° to 63°,62.0,63.0,0,1,99,100,1339.36,low
142,2026-09-02T00:58:41Z,KDEN,2026-09-02,KXLOWTDEN-26SEP01-B60.5,60° to 61°,60.0,61.0,86,93,7,14,4497.07,low
143,2026-09-02T00:58:41Z,KDEN,2026-09-02,KXLOWTDEN-26SEP01-B58.5,58° to 59°,58.0,59.0,7,8,92,93,2238.27,low
144,2026-09-02T00:58:41Z,KDEN,2026-09-02,KXLOWTDEN-26SEP01-B56.5,56° to 57°,56.0,57.0,0,1,99,100,836.03,low
97,2026-09-02T00:58:41Z,KDFW,2026-09-02,KXHIGHTDAL-26SEP02-T96,95° or below,-999.0,95.0,15,17,83,85,200.04,high
98,2026-09-02T00:58:41Z,KDFW,2026-09-02,KXHIGHTDAL-26SEP02-T103,104° or above,104.0,999.0,0,1,99,100,350.0,high
99,2026-09-02T00:58:41Z,KDFW,2026-09-02,KXHIGHTDAL-26SEP02-B98.5,98° to 99°,98.0,99.0,31,33,67,69,852.18,high
100,2026-09-02T00:58:41Z,KDFW,2026-09-02,KXHIGHTDAL-26SEP02-B96.5,96° to 97°,96.0,97.0,41,42,58,59,1478.13,high
101,2026-09-02T00:58:41Z,KDFW,2026-09-02,KXHIGHTDAL-26SEP02-B102.5,102° to 103°,102.0,103.0,0,2,98,100,415.0,high
102,2026-09-02T00:58:41Z,KDFW,2026-09-02,KXHIGHTDAL-26SEP02-B100.5,100° to 101°,100.0,101.0,8,10,90,92,206.19,high
103,2026-09-02T00:58:41Z,KDFW,2026-09-02,KXHIGHTDAL-26SEP01-T98,97° or below,-999.0,97.0,0,1,99,100,3386.03,high
104,2026-09-02T00:58:41Z,KDFW,2026-09-02,KXHIGHTDAL-26SEP01-T105,106° or above,106.0,999.0,0,1,99,100,535.0,high
105,2026-09-02T00:58:41Z,KDFW,2026-09-02,KXHIGHTDAL-26SEP01-B98.5,98° to 99°,98.0,99.0,0,1,99,100,12459.65,high
106,2026-09-02T00:58:41Z,KDFW,2026-09-02,KXHIGHTDAL-26SEP01-B104.5,104° to 105°,104.0,105.0,0,1,99,100,610.91,high
107,2026-09-02T00:58:41Z,KDFW,2026-09-02,KXHIGHTDAL-26SEP01-B102.5,102° to 103°,102.0,103.0,0,1,99,100,3719.33,high
108,2026-09-02T00:58:41Z,KDFW,2026-09-02,KXHIGHTDAL-26SEP01-B100.5,100° to 101°,100.0,101.0,99,100,0,1,10457.88,high
109,2026-09-02T00:58:41Z,KDFW,2026-09-02,KXLOWTDAL-26SEP02-T80,81° or above,81.0,999.0,17,22,78,83,201.85,low
110,2026-09-02T00:58:41Z,KDFW,2026-09-02,KXLOWTDAL-26SEP02-T73,72° or below,-999.0,72.0,0,2,98,100,81.0,low
111,2026-09-02T00:58:41Z,KDFW,2026-09-02,KXLOWTDAL-26SEP02-B79.5,79° to 80°,79.0,80.0,44,51,49,56,717.58,low
112,2026-09-02T00:58:41Z,KDFW,2026-09-02,KXLOWTDAL-26SEP02-B77.5,77° to 78°,77.0,78.0,27,34,66,73,164.0,low
113,2026-09-02T00:58:41Z,KDFW,2026-09-02,KXLOWTDAL-26SEP02-B75.5,75° to 76°,75.0,76.0,3,6,94,97,9.0,low
114,2026-09-02T00:58:41Z,KDFW,2026-09-02,KXLOWTDAL-26SEP02-B73.5,73° to 74°,73.0,74.0,1,4,96,99,5.0,low
115,2026-09-02T00:58:41Z,KDFW,2026-09-02,KXLOWTDAL-26SEP01-T82,83° or above,83.0,999.0,0,1,99,100,362.75,low
116,2026-09-02T00:58:41Z,KDFW,2026-09-02,KXLOWTDAL-26SEP01-T75,74° or below,-999.0,74.0,1,2,98,99,333.12,low
117,2026-09-02T00:58:41Z,KDFW,2026-09-02,KXLOWTDAL-26SEP01-B81.5,81° to 82°,81.0,82.0,0,1,99,100,1053.15,low
118,2026-09-02T00:58:41Z,KDFW,2026-09-02,KXLOWTDAL-26SEP01-B79.5,79° to 80°,79.0,80.0,95,98,2,5,1381.02,low
119,2026-09-02T00:58:41Z,KDFW,2026-09-02,KXLOWTDAL-26SEP01-B77.5,77° to 78°,77.0,78.0,0,5,95,100,174.93,low
120,2026-09-02T00:58:41Z,KDFW,2026-09-02,KXLOWTDAL-26SEP01-B75.5,75° to 76°,75.0,76.0,1,2,98,99,86.0,low
145,2026-09-02T00:58:41Z,KIAH,2026-09-02,KXHIGHTHOU-26SEP02-T96,97° or above,97.0,999.0,0,1,99,100,652.21,high
146,2026-09-02T00:58:41Z,KIAH,2026-09-02,KXHIGHTHOU-26SEP02-T89,88° or below,-999.0,88.0,25,27,73,75,494.93,high
147,2026-09-02T00:58:41Z,KIAH,2026-09-02,KXHIGHTHOU-26SEP02-B95.5,95° to 96°,95.0,96.0,3,6,94,97,863.9,high
148,2026-09-02T00:58:41Z,KIAH,2026-09-02,KXHIGHTHOU-26SEP02-B93.5,93° to 94°,93.0,94.0,17,18,82,83,416.48,high
149,2026-09-02T00:58:41Z,KIAH,2026-09-02,KXHIGHTHOU-26SEP02-B91.5,91° to 92°,91.0,92.0,23,28,72,77,153.87,high
150,2026-09-02T00:58:41Z,KIAH,2026-09-02,KXHIGHTHOU-26SEP02-B89.5,89° to 90°,89.0,90.0,24,26,74,76,352.61,high
151,2026-09-02T00:58:41Z,KIAH,2026-09-02,KXHIGHTHOU-26SEP01-T96,97° or above,97.0,999.0,0,1,99,100,884.2,high
152,2026-09-02T00:58:41Z,KIAH,2026-09-02,KXHIGHTHOU-26SEP01-T89,88° or below,-999.0,88.0,99,100,0,1,19539.73,high
153,2026-09-02T00:58:41Z,KIAH,2026-09-02,KXHIGHTHOU-26SEP01-B95.5,95° to 96°,95.0,96.0,0,1,99,100,1165.8,high
154,2026-09-02T00:58:41Z,KIAH,2026-09-02,KXHIGHTHOU-26SEP01-B93.5,93° to 94°,93.0,94.0,0,1,99,100,1688.19,high
155,2026-09-02T00:58:41Z,KIAH,2026-09-02,KXHIGHTHOU-26SEP01-B91.5,91° to 92°,91.0,92.0,0,1,99,100,8022.18,high
156,2026-09-02T00:58:41Z,KIAH,2026-09-02,KXHIGHTHOU-26SEP01-B89.5,89° to 90°,89.0,90.0,0,1,99,100,12810.71,high
157,2026-09-02T00:58:41Z,KIAH,2026-09-02,KXLOWTHOU-26SEP02-T79,80° or above,80.0,999.0,8,16,84,92,37.0,low
158,2026-09-02T00:58:41Z,KIAH,2026-09-02,KXLOWTHOU-26SEP02-T72,71° or below,-999.0,71.0,1,3,97,99,11.0,low
159,2026-09-02T00:58:41Z,KIAH,2026-09-02,KXLOWTHOU-26SEP02-B78.5,78° to 79°,78.0,79.0,42,49,51,58,247.16,low
160,2026-09-02T00:58:41Z,KIAH,2026-09-02,KXLOWTHOU-26SEP02-B76.5,76° to 77°,76.0,77.0,29,34,66,71,159.0,low
161,2026-09-02T00:58:41Z,KIAH,2026-09-02,KXLOWTHOU-26SEP02-B74.5,74° to 75°,74.0,75.0,15,16,84,85,100.0,low
162,2026-09-02T00:58:41Z,KIAH,2026-09-02,KXLOWTHOU-26SEP02-B72.5,72° to 73°,72.0,73.0,2,4,96,98,3.0,low
163,2026-09-02T00:58:41Z,KIAH,2026-09-02,KXLOWTHOU-26SEP01-T79,80° or above,80.0,999.0,0,1,99,100,4466.45,low
164,2026-09-02T00:58:41Z,KIAH,2026-09-02,KXLOWTHOU-26SEP01-T72,71° or below,-999.0,71.0,1,2,98,99,1301.96,low
165,2026-09-02T00:58:41Z,KIAH,2026-09-02,KXLOWTHOU-26SEP01-B78.5,78° to 79°,78.0,79.0,81,89,11,19,3010.96,low
166,2026-09-02T00:58:41Z,KIAH,2026-09-02,KXLOWTHOU-26SEP01-B76.5,76° to 77°,76.0,77.0,10,15,85,90,629.74,low
167,2026-09-02T00:58:41Z,KIAH,2026-09-02,KXLOWTHOU-26SEP01-B74.5,74° to 75°,74.0,75.0,3,5,95,97,1205.39,low
168,2026-09-02T00:58:41Z,KIAH,2026-09-02,KXLOWTHOU-26SEP01-B72.5,72° to 73°,72.0,73.0,0,1,99,100,666.25,low
169,2026-09-02T00:58:41Z,KLAS,2026-09-02,KXHIGHTLV-26SEP02-T98,99° or above,99.0,999.0,0,1,99,100,526.06,high
170,2026-09-02T00:58:41Z,KLAS,2026-09-02,KXHIGHTLV-26SEP02-T91,90° or below,-999.0,90.0,0,1,99,100,472.0,high
171,2026-09-02T00:58:41Z,KLAS,2026-09-02,KXHIGHTLV-26SEP02-B97.5,97° to 98°,97.0,98.0,6,7,93,94,20.0,high
172,2026-09-02T00:58:41Z,KLAS,2026-09-02,KXHIGHTLV-26SEP02-B95.5,95° to 96°,95.0,96.0,41,42,58,59,584.6,high
173,2026-09-02T00:58:41Z,KLAS,2026-09-02,KXHIGHTLV-26SEP02-B93.5,93° to 94°,93.0,94.0,47,48,52,53,334.0,high
174,2026-09-02T00:58:41Z,KLAS,2026-09-02,KXHIGHTLV-26SEP02-B91.5,91° to 92°,91.0,92.0,3,6,94,97,199.43,high
175,2026-09-02T00:58:41Z,KLAS,2026-09-02,KXHIGHTLV-26SEP01-T99,100° or above,100.0,999.0,0,1,99,100,4839.51,high
176,2026-09-02T00:58:41Z,KLAS,2026-09-02,KXHIGHTLV-26SEP01-T92,91° or below,-999.0,91.0,0,1,99,100,439.0,high
177,2026-09-02T00:58:41Z,KLAS,2026-09-02,KXHIGHTLV-26SEP01-B98.5,98° to 99°,98.0,99.0,0,1,99,100,7856.06,high
178,2026-09-02T00:58:41Z,KLAS,2026-09-02,KXHIGHTLV-26SEP01-B96.5,96° to 97°,96.0,97.0,99,100,0,1,5138.82,high
179,2026-09-02T00:58:41Z,KLAS,2026-09-02,KXHIGHTLV-26SEP01-B94.5,94° to 95°,94.0,95.0,0,1,99,100,5331.81,high
180,2026-09-02T00:58:41Z,KLAS,2026-09-02,KXHIGHTLV-26SEP01-B92.5,92° to 93°,92.0,93.0,0,1,99,100,1094.74,high
181,2026-09-02T00:58:41Z,KLAS,2026-09-02,KXLOWTLV-26SEP02-T71,72° or above,72.0,999.0,89,96,4,11,241.99,low
182,2026-09-02T00:58:41Z,KLAS,2026-09-02,KXLOWTLV-26SEP02-T64,63° or below,-999.0,63.0,0,1,99,100,0.0,low
183,2026-09-02T00:58:41Z,KLAS,2026-09-02,KXLOWTLV-26SEP02-B70.5,70° to 71°,70.0,71.0,2,10,90,98,1.0,low
184,2026-09-02T00:58:41Z,KLAS,2026-09-02,KXLOWTLV-26SEP02-B68.5,68° to 69°,68.0,69.0,2,5,95,98,1.0,low
185,2026-09-02T00:58:41Z,KLAS,2026-09-02,KXLOWTLV-26SEP02-B66.5,66° to 67°,66.0,67.0,1,4,96,99,1.0,low
186,2026-09-02T00:58:41Z,KLAS,2026-09-02,KXLOWTLV-26SEP02-B64.5,64° to 65°,64.0,65.0,1,3,97,99,21.0,low
187,2026-09-02T00:58:41Z,KLAS,2026-09-02,KXLOWTLV-26SEP01-T75,76° or above,76.0,999.0,98,100,0,2,1581.56,low
188,2026-09-02T00:58:41Z,KLAS,2026-09-02,KXLOWTLV-26SEP01-T68,67° or below,-999.0,67.0,0,2,98,100,316.35,low
189,2026-09-02T00:58:41Z,KLAS,2026-09-02,KXLOWTLV-26SEP01-B74.5,74° to 75°,74.0,75.0,0,2,98,100,151.53,low
190,2026-09-02T00:58:41Z,KLAS,2026-09-02,KXLOWTLV-26SEP01-B72.5,72° to 73°,72.0,73.0,0,1,99,100,60.34,low
191,2026-09-02T00:58:41Z,KLAS,2026-09-02,KXLOWTLV-26SEP01-B70.5,70° to 71°,70.0,71.0,0,1,99,100,92.82,low
192,2026-09-02T00:58:41Z,KLAS,2026-09-02,KXLOWTLV-26SEP01-B68.5,68° to 69°,68.0,69.0,0,1,99,100,43.0,low
193,2026-09-02T00:58:41Z,KLAX,2026-09-02,KXHIGHLAX-26SEP02-T78,79° or above,79.0,999.0,4,6,94,96,2299.95,high
194,2026-09-02T00:58:41Z,KLAX,2026-09-02,KXHIGHLAX-26SEP02-T71,70° or below,-999.0,70.0,0,1,99,100,1355.46,high
195,2026-09-02T00:58:41Z,KLAX,2026-09-02,KXHIGHLAX-26SEP02-B77.5,77° to 78°,77.0,78.0,60,61,39,40,4821.45,high
196,2026-09-02T00:58:41Z,KLAX,2026-09-02,KXHIGHLAX-26SEP02-B75.5,75° to 76°,75.0,76.0,34,35,65,66,4631.79,high
197,2026-09-02T00:58:41Z,KLAX,2026-09-02,KXHIGHLAX-26SEP02-B73.5,73° to 74°,73.0,74.0,4,6,94,96,2918.51,high
198,2026-09-02T00:58:41Z,KLAX,2026-09-02,KXHIGHLAX-26SEP02-B71.5,71° to 72°,71.0,72.0,0,1,99,100,1745.93,high
199,2026-09-02T00:58:41Z,KLAX,2026-09-02,KXHIGHLAX-26SEP01-T83,84° or above,84.0,999.0,0,1,99,100,38181.07,high
200,2026-09-02T00:58:41Z,KLAX,2026-09-02,KXHIGHLAX-26SEP01-T76,75° or below,-999.0,75.0,0,1,99,100,180079.19,high
201,2026-09-02T00:58:41Z,KLAX,2026-09-02,KXHIGHLAX-26SEP01-B82.5,82° to 83°,82.0,83.0,0,1,99,100,71174.03,high
202,2026-09-02T00:58:41Z,KLAX,2026-09-02,KXHIGHLAX-26SEP01-B80.5,80° to 81°,80.0,81.0,0,1,99,100,90475.82,high
203,2026-09-02T00:58:41Z,KLAX,2026-09-02,KXHIGHLAX-26SEP01-B78.5,78° to 79°,78.0,79.0,0,1,99,100,74511.36,high
204,2026-09-02T00:58:41Z,KLAX,2026-09-02,KXHIGHLAX-26SEP01-B76.5,76° to 77°,76.0,77.0,99,100,0,1,100949.91,high
205,2026-09-02T00:58:41Z,KLAX,2026-09-02,KXLOWTLAX-26SEP02-T64,65° or above,65.0,999.0,8,9,91,92,119.0,low
206,2026-09-02T00:58:41Z,KLAX,2026-09-02,KXLOWTLAX-26SEP02-T57,56° or below,-999.0,56.0,0,2,98,100,110.0,low
207,2026-09-02T00:58:41Z,KLAX,2026-09-02,KXLOWTLAX-26SEP02-B63.5,63° to 64°,63.0,64.0,50,58,42,50,451.96,low
208,2026-09-02T00:58:41Z,KLAX,2026-09-02,KXLOWTLAX-26SEP02-B61.5,61° to 62°,61.0,62.0,29,34,66,71,563.11,low
209,2026-09-02T00:58:41Z,KLAX,2026-09-02,KXLOWTLAX-26SEP02-B59.5,59° to 60°,59.0,60.0,4,7,93,96,152.33,low
210,2026-09-02T00:58:41Z,KLAX,2026-09-02,KXLOWTLAX-26SEP02-B57.5,57° to 58°,57.0,58.0,3,5,95,97,46.13,low
211,2026-09-02T00:58:41Z,KLAX,2026-09-02,KXLOWTLAX-26SEP01-T65,66° or above,66.0,999.0,57,66,34,43,2322.16,low
212,2026-09-02T00:58:41Z,KLAX,2026-09-02,KXLOWTLAX-26SEP01-T58,57° or below,-999.0,57.0,0,1,99,100,218.47,low
213,2026-09-02T00:58:41Z,KLAX,2026-09-02,KXLOWTLAX-26SEP01-B64.5,64° to 65°,64.0,65.0,21,30,70,79,1019.83,low
214,2026-09-02T00:58:41Z,KLAX,2026-09-02,KXLOWTLAX-26SEP01-B62.5,62° to 63°,62.0,63.0,0,7,93,100,1047.16,low
215,2026-09-02T00:58:41Z,KLAX,2026-09-02,KXLOWTLAX-26SEP01-B60.5,60° to 61°,60.0,61.0,1,2,98,99,328.21,low
216,2026-09-02T00:58:41Z,KLAX,2026-09-02,KXLOWTLAX-26SEP01-B58.5,58° to 59°,58.0,59.0,0,1,99,100,308.45,low
73,2026-09-02T00:58:41Z,KMDW,2026-09-02,KXHIGHCHI-26SEP02-T99,100° or above,100.0,999.0,2,3,97,98,917.66,high
74,2026-09-02T00:58:41Z,KMDW,2026-09-02,KXHIGHCHI-26SEP02-T92,91° or below,-999.0,91.0,2,3,97,98,424.7,high
75,2026-09-02T00:58:41Z,KMDW,2026-09-02,KXHIGHCHI-26SEP02-B98.5,98° to 99°,98.0,99.0,4,5,95,96,258.59,high
76,2026-09-02T00:58:41Z,KMDW,2026-09-02,KXHIGHCHI-26SEP02-B96.5,96° to 97°,96.0,97.0,31,34,66,69,827.55,high
77,2026-09-02T00:58:41Z,KMDW,2026-09-02,KXHIGHCHI-26SEP02-B94.5,94° to 95°,94.0,95.0,45,46,54,55,532.63,high
78,2026-09-02T00:58:41Z,KMDW,2026-09-02,KXHIGHCHI-26SEP02-B92.5,92° to 93°,92.0,93.0,12,13,87,88,1113.2,high
79,2026-09-02T00:58:41Z,KMDW,2026-09-02,KXHIGHCHI-26SEP01-T94,95° or above,95.0,999.0,0,1,99,100,32333.98,high
80,2026-09-02T00:58:41Z,KMDW,2026-09-02,KXHIGHCHI-26SEP01-T87,86° or below,-999.0,86.0,0,1,99,100,4682.44,high
81,2026-09-02T00:58:41Z,KMDW,2026-09-02,KXHIGHCHI-26SEP01-B93.5,93° to 94°,93.0,94.0,99,100,0,1,26389.43,high
82,2026-09-02T00:58:41Z,KMDW,2026-09-02,KXHIGHCHI-26SEP01-B91.5,91° to 92°,91.0,92.0,0,1,99,100,17166.62,high
83,2026-09-02T00:58:41Z,KMDW,2026-09-02,KXHIGHCHI-26SEP01-B89.5,89° to 90°,89.0,90.0,0,1,99,100,8636.54,high
84,2026-09-02T00:58:41Z,KMDW,2026-09-02,KXHIGHCHI-26SEP01-B87.5,87° to 88°,87.0,88.0,0,1,99,100,3789.22,high
85,2026-09-02T00:58:41Z,KMDW,2026-09-02,KXLOWTCHI-26SEP02-T77,78° or above,78.0,999.0,35,41,59,65,509.99,low
86,2026-09-02T00:58:41Z,KMDW,2026-09-02,KXLOWTCHI-26SEP02-T70,69° or below,-999.0,69.0,0,1,99,100,105.0,low
87,2026-09-02T00:58:41Z,KMDW,2026-09-02,KXLOWTCHI-26SEP02-B76.5,76° to 77°,76.0,77.0,41,49,51,59,238.16,low
88,2026-09-02T00:58:41Z,KMDW,2026-09-02,KXLOWTCHI-26SEP02-B74.5,74° to 75°,74.0,75.0,12,19,81,88,65.0,low
89,2026-09-02T00:58:41Z,KMDW,2026-09-02,KXLOWTCHI-26SEP02-B72.5,72° to 73°,72.0,73.0,0,4,96,100,280.0,low
90,2026-09-02T00:58:41Z,KMDW,2026-09-02,KXLOWTCHI-26SEP02-B70.5,70° to 71°,70.0,71.0,0,1,99,100,198.0,low
91,2026-09-02T00:58:41Z,KMDW,2026-09-02,KXLOWTCHI-26SEP01-T76,77° or above,77.0,999.0,97,98,2,3,2875.82,low
92,2026-09-02T00:58:41Z,KMDW,2026-09-02,KXLOWTCHI-26SEP01-T69,68° or below,-999.0,68.0,0,1,99,100,406.0,low
93,2026-09-02T00:58:41Z,KMDW,2026-09-02,KXLOWTCHI-26SEP01-B75.5,75° to 76°,75.0,76.0,0,1,99,100,815.36,low
94,2026-09-02T00:58:41Z,KMDW,2026-09-02,KXLOWTCHI-26SEP01-B73.5,73° to 74°,73.0,74.0,0,1,99,100,722.58,low
95,2026-09-02T00:58:41Z,KMDW,2026-09-02,KXLOWTCHI-26SEP01-B71.5,71° to 72°,71.0,72.0,0,1,99,100,114.01,low
96,2026-09-02T00:58:41Z,KMDW,2026-09-02,KXLOWTCHI-26SEP01-B69.5,69° to 70°,69.0,70.0,0,1,99,100,122.0,low
217,2026-09-02T00:58:41Z,KMIA,2026-09-02,KXHIGHMIA-26SEP02-T93,94° or above,94.0,999.0,10,12,88,90,1382.95,high
218,2026-09-02T00:58:41Z,KMIA,2026-09-02,KXHIGHMIA-26SEP02-T86,85° or below,-999.0,85.0,0,1,99,100,633.99,high
219,2026-09-02T00:58:41Z,KMIA,2026-09-02,KXHIGHMIA-26SEP02-B92.5,92° to 93°,92.0,93.0,44,45,55,56,822.4,high
220,2026-09-02T00:58:41Z,KMIA,2026-09-02,KXHIGHMIA-26SEP02-B90.5,90° to 91°,90.0,91.0,35,36,64,65,775.89,high
221,2026-09-02T00:58:41Z,KMIA,2026-09-02,KXHIGHMIA-26SEP02-B88.5,88° to 89°,88.0,89.0,7,8,92,93,810.3,high
222,2026-09-02T00:58:41Z,KMIA,2026-09-02,KXHIGHMIA-26SEP02-B86.5,86° to 87°,86.0,87.0,1,2,98,99,699.26,high
223,2026-09-02T00:58:41Z,KMIA,2026-09-02,KXHIGHMIA-26SEP01-T94,95° or above,95.0,999.0,0,1,99,100,2181.81,high
224,2026-09-02T00:58:41Z,KMIA,2026-09-02,KXHIGHMIA-26SEP01-T87,86° or below,-999.0,86.0,0,1,99,100,13240.41,high
225,2026-09-02T00:58:41Z,KMIA,2026-09-02,KXHIGHMIA-26SEP01-B93.5,93° to 94°,93.0,94.0,0,1,99,100,10688.21,high
226,2026-09-02T00:58:41Z,KMIA,2026-09-02,KXHIGHMIA-26SEP01-B91.5,91° to 92°,91.0,92.0,0,1,99,100,26751.06,high
227,2026-09-02T00:58:41Z,KMIA,2026-09-02,KXHIGHMIA-26SEP01-B89.5,89° to 90°,89.0,90.0,99,100,0,1,34629.75,high
228,2026-09-02T00:58:41Z,KMIA,2026-09-02,KXHIGHMIA-26SEP01-B87.5,87° to 88°,87.0,88.0,0,1,99,100,37345.57,high
229,2026-09-02T00:58:41Z,KMIA,2026-09-02,KXLOWTMIA-26SEP02-T81,82° or above,82.0,999.0,1,3,97,99,90.0,low
230,2026-09-02T00:58:41Z,KMIA,2026-09-02,KXLOWTMIA-26SEP02-T74,73° or below,-999.0,73.0,0,6,94,100,391.11,low
231,2026-09-02T00:58:41Z,KMIA,2026-09-02,KXLOWTMIA-26SEP02-B80.5,80° to 81°,80.0,81.0,3,6,94,97,62.53,low
232,2026-09-02T00:58:41Z,KMIA,2026-09-02,KXLOWTMIA-26SEP02-B78.5,78° to 79°,78.0,79.0,35,54,46,65,73.0,low
233,2026-09-02T00:58:41Z,KMIA,2026-09-02,KXLOWTMIA-26SEP02-B76.5,76° to 77°,76.0,77.0,32,38,62,68,155.63,low
234,2026-09-02T00:58:41Z,KMIA,2026-09-02,KXLOWTMIA-26SEP02-B74.5,74° to 75°,74.0,75.0,14,23,77,86,195.42,low
235,2026-09-02T00:58:41Z,KMIA,2026-09-02,KXLOWTMIA-26SEP01-T82,83° or above,83.0,999.0,0,1,99,100,753.08,low
236,2026-09-02T00:58:41Z,KMIA,2026-09-02,KXLOWTMIA-26SEP01-T75,74° or below,-999.0,74.0,3,15,85,97,5633.47,low
237,2026-09-02T00:58:41Z,KMIA,2026-09-02,KXLOWTMIA-26SEP01-B81.5,81° to 82°,81.0,82.0,0,1,99,100,3908.05,low
238,2026-09-02T00:58:41Z,KMIA,2026-09-02,KXLOWTMIA-26SEP01-B79.5,79° to 80°,79.0,80.0,0,1,99,100,84872.4,low
239,2026-09-02T00:58:41Z,KMIA,2026-09-02,KXLOWTMIA-26SEP01-B77.5,77° to 78°,77.0,78.0,0,1,99,100,24558.91,low
240,2026-09-02T00:58:41Z,KMIA,2026-09-02,KXLOWTMIA-26SEP01-B75.5,75° to 76°,75.0,76.0,77,94,6,23,16889.78,low
241,2026-09-02T00:58:41Z,KMSP,2026-09-02,KXHIGHTMIN-26SEP02-T88,89° or above,89.0,999.0,10,12,88,90,658.0,high
242,2026-09-02T00:58:41Z,KMSP,2026-09-02,KXHIGHTMIN-26SEP02-T81,80° or below,-999.0,80.0,4,6,94,96,110.01,high
243,2026-09-02T00:58:41Z,KMSP,2026-09-02,KXHIGHTMIN-26SEP02-B87.5,87° to 88°,87.0,88.0,20,27,73,80,53.09,high
244,2026-09-02T00:58:41Z,KMSP,2026-09-02,KXHIGHTMIN-26SEP02-B85.5,85° to 86°,85.0,86.0,32,37,63,68,164.83,high
245,2026-09-02T00:58:41Z,KMSP,2026-09-02,KXHIGHTMIN-26SEP02-B83.5,83° to 84°,83.0,84.0,19,22,78,81,220.84,high
246,2026-09-02T00:58:41Z,KMSP,2026-09-02,KXHIGHTMIN-26SEP02-B81.5,81° to 82°,81.0,82.0,8,12,88,92,556.32,high
247,2026-09-02T00:58:41Z,KMSP,2026-09-02,KXHIGHTMIN-26SEP01-T94,95° or above,95.0,999.0,0,1,99,100,2190.95,high
248,2026-09-02T00:58:41Z,KMSP,2026-09-02,KXHIGHTMIN-26SEP01-T87,86° or below,-999.0,86.0,0,1,99,100,3986.55,high
249,2026-09-02T00:58:41Z,KMSP,2026-09-02,KXHIGHTMIN-26SEP01-B93.5,93° to 94°,93.0,94.0,0,1,99,100,2139.76,high
250,2026-09-02T00:58:41Z,KMSP,2026-09-02,KXHIGHTMIN-26SEP01-B91.5,91° to 92°,91.0,92.0,0,1,99,100,8737.35,high
251,2026-09-02T00:58:41Z,KMSP,2026-09-02,KXHIGHTMIN-26SEP01-B89.5,89° to 90°,89.0,90.0,99,100,0,1,6429.4,high
252,2026-09-02T00:58:41Z,KMSP,2026-09-02,KXHIGHTMIN-26SEP01-B87.5,87° to 88°,87.0,88.0,0,1,99,100,4286.82,high
253,2026-09-02T00:58:41Z,KMSP,2026-09-02,KXLOWTMIN-26SEP02-T67,68° or above,68.0,999.0,27,28,72,73,2.0,low
254,2026-09-02T00:58:41Z,KMSP,2026-09-02,KXLOWTMIN-26SEP02-T60,59° or below,-999.0,59.0,1,5,95,99,65.0,low
255,2026-09-02T00:58:41Z,KMSP,2026-09-02,KXLOWTMIN-26SEP02-B66.5,66° to 67°,66.0,67.0,39,48,52,61,0.0,low
256,2026-09-02T00:58:41Z,KMSP,2026-09-02,KXLOWTMIN-26SEP02-B64.5,64° to 65°,64.0,65.0,4,14,86,96,0.0,low
257,2026-09-02T00:58:41Z,KMSP,2026-09-02,KXLOWTMIN-26SEP02-B62.5,62° to 63°,62.0,63.0,3,7,93,97,0.0,low
258,2026-09-02T00:58:41Z,KMSP,2026-09-02,KXLOWTMIN-26SEP02-B60.5,60° to 61°,60.0,61.0,2,5,95,98,13.0,low
259,2026-09-02T00:58:41Z,KMSP,2026-09-02,KXLOWTMIN-26SEP01-T67,68° or above,68.0,999.0,0,1,99,100,580.37,low
260,2026-09-02T00:58:41Z,KMSP,2026-09-02,KXLOWTMIN-26SEP01-T60,59° or below,-999.0,59.0,0,1,99,100,176.71,low
261,2026-09-02T00:58:41Z,KMSP,2026-09-02,KXLOWTMIN-26SEP01-B66.5,66° to 67°,66.0,67.0,0,1,99,100,906.06,low
262,2026-09-02T00:58:41Z,KMSP,2026-09-02,KXLOWTMIN-26SEP01-B64.5,64° to 65°,64.0,65.0,95,99,1,5,713.1,low
263,2026-09-02T00:58:41Z,KMSP,2026-09-02,KXLOWTMIN-26SEP01-B62.5,62° to 63°,62.0,63.0,1,3,97,99,155.03,low
264,2026-09-02T00:58:41Z,KMSP,2026-09-02,KXLOWTMIN-26SEP01-B60.5,60° to 61°,60.0,61.0,1,2,98,99,166.35,low
265,2026-09-02T00:58:41Z,KMSY,2026-09-02,KXHIGHTNOLA-26SEP02-T95,96° or above,96.0,999.0,3,5,95,97,144.08,high
266,2026-09-02T00:58:41Z,KMSY,2026-09-02,KXHIGHTNOLA-26SEP02-T88,87° or below,-999.0,87.0,2,3,97,98,286.66,high
267,2026-09-02T00:58:41Z,KMSY,2026-09-02,KXHIGHTNOLA-26SEP02-B94.5,94° to 95°,94.0,95.0,9,11,89,91,13.19,high
268,2026-09-02T00:58:41Z,KMSY,2026-09-02,KXHIGHTNOLA-26SEP02-B92.5,92° to 93°,92.0,93.0,50,51,49,50,322.35,high
269,2026-09-02T00:58:41Z,KMSY,2026-09-02,KXHIGHTNOLA-26SEP02-B90.5,90° to 91°,90.0,91.0,27,31,69,73,129.0,high
270,2026-09-02T00:58:41Z,KMSY,2026-09-02,KXHIGHTNOLA-26SEP02-B88.5,88° to 89°,88.0,89.0,10,11,89,90,88.43,high
271,2026-09-02T00:58:41Z,KMSY,2026-09-02,KXHIGHTNOLA-26SEP01-T94,95° or above,95.0,999.0,0,1,99,100,2848.51,high
272,2026-09-02T00:58:41Z,KMSY,2026-09-02,KXHIGHTNOLA-26SEP01-T87,86° or below,-999.0,86.0,0,1,99,100,831.01,high
273,2026-09-02T00:58:41Z,KMSY,2026-09-02,KXHIGHTNOLA-26SEP01-B93.5,93° to 94°,93.0,94.0,0,1,99,100,4106.38,high
274,2026-09-02T00:58:41Z,KMSY,2026-09-02,KXHIGHTNOLA-26SEP01-B91.5,91° to 92°,91.0,92.0,99,100,0,1,2951.11,high
275,2026-09-02T00:58:41Z,KMSY,2026-09-02,KXHIGHTNOLA-26SEP01-B89.5,89° to 90°,89.0,90.0,0,1,99,100,5601.18,high
276,2026-09-02T00:58:41Z,KMSY,2026-09-02,KXHIGHTNOLA-26SEP01-B87.5,87° to 88°,87.0,88.0,0,1,99,100,875.4,high
277,2026-09-02T00:58:41Z,KMSY,2026-09-02,KXLOWTNOLA-26SEP02-T79,80° or above,80.0,999.0,2,6,94,98,75.56,low
278,2026-09-02T00:58:41Z,KMSY,2026-09-02,KXLOWTNOLA-26SEP02-T72,71° or below,-999.0,71.0,0,4,96,100,0.0,low
279,2026-09-02T00:58:41Z,KMSY,2026-09-02,KXLOWTNOLA-26SEP02-B78.5,78° to 79°,78.0,79.0,34,41,59,66,184.0,low
280,2026-09-02T00:58:41Z,KMSY,2026-09-02,KXLOWTNOLA-26SEP02-B76.5,76° to 77°,76.0,77.0,41,47,53,59,196.0,low
281,2026-09-02T00:58:41Z,KMSY,2026-09-02,KXLOWTNOLA-26SEP02-B74.5,74° to 75°,74.0,75.0,9,15,85,91,3.0,low
282,2026-09-02T00:58:41Z,KMSY,2026-09-02,KXLOWTNOLA-26SEP02-B72.5,72° to 73°,72.0,73.0,2,5,95,98,0.0,low
283,2026-09-02T00:58:41Z,KMSY,2026-09-02,KXLOWTNOLA-26SEP01-T79,80° or above,80.0,999.0,85,91,9,15,1224.82,low
284,2026-09-02T00:58:41Z,KMSY,2026-09-02,KXLOWTNOLA-26SEP01-T72,71° or below,-999.0,71.0,0,2,98,100,32.67,low
285,2026-09-02T00:58:41Z,KMSY,2026-09-02,KXLOWTNOLA-26SEP01-B78.5,78° to 79°,78.0,79.0,9,40,60,91,538.55,low
286,2026-09-02T00:58:41Z,KMSY,2026-09-02,KXLOWTNOLA-26SEP01-B76.5,76° to 77°,76.0,77.0,1,6,94,99,768.04,low
287,2026-09-02T00:58:41Z,KMSY,2026-09-02,KXLOWTNOLA-26SEP01-B74.5,74° to 75°,74.0,75.0,1,3,97,99,101.0,low
288,2026-09-02T00:58:41Z,KMSY,2026-09-02,KXLOWTNOLA-26SEP01-B72.5,72° to 73°,72.0,73.0,0,3,97,100,88.0,low
289,2026-09-02T00:58:41Z,KNYC,2026-09-02,KXHIGHNY-26SEP02-T82,83° or above,83.0,999.0,0,1,99,100,1168.0,high
290,2026-09-02T00:58:41Z,KNYC,2026-09-02,KXHIGHNY-26SEP02-T75,74° or below,-999.0,74.0,71,73,27,29,3310.6,high
291,2026-09-02T00:58:41Z,KNYC,2026-09-02,KXHIGHNY-26SEP02-B81.5,81° to 82°,81.0,82.0,1,2,98,99,891.39,high
292,2026-09-02T00:58:41Z,KNYC,2026-09-02,KXHIGHNY-26SEP02-B79.5,79° to 80°,79.0,80.0,1,2,98,99,172.18,high
293,2026-09-02T00:58:41Z,KNYC,2026-09-02,KXHIGHNY-26SEP02-B77.5,77° to 78°,77.0,78.0,3,4,96,97,1342.27,high
294,2026-09-02T00:58:41Z,KNYC,2026-09-02,KXHIGHNY-26SEP02-B75.5,75° to 76°,75.0,76.0,17,18,82,83,864.78,high
295,2026-09-02T00:58:41Z,KNYC,2026-09-02,KXHIGHNY-26SEP01-T90,91° or above,91.0,999.0,0,1,99,100,2470.51,high
296,2026-09-02T00:58:41Z,KNYC,2026-09-02,KXHIGHNY-26SEP01-T83,82° or below,-999.0,82.0,99,100,0,1,55615.36,high
297,2026-09-02T00:58:41Z,KNYC,2026-09-02,KXHIGHNY-26SEP01-B89.5,89° to 90°,89.0,90.0,0,1,99,100,2332.17,high
298,2026-09-02T00:58:41Z,KNYC,2026-09-02,KXHIGHNY-26SEP01-B87.5,87° to 88°,87.0,88.0,0,1,99,100,7606.78,high
299,2026-09-02T00:58:41Z,KNYC,2026-09-02,KXHIGHNY-26SEP01-B85.5,85° to 86°,85.0,86.0,0,1,99,100,15649.86,high
300,2026-09-02T00:58:41Z,KNYC,2026-09-02,KXHIGHNY-26SEP01-B83.5,83° to 84°,83.0,84.0,0,1,99,100,34473.98,high
301,2026-09-02T00:58:41Z,KNYC,2026-09-02,KXLOWTNYC-26SEP02-T71,72° or above,72.0,999.0,1,3,97,99,268.0,low
302,2026-09-02T00:58:41Z,KNYC,2026-09-02,KXLOWTNYC-26SEP02-T64,63° or below,-999.0,63.0,3,4,96,97,34.0,low
303,2026-09-02T00:58:41Z,KNYC,2026-09-02,KXLOWTNYC-26SEP02-B70.5,70° to 71°,70.0,71.0,3,5,95,97,3.0,low
304,2026-09-02T00:58:41Z,KNYC,2026-09-02,KXLOWTNYC-26SEP02-B68.5,68° to 69°,68.0,69.0,19,20,80,81,27.93,low
305,2026-09-02T00:58:41Z,KNYC,2026-09-02,KXLOWTNYC-26SEP02-B66.5,66° to 67°,66.0,67.0,42,51,49,58,139.09,low
306,2026-09-02T00:58:41Z,KNYC,2026-09-02,KXLOWTNYC-26SEP02-B64.5,64° to 65°,64.0,65.0,20,24,76,80,225.1,low
307,2026-09-02T00:58:41Z,KNYC,2026-09-02,KXLOWTNYC-26SEP01-T72,73° or above,73.0,999.0,0,1,99,100,1453.57,low
308,2026-09-02T00:58:41Z,KNYC,2026-09-02,KXLOWTNYC-26SEP01-T65,64° or below,-999.0,64.0,1,2,98,99,1526.12,low
309,2026-09-02T00:58:41Z,KNYC,2026-09-02,KXLOWTNYC-26SEP01-B71.5,71° to 72°,71.0,72.0,0,1,99,100,3610.12,low
310,2026-09-02T00:58:41Z,KNYC,2026-09-02,KXLOWTNYC-26SEP01-B69.5,69° to 70°,69.0,70.0,24,38,62,76,2769.91,low
311,2026-09-02T00:58:41Z,KNYC,2026-09-02,KXLOWTNYC-26SEP01-B67.5,67° to 68°,67.0,68.0,46,71,29,54,1974.06,low
312,2026-09-02T00:58:41Z,KNYC,2026-09-02,KXLOWTNYC-26SEP01-B65.5,65° to 66°,65.0,66.0,6,15,85,94,1428.69,low
313,2026-09-02T00:58:41Z,KOKC,2026-09-02,KXHIGHTOKC-26SEP02-T96,95° or below,-999.0,95.0,1,2,98,99,77.32,high
314,2026-09-02T00:58:41Z,KOKC,2026-09-02,KXHIGHTOKC-26SEP02-T103,104° or above,104.0,999.0,3,5,95,97,456.0,high
315,2026-09-02T00:58:41Z,KOKC,2026-09-02,KXHIGHTOKC-26SEP02-B98.5,98° to 99°,98.0,99.0,34,35,65,66,307.03,high
316,2026-09-02T00:58:41Z,KOKC,2026-09-02,KXHIGHTOKC-26SEP02-B96.5,96° to 97°,96.0,97.0,8,9,91,92,126.0,high
317,2026-09-02T00:58:41Z,KOKC,2026-09-02,KXHIGHTOKC-26SEP02-B102.5,102° to 103°,102.0,103.0,12,13,87,88,8.0,high
318,2026-09-02T00:58:41Z,KOKC,2026-09-02,KXHIGHTOKC-26SEP02-B100.5,100° to 101°,100.0,101.0,43,44,56,57,847.72,high
319,2026-09-02T00:58:41Z,KOKC,2026-09-02,KXHIGHTOKC-26SEP01-T97,96° or below,-999.0,96.0,0,1,99,100,2174.35,high
320,2026-09-02T00:58:41Z,KOKC,2026-09-02,KXHIGHTOKC-26SEP01-T104,105° or above,105.0,999.0,0,1,99,100,2755.47,high
321,2026-09-02T00:58:41Z,KOKC,2026-09-02,KXHIGHTOKC-26SEP01-B99.5,99° to 100°,99.0,100.0,0,1,99,100,8920.41,high
322,2026-09-02T00:58:41Z,KOKC,2026-09-02,KXHIGHTOKC-26SEP01-B97.5,97° to 98°,97.0,98.0,0,1,99,100,6739.54,high
323,2026-09-02T00:58:41Z,KOKC,2026-09-02,KXHIGHTOKC-26SEP01-B103.5,103° to 104°,103.0,104.0,0,1,99,100,2916.14,high
324,2026-09-02T00:58:41Z,KOKC,2026-09-02,KXHIGHTOKC-26SEP01-B101.5,101° to 102°,101.0,102.0,99,100,0,1,7034.8,high
325,2026-09-02T00:58:41Z,KOKC,2026-09-02,KXLOWTOKC-26SEP02-T76,77° or above,77.0,999.0,23,33,67,77,70.0,low
326,2026-09-02T00:58:41Z,KOKC,2026-09-02,KXLOWTOKC-26SEP02-T69,68° or below,-999.0,68.0,0,2,98,100,124.0,low
327,2026-09-02T00:58:41Z,KOKC,2026-09-02,KXLOWTOKC-26SEP02-B75.5,75° to 76°,75.0,76.0,22,28,72,78,18.0,low
328,2026-09-02T00:58:41Z,KOKC,2026-09-02,KXLOWTOKC-26SEP02-B73.5,73° to 74°,73.0,74.0,34,37,63,66,77.0,low
329,2026-09-02T00:58:41Z,KOKC,2026-09-02,KXLOWTOKC-26SEP02-B71.5,71° to 72°,71.0,72.0,15,17,83,85,55.0,low
330,2026-09-02T00:58:41Z,KOKC,2026-09-02,KXLOWTOKC-26SEP02-B69.5,69° to 70°,69.0,70.0,3,5,95,97,0.0,low
331,2026-09-02T00:58:41Z,KOKC,2026-09-02,KXLOWTOKC-26SEP01-T76,77° or above,77.0,999.0,0,1,99,100,480.46,low
332,2026-09-02T00:58:41Z,KOKC,2026-09-02,KXLOWTOKC-26SEP01-T69,68° or below,-999.0,68.0,1,2,98,99,1127.34,low
333,2026-09-02T00:58:41Z,KOKC,2026-09-02,KXLOWTOKC-26SEP01-B75.5,75° to 76°,75.0,76.0,0,1,99,100,917.89,low
334,2026-09-02T00:58:41Z,KOKC,2026-09-02,KXLOWTOKC-26SEP01-B73.5,73° to 74°,73.0,74.0,0,1,99,100,1577.62,low
335,2026-09-02T00:58:41Z,KOKC,2026-09-02,KXLOWTOKC-26SEP01-B71.5,71° to 72°,71.0,72.0,98,99,1,2,2577.51,low
336,2026-09-02T00:58:41Z,KOKC,2026-09-02,KXLOWTOKC-26SEP01-B69.5,69° to 70°,69.0,70.0,0,1,99,100,874.74,low
337,2026-09-02T00:58:41Z,KPHL,2026-09-02,KXHIGHPHIL-26SEP02-T89,90° or above,90.0,999.0,0,1,99,100,235.6,high
338,2026-09-02T00:58:41Z,KPHL,2026-09-02,KXHIGHPHIL-26SEP02-T82,81° or below,-999.0,81.0,76,82,18,24,797.42,high
339,2026-09-02T00:58:41Z,KPHL,2026-09-02,KXHIGHPHIL-26SEP02-B88.5,88° to 89°,88.0,89.0,0,1,99,100,281.0,high
340,2026-09-02T00:58:41Z,KPHL,2026-09-02,KXHIGHPHIL-26SEP02-B86.5,86° to 87°,86.0,87.0,1,2,98,99,215.35,high
341,2026-09-02T00:58:41Z,KPHL,2026-09-02,KXHIGHPHIL-26SEP02-B84.5,84° to 85°,84.0,85.0,4,7,93,96,683.87,high
342,2026-09-02T00:58:41Z,KPHL,2026-09-02,KXHIGHPHIL-26SEP02-B82.5,82° to 83°,82.0,83.0,18,20,80,82,116.3,high
343,2026-09-02T00:58:41Z,KPHL,2026-09-02,KXHIGHPHIL-26SEP01-T96,97° or above,97.0,999.0,0,1,99,100,5612.17,high
344,2026-09-02T00:58:41Z,KPHL,2026-09-02,KXHIGHPHIL-26SEP01-T89,88° or below,-999.0,88.0,0,1,99,100,8192.21,high
345,2026-09-02T00:58:41Z,KPHL,2026-09-02,KXHIGHPHIL-26SEP01-B95.5,95° to 96°,95.0,96.0,0,1,99,100,10432.62,high
346,2026-09-02T00:58:41Z,KPHL,2026-09-02,KXHIGHPHIL-26SEP01-B93.5,93° to 94°,93.0,94.0,99,100,0,1,9790.98,high
347,2026-09-02T00:58:41Z,KPHL,2026-09-02,KXHIGHPHIL-26SEP01-B91.5,91° to 92°,91.0,92.0,0,1,99,100,9571.16,high
348,2026-09-02T00:58:41Z,KPHL,2026-09-02,KXHIGHPHIL-26SEP01-B89.5,89° to 90°,89.0,90.0,0,1,99,100,11941.49,high
349,2026-09-02T00:58:41Z,KPHL,2026-09-02,KXLOWTPHIL-26SEP02-T73,74° or above,74.0,999.0,3,8,92,97,78.73,low
350,2026-09-02T00:58:41Z,KPHL,2026-09-02,KXLOWTPHIL-26SEP02-T66,65° or below,-999.0,65.0,0,5,95,100,21.0,low
351,2026-09-02T00:58:41Z,KPHL,2026-09-02,KXLOWTPHIL-26SEP02-B72.5,72° to 73°,72.0,73.0,31,36,64,69,166.0,low
352,2026-09-02T00:58:41Z,KPHL,2026-09-02,KXLOWTPHIL-26SEP02-B70.5,70° to 71°,70.0,71.0,36,44,56,64,34.2,low
353,2026-09-02T00:58:41Z,KPHL,2026-09-02,KXLOWTPHIL-26SEP02-B68.5,68° to 69°,68.0,69.0,9,14,86,91,100.0,low
354,2026-09-02T00:58:41Z,KPHL,2026-09-02,KXLOWTPHIL-26SEP02-B66.5,66° to 67°,66.0,67.0,4,8,92,96,51.0,low
355,2026-09-02T00:58:41Z,KPHL,2026-09-02,KXLOWTPHIL-26SEP01-T73,74° or above,74.0,999.0,59,82,18,41,3630.8,low
356,2026-09-02T00:58:41Z,KPHL,2026-09-02,KXLOWTPHIL-26SEP01-T66,65° or below,-999.0,65.0,0,2,98,100,1033.38,low
357,2026-09-02T00:58:41Z,KPHL,2026-09-02,KXLOWTPHIL-26SEP01-B72.5,72° to 73°,72.0,73.0,15,20,80,85,1008.34,low
358,2026-09-02T00:58:41Z,KPHL,2026-09-02,KXLOWTPHIL-26SEP01-B70.5,70° to 71°,70.0,71.0,7,10,90,93,1390.08,low
359,2026-09-02T00:58:41Z,KPHL,2026-09-02,KXLOWTPHIL-26SEP01-B68.5,68° to 69°,68.0,69.0,1,6,94,99,604.04,low
360,2026-09-02T00:58:41Z,KPHL,2026-09-02,KXLOWTPHIL-26SEP01-B66.5,66° to 67°,66.0,67.0,0,3,97,100,452.51,low
361,2026-09-02T00:58:41Z,KPHX,2026-09-02,KXHIGHTPHX-26SEP02-T98,97° or below,-999.0,97.0,1,3,97,99,240.11,high
362,2026-09-02T00:58:41Z,KPHX,2026-09-02,KXHIGHTPHX-26SEP02-T105,106° or above,106.0,999.0,6,8,92,94,516.26,high
363,2026-09-02T00:58:41Z,KPHX,2026-09-02,KXHIGHTPHX-26SEP02-B98.5,98° to 99°,98.0,99.0,2,3,97,98,179.17,high
364,2026-09-02T00:58:41Z,KPHX,2026-09-02,KXHIGHTPHX-26SEP02-B104.5,104° to 105°,104.0,105.0,41,44,56,59,769.57,high
365,2026-09-02T00:58:41Z,KPHX,2026-09-02,KXHIGHTPHX-26SEP02-B102.5,102° to 103°,102.0,103.0,38,39,61,62,1277.51,high
366,2026-09-02T00:58:41Z,KPHX,2026-09-02,KXHIGHTPHX-26SEP02-B100.5,100° to 101°,100.0,101.0,13,14,86,87,313.05,high
367,2026-09-02T00:58:41Z,KPHX,2026-09-02,KXHIGHTPHX-26SEP01-T98,97° or below,-999.0,97.0,0,1,99,100,6424.98,high
368,2026-09-02T00:58:41Z,KPHX,2026-09-02,KXHIGHTPHX-26SEP01-T105,106° or above,106.0,999.0,0,1,99,100,1551.95,high
369,2026-09-02T00:58:41Z,KPHX,2026-09-02,KXHIGHTPHX-26SEP01-B98.5,98° to 99°,98.0,99.0,0,1,99,100,13725.62,high
370,2026-09-02T00:58:41Z,KPHX,2026-09-02,KXHIGHTPHX-26SEP01-B104.5,104° to 105°,104.0,105.0,0,1,99,100,4871.46,high
371,2026-09-02T00:58:41Z,KPHX,2026-09-02,KXHIGHTPHX-26SEP01-B102.5,102° to 103°,102.0,103.0,0,1,99,100,8668.05,high
372,2026-09-02T00:58:41Z,KPHX,2026-09-02,KXHIGHTPHX-26SEP01-B100.5,100° to 101°,100.0,101.0,99,100,0,1,11018.48,high
373,2026-09-02T00:58:41Z,KPHX,2026-09-02,KXLOWTPHX-26SEP02-T82,83° or above,83.0,999.0,61,67,33,39,794.17,low
374,2026-09-02T00:58:41Z,KPHX,2026-09-02,KXLOWTPHX-26SEP02-T75,74° or below,-999.0,74.0,0,4,96,100,6.0,low
375,2026-09-02T00:58:41Z,KPHX,2026-09-02,KXLOWTPHX-26SEP02-B81.5,81° to 82°,81.0,82.0,20,25,75,80,60.64,low
376,2026-09-02T00:58:41Z,KPHX,2026-09-02,KXLOWTPHX-26SEP02-B79.5,79° to 80°,79.0,80.0,4,8,92,96,137.6,low
377,2026-09-02T00:58:41Z,KPHX,2026-09-02,KXLOWTPHX-26SEP02-B77.5,77° to 78°,77.0,78.0,3,5,95,97,3.0,low
378,2026-09-02T00:58:41Z,KPHX,2026-09-02,KXLOWTPHX-26SEP02-B75.5,75° to 76°,75.0,76.0,1,3,97,99,50.32,low
379,2026-09-02T00:58:41Z,KPHX,2026-09-02,KXLOWTPHX-26SEP01-T81,82° or above,82.0,999.0,0,1,99,100,1793.54,low
380,2026-09-02T00:58:41Z,KPHX,2026-09-02,KXLOWTPHX-26SEP01-T74,73° or below,-999.0,73.0,0,2,98,100,142.34,low
381,2026-09-02T00:58:41Z,KPHX,2026-09-02,KXLOWTPHX-26SEP01-B80.5,80° to 81°,80.0,81.0,98,99,1,2,1316.61,low
382,2026-09-02T00:58:41Z,KPHX,2026-09-02,KXLOWTPHX-26SEP01-B78.5,78° to 79°,78.0,79.0,0,1,99,100,1114.34,low
383,2026-09-02T00:58:41Z,KPHX,2026-09-02,KXLOWTPHX-26SEP01-B76.5,76° to 77°,76.0,77.0,0,1,99,100,375.49,low
384,2026-09-02T00:58:41Z,KPHX,2026-09-02,KXLOWTPHX-26SEP01-B74.5,74° to 75°,74.0,75.0,0,1,99,100,161.5,low
385,2026-09-02T00:58:41Z,KSAT,2026-09-02,KXHIGHTSATX-26SEP02-T98,97° or below,-999.0,97.0,3,6,94,97,149.36,high
386,2026-09-02T00:58:41Z,KSAT,2026-09-02,KXHIGHTSATX-26SEP02-T105,106° or above,106.0,999.0,0,1,99,100,157.0,high
387,2026-09-02T00:58:41Z,KSAT,2026-09-02,KXHIGHTSATX-26SEP02-B98.5,98° to 99°,98.0,99.0,16,21,79,84,295.24,high
388,2026-09-02T00:58:41Z,KSAT,2026-09-02,KXHIGHTSATX-26SEP02-B104.5,104° to 105°,104.0,105.0,1,2,98,99,61.66,high
389,2026-09-02T00:58:41Z,KSAT,2026-09-02,KXHIGHTSATX-26SEP02-B102.5,102° to 103°,102.0,103.0,13,15,85,87,513.3,high
390,2026-09-02T00:58:41Z,KSAT,2026-09-02,KXHIGHTSATX-26SEP02-B100.5,100° to 101°,100.0,101.0,61,67,33,39,297.0,high
391,2026-09-02T00:58:41Z,KSAT,2026-09-02,KXHIGHTSATX-26SEP01-T97,96° or below,-999.0,96.0,0,1,99,100,1531.57,high
392,2026-09-02T00:58:41Z,KSAT,2026-09-02,KXHIGHTSATX-26SEP01-T104,105° or above,105.0,999.0,0,1,99,100,294.0,high
393,2026-09-02T00:58:41Z,KSAT,2026-09-02,KXHIGHTSATX-26SEP01-B99.5,99° to 100°,99.0,100.0,0,1,99,100,3903.38,high
394,2026-09-02T00:58:41Z,KSAT,2026-09-02,KXHIGHTSATX-26SEP01-B97.5,97° to 98°,97.0,98.0,99,100,0,1,4991.8,high
395,2026-09-02T00:58:41Z,KSAT,2026-09-02,KXHIGHTSATX-26SEP01-B103.5,103° to 104°,103.0,104.0,0,1,99,100,379.0,high
396,2026-09-02T00:58:41Z,KSAT,2026-09-02,KXHIGHTSATX-26SEP01-B101.5,101° to 102°,101.0,102.0,0,1,99,100,818.77,high
397,2026-09-02T00:58:41Z,KSAT,2026-09-02,KXLOWTSATX-26SEP02-T78,79° or above,79.0,999.0,21,29,71,79,293.01,low
398,2026-09-02T00:58:41Z,KSAT,2026-09-02,KXLOWTSATX-26SEP02-T71,70° or below,-999.0,70.0,0,4,96,100,6.0,low
399,2026-09-02T00:58:41Z,KSAT,2026-09-02,KXLOWTSATX-26SEP02-B77.5,77° to 78°,77.0,78.0,44,49,51,56,234.35,low
400,2026-09-02T00:58:41Z,KSAT,2026-09-02,KXLOWTSATX-26SEP02-B75.5,75° to 76°,75.0,76.0,10,16,84,90,3.0,low
401,2026-09-02T00:58:41Z,KSAT,2026-09-02,KXLOWTSATX-26SEP02-B73.5,73° to 74°,73.0,74.0,7,14,86,93,335.0,low
402,2026-09-02T00:58:41Z,KSAT,2026-09-02,KXLOWTSATX-26SEP02-B71.5,71° to 72°,71.0,72.0,1,4,96,99,41.0,low
403,2026-09-02T00:58:41Z,KSAT,2026-09-02,KXLOWTSATX-26SEP01-T77,78° or above,78.0,999.0,96,99,1,4,1057.34,low
404,2026-09-02T00:58:41Z,KSAT,2026-09-02,KXLOWTSATX-26SEP01-T70,69° or below,-999.0,69.0,0,4,96,100,11.74,low
405,2026-09-02T00:58:41Z,KSAT,2026-09-02,KXLOWTSATX-26SEP01-B76.5,76° to 77°,76.0,77.0,0,2,98,100,533.0,low
406,2026-09-02T00:58:41Z,KSAT,2026-09-02,KXLOWTSATX-26SEP01-B74.5,74° to 75°,74.0,75.0,0,4,96,100,126.12,low
407,2026-09-02T00:58:41Z,KSAT,2026-09-02,KXLOWTSATX-26SEP01-B72.5,72° to 73°,72.0,73.0,0,2,98,100,101.0,low
408,2026-09-02T00:58:41Z,KSAT,2026-09-02,KXLOWTSATX-26SEP01-B70.5,70° to 71°,70.0,71.0,0,1,99,100,80.0,low
433,2026-09-02T00:58:41Z,KSEA,2026-09-02,KXHIGHTSEA-26SEP02-T71,72° or above,72.0,999.0,1,3,97,99,973.37,high
434,2026-09-02T00:58:41Z,KSEA,2026-09-02,KXHIGHTSEA-26SEP02-T64,63° or below,-999.0,63.0,9,11,89,91,236.21,high
435,2026-09-02T00:58:41Z,KSEA,2026-09-02,KXHIGHTSEA-26SEP02-B70.5,70° to 71°,70.0,71.0,4,8,92,96,367.6,high
436,2026-09-02T00:58:41Z,KSEA,2026-09-02,KXHIGHTSEA-26SEP02-B68.5,68° to 69°,68.0,69.0,33,34,66,67,399.22,high
437,2026-09-02T00:58:41Z,KSEA,2026-09-02,KXHIGHTSEA-26SEP02-B66.5,66° to 67°,66.0,67.0,33,36,64,67,160.89,high
438,2026-09-02T00:58:41Z,KSEA,2026-09-02,KXHIGHTSEA-26SEP02-B64.5,64° to 65°,64.0,65.0,15,16,84,85,171.3,high
439,2026-09-02T00:58:41Z,KSEA,2026-09-02,KXHIGHTSEA-26SEP01-T77,78° or above,78.0,999.0,0,1,99,100,686.35,high
440,2026-09-02T00:58:41Z,KSEA,2026-09-02,KXHIGHTSEA-26SEP01-T70,69° or below,-999.0,69.0,99,100,0,1,11826.92,high
441,2026-09-02T00:58:41Z,KSEA,2026-09-02,KXHIGHTSEA-26SEP01-B76.5,76° to 77°,76.0,77.0,0,1,99,100,2673.0,high
442,2026-09-02T00:58:41Z,KSEA,2026-09-02,KXHIGHTSEA-26SEP01-B74.5,74° to 75°,74.0,75.0,0,1,99,100,6622.94,high
443,2026-09-02T00:58:41Z,KSEA,2026-09-02,KXHIGHTSEA-26SEP01-B72.5,72° to 73°,72.0,73.0,0,1,99,100,6874.83,high
444,2026-09-02T00:58:41Z,KSEA,2026-09-02,KXHIGHTSEA-26SEP01-B70.5,70° to 71°,70.0,71.0,0,1,99,100,8747.81,high
445,2026-09-02T00:58:41Z,KSEA,2026-09-02,KXLOWTSEA-26SEP02-T57,58° or above,58.0,999.0,6,11,89,94,109.0,low
446,2026-09-02T00:58:41Z,KSEA,2026-09-02,KXLOWTSEA-26SEP02-T50,49° or below,-999.0,49.0,0,3,97,100,203.01,low
447,2026-09-02T00:58:41Z,KSEA,2026-09-02,KXLOWTSEA-26SEP02-B56.5,56° to 57°,56.0,57.0,24,25,75,76,13.0,low
448,2026-09-02T00:58:41Z,KSEA,2026-09-02,KXLOWTSEA-26SEP02-B54.5,54° to 55°,54.0,55.0,43,50,50,57,173.0,low
449,2026-09-02T00:58:41Z,KSEA,2026-09-02,KXLOWTSEA-26SEP02-B52.5,52° to 53°,52.0,53.0,2,5,95,98,0.0,low
450,2026-09-02T00:58:41Z,KSEA,2026-09-02,KXLOWTSEA-26SEP02-B50.5,50° to 51°,50.0,51.0,2,4,96,98,0.0,low
451,2026-09-02T00:58:41Z,KSEA,2026-09-02,KXLOWTSEA-26SEP01-T56,57° or above,57.0,999.0,97,99,1,3,2126.61,low
452,2026-09-02T00:58:41Z,KSEA,2026-09-02,KXLOWTSEA-26SEP01-T49,48° or below,-999.0,48.0,0,2,98,100,505.68,low
453,2026-09-02T00:58:41Z,KSEA,2026-09-02,KXLOWTSEA-26SEP01-B55.5,55° to 56°,55.0,56.0,1,2,98,99,913.4,low
454,2026-09-02T00:58:41Z,KSEA,2026-09-02,KXLOWTSEA-26SEP01-B53.5,53° to 54°,53.0,54.0,0,2,98,100,716.14,low
455,2026-09-02T00:58:41Z,KSEA,2026-09-02,KXLOWTSEA-26SEP01-B51.5,51° to 52°,51.0,52.0,0,2,98,100,203.0,low
456,2026-09-02T00:58:41Z,KSEA,2026-09-02,KXLOWTSEA-26SEP01-B49.5,49° to 50°,49.0,50.0,0,2,98,100,236.0,low
409,2026-09-02T00:58:41Z,KSFO,2026-09-02,KXHIGHTSFO-26SEP02-T74,75° or above,75.0,999.0,29,32,68,71,1116.34,high
410,2026-09-02T00:58:41Z,KSFO,2026-09-02,KXHIGHTSFO-26SEP02-T67,66° or below,-999.0,66.0,0,1,99,100,445.21,high
411,2026-09-02T00:58:41Z,KSFO,2026-09-02,KXHIGHTSFO-26SEP02-B73.5,73° to 74°,73.0,74.0,39,40,60,61,1065.67,high
412,2026-09-02T00:58:41Z,KSFO,2026-09-02,KXHIGHTSFO-26SEP02-B71.5,71° to 72°,71.0,72.0,27,28,72,73,317.1,high
413,2026-09-02T00:58:41Z,KSFO,2026-09-02,KXHIGHTSFO-26SEP02-B69.5,69° to 70°,69.0,70.0,6,8,92,94,150.0,high
414,2026-09-02T00:58:41Z,KSFO,2026-09-02,KXHIGHTSFO-26SEP02-B67.5,67° to 68°,67.0,68.0,1,3,97,99,163.0,high
415,2026-09-02T00:58:41Z,KSFO,2026-09-02,KXHIGHTSFO-26SEP01-T72,73° or above,73.0,999.0,0,1,99,100,11379.77,high
416,2026-09-02T00:58:41Z,KSFO,2026-09-02,KXHIGHTSFO-26SEP01-T65,64° or below,-999.0,64.0,0,1,99,100,1393.15,high
417,2026-09-02T00:58:41Z,KSFO,2026-09-02,KXHIGHTSFO-26SEP01-B71.5,71° to 72°,71.0,72.0,99,100,0,1,14752.56,high
418,2026-09-02T00:58:41Z,KSFO,2026-09-02,KXHIGHTSFO-26SEP01-B69.5,69° to 70°,69.0,70.0,0,1,99,100,9703.82,high
419,2026-09-02T00:58:41Z,KSFO,2026-09-02,KXHIGHTSFO-26SEP01-B67.5,67° to 68°,67.0,68.0,0,1,99,100,5167.44,high
420,2026-09-02T00:58:41Z,KSFO,2026-09-02,KXHIGHTSFO-26SEP01-B65.5,65° to 66°,65.0,66.0,0,1,99,100,1281.02,high
421,2026-09-02T00:58:41Z,KSFO,2026-09-02,KXLOWTSFO-26SEP02-T59,60° or above,60.0,999.0,11,12,88,89,508.0,low
422,2026-09-02T00:58:41Z,KSFO,2026-09-02,KXLOWTSFO-26SEP02-T52,51° or below,-999.0,51.0,1,4,96,99,40.0,low
423,2026-09-02T00:58:41Z,KSFO,2026-09-02,KXLOWTSFO-26SEP02-B58.5,58° to 59°,58.0,59.0,44,48,52,56,246.0,low
424,2026-09-02T00:58:41Z,KSFO,2026-09-02,KXLOWTSFO-26SEP02-B56.5,56° to 57°,56.0,57.0,6,44,56,94,3.0,low
425,2026-09-02T00:58:41Z,KSFO,2026-09-02,KXLOWTSFO-26SEP02-B54.5,54° to 55°,54.0,55.0,3,5,95,97,0.0,low
426,2026-09-02T00:58:41Z,KSFO,2026-09-02,KXLOWTSFO-26SEP02-B52.5,52° to 53°,52.0,53.0,3,5,95,97,0.0,low
427,2026-09-02T00:58:41Z,KSFO,2026-09-02,KXLOWTSFO-26SEP01-T59,60° or above,60.0,999.0,87,89,11,13,1031.77,low
428,2026-09-02T00:58:41Z,KSFO,2026-09-02,KXLOWTSFO-26SEP01-T52,51° or below,-999.0,51.0,0,2,98,100,10.67,low
429,2026-09-02T00:58:41Z,KSFO,2026-09-02,KXLOWTSFO-26SEP01-B58.5,58° to 59°,58.0,59.0,10,38,62,90,544.1,low
430,2026-09-02T00:58:41Z,KSFO,2026-09-02,KXLOWTSFO-26SEP01-B56.5,56° to 57°,56.0,57.0,1,2,98,99,296.46,low
431,2026-09-02T00:58:41Z,KSFO,2026-09-02,KXLOWTSFO-26SEP01-B54.5,54° to 55°,54.0,55.0,0,1,99,100,49.0,low
432,2026-09-02T00:58:41Z,KSFO,2026-09-02,KXLOWTSFO-26SEP01-B52.5,52° to 53°,52.0,53.0,0,2,98,100,59.0,low
1,2026-09-02T05:39:40Z,KATL,2026-09-02,KXHIGHTATL-26SEP02-T93,92° or below,-999.0,92.0,0,1,99,100,632.67,high
2,2026-09-02T05:39:40Z,KATL,2026-09-02,KXHIGHTATL-26SEP02-T100,101° or above,101.0,999.0,0,1,99,100,832.93,high
3,2026-09-02T05:39:40Z,KATL,2026-09-02,KXHIGHTATL-26SEP02-B99.5,99° to 100°,99.0,100.0,4,5,95,96,937.22,high
4,2026-09-02T05:39:40Z,KATL,2026-09-02,KXHIGHTATL-26SEP02-B97.5,97° to 98°,97.0,98.0,57,58,42,43,1087.03,high
5,2026-09-02T05:39:40Z,KATL,2026-09-02,KXHIGHTATL-26SEP02-B95.5,95° to 96°,95.0,96.0,39,40,60,61,977.04,high
6,2026-09-02T05:39:40Z,KATL,2026-09-02,KXHIGHTATL-26SEP02-B93.5,93° to 94°,93.0,94.0,3,4,96,97,346.02,high
7,2026-09-02T05:39:40Z,KATL,2026-09-02,KXLOWTATL-26SEP02-T77,78° or above,78.0,999.0,8,18,82,92,387.89,low
8,2026-09-02T05:39:40Z,KATL,2026-09-02,KXLOWTATL-26SEP02-T70,69° or below,-999.0,69.0,0,3,97,100,72.0,low
9,2026-09-02T05:39:40Z,KATL,2026-09-02,KXLOWTATL-26SEP02-B76.5,76° to 77°,76.0,77.0,43,52,48,57,671.79,low
10,2026-09-02T05:39:40Z,KATL,2026-09-02,KXLOWTATL-26SEP02-B74.5,74° to 75°,74.0,75.0,28,38,62,72,295.0,low
11,2026-09-02T05:39:40Z,KATL,2026-09-02,KXLOWTATL-26SEP02-B72.5,72° to 73°,72.0,73.0,3,8,92,97,227.14,low
12,2026-09-02T05:39:40Z,KATL,2026-09-02,KXLOWTATL-26SEP02-B70.5,70° to 71°,70.0,71.0,0,3,97,100,99.64,low
13,2026-09-02T05:39:40Z,KAUS,2026-09-02,KXHIGHAUS-26SEP02-T96,95° or below,-999.0,95.0,1,2,98,99,898.84,high
14,2026-09-02T05:39:40Z,KAUS,2026-09-02,KXHIGHAUS-26SEP02-T103,104° or above,104.0,999.0,1,2,98,99,1008.07,high
15,2026-09-02T05:39:40Z,KAUS,2026-09-02,KXHIGHAUS-26SEP02-B98.5,98° to 99°,98.0,99.0,16,18,82,84,1416.69,high
16,2026-09-02T05:39:40Z,KAUS,2026-09-02,KXHIGHAUS-26SEP02-B96.5,96° to 97°,96.0,97.0,2,3,97,98,693.97,high
17,2026-09-02T05:39:40Z,KAUS,2026-09-02,KXHIGHAUS-26SEP02-B102.5,102° to 103°,102.0,103.0,24,25,75,76,1778.53,high
18,2026-09-02T05:39:40Z,KAUS,2026-09-02,KXHIGHAUS-26SEP02-B100.5,100° to 101°,100.0,101.0,59,60,40,41,1812.89,high
19,2026-09-02T05:39:40Z,KAUS,2026-09-02,KXHIGHAUS-26SEP01-T96,95° or below,-999.0,95.0,0,1,99,100,4064.61,high
20,2026-09-02T05:39:40Z,KAUS,2026-09-02,KXHIGHAUS-26SEP01-T103,104° or above,104.0,999.0,0,1,99,100,922.03,high
21,2026-09-02T05:39:40Z,KAUS,2026-09-02,KXHIGHAUS-26SEP01-B98.5,98° to 99°,98.0,99.0,0,1,99,100,9883.63,high
22,2026-09-02T05:39:40Z,KAUS,2026-09-02,KXHIGHAUS-26SEP01-B96.5,96° to 97°,96.0,97.0,0,1,99,100,7833.98,high
23,2026-09-02T05:39:40Z,KAUS,2026-09-02,KXHIGHAUS-26SEP01-B102.5,102° to 103°,102.0,103.0,0,1,99,100,7572.03,high
24,2026-09-02T05:39:40Z,KAUS,2026-09-02,KXHIGHAUS-26SEP01-B100.5,100° to 101°,100.0,101.0,99,100,0,1,13556.32,high
25,2026-09-02T05:39:40Z,KAUS,2026-09-02,KXLOWTAUS-26SEP02-T78,79° or above,79.0,999.0,2,5,95,98,81.0,low
26,2026-09-02T05:39:40Z,KAUS,2026-09-02,KXLOWTAUS-26SEP02-T71,70° or below,-999.0,70.0,0,2,98,100,399.0,low
27,2026-09-02T05:39:40Z,KAUS,2026-09-02,KXLOWTAUS-26SEP02-B77.5,77° to 78°,77.0,78.0,9,17,83,91,105.0,low
28,2026-09-02T05:39:40Z,KAUS,2026-09-02,KXLOWTAUS-26SEP02-B75.5,75° to 76°,75.0,76.0,27,35,65,73,122.01,low
29,2026-09-02T05:39:40Z,KAUS,2026-09-02,KXLOWTAUS-26SEP02-B73.5,73° to 74°,73.0,74.0,27,37,63,73,266.13,low
30,2026-09-02T05:39:40Z,KAUS,2026-09-02,KXLOWTAUS-26SEP02-B71.5,71° to 72°,71.0,72.0,15,18,82,85,302.9,low
31,2026-09-02T05:39:40Z,KAUS,2026-09-02,KXLOWTAUS-26SEP01-T78,79° or above,79.0,999.0,0,1,99,100,460.01,low
32,2026-09-02T05:39:40Z,KAUS,2026-09-02,KXLOWTAUS-26SEP01-T71,70° or below,-999.0,70.0,0,1,99,100,418.99,low
33,2026-09-02T05:39:40Z,KAUS,2026-09-02,KXLOWTAUS-26SEP01-B77.5,77° to 78°,77.0,78.0,0,1,99,100,744.74,low
34,2026-09-02T05:39:40Z,KAUS,2026-09-02,KXLOWTAUS-26SEP01-B75.5,75° to 76°,75.0,76.0,0,1,99,100,1401.14,low
35,2026-09-02T05:39:40Z,KAUS,2026-09-02,KXLOWTAUS-26SEP01-B73.5,73° to 74°,73.0,74.0,99,100,0,1,2069.14,low
36,2026-09-02T05:39:40Z,KAUS,2026-09-02,KXLOWTAUS-26SEP01-B71.5,71° to 72°,71.0,72.0,0,1,99,100,842.59,low
37,2026-09-02T05:39:40Z,KBOS,2026-09-02,KXHIGHTBOS-26SEP02-T77,78° or above,78.0,999.0,0,1,99,100,669.86,high
38,2026-09-02T05:39:40Z,KBOS,2026-09-02,KXHIGHTBOS-26SEP02-T70,69° or below,-999.0,69.0,7,9,91,93,227.9,high
39,2026-09-02T05:39:40Z,KBOS,2026-09-02,KXHIGHTBOS-26SEP02-B76.5,76° to 77°,76.0,77.0,2,3,97,98,232.0,high
40,2026-09-02T05:39:40Z,KBOS,2026-09-02,KXHIGHTBOS-26SEP02-B74.5,74° to 75°,74.0,75.0,6,7,93,94,127.0,high
41,2026-09-02T05:39:40Z,KBOS,2026-09-02,KXHIGHTBOS-26SEP02-B72.5,72° to 73°,72.0,73.0,47,48,52,53,354.4,high
42,2026-09-02T05:39:40Z,KBOS,2026-09-02,KXHIGHTBOS-26SEP02-B70.5,70° to 71°,70.0,71.0,38,39,61,62,369.45,high
43,2026-09-02T05:39:40Z,KBOS,2026-09-02,KXLOWTBOS-26SEP02-T66,67° or above,67.0,999.0,0,1,99,100,98.0,low
44,2026-09-02T05:39:40Z,KBOS,2026-09-02,KXLOWTBOS-26SEP02-T59,58° or below,-999.0,58.0,0,2,98,100,601.63,low
45,2026-09-02T05:39:40Z,KBOS,2026-09-02,KXLOWTBOS-26SEP02-B65.5,65° to 66°,65.0,66.0,0,1,99,100,786.65,low
46,2026-09-02T05:39:40Z,KBOS,2026-09-02,KXLOWTBOS-26SEP02-B63.5,63° to 64°,63.0,64.0,78,83,17,22,270.02,low
47,2026-09-02T05:39:40Z,KBOS,2026-09-02,KXLOWTBOS-26SEP02-B61.5,61° to 62°,61.0,62.0,7,15,85,93,159.71,low
48,2026-09-02T05:39:40Z,KBOS,2026-09-02,KXLOWTBOS-26SEP02-B59.5,59° to 60°,59.0,60.0,2,6,94,98,141.91,low
397,2026-09-02T05:39:40Z,KDCA,2026-09-02,KXHIGHTDC-26SEP02-T94,95° or above,95.0,999.0,6,7,93,94,418.58,high
398,2026-09-02T05:39:40Z,KDCA,2026-09-02,KXHIGHTDC-26SEP02-T87,86° or below,-999.0,86.0,8,11,89,92,817.2,high
399,2026-09-02T05:39:40Z,KDCA,2026-09-02,KXHIGHTDC-26SEP02-B93.5,93° to 94°,93.0,94.0,20,22,78,80,851.68,high
400,2026-09-02T05:39:40Z,KDCA,2026-09-02,KXHIGHTDC-26SEP02-B91.5,91° to 92°,91.0,92.0,26,35,65,74,807.15,high
401,2026-09-02T05:39:40Z,KDCA,2026-09-02,KXHIGHTDC-26SEP02-B89.5,89° to 90°,89.0,90.0,19,22,78,81,460.36,high
402,2026-09-02T05:39:40Z,KDCA,2026-09-02,KXHIGHTDC-26SEP02-B87.5,87° to 88°,87.0,88.0,14,17,83,86,662.12,high
403,2026-09-02T05:39:40Z,KDCA,2026-09-02,KXLOWTDC-26SEP02-T78,79° or above,79.0,999.0,7,12,88,93,363.0,low
404,2026-09-02T05:39:40Z,KDCA,2026-09-02,KXLOWTDC-26SEP02-T71,70° or below,-999.0,70.0,3,6,94,97,25.0,low
405,2026-09-02T05:39:40Z,KDCA,2026-09-02,KXLOWTDC-26SEP02-B77.5,77° to 78°,77.0,78.0,39,53,47,61,500.09,low
406,2026-09-02T05:39:40Z,KDCA,2026-09-02,KXLOWTDC-26SEP02-B75.5,75° to 76°,75.0,76.0,23,32,68,77,0.0,low
407,2026-09-02T05:39:40Z,KDCA,2026-09-02,KXLOWTDC-26SEP02-B73.5,73° to 74°,73.0,74.0,6,15,85,94,91.58,low
408,2026-09-02T05:39:40Z,KDCA,2026-09-02,KXLOWTDC-26SEP02-B71.5,71° to 72°,71.0,72.0,2,6,94,98,0.0,low
97,2026-09-02T05:39:40Z,KDEN,2026-09-02,KXHIGHDEN-26SEP02-T94,95° or above,95.0,999.0,0,1,99,100,776.74,high
98,2026-09-02T05:39:40Z,KDEN,2026-09-02,KXHIGHDEN-26SEP02-T87,86° or below,-999.0,86.0,4,5,95,96,521.01,high
99,2026-09-02T05:39:40Z,KDEN,2026-09-02,KXHIGHDEN-26SEP02-B93.5,93° to 94°,93.0,94.0,2,3,97,98,42.67,high
100,2026-09-02T05:39:40Z,KDEN,2026-09-02,KXHIGHDEN-26SEP02-B91.5,91° to 92°,91.0,92.0,16,17,83,84,363.57,high
101,2026-09-02T05:39:40Z,KDEN,2026-09-02,KXHIGHDEN-26SEP02-B89.5,89° to 90°,89.0,90.0,51,54,46,49,397.68,high
102,2026-09-02T05:39:40Z,KDEN,2026-09-02,KXHIGHDEN-26SEP02-B87.5,87° to 88°,87.0,88.0,25,27,73,75,274.35,high
103,2026-09-02T05:39:40Z,KDEN,2026-09-02,KXHIGHDEN-26SEP01-T88,89° or above,89.0,999.0,0,1,99,100,8577.9,high
104,2026-09-02T05:39:40Z,KDEN,2026-09-02,KXHIGHDEN-26SEP01-T81,80° or below,-999.0,80.0,0,1,99,100,3936.69,high
105,2026-09-02T05:39:40Z,KDEN,2026-09-02,KXHIGHDEN-26SEP01-B87.5,87° to 88°,87.0,88.0,99,100,0,1,13782.79,high
106,2026-09-02T05:39:40Z,KDEN,2026-09-02,KXHIGHDEN-26SEP01-B85.5,85° to 86°,85.0,86.0,0,1,99,100,10997.73,high
107,2026-09-02T05:39:40Z,KDEN,2026-09-02,KXHIGHDEN-26SEP01-B83.5,83° to 84°,83.0,84.0,0,1,99,100,5647.97,high
108,2026-09-02T05:39:40Z,KDEN,2026-09-02,KXHIGHDEN-26SEP01-B81.5,81° to 82°,81.0,82.0,0,1,99,100,5569.22,high
109,2026-09-02T05:39:40Z,KDEN,2026-09-02,KXLOWTDEN-26SEP02-T61,62° or above,62.0,999.0,2,7,93,98,13.0,low
110,2026-09-02T05:39:40Z,KDEN,2026-09-02,KXLOWTDEN-26SEP02-T54,53° or below,-999.0,53.0,2,8,92,98,0.0,low
111,2026-09-02T05:39:40Z,KDEN,2026-09-02,KXLOWTDEN-26SEP02-B60.5,60° to 61°,60.0,61.0,12,19,81,88,323.0,low
112,2026-09-02T05:39:40Z,KDEN,2026-09-02,KXLOWTDEN-26SEP02-B58.5,58° to 59°,58.0,59.0,34,37,63,66,337.73,low
113,2026-09-02T05:39:40Z,KDEN,2026-09-02,KXLOWTDEN-26SEP02-B56.5,56° to 57°,56.0,57.0,22,30,70,78,37.0,low
114,2026-09-02T05:39:40Z,KDEN,2026-09-02,KXLOWTDEN-26SEP02-B54.5,54° to 55°,54.0,55.0,7,12,88,93,82.0,low
115,2026-09-02T05:39:40Z,KDEN,2026-09-02,KXLOWTDEN-26SEP01-T63,64° or above,64.0,999.0,0,1,99,100,773.0,low
116,2026-09-02T05:39:40Z,KDEN,2026-09-02,KXLOWTDEN-26SEP01-T56,55° or below,-999.0,55.0,0,3,97,100,840.81,low
117,2026-09-02T05:39:40Z,KDEN,2026-09-02,KXLOWTDEN-26SEP01-B62.5,62° to 63°,62.0,63.0,0,1,99,100,1339.36,low
118,2026-09-02T05:39:40Z,KDEN,2026-09-02,KXLOWTDEN-26SEP01-B60.5,60° to 61°,60.0,61.0,97,98,2,3,4740.45,low
119,2026-09-02T05:39:40Z,KDEN,2026-09-02,KXLOWTDEN-26SEP01-B58.5,58° to 59°,58.0,59.0,1,4,96,99,2528.27,low
120,2026-09-02T05:39:40Z,KDEN,2026-09-02,KXLOWTDEN-26SEP01-B56.5,56° to 57°,56.0,57.0,0,1,99,100,836.03,low
73,2026-09-02T05:39:40Z,KDFW,2026-09-02,KXHIGHTDAL-26SEP02-T96,95° or below,-999.0,95.0,10,12,88,90,421.91,high
74,2026-09-02T05:39:40Z,KDFW,2026-09-02,KXHIGHTDAL-26SEP02-T103,104° or above,104.0,999.0,0,1,99,100,350.0,high
75,2026-09-02T05:39:40Z,KDFW,2026-09-02,KXHIGHTDAL-26SEP02-B98.5,98° to 99°,98.0,99.0,45,47,53,55,1304.16,high
76,2026-09-02T05:39:40Z,KDFW,2026-09-02,KXHIGHTDAL-26SEP02-B96.5,96° to 97°,96.0,97.0,35,37,63,65,1558.93,high
77,2026-09-02T05:39:40Z,KDFW,2026-09-02,KXHIGHTDAL-26SEP02-B102.5,102° to 103°,102.0,103.0,0,1,99,100,533.33,high
78,2026-09-02T05:39:40Z,KDFW,2026-09-02,KXHIGHTDAL-26SEP02-B100.5,100° to 101°,100.0,101.0,9,11,89,91,283.69,high
79,2026-09-02T05:39:40Z,KDFW,2026-09-02,KXHIGHTDAL-26SEP01-T98,97° or below,-999.0,97.0,0,1,99,100,5678.05,high
80,2026-09-02T05:39:40Z,KDFW,2026-09-02,KXHIGHTDAL-26SEP01-T105,106° or above,106.0,999.0,0,1,99,100,568.0,high
81,2026-09-02T05:39:40Z,KDFW,2026-09-02,KXHIGHTDAL-26SEP01-B98.5,98° to 99°,98.0,99.0,0,1,99,100,13373.26,high
82,2026-09-02T05:39:40Z,KDFW,2026-09-02,KXHIGHTDAL-26SEP01-B104.5,104° to 105°,104.0,105.0,0,1,99,100,610.91,high
83,2026-09-02T05:39:40Z,KDFW,2026-09-02,KXHIGHTDAL-26SEP01-B102.5,102° to 103°,102.0,103.0,0,1,99,100,3812.84,high
84,2026-09-02T05:39:40Z,KDFW,2026-09-02,KXHIGHTDAL-26SEP01-B100.5,100° to 101°,100.0,101.0,99,100,0,1,10808.61,high
85,2026-09-02T05:39:40Z,KDFW,2026-09-02,KXLOWTDAL-26SEP02-T80,81° or above,81.0,999.0,8,15,85,92,333.36,low
86,2026-09-02T05:39:40Z,KDFW,2026-09-02,KXLOWTDAL-26SEP02-T73,72° or below,-999.0,72.0,0,2,98,100,81.0,low
87,2026-09-02T05:39:40Z,KDFW,2026-09-02,KXLOWTDAL-26SEP02-B79.5,79° to 80°,79.0,80.0,61,63,37,39,893.88,low
88,2026-09-02T05:39:40Z,KDFW,2026-09-02,KXLOWTDAL-26SEP02-B77.5,77° to 78°,77.0,78.0,19,28,72,81,320.47,low
89,2026-09-02T05:39:40Z,KDFW,2026-09-02,KXLOWTDAL-26SEP02-B75.5,75° to 76°,75.0,76.0,2,5,95,98,114.35,low
90,2026-09-02T05:39:40Z,KDFW,2026-09-02,KXLOWTDAL-26SEP02-B73.5,73° to 74°,73.0,74.0,0,3,97,100,128.3,low
91,2026-09-02T05:39:40Z,KDFW,2026-09-02,KXLOWTDAL-26SEP01-T82,83° or above,83.0,999.0,0,1,99,100,362.75,low
92,2026-09-02T05:39:40Z,KDFW,2026-09-02,KXLOWTDAL-26SEP01-T75,74° or below,-999.0,74.0,0,2,98,100,340.12,low
93,2026-09-02T05:39:40Z,KDFW,2026-09-02,KXLOWTDAL-26SEP01-B81.5,81° to 82°,81.0,82.0,0,1,99,100,1149.15,low
94,2026-09-02T05:39:40Z,KDFW,2026-09-02,KXLOWTDAL-26SEP01-B79.5,79° to 80°,79.0,80.0,98,100,0,2,2079.12,low
95,2026-09-02T05:39:40Z,KDFW,2026-09-02,KXLOWTDAL-26SEP01-B77.5,77° to 78°,77.0,78.0,1,5,95,99,181.93,low
96,2026-09-02T05:39:40Z,KDFW,2026-09-02,KXLOWTDAL-26SEP01-B75.5,75° to 76°,75.0,76.0,0,3,97,100,88.0,low
121,2026-09-02T05:39:40Z,KIAH,2026-09-02,KXHIGHTHOU-26SEP02-T96,97° or above,97.0,999.0,0,1,99,100,662.21,high
122,2026-09-02T05:39:40Z,KIAH,2026-09-02,KXHIGHTHOU-26SEP02-T89,88° or below,-999.0,88.0,22,23,77,78,743.22,high
123,2026-09-02T05:39:40Z,KIAH,2026-09-02,KXHIGHTHOU-26SEP02-B95.5,95° to 96°,95.0,96.0,7,10,90,93,1047.8,high
124,2026-09-02T05:39:40Z,KIAH,2026-09-02,KXHIGHTHOU-26SEP02-B93.5,93° to 94°,93.0,94.0,18,19,81,82,668.75,high
125,2026-09-02T05:39:40Z,KIAH,2026-09-02,KXHIGHTHOU-26SEP02-B91.5,91° to 92°,91.0,92.0,26,27,73,74,343.1,high
126,2026-09-02T05:39:40Z,KIAH,2026-09-02,KXHIGHTHOU-26SEP02-B89.5,89° to 90°,89.0,90.0,24,25,75,76,509.08,high
127,2026-09-02T05:39:40Z,KIAH,2026-09-02,KXHIGHTHOU-26SEP01-T96,97° or above,97.0,999.0,0,1,99,100,884.2,high
128,2026-09-02T05:39:40Z,KIAH,2026-09-02,KXHIGHTHOU-26SEP01-T89,88° or below,-999.0,88.0,99,100,0,1,19614.31,high
129,2026-09-02T05:39:40Z,KIAH,2026-09-02,KXHIGHTHOU-26SEP01-B95.5,95° to 96°,95.0,96.0,0,1,99,100,1165.8,high
130,2026-09-02T05:39:40Z,KIAH,2026-09-02,KXHIGHTHOU-26SEP01-B93.5,93° to 94°,93.0,94.0,0,1,99,100,1688.19,high
131,2026-09-02T05:39:40Z,KIAH,2026-09-02,KXHIGHTHOU-26SEP01-B91.5,91° to 92°,91.0,92.0,0,1,99,100,8025.18,high
132,2026-09-02T05:39:40Z,KIAH,2026-09-02,KXHIGHTHOU-26SEP01-B89.5,89° to 90°,89.0,90.0,0,1,99,100,12820.71,high
133,2026-09-02T05:39:40Z,KIAH,2026-09-02,KXLOWTHOU-26SEP02-T79,80° or above,80.0,999.0,5,14,86,95,49.0,low
134,2026-09-02T05:39:40Z,KIAH,2026-09-02,KXLOWTHOU-26SEP02-T72,71° or below,-999.0,71.0,0,2,98,100,12.0,low
135,2026-09-02T05:39:40Z,KIAH,2026-09-02,KXLOWTHOU-26SEP02-B78.5,78° to 79°,78.0,79.0,53,62,38,47,503.22,low
136,2026-09-02T05:39:40Z,KIAH,2026-09-02,KXLOWTHOU-26SEP02-B76.5,76° to 77°,76.0,77.0,23,30,70,77,159.0,low
137,2026-09-02T05:39:40Z,KIAH,2026-09-02,KXLOWTHOU-26SEP02-B74.5,74° to 75°,74.0,75.0,15,20,80,85,100.0,low
138,2026-09-02T05:39:40Z,KIAH,2026-09-02,KXLOWTHOU-26SEP02-B72.5,72° to 73°,72.0,73.0,1,3,97,99,26.0,low
139,2026-09-02T05:39:40Z,KIAH,2026-09-02,KXLOWTHOU-26SEP01-T79,80° or above,80.0,999.0,0,1,99,100,5008.83,low
140,2026-09-02T05:39:40Z,KIAH,2026-09-02,KXLOWTHOU-26SEP01-T72,71° or below,-999.0,71.0,0,2,98,100,1328.82,low
141,2026-09-02T05:39:40Z,KIAH,2026-09-02,KXLOWTHOU-26SEP01-B78.5,78° to 79°,78.0,79.0,93,97,3,7,4379.84,low
142,2026-09-02T05:39:40Z,KIAH,2026-09-02,KXLOWTHOU-26SEP01-B76.5,76° to 77°,76.0,77.0,1,9,91,99,1055.6,low
143,2026-09-02T05:39:40Z,KIAH,2026-09-02,KXLOWTHOU-26SEP01-B74.5,74° to 75°,74.0,75.0,0,5,95,100,1374.62,low
144,2026-09-02T05:39:40Z,KIAH,2026-09-02,KXLOWTHOU-26SEP01-B72.5,72° to 73°,72.0,73.0,0,2,98,100,666.25,low
145,2026-09-02T05:39:40Z,KLAS,2026-09-02,KXHIGHTLV-26SEP02-T98,99° or above,99.0,999.0,0,1,99,100,528.06,high
146,2026-09-02T05:39:40Z,KLAS,2026-09-02,KXHIGHTLV-26SEP02-T91,90° or below,-999.0,90.0,0,1,99,100,524.0,high
147,2026-09-02T05:39:40Z,KLAS,2026-09-02,KXHIGHTLV-26SEP02-B97.5,97° to 98°,97.0,98.0,5,6,94,95,73.51,high
148,2026-09-02T05:39:40Z,KLAS,2026-09-02,KXHIGHTLV-26SEP02-B95.5,95° to 96°,95.0,96.0,50,51,49,50,934.78,high
149,2026-09-02T05:39:40Z,KLAS,2026-09-02,KXHIGHTLV-26SEP02-B93.5,93° to 94°,93.0,94.0,36,41,59,64,605.67,high
150,2026-09-02T05:39:40Z,KLAS,2026-09-02,KXHIGHTLV-26SEP02-B91.5,91° to 92°,91.0,92.0,7,8,92,93,1067.56,high
151,2026-09-02T05:39:40Z,KLAS,2026-09-02,KXHIGHTLV-26SEP01-T99,100° or above,100.0,999.0,0,1,99,100,4839.51,high
152,2026-09-02T05:39:40Z,KLAS,2026-09-02,KXHIGHTLV-26SEP01-T92,91° or below,-999.0,91.0,0,1,99,100,439.0,high
153,2026-09-02T05:39:40Z,KLAS,2026-09-02,KXHIGHTLV-26SEP01-B98.5,98° to 99°,98.0,99.0,0,1,99,100,8137.6,high
154,2026-09-02T05:39:40Z,KLAS,2026-09-02,KXHIGHTLV-26SEP01-B96.5,96° to 97°,96.0,97.0,99,100,0,1,5247.62,high
155,2026-09-02T05:39:40Z,KLAS,2026-09-02,KXHIGHTLV-26SEP01-B94.5,94° to 95°,94.0,95.0,0,1,99,100,5331.81,high
156,2026-09-02T05:39:40Z,KLAS,2026-09-02,KXHIGHTLV-26SEP01-B92.5,92° to 93°,92.0,93.0,0,1,99,100,1094.74,high
157,2026-09-02T05:39:40Z,KLAS,2026-09-02,KXLOWTLV-26SEP02-T71,72° or above,72.0,999.0,89,97,3,11,241.99,low
158,2026-09-02T05:39:40Z,KLAS,2026-09-02,KXLOWTLV-26SEP02-T64,63° or below,-999.0,63.0,0,1,99,100,0.0,low
159,2026-09-02T05:39:40Z,KLAS,2026-09-02,KXLOWTLV-26SEP02-B70.5,70° to 71°,70.0,71.0,2,9,91,98,1.0,low
160,2026-09-02T05:39:40Z,KLAS,2026-09-02,KXLOWTLV-26SEP02-B68.5,68° to 69°,68.0,69.0,2,5,95,98,1.0,low
161,2026-09-02T05:39:40Z,KLAS,2026-09-02,KXLOWTLV-26SEP02-B66.5,66° to 67°,66.0,67.0,0,4,96,100,45.0,low
162,2026-09-02T05:39:40Z,KLAS,2026-09-02,KXLOWTLV-26SEP02-B64.5,64° to 65°,64.0,65.0,0,4,96,100,35.0,low
163,2026-09-02T05:39:40Z,KLAS,2026-09-02,KXLOWTLV-26SEP01-T75,76° or above,76.0,999.0,98,99,1,2,1589.6,low
164,2026-09-02T05:39:40Z,KLAS,2026-09-02,KXLOWTLV-26SEP01-T68,67° or below,-999.0,67.0,0,1,99,100,466.35,low
165,2026-09-02T05:39:40Z,KLAS,2026-09-02,KXLOWTLV-26SEP01-B74.5,74° to 75°,74.0,75.0,0,2,98,100,151.53,low
166,2026-09-02T05:39:40Z,KLAS,2026-09-02,KXLOWTLV-26SEP01-B72.5,72° to 73°,72.0,73.0,0,1,99,100,60.34,low
167,2026-09-02T05:39:40Z,KLAS,2026-09-02,KXLOWTLV-26SEP01-B70.5,70° to 71°,70.0,71.0,0,1,99,100,92.82,low
168,2026-09-02T05:39:40Z,KLAS,2026-09-02,KXLOWTLV-26SEP01-B68.5,68° to 69°,68.0,69.0,0,1,99,100,43.0,low
169,2026-09-02T05:39:40Z,KLAX,2026-09-02,KXHIGHLAX-26SEP02-T78,79° or above,79.0,999.0,13,15,85,87,10436.61,high
170,2026-09-02T05:39:40Z,KLAX,2026-09-02,KXHIGHLAX-26SEP02-T71,70° or below,-999.0,70.0,0,1,99,100,1455.52,high
171,2026-09-02T05:39:40Z,KLAX,2026-09-02,KXHIGHLAX-26SEP02-B77.5,77° to 78°,77.0,78.0,54,55,45,46,6802.18,high
172,2026-09-02T05:39:40Z,KLAX,2026-09-02,KXHIGHLAX-26SEP02-B75.5,75° to 76°,75.0,76.0,33,34,66,67,6934.2,high
173,2026-09-02T05:39:40Z,KLAX,2026-09-02,KXHIGHLAX-26SEP02-B73.5,73° to 74°,73.0,74.0,2,3,97,98,4167.51,high
174,2026-09-02T05:39:40Z,KLAX,2026-09-02,KXHIGHLAX-26SEP02-B71.5,71° to 72°,71.0,72.0,0,1,99,100,2277.45,high
175,2026-09-02T05:39:40Z,KLAX,2026-09-02,KXHIGHLAX-26SEP01-T83,84° or above,84.0,999.0,0,1,99,100,38641.7,high
176,2026-09-02T05:39:40Z,KLAX,2026-09-02,KXHIGHLAX-26SEP01-T76,75° or below,-999.0,75.0,0,1,99,100,181419.42,high
177,2026-09-02T05:39:40Z,KLAX,2026-09-02,KXHIGHLAX-26SEP01-B82.5,82° to 83°,82.0,83.0,0,1,99,100,76997.44,high
178,2026-09-02T05:39:40Z,KLAX,2026-09-02,KXHIGHLAX-26SEP01-B80.5,80° to 81°,80.0,81.0,0,1,99,100,95411.31,high
179,2026-09-02T05:39:40Z,KLAX,2026-09-02,KXHIGHLAX-26SEP01-B78.5,78° to 79°,78.0,79.0,0,1,99,100,78549.35,high
180,2026-09-02T05:39:40Z,KLAX,2026-09-02,KXHIGHLAX-26SEP01-B76.5,76° to 77°,76.0,77.0,99,100,0,1,107559.53,high
181,2026-09-02T05:39:40Z,KLAX,2026-09-02,KXLOWTLAX-26SEP02-T64,65° or above,65.0,999.0,22,31,69,78,422.01,low
182,2026-09-02T05:39:40Z,KLAX,2026-09-02,KXLOWTLAX-26SEP02-T57,56° or below,-999.0,56.0,0,1,99,100,110.0,low
183,2026-09-02T05:39:40Z,KLAX,2026-09-02,KXLOWTLAX-26SEP02-B63.5,63° to 64°,63.0,64.0,47,56,44,53,594.71,low
184,2026-09-02T05:39:40Z,KLAX,2026-09-02,KXLOWTLAX-26SEP02-B61.5,61° to 62°,61.0,62.0,24,25,75,76,576.59,low
185,2026-09-02T05:39:40Z,KLAX,2026-09-02,KXLOWTLAX-26SEP02-B59.5,59° to 60°,59.0,60.0,7,8,92,93,206.33,low
186,2026-09-02T05:39:40Z,KLAX,2026-09-02,KXLOWTLAX-26SEP02-B57.5,57° to 58°,57.0,58.0,0,1,99,100,241.13,low
187,2026-09-02T05:39:40Z,KLAX,2026-09-02,KXLOWTLAX-26SEP01-T65,66° or above,66.0,999.0,83,87,13,17,3292.2,low
188,2026-09-02T05:39:40Z,KLAX,2026-09-02,KXLOWTLAX-26SEP01-T58,57° or below,-999.0,57.0,0,1,99,100,218.47,low
189,2026-09-02T05:39:40Z,KLAX,2026-09-02,KXLOWTLAX-26SEP01-B64.5,64° to 65°,64.0,65.0,14,15,85,86,1293.7,low
190,2026-09-02T05:39:40Z,KLAX,2026-09-02,KXLOWTLAX-26SEP01-B62.5,62° to 63°,62.0,63.0,0,5,95,100,1055.57,low
191,2026-09-02T05:39:40Z,KLAX,2026-09-02,KXLOWTLAX-26SEP01-B60.5,60° to 61°,60.0,61.0,0,1,99,100,328.22,low
192,2026-09-02T05:39:40Z,KLAX,2026-09-02,KXLOWTLAX-26SEP01-B58.5,58° to 59°,58.0,59.0,0,1,99,100,308.45,low
49,2026-09-02T05:39:40Z,KMDW,2026-09-02,KXHIGHCHI-26SEP02-T99,100° or above,100.0,999.0,1,3,97,99,1137.66,high
50,2026-09-02T05:39:40Z,KMDW,2026-09-02,KXHIGHCHI-26SEP02-T92,91° or below,-999.0,91.0,3,4,96,97,554.95,high
51,2026-09-02T05:39:40Z,KMDW,2026-09-02,KXHIGHCHI-26SEP02-B98.5,98° to 99°,98.0,99.0,4,5,95,96,752.59,high
52,2026-09-02T05:39:40Z,KMDW,2026-09-02,KXHIGHCHI-26SEP02-B96.5,96° to 97°,96.0,97.0,35,36,64,65,1654.59,high
53,2026-09-02T05:39:40Z,KMDW,2026-09-02,KXHIGHCHI-26SEP02-B94.5,94° to 95°,94.0,95.0,45,46,54,55,965.68,high
54,2026-09-02T05:39:40Z,KMDW,2026-09-02,KXHIGHCHI-26SEP02-B92.5,92° to 93°,92.0,93.0,10,11,89,90,1633.84,high
55,2026-09-02T05:39:40Z,KMDW,2026-09-02,KXHIGHCHI-26SEP01-T94,95° or above,95.0,999.0,0,1,99,100,35338.07,high
56,2026-09-02T05:39:40Z,KMDW,2026-09-02,KXHIGHCHI-26SEP01-T87,86° or below,-999.0,86.0,0,1,99,100,5015.44,high
57,2026-09-02T05:39:40Z,KMDW,2026-09-02,KXHIGHCHI-26SEP01-B93.5,93° to 94°,93.0,94.0,99,100,0,1,26574.18,high
58,2026-09-02T05:39:40Z,KMDW,2026-09-02,KXHIGHCHI-26SEP01-B91.5,91° to 92°,91.0,92.0,0,1,99,100,17166.62,high
59,2026-09-02T05:39:40Z,KMDW,2026-09-02,KXHIGHCHI-26SEP01-B89.5,89° to 90°,89.0,90.0,0,1,99,100,9085.54,high
60,2026-09-02T05:39:40Z,KMDW,2026-09-02,KXHIGHCHI-26SEP01-B87.5,87° to 88°,87.0,88.0,0,1,99,100,4555.22,high
61,2026-09-02T05:39:40Z,KMDW,2026-09-02,KXLOWTCHI-26SEP02-T77,78° or above,78.0,999.0,41,45,55,59,725.7,low
62,2026-09-02T05:39:40Z,KMDW,2026-09-02,KXLOWTCHI-26SEP02-T70,69° or below,-999.0,69.0,0,1,99,100,105.0,low
63,2026-09-02T05:39:40Z,KMDW,2026-09-02,KXLOWTCHI-26SEP02-B76.5,76° to 77°,76.0,77.0,41,45,55,59,238.16,low
64,2026-09-02T05:39:40Z,KMDW,2026-09-02,KXLOWTCHI-26SEP02-B74.5,74° to 75°,74.0,75.0,16,22,78,84,170.99,low
65,2026-09-02T05:39:40Z,KMDW,2026-09-02,KXLOWTCHI-26SEP02-B72.5,72° to 73°,72.0,73.0,0,1,99,100,280.0,low
66,2026-09-02T05:39:40Z,KMDW,2026-09-02,KXLOWTCHI-26SEP02-B70.5,70° to 71°,70.0,71.0,0,1,99,100,198.0,low
67,2026-09-02T05:39:40Z,KMDW,2026-09-02,KXLOWTCHI-26SEP01-T76,77° or above,77.0,999.0,98,99,1,2,3156.27,low
68,2026-09-02T05:39:40Z,KMDW,2026-09-02,KXLOWTCHI-26SEP01-T69,68° or below,-999.0,68.0,0,1,99,100,706.0,low
69,2026-09-02T05:39:40Z,KMDW,2026-09-02,KXLOWTCHI-26SEP01-B75.5,75° to 76°,75.0,76.0,1,2,98,99,932.3,low
70,2026-09-02T05:39:40Z,KMDW,2026-09-02,KXLOWTCHI-26SEP01-B73.5,73° to 74°,73.0,74.0,0,3,97,100,749.41,low
71,2026-09-02T05:39:40Z,KMDW,2026-09-02,KXLOWTCHI-26SEP01-B71.5,71° to 72°,71.0,72.0,0,1,99,100,114.01,low
72,2026-09-02T05:39:40Z,KMDW,2026-09-02,KXLOWTCHI-26SEP01-B69.5,69° to 70°,69.0,70.0,0,5,95,100,756.29,low
193,2026-09-02T05:39:40Z,KMIA,2026-09-02,KXHIGHMIA-26SEP02-T93,94° or above,94.0,999.0,4,6,94,96,2163.99,high
194,2026-09-02T05:39:40Z,KMIA,2026-09-02,KXHIGHMIA-26SEP02-T86,85° or below,-999.0,85.0,0,1,99,100,643.99,high
195,2026-09-02T05:39:40Z,KMIA,2026-09-02,KXHIGHMIA-26SEP02-B92.5,92° to 93°,92.0,93.0,35,36,64,65,1675.59,high
196,2026-09-02T05:39:40Z,KMIA,2026-09-02,KXHIGHMIA-26SEP02-B90.5,90° to 91°,90.0,91.0,48,49,51,52,1990.88,high
197,2026-09-02T05:39:40Z,KMIA,2026-09-02,KXHIGHMIA-26SEP02-B88.5,88° to 89°,88.0,89.0,8,10,90,92,1515.65,high
198,2026-09-02T05:39:40Z,KMIA,2026-09-02,KXHIGHMIA-26SEP02-B86.5,86° to 87°,86.0,87.0,1,2,98,99,1740.76,high
199,2026-09-02T05:39:40Z,KMIA,2026-09-02,KXLOWTMIA-26SEP02-T81,82° or above,82.0,999.0,0,1,99,100,403.85,low
200,2026-09-02T05:39:40Z,KMIA,2026-09-02,KXLOWTMIA-26SEP02-T74,73° or below,-999.0,73.0,2,7,93,98,393.11,low
201,2026-09-02T05:39:40Z,KMIA,2026-09-02,KXLOWTMIA-26SEP02-B80.5,80° to 81°,80.0,81.0,0,1,99,100,723.35,low
202,2026-09-02T05:39:40Z,KMIA,2026-09-02,KXLOWTMIA-26SEP02-B78.5,78° to 79°,78.0,79.0,0,1,99,100,593.08,low
203,2026-09-02T05:39:40Z,KMIA,2026-09-02,KXLOWTMIA-26SEP02-B76.5,76° to 77°,76.0,77.0,53,85,15,47,471.25,low
204,2026-09-02T05:39:40Z,KMIA,2026-09-02,KXLOWTMIA-26SEP02-B74.5,74° to 75°,74.0,75.0,15,23,77,85,350.44,low
205,2026-09-02T05:39:40Z,KMSP,2026-09-02,KXHIGHTMIN-26SEP02-T88,89° or above,89.0,999.0,14,15,85,86,747.88,high
206,2026-09-02T05:39:40Z,KMSP,2026-09-02,KXHIGHTMIN-26SEP02-T81,80° or below,-999.0,80.0,4,5,95,96,124.01,high
207,2026-09-02T05:39:40Z,KMSP,2026-09-02,KXHIGHTMIN-26SEP02-B87.5,87° to 88°,87.0,88.0,28,31,69,72,148.09,high
208,2026-09-02T05:39:40Z,KMSP,2026-09-02,KXHIGHTMIN-26SEP02-B85.5,85° to 86°,85.0,86.0,31,36,64,69,249.83,high
209,2026-09-02T05:39:40Z,KMSP,2026-09-02,KXHIGHTMIN-26SEP02-B83.5,83° to 84°,83.0,84.0,12,14,86,88,232.92,high
210,2026-09-02T05:39:40Z,KMSP,2026-09-02,KXHIGHTMIN-26SEP02-B81.5,81° to 82°,81.0,82.0,9,10,90,91,556.32,high
211,2026-09-02T05:39:40Z,KMSP,2026-09-02,KXHIGHTMIN-26SEP01-T94,95° or above,95.0,999.0,0,1,99,100,2190.95,high
212,2026-09-02T05:39:40Z,KMSP,2026-09-02,KXHIGHTMIN-26SEP01-T87,86° or below,-999.0,86.0,0,1,99,100,5482.55,high
213,2026-09-02T05:39:40Z,KMSP,2026-09-02,KXHIGHTMIN-26SEP01-B93.5,93° to 94°,93.0,94.0,0,1,99,100,2139.76,high
214,2026-09-02T05:39:40Z,KMSP,2026-09-02,KXHIGHTMIN-26SEP01-B91.5,91° to 92°,91.0,92.0,0,1,99,100,8737.35,high
215,2026-09-02T05:39:40Z,KMSP,2026-09-02,KXHIGHTMIN-26SEP01-B89.5,89° to 90°,89.0,90.0,99,100,0,1,6496.4,high
216,2026-09-02T05:39:40Z,KMSP,2026-09-02,KXHIGHTMIN-26SEP01-B87.5,87° to 88°,87.0,88.0,0,1,99,100,4286.82,high
217,2026-09-02T05:39:40Z,KMSP,2026-09-02,KXLOWTMIN-26SEP02-T67,68° or above,68.0,999.0,15,23,77,85,90.25,low
218,2026-09-02T05:39:40Z,KMSP,2026-09-02,KXLOWTMIN-26SEP02-T60,59° or below,-999.0,59.0,1,4,96,99,65.0,low
219,2026-09-02T05:39:40Z,KMSP,2026-09-02,KXLOWTMIN-26SEP02-B66.5,66° to 67°,66.0,67.0,49,57,43,51,130.0,low
220,2026-09-02T05:39:40Z,KMSP,2026-09-02,KXLOWTMIN-26SEP02-B64.5,64° to 65°,64.0,65.0,20,25,75,80,17.0,low
221,2026-09-02T05:39:40Z,KMSP,2026-09-02,KXLOWTMIN-26SEP02-B62.5,62° to 63°,62.0,63.0,3,6,94,97,0.0,low
222,2026-09-02T05:39:40Z,KMSP,2026-09-02,KXLOWTMIN-26SEP02-B60.5,60° to 61°,60.0,61.0,2,4,96,98,13.0,low
223,2026-09-02T05:39:40Z,KMSP,2026-09-02,KXLOWTMIN-26SEP01-T67,68° or above,68.0,999.0,0,1,99,100,580.37,low
224,2026-09-02T05:39:40Z,KMSP,2026-09-02,KXLOWTMIN-26SEP01-T60,59° or below,-999.0,59.0,0,2,98,100,177.71,low
225,2026-09-02T05:39:40Z,KMSP,2026-09-02,KXLOWTMIN-26SEP01-B66.5,66° to 67°,66.0,67.0,0,1,99,100,906.06,low
226,2026-09-02T05:39:40Z,KMSP,2026-09-02,KXLOWTMIN-26SEP01-B64.5,64° to 65°,64.0,65.0,98,100,0,2,994.1,low
227,2026-09-02T05:39:40Z,KMSP,2026-09-02,KXLOWTMIN-26SEP01-B62.5,62° to 63°,62.0,63.0,0,3,97,100,228.03,low
228,2026-09-02T05:39:40Z,KMSP,2026-09-02,KXLOWTMIN-26SEP01-B60.5,60° to 61°,60.0,61.0,0,2,98,100,198.35,low
229,2026-09-02T05:39:40Z,KMSY,2026-09-02,KXHIGHTNOLA-26SEP02-T95,96° or above,96.0,999.0,1,3,97,99,172.08,high
230,2026-09-02T05:39:40Z,KMSY,2026-09-02,KXHIGHTNOLA-26SEP02-T88,87° or below,-999.0,87.0,1,2,98,99,314.66,high
231,2026-09-02T05:39:40Z,KMSY,2026-09-02,KXHIGHTNOLA-26SEP02-B94.5,94° to 95°,94.0,95.0,6,9,91,94,41.19,high
232,2026-09-02T05:39:40Z,KMSY,2026-09-02,KXHIGHTNOLA-26SEP02-B92.5,92° to 93°,92.0,93.0,57,58,42,43,408.32,high
233,2026-09-02T05:39:40Z,KMSY,2026-09-02,KXHIGHTNOLA-26SEP02-B90.5,90° to 91°,90.0,91.0,34,37,63,66,473.29,high
234,2026-09-02T05:39:40Z,KMSY,2026-09-02,KXHIGHTNOLA-26SEP02-B88.5,88° to 89°,88.0,89.0,4,6,94,96,147.43,high
235,2026-09-02T05:39:40Z,KMSY,2026-09-02,KXHIGHTNOLA-26SEP01-T94,95° or above,95.0,999.0,0,1,99,100,2848.51,high
236,2026-09-02T05:39:40Z,KMSY,2026-09-02,KXHIGHTNOLA-26SEP01-T87,86° or below,-999.0,86.0,0,1,99,100,831.01,high
237,2026-09-02T05:39:40Z,KMSY,2026-09-02,KXHIGHTNOLA-26SEP01-B93.5,93° to 94°,93.0,94.0,0,1,99,100,4116.88,high
238,2026-09-02T05:39:40Z,KMSY,2026-09-02,KXHIGHTNOLA-26SEP01-B91.5,91° to 92°,91.0,92.0,99,100,0,1,3078.88,high
239,2026-09-02T05:39:40Z,KMSY,2026-09-02,KXHIGHTNOLA-26SEP01-B89.5,89° to 90°,89.0,90.0,0,1,99,100,5651.18,high
240,2026-09-02T05:39:40Z,KMSY,2026-09-02,KXHIGHTNOLA-26SEP01-B87.5,87° to 88°,87.0,88.0,0,1,99,100,875.4,high
241,2026-09-02T05:39:40Z,KMSY,2026-09-02,KXLOWTNOLA-26SEP02-T79,80° or above,80.0,999.0,2,6,94,98,75.56,low
242,2026-09-02T05:39:40Z,KMSY,2026-09-02,KXLOWTNOLA-26SEP02-T72,71° or below,-999.0,71.0,0,5,95,100,0.0,low
243,2026-09-02T05:39:40Z,KMSY,2026-09-02,KXLOWTNOLA-26SEP02-B78.5,78° to 79°,78.0,79.0,34,41,59,66,187.0,low
244,2026-09-02T05:39:40Z,KMSY,2026-09-02,KXLOWTNOLA-26SEP02-B76.5,76° to 77°,76.0,77.0,40,47,53,60,196.0,low
245,2026-09-02T05:39:40Z,KMSY,2026-09-02,KXLOWTNOLA-26SEP02-B74.5,74° to 75°,74.0,75.0,10,15,85,90,3.0,low
246,2026-09-02T05:39:40Z,KMSY,2026-09-02,KXLOWTNOLA-26SEP02-B72.5,72° to 73°,72.0,73.0,2,4,96,98,0.0,low
247,2026-09-02T05:39:40Z,KMSY,2026-09-02,KXLOWTNOLA-26SEP01-T79,80° or above,80.0,999.0,60,93,7,40,1341.08,low
248,2026-09-02T05:39:40Z,KMSY,2026-09-02,KXLOWTNOLA-26SEP01-T72,71° or below,-999.0,71.0,0,2,98,100,32.67,low
249,2026-09-02T05:39:40Z,KMSY,2026-09-02,KXLOWTNOLA-26SEP01-B78.5,78° to 79°,78.0,79.0,9,40,60,91,539.55,low
250,2026-09-02T05:39:40Z,KMSY,2026-09-02,KXLOWTNOLA-26SEP01-B76.5,76° to 77°,76.0,77.0,0,19,81,100,931.11,low
251,2026-09-02T05:39:40Z,KMSY,2026-09-02,KXLOWTNOLA-26SEP01-B74.5,74° to 75°,74.0,75.0,0,1,99,100,101.01,low
252,2026-09-02T05:39:40Z,KMSY,2026-09-02,KXLOWTNOLA-26SEP01-B72.5,72° to 73°,72.0,73.0,0,3,97,100,88.0,low
253,2026-09-02T05:39:40Z,KNYC,2026-09-02,KXHIGHNY-26SEP02-T82,83° or above,83.0,999.0,0,1,99,100,1618.06,high
254,2026-09-02T05:39:40Z,KNYC,2026-09-02,KXHIGHNY-26SEP02-T75,74° or below,-999.0,74.0,63,65,35,37,4751.49,high
255,2026-09-02T05:39:40Z,KNYC,2026-09-02,KXHIGHNY-26SEP02-B81.5,81° to 82°,81.0,82.0,1,2,98,99,1228.92,high
256,2026-09-02T05:39:40Z,KNYC,2026-09-02,KXHIGHNY-26SEP02-B79.5,79° to 80°,79.0,80.0,2,3,97,98,963.02,high
257,2026-09-02T05:39:40Z,KNYC,2026-09-02,KXHIGHNY-26SEP02-B77.5,77° to 78°,77.0,78.0,5,6,94,95,3027.84,high
258,2026-09-02T05:39:40Z,KNYC,2026-09-02,KXHIGHNY-26SEP02-B75.5,75° to 76°,75.0,76.0,27,28,72,73,1737.27,high
259,2026-09-02T05:39:40Z,KNYC,2026-09-02,KXLOWTNYC-26SEP02-T71,72° or above,72.0,999.0,0,1,99,100,332.01,low
260,2026-09-02T05:39:40Z,KNYC,2026-09-02,KXLOWTNYC-26SEP02-T64,63° or below,-999.0,63.0,6,21,79,94,734.07,low
261,2026-09-02T05:39:40Z,KNYC,2026-09-02,KXLOWTNYC-26SEP02-B70.5,70° to 71°,70.0,71.0,0,1,99,100,183.0,low
262,2026-09-02T05:39:40Z,KNYC,2026-09-02,KXLOWTNYC-26SEP02-B68.5,68° to 69°,68.0,69.0,0,1,99,100,704.73,low
263,2026-09-02T05:39:40Z,KNYC,2026-09-02,KXLOWTNYC-26SEP02-B66.5,66° to 67°,66.0,67.0,13,45,55,87,849.93,low
264,2026-09-02T05:39:40Z,KNYC,2026-09-02,KXLOWTNYC-26SEP02-B64.5,64° to 65°,64.0,65.0,39,70,30,61,1005.43,low
265,2026-09-02T05:39:40Z,KOKC,2026-09-02,KXHIGHTOKC-26SEP02-T96,95° or below,-999.0,95.0,0,1,99,100,138.0,high
266,2026-09-02T05:39:40Z,KOKC,2026-09-02,KXHIGHTOKC-26SEP02-T103,104° or above,104.0,999.0,1,2,98,99,564.02,high
267,2026-09-02T05:39:40Z,KOKC,2026-09-02,KXHIGHTOKC-26SEP02-B98.5,98° to 99°,98.0,99.0,36,39,61,64,623.6,high
268,2026-09-02T05:39:40Z,KOKC,2026-09-02,KXHIGHTOKC-26SEP02-B96.5,96° to 97°,96.0,97.0,3,4,96,97,236.0,high
269,2026-09-02T05:39:40Z,KOKC,2026-09-02,KXHIGHTOKC-26SEP02-B102.5,102° to 103°,102.0,103.0,9,13,87,91,177.5,high
270,2026-09-02T05:39:40Z,KOKC,2026-09-02,KXHIGHTOKC-26SEP02-B100.5,100° to 101°,100.0,101.0,52,53,47,48,1445.62,high
271,2026-09-02T05:39:40Z,KOKC,2026-09-02,KXHIGHTOKC-26SEP01-T97,96° or below,-999.0,96.0,0,1,99,100,2174.35,high
272,2026-09-02T05:39:40Z,KOKC,2026-09-02,KXHIGHTOKC-26SEP01-T104,105° or above,105.0,999.0,0,1,99,100,2755.47,high
273,2026-09-02T05:39:40Z,KOKC,2026-09-02,KXHIGHTOKC-26SEP01-B99.5,99° to 100°,99.0,100.0,0,1,99,100,14909.44,high
274,2026-09-02T05:39:40Z,KOKC,2026-09-02,KXHIGHTOKC-26SEP01-B97.5,97° to 98°,97.0,98.0,0,1,99,100,6739.54,high
275,2026-09-02T05:39:40Z,KOKC,2026-09-02,KXHIGHTOKC-26SEP01-B103.5,103° to 104°,103.0,104.0,0,1,99,100,2916.14,high
276,2026-09-02T05:39:40Z,KOKC,2026-09-02,KXHIGHTOKC-26SEP01-B101.5,101° to 102°,101.0,102.0,99,100,0,1,7040.8,high
277,2026-09-02T05:39:40Z,KOKC,2026-09-02,KXLOWTOKC-26SEP02-T76,77° or above,77.0,999.0,9,18,82,91,87.0,low
278,2026-09-02T05:39:40Z,KOKC,2026-09-02,KXLOWTOKC-26SEP02-T69,68° or below,-999.0,68.0,0,2,98,100,124.0,low
279,2026-09-02T05:39:40Z,KOKC,2026-09-02,KXLOWTOKC-26SEP02-B75.5,75° to 76°,75.0,76.0,21,30,70,79,35.18,low
280,2026-09-02T05:39:40Z,KOKC,2026-09-02,KXLOWTOKC-26SEP02-B73.5,73° to 74°,73.0,74.0,33,42,58,67,288.28,low
281,2026-09-02T05:39:40Z,KOKC,2026-09-02,KXLOWTOKC-26SEP02-B71.5,71° to 72°,71.0,72.0,15,20,80,85,411.56,low
282,2026-09-02T05:39:40Z,KOKC,2026-09-02,KXLOWTOKC-26SEP02-B69.5,69° to 70°,69.0,70.0,3,6,94,97,63.0,low
283,2026-09-02T05:39:40Z,KOKC,2026-09-02,KXLOWTOKC-26SEP01-T76,77° or above,77.0,999.0,0,1,99,100,480.46,low
284,2026-09-02T05:39:40Z,KOKC,2026-09-02,KXLOWTOKC-26SEP01-T69,68° or below,-999.0,68.0,0,1,99,100,1162.35,low
285,2026-09-02T05:39:40Z,KOKC,2026-09-02,KXLOWTOKC-26SEP01-B75.5,75° to 76°,75.0,76.0,0,1,99,100,917.89,low
286,2026-09-02T05:39:40Z,KOKC,2026-09-02,KXLOWTOKC-26SEP01-B73.5,73° to 74°,73.0,74.0,0,1,99,100,1577.62,low
287,2026-09-02T05:39:40Z,KOKC,2026-09-02,KXLOWTOKC-26SEP01-B71.5,71° to 72°,71.0,72.0,99,100,0,1,2885.35,low
288,2026-09-02T05:39:40Z,KOKC,2026-09-02,KXLOWTOKC-26SEP01-B69.5,69° to 70°,69.0,70.0,0,1,99,100,874.74,low
289,2026-09-02T05:39:40Z,KPHL,2026-09-02,KXHIGHPHIL-26SEP02-T89,90° or above,90.0,999.0,0,1,99,100,279.6,high
290,2026-09-02T05:39:40Z,KPHL,2026-09-02,KXHIGHPHIL-26SEP02-T82,81° or below,-999.0,81.0,75,76,24,25,966.71,high
291,2026-09-02T05:39:40Z,KPHL,2026-09-02,KXHIGHPHIL-26SEP02-B88.5,88° to 89°,88.0,89.0,0,1,99,100,281.0,high
292,2026-09-02T05:39:40Z,KPHL,2026-09-02,KXHIGHPHIL-26SEP02-B86.5,86° to 87°,86.0,87.0,1,2,98,99,226.35,high
293,2026-09-02T05:39:40Z,KPHL,2026-09-02,KXHIGHPHIL-26SEP02-B84.5,84° to 85°,84.0,85.0,5,6,94,95,786.33,high
294,2026-09-02T05:39:40Z,KPHL,2026-09-02,KXHIGHPHIL-26SEP02-B82.5,82° to 83°,82.0,83.0,18,19,81,82,239.43,high
295,2026-09-02T05:39:40Z,KPHL,2026-09-02,KXLOWTPHIL-26SEP02-T73,74° or above,74.0,999.0,1,11,89,99,322.73,low
296,2026-09-02T05:39:40Z,KPHL,2026-09-02,KXLOWTPHIL-26SEP02-T66,65° or below,-999.0,65.0,0,6,94,100,21.0,low
297,2026-09-02T05:39:40Z,KPHL,2026-09-02,KXLOWTPHIL-26SEP02-B72.5,72° to 73°,72.0,73.0,28,58,42,72,372.0,low
298,2026-09-02T05:39:40Z,KPHL,2026-09-02,KXLOWTPHIL-26SEP02-B70.5,70° to 71°,70.0,71.0,32,37,63,68,37.2,low
299,2026-09-02T05:39:40Z,KPHL,2026-09-02,KXLOWTPHIL-26SEP02-B68.5,68° to 69°,68.0,69.0,5,13,87,95,166.01,low
300,2026-09-02T05:39:40Z,KPHL,2026-09-02,KXLOWTPHIL-26SEP02-B66.5,66° to 67°,66.0,67.0,2,4,96,98,52.0,low
301,2026-09-02T05:39:40Z,KPHX,2026-09-02,KXHIGHTPHX-26SEP02-T98,97° or below,-999.0,97.0,1,2,98,99,320.26,high
302,2026-09-02T05:39:40Z,KPHX,2026-09-02,KXHIGHTPHX-26SEP02-T105,106° or above,106.0,999.0,6,7,93,94,611.15,high
303,2026-09-02T05:39:40Z,KPHX,2026-09-02,KXHIGHTPHX-26SEP02-B98.5,98° to 99°,98.0,99.0,1,3,97,99,273.32,high
304,2026-09-02T05:39:40Z,KPHX,2026-09-02,KXHIGHTPHX-26SEP02-B104.5,104° to 105°,104.0,105.0,43,44,56,57,912.29,high
305,2026-09-02T05:39:40Z,KPHX,2026-09-02,KXHIGHTPHX-26SEP02-B102.5,102° to 103°,102.0,103.0,45,46,54,55,1491.09,high
306,2026-09-02T05:39:40Z,KPHX,2026-09-02,KXHIGHTPHX-26SEP02-B100.5,100° to 101°,100.0,101.0,7,9,91,93,617.86,high
307,2026-09-02T05:39:40Z,KPHX,2026-09-02,KXHIGHTPHX-26SEP01-T98,97° or below,-999.0,97.0,0,1,99,100,6424.98,high
308,2026-09-02T05:39:40Z,KPHX,2026-09-02,KXHIGHTPHX-26SEP01-T105,106° or above,106.0,999.0,0,1,99,100,1551.95,high
309,2026-09-02T05:39:40Z,KPHX,2026-09-02,KXHIGHTPHX-26SEP01-B98.5,98° to 99°,98.0,99.0,0,1,99,100,13891.62,high
310,2026-09-02T05:39:40Z,KPHX,2026-09-02,KXHIGHTPHX-26SEP01-B104.5,104° to 105°,104.0,105.0,0,1,99,100,4871.46,high
311,2026-09-02T05:39:40Z,KPHX,2026-09-02,KXHIGHTPHX-26SEP01-B102.5,102° to 103°,102.0,103.0,0,1,99,100,8949.4,high
312,2026-09-02T05:39:40Z,KPHX,2026-09-02,KXHIGHTPHX-26SEP01-B100.5,100° to 101°,100.0,101.0,99,100,0,1,11877.64,high
313,2026-09-02T05:39:40Z,KPHX,2026-09-02,KXLOWTPHX-26SEP02-T82,83° or above,83.0,999.0,65,72,28,35,815.81,low
314,2026-09-02T05:39:40Z,KPHX,2026-09-02,KXLOWTPHX-26SEP02-T75,74° or below,-999.0,74.0,0,4,96,100,6.0,low
315,2026-09-02T05:39:40Z,KPHX,2026-09-02,KXLOWTPHX-26SEP02-B81.5,81° to 82°,81.0,82.0,20,24,76,80,79.91,low
316,2026-09-02T05:39:40Z,KPHX,2026-09-02,KXLOWTPHX-26SEP02-B79.5,79° to 80°,79.0,80.0,2,7,93,98,137.6,low
317,2026-09-02T05:39:40Z,KPHX,2026-09-02,KXLOWTPHX-26SEP02-B77.5,77° to 78°,77.0,78.0,3,5,95,97,3.0,low
318,2026-09-02T05:39:40Z,KPHX,2026-09-02,KXLOWTPHX-26SEP02-B75.5,75° to 76°,75.0,76.0,0,2,98,100,95.32,low
319,2026-09-02T05:39:40Z,KPHX,2026-09-02,KXLOWTPHX-26SEP01-T81,82° or above,82.0,999.0,0,1,99,100,1793.54,low
320,2026-09-02T05:39:40Z,KPHX,2026-09-02,KXLOWTPHX-26SEP01-T74,73° or below,-999.0,73.0,0,2,98,100,292.34,low
321,2026-09-02T05:39:40Z,KPHX,2026-09-02,KXLOWTPHX-26SEP01-B80.5,80° to 81°,80.0,81.0,95,99,1,5,1327.66,low
322,2026-09-02T05:39:40Z,KPHX,2026-09-02,KXLOWTPHX-26SEP01-B78.5,78° to 79°,78.0,79.0,0,2,98,100,1114.34,low
323,2026-09-02T05:39:40Z,KPHX,2026-09-02,KXLOWTPHX-26SEP01-B76.5,76° to 77°,76.0,77.0,0,1,99,100,375.49,low
324,2026-09-02T05:39:40Z,KPHX,2026-09-02,KXLOWTPHX-26SEP01-B74.5,74° to 75°,74.0,75.0,0,1,99,100,161.5,low
325,2026-09-02T05:39:40Z,KSAT,2026-09-02,KXHIGHTSATX-26SEP02-T98,97° or below,-999.0,97.0,3,4,96,97,157.08,high
326,2026-09-02T05:39:40Z,KSAT,2026-09-02,KXHIGHTSATX-26SEP02-T105,106° or above,106.0,999.0,0,1,99,100,157.0,high
327,2026-09-02T05:39:40Z,KSAT,2026-09-02,KXHIGHTSATX-26SEP02-B98.5,98° to 99°,98.0,99.0,14,15,85,86,315.71,high
328,2026-09-02T05:39:40Z,KSAT,2026-09-02,KXHIGHTSATX-26SEP02-B104.5,104° to 105°,104.0,105.0,1,2,98,99,73.38,high
329,2026-09-02T05:39:40Z,KSAT,2026-09-02,KXHIGHTSATX-26SEP02-B102.5,102° to 103°,102.0,103.0,15,16,84,85,543.03,high
330,2026-09-02T05:39:40Z,KSAT,2026-09-02,KXHIGHTSATX-26SEP02-B100.5,100° to 101°,100.0,101.0,62,63,37,38,516.44,high
331,2026-09-02T05:39:40Z,KSAT,2026-09-02,KXHIGHTSATX-26SEP01-T97,96° or below,-999.0,96.0,0,1,99,100,1531.57,high
332,2026-09-02T05:39:40Z,KSAT,2026-09-02,KXHIGHTSATX-26SEP01-T104,105° or above,105.0,999.0,0,1,99,100,294.0,high
333,2026-09-02T05:39:40Z,KSAT,2026-09-02,KXHIGHTSATX-26SEP01-B99.5,99° to 100°,99.0,100.0,0,1,99,100,4242.38,high
334,2026-09-02T05:39:40Z,KSAT,2026-09-02,KXHIGHTSATX-26SEP01-B97.5,97° to 98°,97.0,98.0,99,100,0,1,5064.28,high
335,2026-09-02T05:39:40Z,KSAT,2026-09-02,KXHIGHTSATX-26SEP01-B103.5,103° to 104°,103.0,104.0,0,1,99,100,418.0,high
336,2026-09-02T05:39:40Z,KSAT,2026-09-02,KXHIGHTSATX-26SEP01-B101.5,101° to 102°,101.0,102.0,0,1,99,100,857.77,high
337,2026-09-02T05:39:40Z,KSAT,2026-09-02,KXLOWTSATX-26SEP02-T78,79° or above,79.0,999.0,33,39,61,67,363.02,low
338,2026-09-02T05:39:40Z,KSAT,2026-09-02,KXLOWTSATX-26SEP02-T71,70° or below,-999.0,70.0,0,4,96,100,6.0,low
339,2026-09-02T05:39:40Z,KSAT,2026-09-02,KXLOWTSATX-26SEP02-B77.5,77° to 78°,77.0,78.0,44,53,47,56,450.35,low
340,2026-09-02T05:39:40Z,KSAT,2026-09-02,KXLOWTSATX-26SEP02-B75.5,75° to 76°,75.0,76.0,4,11,89,96,3.0,low
341,2026-09-02T05:39:40Z,KSAT,2026-09-02,KXLOWTSATX-26SEP02-B73.5,73° to 74°,73.0,74.0,2,11,89,98,335.0,low
342,2026-09-02T05:39:40Z,KSAT,2026-09-02,KXLOWTSATX-26SEP02-B71.5,71° to 72°,71.0,72.0,1,3,97,99,53.0,low
343,2026-09-02T05:39:40Z,KSAT,2026-09-02,KXLOWTSATX-26SEP01-T77,78° or above,78.0,999.0,98,100,0,2,1413.54,low
344,2026-09-02T05:39:40Z,KSAT,2026-09-02,KXLOWTSATX-26SEP01-T70,69° or below,-999.0,69.0,0,5,95,100,11.74,low
345,2026-09-02T05:39:40Z,KSAT,2026-09-02,KXLOWTSATX-26SEP01-B76.5,76° to 77°,76.0,77.0,0,4,96,100,533.0,low
346,2026-09-02T05:39:40Z,KSAT,2026-09-02,KXLOWTSATX-26SEP01-B74.5,74° to 75°,74.0,75.0,0,4,96,100,126.12,low
347,2026-09-02T05:39:40Z,KSAT,2026-09-02,KXLOWTSATX-26SEP01-B72.5,72° to 73°,72.0,73.0,0,3,97,100,101.0,low
348,2026-09-02T05:39:40Z,KSAT,2026-09-02,KXLOWTSATX-26SEP01-B70.5,70° to 71°,70.0,71.0,0,2,98,100,80.0,low
373,2026-09-02T05:39:40Z,KSEA,2026-09-02,KXHIGHTSEA-26SEP02-T71,72° or above,72.0,999.0,2,3,97,98,976.37,high
374,2026-09-02T05:39:40Z,KSEA,2026-09-02,KXHIGHTSEA-26SEP02-T64,63° or below,-999.0,63.0,7,9,91,93,484.26,high
375,2026-09-02T05:39:40Z,KSEA,2026-09-02,KXHIGHTSEA-26SEP02-B70.5,70° to 71°,70.0,71.0,5,7,93,95,373.61,high
376,2026-09-02T05:39:40Z,KSEA,2026-09-02,KXHIGHTSEA-26SEP02-B68.5,68° to 69°,68.0,69.0,34,35,65,66,579.72,high
377,2026-09-02T05:39:40Z,KSEA,2026-09-02,KXHIGHTSEA-26SEP02-B66.5,66° to 67°,66.0,67.0,34,36,64,66,211.29,high
378,2026-09-02T05:39:40Z,KSEA,2026-09-02,KXHIGHTSEA-26SEP02-B64.5,64° to 65°,64.0,65.0,18,21,79,82,297.96,high
379,2026-09-02T05:39:40Z,KSEA,2026-09-02,KXHIGHTSEA-26SEP01-T77,78° or above,78.0,999.0,0,1,99,100,686.35,high
380,2026-09-02T05:39:40Z,KSEA,2026-09-02,KXHIGHTSEA-26SEP01-T70,69° or below,-999.0,69.0,99,100,0,1,12126.05,high
381,2026-09-02T05:39:40Z,KSEA,2026-09-02,KXHIGHTSEA-26SEP01-B76.5,76° to 77°,76.0,77.0,0,1,99,100,2673.0,high
382,2026-09-02T05:39:40Z,KSEA,2026-09-02,KXHIGHTSEA-26SEP01-B74.5,74° to 75°,74.0,75.0,0,1,99,100,6622.94,high
383,2026-09-02T05:39:40Z,KSEA,2026-09-02,KXHIGHTSEA-26SEP01-B72.5,72° to 73°,72.0,73.0,0,1,99,100,6874.83,high
384,2026-09-02T05:39:40Z,KSEA,2026-09-02,KXHIGHTSEA-26SEP01-B70.5,70° to 71°,70.0,71.0,0,1,99,100,8748.81,high
385,2026-09-02T05:39:40Z,KSEA,2026-09-02,KXLOWTSEA-26SEP02-T57,58° or above,58.0,999.0,8,12,88,92,163.22,low
386,2026-09-02T05:39:40Z,KSEA,2026-09-02,KXLOWTSEA-26SEP02-T50,49° or below,-999.0,49.0,1,3,97,99,207.01,low
387,2026-09-02T05:39:40Z,KSEA,2026-09-02,KXLOWTSEA-26SEP02-B56.5,56° to 57°,56.0,57.0,27,33,67,73,24.0,low
388,2026-09-02T05:39:40Z,KSEA,2026-09-02,KXLOWTSEA-26SEP02-B54.5,54° to 55°,54.0,55.0,47,54,46,53,262.64,low
389,2026-09-02T05:39:40Z,KSEA,2026-09-02,KXLOWTSEA-26SEP02-B52.5,52° to 53°,52.0,53.0,12,15,85,88,6.0,low
390,2026-09-02T05:39:40Z,KSEA,2026-09-02,KXLOWTSEA-26SEP02-B50.5,50° to 51°,50.0,51.0,2,4,96,98,0.0,low
391,2026-09-02T05:39:40Z,KSEA,2026-09-02,KXLOWTSEA-26SEP01-T56,57° or above,57.0,999.0,88,95,5,12,2501.82,low
392,2026-09-02T05:39:40Z,KSEA,2026-09-02,KXLOWTSEA-26SEP01-T49,48° or below,-999.0,48.0,0,2,98,100,655.68,low
393,2026-09-02T05:39:40Z,KSEA,2026-09-02,KXLOWTSEA-26SEP01-B55.5,55° to 56°,55.0,56.0,6,9,91,94,965.28,low
394,2026-09-02T05:39:40Z,KSEA,2026-09-02,KXLOWTSEA-26SEP01-B53.5,53° to 54°,53.0,54.0,0,2,98,100,716.14,low
395,2026-09-02T05:39:40Z,KSEA,2026-09-02,KXLOWTSEA-26SEP01-B51.5,51° to 52°,51.0,52.0,0,2,98,100,353.0,low
396,2026-09-02T05:39:40Z,KSEA,2026-09-02,KXLOWTSEA-26SEP01-B49.5,49° to 50°,49.0,50.0,0,1,99,100,386.0,low
349,2026-09-02T05:39:40Z,KSFO,2026-09-02,KXHIGHTSFO-26SEP02-T74,75° or above,75.0,999.0,23,25,75,77,1426.34,high
350,2026-09-02T05:39:40Z,KSFO,2026-09-02,KXHIGHTSFO-26SEP02-T67,66° or below,-999.0,66.0,0,1,99,100,495.21,high
351,2026-09-02T05:39:40Z,KSFO,2026-09-02,KXHIGHTSFO-26SEP02-B73.5,73° to 74°,73.0,74.0,38,43,57,62,1214.68,high
352,2026-09-02T05:39:40Z,KSFO,2026-09-02,KXHIGHTSFO-26SEP02-B71.5,71° to 72°,71.0,72.0,29,30,70,71,686.59,high
353,2026-09-02T05:39:40Z,KSFO,2026-09-02,KXHIGHTSFO-26SEP02-B69.5,69° to 70°,69.0,70.0,6,7,93,94,150.0,high
354,2026-09-02T05:39:40Z,KSFO,2026-09-02,KXHIGHTSFO-26SEP02-B67.5,67° to 68°,67.0,68.0,1,3,97,99,179.0,high
355,2026-09-02T05:39:40Z,KSFO,2026-09-02,KXHIGHTSFO-26SEP01-T72,73° or above,73.0,999.0,0,1,99,100,11448.32,high
356,2026-09-02T05:39:40Z,KSFO,2026-09-02,KXHIGHTSFO-26SEP01-T65,64° or below,-999.0,64.0,0,1,99,100,1393.15,high
357,2026-09-02T05:39:40Z,KSFO,2026-09-02,KXHIGHTSFO-26SEP01-B71.5,71° to 72°,71.0,72.0,99,100,0,1,14909.99,high
358,2026-09-02T05:39:40Z,KSFO,2026-09-02,KXHIGHTSFO-26SEP01-B69.5,69° to 70°,69.0,70.0,0,1,99,100,9703.82,high
359,2026-09-02T05:39:40Z,KSFO,2026-09-02,KXHIGHTSFO-26SEP01-B67.5,67° to 68°,67.0,68.0,0,1,99,100,5167.44,high
360,2026-09-02T05:39:40Z,KSFO,2026-09-02,KXHIGHTSFO-26SEP01-B65.5,65° to 66°,65.0,66.0,0,1,99,100,1561.57,high
361,2026-09-02T05:39:40Z,KSFO,2026-09-02,KXLOWTSFO-26SEP02-T59,60° or above,60.0,999.0,11,13,87,89,614.0,low
362,2026-09-02T05:39:40Z,KSFO,2026-09-02,KXLOWTSFO-26SEP02-T52,51° or below,-999.0,51.0,0,1,99,100,41.0,low
363,2026-09-02T05:39:40Z,KSFO,2026-09-02,KXLOWTSFO-26SEP02-B58.5,58° to 59°,58.0,59.0,43,50,50,57,334.0,low
364,2026-09-02T05:39:40Z,KSFO,2026-09-02,KXLOWTSFO-26SEP02-B56.5,56° to 57°,56.0,57.0,38,41,59,62,81.38,low
365,2026-09-02T05:39:40Z,KSFO,2026-09-02,KXLOWTSFO-26SEP02-B54.5,54° to 55°,54.0,55.0,1,6,94,99,83.0,low
366,2026-09-02T05:39:40Z,KSFO,2026-09-02,KXLOWTSFO-26SEP02-B52.5,52° to 53°,52.0,53.0,0,4,96,100,51.0,low
367,2026-09-02T05:39:40Z,KSFO,2026-09-02,KXLOWTSFO-26SEP01-T59,60° or above,60.0,999.0,54,89,11,46,1032.88,low
368,2026-09-02T05:39:40Z,KSFO,2026-09-02,KXLOWTSFO-26SEP01-T52,51° or below,-999.0,51.0,0,2,98,100,10.67,low
369,2026-09-02T05:39:40Z,KSFO,2026-09-02,KXLOWTSFO-26SEP01-B58.5,58° to 59°,58.0,59.0,10,11,89,90,558.69,low
370,2026-09-02T05:39:40Z,KSFO,2026-09-02,KXLOWTSFO-26SEP01-B56.5,56° to 57°,56.0,57.0,1,2,98,99,296.46,low
371,2026-09-02T05:39:40Z,KSFO,2026-09-02,KXLOWTSFO-26SEP01-B54.5,54° to 55°,54.0,55.0,0,1,99,100,49.0,low
372,2026-09-02T05:39:40Z,KSFO,2026-09-02,KXLOWTSFO-26SEP01-B52.5,52° to 53°,52.0,53.0,0,2,98,100,59.0,low
1,2026-09-02T11:08:48Z,KATL,2026-09-02,KXHIGHTATL-26SEP02-T93,92° or below,-999.0,92.0,0,1,99,100,687.67,high
2,2026-09-02T11:08:48Z,KATL,2026-09-02,KXHIGHTATL-26SEP02-T100,101° or above,101.0,999.0,0,1,99,100,832.93,high
3,2026-09-02T11:08:48Z,KATL,2026-09-02,KXHIGHTATL-26SEP02-B99.5,99° to 100°,99.0,100.0,4,6,94,96,1163.01,high
4,2026-09-02T11:08:48Z,KATL,2026-09-02,KXHIGHTATL-26SEP02-B97.5,97° to 98°,97.0,98.0,52,53,47,48,1259.3,high
5,2026-09-02T11:08:48Z,KATL,2026-09-02,KXHIGHTATL-26SEP02-B95.5,95° to 96°,95.0,96.0,36,38,62,64,1340.64,high
6,2026-09-02T11:08:48Z,KATL,2026-09-02,KXHIGHTATL-26SEP02-B93.5,93° to 94°,93.0,94.0,3,4,96,97,470.56,high
7,2026-09-02T11:08:48Z,KATL,2026-09-02,KXLOWTATL-26SEP02-T77,78° or above,78.0,999.0,0,1,99,100,917.22,low
8,2026-09-02T11:08:48Z,KATL,2026-09-02,KXLOWTATL-26SEP02-T70,69° or below,-999.0,69.0,0,2,98,100,72.0,low
9,2026-09-02T11:08:48Z,KATL,2026-09-02,KXLOWTATL-26SEP02-B76.5,76° to 77°,76.0,77.0,61,68,32,39,1819.49,low
10,2026-09-02T11:08:48Z,KATL,2026-09-02,KXLOWTATL-26SEP02-B74.5,74° to 75°,74.0,75.0,23,65,35,77,699.65,low
11,2026-09-02T11:08:48Z,KATL,2026-09-02,KXLOWTATL-26SEP02-B72.5,72° to 73°,72.0,73.0,1,4,96,99,271.14,low
12,2026-09-02T11:08:48Z,KATL,2026-09-02,KXLOWTATL-26SEP02-B70.5,70° to 71°,70.0,71.0,0,3,97,100,99.64,low
13,2026-09-02T11:08:48Z,KAUS,2026-09-02,KXHIGHAUS-26SEP02-T96,95° or below,-999.0,95.0,0,1,99,100,1397.83,high
14,2026-09-02T11:08:48Z,KAUS,2026-09-02,KXHIGHAUS-26SEP02-T103,104° or above,104.0,999.0,0,1,99,100,1330.57,high
15,2026-09-02T11:08:48Z,KAUS,2026-09-02,KXHIGHAUS-26SEP02-B98.5,98° to 99°,98.0,99.0,9,10,90,91,1850.1,high
16,2026-09-02T11:08:48Z,KAUS,2026-09-02,KXHIGHAUS-26SEP02-B96.5,96° to 97°,96.0,97.0,0,1,99,100,1592.72,high
17,2026-09-02T11:08:48Z,KAUS,2026-09-02,KXHIGHAUS-26SEP02-B102.5,102° to 103°,102.0,103.0,35,37,63,65,4537.38,high
18,2026-09-02T11:08:48Z,KAUS,2026-09-02,KXHIGHAUS-26SEP02-B100.5,100° to 101°,100.0,101.0,56,58,42,44,2268.87,high
19,2026-09-02T11:08:48Z,KAUS,2026-09-02,KXLOWTAUS-26SEP02-T78,79° or above,79.0,999.0,0,1,99,100,678.0,low
20,2026-09-02T11:08:48Z,KAUS,2026-09-02,KXLOWTAUS-26SEP02-T71,70° or below,-999.0,70.0,2,6,94,98,1269.02,low
21,2026-09-02T11:08:48Z,KAUS,2026-09-02,KXLOWTAUS-26SEP02-B77.5,77° to 78°,77.0,78.0,0,1,99,100,774.0,low
22,2026-09-02T11:08:48Z,KAUS,2026-09-02,KXLOWTAUS-26SEP02-B75.5,75° to 76°,75.0,76.0,0,1,99,100,1151.72,low
23,2026-09-02T11:08:48Z,KAUS,2026-09-02,KXLOWTAUS-26SEP02-B73.5,73° to 74°,73.0,74.0,49,81,19,51,1101.98,low
24,2026-09-02T11:08:48Z,KAUS,2026-09-02,KXLOWTAUS-26SEP02-B71.5,71° to 72°,71.0,72.0,37,78,22,63,1394.92,low
25,2026-09-02T11:08:48Z,KBOS,2026-09-02,KXHIGHTBOS-26SEP02-T77,78° or above,78.0,999.0,0,1,99,100,669.86,high
26,2026-09-02T11:08:48Z,KBOS,2026-09-02,KXHIGHTBOS-26SEP02-T70,69° or below,-999.0,69.0,5,6,94,95,359.63,high
27,2026-09-02T11:08:48Z,KBOS,2026-09-02,KXHIGHTBOS-26SEP02-B76.5,76° to 77°,76.0,77.0,1,2,98,99,515.17,high
28,2026-09-02T11:08:48Z,KBOS,2026-09-02,KXHIGHTBOS-26SEP02-B74.5,74° to 75°,74.0,75.0,9,13,87,91,997.32,high
29,2026-09-02T11:08:48Z,KBOS,2026-09-02,KXHIGHTBOS-26SEP02-B72.5,72° to 73°,72.0,73.0,52,63,37,48,786.33,high
30,2026-09-02T11:08:48Z,KBOS,2026-09-02,KXHIGHTBOS-26SEP02-B70.5,70° to 71°,70.0,71.0,21,29,71,79,840.13,high
31,2026-09-02T11:08:48Z,KBOS,2026-09-02,KXLOWTBOS-26SEP02-T66,67° or above,67.0,999.0,0,1,99,100,98.0,low
32,2026-09-02T11:08:48Z,KBOS,2026-09-02,KXLOWTBOS-26SEP02-T59,58° or below,-999.0,58.0,0,2,98,100,601.63,low
33,2026-09-02T11:08:48Z,KBOS,2026-09-02,KXLOWTBOS-26SEP02-B65.5,65° to 66°,65.0,66.0,0,1,99,100,786.65,low
34,2026-09-02T11:08:48Z,KBOS,2026-09-02,KXLOWTBOS-26SEP02-B63.5,63° to 64°,63.0,64.0,84,93,7,16,436.34,low
35,2026-09-02T11:08:48Z,KBOS,2026-09-02,KXLOWTBOS-26SEP02-B61.5,61° to 62°,61.0,62.0,6,13,87,94,191.5,low
36,2026-09-02T11:08:48Z,KBOS,2026-09-02,KXLOWTBOS-26SEP02-B59.5,59° to 60°,59.0,60.0,2,5,95,98,141.91,low
229,2026-09-02T11:08:48Z,KDCA,2026-09-02,KXHIGHTDC-26SEP02-T94,95° or above,95.0,999.0,4,10,90,96,1082.31,high
230,2026-09-02T11:08:48Z,KDCA,2026-09-02,KXHIGHTDC-26SEP02-T87,86° or below,-999.0,86.0,4,9,91,96,898.62,high
231,2026-09-02T11:08:48Z,KDCA,2026-09-02,KXHIGHTDC-26SEP02-B93.5,93° to 94°,93.0,94.0,37,38,62,63,1515.39,high
232,2026-09-02T11:08:48Z,KDCA,2026-09-02,KXHIGHTDC-26SEP02-B91.5,91° to 92°,91.0,92.0,28,29,71,72,869.45,high
233,2026-09-02T11:08:48Z,KDCA,2026-09-02,KXHIGHTDC-26SEP02-B89.5,89° to 90°,89.0,90.0,10,13,87,90,2873.62,high
234,2026-09-02T11:08:48Z,KDCA,2026-09-02,KXHIGHTDC-26SEP02-B87.5,87° to 88°,87.0,88.0,3,6,94,97,1532.99,high
235,2026-09-02T11:08:48Z,KDCA,2026-09-02,KXLOWTDC-26SEP02-T78,79° or above,79.0,999.0,0,1,99,100,637.0,low
236,2026-09-02T11:08:48Z,KDCA,2026-09-02,KXLOWTDC-26SEP02-T71,70° or below,-999.0,70.0,1,3,97,99,150.0,low
237,2026-09-02T11:08:48Z,KDCA,2026-09-02,KXLOWTDC-26SEP02-B77.5,77° to 78°,77.0,78.0,61,69,31,39,988.33,low
238,2026-09-02T11:08:48Z,KDCA,2026-09-02,KXLOWTDC-26SEP02-B75.5,75° to 76°,75.0,76.0,28,37,63,72,111.05,low
239,2026-09-02T11:08:48Z,KDCA,2026-09-02,KXLOWTDC-26SEP02-B73.5,73° to 74°,73.0,74.0,2,5,95,98,94.58,low
240,2026-09-02T11:08:48Z,KDCA,2026-09-02,KXLOWTDC-26SEP02-B71.5,71° to 72°,71.0,72.0,1,3,97,99,3.0,low
61,2026-09-02T11:08:48Z,KDEN,2026-09-02,KXHIGHDEN-26SEP02-T94,95° or above,95.0,999.0,0,1,99,100,776.74,high
62,2026-09-02T11:08:48Z,KDEN,2026-09-02,KXHIGHDEN-26SEP02-T87,86° or below,-999.0,86.0,2,3,97,98,943.07,high
63,2026-09-02T11:08:48Z,KDEN,2026-09-02,KXHIGHDEN-26SEP02-B93.5,93° to 94°,93.0,94.0,1,2,98,99,168.67,high
64,2026-09-02T11:08:48Z,KDEN,2026-09-02,KXHIGHDEN-26SEP02-B91.5,91° to 92°,91.0,92.0,13,14,86,87,529.3,high
65,2026-09-02T11:08:48Z,KDEN,2026-09-02,KXHIGHDEN-26SEP02-B89.5,89° to 90°,89.0,90.0,55,56,44,45,579.99,high
66,2026-09-02T11:08:48Z,KDEN,2026-09-02,KXHIGHDEN-26SEP02-B87.5,87° to 88°,87.0,88.0,21,26,74,79,1091.71,high
67,2026-09-02T11:08:48Z,KDEN,2026-09-02,KXLOWTDEN-26SEP02-T61,62° or above,62.0,999.0,0,1,99,100,237.0,low
68,2026-09-02T11:08:48Z,KDEN,2026-09-02,KXLOWTDEN-26SEP02-T54,53° or below,-999.0,53.0,2,5,95,98,0.01,low
69,2026-09-02T11:08:48Z,KDEN,2026-09-02,KXLOWTDEN-26SEP02-B60.5,60° to 61°,60.0,61.0,12,20,80,88,407.69,low
70,2026-09-02T11:08:48Z,KDEN,2026-09-02,KXLOWTDEN-26SEP02-B58.5,58° to 59°,58.0,59.0,46,55,45,54,523.86,low
71,2026-09-02T11:08:48Z,KDEN,2026-09-02,KXLOWTDEN-26SEP02-B56.5,56° to 57°,56.0,57.0,19,25,75,81,129.02,low
72,2026-09-02T11:08:48Z,KDEN,2026-09-02,KXLOWTDEN-26SEP02-B54.5,54° to 55°,54.0,55.0,5,10,90,95,101.01,low
49,2026-09-02T11:08:48Z,KDFW,2026-09-02,KXHIGHTDAL-26SEP02-T96,95° or below,-999.0,95.0,4,5,95,96,539.21,high
50,2026-09-02T11:08:48Z,KDFW,2026-09-02,KXHIGHTDAL-26SEP02-T103,104° or above,104.0,999.0,0,1,99,100,423.0,high
51,2026-09-02T11:08:48Z,KDFW,2026-09-02,KXHIGHTDAL-26SEP02-B98.5,98° to 99°,98.0,99.0,64,66,34,36,2752.61,high
52,2026-09-02T11:08:48Z,KDFW,2026-09-02,KXHIGHTDAL-26SEP02-B96.5,96° to 97°,96.0,97.0,12,18,82,88,2377.46,high
53,2026-09-02T11:08:48Z,KDFW,2026-09-02,KXHIGHTDAL-26SEP02-B102.5,102° to 103°,102.0,103.0,1,2,98,99,578.0,high
54,2026-09-02T11:08:48Z,KDFW,2026-09-02,KXHIGHTDAL-26SEP02-B100.5,100° to 101°,100.0,101.0,16,18,82,84,1279.7,high
55,2026-09-02T11:08:48Z,KDFW,2026-09-02,KXLOWTDAL-26SEP02-T80,81° or above,81.0,999.0,0,1,99,100,975.13,low
56,2026-09-02T11:08:48Z,KDFW,2026-09-02,KXLOWTDAL-26SEP02-T73,72° or below,-999.0,72.0,0,2,98,100,81.0,low
57,2026-09-02T11:08:48Z,KDFW,2026-09-02,KXLOWTDAL-26SEP02-B79.5,79° to 80°,79.0,80.0,66,81,19,34,1095.1,low
58,2026-09-02T11:08:48Z,KDFW,2026-09-02,KXLOWTDAL-26SEP02-B77.5,77° to 78°,77.0,78.0,18,28,72,82,356.38,low
59,2026-09-02T11:08:48Z,KDFW,2026-09-02,KXLOWTDAL-26SEP02-B75.5,75° to 76°,75.0,76.0,2,5,95,98,114.35,low
60,2026-09-02T11:08:48Z,KDFW,2026-09-02,KXLOWTDAL-26SEP02-B73.5,73° to 74°,73.0,74.0,0,4,96,100,128.3,low
73,2026-09-02T11:08:48Z,KIAH,2026-09-02,KXHIGHTHOU-26SEP02-T96,97° or above,97.0,999.0,0,1,99,100,737.21,high
74,2026-09-02T11:08:48Z,KIAH,2026-09-02,KXHIGHTHOU-26SEP02-T89,88° or below,-999.0,88.0,5,10,90,95,1090.97,high
75,2026-09-02T11:08:48Z,KIAH,2026-09-02,KXHIGHTHOU-26SEP02-B95.5,95° to 96°,95.0,96.0,7,8,92,93,1160.8,high
76,2026-09-02T11:08:48Z,KIAH,2026-09-02,KXHIGHTHOU-26SEP02-B93.5,93° to 94°,93.0,94.0,39,44,56,61,1440.86,high
77,2026-09-02T11:08:48Z,KIAH,2026-09-02,KXHIGHTHOU-26SEP02-B91.5,91° to 92°,91.0,92.0,35,42,58,65,1507.31,high
78,2026-09-02T11:08:48Z,KIAH,2026-09-02,KXHIGHTHOU-26SEP02-B89.5,89° to 90°,89.0,90.0,5,13,87,95,1299.23,high
79,2026-09-02T11:08:48Z,KIAH,2026-09-02,KXLOWTHOU-26SEP02-T79,80° or above,80.0,999.0,27,36,64,73,465.84,low
80,2026-09-02T11:08:48Z,KIAH,2026-09-02,KXLOWTHOU-26SEP02-T72,71° or below,-999.0,71.0,0,3,97,100,12.0,low
81,2026-09-02T11:08:48Z,KIAH,2026-09-02,KXLOWTHOU-26SEP02-B78.5,78° to 79°,78.0,79.0,41,50,50,59,659.73,low
82,2026-09-02T11:08:48Z,KIAH,2026-09-02,KXLOWTHOU-26SEP02-B76.5,76° to 77°,76.0,77.0,13,22,78,87,217.0,low
83,2026-09-02T11:08:48Z,KIAH,2026-09-02,KXLOWTHOU-26SEP02-B74.5,74° to 75°,74.0,75.0,2,4,96,98,230.01,low
84,2026-09-02T11:08:48Z,KIAH,2026-09-02,KXLOWTHOU-26SEP02-B72.5,72° to 73°,72.0,73.0,1,3,97,99,26.0,low
85,2026-09-02T11:08:48Z,KLAS,2026-09-02,KXHIGHTLV-26SEP02-T98,99° or above,99.0,999.0,0,1,99,100,723.64,high
86,2026-09-02T11:08:48Z,KLAS,2026-09-02,KXHIGHTLV-26SEP02-T91,90° or below,-999.0,90.0,0,1,99,100,524.0,high
87,2026-09-02T11:08:48Z,KLAS,2026-09-02,KXHIGHTLV-26SEP02-B97.5,97° to 98°,97.0,98.0,1,3,97,99,586.78,high
88,2026-09-02T11:08:48Z,KLAS,2026-09-02,KXHIGHTLV-26SEP02-B95.5,95° to 96°,95.0,96.0,46,49,51,54,1306.46,high
89,2026-09-02T11:08:48Z,KLAS,2026-09-02,KXHIGHTLV-26SEP02-B93.5,93° to 94°,93.0,94.0,45,51,49,55,1456.35,high
90,2026-09-02T11:08:48Z,KLAS,2026-09-02,KXHIGHTLV-26SEP02-B91.5,91° to 92°,91.0,92.0,1,3,97,99,1247.19,high
91,2026-09-02T11:08:48Z,KLAS,2026-09-02,KXLOWTLV-26SEP02-T71,72° or above,72.0,999.0,96,97,3,4,247.99,low
92,2026-09-02T11:08:48Z,KLAS,2026-09-02,KXLOWTLV-26SEP02-T64,63° or below,-999.0,63.0,0,1,99,100,0.0,low
93,2026-09-02T11:08:48Z,KLAS,2026-09-02,KXLOWTLV-26SEP02-B70.5,70° to 71°,70.0,71.0,2,5,95,98,15.0,low
94,2026-09-02T11:08:48Z,KLAS,2026-09-02,KXLOWTLV-26SEP02-B68.5,68° to 69°,68.0,69.0,2,5,95,98,1.0,low
95,2026-09-02T11:08:48Z,KLAS,2026-09-02,KXLOWTLV-26SEP02-B66.5,66° to 67°,66.0,67.0,0,4,96,100,45.0,low
96,2026-09-02T11:08:48Z,KLAS,2026-09-02,KXLOWTLV-26SEP02-B64.5,64° to 65°,64.0,65.0,0,1,99,100,35.0,low
97,2026-09-02T11:08:48Z,KLAX,2026-09-02,KXHIGHLAX-26SEP02-T78,79° or above,79.0,999.0,15,16,84,85,16973.17,high
98,2026-09-02T11:08:48Z,KLAX,2026-09-02,KXHIGHLAX-26SEP02-T71,70° or below,-999.0,70.0,0,1,99,100,1455.52,high
99,2026-09-02T11:08:48Z,KLAX,2026-09-02,KXHIGHLAX-26SEP02-B77.5,77° to 78°,77.0,78.0,67,68,32,33,10386.96,high
100,2026-09-02T11:08:48Z,KLAX,2026-09-02,KXHIGHLAX-26SEP02-B75.5,75° to 76°,75.0,76.0,18,19,81,82,14071.18,high
101,2026-09-02T11:08:48Z,KLAX,2026-09-02,KXHIGHLAX-26SEP02-B73.5,73° to 74°,73.0,74.0,1,2,98,99,7505.68,high
102,2026-09-02T11:08:48Z,KLAX,2026-09-02,KXHIGHLAX-26SEP02-B71.5,71° to 72°,71.0,72.0,0,1,99,100,2277.45,high
103,2026-09-02T11:08:48Z,KLAX,2026-09-02,KXLOWTLAX-26SEP02-T64,65° or above,65.0,999.0,3,8,92,97,872.04,low
104,2026-09-02T11:08:48Z,KLAX,2026-09-02,KXLOWTLAX-26SEP02-T57,56° or below,-999.0,56.0,0,1,99,100,112.0,low
105,2026-09-02T11:08:48Z,KLAX,2026-09-02,KXLOWTLAX-26SEP02-B63.5,63° to 64°,63.0,64.0,53,77,23,47,773.28,low
106,2026-09-02T11:08:48Z,KLAX,2026-09-02,KXLOWTLAX-26SEP02-B61.5,61° to 62°,61.0,62.0,5,15,85,95,760.62,low
107,2026-09-02T11:08:48Z,KLAX,2026-09-02,KXLOWTLAX-26SEP02-B59.5,59° to 60°,59.0,60.0,3,7,93,97,240.36,low
108,2026-09-02T11:08:48Z,KLAX,2026-09-02,KXLOWTLAX-26SEP02-B57.5,57° to 58°,57.0,58.0,0,1,99,100,243.13,low
37,2026-09-02T11:08:48Z,KMDW,2026-09-02,KXHIGHCHI-26SEP02-T99,100° or above,100.0,999.0,0,1,99,100,1333.17,high
38,2026-09-02T11:08:48Z,KMDW,2026-09-02,KXHIGHCHI-26SEP02-T92,91° or below,-999.0,91.0,0,1,99,100,1990.54,high
39,2026-09-02T11:08:48Z,KMDW,2026-09-02,KXHIGHCHI-26SEP02-B98.5,98° to 99°,98.0,99.0,3,4,96,97,2025.76,high
40,2026-09-02T11:08:48Z,KMDW,2026-09-02,KXHIGHCHI-26SEP02-B96.5,96° to 97°,96.0,97.0,40,41,59,60,2592.98,high
41,2026-09-02T11:08:48Z,KMDW,2026-09-02,KXHIGHCHI-26SEP02-B94.5,94° to 95°,94.0,95.0,50,52,48,50,1927.33,high
42,2026-09-02T11:08:48Z,KMDW,2026-09-02,KXHIGHCHI-26SEP02-B92.5,92° to 93°,92.0,93.0,8,11,89,92,3793.76,high
43,2026-09-02T11:08:48Z,KMDW,2026-09-02,KXLOWTCHI-26SEP02-T77,78° or above,78.0,999.0,91,93,7,9,1230.32,low
44,2026-09-02T11:08:48Z,KMDW,2026-09-02,KXLOWTCHI-26SEP02-T70,69° or below,-999.0,69.0,0,1,99,100,105.0,low
45,2026-09-02T11:08:48Z,KMDW,2026-09-02,KXLOWTCHI-26SEP02-B76.5,76° to 77°,76.0,77.0,3,16,84,97,465.19,low
46,2026-09-02T11:08:48Z,KMDW,2026-09-02,KXLOWTCHI-26SEP02-B74.5,74° to 75°,74.0,75.0,0,3,97,100,633.0,low
47,2026-09-02T11:08:48Z,KMDW,2026-09-02,KXLOWTCHI-26SEP02-B72.5,72° to 73°,72.0,73.0,0,1,99,100,280.0,low
48,2026-09-02T11:08:48Z,KMDW,2026-09-02,KXLOWTCHI-26SEP02-B70.5,70° to 71°,70.0,71.0,0,2,98,100,198.0,low
109,2026-09-02T11:08:48Z,KMIA,2026-09-02,KXHIGHMIA-26SEP02-T93,94° or above,94.0,999.0,4,6,94,96,3187.82,high
110,2026-09-02T11:08:48Z,KMIA,2026-09-02,KXHIGHMIA-26SEP02-T86,85° or below,-999.0,85.0,0,1,99,100,841.02,high
111,2026-09-02T11:08:48Z,KMIA,2026-09-02,KXHIGHMIA-26SEP02-B92.5,92° to 93°,92.0,93.0,43,45,55,57,4032.05,high
112,2026-09-02T11:08:48Z,KMIA,2026-09-02,KXHIGHMIA-26SEP02-B90.5,90° to 91°,90.0,91.0,40,43,57,60,3157.55,high
113,2026-09-02T11:08:48Z,KMIA,2026-09-02,KXHIGHMIA-26SEP02-B88.5,88° to 89°,88.0,89.0,7,9,91,93,5231.76,high
114,2026-09-02T11:08:48Z,KMIA,2026-09-02,KXHIGHMIA-26SEP02-B86.5,86° to 87°,86.0,87.0,1,2,98,99,3448.71,high
115,2026-09-02T11:08:48Z,KMIA,2026-09-02,KXLOWTMIA-26SEP02-T81,82° or above,82.0,999.0,0,1,99,100,403.85,low
116,2026-09-02T11:08:48Z,KMIA,2026-09-02,KXLOWTMIA-26SEP02-T74,73° or below,-999.0,73.0,1,2,98,99,429.3,low
117,2026-09-02T11:08:48Z,KMIA,2026-09-02,KXLOWTMIA-26SEP02-B80.5,80° to 81°,80.0,81.0,0,1,99,100,723.36,low
118,2026-09-02T11:08:48Z,KMIA,2026-09-02,KXLOWTMIA-26SEP02-B78.5,78° to 79°,78.0,79.0,0,1,99,100,986.25,low
119,2026-09-02T11:08:48Z,KMIA,2026-09-02,KXLOWTMIA-26SEP02-B76.5,76° to 77°,76.0,77.0,73,82,18,27,757.05,low
120,2026-09-02T11:08:48Z,KMIA,2026-09-02,KXLOWTMIA-26SEP02-B74.5,74° to 75°,74.0,75.0,18,26,74,82,595.01,low
121,2026-09-02T11:08:48Z,KMSP,2026-09-02,KXHIGHTMIN-26SEP02-T88,89° or above,89.0,999.0,4,9,91,96,2188.34,high
122,2026-09-02T11:08:48Z,KMSP,2026-09-02,KXHIGHTMIN-26SEP02-T81,80° or below,-999.0,80.0,3,6,94,97,267.01,high
123,2026-09-02T11:08:48Z,KMSP,2026-09-02,KXHIGHTMIN-26SEP02-B87.5,87° to 88°,87.0,88.0,20,25,75,80,822.47,high
124,2026-09-02T11:08:48Z,KMSP,2026-09-02,KXHIGHTMIN-26SEP02-B85.5,85° to 86°,85.0,86.0,37,38,62,63,438.33,high
125,2026-09-02T11:08:48Z,KMSP,2026-09-02,KXHIGHTMIN-26SEP02-B83.5,83° to 84°,83.0,84.0,21,22,78,79,369.92,high
126,2026-09-02T11:08:48Z,KMSP,2026-09-02,KXHIGHTMIN-26SEP02-B81.5,81° to 82°,81.0,82.0,4,5,95,96,653.33,high
127,2026-09-02T11:08:48Z,KMSP,2026-09-02,KXLOWTMIN-26SEP02-T67,68° or above,68.0,999.0,0,1,99,100,527.5,low
128,2026-09-02T11:08:48Z,KMSP,2026-09-02,KXLOWTMIN-26SEP02-T60,59° or below,-999.0,59.0,0,3,97,100,278.0,low
129,2026-09-02T11:08:48Z,KMSP,2026-09-02,KXLOWTMIN-26SEP02-B66.5,66° to 67°,66.0,67.0,73,82,18,27,400.12,low
130,2026-09-02T11:08:48Z,KMSP,2026-09-02,KXLOWTMIN-26SEP02-B64.5,64° to 65°,64.0,65.0,12,21,79,88,246.81,low
131,2026-09-02T11:08:48Z,KMSP,2026-09-02,KXLOWTMIN-26SEP02-B62.5,62° to 63°,62.0,63.0,1,6,94,99,42.54,low
132,2026-09-02T11:08:48Z,KMSP,2026-09-02,KXLOWTMIN-26SEP02-B60.5,60° to 61°,60.0,61.0,0,5,95,100,299.0,low
133,2026-09-02T11:08:48Z,KMSY,2026-09-02,KXHIGHTNOLA-26SEP02-T95,96° or above,96.0,999.0,0,1,99,100,223.08,high
134,2026-09-02T11:08:48Z,KMSY,2026-09-02,KXHIGHTNOLA-26SEP02-T88,87° or below,-999.0,87.0,1,2,98,99,396.66,high
135,2026-09-02T11:08:48Z,KMSY,2026-09-02,KXHIGHTNOLA-26SEP02-B94.5,94° to 95°,94.0,95.0,7,8,92,93,310.08,high
136,2026-09-02T11:08:48Z,KMSY,2026-09-02,KXHIGHTNOLA-26SEP02-B92.5,92° to 93°,92.0,93.0,58,59,41,42,545.79,high
137,2026-09-02T11:08:48Z,KMSY,2026-09-02,KXHIGHTNOLA-26SEP02-B90.5,90° to 91°,90.0,91.0,32,34,66,68,827.69,high
138,2026-09-02T11:08:48Z,KMSY,2026-09-02,KXHIGHTNOLA-26SEP02-B88.5,88° to 89°,88.0,89.0,4,5,95,96,434.02,high
139,2026-09-02T11:08:48Z,KMSY,2026-09-02,KXLOWTNOLA-26SEP02-T79,80° or above,80.0,999.0,0,1,99,100,209.56,low
140,2026-09-02T11:08:48Z,KMSY,2026-09-02,KXLOWTNOLA-26SEP02-T72,71° or below,-999.0,71.0,0,1,99,100,165.0,low
141,2026-09-02T11:08:48Z,KMSY,2026-09-02,KXLOWTNOLA-26SEP02-B78.5,78° to 79°,78.0,79.0,0,1,99,100,747.0,low
142,2026-09-02T11:08:48Z,KMSY,2026-09-02,KXLOWTNOLA-26SEP02-B76.5,76° to 77°,76.0,77.0,88,93,7,12,532.91,low
143,2026-09-02T11:08:48Z,KMSY,2026-09-02,KXLOWTNOLA-26SEP02-B74.5,74° to 75°,74.0,75.0,1,13,87,99,251.0,low
144,2026-09-02T11:08:48Z,KMSY,2026-09-02,KXLOWTNOLA-26SEP02-B72.5,72° to 73°,72.0,73.0,0,3,97,100,193.0,low
145,2026-09-02T11:08:48Z,KNYC,2026-09-02,KXHIGHNY-26SEP02-T82,83° or above,83.0,999.0,0,1,99,100,1807.09,high
146,2026-09-02T11:08:48Z,KNYC,2026-09-02,KXHIGHNY-26SEP02-T75,74° or below,-999.0,74.0,81,83,17,19,7148.2,high
147,2026-09-02T11:08:48Z,KNYC,2026-09-02,KXHIGHNY-26SEP02-B81.5,81° to 82°,81.0,82.0,0,1,99,100,1645.6,high
148,2026-09-02T11:08:48Z,KNYC,2026-09-02,KXHIGHNY-26SEP02-B79.5,79° to 80°,79.0,80.0,1,2,98,99,2606.68,high
149,2026-09-02T11:08:48Z,KNYC,2026-09-02,KXHIGHNY-26SEP02-B77.5,77° to 78°,77.0,78.0,1,3,97,99,6478.38,high
150,2026-09-02T11:08:48Z,KNYC,2026-09-02,KXHIGHNY-26SEP02-B75.5,75° to 76°,75.0,76.0,13,15,85,87,5458.45,high
151,2026-09-02T11:08:48Z,KNYC,2026-09-02,KXLOWTNYC-26SEP02-T71,72° or above,72.0,999.0,0,1,99,100,351.01,low
152,2026-09-02T11:08:48Z,KNYC,2026-09-02,KXLOWTNYC-26SEP02-T64,63° or below,-999.0,63.0,5,15,85,95,1212.74,low
153,2026-09-02T11:08:48Z,KNYC,2026-09-02,KXLOWTNYC-26SEP02-B70.5,70° to 71°,70.0,71.0,0,1,99,100,203.0,low
154,2026-09-02T11:08:48Z,KNYC,2026-09-02,KXLOWTNYC-26SEP02-B68.5,68° to 69°,68.0,69.0,0,1,99,100,773.73,low
155,2026-09-02T11:08:48Z,KNYC,2026-09-02,KXLOWTNYC-26SEP02-B66.5,66° to 67°,66.0,67.0,0,1,99,100,2250.34,low
156,2026-09-02T11:08:48Z,KNYC,2026-09-02,KXLOWTNYC-26SEP02-B64.5,64° to 65°,64.0,65.0,76,95,5,24,1507.09,low
157,2026-09-02T11:08:48Z,KOKC,2026-09-02,KXHIGHTOKC-26SEP02-T96,95° or below,-999.0,95.0,0,1,99,100,138.0,high
158,2026-09-02T11:08:48Z,KOKC,2026-09-02,KXHIGHTOKC-26SEP02-T103,104° or above,104.0,999.0,1,2,98,99,625.19,high
159,2026-09-02T11:08:48Z,KOKC,2026-09-02,KXHIGHTOKC-26SEP02-B98.5,98° to 99°,98.0,99.0,34,37,63,66,766.74,high
160,2026-09-02T11:08:48Z,KOKC,2026-09-02,KXHIGHTOKC-26SEP02-B96.5,96° to 97°,96.0,97.0,2,3,97,98,287.17,high
161,2026-09-02T11:08:48Z,KOKC,2026-09-02,KXHIGHTOKC-26SEP02-B102.5,102° to 103°,102.0,103.0,6,8,92,94,456.53,high
162,2026-09-02T11:08:48Z,KOKC,2026-09-02,KXHIGHTOKC-26SEP02-B100.5,100° to 101°,100.0,101.0,57,60,40,43,1618.17,high
163,2026-09-02T11:08:48Z,KOKC,2026-09-02,KXLOWTOKC-26SEP02-T76,77° or above,77.0,999.0,0,1,99,100,323.0,low
164,2026-09-02T11:08:48Z,KOKC,2026-09-02,KXLOWTOKC-26SEP02-T69,68° or below,-999.0,68.0,0,4,96,100,130.0,low
165,2026-09-02T11:08:48Z,KOKC,2026-09-02,KXLOWTOKC-26SEP02-B75.5,75° to 76°,75.0,76.0,0,1,99,100,624.49,low
166,2026-09-02T11:08:48Z,KOKC,2026-09-02,KXLOWTOKC-26SEP02-B73.5,73° to 74°,73.0,74.0,42,86,14,58,1104.49,low
167,2026-09-02T11:08:48Z,KOKC,2026-09-02,KXLOWTOKC-26SEP02-B71.5,71° to 72°,71.0,72.0,15,24,76,85,1009.2,low
168,2026-09-02T11:08:48Z,KOKC,2026-09-02,KXLOWTOKC-26SEP02-B69.5,69° to 70°,69.0,70.0,1,8,92,99,307.68,low
169,2026-09-02T11:08:48Z,KPHL,2026-09-02,KXHIGHPHIL-26SEP02-T89,90° or above,90.0,999.0,0,1,99,100,279.6,high
170,2026-09-02T11:08:48Z,KPHL,2026-09-02,KXHIGHPHIL-26SEP02-T82,81° or below,-999.0,81.0,73,75,25,27,1276.25,high
171,2026-09-02T11:08:48Z,KPHL,2026-09-02,KXHIGHPHIL-26SEP02-B88.5,88° to 89°,88.0,89.0,0,1,99,100,281.0,high
172,2026-09-02T11:08:48Z,KPHL,2026-09-02,KXHIGHPHIL-26SEP02-B86.5,86° to 87°,86.0,87.0,0,1,99,100,275.0,high
173,2026-09-02T11:08:48Z,KPHL,2026-09-02,KXHIGHPHIL-26SEP02-B84.5,84° to 85°,84.0,85.0,5,7,93,95,1106.87,high
174,2026-09-02T11:08:48Z,KPHL,2026-09-02,KXHIGHPHIL-26SEP02-B82.5,82° to 83°,82.0,83.0,21,24,76,79,390.35,high
175,2026-09-02T11:08:48Z,KPHL,2026-09-02,KXLOWTPHIL-26SEP02-T73,74° or above,74.0,999.0,0,1,99,100,422.74,low
176,2026-09-02T11:08:48Z,KPHL,2026-09-02,KXLOWTPHIL-26SEP02-T66,65° or below,-999.0,65.0,0,4,96,100,21.0,low
177,2026-09-02T11:08:48Z,KPHL,2026-09-02,KXLOWTPHIL-26SEP02-B72.5,72° to 73°,72.0,73.0,38,47,53,62,626.91,low
178,2026-09-02T11:08:48Z,KPHL,2026-09-02,KXLOWTPHIL-26SEP02-B70.5,70° to 71°,70.0,71.0,44,53,47,56,380.11,low
179,2026-09-02T11:08:48Z,KPHL,2026-09-02,KXLOWTPHIL-26SEP02-B68.5,68° to 69°,68.0,69.0,2,11,89,98,166.01,low
180,2026-09-02T11:08:48Z,KPHL,2026-09-02,KXLOWTPHIL-26SEP02-B66.5,66° to 67°,66.0,67.0,2,4,96,98,52.0,low
181,2026-09-02T11:08:48Z,KPHX,2026-09-02,KXHIGHTPHX-26SEP02-T98,97° or below,-999.0,97.0,0,1,99,100,1025.0,high
182,2026-09-02T11:08:48Z,KPHX,2026-09-02,KXHIGHTPHX-26SEP02-T105,106° or above,106.0,999.0,1,3,97,99,1322.78,high
183,2026-09-02T11:08:48Z,KPHX,2026-09-02,KXHIGHTPHX-26SEP02-B98.5,98° to 99°,98.0,99.0,1,3,97,99,591.62,high
184,2026-09-02T11:08:48Z,KPHX,2026-09-02,KXHIGHTPHX-26SEP02-B104.5,104° to 105°,104.0,105.0,37,38,62,63,1423.4,high
185,2026-09-02T11:08:48Z,KPHX,2026-09-02,KXHIGHTPHX-26SEP02-B102.5,102° to 103°,102.0,103.0,55,58,42,45,2136.82,high
186,2026-09-02T11:08:48Z,KPHX,2026-09-02,KXHIGHTPHX-26SEP02-B100.5,100° to 101°,100.0,101.0,5,7,93,95,1443.03,high
187,2026-09-02T11:08:48Z,KPHX,2026-09-02,KXLOWTPHX-26SEP02-T82,83° or above,83.0,999.0,83,89,11,17,1141.17,low
188,2026-09-02T11:08:48Z,KPHX,2026-09-02,KXLOWTPHX-26SEP02-T75,74° or below,-999.0,74.0,0,1,99,100,6.0,low
189,2026-09-02T11:08:48Z,KPHX,2026-09-02,KXLOWTPHX-26SEP02-B81.5,81° to 82°,81.0,82.0,9,14,86,91,130.44,low
190,2026-09-02T11:08:48Z,KPHX,2026-09-02,KXLOWTPHX-26SEP02-B79.5,79° to 80°,79.0,80.0,2,5,95,98,137.6,low
191,2026-09-02T11:08:48Z,KPHX,2026-09-02,KXLOWTPHX-26SEP02-B77.5,77° to 78°,77.0,78.0,1,3,97,99,35.0,low
192,2026-09-02T11:08:48Z,KPHX,2026-09-02,KXLOWTPHX-26SEP02-B75.5,75° to 76°,75.0,76.0,0,2,98,100,95.32,low
193,2026-09-02T11:08:48Z,KSAT,2026-09-02,KXHIGHTSATX-26SEP02-T98,97° or below,-999.0,97.0,1,2,98,99,179.36,high
194,2026-09-02T11:08:48Z,KSAT,2026-09-02,KXHIGHTSATX-26SEP02-T105,106° or above,106.0,999.0,0,1,99,100,157.0,high
195,2026-09-02T11:08:48Z,KSAT,2026-09-02,KXHIGHTSATX-26SEP02-B98.5,98° to 99°,98.0,99.0,15,18,82,85,457.74,high
196,2026-09-02T11:08:48Z,KSAT,2026-09-02,KXHIGHTSATX-26SEP02-B104.5,104° to 105°,104.0,105.0,1,2,98,99,88.38,high
197,2026-09-02T11:08:48Z,KSAT,2026-09-02,KXHIGHTSATX-26SEP02-B102.5,102° to 103°,102.0,103.0,11,12,88,89,2826.79,high
198,2026-09-02T11:08:48Z,KSAT,2026-09-02,KXHIGHTSATX-26SEP02-B100.5,100° to 101°,100.0,101.0,69,70,30,31,606.12,high
199,2026-09-02T11:08:48Z,KSAT,2026-09-02,KXLOWTSATX-26SEP02-T78,79° or above,79.0,999.0,0,1,99,100,1061.04,low
200,2026-09-02T11:08:48Z,KSAT,2026-09-02,KXLOWTSATX-26SEP02-T71,70° or below,-999.0,70.0,0,3,97,100,6.0,low
201,2026-09-02T11:08:48Z,KSAT,2026-09-02,KXLOWTSATX-26SEP02-B77.5,77° to 78°,77.0,78.0,69,85,15,31,858.07,low
202,2026-09-02T11:08:48Z,KSAT,2026-09-02,KXLOWTSATX-26SEP02-B75.5,75° to 76°,75.0,76.0,2,8,92,98,3.72,low
203,2026-09-02T11:08:48Z,KSAT,2026-09-02,KXLOWTSATX-26SEP02-B73.5,73° to 74°,73.0,74.0,2,8,92,98,335.0,low
204,2026-09-02T11:08:48Z,KSAT,2026-09-02,KXLOWTSATX-26SEP02-B71.5,71° to 72°,71.0,72.0,1,4,96,99,53.0,low
217,2026-09-02T11:08:48Z,KSEA,2026-09-02,KXHIGHTSEA-26SEP02-T71,72° or above,72.0,999.0,1,2,98,99,979.37,high
218,2026-09-02T11:08:48Z,KSEA,2026-09-02,KXHIGHTSEA-26SEP02-T64,63° or below,-999.0,63.0,6,8,92,94,588.65,high
219,2026-09-02T11:08:48Z,KSEA,2026-09-02,KXHIGHTSEA-26SEP02-B70.5,70° to 71°,70.0,71.0,4,6,94,96,476.44,high
220,2026-09-02T11:08:48Z,KSEA,2026-09-02,KXHIGHTSEA-26SEP02-B68.5,68° to 69°,68.0,69.0,27,31,69,73,883.82,high
221,2026-09-02T11:08:48Z,KSEA,2026-09-02,KXHIGHTSEA-26SEP02-B66.5,66° to 67°,66.0,67.0,39,40,60,61,371.02,high
222,2026-09-02T11:08:48Z,KSEA,2026-09-02,KXHIGHTSEA-26SEP02-B64.5,64° to 65°,64.0,65.0,13,14,86,87,2160.98,high
223,2026-09-02T11:08:48Z,KSEA,2026-09-02,KXLOWTSEA-26SEP02-T57,58° or above,58.0,999.0,8,9,91,92,173.22,low
224,2026-09-02T11:08:48Z,KSEA,2026-09-02,KXLOWTSEA-26SEP02-T50,49° or below,-999.0,49.0,0,2,98,100,222.01,low
225,2026-09-02T11:08:48Z,KSEA,2026-09-02,KXLOWTSEA-26SEP02-B56.5,56° to 57°,56.0,57.0,13,23,77,87,76.3,low
226,2026-09-02T11:08:48Z,KSEA,2026-09-02,KXLOWTSEA-26SEP02-B54.5,54° to 55°,54.0,55.0,58,65,35,42,404.11,low
227,2026-09-02T11:08:48Z,KSEA,2026-09-02,KXLOWTSEA-26SEP02-B52.5,52° to 53°,52.0,53.0,8,11,89,92,66.0,low
228,2026-09-02T11:08:48Z,KSEA,2026-09-02,KXLOWTSEA-26SEP02-B50.5,50° to 51°,50.0,51.0,2,4,96,98,10.0,low
205,2026-09-02T11:08:48Z,KSFO,2026-09-02,KXHIGHTSFO-26SEP02-T74,75° or above,75.0,999.0,15,16,84,85,3896.82,high
206,2026-09-02T11:08:48Z,KSFO,2026-09-02,KXHIGHTSFO-26SEP02-T67,66° or below,-999.0,66.0,0,1,99,100,574.21,high
207,2026-09-02T11:08:48Z,KSFO,2026-09-02,KXHIGHTSFO-26SEP02-B73.5,73° to 74°,73.0,74.0,45,48,52,55,1585.27,high
208,2026-09-02T11:08:48Z,KSFO,2026-09-02,KXHIGHTSFO-26SEP02-B71.5,71° to 72°,71.0,72.0,35,36,64,65,1099.4,high
209,2026-09-02T11:08:48Z,KSFO,2026-09-02,KXHIGHTSFO-26SEP02-B69.5,69° to 70°,69.0,70.0,3,4,96,97,517.57,high
210,2026-09-02T11:08:48Z,KSFO,2026-09-02,KXHIGHTSFO-26SEP02-B67.5,67° to 68°,67.0,68.0,0,1,99,100,627.68,high
211,2026-09-02T11:08:48Z,KSFO,2026-09-02,KXLOWTSFO-26SEP02-T59,60° or above,60.0,999.0,15,34,66,85,844.27,low
212,2026-09-02T11:08:48Z,KSFO,2026-09-02,KXLOWTSFO-26SEP02-T52,51° or below,-999.0,51.0,0,1,99,100,41.0,low
213,2026-09-02T11:08:48Z,KSFO,2026-09-02,KXLOWTSFO-26SEP02-B58.5,58° to 59°,58.0,59.0,42,52,48,58,363.36,low
214,2026-09-02T11:08:48Z,KSFO,2026-09-02,KXLOWTSFO-26SEP02-B56.5,56° to 57°,56.0,57.0,15,41,59,85,297.58,low
215,2026-09-02T11:08:48Z,KSFO,2026-09-02,KXLOWTSFO-26SEP02-B54.5,54° to 55°,54.0,55.0,1,5,95,99,83.0,low
216,2026-09-02T11:08:48Z,KSFO,2026-09-02,KXLOWTSFO-26SEP02-B52.5,52° to 53°,52.0,53.0,0,2,98,100,51.0,low
1,2026-09-02T15:15:31Z,KATL,2026-09-02,KXHIGHTATL-26SEP03-T93,92° or below,-999.0,92.0,2,3,97,98,20.0,high
2,2026-09-02T15:15:31Z,KATL,2026-09-02,KXHIGHTATL-26SEP03-T100,101° or above,101.0,999.0,1,3,97,99,62.0,high
3,2026-09-02T15:15:31Z,KATL,2026-09-02,KXHIGHTATL-26SEP03-B99.5,99° to 100°,99.0,100.0,10,11,89,90,51.0,high
4,2026-09-02T15:15:31Z,KATL,2026-09-02,KXHIGHTATL-26SEP03-B97.5,97° to 98°,97.0,98.0,37,38,62,63,396.27,high
5,2026-09-02T15:15:31Z,KATL,2026-09-02,KXHIGHTATL-26SEP03-B95.5,95° to 96°,95.0,96.0,45,46,54,55,201.9,high
6,2026-09-02T15:15:31Z,KATL,2026-09-02,KXHIGHTATL-26SEP03-B93.5,93° to 94°,93.0,94.0,8,11,89,92,115.09,high
7,2026-09-02T15:15:31Z,KATL,2026-09-02,KXHIGHTATL-26SEP02-T93,92° or below,-999.0,92.0,0,1,99,100,1028.46,high
8,2026-09-02T15:15:31Z,KATL,2026-09-02,KXHIGHTATL-26SEP02-T100,101° or above,101.0,999.0,0,1,99,100,832.93,high
9,2026-09-02T15:15:31Z,KATL,2026-09-02,KXHIGHTATL-26SEP02-B99.5,99° to 100°,99.0,100.0,3,4,96,97,1698.62,high
10,2026-09-02T15:15:31Z,KATL,2026-09-02,KXHIGHTATL-26SEP02-B97.5,97° to 98°,97.0,98.0,55,59,41,45,2295.61,high
11,2026-09-02T15:15:31Z,KATL,2026-09-02,KXHIGHTATL-26SEP02-B95.5,95° to 96°,95.0,96.0,38,43,57,62,2155.59,high
12,2026-09-02T15:15:31Z,KATL,2026-09-02,KXHIGHTATL-26SEP02-B93.5,93° to 94°,93.0,94.0,2,4,96,98,1954.68,high
13,2026-09-02T15:15:31Z,KATL,2026-09-02,KXLOWTATL-26SEP03-T77,78° or above,78.0,999.0,32,37,63,68,288.57,low
14,2026-09-02T15:15:31Z,KATL,2026-09-02,KXLOWTATL-26SEP03-T70,69° or below,-999.0,69.0,0,2,98,100,175.0,low
15,2026-09-02T15:15:31Z,KATL,2026-09-02,KXLOWTATL-26SEP03-B76.5,76° to 77°,76.0,77.0,47,51,49,53,62.86,low
16,2026-09-02T15:15:31Z,KATL,2026-09-02,KXLOWTATL-26SEP03-B74.5,74° to 75°,74.0,75.0,8,11,89,92,1.05,low
17,2026-09-02T15:15:31Z,KATL,2026-09-02,KXLOWTATL-26SEP03-B72.5,72° to 73°,72.0,73.0,2,4,96,98,0.0,low
18,2026-09-02T15:15:31Z,KATL,2026-09-02,KXLOWTATL-26SEP03-B70.5,70° to 71°,70.0,71.0,1,3,97,99,11.0,low
19,2026-09-02T15:15:31Z,KATL,2026-09-02,KXLOWTATL-26SEP02-T77,78° or above,78.0,999.0,0,1,99,100,917.22,low
20,2026-09-02T15:15:31Z,KATL,2026-09-02,KXLOWTATL-26SEP02-T70,69° or below,-999.0,69.0,0,1,99,100,72.0,low
21,2026-09-02T15:15:31Z,KATL,2026-09-02,KXLOWTATL-26SEP02-B76.5,76° to 77°,76.0,77.0,94,99,1,6,3306.7,low
22,2026-09-02T15:15:31Z,KATL,2026-09-02,KXLOWTATL-26SEP02-B74.5,74° to 75°,74.0,75.0,1,5,95,99,1164.89,low
23,2026-09-02T15:15:31Z,KATL,2026-09-02,KXLOWTATL-26SEP02-B72.5,72° to 73°,72.0,73.0,0,4,96,100,296.0,low
24,2026-09-02T15:15:31Z,KATL,2026-09-02,KXLOWTATL-26SEP02-B70.5,70° to 71°,70.0,71.0,0,1,99,100,99.64,low
25,2026-09-02T15:15:31Z,KAUS,2026-09-02,KXHIGHAUS-26SEP03-T95,94° or below,-999.0,94.0,3,4,96,97,0.0,high
26,2026-09-02T15:15:31Z,KAUS,2026-09-02,KXHIGHAUS-26SEP03-T102,103° or above,103.0,999.0,7,8,92,93,546.04,high
27,2026-09-02T15:15:31Z,KAUS,2026-09-02,KXHIGHAUS-26SEP03-B99.5,99° to 100°,99.0,100.0,40,41,59,60,214.09,high
28,2026-09-02T15:15:31Z,KAUS,2026-09-02,KXHIGHAUS-26SEP03-B97.5,97° to 98°,97.0,98.0,22,23,77,78,233.55,high
29,2026-09-02T15:15:31Z,KAUS,2026-09-02,KXHIGHAUS-26SEP03-B95.5,95° to 96°,95.0,96.0,3,6,94,97,11.0,high
30,2026-09-02T15:15:31Z,KAUS,2026-09-02,KXHIGHAUS-26SEP03-B101.5,101° to 102°,101.0,102.0,17,20,80,83,65.83,high
31,2026-09-02T15:15:31Z,KAUS,2026-09-02,KXHIGHAUS-26SEP02-T96,95° or below,-999.0,95.0,0,1,99,100,1497.83,high
32,2026-09-02T15:15:31Z,KAUS,2026-09-02,KXHIGHAUS-26SEP02-T103,104° or above,104.0,999.0,0,1,99,100,1447.57,high
33,2026-09-02T15:15:31Z,KAUS,2026-09-02,KXHIGHAUS-26SEP02-B98.5,98° to 99°,98.0,99.0,10,12,88,90,4106.09,high
34,2026-09-02T15:15:31Z,KAUS,2026-09-02,KXHIGHAUS-26SEP02-B96.5,96° to 97°,96.0,97.0,1,2,98,99,3720.55,high
35,2026-09-02T15:15:31Z,KAUS,2026-09-02,KXHIGHAUS-26SEP02-B102.5,102° to 103°,102.0,103.0,34,35,65,66,5944.41,high
36,2026-09-02T15:15:31Z,KAUS,2026-09-02,KXHIGHAUS-26SEP02-B100.5,100° to 101°,100.0,101.0,55,56,44,45,3698.92,high
37,2026-09-02T15:15:31Z,KAUS,2026-09-02,KXLOWTAUS-26SEP03-T78,79° or above,79.0,999.0,13,19,81,87,163.0,low
38,2026-09-02T15:15:31Z,KAUS,2026-09-02,KXLOWTAUS-26SEP03-T71,70° or below,-999.0,70.0,0,2,98,100,383.0,low
39,2026-09-02T15:15:31Z,KAUS,2026-09-02,KXLOWTAUS-26SEP03-B77.5,77° to 78°,77.0,78.0,30,33,67,70,113.0,low
40,2026-09-02T15:15:31Z,KAUS,2026-09-02,KXLOWTAUS-26SEP03-B75.5,75° to 76°,75.0,76.0,38,43,57,62,104.82,low
41,2026-09-02T15:15:31Z,KAUS,2026-09-02,KXLOWTAUS-26SEP03-B73.5,73° to 74°,73.0,74.0,5,12,88,95,62.96,low
42,2026-09-02T15:15:31Z,KAUS,2026-09-02,KXLOWTAUS-26SEP03-B71.5,71° to 72°,71.0,72.0,3,4,96,97,0.0,low
43,2026-09-02T15:15:31Z,KAUS,2026-09-02,KXLOWTAUS-26SEP02-T78,79° or above,79.0,999.0,0,1,99,100,678.0,low
44,2026-09-02T15:15:31Z,KAUS,2026-09-02,KXLOWTAUS-26SEP02-T71,70° or below,-999.0,70.0,1,2,98,99,1373.02,low
45,2026-09-02T15:15:31Z,KAUS,2026-09-02,KXLOWTAUS-26SEP02-B77.5,77° to 78°,77.0,78.0,0,1,99,100,2176.78,low
46,2026-09-02T15:15:31Z,KAUS,2026-09-02,KXLOWTAUS-26SEP02-B75.5,75° to 76°,75.0,76.0,0,1,99,100,1218.05,low
47,2026-09-02T15:15:31Z,KAUS,2026-09-02,KXLOWTAUS-26SEP02-B73.5,73° to 74°,73.0,74.0,98,99,1,2,2092.51,low
48,2026-09-02T15:15:31Z,KAUS,2026-09-02,KXLOWTAUS-26SEP02-B71.5,71° to 72°,71.0,72.0,1,3,97,99,1623.65,low
49,2026-09-02T15:15:31Z,KBOS,2026-09-02,KXHIGHTBOS-26SEP03-T80,81° or above,81.0,999.0,43,44,56,57,101.52,high
50,2026-09-02T15:15:31Z,KBOS,2026-09-02,KXHIGHTBOS-26SEP03-T73,72° or below,-999.0,72.0,1,3,97,99,587.0,high
51,2026-09-02T15:15:31Z,KBOS,2026-09-02,KXHIGHTBOS-26SEP03-B79.5,79° to 80°,79.0,80.0,22,28,72,78,36.32,high
52,2026-09-02T15:15:31Z,KBOS,2026-09-02,KXHIGHTBOS-26SEP03-B77.5,77° to 78°,77.0,78.0,13,15,85,87,26.61,high
53,2026-09-02T15:15:31Z,KBOS,2026-09-02,KXHIGHTBOS-26SEP03-B75.5,75° to 76°,75.0,76.0,7,8,92,93,15.28,high
54,2026-09-02T15:15:31Z,KBOS,2026-09-02,KXHIGHTBOS-26SEP03-B73.5,73° to 74°,73.0,74.0,4,5,95,96,2.03,high
55,2026-09-02T15:15:31Z,KBOS,2026-09-02,KXHIGHTBOS-26SEP02-T77,78° or above,78.0,999.0,0,1,99,100,789.86,high
56,2026-09-02T15:15:31Z,KBOS,2026-09-02,KXHIGHTBOS-26SEP02-T70,69° or below,-999.0,69.0,0,1,99,100,1078.61,high
57,2026-09-02T15:15:31Z,KBOS,2026-09-02,KXHIGHTBOS-26SEP02-B76.5,76° to 77°,76.0,77.0,3,4,96,97,1472.36,high
58,2026-09-02T15:15:31Z,KBOS,2026-09-02,KXHIGHTBOS-26SEP02-B74.5,74° to 75°,74.0,75.0,7,8,92,93,4987.32,high
59,2026-09-02T15:15:31Z,KBOS,2026-09-02,KXHIGHTBOS-26SEP02-B72.5,72° to 73°,72.0,73.0,74,81,19,26,2138.38,high
60,2026-09-02T15:15:31Z,KBOS,2026-09-02,KXHIGHTBOS-26SEP02-B70.5,70° to 71°,70.0,71.0,12,19,81,88,4544.97,high
61,2026-09-02T15:15:31Z,KBOS,2026-09-02,KXLOWTBOS-26SEP03-T67,68° or above,68.0,999.0,2,6,94,98,4.0,low
62,2026-09-02T15:15:31Z,KBOS,2026-09-02,KXLOWTBOS-26SEP03-T60,59° or below,-999.0,59.0,2,4,96,98,1.0,low
63,2026-09-02T15:15:31Z,KBOS,2026-09-02,KXLOWTBOS-26SEP03-B66.5,66° to 67°,66.0,67.0,18,23,77,82,294.0,low
64,2026-09-02T15:15:31Z,KBOS,2026-09-02,KXLOWTBOS-26SEP03-B64.5,64° to 65°,64.0,65.0,48,55,45,52,179.0,low
65,2026-09-02T15:15:31Z,KBOS,2026-09-02,KXLOWTBOS-26SEP03-B62.5,62° to 63°,62.0,63.0,18,25,75,82,97.0,low
66,2026-09-02T15:15:31Z,KBOS,2026-09-02,KXLOWTBOS-26SEP03-B60.5,60° to 61°,60.0,61.0,2,5,95,98,0.0,low
67,2026-09-02T15:15:31Z,KBOS,2026-09-02,KXLOWTBOS-26SEP02-T66,67° or above,67.0,999.0,0,1,99,100,98.0,low
68,2026-09-02T15:15:31Z,KBOS,2026-09-02,KXLOWTBOS-26SEP02-T59,58° or below,-999.0,58.0,0,1,99,100,601.63,low
69,2026-09-02T15:15:31Z,KBOS,2026-09-02,KXLOWTBOS-26SEP02-B65.5,65° to 66°,65.0,66.0,0,1,99,100,786.65,low
70,2026-09-02T15:15:31Z,KBOS,2026-09-02,KXLOWTBOS-26SEP02-B63.5,63° to 64°,63.0,64.0,85,95,5,15,548.34,low
71,2026-09-02T15:15:31Z,KBOS,2026-09-02,KXLOWTBOS-26SEP02-B61.5,61° to 62°,61.0,62.0,3,11,89,97,193.5,low
72,2026-09-02T15:15:31Z,KBOS,2026-09-02,KXLOWTBOS-26SEP02-B59.5,59° to 60°,59.0,60.0,1,4,96,99,154.91,low
457,2026-09-02T15:15:31Z,KDCA,2026-09-02,KXHIGHTDC-26SEP03-T93,92° or below,-999.0,92.0,5,6,94,95,22.02,high
458,2026-09-02T15:15:31Z,KDCA,2026-09-02,KXHIGHTDC-26SEP03-T100,101° or above,101.0,999.0,3,5,95,97,41.0,high
459,2026-09-02T15:15:31Z,KDCA,2026-09-02,KXHIGHTDC-26SEP03-B99.5,99° to 100°,99.0,100.0,7,8,92,93,54.2,high
460,2026-09-02T15:15:31Z,KDCA,2026-09-02,KXHIGHTDC-26SEP03-B97.5,97° to 98°,97.0,98.0,28,33,67,72,39.03,high
461,2026-09-02T15:15:31Z,KDCA,2026-09-02,KXHIGHTDC-26SEP03-B95.5,95° to 96°,95.0,96.0,34,36,64,66,72.0,high
462,2026-09-02T15:15:31Z,KDCA,2026-09-02,KXHIGHTDC-26SEP03-B93.5,93° to 94°,93.0,94.0,6,8,92,94,11.0,high
463,2026-09-02T15:15:31Z,KDCA,2026-09-02,KXHIGHTDC-26SEP02-T94,95° or above,95.0,999.0,4,6,94,96,2918.77,high
464,2026-09-02T15:15:31Z,KDCA,2026-09-02,KXHIGHTDC-26SEP02-T87,86° or below,-999.0,86.0,0,1,99,100,1337.02,high
465,2026-09-02T15:15:31Z,KDCA,2026-09-02,KXHIGHTDC-26SEP02-B93.5,93° to 94°,93.0,94.0,30,34,66,70,2002.45,high
466,2026-09-02T15:15:31Z,KDCA,2026-09-02,KXHIGHTDC-26SEP02-B91.5,91° to 92°,91.0,92.0,37,41,59,63,1365.26,high
467,2026-09-02T15:15:31Z,KDCA,2026-09-02,KXHIGHTDC-26SEP02-B89.5,89° to 90°,89.0,90.0,19,20,80,81,3521.81,high
468,2026-09-02T15:15:31Z,KDCA,2026-09-02,KXHIGHTDC-26SEP02-B87.5,87° to 88°,87.0,88.0,2,3,97,98,2535.38,high
469,2026-09-02T15:15:31Z,KDCA,2026-09-02,KXLOWTDC-26SEP03-T77,78° or above,78.0,999.0,2,9,91,98,11.0,low
470,2026-09-02T15:15:31Z,KDCA,2026-09-02,KXLOWTDC-26SEP03-T70,69° or below,-999.0,69.0,1,3,97,99,18.0,low
471,2026-09-02T15:15:31Z,KDCA,2026-09-02,KXLOWTDC-26SEP03-B76.5,76° to 77°,76.0,77.0,38,39,61,62,165.0,low
472,2026-09-02T15:15:31Z,KDCA,2026-09-02,KXLOWTDC-26SEP03-B74.5,74° to 75°,74.0,75.0,36,44,56,64,59.0,low
473,2026-09-02T15:15:31Z,KDCA,2026-09-02,KXLOWTDC-26SEP03-B72.5,72° to 73°,72.0,73.0,11,15,85,89,1.04,low
474,2026-09-02T15:15:31Z,KDCA,2026-09-02,KXLOWTDC-26SEP03-B70.5,70° to 71°,70.0,71.0,1,4,96,99,0.0,low
475,2026-09-02T15:15:31Z,KDCA,2026-09-02,KXLOWTDC-26SEP02-T78,79° or above,79.0,999.0,0,1,99,100,637.0,low
476,2026-09-02T15:15:31Z,KDCA,2026-09-02,KXLOWTDC-26SEP02-T71,70° or below,-999.0,70.0,1,3,97,99,230.18,low
477,2026-09-02T15:15:31Z,KDCA,2026-09-02,KXLOWTDC-26SEP02-B77.5,77° to 78°,77.0,78.0,65,66,34,35,1526.3,low
478,2026-09-02T15:15:31Z,KDCA,2026-09-02,KXLOWTDC-26SEP02-B75.5,75° to 76°,75.0,76.0,13,20,80,87,277.25,low
479,2026-09-02T15:15:31Z,KDCA,2026-09-02,KXLOWTDC-26SEP02-B73.5,73° to 74°,73.0,74.0,6,11,89,94,432.76,low
480,2026-09-02T15:15:31Z,KDCA,2026-09-02,KXLOWTDC-26SEP02-B71.5,71° to 72°,71.0,72.0,2,4,96,98,160.18,low
121,2026-09-02T15:15:31Z,KDEN,2026-09-02,KXHIGHDEN-26SEP03-T94,95° or above,95.0,999.0,3,6,94,97,0.0,high
122,2026-09-02T15:15:31Z,KDEN,2026-09-02,KXHIGHDEN-26SEP03-T87,86° or below,-999.0,86.0,1,3,97,99,267.53,high
123,2026-09-02T15:15:31Z,KDEN,2026-09-02,KXHIGHDEN-26SEP03-B93.5,93° to 94°,93.0,94.0,13,15,85,87,59.65,high
124,2026-09-02T15:15:31Z,KDEN,2026-09-02,KXHIGHDEN-26SEP03-B91.5,91° to 92°,91.0,92.0,53,54,46,47,277.0,high
125,2026-09-02T15:15:31Z,KDEN,2026-09-02,KXHIGHDEN-26SEP03-B89.5,89° to 90°,89.0,90.0,29,30,70,71,8.13,high
126,2026-09-02T15:15:31Z,KDEN,2026-09-02,KXHIGHDEN-26SEP03-B87.5,87° to 88°,87.0,88.0,4,6,94,96,6.16,high
127,2026-09-02T15:15:31Z,KDEN,2026-09-02,KXHIGHDEN-26SEP02-T94,95° or above,95.0,999.0,0,1,99,100,1005.74,high
128,2026-09-02T15:15:31Z,KDEN,2026-09-02,KXHIGHDEN-26SEP02-T87,86° or below,-999.0,86.0,2,5,95,98,1677.36,high
129,2026-09-02T15:15:31Z,KDEN,2026-09-02,KXHIGHDEN-26SEP02-B93.5,93° to 94°,93.0,94.0,1,2,98,99,645.59,high
130,2026-09-02T15:15:31Z,KDEN,2026-09-02,KXHIGHDEN-26SEP02-B91.5,91° to 92°,91.0,92.0,6,8,92,94,1744.48,high
131,2026-09-02T15:15:31Z,KDEN,2026-09-02,KXHIGHDEN-26SEP02-B89.5,89° to 90°,89.0,90.0,57,60,40,43,1820.22,high
132,2026-09-02T15:15:31Z,KDEN,2026-09-02,KXHIGHDEN-26SEP02-B87.5,87° to 88°,87.0,88.0,32,33,67,68,2298.95,high
133,2026-09-02T15:15:31Z,KDEN,2026-09-02,KXLOWTDEN-26SEP03-T62,63° or above,63.0,999.0,2,4,96,98,1.0,low
134,2026-09-02T15:15:31Z,KDEN,2026-09-02,KXLOWTDEN-26SEP03-T55,54° or below,-999.0,54.0,2,8,92,98,23.0,low
135,2026-09-02T15:15:31Z,KDEN,2026-09-02,KXLOWTDEN-26SEP03-B61.5,61° to 62°,61.0,62.0,12,19,81,88,190.0,low
136,2026-09-02T15:15:31Z,KDEN,2026-09-02,KXLOWTDEN-26SEP03-B59.5,59° to 60°,59.0,60.0,32,40,60,68,171.0,low
137,2026-09-02T15:15:31Z,KDEN,2026-09-02,KXLOWTDEN-26SEP03-B57.5,57° to 58°,57.0,58.0,21,28,72,79,0.0,low
138,2026-09-02T15:15:31Z,KDEN,2026-09-02,KXLOWTDEN-26SEP03-B55.5,55° to 56°,55.0,56.0,11,17,83,89,0.0,low
139,2026-09-02T15:15:31Z,KDEN,2026-09-02,KXLOWTDEN-26SEP02-T61,62° or above,62.0,999.0,4,5,95,96,1814.65,low
140,2026-09-02T15:15:31Z,KDEN,2026-09-02,KXLOWTDEN-26SEP02-T54,53° or below,-999.0,53.0,1,2,98,99,44.01,low
141,2026-09-02T15:15:31Z,KDEN,2026-09-02,KXLOWTDEN-26SEP02-B60.5,60° to 61°,60.0,61.0,35,41,59,65,1314.3,low
142,2026-09-02T15:15:31Z,KDEN,2026-09-02,KXLOWTDEN-26SEP02-B58.5,58° to 59°,58.0,59.0,31,60,40,69,2119.42,low
143,2026-09-02T15:15:31Z,KDEN,2026-09-02,KXLOWTDEN-26SEP02-B56.5,56° to 57°,56.0,57.0,3,6,94,97,391.06,low
144,2026-09-02T15:15:31Z,KDEN,2026-09-02,KXLOWTDEN-26SEP02-B54.5,54° to 55°,54.0,55.0,1,3,97,99,222.99,low
97,2026-09-02T15:15:31Z,KDFW,2026-09-02,KXHIGHTDAL-26SEP03-T98,99° or above,99.0,999.0,2,3,97,98,210.0,high
98,2026-09-02T15:15:31Z,KDFW,2026-09-02,KXHIGHTDAL-26SEP03-T91,90° or below,-999.0,90.0,23,29,71,77,221.95,high
99,2026-09-02T15:15:31Z,KDFW,2026-09-02,KXHIGHTDAL-26SEP03-B97.5,97° to 98°,97.0,98.0,2,4,96,98,512.21,high
100,2026-09-02T15:15:31Z,KDFW,2026-09-02,KXHIGHTDAL-26SEP03-B95.5,95° to 96°,95.0,96.0,9,12,88,91,23.0,high
101,2026-09-02T15:15:31Z,KDFW,2026-09-02,KXHIGHTDAL-26SEP03-B93.5,93° to 94°,93.0,94.0,31,33,67,69,151.0,high
102,2026-09-02T15:15:31Z,KDFW,2026-09-02,KXHIGHTDAL-26SEP03-B91.5,91° to 92°,91.0,92.0,26,27,73,74,113.32,high
103,2026-09-02T15:15:31Z,KDFW,2026-09-02,KXHIGHTDAL-26SEP02-T96,95° or below,-999.0,95.0,1,3,97,99,1038.66,high
104,2026-09-02T15:15:31Z,KDFW,2026-09-02,KXHIGHTDAL-26SEP02-T103,104° or above,104.0,999.0,0,1,99,100,612.83,high
105,2026-09-02T15:15:31Z,KDFW,2026-09-02,KXHIGHTDAL-26SEP02-B98.5,98° to 99°,98.0,99.0,49,53,47,51,4321.89,high
106,2026-09-02T15:15:31Z,KDFW,2026-09-02,KXHIGHTDAL-26SEP02-B96.5,96° to 97°,96.0,97.0,3,8,92,97,5680.65,high
107,2026-09-02T15:15:31Z,KDFW,2026-09-02,KXHIGHTDAL-26SEP02-B102.5,102° to 103°,102.0,103.0,1,2,98,99,1081.43,high
108,2026-09-02T15:15:31Z,KDFW,2026-09-02,KXHIGHTDAL-26SEP02-B100.5,100° to 101°,100.0,101.0,33,38,62,67,2754.3,high
109,2026-09-02T15:15:31Z,KDFW,2026-09-02,KXLOWTDAL-26SEP03-T78,79° or above,79.0,999.0,11,20,80,89,6.0,low
110,2026-09-02T15:15:31Z,KDFW,2026-09-02,KXLOWTDAL-26SEP03-T71,70° or below,-999.0,70.0,0,2,98,100,212.0,low
111,2026-09-02T15:15:31Z,KDFW,2026-09-02,KXLOWTDAL-26SEP03-B77.5,77° to 78°,77.0,78.0,46,54,46,54,205.0,low
112,2026-09-02T15:15:31Z,KDFW,2026-09-02,KXLOWTDAL-26SEP03-B75.5,75° to 76°,75.0,76.0,21,28,72,79,2.49,low
113,2026-09-02T15:15:31Z,KDFW,2026-09-02,KXLOWTDAL-26SEP03-B73.5,73° to 74°,73.0,74.0,4,10,90,96,3.0,low
114,2026-09-02T15:15:31Z,KDFW,2026-09-02,KXLOWTDAL-26SEP03-B71.5,71° to 72°,71.0,72.0,1,3,97,99,6.04,low
115,2026-09-02T15:15:31Z,KDFW,2026-09-02,KXLOWTDAL-26SEP02-T80,81° or above,81.0,999.0,0,1,99,100,976.13,low
116,2026-09-02T15:15:31Z,KDFW,2026-09-02,KXLOWTDAL-26SEP02-T73,72° or below,-999.0,72.0,0,1,99,100,81.0,low
117,2026-09-02T15:15:31Z,KDFW,2026-09-02,KXLOWTDAL-26SEP02-B79.5,79° to 80°,79.0,80.0,87,95,5,13,1470.68,low
118,2026-09-02T15:15:31Z,KDFW,2026-09-02,KXLOWTDAL-26SEP02-B77.5,77° to 78°,77.0,78.0,2,10,90,98,628.23,low
119,2026-09-02T15:15:31Z,KDFW,2026-09-02,KXLOWTDAL-26SEP02-B75.5,75° to 76°,75.0,76.0,1,2,98,99,171.35,low
120,2026-09-02T15:15:31Z,KDFW,2026-09-02,KXLOWTDAL-26SEP02-B73.5,73° to 74°,73.0,74.0,0,1,99,100,128.3,low
145,2026-09-02T15:15:31Z,KIAH,2026-09-02,KXHIGHTHOU-26SEP03-T95,96° or above,96.0,999.0,2,3,97,98,1.0,high
146,2026-09-02T15:15:31Z,KIAH,2026-09-02,KXHIGHTHOU-26SEP03-T88,87° or below,-999.0,87.0,16,17,83,84,2.0,high
147,2026-09-02T15:15:31Z,KIAH,2026-09-02,KXHIGHTHOU-26SEP03-B94.5,94° to 95°,94.0,95.0,4,5,95,96,11.0,high
148,2026-09-02T15:15:31Z,KIAH,2026-09-02,KXHIGHTHOU-26SEP03-B92.5,92° to 93°,92.0,93.0,9,10,90,91,18.36,high
149,2026-09-02T15:15:31Z,KIAH,2026-09-02,KXHIGHTHOU-26SEP03-B90.5,90° to 91°,90.0,91.0,29,33,67,71,16.0,high
150,2026-09-02T15:15:31Z,KIAH,2026-09-02,KXHIGHTHOU-26SEP03-B88.5,88° to 89°,88.0,89.0,32,33,67,68,15.0,high
151,2026-09-02T15:15:31Z,KIAH,2026-09-02,KXHIGHTHOU-26SEP02-T96,97° or above,97.0,999.0,9,10,90,91,5218.32,high
152,2026-09-02T15:15:31Z,KIAH,2026-09-02,KXHIGHTHOU-26SEP02-T89,88° or below,-999.0,88.0,2,6,94,98,3969.36,high
153,2026-09-02T15:15:31Z,KIAH,2026-09-02,KXHIGHTHOU-26SEP02-B95.5,95° to 96°,95.0,96.0,37,46,54,63,3054.76,high
154,2026-09-02T15:15:31Z,KIAH,2026-09-02,KXHIGHTHOU-26SEP02-B93.5,93° to 94°,93.0,94.0,24,28,72,76,3834.93,high
155,2026-09-02T15:15:31Z,KIAH,2026-09-02,KXHIGHTHOU-26SEP02-B91.5,91° to 92°,91.0,92.0,21,24,76,79,4193.21,high
156,2026-09-02T15:15:31Z,KIAH,2026-09-02,KXHIGHTHOU-26SEP02-B89.5,89° to 90°,89.0,90.0,3,11,89,97,3971.79,high
157,2026-09-02T15:15:31Z,KIAH,2026-09-02,KXLOWTHOU-26SEP03-T80,81° or above,81.0,999.0,15,24,76,85,177.0,low
158,2026-09-02T15:15:31Z,KIAH,2026-09-02,KXLOWTHOU-26SEP03-T73,72° or below,-999.0,72.0,1,2,98,99,21.0,low
159,2026-09-02T15:15:31Z,KIAH,2026-09-02,KXLOWTHOU-26SEP03-B79.5,79° to 80°,79.0,80.0,40,48,52,60,2.0,low
160,2026-09-02T15:15:31Z,KIAH,2026-09-02,KXLOWTHOU-26SEP03-B77.5,77° to 78°,77.0,78.0,21,28,72,79,188.0,low
161,2026-09-02T15:15:31Z,KIAH,2026-09-02,KXLOWTHOU-26SEP03-B75.5,75° to 76°,75.0,76.0,3,9,91,97,242.0,low
162,2026-09-02T15:15:31Z,KIAH,2026-09-02,KXLOWTHOU-26SEP03-B73.5,73° to 74°,73.0,74.0,3,4,96,97,0.0,low
163,2026-09-02T15:15:31Z,KIAH,2026-09-02,KXLOWTHOU-26SEP02-T79,80° or above,80.0,999.0,88,89,11,12,1116.69,low
164,2026-09-02T15:15:31Z,KIAH,2026-09-02,KXLOWTHOU-26SEP02-T72,71° or below,-999.0,71.0,0,1,99,100,12.0,low
165,2026-09-02T15:15:31Z,KIAH,2026-09-02,KXLOWTHOU-26SEP02-B78.5,78° to 79°,78.0,79.0,3,14,86,97,729.63,low
166,2026-09-02T15:15:31Z,KIAH,2026-09-02,KXLOWTHOU-26SEP02-B76.5,76° to 77°,76.0,77.0,3,5,95,97,343.0,low
167,2026-09-02T15:15:31Z,KIAH,2026-09-02,KXLOWTHOU-26SEP02-B74.5,74° to 75°,74.0,75.0,1,4,96,99,272.01,low
168,2026-09-02T15:15:31Z,KIAH,2026-09-02,KXLOWTHOU-26SEP02-B72.5,72° to 73°,72.0,73.0,0,1,99,100,40.0,low
169,2026-09-02T15:15:31Z,KLAS,2026-09-02,KXHIGHTLV-26SEP03-T99,100° or above,100.0,999.0,2,3,97,98,12.0,high
170,2026-09-02T15:15:31Z,KLAS,2026-09-02,KXHIGHTLV-26SEP03-T92,91° or below,-999.0,91.0,2,3,97,98,15.0,high
171,2026-09-02T15:15:31Z,KLAS,2026-09-02,KXHIGHTLV-26SEP03-B98.5,98° to 99°,98.0,99.0,9,10,90,91,9.0,high
172,2026-09-02T15:15:31Z,KLAS,2026-09-02,KXHIGHTLV-26SEP03-B96.5,96° to 97°,96.0,97.0,51,56,44,49,159.01,high
173,2026-09-02T15:15:31Z,KLAS,2026-09-02,KXHIGHTLV-26SEP03-B94.5,94° to 95°,94.0,95.0,31,32,68,69,218.0,high
174,2026-09-02T15:15:31Z,KLAS,2026-09-02,KXHIGHTLV-26SEP03-B92.5,92° to 93°,92.0,93.0,3,8,92,97,9.0,high
175,2026-09-02T15:15:31Z,KLAS,2026-09-02,KXHIGHTLV-26SEP02-T98,99° or above,99.0,999.0,0,1,99,100,1162.61,high
176,2026-09-02T15:15:31Z,KLAS,2026-09-02,KXHIGHTLV-26SEP02-T91,90° or below,-999.0,90.0,0,1,99,100,524.0,high
177,2026-09-02T15:15:31Z,KLAS,2026-09-02,KXHIGHTLV-26SEP02-B97.5,97° to 98°,97.0,98.0,1,4,96,99,2502.9,high
178,2026-09-02T15:15:31Z,KLAS,2026-09-02,KXHIGHTLV-26SEP02-B95.5,95° to 96°,95.0,96.0,50,56,44,50,2699.21,high
179,2026-09-02T15:15:31Z,KLAS,2026-09-02,KXHIGHTLV-26SEP02-B93.5,93° to 94°,93.0,94.0,43,48,52,57,3259.03,high
180,2026-09-02T15:15:31Z,KLAS,2026-09-02,KXHIGHTLV-26SEP02-B91.5,91° to 92°,91.0,92.0,0,1,99,100,2078.22,high
181,2026-09-02T15:15:31Z,KLAS,2026-09-02,KXLOWTLV-26SEP03-T70,71° or above,71.0,999.0,90,93,7,10,188.27,low
182,2026-09-02T15:15:31Z,KLAS,2026-09-02,KXLOWTLV-26SEP03-T63,62° or below,-999.0,62.0,0,3,97,100,0.0,low
183,2026-09-02T15:15:31Z,KLAS,2026-09-02,KXLOWTLV-26SEP03-B69.5,69° to 70°,69.0,70.0,3,11,89,97,0.0,low
184,2026-09-02T15:15:31Z,KLAS,2026-09-02,KXLOWTLV-26SEP03-B67.5,67° to 68°,67.0,68.0,1,5,95,99,0.0,low
185,2026-09-02T15:15:31Z,KLAS,2026-09-02,KXLOWTLV-26SEP03-B65.5,65° to 66°,65.0,66.0,1,4,96,99,0.0,low
186,2026-09-02T15:15:31Z,KLAS,2026-09-02,KXLOWTLV-26SEP03-B63.5,63° to 64°,63.0,64.0,1,4,96,99,0.0,low
187,2026-09-02T15:15:31Z,KLAS,2026-09-02,KXLOWTLV-26SEP02-T71,72° or above,72.0,999.0,98,99,1,2,578.46,low
188,2026-09-02T15:15:31Z,KLAS,2026-09-02,KXLOWTLV-26SEP02-T64,63° or below,-999.0,63.0,0,1,99,100,0.0,low
189,2026-09-02T15:15:31Z,KLAS,2026-09-02,KXLOWTLV-26SEP02-B70.5,70° to 71°,70.0,71.0,1,4,96,99,34.0,low
190,2026-09-02T15:15:31Z,KLAS,2026-09-02,KXLOWTLV-26SEP02-B68.5,68° to 69°,68.0,69.0,0,2,98,100,60.0,low
191,2026-09-02T15:15:31Z,KLAS,2026-09-02,KXLOWTLV-26SEP02-B66.5,66° to 67°,66.0,67.0,0,1,99,100,45.0,low
192,2026-09-02T15:15:31Z,KLAS,2026-09-02,KXLOWTLV-26SEP02-B64.5,64° to 65°,64.0,65.0,0,1,99,100,35.0,low
193,2026-09-02T15:15:31Z,KLAX,2026-09-02,KXHIGHLAX-26SEP03-T79,80° or above,80.0,999.0,6,7,93,94,30.96,high
194,2026-09-02T15:15:31Z,KLAX,2026-09-02,KXHIGHLAX-26SEP03-T72,71° or below,-999.0,71.0,1,2,98,99,447.39,high
195,2026-09-02T15:15:31Z,KLAX,2026-09-02,KXHIGHLAX-26SEP03-B78.5,78° to 79°,78.0,79.0,31,32,68,69,196.31,high
196,2026-09-02T15:15:31Z,KLAX,2026-09-02,KXHIGHLAX-26SEP03-B76.5,76° to 77°,76.0,77.0,49,50,50,51,451.03,high
197,2026-09-02T15:15:31Z,KLAX,2026-09-02,KXHIGHLAX-26SEP03-B74.5,74° to 75°,74.0,75.0,8,10,90,92,354.43,high
198,2026-09-02T15:15:31Z,KLAX,2026-09-02,KXHIGHLAX-26SEP03-B72.5,72° to 73°,72.0,73.0,2,3,97,98,205.8,high
199,2026-09-02T15:15:31Z,KLAX,2026-09-02,KXHIGHLAX-26SEP02-T78,79° or above,79.0,999.0,12,13,87,88,32663.34,high
200,2026-09-02T15:15:31Z,KLAX,2026-09-02,KXHIGHLAX-26SEP02-T71,70° or below,-999.0,70.0,0,1,99,100,1642.55,high
201,2026-09-02T15:15:31Z,KLAX,2026-09-02,KXHIGHLAX-26SEP02-B77.5,77° to 78°,77.0,78.0,65,66,34,35,15821.77,high
202,2026-09-02T15:15:31Z,KLAX,2026-09-02,KXHIGHLAX-26SEP02-B75.5,75° to 76°,75.0,76.0,24,26,74,76,23406.3,high
203,2026-09-02T15:15:31Z,KLAX,2026-09-02,KXHIGHLAX-26SEP02-B73.5,73° to 74°,73.0,74.0,1,2,98,99,16486.91,high
204,2026-09-02T15:15:31Z,KLAX,2026-09-02,KXHIGHLAX-26SEP02-B71.5,71° to 72°,71.0,72.0,0,1,99,100,4690.72,high
205,2026-09-02T15:15:31Z,KLAX,2026-09-02,KXLOWTLAX-26SEP03-T65,66° or above,66.0,999.0,26,59,41,74,231.0,low
206,2026-09-02T15:15:31Z,KLAX,2026-09-02,KXLOWTLAX-26SEP03-T58,57° or below,-999.0,57.0,0,1,99,100,194.0,low
207,2026-09-02T15:15:31Z,KLAX,2026-09-02,KXLOWTLAX-26SEP03-B64.5,64° to 65°,64.0,65.0,38,65,35,62,426.58,low
208,2026-09-02T15:15:31Z,KLAX,2026-09-02,KXLOWTLAX-26SEP03-B62.5,62° to 63°,62.0,63.0,7,8,92,93,189.87,low
209,2026-09-02T15:15:31Z,KLAX,2026-09-02,KXLOWTLAX-26SEP03-B60.5,60° to 61°,60.0,61.0,3,8,92,97,21.0,low
210,2026-09-02T15:15:31Z,KLAX,2026-09-02,KXLOWTLAX-26SEP03-B58.5,58° to 59°,58.0,59.0,3,8,92,97,21.0,low
211,2026-09-02T15:15:31Z,KLAX,2026-09-02,KXLOWTLAX-26SEP02-T64,65° or above,65.0,999.0,0,1,99,100,1093.55,low
212,2026-09-02T15:15:31Z,KLAX,2026-09-02,KXLOWTLAX-26SEP02-T57,56° or below,-999.0,56.0,0,1,99,100,181.0,low
213,2026-09-02T15:15:31Z,KLAX,2026-09-02,KXLOWTLAX-26SEP02-B63.5,63° to 64°,63.0,64.0,93,98,2,7,1189.74,low
214,2026-09-02T15:15:31Z,KLAX,2026-09-02,KXLOWTLAX-26SEP02-B61.5,61° to 62°,61.0,62.0,5,6,94,95,1459.31,low
215,2026-09-02T15:15:31Z,KLAX,2026-09-02,KXLOWTLAX-26SEP02-B59.5,59° to 60°,59.0,60.0,1,4,96,99,409.34,low
216,2026-09-02T15:15:31Z,KLAX,2026-09-02,KXLOWTLAX-26SEP02-B57.5,57° to 58°,57.0,58.0,0,1,99,100,312.13,low
73,2026-09-02T15:15:31Z,KMDW,2026-09-02,KXHIGHCHI-26SEP03-T95,96° or above,96.0,999.0,5,6,94,95,295.99,high
74,2026-09-02T15:15:31Z,KMDW,2026-09-02,KXHIGHCHI-26SEP03-T88,87° or below,-999.0,87.0,2,3,97,98,194.57,high
75,2026-09-02T15:15:31Z,KMDW,2026-09-02,KXHIGHCHI-26SEP03-B94.5,94° to 95°,94.0,95.0,20,22,78,80,163.9,high
76,2026-09-02T15:15:31Z,KMDW,2026-09-02,KXHIGHCHI-26SEP03-B92.5,92° to 93°,92.0,93.0,28,30,70,72,253.53,high
77,2026-09-02T15:15:31Z,KMDW,2026-09-02,KXHIGHCHI-26SEP03-B90.5,90° to 91°,90.0,91.0,27,28,72,73,223.94,high
78,2026-09-02T15:15:31Z,KMDW,2026-09-02,KXHIGHCHI-26SEP03-B88.5,88° to 89°,88.0,89.0,11,12,88,89,12.5,high
79,2026-09-02T15:15:31Z,KMDW,2026-09-02,KXHIGHCHI-26SEP02-T99,100° or above,100.0,999.0,0,1,99,100,1367.17,high
80,2026-09-02T15:15:31Z,KMDW,2026-09-02,KXHIGHCHI-26SEP02-T92,91° or below,-999.0,91.0,1,3,97,99,3523.21,high
81,2026-09-02T15:15:31Z,KMDW,2026-09-02,KXHIGHCHI-26SEP02-B98.5,98° to 99°,98.0,99.0,1,2,98,99,2451.55,high
82,2026-09-02T15:15:31Z,KMDW,2026-09-02,KXHIGHCHI-26SEP02-B96.5,96° to 97°,96.0,97.0,22,23,77,78,5043.98,high
83,2026-09-02T15:15:31Z,KMDW,2026-09-02,KXHIGHCHI-26SEP02-B94.5,94° to 95°,94.0,95.0,59,62,38,41,3588.55,high
84,2026-09-02T15:15:31Z,KMDW,2026-09-02,KXHIGHCHI-26SEP02-B92.5,92° to 93°,92.0,93.0,14,15,85,86,6300.31,high
85,2026-09-02T15:15:31Z,KMDW,2026-09-02,KXLOWTCHI-26SEP03-T78,79° or above,79.0,999.0,15,21,79,85,136.0,low
86,2026-09-02T15:15:31Z,KMDW,2026-09-02,KXLOWTCHI-26SEP03-T71,70° or below,-999.0,70.0,0,1,99,100,264.0,low
87,2026-09-02T15:15:31Z,KMDW,2026-09-02,KXLOWTCHI-26SEP03-B77.5,77° to 78°,77.0,78.0,30,37,63,70,116.0,low
88,2026-09-02T15:15:31Z,KMDW,2026-09-02,KXLOWTCHI-26SEP03-B75.5,75° to 76°,75.0,76.0,23,28,72,77,56.0,low
89,2026-09-02T15:15:31Z,KMDW,2026-09-02,KXLOWTCHI-26SEP03-B73.5,73° to 74°,73.0,74.0,12,17,83,88,0.0,low
90,2026-09-02T15:15:31Z,KMDW,2026-09-02,KXLOWTCHI-26SEP03-B71.5,71° to 72°,71.0,72.0,3,7,93,97,0.0,low
91,2026-09-02T15:15:31Z,KMDW,2026-09-02,KXLOWTCHI-26SEP02-T77,78° or above,78.0,999.0,96,98,2,4,1762.88,low
92,2026-09-02T15:15:31Z,KMDW,2026-09-02,KXLOWTCHI-26SEP02-T70,69° or below,-999.0,69.0,0,1,99,100,405.0,low
93,2026-09-02T15:15:31Z,KMDW,2026-09-02,KXLOWTCHI-26SEP02-B76.5,76° to 77°,76.0,77.0,1,5,95,99,837.08,low
94,2026-09-02T15:15:31Z,KMDW,2026-09-02,KXLOWTCHI-26SEP02-B74.5,74° to 75°,74.0,75.0,0,1,99,100,645.07,low
95,2026-09-02T15:15:31Z,KMDW,2026-09-02,KXLOWTCHI-26SEP02-B72.5,72° to 73°,72.0,73.0,0,1,99,100,280.0,low
96,2026-09-02T15:15:31Z,KMDW,2026-09-02,KXLOWTCHI-26SEP02-B70.5,70° to 71°,70.0,71.0,0,1,99,100,718.42,low
217,2026-09-02T15:15:31Z,KMIA,2026-09-02,KXHIGHMIA-26SEP03-T94,95° or above,95.0,999.0,2,3,97,98,163.0,high
218,2026-09-02T15:15:31Z,KMIA,2026-09-02,KXHIGHMIA-26SEP03-T87,86° or below,-999.0,86.0,2,3,97,98,188.3,high
219,2026-09-02T15:15:31Z,KMIA,2026-09-02,KXHIGHMIA-26SEP03-B93.5,93° to 94°,93.0,94.0,27,29,71,73,1038.18,high
220,2026-09-02T15:15:31Z,KMIA,2026-09-02,KXHIGHMIA-26SEP03-B91.5,91° to 92°,91.0,92.0,47,49,51,53,229.73,high
221,2026-09-02T15:15:31Z,KMIA,2026-09-02,KXHIGHMIA-26SEP03-B89.5,89° to 90°,89.0,90.0,16,18,82,84,156.67,high
222,2026-09-02T15:15:31Z,KMIA,2026-09-02,KXHIGHMIA-26SEP03-B87.5,87° to 88°,87.0,88.0,4,6,94,96,179.0,high
223,2026-09-02T15:15:31Z,KMIA,2026-09-02,KXHIGHMIA-26SEP02-T93,94° or above,94.0,999.0,3,4,96,97,6142.87,high
224,2026-09-02T15:15:31Z,KMIA,2026-09-02,KXHIGHMIA-26SEP02-T86,85° or below,-999.0,85.0,0,1,99,100,2262.46,high
225,2026-09-02T15:15:31Z,KMIA,2026-09-02,KXHIGHMIA-26SEP02-B92.5,92° to 93°,92.0,93.0,26,30,70,74,8930.56,high
226,2026-09-02T15:15:31Z,KMIA,2026-09-02,KXHIGHMIA-26SEP02-B90.5,90° to 91°,90.0,91.0,55,56,44,45,6086.19,high
227,2026-09-02T15:15:31Z,KMIA,2026-09-02,KXHIGHMIA-26SEP02-B88.5,88° to 89°,88.0,89.0,11,12,88,89,12065.22,high
228,2026-09-02T15:15:31Z,KMIA,2026-09-02,KXHIGHMIA-26SEP02-B86.5,86° to 87°,86.0,87.0,0,1,99,100,32025.18,high
229,2026-09-02T15:15:31Z,KMIA,2026-09-02,KXLOWTMIA-26SEP03-T81,82° or above,82.0,999.0,5,6,94,95,0.0,low
230,2026-09-02T15:15:31Z,KMIA,2026-09-02,KXLOWTMIA-26SEP03-T74,73° or below,-999.0,73.0,2,5,95,98,1.02,low
231,2026-09-02T15:15:31Z,KMIA,2026-09-02,KXLOWTMIA-26SEP03-B80.5,80° to 81°,80.0,81.0,13,15,85,87,0.0,low
232,2026-09-02T15:15:31Z,KMIA,2026-09-02,KXLOWTMIA-26SEP03-B78.5,78° to 79°,78.0,79.0,31,33,67,69,1.43,low
233,2026-09-02T15:15:31Z,KMIA,2026-09-02,KXLOWTMIA-26SEP03-B76.5,76° to 77°,76.0,77.0,33,34,66,67,60.43,low
234,2026-09-02T15:15:31Z,KMIA,2026-09-02,KXLOWTMIA-26SEP03-B74.5,74° to 75°,74.0,75.0,5,10,90,95,1.08,low
235,2026-09-02T15:15:31Z,KMIA,2026-09-02,KXLOWTMIA-26SEP02-T81,82° or above,82.0,999.0,0,1,99,100,497.36,low
236,2026-09-02T15:15:31Z,KMIA,2026-09-02,KXLOWTMIA-26SEP02-T74,73° or below,-999.0,73.0,1,3,97,99,458.55,low
237,2026-09-02T15:15:31Z,KMIA,2026-09-02,KXLOWTMIA-26SEP02-B80.5,80° to 81°,80.0,81.0,0,1,99,100,816.87,low
238,2026-09-02T15:15:31Z,KMIA,2026-09-02,KXLOWTMIA-26SEP02-B78.5,78° to 79°,78.0,79.0,0,1,99,100,986.25,low
239,2026-09-02T15:15:31Z,KMIA,2026-09-02,KXLOWTMIA-26SEP02-B76.5,76° to 77°,76.0,77.0,84,88,12,16,861.47,low
240,2026-09-02T15:15:31Z,KMIA,2026-09-02,KXLOWTMIA-26SEP02-B74.5,74° to 75°,74.0,75.0,6,12,88,94,830.82,low
241,2026-09-02T15:15:31Z,KMSP,2026-09-02,KXHIGHTMIN-26SEP03-T91,92° or above,92.0,999.0,19,28,72,81,48.98,high
242,2026-09-02T15:15:31Z,KMSP,2026-09-02,KXHIGHTMIN-26SEP03-T84,83° or below,-999.0,83.0,7,9,91,93,5.28,high
243,2026-09-02T15:15:31Z,KMSP,2026-09-02,KXHIGHTMIN-26SEP03-B90.5,90° to 91°,90.0,91.0,20,21,79,80,8.0,high
244,2026-09-02T15:15:31Z,KMSP,2026-09-02,KXHIGHTMIN-26SEP03-B88.5,88° to 89°,88.0,89.0,23,32,68,77,83.36,high
245,2026-09-02T15:15:31Z,KMSP,2026-09-02,KXHIGHTMIN-26SEP03-B86.5,86° to 87°,86.0,87.0,13,15,85,87,24.65,high
246,2026-09-02T15:15:31Z,KMSP,2026-09-02,KXHIGHTMIN-26SEP03-B84.5,84° to 85°,84.0,85.0,7,10,90,93,1.0,high
247,2026-09-02T15:15:31Z,KMSP,2026-09-02,KXHIGHTMIN-26SEP02-T88,89° or above,89.0,999.0,4,10,90,96,4036.34,high
248,2026-09-02T15:15:31Z,KMSP,2026-09-02,KXHIGHTMIN-26SEP02-T81,80° or below,-999.0,80.0,2,3,97,98,357.44,high
249,2026-09-02T15:15:31Z,KMSP,2026-09-02,KXHIGHTMIN-26SEP02-B87.5,87° to 88°,87.0,88.0,41,43,57,59,1384.51,high
250,2026-09-02T15:15:31Z,KMSP,2026-09-02,KXHIGHTMIN-26SEP02-B85.5,85° to 86°,85.0,86.0,36,39,61,64,864.12,high
251,2026-09-02T15:15:31Z,KMSP,2026-09-02,KXHIGHTMIN-26SEP02-B83.5,83° to 84°,83.0,84.0,6,7,93,94,931.03,high
252,2026-09-02T15:15:31Z,KMSP,2026-09-02,KXHIGHTMIN-26SEP02-B81.5,81° to 82°,81.0,82.0,2,4,96,98,731.61,high
253,2026-09-02T15:15:31Z,KMSP,2026-09-02,KXLOWTMIN-26SEP03-T70,71° or above,71.0,999.0,44,53,47,56,210.97,low
254,2026-09-02T15:15:31Z,KMSP,2026-09-02,KXLOWTMIN-26SEP03-T63,62° or below,-999.0,62.0,0,3,97,100,206.0,low
255,2026-09-02T15:15:31Z,KMSP,2026-09-02,KXLOWTMIN-26SEP03-B69.5,69° to 70°,69.0,70.0,32,37,63,68,1.0,low
256,2026-09-02T15:15:31Z,KMSP,2026-09-02,KXLOWTMIN-26SEP03-B67.5,67° to 68°,67.0,68.0,7,17,83,93,0.0,low
257,2026-09-02T15:15:31Z,KMSP,2026-09-02,KXLOWTMIN-26SEP03-B65.5,65° to 66°,65.0,66.0,2,5,95,98,0.0,low
258,2026-09-02T15:15:31Z,KMSP,2026-09-02,KXLOWTMIN-26SEP03-B63.5,63° to 64°,63.0,64.0,2,7,93,98,0.0,low
259,2026-09-02T15:15:31Z,KMSP,2026-09-02,KXLOWTMIN-26SEP02-T67,68° or above,68.0,999.0,0,1,99,100,995.09,low
260,2026-09-02T15:15:31Z,KMSP,2026-09-02,KXLOWTMIN-26SEP02-T60,59° or below,-999.0,59.0,0,1,99,100,278.0,low
261,2026-09-02T15:15:31Z,KMSP,2026-09-02,KXLOWTMIN-26SEP02-B66.5,66° to 67°,66.0,67.0,96,99,1,4,1250.71,low
262,2026-09-02T15:15:31Z,KMSP,2026-09-02,KXLOWTMIN-26SEP02-B64.5,64° to 65°,64.0,65.0,0,2,98,100,605.81,low
263,2026-09-02T15:15:31Z,KMSP,2026-09-02,KXLOWTMIN-26SEP02-B62.5,62° to 63°,62.0,63.0,0,1,99,100,80.0,low
264,2026-09-02T15:15:31Z,KMSP,2026-09-02,KXLOWTMIN-26SEP02-B60.5,60° to 61°,60.0,61.0,0,1,99,100,299.0,low
265,2026-09-02T15:15:31Z,KMSY,2026-09-02,KXHIGHTNOLA-26SEP03-T96,97° or above,97.0,999.0,3,5,95,97,0.0,high
266,2026-09-02T15:15:31Z,KMSY,2026-09-02,KXHIGHTNOLA-26SEP03-T89,88° or below,-999.0,88.0,4,5,95,96,0.0,high
267,2026-09-02T15:15:31Z,KMSY,2026-09-02,KXHIGHTNOLA-26SEP03-B95.5,95° to 96°,95.0,96.0,9,13,87,91,1.0,high
268,2026-09-02T15:15:31Z,KMSY,2026-09-02,KXHIGHTNOLA-26SEP03-B93.5,93° to 94°,93.0,94.0,42,52,48,58,117.92,high
269,2026-09-02T15:15:31Z,KMSY,2026-09-02,KXHIGHTNOLA-26SEP03-B91.5,91° to 92°,91.0,92.0,26,30,70,74,1.0,high
270,2026-09-02T15:15:31Z,KMSY,2026-09-02,KXHIGHTNOLA-26SEP03-B89.5,89° to 90°,89.0,90.0,13,14,86,87,57.0,high
271,2026-09-02T15:15:31Z,KMSY,2026-09-02,KXHIGHTNOLA-26SEP02-T95,96° or above,96.0,999.0,0,1,99,100,238.81,high
272,2026-09-02T15:15:31Z,KMSY,2026-09-02,KXHIGHTNOLA-26SEP02-T88,87° or below,-999.0,87.0,1,2,98,99,488.66,high
273,2026-09-02T15:15:31Z,KMSY,2026-09-02,KXHIGHTNOLA-26SEP02-B94.5,94° to 95°,94.0,95.0,15,20,80,85,985.34,high
274,2026-09-02T15:15:31Z,KMSY,2026-09-02,KXHIGHTNOLA-26SEP02-B92.5,92° to 93°,92.0,93.0,56,61,39,44,1112.75,high
275,2026-09-02T15:15:31Z,KMSY,2026-09-02,KXHIGHTNOLA-26SEP02-B90.5,90° to 91°,90.0,91.0,25,27,73,75,1013.66,high
276,2026-09-02T15:15:31Z,KMSY,2026-09-02,KXHIGHTNOLA-26SEP02-B88.5,88° to 89°,88.0,89.0,2,3,97,98,507.02,high
277,2026-09-02T15:15:31Z,KMSY,2026-09-02,KXLOWTNOLA-26SEP03-T79,80° or above,80.0,999.0,3,4,96,97,0.0,low
278,2026-09-02T15:15:31Z,KMSY,2026-09-02,KXLOWTNOLA-26SEP03-T72,71° or below,-999.0,71.0,1,4,96,99,5.0,low
279,2026-09-02T15:15:31Z,KMSY,2026-09-02,KXLOWTNOLA-26SEP03-B78.5,78° to 79°,78.0,79.0,21,26,74,79,0.0,low
280,2026-09-02T15:15:31Z,KMSY,2026-09-02,KXLOWTNOLA-26SEP03-B76.5,76° to 77°,76.0,77.0,48,53,47,52,180.0,low
281,2026-09-02T15:15:31Z,KMSY,2026-09-02,KXLOWTNOLA-26SEP03-B74.5,74° to 75°,74.0,75.0,14,17,83,86,51.0,low
282,2026-09-02T15:15:31Z,KMSY,2026-09-02,KXLOWTNOLA-26SEP03-B72.5,72° to 73°,72.0,73.0,3,6,94,97,0.0,low
283,2026-09-02T15:15:31Z,KMSY,2026-09-02,KXLOWTNOLA-26SEP02-T79,80° or above,80.0,999.0,0,1,99,100,209.56,low
284,2026-09-02T15:15:31Z,KMSY,2026-09-02,KXLOWTNOLA-26SEP02-T72,71° or below,-999.0,71.0,0,5,95,100,165.0,low
285,2026-09-02T15:15:31Z,KMSY,2026-09-02,KXLOWTNOLA-26SEP02-B78.5,78° to 79°,78.0,79.0,0,1,99,100,747.0,low
286,2026-09-02T15:15:31Z,KMSY,2026-09-02,KXLOWTNOLA-26SEP02-B76.5,76° to 77°,76.0,77.0,97,98,2,3,664.61,low
287,2026-09-02T15:15:31Z,KMSY,2026-09-02,KXLOWTNOLA-26SEP02-B74.5,74° to 75°,74.0,75.0,2,5,95,98,376.0,low
288,2026-09-02T15:15:31Z,KMSY,2026-09-02,KXLOWTNOLA-26SEP02-B72.5,72° to 73°,72.0,73.0,0,5,95,100,193.0,low
289,2026-09-02T15:15:31Z,KNYC,2026-09-02,KXHIGHNY-26SEP03-T90,91° or above,91.0,999.0,1,2,98,99,984.0,high
290,2026-09-02T15:15:31Z,KNYC,2026-09-02,KXHIGHNY-26SEP03-T83,82° or below,-999.0,82.0,29,30,70,71,496.3,high
291,2026-09-02T15:15:31Z,KNYC,2026-09-02,KXHIGHNY-26SEP03-B89.5,89° to 90°,89.0,90.0,3,4,96,97,120.08,high
292,2026-09-02T15:15:31Z,KNYC,2026-09-02,KXHIGHNY-26SEP03-B87.5,87° to 88°,87.0,88.0,7,8,92,93,113.28,high
293,2026-09-02T15:15:31Z,KNYC,2026-09-02,KXHIGHNY-26SEP03-B85.5,85° to 86°,85.0,86.0,22,24,76,78,533.63,high
294,2026-09-02T15:15:31Z,KNYC,2026-09-02,KXHIGHNY-26SEP03-B83.5,83° to 84°,83.0,84.0,38,40,60,62,687.94,high
295,2026-09-02T15:15:31Z,KNYC,2026-09-02,KXHIGHNY-26SEP02-T82,83° or above,83.0,999.0,0,1,99,100,1807.09,high
296,2026-09-02T15:15:31Z,KNYC,2026-09-02,KXHIGHNY-26SEP02-T75,74° or below,-999.0,74.0,87,89,11,13,13383.02,high
297,2026-09-02T15:15:31Z,KNYC,2026-09-02,KXHIGHNY-26SEP02-B81.5,81° to 82°,81.0,82.0,0,1,99,100,1645.6,high
298,2026-09-02T15:15:31Z,KNYC,2026-09-02,KXHIGHNY-26SEP02-B79.5,79° to 80°,79.0,80.0,0,1,99,100,3418.85,high
299,2026-09-02T15:15:31Z,KNYC,2026-09-02,KXHIGHNY-26SEP02-B77.5,77° to 78°,77.0,78.0,2,3,97,98,9977.77,high
300,2026-09-02T15:15:31Z,KNYC,2026-09-02,KXHIGHNY-26SEP02-B75.5,75° to 76°,75.0,76.0,12,14,86,88,12703.95,high
301,2026-09-02T15:15:31Z,KNYC,2026-09-02,KXLOWTNYC-26SEP03-T72,73° or above,73.0,999.0,3,8,92,97,0.0,low
302,2026-09-02T15:15:31Z,KNYC,2026-09-02,KXLOWTNYC-26SEP03-T65,64° or below,-999.0,64.0,2,4,96,98,8.14,low
303,2026-09-02T15:15:31Z,KNYC,2026-09-02,KXLOWTNYC-26SEP03-B71.5,71° to 72°,71.0,72.0,19,23,77,81,132.0,low
304,2026-09-02T15:15:31Z,KNYC,2026-09-02,KXLOWTNYC-26SEP03-B69.5,69° to 70°,69.0,70.0,42,50,50,58,131.0,low
305,2026-09-02T15:15:31Z,KNYC,2026-09-02,KXLOWTNYC-26SEP03-B67.5,67° to 68°,67.0,68.0,19,25,75,81,168.23,low
306,2026-09-02T15:15:31Z,KNYC,2026-09-02,KXLOWTNYC-26SEP03-B65.5,65° to 66°,65.0,66.0,2,7,93,98,1.02,low
307,2026-09-02T15:15:31Z,KNYC,2026-09-02,KXLOWTNYC-26SEP02-T71,72° or above,72.0,999.0,0,1,99,100,351.01,low
308,2026-09-02T15:15:31Z,KNYC,2026-09-02,KXLOWTNYC-26SEP02-T64,63° or below,-999.0,63.0,1,5,95,99,1235.82,low
309,2026-09-02T15:15:31Z,KNYC,2026-09-02,KXLOWTNYC-26SEP02-B70.5,70° to 71°,70.0,71.0,0,1,99,100,203.0,low
310,2026-09-02T15:15:31Z,KNYC,2026-09-02,KXLOWTNYC-26SEP02-B68.5,68° to 69°,68.0,69.0,0,1,99,100,867.24,low
311,2026-09-02T15:15:31Z,KNYC,2026-09-02,KXLOWTNYC-26SEP02-B66.5,66° to 67°,66.0,67.0,0,1,99,100,3581.08,low
312,2026-09-02T15:15:31Z,KNYC,2026-09-02,KXLOWTNYC-26SEP02-B64.5,64° to 65°,64.0,65.0,95,97,3,5,1633.7,low
313,2026-09-02T15:15:31Z,KOKC,2026-09-02,KXHIGHTOKC-26SEP03-T95,94° or below,-999.0,94.0,15,16,84,85,364.76,high
314,2026-09-02T15:15:31Z,KOKC,2026-09-02,KXHIGHTOKC-26SEP03-T102,103° or above,103.0,999.0,1,3,97,99,354.01,high
315,2026-09-02T15:15:31Z,KOKC,2026-09-02,KXHIGHTOKC-26SEP03-B99.5,99° to 100°,99.0,100.0,20,21,79,80,76.0,high
316,2026-09-02T15:15:31Z,KOKC,2026-09-02,KXHIGHTOKC-26SEP03-B97.5,97° to 98°,97.0,98.0,34,38,62,66,286.41,high
317,2026-09-02T15:15:31Z,KOKC,2026-09-02,KXHIGHTOKC-26SEP03-B95.5,95° to 96°,95.0,96.0,20,21,79,80,73.0,high
318,2026-09-02T15:15:31Z,KOKC,2026-09-02,KXHIGHTOKC-26SEP03-B101.5,101° to 102°,101.0,102.0,6,7,93,94,11.0,high
319,2026-09-02T15:15:31Z,KOKC,2026-09-02,KXHIGHTOKC-26SEP02-T96,95° or below,-999.0,95.0,0,1,99,100,141.0,high
320,2026-09-02T15:15:31Z,KOKC,2026-09-02,KXHIGHTOKC-26SEP02-T103,104° or above,104.0,999.0,0,1,99,100,630.19,high
321,2026-09-02T15:15:31Z,KOKC,2026-09-02,KXHIGHTOKC-26SEP02-B98.5,98° to 99°,98.0,99.0,33,34,66,67,1253.98,high
322,2026-09-02T15:15:31Z,KOKC,2026-09-02,KXHIGHTOKC-26SEP02-B96.5,96° to 97°,96.0,97.0,2,3,97,98,656.85,high
323,2026-09-02T15:15:31Z,KOKC,2026-09-02,KXHIGHTOKC-26SEP02-B102.5,102° to 103°,102.0,103.0,17,18,82,83,2031.21,high
324,2026-09-02T15:15:31Z,KOKC,2026-09-02,KXHIGHTOKC-26SEP02-B100.5,100° to 101°,100.0,101.0,50,51,49,50,2464.27,high
325,2026-09-02T15:15:31Z,KOKC,2026-09-02,KXLOWTOKC-26SEP03-T75,76° or above,76.0,999.0,3,11,89,97,20.0,low
326,2026-09-02T15:15:31Z,KOKC,2026-09-02,KXLOWTOKC-26SEP03-T68,67° or below,-999.0,67.0,2,6,94,98,60.0,low
327,2026-09-02T15:15:31Z,KOKC,2026-09-02,KXLOWTOKC-26SEP03-B74.5,74° to 75°,74.0,75.0,12,21,79,88,5.0,low
328,2026-09-02T15:15:31Z,KOKC,2026-09-02,KXLOWTOKC-26SEP03-B72.5,72° to 73°,72.0,73.0,28,31,69,72,1.0,low
329,2026-09-02T15:15:31Z,KOKC,2026-09-02,KXLOWTOKC-26SEP03-B70.5,70° to 71°,70.0,71.0,24,28,72,76,1.0,low
330,2026-09-02T15:15:31Z,KOKC,2026-09-02,KXLOWTOKC-26SEP03-B68.5,68° to 69°,68.0,69.0,11,17,83,89,0.0,low
331,2026-09-02T15:15:31Z,KOKC,2026-09-02,KXLOWTOKC-26SEP02-T76,77° or above,77.0,999.0,0,1,99,100,323.0,low
332,2026-09-02T15:15:31Z,KOKC,2026-09-02,KXLOWTOKC-26SEP02-T69,68° or below,-999.0,68.0,0,1,99,100,130.0,low
333,2026-09-02T15:15:31Z,KOKC,2026-09-02,KXLOWTOKC-26SEP02-B75.5,75° to 76°,75.0,76.0,0,1,99,100,633.49,low
334,2026-09-02T15:15:31Z,KOKC,2026-09-02,KXLOWTOKC-26SEP02-B73.5,73° to 74°,73.0,74.0,97,99,1,3,2468.35,low
335,2026-09-02T15:15:31Z,KOKC,2026-09-02,KXLOWTOKC-26SEP02-B71.5,71° to 72°,71.0,72.0,0,2,98,100,1304.62,low
336,2026-09-02T15:15:31Z,KOKC,2026-09-02,KXLOWTOKC-26SEP02-B69.5,69° to 70°,69.0,70.0,0,1,99,100,457.68,low
337,2026-09-02T15:15:31Z,KPHL,2026-09-02,KXHIGHPHIL-26SEP03-T95,96° or above,96.0,999.0,1,3,97,99,19.0,high
338,2026-09-02T15:15:31Z,KPHL,2026-09-02,KXHIGHPHIL-26SEP03-T88,87° or below,-999.0,87.0,18,19,81,82,24.13,high
339,2026-09-02T15:15:31Z,KPHL,2026-09-02,KXHIGHPHIL-26SEP03-B94.5,94° to 95°,94.0,95.0,2,4,96,98,34.0,high
340,2026-09-02T15:15:31Z,KPHL,2026-09-02,KXHIGHPHIL-26SEP03-B92.5,92° to 93°,92.0,93.0,12,13,87,88,106.95,high
341,2026-09-02T15:15:31Z,KPHL,2026-09-02,KXHIGHPHIL-26SEP03-B90.5,90° to 91°,90.0,91.0,32,41,59,68,90.41,high
342,2026-09-02T15:15:31Z,KPHL,2026-09-02,KXHIGHPHIL-26SEP03-B88.5,88° to 89°,88.0,89.0,25,29,71,75,5.33,high
343,2026-09-02T15:15:31Z,KPHL,2026-09-02,KXHIGHPHIL-26SEP02-T89,90° or above,90.0,999.0,0,1,99,100,279.6,high
344,2026-09-02T15:15:31Z,KPHL,2026-09-02,KXHIGHPHIL-26SEP02-T82,81° or below,-999.0,81.0,84,85,15,16,1821.09,high
345,2026-09-02T15:15:31Z,KPHL,2026-09-02,KXHIGHPHIL-26SEP02-B88.5,88° to 89°,88.0,89.0,0,1,99,100,281.0,high
346,2026-09-02T15:15:31Z,KPHL,2026-09-02,KXHIGHPHIL-26SEP02-B86.5,86° to 87°,86.0,87.0,0,2,98,100,276.0,high
347,2026-09-02T15:15:31Z,KPHL,2026-09-02,KXHIGHPHIL-26SEP02-B84.5,84° to 85°,84.0,85.0,3,5,95,97,2377.39,high
348,2026-09-02T15:15:31Z,KPHL,2026-09-02,KXHIGHPHIL-26SEP02-B82.5,82° to 83°,82.0,83.0,9,10,90,91,2319.42,high
349,2026-09-02T15:15:31Z,KPHL,2026-09-02,KXLOWTPHIL-26SEP03-T72,73° or above,73.0,999.0,37,40,60,63,60.42,low
350,2026-09-02T15:15:31Z,KPHL,2026-09-02,KXLOWTPHIL-26SEP03-T65,64° or below,-999.0,64.0,1,2,98,99,45.0,low
351,2026-09-02T15:15:31Z,KPHL,2026-09-02,KXLOWTPHIL-26SEP03-B71.5,71° to 72°,71.0,72.0,37,46,54,63,0.0,low
352,2026-09-02T15:15:31Z,KPHL,2026-09-02,KXLOWTPHIL-26SEP03-B69.5,69° to 70°,69.0,70.0,14,19,81,86,0.0,low
353,2026-09-02T15:15:31Z,KPHL,2026-09-02,KXLOWTPHIL-26SEP03-B67.5,67° to 68°,67.0,68.0,3,6,94,97,0.0,low
354,2026-09-02T15:15:31Z,KPHL,2026-09-02,KXLOWTPHIL-26SEP03-B65.5,65° to 66°,65.0,66.0,2,4,96,98,1.01,low
355,2026-09-02T15:15:31Z,KPHL,2026-09-02,KXLOWTPHIL-26SEP02-T73,74° or above,74.0,999.0,0,1,99,100,422.74,low
356,2026-09-02T15:15:31Z,KPHL,2026-09-02,KXLOWTPHIL-26SEP02-T66,65° or below,-999.0,65.0,0,1,99,100,21.0,low
357,2026-09-02T15:15:31Z,KPHL,2026-09-02,KXLOWTPHIL-26SEP02-B72.5,72° to 73°,72.0,73.0,52,60,40,48,976.1,low
358,2026-09-02T15:15:31Z,KPHL,2026-09-02,KXLOWTPHIL-26SEP02-B70.5,70° to 71°,70.0,71.0,30,40,60,70,491.59,low
359,2026-09-02T15:15:31Z,KPHL,2026-09-02,KXLOWTPHIL-26SEP02-B68.5,68° to 69°,68.0,69.0,1,10,90,99,167.02,low
360,2026-09-02T15:15:31Z,KPHL,2026-09-02,KXLOWTPHIL-26SEP02-B66.5,66° to 67°,66.0,67.0,2,4,96,98,55.0,low
361,2026-09-02T15:15:31Z,KPHX,2026-09-02,KXHIGHTPHX-26SEP03-T99,98° or below,-999.0,98.0,3,4,96,97,2.0,high
362,2026-09-02T15:15:31Z,KPHX,2026-09-02,KXHIGHTPHX-26SEP03-T106,107° or above,107.0,999.0,1,3,97,99,63.0,high
363,2026-09-02T15:15:31Z,KPHX,2026-09-02,KXHIGHTPHX-26SEP03-B99.5,99° to 100°,99.0,100.0,13,14,86,87,22.18,high
364,2026-09-02T15:15:31Z,KPHX,2026-09-02,KXHIGHTPHX-26SEP03-B105.5,105° to 106°,105.0,106.0,5,6,94,95,22.0,high
365,2026-09-02T15:15:31Z,KPHX,2026-09-02,KXHIGHTPHX-26SEP03-B103.5,103° to 104°,103.0,104.0,43,46,54,57,181.0,high
366,2026-09-02T15:15:31Z,KPHX,2026-09-02,KXHIGHTPHX-26SEP03-B101.5,101° to 102°,101.0,102.0,35,36,64,65,5.0,high
367,2026-09-02T15:15:31Z,KPHX,2026-09-02,KXHIGHTPHX-26SEP02-T98,97° or below,-999.0,97.0,0,1,99,100,1492.59,high
368,2026-09-02T15:15:31Z,KPHX,2026-09-02,KXHIGHTPHX-26SEP02-T105,106° or above,106.0,999.0,0,1,99,100,1765.55,high
369,2026-09-02T15:15:31Z,KPHX,2026-09-02,KXHIGHTPHX-26SEP02-B98.5,98° to 99°,98.0,99.0,1,2,98,99,1444.44,high
370,2026-09-02T15:15:31Z,KPHX,2026-09-02,KXHIGHTPHX-26SEP02-B104.5,104° to 105°,104.0,105.0,28,32,68,72,3382.13,high
371,2026-09-02T15:15:31Z,KPHX,2026-09-02,KXHIGHTPHX-26SEP02-B102.5,102° to 103°,102.0,103.0,62,64,36,38,3241.58,high
372,2026-09-02T15:15:31Z,KPHX,2026-09-02,KXHIGHTPHX-26SEP02-B100.5,100° to 101°,100.0,101.0,9,10,90,91,2739.63,high
373,2026-09-02T15:15:31Z,KPHX,2026-09-02,KXLOWTPHX-26SEP03-T84,85° or above,85.0,999.0,39,43,57,61,495.37,low
374,2026-09-02T15:15:31Z,KPHX,2026-09-02,KXLOWTPHX-26SEP03-T77,76° or below,-999.0,76.0,1,3,97,99,58.0,low
375,2026-09-02T15:15:31Z,KPHX,2026-09-02,KXLOWTPHX-26SEP03-B83.5,83° to 84°,83.0,84.0,24,33,67,76,232.0,low
376,2026-09-02T15:15:31Z,KPHX,2026-09-02,KXLOWTPHX-26SEP03-B81.5,81° to 82°,81.0,82.0,13,15,85,87,116.0,low
377,2026-09-02T15:15:31Z,KPHX,2026-09-02,KXLOWTPHX-26SEP03-B79.5,79° to 80°,79.0,80.0,8,13,87,92,8.0,low
378,2026-09-02T15:15:31Z,KPHX,2026-09-02,KXLOWTPHX-26SEP03-B77.5,77° to 78°,77.0,78.0,2,6,94,98,48.0,low
379,2026-09-02T15:15:31Z,KPHX,2026-09-02,KXLOWTPHX-26SEP02-T82,83° or above,83.0,999.0,98,99,1,2,1809.99,low
380,2026-09-02T15:15:31Z,KPHX,2026-09-02,KXLOWTPHX-26SEP02-T75,74° or below,-999.0,74.0,0,1,99,100,6.0,low
381,2026-09-02T15:15:31Z,KPHX,2026-09-02,KXLOWTPHX-26SEP02-B81.5,81° to 82°,81.0,82.0,0,3,97,100,207.09,low
382,2026-09-02T15:15:31Z,KPHX,2026-09-02,KXLOWTPHX-26SEP02-B79.5,79° to 80°,79.0,80.0,1,3,97,99,207.6,low
383,2026-09-02T15:15:31Z,KPHX,2026-09-02,KXLOWTPHX-26SEP02-B77.5,77° to 78°,77.0,78.0,0,1,99,100,75.0,low
384,2026-09-02T15:15:31Z,KPHX,2026-09-02,KXLOWTPHX-26SEP02-B75.5,75° to 76°,75.0,76.0,0,1,99,100,95.32,low
385,2026-09-02T15:15:31Z,KSAT,2026-09-02,KXHIGHTSATX-26SEP03-T98,97° or below,-999.0,97.0,2,5,95,98,1.0,high
386,2026-09-02T15:15:31Z,KSAT,2026-09-02,KXHIGHTSATX-26SEP03-T105,106° or above,106.0,999.0,1,2,98,99,158.0,high
387,2026-09-02T15:15:31Z,KSAT,2026-09-02,KXHIGHTSATX-26SEP03-B98.5,98° to 99°,98.0,99.0,13,23,77,87,156.89,high
388,2026-09-02T15:15:31Z,KSAT,2026-09-02,KXHIGHTSATX-26SEP03-B104.5,104° to 105°,104.0,105.0,3,4,96,97,2.0,high
389,2026-09-02T15:15:31Z,KSAT,2026-09-02,KXHIGHTSATX-26SEP03-B102.5,102° to 103°,102.0,103.0,11,13,87,89,120.9,high
390,2026-09-02T15:15:31Z,KSAT,2026-09-02,KXHIGHTSATX-26SEP03-B100.5,100° to 101°,100.0,101.0,53,59,41,47,86.82,high
391,2026-09-02T15:15:31Z,KSAT,2026-09-02,KXHIGHTSATX-26SEP02-T98,97° or below,-999.0,97.0,2,4,96,98,495.89,high
392,2026-09-02T15:15:31Z,KSAT,2026-09-02,KXHIGHTSATX-26SEP02-T105,106° or above,106.0,999.0,0,1,99,100,157.0,high
393,2026-09-02T15:15:31Z,KSAT,2026-09-02,KXHIGHTSATX-26SEP02-B98.5,98° to 99°,98.0,99.0,13,14,86,87,738.7,high
394,2026-09-02T15:15:31Z,KSAT,2026-09-02,KXHIGHTSATX-26SEP02-B104.5,104° to 105°,104.0,105.0,0,1,99,100,311.38,high
395,2026-09-02T15:15:31Z,KSAT,2026-09-02,KXHIGHTSATX-26SEP02-B102.5,102° to 103°,102.0,103.0,8,9,91,92,3800.27,high
396,2026-09-02T15:15:31Z,KSAT,2026-09-02,KXHIGHTSATX-26SEP02-B100.5,100° to 101°,100.0,101.0,72,78,22,28,1190.43,high
397,2026-09-02T15:15:31Z,KSAT,2026-09-02,KXLOWTSATX-26SEP03-T79,80° or above,80.0,999.0,25,27,73,75,104.0,low
398,2026-09-02T15:15:31Z,KSAT,2026-09-02,KXLOWTSATX-26SEP03-T72,71° or below,-999.0,71.0,0,1,99,100,1.0,low
399,2026-09-02T15:15:31Z,KSAT,2026-09-02,KXLOWTSATX-26SEP03-B78.5,78° to 79°,78.0,79.0,56,61,39,44,89.6,low
400,2026-09-02T15:15:31Z,KSAT,2026-09-02,KXLOWTSATX-26SEP03-B76.5,76° to 77°,76.0,77.0,14,21,79,86,0.0,low
401,2026-09-02T15:15:31Z,KSAT,2026-09-02,KXLOWTSATX-26SEP03-B74.5,74° to 75°,74.0,75.0,1,4,96,99,1.0,low
402,2026-09-02T15:15:31Z,KSAT,2026-09-02,KXLOWTSATX-26SEP03-B72.5,72° to 73°,72.0,73.0,1,2,98,99,1.0,low
403,2026-09-02T15:15:31Z,KSAT,2026-09-02,KXLOWTSATX-26SEP02-T78,79° or above,79.0,999.0,0,1,99,100,1094.04,low
404,2026-09-02T15:15:31Z,KSAT,2026-09-02,KXLOWTSATX-26SEP02-T71,70° or below,-999.0,70.0,0,1,99,100,6.0,low
405,2026-09-02T15:15:31Z,KSAT,2026-09-02,KXLOWTSATX-26SEP02-B77.5,77° to 78°,77.0,78.0,98,99,1,2,1532.66,low
406,2026-09-02T15:15:31Z,KSAT,2026-09-02,KXLOWTSATX-26SEP02-B75.5,75° to 76°,75.0,76.0,0,4,96,100,92.0,low
407,2026-09-02T15:15:31Z,KSAT,2026-09-02,KXLOWTSATX-26SEP02-B73.5,73° to 74°,73.0,74.0,0,2,98,100,395.0,low
408,2026-09-02T15:15:31Z,KSAT,2026-09-02,KXLOWTSATX-26SEP02-B71.5,71° to 72°,71.0,72.0,0,2,98,100,76.0,low
433,2026-09-02T15:15:31Z,KSEA,2026-09-02,KXHIGHTSEA-26SEP03-T70,71° or above,71.0,999.0,3,5,95,97,508.2,high
434,2026-09-02T15:15:31Z,KSEA,2026-09-02,KXHIGHTSEA-26SEP03-T63,62° or below,-999.0,62.0,9,10,90,91,4.01,high
435,2026-09-02T15:15:31Z,KSEA,2026-09-02,KXHIGHTSEA-26SEP03-B69.5,69° to 70°,69.0,70.0,10,12,88,90,7.6,high
436,2026-09-02T15:15:31Z,KSEA,2026-09-02,KXHIGHTSEA-26SEP03-B67.5,67° to 68°,67.0,68.0,30,31,69,70,6.0,high
437,2026-09-02T15:15:31Z,KSEA,2026-09-02,KXHIGHTSEA-26SEP03-B65.5,65° to 66°,65.0,66.0,36,39,61,64,79.87,high
438,2026-09-02T15:15:31Z,KSEA,2026-09-02,KXHIGHTSEA-26SEP03-B63.5,63° to 64°,63.0,64.0,11,12,88,89,56.0,high
439,2026-09-02T15:15:31Z,KSEA,2026-09-02,KXHIGHTSEA-26SEP02-T71,72° or above,72.0,999.0,1,2,98,99,1355.04,high
440,2026-09-02T15:15:31Z,KSEA,2026-09-02,KXHIGHTSEA-26SEP02-T64,63° or below,-999.0,63.0,9,11,89,91,1388.17,high
441,2026-09-02T15:15:31Z,KSEA,2026-09-02,KXHIGHTSEA-26SEP02-B70.5,70° to 71°,70.0,71.0,4,5,95,96,550.69,high
442,2026-09-02T15:15:31Z,KSEA,2026-09-02,KXHIGHTSEA-26SEP02-B68.5,68° to 69°,68.0,69.0,32,34,66,68,2262.37,high
443,2026-09-02T15:15:31Z,KSEA,2026-09-02,KXHIGHTSEA-26SEP02-B66.5,66° to 67°,66.0,67.0,30,32,68,70,1225.31,high
444,2026-09-02T15:15:31Z,KSEA,2026-09-02,KXHIGHTSEA-26SEP02-B64.5,64° to 65°,64.0,65.0,17,19,81,83,4637.17,high
445,2026-09-02T15:15:31Z,KSEA,2026-09-02,KXLOWTSEA-26SEP03-T54,55° or above,55.0,999.0,15,17,83,85,66.0,low
446,2026-09-02T15:15:31Z,KSEA,2026-09-02,KXLOWTSEA-26SEP03-T47,46° or below,-999.0,46.0,0,2,98,100,30.0,low
447,2026-09-02T15:15:31Z,KSEA,2026-09-02,KXLOWTSEA-26SEP03-B53.5,53° to 54°,53.0,54.0,41,48,52,59,65.0,low
448,2026-09-02T15:15:31Z,KSEA,2026-09-02,KXLOWTSEA-26SEP03-B51.5,51° to 52°,51.0,52.0,14,29,71,86,0.0,low
449,2026-09-02T15:15:31Z,KSEA,2026-09-02,KXLOWTSEA-26SEP03-B49.5,49° to 50°,49.0,50.0,1,10,90,99,0.0,low
450,2026-09-02T15:15:31Z,KSEA,2026-09-02,KXLOWTSEA-26SEP03-B47.5,47° to 48°,47.0,48.0,1,5,95,99,0.0,low
451,2026-09-02T15:15:31Z,KSEA,2026-09-02,KXLOWTSEA-26SEP02-T57,58° or above,58.0,999.0,2,5,95,98,237.23,low
452,2026-09-02T15:15:31Z,KSEA,2026-09-02,KXLOWTSEA-26SEP02-T50,49° or below,-999.0,49.0,0,1,99,100,222.01,low
453,2026-09-02T15:15:31Z,KSEA,2026-09-02,KXLOWTSEA-26SEP02-B56.5,56° to 57°,56.0,57.0,13,22,78,87,360.16,low
454,2026-09-02T15:15:31Z,KSEA,2026-09-02,KXLOWTSEA-26SEP02-B54.5,54° to 55°,54.0,55.0,62,71,29,38,523.02,low
455,2026-09-02T15:15:31Z,KSEA,2026-09-02,KXLOWTSEA-26SEP02-B52.5,52° to 53°,52.0,53.0,8,11,89,92,95.0,low
456,2026-09-02T15:15:31Z,KSEA,2026-09-02,KXLOWTSEA-26SEP02-B50.5,50° to 51°,50.0,51.0,0,3,97,100,55.0,low
409,2026-09-02T15:15:31Z,KSFO,2026-09-02,KXHIGHTSFO-26SEP03-T73,74° or above,74.0,999.0,18,19,81,82,75.77,high
410,2026-09-02T15:15:31Z,KSFO,2026-09-02,KXHIGHTSFO-26SEP03-T66,65° or below,-999.0,65.0,2,6,94,98,38.23,high
411,2026-09-02T15:15:31Z,KSFO,2026-09-02,KXHIGHTSFO-26SEP03-B72.5,72° to 73°,72.0,73.0,19,21,79,81,8.1,high
412,2026-09-02T15:15:31Z,KSFO,2026-09-02,KXHIGHTSFO-26SEP03-B70.5,70° to 71°,70.0,71.0,24,26,74,76,10.4,high
413,2026-09-02T15:15:31Z,KSFO,2026-09-02,KXHIGHTSFO-26SEP03-B68.5,68° to 69°,68.0,69.0,17,25,75,83,38.66,high
414,2026-09-02T15:15:31Z,KSFO,2026-09-02,KXHIGHTSFO-26SEP03-B66.5,66° to 67°,66.0,67.0,6,10,90,94,36.06,high
415,2026-09-02T15:15:31Z,KSFO,2026-09-02,KXHIGHTSFO-26SEP02-T74,75° or above,75.0,999.0,23,24,76,77,4655.18,high
416,2026-09-02T15:15:31Z,KSFO,2026-09-02,KXHIGHTSFO-26SEP02-T67,66° or below,-999.0,66.0,0,1,99,100,574.21,high
417,2026-09-02T15:15:31Z,KSFO,2026-09-02,KXHIGHTSFO-26SEP02-B73.5,73° to 74°,73.0,74.0,39,40,60,61,2586.5,high
418,2026-09-02T15:15:31Z,KSFO,2026-09-02,KXHIGHTSFO-26SEP02-B71.5,71° to 72°,71.0,72.0,36,37,63,64,1519.17,high
419,2026-09-02T15:15:31Z,KSFO,2026-09-02,KXHIGHTSFO-26SEP02-B69.5,69° to 70°,69.0,70.0,5,6,94,95,1414.34,high
420,2026-09-02T15:15:31Z,KSFO,2026-09-02,KXHIGHTSFO-26SEP02-B67.5,67° to 68°,67.0,68.0,0,1,99,100,627.68,high
421,2026-09-02T15:15:31Z,KSFO,2026-09-02,KXLOWTSFO-26SEP03-T59,60° or above,60.0,999.0,23,25,75,77,490.01,low
422,2026-09-02T15:15:31Z,KSFO,2026-09-02,KXLOWTSFO-26SEP03-T52,51° or below,-999.0,51.0,0,3,97,100,0.0,low
423,2026-09-02T15:15:31Z,KSFO,2026-09-02,KXLOWTSFO-26SEP03-B58.5,58° to 59°,58.0,59.0,57,64,36,43,143.0,low
424,2026-09-02T15:15:31Z,KSFO,2026-09-02,KXLOWTSFO-26SEP03-B56.5,56° to 57°,56.0,57.0,13,17,83,87,5.0,low
425,2026-09-02T15:15:31Z,KSFO,2026-09-02,KXLOWTSFO-26SEP03-B54.5,54° to 55°,54.0,55.0,1,4,96,99,0.0,low
426,2026-09-02T15:15:31Z,KSFO,2026-09-02,KXLOWTSFO-26SEP03-B52.5,52° to 53°,52.0,53.0,0,4,96,100,80.0,low
427,2026-09-02T15:15:31Z,KSFO,2026-09-02,KXLOWTSFO-26SEP02-T59,60° or above,60.0,999.0,40,83,17,60,1141.56,low
428,2026-09-02T15:15:31Z,KSFO,2026-09-02,KXLOWTSFO-26SEP02-T52,51° or below,-999.0,51.0,0,1,99,100,41.0,low
429,2026-09-02T15:15:31Z,KSFO,2026-09-02,KXLOWTSFO-26SEP02-B58.5,58° to 59°,58.0,59.0,6,45,55,94,661.31,low
430,2026-09-02T15:15:31Z,KSFO,2026-09-02,KXLOWTSFO-26SEP02-B56.5,56° to 57°,56.0,57.0,5,6,94,95,481.11,low
431,2026-09-02T15:15:31Z,KSFO,2026-09-02,KXLOWTSFO-26SEP02-B54.5,54° to 55°,54.0,55.0,0,4,96,100,141.09,low
432,2026-09-02T15:15:31Z,KSFO,2026-09-02,KXLOWTSFO-26SEP02-B52.5,52° to 53°,52.0,53.0,0,1,99,100,51.0,low
