id,run_at,icao,target_date,ticker,label,bucket_low,bucket_high,yes_bid,yes_ask,no_bid,no_ask,volume,market_type
1,2026-09-09T01:11:29Z,KATL,2026-09-09,KXHIGHTATL-26SEP09-T95,96° or above,96.0,999.0,0,1,99,100,188.0,high
2,2026-09-09T01:11:29Z,KATL,2026-09-09,KXHIGHTATL-26SEP09-T88,87° or below,-999.0,87.0,1,2,98,99,199.35,high
3,2026-09-09T01:11:29Z,KATL,2026-09-09,KXHIGHTATL-26SEP09-B94.5,94° to 95°,94.0,95.0,2,3,97,98,28.17,high
4,2026-09-09T01:11:29Z,KATL,2026-09-09,KXHIGHTATL-26SEP09-B92.5,92° to 93°,92.0,93.0,17,19,81,83,588.42,high
5,2026-09-09T01:11:29Z,KATL,2026-09-09,KXHIGHTATL-26SEP09-B90.5,90° to 91°,90.0,91.0,59,60,40,41,476.31,high
6,2026-09-09T01:11:29Z,KATL,2026-09-09,KXHIGHTATL-26SEP09-B88.5,88° to 89°,88.0,89.0,18,19,81,82,470.61,high
7,2026-09-09T01:11:29Z,KATL,2026-09-09,KXHIGHTATL-26SEP08-T91,92° or above,92.0,999.0,0,1,99,100,2641.34,high
8,2026-09-09T01:11:29Z,KATL,2026-09-09,KXHIGHTATL-26SEP08-T84,83° or below,-999.0,83.0,0,1,99,100,619.11,high
9,2026-09-09T01:11:29Z,KATL,2026-09-09,KXHIGHTATL-26SEP08-B90.5,90° to 91°,90.0,91.0,0,1,99,100,4792.8,high
10,2026-09-09T01:11:29Z,KATL,2026-09-09,KXHIGHTATL-26SEP08-B88.5,88° to 89°,88.0,89.0,99,100,0,1,5270.3,high
11,2026-09-09T01:11:29Z,KATL,2026-09-09,KXHIGHTATL-26SEP08-B86.5,86° to 87°,86.0,87.0,0,1,99,100,7829.67,high
12,2026-09-09T01:11:29Z,KATL,2026-09-09,KXHIGHTATL-26SEP08-B84.5,84° to 85°,84.0,85.0,0,1,99,100,2902.7,high
13,2026-09-09T01:11:29Z,KATL,2026-09-09,KXLOWTATL-26SEP09-T72,73° or above,73.0,999.0,6,13,87,94,817.0,low
14,2026-09-09T01:11:29Z,KATL,2026-09-09,KXLOWTATL-26SEP09-T65,64° or below,-999.0,64.0,0,2,98,100,250.0,low
15,2026-09-09T01:11:29Z,KATL,2026-09-09,KXLOWTATL-26SEP09-B71.5,71° to 72°,71.0,72.0,38,41,59,62,582.15,low
16,2026-09-09T01:11:29Z,KATL,2026-09-09,KXLOWTATL-26SEP09-B69.5,69° to 70°,69.0,70.0,40,53,47,60,219.57,low
17,2026-09-09T01:11:29Z,KATL,2026-09-09,KXLOWTATL-26SEP09-B67.5,67° to 68°,67.0,68.0,7,14,86,93,120.36,low
18,2026-09-09T01:11:29Z,KATL,2026-09-09,KXLOWTATL-26SEP09-B65.5,65° to 66°,65.0,66.0,0,4,96,100,116.0,low
19,2026-09-09T01:11:29Z,KATL,2026-09-09,KXLOWTATL-26SEP08-T72,73° or above,73.0,999.0,0,1,99,100,1271.7,low
20,2026-09-09T01:11:29Z,KATL,2026-09-09,KXLOWTATL-26SEP08-T65,64° or below,-999.0,64.0,0,1,99,100,675.0,low
21,2026-09-09T01:11:29Z,KATL,2026-09-09,KXLOWTATL-26SEP08-B71.5,71° to 72°,71.0,72.0,96,100,0,4,3892.26,low
22,2026-09-09T01:11:29Z,KATL,2026-09-09,KXLOWTATL-26SEP08-B69.5,69° to 70°,69.0,70.0,0,5,95,100,1472.05,low
23,2026-09-09T01:11:29Z,KATL,2026-09-09,KXLOWTATL-26SEP08-B67.5,67° to 68°,67.0,68.0,0,1,99,100,686.51,low
24,2026-09-09T01:11:29Z,KATL,2026-09-09,KXLOWTATL-26SEP08-B65.5,65° to 66°,65.0,66.0,0,1,99,100,304.12,low
25,2026-09-09T01:11:29Z,KAUS,2026-09-09,KXHIGHAUS-26SEP09-T96,95° or below,-999.0,95.0,1,2,98,99,391.53,high
26,2026-09-09T01:11:29Z,KAUS,2026-09-09,KXHIGHAUS-26SEP09-T103,104° or above,104.0,999.0,0,1,99,100,490.35,high
27,2026-09-09T01:11:29Z,KAUS,2026-09-09,KXHIGHAUS-26SEP09-B98.5,98° to 99°,98.0,99.0,47,48,52,53,749.5,high
28,2026-09-09T01:11:29Z,KAUS,2026-09-09,KXHIGHAUS-26SEP09-B96.5,96° to 97°,96.0,97.0,11,12,88,89,719.08,high
29,2026-09-09T01:11:29Z,KAUS,2026-09-09,KXHIGHAUS-26SEP09-B102.5,102° to 103°,102.0,103.0,3,4,96,97,549.59,high
30,2026-09-09T01:11:29Z,KAUS,2026-09-09,KXHIGHAUS-26SEP09-B100.5,100° to 101°,100.0,101.0,41,42,58,59,1742.75,high
31,2026-09-09T01:11:29Z,KAUS,2026-09-09,KXHIGHAUS-26SEP08-T96,95° or below,-999.0,95.0,0,1,99,100,1399.53,high
32,2026-09-09T01:11:29Z,KAUS,2026-09-09,KXHIGHAUS-26SEP08-T103,104° or above,104.0,999.0,0,1,99,100,3539.16,high
33,2026-09-09T01:11:29Z,KAUS,2026-09-09,KXHIGHAUS-26SEP08-B98.5,98° to 99°,98.0,99.0,0,1,99,100,9828.45,high
34,2026-09-09T01:11:29Z,KAUS,2026-09-09,KXHIGHAUS-26SEP08-B96.5,96° to 97°,96.0,97.0,0,1,99,100,3621.1,high
35,2026-09-09T01:11:29Z,KAUS,2026-09-09,KXHIGHAUS-26SEP08-B102.5,102° to 103°,102.0,103.0,99,100,0,1,19784.89,high
36,2026-09-09T01:11:29Z,KAUS,2026-09-09,KXHIGHAUS-26SEP08-B100.5,100° to 101°,100.0,101.0,0,1,99,100,116601.08,high
37,2026-09-09T01:11:29Z,KAUS,2026-09-09,KXLOWTAUS-26SEP09-T78,79° or above,79.0,999.0,3,7,93,97,75.0,low
38,2026-09-09T01:11:29Z,KAUS,2026-09-09,KXLOWTAUS-26SEP09-T71,70° or below,-999.0,70.0,1,3,97,99,113.0,low
39,2026-09-09T01:11:29Z,KAUS,2026-09-09,KXLOWTAUS-26SEP09-B77.5,77° to 78°,77.0,78.0,10,19,81,90,7.0,low
40,2026-09-09T01:11:29Z,KAUS,2026-09-09,KXLOWTAUS-26SEP09-B75.5,75° to 76°,75.0,76.0,45,53,47,55,86.0,low
41,2026-09-09T01:11:29Z,KAUS,2026-09-09,KXLOWTAUS-26SEP09-B73.5,73° to 74°,73.0,74.0,22,23,77,78,204.0,low
42,2026-09-09T01:11:29Z,KAUS,2026-09-09,KXLOWTAUS-26SEP09-B71.5,71° to 72°,71.0,72.0,5,7,93,95,0.0,low
43,2026-09-09T01:11:29Z,KAUS,2026-09-09,KXLOWTAUS-26SEP08-T78,79° or above,79.0,999.0,0,1,99,100,1500.75,low
44,2026-09-09T01:11:29Z,KAUS,2026-09-09,KXLOWTAUS-26SEP08-T71,70° or below,-999.0,70.0,0,2,98,100,317.01,low
45,2026-09-09T01:11:29Z,KAUS,2026-09-09,KXLOWTAUS-26SEP08-B77.5,77° to 78°,77.0,78.0,0,1,99,100,1908.58,low
46,2026-09-09T01:11:29Z,KAUS,2026-09-09,KXLOWTAUS-26SEP08-B75.5,75° to 76°,75.0,76.0,0,1,99,100,2227.26,low
47,2026-09-09T01:11:29Z,KAUS,2026-09-09,KXLOWTAUS-26SEP08-B73.5,73° to 74°,73.0,74.0,98,99,1,2,5394.03,low
48,2026-09-09T01:11:29Z,KAUS,2026-09-09,KXLOWTAUS-26SEP08-B71.5,71° to 72°,71.0,72.0,1,2,98,99,1793.28,low
49,2026-09-09T01:11:29Z,KBOS,2026-09-09,KXHIGHTBOS-26SEP09-T83,84° or above,84.0,999.0,2,3,97,98,815.72,high
50,2026-09-09T01:11:29Z,KBOS,2026-09-09,KXHIGHTBOS-26SEP09-T76,75° or below,-999.0,75.0,8,11,89,92,216.09,high
51,2026-09-09T01:11:29Z,KBOS,2026-09-09,KXHIGHTBOS-26SEP09-B82.5,82° to 83°,82.0,83.0,5,6,94,95,327.94,high
52,2026-09-09T01:11:29Z,KBOS,2026-09-09,KXHIGHTBOS-26SEP09-B80.5,80° to 81°,80.0,81.0,30,31,69,70,406.9,high
53,2026-09-09T01:11:29Z,KBOS,2026-09-09,KXHIGHTBOS-26SEP09-B78.5,78° to 79°,78.0,79.0,36,38,62,64,343.47,high
54,2026-09-09T01:11:29Z,KBOS,2026-09-09,KXHIGHTBOS-26SEP09-B76.5,76° to 77°,76.0,77.0,15,16,84,85,22.21,high
55,2026-09-09T01:11:29Z,KBOS,2026-09-09,KXHIGHTBOS-26SEP08-T85,86° or above,86.0,999.0,0,1,99,100,3412.82,high
56,2026-09-09T01:11:29Z,KBOS,2026-09-09,KXHIGHTBOS-26SEP08-T78,77° or below,-999.0,77.0,0,1,99,100,1559.46,high
57,2026-09-09T01:11:29Z,KBOS,2026-09-09,KXHIGHTBOS-26SEP08-B84.5,84° to 85°,84.0,85.0,0,1,99,100,2153.3,high
58,2026-09-09T01:11:29Z,KBOS,2026-09-09,KXHIGHTBOS-26SEP08-B82.5,82° to 83°,82.0,83.0,0,1,99,100,5315.14,high
59,2026-09-09T01:11:29Z,KBOS,2026-09-09,KXHIGHTBOS-26SEP08-B80.5,80° to 81°,80.0,81.0,99,100,0,1,6569.43,high
60,2026-09-09T01:11:29Z,KBOS,2026-09-09,KXHIGHTBOS-26SEP08-B78.5,78° to 79°,78.0,79.0,0,1,99,100,6483.25,high
61,2026-09-09T01:11:29Z,KBOS,2026-09-09,KXLOWTBOS-26SEP09-T67,68° or above,68.0,999.0,0,2,98,100,189.0,low
62,2026-09-09T01:11:29Z,KBOS,2026-09-09,KXLOWTBOS-26SEP09-T60,59° or below,-999.0,59.0,2,7,93,98,45.0,low
63,2026-09-09T01:11:29Z,KBOS,2026-09-09,KXLOWTBOS-26SEP09-B66.5,66° to 67°,66.0,67.0,5,9,91,95,192.0,low
64,2026-09-09T01:11:29Z,KBOS,2026-09-09,KXLOWTBOS-26SEP09-B64.5,64° to 65°,64.0,65.0,23,31,69,77,412.01,low
65,2026-09-09T01:11:29Z,KBOS,2026-09-09,KXLOWTBOS-26SEP09-B62.5,62° to 63°,62.0,63.0,44,51,49,56,286.49,low
66,2026-09-09T01:11:29Z,KBOS,2026-09-09,KXLOWTBOS-26SEP09-B60.5,60° to 61°,60.0,61.0,7,16,84,93,53.0,low
67,2026-09-09T01:11:29Z,KBOS,2026-09-09,KXLOWTBOS-26SEP08-T65,66° or above,66.0,999.0,0,1,99,100,258.15,low
68,2026-09-09T01:11:29Z,KBOS,2026-09-09,KXLOWTBOS-26SEP08-T58,57° or below,-999.0,57.0,0,1,99,100,554.39,low
69,2026-09-09T01:11:29Z,KBOS,2026-09-09,KXLOWTBOS-26SEP08-B64.5,64° to 65°,64.0,65.0,86,95,5,14,2005.18,low
70,2026-09-09T01:11:29Z,KBOS,2026-09-09,KXLOWTBOS-26SEP08-B62.5,62° to 63°,62.0,63.0,8,14,86,92,1260.38,low
71,2026-09-09T01:11:29Z,KBOS,2026-09-09,KXLOWTBOS-26SEP08-B60.5,60° to 61°,60.0,61.0,0,5,95,100,527.56,low
72,2026-09-09T01:11:29Z,KBOS,2026-09-09,KXLOWTBOS-26SEP08-B58.5,58° to 59°,58.0,59.0,0,1,99,100,212.43,low
457,2026-09-09T01:11:29Z,KDCA,2026-09-09,KXHIGHTDC-26SEP09-T93,94° or above,94.0,999.0,1,2,98,99,45.4,high
458,2026-09-09T01:11:29Z,KDCA,2026-09-09,KXHIGHTDC-26SEP09-T86,85° or below,-999.0,85.0,3,4,96,97,853.32,high
459,2026-09-09T01:11:29Z,KDCA,2026-09-09,KXHIGHTDC-26SEP09-B92.5,92° to 93°,92.0,93.0,6,8,92,94,38.88,high
460,2026-09-09T01:11:29Z,KDCA,2026-09-09,KXHIGHTDC-26SEP09-B90.5,90° to 91°,90.0,91.0,48,49,51,52,436.72,high
461,2026-09-09T01:11:29Z,KDCA,2026-09-09,KXHIGHTDC-26SEP09-B88.5,88° to 89°,88.0,89.0,35,36,64,65,145.48,high
462,2026-09-09T01:11:29Z,KDCA,2026-09-09,KXHIGHTDC-26SEP09-B86.5,86° to 87°,86.0,87.0,4,5,95,96,38.09,high
463,2026-09-09T01:11:29Z,KDCA,2026-09-09,KXHIGHTDC-26SEP08-T90,91° or above,91.0,999.0,0,1,99,100,1429.4,high
464,2026-09-09T01:11:29Z,KDCA,2026-09-09,KXHIGHTDC-26SEP08-T83,82° or below,-999.0,82.0,0,1,99,100,1161.72,high
465,2026-09-09T01:11:29Z,KDCA,2026-09-09,KXHIGHTDC-26SEP08-B89.5,89° to 90°,89.0,90.0,0,1,99,100,1044.59,high
466,2026-09-09T01:11:29Z,KDCA,2026-09-09,KXHIGHTDC-26SEP08-B87.5,87° to 88°,87.0,88.0,0,1,99,100,4061.73,high
467,2026-09-09T01:11:29Z,KDCA,2026-09-09,KXHIGHTDC-26SEP08-B85.5,85° to 86°,85.0,86.0,99,100,0,1,2960.2,high
468,2026-09-09T01:11:29Z,KDCA,2026-09-09,KXHIGHTDC-26SEP08-B83.5,83° to 84°,83.0,84.0,0,1,99,100,3511.42,high
469,2026-09-09T01:11:29Z,KDCA,2026-09-09,KXLOWTDC-26SEP09-T69,70° or above,70.0,999.0,18,25,75,82,316.0,low
470,2026-09-09T01:11:29Z,KDCA,2026-09-09,KXLOWTDC-26SEP09-T62,61° or below,-999.0,61.0,0,2,98,100,50.18,low
471,2026-09-09T01:11:29Z,KDCA,2026-09-09,KXLOWTDC-26SEP09-B68.5,68° to 69°,68.0,69.0,52,56,44,48,279.0,low
472,2026-09-09T01:11:29Z,KDCA,2026-09-09,KXLOWTDC-26SEP09-B66.5,66° to 67°,66.0,67.0,14,20,80,86,392.56,low
473,2026-09-09T01:11:29Z,KDCA,2026-09-09,KXLOWTDC-26SEP09-B64.5,64° to 65°,64.0,65.0,4,9,91,96,60.24,low
474,2026-09-09T01:11:29Z,KDCA,2026-09-09,KXLOWTDC-26SEP09-B62.5,62° to 63°,62.0,63.0,2,5,95,98,15.14,low
475,2026-09-09T01:11:29Z,KDCA,2026-09-09,KXLOWTDC-26SEP08-T64,65° or above,65.0,999.0,0,1,99,100,3589.97,low
476,2026-09-09T01:11:29Z,KDCA,2026-09-09,KXLOWTDC-26SEP08-T57,56° or below,-999.0,56.0,0,1,99,100,227.0,low
477,2026-09-09T01:11:29Z,KDCA,2026-09-09,KXLOWTDC-26SEP08-B63.5,63° to 64°,63.0,64.0,99,100,0,1,2560.33,low
478,2026-09-09T01:11:29Z,KDCA,2026-09-09,KXLOWTDC-26SEP08-B61.5,61° to 62°,61.0,62.0,0,5,95,100,707.9,low
479,2026-09-09T01:11:29Z,KDCA,2026-09-09,KXLOWTDC-26SEP08-B59.5,59° to 60°,59.0,60.0,0,1,99,100,174.14,low
480,2026-09-09T01:11:29Z,KDCA,2026-09-09,KXLOWTDC-26SEP08-B57.5,57° to 58°,57.0,58.0,0,1,99,100,239.96,low
121,2026-09-09T01:11:29Z,KDEN,2026-09-09,KXHIGHDEN-26SEP09-T85,86° or above,86.0,999.0,1,2,98,99,235.38,high
122,2026-09-09T01:11:29Z,KDEN,2026-09-09,KXHIGHDEN-26SEP09-T78,77° or below,-999.0,77.0,1,3,97,99,518.84,high
123,2026-09-09T01:11:29Z,KDEN,2026-09-09,KXHIGHDEN-26SEP09-B84.5,84° to 85°,84.0,85.0,12,13,87,88,363.37,high
124,2026-09-09T01:11:29Z,KDEN,2026-09-09,KXHIGHDEN-26SEP09-B82.5,82° to 83°,82.0,83.0,50,51,49,50,859.31,high
125,2026-09-09T01:11:29Z,KDEN,2026-09-09,KXHIGHDEN-26SEP09-B80.5,80° to 81°,80.0,81.0,29,30,70,71,391.78,high
126,2026-09-09T01:11:29Z,KDEN,2026-09-09,KXHIGHDEN-26SEP09-B78.5,78° to 79°,78.0,79.0,3,4,96,97,177.66,high
127,2026-09-09T01:11:29Z,KDEN,2026-09-09,KXHIGHDEN-26SEP08-T89,90° or above,90.0,999.0,0,1,99,100,845.29,high
128,2026-09-09T01:11:29Z,KDEN,2026-09-09,KXHIGHDEN-26SEP08-T82,81° or below,-999.0,81.0,0,1,99,100,1467.68,high
129,2026-09-09T01:11:29Z,KDEN,2026-09-09,KXHIGHDEN-26SEP08-B88.5,88° to 89°,88.0,89.0,0,1,99,100,2286.33,high
130,2026-09-09T01:11:29Z,KDEN,2026-09-09,KXHIGHDEN-26SEP08-B86.5,86° to 87°,86.0,87.0,99,100,0,1,9473.83,high
131,2026-09-09T01:11:29Z,KDEN,2026-09-09,KXHIGHDEN-26SEP08-B84.5,84° to 85°,84.0,85.0,0,1,99,100,5384.42,high
132,2026-09-09T01:11:29Z,KDEN,2026-09-09,KXHIGHDEN-26SEP08-B82.5,82° to 83°,82.0,83.0,0,1,99,100,1967.93,high
133,2026-09-09T01:11:29Z,KDEN,2026-09-09,KXLOWTDEN-26SEP09-T61,62° or above,62.0,999.0,3,5,95,97,0.0,low
134,2026-09-09T01:11:29Z,KDEN,2026-09-09,KXLOWTDEN-26SEP09-T54,53° or below,-999.0,53.0,10,13,87,90,58.35,low
135,2026-09-09T01:11:29Z,KDEN,2026-09-09,KXLOWTDEN-26SEP09-B60.5,60° to 61°,60.0,61.0,3,8,92,97,0.0,low
136,2026-09-09T01:11:29Z,KDEN,2026-09-09,KXLOWTDEN-26SEP09-B58.5,58° to 59°,58.0,59.0,24,25,75,76,111.45,low
137,2026-09-09T01:11:29Z,KDEN,2026-09-09,KXLOWTDEN-26SEP09-B56.5,56° to 57°,56.0,57.0,25,32,68,75,3.0,low
138,2026-09-09T01:11:29Z,KDEN,2026-09-09,KXLOWTDEN-26SEP09-B54.5,54° to 55°,54.0,55.0,20,28,72,80,165.78,low
139,2026-09-09T01:11:29Z,KDEN,2026-09-09,KXLOWTDEN-26SEP08-T65,66° or above,66.0,999.0,0,1,99,100,115.0,low
140,2026-09-09T01:11:29Z,KDEN,2026-09-09,KXLOWTDEN-26SEP08-T58,57° or below,-999.0,57.0,1,4,96,99,248.59,low
141,2026-09-09T01:11:29Z,KDEN,2026-09-09,KXLOWTDEN-26SEP08-B64.5,64° to 65°,64.0,65.0,0,1,99,100,494.76,low
142,2026-09-09T01:11:29Z,KDEN,2026-09-09,KXLOWTDEN-26SEP08-B62.5,62° to 63°,62.0,63.0,84,89,11,16,1711.36,low
143,2026-09-09T01:11:29Z,KDEN,2026-09-09,KXLOWTDEN-26SEP08-B60.5,60° to 61°,60.0,61.0,5,10,90,95,519.06,low
144,2026-09-09T01:11:29Z,KDEN,2026-09-09,KXLOWTDEN-26SEP08-B58.5,58° to 59°,58.0,59.0,1,6,94,99,473.68,low
97,2026-09-09T01:11:29Z,KDFW,2026-09-09,KXHIGHTDAL-26SEP09-T98,97° or below,-999.0,97.0,3,4,96,97,106.19,high
98,2026-09-09T01:11:29Z,KDFW,2026-09-09,KXHIGHTDAL-26SEP09-T105,106° or above,106.0,999.0,0,1,99,100,441.0,high
99,2026-09-09T01:11:29Z,KDFW,2026-09-09,KXHIGHTDAL-26SEP09-B98.5,98° to 99°,98.0,99.0,17,20,80,83,1085.36,high
100,2026-09-09T01:11:29Z,KDFW,2026-09-09,KXHIGHTDAL-26SEP09-B104.5,104° to 105°,104.0,105.0,1,2,98,99,307.39,high
101,2026-09-09T01:11:29Z,KDFW,2026-09-09,KXHIGHTDAL-26SEP09-B102.5,102° to 103°,102.0,103.0,17,21,79,83,381.01,high
102,2026-09-09T01:11:29Z,KDFW,2026-09-09,KXHIGHTDAL-26SEP09-B100.5,100° to 101°,100.0,101.0,60,61,39,40,924.28,high
103,2026-09-09T01:11:29Z,KDFW,2026-09-09,KXHIGHTDAL-26SEP08-T99,98° or below,-999.0,98.0,0,1,99,100,2700.17,high
104,2026-09-09T01:11:29Z,KDFW,2026-09-09,KXHIGHTDAL-26SEP08-T106,107° or above,107.0,999.0,0,1,99,100,2012.26,high
105,2026-09-09T01:11:29Z,KDFW,2026-09-09,KXHIGHTDAL-26SEP08-B99.5,99° to 100°,99.0,100.0,0,1,99,100,11910.39,high
106,2026-09-09T01:11:29Z,KDFW,2026-09-09,KXHIGHTDAL-26SEP08-B105.5,105° to 106°,105.0,106.0,0,1,99,100,990.37,high
107,2026-09-09T01:11:29Z,KDFW,2026-09-09,KXHIGHTDAL-26SEP08-B103.5,103° to 104°,103.0,104.0,0,1,99,100,11727.6,high
108,2026-09-09T01:11:29Z,KDFW,2026-09-09,KXHIGHTDAL-26SEP08-B101.5,101° to 102°,101.0,102.0,99,100,0,1,11527.89,high
109,2026-09-09T01:11:29Z,KDFW,2026-09-09,KXLOWTDAL-26SEP09-T82,83° or above,83.0,999.0,2,6,94,98,3.0,low
110,2026-09-09T01:11:29Z,KDFW,2026-09-09,KXLOWTDAL-26SEP09-T75,74° or below,-999.0,74.0,0,1,99,100,64.18,low
111,2026-09-09T01:11:29Z,KDFW,2026-09-09,KXLOWTDAL-26SEP09-B81.5,81° to 82°,81.0,82.0,59,65,35,41,166.99,low
112,2026-09-09T01:11:29Z,KDFW,2026-09-09,KXLOWTDAL-26SEP09-B79.5,79° to 80°,79.0,80.0,28,37,63,72,51.0,low
113,2026-09-09T01:11:29Z,KDFW,2026-09-09,KXLOWTDAL-26SEP09-B77.5,77° to 78°,77.0,78.0,2,4,96,98,0.0,low
114,2026-09-09T01:11:29Z,KDFW,2026-09-09,KXLOWTDAL-26SEP09-B75.5,75° to 76°,75.0,76.0,0,2,98,100,145.37,low
115,2026-09-09T01:11:29Z,KDFW,2026-09-09,KXLOWTDAL-26SEP08-T81,82° or above,82.0,999.0,97,99,1,3,2868.08,low
116,2026-09-09T01:11:29Z,KDFW,2026-09-09,KXLOWTDAL-26SEP08-T74,73° or below,-999.0,73.0,0,1,99,100,198.11,low
117,2026-09-09T01:11:29Z,KDFW,2026-09-09,KXLOWTDAL-26SEP08-B80.5,80° to 81°,80.0,81.0,1,4,96,99,1776.82,low
118,2026-09-09T01:11:29Z,KDFW,2026-09-09,KXLOWTDAL-26SEP08-B78.5,78° to 79°,78.0,79.0,0,2,98,100,154.36,low
119,2026-09-09T01:11:29Z,KDFW,2026-09-09,KXLOWTDAL-26SEP08-B76.5,76° to 77°,76.0,77.0,0,1,99,100,63.04,low
120,2026-09-09T01:11:29Z,KDFW,2026-09-09,KXLOWTDAL-26SEP08-B74.5,74° to 75°,74.0,75.0,0,1,99,100,110.09,low
145,2026-09-09T01:11:29Z,KIAH,2026-09-09,KXHIGHTHOU-26SEP09-T95,96° or above,96.0,999.0,1,2,98,99,196.21,high
146,2026-09-09T01:11:29Z,KIAH,2026-09-09,KXHIGHTHOU-26SEP09-T88,87° or below,-999.0,87.0,2,3,97,98,303.61,high
147,2026-09-09T01:11:29Z,KIAH,2026-09-09,KXHIGHTHOU-26SEP09-B94.5,94° to 95°,94.0,95.0,5,6,94,95,111.28,high
148,2026-09-09T01:11:29Z,KIAH,2026-09-09,KXHIGHTHOU-26SEP09-B92.5,92° to 93°,92.0,93.0,43,45,55,57,441.35,high
149,2026-09-09T01:11:29Z,KIAH,2026-09-09,KXHIGHTHOU-26SEP09-B90.5,90° to 91°,90.0,91.0,32,34,66,68,230.47,high
150,2026-09-09T01:11:29Z,KIAH,2026-09-09,KXHIGHTHOU-26SEP09-B88.5,88° to 89°,88.0,89.0,13,17,83,87,176.29,high
151,2026-09-09T01:11:29Z,KIAH,2026-09-09,KXHIGHTHOU-26SEP08-T98,99° or above,99.0,999.0,0,1,99,100,2043.8,high
152,2026-09-09T01:11:29Z,KIAH,2026-09-09,KXHIGHTHOU-26SEP08-T91,90° or below,-999.0,90.0,0,1,99,100,1212.54,high
153,2026-09-09T01:11:29Z,KIAH,2026-09-09,KXHIGHTHOU-26SEP08-B97.5,97° to 98°,97.0,98.0,0,1,99,100,4438.34,high
154,2026-09-09T01:11:29Z,KIAH,2026-09-09,KXHIGHTHOU-26SEP08-B95.5,95° to 96°,95.0,96.0,0,1,99,100,9833.02,high
155,2026-09-09T01:11:29Z,KIAH,2026-09-09,KXHIGHTHOU-26SEP08-B93.5,93° to 94°,93.0,94.0,99,100,0,1,10074.88,high
156,2026-09-09T01:11:29Z,KIAH,2026-09-09,KXHIGHTHOU-26SEP08-B91.5,91° to 92°,91.0,92.0,0,1,99,100,13433.12,high
157,2026-09-09T01:11:29Z,KIAH,2026-09-09,KXLOWTHOU-26SEP09-T80,81° or above,81.0,999.0,17,21,79,83,22.1,low
158,2026-09-09T01:11:29Z,KIAH,2026-09-09,KXLOWTHOU-26SEP09-T73,72° or below,-999.0,72.0,0,3,97,100,36.0,low
159,2026-09-09T01:11:29Z,KIAH,2026-09-09,KXLOWTHOU-26SEP09-B79.5,79° to 80°,79.0,80.0,45,55,45,55,65.0,low
160,2026-09-09T01:11:29Z,KIAH,2026-09-09,KXLOWTHOU-26SEP09-B77.5,77° to 78°,77.0,78.0,18,27,73,82,11.04,low
161,2026-09-09T01:11:29Z,KIAH,2026-09-09,KXLOWTHOU-26SEP09-B75.5,75° to 76°,75.0,76.0,3,8,92,97,2.91,low
162,2026-09-09T01:11:29Z,KIAH,2026-09-09,KXLOWTHOU-26SEP09-B73.5,73° to 74°,73.0,74.0,3,5,95,97,0.0,low
163,2026-09-09T01:11:29Z,KIAH,2026-09-09,KXLOWTHOU-26SEP08-T80,81° or above,81.0,999.0,0,1,99,100,538.7,low
164,2026-09-09T01:11:29Z,KIAH,2026-09-09,KXLOWTHOU-26SEP08-T73,72° or below,-999.0,72.0,0,2,98,100,141.0,low
165,2026-09-09T01:11:29Z,KIAH,2026-09-09,KXLOWTHOU-26SEP08-B79.5,79° to 80°,79.0,80.0,95,99,1,5,1604.69,low
166,2026-09-09T01:11:29Z,KIAH,2026-09-09,KXLOWTHOU-26SEP08-B77.5,77° to 78°,77.0,78.0,2,7,93,98,1099.5,low
167,2026-09-09T01:11:29Z,KIAH,2026-09-09,KXLOWTHOU-26SEP08-B75.5,75° to 76°,75.0,76.0,1,3,97,99,59.8,low
168,2026-09-09T01:11:29Z,KIAH,2026-09-09,KXLOWTHOU-26SEP08-B73.5,73° to 74°,73.0,74.0,0,4,96,100,81.16,low
169,2026-09-09T01:11:29Z,KLAS,2026-09-09,KXHIGHTLV-26SEP09-T108,109° or above,109.0,999.0,1,2,98,99,1214.88,high
170,2026-09-09T01:11:29Z,KLAS,2026-09-09,KXHIGHTLV-26SEP09-T101,100° or below,-999.0,100.0,1,2,98,99,1381.7,high
171,2026-09-09T01:11:29Z,KLAS,2026-09-09,KXHIGHTLV-26SEP09-B107.5,107° to 108°,107.0,108.0,4,6,94,96,66.72,high
172,2026-09-09T01:11:29Z,KLAS,2026-09-09,KXHIGHTLV-26SEP09-B105.5,105° to 106°,105.0,106.0,48,49,51,52,454.61,high
173,2026-09-09T01:11:29Z,KLAS,2026-09-09,KXHIGHTLV-26SEP09-B103.5,103° to 104°,103.0,104.0,44,46,54,56,642.3,high
174,2026-09-09T01:11:29Z,KLAS,2026-09-09,KXHIGHTLV-26SEP09-B101.5,101° to 102°,101.0,102.0,1,3,97,99,321.79,high
175,2026-09-09T01:11:29Z,KLAS,2026-09-09,KXHIGHTLV-26SEP08-T96,95° or below,-999.0,95.0,0,1,99,100,1991.06,high
176,2026-09-09T01:11:29Z,KLAS,2026-09-09,KXHIGHTLV-26SEP08-T103,104° or above,104.0,999.0,0,1,99,100,2241.06,high
177,2026-09-09T01:11:29Z,KLAS,2026-09-09,KXHIGHTLV-26SEP08-B98.5,98° to 99°,98.0,99.0,0,1,99,100,11494.67,high
178,2026-09-09T01:11:29Z,KLAS,2026-09-09,KXHIGHTLV-26SEP08-B96.5,96° to 97°,96.0,97.0,0,1,99,100,4181.66,high
179,2026-09-09T01:11:29Z,KLAS,2026-09-09,KXHIGHTLV-26SEP08-B102.5,102° to 103°,102.0,103.0,0,1,99,100,4974.47,high
180,2026-09-09T01:11:29Z,KLAS,2026-09-09,KXHIGHTLV-26SEP08-B100.5,100° to 101°,100.0,101.0,99,100,0,1,10604.05,high
181,2026-09-09T01:11:29Z,KLAS,2026-09-09,KXLOWTLV-26SEP09-T81,82° or above,82.0,999.0,58,61,39,42,219.06,low
182,2026-09-09T01:11:29Z,KLAS,2026-09-09,KXLOWTLV-26SEP09-T74,73° or below,-999.0,73.0,0,2,98,100,30.0,low
183,2026-09-09T01:11:29Z,KLAS,2026-09-09,KXLOWTLV-26SEP09-B80.5,80° to 81°,80.0,81.0,37,39,61,63,326.89,low
184,2026-09-09T01:11:29Z,KLAS,2026-09-09,KXLOWTLV-26SEP09-B78.5,78° to 79°,78.0,79.0,1,3,97,99,101.15,low
185,2026-09-09T01:11:29Z,KLAS,2026-09-09,KXLOWTLV-26SEP09-B76.5,76° to 77°,76.0,77.0,0,2,98,100,140.0,low
186,2026-09-09T01:11:29Z,KLAS,2026-09-09,KXLOWTLV-26SEP09-B74.5,74° to 75°,74.0,75.0,0,4,96,100,40.0,low
187,2026-09-09T01:11:29Z,KLAS,2026-09-09,KXLOWTLV-26SEP08-T76,77° or above,77.0,999.0,0,1,99,100,8709.81,low
188,2026-09-09T01:11:29Z,KLAS,2026-09-09,KXLOWTLV-26SEP08-T69,68° or below,-999.0,68.0,0,1,99,100,227.0,low
189,2026-09-09T01:11:29Z,KLAS,2026-09-09,KXLOWTLV-26SEP08-B75.5,75° to 76°,75.0,76.0,99,100,0,1,2175.21,low
190,2026-09-09T01:11:29Z,KLAS,2026-09-09,KXLOWTLV-26SEP08-B73.5,73° to 74°,73.0,74.0,0,1,99,100,523.96,low
191,2026-09-09T01:11:29Z,KLAS,2026-09-09,KXLOWTLV-26SEP08-B71.5,71° to 72°,71.0,72.0,0,1,99,100,273.1,low
192,2026-09-09T01:11:29Z,KLAS,2026-09-09,KXLOWTLV-26SEP08-B69.5,69° to 70°,69.0,70.0,0,1,99,100,414.11,low
193,2026-09-09T01:11:29Z,KLAX,2026-09-09,KXHIGHLAX-26SEP09-T92,93° or above,93.0,999.0,71,72,28,29,10525.81,high
194,2026-09-09T01:11:29Z,KLAX,2026-09-09,KXHIGHLAX-26SEP09-T85,84° or below,-999.0,84.0,0,1,99,100,1922.0,high
195,2026-09-09T01:11:29Z,KLAX,2026-09-09,KXHIGHLAX-26SEP09-B91.5,91° to 92°,91.0,92.0,19,20,80,81,7334.49,high
196,2026-09-09T01:11:29Z,KLAX,2026-09-09,KXHIGHLAX-26SEP09-B89.5,89° to 90°,89.0,90.0,10,11,89,90,6686.68,high
197,2026-09-09T01:11:29Z,KLAX,2026-09-09,KXHIGHLAX-26SEP09-B87.5,87° to 88°,87.0,88.0,2,3,97,98,3851.74,high
198,2026-09-09T01:11:29Z,KLAX,2026-09-09,KXHIGHLAX-26SEP09-B85.5,85° to 86°,85.0,86.0,1,2,98,99,3513.21,high
199,2026-09-09T01:11:29Z,KLAX,2026-09-09,KXHIGHLAX-26SEP08-T89,90° or above,90.0,999.0,99,100,0,1,367903.36,high
200,2026-09-09T01:11:29Z,KLAX,2026-09-09,KXHIGHLAX-26SEP08-T82,81° or below,-999.0,81.0,0,1,99,100,18608.66,high
201,2026-09-09T01:11:29Z,KLAX,2026-09-09,KXHIGHLAX-26SEP08-B88.5,88° to 89°,88.0,89.0,0,1,99,100,92704.52,high
202,2026-09-09T01:11:29Z,KLAX,2026-09-09,KXHIGHLAX-26SEP08-B86.5,86° to 87°,86.0,87.0,0,1,99,100,76641.91,high
203,2026-09-09T01:11:29Z,KLAX,2026-09-09,KXHIGHLAX-26SEP08-B84.5,84° to 85°,84.0,85.0,0,1,99,100,76094.56,high
204,2026-09-09T01:11:29Z,KLAX,2026-09-09,KXHIGHLAX-26SEP08-B82.5,82° to 83°,82.0,83.0,0,1,99,100,58070.14,high
205,2026-09-09T01:11:29Z,KLAX,2026-09-09,KXLOWTLAX-26SEP09-T75,76° or above,76.0,999.0,62,67,33,38,638.92,low
206,2026-09-09T01:11:29Z,KLAX,2026-09-09,KXLOWTLAX-26SEP09-T68,67° or below,-999.0,67.0,0,2,98,100,93.0,low
207,2026-09-09T01:11:29Z,KLAX,2026-09-09,KXLOWTLAX-26SEP09-B74.5,74° to 75°,74.0,75.0,29,30,70,71,115.0,low
208,2026-09-09T01:11:29Z,KLAX,2026-09-09,KXLOWTLAX-26SEP09-B72.5,72° to 73°,72.0,73.0,2,4,96,98,134.07,low
209,2026-09-09T01:11:29Z,KLAX,2026-09-09,KXLOWTLAX-26SEP09-B70.5,70° to 71°,70.0,71.0,2,5,95,98,15.0,low
210,2026-09-09T01:11:29Z,KLAX,2026-09-09,KXLOWTLAX-26SEP09-B68.5,68° to 69°,68.0,69.0,2,5,95,98,25.0,low
211,2026-09-09T01:11:29Z,KLAX,2026-09-09,KXLOWTLAX-26SEP08-T72,73° or above,73.0,999.0,98,99,1,2,3461.03,low
212,2026-09-09T01:11:29Z,KLAX,2026-09-09,KXLOWTLAX-26SEP08-T65,64° or below,-999.0,64.0,0,1,99,100,95.0,low
213,2026-09-09T01:11:29Z,KLAX,2026-09-09,KXLOWTLAX-26SEP08-B71.5,71° to 72°,71.0,72.0,1,2,98,99,858.86,low
214,2026-09-09T01:11:29Z,KLAX,2026-09-09,KXLOWTLAX-26SEP08-B69.5,69° to 70°,69.0,70.0,0,2,98,100,946.19,low
215,2026-09-09T01:11:29Z,KLAX,2026-09-09,KXLOWTLAX-26SEP08-B67.5,67° to 68°,67.0,68.0,0,1,99,100,216.96,low
216,2026-09-09T01:11:29Z,KLAX,2026-09-09,KXLOWTLAX-26SEP08-B65.5,65° to 66°,65.0,66.0,0,1,99,100,249.78,low
73,2026-09-09T01:11:29Z,KMDW,2026-09-09,KXHIGHCHI-26SEP09-T87,88° or above,88.0,999.0,0,1,99,100,1283.0,high
74,2026-09-09T01:11:29Z,KMDW,2026-09-09,KXHIGHCHI-26SEP09-T80,79° or below,-999.0,79.0,17,19,81,83,298.69,high
75,2026-09-09T01:11:29Z,KMDW,2026-09-09,KXHIGHCHI-26SEP09-B86.5,86° to 87°,86.0,87.0,1,2,98,99,193.42,high
76,2026-09-09T01:11:29Z,KMDW,2026-09-09,KXHIGHCHI-26SEP09-B84.5,84° to 85°,84.0,85.0,4,5,95,96,509.33,high
77,2026-09-09T01:11:29Z,KMDW,2026-09-09,KXHIGHCHI-26SEP09-B82.5,82° to 83°,82.0,83.0,35,36,64,65,253.18,high
78,2026-09-09T01:11:29Z,KMDW,2026-09-09,KXHIGHCHI-26SEP09-B80.5,80° to 81°,80.0,81.0,37,38,62,63,242.69,high
79,2026-09-09T01:11:29Z,KMDW,2026-09-09,KXHIGHCHI-26SEP08-T92,93° or above,93.0,999.0,0,1,99,100,1505.0,high
80,2026-09-09T01:11:29Z,KMDW,2026-09-09,KXHIGHCHI-26SEP08-T85,84° or below,-999.0,84.0,0,1,99,100,38555.8,high
81,2026-09-09T01:11:29Z,KMDW,2026-09-09,KXHIGHCHI-26SEP08-B91.5,91° to 92°,91.0,92.0,0,1,99,100,968.79,high
82,2026-09-09T01:11:29Z,KMDW,2026-09-09,KXHIGHCHI-26SEP08-B89.5,89° to 90°,89.0,90.0,0,1,99,100,5802.73,high
83,2026-09-09T01:11:29Z,KMDW,2026-09-09,KXHIGHCHI-26SEP08-B87.5,87° to 88°,87.0,88.0,99,100,0,1,19777.37,high
84,2026-09-09T01:11:29Z,KMDW,2026-09-09,KXHIGHCHI-26SEP08-B85.5,85° to 86°,85.0,86.0,0,1,99,100,24782.65,high
85,2026-09-09T01:11:29Z,KMDW,2026-09-09,KXLOWTCHI-26SEP09-T75,76° or above,76.0,999.0,1,2,98,99,397.04,low
86,2026-09-09T01:11:29Z,KMDW,2026-09-09,KXLOWTCHI-26SEP09-T68,67° or below,-999.0,67.0,0,1,99,100,605.04,low
87,2026-09-09T01:11:29Z,KMDW,2026-09-09,KXLOWTCHI-26SEP09-B74.5,74° to 75°,74.0,75.0,8,14,86,92,118.04,low
88,2026-09-09T01:11:29Z,KMDW,2026-09-09,KXLOWTCHI-26SEP09-B72.5,72° to 73°,72.0,73.0,44,47,53,56,346.21,low
89,2026-09-09T01:11:29Z,KMDW,2026-09-09,KXLOWTCHI-26SEP09-B70.5,70° to 71°,70.0,71.0,31,33,67,69,238.65,low
90,2026-09-09T01:11:29Z,KMDW,2026-09-09,KXLOWTCHI-26SEP09-B68.5,68° to 69°,68.0,69.0,5,8,92,95,375.54,low
91,2026-09-09T01:11:29Z,KMDW,2026-09-09,KXLOWTCHI-26SEP08-T66,67° or above,67.0,999.0,0,1,99,100,810.85,low
92,2026-09-09T01:11:29Z,KMDW,2026-09-09,KXLOWTCHI-26SEP08-T59,58° or below,-999.0,58.0,0,1,99,100,304.52,low
93,2026-09-09T01:11:29Z,KMDW,2026-09-09,KXLOWTCHI-26SEP08-B65.5,65° to 66°,65.0,66.0,99,100,0,1,2104.35,low
94,2026-09-09T01:11:29Z,KMDW,2026-09-09,KXLOWTCHI-26SEP08-B63.5,63° to 64°,63.0,64.0,0,1,99,100,1010.87,low
95,2026-09-09T01:11:29Z,KMDW,2026-09-09,KXLOWTCHI-26SEP08-B61.5,61° to 62°,61.0,62.0,0,1,99,100,469.5,low
96,2026-09-09T01:11:29Z,KMDW,2026-09-09,KXLOWTCHI-26SEP08-B59.5,59° to 60°,59.0,60.0,0,1,99,100,284.0,low
217,2026-09-09T01:11:29Z,KMIA,2026-09-09,KXHIGHMIA-26SEP09-T94,95° or above,95.0,999.0,0,1,99,100,1082.25,high
218,2026-09-09T01:11:29Z,KMIA,2026-09-09,KXHIGHMIA-26SEP09-T87,86° or below,-999.0,86.0,1,2,98,99,362.4,high
219,2026-09-09T01:11:29Z,KMIA,2026-09-09,KXHIGHMIA-26SEP09-B93.5,93° to 94°,93.0,94.0,12,13,87,88,897.46,high
220,2026-09-09T01:11:29Z,KMIA,2026-09-09,KXHIGHMIA-26SEP09-B91.5,91° to 92°,91.0,92.0,65,66,34,35,1535.15,high
221,2026-09-09T01:11:29Z,KMIA,2026-09-09,KXHIGHMIA-26SEP09-B89.5,89° to 90°,89.0,90.0,16,17,83,84,2129.5,high
222,2026-09-09T01:11:29Z,KMIA,2026-09-09,KXHIGHMIA-26SEP09-B87.5,87° to 88°,87.0,88.0,5,6,94,95,1797.2,high
223,2026-09-09T01:11:29Z,KMIA,2026-09-09,KXHIGHMIA-26SEP08-T93,94° or above,94.0,999.0,0,1,99,100,16721.41,high
224,2026-09-09T01:11:29Z,KMIA,2026-09-09,KXHIGHMIA-26SEP08-T86,85° or below,-999.0,85.0,0,1,99,100,4105.93,high
225,2026-09-09T01:11:29Z,KMIA,2026-09-09,KXHIGHMIA-26SEP08-B92.5,92° to 93°,92.0,93.0,99,100,0,1,56870.2,high
226,2026-09-09T01:11:29Z,KMIA,2026-09-09,KXHIGHMIA-26SEP08-B90.5,90° to 91°,90.0,91.0,0,1,99,100,32388.57,high
227,2026-09-09T01:11:29Z,KMIA,2026-09-09,KXHIGHMIA-26SEP08-B88.5,88° to 89°,88.0,89.0,0,1,99,100,23219.99,high
228,2026-09-09T01:11:29Z,KMIA,2026-09-09,KXHIGHMIA-26SEP08-B86.5,86° to 87°,86.0,87.0,0,1,99,100,13883.76,high
229,2026-09-09T01:11:29Z,KMIA,2026-09-09,KXLOWTMIA-26SEP09-T82,83° or above,83.0,999.0,2,4,96,98,21.97,low
230,2026-09-09T01:11:29Z,KMIA,2026-09-09,KXLOWTMIA-26SEP09-T75,74° or below,-999.0,74.0,5,9,91,95,25.21,low
231,2026-09-09T01:11:29Z,KMIA,2026-09-09,KXLOWTMIA-26SEP09-B81.5,81° to 82°,81.0,82.0,14,18,82,86,148.21,low
232,2026-09-09T01:11:29Z,KMIA,2026-09-09,KXLOWTMIA-26SEP09-B79.5,79° to 80°,79.0,80.0,26,29,71,74,93.28,low
233,2026-09-09T01:11:29Z,KMIA,2026-09-09,KXLOWTMIA-26SEP09-B77.5,77° to 78°,77.0,78.0,25,33,67,75,78.0,low
234,2026-09-09T01:11:29Z,KMIA,2026-09-09,KXLOWTMIA-26SEP09-B75.5,75° to 76°,75.0,76.0,8,13,87,92,68.0,low
235,2026-09-09T01:11:29Z,KMIA,2026-09-09,KXLOWTMIA-26SEP08-T80,81° or above,81.0,999.0,0,1,99,100,1302.77,low
236,2026-09-09T01:11:29Z,KMIA,2026-09-09,KXLOWTMIA-26SEP08-T73,72° or below,-999.0,72.0,0,2,98,100,115.34,low
237,2026-09-09T01:11:29Z,KMIA,2026-09-09,KXLOWTMIA-26SEP08-B79.5,79° to 80°,79.0,80.0,0,1,99,100,1452.39,low
238,2026-09-09T01:11:29Z,KMIA,2026-09-09,KXLOWTMIA-26SEP08-B77.5,77° to 78°,77.0,78.0,96,99,1,4,1685.92,low
239,2026-09-09T01:11:29Z,KMIA,2026-09-09,KXLOWTMIA-26SEP08-B75.5,75° to 76°,75.0,76.0,1,3,97,99,1065.66,low
240,2026-09-09T01:11:29Z,KMIA,2026-09-09,KXLOWTMIA-26SEP08-B73.5,73° to 74°,73.0,74.0,0,2,98,100,129.94,low
241,2026-09-09T01:11:29Z,KMSP,2026-09-09,KXHIGHTMIN-26SEP09-T83,84° or above,84.0,999.0,4,7,93,96,105.81,high
242,2026-09-09T01:11:29Z,KMSP,2026-09-09,KXHIGHTMIN-26SEP09-T76,75° or below,-999.0,75.0,1,2,98,99,354.95,high
243,2026-09-09T01:11:29Z,KMSP,2026-09-09,KXHIGHTMIN-26SEP09-B82.5,82° to 83°,82.0,83.0,25,28,72,75,413.5,high
244,2026-09-09T01:11:29Z,KMSP,2026-09-09,KXHIGHTMIN-26SEP09-B80.5,80° to 81°,80.0,81.0,47,50,50,53,342.01,high
245,2026-09-09T01:11:29Z,KMSP,2026-09-09,KXHIGHTMIN-26SEP09-B78.5,78° to 79°,78.0,79.0,7,8,92,93,414.85,high
246,2026-09-09T01:11:29Z,KMSP,2026-09-09,KXHIGHTMIN-26SEP09-B76.5,76° to 77°,76.0,77.0,3,4,96,97,28.72,high
247,2026-09-09T01:11:29Z,KMSP,2026-09-09,KXHIGHTMIN-26SEP08-T86,87° or above,87.0,999.0,0,1,99,100,9175.06,high
248,2026-09-09T01:11:29Z,KMSP,2026-09-09,KXHIGHTMIN-26SEP08-T79,78° or below,-999.0,78.0,0,1,99,100,2874.73,high
249,2026-09-09T01:11:29Z,KMSP,2026-09-09,KXHIGHTMIN-26SEP08-B85.5,85° to 86°,85.0,86.0,0,1,99,100,10927.95,high
250,2026-09-09T01:11:29Z,KMSP,2026-09-09,KXHIGHTMIN-26SEP08-B83.5,83° to 84°,83.0,84.0,99,100,0,1,6002.43,high
251,2026-09-09T01:11:29Z,KMSP,2026-09-09,KXHIGHTMIN-26SEP08-B81.5,81° to 82°,81.0,82.0,0,1,99,100,6199.76,high
252,2026-09-09T01:11:29Z,KMSP,2026-09-09,KXHIGHTMIN-26SEP08-B79.5,79° to 80°,79.0,80.0,0,1,99,100,3539.93,high
253,2026-09-09T01:11:29Z,KMSP,2026-09-09,KXLOWTMIN-26SEP09-T64,65° or above,65.0,999.0,5,11,89,95,56.0,low
254,2026-09-09T01:11:29Z,KMSP,2026-09-09,KXLOWTMIN-26SEP09-T57,56° or below,-999.0,56.0,2,4,96,98,10.0,low
255,2026-09-09T01:11:29Z,KMSP,2026-09-09,KXLOWTMIN-26SEP09-B63.5,63° to 64°,63.0,64.0,19,27,73,81,11.0,low
256,2026-09-09T01:11:29Z,KMSP,2026-09-09,KXLOWTMIN-26SEP09-B61.5,61° to 62°,61.0,62.0,45,52,48,55,89.0,low
257,2026-09-09T01:11:29Z,KMSP,2026-09-09,KXLOWTMIN-26SEP09-B59.5,59° to 60°,59.0,60.0,13,18,82,87,3.0,low
258,2026-09-09T01:11:29Z,KMSP,2026-09-09,KXLOWTMIN-26SEP09-B57.5,57° to 58°,57.0,58.0,3,5,95,97,0.0,low
259,2026-09-09T01:11:29Z,KMSP,2026-09-09,KXLOWTMIN-26SEP08-T68,69° or above,69.0,999.0,0,1,99,100,1107.0,low
260,2026-09-09T01:11:29Z,KMSP,2026-09-09,KXLOWTMIN-26SEP08-T61,60° or below,-999.0,60.0,0,2,98,100,325.0,low
261,2026-09-09T01:11:29Z,KMSP,2026-09-09,KXLOWTMIN-26SEP08-B67.5,67° to 68°,67.0,68.0,0,1,99,100,1819.1,low
262,2026-09-09T01:11:29Z,KMSP,2026-09-09,KXLOWTMIN-26SEP08-B65.5,65° to 66°,65.0,66.0,94,99,1,6,2292.16,low
263,2026-09-09T01:11:29Z,KMSP,2026-09-09,KXLOWTMIN-26SEP08-B63.5,63° to 64°,63.0,64.0,1,6,94,99,1258.53,low
264,2026-09-09T01:11:29Z,KMSP,2026-09-09,KXLOWTMIN-26SEP08-B61.5,61° to 62°,61.0,62.0,0,5,95,100,802.86,low
265,2026-09-09T01:11:29Z,KMSY,2026-09-09,KXHIGHTNOLA-26SEP09-T93,94° or above,94.0,999.0,1,2,98,99,612.25,high
266,2026-09-09T01:11:29Z,KMSY,2026-09-09,KXHIGHTNOLA-26SEP09-T86,85° or below,-999.0,85.0,6,7,93,94,58.0,high
267,2026-09-09T01:11:29Z,KMSY,2026-09-09,KXHIGHTNOLA-26SEP09-B92.5,92° to 93°,92.0,93.0,10,11,89,90,166.1,high
268,2026-09-09T01:11:29Z,KMSY,2026-09-09,KXHIGHTNOLA-26SEP09-B90.5,90° to 91°,90.0,91.0,47,48,52,53,257.51,high
269,2026-09-09T01:11:29Z,KMSY,2026-09-09,KXHIGHTNOLA-26SEP09-B88.5,88° to 89°,88.0,89.0,28,29,71,72,334.67,high
270,2026-09-09T01:11:29Z,KMSY,2026-09-09,KXHIGHTNOLA-26SEP09-B86.5,86° to 87°,86.0,87.0,7,8,92,93,67.0,high
271,2026-09-09T01:11:29Z,KMSY,2026-09-09,KXHIGHTNOLA-26SEP08-T94,95° or above,95.0,999.0,0,1,99,100,2390.3,high
272,2026-09-09T01:11:29Z,KMSY,2026-09-09,KXHIGHTNOLA-26SEP08-T87,86° or below,-999.0,86.0,0,1,99,100,795.19,high
273,2026-09-09T01:11:29Z,KMSY,2026-09-09,KXHIGHTNOLA-26SEP08-B93.5,93° to 94°,93.0,94.0,99,100,0,1,5095.91,high
274,2026-09-09T01:11:29Z,KMSY,2026-09-09,KXHIGHTNOLA-26SEP08-B91.5,91° to 92°,91.0,92.0,0,1,99,100,17250.61,high
275,2026-09-09T01:11:29Z,KMSY,2026-09-09,KXHIGHTNOLA-26SEP08-B89.5,89° to 90°,89.0,90.0,0,1,99,100,4071.12,high
276,2026-09-09T01:11:29Z,KMSY,2026-09-09,KXHIGHTNOLA-26SEP08-B87.5,87° to 88°,87.0,88.0,0,1,99,100,2106.8,high
277,2026-09-09T01:11:29Z,KMSY,2026-09-09,KXLOWTNOLA-26SEP09-T81,82° or above,82.0,999.0,2,5,95,98,0.0,low
278,2026-09-09T01:11:29Z,KMSY,2026-09-09,KXLOWTNOLA-26SEP09-T74,73° or below,-999.0,73.0,2,4,96,98,0.0,low
279,2026-09-09T01:11:29Z,KMSY,2026-09-09,KXLOWTNOLA-26SEP09-B80.5,80° to 81°,80.0,81.0,6,11,89,94,152.93,low
280,2026-09-09T01:11:29Z,KMSY,2026-09-09,KXLOWTNOLA-26SEP09-B78.5,78° to 79°,78.0,79.0,41,49,51,59,35.0,low
281,2026-09-09T01:11:29Z,KMSY,2026-09-09,KXLOWTNOLA-26SEP09-B76.5,76° to 77°,76.0,77.0,33,42,58,67,137.0,low
282,2026-09-09T01:11:29Z,KMSY,2026-09-09,KXLOWTNOLA-26SEP09-B74.5,74° to 75°,74.0,75.0,2,8,92,98,11.0,low
283,2026-09-09T01:11:29Z,KMSY,2026-09-09,KXLOWTNOLA-26SEP08-T79,80° or above,80.0,999.0,0,1,99,100,960.78,low
284,2026-09-09T01:11:29Z,KMSY,2026-09-09,KXLOWTNOLA-26SEP08-T72,71° or below,-999.0,71.0,0,1,99,100,32.0,low
285,2026-09-09T01:11:29Z,KMSY,2026-09-09,KXLOWTNOLA-26SEP08-B78.5,78° to 79°,78.0,79.0,97,99,1,3,2312.54,low
286,2026-09-09T01:11:29Z,KMSY,2026-09-09,KXLOWTNOLA-26SEP08-B76.5,76° to 77°,76.0,77.0,3,4,96,97,1200.7,low
287,2026-09-09T01:11:29Z,KMSY,2026-09-09,KXLOWTNOLA-26SEP08-B74.5,74° to 75°,74.0,75.0,0,1,99,100,103.05,low
288,2026-09-09T01:11:29Z,KMSY,2026-09-09,KXLOWTNOLA-26SEP08-B72.5,72° to 73°,72.0,73.0,0,1,99,100,42.0,low
289,2026-09-09T01:11:29Z,KNYC,2026-09-09,KXHIGHNY-26SEP09-T91,92° or above,92.0,999.0,0,1,99,100,1495.0,high
290,2026-09-09T01:11:29Z,KNYC,2026-09-09,KXHIGHNY-26SEP09-T84,83° or below,-999.0,83.0,44,45,55,56,2760.37,high
291,2026-09-09T01:11:29Z,KNYC,2026-09-09,KXHIGHNY-26SEP09-B90.5,90° to 91°,90.0,91.0,1,2,98,99,424.65,high
292,2026-09-09T01:11:29Z,KNYC,2026-09-09,KXHIGHNY-26SEP09-B88.5,88° to 89°,88.0,89.0,1,2,98,99,400.22,high
293,2026-09-09T01:11:29Z,KNYC,2026-09-09,KXHIGHNY-26SEP09-B86.5,86° to 87°,86.0,87.0,15,16,84,85,1550.97,high
294,2026-09-09T01:11:29Z,KNYC,2026-09-09,KXHIGHNY-26SEP09-B84.5,84° to 85°,84.0,85.0,40,41,59,60,1078.8,high
295,2026-09-09T01:11:29Z,KNYC,2026-09-09,KXHIGHNY-26SEP08-T87,88° or above,88.0,999.0,0,1,99,100,3168.83,high
296,2026-09-09T01:11:29Z,KNYC,2026-09-09,KXHIGHNY-26SEP08-T80,79° or below,-999.0,79.0,0,1,99,100,250776.08,high
297,2026-09-09T01:11:29Z,KNYC,2026-09-09,KXHIGHNY-26SEP08-B86.5,86° to 87°,86.0,87.0,0,1,99,100,3183.59,high
298,2026-09-09T01:11:29Z,KNYC,2026-09-09,KXHIGHNY-26SEP08-B84.5,84° to 85°,84.0,85.0,0,1,99,100,12676.34,high
299,2026-09-09T01:11:29Z,KNYC,2026-09-09,KXHIGHNY-26SEP08-B82.5,82° to 83°,82.0,83.0,0,1,99,100,63305.96,high
300,2026-09-09T01:11:29Z,KNYC,2026-09-09,KXHIGHNY-26SEP08-B80.5,80° to 81°,80.0,81.0,99,100,0,1,38415.99,high
301,2026-09-09T01:11:29Z,KNYC,2026-09-09,KXLOWTNYC-26SEP09-T69,70° or above,70.0,999.0,2,8,92,98,561.42,low
302,2026-09-09T01:11:29Z,KNYC,2026-09-09,KXLOWTNYC-26SEP09-T62,61° or below,-999.0,61.0,0,1,99,100,175.0,low
303,2026-09-09T01:11:29Z,KNYC,2026-09-09,KXLOWTNYC-26SEP09-B68.5,68° to 69°,68.0,69.0,37,38,62,63,211.42,low
304,2026-09-09T01:11:29Z,KNYC,2026-09-09,KXLOWTNYC-26SEP09-B66.5,66° to 67°,66.0,67.0,51,58,42,49,619.86,low
305,2026-09-09T01:11:29Z,KNYC,2026-09-09,KXLOWTNYC-26SEP09-B64.5,64° to 65°,64.0,65.0,5,9,91,95,58.0,low
306,2026-09-09T01:11:29Z,KNYC,2026-09-09,KXLOWTNYC-26SEP09-B62.5,62° to 63°,62.0,63.0,0,1,99,100,318.0,low
307,2026-09-09T01:11:29Z,KNYC,2026-09-09,KXLOWTNYC-26SEP08-T66,67° or above,67.0,999.0,0,1,99,100,3943.27,low
308,2026-09-09T01:11:29Z,KNYC,2026-09-09,KXLOWTNYC-26SEP08-T59,58° or below,-999.0,58.0,0,1,99,100,723.01,low
309,2026-09-09T01:11:29Z,KNYC,2026-09-09,KXLOWTNYC-26SEP08-B65.5,65° to 66°,65.0,66.0,0,1,99,100,4139.26,low
310,2026-09-09T01:11:29Z,KNYC,2026-09-09,KXLOWTNYC-26SEP08-B63.5,63° to 64°,63.0,64.0,0,1,99,100,2636.51,low
311,2026-09-09T01:11:29Z,KNYC,2026-09-09,KXLOWTNYC-26SEP08-B61.5,61° to 62°,61.0,62.0,99,100,0,1,3812.12,low
312,2026-09-09T01:11:29Z,KNYC,2026-09-09,KXLOWTNYC-26SEP08-B59.5,59° to 60°,59.0,60.0,0,1,99,100,1567.37,low
313,2026-09-09T01:11:29Z,KOKC,2026-09-09,KXHIGHTOKC-26SEP09-T97,96° or below,-999.0,96.0,0,1,99,100,97.0,high
314,2026-09-09T01:11:29Z,KOKC,2026-09-09,KXHIGHTOKC-26SEP09-T104,105° or above,105.0,999.0,3,5,95,97,636.31,high
315,2026-09-09T01:11:29Z,KOKC,2026-09-09,KXHIGHTOKC-26SEP09-B99.5,99° to 100°,99.0,100.0,22,23,77,78,528.88,high
316,2026-09-09T01:11:29Z,KOKC,2026-09-09,KXHIGHTOKC-26SEP09-B97.5,97° to 98°,97.0,98.0,1,2,98,99,44.28,high
317,2026-09-09T01:11:29Z,KOKC,2026-09-09,KXHIGHTOKC-26SEP09-B103.5,103° to 104°,103.0,104.0,18,19,81,82,419.08,high
318,2026-09-09T01:11:29Z,KOKC,2026-09-09,KXHIGHTOKC-26SEP09-B101.5,101° to 102°,101.0,102.0,59,60,40,41,676.34,high
319,2026-09-09T01:11:29Z,KOKC,2026-09-09,KXHIGHTOKC-26SEP08-T98,97° or below,-999.0,97.0,0,1,99,100,1022.4,high
320,2026-09-09T01:11:29Z,KOKC,2026-09-09,KXHIGHTOKC-26SEP08-T105,106° or above,106.0,999.0,0,1,99,100,2001.86,high
321,2026-09-09T01:11:29Z,KOKC,2026-09-09,KXHIGHTOKC-26SEP08-B98.5,98° to 99°,98.0,99.0,0,1,99,100,2068.47,high
322,2026-09-09T01:11:29Z,KOKC,2026-09-09,KXHIGHTOKC-26SEP08-B104.5,104° to 105°,104.0,105.0,0,1,99,100,4765.02,high
323,2026-09-09T01:11:29Z,KOKC,2026-09-09,KXHIGHTOKC-26SEP08-B102.5,102° to 103°,102.0,103.0,99,100,0,1,6925.06,high
324,2026-09-09T01:11:29Z,KOKC,2026-09-09,KXHIGHTOKC-26SEP08-B100.5,100° to 101°,100.0,101.0,0,1,99,100,8951.89,high
325,2026-09-09T01:11:29Z,KOKC,2026-09-09,KXLOWTOKC-26SEP09-T78,79° or above,79.0,999.0,18,27,73,82,142.51,low
326,2026-09-09T01:11:29Z,KOKC,2026-09-09,KXLOWTOKC-26SEP09-T71,70° or below,-999.0,70.0,0,2,98,100,141.0,low
327,2026-09-09T01:11:29Z,KOKC,2026-09-09,KXLOWTOKC-26SEP09-B77.5,77° to 78°,77.0,78.0,25,32,68,75,5.36,low
328,2026-09-09T01:11:29Z,KOKC,2026-09-09,KXLOWTOKC-26SEP09-B75.5,75° to 76°,75.0,76.0,37,40,60,63,302.45,low
329,2026-09-09T01:11:29Z,KOKC,2026-09-09,KXLOWTOKC-26SEP09-B73.5,73° to 74°,73.0,74.0,3,9,91,97,2.0,low
330,2026-09-09T01:11:29Z,KOKC,2026-09-09,KXLOWTOKC-26SEP09-B71.5,71° to 72°,71.0,72.0,3,5,95,97,2.0,low
331,2026-09-09T01:11:29Z,KOKC,2026-09-09,KXLOWTOKC-26SEP08-T78,79° or above,79.0,999.0,0,1,99,100,340.79,low
332,2026-09-09T01:11:29Z,KOKC,2026-09-09,KXLOWTOKC-26SEP08-T71,70° or below,-999.0,70.0,0,1,99,100,299.0,low
333,2026-09-09T01:11:29Z,KOKC,2026-09-09,KXLOWTOKC-26SEP08-B77.5,77° to 78°,77.0,78.0,0,1,99,100,1091.1,low
334,2026-09-09T01:11:29Z,KOKC,2026-09-09,KXLOWTOKC-26SEP08-B75.5,75° to 76°,75.0,76.0,0,1,99,100,1852.48,low
335,2026-09-09T01:11:29Z,KOKC,2026-09-09,KXLOWTOKC-26SEP08-B73.5,73° to 74°,73.0,74.0,99,100,0,1,3639.44,low
336,2026-09-09T01:11:29Z,KOKC,2026-09-09,KXLOWTOKC-26SEP08-B71.5,71° to 72°,71.0,72.0,0,1,99,100,1189.77,low
337,2026-09-09T01:11:29Z,KPHL,2026-09-09,KXHIGHPHIL-26SEP09-T91,92° or above,92.0,999.0,1,2,98,99,284.16,high
338,2026-09-09T01:11:29Z,KPHL,2026-09-09,KXHIGHPHIL-26SEP09-T84,83° or below,-999.0,83.0,1,2,98,99,354.29,high
339,2026-09-09T01:11:29Z,KPHL,2026-09-09,KXHIGHPHIL-26SEP09-B90.5,90° to 91°,90.0,91.0,10,11,89,90,225.73,high
340,2026-09-09T01:11:29Z,KPHL,2026-09-09,KXHIGHPHIL-26SEP09-B88.5,88° to 89°,88.0,89.0,60,61,39,40,895.74,high
341,2026-09-09T01:11:29Z,KPHL,2026-09-09,KXHIGHPHIL-26SEP09-B86.5,86° to 87°,86.0,87.0,30,31,69,70,485.14,high
342,2026-09-09T01:11:29Z,KPHL,2026-09-09,KXHIGHPHIL-26SEP09-B84.5,84° to 85°,84.0,85.0,2,3,97,98,44.45,high
343,2026-09-09T01:11:29Z,KPHL,2026-09-09,KXHIGHPHIL-26SEP08-T89,90° or above,90.0,999.0,0,1,99,100,1393.05,high
344,2026-09-09T01:11:29Z,KPHL,2026-09-09,KXHIGHPHIL-26SEP08-T82,81° or below,-999.0,81.0,0,1,99,100,2207.16,high
345,2026-09-09T01:11:29Z,KPHL,2026-09-09,KXHIGHPHIL-26SEP08-B88.5,88° to 89°,88.0,89.0,0,1,99,100,2604.91,high
346,2026-09-09T01:11:29Z,KPHL,2026-09-09,KXHIGHPHIL-26SEP08-B86.5,86° to 87°,86.0,87.0,0,1,99,100,10046.25,high
347,2026-09-09T01:11:29Z,KPHL,2026-09-09,KXHIGHPHIL-26SEP08-B84.5,84° to 85°,84.0,85.0,99,100,0,1,8678.21,high
348,2026-09-09T01:11:29Z,KPHL,2026-09-09,KXHIGHPHIL-26SEP08-B82.5,82° to 83°,82.0,83.0,0,1,99,100,8266.94,high
349,2026-09-09T01:11:29Z,KPHL,2026-09-09,KXLOWTPHIL-26SEP09-T68,69° or above,69.0,999.0,41,43,57,59,347.42,low
350,2026-09-09T01:11:29Z,KPHL,2026-09-09,KXLOWTPHIL-26SEP09-T61,60° or below,-999.0,60.0,0,1,99,100,64.18,low
351,2026-09-09T01:11:29Z,KPHL,2026-09-09,KXLOWTPHIL-26SEP09-B67.5,67° to 68°,67.0,68.0,47,51,49,53,172.73,low
352,2026-09-09T01:11:29Z,KPHL,2026-09-09,KXLOWTPHIL-26SEP09-B65.5,65° to 66°,65.0,66.0,2,8,92,98,297.74,low
353,2026-09-09T01:11:29Z,KPHL,2026-09-09,KXLOWTPHIL-26SEP09-B63.5,63° to 64°,63.0,64.0,0,2,98,100,202.37,low
354,2026-09-09T01:11:29Z,KPHL,2026-09-09,KXLOWTPHIL-26SEP09-B61.5,61° to 62°,61.0,62.0,0,1,99,100,114.0,low
355,2026-09-09T01:11:29Z,KPHL,2026-09-09,KXLOWTPHIL-26SEP08-T61,62° or above,62.0,999.0,99,100,0,1,1597.61,low
356,2026-09-09T01:11:29Z,KPHL,2026-09-09,KXLOWTPHIL-26SEP08-T54,53° or below,-999.0,53.0,0,1,99,100,57.0,low
357,2026-09-09T01:11:29Z,KPHL,2026-09-09,KXLOWTPHIL-26SEP08-B60.5,60° to 61°,60.0,61.0,0,1,99,100,326.25,low
358,2026-09-09T01:11:29Z,KPHL,2026-09-09,KXLOWTPHIL-26SEP08-B58.5,58° to 59°,58.0,59.0,0,1,99,100,233.0,low
359,2026-09-09T01:11:29Z,KPHL,2026-09-09,KXLOWTPHIL-26SEP08-B56.5,56° to 57°,56.0,57.0,0,1,99,100,139.0,low
360,2026-09-09T01:11:29Z,KPHL,2026-09-09,KXLOWTPHIL-26SEP08-B54.5,54° to 55°,54.0,55.0,0,1,99,100,149.0,low
361,2026-09-09T01:11:29Z,KPHX,2026-09-09,KXHIGHTPHX-26SEP09-T111,112° or above,112.0,999.0,1,2,98,99,139.18,high
362,2026-09-09T01:11:29Z,KPHX,2026-09-09,KXHIGHTPHX-26SEP09-T104,103° or below,-999.0,103.0,2,3,97,98,206.41,high
363,2026-09-09T01:11:29Z,KPHX,2026-09-09,KXHIGHTPHX-26SEP09-B110.5,110° to 111°,110.0,111.0,4,6,94,96,154.77,high
364,2026-09-09T01:11:29Z,KPHX,2026-09-09,KXHIGHTPHX-26SEP09-B108.5,108° to 109°,108.0,109.0,45,46,54,55,446.27,high
365,2026-09-09T01:11:29Z,KPHX,2026-09-09,KXHIGHTPHX-26SEP09-B106.5,106° to 107°,106.0,107.0,40,41,59,60,151.48,high
366,2026-09-09T01:11:29Z,KPHX,2026-09-09,KXHIGHTPHX-26SEP09-B104.5,104° to 105°,104.0,105.0,8,9,91,92,14.51,high
367,2026-09-09T01:11:29Z,KPHX,2026-09-09,KXHIGHTPHX-26SEP08-T112,113° or above,113.0,999.0,0,1,99,100,1394.6,high
368,2026-09-09T01:11:29Z,KPHX,2026-09-09,KXHIGHTPHX-26SEP08-T105,104° or below,-999.0,104.0,0,1,99,100,2453.81,high
369,2026-09-09T01:11:29Z,KPHX,2026-09-09,KXHIGHTPHX-26SEP08-B111.5,111° to 112°,111.0,112.0,0,1,99,100,7682.92,high
370,2026-09-09T01:11:29Z,KPHX,2026-09-09,KXHIGHTPHX-26SEP08-B109.5,109° to 110°,109.0,110.0,0,1,99,100,15473.13,high
371,2026-09-09T01:11:29Z,KPHX,2026-09-09,KXHIGHTPHX-26SEP08-B107.5,107° to 108°,107.0,108.0,99,100,0,1,14492.84,high
372,2026-09-09T01:11:29Z,KPHX,2026-09-09,KXHIGHTPHX-26SEP08-B105.5,105° to 106°,105.0,106.0,0,1,99,100,4348.7,high
373,2026-09-09T01:11:29Z,KPHX,2026-09-09,KXLOWTPHX-26SEP09-T88,89° or above,89.0,999.0,57,60,40,43,511.75,low
374,2026-09-09T01:11:29Z,KPHX,2026-09-09,KXLOWTPHX-26SEP09-T81,80° or below,-999.0,80.0,1,4,96,99,40.0,low
375,2026-09-09T01:11:29Z,KPHX,2026-09-09,KXLOWTPHX-26SEP09-B87.5,87° to 88°,87.0,88.0,31,39,61,69,289.76,low
376,2026-09-09T01:11:29Z,KPHX,2026-09-09,KXLOWTPHX-26SEP09-B85.5,85° to 86°,85.0,86.0,3,9,91,97,217.23,low
377,2026-09-09T01:11:29Z,KPHX,2026-09-09,KXLOWTPHX-26SEP09-B83.5,83° to 84°,83.0,84.0,3,11,89,97,16.0,low
378,2026-09-09T01:11:29Z,KPHX,2026-09-09,KXLOWTPHX-26SEP09-B81.5,81° to 82°,81.0,82.0,1,4,96,99,24.0,low
379,2026-09-09T01:11:29Z,KPHX,2026-09-09,KXLOWTPHX-26SEP08-T87,88° or above,88.0,999.0,91,95,5,9,2531.06,low
380,2026-09-09T01:11:29Z,KPHX,2026-09-09,KXLOWTPHX-26SEP08-T80,79° or below,-999.0,79.0,0,1,99,100,146.11,low
381,2026-09-09T01:11:29Z,KPHX,2026-09-09,KXLOWTPHX-26SEP08-B86.5,86° to 87°,86.0,87.0,4,10,90,96,1383.1,low
382,2026-09-09T01:11:29Z,KPHX,2026-09-09,KXLOWTPHX-26SEP08-B84.5,84° to 85°,84.0,85.0,0,2,98,100,520.63,low
383,2026-09-09T01:11:29Z,KPHX,2026-09-09,KXLOWTPHX-26SEP08-B82.5,82° to 83°,82.0,83.0,0,2,98,100,243.99,low
384,2026-09-09T01:11:29Z,KPHX,2026-09-09,KXLOWTPHX-26SEP08-B80.5,80° to 81°,80.0,81.0,0,1,99,100,76.9,low
385,2026-09-09T01:11:29Z,KSAT,2026-09-09,KXHIGHTSATX-26SEP09-T95,94° or below,-999.0,94.0,5,6,94,95,74.46,high
386,2026-09-09T01:11:29Z,KSAT,2026-09-09,KXHIGHTSATX-26SEP09-T102,103° or above,103.0,999.0,0,1,99,100,174.0,high
387,2026-09-09T01:11:29Z,KSAT,2026-09-09,KXHIGHTSATX-26SEP09-B99.5,99° to 100°,99.0,100.0,14,20,80,86,104.34,high
388,2026-09-09T01:11:29Z,KSAT,2026-09-09,KXHIGHTSATX-26SEP09-B97.5,97° to 98°,97.0,98.0,53,61,39,47,266.85,high
389,2026-09-09T01:11:29Z,KSAT,2026-09-09,KXHIGHTSATX-26SEP09-B95.5,95° to 96°,95.0,96.0,19,25,75,81,64.26,high
390,2026-09-09T01:11:29Z,KSAT,2026-09-09,KXHIGHTSATX-26SEP09-B101.5,101° to 102°,101.0,102.0,2,4,96,98,68.0,high
391,2026-09-09T01:11:29Z,KSAT,2026-09-09,KXHIGHTSATX-26SEP08-T97,96° or below,-999.0,96.0,0,1,99,100,665.02,high
392,2026-09-09T01:11:29Z,KSAT,2026-09-09,KXHIGHTSATX-26SEP08-T104,105° or above,105.0,999.0,0,1,99,100,552.6,high
393,2026-09-09T01:11:29Z,KSAT,2026-09-09,KXHIGHTSATX-26SEP08-B99.5,99° to 100°,99.0,100.0,99,100,0,1,2290.73,high
394,2026-09-09T01:11:29Z,KSAT,2026-09-09,KXHIGHTSATX-26SEP08-B97.5,97° to 98°,97.0,98.0,0,1,99,100,2829.37,high
395,2026-09-09T01:11:29Z,KSAT,2026-09-09,KXHIGHTSATX-26SEP08-B103.5,103° to 104°,103.0,104.0,0,1,99,100,441.23,high
396,2026-09-09T01:11:29Z,KSAT,2026-09-09,KXHIGHTSATX-26SEP08-B101.5,101° to 102°,101.0,102.0,0,1,99,100,2617.92,high
397,2026-09-09T01:11:29Z,KSAT,2026-09-09,KXLOWTSATX-26SEP09-T79,80° or above,80.0,999.0,27,34,66,73,64.0,low
398,2026-09-09T01:11:29Z,KSAT,2026-09-09,KXLOWTSATX-26SEP09-T72,71° or below,-999.0,71.0,0,4,96,100,50.18,low
399,2026-09-09T01:11:29Z,KSAT,2026-09-09,KXLOWTSATX-26SEP09-B78.5,78° to 79°,78.0,79.0,50,58,42,50,6.94,low
400,2026-09-09T01:11:29Z,KSAT,2026-09-09,KXLOWTSATX-26SEP09-B76.5,76° to 77°,76.0,77.0,7,16,84,93,0.0,low
401,2026-09-09T01:11:29Z,KSAT,2026-09-09,KXLOWTSATX-26SEP09-B74.5,74° to 75°,74.0,75.0,2,5,95,98,15.14,low
402,2026-09-09T01:11:29Z,KSAT,2026-09-09,KXLOWTSATX-26SEP09-B72.5,72° to 73°,72.0,73.0,1,5,95,99,30.18,low
403,2026-09-09T01:11:29Z,KSAT,2026-09-09,KXLOWTSATX-26SEP08-T79,80° or above,80.0,999.0,0,1,99,100,503.12,low
404,2026-09-09T01:11:29Z,KSAT,2026-09-09,KXLOWTSATX-26SEP08-T72,71° or below,-999.0,71.0,0,1,99,100,49.0,low
405,2026-09-09T01:11:29Z,KSAT,2026-09-09,KXLOWTSATX-26SEP08-B78.5,78° to 79°,78.0,79.0,96,99,1,4,1395.7,low
406,2026-09-09T01:11:29Z,KSAT,2026-09-09,KXLOWTSATX-26SEP08-B76.5,76° to 77°,76.0,77.0,1,6,94,99,1017.7,low
407,2026-09-09T01:11:29Z,KSAT,2026-09-09,KXLOWTSATX-26SEP08-B74.5,74° to 75°,74.0,75.0,0,1,99,100,113.04,low
408,2026-09-09T01:11:29Z,KSAT,2026-09-09,KXLOWTSATX-26SEP08-B72.5,72° to 73°,72.0,73.0,0,1,99,100,81.0,low
433,2026-09-09T01:11:29Z,KSEA,2026-09-09,KXHIGHTSEA-26SEP09-T81,82° or above,82.0,999.0,1,2,98,99,262.31,high
434,2026-09-09T01:11:29Z,KSEA,2026-09-09,KXHIGHTSEA-26SEP09-T74,73° or below,-999.0,73.0,2,3,97,98,1069.73,high
435,2026-09-09T01:11:29Z,KSEA,2026-09-09,KXHIGHTSEA-26SEP09-B80.5,80° to 81°,80.0,81.0,12,14,86,88,431.99,high
436,2026-09-09T01:11:29Z,KSEA,2026-09-09,KXHIGHTSEA-26SEP09-B78.5,78° to 79°,78.0,79.0,55,56,44,45,506.1,high
437,2026-09-09T01:11:29Z,KSEA,2026-09-09,KXHIGHTSEA-26SEP09-B76.5,76° to 77°,76.0,77.0,24,25,75,76,358.66,high
438,2026-09-09T01:11:29Z,KSEA,2026-09-09,KXHIGHTSEA-26SEP09-B74.5,74° to 75°,74.0,75.0,7,8,92,93,298.36,high
439,2026-09-09T01:11:29Z,KSEA,2026-09-09,KXHIGHTSEA-26SEP08-T77,78° or above,78.0,999.0,0,1,99,100,809.57,high
440,2026-09-09T01:11:29Z,KSEA,2026-09-09,KXHIGHTSEA-26SEP08-T70,69° or below,-999.0,69.0,0,1,99,100,829.87,high
441,2026-09-09T01:11:29Z,KSEA,2026-09-09,KXHIGHTSEA-26SEP08-B76.5,76° to 77°,76.0,77.0,0,1,99,100,6355.99,high
442,2026-09-09T01:11:29Z,KSEA,2026-09-09,KXHIGHTSEA-26SEP08-B74.5,74° to 75°,74.0,75.0,99,100,0,1,4914.76,high
443,2026-09-09T01:11:29Z,KSEA,2026-09-09,KXHIGHTSEA-26SEP08-B72.5,72° to 73°,72.0,73.0,0,1,99,100,8696.99,high
444,2026-09-09T01:11:29Z,KSEA,2026-09-09,KXHIGHTSEA-26SEP08-B70.5,70° to 71°,70.0,71.0,0,1,99,100,4191.41,high
445,2026-09-09T01:11:29Z,KSEA,2026-09-09,KXLOWTSEA-26SEP09-T55,56° or above,56.0,999.0,10,12,88,90,317.01,low
446,2026-09-09T01:11:29Z,KSEA,2026-09-09,KXLOWTSEA-26SEP09-T48,47° or below,-999.0,47.0,0,2,98,100,30.0,low
447,2026-09-09T01:11:29Z,KSEA,2026-09-09,KXLOWTSEA-26SEP09-B54.5,54° to 55°,54.0,55.0,56,57,43,44,154.0,low
448,2026-09-09T01:11:29Z,KSEA,2026-09-09,KXLOWTSEA-26SEP09-B52.5,52° to 53°,52.0,53.0,24,33,67,76,201.61,low
449,2026-09-09T01:11:29Z,KSEA,2026-09-09,KXLOWTSEA-26SEP09-B50.5,50° to 51°,50.0,51.0,2,5,95,98,0.0,low
450,2026-09-09T01:11:29Z,KSEA,2026-09-09,KXLOWTSEA-26SEP09-B48.5,48° to 49°,48.0,49.0,1,3,97,99,0.0,low
451,2026-09-09T01:11:29Z,KSEA,2026-09-09,KXLOWTSEA-26SEP08-T54,55° or above,55.0,999.0,99,100,0,1,2415.02,low
452,2026-09-09T01:11:29Z,KSEA,2026-09-09,KXLOWTSEA-26SEP08-T47,46° or below,-999.0,46.0,0,1,99,100,49.0,low
453,2026-09-09T01:11:29Z,KSEA,2026-09-09,KXLOWTSEA-26SEP08-B53.5,53° to 54°,53.0,54.0,1,2,98,99,1205.18,low
454,2026-09-09T01:11:29Z,KSEA,2026-09-09,KXLOWTSEA-26SEP08-B51.5,51° to 52°,51.0,52.0,0,1,99,100,642.63,low
455,2026-09-09T01:11:29Z,KSEA,2026-09-09,KXLOWTSEA-26SEP08-B49.5,49° to 50°,49.0,50.0,0,1,99,100,190.0,low
456,2026-09-09T01:11:29Z,KSEA,2026-09-09,KXLOWTSEA-26SEP08-B47.5,47° to 48°,47.0,48.0,0,1,99,100,240.0,low
409,2026-09-09T01:11:29Z,KSFO,2026-09-09,KXHIGHTSFO-26SEP09-T91,92° or above,92.0,999.0,66,67,33,34,2665.49,high
410,2026-09-09T01:11:29Z,KSFO,2026-09-09,KXHIGHTSFO-26SEP09-T84,83° or below,-999.0,83.0,1,2,98,99,759.5,high
411,2026-09-09T01:11:29Z,KSFO,2026-09-09,KXHIGHTSFO-26SEP09-B90.5,90° to 91°,90.0,91.0,14,17,83,86,1203.08,high
412,2026-09-09T01:11:29Z,KSFO,2026-09-09,KXHIGHTSFO-26SEP09-B88.5,88° to 89°,88.0,89.0,7,10,90,93,922.61,high
413,2026-09-09T01:11:29Z,KSFO,2026-09-09,KXHIGHTSFO-26SEP09-B86.5,86° to 87°,86.0,87.0,5,6,94,95,436.67,high
414,2026-09-09T01:11:29Z,KSFO,2026-09-09,KXHIGHTSFO-26SEP09-B84.5,84° to 85°,84.0,85.0,2,3,97,98,420.8,high
415,2026-09-09T01:11:29Z,KSFO,2026-09-09,KXHIGHTSFO-26SEP08-T85,86° or above,86.0,999.0,99,100,0,1,20893.4,high
416,2026-09-09T01:11:29Z,KSFO,2026-09-09,KXHIGHTSFO-26SEP08-T78,77° or below,-999.0,77.0,0,1,99,100,5353.64,high
417,2026-09-09T01:11:29Z,KSFO,2026-09-09,KXHIGHTSFO-26SEP08-B84.5,84° to 85°,84.0,85.0,0,1,99,100,12669.3,high
418,2026-09-09T01:11:29Z,KSFO,2026-09-09,KXHIGHTSFO-26SEP08-B82.5,82° to 83°,82.0,83.0,0,1,99,100,8832.2,high
419,2026-09-09T01:11:29Z,KSFO,2026-09-09,KXHIGHTSFO-26SEP08-B80.5,80° to 81°,80.0,81.0,0,1,99,100,6517.64,high
420,2026-09-09T01:11:29Z,KSFO,2026-09-09,KXHIGHTSFO-26SEP08-B78.5,78° to 79°,78.0,79.0,0,1,99,100,7782.55,high
421,2026-09-09T01:11:29Z,KSFO,2026-09-09,KXLOWTSFO-26SEP09-T67,68° or above,68.0,999.0,21,25,75,79,226.48,low
422,2026-09-09T01:11:29Z,KSFO,2026-09-09,KXLOWTSFO-26SEP09-T60,59° or below,-999.0,59.0,0,2,98,100,217.0,low
423,2026-09-09T01:11:29Z,KSFO,2026-09-09,KXLOWTSFO-26SEP09-B66.5,66° to 67°,66.0,67.0,53,54,46,47,275.37,low
424,2026-09-09T01:11:29Z,KSFO,2026-09-09,KXLOWTSFO-26SEP09-B64.5,64° to 65°,64.0,65.0,19,22,78,81,27.0,low
425,2026-09-09T01:11:29Z,KSFO,2026-09-09,KXLOWTSFO-26SEP09-B62.5,62° to 63°,62.0,63.0,2,5,95,98,23.28,low
426,2026-09-09T01:11:29Z,KSFO,2026-09-09,KXLOWTSFO-26SEP09-B60.5,60° to 61°,60.0,61.0,1,4,96,99,10.09,low
427,2026-09-09T01:11:29Z,KSFO,2026-09-09,KXLOWTSFO-26SEP08-T60,61° or above,61.0,999.0,96,99,1,4,1830.9,low
428,2026-09-09T01:11:29Z,KSFO,2026-09-09,KXLOWTSFO-26SEP08-T53,52° or below,-999.0,52.0,0,1,99,100,40.0,low
429,2026-09-09T01:11:29Z,KSFO,2026-09-09,KXLOWTSFO-26SEP08-B59.5,59° to 60°,59.0,60.0,1,3,97,99,1198.58,low
430,2026-09-09T01:11:29Z,KSFO,2026-09-09,KXLOWTSFO-26SEP08-B57.5,57° to 58°,57.0,58.0,0,2,98,100,581.61,low
431,2026-09-09T01:11:29Z,KSFO,2026-09-09,KXLOWTSFO-26SEP08-B55.5,55° to 56°,55.0,56.0,0,2,98,100,101.69,low
432,2026-09-09T01:11:29Z,KSFO,2026-09-09,KXLOWTSFO-26SEP08-B53.5,53° to 54°,53.0,54.0,0,2,98,100,81.11,low
1,2026-09-09T06:35:42Z,KATL,2026-09-09,KXHIGHTATL-26SEP09-T95,96° or above,96.0,999.0,0,1,99,100,281.51,high
2,2026-09-09T06:35:42Z,KATL,2026-09-09,KXHIGHTATL-26SEP09-T88,87° or below,-999.0,87.0,2,3,97,98,803.91,high
3,2026-09-09T06:35:42Z,KATL,2026-09-09,KXHIGHTATL-26SEP09-B94.5,94° to 95°,94.0,95.0,1,2,98,99,242.83,high
4,2026-09-09T06:35:42Z,KATL,2026-09-09,KXHIGHTATL-26SEP09-B92.5,92° to 93°,92.0,93.0,12,14,86,88,1922.08,high
5,2026-09-09T06:35:42Z,KATL,2026-09-09,KXHIGHTATL-26SEP09-B90.5,90° to 91°,90.0,91.0,61,62,38,39,943.16,high
6,2026-09-09T06:35:42Z,KATL,2026-09-09,KXHIGHTATL-26SEP09-B88.5,88° to 89°,88.0,89.0,22,23,77,78,1120.54,high
7,2026-09-09T06:35:42Z,KATL,2026-09-09,KXLOWTATL-26SEP09-T72,73° or above,73.0,999.0,2,8,92,98,1020.8,low
8,2026-09-09T06:35:42Z,KATL,2026-09-09,KXLOWTATL-26SEP09-T65,64° or below,-999.0,64.0,0,2,98,100,250.0,low
9,2026-09-09T06:35:42Z,KATL,2026-09-09,KXLOWTATL-26SEP09-B71.5,71° to 72°,71.0,72.0,26,72,28,74,955.47,low
10,2026-09-09T06:35:42Z,KATL,2026-09-09,KXLOWTATL-26SEP09-B69.5,69° to 70°,69.0,70.0,23,61,39,77,409.83,low
11,2026-09-09T06:35:42Z,KATL,2026-09-09,KXLOWTATL-26SEP09-B67.5,67° to 68°,67.0,68.0,1,8,92,99,282.51,low
12,2026-09-09T06:35:42Z,KATL,2026-09-09,KXLOWTATL-26SEP09-B65.5,65° to 66°,65.0,66.0,0,5,95,100,116.0,low
13,2026-09-09T06:35:42Z,KAUS,2026-09-09,KXHIGHAUS-26SEP09-T96,95° or below,-999.0,95.0,1,3,97,99,903.58,high
14,2026-09-09T06:35:42Z,KAUS,2026-09-09,KXHIGHAUS-26SEP09-T103,104° or above,104.0,999.0,0,1,99,100,677.38,high
15,2026-09-09T06:35:42Z,KAUS,2026-09-09,KXHIGHAUS-26SEP09-B98.5,98° to 99°,98.0,99.0,39,42,58,61,1235.0,high
16,2026-09-09T06:35:42Z,KAUS,2026-09-09,KXHIGHAUS-26SEP09-B96.5,96° to 97°,96.0,97.0,6,9,91,94,1003.36,high
17,2026-09-09T06:35:42Z,KAUS,2026-09-09,KXHIGHAUS-26SEP09-B102.5,102° to 103°,102.0,103.0,3,4,96,97,953.41,high
18,2026-09-09T06:35:42Z,KAUS,2026-09-09,KXHIGHAUS-26SEP09-B100.5,100° to 101°,100.0,101.0,46,49,51,54,3212.48,high
19,2026-09-09T06:35:42Z,KAUS,2026-09-09,KXLOWTAUS-26SEP09-T78,79° or above,79.0,999.0,5,10,90,95,174.0,low
20,2026-09-09T06:35:42Z,KAUS,2026-09-09,KXLOWTAUS-26SEP09-T71,70° or below,-999.0,70.0,1,2,98,99,113.0,low
21,2026-09-09T06:35:42Z,KAUS,2026-09-09,KXLOWTAUS-26SEP09-B77.5,77° to 78°,77.0,78.0,6,14,86,94,12.35,low
22,2026-09-09T06:35:42Z,KAUS,2026-09-09,KXLOWTAUS-26SEP09-B75.5,75° to 76°,75.0,76.0,50,56,44,50,204.0,low
23,2026-09-09T06:35:42Z,KAUS,2026-09-09,KXLOWTAUS-26SEP09-B73.5,73° to 74°,73.0,74.0,22,29,71,78,305.0,low
24,2026-09-09T06:35:42Z,KAUS,2026-09-09,KXLOWTAUS-26SEP09-B71.5,71° to 72°,71.0,72.0,3,4,96,97,2.0,low
25,2026-09-09T06:35:42Z,KBOS,2026-09-09,KXHIGHTBOS-26SEP09-T83,84° or above,84.0,999.0,3,4,96,97,1221.43,high
26,2026-09-09T06:35:42Z,KBOS,2026-09-09,KXHIGHTBOS-26SEP09-T76,75° or below,-999.0,75.0,10,11,89,90,366.09,high
27,2026-09-09T06:35:42Z,KBOS,2026-09-09,KXHIGHTBOS-26SEP09-B82.5,82° to 83°,82.0,83.0,5,6,94,95,538.03,high
28,2026-09-09T06:35:42Z,KBOS,2026-09-09,KXHIGHTBOS-26SEP09-B80.5,80° to 81°,80.0,81.0,21,23,77,79,1131.86,high
29,2026-09-09T06:35:42Z,KBOS,2026-09-09,KXHIGHTBOS-26SEP09-B78.5,78° to 79°,78.0,79.0,36,37,63,64,490.81,high
30,2026-09-09T06:35:42Z,KBOS,2026-09-09,KXHIGHTBOS-26SEP09-B76.5,76° to 77°,76.0,77.0,14,15,85,86,194.82,high
31,2026-09-09T06:35:42Z,KBOS,2026-09-09,KXLOWTBOS-26SEP09-T67,68° or above,68.0,999.0,0,1,99,100,189.0,low
32,2026-09-09T06:35:42Z,KBOS,2026-09-09,KXLOWTBOS-26SEP09-T60,59° or below,-999.0,59.0,2,7,93,98,94.0,low
33,2026-09-09T06:35:42Z,KBOS,2026-09-09,KXLOWTBOS-26SEP09-B66.5,66° to 67°,66.0,67.0,0,1,99,100,685.0,low
34,2026-09-09T06:35:42Z,KBOS,2026-09-09,KXLOWTBOS-26SEP09-B64.5,64° to 65°,64.0,65.0,18,25,75,82,593.88,low
35,2026-09-09T06:35:42Z,KBOS,2026-09-09,KXLOWTBOS-26SEP09-B62.5,62° to 63°,62.0,63.0,47,56,44,53,445.49,low
36,2026-09-09T06:35:42Z,KBOS,2026-09-09,KXLOWTBOS-26SEP09-B60.5,60° to 61°,60.0,61.0,15,24,76,85,58.0,low
301,2026-09-09T06:35:42Z,KDCA,2026-09-09,KXHIGHTDC-26SEP09-T93,94° or above,94.0,999.0,1,2,98,99,81.4,high
302,2026-09-09T06:35:42Z,KDCA,2026-09-09,KXHIGHTDC-26SEP09-T86,85° or below,-999.0,85.0,1,3,97,99,879.32,high
303,2026-09-09T06:35:42Z,KDCA,2026-09-09,KXHIGHTDC-26SEP09-B92.5,92° to 93°,92.0,93.0,2,3,97,98,491.19,high
304,2026-09-09T06:35:42Z,KDCA,2026-09-09,KXHIGHTDC-26SEP09-B90.5,90° to 91°,90.0,91.0,30,32,68,70,884.5,high
305,2026-09-09T06:35:42Z,KDCA,2026-09-09,KXHIGHTDC-26SEP09-B88.5,88° to 89°,88.0,89.0,48,50,50,52,366.64,high
306,2026-09-09T06:35:42Z,KDCA,2026-09-09,KXHIGHTDC-26SEP09-B86.5,86° to 87°,86.0,87.0,8,9,91,92,245.36,high
307,2026-09-09T06:35:42Z,KDCA,2026-09-09,KXLOWTDC-26SEP09-T69,70° or above,70.0,999.0,9,18,82,91,320.02,low
308,2026-09-09T06:35:42Z,KDCA,2026-09-09,KXLOWTDC-26SEP09-T62,61° or below,-999.0,61.0,0,2,98,100,50.18,low
309,2026-09-09T06:35:42Z,KDCA,2026-09-09,KXLOWTDC-26SEP09-B68.5,68° to 69°,68.0,69.0,14,61,39,86,368.69,low
310,2026-09-09T06:35:42Z,KDCA,2026-09-09,KXLOWTDC-26SEP09-B66.5,66° to 67°,66.0,67.0,7,41,59,93,472.56,low
311,2026-09-09T06:35:42Z,KDCA,2026-09-09,KXLOWTDC-26SEP09-B64.5,64° to 65°,64.0,65.0,5,9,91,95,60.24,low
312,2026-09-09T06:35:42Z,KDCA,2026-09-09,KXLOWTDC-26SEP09-B62.5,62° to 63°,62.0,63.0,0,5,95,100,136.14,low
61,2026-09-09T06:35:42Z,KDEN,2026-09-09,KXHIGHDEN-26SEP09-T85,86° or above,86.0,999.0,1,2,98,99,341.99,high
62,2026-09-09T06:35:42Z,KDEN,2026-09-09,KXHIGHDEN-26SEP09-T78,77° or below,-999.0,77.0,1,2,98,99,534.84,high
63,2026-09-09T06:35:42Z,KDEN,2026-09-09,KXHIGHDEN-26SEP09-B84.5,84° to 85°,84.0,85.0,12,15,85,88,819.94,high
64,2026-09-09T06:35:42Z,KDEN,2026-09-09,KXHIGHDEN-26SEP09-B82.5,82° to 83°,82.0,83.0,54,55,45,46,1505.8,high
65,2026-09-09T06:35:42Z,KDEN,2026-09-09,KXHIGHDEN-26SEP09-B80.5,80° to 81°,80.0,81.0,31,34,66,69,481.65,high
66,2026-09-09T06:35:42Z,KDEN,2026-09-09,KXHIGHDEN-26SEP09-B78.5,78° to 79°,78.0,79.0,3,4,96,97,193.66,high
67,2026-09-09T06:35:42Z,KDEN,2026-09-09,KXHIGHDEN-26SEP08-T89,90° or above,90.0,999.0,0,1,99,100,845.29,high
68,2026-09-09T06:35:42Z,KDEN,2026-09-09,KXHIGHDEN-26SEP08-T82,81° or below,-999.0,81.0,0,1,99,100,1475.68,high
69,2026-09-09T06:35:42Z,KDEN,2026-09-09,KXHIGHDEN-26SEP08-B88.5,88° to 89°,88.0,89.0,0,1,99,100,2286.33,high
70,2026-09-09T06:35:42Z,KDEN,2026-09-09,KXHIGHDEN-26SEP08-B86.5,86° to 87°,86.0,87.0,99,100,0,1,9491.77,high
71,2026-09-09T06:35:42Z,KDEN,2026-09-09,KXHIGHDEN-26SEP08-B84.5,84° to 85°,84.0,85.0,0,1,99,100,9586.93,high
72,2026-09-09T06:35:42Z,KDEN,2026-09-09,KXHIGHDEN-26SEP08-B82.5,82° to 83°,82.0,83.0,0,1,99,100,1967.93,high
73,2026-09-09T06:35:42Z,KDEN,2026-09-09,KXLOWTDEN-26SEP09-T61,62° or above,62.0,999.0,2,6,94,98,13.0,low
74,2026-09-09T06:35:42Z,KDEN,2026-09-09,KXLOWTDEN-26SEP09-T54,53° or below,-999.0,53.0,7,13,87,93,65.35,low
75,2026-09-09T06:35:42Z,KDEN,2026-09-09,KXLOWTDEN-26SEP09-B60.5,60° to 61°,60.0,61.0,3,8,92,97,0.0,low
76,2026-09-09T06:35:42Z,KDEN,2026-09-09,KXLOWTDEN-26SEP09-B58.5,58° to 59°,58.0,59.0,11,21,79,89,231.46,low
77,2026-09-09T06:35:42Z,KDEN,2026-09-09,KXLOWTDEN-26SEP09-B56.5,56° to 57°,56.0,57.0,28,36,64,72,6.0,low
78,2026-09-09T06:35:42Z,KDEN,2026-09-09,KXLOWTDEN-26SEP09-B54.5,54° to 55°,54.0,55.0,23,29,71,77,185.78,low
79,2026-09-09T06:35:42Z,KDEN,2026-09-09,KXLOWTDEN-26SEP08-T65,66° or above,66.0,999.0,0,1,99,100,119.0,low
80,2026-09-09T06:35:42Z,KDEN,2026-09-09,KXLOWTDEN-26SEP08-T58,57° or below,-999.0,57.0,2,4,96,98,359.59,low
81,2026-09-09T06:35:42Z,KDEN,2026-09-09,KXLOWTDEN-26SEP08-B64.5,64° to 65°,64.0,65.0,0,1,99,100,498.76,low
82,2026-09-09T06:35:42Z,KDEN,2026-09-09,KXLOWTDEN-26SEP08-B62.5,62° to 63°,62.0,63.0,0,1,99,100,5794.2,low
83,2026-09-09T06:35:42Z,KDEN,2026-09-09,KXLOWTDEN-26SEP08-B60.5,60° to 61°,60.0,61.0,46,56,44,54,1849.52,low
84,2026-09-09T06:35:42Z,KDEN,2026-09-09,KXLOWTDEN-26SEP08-B58.5,58° to 59°,58.0,59.0,16,48,52,84,2368.53,low
49,2026-09-09T06:35:42Z,KDFW,2026-09-09,KXHIGHTDAL-26SEP09-T98,97° or below,-999.0,97.0,4,5,95,96,474.77,high
50,2026-09-09T06:35:42Z,KDFW,2026-09-09,KXHIGHTDAL-26SEP09-T105,106° or above,106.0,999.0,0,1,99,100,532.12,high
51,2026-09-09T06:35:42Z,KDFW,2026-09-09,KXHIGHTDAL-26SEP09-B98.5,98° to 99°,98.0,99.0,12,13,87,88,1264.74,high
52,2026-09-09T06:35:42Z,KDFW,2026-09-09,KXHIGHTDAL-26SEP09-B104.5,104° to 105°,104.0,105.0,1,2,98,99,367.91,high
53,2026-09-09T06:35:42Z,KDFW,2026-09-09,KXHIGHTDAL-26SEP09-B102.5,102° to 103°,102.0,103.0,21,23,77,79,994.27,high
54,2026-09-09T06:35:42Z,KDFW,2026-09-09,KXHIGHTDAL-26SEP09-B100.5,100° to 101°,100.0,101.0,64,65,35,36,1908.34,high
55,2026-09-09T06:35:42Z,KDFW,2026-09-09,KXLOWTDAL-26SEP09-T82,83° or above,83.0,999.0,4,12,88,96,169.09,low
56,2026-09-09T06:35:42Z,KDFW,2026-09-09,KXLOWTDAL-26SEP09-T75,74° or below,-999.0,74.0,0,1,99,100,64.18,low
57,2026-09-09T06:35:42Z,KDFW,2026-09-09,KXLOWTDAL-26SEP09-B81.5,81° to 82°,81.0,82.0,62,70,30,38,321.09,low
58,2026-09-09T06:35:42Z,KDFW,2026-09-09,KXLOWTDAL-26SEP09-B79.5,79° to 80°,79.0,80.0,21,29,71,79,77.78,low
59,2026-09-09T06:35:42Z,KDFW,2026-09-09,KXLOWTDAL-26SEP09-B77.5,77° to 78°,77.0,78.0,0,2,98,100,124.4,low
60,2026-09-09T06:35:42Z,KDFW,2026-09-09,KXLOWTDAL-26SEP09-B75.5,75° to 76°,75.0,76.0,0,2,98,100,145.37,low
85,2026-09-09T06:35:42Z,KIAH,2026-09-09,KXHIGHTHOU-26SEP09-T95,96° or above,96.0,999.0,1,3,97,99,198.21,high
86,2026-09-09T06:35:42Z,KIAH,2026-09-09,KXHIGHTHOU-26SEP09-T88,87° or below,-999.0,87.0,2,3,97,98,336.61,high
87,2026-09-09T06:35:42Z,KIAH,2026-09-09,KXHIGHTHOU-26SEP09-B94.5,94° to 95°,94.0,95.0,6,7,93,94,261.18,high
88,2026-09-09T06:35:42Z,KIAH,2026-09-09,KXHIGHTHOU-26SEP09-B92.5,92° to 93°,92.0,93.0,47,48,52,53,751.75,high
89,2026-09-09T06:35:42Z,KIAH,2026-09-09,KXHIGHTHOU-26SEP09-B90.5,90° to 91°,90.0,91.0,31,32,68,69,387.06,high
90,2026-09-09T06:35:42Z,KIAH,2026-09-09,KXHIGHTHOU-26SEP09-B88.5,88° to 89°,88.0,89.0,10,11,89,90,271.67,high
91,2026-09-09T06:35:42Z,KIAH,2026-09-09,KXLOWTHOU-26SEP09-T80,81° or above,81.0,999.0,11,19,81,89,28.1,low
92,2026-09-09T06:35:42Z,KIAH,2026-09-09,KXLOWTHOU-26SEP09-T73,72° or below,-999.0,72.0,0,2,98,100,36.0,low
93,2026-09-09T06:35:42Z,KIAH,2026-09-09,KXLOWTHOU-26SEP09-B79.5,79° to 80°,79.0,80.0,57,64,36,43,147.0,low
94,2026-09-09T06:35:42Z,KIAH,2026-09-09,KXLOWTHOU-26SEP09-B77.5,77° to 78°,77.0,78.0,16,22,78,84,12.04,low
95,2026-09-09T06:35:42Z,KIAH,2026-09-09,KXLOWTHOU-26SEP09-B75.5,75° to 76°,75.0,76.0,2,4,96,98,4.91,low
96,2026-09-09T06:35:42Z,KIAH,2026-09-09,KXLOWTHOU-26SEP09-B73.5,73° to 74°,73.0,74.0,2,4,96,98,2.0,low
97,2026-09-09T06:35:42Z,KLAS,2026-09-09,KXHIGHTLV-26SEP09-T108,109° or above,109.0,999.0,1,2,98,99,1275.18,high
98,2026-09-09T06:35:42Z,KLAS,2026-09-09,KXHIGHTLV-26SEP09-T101,100° or below,-999.0,100.0,1,2,98,99,1809.63,high
99,2026-09-09T06:35:42Z,KLAS,2026-09-09,KXHIGHTLV-26SEP09-B107.5,107° to 108°,107.0,108.0,4,5,95,96,198.1,high
100,2026-09-09T06:35:42Z,KLAS,2026-09-09,KXHIGHTLV-26SEP09-B105.5,105° to 106°,105.0,106.0,64,68,32,36,1191.26,high
101,2026-09-09T06:35:42Z,KLAS,2026-09-09,KXHIGHTLV-26SEP09-B103.5,103° to 104°,103.0,104.0,27,28,72,73,925.37,high
102,2026-09-09T06:35:42Z,KLAS,2026-09-09,KXHIGHTLV-26SEP09-B101.5,101° to 102°,101.0,102.0,1,2,98,99,498.14,high
103,2026-09-09T06:35:42Z,KLAS,2026-09-09,KXHIGHTLV-26SEP08-T96,95° or below,-999.0,95.0,0,1,99,100,1991.06,high
104,2026-09-09T06:35:42Z,KLAS,2026-09-09,KXHIGHTLV-26SEP08-T103,104° or above,104.0,999.0,0,1,99,100,2615.13,high
105,2026-09-09T06:35:42Z,KLAS,2026-09-09,KXHIGHTLV-26SEP08-B98.5,98° to 99°,98.0,99.0,0,1,99,100,11931.22,high
106,2026-09-09T06:35:42Z,KLAS,2026-09-09,KXHIGHTLV-26SEP08-B96.5,96° to 97°,96.0,97.0,0,1,99,100,4181.66,high
107,2026-09-09T06:35:42Z,KLAS,2026-09-09,KXHIGHTLV-26SEP08-B102.5,102° to 103°,102.0,103.0,0,1,99,100,8654.07,high
108,2026-09-09T06:35:42Z,KLAS,2026-09-09,KXHIGHTLV-26SEP08-B100.5,100° to 101°,100.0,101.0,99,100,0,1,10912.64,high
109,2026-09-09T06:35:42Z,KLAS,2026-09-09,KXLOWTLV-26SEP09-T81,82° or above,82.0,999.0,62,71,29,38,334.03,low
110,2026-09-09T06:35:42Z,KLAS,2026-09-09,KXLOWTLV-26SEP09-T74,73° or below,-999.0,73.0,0,2,98,100,30.0,low
111,2026-09-09T06:35:42Z,KLAS,2026-09-09,KXLOWTLV-26SEP09-B80.5,80° to 81°,80.0,81.0,29,37,63,71,367.89,low
112,2026-09-09T06:35:42Z,KLAS,2026-09-09,KXLOWTLV-26SEP09-B78.5,78° to 79°,78.0,79.0,1,4,96,99,108.81,low
113,2026-09-09T06:35:42Z,KLAS,2026-09-09,KXLOWTLV-26SEP09-B76.5,76° to 77°,76.0,77.0,0,2,98,100,140.0,low
114,2026-09-09T06:35:42Z,KLAS,2026-09-09,KXLOWTLV-26SEP09-B74.5,74° to 75°,74.0,75.0,0,2,98,100,40.0,low
115,2026-09-09T06:35:42Z,KLAS,2026-09-09,KXLOWTLV-26SEP08-T76,77° or above,77.0,999.0,0,1,99,100,8709.81,low
116,2026-09-09T06:35:42Z,KLAS,2026-09-09,KXLOWTLV-26SEP08-T69,68° or below,-999.0,68.0,0,1,99,100,227.0,low
117,2026-09-09T06:35:42Z,KLAS,2026-09-09,KXLOWTLV-26SEP08-B75.5,75° to 76°,75.0,76.0,99,100,0,1,2175.21,low
118,2026-09-09T06:35:42Z,KLAS,2026-09-09,KXLOWTLV-26SEP08-B73.5,73° to 74°,73.0,74.0,0,1,99,100,523.96,low
119,2026-09-09T06:35:42Z,KLAS,2026-09-09,KXLOWTLV-26SEP08-B71.5,71° to 72°,71.0,72.0,0,1,99,100,273.1,low
120,2026-09-09T06:35:42Z,KLAS,2026-09-09,KXLOWTLV-26SEP08-B69.5,69° to 70°,69.0,70.0,0,1,99,100,414.11,low
121,2026-09-09T06:35:42Z,KLAX,2026-09-09,KXHIGHLAX-26SEP09-T92,93° or above,93.0,999.0,82,83,17,18,17718.34,high
122,2026-09-09T06:35:42Z,KLAX,2026-09-09,KXHIGHLAX-26SEP09-T85,84° or below,-999.0,84.0,0,1,99,100,7382.47,high
123,2026-09-09T06:35:42Z,KLAX,2026-09-09,KXHIGHLAX-26SEP09-B91.5,91° to 92°,91.0,92.0,12,13,87,88,11365.6,high
124,2026-09-09T06:35:42Z,KLAX,2026-09-09,KXHIGHLAX-26SEP09-B89.5,89° to 90°,89.0,90.0,5,6,94,95,13072.45,high
125,2026-09-09T06:35:42Z,KLAX,2026-09-09,KXHIGHLAX-26SEP09-B87.5,87° to 88°,87.0,88.0,2,3,97,98,8531.73,high
126,2026-09-09T06:35:42Z,KLAX,2026-09-09,KXHIGHLAX-26SEP09-B85.5,85° to 86°,85.0,86.0,0,1,99,100,5066.28,high
127,2026-09-09T06:35:42Z,KLAX,2026-09-09,KXHIGHLAX-26SEP08-T89,90° or above,90.0,999.0,99,100,0,1,375735.64,high
128,2026-09-09T06:35:42Z,KLAX,2026-09-09,KXHIGHLAX-26SEP08-T82,81° or below,-999.0,81.0,0,1,99,100,22304.76,high
129,2026-09-09T06:35:42Z,KLAX,2026-09-09,KXHIGHLAX-26SEP08-B88.5,88° to 89°,88.0,89.0,0,1,99,100,108726.99,high
130,2026-09-09T06:35:42Z,KLAX,2026-09-09,KXHIGHLAX-26SEP08-B86.5,86° to 87°,86.0,87.0,0,1,99,100,79836.82,high
131,2026-09-09T06:35:42Z,KLAX,2026-09-09,KXHIGHLAX-26SEP08-B84.5,84° to 85°,84.0,85.0,0,1,99,100,78154.47,high
132,2026-09-09T06:35:42Z,KLAX,2026-09-09,KXHIGHLAX-26SEP08-B82.5,82° to 83°,82.0,83.0,0,1,99,100,72653.6,high
133,2026-09-09T06:35:42Z,KLAX,2026-09-09,KXLOWTLAX-26SEP09-T75,76° or above,76.0,999.0,51,58,42,49,1564.93,low
134,2026-09-09T06:35:42Z,KLAX,2026-09-09,KXLOWTLAX-26SEP09-T68,67° or below,-999.0,67.0,0,1,99,100,93.0,low
135,2026-09-09T06:35:42Z,KLAX,2026-09-09,KXLOWTLAX-26SEP09-B74.5,74° to 75°,74.0,75.0,40,48,52,60,879.47,low
136,2026-09-09T06:35:42Z,KLAX,2026-09-09,KXLOWTLAX-26SEP09-B72.5,72° to 73°,72.0,73.0,2,7,93,98,345.08,low
137,2026-09-09T06:35:42Z,KLAX,2026-09-09,KXLOWTLAX-26SEP09-B70.5,70° to 71°,70.0,71.0,0,1,99,100,202.0,low
138,2026-09-09T06:35:42Z,KLAX,2026-09-09,KXLOWTLAX-26SEP09-B68.5,68° to 69°,68.0,69.0,0,1,99,100,299.84,low
139,2026-09-09T06:35:42Z,KLAX,2026-09-09,KXLOWTLAX-26SEP08-T72,73° or above,73.0,999.0,99,100,0,1,3978.67,low
140,2026-09-09T06:35:42Z,KLAX,2026-09-09,KXLOWTLAX-26SEP08-T65,64° or below,-999.0,64.0,0,1,99,100,95.0,low
141,2026-09-09T06:35:42Z,KLAX,2026-09-09,KXLOWTLAX-26SEP08-B71.5,71° to 72°,71.0,72.0,0,1,99,100,1019.23,low
142,2026-09-09T06:35:42Z,KLAX,2026-09-09,KXLOWTLAX-26SEP08-B69.5,69° to 70°,69.0,70.0,0,1,99,100,946.19,low
143,2026-09-09T06:35:42Z,KLAX,2026-09-09,KXLOWTLAX-26SEP08-B67.5,67° to 68°,67.0,68.0,0,1,99,100,216.96,low
144,2026-09-09T06:35:42Z,KLAX,2026-09-09,KXLOWTLAX-26SEP08-B65.5,65° to 66°,65.0,66.0,0,1,99,100,352.06,low
37,2026-09-09T06:35:42Z,KMDW,2026-09-09,KXHIGHCHI-26SEP09-T87,88° or above,88.0,999.0,0,1,99,100,1373.0,high
38,2026-09-09T06:35:42Z,KMDW,2026-09-09,KXHIGHCHI-26SEP09-T80,79° or below,-999.0,79.0,25,26,74,75,854.82,high
39,2026-09-09T06:35:42Z,KMDW,2026-09-09,KXHIGHCHI-26SEP09-B86.5,86° to 87°,86.0,87.0,1,2,98,99,337.6,high
40,2026-09-09T06:35:42Z,KMDW,2026-09-09,KXHIGHCHI-26SEP09-B84.5,84° to 85°,84.0,85.0,5,6,94,95,628.33,high
41,2026-09-09T06:35:42Z,KMDW,2026-09-09,KXHIGHCHI-26SEP09-B82.5,82° to 83°,82.0,83.0,29,31,69,71,555.73,high
42,2026-09-09T06:35:42Z,KMDW,2026-09-09,KXHIGHCHI-26SEP09-B80.5,80° to 81°,80.0,81.0,38,39,61,62,596.43,high
43,2026-09-09T06:35:42Z,KMDW,2026-09-09,KXLOWTCHI-26SEP09-T75,76° or above,76.0,999.0,0,1,99,100,524.0,low
44,2026-09-09T06:35:42Z,KMDW,2026-09-09,KXLOWTCHI-26SEP09-T68,67° or below,-999.0,67.0,0,4,96,100,778.04,low
45,2026-09-09T06:35:42Z,KMDW,2026-09-09,KXLOWTCHI-26SEP09-B74.5,74° to 75°,74.0,75.0,7,11,89,93,118.04,low
46,2026-09-09T06:35:42Z,KMDW,2026-09-09,KXLOWTCHI-26SEP09-B72.5,72° to 73°,72.0,73.0,32,41,59,68,436.21,low
47,2026-09-09T06:35:42Z,KMDW,2026-09-09,KXLOWTCHI-26SEP09-B70.5,70° to 71°,70.0,71.0,39,47,53,61,451.66,low
48,2026-09-09T06:35:42Z,KMDW,2026-09-09,KXLOWTCHI-26SEP09-B68.5,68° to 69°,68.0,69.0,5,13,87,95,542.54,low
145,2026-09-09T06:35:42Z,KMIA,2026-09-09,KXHIGHMIA-26SEP09-T94,95° or above,95.0,999.0,0,2,98,100,2114.43,high
146,2026-09-09T06:35:42Z,KMIA,2026-09-09,KXHIGHMIA-26SEP09-T87,86° or below,-999.0,86.0,0,1,99,100,1016.87,high
147,2026-09-09T06:35:42Z,KMIA,2026-09-09,KXHIGHMIA-26SEP09-B93.5,93° to 94°,93.0,94.0,9,10,90,91,2042.18,high
148,2026-09-09T06:35:42Z,KMIA,2026-09-09,KXHIGHMIA-26SEP09-B91.5,91° to 92°,91.0,92.0,67,68,32,33,2721.89,high
149,2026-09-09T06:35:42Z,KMIA,2026-09-09,KXHIGHMIA-26SEP09-B89.5,89° to 90°,89.0,90.0,19,22,78,81,3984.45,high
150,2026-09-09T06:35:42Z,KMIA,2026-09-09,KXHIGHMIA-26SEP09-B87.5,87° to 88°,87.0,88.0,3,4,96,97,4630.72,high
151,2026-09-09T06:35:42Z,KMIA,2026-09-09,KXLOWTMIA-26SEP09-T82,83° or above,83.0,999.0,0,1,99,100,528.97,low
152,2026-09-09T06:35:42Z,KMIA,2026-09-09,KXLOWTMIA-26SEP09-T75,74° or below,-999.0,74.0,4,8,92,96,114.83,low
153,2026-09-09T06:35:42Z,KMIA,2026-09-09,KXLOWTMIA-26SEP09-B81.5,81° to 82°,81.0,82.0,0,1,99,100,512.1,low
154,2026-09-09T06:35:42Z,KMIA,2026-09-09,KXLOWTMIA-26SEP09-B79.5,79° to 80°,79.0,80.0,34,42,58,66,198.98,low
155,2026-09-09T06:35:42Z,KMIA,2026-09-09,KXLOWTMIA-26SEP09-B77.5,77° to 78°,77.0,78.0,37,38,62,63,147.43,low
156,2026-09-09T06:35:42Z,KMIA,2026-09-09,KXLOWTMIA-26SEP09-B75.5,75° to 76°,75.0,76.0,9,13,87,91,68.0,low
157,2026-09-09T06:35:42Z,KMSP,2026-09-09,KXHIGHTMIN-26SEP09-T83,84° or above,84.0,999.0,3,5,95,97,479.59,high
158,2026-09-09T06:35:42Z,KMSP,2026-09-09,KXHIGHTMIN-26SEP09-T76,75° or below,-999.0,75.0,0,1,99,100,855.44,high
159,2026-09-09T06:35:42Z,KMSP,2026-09-09,KXHIGHTMIN-26SEP09-B82.5,82° to 83°,82.0,83.0,44,45,55,56,893.58,high
160,2026-09-09T06:35:42Z,KMSP,2026-09-09,KXHIGHTMIN-26SEP09-B80.5,80° to 81°,80.0,81.0,38,41,59,62,1358.53,high
161,2026-09-09T06:35:42Z,KMSP,2026-09-09,KXHIGHTMIN-26SEP09-B78.5,78° to 79°,78.0,79.0,6,8,92,94,1490.68,high
162,2026-09-09T06:35:42Z,KMSP,2026-09-09,KXHIGHTMIN-26SEP09-B76.5,76° to 77°,76.0,77.0,2,3,97,98,1049.29,high
163,2026-09-09T06:35:42Z,KMSP,2026-09-09,KXLOWTMIN-26SEP09-T64,65° or above,65.0,999.0,13,21,79,87,389.0,low
164,2026-09-09T06:35:42Z,KMSP,2026-09-09,KXLOWTMIN-26SEP09-T57,56° or below,-999.0,56.0,1,2,98,99,24.0,low
165,2026-09-09T06:35:42Z,KMSP,2026-09-09,KXLOWTMIN-26SEP09-B63.5,63° to 64°,63.0,64.0,36,45,55,64,272.0,low
166,2026-09-09T06:35:42Z,KMSP,2026-09-09,KXLOWTMIN-26SEP09-B61.5,61° to 62°,61.0,62.0,29,38,62,71,204.0,low
167,2026-09-09T06:35:42Z,KMSP,2026-09-09,KXLOWTMIN-26SEP09-B59.5,59° to 60°,59.0,60.0,4,12,88,96,6.0,low
168,2026-09-09T06:35:42Z,KMSP,2026-09-09,KXLOWTMIN-26SEP09-B57.5,57° to 58°,57.0,58.0,2,4,96,98,0.0,low
169,2026-09-09T06:35:42Z,KMSY,2026-09-09,KXHIGHTNOLA-26SEP09-T93,94° or above,94.0,999.0,3,4,96,97,704.04,high
170,2026-09-09T06:35:42Z,KMSY,2026-09-09,KXHIGHTNOLA-26SEP09-T86,85° or below,-999.0,85.0,1,2,98,99,857.84,high
171,2026-09-09T06:35:42Z,KMSY,2026-09-09,KXHIGHTNOLA-26SEP09-B92.5,92° to 93°,92.0,93.0,34,35,65,66,355.86,high
172,2026-09-09T06:35:42Z,KMSY,2026-09-09,KXHIGHTNOLA-26SEP09-B90.5,90° to 91°,90.0,91.0,49,52,48,51,703.8,high
173,2026-09-09T06:35:42Z,KMSY,2026-09-09,KXHIGHTNOLA-26SEP09-B88.5,88° to 89°,88.0,89.0,13,14,86,87,399.99,high
174,2026-09-09T06:35:42Z,KMSY,2026-09-09,KXHIGHTNOLA-26SEP09-B86.5,86° to 87°,86.0,87.0,2,3,97,98,415.28,high
175,2026-09-09T06:35:42Z,KMSY,2026-09-09,KXLOWTNOLA-26SEP09-T81,82° or above,82.0,999.0,0,1,99,100,95.0,low
176,2026-09-09T06:35:42Z,KMSY,2026-09-09,KXLOWTNOLA-26SEP09-T74,73° or below,-999.0,73.0,1,2,98,99,3.0,low
177,2026-09-09T06:35:42Z,KMSY,2026-09-09,KXLOWTNOLA-26SEP09-B80.5,80° to 81°,80.0,81.0,2,4,96,98,152.93,low
178,2026-09-09T06:35:42Z,KMSY,2026-09-09,KXLOWTNOLA-26SEP09-B78.5,78° to 79°,78.0,79.0,62,70,30,38,207.0,low
179,2026-09-09T06:35:42Z,KMSY,2026-09-09,KXLOWTNOLA-26SEP09-B76.5,76° to 77°,76.0,77.0,26,35,65,74,137.0,low
180,2026-09-09T06:35:42Z,KMSY,2026-09-09,KXLOWTNOLA-26SEP09-B74.5,74° to 75°,74.0,75.0,2,4,96,98,11.0,low
181,2026-09-09T06:35:42Z,KNYC,2026-09-09,KXHIGHNY-26SEP09-T91,92° or above,92.0,999.0,0,1,99,100,1588.51,high
182,2026-09-09T06:35:42Z,KNYC,2026-09-09,KXHIGHNY-26SEP09-T84,83° or below,-999.0,83.0,60,61,39,40,6251.9,high
183,2026-09-09T06:35:42Z,KNYC,2026-09-09,KXHIGHNY-26SEP09-B90.5,90° to 91°,90.0,91.0,0,1,99,100,970.18,high
184,2026-09-09T06:35:42Z,KNYC,2026-09-09,KXHIGHNY-26SEP09-B88.5,88° to 89°,88.0,89.0,1,2,98,99,1054.3,high
185,2026-09-09T06:35:42Z,KNYC,2026-09-09,KXHIGHNY-26SEP09-B86.5,86° to 87°,86.0,87.0,5,6,94,95,4007.53,high
186,2026-09-09T06:35:42Z,KNYC,2026-09-09,KXHIGHNY-26SEP09-B84.5,84° to 85°,84.0,85.0,34,35,65,66,3112.81,high
187,2026-09-09T06:35:42Z,KNYC,2026-09-09,KXLOWTNYC-26SEP09-T69,70° or above,70.0,999.0,1,4,96,99,699.98,low
188,2026-09-09T06:35:42Z,KNYC,2026-09-09,KXLOWTNYC-26SEP09-T62,61° or below,-999.0,61.0,0,1,99,100,175.0,low
189,2026-09-09T06:35:42Z,KNYC,2026-09-09,KXLOWTNYC-26SEP09-B68.5,68° to 69°,68.0,69.0,41,49,51,59,548.99,low
190,2026-09-09T06:35:42Z,KNYC,2026-09-09,KXLOWTNYC-26SEP09-B66.5,66° to 67°,66.0,67.0,44,53,47,56,895.67,low
191,2026-09-09T06:35:42Z,KNYC,2026-09-09,KXLOWTNYC-26SEP09-B64.5,64° to 65°,64.0,65.0,5,6,94,95,153.92,low
192,2026-09-09T06:35:42Z,KNYC,2026-09-09,KXLOWTNYC-26SEP09-B62.5,62° to 63°,62.0,63.0,0,1,99,100,411.51,low
193,2026-09-09T06:35:42Z,KOKC,2026-09-09,KXHIGHTOKC-26SEP09-T97,96° or below,-999.0,96.0,0,1,99,100,97.0,high
194,2026-09-09T06:35:42Z,KOKC,2026-09-09,KXHIGHTOKC-26SEP09-T104,105° or above,105.0,999.0,4,5,95,96,862.2,high
195,2026-09-09T06:35:42Z,KOKC,2026-09-09,KXHIGHTOKC-26SEP09-B99.5,99° to 100°,99.0,100.0,16,17,83,84,802.52,high
196,2026-09-09T06:35:42Z,KOKC,2026-09-09,KXHIGHTOKC-26SEP09-B97.5,97° to 98°,97.0,98.0,1,3,97,99,300.01,high
197,2026-09-09T06:35:42Z,KOKC,2026-09-09,KXHIGHTOKC-26SEP09-B103.5,103° to 104°,103.0,104.0,31,32,68,69,1259.29,high
198,2026-09-09T06:35:42Z,KOKC,2026-09-09,KXHIGHTOKC-26SEP09-B101.5,101° to 102°,101.0,102.0,51,52,48,49,1100.48,high
199,2026-09-09T06:35:42Z,KOKC,2026-09-09,KXLOWTOKC-26SEP09-T78,79° or above,79.0,999.0,7,16,84,93,450.19,low
200,2026-09-09T06:35:42Z,KOKC,2026-09-09,KXLOWTOKC-26SEP09-T71,70° or below,-999.0,70.0,0,2,98,100,141.0,low
201,2026-09-09T06:35:42Z,KOKC,2026-09-09,KXLOWTOKC-26SEP09-B77.5,77° to 78°,77.0,78.0,12,19,81,88,6.36,low
202,2026-09-09T06:35:42Z,KOKC,2026-09-09,KXLOWTOKC-26SEP09-B75.5,75° to 76°,75.0,76.0,11,54,46,89,588.45,low
203,2026-09-09T06:35:42Z,KOKC,2026-09-09,KXLOWTOKC-26SEP09-B73.5,73° to 74°,73.0,74.0,15,25,75,85,304.22,low
204,2026-09-09T06:35:42Z,KOKC,2026-09-09,KXLOWTOKC-26SEP09-B71.5,71° to 72°,71.0,72.0,2,5,95,98,20.0,low
205,2026-09-09T06:35:42Z,KPHL,2026-09-09,KXHIGHPHIL-26SEP09-T91,92° or above,92.0,999.0,1,2,98,99,720.95,high
206,2026-09-09T06:35:42Z,KPHL,2026-09-09,KXHIGHPHIL-26SEP09-T84,83° or below,-999.0,83.0,0,1,99,100,661.04,high
207,2026-09-09T06:35:42Z,KPHL,2026-09-09,KXHIGHPHIL-26SEP09-B90.5,90° to 91°,90.0,91.0,5,6,94,95,766.37,high
208,2026-09-09T06:35:42Z,KPHL,2026-09-09,KXHIGHPHIL-26SEP09-B88.5,88° to 89°,88.0,89.0,59,60,40,41,1623.21,high
209,2026-09-09T06:35:42Z,KPHL,2026-09-09,KXHIGHPHIL-26SEP09-B86.5,86° to 87°,86.0,87.0,37,38,62,63,1221.47,high
210,2026-09-09T06:35:42Z,KPHL,2026-09-09,KXHIGHPHIL-26SEP09-B84.5,84° to 85°,84.0,85.0,2,3,97,98,691.5,high
211,2026-09-09T06:35:42Z,KPHL,2026-09-09,KXLOWTPHIL-26SEP09-T68,69° or above,69.0,999.0,42,47,53,58,565.36,low
212,2026-09-09T06:35:42Z,KPHL,2026-09-09,KXLOWTPHIL-26SEP09-T61,60° or below,-999.0,60.0,0,2,98,100,64.18,low
213,2026-09-09T06:35:42Z,KPHL,2026-09-09,KXLOWTPHIL-26SEP09-B67.5,67° to 68°,67.0,68.0,40,49,51,60,177.73,low
214,2026-09-09T06:35:42Z,KPHL,2026-09-09,KXLOWTPHIL-26SEP09-B65.5,65° to 66°,65.0,66.0,6,14,86,94,347.79,low
215,2026-09-09T06:35:42Z,KPHL,2026-09-09,KXLOWTPHIL-26SEP09-B63.5,63° to 64°,63.0,64.0,0,2,98,100,202.37,low
216,2026-09-09T06:35:42Z,KPHL,2026-09-09,KXLOWTPHIL-26SEP09-B61.5,61° to 62°,61.0,62.0,0,2,98,100,114.0,low
217,2026-09-09T06:35:42Z,KPHX,2026-09-09,KXHIGHTPHX-26SEP09-T111,112° or above,112.0,999.0,1,2,98,99,235.97,high
218,2026-09-09T06:35:42Z,KPHX,2026-09-09,KXHIGHTPHX-26SEP09-T104,103° or below,-999.0,103.0,2,3,97,98,224.41,high
219,2026-09-09T06:35:42Z,KPHX,2026-09-09,KXHIGHTPHX-26SEP09-B110.5,110° to 111°,110.0,111.0,4,5,95,96,227.94,high
220,2026-09-09T06:35:42Z,KPHX,2026-09-09,KXHIGHTPHX-26SEP09-B108.5,108° to 109°,108.0,109.0,33,34,66,67,926.26,high
221,2026-09-09T06:35:42Z,KPHX,2026-09-09,KXHIGHTPHX-26SEP09-B106.5,106° to 107°,106.0,107.0,46,47,53,54,391.39,high
222,2026-09-09T06:35:42Z,KPHX,2026-09-09,KXHIGHTPHX-26SEP09-B104.5,104° to 105°,104.0,105.0,10,12,88,90,162.37,high
223,2026-09-09T06:35:42Z,KPHX,2026-09-09,KXHIGHTPHX-26SEP08-T112,113° or above,113.0,999.0,0,1,99,100,1488.11,high
224,2026-09-09T06:35:42Z,KPHX,2026-09-09,KXHIGHTPHX-26SEP08-T105,104° or below,-999.0,104.0,0,1,99,100,2553.81,high
225,2026-09-09T06:35:42Z,KPHX,2026-09-09,KXHIGHTPHX-26SEP08-B111.5,111° to 112°,111.0,112.0,0,1,99,100,7687.96,high
226,2026-09-09T06:35:42Z,KPHX,2026-09-09,KXHIGHTPHX-26SEP08-B109.5,109° to 110°,109.0,110.0,0,1,99,100,15504.18,high
227,2026-09-09T06:35:42Z,KPHX,2026-09-09,KXHIGHTPHX-26SEP08-B107.5,107° to 108°,107.0,108.0,99,100,0,1,14792.93,high
228,2026-09-09T06:35:42Z,KPHX,2026-09-09,KXHIGHTPHX-26SEP08-B105.5,105° to 106°,105.0,106.0,0,1,99,100,5722.76,high
229,2026-09-09T06:35:42Z,KPHX,2026-09-09,KXLOWTPHX-26SEP09-T88,89° or above,89.0,999.0,52,56,44,48,540.64,low
230,2026-09-09T06:35:42Z,KPHX,2026-09-09,KXLOWTPHX-26SEP09-T81,80° or below,-999.0,80.0,1,2,98,99,40.0,low
231,2026-09-09T06:35:42Z,KPHX,2026-09-09,KXLOWTPHX-26SEP09-B87.5,87° to 88°,87.0,88.0,37,42,58,63,451.76,low
232,2026-09-09T06:35:42Z,KPHX,2026-09-09,KXLOWTPHX-26SEP09-B85.5,85° to 86°,85.0,86.0,3,8,92,97,217.23,low
233,2026-09-09T06:35:42Z,KPHX,2026-09-09,KXLOWTPHX-26SEP09-B83.5,83° to 84°,83.0,84.0,2,3,97,98,71.0,low
234,2026-09-09T06:35:42Z,KPHX,2026-09-09,KXLOWTPHX-26SEP09-B81.5,81° to 82°,81.0,82.0,0,2,98,100,330.84,low
235,2026-09-09T06:35:42Z,KPHX,2026-09-09,KXLOWTPHX-26SEP08-T87,88° or above,88.0,999.0,99,100,0,1,3623.27,low
236,2026-09-09T06:35:42Z,KPHX,2026-09-09,KXLOWTPHX-26SEP08-T80,79° or below,-999.0,79.0,0,1,99,100,146.11,low
237,2026-09-09T06:35:42Z,KPHX,2026-09-09,KXLOWTPHX-26SEP08-B86.5,86° to 87°,86.0,87.0,0,3,97,100,2449.1,low
238,2026-09-09T06:35:42Z,KPHX,2026-09-09,KXLOWTPHX-26SEP08-B84.5,84° to 85°,84.0,85.0,0,2,98,100,707.66,low
239,2026-09-09T06:35:42Z,KPHX,2026-09-09,KXLOWTPHX-26SEP08-B82.5,82° to 83°,82.0,83.0,0,2,98,100,243.99,low
240,2026-09-09T06:35:42Z,KPHX,2026-09-09,KXLOWTPHX-26SEP08-B80.5,80° to 81°,80.0,81.0,0,1,99,100,76.9,low
241,2026-09-09T06:35:42Z,KSAT,2026-09-09,KXHIGHTSATX-26SEP09-T95,94° or below,-999.0,94.0,3,4,96,97,153.15,high
242,2026-09-09T06:35:42Z,KSAT,2026-09-09,KXHIGHTSATX-26SEP09-T102,103° or above,103.0,999.0,0,1,99,100,254.0,high
243,2026-09-09T06:35:42Z,KSAT,2026-09-09,KXHIGHTSATX-26SEP09-B99.5,99° to 100°,99.0,100.0,26,27,73,74,312.56,high
244,2026-09-09T06:35:42Z,KSAT,2026-09-09,KXHIGHTSATX-26SEP09-B97.5,97° to 98°,97.0,98.0,54,55,45,46,477.5,high
245,2026-09-09T06:35:42Z,KSAT,2026-09-09,KXHIGHTSATX-26SEP09-B95.5,95° to 96°,95.0,96.0,14,15,85,86,367.83,high
246,2026-09-09T06:35:42Z,KSAT,2026-09-09,KXHIGHTSATX-26SEP09-B101.5,101° to 102°,101.0,102.0,3,4,96,97,219.69,high
247,2026-09-09T06:35:42Z,KSAT,2026-09-09,KXLOWTSATX-26SEP09-T79,80° or above,80.0,999.0,12,22,78,88,65.0,low
248,2026-09-09T06:35:42Z,KSAT,2026-09-09,KXLOWTSATX-26SEP09-T72,71° or below,-999.0,71.0,0,2,98,100,50.18,low
249,2026-09-09T06:35:42Z,KSAT,2026-09-09,KXLOWTSATX-26SEP09-B78.5,78° to 79°,78.0,79.0,6,82,18,94,333.94,low
250,2026-09-09T06:35:42Z,KSAT,2026-09-09,KXLOWTSATX-26SEP09-B76.5,76° to 77°,76.0,77.0,5,10,90,95,91.0,low
251,2026-09-09T06:35:42Z,KSAT,2026-09-09,KXLOWTSATX-26SEP09-B74.5,74° to 75°,74.0,75.0,1,2,98,99,17.14,low
252,2026-09-09T06:35:42Z,KSAT,2026-09-09,KXLOWTSATX-26SEP09-B72.5,72° to 73°,72.0,73.0,0,2,98,100,278.0,low
277,2026-09-09T06:35:42Z,KSEA,2026-09-09,KXHIGHTSEA-26SEP09-T81,82° or above,82.0,999.0,1,2,98,99,292.31,high
278,2026-09-09T06:35:42Z,KSEA,2026-09-09,KXHIGHTSEA-26SEP09-T74,73° or below,-999.0,73.0,1,3,97,99,1126.08,high
279,2026-09-09T06:35:42Z,KSEA,2026-09-09,KXHIGHTSEA-26SEP09-B80.5,80° to 81°,80.0,81.0,10,11,89,90,732.1,high
280,2026-09-09T06:35:42Z,KSEA,2026-09-09,KXHIGHTSEA-26SEP09-B78.5,78° to 79°,78.0,79.0,53,55,45,47,840.93,high
281,2026-09-09T06:35:42Z,KSEA,2026-09-09,KXHIGHTSEA-26SEP09-B76.5,76° to 77°,76.0,77.0,26,28,72,74,736.93,high
282,2026-09-09T06:35:42Z,KSEA,2026-09-09,KXHIGHTSEA-26SEP09-B74.5,74° to 75°,74.0,75.0,5,6,94,95,366.32,high
283,2026-09-09T06:35:42Z,KSEA,2026-09-09,KXHIGHTSEA-26SEP08-T77,78° or above,78.0,999.0,0,1,99,100,809.57,high
284,2026-09-09T06:35:42Z,KSEA,2026-09-09,KXHIGHTSEA-26SEP08-T70,69° or below,-999.0,69.0,0,1,99,100,829.87,high
285,2026-09-09T06:35:42Z,KSEA,2026-09-09,KXHIGHTSEA-26SEP08-B76.5,76° to 77°,76.0,77.0,0,1,99,100,6355.99,high
286,2026-09-09T06:35:42Z,KSEA,2026-09-09,KXHIGHTSEA-26SEP08-B74.5,74° to 75°,74.0,75.0,99,100,0,1,5548.86,high
287,2026-09-09T06:35:42Z,KSEA,2026-09-09,KXHIGHTSEA-26SEP08-B72.5,72° to 73°,72.0,73.0,0,1,99,100,8988.5,high
288,2026-09-09T06:35:42Z,KSEA,2026-09-09,KXHIGHTSEA-26SEP08-B70.5,70° to 71°,70.0,71.0,0,1,99,100,4191.41,high
289,2026-09-09T06:35:42Z,KSEA,2026-09-09,KXLOWTSEA-26SEP09-T55,56° or above,56.0,999.0,13,16,84,87,469.33,low
290,2026-09-09T06:35:42Z,KSEA,2026-09-09,KXLOWTSEA-26SEP09-T48,47° or below,-999.0,47.0,0,2,98,100,30.0,low
291,2026-09-09T06:35:42Z,KSEA,2026-09-09,KXLOWTSEA-26SEP09-B54.5,54° to 55°,54.0,55.0,57,63,37,43,310.58,low
292,2026-09-09T06:35:42Z,KSEA,2026-09-09,KXLOWTSEA-26SEP09-B52.5,52° to 53°,52.0,53.0,25,33,67,75,407.65,low
293,2026-09-09T06:35:42Z,KSEA,2026-09-09,KXLOWTSEA-26SEP09-B50.5,50° to 51°,50.0,51.0,1,3,97,99,0.0,low
294,2026-09-09T06:35:42Z,KSEA,2026-09-09,KXLOWTSEA-26SEP09-B48.5,48° to 49°,48.0,49.0,0,2,98,100,80.0,low
295,2026-09-09T06:35:42Z,KSEA,2026-09-09,KXLOWTSEA-26SEP08-T54,55° or above,55.0,999.0,99,100,0,1,2415.02,low
296,2026-09-09T06:35:42Z,KSEA,2026-09-09,KXLOWTSEA-26SEP08-T47,46° or below,-999.0,46.0,0,1,99,100,49.0,low
297,2026-09-09T06:35:42Z,KSEA,2026-09-09,KXLOWTSEA-26SEP08-B53.5,53° to 54°,53.0,54.0,0,1,99,100,1274.51,low
298,2026-09-09T06:35:42Z,KSEA,2026-09-09,KXLOWTSEA-26SEP08-B51.5,51° to 52°,51.0,52.0,0,1,99,100,642.63,low
299,2026-09-09T06:35:42Z,KSEA,2026-09-09,KXLOWTSEA-26SEP08-B49.5,49° to 50°,49.0,50.0,0,1,99,100,190.0,low
300,2026-09-09T06:35:42Z,KSEA,2026-09-09,KXLOWTSEA-26SEP08-B47.5,47° to 48°,47.0,48.0,0,1,99,100,240.0,low
253,2026-09-09T06:35:42Z,KSFO,2026-09-09,KXHIGHTSFO-26SEP09-T91,92° or above,92.0,999.0,66,67,33,34,2928.64,high
254,2026-09-09T06:35:42Z,KSFO,2026-09-09,KXHIGHTSFO-26SEP09-T84,83° or below,-999.0,83.0,0,1,99,100,2048.09,high
255,2026-09-09T06:35:42Z,KSFO,2026-09-09,KXHIGHTSFO-26SEP09-B90.5,90° to 91°,90.0,91.0,16,18,82,84,1374.55,high
256,2026-09-09T06:35:42Z,KSFO,2026-09-09,KXHIGHTSFO-26SEP09-B88.5,88° to 89°,88.0,89.0,8,11,89,92,1306.99,high
257,2026-09-09T06:35:42Z,KSFO,2026-09-09,KXHIGHTSFO-26SEP09-B86.5,86° to 87°,86.0,87.0,6,7,93,94,606.59,high
258,2026-09-09T06:35:42Z,KSFO,2026-09-09,KXHIGHTSFO-26SEP09-B84.5,84° to 85°,84.0,85.0,3,5,95,97,574.42,high
259,2026-09-09T06:35:42Z,KSFO,2026-09-09,KXHIGHTSFO-26SEP08-T85,86° or above,86.0,999.0,99,100,0,1,21201.4,high
260,2026-09-09T06:35:42Z,KSFO,2026-09-09,KXHIGHTSFO-26SEP08-T78,77° or below,-999.0,77.0,0,1,99,100,5821.23,high
261,2026-09-09T06:35:42Z,KSFO,2026-09-09,KXHIGHTSFO-26SEP08-B84.5,84° to 85°,84.0,85.0,0,1,99,100,13561.16,high
262,2026-09-09T06:35:42Z,KSFO,2026-09-09,KXHIGHTSFO-26SEP08-B82.5,82° to 83°,82.0,83.0,0,1,99,100,9245.58,high
263,2026-09-09T06:35:42Z,KSFO,2026-09-09,KXHIGHTSFO-26SEP08-B80.5,80° to 81°,80.0,81.0,0,1,99,100,6517.64,high
264,2026-09-09T06:35:42Z,KSFO,2026-09-09,KXHIGHTSFO-26SEP08-B78.5,78° to 79°,78.0,79.0,0,1,99,100,8081.79,high
265,2026-09-09T06:35:42Z,KSFO,2026-09-09,KXLOWTSFO-26SEP09-T67,68° or above,68.0,999.0,29,34,66,71,350.48,low
266,2026-09-09T06:35:42Z,KSFO,2026-09-09,KXLOWTSFO-26SEP09-T60,59° or below,-999.0,59.0,0,2,98,100,217.0,low
267,2026-09-09T06:35:42Z,KSFO,2026-09-09,KXLOWTSFO-26SEP09-B66.5,66° to 67°,66.0,67.0,52,57,43,48,361.38,low
268,2026-09-09T06:35:42Z,KSFO,2026-09-09,KXLOWTSFO-26SEP09-B64.5,64° to 65°,64.0,65.0,6,14,86,94,43.89,low
269,2026-09-09T06:35:42Z,KSFO,2026-09-09,KXLOWTSFO-26SEP09-B62.5,62° to 63°,62.0,63.0,2,4,96,98,78.28,low
270,2026-09-09T06:35:42Z,KSFO,2026-09-09,KXLOWTSFO-26SEP09-B60.5,60° to 61°,60.0,61.0,0,2,98,100,121.0,low
271,2026-09-09T06:35:42Z,KSFO,2026-09-09,KXLOWTSFO-26SEP08-T60,61° or above,61.0,999.0,99,100,0,1,2368.76,low
272,2026-09-09T06:35:42Z,KSFO,2026-09-09,KXLOWTSFO-26SEP08-T53,52° or below,-999.0,52.0,0,1,99,100,40.0,low
273,2026-09-09T06:35:42Z,KSFO,2026-09-09,KXLOWTSFO-26SEP08-B59.5,59° to 60°,59.0,60.0,1,3,97,99,1794.87,low
274,2026-09-09T06:35:42Z,KSFO,2026-09-09,KXLOWTSFO-26SEP08-B57.5,57° to 58°,57.0,58.0,0,1,99,100,645.6,low
275,2026-09-09T06:35:42Z,KSFO,2026-09-09,KXLOWTSFO-26SEP08-B55.5,55° to 56°,55.0,56.0,0,1,99,100,113.69,low
276,2026-09-09T06:35:42Z,KSFO,2026-09-09,KXLOWTSFO-26SEP08-B53.5,53° to 54°,53.0,54.0,0,1,99,100,81.11,low
1,2026-09-09T11:47:48Z,KATL,2026-09-09,KXHIGHTATL-26SEP09-T95,96° or above,96.0,999.0,0,1,99,100,281.51,high
2,2026-09-09T11:47:48Z,KATL,2026-09-09,KXHIGHTATL-26SEP09-T88,87° or below,-999.0,87.0,1,3,97,99,1029.04,high
3,2026-09-09T11:47:48Z,KATL,2026-09-09,KXHIGHTATL-26SEP09-B94.5,94° to 95°,94.0,95.0,1,2,98,99,364.83,high
4,2026-09-09T11:47:48Z,KATL,2026-09-09,KXHIGHTATL-26SEP09-B92.5,92° to 93°,92.0,93.0,14,15,85,86,2294.47,high
5,2026-09-09T11:47:48Z,KATL,2026-09-09,KXHIGHTATL-26SEP09-B90.5,90° to 91°,90.0,91.0,65,68,32,35,1322.43,high
6,2026-09-09T11:47:48Z,KATL,2026-09-09,KXHIGHTATL-26SEP09-B88.5,88° to 89°,88.0,89.0,14,18,82,86,1903.36,high
7,2026-09-09T11:47:48Z,KATL,2026-09-09,KXLOWTATL-26SEP09-T72,73° or above,73.0,999.0,0,1,99,100,1532.82,low
8,2026-09-09T11:47:48Z,KATL,2026-09-09,KXLOWTATL-26SEP09-T65,64° or below,-999.0,64.0,0,2,98,100,260.78,low
9,2026-09-09T11:47:48Z,KATL,2026-09-09,KXLOWTATL-26SEP09-B71.5,71° to 72°,71.0,72.0,81,87,13,19,1563.26,low
10,2026-09-09T11:47:48Z,KATL,2026-09-09,KXLOWTATL-26SEP09-B69.5,69° to 70°,69.0,70.0,6,17,83,94,1362.88,low
11,2026-09-09T11:47:48Z,KATL,2026-09-09,KXLOWTATL-26SEP09-B67.5,67° to 68°,67.0,68.0,0,7,93,100,564.52,low
12,2026-09-09T11:47:48Z,KATL,2026-09-09,KXLOWTATL-26SEP09-B65.5,65° to 66°,65.0,66.0,1,4,96,99,126.79,low
13,2026-09-09T11:47:48Z,KAUS,2026-09-09,KXHIGHAUS-26SEP09-T96,95° or below,-999.0,95.0,4,5,95,96,2173.93,high
14,2026-09-09T11:47:48Z,KAUS,2026-09-09,KXHIGHAUS-26SEP09-T103,104° or above,104.0,999.0,0,1,99,100,677.38,high
15,2026-09-09T11:47:48Z,KAUS,2026-09-09,KXHIGHAUS-26SEP09-B98.5,98° to 99°,98.0,99.0,40,41,59,60,1595.23,high
16,2026-09-09T11:47:48Z,KAUS,2026-09-09,KXHIGHAUS-26SEP09-B96.5,96° to 97°,96.0,97.0,6,7,93,94,1856.77,high
17,2026-09-09T11:47:48Z,KAUS,2026-09-09,KXHIGHAUS-26SEP09-B102.5,102° to 103°,102.0,103.0,1,2,98,99,1264.91,high
18,2026-09-09T11:47:48Z,KAUS,2026-09-09,KXHIGHAUS-26SEP09-B100.5,100° to 101°,100.0,101.0,51,53,47,49,3742.37,high
19,2026-09-09T11:47:48Z,KAUS,2026-09-09,KXLOWTAUS-26SEP09-T78,79° or above,79.0,999.0,0,1,99,100,641.01,low
20,2026-09-09T11:47:48Z,KAUS,2026-09-09,KXLOWTAUS-26SEP09-T71,70° or below,-999.0,70.0,0,1,99,100,435.0,low
21,2026-09-09T11:47:48Z,KAUS,2026-09-09,KXLOWTAUS-26SEP09-B77.5,77° to 78°,77.0,78.0,0,1,99,100,904.76,low
22,2026-09-09T11:47:48Z,KAUS,2026-09-09,KXLOWTAUS-26SEP09-B75.5,75° to 76°,75.0,76.0,73,88,12,27,760.16,low
23,2026-09-09T11:47:48Z,KAUS,2026-09-09,KXLOWTAUS-26SEP09-B73.5,73° to 74°,73.0,74.0,14,21,79,86,434.01,low
24,2026-09-09T11:47:48Z,KAUS,2026-09-09,KXLOWTAUS-26SEP09-B71.5,71° to 72°,71.0,72.0,2,5,95,98,140.01,low
25,2026-09-09T11:47:48Z,KBOS,2026-09-09,KXHIGHTBOS-26SEP09-T83,84° or above,84.0,999.0,0,1,99,100,1441.58,high
26,2026-09-09T11:47:48Z,KBOS,2026-09-09,KXHIGHTBOS-26SEP09-T76,75° or below,-999.0,75.0,9,10,90,91,727.79,high
27,2026-09-09T11:47:48Z,KBOS,2026-09-09,KXHIGHTBOS-26SEP09-B82.5,82° to 83°,82.0,83.0,5,6,94,95,654.63,high
28,2026-09-09T11:47:48Z,KBOS,2026-09-09,KXHIGHTBOS-26SEP09-B80.5,80° to 81°,80.0,81.0,41,43,57,59,2225.24,high
29,2026-09-09T11:47:48Z,KBOS,2026-09-09,KXHIGHTBOS-26SEP09-B78.5,78° to 79°,78.0,79.0,34,35,65,66,860.93,high
30,2026-09-09T11:47:48Z,KBOS,2026-09-09,KXHIGHTBOS-26SEP09-B76.5,76° to 77°,76.0,77.0,10,11,89,90,741.92,high
31,2026-09-09T11:47:48Z,KBOS,2026-09-09,KXLOWTBOS-26SEP09-T67,68° or above,68.0,999.0,0,1,99,100,196.0,low
32,2026-09-09T11:47:48Z,KBOS,2026-09-09,KXLOWTBOS-26SEP09-T60,59° or below,-999.0,59.0,2,8,92,98,404.22,low
33,2026-09-09T11:47:48Z,KBOS,2026-09-09,KXLOWTBOS-26SEP09-B66.5,66° to 67°,66.0,67.0,0,1,99,100,692.0,low
34,2026-09-09T11:47:48Z,KBOS,2026-09-09,KXLOWTBOS-26SEP09-B64.5,64° to 65°,64.0,65.0,0,1,99,100,1074.96,low
35,2026-09-09T11:47:48Z,KBOS,2026-09-09,KXLOWTBOS-26SEP09-B62.5,62° to 63°,62.0,63.0,0,1,99,100,1640.3,low
36,2026-09-09T11:47:48Z,KBOS,2026-09-09,KXLOWTBOS-26SEP09-B60.5,60° to 61°,60.0,61.0,81,99,1,19,1132.74,low
229,2026-09-09T11:47:48Z,KDCA,2026-09-09,KXHIGHTDC-26SEP09-T93,94° or above,94.0,999.0,0,1,99,100,196.0,high
230,2026-09-09T11:47:48Z,KDCA,2026-09-09,KXHIGHTDC-26SEP09-T86,85° or below,-999.0,85.0,0,1,99,100,974.61,high
231,2026-09-09T11:47:48Z,KDCA,2026-09-09,KXHIGHTDC-26SEP09-B92.5,92° to 93°,92.0,93.0,2,4,96,98,639.19,high
232,2026-09-09T11:47:48Z,KDCA,2026-09-09,KXHIGHTDC-26SEP09-B90.5,90° to 91°,90.0,91.0,6,10,90,94,1508.41,high
233,2026-09-09T11:47:48Z,KDCA,2026-09-09,KXHIGHTDC-26SEP09-B88.5,88° to 89°,88.0,89.0,63,68,32,37,802.4,high
234,2026-09-09T11:47:48Z,KDCA,2026-09-09,KXHIGHTDC-26SEP09-B86.5,86° to 87°,86.0,87.0,15,17,83,85,832.16,high
235,2026-09-09T11:47:48Z,KDCA,2026-09-09,KXLOWTDC-26SEP09-T69,70° or above,70.0,999.0,95,99,1,5,1252.12,low
236,2026-09-09T11:47:48Z,KDCA,2026-09-09,KXLOWTDC-26SEP09-T62,61° or below,-999.0,61.0,0,2,98,100,50.18,low
237,2026-09-09T11:47:48Z,KDCA,2026-09-09,KXLOWTDC-26SEP09-B68.5,68° to 69°,68.0,69.0,0,4,96,100,813.17,low
238,2026-09-09T11:47:48Z,KDCA,2026-09-09,KXLOWTDC-26SEP09-B66.5,66° to 67°,66.0,67.0,0,6,94,100,794.56,low
239,2026-09-09T11:47:48Z,KDCA,2026-09-09,KXLOWTDC-26SEP09-B64.5,64° to 65°,64.0,65.0,0,4,96,100,115.24,low
240,2026-09-09T11:47:48Z,KDCA,2026-09-09,KXLOWTDC-26SEP09-B62.5,62° to 63°,62.0,63.0,0,5,95,100,136.14,low
61,2026-09-09T11:47:48Z,KDEN,2026-09-09,KXHIGHDEN-26SEP09-T85,86° or above,86.0,999.0,1,2,98,99,434.59,high
62,2026-09-09T11:47:48Z,KDEN,2026-09-09,KXHIGHDEN-26SEP09-T78,77° or below,-999.0,77.0,1,2,98,99,627.44,high
63,2026-09-09T11:47:48Z,KDEN,2026-09-09,KXHIGHDEN-26SEP09-B84.5,84° to 85°,84.0,85.0,3,4,96,97,1703.81,high
64,2026-09-09T11:47:48Z,KDEN,2026-09-09,KXHIGHDEN-26SEP09-B82.5,82° to 83°,82.0,83.0,52,53,47,48,1658.62,high
65,2026-09-09T11:47:48Z,KDEN,2026-09-09,KXHIGHDEN-26SEP09-B80.5,80° to 81°,80.0,81.0,42,44,56,58,1078.58,high
66,2026-09-09T11:47:48Z,KDEN,2026-09-09,KXHIGHDEN-26SEP09-B78.5,78° to 79°,78.0,79.0,3,4,96,97,632.11,high
67,2026-09-09T11:47:48Z,KDEN,2026-09-09,KXLOWTDEN-26SEP09-T61,62° or above,62.0,999.0,0,1,99,100,442.18,low
68,2026-09-09T11:47:48Z,KDEN,2026-09-09,KXLOWTDEN-26SEP09-T54,53° or below,-999.0,53.0,7,15,85,93,151.35,low
69,2026-09-09T11:47:48Z,KDEN,2026-09-09,KXLOWTDEN-26SEP09-B60.5,60° to 61°,60.0,61.0,3,27,73,97,15.0,low
70,2026-09-09T11:47:48Z,KDEN,2026-09-09,KXLOWTDEN-26SEP09-B58.5,58° to 59°,58.0,59.0,4,25,75,96,239.54,low
71,2026-09-09T11:47:48Z,KDEN,2026-09-09,KXLOWTDEN-26SEP09-B56.5,56° to 57°,56.0,57.0,41,64,36,59,84.04,low
72,2026-09-09T11:47:48Z,KDEN,2026-09-09,KXLOWTDEN-26SEP09-B54.5,54° to 55°,54.0,55.0,5,33,67,95,238.78,low
49,2026-09-09T11:47:48Z,KDFW,2026-09-09,KXHIGHTDAL-26SEP09-T98,97° or below,-999.0,97.0,3,4,96,97,520.77,high
50,2026-09-09T11:47:48Z,KDFW,2026-09-09,KXHIGHTDAL-26SEP09-T105,106° or above,106.0,999.0,0,1,99,100,532.12,high
51,2026-09-09T11:47:48Z,KDFW,2026-09-09,KXHIGHTDAL-26SEP09-B98.5,98° to 99°,98.0,99.0,12,13,87,88,1501.56,high
52,2026-09-09T11:47:48Z,KDFW,2026-09-09,KXHIGHTDAL-26SEP09-B104.5,104° to 105°,104.0,105.0,1,2,98,99,463.09,high
53,2026-09-09T11:47:48Z,KDFW,2026-09-09,KXHIGHTDAL-26SEP09-B102.5,102° to 103°,102.0,103.0,15,18,82,85,1357.86,high
54,2026-09-09T11:47:48Z,KDFW,2026-09-09,KXHIGHTDAL-26SEP09-B100.5,100° to 101°,100.0,101.0,67,71,29,33,2304.7,high
55,2026-09-09T11:47:48Z,KDFW,2026-09-09,KXLOWTDAL-26SEP09-T82,83° or above,83.0,999.0,3,24,76,97,248.09,low
56,2026-09-09T11:47:48Z,KDFW,2026-09-09,KXLOWTDAL-26SEP09-T75,74° or below,-999.0,74.0,0,3,97,100,64.18,low
57,2026-09-09T11:47:48Z,KDFW,2026-09-09,KXLOWTDAL-26SEP09-B81.5,81° to 82°,81.0,82.0,77,85,15,23,523.92,low
58,2026-09-09T11:47:48Z,KDFW,2026-09-09,KXLOWTDAL-26SEP09-B79.5,79° to 80°,79.0,80.0,3,23,77,97,206.78,low
59,2026-09-09T11:47:48Z,KDFW,2026-09-09,KXLOWTDAL-26SEP09-B77.5,77° to 78°,77.0,78.0,1,6,94,99,179.4,low
60,2026-09-09T11:47:48Z,KDFW,2026-09-09,KXLOWTDAL-26SEP09-B75.5,75° to 76°,75.0,76.0,0,4,96,100,145.37,low
73,2026-09-09T11:47:48Z,KIAH,2026-09-09,KXHIGHTHOU-26SEP09-T95,96° or above,96.0,999.0,0,2,98,100,232.89,high
74,2026-09-09T11:47:48Z,KIAH,2026-09-09,KXHIGHTHOU-26SEP09-T88,87° or below,-999.0,87.0,5,8,92,95,1031.59,high
75,2026-09-09T11:47:48Z,KIAH,2026-09-09,KXHIGHTHOU-26SEP09-B94.5,94° to 95°,94.0,95.0,5,6,94,95,1456.79,high
76,2026-09-09T11:47:48Z,KIAH,2026-09-09,KXHIGHTHOU-26SEP09-B92.5,92° to 93°,92.0,93.0,39,41,59,61,1726.17,high
77,2026-09-09T11:47:48Z,KIAH,2026-09-09,KXHIGHTHOU-26SEP09-B90.5,90° to 91°,90.0,91.0,37,38,62,63,780.52,high
78,2026-09-09T11:47:48Z,KIAH,2026-09-09,KXHIGHTHOU-26SEP09-B88.5,88° to 89°,88.0,89.0,13,14,86,87,847.93,high
79,2026-09-09T11:47:48Z,KIAH,2026-09-09,KXLOWTHOU-26SEP09-T80,81° or above,81.0,999.0,0,1,99,100,189.94,low
80,2026-09-09T11:47:48Z,KIAH,2026-09-09,KXLOWTHOU-26SEP09-T73,72° or below,-999.0,72.0,0,3,97,100,36.0,low
81,2026-09-09T11:47:48Z,KIAH,2026-09-09,KXLOWTHOU-26SEP09-B79.5,79° to 80°,79.0,80.0,58,94,6,42,914.67,low
82,2026-09-09T11:47:48Z,KIAH,2026-09-09,KXLOWTHOU-26SEP09-B77.5,77° to 78°,77.0,78.0,4,25,75,96,137.9,low
83,2026-09-09T11:47:48Z,KIAH,2026-09-09,KXLOWTHOU-26SEP09-B75.5,75° to 76°,75.0,76.0,2,7,93,98,31.74,low
84,2026-09-09T11:47:48Z,KIAH,2026-09-09,KXLOWTHOU-26SEP09-B73.5,73° to 74°,73.0,74.0,1,12,88,99,34.83,low
85,2026-09-09T11:47:48Z,KLAS,2026-09-09,KXHIGHTLV-26SEP09-T108,109° or above,109.0,999.0,0,1,99,100,1330.43,high
86,2026-09-09T11:47:48Z,KLAS,2026-09-09,KXHIGHTLV-26SEP09-T101,100° or below,-999.0,100.0,1,2,98,99,2161.86,high
87,2026-09-09T11:47:48Z,KLAS,2026-09-09,KXHIGHTLV-26SEP09-B107.5,107° to 108°,107.0,108.0,1,2,98,99,580.52,high
88,2026-09-09T11:47:48Z,KLAS,2026-09-09,KXHIGHTLV-26SEP09-B105.5,105° to 106°,105.0,106.0,60,64,36,40,1543.72,high
89,2026-09-09T11:47:48Z,KLAS,2026-09-09,KXHIGHTLV-26SEP09-B103.5,103° to 104°,103.0,104.0,36,40,60,64,1880.94,high
90,2026-09-09T11:47:48Z,KLAS,2026-09-09,KXHIGHTLV-26SEP09-B101.5,101° to 102°,101.0,102.0,0,1,99,100,586.14,high
91,2026-09-09T11:47:48Z,KLAS,2026-09-09,KXLOWTLV-26SEP09-T81,82° or above,82.0,999.0,2,30,70,98,800.29,low
92,2026-09-09T11:47:48Z,KLAS,2026-09-09,KXLOWTLV-26SEP09-T74,73° or below,-999.0,73.0,0,3,97,100,230.0,low
93,2026-09-09T11:47:48Z,KLAS,2026-09-09,KXLOWTLV-26SEP09-B80.5,80° to 81°,80.0,81.0,72,87,13,28,825.32,low
94,2026-09-09T11:47:48Z,KLAS,2026-09-09,KXLOWTLV-26SEP09-B78.5,78° to 79°,78.0,79.0,1,3,97,99,507.49,low
95,2026-09-09T11:47:48Z,KLAS,2026-09-09,KXLOWTLV-26SEP09-B76.5,76° to 77°,76.0,77.0,0,6,94,100,144.01,low
96,2026-09-09T11:47:48Z,KLAS,2026-09-09,KXLOWTLV-26SEP09-B74.5,74° to 75°,74.0,75.0,0,8,92,100,236.0,low
97,2026-09-09T11:47:48Z,KLAX,2026-09-09,KXHIGHLAX-26SEP09-T92,93° or above,93.0,999.0,91,92,8,9,25562.81,high
98,2026-09-09T11:47:48Z,KLAX,2026-09-09,KXHIGHLAX-26SEP09-T85,84° or below,-999.0,84.0,0,1,99,100,7608.77,high
99,2026-09-09T11:47:48Z,KLAX,2026-09-09,KXHIGHLAX-26SEP09-B91.5,91° to 92°,91.0,92.0,7,8,92,93,17470.01,high
100,2026-09-09T11:47:48Z,KLAX,2026-09-09,KXHIGHLAX-26SEP09-B89.5,89° to 90°,89.0,90.0,2,3,97,98,16371.89,high
101,2026-09-09T11:47:48Z,KLAX,2026-09-09,KXHIGHLAX-26SEP09-B87.5,87° to 88°,87.0,88.0,1,2,98,99,11447.76,high
102,2026-09-09T11:47:48Z,KLAX,2026-09-09,KXHIGHLAX-26SEP09-B85.5,85° to 86°,85.0,86.0,0,1,99,100,5066.28,high
103,2026-09-09T11:47:48Z,KLAX,2026-09-09,KXLOWTLAX-26SEP09-T75,76° or above,76.0,999.0,76,93,7,24,2184.85,low
104,2026-09-09T11:47:48Z,KLAX,2026-09-09,KXLOWTLAX-26SEP09-T68,67° or below,-999.0,67.0,0,1,99,100,93.0,low
105,2026-09-09T11:47:48Z,KLAX,2026-09-09,KXLOWTLAX-26SEP09-B74.5,74° to 75°,74.0,75.0,8,18,82,92,1153.25,low
106,2026-09-09T11:47:48Z,KLAX,2026-09-09,KXLOWTLAX-26SEP09-B72.5,72° to 73°,72.0,73.0,1,5,95,99,385.11,low
107,2026-09-09T11:47:48Z,KLAX,2026-09-09,KXLOWTLAX-26SEP09-B70.5,70° to 71°,70.0,71.0,0,1,99,100,202.0,low
108,2026-09-09T11:47:48Z,KLAX,2026-09-09,KXLOWTLAX-26SEP09-B68.5,68° to 69°,68.0,69.0,0,1,99,100,299.84,low
37,2026-09-09T11:47:48Z,KMDW,2026-09-09,KXHIGHCHI-26SEP09-T87,88° or above,88.0,999.0,0,1,99,100,2194.0,high
38,2026-09-09T11:47:48Z,KMDW,2026-09-09,KXHIGHCHI-26SEP09-T80,79° or below,-999.0,79.0,20,22,78,80,1853.79,high
39,2026-09-09T11:47:48Z,KMDW,2026-09-09,KXHIGHCHI-26SEP09-B86.5,86° to 87°,86.0,87.0,2,3,97,98,773.65,high
40,2026-09-09T11:47:48Z,KMDW,2026-09-09,KXHIGHCHI-26SEP09-B84.5,84° to 85°,84.0,85.0,8,9,91,92,1546.09,high
41,2026-09-09T11:47:48Z,KMDW,2026-09-09,KXHIGHCHI-26SEP09-B82.5,82° to 83°,82.0,83.0,33,36,64,67,1067.24,high
42,2026-09-09T11:47:48Z,KMDW,2026-09-09,KXHIGHCHI-26SEP09-B80.5,80° to 81°,80.0,81.0,34,35,65,66,976.5,high
43,2026-09-09T11:47:48Z,KMDW,2026-09-09,KXLOWTCHI-26SEP09-T75,76° or above,76.0,999.0,0,1,99,100,1124.0,low
44,2026-09-09T11:47:48Z,KMDW,2026-09-09,KXLOWTCHI-26SEP09-T68,67° or below,-999.0,67.0,0,12,88,100,1423.88,low
45,2026-09-09T11:47:48Z,KMDW,2026-09-09,KXLOWTCHI-26SEP09-B74.5,74° to 75°,74.0,75.0,0,9,91,100,968.89,low
46,2026-09-09T11:47:48Z,KMDW,2026-09-09,KXLOWTCHI-26SEP09-B72.5,72° to 73°,72.0,73.0,19,35,65,81,1764.11,low
47,2026-09-09T11:47:48Z,KMDW,2026-09-09,KXLOWTCHI-26SEP09-B70.5,70° to 71°,70.0,71.0,53,64,36,47,1496.12,low
48,2026-09-09T11:47:48Z,KMDW,2026-09-09,KXLOWTCHI-26SEP09-B68.5,68° to 69°,68.0,69.0,8,15,85,92,1104.56,low
109,2026-09-09T11:47:48Z,KMIA,2026-09-09,KXHIGHMIA-26SEP09-T94,95° or above,95.0,999.0,0,1,99,100,4002.81,high
110,2026-09-09T11:47:48Z,KMIA,2026-09-09,KXHIGHMIA-26SEP09-T87,86° or below,-999.0,86.0,2,3,97,98,2573.03,high
111,2026-09-09T11:47:48Z,KMIA,2026-09-09,KXHIGHMIA-26SEP09-B93.5,93° to 94°,93.0,94.0,6,7,93,94,5275.6,high
112,2026-09-09T11:47:48Z,KMIA,2026-09-09,KXHIGHMIA-26SEP09-B91.5,91° to 92°,91.0,92.0,58,59,41,42,4520.78,high
113,2026-09-09T11:47:48Z,KMIA,2026-09-09,KXHIGHMIA-26SEP09-B89.5,89° to 90°,89.0,90.0,26,27,73,74,6729.3,high
114,2026-09-09T11:47:48Z,KMIA,2026-09-09,KXHIGHMIA-26SEP09-B87.5,87° to 88°,87.0,88.0,5,6,94,95,7669.39,high
115,2026-09-09T11:47:48Z,KMIA,2026-09-09,KXLOWTMIA-26SEP09-T82,83° or above,83.0,999.0,0,1,99,100,528.97,low
116,2026-09-09T11:47:48Z,KMIA,2026-09-09,KXLOWTMIA-26SEP09-T75,74° or below,-999.0,74.0,3,7,93,97,333.84,low
117,2026-09-09T11:47:48Z,KMIA,2026-09-09,KXLOWTMIA-26SEP09-B81.5,81° to 82°,81.0,82.0,0,1,99,100,512.1,low
118,2026-09-09T11:47:48Z,KMIA,2026-09-09,KXLOWTMIA-26SEP09-B79.5,79° to 80°,79.0,80.0,52,71,29,48,705.61,low
119,2026-09-09T11:47:48Z,KMIA,2026-09-09,KXLOWTMIA-26SEP09-B77.5,77° to 78°,77.0,78.0,9,38,62,91,184.66,low
120,2026-09-09T11:47:48Z,KMIA,2026-09-09,KXLOWTMIA-26SEP09-B75.5,75° to 76°,75.0,76.0,5,12,88,95,97.37,low
121,2026-09-09T11:47:48Z,KMSP,2026-09-09,KXHIGHTMIN-26SEP09-T83,84° or above,84.0,999.0,2,3,97,98,1574.44,high
122,2026-09-09T11:47:48Z,KMSP,2026-09-09,KXHIGHTMIN-26SEP09-T76,75° or below,-999.0,75.0,0,1,99,100,870.44,high
123,2026-09-09T11:47:48Z,KMSP,2026-09-09,KXHIGHTMIN-26SEP09-B82.5,82° to 83°,82.0,83.0,9,10,90,91,1936.72,high
124,2026-09-09T11:47:48Z,KMSP,2026-09-09,KXHIGHTMIN-26SEP09-B80.5,80° to 81°,80.0,81.0,53,54,46,47,1566.8,high
125,2026-09-09T11:47:48Z,KMSP,2026-09-09,KXHIGHTMIN-26SEP09-B78.5,78° to 79°,78.0,79.0,31,33,67,69,2732.28,high
126,2026-09-09T11:47:48Z,KMSP,2026-09-09,KXHIGHTMIN-26SEP09-B76.5,76° to 77°,76.0,77.0,2,3,97,98,1106.41,high
127,2026-09-09T11:47:48Z,KMSP,2026-09-09,KXLOWTMIN-26SEP09-T64,65° or above,65.0,999.0,0,1,99,100,1062.96,low
128,2026-09-09T11:47:48Z,KMSP,2026-09-09,KXLOWTMIN-26SEP09-T57,56° or below,-999.0,56.0,0,4,96,100,96.0,low
129,2026-09-09T11:47:48Z,KMSP,2026-09-09,KXLOWTMIN-26SEP09-B63.5,63° to 64°,63.0,64.0,58,89,11,42,835.65,low
130,2026-09-09T11:47:48Z,KMSP,2026-09-09,KXLOWTMIN-26SEP09-B61.5,61° to 62°,61.0,62.0,4,17,83,96,491.0,low
131,2026-09-09T11:47:48Z,KMSP,2026-09-09,KXLOWTMIN-26SEP09-B59.5,59° to 60°,59.0,60.0,2,10,90,98,260.01,low
132,2026-09-09T11:47:48Z,KMSP,2026-09-09,KXLOWTMIN-26SEP09-B57.5,57° to 58°,57.0,58.0,1,7,93,99,19.0,low
133,2026-09-09T11:47:48Z,KMSY,2026-09-09,KXHIGHTNOLA-26SEP09-T93,94° or above,94.0,999.0,2,3,97,98,908.61,high
134,2026-09-09T11:47:48Z,KMSY,2026-09-09,KXHIGHTNOLA-26SEP09-T86,85° or below,-999.0,85.0,0,1,99,100,883.84,high
135,2026-09-09T11:47:48Z,KMSY,2026-09-09,KXHIGHTNOLA-26SEP09-B92.5,92° to 93°,92.0,93.0,34,36,64,66,2071.15,high
136,2026-09-09T11:47:48Z,KMSY,2026-09-09,KXHIGHTNOLA-26SEP09-B90.5,90° to 91°,90.0,91.0,54,56,44,46,1233.18,high
137,2026-09-09T11:47:48Z,KMSY,2026-09-09,KXHIGHTNOLA-26SEP09-B88.5,88° to 89°,88.0,89.0,9,11,89,91,573.36,high
138,2026-09-09T11:47:48Z,KMSY,2026-09-09,KXHIGHTNOLA-26SEP09-B86.5,86° to 87°,86.0,87.0,1,2,98,99,456.99,high
139,2026-09-09T11:47:48Z,KMSY,2026-09-09,KXLOWTNOLA-26SEP09-T81,82° or above,82.0,999.0,0,1,99,100,95.0,low
140,2026-09-09T11:47:48Z,KMSY,2026-09-09,KXLOWTNOLA-26SEP09-T74,73° or below,-999.0,73.0,0,2,98,100,31.0,low
141,2026-09-09T11:47:48Z,KMSY,2026-09-09,KXLOWTNOLA-26SEP09-B80.5,80° to 81°,80.0,81.0,0,1,99,100,346.94,low
142,2026-09-09T11:47:48Z,KMSY,2026-09-09,KXLOWTNOLA-26SEP09-B78.5,78° to 79°,78.0,79.0,89,92,8,11,840.01,low
143,2026-09-09T11:47:48Z,KMSY,2026-09-09,KXLOWTNOLA-26SEP09-B76.5,76° to 77°,76.0,77.0,2,12,88,98,430.01,low
144,2026-09-09T11:47:48Z,KMSY,2026-09-09,KXLOWTNOLA-26SEP09-B74.5,74° to 75°,74.0,75.0,0,1,99,100,66.0,low
145,2026-09-09T11:47:48Z,KNYC,2026-09-09,KXHIGHNY-26SEP09-T91,92° or above,92.0,999.0,0,1,99,100,4056.48,high
146,2026-09-09T11:47:48Z,KNYC,2026-09-09,KXHIGHNY-26SEP09-T84,83° or below,-999.0,83.0,50,51,49,50,9082.24,high
147,2026-09-09T11:47:48Z,KNYC,2026-09-09,KXHIGHNY-26SEP09-B90.5,90° to 91°,90.0,91.0,0,1,99,100,1076.54,high
148,2026-09-09T11:47:48Z,KNYC,2026-09-09,KXHIGHNY-26SEP09-B88.5,88° to 89°,88.0,89.0,0,1,99,100,1459.95,high
149,2026-09-09T11:47:48Z,KNYC,2026-09-09,KXHIGHNY-26SEP09-B86.5,86° to 87°,86.0,87.0,5,6,94,95,6827.42,high
150,2026-09-09T11:47:48Z,KNYC,2026-09-09,KXHIGHNY-26SEP09-B84.5,84° to 85°,84.0,85.0,43,45,55,57,7368.27,high
151,2026-09-09T11:47:48Z,KNYC,2026-09-09,KXLOWTNYC-26SEP09-T69,70° or above,70.0,999.0,0,1,99,100,850.42,low
152,2026-09-09T11:47:48Z,KNYC,2026-09-09,KXLOWTNYC-26SEP09-T62,61° or below,-999.0,61.0,0,1,99,100,175.0,low
153,2026-09-09T11:47:48Z,KNYC,2026-09-09,KXLOWTNYC-26SEP09-B68.5,68° to 69°,68.0,69.0,75,93,7,25,1042.44,low
154,2026-09-09T11:47:48Z,KNYC,2026-09-09,KXLOWTNYC-26SEP09-B66.5,66° to 67°,66.0,67.0,3,23,77,97,1346.91,low
155,2026-09-09T11:47:48Z,KNYC,2026-09-09,KXLOWTNYC-26SEP09-B64.5,64° to 65°,64.0,65.0,0,4,96,100,637.67,low
156,2026-09-09T11:47:48Z,KNYC,2026-09-09,KXLOWTNYC-26SEP09-B62.5,62° to 63°,62.0,63.0,0,1,99,100,411.51,low
157,2026-09-09T11:47:48Z,KOKC,2026-09-09,KXHIGHTOKC-26SEP09-T97,96° or below,-999.0,96.0,0,1,99,100,97.0,high
158,2026-09-09T11:47:48Z,KOKC,2026-09-09,KXHIGHTOKC-26SEP09-T104,105° or above,105.0,999.0,3,4,96,97,1052.24,high
159,2026-09-09T11:47:48Z,KOKC,2026-09-09,KXHIGHTOKC-26SEP09-B99.5,99° to 100°,99.0,100.0,10,12,88,90,1456.83,high
160,2026-09-09T11:47:48Z,KOKC,2026-09-09,KXHIGHTOKC-26SEP09-B97.5,97° to 98°,97.0,98.0,1,2,98,99,504.04,high
161,2026-09-09T11:47:48Z,KOKC,2026-09-09,KXHIGHTOKC-26SEP09-B103.5,103° to 104°,103.0,104.0,30,34,66,70,1865.21,high
162,2026-09-09T11:47:48Z,KOKC,2026-09-09,KXHIGHTOKC-26SEP09-B101.5,101° to 102°,101.0,102.0,52,57,43,48,1423.67,high
163,2026-09-09T11:47:48Z,KOKC,2026-09-09,KXLOWTOKC-26SEP09-T78,79° or above,79.0,999.0,8,41,59,92,1750.34,low
164,2026-09-09T11:47:48Z,KOKC,2026-09-09,KXLOWTOKC-26SEP09-T71,70° or below,-999.0,70.0,0,3,97,100,141.0,low
165,2026-09-09T11:47:48Z,KOKC,2026-09-09,KXLOWTOKC-26SEP09-B77.5,77° to 78°,77.0,78.0,61,87,13,39,1208.64,low
166,2026-09-09T11:47:48Z,KOKC,2026-09-09,KXLOWTOKC-26SEP09-B75.5,75° to 76°,75.0,76.0,2,21,79,98,1092.11,low
167,2026-09-09T11:47:48Z,KOKC,2026-09-09,KXLOWTOKC-26SEP09-B73.5,73° to 74°,73.0,74.0,1,8,92,99,377.55,low
168,2026-09-09T11:47:48Z,KOKC,2026-09-09,KXLOWTOKC-26SEP09-B71.5,71° to 72°,71.0,72.0,2,9,91,98,39.33,low
169,2026-09-09T11:47:48Z,KPHL,2026-09-09,KXHIGHPHIL-26SEP09-T91,92° or above,92.0,999.0,0,1,99,100,906.95,high
170,2026-09-09T11:47:48Z,KPHL,2026-09-09,KXHIGHPHIL-26SEP09-T84,83° or below,-999.0,83.0,0,1,99,100,848.07,high
171,2026-09-09T11:47:48Z,KPHL,2026-09-09,KXHIGHPHIL-26SEP09-B90.5,90° to 91°,90.0,91.0,4,5,95,96,981.33,high
172,2026-09-09T11:47:48Z,KPHL,2026-09-09,KXHIGHPHIL-26SEP09-B88.5,88° to 89°,88.0,89.0,59,61,39,41,1841.06,high
173,2026-09-09T11:47:48Z,KPHL,2026-09-09,KXHIGHPHIL-26SEP09-B86.5,86° to 87°,86.0,87.0,37,40,60,63,1368.19,high
174,2026-09-09T11:47:48Z,KPHL,2026-09-09,KXHIGHPHIL-26SEP09-B84.5,84° to 85°,84.0,85.0,1,2,98,99,793.18,high
175,2026-09-09T11:47:48Z,KPHL,2026-09-09,KXLOWTPHIL-26SEP09-T68,69° or above,69.0,999.0,99,100,0,1,1953.93,low
176,2026-09-09T11:47:48Z,KPHL,2026-09-09,KXLOWTPHIL-26SEP09-T61,60° or below,-999.0,60.0,0,2,98,100,211.44,low
177,2026-09-09T11:47:48Z,KPHL,2026-09-09,KXLOWTPHIL-26SEP09-B67.5,67° to 68°,67.0,68.0,0,1,99,100,649.73,low
178,2026-09-09T11:47:48Z,KPHL,2026-09-09,KXLOWTPHIL-26SEP09-B65.5,65° to 66°,65.0,66.0,0,2,98,100,635.53,low
179,2026-09-09T11:47:48Z,KPHL,2026-09-09,KXLOWTPHIL-26SEP09-B63.5,63° to 64°,63.0,64.0,0,2,98,100,223.37,low
180,2026-09-09T11:47:48Z,KPHL,2026-09-09,KXLOWTPHIL-26SEP09-B61.5,61° to 62°,61.0,62.0,0,2,98,100,115.0,low
181,2026-09-09T11:47:48Z,KPHX,2026-09-09,KXHIGHTPHX-26SEP09-T111,112° or above,112.0,999.0,0,1,99,100,338.09,high
182,2026-09-09T11:47:48Z,KPHX,2026-09-09,KXHIGHTPHX-26SEP09-T104,103° or below,-999.0,103.0,2,4,96,98,602.66,high
183,2026-09-09T11:47:48Z,KPHX,2026-09-09,KXHIGHTPHX-26SEP09-B110.5,110° to 111°,110.0,111.0,2,4,96,98,399.14,high
184,2026-09-09T11:47:48Z,KPHX,2026-09-09,KXHIGHTPHX-26SEP09-B108.5,108° to 109°,108.0,109.0,39,43,57,61,1096.45,high
185,2026-09-09T11:47:48Z,KPHX,2026-09-09,KXHIGHTPHX-26SEP09-B106.5,106° to 107°,106.0,107.0,52,54,46,48,696.8,high
186,2026-09-09T11:47:48Z,KPHX,2026-09-09,KXHIGHTPHX-26SEP09-B104.5,104° to 105°,104.0,105.0,3,6,94,97,273.14,high
187,2026-09-09T11:47:48Z,KPHX,2026-09-09,KXLOWTPHX-26SEP09-T88,89° or above,89.0,999.0,80,85,15,20,909.29,low
188,2026-09-09T11:47:48Z,KPHX,2026-09-09,KXLOWTPHX-26SEP09-T81,80° or below,-999.0,80.0,0,2,98,100,41.0,low
189,2026-09-09T11:47:48Z,KPHX,2026-09-09,KXLOWTPHX-26SEP09-B87.5,87° to 88°,87.0,88.0,14,23,77,86,542.12,low
190,2026-09-09T11:47:48Z,KPHX,2026-09-09,KXLOWTPHX-26SEP09-B85.5,85° to 86°,85.0,86.0,2,3,97,98,258.23,low
191,2026-09-09T11:47:48Z,KPHX,2026-09-09,KXLOWTPHX-26SEP09-B83.5,83° to 84°,83.0,84.0,1,4,96,99,86.01,low
192,2026-09-09T11:47:48Z,KPHX,2026-09-09,KXLOWTPHX-26SEP09-B81.5,81° to 82°,81.0,82.0,0,2,98,100,330.84,low
193,2026-09-09T11:47:48Z,KSAT,2026-09-09,KXHIGHTSATX-26SEP09-T95,94° or below,-999.0,94.0,3,5,95,97,310.4,high
194,2026-09-09T11:47:48Z,KSAT,2026-09-09,KXHIGHTSATX-26SEP09-T102,103° or above,103.0,999.0,0,1,99,100,254.0,high
195,2026-09-09T11:47:48Z,KSAT,2026-09-09,KXHIGHTSATX-26SEP09-B99.5,99° to 100°,99.0,100.0,31,35,65,69,685.92,high
196,2026-09-09T11:47:48Z,KSAT,2026-09-09,KXHIGHTSATX-26SEP09-B97.5,97° to 98°,97.0,98.0,51,57,43,49,634.67,high
197,2026-09-09T11:47:48Z,KSAT,2026-09-09,KXHIGHTSATX-26SEP09-B95.5,95° to 96°,95.0,96.0,5,7,93,95,1083.32,high
198,2026-09-09T11:47:48Z,KSAT,2026-09-09,KXHIGHTSATX-26SEP09-B101.5,101° to 102°,101.0,102.0,1,2,98,99,344.35,high
199,2026-09-09T11:47:48Z,KSAT,2026-09-09,KXLOWTSATX-26SEP09-T79,80° or above,80.0,999.0,0,1,99,100,242.0,low
200,2026-09-09T11:47:48Z,KSAT,2026-09-09,KXLOWTSATX-26SEP09-T72,71° or below,-999.0,71.0,0,4,96,100,52.18,low
201,2026-09-09T11:47:48Z,KSAT,2026-09-09,KXLOWTSATX-26SEP09-B78.5,78° to 79°,78.0,79.0,93,98,2,7,897.63,low
202,2026-09-09T11:47:48Z,KSAT,2026-09-09,KXLOWTSATX-26SEP09-B76.5,76° to 77°,76.0,77.0,2,21,79,98,1305.18,low
203,2026-09-09T11:47:48Z,KSAT,2026-09-09,KXLOWTSATX-26SEP09-B74.5,74° to 75°,74.0,75.0,3,8,92,97,106.32,low
204,2026-09-09T11:47:48Z,KSAT,2026-09-09,KXLOWTSATX-26SEP09-B72.5,72° to 73°,72.0,73.0,2,4,96,98,283.0,low
217,2026-09-09T11:47:48Z,KSEA,2026-09-09,KXHIGHTSEA-26SEP09-T81,82° or above,82.0,999.0,0,1,99,100,531.3,high
218,2026-09-09T11:47:48Z,KSEA,2026-09-09,KXHIGHTSEA-26SEP09-T74,73° or below,-999.0,73.0,2,3,97,98,1201.29,high
219,2026-09-09T11:47:48Z,KSEA,2026-09-09,KXHIGHTSEA-26SEP09-B80.5,80° to 81°,80.0,81.0,10,12,88,90,973.54,high
220,2026-09-09T11:47:48Z,KSEA,2026-09-09,KXHIGHTSEA-26SEP09-B78.5,78° to 79°,78.0,79.0,61,64,36,39,1063.14,high
221,2026-09-09T11:47:48Z,KSEA,2026-09-09,KXHIGHTSEA-26SEP09-B76.5,76° to 77°,76.0,77.0,20,22,78,80,1620.43,high
222,2026-09-09T11:47:48Z,KSEA,2026-09-09,KXHIGHTSEA-26SEP09-B74.5,74° to 75°,74.0,75.0,2,3,97,98,506.44,high
223,2026-09-09T11:47:48Z,KSEA,2026-09-09,KXLOWTSEA-26SEP09-T55,56° or above,56.0,999.0,20,35,65,80,1085.12,low
224,2026-09-09T11:47:48Z,KSEA,2026-09-09,KXLOWTSEA-26SEP09-T48,47° or below,-999.0,47.0,0,2,98,100,30.0,low
225,2026-09-09T11:47:48Z,KSEA,2026-09-09,KXLOWTSEA-26SEP09-B54.5,54° to 55°,54.0,55.0,46,56,44,54,381.17,low
226,2026-09-09T11:47:48Z,KSEA,2026-09-09,KXLOWTSEA-26SEP09-B52.5,52° to 53°,52.0,53.0,15,20,80,85,522.45,low
227,2026-09-09T11:47:48Z,KSEA,2026-09-09,KXLOWTSEA-26SEP09-B50.5,50° to 51°,50.0,51.0,1,4,96,99,2.0,low
228,2026-09-09T11:47:48Z,KSEA,2026-09-09,KXLOWTSEA-26SEP09-B48.5,48° to 49°,48.0,49.0,0,2,98,100,80.0,low
205,2026-09-09T11:47:48Z,KSFO,2026-09-09,KXHIGHTSFO-26SEP09-T91,92° or above,92.0,999.0,70,73,27,30,3725.54,high
206,2026-09-09T11:47:48Z,KSFO,2026-09-09,KXHIGHTSFO-26SEP09-T84,83° or below,-999.0,83.0,0,1,99,100,2247.6,high
207,2026-09-09T11:47:48Z,KSFO,2026-09-09,KXHIGHTSFO-26SEP09-B90.5,90° to 91°,90.0,91.0,9,10,90,91,2804.82,high
208,2026-09-09T11:47:48Z,KSFO,2026-09-09,KXHIGHTSFO-26SEP09-B88.5,88° to 89°,88.0,89.0,4,5,95,96,4496.1,high
209,2026-09-09T11:47:48Z,KSFO,2026-09-09,KXHIGHTSFO-26SEP09-B86.5,86° to 87°,86.0,87.0,4,6,94,96,948.4,high
210,2026-09-09T11:47:48Z,KSFO,2026-09-09,KXHIGHTSFO-26SEP09-B84.5,84° to 85°,84.0,85.0,3,4,96,97,646.93,high
211,2026-09-09T11:47:48Z,KSFO,2026-09-09,KXLOWTSFO-26SEP09-T67,68° or above,68.0,999.0,0,1,99,100,1063.76,low
212,2026-09-09T11:47:48Z,KSFO,2026-09-09,KXLOWTSFO-26SEP09-T60,59° or below,-999.0,59.0,0,2,98,100,273.0,low
213,2026-09-09T11:47:48Z,KSFO,2026-09-09,KXLOWTSFO-26SEP09-B66.5,66° to 67°,66.0,67.0,76,87,13,24,542.21,low
214,2026-09-09T11:47:48Z,KSFO,2026-09-09,KXLOWTSFO-26SEP09-B64.5,64° to 65°,64.0,65.0,2,23,77,98,649.51,low
215,2026-09-09T11:47:48Z,KSFO,2026-09-09,KXLOWTSFO-26SEP09-B62.5,62° to 63°,62.0,63.0,1,7,93,99,458.28,low
216,2026-09-09T11:47:48Z,KSFO,2026-09-09,KXLOWTSFO-26SEP09-B60.5,60° to 61°,60.0,61.0,0,4,96,100,168.0,low
1,2026-09-09T16:30:08Z,KATL,2026-09-09,KXHIGHTATL-26SEP10-T97,98° or above,98.0,999.0,0,1,99,100,176.06,high
2,2026-09-09T16:30:08Z,KATL,2026-09-09,KXHIGHTATL-26SEP10-T90,89° or below,-999.0,89.0,7,8,92,93,237.79,high
3,2026-09-09T16:30:08Z,KATL,2026-09-09,KXHIGHTATL-26SEP10-B96.5,96° to 97°,96.0,97.0,1,2,98,99,155.18,high
4,2026-09-09T16:30:08Z,KATL,2026-09-09,KXHIGHTATL-26SEP10-B94.5,94° to 95°,94.0,95.0,14,15,85,86,27.5,high
5,2026-09-09T16:30:08Z,KATL,2026-09-09,KXHIGHTATL-26SEP10-B92.5,92° to 93°,92.0,93.0,40,41,59,60,94.44,high
6,2026-09-09T16:30:08Z,KATL,2026-09-09,KXHIGHTATL-26SEP10-B90.5,90° to 91°,90.0,91.0,32,33,67,68,294.44,high
7,2026-09-09T16:30:08Z,KATL,2026-09-09,KXHIGHTATL-26SEP09-T95,96° or above,96.0,999.0,0,1,99,100,281.51,high
8,2026-09-09T16:30:08Z,KATL,2026-09-09,KXHIGHTATL-26SEP09-T88,87° or below,-999.0,87.0,0,1,99,100,1347.98,high
9,2026-09-09T16:30:08Z,KATL,2026-09-09,KXHIGHTATL-26SEP09-B94.5,94° to 95°,94.0,95.0,1,2,98,99,884.81,high
10,2026-09-09T16:30:08Z,KATL,2026-09-09,KXHIGHTATL-26SEP09-B92.5,92° to 93°,92.0,93.0,17,18,82,83,3435.85,high
11,2026-09-09T16:30:08Z,KATL,2026-09-09,KXHIGHTATL-26SEP09-B90.5,90° to 91°,90.0,91.0,67,73,27,33,1880.19,high
12,2026-09-09T16:30:08Z,KATL,2026-09-09,KXHIGHTATL-26SEP09-B88.5,88° to 89°,88.0,89.0,7,14,86,93,3072.16,high
13,2026-09-09T16:30:08Z,KATL,2026-09-09,KXLOWTATL-26SEP10-T73,74° or above,74.0,999.0,32,41,59,68,217.0,low
14,2026-09-09T16:30:08Z,KATL,2026-09-09,KXLOWTATL-26SEP10-T66,65° or below,-999.0,65.0,0,1,99,100,61.0,low
15,2026-09-09T16:30:08Z,KATL,2026-09-09,KXLOWTATL-26SEP10-B72.5,72° to 73°,72.0,73.0,50,59,41,50,119.0,low
16,2026-09-09T16:30:08Z,KATL,2026-09-09,KXLOWTATL-26SEP10-B70.5,70° to 71°,70.0,71.0,5,12,88,95,4.0,low
17,2026-09-09T16:30:08Z,KATL,2026-09-09,KXLOWTATL-26SEP10-B68.5,68° to 69°,68.0,69.0,2,4,96,98,0.0,low
18,2026-09-09T16:30:08Z,KATL,2026-09-09,KXLOWTATL-26SEP10-B66.5,66° to 67°,66.0,67.0,1,3,97,99,30.0,low
19,2026-09-09T16:30:08Z,KATL,2026-09-09,KXLOWTATL-26SEP09-T72,73° or above,73.0,999.0,0,1,99,100,1537.82,low
20,2026-09-09T16:30:08Z,KATL,2026-09-09,KXLOWTATL-26SEP09-T65,64° or below,-999.0,64.0,0,1,99,100,266.78,low
21,2026-09-09T16:30:08Z,KATL,2026-09-09,KXLOWTATL-26SEP09-B71.5,71° to 72°,71.0,72.0,97,99,1,3,2923.14,low
22,2026-09-09T16:30:08Z,KATL,2026-09-09,KXLOWTATL-26SEP09-B69.5,69° to 70°,69.0,70.0,1,2,98,99,1555.38,low
23,2026-09-09T16:30:08Z,KATL,2026-09-09,KXLOWTATL-26SEP09-B67.5,67° to 68°,67.0,68.0,0,2,98,100,573.52,low
24,2026-09-09T16:30:08Z,KATL,2026-09-09,KXLOWTATL-26SEP09-B65.5,65° to 66°,65.0,66.0,0,1,99,100,133.8,low
25,2026-09-09T16:30:08Z,KAUS,2026-09-09,KXHIGHAUS-26SEP10-T95,94° or below,-999.0,94.0,1,2,98,99,337.86,high
26,2026-09-09T16:30:08Z,KAUS,2026-09-09,KXHIGHAUS-26SEP10-T102,103° or above,103.0,999.0,1,2,98,99,417.78,high
27,2026-09-09T16:30:08Z,KAUS,2026-09-09,KXHIGHAUS-26SEP10-B99.5,99° to 100°,99.0,100.0,52,55,45,48,228.0,high
28,2026-09-09T16:30:08Z,KAUS,2026-09-09,KXHIGHAUS-26SEP10-B97.5,97° to 98°,97.0,98.0,36,37,63,64,171.71,high
29,2026-09-09T16:30:08Z,KAUS,2026-09-09,KXHIGHAUS-26SEP10-B95.5,95° to 96°,95.0,96.0,3,4,96,97,19.51,high
30,2026-09-09T16:30:08Z,KAUS,2026-09-09,KXHIGHAUS-26SEP10-B101.5,101° to 102°,101.0,102.0,6,9,91,94,153.48,high
31,2026-09-09T16:30:08Z,KAUS,2026-09-09,KXHIGHAUS-26SEP09-T96,95° or below,-999.0,95.0,4,5,95,96,3661.16,high
32,2026-09-09T16:30:08Z,KAUS,2026-09-09,KXHIGHAUS-26SEP09-T103,104° or above,104.0,999.0,0,1,99,100,2409.06,high
33,2026-09-09T16:30:08Z,KAUS,2026-09-09,KXHIGHAUS-26SEP09-B98.5,98° to 99°,98.0,99.0,54,56,44,46,3670.72,high
34,2026-09-09T16:30:08Z,KAUS,2026-09-09,KXHIGHAUS-26SEP09-B96.5,96° to 97°,96.0,97.0,7,11,89,93,5003.07,high
35,2026-09-09T16:30:08Z,KAUS,2026-09-09,KXHIGHAUS-26SEP09-B102.5,102° to 103°,102.0,103.0,2,3,97,98,2659.87,high
36,2026-09-09T16:30:08Z,KAUS,2026-09-09,KXHIGHAUS-26SEP09-B100.5,100° to 101°,100.0,101.0,35,36,64,65,5448.84,high
37,2026-09-09T16:30:08Z,KAUS,2026-09-09,KXLOWTAUS-26SEP10-T77,78° or above,78.0,999.0,6,11,89,94,109.57,low
38,2026-09-09T16:30:08Z,KAUS,2026-09-09,KXLOWTAUS-26SEP10-T70,69° or below,-999.0,69.0,2,5,95,98,173.18,low
39,2026-09-09T16:30:08Z,KAUS,2026-09-09,KXLOWTAUS-26SEP10-B76.5,76° to 77°,76.0,77.0,7,15,85,93,0.5,low
40,2026-09-09T16:30:08Z,KAUS,2026-09-09,KXLOWTAUS-26SEP10-B74.5,74° to 75°,74.0,75.0,40,49,51,60,54.0,low
41,2026-09-09T16:30:08Z,KAUS,2026-09-09,KXLOWTAUS-26SEP10-B72.5,72° to 73°,72.0,73.0,26,31,69,74,58.0,low
42,2026-09-09T16:30:08Z,KAUS,2026-09-09,KXLOWTAUS-26SEP10-B70.5,70° to 71°,70.0,71.0,6,14,86,94,6.29,low
43,2026-09-09T16:30:08Z,KAUS,2026-09-09,KXLOWTAUS-26SEP09-T78,79° or above,79.0,999.0,0,1,99,100,807.34,low
44,2026-09-09T16:30:08Z,KAUS,2026-09-09,KXLOWTAUS-26SEP09-T71,70° or below,-999.0,70.0,0,2,98,100,436.0,low
45,2026-09-09T16:30:08Z,KAUS,2026-09-09,KXLOWTAUS-26SEP09-B77.5,77° to 78°,77.0,78.0,0,1,99,100,1071.09,low
46,2026-09-09T16:30:08Z,KAUS,2026-09-09,KXLOWTAUS-26SEP09-B75.5,75° to 76°,75.0,76.0,98,99,1,2,1416.79,low
47,2026-09-09T16:30:08Z,KAUS,2026-09-09,KXLOWTAUS-26SEP09-B73.5,73° to 74°,73.0,74.0,0,2,98,100,621.01,low
48,2026-09-09T16:30:08Z,KAUS,2026-09-09,KXLOWTAUS-26SEP09-B71.5,71° to 72°,71.0,72.0,0,1,99,100,265.81,low
49,2026-09-09T16:30:08Z,KBOS,2026-09-09,KXHIGHTBOS-26SEP10-T89,90° or above,90.0,999.0,4,5,95,96,21.77,high
50,2026-09-09T16:30:08Z,KBOS,2026-09-09,KXHIGHTBOS-26SEP10-T82,81° or below,-999.0,81.0,2,3,97,98,680.64,high
51,2026-09-09T16:30:08Z,KBOS,2026-09-09,KXHIGHTBOS-26SEP10-B88.5,88° to 89°,88.0,89.0,29,32,68,71,66.24,high
52,2026-09-09T16:30:08Z,KBOS,2026-09-09,KXHIGHTBOS-26SEP10-B86.5,86° to 87°,86.0,87.0,43,44,56,57,50.11,high
53,2026-09-09T16:30:08Z,KBOS,2026-09-09,KXHIGHTBOS-26SEP10-B84.5,84° to 85°,84.0,85.0,14,15,85,86,147.89,high
54,2026-09-09T16:30:08Z,KBOS,2026-09-09,KXHIGHTBOS-26SEP10-B82.5,82° to 83°,82.0,83.0,3,5,95,97,531.57,high
55,2026-09-09T16:30:08Z,KBOS,2026-09-09,KXHIGHTBOS-26SEP09-T83,84° or above,84.0,999.0,0,1,99,100,1441.58,high
56,2026-09-09T16:30:08Z,KBOS,2026-09-09,KXHIGHTBOS-26SEP09-T76,75° or below,-999.0,75.0,34,41,59,66,1874.21,high
57,2026-09-09T16:30:08Z,KBOS,2026-09-09,KXHIGHTBOS-26SEP09-B82.5,82° to 83°,82.0,83.0,0,1,99,100,1260.03,high
58,2026-09-09T16:30:08Z,KBOS,2026-09-09,KXHIGHTBOS-26SEP09-B80.5,80° to 81°,80.0,81.0,8,9,91,92,4680.91,high
59,2026-09-09T16:30:08Z,KBOS,2026-09-09,KXHIGHTBOS-26SEP09-B78.5,78° to 79°,78.0,79.0,29,35,65,71,2094.78,high
60,2026-09-09T16:30:08Z,KBOS,2026-09-09,KXHIGHTBOS-26SEP09-B76.5,76° to 77°,76.0,77.0,24,34,66,76,1991.76,high
61,2026-09-09T16:30:08Z,KBOS,2026-09-09,KXLOWTBOS-26SEP10-T72,73° or above,73.0,999.0,14,22,78,86,1.0,low
62,2026-09-09T16:30:08Z,KBOS,2026-09-09,KXLOWTBOS-26SEP10-T65,64° or below,-999.0,64.0,0,4,96,100,63.0,low
63,2026-09-09T16:30:08Z,KBOS,2026-09-09,KXLOWTBOS-26SEP10-B71.5,71° to 72°,71.0,72.0,40,45,55,60,268.0,low
64,2026-09-09T16:30:08Z,KBOS,2026-09-09,KXLOWTBOS-26SEP10-B69.5,69° to 70°,69.0,70.0,27,30,70,73,183.0,low
65,2026-09-09T16:30:08Z,KBOS,2026-09-09,KXLOWTBOS-26SEP10-B67.5,67° to 68°,67.0,68.0,4,10,90,96,35.0,low
66,2026-09-09T16:30:08Z,KBOS,2026-09-09,KXLOWTBOS-26SEP10-B65.5,65° to 66°,65.0,66.0,2,4,96,98,0.0,low
67,2026-09-09T16:30:08Z,KBOS,2026-09-09,KXLOWTBOS-26SEP09-T67,68° or above,68.0,999.0,0,1,99,100,196.0,low
68,2026-09-09T16:30:08Z,KBOS,2026-09-09,KXLOWTBOS-26SEP09-T60,59° or below,-999.0,59.0,1,5,95,99,419.42,low
69,2026-09-09T16:30:08Z,KBOS,2026-09-09,KXLOWTBOS-26SEP09-B66.5,66° to 67°,66.0,67.0,0,1,99,100,692.0,low
70,2026-09-09T16:30:08Z,KBOS,2026-09-09,KXLOWTBOS-26SEP09-B64.5,64° to 65°,64.0,65.0,0,1,99,100,1074.96,low
71,2026-09-09T16:30:08Z,KBOS,2026-09-09,KXLOWTBOS-26SEP09-B62.5,62° to 63°,62.0,63.0,0,1,99,100,1640.3,low
72,2026-09-09T16:30:08Z,KBOS,2026-09-09,KXLOWTBOS-26SEP09-B60.5,60° to 61°,60.0,61.0,95,99,1,5,1931.76,low
457,2026-09-09T16:30:08Z,KDCA,2026-09-09,KXHIGHTDC-26SEP10-T93,94° or above,94.0,999.0,1,3,97,99,322.57,high
458,2026-09-09T16:30:08Z,KDCA,2026-09-09,KXHIGHTDC-26SEP10-T86,85° or below,-999.0,85.0,5,6,94,95,38.57,high
459,2026-09-09T16:30:08Z,KDCA,2026-09-09,KXHIGHTDC-26SEP10-B92.5,92° to 93°,92.0,93.0,14,17,83,86,14.0,high
460,2026-09-09T16:30:08Z,KDCA,2026-09-09,KXHIGHTDC-26SEP10-B90.5,90° to 91°,90.0,91.0,35,37,63,65,32.22,high
461,2026-09-09T16:30:08Z,KDCA,2026-09-09,KXHIGHTDC-26SEP10-B88.5,88° to 89°,88.0,89.0,25,26,74,75,0.33,high
462,2026-09-09T16:30:08Z,KDCA,2026-09-09,KXHIGHTDC-26SEP10-B86.5,86° to 87°,86.0,87.0,9,11,89,91,5.35,high
463,2026-09-09T16:30:08Z,KDCA,2026-09-09,KXHIGHTDC-26SEP09-T93,94° or above,94.0,999.0,0,2,98,100,841.71,high
464,2026-09-09T16:30:08Z,KDCA,2026-09-09,KXHIGHTDC-26SEP09-T86,85° or below,-999.0,85.0,0,1,99,100,984.61,high
465,2026-09-09T16:30:08Z,KDCA,2026-09-09,KXHIGHTDC-26SEP09-B92.5,92° to 93°,92.0,93.0,2,3,97,98,1004.59,high
466,2026-09-09T16:30:08Z,KDCA,2026-09-09,KXHIGHTDC-26SEP09-B90.5,90° to 91°,90.0,91.0,22,28,72,78,3051.55,high
467,2026-09-09T16:30:08Z,KDCA,2026-09-09,KXHIGHTDC-26SEP09-B88.5,88° to 89°,88.0,89.0,65,69,31,35,1393.68,high
468,2026-09-09T16:30:08Z,KDCA,2026-09-09,KXHIGHTDC-26SEP09-B86.5,86° to 87°,86.0,87.0,6,7,93,94,1843.34,high
469,2026-09-09T16:30:08Z,KDCA,2026-09-09,KXLOWTDC-26SEP10-T74,75° or above,75.0,999.0,13,17,83,87,312.0,low
470,2026-09-09T16:30:08Z,KDCA,2026-09-09,KXLOWTDC-26SEP10-T67,66° or below,-999.0,66.0,1,5,95,99,12.0,low
471,2026-09-09T16:30:08Z,KDCA,2026-09-09,KXLOWTDC-26SEP10-B73.5,73° to 74°,73.0,74.0,43,52,48,57,279.0,low
472,2026-09-09T16:30:08Z,KDCA,2026-09-09,KXLOWTDC-26SEP10-B71.5,71° to 72°,71.0,72.0,14,19,81,86,4.0,low
473,2026-09-09T16:30:08Z,KDCA,2026-09-09,KXLOWTDC-26SEP10-B69.5,69° to 70°,69.0,70.0,2,7,93,98,65.14,low
474,2026-09-09T16:30:08Z,KDCA,2026-09-09,KXLOWTDC-26SEP10-B67.5,67° to 68°,67.0,68.0,2,5,95,98,20.18,low
475,2026-09-09T16:30:08Z,KDCA,2026-09-09,KXLOWTDC-26SEP09-T69,70° or above,70.0,999.0,96,100,0,4,1934.11,low
476,2026-09-09T16:30:08Z,KDCA,2026-09-09,KXLOWTDC-26SEP09-T62,61° or below,-999.0,61.0,0,1,99,100,51.18,low
477,2026-09-09T16:30:08Z,KDCA,2026-09-09,KXLOWTDC-26SEP09-B68.5,68° to 69°,68.0,69.0,0,3,97,100,884.17,low
478,2026-09-09T16:30:08Z,KDCA,2026-09-09,KXLOWTDC-26SEP09-B66.5,66° to 67°,66.0,67.0,0,1,99,100,840.56,low
479,2026-09-09T16:30:08Z,KDCA,2026-09-09,KXLOWTDC-26SEP09-B64.5,64° to 65°,64.0,65.0,0,2,98,100,115.24,low
480,2026-09-09T16:30:08Z,KDCA,2026-09-09,KXLOWTDC-26SEP09-B62.5,62° to 63°,62.0,63.0,0,2,98,100,136.14,low
121,2026-09-09T16:30:08Z,KDEN,2026-09-09,KXHIGHDEN-26SEP10-T93,94° or above,94.0,999.0,1,2,98,99,340.86,high
122,2026-09-09T16:30:08Z,KDEN,2026-09-09,KXHIGHDEN-26SEP10-T86,85° or below,-999.0,85.0,1,2,98,99,424.68,high
123,2026-09-09T16:30:08Z,KDEN,2026-09-09,KXHIGHDEN-26SEP10-B92.5,92° to 93°,92.0,93.0,3,7,93,97,5.15,high
124,2026-09-09T16:30:08Z,KDEN,2026-09-09,KXHIGHDEN-26SEP10-B90.5,90° to 91°,90.0,91.0,19,21,79,81,57.37,high
125,2026-09-09T16:30:08Z,KDEN,2026-09-09,KXHIGHDEN-26SEP10-B88.5,88° to 89°,88.0,89.0,50,55,45,50,213.86,high
126,2026-09-09T16:30:08Z,KDEN,2026-09-09,KXHIGHDEN-26SEP10-B86.5,86° to 87°,86.0,87.0,22,23,77,78,52.0,high
127,2026-09-09T16:30:08Z,KDEN,2026-09-09,KXHIGHDEN-26SEP09-T85,86° or above,86.0,999.0,0,2,98,100,794.4,high
128,2026-09-09T16:30:08Z,KDEN,2026-09-09,KXHIGHDEN-26SEP09-T78,77° or below,-999.0,77.0,0,2,98,100,1505.46,high
129,2026-09-09T16:30:08Z,KDEN,2026-09-09,KXHIGHDEN-26SEP09-B84.5,84° to 85°,84.0,85.0,6,7,93,94,2334.4,high
130,2026-09-09T16:30:08Z,KDEN,2026-09-09,KXHIGHDEN-26SEP09-B82.5,82° to 83°,82.0,83.0,44,49,51,56,2332.51,high
131,2026-09-09T16:30:08Z,KDEN,2026-09-09,KXHIGHDEN-26SEP09-B80.5,80° to 81°,80.0,81.0,41,45,55,59,2222.13,high
132,2026-09-09T16:30:08Z,KDEN,2026-09-09,KXHIGHDEN-26SEP09-B78.5,78° to 79°,78.0,79.0,2,4,96,98,1604.28,high
133,2026-09-09T16:30:08Z,KDEN,2026-09-09,KXLOWTDEN-26SEP10-T57,58° or above,58.0,999.0,2,5,95,98,20.19,low
134,2026-09-09T16:30:08Z,KDEN,2026-09-09,KXLOWTDEN-26SEP10-T50,49° or below,-999.0,49.0,2,10,90,98,35.57,low
135,2026-09-09T16:30:08Z,KDEN,2026-09-09,KXLOWTDEN-26SEP10-B56.5,56° to 57°,56.0,57.0,6,9,91,94,6.31,low
136,2026-09-09T16:30:08Z,KDEN,2026-09-09,KXLOWTDEN-26SEP10-B54.5,54° to 55°,54.0,55.0,30,39,61,70,101.23,low
137,2026-09-09T16:30:08Z,KDEN,2026-09-09,KXLOWTDEN-26SEP10-B52.5,52° to 53°,52.0,53.0,29,38,62,71,120.0,low
138,2026-09-09T16:30:08Z,KDEN,2026-09-09,KXLOWTDEN-26SEP10-B50.5,50° to 51°,50.0,51.0,12,18,82,88,9.69,low
139,2026-09-09T16:30:08Z,KDEN,2026-09-09,KXLOWTDEN-26SEP09-T61,62° or above,62.0,999.0,0,1,99,100,442.18,low
140,2026-09-09T16:30:08Z,KDEN,2026-09-09,KXLOWTDEN-26SEP09-T54,53° or below,-999.0,53.0,2,5,95,98,246.37,low
141,2026-09-09T16:30:08Z,KDEN,2026-09-09,KXLOWTDEN-26SEP09-B60.5,60° to 61°,60.0,61.0,0,1,99,100,424.0,low
142,2026-09-09T16:30:08Z,KDEN,2026-09-09,KXLOWTDEN-26SEP09-B58.5,58° to 59°,58.0,59.0,0,1,99,100,842.84,low
143,2026-09-09T16:30:08Z,KDEN,2026-09-09,KXLOWTDEN-26SEP09-B56.5,56° to 57°,56.0,57.0,65,73,27,35,1498.49,low
144,2026-09-09T16:30:08Z,KDEN,2026-09-09,KXLOWTDEN-26SEP09-B54.5,54° to 55°,54.0,55.0,24,30,70,76,692.23,low
97,2026-09-09T16:30:08Z,KDFW,2026-09-09,KXHIGHTDAL-26SEP10-T97,96° or below,-999.0,96.0,7,9,91,93,13.62,high
98,2026-09-09T16:30:08Z,KDFW,2026-09-09,KXHIGHTDAL-26SEP10-T104,105° or above,105.0,999.0,1,2,98,99,369.76,high
99,2026-09-09T16:30:08Z,KDFW,2026-09-09,KXHIGHTDAL-26SEP10-B99.5,99° to 100°,99.0,100.0,42,46,54,58,95.99,high
100,2026-09-09T16:30:08Z,KDFW,2026-09-09,KXHIGHTDAL-26SEP10-B97.5,97° to 98°,97.0,98.0,29,31,69,71,288.86,high
101,2026-09-09T16:30:08Z,KDFW,2026-09-09,KXHIGHTDAL-26SEP10-B103.5,103° to 104°,103.0,104.0,4,6,94,96,16.58,high
102,2026-09-09T16:30:08Z,KDFW,2026-09-09,KXHIGHTDAL-26SEP10-B101.5,101° to 102°,101.0,102.0,8,9,91,92,327.47,high
103,2026-09-09T16:30:08Z,KDFW,2026-09-09,KXHIGHTDAL-26SEP09-T98,97° or below,-999.0,97.0,0,1,99,100,1659.61,high
104,2026-09-09T16:30:08Z,KDFW,2026-09-09,KXHIGHTDAL-26SEP09-T105,106° or above,106.0,999.0,0,1,99,100,532.12,high
105,2026-09-09T16:30:08Z,KDFW,2026-09-09,KXHIGHTDAL-26SEP09-B98.5,98° to 99°,98.0,99.0,9,12,88,91,2517.66,high
106,2026-09-09T16:30:08Z,KDFW,2026-09-09,KXHIGHTDAL-26SEP09-B104.5,104° to 105°,104.0,105.0,0,1,99,100,764.01,high
107,2026-09-09T16:30:08Z,KDFW,2026-09-09,KXHIGHTDAL-26SEP09-B102.5,102° to 103°,102.0,103.0,17,20,80,83,2642.27,high
108,2026-09-09T16:30:08Z,KDFW,2026-09-09,KXHIGHTDAL-26SEP09-B100.5,100° to 101°,100.0,101.0,75,76,24,25,4073.99,high
109,2026-09-09T16:30:08Z,KDFW,2026-09-09,KXLOWTDAL-26SEP10-T80,81° or above,81.0,999.0,20,24,76,80,6.16,low
110,2026-09-09T16:30:08Z,KDFW,2026-09-09,KXLOWTDAL-26SEP10-T73,72° or below,-999.0,72.0,1,4,96,99,12.0,low
111,2026-09-09T16:30:08Z,KDFW,2026-09-09,KXLOWTDAL-26SEP10-B79.5,79° to 80°,79.0,80.0,47,55,45,53,62.3,low
112,2026-09-09T16:30:08Z,KDFW,2026-09-09,KXLOWTDAL-26SEP10-B77.5,77° to 78°,77.0,78.0,19,24,76,81,116.0,low
113,2026-09-09T16:30:08Z,KDFW,2026-09-09,KXLOWTDAL-26SEP10-B75.5,75° to 76°,75.0,76.0,4,6,94,96,5.14,low
114,2026-09-09T16:30:08Z,KDFW,2026-09-09,KXLOWTDAL-26SEP10-B73.5,73° to 74°,73.0,74.0,1,4,96,99,20.18,low
115,2026-09-09T16:30:08Z,KDFW,2026-09-09,KXLOWTDAL-26SEP09-T82,83° or above,83.0,999.0,0,1,99,100,805.69,low
116,2026-09-09T16:30:08Z,KDFW,2026-09-09,KXLOWTDAL-26SEP09-T75,74° or below,-999.0,74.0,0,1,99,100,65.18,low
117,2026-09-09T16:30:08Z,KDFW,2026-09-09,KXLOWTDAL-26SEP09-B81.5,81° to 82°,81.0,82.0,97,99,1,3,1211.62,low
118,2026-09-09T16:30:08Z,KDFW,2026-09-09,KXLOWTDAL-26SEP09-B79.5,79° to 80°,79.0,80.0,0,2,98,100,460.79,low
119,2026-09-09T16:30:08Z,KDFW,2026-09-09,KXLOWTDAL-26SEP09-B77.5,77° to 78°,77.0,78.0,0,1,99,100,179.41,low
120,2026-09-09T16:30:08Z,KDFW,2026-09-09,KXLOWTDAL-26SEP09-B75.5,75° to 76°,75.0,76.0,0,1,99,100,191.37,low
145,2026-09-09T16:30:08Z,KIAH,2026-09-09,KXHIGHTHOU-26SEP10-T94,95° or above,95.0,999.0,2,3,97,98,0.0,high
146,2026-09-09T16:30:08Z,KIAH,2026-09-09,KXHIGHTHOU-26SEP10-T87,86° or below,-999.0,86.0,2,3,97,98,62.0,high
147,2026-09-09T16:30:08Z,KIAH,2026-09-09,KXHIGHTHOU-26SEP10-B93.5,93° to 94°,93.0,94.0,18,22,78,82,0.0,high
148,2026-09-09T16:30:08Z,KIAH,2026-09-09,KXHIGHTHOU-26SEP10-B91.5,91° to 92°,91.0,92.0,39,40,60,61,33.0,high
149,2026-09-09T16:30:08Z,KIAH,2026-09-09,KXHIGHTHOU-26SEP10-B89.5,89° to 90°,89.0,90.0,21,24,76,79,60.34,high
150,2026-09-09T16:30:08Z,KIAH,2026-09-09,KXHIGHTHOU-26SEP10-B87.5,87° to 88°,87.0,88.0,8,9,91,92,1.0,high
151,2026-09-09T16:30:08Z,KIAH,2026-09-09,KXHIGHTHOU-26SEP09-T95,96° or above,96.0,999.0,0,1,99,100,235.89,high
152,2026-09-09T16:30:08Z,KIAH,2026-09-09,KXHIGHTHOU-26SEP09-T88,87° or below,-999.0,87.0,17,22,78,83,2229.28,high
153,2026-09-09T16:30:08Z,KIAH,2026-09-09,KXHIGHTHOU-26SEP09-B94.5,94° to 95°,94.0,95.0,1,2,98,99,1892.98,high
154,2026-09-09T16:30:08Z,KIAH,2026-09-09,KXHIGHTHOU-26SEP09-B92.5,92° to 93°,92.0,93.0,9,15,85,91,3825.07,high
155,2026-09-09T16:30:08Z,KIAH,2026-09-09,KXHIGHTHOU-26SEP09-B90.5,90° to 91°,90.0,91.0,38,44,56,62,2183.96,high
156,2026-09-09T16:30:08Z,KIAH,2026-09-09,KXHIGHTHOU-26SEP09-B88.5,88° to 89°,88.0,89.0,25,30,70,75,1676.13,high
157,2026-09-09T16:30:08Z,KIAH,2026-09-09,KXLOWTHOU-26SEP10-T79,80° or above,80.0,999.0,8,11,89,92,30.0,low
158,2026-09-09T16:30:08Z,KIAH,2026-09-09,KXLOWTHOU-26SEP10-T72,71° or below,-999.0,71.0,0,1,99,100,0.0,low
159,2026-09-09T16:30:08Z,KIAH,2026-09-09,KXLOWTHOU-26SEP10-B78.5,78° to 79°,78.0,79.0,39,46,54,61,271.0,low
160,2026-09-09T16:30:08Z,KIAH,2026-09-09,KXLOWTHOU-26SEP10-B76.5,76° to 77°,76.0,77.0,35,42,58,65,55.0,low
161,2026-09-09T16:30:08Z,KIAH,2026-09-09,KXLOWTHOU-26SEP10-B74.5,74° to 75°,74.0,75.0,5,13,87,95,0.0,low
162,2026-09-09T16:30:08Z,KIAH,2026-09-09,KXLOWTHOU-26SEP10-B72.5,72° to 73°,72.0,73.0,3,5,95,97,0.0,low
163,2026-09-09T16:30:08Z,KIAH,2026-09-09,KXLOWTHOU-26SEP09-T80,81° or above,81.0,999.0,0,1,99,100,189.94,low
164,2026-09-09T16:30:08Z,KIAH,2026-09-09,KXLOWTHOU-26SEP09-T73,72° or below,-999.0,72.0,0,2,98,100,37.0,low
165,2026-09-09T16:30:08Z,KIAH,2026-09-09,KXLOWTHOU-26SEP09-B79.5,79° to 80°,79.0,80.0,51,92,8,49,1224.4,low
166,2026-09-09T16:30:08Z,KIAH,2026-09-09,KXLOWTHOU-26SEP09-B77.5,77° to 78°,77.0,78.0,8,11,89,92,186.99,low
167,2026-09-09T16:30:08Z,KIAH,2026-09-09,KXLOWTHOU-26SEP09-B75.5,75° to 76°,75.0,76.0,1,8,92,99,140.74,low
168,2026-09-09T16:30:08Z,KIAH,2026-09-09,KXLOWTHOU-26SEP09-B73.5,73° to 74°,73.0,74.0,1,5,95,99,131.66,low
169,2026-09-09T16:30:08Z,KLAS,2026-09-09,KXHIGHTLV-26SEP10-T110,111° or above,111.0,999.0,1,2,98,99,711.04,high
170,2026-09-09T16:30:08Z,KLAS,2026-09-09,KXHIGHTLV-26SEP10-T103,102° or below,-999.0,102.0,0,1,99,100,1472.0,high
171,2026-09-09T16:30:08Z,KLAS,2026-09-09,KXHIGHTLV-26SEP10-B109.5,109° to 110°,109.0,110.0,12,13,87,88,98.0,high
172,2026-09-09T16:30:08Z,KLAS,2026-09-09,KXHIGHTLV-26SEP10-B107.5,107° to 108°,107.0,108.0,54,61,39,46,147.14,high
173,2026-09-09T16:30:08Z,KLAS,2026-09-09,KXHIGHTLV-26SEP10-B105.5,105° to 106°,105.0,106.0,26,29,71,74,71.73,high
174,2026-09-09T16:30:08Z,KLAS,2026-09-09,KXHIGHTLV-26SEP10-B103.5,103° to 104°,103.0,104.0,2,3,97,98,67.15,high
175,2026-09-09T16:30:08Z,KLAS,2026-09-09,KXHIGHTLV-26SEP09-T108,109° or above,109.0,999.0,0,2,98,100,2327.53,high
176,2026-09-09T16:30:08Z,KLAS,2026-09-09,KXHIGHTLV-26SEP09-T101,100° or below,-999.0,100.0,0,1,99,100,2254.42,high
177,2026-09-09T16:30:08Z,KLAS,2026-09-09,KXHIGHTLV-26SEP09-B107.5,107° to 108°,107.0,108.0,3,4,96,97,1938.3,high
178,2026-09-09T16:30:08Z,KLAS,2026-09-09,KXHIGHTLV-26SEP09-B105.5,105° to 106°,105.0,106.0,61,64,36,39,3412.06,high
179,2026-09-09T16:30:08Z,KLAS,2026-09-09,KXHIGHTLV-26SEP09-B103.5,103° to 104°,103.0,104.0,32,36,64,68,3209.46,high
180,2026-09-09T16:30:08Z,KLAS,2026-09-09,KXHIGHTLV-26SEP09-B101.5,101° to 102°,101.0,102.0,1,2,98,99,1109.81,high
181,2026-09-09T16:30:08Z,KLAS,2026-09-09,KXLOWTLV-26SEP10-T83,84° or above,84.0,999.0,54,60,40,46,607.54,low
182,2026-09-09T16:30:08Z,KLAS,2026-09-09,KXLOWTLV-26SEP10-T76,75° or below,-999.0,75.0,0,1,99,100,0.0,low
183,2026-09-09T16:30:08Z,KLAS,2026-09-09,KXLOWTLV-26SEP10-B82.5,82° to 83°,82.0,83.0,27,32,68,73,99.07,low
184,2026-09-09T16:30:08Z,KLAS,2026-09-09,KXLOWTLV-26SEP10-B80.5,80° to 81°,80.0,81.0,5,13,87,95,0.0,low
185,2026-09-09T16:30:08Z,KLAS,2026-09-09,KXLOWTLV-26SEP10-B78.5,78° to 79°,78.0,79.0,2,5,95,98,0.0,low
186,2026-09-09T16:30:08Z,KLAS,2026-09-09,KXLOWTLV-26SEP10-B76.5,76° to 77°,76.0,77.0,1,4,96,99,0.0,low
187,2026-09-09T16:30:08Z,KLAS,2026-09-09,KXLOWTLV-26SEP09-T81,82° or above,82.0,999.0,0,1,99,100,1779.9,low
188,2026-09-09T16:30:08Z,KLAS,2026-09-09,KXLOWTLV-26SEP09-T74,73° or below,-999.0,73.0,0,2,98,100,233.0,low
189,2026-09-09T16:30:08Z,KLAS,2026-09-09,KXLOWTLV-26SEP09-B80.5,80° to 81°,80.0,81.0,97,100,0,3,1755.67,low
190,2026-09-09T16:30:08Z,KLAS,2026-09-09,KXLOWTLV-26SEP09-B78.5,78° to 79°,78.0,79.0,0,2,98,100,856.28,low
191,2026-09-09T16:30:08Z,KLAS,2026-09-09,KXLOWTLV-26SEP09-B76.5,76° to 77°,76.0,77.0,1,2,98,99,319.95,low
192,2026-09-09T16:30:08Z,KLAS,2026-09-09,KXLOWTLV-26SEP09-B74.5,74° to 75°,74.0,75.0,0,2,98,100,240.0,low
193,2026-09-09T16:30:08Z,KLAX,2026-09-09,KXHIGHLAX-26SEP10-T90,91° or above,91.0,999.0,58,60,40,42,927.05,high
194,2026-09-09T16:30:08Z,KLAX,2026-09-09,KXHIGHLAX-26SEP10-T83,82° or below,-999.0,82.0,0,1,99,100,683.0,high
195,2026-09-09T16:30:08Z,KLAX,2026-09-09,KXHIGHLAX-26SEP10-B89.5,89° to 90°,89.0,90.0,28,30,70,72,508.4,high
196,2026-09-09T16:30:08Z,KLAX,2026-09-09,KXHIGHLAX-26SEP10-B87.5,87° to 88°,87.0,88.0,10,13,87,90,395.66,high
197,2026-09-09T16:30:08Z,KLAX,2026-09-09,KXHIGHLAX-26SEP10-B85.5,85° to 86°,85.0,86.0,4,5,95,96,575.36,high
198,2026-09-09T16:30:08Z,KLAX,2026-09-09,KXHIGHLAX-26SEP10-B83.5,83° to 84°,83.0,84.0,1,2,98,99,515.89,high
199,2026-09-09T16:30:08Z,KLAX,2026-09-09,KXHIGHLAX-26SEP09-T92,93° or above,93.0,999.0,95,96,4,5,61191.55,high
200,2026-09-09T16:30:08Z,KLAX,2026-09-09,KXHIGHLAX-26SEP09-T85,84° or below,-999.0,84.0,0,1,99,100,8269.16,high
201,2026-09-09T16:30:08Z,KLAX,2026-09-09,KXHIGHLAX-26SEP09-B91.5,91° to 92°,91.0,92.0,2,4,96,98,37139.82,high
202,2026-09-09T16:30:08Z,KLAX,2026-09-09,KXHIGHLAX-26SEP09-B89.5,89° to 90°,89.0,90.0,0,1,99,100,24692.54,high
203,2026-09-09T16:30:08Z,KLAX,2026-09-09,KXHIGHLAX-26SEP09-B87.5,87° to 88°,87.0,88.0,0,1,99,100,13478.24,high
204,2026-09-09T16:30:08Z,KLAX,2026-09-09,KXHIGHLAX-26SEP09-B85.5,85° to 86°,85.0,86.0,0,1,99,100,5359.79,high
205,2026-09-09T16:30:08Z,KLAX,2026-09-09,KXLOWTLAX-26SEP10-T75,76° or above,76.0,999.0,20,39,61,80,214.0,low
206,2026-09-09T16:30:08Z,KLAX,2026-09-09,KXLOWTLAX-26SEP10-T68,67° or below,-999.0,67.0,0,2,98,100,93.0,low
207,2026-09-09T16:30:08Z,KLAX,2026-09-09,KXLOWTLAX-26SEP10-B74.5,74° to 75°,74.0,75.0,49,52,48,51,82.0,low
208,2026-09-09T16:30:08Z,KLAX,2026-09-09,KXLOWTLAX-26SEP10-B72.5,72° to 73°,72.0,73.0,7,16,84,93,0.0,low
209,2026-09-09T16:30:08Z,KLAX,2026-09-09,KXLOWTLAX-26SEP10-B70.5,70° to 71°,70.0,71.0,3,5,95,97,20.51,low
210,2026-09-09T16:30:08Z,KLAX,2026-09-09,KXLOWTLAX-26SEP10-B68.5,68° to 69°,68.0,69.0,2,5,95,98,20.51,low
211,2026-09-09T16:30:08Z,KLAX,2026-09-09,KXLOWTLAX-26SEP09-T75,76° or above,76.0,999.0,85,96,4,15,3078.96,low
212,2026-09-09T16:30:08Z,KLAX,2026-09-09,KXLOWTLAX-26SEP09-T68,67° or below,-999.0,67.0,0,1,99,100,101.0,low
213,2026-09-09T16:30:08Z,KLAX,2026-09-09,KXLOWTLAX-26SEP09-B74.5,74° to 75°,74.0,75.0,1,9,91,99,1213.09,low
214,2026-09-09T16:30:08Z,KLAX,2026-09-09,KXLOWTLAX-26SEP09-B72.5,72° to 73°,72.0,73.0,2,6,94,98,405.87,low
215,2026-09-09T16:30:08Z,KLAX,2026-09-09,KXLOWTLAX-26SEP09-B70.5,70° to 71°,70.0,71.0,0,1,99,100,210.0,low
216,2026-09-09T16:30:08Z,KLAX,2026-09-09,KXLOWTLAX-26SEP09-B68.5,68° to 69°,68.0,69.0,0,1,99,100,307.84,low
73,2026-09-09T16:30:08Z,KMDW,2026-09-09,KXHIGHCHI-26SEP10-T82,83° or above,83.0,999.0,3,4,96,97,56.57,high
74,2026-09-09T16:30:08Z,KMDW,2026-09-09,KXHIGHCHI-26SEP10-T75,74° or below,-999.0,74.0,3,4,96,97,95.6,high
75,2026-09-09T16:30:08Z,KMDW,2026-09-09,KXHIGHCHI-26SEP10-B81.5,81° to 82°,81.0,82.0,11,12,88,89,21.0,high
76,2026-09-09T16:30:08Z,KMDW,2026-09-09,KXHIGHCHI-26SEP10-B79.5,79° to 80°,79.0,80.0,29,31,69,71,154.0,high
77,2026-09-09T16:30:08Z,KMDW,2026-09-09,KXHIGHCHI-26SEP10-B77.5,77° to 78°,77.0,78.0,34,37,63,66,234.13,high
78,2026-09-09T16:30:08Z,KMDW,2026-09-09,KXHIGHCHI-26SEP10-B75.5,75° to 76°,75.0,76.0,12,17,83,88,144.56,high
79,2026-09-09T16:30:08Z,KMDW,2026-09-09,KXHIGHCHI-26SEP09-T87,88° or above,88.0,999.0,0,1,99,100,2344.92,high
80,2026-09-09T16:30:08Z,KMDW,2026-09-09,KXHIGHCHI-26SEP09-T80,79° or below,-999.0,79.0,67,69,31,33,8597.09,high
81,2026-09-09T16:30:08Z,KMDW,2026-09-09,KXHIGHCHI-26SEP09-B86.5,86° to 87°,86.0,87.0,0,1,99,100,1472.09,high
82,2026-09-09T16:30:08Z,KMDW,2026-09-09,KXHIGHCHI-26SEP09-B84.5,84° to 85°,84.0,85.0,1,3,97,99,3438.51,high
83,2026-09-09T16:30:08Z,KMDW,2026-09-09,KXHIGHCHI-26SEP09-B82.5,82° to 83°,82.0,83.0,4,5,95,96,4850.3,high
84,2026-09-09T16:30:08Z,KMDW,2026-09-09,KXHIGHCHI-26SEP09-B80.5,80° to 81°,80.0,81.0,27,28,72,73,4779.32,high
85,2026-09-09T16:30:08Z,KMDW,2026-09-09,KXLOWTCHI-26SEP10-T69,70° or above,70.0,999.0,7,16,84,93,208.19,low
86,2026-09-09T16:30:08Z,KMDW,2026-09-09,KXLOWTCHI-26SEP10-T62,61° or below,-999.0,61.0,2,4,96,98,82.37,low
87,2026-09-09T16:30:08Z,KMDW,2026-09-09,KXLOWTCHI-26SEP10-B68.5,68° to 69°,68.0,69.0,33,34,66,67,262.0,low
88,2026-09-09T16:30:08Z,KMDW,2026-09-09,KXLOWTCHI-26SEP10-B66.5,66° to 67°,66.0,67.0,33,41,59,67,127.0,low
89,2026-09-09T16:30:08Z,KMDW,2026-09-09,KXLOWTCHI-26SEP10-B64.5,64° to 65°,64.0,65.0,9,17,83,91,106.6,low
90,2026-09-09T16:30:08Z,KMDW,2026-09-09,KXLOWTCHI-26SEP10-B62.5,62° to 63°,62.0,63.0,2,5,95,98,35.61,low
91,2026-09-09T16:30:08Z,KMDW,2026-09-09,KXLOWTCHI-26SEP09-T75,76° or above,76.0,999.0,0,1,99,100,1127.0,low
92,2026-09-09T16:30:08Z,KMDW,2026-09-09,KXLOWTCHI-26SEP09-T68,67° or below,-999.0,67.0,0,7,93,100,1515.07,low
93,2026-09-09T16:30:08Z,KMDW,2026-09-09,KXLOWTCHI-26SEP09-B74.5,74° to 75°,74.0,75.0,0,1,99,100,980.89,low
94,2026-09-09T16:30:08Z,KMDW,2026-09-09,KXLOWTCHI-26SEP09-B72.5,72° to 73°,72.0,73.0,45,74,26,55,2601.66,low
95,2026-09-09T16:30:08Z,KMDW,2026-09-09,KXLOWTCHI-26SEP09-B70.5,70° to 71°,70.0,71.0,40,51,49,60,1810.87,low
96,2026-09-09T16:30:08Z,KMDW,2026-09-09,KXLOWTCHI-26SEP09-B68.5,68° to 69°,68.0,69.0,3,10,90,97,1369.99,low
217,2026-09-09T16:30:08Z,KMIA,2026-09-09,KXHIGHMIA-26SEP10-T93,94° or above,94.0,999.0,0,1,99,100,796.0,high
218,2026-09-09T16:30:08Z,KMIA,2026-09-09,KXHIGHMIA-26SEP10-T86,85° or below,-999.0,85.0,1,2,98,99,430.28,high
219,2026-09-09T16:30:08Z,KMIA,2026-09-09,KXHIGHMIA-26SEP10-B92.5,92° to 93°,92.0,93.0,20,22,78,80,312.69,high
220,2026-09-09T16:30:08Z,KMIA,2026-09-09,KXHIGHMIA-26SEP10-B90.5,90° to 91°,90.0,91.0,45,46,54,55,178.84,high
221,2026-09-09T16:30:08Z,KMIA,2026-09-09,KXHIGHMIA-26SEP10-B88.5,88° to 89°,88.0,89.0,34,35,65,66,164.74,high
222,2026-09-09T16:30:08Z,KMIA,2026-09-09,KXHIGHMIA-26SEP10-B86.5,86° to 87°,86.0,87.0,3,5,95,97,68.4,high
223,2026-09-09T16:30:08Z,KMIA,2026-09-09,KXHIGHMIA-26SEP09-T94,95° or above,95.0,999.0,0,1,99,100,4401.99,high
224,2026-09-09T16:30:08Z,KMIA,2026-09-09,KXHIGHMIA-26SEP09-T87,86° or below,-999.0,86.0,0,1,99,100,9711.41,high
225,2026-09-09T16:30:08Z,KMIA,2026-09-09,KXHIGHMIA-26SEP09-B93.5,93° to 94°,93.0,94.0,1,2,98,99,9877.02,high
226,2026-09-09T16:30:08Z,KMIA,2026-09-09,KXHIGHMIA-26SEP09-B91.5,91° to 92°,91.0,92.0,11,13,87,89,14580.43,high
227,2026-09-09T16:30:08Z,KMIA,2026-09-09,KXHIGHMIA-26SEP09-B89.5,89° to 90°,89.0,90.0,63,65,35,37,14927.5,high
228,2026-09-09T16:30:08Z,KMIA,2026-09-09,KXHIGHMIA-26SEP09-B87.5,87° to 88°,87.0,88.0,19,24,76,81,21693.57,high
229,2026-09-09T16:30:08Z,KMIA,2026-09-09,KXLOWTMIA-26SEP10-T82,83° or above,83.0,999.0,3,4,96,97,23.97,low
230,2026-09-09T16:30:08Z,KMIA,2026-09-09,KXLOWTMIA-26SEP10-T75,74° or below,-999.0,74.0,3,4,96,97,31.61,low
231,2026-09-09T16:30:08Z,KMIA,2026-09-09,KXLOWTMIA-26SEP10-B81.5,81° to 82°,81.0,82.0,10,15,85,90,50.0,low
232,2026-09-09T16:30:08Z,KMIA,2026-09-09,KXLOWTMIA-26SEP10-B79.5,79° to 80°,79.0,80.0,29,38,62,71,115.0,low
233,2026-09-09T16:30:08Z,KMIA,2026-09-09,KXLOWTMIA-26SEP10-B77.5,77° to 78°,77.0,78.0,30,34,66,70,126.0,low
234,2026-09-09T16:30:08Z,KMIA,2026-09-09,KXLOWTMIA-26SEP10-B75.5,75° to 76°,75.0,76.0,9,18,82,91,0.0,low
235,2026-09-09T16:30:08Z,KMIA,2026-09-09,KXLOWTMIA-26SEP09-T82,83° or above,83.0,999.0,0,1,99,100,528.97,low
236,2026-09-09T16:30:08Z,KMIA,2026-09-09,KXLOWTMIA-26SEP09-T75,74° or below,-999.0,74.0,1,7,93,99,798.85,low
237,2026-09-09T16:30:08Z,KMIA,2026-09-09,KXLOWTMIA-26SEP09-B81.5,81° to 82°,81.0,82.0,0,1,99,100,605.61,low
238,2026-09-09T16:30:08Z,KMIA,2026-09-09,KXLOWTMIA-26SEP09-B79.5,79° to 80°,79.0,80.0,62,69,31,38,1496.37,low
239,2026-09-09T16:30:08Z,KMIA,2026-09-09,KXLOWTMIA-26SEP09-B77.5,77° to 78°,77.0,78.0,18,24,76,82,754.4,low
240,2026-09-09T16:30:08Z,KMIA,2026-09-09,KXLOWTMIA-26SEP09-B75.5,75° to 76°,75.0,76.0,4,10,90,96,622.74,low
241,2026-09-09T16:30:08Z,KMSP,2026-09-09,KXHIGHTMIN-26SEP10-T85,86° or above,86.0,999.0,3,4,96,97,204.57,high
242,2026-09-09T16:30:08Z,KMSP,2026-09-09,KXHIGHTMIN-26SEP10-T78,77° or below,-999.0,77.0,1,3,97,99,124.02,high
243,2026-09-09T16:30:08Z,KMSP,2026-09-09,KXHIGHTMIN-26SEP10-B84.5,84° to 85°,84.0,85.0,18,19,81,82,77.0,high
244,2026-09-09T16:30:08Z,KMSP,2026-09-09,KXHIGHTMIN-26SEP10-B82.5,82° to 83°,82.0,83.0,39,43,57,61,107.7,high
245,2026-09-09T16:30:08Z,KMSP,2026-09-09,KXHIGHTMIN-26SEP10-B80.5,80° to 81°,80.0,81.0,26,27,73,74,63.48,high
246,2026-09-09T16:30:08Z,KMSP,2026-09-09,KXHIGHTMIN-26SEP10-B78.5,78° to 79°,78.0,79.0,3,4,96,97,523.82,high
247,2026-09-09T16:30:08Z,KMSP,2026-09-09,KXHIGHTMIN-26SEP09-T83,84° or above,84.0,999.0,17,18,82,83,3998.55,high
248,2026-09-09T16:30:08Z,KMSP,2026-09-09,KXHIGHTMIN-26SEP09-T76,75° or below,-999.0,75.0,0,1,99,100,888.44,high
249,2026-09-09T16:30:08Z,KMSP,2026-09-09,KXHIGHTMIN-26SEP09-B82.5,82° to 83°,82.0,83.0,61,62,38,39,6143.93,high
250,2026-09-09T16:30:08Z,KMSP,2026-09-09,KXHIGHTMIN-26SEP09-B80.5,80° to 81°,80.0,81.0,22,28,72,78,3685.94,high
251,2026-09-09T16:30:08Z,KMSP,2026-09-09,KXHIGHTMIN-26SEP09-B78.5,78° to 79°,78.0,79.0,0,1,99,100,5981.15,high
252,2026-09-09T16:30:08Z,KMSP,2026-09-09,KXHIGHTMIN-26SEP09-B76.5,76° to 77°,76.0,77.0,0,1,99,100,1487.34,high
253,2026-09-09T16:30:08Z,KMSP,2026-09-09,KXLOWTMIN-26SEP10-T59,60° or above,60.0,999.0,22,26,74,78,140.0,low
254,2026-09-09T16:30:08Z,KMSP,2026-09-09,KXLOWTMIN-26SEP10-T52,51° or below,-999.0,51.0,2,4,96,98,21.0,low
255,2026-09-09T16:30:08Z,KMSP,2026-09-09,KXLOWTMIN-26SEP10-B58.5,58° to 59°,58.0,59.0,36,45,55,64,134.0,low
256,2026-09-09T16:30:08Z,KMSP,2026-09-09,KXLOWTMIN-26SEP10-B56.5,56° to 57°,56.0,57.0,23,24,76,77,5.0,low
257,2026-09-09T16:30:08Z,KMSP,2026-09-09,KXLOWTMIN-26SEP10-B54.5,54° to 55°,54.0,55.0,6,14,86,94,3.0,low
258,2026-09-09T16:30:08Z,KMSP,2026-09-09,KXLOWTMIN-26SEP10-B52.5,52° to 53°,52.0,53.0,2,5,95,98,0.0,low
259,2026-09-09T16:30:08Z,KMSP,2026-09-09,KXLOWTMIN-26SEP09-T64,65° or above,65.0,999.0,0,1,99,100,1062.96,low
260,2026-09-09T16:30:08Z,KMSP,2026-09-09,KXLOWTMIN-26SEP09-T57,56° or below,-999.0,56.0,0,2,98,100,149.0,low
261,2026-09-09T16:30:08Z,KMSP,2026-09-09,KXLOWTMIN-26SEP09-B63.5,63° to 64°,63.0,64.0,85,89,11,15,1295.08,low
262,2026-09-09T16:30:08Z,KMSP,2026-09-09,KXLOWTMIN-26SEP09-B61.5,61° to 62°,61.0,62.0,8,15,85,92,578.73,low
263,2026-09-09T16:30:08Z,KMSP,2026-09-09,KXLOWTMIN-26SEP09-B59.5,59° to 60°,59.0,60.0,1,4,96,99,378.1,low
264,2026-09-09T16:30:08Z,KMSP,2026-09-09,KXLOWTMIN-26SEP09-B57.5,57° to 58°,57.0,58.0,0,2,98,100,102.0,low
265,2026-09-09T16:30:08Z,KMSY,2026-09-09,KXHIGHTNOLA-26SEP10-T93,94° or above,94.0,999.0,0,2,98,100,80.02,high
266,2026-09-09T16:30:08Z,KMSY,2026-09-09,KXHIGHTNOLA-26SEP10-T86,85° or below,-999.0,85.0,8,9,91,92,57.68,high
267,2026-09-09T16:30:08Z,KMSY,2026-09-09,KXHIGHTNOLA-26SEP10-B92.5,92° to 93°,92.0,93.0,2,3,97,98,52.57,high
268,2026-09-09T16:30:08Z,KMSY,2026-09-09,KXHIGHTNOLA-26SEP10-B90.5,90° to 91°,90.0,91.0,20,21,79,80,112.0,high
269,2026-09-09T16:30:08Z,KMSY,2026-09-09,KXHIGHTNOLA-26SEP10-B88.5,88° to 89°,88.0,89.0,35,39,61,65,72.3,high
270,2026-09-09T16:30:08Z,KMSY,2026-09-09,KXHIGHTNOLA-26SEP10-B86.5,86° to 87°,86.0,87.0,28,31,69,72,80.3,high
271,2026-09-09T16:30:08Z,KMSY,2026-09-09,KXHIGHTNOLA-26SEP09-T93,94° or above,94.0,999.0,0,1,99,100,947.61,high
272,2026-09-09T16:30:08Z,KMSY,2026-09-09,KXHIGHTNOLA-26SEP09-T86,85° or below,-999.0,85.0,0,1,99,100,883.84,high
273,2026-09-09T16:30:08Z,KMSY,2026-09-09,KXHIGHTNOLA-26SEP09-B92.5,92° to 93°,92.0,93.0,40,43,57,60,2926.74,high
274,2026-09-09T16:30:08Z,KMSY,2026-09-09,KXHIGHTNOLA-26SEP09-B90.5,90° to 91°,90.0,91.0,52,53,47,48,1729.89,high
275,2026-09-09T16:30:08Z,KMSY,2026-09-09,KXHIGHTNOLA-26SEP09-B88.5,88° to 89°,88.0,89.0,3,4,96,97,867.03,high
276,2026-09-09T16:30:08Z,KMSY,2026-09-09,KXHIGHTNOLA-26SEP09-B86.5,86° to 87°,86.0,87.0,0,1,99,100,875.98,high
277,2026-09-09T16:30:08Z,KMSY,2026-09-09,KXLOWTNOLA-26SEP10-T80,81° or above,81.0,999.0,2,5,95,98,0.0,low
278,2026-09-09T16:30:08Z,KMSY,2026-09-09,KXLOWTNOLA-26SEP10-T73,72° or below,-999.0,72.0,0,1,99,100,0.0,low
279,2026-09-09T16:30:08Z,KMSY,2026-09-09,KXLOWTNOLA-26SEP10-B79.5,79° to 80°,79.0,80.0,17,24,76,83,244.0,low
280,2026-09-09T16:30:08Z,KMSY,2026-09-09,KXLOWTNOLA-26SEP10-B77.5,77° to 78°,77.0,78.0,47,52,48,53,245.01,low
281,2026-09-09T16:30:08Z,KMSY,2026-09-09,KXLOWTNOLA-26SEP10-B75.5,75° to 76°,75.0,76.0,19,25,75,81,0.03,low
282,2026-09-09T16:30:08Z,KMSY,2026-09-09,KXLOWTNOLA-26SEP10-B73.5,73° to 74°,73.0,74.0,2,10,90,98,8.33,low
283,2026-09-09T16:30:08Z,KMSY,2026-09-09,KXLOWTNOLA-26SEP09-T81,82° or above,82.0,999.0,0,1,99,100,95.0,low
284,2026-09-09T16:30:08Z,KMSY,2026-09-09,KXLOWTNOLA-26SEP09-T74,73° or below,-999.0,73.0,0,2,98,100,86.0,low
285,2026-09-09T16:30:08Z,KMSY,2026-09-09,KXLOWTNOLA-26SEP09-B80.5,80° to 81°,80.0,81.0,0,1,99,100,346.94,low
286,2026-09-09T16:30:08Z,KMSY,2026-09-09,KXLOWTNOLA-26SEP09-B78.5,78° to 79°,78.0,79.0,95,98,2,5,990.01,low
287,2026-09-09T16:30:08Z,KMSY,2026-09-09,KXLOWTNOLA-26SEP09-B76.5,76° to 77°,76.0,77.0,2,6,94,98,560.52,low
288,2026-09-09T16:30:08Z,KMSY,2026-09-09,KXLOWTNOLA-26SEP09-B74.5,74° to 75°,74.0,75.0,0,1,99,100,66.0,low
289,2026-09-09T16:30:08Z,KNYC,2026-09-09,KXHIGHNY-26SEP10-T92,93° or above,93.0,999.0,0,1,99,100,925.0,high
290,2026-09-09T16:30:08Z,KNYC,2026-09-09,KXHIGHNY-26SEP10-T85,84° or below,-999.0,84.0,28,31,69,72,717.02,high
291,2026-09-09T16:30:08Z,KNYC,2026-09-09,KXHIGHNY-26SEP10-B91.5,91° to 92°,91.0,92.0,1,2,98,99,282.57,high
292,2026-09-09T16:30:08Z,KNYC,2026-09-09,KXHIGHNY-26SEP10-B89.5,89° to 90°,89.0,90.0,3,4,96,97,539.6,high
293,2026-09-09T16:30:08Z,KNYC,2026-09-09,KXHIGHNY-26SEP10-B87.5,87° to 88°,87.0,88.0,21,22,78,79,206.57,high
294,2026-09-09T16:30:08Z,KNYC,2026-09-09,KXHIGHNY-26SEP10-B85.5,85° to 86°,85.0,86.0,42,43,57,58,265.23,high
295,2026-09-09T16:30:08Z,KNYC,2026-09-09,KXHIGHNY-26SEP09-T91,92° or above,92.0,999.0,0,1,99,100,4106.48,high
296,2026-09-09T16:30:08Z,KNYC,2026-09-09,KXHIGHNY-26SEP09-T84,83° or below,-999.0,83.0,52,59,41,48,20054.11,high
297,2026-09-09T16:30:08Z,KNYC,2026-09-09,KXHIGHNY-26SEP09-B90.5,90° to 91°,90.0,91.0,0,1,99,100,1326.54,high
298,2026-09-09T16:30:08Z,KNYC,2026-09-09,KXHIGHNY-26SEP09-B88.5,88° to 89°,88.0,89.0,0,1,99,100,2533.12,high
299,2026-09-09T16:30:08Z,KNYC,2026-09-09,KXHIGHNY-26SEP09-B86.5,86° to 87°,86.0,87.0,3,5,95,97,17023.0,high
300,2026-09-09T16:30:08Z,KNYC,2026-09-09,KXHIGHNY-26SEP09-B84.5,84° to 85°,84.0,85.0,39,43,57,61,15022.34,high
301,2026-09-09T16:30:08Z,KNYC,2026-09-09,KXLOWTNYC-26SEP10-T75,76° or above,76.0,999.0,2,6,94,98,74.28,low
302,2026-09-09T16:30:08Z,KNYC,2026-09-09,KXLOWTNYC-26SEP10-T68,67° or below,-999.0,67.0,2,6,94,98,57.37,low
303,2026-09-09T16:30:08Z,KNYC,2026-09-09,KXLOWTNYC-26SEP10-B74.5,74° to 75°,74.0,75.0,12,13,87,88,292.0,low
304,2026-09-09T16:30:08Z,KNYC,2026-09-09,KXLOWTNYC-26SEP10-B72.5,72° to 73°,72.0,73.0,43,51,49,57,238.4,low
305,2026-09-09T16:30:08Z,KNYC,2026-09-09,KXLOWTNYC-26SEP10-B70.5,70° to 71°,70.0,71.0,20,26,74,80,101.3,low
306,2026-09-09T16:30:08Z,KNYC,2026-09-09,KXLOWTNYC-26SEP10-B68.5,68° to 69°,68.0,69.0,6,14,86,94,46.38,low
307,2026-09-09T16:30:08Z,KNYC,2026-09-09,KXLOWTNYC-26SEP09-T69,70° or above,70.0,999.0,0,1,99,100,2543.4,low
308,2026-09-09T16:30:08Z,KNYC,2026-09-09,KXLOWTNYC-26SEP09-T62,61° or below,-999.0,61.0,0,1,99,100,175.0,low
309,2026-09-09T16:30:08Z,KNYC,2026-09-09,KXLOWTNYC-26SEP09-B68.5,68° to 69°,68.0,69.0,99,100,0,1,2291.6,low
310,2026-09-09T16:30:08Z,KNYC,2026-09-09,KXLOWTNYC-26SEP09-B66.5,66° to 67°,66.0,67.0,0,1,99,100,3063.2,low
311,2026-09-09T16:30:08Z,KNYC,2026-09-09,KXLOWTNYC-26SEP09-B64.5,64° to 65°,64.0,65.0,0,2,98,100,637.67,low
312,2026-09-09T16:30:08Z,KNYC,2026-09-09,KXLOWTNYC-26SEP09-B62.5,62° to 63°,62.0,63.0,0,1,99,100,999.77,low
313,2026-09-09T16:30:08Z,KOKC,2026-09-09,KXHIGHTOKC-26SEP10-T90,91° or above,91.0,999.0,9,11,89,91,402.25,high
314,2026-09-09T16:30:08Z,KOKC,2026-09-09,KXHIGHTOKC-26SEP10-T83,82° or below,-999.0,82.0,6,10,90,94,214.75,high
315,2026-09-09T16:30:08Z,KOKC,2026-09-09,KXHIGHTOKC-26SEP10-B89.5,89° to 90°,89.0,90.0,12,13,87,88,22.85,high
316,2026-09-09T16:30:08Z,KOKC,2026-09-09,KXHIGHTOKC-26SEP10-B87.5,87° to 88°,87.0,88.0,23,24,76,77,60.31,high
317,2026-09-09T16:30:08Z,KOKC,2026-09-09,KXHIGHTOKC-26SEP10-B85.5,85° to 86°,85.0,86.0,22,26,74,78,209.54,high
318,2026-09-09T16:30:08Z,KOKC,2026-09-09,KXHIGHTOKC-26SEP10-B83.5,83° to 84°,83.0,84.0,21,23,77,79,277.96,high
319,2026-09-09T16:30:08Z,KOKC,2026-09-09,KXHIGHTOKC-26SEP09-T97,96° or below,-999.0,96.0,0,1,99,100,97.0,high
320,2026-09-09T16:30:08Z,KOKC,2026-09-09,KXHIGHTOKC-26SEP09-T104,105° or above,105.0,999.0,0,2,98,100,1393.6,high
321,2026-09-09T16:30:08Z,KOKC,2026-09-09,KXHIGHTOKC-26SEP09-B99.5,99° to 100°,99.0,100.0,8,9,91,92,2052.17,high
322,2026-09-09T16:30:08Z,KOKC,2026-09-09,KXHIGHTOKC-26SEP09-B97.5,97° to 98°,97.0,98.0,0,2,98,100,1013.71,high
323,2026-09-09T16:30:08Z,KOKC,2026-09-09,KXHIGHTOKC-26SEP09-B103.5,103° to 104°,103.0,104.0,26,27,73,74,2821.96,high
324,2026-09-09T16:30:08Z,KOKC,2026-09-09,KXHIGHTOKC-26SEP09-B101.5,101° to 102°,101.0,102.0,65,67,33,35,2246.05,high
325,2026-09-09T16:30:08Z,KOKC,2026-09-09,KXLOWTOKC-26SEP10-T75,76° or above,76.0,999.0,8,13,87,92,76.0,low
326,2026-09-09T16:30:08Z,KOKC,2026-09-09,KXLOWTOKC-26SEP10-T68,67° or below,-999.0,67.0,2,4,96,98,107.0,low
327,2026-09-09T16:30:08Z,KOKC,2026-09-09,KXLOWTOKC-26SEP10-B74.5,74° to 75°,74.0,75.0,28,29,71,72,169.0,low
328,2026-09-09T16:30:08Z,KOKC,2026-09-09,KXLOWTOKC-26SEP10-B72.5,72° to 73°,72.0,73.0,34,43,57,66,163.25,low
329,2026-09-09T16:30:08Z,KOKC,2026-09-09,KXLOWTOKC-26SEP10-B70.5,70° to 71°,70.0,71.0,13,17,83,87,81.36,low
330,2026-09-09T16:30:08Z,KOKC,2026-09-09,KXLOWTOKC-26SEP10-B68.5,68° to 69°,68.0,69.0,3,9,91,97,50.0,low
331,2026-09-09T16:30:08Z,KOKC,2026-09-09,KXLOWTOKC-26SEP09-T78,79° or above,79.0,999.0,0,1,99,100,2205.35,low
332,2026-09-09T16:30:08Z,KOKC,2026-09-09,KXLOWTOKC-26SEP09-T71,70° or below,-999.0,70.0,0,1,99,100,153.5,low
333,2026-09-09T16:30:08Z,KOKC,2026-09-09,KXLOWTOKC-26SEP09-B77.5,77° to 78°,77.0,78.0,96,99,1,4,2512.07,low
334,2026-09-09T16:30:08Z,KOKC,2026-09-09,KXLOWTOKC-26SEP09-B75.5,75° to 76°,75.0,76.0,1,2,98,99,1274.04,low
335,2026-09-09T16:30:08Z,KOKC,2026-09-09,KXLOWTOKC-26SEP09-B73.5,73° to 74°,73.0,74.0,1,5,95,99,598.05,low
336,2026-09-09T16:30:08Z,KOKC,2026-09-09,KXLOWTOKC-26SEP09-B71.5,71° to 72°,71.0,72.0,0,2,98,100,95.83,low
337,2026-09-09T16:30:08Z,KPHL,2026-09-09,KXHIGHPHIL-26SEP10-T91,92° or above,92.0,999.0,3,4,96,97,319.6,high
338,2026-09-09T16:30:08Z,KPHL,2026-09-09,KXHIGHPHIL-26SEP10-T84,83° or below,-999.0,83.0,3,7,93,97,30.86,high
339,2026-09-09T16:30:08Z,KPHL,2026-09-09,KXHIGHPHIL-26SEP10-B90.5,90° to 91°,90.0,91.0,19,21,79,81,185.01,high
340,2026-09-09T16:30:08Z,KPHL,2026-09-09,KXHIGHPHIL-26SEP10-B88.5,88° to 89°,88.0,89.0,37,38,62,63,340.96,high
341,2026-09-09T16:30:08Z,KPHL,2026-09-09,KXHIGHPHIL-26SEP10-B86.5,86° to 87°,86.0,87.0,21,22,78,79,38.08,high
342,2026-09-09T16:30:08Z,KPHL,2026-09-09,KXHIGHPHIL-26SEP10-B84.5,84° to 85°,84.0,85.0,10,11,89,90,1.05,high
343,2026-09-09T16:30:08Z,KPHL,2026-09-09,KXHIGHPHIL-26SEP09-T91,92° or above,92.0,999.0,0,1,99,100,1082.37,high
344,2026-09-09T16:30:08Z,KPHL,2026-09-09,KXHIGHPHIL-26SEP09-T84,83° or below,-999.0,83.0,0,1,99,100,848.88,high
345,2026-09-09T16:30:08Z,KPHL,2026-09-09,KXHIGHPHIL-26SEP09-B90.5,90° to 91°,90.0,91.0,14,15,85,86,1798.52,high
346,2026-09-09T16:30:08Z,KPHL,2026-09-09,KXHIGHPHIL-26SEP09-B88.5,88° to 89°,88.0,89.0,69,73,27,31,2705.28,high
347,2026-09-09T16:30:08Z,KPHL,2026-09-09,KXHIGHPHIL-26SEP09-B86.5,86° to 87°,86.0,87.0,15,16,84,85,3397.83,high
348,2026-09-09T16:30:08Z,KPHL,2026-09-09,KXHIGHPHIL-26SEP09-B84.5,84° to 85°,84.0,85.0,0,1,99,100,1008.47,high
349,2026-09-09T16:30:08Z,KPHL,2026-09-09,KXLOWTPHIL-26SEP10-T74,75° or above,75.0,999.0,28,29,71,72,184.0,low
350,2026-09-09T16:30:08Z,KPHL,2026-09-09,KXLOWTPHIL-26SEP10-T67,66° or below,-999.0,66.0,1,4,96,99,12.0,low
351,2026-09-09T16:30:08Z,KPHL,2026-09-09,KXLOWTPHIL-26SEP10-B73.5,73° to 74°,73.0,74.0,32,39,61,68,87.0,low
352,2026-09-09T16:30:08Z,KPHL,2026-09-09,KXLOWTPHIL-26SEP10-B71.5,71° to 72°,71.0,72.0,21,23,77,79,24.0,low
353,2026-09-09T16:30:08Z,KPHL,2026-09-09,KXLOWTPHIL-26SEP10-B69.5,69° to 70°,69.0,70.0,2,10,90,98,36.29,low
354,2026-09-09T16:30:08Z,KPHL,2026-09-09,KXLOWTPHIL-26SEP10-B67.5,67° to 68°,67.0,68.0,2,4,96,98,20.18,low
355,2026-09-09T16:30:08Z,KPHL,2026-09-09,KXLOWTPHIL-26SEP09-T68,69° or above,69.0,999.0,99,100,0,1,1964.42,low
356,2026-09-09T16:30:08Z,KPHL,2026-09-09,KXLOWTPHIL-26SEP09-T61,60° or below,-999.0,60.0,0,1,99,100,211.44,low
357,2026-09-09T16:30:08Z,KPHL,2026-09-09,KXLOWTPHIL-26SEP09-B67.5,67° to 68°,67.0,68.0,0,1,99,100,836.75,low
358,2026-09-09T16:30:08Z,KPHL,2026-09-09,KXLOWTPHIL-26SEP09-B65.5,65° to 66°,65.0,66.0,0,2,98,100,681.53,low
359,2026-09-09T16:30:08Z,KPHL,2026-09-09,KXLOWTPHIL-26SEP09-B63.5,63° to 64°,63.0,64.0,0,2,98,100,223.37,low
360,2026-09-09T16:30:08Z,KPHL,2026-09-09,KXLOWTPHIL-26SEP09-B61.5,61° to 62°,61.0,62.0,0,2,98,100,115.0,low
361,2026-09-09T16:30:08Z,KPHX,2026-09-09,KXHIGHTPHX-26SEP10-T112,113° or above,113.0,999.0,1,2,98,99,508.18,high
362,2026-09-09T16:30:08Z,KPHX,2026-09-09,KXHIGHTPHX-26SEP10-T105,104° or below,-999.0,104.0,1,2,98,99,178.77,high
363,2026-09-09T16:30:08Z,KPHX,2026-09-09,KXHIGHTPHX-26SEP10-B111.5,111° to 112°,111.0,112.0,5,6,94,95,12.24,high
364,2026-09-09T16:30:08Z,KPHX,2026-09-09,KXHIGHTPHX-26SEP10-B109.5,109° to 110°,109.0,110.0,47,49,51,53,86.14,high
365,2026-09-09T16:30:08Z,KPHX,2026-09-09,KXHIGHTPHX-26SEP10-B107.5,107° to 108°,107.0,108.0,35,36,64,65,13.21,high
366,2026-09-09T16:30:08Z,KPHX,2026-09-09,KXHIGHTPHX-26SEP10-B105.5,105° to 106°,105.0,106.0,5,6,94,95,25.75,high
367,2026-09-09T16:30:08Z,KPHX,2026-09-09,KXHIGHTPHX-26SEP09-T111,112° or above,112.0,999.0,0,1,99,100,1586.43,high
368,2026-09-09T16:30:08Z,KPHX,2026-09-09,KXHIGHTPHX-26SEP09-T104,103° or below,-999.0,103.0,0,1,99,100,1371.05,high
369,2026-09-09T16:30:08Z,KPHX,2026-09-09,KXHIGHTPHX-26SEP09-B110.5,110° to 111°,110.0,111.0,5,6,94,95,2559.52,high
370,2026-09-09T16:30:08Z,KPHX,2026-09-09,KXHIGHTPHX-26SEP09-B108.5,108° to 109°,108.0,109.0,44,46,54,56,3037.6,high
371,2026-09-09T16:30:08Z,KPHX,2026-09-09,KXHIGHTPHX-26SEP09-B106.5,106° to 107°,106.0,107.0,39,42,58,61,2757.46,high
372,2026-09-09T16:30:08Z,KPHX,2026-09-09,KXHIGHTPHX-26SEP09-B104.5,104° to 105°,104.0,105.0,3,4,96,97,2358.73,high
373,2026-09-09T16:30:08Z,KPHX,2026-09-09,KXLOWTPHX-26SEP10-T89,90° or above,90.0,999.0,47,56,44,53,229.0,low
374,2026-09-09T16:30:08Z,KPHX,2026-09-09,KXLOWTPHX-26SEP10-T82,81° or below,-999.0,81.0,0,2,98,100,147.0,low
375,2026-09-09T16:30:08Z,KPHX,2026-09-09,KXLOWTPHX-26SEP10-B88.5,88° to 89°,88.0,89.0,24,31,69,76,15.0,low
376,2026-09-09T16:30:08Z,KPHX,2026-09-09,KXLOWTPHX-26SEP10-B86.5,86° to 87°,86.0,87.0,13,16,84,87,100.0,low
377,2026-09-09T16:30:08Z,KPHX,2026-09-09,KXLOWTPHX-26SEP10-B84.5,84° to 85°,84.0,85.0,4,8,92,96,50.0,low
378,2026-09-09T16:30:08Z,KPHX,2026-09-09,KXLOWTPHX-26SEP10-B82.5,82° to 83°,82.0,83.0,2,4,96,98,173.0,low
379,2026-09-09T16:30:08Z,KPHX,2026-09-09,KXLOWTPHX-26SEP09-T88,89° or above,89.0,999.0,98,99,1,2,2701.27,low
380,2026-09-09T16:30:08Z,KPHX,2026-09-09,KXLOWTPHX-26SEP09-T81,80° or below,-999.0,80.0,0,1,99,100,88.0,low
381,2026-09-09T16:30:08Z,KPHX,2026-09-09,KXLOWTPHX-26SEP09-B87.5,87° to 88°,87.0,88.0,0,3,97,100,1422.21,low
382,2026-09-09T16:30:08Z,KPHX,2026-09-09,KXLOWTPHX-26SEP09-B85.5,85° to 86°,85.0,86.0,0,2,98,100,324.32,low
383,2026-09-09T16:30:08Z,KPHX,2026-09-09,KXLOWTPHX-26SEP09-B83.5,83° to 84°,83.0,84.0,0,2,98,100,112.01,low
384,2026-09-09T16:30:08Z,KPHX,2026-09-09,KXLOWTPHX-26SEP09-B81.5,81° to 82°,81.0,82.0,0,2,98,100,330.84,low
385,2026-09-09T16:30:08Z,KSAT,2026-09-09,KXHIGHTSATX-26SEP10-T95,94° or below,-999.0,94.0,4,5,95,96,22.58,high
386,2026-09-09T16:30:08Z,KSAT,2026-09-09,KXHIGHTSATX-26SEP10-T102,103° or above,103.0,999.0,0,1,99,100,159.0,high
387,2026-09-09T16:30:08Z,KSAT,2026-09-09,KXHIGHTSATX-26SEP10-B99.5,99° to 100°,99.0,100.0,11,14,86,89,36.09,high
388,2026-09-09T16:30:08Z,KSAT,2026-09-09,KXHIGHTSATX-26SEP10-B97.5,97° to 98°,97.0,98.0,54,60,40,46,65.9,high
389,2026-09-09T16:30:08Z,KSAT,2026-09-09,KXHIGHTSATX-26SEP10-B95.5,95° to 96°,95.0,96.0,14,23,77,86,18.08,high
390,2026-09-09T16:30:08Z,KSAT,2026-09-09,KXHIGHTSATX-26SEP10-B101.5,101° to 102°,101.0,102.0,2,4,96,98,30.51,high
391,2026-09-09T16:30:08Z,KSAT,2026-09-09,KXHIGHTSATX-26SEP09-T95,94° or below,-999.0,94.0,2,3,97,98,928.37,high
392,2026-09-09T16:30:08Z,KSAT,2026-09-09,KXHIGHTSATX-26SEP09-T102,103° or above,103.0,999.0,0,1,99,100,254.0,high
393,2026-09-09T16:30:08Z,KSAT,2026-09-09,KXHIGHTSATX-26SEP09-B99.5,99° to 100°,99.0,100.0,17,18,82,83,978.83,high
394,2026-09-09T16:30:08Z,KSAT,2026-09-09,KXHIGHTSATX-26SEP09-B97.5,97° to 98°,97.0,98.0,66,67,33,34,923.07,high
395,2026-09-09T16:30:08Z,KSAT,2026-09-09,KXHIGHTSATX-26SEP09-B95.5,95° to 96°,95.0,96.0,9,10,90,91,1801.73,high
396,2026-09-09T16:30:08Z,KSAT,2026-09-09,KXHIGHTSATX-26SEP09-B101.5,101° to 102°,101.0,102.0,1,2,98,99,704.85,high
397,2026-09-09T16:30:08Z,KSAT,2026-09-09,KXLOWTSATX-26SEP10-T78,79° or above,79.0,999.0,10,18,82,90,49.0,low
398,2026-09-09T16:30:08Z,KSAT,2026-09-09,KXLOWTSATX-26SEP10-T71,70° or below,-999.0,70.0,0,1,99,100,0.0,low
399,2026-09-09T16:30:08Z,KSAT,2026-09-09,KXLOWTSATX-26SEP10-B77.5,77° to 78°,77.0,78.0,56,65,35,44,101.01,low
400,2026-09-09T16:30:08Z,KSAT,2026-09-09,KXLOWTSATX-26SEP10-B75.5,75° to 76°,75.0,76.0,19,24,76,81,0.03,low
401,2026-09-09T16:30:08Z,KSAT,2026-09-09,KXLOWTSATX-26SEP10-B73.5,73° to 74°,73.0,74.0,2,5,95,98,5.04,low
402,2026-09-09T16:30:08Z,KSAT,2026-09-09,KXLOWTSATX-26SEP10-B71.5,71° to 72°,71.0,72.0,1,4,96,99,20.18,low
403,2026-09-09T16:30:08Z,KSAT,2026-09-09,KXLOWTSATX-26SEP09-T79,80° or above,80.0,999.0,0,1,99,100,245.0,low
404,2026-09-09T16:30:08Z,KSAT,2026-09-09,KXLOWTSATX-26SEP09-T72,71° or below,-999.0,71.0,0,1,99,100,52.18,low
405,2026-09-09T16:30:08Z,KSAT,2026-09-09,KXLOWTSATX-26SEP09-B78.5,78° to 79°,78.0,79.0,98,99,1,2,1041.22,low
406,2026-09-09T16:30:08Z,KSAT,2026-09-09,KXLOWTSATX-26SEP09-B76.5,76° to 77°,76.0,77.0,1,4,96,99,1364.77,low
407,2026-09-09T16:30:08Z,KSAT,2026-09-09,KXLOWTSATX-26SEP09-B74.5,74° to 75°,74.0,75.0,0,2,98,100,119.99,low
408,2026-09-09T16:30:08Z,KSAT,2026-09-09,KXLOWTSATX-26SEP09-B72.5,72° to 73°,72.0,73.0,0,1,99,100,311.0,low
433,2026-09-09T16:30:08Z,KSEA,2026-09-09,KXHIGHTSEA-26SEP10-T74,75° or above,75.0,999.0,0,1,99,100,319.95,high
434,2026-09-09T16:30:08Z,KSEA,2026-09-09,KXHIGHTSEA-26SEP10-T67,66° or below,-999.0,66.0,7,8,92,93,780.81,high
435,2026-09-09T16:30:08Z,KSEA,2026-09-09,KXHIGHTSEA-26SEP10-B73.5,73° to 74°,73.0,74.0,4,5,95,96,26.81,high
436,2026-09-09T16:30:08Z,KSEA,2026-09-09,KXHIGHTSEA-26SEP10-B71.5,71° to 72°,71.0,72.0,39,42,58,61,180.68,high
437,2026-09-09T16:30:08Z,KSEA,2026-09-09,KXHIGHTSEA-26SEP10-B69.5,69° to 70°,69.0,70.0,34,36,64,66,86.43,high
438,2026-09-09T16:30:08Z,KSEA,2026-09-09,KXHIGHTSEA-26SEP10-B67.5,67° to 68°,67.0,68.0,13,14,86,87,29.59,high
439,2026-09-09T16:30:08Z,KSEA,2026-09-09,KXHIGHTSEA-26SEP09-T81,82° or above,82.0,999.0,0,1,99,100,531.3,high
440,2026-09-09T16:30:08Z,KSEA,2026-09-09,KXHIGHTSEA-26SEP09-T74,73° or below,-999.0,73.0,0,1,99,100,1896.66,high
441,2026-09-09T16:30:08Z,KSEA,2026-09-09,KXHIGHTSEA-26SEP09-B80.5,80° to 81°,80.0,81.0,9,10,90,91,1427.71,high
442,2026-09-09T16:30:08Z,KSEA,2026-09-09,KXHIGHTSEA-26SEP09-B78.5,78° to 79°,78.0,79.0,65,67,33,35,1630.3,high
443,2026-09-09T16:30:08Z,KSEA,2026-09-09,KXHIGHTSEA-26SEP09-B76.5,76° to 77°,76.0,77.0,24,28,72,76,3182.64,high
444,2026-09-09T16:30:08Z,KSEA,2026-09-09,KXHIGHTSEA-26SEP09-B74.5,74° to 75°,74.0,75.0,2,4,96,98,789.18,high
445,2026-09-09T16:30:08Z,KSEA,2026-09-09,KXLOWTSEA-26SEP10-T57,58° or above,58.0,999.0,39,45,55,61,6.0,low
446,2026-09-09T16:30:08Z,KSEA,2026-09-09,KXLOWTSEA-26SEP10-T50,49° or below,-999.0,49.0,0,1,99,100,0.0,low
447,2026-09-09T16:30:08Z,KSEA,2026-09-09,KXLOWTSEA-26SEP10-B56.5,56° to 57°,56.0,57.0,44,52,48,56,0.0,low
448,2026-09-09T16:30:08Z,KSEA,2026-09-09,KXLOWTSEA-26SEP10-B54.5,54° to 55°,54.0,55.0,13,15,85,87,0.0,low
449,2026-09-09T16:30:08Z,KSEA,2026-09-09,KXLOWTSEA-26SEP10-B52.5,52° to 53°,52.0,53.0,1,4,96,99,0.0,low
450,2026-09-09T16:30:08Z,KSEA,2026-09-09,KXLOWTSEA-26SEP10-B50.5,50° to 51°,50.0,51.0,1,4,96,99,0.0,low
451,2026-09-09T16:30:08Z,KSEA,2026-09-09,KXLOWTSEA-26SEP09-T55,56° or above,56.0,999.0,0,1,99,100,1972.94,low
452,2026-09-09T16:30:08Z,KSEA,2026-09-09,KXLOWTSEA-26SEP09-T48,47° or below,-999.0,47.0,0,1,99,100,86.63,low
453,2026-09-09T16:30:08Z,KSEA,2026-09-09,KXLOWTSEA-26SEP09-B54.5,54° to 55°,54.0,55.0,98,99,1,2,5034.53,low
454,2026-09-09T16:30:08Z,KSEA,2026-09-09,KXLOWTSEA-26SEP09-B52.5,52° to 53°,52.0,53.0,1,3,97,99,1560.95,low
455,2026-09-09T16:30:08Z,KSEA,2026-09-09,KXLOWTSEA-26SEP09-B50.5,50° to 51°,50.0,51.0,1,3,97,99,710.63,low
456,2026-09-09T16:30:08Z,KSEA,2026-09-09,KXLOWTSEA-26SEP09-B48.5,48° to 49°,48.0,49.0,0,1,99,100,136.63,low
409,2026-09-09T16:30:08Z,KSFO,2026-09-09,KXHIGHTSFO-26SEP10-T83,84° or above,84.0,999.0,21,25,75,79,342.96,high
410,2026-09-09T16:30:08Z,KSFO,2026-09-09,KXHIGHTSFO-26SEP10-T76,75° or below,-999.0,75.0,2,4,96,98,23.55,high
411,2026-09-09T16:30:08Z,KSFO,2026-09-09,KXHIGHTSFO-26SEP10-B82.5,82° to 83°,82.0,83.0,22,26,74,78,121.0,high
412,2026-09-09T16:30:08Z,KSFO,2026-09-09,KXHIGHTSFO-26SEP10-B80.5,80° to 81°,80.0,81.0,21,26,74,79,57.09,high
413,2026-09-09T16:30:08Z,KSFO,2026-09-09,KXHIGHTSFO-26SEP10-B78.5,78° to 79°,78.0,79.0,23,24,76,77,571.66,high
414,2026-09-09T16:30:08Z,KSFO,2026-09-09,KXHIGHTSFO-26SEP10-B76.5,76° to 77°,76.0,77.0,6,7,93,94,74.48,high
415,2026-09-09T16:30:08Z,KSFO,2026-09-09,KXHIGHTSFO-26SEP09-T91,92° or above,92.0,999.0,60,61,39,40,7285.11,high
416,2026-09-09T16:30:08Z,KSFO,2026-09-09,KXHIGHTSFO-26SEP09-T84,83° or below,-999.0,83.0,0,1,99,100,3097.35,high
417,2026-09-09T16:30:08Z,KSFO,2026-09-09,KXHIGHTSFO-26SEP09-B90.5,90° to 91°,90.0,91.0,12,13,87,88,6918.83,high
418,2026-09-09T16:30:08Z,KSFO,2026-09-09,KXHIGHTSFO-26SEP09-B88.5,88° to 89°,88.0,89.0,24,29,71,76,9206.36,high
419,2026-09-09T16:30:08Z,KSFO,2026-09-09,KXHIGHTSFO-26SEP09-B86.5,86° to 87°,86.0,87.0,2,4,96,98,2963.77,high
420,2026-09-09T16:30:08Z,KSFO,2026-09-09,KXHIGHTSFO-26SEP09-B84.5,84° to 85°,84.0,85.0,1,3,97,99,1633.12,high
421,2026-09-09T16:30:08Z,KSFO,2026-09-09,KXLOWTSFO-26SEP10-T65,66° or above,66.0,999.0,43,45,55,57,474.25,low
422,2026-09-09T16:30:08Z,KSFO,2026-09-09,KXLOWTSFO-26SEP10-T58,57° or below,-999.0,57.0,0,1,99,100,0.0,low
423,2026-09-09T16:30:08Z,KSFO,2026-09-09,KXLOWTSFO-26SEP10-B64.5,64° to 65°,64.0,65.0,29,38,62,71,155.0,low
424,2026-09-09T16:30:08Z,KSFO,2026-09-09,KXLOWTSFO-26SEP10-B62.5,62° to 63°,62.0,63.0,18,23,77,82,166.46,low
425,2026-09-09T16:30:08Z,KSFO,2026-09-09,KXLOWTSFO-26SEP10-B60.5,60° to 61°,60.0,61.0,2,6,94,98,60.09,low
426,2026-09-09T16:30:08Z,KSFO,2026-09-09,KXLOWTSFO-26SEP10-B58.5,58° to 59°,58.0,59.0,2,5,95,98,20.18,low
427,2026-09-09T16:30:08Z,KSFO,2026-09-09,KXLOWTSFO-26SEP09-T67,68° or above,68.0,999.0,0,1,99,100,1063.76,low
428,2026-09-09T16:30:08Z,KSFO,2026-09-09,KXLOWTSFO-26SEP09-T60,59° or below,-999.0,59.0,0,1,99,100,273.0,low
429,2026-09-09T16:30:08Z,KSFO,2026-09-09,KXLOWTSFO-26SEP09-B66.5,66° to 67°,66.0,67.0,97,99,1,3,858.34,low
430,2026-09-09T16:30:08Z,KSFO,2026-09-09,KXLOWTSFO-26SEP09-B64.5,64° to 65°,64.0,65.0,1,3,97,99,673.5,low
431,2026-09-09T16:30:08Z,KSFO,2026-09-09,KXLOWTSFO-26SEP09-B62.5,62° to 63°,62.0,63.0,1,2,98,99,498.28,low
432,2026-09-09T16:30:08Z,KSFO,2026-09-09,KXLOWTSFO-26SEP09-B60.5,60° to 61°,60.0,61.0,0,2,98,100,168.0,low
1,2026-09-09T19:25:41Z,KATL,2026-09-09,KXHIGHTATL-26SEP10-T97,98° or above,98.0,999.0,0,1,99,100,178.06,high
2,2026-09-09T19:25:41Z,KATL,2026-09-09,KXHIGHTATL-26SEP10-T90,89° or below,-999.0,89.0,9,10,90,91,464.11,high
3,2026-09-09T19:25:41Z,KATL,2026-09-09,KXHIGHTATL-26SEP10-B96.5,96° to 97°,96.0,97.0,1,2,98,99,156.18,high
4,2026-09-09T19:25:41Z,KATL,2026-09-09,KXHIGHTATL-26SEP10-B94.5,94° to 95°,94.0,95.0,11,12,88,89,35.52,high
5,2026-09-09T19:25:41Z,KATL,2026-09-09,KXHIGHTATL-26SEP10-B92.5,92° to 93°,92.0,93.0,42,44,56,58,270.3,high
6,2026-09-09T19:25:41Z,KATL,2026-09-09,KXHIGHTATL-26SEP10-B90.5,90° to 91°,90.0,91.0,28,30,70,72,378.4,high
7,2026-09-09T19:25:41Z,KATL,2026-09-09,KXHIGHTATL-26SEP09-T95,96° or above,96.0,999.0,0,1,99,100,301.51,high
8,2026-09-09T19:25:41Z,KATL,2026-09-09,KXHIGHTATL-26SEP09-T88,87° or below,-999.0,87.0,0,1,99,100,1391.43,high
9,2026-09-09T19:25:41Z,KATL,2026-09-09,KXHIGHTATL-26SEP09-B94.5,94° to 95°,94.0,95.0,0,1,99,100,1076.66,high
10,2026-09-09T19:25:41Z,KATL,2026-09-09,KXHIGHTATL-26SEP09-B92.5,92° to 93°,92.0,93.0,5,7,93,95,3710.83,high
11,2026-09-09T19:25:41Z,KATL,2026-09-09,KXHIGHTATL-26SEP09-B90.5,90° to 91°,90.0,91.0,76,84,16,24,2184.06,high
12,2026-09-09T19:25:41Z,KATL,2026-09-09,KXHIGHTATL-26SEP09-B88.5,88° to 89°,88.0,89.0,13,18,82,87,4596.87,high
13,2026-09-09T19:25:41Z,KATL,2026-09-09,KXLOWTATL-26SEP10-T73,74° or above,74.0,999.0,32,34,66,68,227.0,low
14,2026-09-09T19:25:41Z,KATL,2026-09-09,KXLOWTATL-26SEP10-T66,65° or below,-999.0,65.0,0,1,99,100,61.0,low
15,2026-09-09T19:25:41Z,KATL,2026-09-09,KXLOWTATL-26SEP10-B72.5,72° to 73°,72.0,73.0,53,56,44,47,176.0,low
16,2026-09-09T19:25:41Z,KATL,2026-09-09,KXLOWTATL-26SEP10-B70.5,70° to 71°,70.0,71.0,4,10,90,96,4.0,low
17,2026-09-09T19:25:41Z,KATL,2026-09-09,KXLOWTATL-26SEP10-B68.5,68° to 69°,68.0,69.0,2,3,97,98,0.0,low
18,2026-09-09T19:25:41Z,KATL,2026-09-09,KXLOWTATL-26SEP10-B66.5,66° to 67°,66.0,67.0,1,4,96,99,30.0,low
19,2026-09-09T19:25:41Z,KATL,2026-09-09,KXLOWTATL-26SEP09-T72,73° or above,73.0,999.0,0,1,99,100,1537.82,low
20,2026-09-09T19:25:41Z,KATL,2026-09-09,KXLOWTATL-26SEP09-T65,64° or below,-999.0,64.0,0,1,99,100,266.78,low
21,2026-09-09T19:25:41Z,KATL,2026-09-09,KXLOWTATL-26SEP09-B71.5,71° to 72°,71.0,72.0,98,99,1,2,2995.76,low
22,2026-09-09T19:25:41Z,KATL,2026-09-09,KXLOWTATL-26SEP09-B69.5,69° to 70°,69.0,70.0,1,3,97,99,1566.47,low
23,2026-09-09T19:25:41Z,KATL,2026-09-09,KXLOWTATL-26SEP09-B67.5,67° to 68°,67.0,68.0,0,2,98,100,573.52,low
24,2026-09-09T19:25:41Z,KATL,2026-09-09,KXLOWTATL-26SEP09-B65.5,65° to 66°,65.0,66.0,0,1,99,100,133.8,low
25,2026-09-09T19:25:41Z,KAUS,2026-09-09,KXHIGHAUS-26SEP10-T95,94° or below,-999.0,94.0,1,2,98,99,343.57,high
26,2026-09-09T19:25:41Z,KAUS,2026-09-09,KXHIGHAUS-26SEP10-T102,103° or above,103.0,999.0,1,2,98,99,423.49,high
27,2026-09-09T19:25:41Z,KAUS,2026-09-09,KXHIGHAUS-26SEP10-B99.5,99° to 100°,99.0,100.0,56,57,43,44,296.45,high
28,2026-09-09T19:25:41Z,KAUS,2026-09-09,KXHIGHAUS-26SEP10-B97.5,97° to 98°,97.0,98.0,35,36,64,65,409.19,high
29,2026-09-09T19:25:41Z,KAUS,2026-09-09,KXHIGHAUS-26SEP10-B95.5,95° to 96°,95.0,96.0,3,4,96,97,255.44,high
30,2026-09-09T19:25:41Z,KAUS,2026-09-09,KXHIGHAUS-26SEP10-B101.5,101° to 102°,101.0,102.0,7,8,92,93,159.63,high
31,2026-09-09T19:25:41Z,KAUS,2026-09-09,KXHIGHAUS-26SEP09-T96,95° or below,-999.0,95.0,0,1,99,100,4705.36,high
32,2026-09-09T19:25:41Z,KAUS,2026-09-09,KXHIGHAUS-26SEP09-T103,104° or above,104.0,999.0,0,1,99,100,2409.06,high
33,2026-09-09T19:25:41Z,KAUS,2026-09-09,KXHIGHAUS-26SEP09-B98.5,98° to 99°,98.0,99.0,43,44,56,57,5473.62,high
34,2026-09-09T19:25:41Z,KAUS,2026-09-09,KXHIGHAUS-26SEP09-B96.5,96° to 97°,96.0,97.0,0,1,99,100,20555.01,high
35,2026-09-09T19:25:41Z,KAUS,2026-09-09,KXHIGHAUS-26SEP09-B102.5,102° to 103°,102.0,103.0,2,3,97,98,4103.6,high
36,2026-09-09T19:25:41Z,KAUS,2026-09-09,KXHIGHAUS-26SEP09-B100.5,100° to 101°,100.0,101.0,57,58,42,43,7610.83,high
37,2026-09-09T19:25:41Z,KAUS,2026-09-09,KXLOWTAUS-26SEP10-T77,78° or above,78.0,999.0,10,11,89,90,113.57,low
38,2026-09-09T19:25:41Z,KAUS,2026-09-09,KXLOWTAUS-26SEP10-T70,69° or below,-999.0,69.0,2,5,95,98,173.18,low
39,2026-09-09T19:25:41Z,KAUS,2026-09-09,KXLOWTAUS-26SEP10-B76.5,76° to 77°,76.0,77.0,14,15,85,86,4.5,low
40,2026-09-09T19:25:41Z,KAUS,2026-09-09,KXLOWTAUS-26SEP10-B74.5,74° to 75°,74.0,75.0,41,47,53,59,54.0,low
41,2026-09-09T19:25:41Z,KAUS,2026-09-09,KXLOWTAUS-26SEP10-B72.5,72° to 73°,72.0,73.0,24,29,71,76,82.0,low
42,2026-09-09T19:25:41Z,KAUS,2026-09-09,KXLOWTAUS-26SEP10-B70.5,70° to 71°,70.0,71.0,4,11,89,96,6.29,low
43,2026-09-09T19:25:41Z,KAUS,2026-09-09,KXLOWTAUS-26SEP09-T78,79° or above,79.0,999.0,0,1,99,100,807.34,low
44,2026-09-09T19:25:41Z,KAUS,2026-09-09,KXLOWTAUS-26SEP09-T71,70° or below,-999.0,70.0,0,2,98,100,436.0,low
45,2026-09-09T19:25:41Z,KAUS,2026-09-09,KXLOWTAUS-26SEP09-B77.5,77° to 78°,77.0,78.0,0,1,99,100,1071.09,low
46,2026-09-09T19:25:41Z,KAUS,2026-09-09,KXLOWTAUS-26SEP09-B75.5,75° to 76°,75.0,76.0,98,99,1,2,1495.48,low
47,2026-09-09T19:25:41Z,KAUS,2026-09-09,KXLOWTAUS-26SEP09-B73.5,73° to 74°,73.0,74.0,0,2,98,100,621.01,low
48,2026-09-09T19:25:41Z,KAUS,2026-09-09,KXLOWTAUS-26SEP09-B71.5,71° to 72°,71.0,72.0,0,1,99,100,266.81,low
49,2026-09-09T19:25:41Z,KBOS,2026-09-09,KXHIGHTBOS-26SEP10-T89,90° or above,90.0,999.0,4,5,95,96,21.77,high
50,2026-09-09T19:25:41Z,KBOS,2026-09-09,KXHIGHTBOS-26SEP10-T82,81° or below,-999.0,81.0,4,5,95,96,682.64,high
51,2026-09-09T19:25:41Z,KBOS,2026-09-09,KXHIGHTBOS-26SEP10-B88.5,88° to 89°,88.0,89.0,21,22,78,79,95.24,high
52,2026-09-09T19:25:41Z,KBOS,2026-09-09,KXHIGHTBOS-26SEP10-B86.5,86° to 87°,86.0,87.0,50,51,49,50,122.61,high
53,2026-09-09T19:25:41Z,KBOS,2026-09-09,KXHIGHTBOS-26SEP10-B84.5,84° to 85°,84.0,85.0,14,15,85,86,159.4,high
54,2026-09-09T19:25:41Z,KBOS,2026-09-09,KXHIGHTBOS-26SEP10-B82.5,82° to 83°,82.0,83.0,4,5,95,96,531.57,high
55,2026-09-09T19:25:41Z,KBOS,2026-09-09,KXHIGHTBOS-26SEP09-T83,84° or above,84.0,999.0,0,1,99,100,1533.58,high
56,2026-09-09T19:25:41Z,KBOS,2026-09-09,KXHIGHTBOS-26SEP09-T76,75° or below,-999.0,75.0,65,74,26,35,4448.33,high
57,2026-09-09T19:25:41Z,KBOS,2026-09-09,KXHIGHTBOS-26SEP09-B82.5,82° to 83°,82.0,83.0,0,1,99,100,1352.03,high
58,2026-09-09T19:25:41Z,KBOS,2026-09-09,KXHIGHTBOS-26SEP09-B80.5,80° to 81°,80.0,81.0,1,2,98,99,5937.4,high
59,2026-09-09T19:25:41Z,KBOS,2026-09-09,KXHIGHTBOS-26SEP09-B78.5,78° to 79°,78.0,79.0,3,5,95,97,3232.97,high
60,2026-09-09T19:25:41Z,KBOS,2026-09-09,KXHIGHTBOS-26SEP09-B76.5,76° to 77°,76.0,77.0,15,20,80,85,3589.59,high
61,2026-09-09T19:25:41Z,KBOS,2026-09-09,KXLOWTBOS-26SEP10-T72,73° or above,73.0,999.0,5,12,88,95,13.0,low
62,2026-09-09T19:25:41Z,KBOS,2026-09-09,KXLOWTBOS-26SEP10-T65,64° or below,-999.0,64.0,0,4,96,100,63.0,low
63,2026-09-09T19:25:41Z,KBOS,2026-09-09,KXLOWTBOS-26SEP10-B71.5,71° to 72°,71.0,72.0,38,42,58,62,276.0,low
64,2026-09-09T19:25:41Z,KBOS,2026-09-09,KXLOWTBOS-26SEP10-B69.5,69° to 70°,69.0,70.0,33,41,59,67,217.0,low
65,2026-09-09T19:25:41Z,KBOS,2026-09-09,KXLOWTBOS-26SEP10-B67.5,67° to 68°,67.0,68.0,12,14,86,88,35.0,low
66,2026-09-09T19:25:41Z,KBOS,2026-09-09,KXLOWTBOS-26SEP10-B65.5,65° to 66°,65.0,66.0,2,4,96,98,0.0,low
67,2026-09-09T19:25:41Z,KBOS,2026-09-09,KXLOWTBOS-26SEP09-T67,68° or above,68.0,999.0,0,1,99,100,196.0,low
68,2026-09-09T19:25:41Z,KBOS,2026-09-09,KXLOWTBOS-26SEP09-T60,59° or below,-999.0,59.0,0,4,96,100,431.2,low
69,2026-09-09T19:25:41Z,KBOS,2026-09-09,KXLOWTBOS-26SEP09-B66.5,66° to 67°,66.0,67.0,0,1,99,100,692.0,low
70,2026-09-09T19:25:41Z,KBOS,2026-09-09,KXLOWTBOS-26SEP09-B64.5,64° to 65°,64.0,65.0,0,1,99,100,1074.96,low
71,2026-09-09T19:25:41Z,KBOS,2026-09-09,KXLOWTBOS-26SEP09-B62.5,62° to 63°,62.0,63.0,0,1,99,100,1640.3,low
72,2026-09-09T19:25:41Z,KBOS,2026-09-09,KXLOWTBOS-26SEP09-B60.5,60° to 61°,60.0,61.0,95,100,0,5,2001.19,low
457,2026-09-09T19:25:41Z,KDCA,2026-09-09,KXHIGHTDC-26SEP10-T93,94° or above,94.0,999.0,1,2,98,99,322.57,high
458,2026-09-09T19:25:41Z,KDCA,2026-09-09,KXHIGHTDC-26SEP10-T86,85° or below,-999.0,85.0,5,6,94,95,40.57,high
459,2026-09-09T19:25:41Z,KDCA,2026-09-09,KXHIGHTDC-26SEP10-B92.5,92° to 93°,92.0,93.0,12,13,87,88,14.0,high
460,2026-09-09T19:25:41Z,KDCA,2026-09-09,KXHIGHTDC-26SEP10-B90.5,90° to 91°,90.0,91.0,44,45,55,56,128.59,high
461,2026-09-09T19:25:41Z,KDCA,2026-09-09,KXHIGHTDC-26SEP10-B88.5,88° to 89°,88.0,89.0,33,34,66,67,118.32,high
462,2026-09-09T19:25:41Z,KDCA,2026-09-09,KXHIGHTDC-26SEP10-B86.5,86° to 87°,86.0,87.0,7,12,88,93,5.35,high
463,2026-09-09T19:25:41Z,KDCA,2026-09-09,KXHIGHTDC-26SEP09-T93,94° or above,94.0,999.0,0,1,99,100,999.36,high
464,2026-09-09T19:25:41Z,KDCA,2026-09-09,KXHIGHTDC-26SEP09-T86,85° or below,-999.0,85.0,0,1,99,100,984.61,high
465,2026-09-09T19:25:41Z,KDCA,2026-09-09,KXHIGHTDC-26SEP09-B92.5,92° to 93°,92.0,93.0,0,1,99,100,1700.44,high
466,2026-09-09T19:25:41Z,KDCA,2026-09-09,KXHIGHTDC-26SEP09-B90.5,90° to 91°,90.0,91.0,49,51,49,51,3918.59,high
467,2026-09-09T19:25:41Z,KDCA,2026-09-09,KXHIGHTDC-26SEP09-B88.5,88° to 89°,88.0,89.0,51,54,46,49,3379.39,high
468,2026-09-09T19:25:41Z,KDCA,2026-09-09,KXHIGHTDC-26SEP09-B86.5,86° to 87°,86.0,87.0,0,1,99,100,2400.17,high
469,2026-09-09T19:25:41Z,KDCA,2026-09-09,KXLOWTDC-26SEP10-T74,75° or above,75.0,999.0,23,29,71,77,327.0,low
470,2026-09-09T19:25:41Z,KDCA,2026-09-09,KXLOWTDC-26SEP10-T67,66° or below,-999.0,66.0,1,4,96,99,12.0,low
471,2026-09-09T19:25:41Z,KDCA,2026-09-09,KXLOWTDC-26SEP10-B73.5,73° to 74°,73.0,74.0,41,49,51,59,311.0,low
472,2026-09-09T19:25:41Z,KDCA,2026-09-09,KXLOWTDC-26SEP10-B71.5,71° to 72°,71.0,72.0,20,29,71,80,53.52,low
473,2026-09-09T19:25:41Z,KDCA,2026-09-09,KXLOWTDC-26SEP10-B69.5,69° to 70°,69.0,70.0,3,5,95,97,65.14,low
474,2026-09-09T19:25:41Z,KDCA,2026-09-09,KXLOWTDC-26SEP10-B67.5,67° to 68°,67.0,68.0,2,5,95,98,20.18,low
475,2026-09-09T19:25:41Z,KDCA,2026-09-09,KXLOWTDC-26SEP09-T69,70° or above,70.0,999.0,80,99,1,20,1945.23,low
476,2026-09-09T19:25:41Z,KDCA,2026-09-09,KXLOWTDC-26SEP09-T62,61° or below,-999.0,61.0,0,1,99,100,51.18,low
477,2026-09-09T19:25:41Z,KDCA,2026-09-09,KXLOWTDC-26SEP09-B68.5,68° to 69°,68.0,69.0,1,18,82,99,913.98,low
478,2026-09-09T19:25:41Z,KDCA,2026-09-09,KXLOWTDC-26SEP09-B66.5,66° to 67°,66.0,67.0,0,1,99,100,840.56,low
479,2026-09-09T19:25:41Z,KDCA,2026-09-09,KXLOWTDC-26SEP09-B64.5,64° to 65°,64.0,65.0,0,2,98,100,115.24,low
480,2026-09-09T19:25:41Z,KDCA,2026-09-09,KXLOWTDC-26SEP09-B62.5,62° to 63°,62.0,63.0,0,2,98,100,136.14,low
121,2026-09-09T19:25:41Z,KDEN,2026-09-09,KXHIGHDEN-26SEP10-T93,94° or above,94.0,999.0,1,2,98,99,340.86,high
122,2026-09-09T19:25:41Z,KDEN,2026-09-09,KXHIGHDEN-26SEP10-T86,85° or below,-999.0,85.0,1,2,98,99,426.68,high
123,2026-09-09T19:25:41Z,KDEN,2026-09-09,KXHIGHDEN-26SEP10-B92.5,92° to 93°,92.0,93.0,3,4,96,97,5.15,high
124,2026-09-09T19:25:41Z,KDEN,2026-09-09,KXHIGHDEN-26SEP10-B90.5,90° to 91°,90.0,91.0,16,17,83,84,89.37,high
125,2026-09-09T19:25:41Z,KDEN,2026-09-09,KXHIGHDEN-26SEP10-B88.5,88° to 89°,88.0,89.0,58,59,41,42,368.86,high
126,2026-09-09T19:25:41Z,KDEN,2026-09-09,KXHIGHDEN-26SEP10-B86.5,86° to 87°,86.0,87.0,18,19,81,82,250.32,high
127,2026-09-09T19:25:41Z,KDEN,2026-09-09,KXHIGHDEN-26SEP09-T85,86° or above,86.0,999.0,0,2,98,100,799.4,high
128,2026-09-09T19:25:41Z,KDEN,2026-09-09,KXHIGHDEN-26SEP09-T78,77° or below,-999.0,77.0,1,2,98,99,2519.59,high
129,2026-09-09T19:25:41Z,KDEN,2026-09-09,KXHIGHDEN-26SEP09-B84.5,84° to 85°,84.0,85.0,1,2,98,99,3238.57,high
130,2026-09-09T19:25:41Z,KDEN,2026-09-09,KXHIGHDEN-26SEP09-B82.5,82° to 83°,82.0,83.0,38,43,57,62,2820.95,high
131,2026-09-09T19:25:41Z,KDEN,2026-09-09,KXHIGHDEN-26SEP09-B80.5,80° to 81°,80.0,81.0,51,53,47,49,2697.16,high
132,2026-09-09T19:25:41Z,KDEN,2026-09-09,KXHIGHDEN-26SEP09-B78.5,78° to 79°,78.0,79.0,5,7,93,95,2856.2,high
133,2026-09-09T19:25:41Z,KDEN,2026-09-09,KXLOWTDEN-26SEP10-T57,58° or above,58.0,999.0,2,5,95,98,20.19,low
134,2026-09-09T19:25:41Z,KDEN,2026-09-09,KXLOWTDEN-26SEP10-T50,49° or below,-999.0,49.0,1,6,94,99,47.57,low
135,2026-09-09T19:25:41Z,KDEN,2026-09-09,KXLOWTDEN-26SEP10-B56.5,56° to 57°,56.0,57.0,11,15,85,89,66.31,low
136,2026-09-09T19:25:41Z,KDEN,2026-09-09,KXLOWTDEN-26SEP10-B54.5,54° to 55°,54.0,55.0,31,39,61,69,101.23,low
137,2026-09-09T19:25:41Z,KDEN,2026-09-09,KXLOWTDEN-26SEP10-B52.5,52° to 53°,52.0,53.0,27,32,68,73,133.0,low
138,2026-09-09T19:25:41Z,KDEN,2026-09-09,KXLOWTDEN-26SEP10-B50.5,50° to 51°,50.0,51.0,11,18,82,89,9.69,low
139,2026-09-09T19:25:41Z,KDEN,2026-09-09,KXLOWTDEN-26SEP09-T61,62° or above,62.0,999.0,0,1,99,100,442.18,low
140,2026-09-09T19:25:41Z,KDEN,2026-09-09,KXLOWTDEN-26SEP09-T54,53° or below,-999.0,53.0,1,7,93,99,533.35,low
141,2026-09-09T19:25:41Z,KDEN,2026-09-09,KXLOWTDEN-26SEP09-B60.5,60° to 61°,60.0,61.0,0,1,99,100,424.0,low
142,2026-09-09T19:25:41Z,KDEN,2026-09-09,KXLOWTDEN-26SEP09-B58.5,58° to 59°,58.0,59.0,0,1,99,100,842.84,low
143,2026-09-09T19:25:41Z,KDEN,2026-09-09,KXLOWTDEN-26SEP09-B56.5,56° to 57°,56.0,57.0,0,1,99,100,3428.75,low
144,2026-09-09T19:25:41Z,KDEN,2026-09-09,KXLOWTDEN-26SEP09-B54.5,54° to 55°,54.0,55.0,94,98,2,6,1418.74,low
97,2026-09-09T19:25:41Z,KDFW,2026-09-09,KXHIGHTDAL-26SEP10-T97,96° or below,-999.0,96.0,10,11,89,90,301.52,high
98,2026-09-09T19:25:41Z,KDFW,2026-09-09,KXHIGHTDAL-26SEP10-T104,105° or above,105.0,999.0,1,2,98,99,369.76,high
99,2026-09-09T19:25:41Z,KDFW,2026-09-09,KXHIGHTDAL-26SEP10-B99.5,99° to 100°,99.0,100.0,42,44,56,58,302.79,high
100,2026-09-09T19:25:41Z,KDFW,2026-09-09,KXHIGHTDAL-26SEP10-B97.5,97° to 98°,97.0,98.0,34,35,65,66,630.83,high
101,2026-09-09T19:25:41Z,KDFW,2026-09-09,KXHIGHTDAL-26SEP10-B103.5,103° to 104°,103.0,104.0,3,4,96,97,24.58,high
102,2026-09-09T19:25:41Z,KDFW,2026-09-09,KXHIGHTDAL-26SEP10-B101.5,101° to 102°,101.0,102.0,8,9,91,92,404.84,high
103,2026-09-09T19:25:41Z,KDFW,2026-09-09,KXHIGHTDAL-26SEP09-T98,97° or below,-999.0,97.0,0,1,99,100,1659.61,high
104,2026-09-09T19:25:41Z,KDFW,2026-09-09,KXHIGHTDAL-26SEP09-T105,106° or above,106.0,999.0,0,1,99,100,532.12,high
105,2026-09-09T19:25:41Z,KDFW,2026-09-09,KXHIGHTDAL-26SEP09-B98.5,98° to 99°,98.0,99.0,3,8,92,97,3544.34,high
106,2026-09-09T19:25:41Z,KDFW,2026-09-09,KXHIGHTDAL-26SEP09-B104.5,104° to 105°,104.0,105.0,0,1,99,100,975.01,high
107,2026-09-09T19:25:41Z,KDFW,2026-09-09,KXHIGHTDAL-26SEP09-B102.5,102° to 103°,102.0,103.0,8,11,89,92,4114.68,high
108,2026-09-09T19:25:41Z,KDFW,2026-09-09,KXHIGHTDAL-26SEP09-B100.5,100° to 101°,100.0,101.0,79,85,15,21,4837.49,high
109,2026-09-09T19:25:41Z,KDFW,2026-09-09,KXLOWTDAL-26SEP10-T80,81° or above,81.0,999.0,13,16,84,87,21.16,low
110,2026-09-09T19:25:41Z,KDFW,2026-09-09,KXLOWTDAL-26SEP10-T73,72° or below,-999.0,72.0,1,4,96,99,12.0,low
111,2026-09-09T19:25:41Z,KDFW,2026-09-09,KXLOWTDAL-26SEP10-B79.5,79° to 80°,79.0,80.0,56,63,37,44,116.17,low
112,2026-09-09T19:25:41Z,KDFW,2026-09-09,KXLOWTDAL-26SEP10-B77.5,77° to 78°,77.0,78.0,13,21,79,87,116.0,low
113,2026-09-09T19:25:41Z,KDFW,2026-09-09,KXLOWTDAL-26SEP10-B75.5,75° to 76°,75.0,76.0,3,5,95,97,5.14,low
114,2026-09-09T19:25:41Z,KDFW,2026-09-09,KXLOWTDAL-26SEP10-B73.5,73° to 74°,73.0,74.0,0,4,96,100,45.0,low
115,2026-09-09T19:25:41Z,KDFW,2026-09-09,KXLOWTDAL-26SEP09-T82,83° or above,83.0,999.0,0,1,99,100,1461.31,low
116,2026-09-09T19:25:41Z,KDFW,2026-09-09,KXLOWTDAL-26SEP09-T75,74° or below,-999.0,74.0,0,1,99,100,65.18,low
117,2026-09-09T19:25:41Z,KDFW,2026-09-09,KXLOWTDAL-26SEP09-B81.5,81° to 82°,81.0,82.0,97,99,1,3,1212.62,low
118,2026-09-09T19:25:41Z,KDFW,2026-09-09,KXLOWTDAL-26SEP09-B79.5,79° to 80°,79.0,80.0,0,2,98,100,654.25,low
119,2026-09-09T19:25:41Z,KDFW,2026-09-09,KXLOWTDAL-26SEP09-B77.5,77° to 78°,77.0,78.0,0,1,99,100,179.41,low
120,2026-09-09T19:25:41Z,KDFW,2026-09-09,KXLOWTDAL-26SEP09-B75.5,75° to 76°,75.0,76.0,0,1,99,100,191.37,low
145,2026-09-09T19:25:41Z,KIAH,2026-09-09,KXHIGHTHOU-26SEP10-T94,95° or above,95.0,999.0,2,3,97,98,0.0,high
146,2026-09-09T19:25:41Z,KIAH,2026-09-09,KXHIGHTHOU-26SEP10-T87,86° or below,-999.0,86.0,2,3,97,98,62.0,high
147,2026-09-09T19:25:41Z,KIAH,2026-09-09,KXHIGHTHOU-26SEP10-B93.5,93° to 94°,93.0,94.0,18,19,81,82,11.0,high
148,2026-09-09T19:25:41Z,KIAH,2026-09-09,KXHIGHTHOU-26SEP10-B91.5,91° to 92°,91.0,92.0,44,45,55,56,216.0,high
149,2026-09-09T19:25:41Z,KIAH,2026-09-09,KXHIGHTHOU-26SEP10-B89.5,89° to 90°,89.0,90.0,18,20,80,82,70.1,high
150,2026-09-09T19:25:41Z,KIAH,2026-09-09,KXHIGHTHOU-26SEP10-B87.5,87° to 88°,87.0,88.0,8,9,91,92,2.0,high
151,2026-09-09T19:25:41Z,KIAH,2026-09-09,KXHIGHTHOU-26SEP09-T95,96° or above,96.0,999.0,0,1,99,100,246.89,high
152,2026-09-09T19:25:41Z,KIAH,2026-09-09,KXHIGHTHOU-26SEP09-T88,87° or below,-999.0,87.0,0,1,99,100,4220.8,high
153,2026-09-09T19:25:41Z,KIAH,2026-09-09,KXHIGHTHOU-26SEP09-B94.5,94° to 95°,94.0,95.0,4,6,94,96,3321.98,high
154,2026-09-09T19:25:41Z,KIAH,2026-09-09,KXHIGHTHOU-26SEP09-B92.5,92° to 93°,92.0,93.0,57,58,42,43,5231.61,high
155,2026-09-09T19:25:41Z,KIAH,2026-09-09,KXHIGHTHOU-26SEP09-B90.5,90° to 91°,90.0,91.0,42,43,57,58,4398.76,high
156,2026-09-09T19:25:41Z,KIAH,2026-09-09,KXHIGHTHOU-26SEP09-B88.5,88° to 89°,88.0,89.0,0,1,99,100,4749.91,high
157,2026-09-09T19:25:41Z,KIAH,2026-09-09,KXLOWTHOU-26SEP10-T79,80° or above,80.0,999.0,4,11,89,96,30.0,low
158,2026-09-09T19:25:41Z,KIAH,2026-09-09,KXLOWTHOU-26SEP10-T72,71° or below,-999.0,71.0,0,1,99,100,0.0,low
159,2026-09-09T19:25:41Z,KIAH,2026-09-09,KXLOWTHOU-26SEP10-B78.5,78° to 79°,78.0,79.0,39,47,53,61,271.0,low
160,2026-09-09T19:25:41Z,KIAH,2026-09-09,KXLOWTHOU-26SEP10-B76.5,76° to 77°,76.0,77.0,37,44,56,63,59.0,low
161,2026-09-09T19:25:41Z,KIAH,2026-09-09,KXLOWTHOU-26SEP10-B74.5,74° to 75°,74.0,75.0,5,13,87,95,0.0,low
162,2026-09-09T19:25:41Z,KIAH,2026-09-09,KXLOWTHOU-26SEP10-B72.5,72° to 73°,72.0,73.0,3,5,95,97,0.0,low
163,2026-09-09T19:25:41Z,KIAH,2026-09-09,KXLOWTHOU-26SEP09-T80,81° or above,81.0,999.0,0,1,99,100,189.94,low
164,2026-09-09T19:25:41Z,KIAH,2026-09-09,KXLOWTHOU-26SEP09-T73,72° or below,-999.0,72.0,0,2,98,100,37.0,low
165,2026-09-09T19:25:41Z,KIAH,2026-09-09,KXLOWTHOU-26SEP09-B79.5,79° to 80°,79.0,80.0,48,90,10,52,1231.4,low
166,2026-09-09T19:25:41Z,KIAH,2026-09-09,KXLOWTHOU-26SEP09-B77.5,77° to 78°,77.0,78.0,11,17,83,89,199.75,low
167,2026-09-09T19:25:41Z,KIAH,2026-09-09,KXLOWTHOU-26SEP09-B75.5,75° to 76°,75.0,76.0,1,5,95,99,172.01,low
168,2026-09-09T19:25:41Z,KIAH,2026-09-09,KXLOWTHOU-26SEP09-B73.5,73° to 74°,73.0,74.0,1,2,98,99,131.66,low
169,2026-09-09T19:25:41Z,KLAS,2026-09-09,KXHIGHTLV-26SEP10-T110,111° or above,111.0,999.0,2,3,97,98,1173.29,high
170,2026-09-09T19:25:41Z,KLAS,2026-09-09,KXHIGHTLV-26SEP10-T103,102° or below,-999.0,102.0,0,1,99,100,1472.0,high
171,2026-09-09T19:25:41Z,KLAS,2026-09-09,KXHIGHTLV-26SEP10-B109.5,109° to 110°,109.0,110.0,9,11,89,91,107.95,high
172,2026-09-09T19:25:41Z,KLAS,2026-09-09,KXHIGHTLV-26SEP10-B107.5,107° to 108°,107.0,108.0,60,61,39,40,236.5,high
173,2026-09-09T19:25:41Z,KLAS,2026-09-09,KXHIGHTLV-26SEP10-B105.5,105° to 106°,105.0,106.0,24,25,75,76,78.68,high
174,2026-09-09T19:25:41Z,KLAS,2026-09-09,KXHIGHTLV-26SEP10-B103.5,103° to 104°,103.0,104.0,2,3,97,98,69.1,high
175,2026-09-09T19:25:41Z,KLAS,2026-09-09,KXHIGHTLV-26SEP09-T108,109° or above,109.0,999.0,0,1,99,100,2853.08,high
176,2026-09-09T19:25:41Z,KLAS,2026-09-09,KXHIGHTLV-26SEP09-T101,100° or below,-999.0,100.0,0,1,99,100,2347.93,high
177,2026-09-09T19:25:41Z,KLAS,2026-09-09,KXHIGHTLV-26SEP09-B107.5,107° to 108°,107.0,108.0,3,4,96,97,3203.6,high
178,2026-09-09T19:25:41Z,KLAS,2026-09-09,KXHIGHTLV-26SEP09-B105.5,105° to 106°,105.0,106.0,63,64,36,37,5125.72,high
179,2026-09-09T19:25:41Z,KLAS,2026-09-09,KXHIGHTLV-26SEP09-B103.5,103° to 104°,103.0,104.0,32,36,64,68,4092.87,high
180,2026-09-09T19:25:41Z,KLAS,2026-09-09,KXHIGHTLV-26SEP09-B101.5,101° to 102°,101.0,102.0,0,1,99,100,1297.39,high
181,2026-09-09T19:25:41Z,KLAS,2026-09-09,KXLOWTLV-26SEP10-T83,84° or above,84.0,999.0,54,59,41,46,607.54,low
182,2026-09-09T19:25:41Z,KLAS,2026-09-09,KXLOWTLV-26SEP10-T76,75° or below,-999.0,75.0,0,1,99,100,0.0,low
183,2026-09-09T19:25:41Z,KLAS,2026-09-09,KXLOWTLV-26SEP10-B82.5,82° to 83°,82.0,83.0,32,34,66,68,99.07,low
184,2026-09-09T19:25:41Z,KLAS,2026-09-09,KXLOWTLV-26SEP10-B80.5,80° to 81°,80.0,81.0,3,9,91,97,103.76,low
185,2026-09-09T19:25:41Z,KLAS,2026-09-09,KXLOWTLV-26SEP10-B78.5,78° to 79°,78.0,79.0,1,4,96,99,101.15,low
186,2026-09-09T19:25:41Z,KLAS,2026-09-09,KXLOWTLV-26SEP10-B76.5,76° to 77°,76.0,77.0,1,4,96,99,0.0,low
187,2026-09-09T19:25:41Z,KLAS,2026-09-09,KXLOWTLV-26SEP09-T81,82° or above,82.0,999.0,0,1,99,100,1874.4,low
188,2026-09-09T19:25:41Z,KLAS,2026-09-09,KXLOWTLV-26SEP09-T74,73° or below,-999.0,73.0,0,2,98,100,233.0,low
189,2026-09-09T19:25:41Z,KLAS,2026-09-09,KXLOWTLV-26SEP09-B80.5,80° to 81°,80.0,81.0,97,99,1,3,1758.67,low
190,2026-09-09T19:25:41Z,KLAS,2026-09-09,KXLOWTLV-26SEP09-B78.5,78° to 79°,78.0,79.0,0,2,98,100,873.07,low
191,2026-09-09T19:25:41Z,KLAS,2026-09-09,KXLOWTLV-26SEP09-B76.5,76° to 77°,76.0,77.0,1,2,98,99,321.95,low
192,2026-09-09T19:25:41Z,KLAS,2026-09-09,KXLOWTLV-26SEP09-B74.5,74° to 75°,74.0,75.0,0,2,98,100,240.0,low
193,2026-09-09T19:25:41Z,KLAX,2026-09-09,KXHIGHLAX-26SEP10-T90,91° or above,91.0,999.0,64,67,33,36,5059.69,high
194,2026-09-09T19:25:41Z,KLAX,2026-09-09,KXHIGHLAX-26SEP10-T83,82° or below,-999.0,82.0,0,1,99,100,783.0,high
195,2026-09-09T19:25:41Z,KLAX,2026-09-09,KXHIGHLAX-26SEP10-B89.5,89° to 90°,89.0,90.0,20,24,76,80,1459.52,high
196,2026-09-09T19:25:41Z,KLAX,2026-09-09,KXHIGHLAX-26SEP10-B87.5,87° to 88°,87.0,88.0,12,13,87,88,1657.19,high
197,2026-09-09T19:25:41Z,KLAX,2026-09-09,KXHIGHLAX-26SEP10-B85.5,85° to 86°,85.0,86.0,1,2,98,99,2412.56,high
198,2026-09-09T19:25:41Z,KLAX,2026-09-09,KXHIGHLAX-26SEP10-B83.5,83° to 84°,83.0,84.0,1,2,98,99,946.89,high
199,2026-09-09T19:25:41Z,KLAX,2026-09-09,KXHIGHLAX-26SEP09-T92,93° or above,93.0,999.0,99,100,0,1,78551.49,high
200,2026-09-09T19:25:41Z,KLAX,2026-09-09,KXHIGHLAX-26SEP09-T85,84° or below,-999.0,84.0,0,1,99,100,8362.67,high
201,2026-09-09T19:25:41Z,KLAX,2026-09-09,KXHIGHLAX-26SEP09-B91.5,91° to 92°,91.0,92.0,0,1,99,100,43133.21,high
202,2026-09-09T19:25:41Z,KLAX,2026-09-09,KXHIGHLAX-26SEP09-B89.5,89° to 90°,89.0,90.0,0,1,99,100,24770.47,high
203,2026-09-09T19:25:41Z,KLAX,2026-09-09,KXHIGHLAX-26SEP09-B87.5,87° to 88°,87.0,88.0,0,1,99,100,13478.24,high
204,2026-09-09T19:25:41Z,KLAX,2026-09-09,KXHIGHLAX-26SEP09-B85.5,85° to 86°,85.0,86.0,0,1,99,100,7323.64,high
205,2026-09-09T19:25:41Z,KLAX,2026-09-09,KXLOWTLAX-26SEP10-T75,76° or above,76.0,999.0,33,35,65,67,292.07,low
206,2026-09-09T19:25:41Z,KLAX,2026-09-09,KXLOWTLAX-26SEP10-T68,67° or below,-999.0,67.0,0,1,99,100,93.0,low
207,2026-09-09T19:25:41Z,KLAX,2026-09-09,KXLOWTLAX-26SEP10-B74.5,74° to 75°,74.0,75.0,47,53,47,53,94.0,low
208,2026-09-09T19:25:41Z,KLAX,2026-09-09,KXLOWTLAX-26SEP10-B72.5,72° to 73°,72.0,73.0,10,11,89,90,112.43,low
209,2026-09-09T19:25:41Z,KLAX,2026-09-09,KXLOWTLAX-26SEP10-B70.5,70° to 71°,70.0,71.0,2,4,96,98,127.24,low
210,2026-09-09T19:25:41Z,KLAX,2026-09-09,KXLOWTLAX-26SEP10-B68.5,68° to 69°,68.0,69.0,2,4,96,98,24.51,low
211,2026-09-09T19:25:41Z,KLAX,2026-09-09,KXLOWTLAX-26SEP09-T75,76° or above,76.0,999.0,91,95,5,9,3276.61,low
212,2026-09-09T19:25:41Z,KLAX,2026-09-09,KXLOWTLAX-26SEP09-T68,67° or below,-999.0,67.0,0,1,99,100,101.0,low
213,2026-09-09T19:25:41Z,KLAX,2026-09-09,KXLOWTLAX-26SEP09-B74.5,74° to 75°,74.0,75.0,1,7,93,99,1213.09,low
214,2026-09-09T19:25:41Z,KLAX,2026-09-09,KXLOWTLAX-26SEP09-B72.5,72° to 73°,72.0,73.0,1,2,98,99,526.19,low
215,2026-09-09T19:25:41Z,KLAX,2026-09-09,KXLOWTLAX-26SEP09-B70.5,70° to 71°,70.0,71.0,0,1,99,100,210.0,low
216,2026-09-09T19:25:41Z,KLAX,2026-09-09,KXLOWTLAX-26SEP09-B68.5,68° to 69°,68.0,69.0,0,1,99,100,307.84,low
73,2026-09-09T19:25:41Z,KMDW,2026-09-09,KXHIGHCHI-26SEP10-T82,83° or above,83.0,999.0,3,4,96,97,78.7,high
74,2026-09-09T19:25:41Z,KMDW,2026-09-09,KXHIGHCHI-26SEP10-T75,74° or below,-999.0,74.0,3,4,96,97,95.6,high
75,2026-09-09T19:25:41Z,KMDW,2026-09-09,KXHIGHCHI-26SEP10-B81.5,81° to 82°,81.0,82.0,11,12,88,89,21.0,high
76,2026-09-09T19:25:41Z,KMDW,2026-09-09,KXHIGHCHI-26SEP10-B79.5,79° to 80°,79.0,80.0,34,35,65,66,272.69,high
77,2026-09-09T19:25:41Z,KMDW,2026-09-09,KXHIGHCHI-26SEP10-B77.5,77° to 78°,77.0,78.0,36,37,63,64,389.48,high
78,2026-09-09T19:25:41Z,KMDW,2026-09-09,KXHIGHCHI-26SEP10-B75.5,75° to 76°,75.0,76.0,11,14,86,89,249.56,high
79,2026-09-09T19:25:41Z,KMDW,2026-09-09,KXHIGHCHI-26SEP09-T87,88° or above,88.0,999.0,0,1,99,100,2404.92,high
80,2026-09-09T19:25:41Z,KMDW,2026-09-09,KXHIGHCHI-26SEP09-T80,79° or below,-999.0,79.0,53,54,46,47,18263.18,high
81,2026-09-09T19:25:41Z,KMDW,2026-09-09,KXHIGHCHI-26SEP09-B86.5,86° to 87°,86.0,87.0,0,1,99,100,1532.09,high
82,2026-09-09T19:25:41Z,KMDW,2026-09-09,KXHIGHCHI-26SEP09-B84.5,84° to 85°,84.0,85.0,0,1,99,100,4195.78,high
83,2026-09-09T19:25:41Z,KMDW,2026-09-09,KXHIGHCHI-26SEP09-B82.5,82° to 83°,82.0,83.0,6,7,93,94,7580.37,high
84,2026-09-09T19:25:41Z,KMDW,2026-09-09,KXHIGHCHI-26SEP09-B80.5,80° to 81°,80.0,81.0,39,42,58,61,8015.47,high
85,2026-09-09T19:25:41Z,KMDW,2026-09-09,KXLOWTCHI-26SEP10-T69,70° or above,70.0,999.0,9,14,86,91,211.19,low
86,2026-09-09T19:25:41Z,KMDW,2026-09-09,KXLOWTCHI-26SEP10-T62,61° or below,-999.0,61.0,2,4,96,98,82.37,low
87,2026-09-09T19:25:41Z,KMDW,2026-09-09,KXLOWTCHI-26SEP10-B68.5,68° to 69°,68.0,69.0,28,33,67,72,322.0,low
88,2026-09-09T19:25:41Z,KMDW,2026-09-09,KXLOWTCHI-26SEP10-B66.5,66° to 67°,66.0,67.0,33,40,60,67,127.0,low
89,2026-09-09T19:25:41Z,KMDW,2026-09-09,KXLOWTCHI-26SEP10-B64.5,64° to 65°,64.0,65.0,11,17,83,89,232.6,low
90,2026-09-09T19:25:41Z,KMDW,2026-09-09,KXLOWTCHI-26SEP10-B62.5,62° to 63°,62.0,63.0,2,8,92,98,96.61,low
91,2026-09-09T19:25:41Z,KMDW,2026-09-09,KXLOWTCHI-26SEP09-T75,76° or above,76.0,999.0,0,1,99,100,1127.0,low
92,2026-09-09T19:25:41Z,KMDW,2026-09-09,KXLOWTCHI-26SEP09-T68,67° or below,-999.0,67.0,0,7,93,100,1515.07,low
93,2026-09-09T19:25:41Z,KMDW,2026-09-09,KXLOWTCHI-26SEP09-B74.5,74° to 75°,74.0,75.0,0,1,99,100,980.89,low
94,2026-09-09T19:25:41Z,KMDW,2026-09-09,KXLOWTCHI-26SEP09-B72.5,72° to 73°,72.0,73.0,29,87,13,71,2753.82,low
95,2026-09-09T19:25:41Z,KMDW,2026-09-09,KXLOWTCHI-26SEP09-B70.5,70° to 71°,70.0,71.0,3,50,50,97,1887.87,low
96,2026-09-09T19:25:41Z,KMDW,2026-09-09,KXLOWTCHI-26SEP09-B68.5,68° to 69°,68.0,69.0,3,11,89,97,1568.17,low
217,2026-09-09T19:25:41Z,KMIA,2026-09-09,KXHIGHMIA-26SEP10-T93,94° or above,94.0,999.0,0,1,99,100,896.0,high
218,2026-09-09T19:25:41Z,KMIA,2026-09-09,KXHIGHMIA-26SEP10-T86,85° or below,-999.0,85.0,1,2,98,99,1018.28,high
219,2026-09-09T19:25:41Z,KMIA,2026-09-09,KXHIGHMIA-26SEP10-B92.5,92° to 93°,92.0,93.0,18,19,81,82,421.47,high
220,2026-09-09T19:25:41Z,KMIA,2026-09-09,KXHIGHMIA-26SEP10-B90.5,90° to 91°,90.0,91.0,48,49,51,52,334.08,high
221,2026-09-09T19:25:41Z,KMIA,2026-09-09,KXHIGHMIA-26SEP10-B88.5,88° to 89°,88.0,89.0,28,29,71,72,269.5,high
222,2026-09-09T19:25:41Z,KMIA,2026-09-09,KXHIGHMIA-26SEP10-B86.5,86° to 87°,86.0,87.0,4,5,95,96,70.47,high
223,2026-09-09T19:25:41Z,KMIA,2026-09-09,KXHIGHMIA-26SEP09-T94,95° or above,95.0,999.0,0,1,99,100,4502.99,high
224,2026-09-09T19:25:41Z,KMIA,2026-09-09,KXHIGHMIA-26SEP09-T87,86° or below,-999.0,86.0,0,1,99,100,30442.79,high
225,2026-09-09T19:25:41Z,KMIA,2026-09-09,KXHIGHMIA-26SEP09-B93.5,93° to 94°,93.0,94.0,0,1,99,100,13534.85,high
226,2026-09-09T19:25:41Z,KMIA,2026-09-09,KXHIGHMIA-26SEP09-B91.5,91° to 92°,91.0,92.0,48,53,47,52,24783.66,high
227,2026-09-09T19:25:41Z,KMIA,2026-09-09,KXHIGHMIA-26SEP09-B89.5,89° to 90°,89.0,90.0,49,54,46,51,29773.58,high
228,2026-09-09T19:25:41Z,KMIA,2026-09-09,KXHIGHMIA-26SEP09-B87.5,87° to 88°,87.0,88.0,0,1,99,100,58544.4,high
229,2026-09-09T19:25:41Z,KMIA,2026-09-09,KXLOWTMIA-26SEP10-T82,83° or above,83.0,999.0,3,4,96,97,23.97,low
230,2026-09-09T19:25:41Z,KMIA,2026-09-09,KXLOWTMIA-26SEP10-T75,74° or below,-999.0,74.0,3,4,96,97,31.61,low
231,2026-09-09T19:25:41Z,KMIA,2026-09-09,KXLOWTMIA-26SEP10-B81.5,81° to 82°,81.0,82.0,12,15,85,88,50.0,low
232,2026-09-09T19:25:41Z,KMIA,2026-09-09,KXLOWTMIA-26SEP10-B79.5,79° to 80°,79.0,80.0,28,36,64,72,121.0,low
233,2026-09-09T19:25:41Z,KMIA,2026-09-09,KXLOWTMIA-26SEP10-B77.5,77° to 78°,77.0,78.0,31,39,61,69,129.0,low
234,2026-09-09T19:25:41Z,KMIA,2026-09-09,KXLOWTMIA-26SEP10-B75.5,75° to 76°,75.0,76.0,11,15,85,89,5.0,low
235,2026-09-09T19:25:41Z,KMIA,2026-09-09,KXLOWTMIA-26SEP09-T82,83° or above,83.0,999.0,0,1,99,100,528.97,low
236,2026-09-09T19:25:41Z,KMIA,2026-09-09,KXLOWTMIA-26SEP09-T75,74° or below,-999.0,74.0,1,7,93,99,800.85,low
237,2026-09-09T19:25:41Z,KMIA,2026-09-09,KXLOWTMIA-26SEP09-B81.5,81° to 82°,81.0,82.0,0,1,99,100,792.64,low
238,2026-09-09T19:25:41Z,KMIA,2026-09-09,KXLOWTMIA-26SEP09-B79.5,79° to 80°,79.0,80.0,69,87,13,31,1832.2,low
239,2026-09-09T19:25:41Z,KMIA,2026-09-09,KXLOWTMIA-26SEP09-B77.5,77° to 78°,77.0,78.0,12,19,81,88,835.03,low
240,2026-09-09T19:25:41Z,KMIA,2026-09-09,KXLOWTMIA-26SEP09-B75.5,75° to 76°,75.0,76.0,3,5,95,97,676.74,low
241,2026-09-09T19:25:41Z,KMSP,2026-09-09,KXHIGHTMIN-26SEP10-T85,86° or above,86.0,999.0,4,5,95,96,206.57,high
242,2026-09-09T19:25:41Z,KMSP,2026-09-09,KXHIGHTMIN-26SEP10-T78,77° or below,-999.0,77.0,2,3,97,98,362.35,high
243,2026-09-09T19:25:41Z,KMSP,2026-09-09,KXHIGHTMIN-26SEP10-B84.5,84° to 85°,84.0,85.0,17,20,80,83,86.92,high
244,2026-09-09T19:25:41Z,KMSP,2026-09-09,KXHIGHTMIN-26SEP10-B82.5,82° to 83°,82.0,83.0,48,49,51,52,249.51,high
245,2026-09-09T19:25:41Z,KMSP,2026-09-09,KXHIGHTMIN-26SEP10-B80.5,80° to 81°,80.0,81.0,19,23,77,81,80.17,high
246,2026-09-09T19:25:41Z,KMSP,2026-09-09,KXHIGHTMIN-26SEP10-B78.5,78° to 79°,78.0,79.0,3,4,96,97,523.82,high
247,2026-09-09T19:25:41Z,KMSP,2026-09-09,KXHIGHTMIN-26SEP09-T83,84° or above,84.0,999.0,5,8,92,95,4847.2,high
248,2026-09-09T19:25:41Z,KMSP,2026-09-09,KXHIGHTMIN-26SEP09-T76,75° or below,-999.0,75.0,0,1,99,100,888.44,high
249,2026-09-09T19:25:41Z,KMSP,2026-09-09,KXHIGHTMIN-26SEP09-B82.5,82° to 83°,82.0,83.0,32,33,67,68,7052.32,high
250,2026-09-09T19:25:41Z,KMSP,2026-09-09,KXHIGHTMIN-26SEP09-B80.5,80° to 81°,80.0,81.0,56,65,35,44,6534.53,high
251,2026-09-09T19:25:41Z,KMSP,2026-09-09,KXHIGHTMIN-26SEP09-B78.5,78° to 79°,78.0,79.0,0,1,99,100,7309.16,high
252,2026-09-09T19:25:41Z,KMSP,2026-09-09,KXHIGHTMIN-26SEP09-B76.5,76° to 77°,76.0,77.0,0,1,99,100,1487.34,high
253,2026-09-09T19:25:41Z,KMSP,2026-09-09,KXLOWTMIN-26SEP10-T59,60° or above,60.0,999.0,23,29,71,77,268.0,low
254,2026-09-09T19:25:41Z,KMSP,2026-09-09,KXLOWTMIN-26SEP10-T52,51° or below,-999.0,51.0,1,4,96,99,29.0,low
255,2026-09-09T19:25:41Z,KMSP,2026-09-09,KXLOWTMIN-26SEP10-B58.5,58° to 59°,58.0,59.0,35,43,57,65,134.0,low
256,2026-09-09T19:25:41Z,KMSP,2026-09-09,KXLOWTMIN-26SEP10-B56.5,56° to 57°,56.0,57.0,23,30,70,77,24.0,low
257,2026-09-09T19:25:41Z,KMSP,2026-09-09,KXLOWTMIN-26SEP10-B54.5,54° to 55°,54.0,55.0,5,12,88,95,3.0,low
258,2026-09-09T19:25:41Z,KMSP,2026-09-09,KXLOWTMIN-26SEP10-B52.5,52° to 53°,52.0,53.0,3,4,96,97,0.0,low
259,2026-09-09T19:25:41Z,KMSP,2026-09-09,KXLOWTMIN-26SEP09-T64,65° or above,65.0,999.0,0,1,99,100,1063.96,low
260,2026-09-09T19:25:41Z,KMSP,2026-09-09,KXLOWTMIN-26SEP09-T57,56° or below,-999.0,56.0,0,2,98,100,149.0,low
261,2026-09-09T19:25:41Z,KMSP,2026-09-09,KXLOWTMIN-26SEP09-B63.5,63° to 64°,63.0,64.0,88,92,8,12,1303.08,low
262,2026-09-09T19:25:41Z,KMSP,2026-09-09,KXLOWTMIN-26SEP09-B61.5,61° to 62°,61.0,62.0,10,15,85,90,578.73,low
263,2026-09-09T19:25:41Z,KMSP,2026-09-09,KXLOWTMIN-26SEP09-B59.5,59° to 60°,59.0,60.0,1,4,96,99,378.1,low
264,2026-09-09T19:25:41Z,KMSP,2026-09-09,KXLOWTMIN-26SEP09-B57.5,57° to 58°,57.0,58.0,0,2,98,100,102.0,low
265,2026-09-09T19:25:41Z,KMSY,2026-09-09,KXHIGHTNOLA-26SEP10-T93,94° or above,94.0,999.0,1,2,98,99,81.02,high
266,2026-09-09T19:25:41Z,KMSY,2026-09-09,KXHIGHTNOLA-26SEP10-T86,85° or below,-999.0,85.0,14,16,84,86,190.37,high
267,2026-09-09T19:25:41Z,KMSY,2026-09-09,KXHIGHTNOLA-26SEP10-B92.5,92° to 93°,92.0,93.0,2,3,97,98,52.57,high
268,2026-09-09T19:25:41Z,KMSY,2026-09-09,KXHIGHTNOLA-26SEP10-B90.5,90° to 91°,90.0,91.0,17,18,82,83,267.0,high
269,2026-09-09T19:25:41Z,KMSY,2026-09-09,KXHIGHTNOLA-26SEP10-B88.5,88° to 89°,88.0,89.0,37,38,62,63,122.88,high
270,2026-09-09T19:25:41Z,KMSY,2026-09-09,KXHIGHTNOLA-26SEP10-B86.5,86° to 87°,86.0,87.0,28,29,71,72,148.9,high
271,2026-09-09T19:25:41Z,KMSY,2026-09-09,KXHIGHTNOLA-26SEP09-T93,94° or above,94.0,999.0,0,3,97,100,1070.91,high
272,2026-09-09T19:25:41Z,KMSY,2026-09-09,KXHIGHTNOLA-26SEP09-T86,85° or below,-999.0,85.0,0,1,99,100,883.84,high
273,2026-09-09T19:25:41Z,KMSY,2026-09-09,KXHIGHTNOLA-26SEP09-B92.5,92° to 93°,92.0,93.0,25,29,71,75,3592.77,high
274,2026-09-09T19:25:41Z,KMSY,2026-09-09,KXHIGHTNOLA-26SEP09-B90.5,90° to 91°,90.0,91.0,61,74,26,39,1957.48,high
275,2026-09-09T19:25:41Z,KMSY,2026-09-09,KXHIGHTNOLA-26SEP09-B88.5,88° to 89°,88.0,89.0,0,1,99,100,1446.71,high
276,2026-09-09T19:25:41Z,KMSY,2026-09-09,KXHIGHTNOLA-26SEP09-B86.5,86° to 87°,86.0,87.0,0,1,99,100,875.98,high
277,2026-09-09T19:25:41Z,KMSY,2026-09-09,KXLOWTNOLA-26SEP10-T80,81° or above,81.0,999.0,2,5,95,98,0.0,low
278,2026-09-09T19:25:41Z,KMSY,2026-09-09,KXLOWTNOLA-26SEP10-T73,72° or below,-999.0,72.0,0,1,99,100,0.0,low
279,2026-09-09T19:25:41Z,KMSY,2026-09-09,KXLOWTNOLA-26SEP10-B79.5,79° to 80°,79.0,80.0,19,24,76,81,244.0,low
280,2026-09-09T19:25:41Z,KMSY,2026-09-09,KXLOWTNOLA-26SEP10-B77.5,77° to 78°,77.0,78.0,48,56,44,52,262.46,low
281,2026-09-09T19:25:41Z,KMSY,2026-09-09,KXLOWTNOLA-26SEP10-B75.5,75° to 76°,75.0,76.0,17,18,82,83,0.03,low
282,2026-09-09T19:25:41Z,KMSY,2026-09-09,KXLOWTNOLA-26SEP10-B73.5,73° to 74°,73.0,74.0,3,8,92,97,11.33,low
283,2026-09-09T19:25:41Z,KMSY,2026-09-09,KXLOWTNOLA-26SEP09-T81,82° or above,82.0,999.0,0,1,99,100,95.0,low
284,2026-09-09T19:25:41Z,KMSY,2026-09-09,KXLOWTNOLA-26SEP09-T74,73° or below,-999.0,73.0,0,2,98,100,86.0,low
285,2026-09-09T19:25:41Z,KMSY,2026-09-09,KXLOWTNOLA-26SEP09-B80.5,80° to 81°,80.0,81.0,0,1,99,100,346.94,low
286,2026-09-09T19:25:41Z,KMSY,2026-09-09,KXLOWTNOLA-26SEP09-B78.5,78° to 79°,78.0,79.0,95,98,2,5,1015.01,low
287,2026-09-09T19:25:41Z,KMSY,2026-09-09,KXLOWTNOLA-26SEP09-B76.5,76° to 77°,76.0,77.0,2,6,94,98,560.52,low
288,2026-09-09T19:25:41Z,KMSY,2026-09-09,KXLOWTNOLA-26SEP09-B74.5,74° to 75°,74.0,75.0,0,1,99,100,66.0,low
289,2026-09-09T19:25:41Z,KNYC,2026-09-09,KXHIGHNY-26SEP10-T92,93° or above,93.0,999.0,0,1,99,100,1025.0,high
290,2026-09-09T19:25:41Z,KNYC,2026-09-09,KXHIGHNY-26SEP10-T85,84° or below,-999.0,84.0,24,25,75,76,1122.55,high
291,2026-09-09T19:25:41Z,KNYC,2026-09-09,KXHIGHNY-26SEP10-B91.5,91° to 92°,91.0,92.0,1,2,98,99,375.4,high
292,2026-09-09T19:25:41Z,KNYC,2026-09-09,KXHIGHNY-26SEP10-B89.5,89° to 90°,89.0,90.0,3,4,96,97,559.64,high
293,2026-09-09T19:25:41Z,KNYC,2026-09-09,KXHIGHNY-26SEP10-B87.5,87° to 88°,87.0,88.0,35,36,64,65,1244.02,high
294,2026-09-09T19:25:41Z,KNYC,2026-09-09,KXHIGHNY-26SEP10-B85.5,85° to 86°,85.0,86.0,41,42,58,59,406.49,high
295,2026-09-09T19:25:41Z,KNYC,2026-09-09,KXHIGHNY-26SEP09-T91,92° or above,92.0,999.0,0,1,99,100,4107.48,high
296,2026-09-09T19:25:41Z,KNYC,2026-09-09,KXHIGHNY-26SEP09-T84,83° or below,-999.0,83.0,97,98,2,3,36012.52,high
297,2026-09-09T19:25:41Z,KNYC,2026-09-09,KXHIGHNY-26SEP09-B90.5,90° to 91°,90.0,91.0,0,1,99,100,1327.54,high
298,2026-09-09T19:25:41Z,KNYC,2026-09-09,KXHIGHNY-26SEP09-B88.5,88° to 89°,88.0,89.0,0,1,99,100,2621.52,high
299,2026-09-09T19:25:41Z,KNYC,2026-09-09,KXHIGHNY-26SEP09-B86.5,86° to 87°,86.0,87.0,0,1,99,100,34869.34,high
300,2026-09-09T19:25:41Z,KNYC,2026-09-09,KXHIGHNY-26SEP09-B84.5,84° to 85°,84.0,85.0,1,2,98,99,25520.26,high
301,2026-09-09T19:25:41Z,KNYC,2026-09-09,KXLOWTNYC-26SEP10-T75,76° or above,76.0,999.0,2,5,95,98,74.28,low
302,2026-09-09T19:25:41Z,KNYC,2026-09-09,KXLOWTNYC-26SEP10-T68,67° or below,-999.0,67.0,2,4,96,98,57.37,low
303,2026-09-09T19:25:41Z,KNYC,2026-09-09,KXLOWTNYC-26SEP10-B74.5,74° to 75°,74.0,75.0,9,11,89,91,292.0,low
304,2026-09-09T19:25:41Z,KNYC,2026-09-09,KXLOWTNYC-26SEP10-B72.5,72° to 73°,72.0,73.0,46,57,43,54,418.4,low
305,2026-09-09T19:25:41Z,KNYC,2026-09-09,KXLOWTNYC-26SEP10-B70.5,70° to 71°,70.0,71.0,23,31,69,77,213.3,low
306,2026-09-09T19:25:41Z,KNYC,2026-09-09,KXLOWTNYC-26SEP10-B68.5,68° to 69°,68.0,69.0,3,9,91,97,48.38,low
307,2026-09-09T19:25:41Z,KNYC,2026-09-09,KXLOWTNYC-26SEP09-T69,70° or above,70.0,999.0,0,1,99,100,2543.4,low
308,2026-09-09T19:25:41Z,KNYC,2026-09-09,KXLOWTNYC-26SEP09-T62,61° or below,-999.0,61.0,0,1,99,100,175.0,low
309,2026-09-09T19:25:41Z,KNYC,2026-09-09,KXLOWTNYC-26SEP09-B68.5,68° to 69°,68.0,69.0,99,100,0,1,2302.12,low
310,2026-09-09T19:25:41Z,KNYC,2026-09-09,KXLOWTNYC-26SEP09-B66.5,66° to 67°,66.0,67.0,0,1,99,100,3263.2,low
311,2026-09-09T19:25:41Z,KNYC,2026-09-09,KXLOWTNYC-26SEP09-B64.5,64° to 65°,64.0,65.0,0,2,98,100,637.67,low
312,2026-09-09T19:25:41Z,KNYC,2026-09-09,KXLOWTNYC-26SEP09-B62.5,62° to 63°,62.0,63.0,0,1,99,100,999.77,low
313,2026-09-09T19:25:41Z,KOKC,2026-09-09,KXHIGHTOKC-26SEP10-T90,91° or above,91.0,999.0,8,10,90,92,696.58,high
314,2026-09-09T19:25:41Z,KOKC,2026-09-09,KXHIGHTOKC-26SEP10-T83,82° or below,-999.0,82.0,9,11,89,91,337.03,high
315,2026-09-09T19:25:41Z,KOKC,2026-09-09,KXHIGHTOKC-26SEP10-B89.5,89° to 90°,89.0,90.0,12,16,84,88,31.85,high
316,2026-09-09T19:25:41Z,KOKC,2026-09-09,KXHIGHTOKC-26SEP10-B87.5,87° to 88°,87.0,88.0,24,25,75,76,279.47,high
317,2026-09-09T19:25:41Z,KOKC,2026-09-09,KXHIGHTOKC-26SEP10-B85.5,85° to 86°,85.0,86.0,20,23,77,80,235.54,high
318,2026-09-09T19:25:41Z,KOKC,2026-09-09,KXHIGHTOKC-26SEP10-B83.5,83° to 84°,83.0,84.0,11,15,85,89,409.88,high
319,2026-09-09T19:25:41Z,KOKC,2026-09-09,KXHIGHTOKC-26SEP09-T97,96° or below,-999.0,96.0,0,1,99,100,97.0,high
320,2026-09-09T19:25:41Z,KOKC,2026-09-09,KXHIGHTOKC-26SEP09-T104,105° or above,105.0,999.0,0,1,99,100,2414.91,high
321,2026-09-09T19:25:41Z,KOKC,2026-09-09,KXHIGHTOKC-26SEP09-B99.5,99° to 100°,99.0,100.0,0,1,99,100,2783.86,high
322,2026-09-09T19:25:41Z,KOKC,2026-09-09,KXHIGHTOKC-26SEP09-B97.5,97° to 98°,97.0,98.0,0,1,99,100,1013.71,high
323,2026-09-09T19:25:41Z,KOKC,2026-09-09,KXHIGHTOKC-26SEP09-B103.5,103° to 104°,103.0,104.0,66,82,18,34,4860.74,high
324,2026-09-09T19:25:41Z,KOKC,2026-09-09,KXHIGHTOKC-26SEP09-B101.5,101° to 102°,101.0,102.0,20,29,71,80,4128.9,high
325,2026-09-09T19:25:41Z,KOKC,2026-09-09,KXLOWTOKC-26SEP10-T75,76° or above,76.0,999.0,5,12,88,95,76.0,low
326,2026-09-09T19:25:41Z,KOKC,2026-09-09,KXLOWTOKC-26SEP10-T68,67° or below,-999.0,67.0,3,4,96,97,107.0,low
327,2026-09-09T19:25:41Z,KOKC,2026-09-09,KXLOWTOKC-26SEP10-B74.5,74° to 75°,74.0,75.0,21,28,72,79,223.0,low
328,2026-09-09T19:25:41Z,KOKC,2026-09-09,KXLOWTOKC-26SEP10-B72.5,72° to 73°,72.0,73.0,34,38,62,66,163.25,low
329,2026-09-09T19:25:41Z,KOKC,2026-09-09,KXLOWTOKC-26SEP10-B70.5,70° to 71°,70.0,71.0,17,23,77,83,195.36,low
330,2026-09-09T19:25:41Z,KOKC,2026-09-09,KXLOWTOKC-26SEP10-B68.5,68° to 69°,68.0,69.0,7,12,88,93,126.0,low
331,2026-09-09T19:25:41Z,KOKC,2026-09-09,KXLOWTOKC-26SEP09-T78,79° or above,79.0,999.0,0,1,99,100,2205.35,low
332,2026-09-09T19:25:41Z,KOKC,2026-09-09,KXLOWTOKC-26SEP09-T71,70° or below,-999.0,70.0,0,1,99,100,153.5,low
333,2026-09-09T19:25:41Z,KOKC,2026-09-09,KXLOWTOKC-26SEP09-B77.5,77° to 78°,77.0,78.0,96,99,1,4,2526.13,low
334,2026-09-09T19:25:41Z,KOKC,2026-09-09,KXLOWTOKC-26SEP09-B75.5,75° to 76°,75.0,76.0,1,2,98,99,1274.04,low
335,2026-09-09T19:25:41Z,KOKC,2026-09-09,KXLOWTOKC-26SEP09-B73.5,73° to 74°,73.0,74.0,1,5,95,99,598.05,low
336,2026-09-09T19:25:41Z,KOKC,2026-09-09,KXLOWTOKC-26SEP09-B71.5,71° to 72°,71.0,72.0,0,2,98,100,95.83,low
337,2026-09-09T19:25:41Z,KPHL,2026-09-09,KXHIGHPHIL-26SEP10-T91,92° or above,92.0,999.0,3,4,96,97,319.6,high
338,2026-09-09T19:25:41Z,KPHL,2026-09-09,KXHIGHPHIL-26SEP10-T84,83° or below,-999.0,83.0,3,5,95,97,32.86,high
339,2026-09-09T19:25:41Z,KPHL,2026-09-09,KXHIGHPHIL-26SEP10-B90.5,90° to 91°,90.0,91.0,27,28,72,73,290.07,high
340,2026-09-09T19:25:41Z,KPHL,2026-09-09,KXHIGHPHIL-26SEP10-B88.5,88° to 89°,88.0,89.0,37,38,62,63,426.85,high
341,2026-09-09T19:25:41Z,KPHL,2026-09-09,KXHIGHPHIL-26SEP10-B86.5,86° to 87°,86.0,87.0,15,18,82,85,41.17,high
342,2026-09-09T19:25:41Z,KPHL,2026-09-09,KXHIGHPHIL-26SEP10-B84.5,84° to 85°,84.0,85.0,7,8,92,93,3.05,high
343,2026-09-09T19:25:41Z,KPHL,2026-09-09,KXHIGHPHIL-26SEP09-T91,92° or above,92.0,999.0,0,1,99,100,1491.35,high
344,2026-09-09T19:25:41Z,KPHL,2026-09-09,KXHIGHPHIL-26SEP09-T84,83° or below,-999.0,83.0,0,1,99,100,848.88,high
345,2026-09-09T19:25:41Z,KPHL,2026-09-09,KXHIGHPHIL-26SEP09-B90.5,90° to 91°,90.0,91.0,38,39,61,62,3887.32,high
346,2026-09-09T19:25:41Z,KPHL,2026-09-09,KXHIGHPHIL-26SEP09-B88.5,88° to 89°,88.0,89.0,60,63,37,40,4623.95,high
347,2026-09-09T19:25:41Z,KPHL,2026-09-09,KXHIGHPHIL-26SEP09-B86.5,86° to 87°,86.0,87.0,0,1,99,100,5197.82,high
348,2026-09-09T19:25:41Z,KPHL,2026-09-09,KXHIGHPHIL-26SEP09-B84.5,84° to 85°,84.0,85.0,0,1,99,100,1032.47,high
349,2026-09-09T19:25:41Z,KPHL,2026-09-09,KXLOWTPHIL-26SEP10-T74,75° or above,75.0,999.0,30,37,63,70,185.0,low
350,2026-09-09T19:25:41Z,KPHL,2026-09-09,KXLOWTPHIL-26SEP10-T67,66° or below,-999.0,66.0,1,4,96,99,12.0,low
351,2026-09-09T19:25:41Z,KPHL,2026-09-09,KXLOWTPHIL-26SEP10-B73.5,73° to 74°,73.0,74.0,35,42,58,65,135.0,low
352,2026-09-09T19:25:41Z,KPHL,2026-09-09,KXLOWTPHIL-26SEP10-B71.5,71° to 72°,71.0,72.0,16,22,78,84,34.0,low
353,2026-09-09T19:25:41Z,KPHL,2026-09-09,KXLOWTPHIL-26SEP10-B69.5,69° to 70°,69.0,70.0,2,8,92,98,36.29,low
354,2026-09-09T19:25:41Z,KPHL,2026-09-09,KXLOWTPHIL-26SEP10-B67.5,67° to 68°,67.0,68.0,2,4,96,98,20.18,low
355,2026-09-09T19:25:41Z,KPHL,2026-09-09,KXLOWTPHIL-26SEP09-T68,69° or above,69.0,999.0,99,100,0,1,1972.21,low
356,2026-09-09T19:25:41Z,KPHL,2026-09-09,KXLOWTPHIL-26SEP09-T61,60° or below,-999.0,60.0,0,1,99,100,211.44,low
357,2026-09-09T19:25:41Z,KPHL,2026-09-09,KXLOWTPHIL-26SEP09-B67.5,67° to 68°,67.0,68.0,0,1,99,100,1397.86,low
358,2026-09-09T19:25:41Z,KPHL,2026-09-09,KXLOWTPHIL-26SEP09-B65.5,65° to 66°,65.0,66.0,0,2,98,100,681.53,low
359,2026-09-09T19:25:41Z,KPHL,2026-09-09,KXLOWTPHIL-26SEP09-B63.5,63° to 64°,63.0,64.0,0,2,98,100,223.37,low
360,2026-09-09T19:25:41Z,KPHL,2026-09-09,KXLOWTPHIL-26SEP09-B61.5,61° to 62°,61.0,62.0,0,2,98,100,115.0,low
361,2026-09-09T19:25:41Z,KPHX,2026-09-09,KXHIGHTPHX-26SEP10-T112,113° or above,113.0,999.0,1,2,98,99,508.18,high
362,2026-09-09T19:25:41Z,KPHX,2026-09-09,KXHIGHTPHX-26SEP10-T105,104° or below,-999.0,104.0,1,2,98,99,178.77,high
363,2026-09-09T19:25:41Z,KPHX,2026-09-09,KXHIGHTPHX-26SEP10-B111.5,111° to 112°,111.0,112.0,4,5,95,96,78.24,high
364,2026-09-09T19:25:41Z,KPHX,2026-09-09,KXHIGHTPHX-26SEP10-B109.5,109° to 110°,109.0,110.0,49,50,50,51,212.55,high
365,2026-09-09T19:25:41Z,KPHX,2026-09-09,KXHIGHTPHX-26SEP10-B107.5,107° to 108°,107.0,108.0,41,42,58,59,110.35,high
366,2026-09-09T19:25:41Z,KPHX,2026-09-09,KXHIGHTPHX-26SEP10-B105.5,105° to 106°,105.0,106.0,3,6,94,97,25.75,high
367,2026-09-09T19:25:41Z,KPHX,2026-09-09,KXHIGHTPHX-26SEP09-T111,112° or above,112.0,999.0,0,1,99,100,1919.1,high
368,2026-09-09T19:25:41Z,KPHX,2026-09-09,KXHIGHTPHX-26SEP09-T104,103° or below,-999.0,103.0,0,1,99,100,1464.56,high
369,2026-09-09T19:25:41Z,KPHX,2026-09-09,KXHIGHTPHX-26SEP09-B110.5,110° to 111°,110.0,111.0,2,4,96,98,4679.8,high
370,2026-09-09T19:25:41Z,KPHX,2026-09-09,KXHIGHTPHX-26SEP09-B108.5,108° to 109°,108.0,109.0,34,40,60,66,5363.84,high
371,2026-09-09T19:25:41Z,KPHX,2026-09-09,KXHIGHTPHX-26SEP09-B106.5,106° to 107°,106.0,107.0,53,57,43,47,4047.95,high
372,2026-09-09T19:25:41Z,KPHX,2026-09-09,KXHIGHTPHX-26SEP09-B104.5,104° to 105°,104.0,105.0,2,3,97,98,3915.89,high
373,2026-09-09T19:25:41Z,KPHX,2026-09-09,KXLOWTPHX-26SEP10-T89,90° or above,90.0,999.0,48,49,51,52,234.0,low
374,2026-09-09T19:25:41Z,KPHX,2026-09-09,KXLOWTPHX-26SEP10-T82,81° or below,-999.0,81.0,0,2,98,100,147.0,low
375,2026-09-09T19:25:41Z,KPHX,2026-09-09,KXLOWTPHX-26SEP10-B88.5,88° to 89°,88.0,89.0,26,32,68,74,19.0,low
376,2026-09-09T19:25:41Z,KPHX,2026-09-09,KXLOWTPHX-26SEP10-B86.5,86° to 87°,86.0,87.0,13,19,81,87,100.0,low
377,2026-09-09T19:25:41Z,KPHX,2026-09-09,KXLOWTPHX-26SEP10-B84.5,84° to 85°,84.0,85.0,4,7,93,96,50.0,low
378,2026-09-09T19:25:41Z,KPHX,2026-09-09,KXLOWTPHX-26SEP10-B82.5,82° to 83°,82.0,83.0,2,4,96,98,173.0,low
379,2026-09-09T19:25:41Z,KPHX,2026-09-09,KXLOWTPHX-26SEP09-T88,89° or above,89.0,999.0,95,99,1,5,3169.27,low
380,2026-09-09T19:25:41Z,KPHX,2026-09-09,KXLOWTPHX-26SEP09-T81,80° or below,-999.0,80.0,0,1,99,100,88.0,low
381,2026-09-09T19:25:41Z,KPHX,2026-09-09,KXLOWTPHX-26SEP09-B87.5,87° to 88°,87.0,88.0,1,5,95,99,1422.21,low
382,2026-09-09T19:25:41Z,KPHX,2026-09-09,KXLOWTPHX-26SEP09-B85.5,85° to 86°,85.0,86.0,0,2,98,100,324.32,low
383,2026-09-09T19:25:41Z,KPHX,2026-09-09,KXLOWTPHX-26SEP09-B83.5,83° to 84°,83.0,84.0,0,2,98,100,112.01,low
384,2026-09-09T19:25:41Z,KPHX,2026-09-09,KXLOWTPHX-26SEP09-B81.5,81° to 82°,81.0,82.0,0,2,98,100,330.84,low
385,2026-09-09T19:25:41Z,KSAT,2026-09-09,KXHIGHTSATX-26SEP10-T95,94° or below,-999.0,94.0,4,5,95,96,22.58,high
386,2026-09-09T19:25:41Z,KSAT,2026-09-09,KXHIGHTSATX-26SEP10-T102,103° or above,103.0,999.0,0,1,99,100,166.0,high
387,2026-09-09T19:25:41Z,KSAT,2026-09-09,KXHIGHTSATX-26SEP10-B99.5,99° to 100°,99.0,100.0,9,10,90,91,36.09,high
388,2026-09-09T19:25:41Z,KSAT,2026-09-09,KXHIGHTSATX-26SEP10-B97.5,97° to 98°,97.0,98.0,56,57,43,44,151.69,high
389,2026-09-09T19:25:41Z,KSAT,2026-09-09,KXHIGHTSATX-26SEP10-B95.5,95° to 96°,95.0,96.0,25,26,74,75,49.46,high
390,2026-09-09T19:25:41Z,KSAT,2026-09-09,KXHIGHTSATX-26SEP10-B101.5,101° to 102°,101.0,102.0,2,3,97,98,30.51,high
391,2026-09-09T19:25:41Z,KSAT,2026-09-09,KXHIGHTSATX-26SEP09-T95,94° or below,-999.0,94.0,0,1,99,100,1050.5,high
392,2026-09-09T19:25:41Z,KSAT,2026-09-09,KXHIGHTSATX-26SEP09-T102,103° or above,103.0,999.0,0,1,99,100,254.0,high
393,2026-09-09T19:25:41Z,KSAT,2026-09-09,KXHIGHTSATX-26SEP09-B99.5,99° to 100°,99.0,100.0,12,13,87,88,1033.27,high
394,2026-09-09T19:25:41Z,KSAT,2026-09-09,KXHIGHTSATX-26SEP09-B97.5,97° to 98°,97.0,98.0,68,72,28,32,1416.98,high
395,2026-09-09T19:25:41Z,KSAT,2026-09-09,KXHIGHTSATX-26SEP09-B95.5,95° to 96°,95.0,96.0,13,20,80,87,2056.87,high
396,2026-09-09T19:25:41Z,KSAT,2026-09-09,KXHIGHTSATX-26SEP09-B101.5,101° to 102°,101.0,102.0,0,2,98,100,705.98,high
397,2026-09-09T19:25:41Z,KSAT,2026-09-09,KXLOWTSATX-26SEP10-T78,79° or above,79.0,999.0,11,19,81,89,127.0,low
398,2026-09-09T19:25:41Z,KSAT,2026-09-09,KXLOWTSATX-26SEP10-T71,70° or below,-999.0,70.0,0,1,99,100,0.0,low
399,2026-09-09T19:25:41Z,KSAT,2026-09-09,KXLOWTSATX-26SEP10-B77.5,77° to 78°,77.0,78.0,63,72,28,37,257.01,low
400,2026-09-09T19:25:41Z,KSAT,2026-09-09,KXLOWTSATX-26SEP10-B75.5,75° to 76°,75.0,76.0,13,21,79,87,0.03,low
401,2026-09-09T19:25:41Z,KSAT,2026-09-09,KXLOWTSATX-26SEP10-B73.5,73° to 74°,73.0,74.0,2,4,96,98,5.04,low
402,2026-09-09T19:25:41Z,KSAT,2026-09-09,KXLOWTSATX-26SEP10-B71.5,71° to 72°,71.0,72.0,2,4,96,98,20.18,low
403,2026-09-09T19:25:41Z,KSAT,2026-09-09,KXLOWTSATX-26SEP09-T79,80° or above,80.0,999.0,0,1,99,100,245.0,low
404,2026-09-09T19:25:41Z,KSAT,2026-09-09,KXLOWTSATX-26SEP09-T72,71° or below,-999.0,71.0,0,1,99,100,52.18,low
405,2026-09-09T19:25:41Z,KSAT,2026-09-09,KXLOWTSATX-26SEP09-B78.5,78° to 79°,78.0,79.0,95,99,1,5,1044.22,low
406,2026-09-09T19:25:41Z,KSAT,2026-09-09,KXLOWTSATX-26SEP09-B76.5,76° to 77°,76.0,77.0,1,6,94,99,1364.77,low
407,2026-09-09T19:25:41Z,KSAT,2026-09-09,KXLOWTSATX-26SEP09-B74.5,74° to 75°,74.0,75.0,0,2,98,100,119.99,low
408,2026-09-09T19:25:41Z,KSAT,2026-09-09,KXLOWTSATX-26SEP09-B72.5,72° to 73°,72.0,73.0,0,1,99,100,311.0,low
433,2026-09-09T19:25:41Z,KSEA,2026-09-09,KXHIGHTSEA-26SEP10-T74,75° or above,75.0,999.0,1,2,98,99,420.95,high
434,2026-09-09T19:25:41Z,KSEA,2026-09-09,KXHIGHTSEA-26SEP10-T67,66° or below,-999.0,66.0,5,8,92,95,793.74,high
435,2026-09-09T19:25:41Z,KSEA,2026-09-09,KXHIGHTSEA-26SEP10-B73.5,73° to 74°,73.0,74.0,6,7,93,94,78.84,high
436,2026-09-09T19:25:41Z,KSEA,2026-09-09,KXHIGHTSEA-26SEP10-B71.5,71° to 72°,71.0,72.0,44,45,55,56,414.68,high
437,2026-09-09T19:25:41Z,KSEA,2026-09-09,KXHIGHTSEA-26SEP10-B69.5,69° to 70°,69.0,70.0,31,33,67,69,134.28,high
438,2026-09-09T19:25:41Z,KSEA,2026-09-09,KXHIGHTSEA-26SEP10-B67.5,67° to 68°,67.0,68.0,13,14,86,87,33.59,high
439,2026-09-09T19:25:41Z,KSEA,2026-09-09,KXHIGHTSEA-26SEP09-T81,82° or above,82.0,999.0,0,1,99,100,532.3,high
440,2026-09-09T19:25:41Z,KSEA,2026-09-09,KXHIGHTSEA-26SEP09-T74,73° or below,-999.0,73.0,0,1,99,100,1896.66,high
441,2026-09-09T19:25:41Z,KSEA,2026-09-09,KXHIGHTSEA-26SEP09-B80.5,80° to 81°,80.0,81.0,6,7,93,94,1613.29,high
442,2026-09-09T19:25:41Z,KSEA,2026-09-09,KXHIGHTSEA-26SEP09-B78.5,78° to 79°,78.0,79.0,61,62,38,39,2181.73,high
443,2026-09-09T19:25:41Z,KSEA,2026-09-09,KXHIGHTSEA-26SEP09-B76.5,76° to 77°,76.0,77.0,30,31,69,70,3687.73,high
444,2026-09-09T19:25:41Z,KSEA,2026-09-09,KXHIGHTSEA-26SEP09-B74.5,74° to 75°,74.0,75.0,2,5,95,98,1338.03,high
445,2026-09-09T19:25:41Z,KSEA,2026-09-09,KXLOWTSEA-26SEP10-T57,58° or above,58.0,999.0,39,44,56,61,139.0,low
446,2026-09-09T19:25:41Z,KSEA,2026-09-09,KXLOWTSEA-26SEP10-T50,49° or below,-999.0,49.0,0,1,99,100,0.0,low
447,2026-09-09T19:25:41Z,KSEA,2026-09-09,KXLOWTSEA-26SEP10-B56.5,56° to 57°,56.0,57.0,43,50,50,57,28.0,low
448,2026-09-09T19:25:41Z,KSEA,2026-09-09,KXLOWTSEA-26SEP10-B54.5,54° to 55°,54.0,55.0,13,14,86,87,24.0,low
449,2026-09-09T19:25:41Z,KSEA,2026-09-09,KXLOWTSEA-26SEP10-B52.5,52° to 53°,52.0,53.0,1,4,96,99,24.0,low
450,2026-09-09T19:25:41Z,KSEA,2026-09-09,KXLOWTSEA-26SEP10-B50.5,50° to 51°,50.0,51.0,1,4,96,99,24.0,low
451,2026-09-09T19:25:41Z,KSEA,2026-09-09,KXLOWTSEA-26SEP09-T55,56° or above,56.0,999.0,0,1,99,100,2055.23,low
452,2026-09-09T19:25:41Z,KSEA,2026-09-09,KXLOWTSEA-26SEP09-T48,47° or below,-999.0,47.0,0,1,99,100,86.63,low
453,2026-09-09T19:25:41Z,KSEA,2026-09-09,KXLOWTSEA-26SEP09-B54.5,54° to 55°,54.0,55.0,98,99,1,2,5055.44,low
454,2026-09-09T19:25:41Z,KSEA,2026-09-09,KXLOWTSEA-26SEP09-B52.5,52° to 53°,52.0,53.0,1,3,97,99,1560.95,low
455,2026-09-09T19:25:41Z,KSEA,2026-09-09,KXLOWTSEA-26SEP09-B50.5,50° to 51°,50.0,51.0,1,3,97,99,710.63,low
456,2026-09-09T19:25:41Z,KSEA,2026-09-09,KXLOWTSEA-26SEP09-B48.5,48° to 49°,48.0,49.0,0,1,99,100,136.63,low
409,2026-09-09T19:25:41Z,KSFO,2026-09-09,KXHIGHTSFO-26SEP10-T83,84° or above,84.0,999.0,22,25,75,78,619.96,high
410,2026-09-09T19:25:41Z,KSFO,2026-09-09,KXHIGHTSFO-26SEP10-T76,75° or below,-999.0,75.0,4,5,95,96,202.02,high
411,2026-09-09T19:25:41Z,KSFO,2026-09-09,KXHIGHTSFO-26SEP10-B82.5,82° to 83°,82.0,83.0,19,20,80,81,179.0,high
412,2026-09-09T19:25:41Z,KSFO,2026-09-09,KXHIGHTSFO-26SEP10-B80.5,80° to 81°,80.0,81.0,24,26,74,76,108.16,high
413,2026-09-09T19:25:41Z,KSFO,2026-09-09,KXHIGHTSFO-26SEP10-B78.5,78° to 79°,78.0,79.0,20,24,76,80,696.66,high
414,2026-09-09T19:25:41Z,KSFO,2026-09-09,KXHIGHTSFO-26SEP10-B76.5,76° to 77°,76.0,77.0,5,6,94,95,246.48,high
415,2026-09-09T19:25:41Z,KSFO,2026-09-09,KXHIGHTSFO-26SEP09-T91,92° or above,92.0,999.0,74,78,22,26,12475.57,high
416,2026-09-09T19:25:41Z,KSFO,2026-09-09,KXHIGHTSFO-26SEP09-T84,83° or below,-999.0,83.0,0,1,99,100,3379.37,high
417,2026-09-09T19:25:41Z,KSFO,2026-09-09,KXHIGHTSFO-26SEP09-B90.5,90° to 91°,90.0,91.0,11,16,84,89,9779.02,high
418,2026-09-09T19:25:41Z,KSFO,2026-09-09,KXHIGHTSFO-26SEP09-B88.5,88° to 89°,88.0,89.0,11,14,86,89,12097.13,high
419,2026-09-09T19:25:41Z,KSFO,2026-09-09,KXHIGHTSFO-26SEP09-B86.5,86° to 87°,86.0,87.0,0,3,97,100,4528.4,high
420,2026-09-09T19:25:41Z,KSFO,2026-09-09,KXHIGHTSFO-26SEP09-B84.5,84° to 85°,84.0,85.0,0,1,99,100,2289.19,high
421,2026-09-09T19:25:41Z,KSFO,2026-09-09,KXLOWTSFO-26SEP10-T65,66° or above,66.0,999.0,14,18,82,86,563.25,low
422,2026-09-09T19:25:41Z,KSFO,2026-09-09,KXLOWTSFO-26SEP10-T58,57° or below,-999.0,57.0,0,1,99,100,0.0,low
423,2026-09-09T19:25:41Z,KSFO,2026-09-09,KXLOWTSFO-26SEP10-B64.5,64° to 65°,64.0,65.0,24,33,67,76,163.0,low
424,2026-09-09T19:25:41Z,KSFO,2026-09-09,KXLOWTSFO-26SEP10-B62.5,62° to 63°,62.0,63.0,27,38,62,73,237.46,low
425,2026-09-09T19:25:41Z,KSFO,2026-09-09,KXLOWTSFO-26SEP10-B60.5,60° to 61°,60.0,61.0,5,11,89,95,139.09,low
426,2026-09-09T19:25:41Z,KSFO,2026-09-09,KXLOWTSFO-26SEP10-B58.5,58° to 59°,58.0,59.0,2,5,95,98,25.18,low
427,2026-09-09T19:25:41Z,KSFO,2026-09-09,KXLOWTSFO-26SEP09-T67,68° or above,68.0,999.0,0,1,99,100,1063.76,low
428,2026-09-09T19:25:41Z,KSFO,2026-09-09,KXLOWTSFO-26SEP09-T60,59° or below,-999.0,59.0,0,1,99,100,273.0,low
429,2026-09-09T19:25:41Z,KSFO,2026-09-09,KXLOWTSFO-26SEP09-B66.5,66° to 67°,66.0,67.0,97,99,1,3,861.34,low
430,2026-09-09T19:25:41Z,KSFO,2026-09-09,KXLOWTSFO-26SEP09-B64.5,64° to 65°,64.0,65.0,1,3,97,99,705.71,low
431,2026-09-09T19:25:41Z,KSFO,2026-09-09,KXLOWTSFO-26SEP09-B62.5,62° to 63°,62.0,63.0,1,2,98,99,498.28,low
432,2026-09-09T19:25:41Z,KSFO,2026-09-09,KXLOWTSFO-26SEP09-B60.5,60° to 61°,60.0,61.0,0,2,98,100,168.0,low
1,2026-09-09T21:54:27Z,KATL,2026-09-09,KXHIGHTATL-26SEP10-T97,98° or above,98.0,999.0,0,1,99,100,180.06,high
2,2026-09-09T21:54:27Z,KATL,2026-09-09,KXHIGHTATL-26SEP10-T90,89° or below,-999.0,89.0,11,13,87,89,524.78,high
3,2026-09-09T21:54:27Z,KATL,2026-09-09,KXHIGHTATL-26SEP10-B96.5,96° to 97°,96.0,97.0,1,2,98,99,167.28,high
4,2026-09-09T21:54:27Z,KATL,2026-09-09,KXHIGHTATL-26SEP10-B94.5,94° to 95°,94.0,95.0,11,14,86,89,236.66,high
5,2026-09-09T21:54:27Z,KATL,2026-09-09,KXHIGHTATL-26SEP10-B92.5,92° to 93°,92.0,93.0,52,54,46,48,370.24,high
6,2026-09-09T21:54:27Z,KATL,2026-09-09,KXHIGHTATL-26SEP10-B90.5,90° to 91°,90.0,91.0,27,31,69,73,413.52,high
7,2026-09-09T21:54:27Z,KATL,2026-09-09,KXHIGHTATL-26SEP09-T95,96° or above,96.0,999.0,0,1,99,100,301.51,high
8,2026-09-09T21:54:27Z,KATL,2026-09-09,KXHIGHTATL-26SEP09-T88,87° or below,-999.0,87.0,0,1,99,100,1391.43,high
9,2026-09-09T21:54:27Z,KATL,2026-09-09,KXHIGHTATL-26SEP09-B94.5,94° to 95°,94.0,95.0,0,1,99,100,1076.66,high
10,2026-09-09T21:54:27Z,KATL,2026-09-09,KXHIGHTATL-26SEP09-B92.5,92° to 93°,92.0,93.0,0,1,99,100,4927.74,high
11,2026-09-09T21:54:27Z,KATL,2026-09-09,KXHIGHTATL-26SEP09-B90.5,90° to 91°,90.0,91.0,29,37,63,71,4677.45,high
12,2026-09-09T21:54:27Z,KATL,2026-09-09,KXHIGHTATL-26SEP09-B88.5,88° to 89°,88.0,89.0,66,82,18,34,7461.65,high
13,2026-09-09T21:54:27Z,KATL,2026-09-09,KXLOWTATL-26SEP10-T73,74° or above,74.0,999.0,15,17,83,85,269.39,low
14,2026-09-09T21:54:27Z,KATL,2026-09-09,KXLOWTATL-26SEP10-T66,65° or below,-999.0,65.0,0,1,99,100,61.0,low
15,2026-09-09T21:54:27Z,KATL,2026-09-09,KXLOWTATL-26SEP10-B72.5,72° to 73°,72.0,73.0,59,66,34,41,186.0,low
16,2026-09-09T21:54:27Z,KATL,2026-09-09,KXLOWTATL-26SEP10-B70.5,70° to 71°,70.0,71.0,12,20,80,88,5.0,low
17,2026-09-09T21:54:27Z,KATL,2026-09-09,KXLOWTATL-26SEP10-B68.5,68° to 69°,68.0,69.0,1,4,96,99,35.0,low
18,2026-09-09T21:54:27Z,KATL,2026-09-09,KXLOWTATL-26SEP10-B66.5,66° to 67°,66.0,67.0,1,4,96,99,30.0,low
19,2026-09-09T21:54:27Z,KATL,2026-09-09,KXLOWTATL-26SEP09-T72,73° or above,73.0,999.0,0,1,99,100,1537.82,low
20,2026-09-09T21:54:27Z,KATL,2026-09-09,KXLOWTATL-26SEP09-T65,64° or below,-999.0,64.0,0,1,99,100,266.78,low
21,2026-09-09T21:54:27Z,KATL,2026-09-09,KXLOWTATL-26SEP09-B71.5,71° to 72°,71.0,72.0,98,100,0,2,2998.76,low
22,2026-09-09T21:54:27Z,KATL,2026-09-09,KXLOWTATL-26SEP09-B69.5,69° to 70°,69.0,70.0,1,2,98,99,1566.47,low
23,2026-09-09T21:54:27Z,KATL,2026-09-09,KXLOWTATL-26SEP09-B67.5,67° to 68°,67.0,68.0,0,1,99,100,573.52,low
24,2026-09-09T21:54:27Z,KATL,2026-09-09,KXLOWTATL-26SEP09-B65.5,65° to 66°,65.0,66.0,0,1,99,100,133.8,low
25,2026-09-09T21:54:27Z,KAUS,2026-09-09,KXHIGHAUS-26SEP10-T95,94° or below,-999.0,94.0,1,2,98,99,347.58,high
26,2026-09-09T21:54:27Z,KAUS,2026-09-09,KXHIGHAUS-26SEP10-T102,103° or above,103.0,999.0,1,2,98,99,438.6,high
27,2026-09-09T21:54:27Z,KAUS,2026-09-09,KXHIGHAUS-26SEP10-B99.5,99° to 100°,99.0,100.0,61,62,38,39,448.89,high
28,2026-09-09T21:54:27Z,KAUS,2026-09-09,KXHIGHAUS-26SEP10-B97.5,97° to 98°,97.0,98.0,30,31,69,70,425.56,high
29,2026-09-09T21:54:27Z,KAUS,2026-09-09,KXHIGHAUS-26SEP10-B95.5,95° to 96°,95.0,96.0,3,4,96,97,259.45,high
30,2026-09-09T21:54:27Z,KAUS,2026-09-09,KXHIGHAUS-26SEP10-B101.5,101° to 102°,101.0,102.0,7,8,92,93,409.64,high
31,2026-09-09T21:54:27Z,KAUS,2026-09-09,KXHIGHAUS-26SEP09-T96,95° or below,-999.0,95.0,0,1,99,100,4922.38,high
32,2026-09-09T21:54:27Z,KAUS,2026-09-09,KXHIGHAUS-26SEP09-T103,104° or above,104.0,999.0,0,1,99,100,2667.06,high
33,2026-09-09T21:54:27Z,KAUS,2026-09-09,KXHIGHAUS-26SEP09-B98.5,98° to 99°,98.0,99.0,0,1,99,100,33480.05,high
34,2026-09-09T21:54:27Z,KAUS,2026-09-09,KXHIGHAUS-26SEP09-B96.5,96° to 97°,96.0,97.0,0,1,99,100,23330.9,high
35,2026-09-09T21:54:27Z,KAUS,2026-09-09,KXHIGHAUS-26SEP09-B102.5,102° to 103°,102.0,103.0,0,1,99,100,9941.17,high
36,2026-09-09T21:54:27Z,KAUS,2026-09-09,KXHIGHAUS-26SEP09-B100.5,100° to 101°,100.0,101.0,99,100,0,1,17030.24,high
37,2026-09-09T21:54:27Z,KAUS,2026-09-09,KXLOWTAUS-26SEP10-T77,78° or above,78.0,999.0,3,7,93,97,123.57,low
38,2026-09-09T21:54:27Z,KAUS,2026-09-09,KXLOWTAUS-26SEP10-T70,69° or below,-999.0,69.0,2,5,95,98,173.18,low
39,2026-09-09T21:54:27Z,KAUS,2026-09-09,KXLOWTAUS-26SEP10-B76.5,76° to 77°,76.0,77.0,9,20,80,91,4.5,low
40,2026-09-09T21:54:27Z,KAUS,2026-09-09,KXLOWTAUS-26SEP10-B74.5,74° to 75°,74.0,75.0,42,46,54,58,54.0,low
41,2026-09-09T21:54:27Z,KAUS,2026-09-09,KXLOWTAUS-26SEP10-B72.5,72° to 73°,72.0,73.0,24,32,68,76,82.0,low
42,2026-09-09T21:54:27Z,KAUS,2026-09-09,KXLOWTAUS-26SEP10-B70.5,70° to 71°,70.0,71.0,3,9,91,97,10.29,low
43,2026-09-09T21:54:27Z,KAUS,2026-09-09,KXLOWTAUS-26SEP09-T78,79° or above,79.0,999.0,0,1,99,100,807.34,low
44,2026-09-09T21:54:27Z,KAUS,2026-09-09,KXLOWTAUS-26SEP09-T71,70° or below,-999.0,70.0,0,2,98,100,436.0,low
45,2026-09-09T21:54:27Z,KAUS,2026-09-09,KXLOWTAUS-26SEP09-B77.5,77° to 78°,77.0,78.0,0,1,99,100,1071.09,low
46,2026-09-09T21:54:27Z,KAUS,2026-09-09,KXLOWTAUS-26SEP09-B75.5,75° to 76°,75.0,76.0,98,100,0,2,2041.32,low
47,2026-09-09T21:54:27Z,KAUS,2026-09-09,KXLOWTAUS-26SEP09-B73.5,73° to 74°,73.0,74.0,0,8,92,100,621.01,low
48,2026-09-09T21:54:27Z,KAUS,2026-09-09,KXLOWTAUS-26SEP09-B71.5,71° to 72°,71.0,72.0,0,1,99,100,266.81,low
49,2026-09-09T21:54:27Z,KBOS,2026-09-09,KXHIGHTBOS-26SEP10-T89,90° or above,90.0,999.0,4,5,95,96,32.02,high
50,2026-09-09T21:54:27Z,KBOS,2026-09-09,KXHIGHTBOS-26SEP10-T82,81° or below,-999.0,81.0,3,4,96,97,692.64,high
51,2026-09-09T21:54:27Z,KBOS,2026-09-09,KXHIGHTBOS-26SEP10-B88.5,88° to 89°,88.0,89.0,18,19,81,82,98.24,high
52,2026-09-09T21:54:27Z,KBOS,2026-09-09,KXHIGHTBOS-26SEP10-B86.5,86° to 87°,86.0,87.0,53,55,45,47,193.61,high
53,2026-09-09T21:54:27Z,KBOS,2026-09-09,KXHIGHTBOS-26SEP10-B84.5,84° to 85°,84.0,85.0,14,15,85,86,178.27,high
54,2026-09-09T21:54:27Z,KBOS,2026-09-09,KXHIGHTBOS-26SEP10-B82.5,82° to 83°,82.0,83.0,4,6,94,96,531.57,high
55,2026-09-09T21:54:27Z,KBOS,2026-09-09,KXHIGHTBOS-26SEP09-T83,84° or above,84.0,999.0,0,1,99,100,2289.09,high
56,2026-09-09T21:54:27Z,KBOS,2026-09-09,KXHIGHTBOS-26SEP09-T76,75° or below,-999.0,75.0,0,1,99,100,11009.12,high
57,2026-09-09T21:54:27Z,KBOS,2026-09-09,KXHIGHTBOS-26SEP09-B82.5,82° to 83°,82.0,83.0,0,1,99,100,2328.66,high
58,2026-09-09T21:54:27Z,KBOS,2026-09-09,KXHIGHTBOS-26SEP09-B80.5,80° to 81°,80.0,81.0,0,1,99,100,8861.16,high
59,2026-09-09T21:54:27Z,KBOS,2026-09-09,KXHIGHTBOS-26SEP09-B78.5,78° to 79°,78.0,79.0,0,1,99,100,9846.09,high
60,2026-09-09T21:54:27Z,KBOS,2026-09-09,KXHIGHTBOS-26SEP09-B76.5,76° to 77°,76.0,77.0,99,100,0,1,7624.56,high
61,2026-09-09T21:54:27Z,KBOS,2026-09-09,KXLOWTBOS-26SEP10-T72,73° or above,73.0,999.0,9,14,86,91,23.0,low
62,2026-09-09T21:54:27Z,KBOS,2026-09-09,KXLOWTBOS-26SEP10-T65,64° or below,-999.0,64.0,0,4,96,100,63.0,low
63,2026-09-09T21:54:27Z,KBOS,2026-09-09,KXLOWTBOS-26SEP10-B71.5,71° to 72°,71.0,72.0,34,41,59,66,276.0,low
64,2026-09-09T21:54:27Z,KBOS,2026-09-09,KXLOWTBOS-26SEP10-B69.5,69° to 70°,69.0,70.0,32,40,60,68,217.0,low
65,2026-09-09T21:54:27Z,KBOS,2026-09-09,KXLOWTBOS-26SEP10-B67.5,67° to 68°,67.0,68.0,10,15,85,90,35.0,low
66,2026-09-09T21:54:27Z,KBOS,2026-09-09,KXLOWTBOS-26SEP10-B65.5,65° to 66°,65.0,66.0,2,4,96,98,3.0,low
67,2026-09-09T21:54:27Z,KBOS,2026-09-09,KXLOWTBOS-26SEP09-T67,68° or above,68.0,999.0,0,1,99,100,196.0,low
68,2026-09-09T21:54:27Z,KBOS,2026-09-09,KXLOWTBOS-26SEP09-T60,59° or below,-999.0,59.0,0,5,95,100,431.2,low
69,2026-09-09T21:54:27Z,KBOS,2026-09-09,KXLOWTBOS-26SEP09-B66.5,66° to 67°,66.0,67.0,0,1,99,100,692.0,low
70,2026-09-09T21:54:27Z,KBOS,2026-09-09,KXLOWTBOS-26SEP09-B64.5,64° to 65°,64.0,65.0,0,1,99,100,1074.96,low
71,2026-09-09T21:54:27Z,KBOS,2026-09-09,KXLOWTBOS-26SEP09-B62.5,62° to 63°,62.0,63.0,0,1,99,100,1640.3,low
72,2026-09-09T21:54:27Z,KBOS,2026-09-09,KXLOWTBOS-26SEP09-B60.5,60° to 61°,60.0,61.0,95,100,0,5,2003.19,low
457,2026-09-09T21:54:27Z,KDCA,2026-09-09,KXHIGHTDC-26SEP10-T93,94° or above,94.0,999.0,1,2,98,99,336.61,high
458,2026-09-09T21:54:27Z,KDCA,2026-09-09,KXHIGHTDC-26SEP10-T86,85° or below,-999.0,85.0,3,6,94,97,54.82,high
459,2026-09-09T21:54:27Z,KDCA,2026-09-09,KXHIGHTDC-26SEP10-B92.5,92° to 93°,92.0,93.0,16,20,80,84,16.94,high
460,2026-09-09T21:54:27Z,KDCA,2026-09-09,KXHIGHTDC-26SEP10-B90.5,90° to 91°,90.0,91.0,44,45,55,56,222.42,high
461,2026-09-09T21:54:27Z,KDCA,2026-09-09,KXHIGHTDC-26SEP10-B88.5,88° to 89°,88.0,89.0,21,25,75,79,121.45,high
462,2026-09-09T21:54:27Z,KDCA,2026-09-09,KXHIGHTDC-26SEP10-B86.5,86° to 87°,86.0,87.0,7,10,90,93,8.29,high
463,2026-09-09T21:54:27Z,KDCA,2026-09-09,KXHIGHTDC-26SEP09-T93,94° or above,94.0,999.0,0,1,99,100,999.36,high
464,2026-09-09T21:54:27Z,KDCA,2026-09-09,KXHIGHTDC-26SEP09-T86,85° or below,-999.0,85.0,0,1,99,100,984.61,high
465,2026-09-09T21:54:27Z,KDCA,2026-09-09,KXHIGHTDC-26SEP09-B92.5,92° to 93°,92.0,93.0,0,1,99,100,1701.44,high
466,2026-09-09T21:54:27Z,KDCA,2026-09-09,KXHIGHTDC-26SEP09-B90.5,90° to 91°,90.0,91.0,0,1,99,100,5846.48,high
467,2026-09-09T21:54:27Z,KDCA,2026-09-09,KXHIGHTDC-26SEP09-B88.5,88° to 89°,88.0,89.0,99,100,0,1,5037.34,high
468,2026-09-09T21:54:27Z,KDCA,2026-09-09,KXHIGHTDC-26SEP09-B86.5,86° to 87°,86.0,87.0,0,1,99,100,2400.17,high
469,2026-09-09T21:54:27Z,KDCA,2026-09-09,KXLOWTDC-26SEP10-T74,75° or above,75.0,999.0,18,24,76,82,390.0,low
470,2026-09-09T21:54:27Z,KDCA,2026-09-09,KXLOWTDC-26SEP10-T67,66° or below,-999.0,66.0,0,3,97,100,22.0,low
471,2026-09-09T21:54:27Z,KDCA,2026-09-09,KXLOWTDC-26SEP10-B73.5,73° to 74°,73.0,74.0,53,59,41,47,389.0,low
472,2026-09-09T21:54:27Z,KDCA,2026-09-09,KXLOWTDC-26SEP10-B71.5,71° to 72°,71.0,72.0,17,21,79,83,64.61,low
473,2026-09-09T21:54:27Z,KDCA,2026-09-09,KXLOWTDC-26SEP10-B69.5,69° to 70°,69.0,70.0,2,4,96,98,65.14,low
474,2026-09-09T21:54:27Z,KDCA,2026-09-09,KXLOWTDC-26SEP10-B67.5,67° to 68°,67.0,68.0,2,4,96,98,20.18,low
475,2026-09-09T21:54:27Z,KDCA,2026-09-09,KXLOWTDC-26SEP09-T69,70° or above,70.0,999.0,98,100,0,2,1947.23,low
476,2026-09-09T21:54:27Z,KDCA,2026-09-09,KXLOWTDC-26SEP09-T62,61° or below,-999.0,61.0,0,1,99,100,51.18,low
477,2026-09-09T21:54:27Z,KDCA,2026-09-09,KXLOWTDC-26SEP09-B68.5,68° to 69°,68.0,69.0,0,2,98,100,938.98,low
478,2026-09-09T21:54:27Z,KDCA,2026-09-09,KXLOWTDC-26SEP09-B66.5,66° to 67°,66.0,67.0,0,1,99,100,840.56,low
479,2026-09-09T21:54:27Z,KDCA,2026-09-09,KXLOWTDC-26SEP09-B64.5,64° to 65°,64.0,65.0,0,2,98,100,115.24,low
480,2026-09-09T21:54:27Z,KDCA,2026-09-09,KXLOWTDC-26SEP09-B62.5,62° to 63°,62.0,63.0,0,2,98,100,136.14,low
121,2026-09-09T21:54:27Z,KDEN,2026-09-09,KXHIGHDEN-26SEP10-T93,94° or above,94.0,999.0,1,2,98,99,352.96,high
122,2026-09-09T21:54:27Z,KDEN,2026-09-09,KXHIGHDEN-26SEP10-T86,85° or below,-999.0,85.0,1,2,98,99,432.68,high
123,2026-09-09T21:54:27Z,KDEN,2026-09-09,KXHIGHDEN-26SEP10-B92.5,92° to 93°,92.0,93.0,2,3,97,98,17.41,high
124,2026-09-09T21:54:27Z,KDEN,2026-09-09,KXHIGHDEN-26SEP10-B90.5,90° to 91°,90.0,91.0,13,14,86,87,90.37,high
125,2026-09-09T21:54:27Z,KDEN,2026-09-09,KXHIGHDEN-26SEP10-B88.5,88° to 89°,88.0,89.0,63,64,36,37,437.1,high
126,2026-09-09T21:54:27Z,KDEN,2026-09-09,KXHIGHDEN-26SEP10-B86.5,86° to 87°,86.0,87.0,16,18,82,84,274.36,high
127,2026-09-09T21:54:27Z,KDEN,2026-09-09,KXHIGHDEN-26SEP09-T85,86° or above,86.0,999.0,0,1,99,100,800.4,high
128,2026-09-09T21:54:27Z,KDEN,2026-09-09,KXHIGHDEN-26SEP09-T78,77° or below,-999.0,77.0,0,1,99,100,2628.59,high
129,2026-09-09T21:54:27Z,KDEN,2026-09-09,KXHIGHDEN-26SEP09-B84.5,84° to 85°,84.0,85.0,0,3,97,100,5977.97,high
130,2026-09-09T21:54:27Z,KDEN,2026-09-09,KXHIGHDEN-26SEP09-B82.5,82° to 83°,82.0,83.0,61,67,33,39,5436.72,high
131,2026-09-09T21:54:27Z,KDEN,2026-09-09,KXHIGHDEN-26SEP09-B80.5,80° to 81°,80.0,81.0,27,38,62,73,4065.42,high
132,2026-09-09T21:54:27Z,KDEN,2026-09-09,KXHIGHDEN-26SEP09-B78.5,78° to 79°,78.0,79.0,0,1,99,100,4992.29,high
133,2026-09-09T21:54:27Z,KDEN,2026-09-09,KXLOWTDEN-26SEP10-T57,58° or above,58.0,999.0,2,7,93,98,20.19,low
134,2026-09-09T21:54:27Z,KDEN,2026-09-09,KXLOWTDEN-26SEP10-T50,49° or below,-999.0,49.0,1,6,94,99,47.57,low
135,2026-09-09T21:54:27Z,KDEN,2026-09-09,KXLOWTDEN-26SEP10-B56.5,56° to 57°,56.0,57.0,11,17,83,89,66.31,low
136,2026-09-09T21:54:27Z,KDEN,2026-09-09,KXLOWTDEN-26SEP10-B54.5,54° to 55°,54.0,55.0,27,35,65,73,114.23,low
137,2026-09-09T21:54:27Z,KDEN,2026-09-09,KXLOWTDEN-26SEP10-B52.5,52° to 53°,52.0,53.0,28,36,64,72,133.0,low
138,2026-09-09T21:54:27Z,KDEN,2026-09-09,KXLOWTDEN-26SEP10-B50.5,50° to 51°,50.0,51.0,10,15,85,90,12.69,low
139,2026-09-09T21:54:27Z,KDEN,2026-09-09,KXLOWTDEN-26SEP09-T61,62° or above,62.0,999.0,0,1,99,100,442.18,low
140,2026-09-09T21:54:27Z,KDEN,2026-09-09,KXLOWTDEN-26SEP09-T54,53° or below,-999.0,53.0,1,5,95,99,818.35,low
141,2026-09-09T21:54:27Z,KDEN,2026-09-09,KXLOWTDEN-26SEP09-B60.5,60° to 61°,60.0,61.0,0,1,99,100,424.0,low
142,2026-09-09T21:54:27Z,KDEN,2026-09-09,KXLOWTDEN-26SEP09-B58.5,58° to 59°,58.0,59.0,0,1,99,100,842.84,low
143,2026-09-09T21:54:27Z,KDEN,2026-09-09,KXLOWTDEN-26SEP09-B56.5,56° to 57°,56.0,57.0,0,1,99,100,3428.75,low
144,2026-09-09T21:54:27Z,KDEN,2026-09-09,KXLOWTDEN-26SEP09-B54.5,54° to 55°,54.0,55.0,91,96,4,9,1424.83,low
97,2026-09-09T21:54:27Z,KDFW,2026-09-09,KXHIGHTDAL-26SEP10-T97,96° or below,-999.0,96.0,6,7,93,94,311.52,high
98,2026-09-09T21:54:27Z,KDFW,2026-09-09,KXHIGHTDAL-26SEP10-T104,105° or above,105.0,999.0,0,1,99,100,398.04,high
99,2026-09-09T21:54:27Z,KDFW,2026-09-09,KXHIGHTDAL-26SEP10-B99.5,99° to 100°,99.0,100.0,45,46,54,55,413.36,high
100,2026-09-09T21:54:27Z,KDFW,2026-09-09,KXHIGHTDAL-26SEP10-B97.5,97° to 98°,97.0,98.0,35,36,64,65,1091.71,high
101,2026-09-09T21:54:27Z,KDFW,2026-09-09,KXHIGHTDAL-26SEP10-B103.5,103° to 104°,103.0,104.0,1,3,97,99,99.76,high
102,2026-09-09T21:54:27Z,KDFW,2026-09-09,KXHIGHTDAL-26SEP10-B101.5,101° to 102°,101.0,102.0,11,12,88,89,775.21,high
103,2026-09-09T21:54:27Z,KDFW,2026-09-09,KXHIGHTDAL-26SEP09-T98,97° or below,-999.0,97.0,0,1,99,100,1660.61,high
104,2026-09-09T21:54:27Z,KDFW,2026-09-09,KXHIGHTDAL-26SEP09-T105,106° or above,106.0,999.0,0,1,99,100,532.12,high
105,2026-09-09T21:54:27Z,KDFW,2026-09-09,KXHIGHTDAL-26SEP09-B98.5,98° to 99°,98.0,99.0,0,1,99,100,6867.42,high
106,2026-09-09T21:54:27Z,KDFW,2026-09-09,KXHIGHTDAL-26SEP09-B104.5,104° to 105°,104.0,105.0,0,1,99,100,1166.01,high
107,2026-09-09T21:54:27Z,KDFW,2026-09-09,KXHIGHTDAL-26SEP09-B102.5,102° to 103°,102.0,103.0,1,3,97,99,6082.82,high
108,2026-09-09T21:54:27Z,KDFW,2026-09-09,KXHIGHTDAL-26SEP09-B100.5,100° to 101°,100.0,101.0,95,97,3,5,7263.55,high
109,2026-09-09T21:54:27Z,KDFW,2026-09-09,KXLOWTDAL-26SEP10-T80,81° or above,81.0,999.0,10,13,87,90,32.16,low
110,2026-09-09T21:54:27Z,KDFW,2026-09-09,KXLOWTDAL-26SEP10-T73,72° or below,-999.0,72.0,0,4,96,100,22.0,low
111,2026-09-09T21:54:27Z,KDFW,2026-09-09,KXLOWTDAL-26SEP10-B79.5,79° to 80°,79.0,80.0,54,61,39,46,119.17,low
112,2026-09-09T21:54:27Z,KDFW,2026-09-09,KXLOWTDAL-26SEP10-B77.5,77° to 78°,77.0,78.0,22,24,76,78,116.0,low
113,2026-09-09T21:54:27Z,KDFW,2026-09-09,KXLOWTDAL-26SEP10-B75.5,75° to 76°,75.0,76.0,3,6,94,97,5.14,low
114,2026-09-09T21:54:27Z,KDFW,2026-09-09,KXLOWTDAL-26SEP10-B73.5,73° to 74°,73.0,74.0,0,4,96,100,45.0,low
115,2026-09-09T21:54:27Z,KDFW,2026-09-09,KXLOWTDAL-26SEP09-T82,83° or above,83.0,999.0,0,1,99,100,1461.31,low
116,2026-09-09T21:54:27Z,KDFW,2026-09-09,KXLOWTDAL-26SEP09-T75,74° or below,-999.0,74.0,0,1,99,100,65.18,low
117,2026-09-09T21:54:27Z,KDFW,2026-09-09,KXLOWTDAL-26SEP09-B81.5,81° to 82°,81.0,82.0,96,99,1,4,1745.6,low
118,2026-09-09T21:54:27Z,KDFW,2026-09-09,KXLOWTDAL-26SEP09-B79.5,79° to 80°,79.0,80.0,2,4,96,98,675.03,low
119,2026-09-09T21:54:27Z,KDFW,2026-09-09,KXLOWTDAL-26SEP09-B77.5,77° to 78°,77.0,78.0,0,1,99,100,179.41,low
120,2026-09-09T21:54:27Z,KDFW,2026-09-09,KXLOWTDAL-26SEP09-B75.5,75° to 76°,75.0,76.0,0,1,99,100,191.37,low
145,2026-09-09T21:54:27Z,KIAH,2026-09-09,KXHIGHTHOU-26SEP10-T94,95° or above,95.0,999.0,2,3,97,98,12.2,high
146,2026-09-09T21:54:27Z,KIAH,2026-09-09,KXHIGHTHOU-26SEP10-T87,86° or below,-999.0,86.0,1,3,97,99,74.11,high
147,2026-09-09T21:54:27Z,KIAH,2026-09-09,KXHIGHTHOU-26SEP10-B93.5,93° to 94°,93.0,94.0,23,24,76,77,106.79,high
148,2026-09-09T21:54:27Z,KIAH,2026-09-09,KXHIGHTHOU-26SEP10-B91.5,91° to 92°,91.0,92.0,43,44,56,57,430.57,high
149,2026-09-09T21:54:27Z,KIAH,2026-09-09,KXHIGHTHOU-26SEP10-B89.5,89° to 90°,89.0,90.0,16,17,83,84,148.66,high
150,2026-09-09T21:54:27Z,KIAH,2026-09-09,KXHIGHTHOU-26SEP10-B87.5,87° to 88°,87.0,88.0,6,7,93,94,30.0,high
151,2026-09-09T21:54:27Z,KIAH,2026-09-09,KXHIGHTHOU-26SEP09-T95,96° or above,96.0,999.0,0,1,99,100,246.89,high
152,2026-09-09T21:54:27Z,KIAH,2026-09-09,KXHIGHTHOU-26SEP09-T88,87° or below,-999.0,87.0,0,1,99,100,4286.25,high
153,2026-09-09T21:54:27Z,KIAH,2026-09-09,KXHIGHTHOU-26SEP09-B94.5,94° to 95°,94.0,95.0,0,1,99,100,3603.16,high
154,2026-09-09T21:54:27Z,KIAH,2026-09-09,KXHIGHTHOU-26SEP09-B92.5,92° to 93°,92.0,93.0,33,40,60,67,7880.18,high
155,2026-09-09T21:54:27Z,KIAH,2026-09-09,KXHIGHTHOU-26SEP09-B90.5,90° to 91°,90.0,91.0,61,68,32,39,8207.13,high
156,2026-09-09T21:54:27Z,KIAH,2026-09-09,KXHIGHTHOU-26SEP09-B88.5,88° to 89°,88.0,89.0,0,1,99,100,4843.42,high
157,2026-09-09T21:54:27Z,KIAH,2026-09-09,KXLOWTHOU-26SEP10-T79,80° or above,80.0,999.0,8,10,90,92,30.0,low
158,2026-09-09T21:54:27Z,KIAH,2026-09-09,KXLOWTHOU-26SEP10-T72,71° or below,-999.0,71.0,0,1,99,100,0.0,low
159,2026-09-09T21:54:27Z,KIAH,2026-09-09,KXLOWTHOU-26SEP10-B78.5,78° to 79°,78.0,79.0,41,53,47,59,271.0,low
160,2026-09-09T21:54:27Z,KIAH,2026-09-09,KXLOWTHOU-26SEP10-B76.5,76° to 77°,76.0,77.0,39,47,53,61,118.0,low
161,2026-09-09T21:54:27Z,KIAH,2026-09-09,KXLOWTHOU-26SEP10-B74.5,74° to 75°,74.0,75.0,3,6,94,97,3.0,low
162,2026-09-09T21:54:27Z,KIAH,2026-09-09,KXLOWTHOU-26SEP10-B72.5,72° to 73°,72.0,73.0,2,5,95,98,3.0,low
163,2026-09-09T21:54:27Z,KIAH,2026-09-09,KXLOWTHOU-26SEP09-T80,81° or above,81.0,999.0,0,1,99,100,189.94,low
164,2026-09-09T21:54:27Z,KIAH,2026-09-09,KXLOWTHOU-26SEP09-T73,72° or below,-999.0,72.0,0,3,97,100,37.0,low
165,2026-09-09T21:54:27Z,KIAH,2026-09-09,KXLOWTHOU-26SEP09-B79.5,79° to 80°,79.0,80.0,51,92,8,49,1242.46,low
166,2026-09-09T21:54:27Z,KIAH,2026-09-09,KXLOWTHOU-26SEP09-B77.5,77° to 78°,77.0,78.0,14,16,84,86,205.5,low
167,2026-09-09T21:54:27Z,KIAH,2026-09-09,KXLOWTHOU-26SEP09-B75.5,75° to 76°,75.0,76.0,1,8,92,99,172.01,low
168,2026-09-09T21:54:27Z,KIAH,2026-09-09,KXLOWTHOU-26SEP09-B73.5,73° to 74°,73.0,74.0,0,5,95,100,155.66,low
169,2026-09-09T21:54:27Z,KLAS,2026-09-09,KXHIGHTLV-26SEP10-T110,111° or above,111.0,999.0,1,2,98,99,1173.29,high
170,2026-09-09T21:54:27Z,KLAS,2026-09-09,KXHIGHTLV-26SEP10-T103,102° or below,-999.0,102.0,0,1,99,100,1472.0,high
171,2026-09-09T21:54:27Z,KLAS,2026-09-09,KXHIGHTLV-26SEP10-B109.5,109° to 110°,109.0,110.0,10,11,89,90,150.37,high
172,2026-09-09T21:54:27Z,KLAS,2026-09-09,KXHIGHTLV-26SEP10-B107.5,107° to 108°,107.0,108.0,64,65,35,36,415.96,high
173,2026-09-09T21:54:27Z,KLAS,2026-09-09,KXHIGHTLV-26SEP10-B105.5,105° to 106°,105.0,106.0,20,23,77,80,82.68,high
174,2026-09-09T21:54:27Z,KLAS,2026-09-09,KXHIGHTLV-26SEP10-B103.5,103° to 104°,103.0,104.0,2,3,97,98,69.1,high
175,2026-09-09T21:54:27Z,KLAS,2026-09-09,KXHIGHTLV-26SEP09-T108,109° or above,109.0,999.0,0,1,99,100,2853.08,high
176,2026-09-09T21:54:27Z,KLAS,2026-09-09,KXHIGHTLV-26SEP09-T101,100° or below,-999.0,100.0,0,1,99,100,2347.93,high
177,2026-09-09T21:54:27Z,KLAS,2026-09-09,KXHIGHTLV-26SEP09-B107.5,107° to 108°,107.0,108.0,1,2,98,99,3855.56,high
178,2026-09-09T21:54:27Z,KLAS,2026-09-09,KXHIGHTLV-26SEP09-B105.5,105° to 106°,105.0,106.0,61,70,30,39,6462.01,high
179,2026-09-09T21:54:27Z,KLAS,2026-09-09,KXHIGHTLV-26SEP09-B103.5,103° to 104°,103.0,104.0,27,38,62,73,5411.58,high
180,2026-09-09T21:54:27Z,KLAS,2026-09-09,KXHIGHTLV-26SEP09-B101.5,101° to 102°,101.0,102.0,0,1,99,100,1627.7,high
181,2026-09-09T21:54:27Z,KLAS,2026-09-09,KXLOWTLV-26SEP10-T83,84° or above,84.0,999.0,53,56,44,47,609.54,low
182,2026-09-09T21:54:27Z,KLAS,2026-09-09,KXLOWTLV-26SEP10-T76,75° or below,-999.0,75.0,0,1,99,100,0.0,low
183,2026-09-09T21:54:27Z,KLAS,2026-09-09,KXLOWTLV-26SEP10-B82.5,82° to 83°,82.0,83.0,35,38,62,65,178.9,low
184,2026-09-09T21:54:27Z,KLAS,2026-09-09,KXLOWTLV-26SEP10-B80.5,80° to 81°,80.0,81.0,4,10,90,96,103.76,low
185,2026-09-09T21:54:27Z,KLAS,2026-09-09,KXLOWTLV-26SEP10-B78.5,78° to 79°,78.0,79.0,1,6,94,99,101.15,low
186,2026-09-09T21:54:27Z,KLAS,2026-09-09,KXLOWTLV-26SEP10-B76.5,76° to 77°,76.0,77.0,1,4,96,99,10.0,low
187,2026-09-09T21:54:27Z,KLAS,2026-09-09,KXLOWTLV-26SEP09-T81,82° or above,82.0,999.0,0,1,99,100,1874.4,low
188,2026-09-09T21:54:27Z,KLAS,2026-09-09,KXLOWTLV-26SEP09-T74,73° or below,-999.0,73.0,0,2,98,100,233.0,low
189,2026-09-09T21:54:27Z,KLAS,2026-09-09,KXLOWTLV-26SEP09-B80.5,80° to 81°,80.0,81.0,98,99,1,2,1758.67,low
190,2026-09-09T21:54:27Z,KLAS,2026-09-09,KXLOWTLV-26SEP09-B78.5,78° to 79°,78.0,79.0,1,2,98,99,921.86,low
191,2026-09-09T21:54:27Z,KLAS,2026-09-09,KXLOWTLV-26SEP09-B76.5,76° to 77°,76.0,77.0,0,2,98,100,393.87,low
192,2026-09-09T21:54:27Z,KLAS,2026-09-09,KXLOWTLV-26SEP09-B74.5,74° to 75°,74.0,75.0,0,2,98,100,240.0,low
193,2026-09-09T21:54:27Z,KLAX,2026-09-09,KXHIGHLAX-26SEP10-T90,91° or above,91.0,999.0,79,81,19,21,13896.0,high
194,2026-09-09T21:54:27Z,KLAX,2026-09-09,KXHIGHLAX-26SEP10-T83,82° or below,-999.0,82.0,0,1,99,100,783.0,high
195,2026-09-09T21:54:27Z,KLAX,2026-09-09,KXHIGHLAX-26SEP10-B89.5,89° to 90°,89.0,90.0,15,17,83,85,2111.55,high
196,2026-09-09T21:54:27Z,KLAX,2026-09-09,KXHIGHLAX-26SEP10-B87.5,87° to 88°,87.0,88.0,5,6,94,95,2565.63,high
197,2026-09-09T21:54:27Z,KLAX,2026-09-09,KXHIGHLAX-26SEP10-B85.5,85° to 86°,85.0,86.0,1,2,98,99,2634.96,high
198,2026-09-09T21:54:27Z,KLAX,2026-09-09,KXHIGHLAX-26SEP10-B83.5,83° to 84°,83.0,84.0,0,1,99,100,1325.93,high
199,2026-09-09T21:54:27Z,KLAX,2026-09-09,KXHIGHLAX-26SEP09-T92,93° or above,93.0,999.0,99,100,0,1,81039.58,high
200,2026-09-09T21:54:27Z,KLAX,2026-09-09,KXHIGHLAX-26SEP09-T85,84° or below,-999.0,84.0,0,1,99,100,8362.67,high
201,2026-09-09T21:54:27Z,KLAX,2026-09-09,KXHIGHLAX-26SEP09-B91.5,91° to 92°,91.0,92.0,0,1,99,100,43816.37,high
202,2026-09-09T21:54:27Z,KLAX,2026-09-09,KXHIGHLAX-26SEP09-B89.5,89° to 90°,89.0,90.0,0,1,99,100,25495.75,high
203,2026-09-09T21:54:27Z,KLAX,2026-09-09,KXHIGHLAX-26SEP09-B87.5,87° to 88°,87.0,88.0,0,1,99,100,13480.31,high
204,2026-09-09T21:54:27Z,KLAX,2026-09-09,KXHIGHLAX-26SEP09-B85.5,85° to 86°,85.0,86.0,0,1,99,100,8819.89,high
205,2026-09-09T21:54:27Z,KLAX,2026-09-09,KXLOWTLAX-26SEP10-T75,76° or above,76.0,999.0,33,38,62,67,364.07,low
206,2026-09-09T21:54:27Z,KLAX,2026-09-09,KXLOWTLAX-26SEP10-T68,67° or below,-999.0,67.0,0,2,98,100,93.0,low
207,2026-09-09T21:54:27Z,KLAX,2026-09-09,KXLOWTLAX-26SEP10-B74.5,74° to 75°,74.0,75.0,49,52,48,51,99.0,low
208,2026-09-09T21:54:27Z,KLAX,2026-09-09,KXLOWTLAX-26SEP10-B72.5,72° to 73°,72.0,73.0,13,14,86,87,112.43,low
209,2026-09-09T21:54:27Z,KLAX,2026-09-09,KXLOWTLAX-26SEP10-B70.5,70° to 71°,70.0,71.0,2,4,96,98,127.24,low
210,2026-09-09T21:54:27Z,KLAX,2026-09-09,KXLOWTLAX-26SEP10-B68.5,68° to 69°,68.0,69.0,2,4,96,98,34.51,low
211,2026-09-09T21:54:27Z,KLAX,2026-09-09,KXLOWTLAX-26SEP09-T75,76° or above,76.0,999.0,92,95,5,8,3533.8,low
212,2026-09-09T21:54:27Z,KLAX,2026-09-09,KXLOWTLAX-26SEP09-T68,67° or below,-999.0,67.0,0,1,99,100,101.0,low
213,2026-09-09T21:54:27Z,KLAX,2026-09-09,KXLOWTLAX-26SEP09-B74.5,74° to 75°,74.0,75.0,5,9,91,95,1224.57,low
214,2026-09-09T21:54:27Z,KLAX,2026-09-09,KXLOWTLAX-26SEP09-B72.5,72° to 73°,72.0,73.0,1,2,98,99,531.23,low
215,2026-09-09T21:54:27Z,KLAX,2026-09-09,KXLOWTLAX-26SEP09-B70.5,70° to 71°,70.0,71.0,0,1,99,100,210.0,low
216,2026-09-09T21:54:27Z,KLAX,2026-09-09,KXLOWTLAX-26SEP09-B68.5,68° to 69°,68.0,69.0,0,1,99,100,307.84,low
73,2026-09-09T21:54:27Z,KMDW,2026-09-09,KXHIGHCHI-26SEP10-T82,83° or above,83.0,999.0,2,4,96,98,90.01,high
74,2026-09-09T21:54:27Z,KMDW,2026-09-09,KXHIGHCHI-26SEP10-T75,74° or below,-999.0,74.0,1,2,98,99,471.94,high
75,2026-09-09T21:54:27Z,KMDW,2026-09-09,KXHIGHCHI-26SEP10-B81.5,81° to 82°,81.0,82.0,11,12,88,89,66.69,high
76,2026-09-09T21:54:27Z,KMDW,2026-09-09,KXHIGHCHI-26SEP10-B79.5,79° to 80°,79.0,80.0,38,39,61,62,385.7,high
77,2026-09-09T21:54:27Z,KMDW,2026-09-09,KXHIGHCHI-26SEP10-B77.5,77° to 78°,77.0,78.0,36,37,63,64,423.54,high
78,2026-09-09T21:54:27Z,KMDW,2026-09-09,KXHIGHCHI-26SEP10-B75.5,75° to 76°,75.0,76.0,8,9,91,92,384.97,high
79,2026-09-09T21:54:27Z,KMDW,2026-09-09,KXHIGHCHI-26SEP09-T87,88° or above,88.0,999.0,0,1,99,100,2604.92,high
80,2026-09-09T21:54:27Z,KMDW,2026-09-09,KXHIGHCHI-26SEP09-T80,79° or below,-999.0,79.0,0,1,99,100,36174.44,high
81,2026-09-09T21:54:27Z,KMDW,2026-09-09,KXHIGHCHI-26SEP09-B86.5,86° to 87°,86.0,87.0,0,1,99,100,1732.09,high
82,2026-09-09T21:54:27Z,KMDW,2026-09-09,KXHIGHCHI-26SEP09-B84.5,84° to 85°,84.0,85.0,0,1,99,100,5317.77,high
83,2026-09-09T21:54:27Z,KMDW,2026-09-09,KXHIGHCHI-26SEP09-B82.5,82° to 83°,82.0,83.0,4,5,95,96,16413.11,high
84,2026-09-09T21:54:27Z,KMDW,2026-09-09,KXHIGHCHI-26SEP09-B80.5,80° to 81°,80.0,81.0,94,97,3,6,15845.51,high
85,2026-09-09T21:54:27Z,KMDW,2026-09-09,KXLOWTCHI-26SEP10-T69,70° or above,70.0,999.0,13,16,84,87,221.19,low
86,2026-09-09T21:54:27Z,KMDW,2026-09-09,KXLOWTCHI-26SEP10-T62,61° or below,-999.0,61.0,1,4,96,99,92.37,low
87,2026-09-09T21:54:27Z,KMDW,2026-09-09,KXLOWTCHI-26SEP10-B68.5,68° to 69°,68.0,69.0,28,34,66,72,323.0,low
88,2026-09-09T21:54:27Z,KMDW,2026-09-09,KXLOWTCHI-26SEP10-B66.5,66° to 67°,66.0,67.0,34,42,58,66,221.0,low
89,2026-09-09T21:54:27Z,KMDW,2026-09-09,KXLOWTCHI-26SEP10-B64.5,64° to 65°,64.0,65.0,7,12,88,93,232.6,low
90,2026-09-09T21:54:27Z,KMDW,2026-09-09,KXLOWTCHI-26SEP10-B62.5,62° to 63°,62.0,63.0,2,6,94,98,96.61,low
91,2026-09-09T21:54:27Z,KMDW,2026-09-09,KXLOWTCHI-26SEP09-T75,76° or above,76.0,999.0,0,1,99,100,1127.0,low
92,2026-09-09T21:54:27Z,KMDW,2026-09-09,KXLOWTCHI-26SEP09-T68,67° or below,-999.0,67.0,3,7,93,97,1526.4,low
93,2026-09-09T21:54:27Z,KMDW,2026-09-09,KXLOWTCHI-26SEP09-B74.5,74° to 75°,74.0,75.0,0,1,99,100,980.89,low
94,2026-09-09T21:54:27Z,KMDW,2026-09-09,KXLOWTCHI-26SEP09-B72.5,72° to 73°,72.0,73.0,52,84,16,48,3249.82,low
95,2026-09-09T21:54:27Z,KMDW,2026-09-09,KXLOWTCHI-26SEP09-B70.5,70° to 71°,70.0,71.0,11,43,57,89,2010.38,low
96,2026-09-09T21:54:27Z,KMDW,2026-09-09,KXLOWTCHI-26SEP09-B68.5,68° to 69°,68.0,69.0,4,14,86,96,1612.17,low
217,2026-09-09T21:54:27Z,KMIA,2026-09-09,KXHIGHMIA-26SEP10-T93,94° or above,94.0,999.0,0,1,99,100,999.73,high
218,2026-09-09T21:54:27Z,KMIA,2026-09-09,KXHIGHMIA-26SEP10-T86,85° or below,-999.0,85.0,1,2,98,99,1065.07,high
219,2026-09-09T21:54:27Z,KMIA,2026-09-09,KXHIGHMIA-26SEP10-B92.5,92° to 93°,92.0,93.0,21,22,78,79,545.19,high
220,2026-09-09T21:54:27Z,KMIA,2026-09-09,KXHIGHMIA-26SEP10-B90.5,90° to 91°,90.0,91.0,48,49,51,52,526.27,high
221,2026-09-09T21:54:27Z,KMIA,2026-09-09,KXHIGHMIA-26SEP10-B88.5,88° to 89°,88.0,89.0,22,23,77,78,620.99,high
222,2026-09-09T21:54:27Z,KMIA,2026-09-09,KXHIGHMIA-26SEP10-B86.5,86° to 87°,86.0,87.0,5,6,94,95,88.3,high
223,2026-09-09T21:54:27Z,KMIA,2026-09-09,KXHIGHMIA-26SEP09-T94,95° or above,95.0,999.0,0,1,99,100,4987.99,high
224,2026-09-09T21:54:27Z,KMIA,2026-09-09,KXHIGHMIA-26SEP09-T87,86° or below,-999.0,86.0,0,1,99,100,30910.32,high
225,2026-09-09T21:54:27Z,KMIA,2026-09-09,KXHIGHMIA-26SEP09-B93.5,93° to 94°,93.0,94.0,0,1,99,100,14128.92,high
226,2026-09-09T21:54:27Z,KMIA,2026-09-09,KXHIGHMIA-26SEP09-B91.5,91° to 92°,91.0,92.0,0,1,99,100,34439.57,high
227,2026-09-09T21:54:27Z,KMIA,2026-09-09,KXHIGHMIA-26SEP09-B89.5,89° to 90°,89.0,90.0,99,100,0,1,59953.73,high
228,2026-09-09T21:54:27Z,KMIA,2026-09-09,KXHIGHMIA-26SEP09-B87.5,87° to 88°,87.0,88.0,0,1,99,100,77326.23,high
229,2026-09-09T21:54:27Z,KMIA,2026-09-09,KXLOWTMIA-26SEP10-T82,83° or above,83.0,999.0,2,4,96,98,25.97,low
230,2026-09-09T21:54:27Z,KMIA,2026-09-09,KXLOWTMIA-26SEP10-T75,74° or below,-999.0,74.0,3,4,96,97,31.61,low
231,2026-09-09T21:54:27Z,KMIA,2026-09-09,KXLOWTMIA-26SEP10-B81.5,81° to 82°,81.0,82.0,10,18,82,90,50.0,low
232,2026-09-09T21:54:27Z,KMIA,2026-09-09,KXLOWTMIA-26SEP10-B79.5,79° to 80°,79.0,80.0,29,37,63,71,121.0,low
233,2026-09-09T21:54:27Z,KMIA,2026-09-09,KXLOWTMIA-26SEP10-B77.5,77° to 78°,77.0,78.0,28,36,64,72,129.0,low
234,2026-09-09T21:54:27Z,KMIA,2026-09-09,KXLOWTMIA-26SEP10-B75.5,75° to 76°,75.0,76.0,9,15,85,91,5.0,low
235,2026-09-09T21:54:27Z,KMIA,2026-09-09,KXLOWTMIA-26SEP09-T82,83° or above,83.0,999.0,0,1,99,100,3428.05,low
236,2026-09-09T21:54:27Z,KMIA,2026-09-09,KXLOWTMIA-26SEP09-T75,74° or below,-999.0,74.0,1,5,95,99,800.85,low
237,2026-09-09T21:54:27Z,KMIA,2026-09-09,KXLOWTMIA-26SEP09-B81.5,81° to 82°,81.0,82.0,0,1,99,100,816.01,low
238,2026-09-09T21:54:27Z,KMIA,2026-09-09,KXLOWTMIA-26SEP09-B79.5,79° to 80°,79.0,80.0,62,90,10,38,2042.53,low
239,2026-09-09T21:54:27Z,KMIA,2026-09-09,KXLOWTMIA-26SEP09-B77.5,77° to 78°,77.0,78.0,5,12,88,95,853.79,low
240,2026-09-09T21:54:27Z,KMIA,2026-09-09,KXLOWTMIA-26SEP09-B75.5,75° to 76°,75.0,76.0,3,4,96,97,676.74,low
241,2026-09-09T21:54:27Z,KMSP,2026-09-09,KXHIGHTMIN-26SEP10-T85,86° or above,86.0,999.0,3,6,94,97,257.82,high
242,2026-09-09T21:54:27Z,KMSP,2026-09-09,KXHIGHTMIN-26SEP10-T78,77° or below,-999.0,77.0,1,2,98,99,373.45,high
243,2026-09-09T21:54:27Z,KMSP,2026-09-09,KXHIGHTMIN-26SEP10-B84.5,84° to 85°,84.0,85.0,22,24,76,78,88.31,high
244,2026-09-09T21:54:27Z,KMSP,2026-09-09,KXHIGHTMIN-26SEP10-B82.5,82° to 83°,82.0,83.0,55,56,44,45,295.4,high
245,2026-09-09T21:54:27Z,KMSP,2026-09-09,KXHIGHTMIN-26SEP10-B80.5,80° to 81°,80.0,81.0,17,21,79,83,84.17,high
246,2026-09-09T21:54:27Z,KMSP,2026-09-09,KXHIGHTMIN-26SEP10-B78.5,78° to 79°,78.0,79.0,3,4,96,97,524.82,high
247,2026-09-09T21:54:27Z,KMSP,2026-09-09,KXHIGHTMIN-26SEP09-T83,84° or above,84.0,999.0,0,1,99,100,5844.07,high
248,2026-09-09T21:54:27Z,KMSP,2026-09-09,KXHIGHTMIN-26SEP09-T76,75° or below,-999.0,75.0,0,1,99,100,888.44,high
249,2026-09-09T21:54:27Z,KMSP,2026-09-09,KXHIGHTMIN-26SEP09-B82.5,82° to 83°,82.0,83.0,0,1,99,100,9165.69,high
250,2026-09-09T21:54:27Z,KMSP,2026-09-09,KXHIGHTMIN-26SEP09-B80.5,80° to 81°,80.0,81.0,99,100,0,1,10141.94,high
251,2026-09-09T21:54:27Z,KMSP,2026-09-09,KXHIGHTMIN-26SEP09-B78.5,78° to 79°,78.0,79.0,0,1,99,100,7498.06,high
252,2026-09-09T21:54:27Z,KMSP,2026-09-09,KXHIGHTMIN-26SEP09-B76.5,76° to 77°,76.0,77.0,0,1,99,100,1487.34,high
253,2026-09-09T21:54:27Z,KMSP,2026-09-09,KXLOWTMIN-26SEP10-T59,60° or above,60.0,999.0,21,26,74,79,307.0,low
254,2026-09-09T21:54:27Z,KMSP,2026-09-09,KXLOWTMIN-26SEP10-T52,51° or below,-999.0,51.0,0,4,96,100,102.0,low
255,2026-09-09T21:54:27Z,KMSP,2026-09-09,KXLOWTMIN-26SEP10-B58.5,58° to 59°,58.0,59.0,35,44,56,65,180.0,low
256,2026-09-09T21:54:27Z,KMSP,2026-09-09,KXLOWTMIN-26SEP10-B56.5,56° to 57°,56.0,57.0,19,25,75,81,51.0,low
257,2026-09-09T21:54:27Z,KMSP,2026-09-09,KXLOWTMIN-26SEP10-B54.5,54° to 55°,54.0,55.0,6,13,87,94,3.0,low
258,2026-09-09T21:54:27Z,KMSP,2026-09-09,KXLOWTMIN-26SEP10-B52.5,52° to 53°,52.0,53.0,3,5,95,97,0.0,low
259,2026-09-09T21:54:27Z,KMSP,2026-09-09,KXLOWTMIN-26SEP09-T64,65° or above,65.0,999.0,0,1,99,100,1063.96,low
260,2026-09-09T21:54:27Z,KMSP,2026-09-09,KXLOWTMIN-26SEP09-T57,56° or below,-999.0,56.0,0,2,98,100,149.0,low
261,2026-09-09T21:54:27Z,KMSP,2026-09-09,KXLOWTMIN-26SEP09-B63.5,63° to 64°,63.0,64.0,81,86,14,19,1738.86,low
262,2026-09-09T21:54:27Z,KMSP,2026-09-09,KXLOWTMIN-26SEP09-B61.5,61° to 62°,61.0,62.0,10,17,83,90,691.76,low
263,2026-09-09T21:54:27Z,KMSP,2026-09-09,KXLOWTMIN-26SEP09-B59.5,59° to 60°,59.0,60.0,1,4,96,99,378.1,low
264,2026-09-09T21:54:27Z,KMSP,2026-09-09,KXLOWTMIN-26SEP09-B57.5,57° to 58°,57.0,58.0,0,1,99,100,102.0,low
265,2026-09-09T21:54:27Z,KMSY,2026-09-09,KXHIGHTNOLA-26SEP10-T93,94° or above,94.0,999.0,1,2,98,99,83.15,high
266,2026-09-09T21:54:27Z,KMSY,2026-09-09,KXHIGHTNOLA-26SEP10-T86,85° or below,-999.0,85.0,12,13,87,88,292.37,high
267,2026-09-09T21:54:27Z,KMSY,2026-09-09,KXHIGHTNOLA-26SEP10-B92.5,92° to 93°,92.0,93.0,2,3,97,98,61.74,high
268,2026-09-09T21:54:27Z,KMSY,2026-09-09,KXHIGHTNOLA-26SEP10-B90.5,90° to 91°,90.0,91.0,16,17,83,84,267.0,high
269,2026-09-09T21:54:27Z,KMSY,2026-09-09,KXHIGHTNOLA-26SEP10-B88.5,88° to 89°,88.0,89.0,37,38,62,63,153.41,high
270,2026-09-09T21:54:27Z,KMSY,2026-09-09,KXHIGHTNOLA-26SEP10-B86.5,86° to 87°,86.0,87.0,22,24,76,78,170.43,high
271,2026-09-09T21:54:27Z,KMSY,2026-09-09,KXHIGHTNOLA-26SEP09-T93,94° or above,94.0,999.0,0,1,99,100,1070.91,high
272,2026-09-09T21:54:27Z,KMSY,2026-09-09,KXHIGHTNOLA-26SEP09-T86,85° or below,-999.0,85.0,0,1,99,100,883.84,high
273,2026-09-09T21:54:27Z,KMSY,2026-09-09,KXHIGHTNOLA-26SEP09-B92.5,92° to 93°,92.0,93.0,0,1,99,100,4611.85,high
274,2026-09-09T21:54:27Z,KMSY,2026-09-09,KXHIGHTNOLA-26SEP09-B90.5,90° to 91°,90.0,91.0,99,100,0,1,3339.29,high
275,2026-09-09T21:54:27Z,KMSY,2026-09-09,KXHIGHTNOLA-26SEP09-B88.5,88° to 89°,88.0,89.0,0,1,99,100,1446.71,high
276,2026-09-09T21:54:27Z,KMSY,2026-09-09,KXHIGHTNOLA-26SEP09-B86.5,86° to 87°,86.0,87.0,0,1,99,100,875.98,high
277,2026-09-09T21:54:27Z,KMSY,2026-09-09,KXLOWTNOLA-26SEP10-T80,81° or above,81.0,999.0,2,5,95,98,0.0,low
278,2026-09-09T21:54:27Z,KMSY,2026-09-09,KXLOWTNOLA-26SEP10-T73,72° or below,-999.0,72.0,0,1,99,100,0.0,low
279,2026-09-09T21:54:27Z,KMSY,2026-09-09,KXLOWTNOLA-26SEP10-B79.5,79° to 80°,79.0,80.0,17,24,76,83,244.0,low
280,2026-09-09T21:54:27Z,KMSY,2026-09-09,KXLOWTNOLA-26SEP10-B77.5,77° to 78°,77.0,78.0,45,53,47,55,281.46,low
281,2026-09-09T21:54:27Z,KMSY,2026-09-09,KXLOWTNOLA-26SEP10-B75.5,75° to 76°,75.0,76.0,23,27,73,77,8.03,low
282,2026-09-09T21:54:27Z,KMSY,2026-09-09,KXLOWTNOLA-26SEP10-B73.5,73° to 74°,73.0,74.0,2,7,93,98,12.33,low
283,2026-09-09T21:54:27Z,KMSY,2026-09-09,KXLOWTNOLA-26SEP09-T81,82° or above,82.0,999.0,0,1,99,100,95.0,low
284,2026-09-09T21:54:27Z,KMSY,2026-09-09,KXLOWTNOLA-26SEP09-T74,73° or below,-999.0,73.0,0,4,96,100,86.0,low
285,2026-09-09T21:54:27Z,KMSY,2026-09-09,KXLOWTNOLA-26SEP09-B80.5,80° to 81°,80.0,81.0,0,1,99,100,346.94,low
286,2026-09-09T21:54:27Z,KMSY,2026-09-09,KXLOWTNOLA-26SEP09-B78.5,78° to 79°,78.0,79.0,95,98,2,5,1016.01,low
287,2026-09-09T21:54:27Z,KMSY,2026-09-09,KXLOWTNOLA-26SEP09-B76.5,76° to 77°,76.0,77.0,2,4,96,98,560.52,low
288,2026-09-09T21:54:27Z,KMSY,2026-09-09,KXLOWTNOLA-26SEP09-B74.5,74° to 75°,74.0,75.0,0,1,99,100,66.0,low
289,2026-09-09T21:54:27Z,KNYC,2026-09-09,KXHIGHNY-26SEP10-T92,93° or above,93.0,999.0,0,1,99,100,1025.0,high
290,2026-09-09T21:54:27Z,KNYC,2026-09-09,KXHIGHNY-26SEP10-T85,84° or below,-999.0,84.0,28,29,71,72,2371.43,high
291,2026-09-09T21:54:27Z,KNYC,2026-09-09,KXHIGHNY-26SEP10-B91.5,91° to 92°,91.0,92.0,1,2,98,99,395.14,high
292,2026-09-09T21:54:27Z,KNYC,2026-09-09,KXHIGHNY-26SEP10-B89.5,89° to 90°,89.0,90.0,6,8,92,94,1212.71,high
293,2026-09-09T21:54:27Z,KNYC,2026-09-09,KXHIGHNY-26SEP10-B87.5,87° to 88°,87.0,88.0,29,30,70,71,1661.89,high
294,2026-09-09T21:54:27Z,KNYC,2026-09-09,KXHIGHNY-26SEP10-B85.5,85° to 86°,85.0,86.0,38,39,61,62,690.68,high
295,2026-09-09T21:54:27Z,KNYC,2026-09-09,KXHIGHNY-26SEP09-T91,92° or above,92.0,999.0,0,1,99,100,4107.48,high
296,2026-09-09T21:54:27Z,KNYC,2026-09-09,KXHIGHNY-26SEP09-T84,83° or below,-999.0,83.0,99,100,0,1,54040.17,high
297,2026-09-09T21:54:27Z,KNYC,2026-09-09,KXHIGHNY-26SEP09-B90.5,90° to 91°,90.0,91.0,0,1,99,100,1327.54,high
298,2026-09-09T21:54:27Z,KNYC,2026-09-09,KXHIGHNY-26SEP09-B88.5,88° to 89°,88.0,89.0,0,1,99,100,2621.52,high
299,2026-09-09T21:54:27Z,KNYC,2026-09-09,KXHIGHNY-26SEP09-B86.5,86° to 87°,86.0,87.0,0,1,99,100,35664.9,high
300,2026-09-09T21:54:27Z,KNYC,2026-09-09,KXHIGHNY-26SEP09-B84.5,84° to 85°,84.0,85.0,0,1,99,100,35352.26,high
301,2026-09-09T21:54:27Z,KNYC,2026-09-09,KXLOWTNYC-26SEP10-T75,76° or above,76.0,999.0,2,4,96,98,74.28,low
302,2026-09-09T21:54:27Z,KNYC,2026-09-09,KXLOWTNYC-26SEP10-T68,67° or below,-999.0,67.0,2,5,95,98,57.37,low
303,2026-09-09T21:54:27Z,KNYC,2026-09-09,KXLOWTNYC-26SEP10-B74.5,74° to 75°,74.0,75.0,5,11,89,95,404.0,low
304,2026-09-09T21:54:27Z,KNYC,2026-09-09,KXLOWTNYC-26SEP10-B72.5,72° to 73°,72.0,73.0,45,54,46,55,582.04,low
305,2026-09-09T21:54:27Z,KNYC,2026-09-09,KXLOWTNYC-26SEP10-B70.5,70° to 71°,70.0,71.0,25,30,70,75,255.14,low
306,2026-09-09T21:54:27Z,KNYC,2026-09-09,KXLOWTNYC-26SEP10-B68.5,68° to 69°,68.0,69.0,6,9,91,94,57.78,low
307,2026-09-09T21:54:27Z,KNYC,2026-09-09,KXLOWTNYC-26SEP09-T69,70° or above,70.0,999.0,0,1,99,100,2730.43,low
308,2026-09-09T21:54:27Z,KNYC,2026-09-09,KXLOWTNYC-26SEP09-T62,61° or below,-999.0,61.0,0,1,99,100,175.0,low
309,2026-09-09T21:54:27Z,KNYC,2026-09-09,KXLOWTNYC-26SEP09-B68.5,68° to 69°,68.0,69.0,99,100,0,1,2397.88,low
310,2026-09-09T21:54:27Z,KNYC,2026-09-09,KXLOWTNYC-26SEP09-B66.5,66° to 67°,66.0,67.0,0,1,99,100,3356.71,low
311,2026-09-09T21:54:27Z,KNYC,2026-09-09,KXLOWTNYC-26SEP09-B64.5,64° to 65°,64.0,65.0,0,1,99,100,637.67,low
312,2026-09-09T21:54:27Z,KNYC,2026-09-09,KXLOWTNYC-26SEP09-B62.5,62° to 63°,62.0,63.0,0,1,99,100,1049.28,low
313,2026-09-09T21:54:27Z,KOKC,2026-09-09,KXHIGHTOKC-26SEP10-T90,91° or above,91.0,999.0,16,18,82,84,783.12,high
314,2026-09-09T21:54:27Z,KOKC,2026-09-09,KXHIGHTOKC-26SEP10-T83,82° or below,-999.0,82.0,8,9,91,92,364.03,high
315,2026-09-09T21:54:27Z,KOKC,2026-09-09,KXHIGHTOKC-26SEP10-B89.5,89° to 90°,89.0,90.0,15,17,83,85,95.93,high
316,2026-09-09T21:54:27Z,KOKC,2026-09-09,KXHIGHTOKC-26SEP10-B87.5,87° to 88°,87.0,88.0,20,22,78,80,413.11,high
317,2026-09-09T21:54:27Z,KOKC,2026-09-09,KXHIGHTOKC-26SEP10-B85.5,85° to 86°,85.0,86.0,16,17,83,84,244.44,high
318,2026-09-09T21:54:27Z,KOKC,2026-09-09,KXHIGHTOKC-26SEP10-B83.5,83° to 84°,83.0,84.0,14,15,85,86,418.88,high
319,2026-09-09T21:54:27Z,KOKC,2026-09-09,KXHIGHTOKC-26SEP09-T97,96° or below,-999.0,96.0,0,1,99,100,107.0,high
320,2026-09-09T21:54:27Z,KOKC,2026-09-09,KXHIGHTOKC-26SEP09-T104,105° or above,105.0,999.0,0,1,99,100,2818.93,high
321,2026-09-09T21:54:27Z,KOKC,2026-09-09,KXHIGHTOKC-26SEP09-B99.5,99° to 100°,99.0,100.0,0,1,99,100,3141.93,high
322,2026-09-09T21:54:27Z,KOKC,2026-09-09,KXHIGHTOKC-26SEP09-B97.5,97° to 98°,97.0,98.0,0,1,99,100,1023.71,high
323,2026-09-09T21:54:27Z,KOKC,2026-09-09,KXHIGHTOKC-26SEP09-B103.5,103° to 104°,103.0,104.0,99,100,0,1,6879.69,high
324,2026-09-09T21:54:27Z,KOKC,2026-09-09,KXHIGHTOKC-26SEP09-B101.5,101° to 102°,101.0,102.0,0,1,99,100,6574.76,high
325,2026-09-09T21:54:27Z,KOKC,2026-09-09,KXLOWTOKC-26SEP10-T75,76° or above,76.0,999.0,6,13,87,94,179.0,low
326,2026-09-09T21:54:27Z,KOKC,2026-09-09,KXLOWTOKC-26SEP10-T68,67° or below,-999.0,67.0,2,4,96,98,107.0,low
327,2026-09-09T21:54:27Z,KOKC,2026-09-09,KXLOWTOKC-26SEP10-B74.5,74° to 75°,74.0,75.0,20,26,74,80,223.0,low
328,2026-09-09T21:54:27Z,KOKC,2026-09-09,KXLOWTOKC-26SEP10-B72.5,72° to 73°,72.0,73.0,31,38,62,69,163.25,low
329,2026-09-09T21:54:27Z,KOKC,2026-09-09,KXLOWTOKC-26SEP10-B70.5,70° to 71°,70.0,71.0,19,27,73,81,196.36,low
330,2026-09-09T21:54:27Z,KOKC,2026-09-09,KXLOWTOKC-26SEP10-B68.5,68° to 69°,68.0,69.0,5,12,88,95,126.0,low
331,2026-09-09T21:54:27Z,KOKC,2026-09-09,KXLOWTOKC-26SEP09-T78,79° or above,79.0,999.0,0,1,99,100,2205.35,low
332,2026-09-09T21:54:27Z,KOKC,2026-09-09,KXLOWTOKC-26SEP09-T71,70° or below,-999.0,70.0,0,1,99,100,153.5,low
333,2026-09-09T21:54:27Z,KOKC,2026-09-09,KXLOWTOKC-26SEP09-B77.5,77° to 78°,77.0,78.0,95,99,1,5,2526.13,low
334,2026-09-09T21:54:27Z,KOKC,2026-09-09,KXLOWTOKC-26SEP09-B75.5,75° to 76°,75.0,76.0,1,6,94,99,1274.04,low
335,2026-09-09T21:54:27Z,KOKC,2026-09-09,KXLOWTOKC-26SEP09-B73.5,73° to 74°,73.0,74.0,1,5,95,99,598.05,low
336,2026-09-09T21:54:27Z,KOKC,2026-09-09,KXLOWTOKC-26SEP09-B71.5,71° to 72°,71.0,72.0,0,3,97,100,95.83,low
337,2026-09-09T21:54:27Z,KPHL,2026-09-09,KXHIGHPHIL-26SEP10-T91,92° or above,92.0,999.0,3,4,96,97,328.85,high
338,2026-09-09T21:54:27Z,KPHL,2026-09-09,KXHIGHPHIL-26SEP10-T84,83° or below,-999.0,83.0,3,4,96,97,65.03,high
339,2026-09-09T21:54:27Z,KPHL,2026-09-09,KXHIGHPHIL-26SEP10-B90.5,90° to 91°,90.0,91.0,31,32,68,69,353.28,high
340,2026-09-09T21:54:27Z,KPHL,2026-09-09,KXHIGHPHIL-26SEP10-B88.5,88° to 89°,88.0,89.0,40,41,59,60,561.95,high
341,2026-09-09T21:54:27Z,KPHL,2026-09-09,KXHIGHPHIL-26SEP10-B86.5,86° to 87°,86.0,87.0,14,17,83,86,258.4,high
342,2026-09-09T21:54:27Z,KPHL,2026-09-09,KXHIGHPHIL-26SEP10-B84.5,84° to 85°,84.0,85.0,7,10,90,93,5.05,high
343,2026-09-09T21:54:27Z,KPHL,2026-09-09,KXHIGHPHIL-26SEP09-T91,92° or above,92.0,999.0,0,1,99,100,1784.01,high
344,2026-09-09T21:54:27Z,KPHL,2026-09-09,KXHIGHPHIL-26SEP09-T84,83° or below,-999.0,83.0,0,1,99,100,848.88,high
345,2026-09-09T21:54:27Z,KPHL,2026-09-09,KXHIGHPHIL-26SEP09-B90.5,90° to 91°,90.0,91.0,0,1,99,100,6104.53,high
346,2026-09-09T21:54:27Z,KPHL,2026-09-09,KXHIGHPHIL-26SEP09-B88.5,88° to 89°,88.0,89.0,99,100,0,1,8242.78,high
347,2026-09-09T21:54:27Z,KPHL,2026-09-09,KXHIGHPHIL-26SEP09-B86.5,86° to 87°,86.0,87.0,0,1,99,100,5291.33,high
348,2026-09-09T21:54:27Z,KPHL,2026-09-09,KXHIGHPHIL-26SEP09-B84.5,84° to 85°,84.0,85.0,0,1,99,100,1034.52,high
349,2026-09-09T21:54:27Z,KPHL,2026-09-09,KXLOWTPHIL-26SEP10-T74,75° or above,75.0,999.0,30,33,67,70,185.0,low
350,2026-09-09T21:54:27Z,KPHL,2026-09-09,KXLOWTPHIL-26SEP10-T67,66° or below,-999.0,66.0,0,3,97,100,22.0,low
351,2026-09-09T21:54:27Z,KPHL,2026-09-09,KXLOWTPHIL-26SEP10-B73.5,73° to 74°,73.0,74.0,40,47,53,60,140.0,low
352,2026-09-09T21:54:27Z,KPHL,2026-09-09,KXLOWTPHIL-26SEP10-B71.5,71° to 72°,71.0,72.0,16,20,80,84,34.0,low
353,2026-09-09T21:54:27Z,KPHL,2026-09-09,KXLOWTPHIL-26SEP10-B69.5,69° to 70°,69.0,70.0,2,7,93,98,36.29,low
354,2026-09-09T21:54:27Z,KPHL,2026-09-09,KXLOWTPHIL-26SEP10-B67.5,67° to 68°,67.0,68.0,1,4,96,99,30.18,low
355,2026-09-09T21:54:27Z,KPHL,2026-09-09,KXLOWTPHIL-26SEP09-T68,69° or above,69.0,999.0,99,100,0,1,1972.21,low
356,2026-09-09T21:54:27Z,KPHL,2026-09-09,KXLOWTPHIL-26SEP09-T61,60° or below,-999.0,60.0,0,3,97,100,211.44,low
357,2026-09-09T21:54:27Z,KPHL,2026-09-09,KXLOWTPHIL-26SEP09-B67.5,67° to 68°,67.0,68.0,0,1,99,100,1518.49,low
358,2026-09-09T21:54:27Z,KPHL,2026-09-09,KXLOWTPHIL-26SEP09-B65.5,65° to 66°,65.0,66.0,0,2,98,100,681.53,low
359,2026-09-09T21:54:27Z,KPHL,2026-09-09,KXLOWTPHIL-26SEP09-B63.5,63° to 64°,63.0,64.0,0,2,98,100,223.37,low
360,2026-09-09T21:54:27Z,KPHL,2026-09-09,KXLOWTPHIL-26SEP09-B61.5,61° to 62°,61.0,62.0,0,1,99,100,115.0,low
361,2026-09-09T21:54:27Z,KPHX,2026-09-09,KXHIGHTPHX-26SEP10-T112,113° or above,113.0,999.0,1,2,98,99,519.28,high
362,2026-09-09T21:54:27Z,KPHX,2026-09-09,KXHIGHTPHX-26SEP10-T105,104° or below,-999.0,104.0,1,2,98,99,178.77,high
363,2026-09-09T21:54:27Z,KPHX,2026-09-09,KXHIGHTPHX-26SEP10-B111.5,111° to 112°,111.0,112.0,4,5,95,96,87.49,high
364,2026-09-09T21:54:27Z,KPHX,2026-09-09,KXHIGHTPHX-26SEP10-B109.5,109° to 110°,109.0,110.0,47,48,52,53,314.96,high
365,2026-09-09T21:54:27Z,KPHX,2026-09-09,KXHIGHTPHX-26SEP10-B107.5,107° to 108°,107.0,108.0,41,42,58,59,162.41,high
366,2026-09-09T21:54:27Z,KPHX,2026-09-09,KXHIGHTPHX-26SEP10-B105.5,105° to 106°,105.0,106.0,4,5,95,96,44.5,high
367,2026-09-09T21:54:27Z,KPHX,2026-09-09,KXHIGHTPHX-26SEP09-T111,112° or above,112.0,999.0,0,1,99,100,1938.1,high
368,2026-09-09T21:54:27Z,KPHX,2026-09-09,KXHIGHTPHX-26SEP09-T104,103° or below,-999.0,103.0,0,1,99,100,1811.03,high
369,2026-09-09T21:54:27Z,KPHX,2026-09-09,KXHIGHTPHX-26SEP09-B110.5,110° to 111°,110.0,111.0,0,1,99,100,4942.56,high
370,2026-09-09T21:54:27Z,KPHX,2026-09-09,KXHIGHTPHX-26SEP09-B108.5,108° to 109°,108.0,109.0,4,8,92,96,8703.55,high
371,2026-09-09T21:54:27Z,KPHX,2026-09-09,KXHIGHTPHX-26SEP09-B106.5,106° to 107°,106.0,107.0,90,96,4,10,7280.8,high
372,2026-09-09T21:54:27Z,KPHX,2026-09-09,KXHIGHTPHX-26SEP09-B104.5,104° to 105°,104.0,105.0,0,5,95,100,7073.4,high
373,2026-09-09T21:54:27Z,KPHX,2026-09-09,KXLOWTPHX-26SEP10-T89,90° or above,90.0,999.0,42,45,55,58,252.0,low
374,2026-09-09T21:54:27Z,KPHX,2026-09-09,KXLOWTPHX-26SEP10-T82,81° or below,-999.0,81.0,0,1,99,100,147.0,low
375,2026-09-09T21:54:27Z,KPHX,2026-09-09,KXLOWTPHX-26SEP10-B88.5,88° to 89°,88.0,89.0,29,33,67,71,64.0,low
376,2026-09-09T21:54:27Z,KPHX,2026-09-09,KXLOWTPHX-26SEP10-B86.5,86° to 87°,86.0,87.0,23,27,73,77,118.0,low
377,2026-09-09T21:54:27Z,KPHX,2026-09-09,KXLOWTPHX-26SEP10-B84.5,84° to 85°,84.0,85.0,4,6,94,96,68.0,low
378,2026-09-09T21:54:27Z,KPHX,2026-09-09,KXLOWTPHX-26SEP10-B82.5,82° to 83°,82.0,83.0,2,4,96,98,201.0,low
379,2026-09-09T21:54:27Z,KPHX,2026-09-09,KXLOWTPHX-26SEP09-T88,89° or above,89.0,999.0,93,99,1,7,3185.58,low
380,2026-09-09T21:54:27Z,KPHX,2026-09-09,KXLOWTPHX-26SEP09-T81,80° or below,-999.0,80.0,0,1,99,100,88.0,low
381,2026-09-09T21:54:27Z,KPHX,2026-09-09,KXLOWTPHX-26SEP09-B87.5,87° to 88°,87.0,88.0,1,5,95,99,1422.21,low
382,2026-09-09T21:54:27Z,KPHX,2026-09-09,KXLOWTPHX-26SEP09-B85.5,85° to 86°,85.0,86.0,0,3,97,100,324.32,low
383,2026-09-09T21:54:27Z,KPHX,2026-09-09,KXLOWTPHX-26SEP09-B83.5,83° to 84°,83.0,84.0,0,4,96,100,112.01,low
384,2026-09-09T21:54:27Z,KPHX,2026-09-09,KXLOWTPHX-26SEP09-B81.5,81° to 82°,81.0,82.0,0,4,96,100,330.84,low
385,2026-09-09T21:54:27Z,KSAT,2026-09-09,KXHIGHTSATX-26SEP10-T95,94° or below,-999.0,94.0,4,5,95,96,22.58,high
386,2026-09-09T21:54:27Z,KSAT,2026-09-09,KXHIGHTSATX-26SEP10-T102,103° or above,103.0,999.0,0,1,99,100,166.0,high
387,2026-09-09T21:54:27Z,KSAT,2026-09-09,KXHIGHTSATX-26SEP10-B99.5,99° to 100°,99.0,100.0,9,11,89,91,86.09,high
388,2026-09-09T21:54:27Z,KSAT,2026-09-09,KXHIGHTSATX-26SEP10-B97.5,97° to 98°,97.0,98.0,58,59,41,42,262.3,high
389,2026-09-09T21:54:27Z,KSAT,2026-09-09,KXHIGHTSATX-26SEP10-B95.5,95° to 96°,95.0,96.0,21,30,70,79,64.46,high
390,2026-09-09T21:54:27Z,KSAT,2026-09-09,KXHIGHTSATX-26SEP10-B101.5,101° to 102°,101.0,102.0,2,3,97,98,30.51,high
391,2026-09-09T21:54:27Z,KSAT,2026-09-09,KXHIGHTSATX-26SEP09-T95,94° or below,-999.0,94.0,0,1,99,100,1155.54,high
392,2026-09-09T21:54:27Z,KSAT,2026-09-09,KXHIGHTSATX-26SEP09-T102,103° or above,103.0,999.0,0,1,99,100,272.0,high
393,2026-09-09T21:54:27Z,KSAT,2026-09-09,KXHIGHTSATX-26SEP09-B99.5,99° to 100°,99.0,100.0,9,14,86,91,2566.95,high
394,2026-09-09T21:54:27Z,KSAT,2026-09-09,KXHIGHTSATX-26SEP09-B97.5,97° to 98°,97.0,98.0,85,92,8,15,2867.98,high
395,2026-09-09T21:54:27Z,KSAT,2026-09-09,KXHIGHTSATX-26SEP09-B95.5,95° to 96°,95.0,96.0,0,1,99,100,3006.32,high
396,2026-09-09T21:54:27Z,KSAT,2026-09-09,KXHIGHTSATX-26SEP09-B101.5,101° to 102°,101.0,102.0,0,1,99,100,723.98,high
397,2026-09-09T21:54:27Z,KSAT,2026-09-09,KXLOWTSATX-26SEP10-T78,79° or above,79.0,999.0,19,20,80,81,127.0,low
398,2026-09-09T21:54:27Z,KSAT,2026-09-09,KXLOWTSATX-26SEP10-T71,70° or below,-999.0,70.0,0,1,99,100,0.0,low
399,2026-09-09T21:54:27Z,KSAT,2026-09-09,KXLOWTSATX-26SEP10-B77.5,77° to 78°,77.0,78.0,50,59,41,50,277.95,low
400,2026-09-09T21:54:27Z,KSAT,2026-09-09,KXLOWTSATX-26SEP10-B75.5,75° to 76°,75.0,76.0,12,23,77,88,0.03,low
401,2026-09-09T21:54:27Z,KSAT,2026-09-09,KXLOWTSATX-26SEP10-B73.5,73° to 74°,73.0,74.0,2,6,94,98,5.04,low
402,2026-09-09T21:54:27Z,KSAT,2026-09-09,KXLOWTSATX-26SEP10-B71.5,71° to 72°,71.0,72.0,2,4,96,98,20.18,low
403,2026-09-09T21:54:27Z,KSAT,2026-09-09,KXLOWTSATX-26SEP09-T79,80° or above,80.0,999.0,0,1,99,100,712.59,low
404,2026-09-09T21:54:27Z,KSAT,2026-09-09,KXLOWTSATX-26SEP09-T72,71° or below,-999.0,71.0,0,3,97,100,52.18,low
405,2026-09-09T21:54:27Z,KSAT,2026-09-09,KXLOWTSATX-26SEP09-B78.5,78° to 79°,78.0,79.0,90,98,2,10,1105.22,low
406,2026-09-09T21:54:27Z,KSAT,2026-09-09,KXLOWTSATX-26SEP09-B76.5,76° to 77°,76.0,77.0,2,5,95,98,1364.77,low
407,2026-09-09T21:54:27Z,KSAT,2026-09-09,KXLOWTSATX-26SEP09-B74.5,74° to 75°,74.0,75.0,1,2,98,99,119.99,low
408,2026-09-09T21:54:27Z,KSAT,2026-09-09,KXLOWTSATX-26SEP09-B72.5,72° to 73°,72.0,73.0,0,1,99,100,311.0,low
433,2026-09-09T21:54:27Z,KSEA,2026-09-09,KXHIGHTSEA-26SEP10-T74,75° or above,75.0,999.0,1,2,98,99,500.17,high
434,2026-09-09T21:54:27Z,KSEA,2026-09-09,KXHIGHTSEA-26SEP10-T67,66° or below,-999.0,66.0,5,7,93,95,867.51,high
435,2026-09-09T21:54:27Z,KSEA,2026-09-09,KXHIGHTSEA-26SEP10-B73.5,73° to 74°,73.0,74.0,5,7,93,95,220.55,high
436,2026-09-09T21:54:27Z,KSEA,2026-09-09,KXHIGHTSEA-26SEP10-B71.5,71° to 72°,71.0,72.0,44,45,55,56,473.68,high
437,2026-09-09T21:54:27Z,KSEA,2026-09-09,KXHIGHTSEA-26SEP10-B69.5,69° to 70°,69.0,70.0,32,35,65,68,151.33,high
438,2026-09-09T21:54:27Z,KSEA,2026-09-09,KXHIGHTSEA-26SEP10-B67.5,67° to 68°,67.0,68.0,14,17,83,86,52.81,high
439,2026-09-09T21:54:27Z,KSEA,2026-09-09,KXHIGHTSEA-26SEP09-T81,82° or above,82.0,999.0,0,1,99,100,562.81,high
440,2026-09-09T21:54:27Z,KSEA,2026-09-09,KXHIGHTSEA-26SEP09-T74,73° or below,-999.0,73.0,0,1,99,100,1906.15,high
441,2026-09-09T21:54:27Z,KSEA,2026-09-09,KXHIGHTSEA-26SEP09-B80.5,80° to 81°,80.0,81.0,9,10,90,91,2709.43,high
442,2026-09-09T21:54:27Z,KSEA,2026-09-09,KXHIGHTSEA-26SEP09-B78.5,78° to 79°,78.0,79.0,67,71,29,33,2801.06,high
443,2026-09-09T21:54:27Z,KSEA,2026-09-09,KXHIGHTSEA-26SEP09-B76.5,76° to 77°,76.0,77.0,21,24,76,79,4725.93,high
444,2026-09-09T21:54:27Z,KSEA,2026-09-09,KXHIGHTSEA-26SEP09-B74.5,74° to 75°,74.0,75.0,0,1,99,100,2592.93,high
445,2026-09-09T21:54:27Z,KSEA,2026-09-09,KXLOWTSEA-26SEP10-T57,58° or above,58.0,999.0,41,47,53,59,140.0,low
446,2026-09-09T21:54:27Z,KSEA,2026-09-09,KXLOWTSEA-26SEP10-T50,49° or below,-999.0,49.0,0,1,99,100,0.0,low
447,2026-09-09T21:54:27Z,KSEA,2026-09-09,KXLOWTSEA-26SEP10-B56.5,56° to 57°,56.0,57.0,43,49,51,57,28.0,low
448,2026-09-09T21:54:27Z,KSEA,2026-09-09,KXLOWTSEA-26SEP10-B54.5,54° to 55°,54.0,55.0,4,11,89,96,24.0,low
449,2026-09-09T21:54:27Z,KSEA,2026-09-09,KXLOWTSEA-26SEP10-B52.5,52° to 53°,52.0,53.0,2,5,95,98,24.0,low
450,2026-09-09T21:54:27Z,KSEA,2026-09-09,KXLOWTSEA-26SEP10-B50.5,50° to 51°,50.0,51.0,1,4,96,99,34.0,low
451,2026-09-09T21:54:27Z,KSEA,2026-09-09,KXLOWTSEA-26SEP09-T55,56° or above,56.0,999.0,0,1,99,100,2056.23,low
452,2026-09-09T21:54:27Z,KSEA,2026-09-09,KXLOWTSEA-26SEP09-T48,47° or below,-999.0,47.0,0,1,99,100,86.63,low
453,2026-09-09T21:54:27Z,KSEA,2026-09-09,KXLOWTSEA-26SEP09-B54.5,54° to 55°,54.0,55.0,98,99,1,2,5064.36,low
454,2026-09-09T21:54:27Z,KSEA,2026-09-09,KXLOWTSEA-26SEP09-B52.5,52° to 53°,52.0,53.0,1,2,98,99,1560.95,low
455,2026-09-09T21:54:27Z,KSEA,2026-09-09,KXLOWTSEA-26SEP09-B50.5,50° to 51°,50.0,51.0,0,2,98,100,843.63,low
456,2026-09-09T21:54:27Z,KSEA,2026-09-09,KXLOWTSEA-26SEP09-B48.5,48° to 49°,48.0,49.0,0,1,99,100,136.63,low
409,2026-09-09T21:54:27Z,KSFO,2026-09-09,KXHIGHTSFO-26SEP10-T83,84° or above,84.0,999.0,22,23,77,78,801.83,high
410,2026-09-09T21:54:27Z,KSFO,2026-09-09,KXHIGHTSFO-26SEP10-T76,75° or below,-999.0,75.0,6,8,92,94,555.82,high
411,2026-09-09T21:54:27Z,KSFO,2026-09-09,KXHIGHTSFO-26SEP10-B82.5,82° to 83°,82.0,83.0,19,21,79,81,186.85,high
412,2026-09-09T21:54:27Z,KSFO,2026-09-09,KXHIGHTSFO-26SEP10-B80.5,80° to 81°,80.0,81.0,27,28,72,73,142.13,high
413,2026-09-09T21:54:27Z,KSFO,2026-09-09,KXHIGHTSFO-26SEP10-B78.5,78° to 79°,78.0,79.0,17,19,81,83,723.37,high
414,2026-09-09T21:54:27Z,KSFO,2026-09-09,KXHIGHTSFO-26SEP10-B76.5,76° to 77°,76.0,77.0,4,5,95,96,318.84,high
415,2026-09-09T21:54:27Z,KSFO,2026-09-09,KXHIGHTSFO-26SEP09-T91,92° or above,92.0,999.0,99,100,0,1,24341.3,high
416,2026-09-09T21:54:27Z,KSFO,2026-09-09,KXHIGHTSFO-26SEP09-T84,83° or below,-999.0,83.0,0,1,99,100,6175.58,high
417,2026-09-09T21:54:27Z,KSFO,2026-09-09,KXHIGHTSFO-26SEP09-B90.5,90° to 91°,90.0,91.0,0,1,99,100,16171.99,high
418,2026-09-09T21:54:27Z,KSFO,2026-09-09,KXHIGHTSFO-26SEP09-B88.5,88° to 89°,88.0,89.0,0,1,99,100,16145.98,high
419,2026-09-09T21:54:27Z,KSFO,2026-09-09,KXHIGHTSFO-26SEP09-B86.5,86° to 87°,86.0,87.0,0,1,99,100,6852.94,high
420,2026-09-09T21:54:27Z,KSFO,2026-09-09,KXHIGHTSFO-26SEP09-B84.5,84° to 85°,84.0,85.0,0,1,99,100,3113.58,high
421,2026-09-09T21:54:27Z,KSFO,2026-09-09,KXLOWTSFO-26SEP10-T65,66° or above,66.0,999.0,12,20,80,88,645.3,low
422,2026-09-09T21:54:27Z,KSFO,2026-09-09,KXLOWTSFO-26SEP10-T58,57° or below,-999.0,57.0,0,1,99,100,0.0,low
423,2026-09-09T21:54:27Z,KSFO,2026-09-09,KXLOWTSFO-26SEP10-B64.5,64° to 65°,64.0,65.0,29,42,58,71,413.59,low
424,2026-09-09T21:54:27Z,KSFO,2026-09-09,KXLOWTSFO-26SEP10-B62.5,62° to 63°,62.0,63.0,42,53,47,58,246.46,low
425,2026-09-09T21:54:27Z,KSFO,2026-09-09,KXLOWTSFO-26SEP10-B60.5,60° to 61°,60.0,61.0,2,5,95,98,154.09,low
426,2026-09-09T21:54:27Z,KSFO,2026-09-09,KXLOWTSFO-26SEP10-B58.5,58° to 59°,58.0,59.0,2,5,95,98,30.18,low
427,2026-09-09T21:54:27Z,KSFO,2026-09-09,KXLOWTSFO-26SEP09-T67,68° or above,68.0,999.0,0,1,99,100,1063.76,low
428,2026-09-09T21:54:27Z,KSFO,2026-09-09,KXLOWTSFO-26SEP09-T60,59° or below,-999.0,59.0,0,1,99,100,273.0,low
429,2026-09-09T21:54:27Z,KSFO,2026-09-09,KXLOWTSFO-26SEP09-B66.5,66° to 67°,66.0,67.0,95,98,2,5,861.34,low
430,2026-09-09T21:54:27Z,KSFO,2026-09-09,KXLOWTSFO-26SEP09-B64.5,64° to 65°,64.0,65.0,1,3,97,99,705.71,low
431,2026-09-09T21:54:27Z,KSFO,2026-09-09,KXLOWTSFO-26SEP09-B62.5,62° to 63°,62.0,63.0,2,5,95,98,498.28,low
432,2026-09-09T21:54:27Z,KSFO,2026-09-09,KXLOWTSFO-26SEP09-B60.5,60° to 61°,60.0,61.0,0,2,98,100,168.0,low
