id,run_at,icao,target_date,ticker,label,bucket_low,bucket_high,yes_bid,yes_ask,no_bid,no_ask,volume,market_type
1,2026-06-19T00:10:14Z,KATL,2026-06-19,KXHIGHTATL-26JUN19-T89,90° or above,90.0,999.0,5,6,94,95,277.3,high
2,2026-06-19T00:10:14Z,KATL,2026-06-19,KXHIGHTATL-26JUN19-T82,81° or below,-999.0,81.0,1,3,97,99,374.61,high
3,2026-06-19T00:10:14Z,KATL,2026-06-19,KXHIGHTATL-26JUN19-B88.5,88° to 89°,88.0,89.0,17,20,80,83,228.0,high
4,2026-06-19T00:10:14Z,KATL,2026-06-19,KXHIGHTATL-26JUN19-B86.5,86° to 87°,86.0,87.0,31,32,68,69,295.0,high
5,2026-06-19T00:10:14Z,KATL,2026-06-19,KXHIGHTATL-26JUN19-B84.5,84° to 85°,84.0,85.0,25,29,71,75,366.5,high
6,2026-06-19T00:10:14Z,KATL,2026-06-19,KXHIGHTATL-26JUN19-B82.5,82° to 83°,82.0,83.0,10,13,87,90,155.9,high
7,2026-06-19T00:10:14Z,KATL,2026-06-19,KXHIGHTATL-26JUN18-T85,86° or above,86.0,999.0,99,100,0,1,28985.74,high
8,2026-06-19T00:10:14Z,KATL,2026-06-19,KXHIGHTATL-26JUN18-T78,77° or below,-999.0,77.0,0,1,99,100,1504.84,high
9,2026-06-19T00:10:14Z,KATL,2026-06-19,KXHIGHTATL-26JUN18-B84.5,84° to 85°,84.0,85.0,0,1,99,100,20402.15,high
10,2026-06-19T00:10:14Z,KATL,2026-06-19,KXHIGHTATL-26JUN18-B82.5,82° to 83°,82.0,83.0,0,1,99,100,16288.71,high
11,2026-06-19T00:10:14Z,KATL,2026-06-19,KXHIGHTATL-26JUN18-B80.5,80° to 81°,80.0,81.0,0,1,99,100,8853.26,high
12,2026-06-19T00:10:14Z,KATL,2026-06-19,KXHIGHTATL-26JUN18-B78.5,78° to 79°,78.0,79.0,0,1,99,100,7270.07,high
13,2026-06-19T00:10:14Z,KATL,2026-06-19,KXLOWTATL-26JUN19-T73,74° or above,74.0,999.0,8,12,88,92,49.0,low
14,2026-06-19T00:10:14Z,KATL,2026-06-19,KXLOWTATL-26JUN19-T66,65° or below,-999.0,65.0,0,5,95,100,314.2,low
15,2026-06-19T00:10:14Z,KATL,2026-06-19,KXLOWTATL-26JUN19-B72.5,72° to 73°,72.0,73.0,42,44,56,58,530.46,low
16,2026-06-19T00:10:14Z,KATL,2026-06-19,KXLOWTATL-26JUN19-B70.5,70° to 71°,70.0,71.0,39,43,57,61,121.0,low
17,2026-06-19T00:10:14Z,KATL,2026-06-19,KXLOWTATL-26JUN19-B68.5,68° to 69°,68.0,69.0,2,11,89,98,4.0,low
18,2026-06-19T00:10:14Z,KATL,2026-06-19,KXLOWTATL-26JUN19-B66.5,66° to 67°,66.0,67.0,3,5,95,97,1.0,low
19,2026-06-19T00:10:14Z,KATL,2026-06-19,KXLOWTATL-26JUN18-T74,75° or above,75.0,999.0,0,1,99,100,1459.29,low
20,2026-06-19T00:10:14Z,KATL,2026-06-19,KXLOWTATL-26JUN18-T67,66° or below,-999.0,66.0,1,6,94,99,148.76,low
21,2026-06-19T00:10:14Z,KATL,2026-06-19,KXLOWTATL-26JUN18-B73.5,73° to 74°,73.0,74.0,16,25,75,84,501.37,low
22,2026-06-19T00:10:14Z,KATL,2026-06-19,KXLOWTATL-26JUN18-B71.5,71° to 72°,71.0,72.0,44,75,25,56,291.28,low
23,2026-06-19T00:10:14Z,KATL,2026-06-19,KXLOWTATL-26JUN18-B69.5,69° to 70°,69.0,70.0,12,33,67,88,299.37,low
24,2026-06-19T00:10:14Z,KATL,2026-06-19,KXLOWTATL-26JUN18-B67.5,67° to 68°,67.0,68.0,1,8,92,99,34.99,low
25,2026-06-19T00:10:14Z,KAUS,2026-06-19,KXHIGHAUS-26JUN19-T99,100° or above,100.0,999.0,0,2,98,100,1377.87,high
26,2026-06-19T00:10:14Z,KAUS,2026-06-19,KXHIGHAUS-26JUN19-T92,91° or below,-999.0,91.0,50,52,48,50,1956.14,high
27,2026-06-19T00:10:14Z,KAUS,2026-06-19,KXHIGHAUS-26JUN19-B98.5,98° to 99°,98.0,99.0,0,3,97,100,1052.59,high
28,2026-06-19T00:10:14Z,KAUS,2026-06-19,KXHIGHAUS-26JUN19-B96.5,96° to 97°,96.0,97.0,3,6,94,97,72.63,high
29,2026-06-19T00:10:14Z,KAUS,2026-06-19,KXHIGHAUS-26JUN19-B94.5,94° to 95°,94.0,95.0,14,18,82,86,825.63,high
30,2026-06-19T00:10:14Z,KAUS,2026-06-19,KXHIGHAUS-26JUN19-B92.5,92° to 93°,92.0,93.0,32,35,65,68,589.16,high
31,2026-06-19T00:10:14Z,KAUS,2026-06-19,KXHIGHAUS-26JUN18-T95,94° or below,-999.0,94.0,0,1,99,100,10032.32,high
32,2026-06-19T00:10:14Z,KAUS,2026-06-19,KXHIGHAUS-26JUN18-T102,103° or above,103.0,999.0,0,1,99,100,985.09,high
33,2026-06-19T00:10:14Z,KAUS,2026-06-19,KXHIGHAUS-26JUN18-B99.5,99° to 100°,99.0,100.0,0,1,99,100,6350.96,high
34,2026-06-19T00:10:14Z,KAUS,2026-06-19,KXHIGHAUS-26JUN18-B97.5,97° to 98°,97.0,98.0,99,100,0,1,8656.44,high
35,2026-06-19T00:10:14Z,KAUS,2026-06-19,KXHIGHAUS-26JUN18-B95.5,95° to 96°,95.0,96.0,0,1,99,100,19858.76,high
36,2026-06-19T00:10:14Z,KAUS,2026-06-19,KXHIGHAUS-26JUN18-B101.5,101° to 102°,101.0,102.0,0,1,99,100,1637.96,high
37,2026-06-19T00:10:14Z,KAUS,2026-06-19,KXLOWTAUS-26JUN19-T81,82° or above,82.0,999.0,0,5,95,100,359.0,low
38,2026-06-19T00:10:14Z,KAUS,2026-06-19,KXLOWTAUS-26JUN19-T74,73° or below,-999.0,73.0,21,26,74,79,591.06,low
39,2026-06-19T00:10:14Z,KAUS,2026-06-19,KXLOWTAUS-26JUN19-B80.5,80° to 81°,80.0,81.0,3,8,92,97,14.0,low
40,2026-06-19T00:10:14Z,KAUS,2026-06-19,KXLOWTAUS-26JUN19-B78.5,78° to 79°,78.0,79.0,11,18,82,89,214.0,low
41,2026-06-19T00:10:14Z,KAUS,2026-06-19,KXLOWTAUS-26JUN19-B76.5,76° to 77°,76.0,77.0,27,31,69,73,188.86,low
42,2026-06-19T00:10:14Z,KAUS,2026-06-19,KXLOWTAUS-26JUN19-B74.5,74° to 75°,74.0,75.0,25,33,67,75,76.0,low
43,2026-06-19T00:10:14Z,KAUS,2026-06-19,KXLOWTAUS-26JUN18-T79,80° or above,80.0,999.0,0,1,99,100,1495.12,low
44,2026-06-19T00:10:14Z,KAUS,2026-06-19,KXLOWTAUS-26JUN18-T72,71° or below,-999.0,71.0,1,4,96,99,351.74,low
45,2026-06-19T00:10:14Z,KAUS,2026-06-19,KXLOWTAUS-26JUN18-B78.5,78° to 79°,78.0,79.0,0,1,99,100,3146.15,low
46,2026-06-19T00:10:14Z,KAUS,2026-06-19,KXLOWTAUS-26JUN18-B76.5,76° to 77°,76.0,77.0,0,1,99,100,3712.09,low
47,2026-06-19T00:10:14Z,KAUS,2026-06-19,KXLOWTAUS-26JUN18-B74.5,74° to 75°,74.0,75.0,93,98,2,7,1318.91,low
48,2026-06-19T00:10:14Z,KAUS,2026-06-19,KXLOWTAUS-26JUN18-B72.5,72° to 73°,72.0,73.0,1,5,95,99,90.23,low
49,2026-06-19T00:10:14Z,KBOS,2026-06-19,KXHIGHTBOS-26JUN19-T88,89° or above,89.0,999.0,0,2,98,100,1070.0,high
50,2026-06-19T00:10:14Z,KBOS,2026-06-19,KXHIGHTBOS-26JUN19-T81,80° or below,-999.0,80.0,18,23,77,82,78.92,high
51,2026-06-19T00:10:14Z,KBOS,2026-06-19,KXHIGHTBOS-26JUN19-B87.5,87° to 88°,87.0,88.0,1,4,96,99,916.75,high
52,2026-06-19T00:10:14Z,KBOS,2026-06-19,KXHIGHTBOS-26JUN19-B85.5,85° to 86°,85.0,86.0,8,15,85,92,131.2,high
53,2026-06-19T00:10:14Z,KBOS,2026-06-19,KXHIGHTBOS-26JUN19-B83.5,83° to 84°,83.0,84.0,30,35,65,70,107.91,high
54,2026-06-19T00:10:14Z,KBOS,2026-06-19,KXHIGHTBOS-26JUN19-B81.5,81° to 82°,81.0,82.0,30,37,63,70,506.07,high
55,2026-06-19T00:10:14Z,KBOS,2026-06-19,KXHIGHTBOS-26JUN18-T80,81° or above,81.0,999.0,99,100,0,1,17459.65,high
56,2026-06-19T00:10:14Z,KBOS,2026-06-19,KXHIGHTBOS-26JUN18-T73,72° or below,-999.0,72.0,0,1,99,100,815.28,high
57,2026-06-19T00:10:14Z,KBOS,2026-06-19,KXHIGHTBOS-26JUN18-B79.5,79° to 80°,79.0,80.0,0,1,99,100,9728.24,high
58,2026-06-19T00:10:14Z,KBOS,2026-06-19,KXHIGHTBOS-26JUN18-B77.5,77° to 78°,77.0,78.0,0,1,99,100,13064.26,high
59,2026-06-19T00:10:14Z,KBOS,2026-06-19,KXHIGHTBOS-26JUN18-B75.5,75° to 76°,75.0,76.0,0,1,99,100,6275.6,high
60,2026-06-19T00:10:14Z,KBOS,2026-06-19,KXHIGHTBOS-26JUN18-B73.5,73° to 74°,73.0,74.0,0,1,99,100,2933.19,high
61,2026-06-19T00:10:14Z,KBOS,2026-06-19,KXLOWTBOS-26JUN19-T65,66° or above,66.0,999.0,49,56,44,51,85.97,low
62,2026-06-19T00:10:14Z,KBOS,2026-06-19,KXLOWTBOS-26JUN19-T58,57° or below,-999.0,57.0,0,5,95,100,214.0,low
63,2026-06-19T00:10:14Z,KBOS,2026-06-19,KXLOWTBOS-26JUN19-B64.5,64° to 65°,64.0,65.0,31,41,59,69,8.0,low
64,2026-06-19T00:10:14Z,KBOS,2026-06-19,KXLOWTBOS-26JUN19-B62.5,62° to 63°,62.0,63.0,7,17,83,93,6.0,low
65,2026-06-19T00:10:14Z,KBOS,2026-06-19,KXLOWTBOS-26JUN19-B60.5,60° to 61°,60.0,61.0,1,6,94,99,7.0,low
66,2026-06-19T00:10:14Z,KBOS,2026-06-19,KXLOWTBOS-26JUN19-B58.5,58° to 59°,58.0,59.0,1,5,95,99,3.0,low
67,2026-06-19T00:10:14Z,KBOS,2026-06-19,KXLOWTBOS-26JUN18-T60,61° or above,61.0,999.0,99,100,0,1,4684.7,low
68,2026-06-19T00:10:14Z,KBOS,2026-06-19,KXLOWTBOS-26JUN18-T53,52° or below,-999.0,52.0,0,1,99,100,510.0,low
69,2026-06-19T00:10:14Z,KBOS,2026-06-19,KXLOWTBOS-26JUN18-B59.5,59° to 60°,59.0,60.0,0,14,86,100,222.0,low
70,2026-06-19T00:10:14Z,KBOS,2026-06-19,KXLOWTBOS-26JUN18-B57.5,57° to 58°,57.0,58.0,0,1,99,100,253.13,low
71,2026-06-19T00:10:14Z,KBOS,2026-06-19,KXLOWTBOS-26JUN18-B55.5,55° to 56°,55.0,56.0,0,1,99,100,214.0,low
72,2026-06-19T00:10:14Z,KBOS,2026-06-19,KXLOWTBOS-26JUN18-B53.5,53° to 54°,53.0,54.0,0,1,99,100,246.27,low
457,2026-06-19T00:10:14Z,KDCA,2026-06-19,KXHIGHTDC-26JUN19-T88,89° or above,89.0,999.0,3,6,94,97,299.0,high
458,2026-06-19T00:10:14Z,KDCA,2026-06-19,KXHIGHTDC-26JUN19-T81,80° or below,-999.0,80.0,1,3,97,99,356.08,high
459,2026-06-19T00:10:14Z,KDCA,2026-06-19,KXHIGHTDC-26JUN19-B87.5,87° to 88°,87.0,88.0,16,23,77,84,115.75,high
460,2026-06-19T00:10:14Z,KDCA,2026-06-19,KXHIGHTDC-26JUN19-B85.5,85° to 86°,85.0,86.0,45,51,49,55,72.0,high
461,2026-06-19T00:10:14Z,KDCA,2026-06-19,KXHIGHTDC-26JUN19-B83.5,83° to 84°,83.0,84.0,24,29,71,76,60.38,high
462,2026-06-19T00:10:14Z,KDCA,2026-06-19,KXHIGHTDC-26JUN19-B81.5,81° to 82°,81.0,82.0,5,6,94,95,476.71,high
463,2026-06-19T00:10:14Z,KDCA,2026-06-19,KXHIGHTDC-26JUN18-T97,98° or above,98.0,999.0,0,1,99,100,2578.44,high
464,2026-06-19T00:10:14Z,KDCA,2026-06-19,KXHIGHTDC-26JUN18-T90,89° or below,-999.0,89.0,0,1,99,100,8052.7,high
465,2026-06-19T00:10:14Z,KDCA,2026-06-19,KXHIGHTDC-26JUN18-B96.5,96° to 97°,96.0,97.0,0,1,99,100,6714.77,high
466,2026-06-19T00:10:14Z,KDCA,2026-06-19,KXHIGHTDC-26JUN18-B94.5,94° to 95°,94.0,95.0,0,1,99,100,15004.12,high
467,2026-06-19T00:10:14Z,KDCA,2026-06-19,KXHIGHTDC-26JUN18-B92.5,92° to 93°,92.0,93.0,0,1,99,100,5946.78,high
468,2026-06-19T00:10:14Z,KDCA,2026-06-19,KXHIGHTDC-26JUN18-B90.5,90° to 91°,90.0,91.0,99,100,0,1,8030.32,high
469,2026-06-19T00:10:14Z,KDCA,2026-06-19,KXLOWTDC-26JUN19-T72,73° or above,73.0,999.0,25,32,68,75,335.42,low
470,2026-06-19T00:10:14Z,KDCA,2026-06-19,KXLOWTDC-26JUN19-T65,64° or below,-999.0,64.0,1,5,95,99,0.0,low
471,2026-06-19T00:10:14Z,KDCA,2026-06-19,KXLOWTDC-26JUN19-B71.5,71° to 72°,71.0,72.0,40,48,52,60,35.23,low
472,2026-06-19T00:10:14Z,KDCA,2026-06-19,KXLOWTDC-26JUN19-B69.5,69° to 70°,69.0,70.0,18,28,72,82,8.0,low
473,2026-06-19T00:10:14Z,KDCA,2026-06-19,KXLOWTDC-26JUN19-B67.5,67° to 68°,67.0,68.0,6,9,91,94,242.0,low
474,2026-06-19T00:10:14Z,KDCA,2026-06-19,KXLOWTDC-26JUN19-B65.5,65° to 66°,65.0,66.0,1,5,95,99,18.0,low
475,2026-06-19T00:10:14Z,KDCA,2026-06-19,KXLOWTDC-26JUN18-T74,75° or above,75.0,999.0,0,1,99,100,1376.86,low
476,2026-06-19T00:10:14Z,KDCA,2026-06-19,KXLOWTDC-26JUN18-T67,66° or below,-999.0,66.0,0,1,99,100,290.1,low
477,2026-06-19T00:10:14Z,KDCA,2026-06-19,KXLOWTDC-26JUN18-B73.5,73° to 74°,73.0,74.0,93,95,5,7,2158.94,low
478,2026-06-19T00:10:14Z,KDCA,2026-06-19,KXLOWTDC-26JUN18-B71.5,71° to 72°,71.0,72.0,1,6,94,99,211.04,low
479,2026-06-19T00:10:14Z,KDCA,2026-06-19,KXLOWTDC-26JUN18-B69.5,69° to 70°,69.0,70.0,1,4,96,99,86.04,low
480,2026-06-19T00:10:14Z,KDCA,2026-06-19,KXLOWTDC-26JUN18-B67.5,67° to 68°,67.0,68.0,0,3,97,100,222.25,low
121,2026-06-19T00:10:14Z,KDEN,2026-06-19,KXHIGHDEN-26JUN19-T92,93° or above,93.0,999.0,0,2,98,100,902.0,high
122,2026-06-19T00:10:14Z,KDEN,2026-06-19,KXHIGHDEN-26JUN19-T85,84° or below,-999.0,84.0,19,20,80,81,823.5,high
123,2026-06-19T00:10:14Z,KDEN,2026-06-19,KXHIGHDEN-26JUN19-B91.5,91° to 92°,91.0,92.0,3,4,96,97,23.09,high
124,2026-06-19T00:10:14Z,KDEN,2026-06-19,KXHIGHDEN-26JUN19-B89.5,89° to 90°,89.0,90.0,8,13,87,92,74.0,high
125,2026-06-19T00:10:14Z,KDEN,2026-06-19,KXHIGHDEN-26JUN19-B87.5,87° to 88°,87.0,88.0,29,32,68,71,461.94,high
126,2026-06-19T00:10:14Z,KDEN,2026-06-19,KXHIGHDEN-26JUN19-B85.5,85° to 86°,85.0,86.0,35,40,60,65,659.84,high
127,2026-06-19T00:10:14Z,KDEN,2026-06-19,KXHIGHDEN-26JUN18-T88,89° or above,89.0,999.0,0,1,99,100,14282.41,high
128,2026-06-19T00:10:14Z,KDEN,2026-06-19,KXHIGHDEN-26JUN18-T81,80° or below,-999.0,80.0,0,1,99,100,3258.07,high
129,2026-06-19T00:10:14Z,KDEN,2026-06-19,KXHIGHDEN-26JUN18-B87.5,87° to 88°,87.0,88.0,99,100,0,1,8105.58,high
130,2026-06-19T00:10:14Z,KDEN,2026-06-19,KXHIGHDEN-26JUN18-B85.5,85° to 86°,85.0,86.0,0,1,99,100,8825.52,high
131,2026-06-19T00:10:14Z,KDEN,2026-06-19,KXHIGHDEN-26JUN18-B83.5,83° to 84°,83.0,84.0,0,1,99,100,3248.39,high
132,2026-06-19T00:10:14Z,KDEN,2026-06-19,KXHIGHDEN-26JUN18-B81.5,81° to 82°,81.0,82.0,0,1,99,100,1848.22,high
133,2026-06-19T00:10:14Z,KDEN,2026-06-19,KXLOWTDEN-26JUN19-T61,62° or above,62.0,999.0,2,5,95,98,3.0,low
134,2026-06-19T00:10:14Z,KDEN,2026-06-19,KXLOWTDEN-26JUN19-T54,53° or below,-999.0,53.0,29,35,65,71,535.18,low
135,2026-06-19T00:10:14Z,KDEN,2026-06-19,KXLOWTDEN-26JUN19-B60.5,60° to 61°,60.0,61.0,7,9,91,93,210.83,low
136,2026-06-19T00:10:14Z,KDEN,2026-06-19,KXLOWTDEN-26JUN19-B58.5,58° to 59°,58.0,59.0,7,12,88,93,25.42,low
137,2026-06-19T00:10:14Z,KDEN,2026-06-19,KXLOWTDEN-26JUN19-B56.5,56° to 57°,56.0,57.0,17,26,74,83,26.17,low
138,2026-06-19T00:10:14Z,KDEN,2026-06-19,KXLOWTDEN-26JUN19-B54.5,54° to 55°,54.0,55.0,30,37,63,70,36.0,low
139,2026-06-19T00:10:14Z,KDEN,2026-06-19,KXLOWTDEN-26JUN18-T58,59° or above,59.0,999.0,0,1,99,100,7329.52,low
140,2026-06-19T00:10:14Z,KDEN,2026-06-19,KXLOWTDEN-26JUN18-T51,50° or below,-999.0,50.0,99,100,0,1,12904.12,low
141,2026-06-19T00:10:14Z,KDEN,2026-06-19,KXLOWTDEN-26JUN18-B57.5,57° to 58°,57.0,58.0,0,1,99,100,1593.29,low
142,2026-06-19T00:10:14Z,KDEN,2026-06-19,KXLOWTDEN-26JUN18-B55.5,55° to 56°,55.0,56.0,0,1,99,100,941.18,low
143,2026-06-19T00:10:14Z,KDEN,2026-06-19,KXLOWTDEN-26JUN18-B53.5,53° to 54°,53.0,54.0,0,1,99,100,2750.39,low
144,2026-06-19T00:10:14Z,KDEN,2026-06-19,KXLOWTDEN-26JUN18-B51.5,51° to 52°,51.0,52.0,0,1,99,100,689.24,low
97,2026-06-19T00:10:14Z,KDFW,2026-06-19,KXHIGHTDAL-26JUN19-T95,96° or above,96.0,999.0,0,2,98,100,443.0,high
98,2026-06-19T00:10:14Z,KDFW,2026-06-19,KXHIGHTDAL-26JUN19-T88,87° or below,-999.0,87.0,64,65,35,36,1221.74,high
99,2026-06-19T00:10:14Z,KDFW,2026-06-19,KXHIGHTDAL-26JUN19-B94.5,94° to 95°,94.0,95.0,0,3,97,100,450.25,high
100,2026-06-19T00:10:14Z,KDFW,2026-06-19,KXHIGHTDAL-26JUN19-B92.5,92° to 93°,92.0,93.0,1,3,97,99,289.0,high
101,2026-06-19T00:10:14Z,KDFW,2026-06-19,KXHIGHTDAL-26JUN19-B90.5,90° to 91°,90.0,91.0,7,8,92,93,352.6,high
102,2026-06-19T00:10:14Z,KDFW,2026-06-19,KXHIGHTDAL-26JUN19-B88.5,88° to 89°,88.0,89.0,23,29,71,77,119.83,high
103,2026-06-19T00:10:14Z,KDFW,2026-06-19,KXHIGHTDAL-26JUN18-T96,95° or below,-999.0,95.0,0,1,99,100,23393.98,high
104,2026-06-19T00:10:14Z,KDFW,2026-06-19,KXHIGHTDAL-26JUN18-T103,104° or above,104.0,999.0,0,1,99,100,2245.79,high
105,2026-06-19T00:10:14Z,KDFW,2026-06-19,KXHIGHTDAL-26JUN18-B98.5,98° to 99°,98.0,99.0,0,1,99,100,12908.54,high
106,2026-06-19T00:10:14Z,KDFW,2026-06-19,KXHIGHTDAL-26JUN18-B96.5,96° to 97°,96.0,97.0,99,100,0,1,11776.3,high
107,2026-06-19T00:10:14Z,KDFW,2026-06-19,KXHIGHTDAL-26JUN18-B102.5,102° to 103°,102.0,103.0,0,1,99,100,1526.19,high
108,2026-06-19T00:10:14Z,KDFW,2026-06-19,KXHIGHTDAL-26JUN18-B100.5,100° to 101°,100.0,101.0,0,1,99,100,3860.22,high
109,2026-06-19T00:10:14Z,KDFW,2026-06-19,KXLOWTDAL-26JUN19-T80,81° or above,81.0,999.0,0,5,95,100,423.2,low
110,2026-06-19T00:10:14Z,KDFW,2026-06-19,KXLOWTDAL-26JUN19-T73,72° or below,-999.0,72.0,27,33,67,73,433.0,low
111,2026-06-19T00:10:14Z,KDFW,2026-06-19,KXLOWTDAL-26JUN19-B79.5,79° to 80°,79.0,80.0,2,5,95,98,33.0,low
112,2026-06-19T00:10:14Z,KDFW,2026-06-19,KXLOWTDAL-26JUN19-B77.5,77° to 78°,77.0,78.0,8,10,90,92,63.0,low
113,2026-06-19T00:10:14Z,KDFW,2026-06-19,KXLOWTDAL-26JUN19-B75.5,75° to 76°,75.0,76.0,20,28,72,80,68.0,low
114,2026-06-19T00:10:14Z,KDFW,2026-06-19,KXLOWTDAL-26JUN19-B73.5,73° to 74°,73.0,74.0,36,42,58,64,99.0,low
115,2026-06-19T00:10:14Z,KDFW,2026-06-19,KXLOWTDAL-26JUN18-T78,79° or above,79.0,999.0,0,1,99,100,2392.27,low
116,2026-06-19T00:10:14Z,KDFW,2026-06-19,KXLOWTDAL-26JUN18-T71,70° or below,-999.0,70.0,0,12,88,100,2731.06,low
117,2026-06-19T00:10:14Z,KDFW,2026-06-19,KXLOWTDAL-26JUN18-B77.5,77° to 78°,77.0,78.0,0,1,99,100,4618.68,low
118,2026-06-19T00:10:14Z,KDFW,2026-06-19,KXLOWTDAL-26JUN18-B75.5,75° to 76°,75.0,76.0,82,91,9,18,5980.22,low
119,2026-06-19T00:10:14Z,KDFW,2026-06-19,KXLOWTDAL-26JUN18-B73.5,73° to 74°,73.0,74.0,1,22,78,99,1620.97,low
120,2026-06-19T00:10:14Z,KDFW,2026-06-19,KXLOWTDAL-26JUN18-B71.5,71° to 72°,71.0,72.0,1,15,85,99,2380.32,low
145,2026-06-19T00:10:14Z,KIAH,2026-06-19,KXHIGHTHOU-26JUN19-T98,99° or above,99.0,999.0,0,2,98,100,298.0,high
146,2026-06-19T00:10:14Z,KIAH,2026-06-19,KXHIGHTHOU-26JUN19-T91,90° or below,-999.0,90.0,4,11,89,96,611.02,high
147,2026-06-19T00:10:14Z,KIAH,2026-06-19,KXHIGHTHOU-26JUN19-B97.5,97° to 98°,97.0,98.0,0,2,98,100,293.0,high
148,2026-06-19T00:10:14Z,KIAH,2026-06-19,KXHIGHTHOU-26JUN19-B95.5,95° to 96°,95.0,96.0,8,9,91,92,376.0,high
149,2026-06-19T00:10:14Z,KIAH,2026-06-19,KXHIGHTHOU-26JUN19-B93.5,93° to 94°,93.0,94.0,45,51,49,55,475.4,high
150,2026-06-19T00:10:14Z,KIAH,2026-06-19,KXHIGHTHOU-26JUN19-B91.5,91° to 92°,91.0,92.0,37,41,59,63,1129.44,high
151,2026-06-19T00:10:14Z,KIAH,2026-06-19,KXHIGHTHOU-26JUN18-T98,99° or above,99.0,999.0,0,1,99,100,903.68,high
152,2026-06-19T00:10:14Z,KIAH,2026-06-19,KXHIGHTHOU-26JUN18-T91,90° or below,-999.0,90.0,0,1,99,100,1642.56,high
153,2026-06-19T00:10:14Z,KIAH,2026-06-19,KXHIGHTHOU-26JUN18-B97.5,97° to 98°,97.0,98.0,0,1,99,100,2402.68,high
154,2026-06-19T00:10:14Z,KIAH,2026-06-19,KXHIGHTHOU-26JUN18-B95.5,95° to 96°,95.0,96.0,0,1,99,100,5730.36,high
155,2026-06-19T00:10:14Z,KIAH,2026-06-19,KXHIGHTHOU-26JUN18-B93.5,93° to 94°,93.0,94.0,99,100,0,1,7750.5,high
156,2026-06-19T00:10:14Z,KIAH,2026-06-19,KXHIGHTHOU-26JUN18-B91.5,91° to 92°,91.0,92.0,0,1,99,100,2775.2,high
157,2026-06-19T00:10:14Z,KIAH,2026-06-19,KXLOWTHOU-26JUN19-T82,83° or above,83.0,999.0,6,14,86,94,109.0,low
158,2026-06-19T00:10:14Z,KIAH,2026-06-19,KXLOWTHOU-26JUN19-T75,74° or below,-999.0,74.0,0,3,97,100,200.0,low
159,2026-06-19T00:10:14Z,KIAH,2026-06-19,KXLOWTHOU-26JUN19-B81.5,81° to 82°,81.0,82.0,35,42,58,65,150.28,low
160,2026-06-19T00:10:14Z,KIAH,2026-06-19,KXLOWTHOU-26JUN19-B79.5,79° to 80°,79.0,80.0,33,40,60,67,60.0,low
161,2026-06-19T00:10:14Z,KIAH,2026-06-19,KXLOWTHOU-26JUN19-B77.5,77° to 78°,77.0,78.0,7,17,83,93,3.0,low
162,2026-06-19T00:10:14Z,KIAH,2026-06-19,KXLOWTHOU-26JUN19-B75.5,75° to 76°,75.0,76.0,3,6,94,97,1.0,low
163,2026-06-19T00:10:14Z,KIAH,2026-06-19,KXLOWTHOU-26JUN18-T81,82° or above,82.0,999.0,0,1,99,100,1041.14,low
164,2026-06-19T00:10:14Z,KIAH,2026-06-19,KXLOWTHOU-26JUN18-T74,73° or below,-999.0,73.0,0,1,99,100,208.0,low
165,2026-06-19T00:10:14Z,KIAH,2026-06-19,KXLOWTHOU-26JUN18-B80.5,80° to 81°,80.0,81.0,0,1,99,100,2818.33,low
166,2026-06-19T00:10:14Z,KIAH,2026-06-19,KXLOWTHOU-26JUN18-B78.5,78° to 79°,78.0,79.0,97,98,2,3,1554.04,low
167,2026-06-19T00:10:14Z,KIAH,2026-06-19,KXLOWTHOU-26JUN18-B76.5,76° to 77°,76.0,77.0,2,4,96,98,449.88,low
168,2026-06-19T00:10:14Z,KIAH,2026-06-19,KXLOWTHOU-26JUN18-B74.5,74° to 75°,74.0,75.0,0,3,97,100,420.17,low
169,2026-06-19T00:10:14Z,KLAS,2026-06-19,KXHIGHTLV-26JUN19-T108,109° or above,109.0,999.0,0,1,99,100,1020.0,high
170,2026-06-19T00:10:14Z,KLAS,2026-06-19,KXHIGHTLV-26JUN19-T101,100° or below,-999.0,100.0,1,2,98,99,124.0,high
171,2026-06-19T00:10:14Z,KLAS,2026-06-19,KXHIGHTLV-26JUN19-B107.5,107° to 108°,107.0,108.0,1,3,97,99,182.43,high
172,2026-06-19T00:10:14Z,KLAS,2026-06-19,KXHIGHTLV-26JUN19-B105.5,105° to 106°,105.0,106.0,4,8,92,96,122.31,high
173,2026-06-19T00:10:14Z,KLAS,2026-06-19,KXHIGHTLV-26JUN19-B103.5,103° to 104°,103.0,104.0,41,42,58,59,457.0,high
174,2026-06-19T00:10:14Z,KLAS,2026-06-19,KXHIGHTLV-26JUN19-B101.5,101° to 102°,101.0,102.0,45,51,49,55,667.76,high
175,2026-06-19T00:10:14Z,KLAS,2026-06-19,KXHIGHTLV-26JUN18-T111,112° or above,112.0,999.0,0,1,99,100,709.99,high
176,2026-06-19T00:10:14Z,KLAS,2026-06-19,KXHIGHTLV-26JUN18-T104,103° or below,-999.0,103.0,0,1,99,100,718.87,high
177,2026-06-19T00:10:14Z,KLAS,2026-06-19,KXHIGHTLV-26JUN18-B110.5,110° to 111°,110.0,111.0,0,1,99,100,1982.3,high
178,2026-06-19T00:10:14Z,KLAS,2026-06-19,KXHIGHTLV-26JUN18-B108.5,108° to 109°,108.0,109.0,0,1,99,100,4524.47,high
179,2026-06-19T00:10:14Z,KLAS,2026-06-19,KXHIGHTLV-26JUN18-B106.5,106° to 107°,106.0,107.0,99,100,0,1,4744.43,high
180,2026-06-19T00:10:14Z,KLAS,2026-06-19,KXHIGHTLV-26JUN18-B104.5,104° to 105°,104.0,105.0,0,1,99,100,4190.93,high
181,2026-06-19T00:10:14Z,KLAS,2026-06-19,KXLOWTLV-26JUN19-T81,82° or above,82.0,999.0,53,54,46,47,525.24,low
182,2026-06-19T00:10:14Z,KLAS,2026-06-19,KXLOWTLV-26JUN19-T74,73° or below,-999.0,73.0,0,5,95,100,200.0,low
183,2026-06-19T00:10:14Z,KLAS,2026-06-19,KXLOWTLV-26JUN19-B80.5,80° to 81°,80.0,81.0,34,41,59,66,36.1,low
184,2026-06-19T00:10:14Z,KLAS,2026-06-19,KXLOWTLV-26JUN19-B78.5,78° to 79°,78.0,79.0,6,12,88,94,263.0,low
185,2026-06-19T00:10:14Z,KLAS,2026-06-19,KXLOWTLV-26JUN19-B76.5,76° to 77°,76.0,77.0,1,7,93,99,3.0,low
186,2026-06-19T00:10:14Z,KLAS,2026-06-19,KXLOWTLV-26JUN19-B74.5,74° to 75°,74.0,75.0,1,5,95,99,3.0,low
187,2026-06-19T00:10:14Z,KLAS,2026-06-19,KXLOWTLV-26JUN18-T83,84° or above,84.0,999.0,88,94,6,12,2995.56,low
188,2026-06-19T00:10:14Z,KLAS,2026-06-19,KXLOWTLV-26JUN18-T76,75° or below,-999.0,75.0,0,1,99,100,461.51,low
189,2026-06-19T00:10:14Z,KLAS,2026-06-19,KXLOWTLV-26JUN18-B82.5,82° to 83°,82.0,83.0,1,14,86,99,574.71,low
190,2026-06-19T00:10:14Z,KLAS,2026-06-19,KXLOWTLV-26JUN18-B80.5,80° to 81°,80.0,81.0,0,5,95,100,254.54,low
191,2026-06-19T00:10:14Z,KLAS,2026-06-19,KXLOWTLV-26JUN18-B78.5,78° to 79°,78.0,79.0,0,2,98,100,250.0,low
192,2026-06-19T00:10:14Z,KLAS,2026-06-19,KXLOWTLV-26JUN18-B76.5,76° to 77°,76.0,77.0,0,2,98,100,200.0,low
193,2026-06-19T00:10:14Z,KLAX,2026-06-19,KXHIGHLAX-26JUN19-T73,74° or above,74.0,999.0,1,2,98,99,4464.95,high
194,2026-06-19T00:10:14Z,KLAX,2026-06-19,KXHIGHLAX-26JUN19-T66,65° or below,-999.0,65.0,0,1,99,100,1911.53,high
195,2026-06-19T00:10:14Z,KLAX,2026-06-19,KXHIGHLAX-26JUN19-B72.5,72° to 73°,72.0,73.0,7,9,91,93,3229.2,high
196,2026-06-19T00:10:14Z,KLAX,2026-06-19,KXHIGHLAX-26JUN19-B70.5,70° to 71°,70.0,71.0,49,50,50,51,1969.07,high
197,2026-06-19T00:10:14Z,KLAX,2026-06-19,KXHIGHLAX-26JUN19-B68.5,68° to 69°,68.0,69.0,38,40,60,62,3524.07,high
198,2026-06-19T00:10:14Z,KLAX,2026-06-19,KXHIGHLAX-26JUN19-B66.5,66° to 67°,66.0,67.0,5,7,93,95,1730.36,high
199,2026-06-19T00:10:14Z,KLAX,2026-06-19,KXHIGHLAX-26JUN18-T73,74° or above,74.0,999.0,0,1,99,100,125879.14,high
200,2026-06-19T00:10:14Z,KLAX,2026-06-19,KXHIGHLAX-26JUN18-T66,65° or below,-999.0,65.0,0,1,99,100,8009.87,high
201,2026-06-19T00:10:14Z,KLAX,2026-06-19,KXHIGHLAX-26JUN18-B72.5,72° to 73°,72.0,73.0,0,1,99,100,78488.63,high
202,2026-06-19T00:10:14Z,KLAX,2026-06-19,KXHIGHLAX-26JUN18-B70.5,70° to 71°,70.0,71.0,99,100,0,1,73714.49,high
203,2026-06-19T00:10:14Z,KLAX,2026-06-19,KXHIGHLAX-26JUN18-B68.5,68° to 69°,68.0,69.0,0,1,99,100,68460.42,high
204,2026-06-19T00:10:14Z,KLAX,2026-06-19,KXHIGHLAX-26JUN18-B66.5,66° to 67°,66.0,67.0,0,1,99,100,180901.92,high
205,2026-06-19T00:10:14Z,KLAX,2026-06-19,KXLOWTLAX-26JUN19-T62,63° or above,63.0,999.0,13,21,79,87,82.49,low
206,2026-06-19T00:10:14Z,KLAX,2026-06-19,KXLOWTLAX-26JUN19-T55,54° or below,-999.0,54.0,0,3,97,100,220.0,low
207,2026-06-19T00:10:14Z,KLAX,2026-06-19,KXLOWTLAX-26JUN19-B61.5,61° to 62°,61.0,62.0,41,46,54,59,36.6,low
208,2026-06-19T00:10:14Z,KLAX,2026-06-19,KXLOWTLAX-26JUN19-B59.5,59° to 60°,59.0,60.0,27,36,64,73,18.55,low
209,2026-06-19T00:10:14Z,KLAX,2026-06-19,KXLOWTLAX-26JUN19-B57.5,57° to 58°,57.0,58.0,3,9,91,97,6.0,low
210,2026-06-19T00:10:14Z,KLAX,2026-06-19,KXLOWTLAX-26JUN19-B55.5,55° to 56°,55.0,56.0,2,3,97,98,294.0,low
211,2026-06-19T00:10:14Z,KLAX,2026-06-19,KXLOWTLAX-26JUN18-T63,64° or above,64.0,999.0,0,1,99,100,1938.27,low
212,2026-06-19T00:10:14Z,KLAX,2026-06-19,KXLOWTLAX-26JUN18-T56,55° or below,-999.0,55.0,0,1,99,100,455.0,low
213,2026-06-19T00:10:14Z,KLAX,2026-06-19,KXLOWTLAX-26JUN18-B62.5,62° to 63°,62.0,63.0,54,85,15,46,1230.76,low
214,2026-06-19T00:10:14Z,KLAX,2026-06-19,KXLOWTLAX-26JUN18-B60.5,60° to 61°,60.0,61.0,18,48,52,82,622.93,low
215,2026-06-19T00:10:14Z,KLAX,2026-06-19,KXLOWTLAX-26JUN18-B58.5,58° to 59°,58.0,59.0,0,1,99,100,882.01,low
216,2026-06-19T00:10:14Z,KLAX,2026-06-19,KXLOWTLAX-26JUN18-B56.5,56° to 57°,56.0,57.0,0,1,99,100,290.0,low
73,2026-06-19T00:10:14Z,KMDW,2026-06-19,KXHIGHCHI-26JUN19-T81,82° or above,82.0,999.0,0,1,99,100,2049.84,high
74,2026-06-19T00:10:14Z,KMDW,2026-06-19,KXHIGHCHI-26JUN19-T74,73° or below,-999.0,73.0,1,3,97,99,829.0,high
75,2026-06-19T00:10:14Z,KMDW,2026-06-19,KXHIGHCHI-26JUN19-B80.5,80° to 81°,80.0,81.0,4,9,91,96,1001.33,high
76,2026-06-19T00:10:14Z,KMDW,2026-06-19,KXHIGHCHI-26JUN19-B78.5,78° to 79°,78.0,79.0,34,35,65,66,618.81,high
77,2026-06-19T00:10:14Z,KMDW,2026-06-19,KXHIGHCHI-26JUN19-B76.5,76° to 77°,76.0,77.0,42,45,55,58,1462.93,high
78,2026-06-19T00:10:14Z,KMDW,2026-06-19,KXHIGHCHI-26JUN19-B74.5,74° to 75°,74.0,75.0,14,15,85,86,1884.58,high
79,2026-06-19T00:10:14Z,KMDW,2026-06-19,KXHIGHCHI-26JUN18-T78,79° or above,79.0,999.0,0,1,99,100,3349.46,high
80,2026-06-19T00:10:14Z,KMDW,2026-06-19,KXHIGHCHI-26JUN18-T71,70° or below,-999.0,70.0,0,1,99,100,23767.96,high
81,2026-06-19T00:10:14Z,KMDW,2026-06-19,KXHIGHCHI-26JUN18-B77.5,77° to 78°,77.0,78.0,0,1,99,100,5072.53,high
82,2026-06-19T00:10:14Z,KMDW,2026-06-19,KXHIGHCHI-26JUN18-B75.5,75° to 76°,75.0,76.0,0,1,99,100,17815.73,high
83,2026-06-19T00:10:14Z,KMDW,2026-06-19,KXHIGHCHI-26JUN18-B73.5,73° to 74°,73.0,74.0,99,100,0,1,23380.77,high
84,2026-06-19T00:10:14Z,KMDW,2026-06-19,KXHIGHCHI-26JUN18-B71.5,71° to 72°,71.0,72.0,0,1,99,100,28191.14,high
85,2026-06-19T00:10:14Z,KMDW,2026-06-19,KXLOWTCHI-26JUN19-T60,61° or above,61.0,999.0,13,19,81,87,687.8,low
86,2026-06-19T00:10:14Z,KMDW,2026-06-19,KXLOWTCHI-26JUN19-T53,52° or below,-999.0,52.0,0,1,99,100,409.0,low
87,2026-06-19T00:10:14Z,KMDW,2026-06-19,KXLOWTCHI-26JUN19-B59.5,59° to 60°,59.0,60.0,32,42,58,68,9.48,low
88,2026-06-19T00:10:14Z,KMDW,2026-06-19,KXLOWTCHI-26JUN19-B57.5,57° to 58°,57.0,58.0,33,34,66,67,76.73,low
89,2026-06-19T00:10:14Z,KMDW,2026-06-19,KXLOWTCHI-26JUN19-B55.5,55° to 56°,55.0,56.0,4,10,90,96,203.0,low
90,2026-06-19T00:10:14Z,KMDW,2026-06-19,KXLOWTCHI-26JUN19-B53.5,53° to 54°,53.0,54.0,0,1,99,100,578.0,low
91,2026-06-19T00:10:14Z,KMDW,2026-06-19,KXLOWTCHI-26JUN18-T61,62° or above,62.0,999.0,79,86,14,21,3755.99,low
92,2026-06-19T00:10:14Z,KMDW,2026-06-19,KXLOWTCHI-26JUN18-T54,53° or below,-999.0,53.0,0,1,99,100,640.72,low
93,2026-06-19T00:10:14Z,KMDW,2026-06-19,KXLOWTCHI-26JUN18-B60.5,60° to 61°,60.0,61.0,16,17,83,84,1486.07,low
94,2026-06-19T00:10:14Z,KMDW,2026-06-19,KXLOWTCHI-26JUN18-B58.5,58° to 59°,58.0,59.0,0,4,96,100,1403.68,low
95,2026-06-19T00:10:14Z,KMDW,2026-06-19,KXLOWTCHI-26JUN18-B56.5,56° to 57°,56.0,57.0,0,1,99,100,446.62,low
96,2026-06-19T00:10:14Z,KMDW,2026-06-19,KXLOWTCHI-26JUN18-B54.5,54° to 55°,54.0,55.0,0,1,99,100,783.62,low
217,2026-06-19T00:10:14Z,KMIA,2026-06-19,KXHIGHMIA-26JUN19-T96,97° or above,97.0,999.0,0,2,98,100,2634.13,high
218,2026-06-19T00:10:14Z,KMIA,2026-06-19,KXHIGHMIA-26JUN19-T89,88° or below,-999.0,88.0,0,1,99,100,983.16,high
219,2026-06-19T00:10:14Z,KMIA,2026-06-19,KXHIGHMIA-26JUN19-B95.5,95° to 96°,95.0,96.0,15,16,84,85,668.57,high
220,2026-06-19T00:10:14Z,KMIA,2026-06-19,KXHIGHMIA-26JUN19-B93.5,93° to 94°,93.0,94.0,60,64,36,40,1978.31,high
221,2026-06-19T00:10:14Z,KMIA,2026-06-19,KXHIGHMIA-26JUN19-B91.5,91° to 92°,91.0,92.0,20,21,79,80,992.48,high
222,2026-06-19T00:10:14Z,KMIA,2026-06-19,KXHIGHMIA-26JUN19-B89.5,89° to 90°,89.0,90.0,2,3,97,98,480.36,high
223,2026-06-19T00:10:14Z,KMIA,2026-06-19,KXHIGHMIA-26JUN18-T96,97° or above,97.0,999.0,0,1,99,100,10750.18,high
224,2026-06-19T00:10:14Z,KMIA,2026-06-19,KXHIGHMIA-26JUN18-T89,88° or below,-999.0,88.0,0,1,99,100,4096.17,high
225,2026-06-19T00:10:14Z,KMIA,2026-06-19,KXHIGHMIA-26JUN18-B95.5,95° to 96°,95.0,96.0,0,1,99,100,20851.6,high
226,2026-06-19T00:10:14Z,KMIA,2026-06-19,KXHIGHMIA-26JUN18-B93.5,93° to 94°,93.0,94.0,99,100,0,1,29696.11,high
227,2026-06-19T00:10:14Z,KMIA,2026-06-19,KXHIGHMIA-26JUN18-B91.5,91° to 92°,91.0,92.0,0,1,99,100,52000.06,high
228,2026-06-19T00:10:14Z,KMIA,2026-06-19,KXHIGHMIA-26JUN18-B89.5,89° to 90°,89.0,90.0,0,1,99,100,26806.13,high
229,2026-06-19T00:10:14Z,KMIA,2026-06-19,KXLOWTMIA-26JUN19-T82,83° or above,83.0,999.0,22,25,75,78,197.19,low
230,2026-06-19T00:10:14Z,KMIA,2026-06-19,KXLOWTMIA-26JUN19-T75,74° or below,-999.0,74.0,0,3,97,100,329.5,low
231,2026-06-19T00:10:14Z,KMIA,2026-06-19,KXLOWTMIA-26JUN19-B81.5,81° to 82°,81.0,82.0,49,50,50,51,1308.6,low
232,2026-06-19T00:10:14Z,KMIA,2026-06-19,KXLOWTMIA-26JUN19-B79.5,79° to 80°,79.0,80.0,24,31,69,76,242.78,low
233,2026-06-19T00:10:14Z,KMIA,2026-06-19,KXLOWTMIA-26JUN19-B77.5,77° to 78°,77.0,78.0,4,12,88,96,7.0,low
234,2026-06-19T00:10:14Z,KMIA,2026-06-19,KXLOWTMIA-26JUN19-B75.5,75° to 76°,75.0,76.0,2,9,91,98,18.0,low
235,2026-06-19T00:10:14Z,KMIA,2026-06-19,KXLOWTMIA-26JUN18-T82,83° or above,83.0,999.0,0,1,99,100,2599.97,low
236,2026-06-19T00:10:14Z,KMIA,2026-06-19,KXLOWTMIA-26JUN18-T75,74° or below,-999.0,74.0,0,1,99,100,1197.67,low
237,2026-06-19T00:10:14Z,KMIA,2026-06-19,KXLOWTMIA-26JUN18-B81.5,81° to 82°,81.0,82.0,88,93,7,12,1740.86,low
238,2026-06-19T00:10:14Z,KMIA,2026-06-19,KXLOWTMIA-26JUN18-B79.5,79° to 80°,79.0,80.0,12,13,87,88,1524.35,low
239,2026-06-19T00:10:14Z,KMIA,2026-06-19,KXLOWTMIA-26JUN18-B77.5,77° to 78°,77.0,78.0,0,1,99,100,270.0,low
240,2026-06-19T00:10:14Z,KMIA,2026-06-19,KXLOWTMIA-26JUN18-B75.5,75° to 76°,75.0,76.0,0,1,99,100,418.59,low
241,2026-06-19T00:10:14Z,KMSP,2026-06-19,KXHIGHTMIN-26JUN19-T78,79° or above,79.0,999.0,1,7,93,99,36.0,high
242,2026-06-19T00:10:14Z,KMSP,2026-06-19,KXHIGHTMIN-26JUN19-T71,70° or below,-999.0,70.0,2,5,95,98,874.45,high
243,2026-06-19T00:10:14Z,KMSP,2026-06-19,KXHIGHTMIN-26JUN19-B77.5,77° to 78°,77.0,78.0,10,18,82,90,281.0,high
244,2026-06-19T00:10:14Z,KMSP,2026-06-19,KXHIGHTMIN-26JUN19-B75.5,75° to 76°,75.0,76.0,29,39,61,71,197.68,high
245,2026-06-19T00:10:14Z,KMSP,2026-06-19,KXHIGHTMIN-26JUN19-B73.5,73° to 74°,73.0,74.0,34,35,65,66,321.0,high
246,2026-06-19T00:10:14Z,KMSP,2026-06-19,KXHIGHTMIN-26JUN19-B71.5,71° to 72°,71.0,72.0,13,18,82,87,139.42,high
247,2026-06-19T00:10:14Z,KMSP,2026-06-19,KXHIGHTMIN-26JUN18-T76,77° or above,77.0,999.0,0,1,99,100,1871.84,high
248,2026-06-19T00:10:14Z,KMSP,2026-06-19,KXHIGHTMIN-26JUN18-T69,68° or below,-999.0,68.0,0,1,99,100,1006.66,high
249,2026-06-19T00:10:14Z,KMSP,2026-06-19,KXHIGHTMIN-26JUN18-B75.5,75° to 76°,75.0,76.0,0,1,99,100,5808.64,high
250,2026-06-19T00:10:14Z,KMSP,2026-06-19,KXHIGHTMIN-26JUN18-B73.5,73° to 74°,73.0,74.0,99,100,0,1,6322.02,high
251,2026-06-19T00:10:14Z,KMSP,2026-06-19,KXHIGHTMIN-26JUN18-B71.5,71° to 72°,71.0,72.0,0,1,99,100,11766.18,high
252,2026-06-19T00:10:14Z,KMSP,2026-06-19,KXHIGHTMIN-26JUN18-B69.5,69° to 70°,69.0,70.0,0,1,99,100,1399.98,high
253,2026-06-19T00:10:14Z,KMSP,2026-06-19,KXLOWTMIN-26JUN19-T52,53° or above,53.0,999.0,66,67,33,34,771.06,low
254,2026-06-19T00:10:14Z,KMSP,2026-06-19,KXLOWTMIN-26JUN19-T45,44° or below,-999.0,44.0,0,3,97,100,357.87,low
255,2026-06-19T00:10:14Z,KMSP,2026-06-19,KXLOWTMIN-26JUN19-B51.5,51° to 52°,51.0,52.0,24,31,69,76,58.4,low
256,2026-06-19T00:10:14Z,KMSP,2026-06-19,KXLOWTMIN-26JUN19-B49.5,49° to 50°,49.0,50.0,5,14,86,95,9.0,low
257,2026-06-19T00:10:14Z,KMSP,2026-06-19,KXLOWTMIN-26JUN19-B47.5,47° to 48°,47.0,48.0,1,5,95,99,3.0,low
258,2026-06-19T00:10:14Z,KMSP,2026-06-19,KXLOWTMIN-26JUN19-B45.5,45° to 46°,45.0,46.0,0,5,95,100,269.0,low
259,2026-06-19T00:10:14Z,KMSP,2026-06-19,KXLOWTMIN-26JUN18-T55,56° or above,56.0,999.0,85,95,5,15,1513.83,low
260,2026-06-19T00:10:14Z,KMSP,2026-06-19,KXLOWTMIN-26JUN18-T48,47° or below,-999.0,47.0,0,1,99,100,217.0,low
261,2026-06-19T00:10:14Z,KMSP,2026-06-19,KXLOWTMIN-26JUN18-B54.5,54° to 55°,54.0,55.0,4,17,83,96,286.53,low
262,2026-06-19T00:10:14Z,KMSP,2026-06-19,KXLOWTMIN-26JUN18-B52.5,52° to 53°,52.0,53.0,1,5,95,99,69.72,low
263,2026-06-19T00:10:14Z,KMSP,2026-06-19,KXLOWTMIN-26JUN18-B50.5,50° to 51°,50.0,51.0,1,2,98,99,184.75,low
264,2026-06-19T00:10:14Z,KMSP,2026-06-19,KXLOWTMIN-26JUN18-B48.5,48° to 49°,48.0,49.0,0,1,99,100,271.0,low
265,2026-06-19T00:10:14Z,KMSY,2026-06-19,KXHIGHTNOLA-26JUN19-T97,98° or above,98.0,999.0,0,2,98,100,177.0,high
266,2026-06-19T00:10:14Z,KMSY,2026-06-19,KXHIGHTNOLA-26JUN19-T90,89° or below,-999.0,89.0,6,9,91,94,1.0,high
267,2026-06-19T00:10:14Z,KMSY,2026-06-19,KXHIGHTNOLA-26JUN19-B96.5,96° to 97°,96.0,97.0,3,8,92,97,3.0,high
268,2026-06-19T00:10:14Z,KMSY,2026-06-19,KXHIGHTNOLA-26JUN19-B94.5,94° to 95°,94.0,95.0,17,25,75,83,50.23,high
269,2026-06-19T00:10:14Z,KMSY,2026-06-19,KXHIGHTNOLA-26JUN19-B92.5,92° to 93°,92.0,93.0,44,45,55,56,20.0,high
270,2026-06-19T00:10:14Z,KMSY,2026-06-19,KXHIGHTNOLA-26JUN19-B90.5,90° to 91°,90.0,91.0,20,28,72,80,154.4,high
271,2026-06-19T00:10:14Z,KMSY,2026-06-19,KXHIGHTNOLA-26JUN18-T94,95° or above,95.0,999.0,0,1,99,100,1161.38,high
272,2026-06-19T00:10:14Z,KMSY,2026-06-19,KXHIGHTNOLA-26JUN18-T87,86° or below,-999.0,86.0,0,1,99,100,8370.48,high
273,2026-06-19T00:10:14Z,KMSY,2026-06-19,KXHIGHTNOLA-26JUN18-B93.5,93° to 94°,93.0,94.0,0,1,99,100,2258.63,high
274,2026-06-19T00:10:14Z,KMSY,2026-06-19,KXHIGHTNOLA-26JUN18-B91.5,91° to 92°,91.0,92.0,0,1,99,100,6318.12,high
275,2026-06-19T00:10:14Z,KMSY,2026-06-19,KXHIGHTNOLA-26JUN18-B89.5,89° to 90°,89.0,90.0,99,100,0,1,8350.64,high
276,2026-06-19T00:10:14Z,KMSY,2026-06-19,KXHIGHTNOLA-26JUN18-B87.5,87° to 88°,87.0,88.0,0,1,99,100,4989.78,high
277,2026-06-19T00:10:14Z,KMSY,2026-06-19,KXLOWTNOLA-26JUN19-T82,83° or above,83.0,999.0,3,6,94,97,0.0,low
278,2026-06-19T00:10:14Z,KMSY,2026-06-19,KXLOWTNOLA-26JUN19-T75,74° or below,-999.0,74.0,3,8,92,97,39.0,low
279,2026-06-19T00:10:14Z,KMSY,2026-06-19,KXLOWTNOLA-26JUN19-B81.5,81° to 82°,81.0,82.0,11,18,82,89,165.0,low
280,2026-06-19T00:10:14Z,KMSY,2026-06-19,KXLOWTNOLA-26JUN19-B79.5,79° to 80°,79.0,80.0,26,36,64,74,0.0,low
281,2026-06-19T00:10:14Z,KMSY,2026-06-19,KXLOWTNOLA-26JUN19-B77.5,77° to 78°,77.0,78.0,35,38,62,65,116.59,low
282,2026-06-19T00:10:14Z,KMSY,2026-06-19,KXLOWTNOLA-26JUN19-B75.5,75° to 76°,75.0,76.0,12,16,84,88,11.0,low
283,2026-06-19T00:10:14Z,KMSY,2026-06-19,KXLOWTNOLA-26JUN18-T80,81° or above,81.0,999.0,0,1,99,100,849.34,low
284,2026-06-19T00:10:14Z,KMSY,2026-06-19,KXLOWTNOLA-26JUN18-T73,72° or below,-999.0,72.0,99,100,0,1,3842.31,low
285,2026-06-19T00:10:14Z,KMSY,2026-06-19,KXLOWTNOLA-26JUN18-B79.5,79° to 80°,79.0,80.0,0,1,99,100,9897.28,low
286,2026-06-19T00:10:14Z,KMSY,2026-06-19,KXLOWTNOLA-26JUN18-B77.5,77° to 78°,77.0,78.0,0,1,99,100,652.85,low
287,2026-06-19T00:10:14Z,KMSY,2026-06-19,KXLOWTNOLA-26JUN18-B75.5,75° to 76°,75.0,76.0,0,1,99,100,12902.22,low
288,2026-06-19T00:10:14Z,KMSY,2026-06-19,KXLOWTNOLA-26JUN18-B73.5,73° to 74°,73.0,74.0,0,1,99,100,3218.0,low
289,2026-06-19T00:10:14Z,KNYC,2026-06-19,KXHIGHNY-26JUN19-T88,89° or above,89.0,999.0,0,1,99,100,2690.3,high
290,2026-06-19T00:10:14Z,KNYC,2026-06-19,KXHIGHNY-26JUN19-T81,80° or below,-999.0,80.0,40,43,57,60,2511.52,high
291,2026-06-19T00:10:14Z,KNYC,2026-06-19,KXHIGHNY-26JUN19-B87.5,87° to 88°,87.0,88.0,1,2,98,99,862.25,high
292,2026-06-19T00:10:14Z,KNYC,2026-06-19,KXHIGHNY-26JUN19-B85.5,85° to 86°,85.0,86.0,4,6,94,96,1290.58,high
293,2026-06-19T00:10:14Z,KNYC,2026-06-19,KXHIGHNY-26JUN19-B83.5,83° to 84°,83.0,84.0,17,20,80,83,1798.33,high
294,2026-06-19T00:10:14Z,KNYC,2026-06-19,KXHIGHNY-26JUN19-B81.5,81° to 82°,81.0,82.0,35,38,62,65,1795.81,high
295,2026-06-19T00:10:14Z,KNYC,2026-06-19,KXHIGHNY-26JUN18-T90,91° or above,91.0,999.0,0,1,99,100,30650.74,high
296,2026-06-19T00:10:14Z,KNYC,2026-06-19,KXHIGHNY-26JUN18-T83,82° or below,-999.0,82.0,0,1,99,100,53356.97,high
297,2026-06-19T00:10:14Z,KNYC,2026-06-19,KXHIGHNY-26JUN18-B89.5,89° to 90°,89.0,90.0,0,1,99,100,52964.93,high
298,2026-06-19T00:10:14Z,KNYC,2026-06-19,KXHIGHNY-26JUN18-B87.5,87° to 88°,87.0,88.0,0,1,99,100,64208.67,high
299,2026-06-19T00:10:14Z,KNYC,2026-06-19,KXHIGHNY-26JUN18-B85.5,85° to 86°,85.0,86.0,99,100,0,1,60445.51,high
300,2026-06-19T00:10:14Z,KNYC,2026-06-19,KXHIGHNY-26JUN18-B83.5,83° to 84°,83.0,84.0,0,1,99,100,34296.28,high
301,2026-06-19T00:10:14Z,KNYC,2026-06-19,KXLOWTNYC-26JUN19-T72,73° or above,73.0,999.0,0,2,98,100,475.0,low
302,2026-06-19T00:10:14Z,KNYC,2026-06-19,KXLOWTNYC-26JUN19-T65,64° or below,-999.0,64.0,0,1,99,100,776.0,low
303,2026-06-19T00:10:14Z,KNYC,2026-06-19,KXLOWTNYC-26JUN19-B71.5,71° to 72°,71.0,72.0,5,7,93,95,15.0,low
304,2026-06-19T00:10:14Z,KNYC,2026-06-19,KXLOWTNYC-26JUN19-B69.5,69° to 70°,69.0,70.0,25,29,71,75,334.71,low
305,2026-06-19T00:10:14Z,KNYC,2026-06-19,KXLOWTNYC-26JUN19-B67.5,67° to 68°,67.0,68.0,39,42,58,61,228.08,low
306,2026-06-19T00:10:14Z,KNYC,2026-06-19,KXLOWTNYC-26JUN19-B65.5,65° to 66°,65.0,66.0,20,28,72,80,435.15,low
307,2026-06-19T00:10:14Z,KNYC,2026-06-19,KXLOWTNYC-26JUN18-T68,69° or above,69.0,999.0,0,1,99,100,5534.7,low
308,2026-06-19T00:10:14Z,KNYC,2026-06-19,KXLOWTNYC-26JUN18-T61,60° or below,-999.0,60.0,0,1,99,100,922.02,low
309,2026-06-19T00:10:14Z,KNYC,2026-06-19,KXLOWTNYC-26JUN18-B67.5,67° to 68°,67.0,68.0,99,100,0,1,7496.35,low
310,2026-06-19T00:10:14Z,KNYC,2026-06-19,KXLOWTNYC-26JUN18-B65.5,65° to 66°,65.0,66.0,0,1,99,100,2134.92,low
311,2026-06-19T00:10:14Z,KNYC,2026-06-19,KXLOWTNYC-26JUN18-B63.5,63° to 64°,63.0,64.0,0,1,99,100,1399.61,low
312,2026-06-19T00:10:14Z,KNYC,2026-06-19,KXLOWTNYC-26JUN18-B61.5,61° to 62°,61.0,62.0,0,1,99,100,1630.56,low
313,2026-06-19T00:10:14Z,KOKC,2026-06-19,KXHIGHTOKC-26JUN19-T90,91° or above,91.0,999.0,0,2,98,100,429.28,high
314,2026-06-19T00:10:14Z,KOKC,2026-06-19,KXHIGHTOKC-26JUN19-T83,82° or below,-999.0,82.0,13,16,84,87,447.16,high
315,2026-06-19T00:10:14Z,KOKC,2026-06-19,KXHIGHTOKC-26JUN19-B89.5,89° to 90°,89.0,90.0,3,10,90,97,32.0,high
316,2026-06-19T00:10:14Z,KOKC,2026-06-19,KXHIGHTOKC-26JUN19-B87.5,87° to 88°,87.0,88.0,19,27,73,81,258.52,high
317,2026-06-19T00:10:14Z,KOKC,2026-06-19,KXHIGHTOKC-26JUN19-B85.5,85° to 86°,85.0,86.0,30,32,68,70,261.48,high
318,2026-06-19T00:10:14Z,KOKC,2026-06-19,KXHIGHTOKC-26JUN19-B83.5,83° to 84°,83.0,84.0,20,28,72,80,230.52,high
319,2026-06-19T00:10:14Z,KOKC,2026-06-19,KXHIGHTOKC-26JUN18-T89,90° or above,90.0,999.0,0,1,99,100,10143.07,high
320,2026-06-19T00:10:14Z,KOKC,2026-06-19,KXHIGHTOKC-26JUN18-T82,81° or below,-999.0,81.0,0,1,99,100,18839.14,high
321,2026-06-19T00:10:14Z,KOKC,2026-06-19,KXHIGHTOKC-26JUN18-B88.5,88° to 89°,88.0,89.0,0,1,99,100,4064.24,high
322,2026-06-19T00:10:14Z,KOKC,2026-06-19,KXHIGHTOKC-26JUN18-B86.5,86° to 87°,86.0,87.0,0,1,99,100,3840.1,high
323,2026-06-19T00:10:14Z,KOKC,2026-06-19,KXHIGHTOKC-26JUN18-B84.5,84° to 85°,84.0,85.0,0,1,99,100,10584.27,high
324,2026-06-19T00:10:14Z,KOKC,2026-06-19,KXHIGHTOKC-26JUN18-B82.5,82° to 83°,82.0,83.0,99,100,0,1,15985.95,high
325,2026-06-19T00:10:14Z,KOKC,2026-06-19,KXLOWTOKC-26JUN19-T68,69° or above,69.0,999.0,1,6,94,99,2.0,low
326,2026-06-19T00:10:14Z,KOKC,2026-06-19,KXLOWTOKC-26JUN19-T61,60° or below,-999.0,60.0,1,5,95,99,0.0,low
327,2026-06-19T00:10:14Z,KOKC,2026-06-19,KXLOWTOKC-26JUN19-B67.5,67° to 68°,67.0,68.0,11,21,79,89,10.0,low
328,2026-06-19T00:10:14Z,KOKC,2026-06-19,KXLOWTOKC-26JUN19-B65.5,65° to 66°,65.0,66.0,37,47,53,63,1.0,low
329,2026-06-19T00:10:14Z,KOKC,2026-06-19,KXLOWTOKC-26JUN19-B63.5,63° to 64°,63.0,64.0,27,28,72,73,87.44,low
330,2026-06-19T00:10:14Z,KOKC,2026-06-19,KXLOWTOKC-26JUN19-B61.5,61° to 62°,61.0,62.0,3,12,88,97,3.0,low
331,2026-06-19T00:10:14Z,KOKC,2026-06-19,KXLOWTOKC-26JUN18-T73,74° or above,74.0,999.0,0,1,99,100,1525.33,low
332,2026-06-19T00:10:14Z,KOKC,2026-06-19,KXLOWTOKC-26JUN18-T66,65° or below,-999.0,65.0,10,24,76,90,2623.6,low
333,2026-06-19T00:10:14Z,KOKC,2026-06-19,KXLOWTOKC-26JUN18-B72.5,72° to 73°,72.0,73.0,0,1,99,100,3035.71,low
334,2026-06-19T00:10:14Z,KOKC,2026-06-19,KXLOWTOKC-26JUN18-B70.5,70° to 71°,70.0,71.0,10,17,83,90,2923.68,low
335,2026-06-19T00:10:14Z,KOKC,2026-06-19,KXLOWTOKC-26JUN18-B68.5,68° to 69°,68.0,69.0,32,62,38,68,839.47,low
336,2026-06-19T00:10:14Z,KOKC,2026-06-19,KXLOWTOKC-26JUN18-B66.5,66° to 67°,66.0,67.0,22,51,49,78,1769.12,low
337,2026-06-19T00:10:14Z,KPHL,2026-06-19,KXHIGHPHIL-26JUN19-T85,86° or above,86.0,999.0,15,19,81,85,783.97,high
338,2026-06-19T00:10:14Z,KPHL,2026-06-19,KXHIGHPHIL-26JUN19-T78,77° or below,-999.0,77.0,1,2,98,99,240.8,high
339,2026-06-19T00:10:14Z,KPHL,2026-06-19,KXHIGHPHIL-26JUN19-B84.5,84° to 85°,84.0,85.0,46,48,52,54,492.89,high
340,2026-06-19T00:10:14Z,KPHL,2026-06-19,KXHIGHPHIL-26JUN19-B82.5,82° to 83°,82.0,83.0,30,35,65,70,441.42,high
341,2026-06-19T00:10:14Z,KPHL,2026-06-19,KXHIGHPHIL-26JUN19-B80.5,80° to 81°,80.0,81.0,3,8,92,97,119.8,high
342,2026-06-19T00:10:14Z,KPHL,2026-06-19,KXHIGHPHIL-26JUN19-B78.5,78° to 79°,78.0,79.0,1,5,95,99,107.8,high
343,2026-06-19T00:10:14Z,KPHL,2026-06-19,KXHIGHPHIL-26JUN18-T95,96° or above,96.0,999.0,0,1,99,100,6324.81,high
344,2026-06-19T00:10:14Z,KPHL,2026-06-19,KXHIGHPHIL-26JUN18-T88,87° or below,-999.0,87.0,0,1,99,100,4491.2,high
345,2026-06-19T00:10:14Z,KPHL,2026-06-19,KXHIGHPHIL-26JUN18-B94.5,94° to 95°,94.0,95.0,0,1,99,100,6231.97,high
346,2026-06-19T00:10:14Z,KPHL,2026-06-19,KXHIGHPHIL-26JUN18-B92.5,92° to 93°,92.0,93.0,99,100,0,1,10040.94,high
347,2026-06-19T00:10:14Z,KPHL,2026-06-19,KXHIGHPHIL-26JUN18-B90.5,90° to 91°,90.0,91.0,0,1,99,100,10195.81,high
348,2026-06-19T00:10:14Z,KPHL,2026-06-19,KXHIGHPHIL-26JUN18-B88.5,88° to 89°,88.0,89.0,0,1,99,100,4503.2,high
349,2026-06-19T00:10:14Z,KPHL,2026-06-19,KXLOWTPHIL-26JUN19-T72,73° or above,73.0,999.0,17,25,75,83,314.36,low
350,2026-06-19T00:10:14Z,KPHL,2026-06-19,KXLOWTPHIL-26JUN19-T65,64° or below,-999.0,64.0,0,1,99,100,314.0,low
351,2026-06-19T00:10:14Z,KPHL,2026-06-19,KXLOWTPHIL-26JUN19-B71.5,71° to 72°,71.0,72.0,40,46,54,60,133.17,low
352,2026-06-19T00:10:14Z,KPHL,2026-06-19,KXLOWTPHIL-26JUN19-B69.5,69° to 70°,69.0,70.0,22,28,72,78,139.0,low
353,2026-06-19T00:10:14Z,KPHL,2026-06-19,KXLOWTPHIL-26JUN19-B67.5,67° to 68°,67.0,68.0,5,9,91,95,5.0,low
354,2026-06-19T00:10:14Z,KPHL,2026-06-19,KXLOWTPHIL-26JUN19-B65.5,65° to 66°,65.0,66.0,0,1,99,100,335.7,low
355,2026-06-19T00:10:14Z,KPHL,2026-06-19,KXLOWTPHIL-26JUN18-T70,71° or above,71.0,999.0,99,100,0,1,4778.47,low
356,2026-06-19T00:10:14Z,KPHL,2026-06-19,KXLOWTPHIL-26JUN18-T63,62° or below,-999.0,62.0,0,1,99,100,669.08,low
357,2026-06-19T00:10:14Z,KPHL,2026-06-19,KXLOWTPHIL-26JUN18-B69.5,69° to 70°,69.0,70.0,0,1,99,100,942.47,low
358,2026-06-19T00:10:14Z,KPHL,2026-06-19,KXLOWTPHIL-26JUN18-B67.5,67° to 68°,67.0,68.0,0,1,99,100,368.0,low
359,2026-06-19T00:10:14Z,KPHL,2026-06-19,KXLOWTPHIL-26JUN18-B65.5,65° to 66°,65.0,66.0,0,1,99,100,570.51,low
360,2026-06-19T00:10:14Z,KPHL,2026-06-19,KXLOWTPHIL-26JUN18-B63.5,63° to 64°,63.0,64.0,0,1,99,100,1033.1,low
361,2026-06-19T00:10:14Z,KPHX,2026-06-19,KXHIGHTPHX-26JUN19-T110,111° or above,111.0,999.0,0,2,98,100,490.0,high
362,2026-06-19T00:10:14Z,KPHX,2026-06-19,KXHIGHTPHX-26JUN19-T103,102° or below,-999.0,102.0,0,2,98,100,1121.36,high
363,2026-06-19T00:10:14Z,KPHX,2026-06-19,KXHIGHTPHX-26JUN19-B109.5,109° to 110°,109.0,110.0,5,6,94,95,179.98,high
364,2026-06-19T00:10:14Z,KPHX,2026-06-19,KXHIGHTPHX-26JUN19-B107.5,107° to 108°,107.0,108.0,49,54,46,51,627.64,high
365,2026-06-19T00:10:14Z,KPHX,2026-06-19,KXHIGHTPHX-26JUN19-B105.5,105° to 106°,105.0,106.0,37,42,58,63,470.77,high
366,2026-06-19T00:10:14Z,KPHX,2026-06-19,KXHIGHTPHX-26JUN19-B103.5,103° to 104°,103.0,104.0,1,5,95,99,612.26,high
367,2026-06-19T00:10:14Z,KPHX,2026-06-19,KXHIGHTPHX-26JUN18-T111,112° or above,112.0,999.0,0,1,99,100,1892.29,high
368,2026-06-19T00:10:14Z,KPHX,2026-06-19,KXHIGHTPHX-26JUN18-T104,103° or below,-999.0,103.0,0,1,99,100,4350.46,high
369,2026-06-19T00:10:14Z,KPHX,2026-06-19,KXHIGHTPHX-26JUN18-B110.5,110° to 111°,110.0,111.0,0,1,99,100,4108.78,high
370,2026-06-19T00:10:14Z,KPHX,2026-06-19,KXHIGHTPHX-26JUN18-B108.5,108° to 109°,108.0,109.0,99,100,0,1,12930.65,high
371,2026-06-19T00:10:14Z,KPHX,2026-06-19,KXHIGHTPHX-26JUN18-B106.5,106° to 107°,106.0,107.0,0,1,99,100,29958.92,high
372,2026-06-19T00:10:14Z,KPHX,2026-06-19,KXHIGHTPHX-26JUN18-B104.5,104° to 105°,104.0,105.0,0,1,99,100,25531.52,high
373,2026-06-19T00:10:14Z,KPHX,2026-06-19,KXLOWTPHX-26JUN19-T82,83° or above,83.0,999.0,46,47,53,54,394.83,low
374,2026-06-19T00:10:14Z,KPHX,2026-06-19,KXLOWTPHX-26JUN19-T75,74° or below,-999.0,74.0,0,3,97,100,200.0,low
375,2026-06-19T00:10:14Z,KPHX,2026-06-19,KXLOWTPHX-26JUN19-B81.5,81° to 82°,81.0,82.0,39,50,50,61,106.0,low
376,2026-06-19T00:10:14Z,KPHX,2026-06-19,KXLOWTPHX-26JUN19-B79.5,79° to 80°,79.0,80.0,5,20,80,95,20.12,low
377,2026-06-19T00:10:14Z,KPHX,2026-06-19,KXLOWTPHX-26JUN19-B77.5,77° to 78°,77.0,78.0,1,13,87,99,0.0,low
378,2026-06-19T00:10:14Z,KPHX,2026-06-19,KXLOWTPHX-26JUN19-B75.5,75° to 76°,75.0,76.0,0,3,97,100,215.0,low
379,2026-06-19T00:10:14Z,KPHX,2026-06-19,KXLOWTPHX-26JUN18-T85,86° or above,86.0,999.0,0,1,99,100,5794.59,low
380,2026-06-19T00:10:14Z,KPHX,2026-06-19,KXLOWTPHX-26JUN18-T78,77° or below,-999.0,77.0,0,1,99,100,482.47,low
381,2026-06-19T00:10:14Z,KPHX,2026-06-19,KXLOWTPHX-26JUN18-B84.5,84° to 85°,84.0,85.0,88,97,3,12,2182.33,low
382,2026-06-19T00:10:14Z,KPHX,2026-06-19,KXLOWTPHX-26JUN18-B82.5,82° to 83°,82.0,83.0,1,10,90,99,698.69,low
383,2026-06-19T00:10:14Z,KPHX,2026-06-19,KXLOWTPHX-26JUN18-B80.5,80° to 81°,80.0,81.0,0,3,97,100,900.88,low
384,2026-06-19T00:10:14Z,KPHX,2026-06-19,KXLOWTPHX-26JUN18-B78.5,78° to 79°,78.0,79.0,0,1,99,100,658.53,low
385,2026-06-19T00:10:14Z,KSAT,2026-06-19,KXHIGHTSATX-26JUN19-T99,100° or above,100.0,999.0,0,1,99,100,255.0,high
386,2026-06-19T00:10:14Z,KSAT,2026-06-19,KXHIGHTSATX-26JUN19-T92,91° or below,-999.0,91.0,61,63,37,39,658.73,high
387,2026-06-19T00:10:14Z,KSAT,2026-06-19,KXHIGHTSATX-26JUN19-B98.5,98° to 99°,98.0,99.0,0,2,98,100,452.0,high
388,2026-06-19T00:10:14Z,KSAT,2026-06-19,KXHIGHTSATX-26JUN19-B96.5,96° to 97°,96.0,97.0,0,4,96,100,492.27,high
389,2026-06-19T00:10:14Z,KSAT,2026-06-19,KXHIGHTSATX-26JUN19-B94.5,94° to 95°,94.0,95.0,12,14,86,88,445.83,high
390,2026-06-19T00:10:14Z,KSAT,2026-06-19,KXHIGHTSATX-26JUN19-B92.5,92° to 93°,92.0,93.0,27,30,70,73,292.63,high
391,2026-06-19T00:10:14Z,KSAT,2026-06-19,KXHIGHTSATX-26JUN18-T95,94° or below,-999.0,94.0,0,1,99,100,1671.71,high
392,2026-06-19T00:10:14Z,KSAT,2026-06-19,KXHIGHTSATX-26JUN18-T102,103° or above,103.0,999.0,0,1,99,100,579.23,high
393,2026-06-19T00:10:14Z,KSAT,2026-06-19,KXHIGHTSATX-26JUN18-B99.5,99° to 100°,99.0,100.0,0,1,99,100,4520.18,high
394,2026-06-19T00:10:14Z,KSAT,2026-06-19,KXHIGHTSATX-26JUN18-B97.5,97° to 98°,97.0,98.0,0,1,99,100,6378.89,high
395,2026-06-19T00:10:14Z,KSAT,2026-06-19,KXHIGHTSATX-26JUN18-B95.5,95° to 96°,95.0,96.0,99,100,0,1,6809.74,high
396,2026-06-19T00:10:14Z,KSAT,2026-06-19,KXHIGHTSATX-26JUN18-B101.5,101° to 102°,101.0,102.0,0,1,99,100,972.68,high
397,2026-06-19T00:10:14Z,KSAT,2026-06-19,KXLOWTSATX-26JUN19-T81,82° or above,82.0,999.0,1,3,97,99,0.0,low
398,2026-06-19T00:10:14Z,KSAT,2026-06-19,KXLOWTSATX-26JUN19-T74,73° or below,-999.0,73.0,21,29,71,79,21.04,low
399,2026-06-19T00:10:14Z,KSAT,2026-06-19,KXLOWTSATX-26JUN19-B80.5,80° to 81°,80.0,81.0,5,11,89,95,1.0,low
400,2026-06-19T00:10:14Z,KSAT,2026-06-19,KXLOWTSATX-26JUN19-B78.5,78° to 79°,78.0,79.0,13,22,78,87,498.71,low
401,2026-06-19T00:10:14Z,KSAT,2026-06-19,KXLOWTSATX-26JUN19-B76.5,76° to 77°,76.0,77.0,21,30,70,79,6.0,low
402,2026-06-19T00:10:14Z,KSAT,2026-06-19,KXLOWTSATX-26JUN19-B74.5,74° to 75°,74.0,75.0,20,28,72,80,47.0,low
403,2026-06-19T00:10:14Z,KSAT,2026-06-19,KXLOWTSATX-26JUN18-T79,80° or above,80.0,999.0,0,1,99,100,670.34,low
404,2026-06-19T00:10:14Z,KSAT,2026-06-19,KXLOWTSATX-26JUN18-T72,71° or below,-999.0,71.0,0,1,99,100,312.0,low
405,2026-06-19T00:10:14Z,KSAT,2026-06-19,KXLOWTSATX-26JUN18-B78.5,78° to 79°,78.0,79.0,98,99,1,2,2670.24,low
406,2026-06-19T00:10:14Z,KSAT,2026-06-19,KXLOWTSATX-26JUN18-B76.5,76° to 77°,76.0,77.0,2,5,95,98,1483.13,low
407,2026-06-19T00:10:14Z,KSAT,2026-06-19,KXLOWTSATX-26JUN18-B74.5,74° to 75°,74.0,75.0,0,2,98,100,379.94,low
408,2026-06-19T00:10:14Z,KSAT,2026-06-19,KXLOWTSATX-26JUN18-B72.5,72° to 73°,72.0,73.0,0,1,99,100,512.0,low
433,2026-06-19T00:10:14Z,KSEA,2026-06-19,KXHIGHTSEA-26JUN19-T87,88° or above,88.0,999.0,0,4,96,100,1564.07,high
434,2026-06-19T00:10:14Z,KSEA,2026-06-19,KXHIGHTSEA-26JUN19-T80,79° or below,-999.0,79.0,3,5,95,97,1039.14,high
435,2026-06-19T00:10:14Z,KSEA,2026-06-19,KXHIGHTSEA-26JUN19-B86.5,86° to 87°,86.0,87.0,7,15,85,93,302.5,high
436,2026-06-19T00:10:14Z,KSEA,2026-06-19,KXHIGHTSEA-26JUN19-B84.5,84° to 85°,84.0,85.0,26,32,68,74,99.0,high
437,2026-06-19T00:10:14Z,KSEA,2026-06-19,KXHIGHTSEA-26JUN19-B82.5,82° to 83°,82.0,83.0,36,39,61,64,195.0,high
438,2026-06-19T00:10:14Z,KSEA,2026-06-19,KXHIGHTSEA-26JUN19-B80.5,80° to 81°,80.0,81.0,18,24,76,82,360.0,high
439,2026-06-19T00:10:14Z,KSEA,2026-06-19,KXHIGHTSEA-26JUN18-T83,84° or above,84.0,999.0,0,1,99,100,638.26,high
440,2026-06-19T00:10:14Z,KSEA,2026-06-19,KXHIGHTSEA-26JUN18-T76,75° or below,-999.0,75.0,0,1,99,100,6575.67,high
441,2026-06-19T00:10:14Z,KSEA,2026-06-19,KXHIGHTSEA-26JUN18-B82.5,82° to 83°,82.0,83.0,0,1,99,100,2336.65,high
442,2026-06-19T00:10:14Z,KSEA,2026-06-19,KXHIGHTSEA-26JUN18-B80.5,80° to 81°,80.0,81.0,15,17,83,85,5957.92,high
443,2026-06-19T00:10:14Z,KSEA,2026-06-19,KXHIGHTSEA-26JUN18-B78.5,78° to 79°,78.0,79.0,74,82,18,26,9109.46,high
444,2026-06-19T00:10:14Z,KSEA,2026-06-19,KXHIGHTSEA-26JUN18-B76.5,76° to 77°,76.0,77.0,0,1,99,100,21847.66,high
445,2026-06-19T00:10:14Z,KSEA,2026-06-19,KXLOWTSEA-26JUN19-T59,60° or above,60.0,999.0,32,39,61,68,64.51,low
446,2026-06-19T00:10:14Z,KSEA,2026-06-19,KXLOWTSEA-26JUN19-T52,51° or below,-999.0,51.0,0,5,95,100,203.0,low
447,2026-06-19T00:10:14Z,KSEA,2026-06-19,KXLOWTSEA-26JUN19-B58.5,58° to 59°,58.0,59.0,45,53,47,55,35.08,low
448,2026-06-19T00:10:14Z,KSEA,2026-06-19,KXLOWTSEA-26JUN19-B56.5,56° to 57°,56.0,57.0,11,20,80,89,11.0,low
449,2026-06-19T00:10:14Z,KSEA,2026-06-19,KXLOWTSEA-26JUN19-B54.5,54° to 55°,54.0,55.0,1,5,95,99,3.0,low
450,2026-06-19T00:10:14Z,KSEA,2026-06-19,KXLOWTSEA-26JUN19-B52.5,52° to 53°,52.0,53.0,1,5,95,99,257.0,low
451,2026-06-19T00:10:14Z,KSEA,2026-06-19,KXLOWTSEA-26JUN18-T56,57° or above,57.0,999.0,0,1,99,100,1351.0,low
452,2026-06-19T00:10:14Z,KSEA,2026-06-19,KXLOWTSEA-26JUN18-T49,48° or below,-999.0,48.0,0,1,99,100,366.0,low
453,2026-06-19T00:10:14Z,KSEA,2026-06-19,KXLOWTSEA-26JUN18-B55.5,55° to 56°,55.0,56.0,99,100,0,1,2932.73,low
454,2026-06-19T00:10:14Z,KSEA,2026-06-19,KXLOWTSEA-26JUN18-B53.5,53° to 54°,53.0,54.0,0,1,99,100,312.94,low
455,2026-06-19T00:10:14Z,KSEA,2026-06-19,KXLOWTSEA-26JUN18-B51.5,51° to 52°,51.0,52.0,0,1,99,100,275.43,low
456,2026-06-19T00:10:14Z,KSEA,2026-06-19,KXLOWTSEA-26JUN18-B49.5,49° to 50°,49.0,50.0,0,1,99,100,256.0,low
409,2026-06-19T00:10:14Z,KSFO,2026-06-19,KXHIGHTSFO-26JUN19-T73,74° or above,74.0,999.0,5,8,92,95,110.0,high
410,2026-06-19T00:10:14Z,KSFO,2026-06-19,KXHIGHTSFO-26JUN19-T66,65° or below,-999.0,65.0,1,3,97,99,26.0,high
411,2026-06-19T00:10:14Z,KSFO,2026-06-19,KXHIGHTSFO-26JUN19-B72.5,72° to 73°,72.0,73.0,21,22,78,79,529.77,high
412,2026-06-19T00:10:14Z,KSFO,2026-06-19,KXHIGHTSFO-26JUN19-B70.5,70° to 71°,70.0,71.0,31,32,68,69,377.79,high
413,2026-06-19T00:10:14Z,KSFO,2026-06-19,KXHIGHTSFO-26JUN19-B68.5,68° to 69°,68.0,69.0,28,29,71,72,305.22,high
414,2026-06-19T00:10:14Z,KSFO,2026-06-19,KXHIGHTSFO-26JUN19-B66.5,66° to 67°,66.0,67.0,5,10,90,95,39.0,high
415,2026-06-19T00:10:14Z,KSFO,2026-06-19,KXHIGHTSFO-26JUN18-T73,74° or above,74.0,999.0,0,1,99,100,10800.18,high
416,2026-06-19T00:10:14Z,KSFO,2026-06-19,KXHIGHTSFO-26JUN18-T66,65° or below,-999.0,65.0,0,1,99,100,8852.77,high
417,2026-06-19T00:10:14Z,KSFO,2026-06-19,KXHIGHTSFO-26JUN18-B72.5,72° to 73°,72.0,73.0,99,100,0,1,13759.44,high
418,2026-06-19T00:10:14Z,KSFO,2026-06-19,KXHIGHTSFO-26JUN18-B70.5,70° to 71°,70.0,71.0,0,1,99,100,13439.58,high
419,2026-06-19T00:10:14Z,KSFO,2026-06-19,KXHIGHTSFO-26JUN18-B68.5,68° to 69°,68.0,69.0,0,1,99,100,8363.3,high
420,2026-06-19T00:10:14Z,KSFO,2026-06-19,KXHIGHTSFO-26JUN18-B66.5,66° to 67°,66.0,67.0,0,1,99,100,9607.17,high
421,2026-06-19T00:10:14Z,KSFO,2026-06-19,KXLOWTSFO-26JUN19-T59,60° or above,60.0,999.0,12,35,65,88,69.0,low
422,2026-06-19T00:10:14Z,KSFO,2026-06-19,KXLOWTSFO-26JUN19-T52,51° or below,-999.0,51.0,0,5,95,100,200.0,low
423,2026-06-19T00:10:14Z,KSFO,2026-06-19,KXLOWTSFO-26JUN19-B58.5,58° to 59°,58.0,59.0,52,68,32,48,205.37,low
424,2026-06-19T00:10:14Z,KSFO,2026-06-19,KXLOWTSFO-26JUN19-B56.5,56° to 57°,56.0,57.0,13,24,76,87,304.78,low
425,2026-06-19T00:10:14Z,KSFO,2026-06-19,KXLOWTSFO-26JUN19-B54.5,54° to 55°,54.0,55.0,1,5,95,99,6.0,low
426,2026-06-19T00:10:14Z,KSFO,2026-06-19,KXLOWTSFO-26JUN19-B52.5,52° to 53°,52.0,53.0,0,5,95,100,250.0,low
427,2026-06-19T00:10:14Z,KSFO,2026-06-19,KXLOWTSFO-26JUN18-T59,60° or above,60.0,999.0,0,1,99,100,1321.62,low
428,2026-06-19T00:10:14Z,KSFO,2026-06-19,KXLOWTSFO-26JUN18-T52,51° or below,-999.0,51.0,0,1,99,100,205.0,low
429,2026-06-19T00:10:14Z,KSFO,2026-06-19,KXLOWTSFO-26JUN18-B58.5,58° to 59°,58.0,59.0,89,95,5,11,1319.22,low
430,2026-06-19T00:10:14Z,KSFO,2026-06-19,KXLOWTSFO-26JUN18-B56.5,56° to 57°,56.0,57.0,4,14,86,96,512.27,low
431,2026-06-19T00:10:14Z,KSFO,2026-06-19,KXLOWTSFO-26JUN18-B54.5,54° to 55°,54.0,55.0,1,8,92,99,164.75,low
432,2026-06-19T00:10:14Z,KSFO,2026-06-19,KXLOWTSFO-26JUN18-B52.5,52° to 53°,52.0,53.0,0,2,98,100,250.0,low
1,2026-06-19T01:41:28Z,KATL,2026-06-19,KXHIGHTATL-26JUN19-T89,90° or above,90.0,999.0,5,9,91,95,420.3,high
2,2026-06-19T01:41:28Z,KATL,2026-06-19,KXHIGHTATL-26JUN19-T82,81° or below,-999.0,81.0,1,3,97,99,524.61,high
3,2026-06-19T01:41:28Z,KATL,2026-06-19,KXHIGHTATL-26JUN19-B88.5,88° to 89°,88.0,89.0,23,25,75,77,379.53,high
4,2026-06-19T01:41:28Z,KATL,2026-06-19,KXHIGHTATL-26JUN19-B86.5,86° to 87°,86.0,87.0,35,42,58,65,377.17,high
5,2026-06-19T01:41:28Z,KATL,2026-06-19,KXHIGHTATL-26JUN19-B84.5,84° to 85°,84.0,85.0,23,28,72,77,412.56,high
6,2026-06-19T01:41:28Z,KATL,2026-06-19,KXHIGHTATL-26JUN19-B82.5,82° to 83°,82.0,83.0,5,13,87,95,226.47,high
7,2026-06-19T01:41:28Z,KATL,2026-06-19,KXHIGHTATL-26JUN18-T85,86° or above,86.0,999.0,99,100,0,1,29064.74,high
8,2026-06-19T01:41:28Z,KATL,2026-06-19,KXHIGHTATL-26JUN18-T78,77° or below,-999.0,77.0,0,1,99,100,1504.84,high
9,2026-06-19T01:41:28Z,KATL,2026-06-19,KXHIGHTATL-26JUN18-B84.5,84° to 85°,84.0,85.0,0,1,99,100,20402.15,high
10,2026-06-19T01:41:28Z,KATL,2026-06-19,KXHIGHTATL-26JUN18-B82.5,82° to 83°,82.0,83.0,0,1,99,100,16372.71,high
11,2026-06-19T01:41:28Z,KATL,2026-06-19,KXHIGHTATL-26JUN18-B80.5,80° to 81°,80.0,81.0,0,1,99,100,9685.26,high
12,2026-06-19T01:41:28Z,KATL,2026-06-19,KXHIGHTATL-26JUN18-B78.5,78° to 79°,78.0,79.0,0,1,99,100,7270.07,high
13,2026-06-19T01:41:28Z,KATL,2026-06-19,KXLOWTATL-26JUN19-T73,74° or above,74.0,999.0,6,12,88,94,51.07,low
14,2026-06-19T01:41:28Z,KATL,2026-06-19,KXLOWTATL-26JUN19-T66,65° or below,-999.0,65.0,0,5,95,100,314.2,low
15,2026-06-19T01:41:28Z,KATL,2026-06-19,KXLOWTATL-26JUN19-B72.5,72° to 73°,72.0,73.0,43,44,56,57,531.46,low
16,2026-06-19T01:41:28Z,KATL,2026-06-19,KXLOWTATL-26JUN19-B70.5,70° to 71°,70.0,71.0,41,42,58,59,121.0,low
17,2026-06-19T01:41:28Z,KATL,2026-06-19,KXLOWTATL-26JUN19-B68.5,68° to 69°,68.0,69.0,2,10,90,98,4.0,low
18,2026-06-19T01:41:28Z,KATL,2026-06-19,KXLOWTATL-26JUN19-B66.5,66° to 67°,66.0,67.0,2,5,95,98,2.02,low
19,2026-06-19T01:41:28Z,KATL,2026-06-19,KXLOWTATL-26JUN18-T74,75° or above,75.0,999.0,0,1,99,100,1504.29,low
20,2026-06-19T01:41:28Z,KATL,2026-06-19,KXLOWTATL-26JUN18-T67,66° or below,-999.0,66.0,1,6,94,99,168.85,low
21,2026-06-19T01:41:28Z,KATL,2026-06-19,KXLOWTATL-26JUN18-B73.5,73° to 74°,73.0,74.0,0,1,99,100,915.94,low
22,2026-06-19T01:41:28Z,KATL,2026-06-19,KXLOWTATL-26JUN18-B71.5,71° to 72°,71.0,72.0,45,76,24,55,422.01,low
23,2026-06-19T01:41:28Z,KATL,2026-06-19,KXLOWTATL-26JUN18-B69.5,69° to 70°,69.0,70.0,31,43,57,69,362.85,low
24,2026-06-19T01:41:28Z,KATL,2026-06-19,KXLOWTATL-26JUN18-B67.5,67° to 68°,67.0,68.0,1,13,87,99,58.08,low
25,2026-06-19T01:41:28Z,KAUS,2026-06-19,KXHIGHAUS-26JUN19-T99,100° or above,100.0,999.0,0,2,98,100,1377.87,high
26,2026-06-19T01:41:28Z,KAUS,2026-06-19,KXHIGHAUS-26JUN19-T92,91° or below,-999.0,91.0,50,52,48,50,2169.7,high
27,2026-06-19T01:41:28Z,KAUS,2026-06-19,KXHIGHAUS-26JUN19-B98.5,98° to 99°,98.0,99.0,0,3,97,100,1052.59,high
28,2026-06-19T01:41:28Z,KAUS,2026-06-19,KXHIGHAUS-26JUN19-B96.5,96° to 97°,96.0,97.0,3,5,95,97,72.63,high
29,2026-06-19T01:41:28Z,KAUS,2026-06-19,KXHIGHAUS-26JUN19-B94.5,94° to 95°,94.0,95.0,13,16,84,87,829.7,high
30,2026-06-19T01:41:28Z,KAUS,2026-06-19,KXHIGHAUS-26JUN19-B92.5,92° to 93°,92.0,93.0,35,39,61,65,615.44,high
31,2026-06-19T01:41:28Z,KAUS,2026-06-19,KXHIGHAUS-26JUN18-T95,94° or below,-999.0,94.0,0,1,99,100,10032.32,high
32,2026-06-19T01:41:28Z,KAUS,2026-06-19,KXHIGHAUS-26JUN18-T102,103° or above,103.0,999.0,0,1,99,100,985.09,high
33,2026-06-19T01:41:28Z,KAUS,2026-06-19,KXHIGHAUS-26JUN18-B99.5,99° to 100°,99.0,100.0,0,1,99,100,6350.96,high
34,2026-06-19T01:41:28Z,KAUS,2026-06-19,KXHIGHAUS-26JUN18-B97.5,97° to 98°,97.0,98.0,99,100,0,1,8806.51,high
35,2026-06-19T01:41:28Z,KAUS,2026-06-19,KXHIGHAUS-26JUN18-B95.5,95° to 96°,95.0,96.0,0,1,99,100,19877.81,high
36,2026-06-19T01:41:28Z,KAUS,2026-06-19,KXHIGHAUS-26JUN18-B101.5,101° to 102°,101.0,102.0,0,1,99,100,1638.96,high
37,2026-06-19T01:41:28Z,KAUS,2026-06-19,KXLOWTAUS-26JUN19-T81,82° or above,82.0,999.0,5,6,94,95,359.0,low
38,2026-06-19T01:41:28Z,KAUS,2026-06-19,KXLOWTAUS-26JUN19-T74,73° or below,-999.0,73.0,18,22,78,82,616.06,low
39,2026-06-19T01:41:28Z,KAUS,2026-06-19,KXLOWTAUS-26JUN19-B80.5,80° to 81°,80.0,81.0,3,8,92,97,14.0,low
40,2026-06-19T01:41:28Z,KAUS,2026-06-19,KXLOWTAUS-26JUN19-B78.5,78° to 79°,78.0,79.0,11,18,82,89,214.0,low
41,2026-06-19T01:41:28Z,KAUS,2026-06-19,KXLOWTAUS-26JUN19-B76.5,76° to 77°,76.0,77.0,29,31,69,71,188.86,low
42,2026-06-19T01:41:28Z,KAUS,2026-06-19,KXLOWTAUS-26JUN19-B74.5,74° to 75°,74.0,75.0,26,32,68,74,76.0,low
43,2026-06-19T01:41:28Z,KAUS,2026-06-19,KXLOWTAUS-26JUN18-T79,80° or above,80.0,999.0,0,1,99,100,1495.12,low
44,2026-06-19T01:41:28Z,KAUS,2026-06-19,KXLOWTAUS-26JUN18-T72,71° or below,-999.0,71.0,1,5,95,99,398.68,low
45,2026-06-19T01:41:28Z,KAUS,2026-06-19,KXLOWTAUS-26JUN18-B78.5,78° to 79°,78.0,79.0,0,1,99,100,3146.15,low
46,2026-06-19T01:41:28Z,KAUS,2026-06-19,KXLOWTAUS-26JUN18-B76.5,76° to 77°,76.0,77.0,0,1,99,100,3806.6,low
47,2026-06-19T01:41:28Z,KAUS,2026-06-19,KXLOWTAUS-26JUN18-B74.5,74° to 75°,74.0,75.0,97,99,1,3,2935.42,low
48,2026-06-19T01:41:28Z,KAUS,2026-06-19,KXLOWTAUS-26JUN18-B72.5,72° to 73°,72.0,73.0,1,7,93,99,90.23,low
49,2026-06-19T01:41:28Z,KBOS,2026-06-19,KXHIGHTBOS-26JUN19-T88,89° or above,89.0,999.0,0,2,98,100,1070.0,high
50,2026-06-19T01:41:28Z,KBOS,2026-06-19,KXHIGHTBOS-26JUN19-T81,80° or below,-999.0,80.0,18,21,79,82,78.92,high
51,2026-06-19T01:41:28Z,KBOS,2026-06-19,KXHIGHTBOS-26JUN19-B87.5,87° to 88°,87.0,88.0,1,4,96,99,963.6,high
52,2026-06-19T01:41:28Z,KBOS,2026-06-19,KXHIGHTBOS-26JUN19-B85.5,85° to 86°,85.0,86.0,11,15,85,89,181.95,high
53,2026-06-19T01:41:28Z,KBOS,2026-06-19,KXHIGHTBOS-26JUN19-B83.5,83° to 84°,83.0,84.0,31,35,65,69,107.91,high
54,2026-06-19T01:41:28Z,KBOS,2026-06-19,KXHIGHTBOS-26JUN19-B81.5,81° to 82°,81.0,82.0,30,35,65,70,518.31,high
55,2026-06-19T01:41:28Z,KBOS,2026-06-19,KXHIGHTBOS-26JUN18-T80,81° or above,81.0,999.0,99,100,0,1,17459.65,high
56,2026-06-19T01:41:28Z,KBOS,2026-06-19,KXHIGHTBOS-26JUN18-T73,72° or below,-999.0,72.0,0,1,99,100,815.28,high
57,2026-06-19T01:41:28Z,KBOS,2026-06-19,KXHIGHTBOS-26JUN18-B79.5,79° to 80°,79.0,80.0,0,1,99,100,9728.24,high
58,2026-06-19T01:41:28Z,KBOS,2026-06-19,KXHIGHTBOS-26JUN18-B77.5,77° to 78°,77.0,78.0,0,1,99,100,13075.4,high
59,2026-06-19T01:41:28Z,KBOS,2026-06-19,KXHIGHTBOS-26JUN18-B75.5,75° to 76°,75.0,76.0,0,1,99,100,6275.6,high
60,2026-06-19T01:41:28Z,KBOS,2026-06-19,KXHIGHTBOS-26JUN18-B73.5,73° to 74°,73.0,74.0,0,1,99,100,2933.19,high
61,2026-06-19T01:41:28Z,KBOS,2026-06-19,KXLOWTBOS-26JUN19-T65,66° or above,66.0,999.0,49,56,44,51,88.12,low
62,2026-06-19T01:41:28Z,KBOS,2026-06-19,KXLOWTBOS-26JUN19-T58,57° or below,-999.0,57.0,0,5,95,100,214.0,low
63,2026-06-19T01:41:28Z,KBOS,2026-06-19,KXLOWTBOS-26JUN19-B64.5,64° to 65°,64.0,65.0,31,41,59,69,8.0,low
64,2026-06-19T01:41:28Z,KBOS,2026-06-19,KXLOWTBOS-26JUN19-B62.5,62° to 63°,62.0,63.0,7,17,83,93,6.0,low
65,2026-06-19T01:41:28Z,KBOS,2026-06-19,KXLOWTBOS-26JUN19-B60.5,60° to 61°,60.0,61.0,1,6,94,99,7.0,low
66,2026-06-19T01:41:28Z,KBOS,2026-06-19,KXLOWTBOS-26JUN19-B58.5,58° to 59°,58.0,59.0,1,5,95,99,3.0,low
67,2026-06-19T01:41:28Z,KBOS,2026-06-19,KXLOWTBOS-26JUN18-T60,61° or above,61.0,999.0,99,100,0,1,4684.7,low
68,2026-06-19T01:41:28Z,KBOS,2026-06-19,KXLOWTBOS-26JUN18-T53,52° or below,-999.0,52.0,0,1,99,100,510.0,low
69,2026-06-19T01:41:28Z,KBOS,2026-06-19,KXLOWTBOS-26JUN18-B59.5,59° to 60°,59.0,60.0,0,1,99,100,222.0,low
70,2026-06-19T01:41:28Z,KBOS,2026-06-19,KXLOWTBOS-26JUN18-B57.5,57° to 58°,57.0,58.0,0,1,99,100,253.13,low
71,2026-06-19T01:41:28Z,KBOS,2026-06-19,KXLOWTBOS-26JUN18-B55.5,55° to 56°,55.0,56.0,0,1,99,100,214.0,low
72,2026-06-19T01:41:28Z,KBOS,2026-06-19,KXLOWTBOS-26JUN18-B53.5,53° to 54°,53.0,54.0,0,1,99,100,246.27,low
457,2026-06-19T01:41:28Z,KDCA,2026-06-19,KXHIGHTDC-26JUN19-T88,89° or above,89.0,999.0,3,6,94,97,299.0,high
458,2026-06-19T01:41:28Z,KDCA,2026-06-19,KXHIGHTDC-26JUN19-T81,80° or below,-999.0,80.0,1,3,97,99,356.08,high
459,2026-06-19T01:41:28Z,KDCA,2026-06-19,KXHIGHTDC-26JUN19-B87.5,87° to 88°,87.0,88.0,16,24,76,84,115.75,high
460,2026-06-19T01:41:28Z,KDCA,2026-06-19,KXHIGHTDC-26JUN19-B85.5,85° to 86°,85.0,86.0,45,46,54,55,75.79,high
461,2026-06-19T01:41:28Z,KDCA,2026-06-19,KXHIGHTDC-26JUN19-B83.5,83° to 84°,83.0,84.0,25,29,71,75,60.38,high
462,2026-06-19T01:41:28Z,KDCA,2026-06-19,KXHIGHTDC-26JUN19-B81.5,81° to 82°,81.0,82.0,3,6,94,97,476.71,high
463,2026-06-19T01:41:28Z,KDCA,2026-06-19,KXHIGHTDC-26JUN18-T97,98° or above,98.0,999.0,0,1,99,100,2578.44,high
464,2026-06-19T01:41:28Z,KDCA,2026-06-19,KXHIGHTDC-26JUN18-T90,89° or below,-999.0,89.0,0,1,99,100,8052.7,high
465,2026-06-19T01:41:28Z,KDCA,2026-06-19,KXHIGHTDC-26JUN18-B96.5,96° to 97°,96.0,97.0,0,1,99,100,6714.77,high
466,2026-06-19T01:41:28Z,KDCA,2026-06-19,KXHIGHTDC-26JUN18-B94.5,94° to 95°,94.0,95.0,0,1,99,100,15004.12,high
467,2026-06-19T01:41:28Z,KDCA,2026-06-19,KXHIGHTDC-26JUN18-B92.5,92° to 93°,92.0,93.0,0,1,99,100,6424.37,high
468,2026-06-19T01:41:28Z,KDCA,2026-06-19,KXHIGHTDC-26JUN18-B90.5,90° to 91°,90.0,91.0,99,100,0,1,8036.26,high
469,2026-06-19T01:41:28Z,KDCA,2026-06-19,KXLOWTDC-26JUN19-T72,73° or above,73.0,999.0,24,31,69,76,335.42,low
470,2026-06-19T01:41:28Z,KDCA,2026-06-19,KXLOWTDC-26JUN19-T65,64° or below,-999.0,64.0,1,5,95,99,0.0,low
471,2026-06-19T01:41:28Z,KDCA,2026-06-19,KXLOWTDC-26JUN19-B71.5,71° to 72°,71.0,72.0,41,49,51,59,36.23,low
472,2026-06-19T01:41:28Z,KDCA,2026-06-19,KXLOWTDC-26JUN19-B69.5,69° to 70°,69.0,70.0,17,27,73,83,8.0,low
473,2026-06-19T01:41:28Z,KDCA,2026-06-19,KXLOWTDC-26JUN19-B67.5,67° to 68°,67.0,68.0,6,8,92,94,242.0,low
474,2026-06-19T01:41:28Z,KDCA,2026-06-19,KXLOWTDC-26JUN19-B65.5,65° to 66°,65.0,66.0,1,5,95,99,18.0,low
475,2026-06-19T01:41:28Z,KDCA,2026-06-19,KXLOWTDC-26JUN18-T74,75° or above,75.0,999.0,0,1,99,100,1376.86,low
476,2026-06-19T01:41:28Z,KDCA,2026-06-19,KXLOWTDC-26JUN18-T67,66° or below,-999.0,66.0,0,1,99,100,290.1,low
477,2026-06-19T01:41:28Z,KDCA,2026-06-19,KXLOWTDC-26JUN18-B73.5,73° to 74°,73.0,74.0,90,95,5,10,2199.88,low
478,2026-06-19T01:41:28Z,KDCA,2026-06-19,KXLOWTDC-26JUN18-B71.5,71° to 72°,71.0,72.0,4,7,93,96,242.31,low
479,2026-06-19T01:41:28Z,KDCA,2026-06-19,KXLOWTDC-26JUN18-B69.5,69° to 70°,69.0,70.0,1,6,94,99,86.04,low
480,2026-06-19T01:41:28Z,KDCA,2026-06-19,KXLOWTDC-26JUN18-B67.5,67° to 68°,67.0,68.0,0,5,95,100,222.25,low
121,2026-06-19T01:41:28Z,KDEN,2026-06-19,KXHIGHDEN-26JUN19-T92,93° or above,93.0,999.0,0,2,98,100,902.0,high
122,2026-06-19T01:41:28Z,KDEN,2026-06-19,KXHIGHDEN-26JUN19-T85,84° or below,-999.0,84.0,19,21,79,81,1097.64,high
123,2026-06-19T01:41:28Z,KDEN,2026-06-19,KXHIGHDEN-26JUN19-B91.5,91° to 92°,91.0,92.0,3,4,96,97,23.09,high
124,2026-06-19T01:41:28Z,KDEN,2026-06-19,KXHIGHDEN-26JUN19-B89.5,89° to 90°,89.0,90.0,8,12,88,92,79.0,high
125,2026-06-19T01:41:28Z,KDEN,2026-06-19,KXHIGHDEN-26JUN19-B87.5,87° to 88°,87.0,88.0,29,34,66,71,477.49,high
126,2026-06-19T01:41:28Z,KDEN,2026-06-19,KXHIGHDEN-26JUN19-B85.5,85° to 86°,85.0,86.0,37,43,57,63,669.9,high
127,2026-06-19T01:41:28Z,KDEN,2026-06-19,KXHIGHDEN-26JUN18-T88,89° or above,89.0,999.0,0,1,99,100,14282.41,high
128,2026-06-19T01:41:28Z,KDEN,2026-06-19,KXHIGHDEN-26JUN18-T81,80° or below,-999.0,80.0,0,1,99,100,3258.07,high
129,2026-06-19T01:41:28Z,KDEN,2026-06-19,KXHIGHDEN-26JUN18-B87.5,87° to 88°,87.0,88.0,99,100,0,1,8356.1,high
130,2026-06-19T01:41:28Z,KDEN,2026-06-19,KXHIGHDEN-26JUN18-B85.5,85° to 86°,85.0,86.0,0,1,99,100,8882.48,high
131,2026-06-19T01:41:28Z,KDEN,2026-06-19,KXHIGHDEN-26JUN18-B83.5,83° to 84°,83.0,84.0,0,1,99,100,3248.39,high
132,2026-06-19T01:41:28Z,KDEN,2026-06-19,KXHIGHDEN-26JUN18-B81.5,81° to 82°,81.0,82.0,0,1,99,100,1848.22,high
133,2026-06-19T01:41:28Z,KDEN,2026-06-19,KXLOWTDEN-26JUN19-T61,62° or above,62.0,999.0,2,5,95,98,3.0,low
134,2026-06-19T01:41:28Z,KDEN,2026-06-19,KXLOWTDEN-26JUN19-T54,53° or below,-999.0,53.0,28,34,66,72,555.15,low
135,2026-06-19T01:41:28Z,KDEN,2026-06-19,KXLOWTDEN-26JUN19-B60.5,60° to 61°,60.0,61.0,7,10,90,93,230.83,low
136,2026-06-19T01:41:28Z,KDEN,2026-06-19,KXLOWTDEN-26JUN19-B58.5,58° to 59°,58.0,59.0,5,12,88,95,25.42,low
137,2026-06-19T01:41:28Z,KDEN,2026-06-19,KXLOWTDEN-26JUN19-B56.5,56° to 57°,56.0,57.0,17,27,73,83,26.17,low
138,2026-06-19T01:41:28Z,KDEN,2026-06-19,KXLOWTDEN-26JUN19-B54.5,54° to 55°,54.0,55.0,30,38,62,70,36.0,low
139,2026-06-19T01:41:28Z,KDEN,2026-06-19,KXLOWTDEN-26JUN18-T58,59° or above,59.0,999.0,0,1,99,100,7329.52,low
140,2026-06-19T01:41:28Z,KDEN,2026-06-19,KXLOWTDEN-26JUN18-T51,50° or below,-999.0,50.0,99,100,0,1,12904.12,low
141,2026-06-19T01:41:28Z,KDEN,2026-06-19,KXLOWTDEN-26JUN18-B57.5,57° to 58°,57.0,58.0,0,1,99,100,1593.29,low
142,2026-06-19T01:41:28Z,KDEN,2026-06-19,KXLOWTDEN-26JUN18-B55.5,55° to 56°,55.0,56.0,0,1,99,100,941.18,low
143,2026-06-19T01:41:28Z,KDEN,2026-06-19,KXLOWTDEN-26JUN18-B53.5,53° to 54°,53.0,54.0,0,1,99,100,2750.39,low
144,2026-06-19T01:41:28Z,KDEN,2026-06-19,KXLOWTDEN-26JUN18-B51.5,51° to 52°,51.0,52.0,0,1,99,100,689.24,low
97,2026-06-19T01:41:28Z,KDFW,2026-06-19,KXHIGHTDAL-26JUN19-T95,96° or above,96.0,999.0,0,2,98,100,443.0,high
98,2026-06-19T01:41:28Z,KDFW,2026-06-19,KXHIGHTDAL-26JUN19-T88,87° or below,-999.0,87.0,67,73,27,33,1482.8,high
99,2026-06-19T01:41:28Z,KDFW,2026-06-19,KXHIGHTDAL-26JUN19-B94.5,94° to 95°,94.0,95.0,0,3,97,100,450.25,high
100,2026-06-19T01:41:28Z,KDFW,2026-06-19,KXHIGHTDAL-26JUN19-B92.5,92° to 93°,92.0,93.0,1,3,97,99,289.0,high
101,2026-06-19T01:41:28Z,KDFW,2026-06-19,KXHIGHTDAL-26JUN19-B90.5,90° to 91°,90.0,91.0,7,8,92,93,360.7,high
102,2026-06-19T01:41:28Z,KDFW,2026-06-19,KXHIGHTDAL-26JUN19-B88.5,88° to 89°,88.0,89.0,23,27,73,77,144.68,high
103,2026-06-19T01:41:28Z,KDFW,2026-06-19,KXHIGHTDAL-26JUN18-T96,95° or below,-999.0,95.0,0,1,99,100,28678.22,high
104,2026-06-19T01:41:28Z,KDFW,2026-06-19,KXHIGHTDAL-26JUN18-T103,104° or above,104.0,999.0,0,1,99,100,2245.79,high
105,2026-06-19T01:41:28Z,KDFW,2026-06-19,KXHIGHTDAL-26JUN18-B98.5,98° to 99°,98.0,99.0,0,1,99,100,13008.54,high
106,2026-06-19T01:41:28Z,KDFW,2026-06-19,KXHIGHTDAL-26JUN18-B96.5,96° to 97°,96.0,97.0,99,100,0,1,12196.17,high
107,2026-06-19T01:41:28Z,KDFW,2026-06-19,KXHIGHTDAL-26JUN18-B102.5,102° to 103°,102.0,103.0,0,1,99,100,2041.19,high
108,2026-06-19T01:41:28Z,KDFW,2026-06-19,KXHIGHTDAL-26JUN18-B100.5,100° to 101°,100.0,101.0,0,1,99,100,5264.0,high
109,2026-06-19T01:41:28Z,KDFW,2026-06-19,KXLOWTDAL-26JUN19-T80,81° or above,81.0,999.0,0,5,95,100,423.2,low
110,2026-06-19T01:41:28Z,KDFW,2026-06-19,KXLOWTDAL-26JUN19-T73,72° or below,-999.0,72.0,29,35,65,71,453.0,low
111,2026-06-19T01:41:28Z,KDFW,2026-06-19,KXLOWTDAL-26JUN19-B79.5,79° to 80°,79.0,80.0,2,5,95,98,33.0,low
112,2026-06-19T01:41:28Z,KDFW,2026-06-19,KXLOWTDAL-26JUN19-B77.5,77° to 78°,77.0,78.0,8,9,91,92,63.0,low
113,2026-06-19T01:41:28Z,KDFW,2026-06-19,KXLOWTDAL-26JUN19-B75.5,75° to 76°,75.0,76.0,18,25,75,82,68.0,low
114,2026-06-19T01:41:28Z,KDFW,2026-06-19,KXLOWTDAL-26JUN19-B73.5,73° to 74°,73.0,74.0,36,44,56,64,104.01,low
115,2026-06-19T01:41:28Z,KDFW,2026-06-19,KXLOWTDAL-26JUN18-T78,79° or above,79.0,999.0,0,1,99,100,4566.56,low
116,2026-06-19T01:41:28Z,KDFW,2026-06-19,KXLOWTDAL-26JUN18-T71,70° or below,-999.0,70.0,0,5,95,100,2731.06,low
117,2026-06-19T01:41:28Z,KDFW,2026-06-19,KXLOWTDAL-26JUN18-B77.5,77° to 78°,77.0,78.0,0,1,99,100,5179.78,low
118,2026-06-19T01:41:28Z,KDFW,2026-06-19,KXLOWTDAL-26JUN18-B75.5,75° to 76°,75.0,76.0,76,89,11,24,6506.59,low
119,2026-06-19T01:41:28Z,KDFW,2026-06-19,KXLOWTDAL-26JUN18-B73.5,73° to 74°,73.0,74.0,9,29,71,91,1985.4,low
120,2026-06-19T01:41:28Z,KDFW,2026-06-19,KXLOWTDAL-26JUN18-B71.5,71° to 72°,71.0,72.0,0,14,86,100,2472.85,low
145,2026-06-19T01:41:28Z,KIAH,2026-06-19,KXHIGHTHOU-26JUN19-T98,99° or above,99.0,999.0,0,2,98,100,298.0,high
146,2026-06-19T01:41:28Z,KIAH,2026-06-19,KXHIGHTHOU-26JUN19-T91,90° or below,-999.0,90.0,3,10,90,97,611.02,high
147,2026-06-19T01:41:28Z,KIAH,2026-06-19,KXHIGHTHOU-26JUN19-B97.5,97° to 98°,97.0,98.0,0,2,98,100,293.0,high
148,2026-06-19T01:41:28Z,KIAH,2026-06-19,KXHIGHTHOU-26JUN19-B95.5,95° to 96°,95.0,96.0,8,13,87,92,390.95,high
149,2026-06-19T01:41:28Z,KIAH,2026-06-19,KXHIGHTHOU-26JUN19-B93.5,93° to 94°,93.0,94.0,47,53,47,53,479.4,high
150,2026-06-19T01:41:28Z,KIAH,2026-06-19,KXHIGHTHOU-26JUN19-B91.5,91° to 92°,91.0,92.0,36,40,60,64,1129.44,high
151,2026-06-19T01:41:28Z,KIAH,2026-06-19,KXHIGHTHOU-26JUN18-T98,99° or above,99.0,999.0,0,1,99,100,903.68,high
152,2026-06-19T01:41:28Z,KIAH,2026-06-19,KXHIGHTHOU-26JUN18-T91,90° or below,-999.0,90.0,0,1,99,100,1700.56,high
153,2026-06-19T01:41:28Z,KIAH,2026-06-19,KXHIGHTHOU-26JUN18-B97.5,97° to 98°,97.0,98.0,0,1,99,100,2402.68,high
154,2026-06-19T01:41:28Z,KIAH,2026-06-19,KXHIGHTHOU-26JUN18-B95.5,95° to 96°,95.0,96.0,0,1,99,100,5773.36,high
155,2026-06-19T01:41:28Z,KIAH,2026-06-19,KXHIGHTHOU-26JUN18-B93.5,93° to 94°,93.0,94.0,99,100,0,1,7946.43,high
156,2026-06-19T01:41:28Z,KIAH,2026-06-19,KXHIGHTHOU-26JUN18-B91.5,91° to 92°,91.0,92.0,0,1,99,100,2962.22,high
157,2026-06-19T01:41:28Z,KIAH,2026-06-19,KXLOWTHOU-26JUN19-T82,83° or above,83.0,999.0,6,13,87,94,109.0,low
158,2026-06-19T01:41:28Z,KIAH,2026-06-19,KXLOWTHOU-26JUN19-T75,74° or below,-999.0,74.0,0,3,97,100,200.0,low
159,2026-06-19T01:41:28Z,KIAH,2026-06-19,KXLOWTHOU-26JUN19-B81.5,81° to 82°,81.0,82.0,35,44,56,65,174.14,low
160,2026-06-19T01:41:28Z,KIAH,2026-06-19,KXLOWTHOU-26JUN19-B79.5,79° to 80°,79.0,80.0,33,41,59,67,138.28,low
161,2026-06-19T01:41:28Z,KIAH,2026-06-19,KXLOWTHOU-26JUN19-B77.5,77° to 78°,77.0,78.0,6,14,86,94,38.31,low
162,2026-06-19T01:41:28Z,KIAH,2026-06-19,KXLOWTHOU-26JUN19-B75.5,75° to 76°,75.0,76.0,3,6,94,97,1.0,low
163,2026-06-19T01:41:28Z,KIAH,2026-06-19,KXLOWTHOU-26JUN18-T81,82° or above,82.0,999.0,0,1,99,100,1041.14,low
164,2026-06-19T01:41:28Z,KIAH,2026-06-19,KXLOWTHOU-26JUN18-T74,73° or below,-999.0,73.0,0,1,99,100,208.0,low
165,2026-06-19T01:41:28Z,KIAH,2026-06-19,KXLOWTHOU-26JUN18-B80.5,80° to 81°,80.0,81.0,0,1,99,100,2818.33,low
166,2026-06-19T01:41:28Z,KIAH,2026-06-19,KXLOWTHOU-26JUN18-B78.5,78° to 79°,78.0,79.0,97,98,2,3,1555.04,low
167,2026-06-19T01:41:28Z,KIAH,2026-06-19,KXLOWTHOU-26JUN18-B76.5,76° to 77°,76.0,77.0,2,3,97,98,474.3,low
168,2026-06-19T01:41:28Z,KIAH,2026-06-19,KXLOWTHOU-26JUN18-B74.5,74° to 75°,74.0,75.0,0,3,97,100,420.17,low
169,2026-06-19T01:41:28Z,KLAS,2026-06-19,KXHIGHTLV-26JUN19-T108,109° or above,109.0,999.0,0,1,99,100,1020.0,high
170,2026-06-19T01:41:28Z,KLAS,2026-06-19,KXHIGHTLV-26JUN19-T101,100° or below,-999.0,100.0,1,2,98,99,174.0,high
171,2026-06-19T01:41:28Z,KLAS,2026-06-19,KXHIGHTLV-26JUN19-B107.5,107° to 108°,107.0,108.0,1,3,97,99,182.43,high
172,2026-06-19T01:41:28Z,KLAS,2026-06-19,KXHIGHTLV-26JUN19-B105.5,105° to 106°,105.0,106.0,4,8,92,96,145.68,high
173,2026-06-19T01:41:28Z,KLAS,2026-06-19,KXHIGHTLV-26JUN19-B103.5,103° to 104°,103.0,104.0,38,43,57,62,465.93,high
174,2026-06-19T01:41:28Z,KLAS,2026-06-19,KXHIGHTLV-26JUN19-B101.5,101° to 102°,101.0,102.0,50,51,49,50,721.55,high
175,2026-06-19T01:41:28Z,KLAS,2026-06-19,KXHIGHTLV-26JUN18-T111,112° or above,112.0,999.0,0,1,99,100,709.99,high
176,2026-06-19T01:41:28Z,KLAS,2026-06-19,KXHIGHTLV-26JUN18-T104,103° or below,-999.0,103.0,0,1,99,100,718.87,high
177,2026-06-19T01:41:28Z,KLAS,2026-06-19,KXHIGHTLV-26JUN18-B110.5,110° to 111°,110.0,111.0,0,1,99,100,1982.3,high
178,2026-06-19T01:41:28Z,KLAS,2026-06-19,KXHIGHTLV-26JUN18-B108.5,108° to 109°,108.0,109.0,0,1,99,100,4690.47,high
179,2026-06-19T01:41:28Z,KLAS,2026-06-19,KXHIGHTLV-26JUN18-B106.5,106° to 107°,106.0,107.0,99,100,0,1,4780.73,high
180,2026-06-19T01:41:28Z,KLAS,2026-06-19,KXHIGHTLV-26JUN18-B104.5,104° to 105°,104.0,105.0,0,1,99,100,5087.31,high
181,2026-06-19T01:41:28Z,KLAS,2026-06-19,KXLOWTLV-26JUN19-T81,82° or above,82.0,999.0,52,53,47,48,527.87,low
182,2026-06-19T01:41:28Z,KLAS,2026-06-19,KXLOWTLV-26JUN19-T74,73° or below,-999.0,73.0,0,5,95,100,200.0,low
183,2026-06-19T01:41:28Z,KLAS,2026-06-19,KXLOWTLV-26JUN19-B80.5,80° to 81°,80.0,81.0,40,42,58,60,36.1,low
184,2026-06-19T01:41:28Z,KLAS,2026-06-19,KXLOWTLV-26JUN19-B78.5,78° to 79°,78.0,79.0,6,11,89,94,263.0,low
185,2026-06-19T01:41:28Z,KLAS,2026-06-19,KXLOWTLV-26JUN19-B76.5,76° to 77°,76.0,77.0,4,6,94,96,3.0,low
186,2026-06-19T01:41:28Z,KLAS,2026-06-19,KXLOWTLV-26JUN19-B74.5,74° to 75°,74.0,75.0,1,4,96,99,3.0,low
187,2026-06-19T01:41:28Z,KLAS,2026-06-19,KXLOWTLV-26JUN18-T83,84° or above,84.0,999.0,94,95,5,6,5135.49,low
188,2026-06-19T01:41:28Z,KLAS,2026-06-19,KXLOWTLV-26JUN18-T76,75° or below,-999.0,75.0,0,1,99,100,461.51,low
189,2026-06-19T01:41:28Z,KLAS,2026-06-19,KXLOWTLV-26JUN18-B82.5,82° to 83°,82.0,83.0,1,8,92,99,635.72,low
190,2026-06-19T01:41:28Z,KLAS,2026-06-19,KXLOWTLV-26JUN18-B80.5,80° to 81°,80.0,81.0,0,5,95,100,254.54,low
191,2026-06-19T01:41:28Z,KLAS,2026-06-19,KXLOWTLV-26JUN18-B78.5,78° to 79°,78.0,79.0,0,2,98,100,250.0,low
192,2026-06-19T01:41:28Z,KLAS,2026-06-19,KXLOWTLV-26JUN18-B76.5,76° to 77°,76.0,77.0,0,2,98,100,200.0,low
193,2026-06-19T01:41:28Z,KLAX,2026-06-19,KXHIGHLAX-26JUN19-T73,74° or above,74.0,999.0,1,2,98,99,4464.95,high
194,2026-06-19T01:41:28Z,KLAX,2026-06-19,KXHIGHLAX-26JUN19-T66,65° or below,-999.0,65.0,0,1,99,100,1911.53,high
195,2026-06-19T01:41:28Z,KLAX,2026-06-19,KXHIGHLAX-26JUN19-B72.5,72° to 73°,72.0,73.0,6,9,91,94,4877.58,high
196,2026-06-19T01:41:28Z,KLAX,2026-06-19,KXHIGHLAX-26JUN19-B70.5,70° to 71°,70.0,71.0,49,52,48,51,2456.99,high
197,2026-06-19T01:41:28Z,KLAX,2026-06-19,KXHIGHLAX-26JUN19-B68.5,68° to 69°,68.0,69.0,36,40,60,64,4128.62,high
198,2026-06-19T01:41:28Z,KLAX,2026-06-19,KXHIGHLAX-26JUN19-B66.5,66° to 67°,66.0,67.0,3,4,96,97,1997.36,high
199,2026-06-19T01:41:28Z,KLAX,2026-06-19,KXHIGHLAX-26JUN18-T73,74° or above,74.0,999.0,0,1,99,100,130047.52,high
200,2026-06-19T01:41:28Z,KLAX,2026-06-19,KXHIGHLAX-26JUN18-T66,65° or below,-999.0,65.0,0,1,99,100,8103.38,high
201,2026-06-19T01:41:28Z,KLAX,2026-06-19,KXHIGHLAX-26JUN18-B72.5,72° to 73°,72.0,73.0,0,1,99,100,79126.98,high
202,2026-06-19T01:41:28Z,KLAX,2026-06-19,KXHIGHLAX-26JUN18-B70.5,70° to 71°,70.0,71.0,99,100,0,1,75481.04,high
203,2026-06-19T01:41:28Z,KLAX,2026-06-19,KXHIGHLAX-26JUN18-B68.5,68° to 69°,68.0,69.0,0,1,99,100,69596.2,high
204,2026-06-19T01:41:28Z,KLAX,2026-06-19,KXHIGHLAX-26JUN18-B66.5,66° to 67°,66.0,67.0,0,1,99,100,181088.94,high
205,2026-06-19T01:41:28Z,KLAX,2026-06-19,KXLOWTLAX-26JUN19-T62,63° or above,63.0,999.0,7,15,85,93,82.49,low
206,2026-06-19T01:41:28Z,KLAX,2026-06-19,KXLOWTLAX-26JUN19-T55,54° or below,-999.0,54.0,0,3,97,100,220.0,low
207,2026-06-19T01:41:28Z,KLAX,2026-06-19,KXLOWTLAX-26JUN19-B61.5,61° to 62°,61.0,62.0,37,45,55,63,36.6,low
208,2026-06-19T01:41:28Z,KLAX,2026-06-19,KXLOWTLAX-26JUN19-B59.5,59° to 60°,59.0,60.0,33,42,58,67,18.55,low
209,2026-06-19T01:41:28Z,KLAX,2026-06-19,KXLOWTLAX-26JUN19-B57.5,57° to 58°,57.0,58.0,3,13,87,97,6.0,low
210,2026-06-19T01:41:28Z,KLAX,2026-06-19,KXLOWTLAX-26JUN19-B55.5,55° to 56°,55.0,56.0,2,3,97,98,294.0,low
211,2026-06-19T01:41:28Z,KLAX,2026-06-19,KXLOWTLAX-26JUN18-T63,64° or above,64.0,999.0,0,1,99,100,1938.27,low
212,2026-06-19T01:41:28Z,KLAX,2026-06-19,KXLOWTLAX-26JUN18-T56,55° or below,-999.0,55.0,0,1,99,100,455.0,low
213,2026-06-19T01:41:28Z,KLAX,2026-06-19,KXLOWTLAX-26JUN18-B62.5,62° to 63°,62.0,63.0,55,68,32,45,1257.05,low
214,2026-06-19T01:41:28Z,KLAX,2026-06-19,KXLOWTLAX-26JUN18-B60.5,60° to 61°,60.0,61.0,35,44,56,65,674.39,low
215,2026-06-19T01:41:28Z,KLAX,2026-06-19,KXLOWTLAX-26JUN18-B58.5,58° to 59°,58.0,59.0,0,8,92,100,1083.01,low
216,2026-06-19T01:41:28Z,KLAX,2026-06-19,KXLOWTLAX-26JUN18-B56.5,56° to 57°,56.0,57.0,0,1,99,100,290.0,low
73,2026-06-19T01:41:28Z,KMDW,2026-06-19,KXHIGHCHI-26JUN19-T81,82° or above,82.0,999.0,0,2,98,100,2162.76,high
74,2026-06-19T01:41:28Z,KMDW,2026-06-19,KXHIGHCHI-26JUN19-T74,73° or below,-999.0,73.0,2,4,96,98,891.42,high
75,2026-06-19T01:41:28Z,KMDW,2026-06-19,KXHIGHCHI-26JUN19-B80.5,80° to 81°,80.0,81.0,3,7,93,97,1054.16,high
76,2026-06-19T01:41:28Z,KMDW,2026-06-19,KXHIGHCHI-26JUN19-B78.5,78° to 79°,78.0,79.0,25,26,74,75,1480.49,high
77,2026-06-19T01:41:28Z,KMDW,2026-06-19,KXHIGHCHI-26JUN19-B76.5,76° to 77°,76.0,77.0,46,47,53,54,1515.81,high
78,2026-06-19T01:41:28Z,KMDW,2026-06-19,KXHIGHCHI-26JUN19-B74.5,74° to 75°,74.0,75.0,14,15,85,86,1957.58,high
79,2026-06-19T01:41:28Z,KMDW,2026-06-19,KXHIGHCHI-26JUN18-T78,79° or above,79.0,999.0,0,1,99,100,3349.46,high
80,2026-06-19T01:41:28Z,KMDW,2026-06-19,KXHIGHCHI-26JUN18-T71,70° or below,-999.0,70.0,0,1,99,100,25638.34,high
81,2026-06-19T01:41:28Z,KMDW,2026-06-19,KXHIGHCHI-26JUN18-B77.5,77° to 78°,77.0,78.0,0,1,99,100,5307.26,high
82,2026-06-19T01:41:28Z,KMDW,2026-06-19,KXHIGHCHI-26JUN18-B75.5,75° to 76°,75.0,76.0,0,1,99,100,18057.62,high
83,2026-06-19T01:41:28Z,KMDW,2026-06-19,KXHIGHCHI-26JUN18-B73.5,73° to 74°,73.0,74.0,99,100,0,1,24442.9,high
84,2026-06-19T01:41:28Z,KMDW,2026-06-19,KXHIGHCHI-26JUN18-B71.5,71° to 72°,71.0,72.0,0,1,99,100,28327.93,high
85,2026-06-19T01:41:28Z,KMDW,2026-06-19,KXLOWTCHI-26JUN19-T60,61° or above,61.0,999.0,18,26,74,82,696.29,low
86,2026-06-19T01:41:28Z,KMDW,2026-06-19,KXLOWTCHI-26JUN19-T53,52° or below,-999.0,52.0,0,1,99,100,502.51,low
87,2026-06-19T01:41:28Z,KMDW,2026-06-19,KXLOWTCHI-26JUN19-B59.5,59° to 60°,59.0,60.0,39,49,51,61,15.63,low
88,2026-06-19T01:41:28Z,KMDW,2026-06-19,KXLOWTCHI-26JUN19-B57.5,57° to 58°,57.0,58.0,26,29,71,74,85.76,low
89,2026-06-19T01:41:28Z,KMDW,2026-06-19,KXLOWTCHI-26JUN19-B55.5,55° to 56°,55.0,56.0,4,8,92,96,219.42,low
90,2026-06-19T01:41:28Z,KMDW,2026-06-19,KXLOWTCHI-26JUN19-B53.5,53° to 54°,53.0,54.0,0,1,99,100,671.51,low
91,2026-06-19T01:41:28Z,KMDW,2026-06-19,KXLOWTCHI-26JUN18-T61,62° or above,62.0,999.0,76,94,6,24,4001.54,low
92,2026-06-19T01:41:28Z,KMDW,2026-06-19,KXLOWTCHI-26JUN18-T54,53° or below,-999.0,53.0,0,1,99,100,640.72,low
93,2026-06-19T01:41:28Z,KMDW,2026-06-19,KXLOWTCHI-26JUN18-B60.5,60° to 61°,60.0,61.0,4,27,73,96,1585.9,low
94,2026-06-19T01:41:28Z,KMDW,2026-06-19,KXLOWTCHI-26JUN18-B58.5,58° to 59°,58.0,59.0,0,7,93,100,1481.8,low
95,2026-06-19T01:41:28Z,KMDW,2026-06-19,KXLOWTCHI-26JUN18-B56.5,56° to 57°,56.0,57.0,0,1,99,100,540.13,low
96,2026-06-19T01:41:28Z,KMDW,2026-06-19,KXLOWTCHI-26JUN18-B54.5,54° to 55°,54.0,55.0,0,2,98,100,877.13,low
217,2026-06-19T01:41:28Z,KMIA,2026-06-19,KXHIGHMIA-26JUN19-T96,97° or above,97.0,999.0,0,1,99,100,2719.05,high
218,2026-06-19T01:41:28Z,KMIA,2026-06-19,KXHIGHMIA-26JUN19-T89,88° or below,-999.0,88.0,0,1,99,100,1053.26,high
219,2026-06-19T01:41:28Z,KMIA,2026-06-19,KXHIGHMIA-26JUN19-B95.5,95° to 96°,95.0,96.0,12,16,84,88,702.21,high
220,2026-06-19T01:41:28Z,KMIA,2026-06-19,KXHIGHMIA-26JUN19-B93.5,93° to 94°,93.0,94.0,61,62,38,39,1979.87,high
221,2026-06-19T01:41:28Z,KMIA,2026-06-19,KXHIGHMIA-26JUN19-B91.5,91° to 92°,91.0,92.0,19,21,79,81,1296.75,high
222,2026-06-19T01:41:28Z,KMIA,2026-06-19,KXHIGHMIA-26JUN19-B89.5,89° to 90°,89.0,90.0,1,3,97,99,569.36,high
223,2026-06-19T01:41:28Z,KMIA,2026-06-19,KXHIGHMIA-26JUN18-T96,97° or above,97.0,999.0,0,1,99,100,10816.18,high
224,2026-06-19T01:41:28Z,KMIA,2026-06-19,KXHIGHMIA-26JUN18-T89,88° or below,-999.0,88.0,0,1,99,100,4828.17,high
225,2026-06-19T01:41:28Z,KMIA,2026-06-19,KXHIGHMIA-26JUN18-B95.5,95° to 96°,95.0,96.0,0,1,99,100,20927.6,high
226,2026-06-19T01:41:28Z,KMIA,2026-06-19,KXHIGHMIA-26JUN18-B93.5,93° to 94°,93.0,94.0,99,100,0,1,30790.21,high
227,2026-06-19T01:41:28Z,KMIA,2026-06-19,KXHIGHMIA-26JUN18-B91.5,91° to 92°,91.0,92.0,0,1,99,100,54080.06,high
228,2026-06-19T01:41:28Z,KMIA,2026-06-19,KXHIGHMIA-26JUN18-B89.5,89° to 90°,89.0,90.0,0,1,99,100,26972.13,high
229,2026-06-19T01:41:28Z,KMIA,2026-06-19,KXLOWTMIA-26JUN19-T82,83° or above,83.0,999.0,11,12,88,89,204.19,low
230,2026-06-19T01:41:28Z,KMIA,2026-06-19,KXLOWTMIA-26JUN19-T75,74° or below,-999.0,74.0,0,3,97,100,329.5,low
231,2026-06-19T01:41:28Z,KMIA,2026-06-19,KXLOWTMIA-26JUN19-B81.5,81° to 82°,81.0,82.0,42,44,56,58,1779.22,low
232,2026-06-19T01:41:28Z,KMIA,2026-06-19,KXLOWTMIA-26JUN19-B79.5,79° to 80°,79.0,80.0,25,26,74,75,253.9,low
233,2026-06-19T01:41:28Z,KMIA,2026-06-19,KXLOWTMIA-26JUN19-B77.5,77° to 78°,77.0,78.0,12,19,81,88,7.0,low
234,2026-06-19T01:41:28Z,KMIA,2026-06-19,KXLOWTMIA-26JUN19-B75.5,75° to 76°,75.0,76.0,9,10,90,91,19.0,low
235,2026-06-19T01:41:28Z,KMIA,2026-06-19,KXLOWTMIA-26JUN18-T82,83° or above,83.0,999.0,0,1,99,100,2599.97,low
236,2026-06-19T01:41:28Z,KMIA,2026-06-19,KXLOWTMIA-26JUN18-T75,74° or below,-999.0,74.0,0,1,99,100,1197.67,low
237,2026-06-19T01:41:28Z,KMIA,2026-06-19,KXLOWTMIA-26JUN18-B81.5,81° to 82°,81.0,82.0,54,94,6,46,3322.96,low
238,2026-06-19T01:41:28Z,KMIA,2026-06-19,KXLOWTMIA-26JUN18-B79.5,79° to 80°,79.0,80.0,1,12,88,99,1836.51,low
239,2026-06-19T01:41:28Z,KMIA,2026-06-19,KXLOWTMIA-26JUN18-B77.5,77° to 78°,77.0,78.0,0,1,99,100,270.0,low
240,2026-06-19T01:41:28Z,KMIA,2026-06-19,KXLOWTMIA-26JUN18-B75.5,75° to 76°,75.0,76.0,0,1,99,100,418.59,low
241,2026-06-19T01:41:28Z,KMSP,2026-06-19,KXHIGHTMIN-26JUN19-T78,79° or above,79.0,999.0,3,7,93,97,36.0,high
242,2026-06-19T01:41:28Z,KMSP,2026-06-19,KXHIGHTMIN-26JUN19-T71,70° or below,-999.0,70.0,2,5,95,98,874.45,high
243,2026-06-19T01:41:28Z,KMSP,2026-06-19,KXHIGHTMIN-26JUN19-B77.5,77° to 78°,77.0,78.0,15,17,83,85,281.0,high
244,2026-06-19T01:41:28Z,KMSP,2026-06-19,KXHIGHTMIN-26JUN19-B75.5,75° to 76°,75.0,76.0,33,36,64,67,203.28,high
245,2026-06-19T01:41:28Z,KMSP,2026-06-19,KXHIGHTMIN-26JUN19-B73.5,73° to 74°,73.0,74.0,33,34,66,67,332.0,high
246,2026-06-19T01:41:28Z,KMSP,2026-06-19,KXHIGHTMIN-26JUN19-B71.5,71° to 72°,71.0,72.0,12,19,81,88,140.42,high
247,2026-06-19T01:41:28Z,KMSP,2026-06-19,KXHIGHTMIN-26JUN18-T76,77° or above,77.0,999.0,0,1,99,100,1871.84,high
248,2026-06-19T01:41:28Z,KMSP,2026-06-19,KXHIGHTMIN-26JUN18-T69,68° or below,-999.0,68.0,0,1,99,100,1006.66,high
249,2026-06-19T01:41:28Z,KMSP,2026-06-19,KXHIGHTMIN-26JUN18-B75.5,75° to 76°,75.0,76.0,0,1,99,100,5808.64,high
250,2026-06-19T01:41:28Z,KMSP,2026-06-19,KXHIGHTMIN-26JUN18-B73.5,73° to 74°,73.0,74.0,99,100,0,1,6332.81,high
251,2026-06-19T01:41:28Z,KMSP,2026-06-19,KXHIGHTMIN-26JUN18-B71.5,71° to 72°,71.0,72.0,0,1,99,100,11766.18,high
252,2026-06-19T01:41:28Z,KMSP,2026-06-19,KXHIGHTMIN-26JUN18-B69.5,69° to 70°,69.0,70.0,0,1,99,100,1399.98,high
253,2026-06-19T01:41:28Z,KMSP,2026-06-19,KXLOWTMIN-26JUN19-T52,53° or above,53.0,999.0,65,66,34,35,815.87,low
254,2026-06-19T01:41:28Z,KMSP,2026-06-19,KXLOWTMIN-26JUN19-T45,44° or below,-999.0,44.0,0,3,97,100,357.87,low
255,2026-06-19T01:41:28Z,KMSP,2026-06-19,KXLOWTMIN-26JUN19-B51.5,51° to 52°,51.0,52.0,24,30,70,76,58.4,low
256,2026-06-19T01:41:28Z,KMSP,2026-06-19,KXLOWTMIN-26JUN19-B49.5,49° to 50°,49.0,50.0,4,14,86,96,9.0,low
257,2026-06-19T01:41:28Z,KMSP,2026-06-19,KXLOWTMIN-26JUN19-B47.5,47° to 48°,47.0,48.0,1,5,95,99,3.0,low
258,2026-06-19T01:41:28Z,KMSP,2026-06-19,KXLOWTMIN-26JUN19-B45.5,45° to 46°,45.0,46.0,0,5,95,100,269.0,low
259,2026-06-19T01:41:28Z,KMSP,2026-06-19,KXLOWTMIN-26JUN18-T55,56° or above,56.0,999.0,79,95,5,21,1620.08,low
260,2026-06-19T01:41:28Z,KMSP,2026-06-19,KXLOWTMIN-26JUN18-T48,47° or below,-999.0,47.0,0,1,99,100,217.0,low
261,2026-06-19T01:41:28Z,KMSP,2026-06-19,KXLOWTMIN-26JUN18-B54.5,54° to 55°,54.0,55.0,4,33,67,96,444.41,low
262,2026-06-19T01:41:28Z,KMSP,2026-06-19,KXLOWTMIN-26JUN18-B52.5,52° to 53°,52.0,53.0,1,9,91,99,92.53,low
263,2026-06-19T01:41:28Z,KMSP,2026-06-19,KXLOWTMIN-26JUN18-B50.5,50° to 51°,50.0,51.0,1,2,98,99,207.56,low
264,2026-06-19T01:41:28Z,KMSP,2026-06-19,KXLOWTMIN-26JUN18-B48.5,48° to 49°,48.0,49.0,0,1,99,100,271.0,low
265,2026-06-19T01:41:28Z,KMSY,2026-06-19,KXHIGHTNOLA-26JUN19-T97,98° or above,98.0,999.0,0,2,98,100,177.0,high
266,2026-06-19T01:41:28Z,KMSY,2026-06-19,KXHIGHTNOLA-26JUN19-T90,89° or below,-999.0,89.0,6,9,91,94,1.0,high
267,2026-06-19T01:41:28Z,KMSY,2026-06-19,KXHIGHTNOLA-26JUN19-B96.5,96° to 97°,96.0,97.0,3,7,93,97,3.0,high
268,2026-06-19T01:41:28Z,KMSY,2026-06-19,KXHIGHTNOLA-26JUN19-B94.5,94° to 95°,94.0,95.0,25,26,74,75,62.23,high
269,2026-06-19T01:41:28Z,KMSY,2026-06-19,KXHIGHTNOLA-26JUN19-B92.5,92° to 93°,92.0,93.0,44,45,55,56,25.0,high
270,2026-06-19T01:41:28Z,KMSY,2026-06-19,KXHIGHTNOLA-26JUN19-B90.5,90° to 91°,90.0,91.0,20,27,73,80,158.31,high
271,2026-06-19T01:41:28Z,KMSY,2026-06-19,KXHIGHTNOLA-26JUN18-T94,95° or above,95.0,999.0,0,1,99,100,1161.38,high
272,2026-06-19T01:41:28Z,KMSY,2026-06-19,KXHIGHTNOLA-26JUN18-T87,86° or below,-999.0,86.0,0,1,99,100,8370.48,high
273,2026-06-19T01:41:28Z,KMSY,2026-06-19,KXHIGHTNOLA-26JUN18-B93.5,93° to 94°,93.0,94.0,0,1,99,100,2258.63,high
274,2026-06-19T01:41:28Z,KMSY,2026-06-19,KXHIGHTNOLA-26JUN18-B91.5,91° to 92°,91.0,92.0,0,1,99,100,6318.12,high
275,2026-06-19T01:41:28Z,KMSY,2026-06-19,KXHIGHTNOLA-26JUN18-B89.5,89° to 90°,89.0,90.0,99,100,0,1,8444.34,high
276,2026-06-19T01:41:28Z,KMSY,2026-06-19,KXHIGHTNOLA-26JUN18-B87.5,87° to 88°,87.0,88.0,0,1,99,100,4993.94,high
277,2026-06-19T01:41:28Z,KMSY,2026-06-19,KXLOWTNOLA-26JUN19-T82,83° or above,83.0,999.0,1,7,93,99,0.0,low
278,2026-06-19T01:41:28Z,KMSY,2026-06-19,KXLOWTNOLA-26JUN19-T75,74° or below,-999.0,74.0,1,8,92,99,39.0,low
279,2026-06-19T01:41:28Z,KMSY,2026-06-19,KXLOWTNOLA-26JUN19-B81.5,81° to 82°,81.0,82.0,11,19,81,89,165.0,low
280,2026-06-19T01:41:28Z,KMSY,2026-06-19,KXLOWTNOLA-26JUN19-B79.5,79° to 80°,79.0,80.0,26,28,72,74,0.0,low
281,2026-06-19T01:41:28Z,KMSY,2026-06-19,KXLOWTNOLA-26JUN19-B77.5,77° to 78°,77.0,78.0,36,39,61,64,129.65,low
282,2026-06-19T01:41:28Z,KMSY,2026-06-19,KXLOWTNOLA-26JUN19-B75.5,75° to 76°,75.0,76.0,10,18,82,90,100.0,low
283,2026-06-19T01:41:28Z,KMSY,2026-06-19,KXLOWTNOLA-26JUN18-T80,81° or above,81.0,999.0,0,1,99,100,849.34,low
284,2026-06-19T01:41:28Z,KMSY,2026-06-19,KXLOWTNOLA-26JUN18-T73,72° or below,-999.0,72.0,99,100,0,1,3842.31,low
285,2026-06-19T01:41:28Z,KMSY,2026-06-19,KXLOWTNOLA-26JUN18-B79.5,79° to 80°,79.0,80.0,0,1,99,100,9897.28,low
286,2026-06-19T01:41:28Z,KMSY,2026-06-19,KXLOWTNOLA-26JUN18-B77.5,77° to 78°,77.0,78.0,0,1,99,100,652.85,low
287,2026-06-19T01:41:28Z,KMSY,2026-06-19,KXLOWTNOLA-26JUN18-B75.5,75° to 76°,75.0,76.0,0,1,99,100,13175.22,low
288,2026-06-19T01:41:28Z,KMSY,2026-06-19,KXLOWTNOLA-26JUN18-B73.5,73° to 74°,73.0,74.0,0,1,99,100,3218.0,low
289,2026-06-19T01:41:28Z,KNYC,2026-06-19,KXHIGHNY-26JUN19-T88,89° or above,89.0,999.0,0,1,99,100,2691.3,high
290,2026-06-19T01:41:28Z,KNYC,2026-06-19,KXHIGHNY-26JUN19-T81,80° or below,-999.0,80.0,36,37,63,64,2563.68,high
291,2026-06-19T01:41:28Z,KNYC,2026-06-19,KXHIGHNY-26JUN19-B87.5,87° to 88°,87.0,88.0,1,2,98,99,862.25,high
292,2026-06-19T01:41:28Z,KNYC,2026-06-19,KXHIGHNY-26JUN19-B85.5,85° to 86°,85.0,86.0,4,5,95,96,2120.89,high
293,2026-06-19T01:41:28Z,KNYC,2026-06-19,KXHIGHNY-26JUN19-B83.5,83° to 84°,83.0,84.0,20,22,78,80,2339.22,high
294,2026-06-19T01:41:28Z,KNYC,2026-06-19,KXHIGHNY-26JUN19-B81.5,81° to 82°,81.0,82.0,36,40,60,64,2349.51,high
295,2026-06-19T01:41:28Z,KNYC,2026-06-19,KXHIGHNY-26JUN18-T90,91° or above,91.0,999.0,0,1,99,100,30650.74,high
296,2026-06-19T01:41:28Z,KNYC,2026-06-19,KXHIGHNY-26JUN18-T83,82° or below,-999.0,82.0,0,1,99,100,53356.97,high
297,2026-06-19T01:41:28Z,KNYC,2026-06-19,KXHIGHNY-26JUN18-B89.5,89° to 90°,89.0,90.0,0,1,99,100,56129.57,high
298,2026-06-19T01:41:28Z,KNYC,2026-06-19,KXHIGHNY-26JUN18-B87.5,87° to 88°,87.0,88.0,0,1,99,100,77370.62,high
299,2026-06-19T01:41:28Z,KNYC,2026-06-19,KXHIGHNY-26JUN18-B85.5,85° to 86°,85.0,86.0,99,100,0,1,62477.79,high
300,2026-06-19T01:41:28Z,KNYC,2026-06-19,KXHIGHNY-26JUN18-B83.5,83° to 84°,83.0,84.0,0,1,99,100,35293.27,high
301,2026-06-19T01:41:28Z,KNYC,2026-06-19,KXLOWTNYC-26JUN19-T72,73° or above,73.0,999.0,1,2,98,99,475.0,low
302,2026-06-19T01:41:28Z,KNYC,2026-06-19,KXLOWTNYC-26JUN19-T65,64° or below,-999.0,64.0,0,1,99,100,869.51,low
303,2026-06-19T01:41:28Z,KNYC,2026-06-19,KXLOWTNYC-26JUN19-B71.5,71° to 72°,71.0,72.0,5,7,93,95,15.0,low
304,2026-06-19T01:41:28Z,KNYC,2026-06-19,KXLOWTNYC-26JUN19-B69.5,69° to 70°,69.0,70.0,26,30,70,74,338.53,low
305,2026-06-19T01:41:28Z,KNYC,2026-06-19,KXLOWTNYC-26JUN19-B67.5,67° to 68°,67.0,68.0,41,44,56,59,230.08,low
306,2026-06-19T01:41:28Z,KNYC,2026-06-19,KXLOWTNYC-26JUN19-B65.5,65° to 66°,65.0,66.0,17,25,75,83,505.15,low
307,2026-06-19T01:41:28Z,KNYC,2026-06-19,KXLOWTNYC-26JUN18-T68,69° or above,69.0,999.0,0,1,99,100,5534.7,low
308,2026-06-19T01:41:28Z,KNYC,2026-06-19,KXLOWTNYC-26JUN18-T61,60° or below,-999.0,60.0,0,1,99,100,922.02,low
309,2026-06-19T01:41:28Z,KNYC,2026-06-19,KXLOWTNYC-26JUN18-B67.5,67° to 68°,67.0,68.0,99,100,0,1,7508.35,low
310,2026-06-19T01:41:28Z,KNYC,2026-06-19,KXLOWTNYC-26JUN18-B65.5,65° to 66°,65.0,66.0,0,1,99,100,2323.36,low
311,2026-06-19T01:41:28Z,KNYC,2026-06-19,KXLOWTNYC-26JUN18-B63.5,63° to 64°,63.0,64.0,0,1,99,100,1399.61,low
312,2026-06-19T01:41:28Z,KNYC,2026-06-19,KXLOWTNYC-26JUN18-B61.5,61° to 62°,61.0,62.0,0,1,99,100,1630.56,low
313,2026-06-19T01:41:28Z,KOKC,2026-06-19,KXHIGHTOKC-26JUN19-T90,91° or above,91.0,999.0,0,2,98,100,429.28,high
314,2026-06-19T01:41:28Z,KOKC,2026-06-19,KXHIGHTOKC-26JUN19-T83,82° or below,-999.0,82.0,14,24,76,86,865.06,high
315,2026-06-19T01:41:28Z,KOKC,2026-06-19,KXHIGHTOKC-26JUN19-B89.5,89° to 90°,89.0,90.0,2,9,91,98,32.0,high
316,2026-06-19T01:41:28Z,KOKC,2026-06-19,KXHIGHTOKC-26JUN19-B87.5,87° to 88°,87.0,88.0,13,17,83,87,473.51,high
317,2026-06-19T01:41:28Z,KOKC,2026-06-19,KXHIGHTOKC-26JUN19-B85.5,85° to 86°,85.0,86.0,26,30,70,74,271.48,high
318,2026-06-19T01:41:28Z,KOKC,2026-06-19,KXHIGHTOKC-26JUN19-B83.5,83° to 84°,83.0,84.0,31,35,65,69,669.23,high
319,2026-06-19T01:41:28Z,KOKC,2026-06-19,KXHIGHTOKC-26JUN18-T89,90° or above,90.0,999.0,0,1,99,100,10143.07,high
320,2026-06-19T01:41:28Z,KOKC,2026-06-19,KXHIGHTOKC-26JUN18-T82,81° or below,-999.0,81.0,0,1,99,100,18855.26,high
321,2026-06-19T01:41:28Z,KOKC,2026-06-19,KXHIGHTOKC-26JUN18-B88.5,88° to 89°,88.0,89.0,0,1,99,100,4064.24,high
322,2026-06-19T01:41:28Z,KOKC,2026-06-19,KXHIGHTOKC-26JUN18-B86.5,86° to 87°,86.0,87.0,0,1,99,100,3840.1,high
323,2026-06-19T01:41:28Z,KOKC,2026-06-19,KXHIGHTOKC-26JUN18-B84.5,84° to 85°,84.0,85.0,0,1,99,100,10584.27,high
324,2026-06-19T01:41:28Z,KOKC,2026-06-19,KXHIGHTOKC-26JUN18-B82.5,82° to 83°,82.0,83.0,99,100,0,1,16283.95,high
325,2026-06-19T01:41:28Z,KOKC,2026-06-19,KXLOWTOKC-26JUN19-T68,69° or above,69.0,999.0,1,6,94,99,3.0,low
326,2026-06-19T01:41:28Z,KOKC,2026-06-19,KXLOWTOKC-26JUN19-T61,60° or below,-999.0,60.0,1,6,94,99,0.0,low
327,2026-06-19T01:41:28Z,KOKC,2026-06-19,KXLOWTOKC-26JUN19-B67.5,67° to 68°,67.0,68.0,11,19,81,89,10.0,low
328,2026-06-19T01:41:28Z,KOKC,2026-06-19,KXLOWTOKC-26JUN19-B65.5,65° to 66°,65.0,66.0,34,42,58,66,1.0,low
329,2026-06-19T01:41:28Z,KOKC,2026-06-19,KXLOWTOKC-26JUN19-B63.5,63° to 64°,63.0,64.0,29,37,63,71,108.41,low
330,2026-06-19T01:41:28Z,KOKC,2026-06-19,KXLOWTOKC-26JUN19-B61.5,61° to 62°,61.0,62.0,5,15,85,95,3.0,low
331,2026-06-19T01:41:28Z,KOKC,2026-06-19,KXLOWTOKC-26JUN18-T73,74° or above,74.0,999.0,0,1,99,100,1525.33,low
332,2026-06-19T01:41:28Z,KOKC,2026-06-19,KXLOWTOKC-26JUN18-T66,65° or below,-999.0,65.0,10,24,76,90,2809.2,low
333,2026-06-19T01:41:28Z,KOKC,2026-06-19,KXLOWTOKC-26JUN18-B72.5,72° to 73°,72.0,73.0,0,1,99,100,3035.71,low
334,2026-06-19T01:41:28Z,KOKC,2026-06-19,KXLOWTOKC-26JUN18-B70.5,70° to 71°,70.0,71.0,6,7,93,94,3401.22,low
335,2026-06-19T01:41:28Z,KOKC,2026-06-19,KXLOWTOKC-26JUN18-B68.5,68° to 69°,68.0,69.0,33,57,43,67,984.42,low
336,2026-06-19T01:41:28Z,KOKC,2026-06-19,KXLOWTOKC-26JUN18-B66.5,66° to 67°,66.0,67.0,21,55,45,79,1979.46,low
337,2026-06-19T01:41:28Z,KPHL,2026-06-19,KXHIGHPHIL-26JUN19-T85,86° or above,86.0,999.0,20,25,75,80,793.93,high
338,2026-06-19T01:41:28Z,KPHL,2026-06-19,KXHIGHPHIL-26JUN19-T78,77° or below,-999.0,77.0,1,2,98,99,240.8,high
339,2026-06-19T01:41:28Z,KPHL,2026-06-19,KXHIGHPHIL-26JUN19-B84.5,84° to 85°,84.0,85.0,45,49,51,55,498.79,high
340,2026-06-19T01:41:28Z,KPHL,2026-06-19,KXHIGHPHIL-26JUN19-B82.5,82° to 83°,82.0,83.0,30,31,69,70,581.42,high
341,2026-06-19T01:41:28Z,KPHL,2026-06-19,KXHIGHPHIL-26JUN19-B80.5,80° to 81°,80.0,81.0,4,7,93,96,119.8,high
342,2026-06-19T01:41:28Z,KPHL,2026-06-19,KXHIGHPHIL-26JUN19-B78.5,78° to 79°,78.0,79.0,1,5,95,99,107.8,high
343,2026-06-19T01:41:28Z,KPHL,2026-06-19,KXHIGHPHIL-26JUN18-T95,96° or above,96.0,999.0,0,1,99,100,6990.81,high
344,2026-06-19T01:41:28Z,KPHL,2026-06-19,KXHIGHPHIL-26JUN18-T88,87° or below,-999.0,87.0,0,1,99,100,4491.2,high
345,2026-06-19T01:41:28Z,KPHL,2026-06-19,KXHIGHPHIL-26JUN18-B94.5,94° to 95°,94.0,95.0,0,1,99,100,6231.97,high
346,2026-06-19T01:41:28Z,KPHL,2026-06-19,KXHIGHPHIL-26JUN18-B92.5,92° to 93°,92.0,93.0,99,100,0,1,10423.56,high
347,2026-06-19T01:41:28Z,KPHL,2026-06-19,KXHIGHPHIL-26JUN18-B90.5,90° to 91°,90.0,91.0,0,1,99,100,10203.0,high
348,2026-06-19T01:41:28Z,KPHL,2026-06-19,KXHIGHPHIL-26JUN18-B88.5,88° to 89°,88.0,89.0,0,1,99,100,4503.2,high
349,2026-06-19T01:41:28Z,KPHL,2026-06-19,KXLOWTPHIL-26JUN19-T72,73° or above,73.0,999.0,17,25,75,83,314.36,low
350,2026-06-19T01:41:28Z,KPHL,2026-06-19,KXLOWTPHIL-26JUN19-T65,64° or below,-999.0,64.0,0,1,99,100,314.0,low
351,2026-06-19T01:41:28Z,KPHL,2026-06-19,KXLOWTPHIL-26JUN19-B71.5,71° to 72°,71.0,72.0,41,49,51,59,133.17,low
352,2026-06-19T01:41:28Z,KPHL,2026-06-19,KXLOWTPHIL-26JUN19-B69.5,69° to 70°,69.0,70.0,23,29,71,77,139.0,low
353,2026-06-19T01:41:28Z,KPHL,2026-06-19,KXLOWTPHIL-26JUN19-B67.5,67° to 68°,67.0,68.0,5,9,91,95,5.0,low
354,2026-06-19T01:41:28Z,KPHL,2026-06-19,KXLOWTPHIL-26JUN19-B65.5,65° to 66°,65.0,66.0,0,1,99,100,335.7,low
355,2026-06-19T01:41:28Z,KPHL,2026-06-19,KXLOWTPHIL-26JUN18-T70,71° or above,71.0,999.0,99,100,0,1,4854.47,low
356,2026-06-19T01:41:28Z,KPHL,2026-06-19,KXLOWTPHIL-26JUN18-T63,62° or below,-999.0,62.0,0,1,99,100,669.08,low
357,2026-06-19T01:41:28Z,KPHL,2026-06-19,KXLOWTPHIL-26JUN18-B69.5,69° to 70°,69.0,70.0,0,1,99,100,942.47,low
358,2026-06-19T01:41:28Z,KPHL,2026-06-19,KXLOWTPHIL-26JUN18-B67.5,67° to 68°,67.0,68.0,0,1,99,100,368.0,low
359,2026-06-19T01:41:28Z,KPHL,2026-06-19,KXLOWTPHIL-26JUN18-B65.5,65° to 66°,65.0,66.0,0,1,99,100,570.51,low
360,2026-06-19T01:41:28Z,KPHL,2026-06-19,KXLOWTPHIL-26JUN18-B63.5,63° to 64°,63.0,64.0,0,1,99,100,1033.1,low
361,2026-06-19T01:41:28Z,KPHX,2026-06-19,KXHIGHTPHX-26JUN19-T110,111° or above,111.0,999.0,0,2,98,100,540.0,high
362,2026-06-19T01:41:28Z,KPHX,2026-06-19,KXHIGHTPHX-26JUN19-T103,102° or below,-999.0,102.0,0,2,98,100,1121.36,high
363,2026-06-19T01:41:28Z,KPHX,2026-06-19,KXHIGHTPHX-26JUN19-B109.5,109° to 110°,109.0,110.0,2,8,92,98,368.53,high
364,2026-06-19T01:41:28Z,KPHX,2026-06-19,KXHIGHTPHX-26JUN19-B107.5,107° to 108°,107.0,108.0,50,54,46,50,705.46,high
365,2026-06-19T01:41:28Z,KPHX,2026-06-19,KXHIGHTPHX-26JUN19-B105.5,105° to 106°,105.0,106.0,35,42,58,65,591.81,high
366,2026-06-19T01:41:28Z,KPHX,2026-06-19,KXHIGHTPHX-26JUN19-B103.5,103° to 104°,103.0,104.0,1,5,95,99,728.26,high
367,2026-06-19T01:41:28Z,KPHX,2026-06-19,KXHIGHTPHX-26JUN18-T111,112° or above,112.0,999.0,0,1,99,100,1892.29,high
368,2026-06-19T01:41:28Z,KPHX,2026-06-19,KXHIGHTPHX-26JUN18-T104,103° or below,-999.0,103.0,0,1,99,100,5285.65,high
369,2026-06-19T01:41:28Z,KPHX,2026-06-19,KXHIGHTPHX-26JUN18-B110.5,110° to 111°,110.0,111.0,0,1,99,100,4136.78,high
370,2026-06-19T01:41:28Z,KPHX,2026-06-19,KXHIGHTPHX-26JUN18-B108.5,108° to 109°,108.0,109.0,99,100,0,1,14492.35,high
371,2026-06-19T01:41:28Z,KPHX,2026-06-19,KXHIGHTPHX-26JUN18-B106.5,106° to 107°,106.0,107.0,0,1,99,100,43193.64,high
372,2026-06-19T01:41:28Z,KPHX,2026-06-19,KXHIGHTPHX-26JUN18-B104.5,104° to 105°,104.0,105.0,0,1,99,100,30474.56,high
373,2026-06-19T01:41:28Z,KPHX,2026-06-19,KXLOWTPHX-26JUN19-T82,83° or above,83.0,999.0,40,42,58,60,430.08,low
374,2026-06-19T01:41:28Z,KPHX,2026-06-19,KXLOWTPHX-26JUN19-T75,74° or below,-999.0,74.0,0,3,97,100,200.0,low
375,2026-06-19T01:41:28Z,KPHX,2026-06-19,KXLOWTPHX-26JUN19-B81.5,81° to 82°,81.0,82.0,44,46,54,56,107.0,low
376,2026-06-19T01:41:28Z,KPHX,2026-06-19,KXLOWTPHX-26JUN19-B79.5,79° to 80°,79.0,80.0,8,18,82,92,20.12,low
377,2026-06-19T01:41:28Z,KPHX,2026-06-19,KXLOWTPHX-26JUN19-B77.5,77° to 78°,77.0,78.0,1,6,94,99,0.0,low
378,2026-06-19T01:41:28Z,KPHX,2026-06-19,KXLOWTPHX-26JUN19-B75.5,75° to 76°,75.0,76.0,0,3,97,100,215.0,low
379,2026-06-19T01:41:28Z,KPHX,2026-06-19,KXLOWTPHX-26JUN18-T85,86° or above,86.0,999.0,0,1,99,100,5894.25,low
380,2026-06-19T01:41:28Z,KPHX,2026-06-19,KXLOWTPHX-26JUN18-T78,77° or below,-999.0,77.0,0,1,99,100,482.47,low
381,2026-06-19T01:41:28Z,KPHX,2026-06-19,KXLOWTPHX-26JUN18-B84.5,84° to 85°,84.0,85.0,73,98,2,27,2496.44,low
382,2026-06-19T01:41:28Z,KPHX,2026-06-19,KXLOWTPHX-26JUN18-B82.5,82° to 83°,82.0,83.0,10,32,68,90,981.61,low
383,2026-06-19T01:41:28Z,KPHX,2026-06-19,KXLOWTPHX-26JUN18-B80.5,80° to 81°,80.0,81.0,0,9,91,100,1035.22,low
384,2026-06-19T01:41:28Z,KPHX,2026-06-19,KXLOWTPHX-26JUN18-B78.5,78° to 79°,78.0,79.0,0,1,99,100,658.53,low
385,2026-06-19T01:41:28Z,KSAT,2026-06-19,KXHIGHTSATX-26JUN19-T99,100° or above,100.0,999.0,0,1,99,100,255.0,high
386,2026-06-19T01:41:28Z,KSAT,2026-06-19,KXHIGHTSATX-26JUN19-T92,91° or below,-999.0,91.0,57,65,35,43,688.0,high
387,2026-06-19T01:41:28Z,KSAT,2026-06-19,KXHIGHTSATX-26JUN19-B98.5,98° to 99°,98.0,99.0,0,2,98,100,452.0,high
388,2026-06-19T01:41:28Z,KSAT,2026-06-19,KXHIGHTSATX-26JUN19-B96.5,96° to 97°,96.0,97.0,0,4,96,100,492.27,high
389,2026-06-19T01:41:28Z,KSAT,2026-06-19,KXHIGHTSATX-26JUN19-B94.5,94° to 95°,94.0,95.0,12,15,85,88,445.83,high
390,2026-06-19T01:41:28Z,KSAT,2026-06-19,KXHIGHTSATX-26JUN19-B92.5,92° to 93°,92.0,93.0,28,33,67,72,298.88,high
391,2026-06-19T01:41:28Z,KSAT,2026-06-19,KXHIGHTSATX-26JUN18-T95,94° or below,-999.0,94.0,0,1,99,100,1671.71,high
392,2026-06-19T01:41:28Z,KSAT,2026-06-19,KXHIGHTSATX-26JUN18-T102,103° or above,103.0,999.0,0,1,99,100,579.23,high
393,2026-06-19T01:41:28Z,KSAT,2026-06-19,KXHIGHTSATX-26JUN18-B99.5,99° to 100°,99.0,100.0,0,1,99,100,4524.18,high
394,2026-06-19T01:41:28Z,KSAT,2026-06-19,KXHIGHTSATX-26JUN18-B97.5,97° to 98°,97.0,98.0,0,1,99,100,6659.44,high
395,2026-06-19T01:41:28Z,KSAT,2026-06-19,KXHIGHTSATX-26JUN18-B95.5,95° to 96°,95.0,96.0,99,100,0,1,6810.74,high
396,2026-06-19T01:41:28Z,KSAT,2026-06-19,KXHIGHTSATX-26JUN18-B101.5,101° to 102°,101.0,102.0,0,1,99,100,972.68,high
397,2026-06-19T01:41:28Z,KSAT,2026-06-19,KXLOWTSATX-26JUN19-T81,82° or above,82.0,999.0,1,3,97,99,0.0,low
398,2026-06-19T01:41:28Z,KSAT,2026-06-19,KXLOWTSATX-26JUN19-T74,73° or below,-999.0,73.0,21,29,71,79,21.04,low
399,2026-06-19T01:41:28Z,KSAT,2026-06-19,KXLOWTSATX-26JUN19-B80.5,80° to 81°,80.0,81.0,5,11,89,95,1.0,low
400,2026-06-19T01:41:28Z,KSAT,2026-06-19,KXLOWTSATX-26JUN19-B78.5,78° to 79°,78.0,79.0,13,21,79,87,498.71,low
401,2026-06-19T01:41:28Z,KSAT,2026-06-19,KXLOWTSATX-26JUN19-B76.5,76° to 77°,76.0,77.0,21,31,69,79,6.0,low
402,2026-06-19T01:41:28Z,KSAT,2026-06-19,KXLOWTSATX-26JUN19-B74.5,74° to 75°,74.0,75.0,20,28,72,80,47.0,low
403,2026-06-19T01:41:28Z,KSAT,2026-06-19,KXLOWTSATX-26JUN18-T79,80° or above,80.0,999.0,0,1,99,100,670.34,low
404,2026-06-19T01:41:28Z,KSAT,2026-06-19,KXLOWTSATX-26JUN18-T72,71° or below,-999.0,71.0,0,1,99,100,312.0,low
405,2026-06-19T01:41:28Z,KSAT,2026-06-19,KXLOWTSATX-26JUN18-B78.5,78° to 79°,78.0,79.0,96,97,3,4,2680.24,low
406,2026-06-19T01:41:28Z,KSAT,2026-06-19,KXLOWTSATX-26JUN18-B76.5,76° to 77°,76.0,77.0,2,3,97,98,1483.13,low
407,2026-06-19T01:41:28Z,KSAT,2026-06-19,KXLOWTSATX-26JUN18-B74.5,74° to 75°,74.0,75.0,0,2,98,100,379.94,low
408,2026-06-19T01:41:28Z,KSAT,2026-06-19,KXLOWTSATX-26JUN18-B72.5,72° to 73°,72.0,73.0,0,1,99,100,512.0,low
433,2026-06-19T01:41:28Z,KSEA,2026-06-19,KXHIGHTSEA-26JUN19-T87,88° or above,88.0,999.0,0,4,96,100,1564.07,high
434,2026-06-19T01:41:28Z,KSEA,2026-06-19,KXHIGHTSEA-26JUN19-T80,79° or below,-999.0,79.0,2,6,94,98,1083.14,high
435,2026-06-19T01:41:28Z,KSEA,2026-06-19,KXHIGHTSEA-26JUN19-B86.5,86° to 87°,86.0,87.0,7,14,86,93,302.5,high
436,2026-06-19T01:41:28Z,KSEA,2026-06-19,KXHIGHTSEA-26JUN19-B84.5,84° to 85°,84.0,85.0,26,32,68,74,129.17,high
437,2026-06-19T01:41:28Z,KSEA,2026-06-19,KXHIGHTSEA-26JUN19-B82.5,82° to 83°,82.0,83.0,31,40,60,69,229.0,high
438,2026-06-19T01:41:28Z,KSEA,2026-06-19,KXHIGHTSEA-26JUN19-B80.5,80° to 81°,80.0,81.0,21,24,76,79,507.44,high
439,2026-06-19T01:41:28Z,KSEA,2026-06-19,KXHIGHTSEA-26JUN18-T83,84° or above,84.0,999.0,0,1,99,100,678.26,high
440,2026-06-19T01:41:28Z,KSEA,2026-06-19,KXHIGHTSEA-26JUN18-T76,75° or below,-999.0,75.0,0,1,99,100,9117.67,high
441,2026-06-19T01:41:28Z,KSEA,2026-06-19,KXHIGHTSEA-26JUN18-B82.5,82° to 83°,82.0,83.0,0,1,99,100,2387.65,high
442,2026-06-19T01:41:28Z,KSEA,2026-06-19,KXHIGHTSEA-26JUN18-B80.5,80° to 81°,80.0,81.0,2,4,96,98,7161.64,high
443,2026-06-19T01:41:28Z,KSEA,2026-06-19,KXHIGHTSEA-26JUN18-B78.5,78° to 79°,78.0,79.0,95,98,2,5,10809.12,high
444,2026-06-19T01:41:28Z,KSEA,2026-06-19,KXHIGHTSEA-26JUN18-B76.5,76° to 77°,76.0,77.0,0,1,99,100,36079.52,high
445,2026-06-19T01:41:28Z,KSEA,2026-06-19,KXLOWTSEA-26JUN19-T59,60° or above,60.0,999.0,34,40,60,66,67.99,low
446,2026-06-19T01:41:28Z,KSEA,2026-06-19,KXLOWTSEA-26JUN19-T52,51° or below,-999.0,51.0,0,5,95,100,203.0,low
447,2026-06-19T01:41:28Z,KSEA,2026-06-19,KXLOWTSEA-26JUN19-B58.5,58° to 59°,58.0,59.0,44,52,48,56,35.08,low
448,2026-06-19T01:41:28Z,KSEA,2026-06-19,KXLOWTSEA-26JUN19-B56.5,56° to 57°,56.0,57.0,10,19,81,90,11.0,low
449,2026-06-19T01:41:28Z,KSEA,2026-06-19,KXLOWTSEA-26JUN19-B54.5,54° to 55°,54.0,55.0,1,5,95,99,3.0,low
450,2026-06-19T01:41:28Z,KSEA,2026-06-19,KXLOWTSEA-26JUN19-B52.5,52° to 53°,52.0,53.0,1,5,95,99,257.0,low
451,2026-06-19T01:41:28Z,KSEA,2026-06-19,KXLOWTSEA-26JUN18-T56,57° or above,57.0,999.0,0,1,99,100,1351.0,low
452,2026-06-19T01:41:28Z,KSEA,2026-06-19,KXLOWTSEA-26JUN18-T49,48° or below,-999.0,48.0,0,1,99,100,366.0,low
453,2026-06-19T01:41:28Z,KSEA,2026-06-19,KXLOWTSEA-26JUN18-B55.5,55° to 56°,55.0,56.0,99,100,0,1,2947.79,low
454,2026-06-19T01:41:28Z,KSEA,2026-06-19,KXLOWTSEA-26JUN18-B53.5,53° to 54°,53.0,54.0,0,1,99,100,312.94,low
455,2026-06-19T01:41:28Z,KSEA,2026-06-19,KXLOWTSEA-26JUN18-B51.5,51° to 52°,51.0,52.0,0,1,99,100,275.43,low
456,2026-06-19T01:41:28Z,KSEA,2026-06-19,KXLOWTSEA-26JUN18-B49.5,49° to 50°,49.0,50.0,0,1,99,100,256.0,low
409,2026-06-19T01:41:28Z,KSFO,2026-06-19,KXHIGHTSFO-26JUN19-T73,74° or above,74.0,999.0,4,8,92,96,110.0,high
410,2026-06-19T01:41:28Z,KSFO,2026-06-19,KXHIGHTSFO-26JUN19-T66,65° or below,-999.0,65.0,1,3,97,99,40.0,high
411,2026-06-19T01:41:28Z,KSFO,2026-06-19,KXHIGHTSFO-26JUN19-B72.5,72° to 73°,72.0,73.0,21,25,75,79,539.77,high
412,2026-06-19T01:41:28Z,KSFO,2026-06-19,KXHIGHTSFO-26JUN19-B70.5,70° to 71°,70.0,71.0,31,32,68,69,434.02,high
413,2026-06-19T01:41:28Z,KSFO,2026-06-19,KXHIGHTSFO-26JUN19-B68.5,68° to 69°,68.0,69.0,28,33,67,72,305.22,high
414,2026-06-19T01:41:28Z,KSFO,2026-06-19,KXHIGHTSFO-26JUN19-B66.5,66° to 67°,66.0,67.0,5,12,88,95,39.0,high
415,2026-06-19T01:41:28Z,KSFO,2026-06-19,KXHIGHTSFO-26JUN18-T73,74° or above,74.0,999.0,0,1,99,100,10817.18,high
416,2026-06-19T01:41:28Z,KSFO,2026-06-19,KXHIGHTSFO-26JUN18-T66,65° or below,-999.0,65.0,0,1,99,100,8852.77,high
417,2026-06-19T01:41:28Z,KSFO,2026-06-19,KXHIGHTSFO-26JUN18-B72.5,72° to 73°,72.0,73.0,99,100,0,1,14784.5,high
418,2026-06-19T01:41:28Z,KSFO,2026-06-19,KXHIGHTSFO-26JUN18-B70.5,70° to 71°,70.0,71.0,0,1,99,100,13557.71,high
419,2026-06-19T01:41:28Z,KSFO,2026-06-19,KXHIGHTSFO-26JUN18-B68.5,68° to 69°,68.0,69.0,0,1,99,100,8363.3,high
420,2026-06-19T01:41:28Z,KSFO,2026-06-19,KXHIGHTSFO-26JUN18-B66.5,66° to 67°,66.0,67.0,0,1,99,100,9774.17,high
421,2026-06-19T01:41:28Z,KSFO,2026-06-19,KXLOWTSFO-26JUN19-T59,60° or above,60.0,999.0,13,21,79,87,78.99,low
422,2026-06-19T01:41:28Z,KSFO,2026-06-19,KXLOWTSFO-26JUN19-T52,51° or below,-999.0,51.0,0,5,95,100,200.0,low
423,2026-06-19T01:41:28Z,KSFO,2026-06-19,KXLOWTSFO-26JUN19-B58.5,58° to 59°,58.0,59.0,60,67,33,40,205.37,low
424,2026-06-19T01:41:28Z,KSFO,2026-06-19,KXLOWTSFO-26JUN19-B56.5,56° to 57°,56.0,57.0,13,21,79,87,304.78,low
425,2026-06-19T01:41:28Z,KSFO,2026-06-19,KXLOWTSFO-26JUN19-B54.5,54° to 55°,54.0,55.0,1,5,95,99,6.0,low
426,2026-06-19T01:41:28Z,KSFO,2026-06-19,KXLOWTSFO-26JUN19-B52.5,52° to 53°,52.0,53.0,0,5,95,100,250.0,low
427,2026-06-19T01:41:28Z,KSFO,2026-06-19,KXLOWTSFO-26JUN18-T59,60° or above,60.0,999.0,0,1,99,100,1321.62,low
428,2026-06-19T01:41:28Z,KSFO,2026-06-19,KXLOWTSFO-26JUN18-T52,51° or below,-999.0,51.0,0,1,99,100,205.0,low
429,2026-06-19T01:41:28Z,KSFO,2026-06-19,KXLOWTSFO-26JUN18-B58.5,58° to 59°,58.0,59.0,92,95,5,8,2880.2,low
430,2026-06-19T01:41:28Z,KSFO,2026-06-19,KXLOWTSFO-26JUN18-B56.5,56° to 57°,56.0,57.0,4,10,90,96,650.27,low
431,2026-06-19T01:41:28Z,KSFO,2026-06-19,KXLOWTSFO-26JUN18-B54.5,54° to 55°,54.0,55.0,1,5,95,99,183.5,low
432,2026-06-19T01:41:28Z,KSFO,2026-06-19,KXLOWTSFO-26JUN18-B52.5,52° to 53°,52.0,53.0,0,2,98,100,250.0,low
1,2026-06-19T03:24:52Z,KATL,2026-06-19,KXHIGHTATL-26JUN19-T89,90° or above,90.0,999.0,5,9,91,95,420.3,high
2,2026-06-19T03:24:52Z,KATL,2026-06-19,KXHIGHTATL-26JUN19-T82,81° or below,-999.0,81.0,1,3,97,99,524.61,high
3,2026-06-19T03:24:52Z,KATL,2026-06-19,KXHIGHTATL-26JUN19-B88.5,88° to 89°,88.0,89.0,22,26,74,78,457.99,high
4,2026-06-19T03:24:52Z,KATL,2026-06-19,KXHIGHTATL-26JUN19-B86.5,86° to 87°,86.0,87.0,38,40,60,62,396.33,high
5,2026-06-19T03:24:52Z,KATL,2026-06-19,KXHIGHTATL-26JUN19-B84.5,84° to 85°,84.0,85.0,26,28,72,74,418.56,high
6,2026-06-19T03:24:52Z,KATL,2026-06-19,KXHIGHTATL-26JUN19-B82.5,82° to 83°,82.0,83.0,6,12,88,94,226.47,high
7,2026-06-19T03:24:52Z,KATL,2026-06-19,KXHIGHTATL-26JUN18-T85,86° or above,86.0,999.0,99,100,0,1,29222.74,high
8,2026-06-19T03:24:52Z,KATL,2026-06-19,KXHIGHTATL-26JUN18-T78,77° or below,-999.0,77.0,0,1,99,100,1504.84,high
9,2026-06-19T03:24:52Z,KATL,2026-06-19,KXHIGHTATL-26JUN18-B84.5,84° to 85°,84.0,85.0,0,1,99,100,20495.66,high
10,2026-06-19T03:24:52Z,KATL,2026-06-19,KXHIGHTATL-26JUN18-B82.5,82° to 83°,82.0,83.0,0,1,99,100,16456.71,high
11,2026-06-19T03:24:52Z,KATL,2026-06-19,KXHIGHTATL-26JUN18-B80.5,80° to 81°,80.0,81.0,0,1,99,100,9836.26,high
12,2026-06-19T03:24:52Z,KATL,2026-06-19,KXHIGHTATL-26JUN18-B78.5,78° to 79°,78.0,79.0,0,1,99,100,7270.07,high
13,2026-06-19T03:24:52Z,KATL,2026-06-19,KXLOWTATL-26JUN19-T73,74° or above,74.0,999.0,6,31,69,94,51.07,low
14,2026-06-19T03:24:52Z,KATL,2026-06-19,KXLOWTATL-26JUN19-T66,65° or below,-999.0,65.0,0,7,93,100,314.2,low
15,2026-06-19T03:24:52Z,KATL,2026-06-19,KXLOWTATL-26JUN19-B72.5,72° to 73°,72.0,73.0,16,37,63,84,561.08,low
16,2026-06-19T03:24:52Z,KATL,2026-06-19,KXLOWTATL-26JUN19-B70.5,70° to 71°,70.0,71.0,41,52,48,59,148.0,low
17,2026-06-19T03:24:52Z,KATL,2026-06-19,KXLOWTATL-26JUN19-B68.5,68° to 69°,68.0,69.0,4,34,66,96,4.0,low
18,2026-06-19T03:24:52Z,KATL,2026-06-19,KXLOWTATL-26JUN19-B66.5,66° to 67°,66.0,67.0,2,13,87,98,2.02,low
19,2026-06-19T03:24:52Z,KATL,2026-06-19,KXLOWTATL-26JUN18-T74,75° or above,75.0,999.0,0,1,99,100,1504.29,low
20,2026-06-19T03:24:52Z,KATL,2026-06-19,KXLOWTATL-26JUN18-T67,66° or below,-999.0,66.0,0,1,99,100,215.18,low
21,2026-06-19T03:24:52Z,KATL,2026-06-19,KXLOWTATL-26JUN18-B73.5,73° to 74°,73.0,74.0,0,39,61,100,1262.07,low
22,2026-06-19T03:24:52Z,KATL,2026-06-19,KXLOWTATL-26JUN18-B71.5,71° to 72°,71.0,72.0,47,92,8,53,504.63,low
23,2026-06-19T03:24:52Z,KATL,2026-06-19,KXLOWTATL-26JUN18-B69.5,69° to 70°,69.0,70.0,9,19,81,91,395.92,low
24,2026-06-19T03:24:52Z,KATL,2026-06-19,KXLOWTATL-26JUN18-B67.5,67° to 68°,67.0,68.0,0,11,89,100,229.41,low
25,2026-06-19T03:24:52Z,KAUS,2026-06-19,KXHIGHAUS-26JUN19-T99,100° or above,100.0,999.0,0,2,98,100,1377.87,high
26,2026-06-19T03:24:52Z,KAUS,2026-06-19,KXHIGHAUS-26JUN19-T92,91° or below,-999.0,91.0,46,49,51,54,2385.09,high
27,2026-06-19T03:24:52Z,KAUS,2026-06-19,KXHIGHAUS-26JUN19-B98.5,98° to 99°,98.0,99.0,0,2,98,100,1052.59,high
28,2026-06-19T03:24:52Z,KAUS,2026-06-19,KXHIGHAUS-26JUN19-B96.5,96° to 97°,96.0,97.0,2,6,94,98,83.2,high
29,2026-06-19T03:24:52Z,KAUS,2026-06-19,KXHIGHAUS-26JUN19-B94.5,94° to 95°,94.0,95.0,13,18,82,87,839.7,high
30,2026-06-19T03:24:52Z,KAUS,2026-06-19,KXHIGHAUS-26JUN19-B92.5,92° to 93°,92.0,93.0,35,36,64,65,628.44,high
31,2026-06-19T03:24:52Z,KAUS,2026-06-19,KXHIGHAUS-26JUN18-T95,94° or below,-999.0,94.0,0,1,99,100,10032.32,high
32,2026-06-19T03:24:52Z,KAUS,2026-06-19,KXHIGHAUS-26JUN18-T102,103° or above,103.0,999.0,0,1,99,100,985.09,high
33,2026-06-19T03:24:52Z,KAUS,2026-06-19,KXHIGHAUS-26JUN18-B99.5,99° to 100°,99.0,100.0,0,1,99,100,6405.3,high
34,2026-06-19T03:24:52Z,KAUS,2026-06-19,KXHIGHAUS-26JUN18-B97.5,97° to 98°,97.0,98.0,99,100,0,1,8867.19,high
35,2026-06-19T03:24:52Z,KAUS,2026-06-19,KXHIGHAUS-26JUN18-B95.5,95° to 96°,95.0,96.0,0,1,99,100,19877.81,high
36,2026-06-19T03:24:52Z,KAUS,2026-06-19,KXHIGHAUS-26JUN18-B101.5,101° to 102°,101.0,102.0,0,1,99,100,1732.47,high
37,2026-06-19T03:24:52Z,KAUS,2026-06-19,KXLOWTAUS-26JUN19-T81,82° or above,82.0,999.0,0,3,97,100,359.0,low
38,2026-06-19T03:24:52Z,KAUS,2026-06-19,KXLOWTAUS-26JUN19-T74,73° or below,-999.0,73.0,26,32,68,74,947.06,low
39,2026-06-19T03:24:52Z,KAUS,2026-06-19,KXLOWTAUS-26JUN19-B80.5,80° to 81°,80.0,81.0,3,8,92,97,14.0,low
40,2026-06-19T03:24:52Z,KAUS,2026-06-19,KXLOWTAUS-26JUN19-B78.5,78° to 79°,78.0,79.0,11,17,83,89,214.0,low
41,2026-06-19T03:24:52Z,KAUS,2026-06-19,KXLOWTAUS-26JUN19-B76.5,76° to 77°,76.0,77.0,24,29,71,76,244.69,low
42,2026-06-19T03:24:52Z,KAUS,2026-06-19,KXLOWTAUS-26JUN19-B74.5,74° to 75°,74.0,75.0,25,32,68,75,82.0,low
43,2026-06-19T03:24:52Z,KAUS,2026-06-19,KXLOWTAUS-26JUN18-T79,80° or above,80.0,999.0,0,1,99,100,1495.12,low
44,2026-06-19T03:24:52Z,KAUS,2026-06-19,KXLOWTAUS-26JUN18-T72,71° or below,-999.0,71.0,1,7,93,99,398.68,low
45,2026-06-19T03:24:52Z,KAUS,2026-06-19,KXLOWTAUS-26JUN18-B78.5,78° to 79°,78.0,79.0,0,1,99,100,3146.15,low
46,2026-06-19T03:24:52Z,KAUS,2026-06-19,KXLOWTAUS-26JUN18-B76.5,76° to 77°,76.0,77.0,0,1,99,100,3854.35,low
47,2026-06-19T03:24:52Z,KAUS,2026-06-19,KXLOWTAUS-26JUN18-B74.5,74° to 75°,74.0,75.0,97,100,0,3,2952.44,low
48,2026-06-19T03:24:52Z,KAUS,2026-06-19,KXLOWTAUS-26JUN18-B72.5,72° to 73°,72.0,73.0,0,8,92,100,266.81,low
49,2026-06-19T03:24:52Z,KBOS,2026-06-19,KXHIGHTBOS-26JUN19-T88,89° or above,89.0,999.0,0,2,98,100,1070.0,high
50,2026-06-19T03:24:52Z,KBOS,2026-06-19,KXHIGHTBOS-26JUN19-T81,80° or below,-999.0,80.0,20,25,75,80,366.2,high
51,2026-06-19T03:24:52Z,KBOS,2026-06-19,KXHIGHTBOS-26JUN19-B87.5,87° to 88°,87.0,88.0,0,4,96,100,963.6,high
52,2026-06-19T03:24:52Z,KBOS,2026-06-19,KXHIGHTBOS-26JUN19-B85.5,85° to 86°,85.0,86.0,7,11,89,93,181.95,high
53,2026-06-19T03:24:52Z,KBOS,2026-06-19,KXHIGHTBOS-26JUN19-B83.5,83° to 84°,83.0,84.0,30,34,66,70,112.91,high
54,2026-06-19T03:24:52Z,KBOS,2026-06-19,KXHIGHTBOS-26JUN19-B81.5,81° to 82°,81.0,82.0,30,36,64,70,542.22,high
55,2026-06-19T03:24:52Z,KBOS,2026-06-19,KXHIGHTBOS-26JUN18-T80,81° or above,81.0,999.0,99,100,0,1,17792.65,high
56,2026-06-19T03:24:52Z,KBOS,2026-06-19,KXHIGHTBOS-26JUN18-T73,72° or below,-999.0,72.0,0,1,99,100,815.28,high
57,2026-06-19T03:24:52Z,KBOS,2026-06-19,KXHIGHTBOS-26JUN18-B79.5,79° to 80°,79.0,80.0,0,1,99,100,9728.24,high
58,2026-06-19T03:24:52Z,KBOS,2026-06-19,KXHIGHTBOS-26JUN18-B77.5,77° to 78°,77.0,78.0,0,1,99,100,13075.4,high
59,2026-06-19T03:24:52Z,KBOS,2026-06-19,KXHIGHTBOS-26JUN18-B75.5,75° to 76°,75.0,76.0,0,1,99,100,6275.6,high
60,2026-06-19T03:24:52Z,KBOS,2026-06-19,KXHIGHTBOS-26JUN18-B73.5,73° to 74°,73.0,74.0,0,1,99,100,2933.19,high
61,2026-06-19T03:24:52Z,KBOS,2026-06-19,KXLOWTBOS-26JUN19-T65,66° or above,66.0,999.0,49,55,45,51,102.22,low
62,2026-06-19T03:24:52Z,KBOS,2026-06-19,KXLOWTBOS-26JUN19-T58,57° or below,-999.0,57.0,0,5,95,100,214.0,low
63,2026-06-19T03:24:52Z,KBOS,2026-06-19,KXLOWTBOS-26JUN19-B64.5,64° to 65°,64.0,65.0,32,40,60,68,25.7,low
64,2026-06-19T03:24:52Z,KBOS,2026-06-19,KXLOWTBOS-26JUN19-B62.5,62° to 63°,62.0,63.0,7,16,84,93,6.0,low
65,2026-06-19T03:24:52Z,KBOS,2026-06-19,KXLOWTBOS-26JUN19-B60.5,60° to 61°,60.0,61.0,1,6,94,99,10.0,low
66,2026-06-19T03:24:52Z,KBOS,2026-06-19,KXLOWTBOS-26JUN19-B58.5,58° to 59°,58.0,59.0,1,5,95,99,3.0,low
67,2026-06-19T03:24:52Z,KBOS,2026-06-19,KXLOWTBOS-26JUN18-T60,61° or above,61.0,999.0,96,100,0,4,4684.7,low
68,2026-06-19T03:24:52Z,KBOS,2026-06-19,KXLOWTBOS-26JUN18-T53,52° or below,-999.0,52.0,0,1,99,100,510.0,low
69,2026-06-19T03:24:52Z,KBOS,2026-06-19,KXLOWTBOS-26JUN18-B59.5,59° to 60°,59.0,60.0,0,1,99,100,222.0,low
70,2026-06-19T03:24:52Z,KBOS,2026-06-19,KXLOWTBOS-26JUN18-B57.5,57° to 58°,57.0,58.0,0,8,92,100,253.13,low
71,2026-06-19T03:24:52Z,KBOS,2026-06-19,KXLOWTBOS-26JUN18-B55.5,55° to 56°,55.0,56.0,0,1,99,100,214.0,low
72,2026-06-19T03:24:52Z,KBOS,2026-06-19,KXLOWTBOS-26JUN18-B53.5,53° to 54°,53.0,54.0,0,1,99,100,246.27,low
457,2026-06-19T03:24:52Z,KDCA,2026-06-19,KXHIGHTDC-26JUN19-T88,89° or above,89.0,999.0,4,8,92,96,304.0,high
458,2026-06-19T03:24:52Z,KDCA,2026-06-19,KXHIGHTDC-26JUN19-T81,80° or below,-999.0,80.0,2,3,97,98,356.08,high
459,2026-06-19T03:24:52Z,KDCA,2026-06-19,KXHIGHTDC-26JUN19-B87.5,87° to 88°,87.0,88.0,19,22,78,81,115.75,high
460,2026-06-19T03:24:52Z,KDCA,2026-06-19,KXHIGHTDC-26JUN19-B85.5,85° to 86°,85.0,86.0,45,46,54,55,75.79,high
461,2026-06-19T03:24:52Z,KDCA,2026-06-19,KXHIGHTDC-26JUN19-B83.5,83° to 84°,83.0,84.0,20,27,73,80,130.38,high
462,2026-06-19T03:24:52Z,KDCA,2026-06-19,KXHIGHTDC-26JUN19-B81.5,81° to 82°,81.0,82.0,3,4,96,97,476.71,high
463,2026-06-19T03:24:52Z,KDCA,2026-06-19,KXHIGHTDC-26JUN18-T97,98° or above,98.0,999.0,0,1,99,100,2578.44,high
464,2026-06-19T03:24:52Z,KDCA,2026-06-19,KXHIGHTDC-26JUN18-T90,89° or below,-999.0,89.0,0,1,99,100,8238.7,high
465,2026-06-19T03:24:52Z,KDCA,2026-06-19,KXHIGHTDC-26JUN18-B96.5,96° to 97°,96.0,97.0,0,1,99,100,6717.77,high
466,2026-06-19T03:24:52Z,KDCA,2026-06-19,KXHIGHTDC-26JUN18-B94.5,94° to 95°,94.0,95.0,0,1,99,100,15011.12,high
467,2026-06-19T03:24:52Z,KDCA,2026-06-19,KXHIGHTDC-26JUN18-B92.5,92° to 93°,92.0,93.0,0,1,99,100,6521.88,high
468,2026-06-19T03:24:52Z,KDCA,2026-06-19,KXHIGHTDC-26JUN18-B90.5,90° to 91°,90.0,91.0,99,100,0,1,8166.77,high
469,2026-06-19T03:24:52Z,KDCA,2026-06-19,KXLOWTDC-26JUN19-T72,73° or above,73.0,999.0,26,32,68,74,335.42,low
470,2026-06-19T03:24:52Z,KDCA,2026-06-19,KXLOWTDC-26JUN19-T65,64° or below,-999.0,64.0,1,5,95,99,0.0,low
471,2026-06-19T03:24:52Z,KDCA,2026-06-19,KXLOWTDC-26JUN19-B71.5,71° to 72°,71.0,72.0,45,46,54,55,37.23,low
472,2026-06-19T03:24:52Z,KDCA,2026-06-19,KXLOWTDC-26JUN19-B69.5,69° to 70°,69.0,70.0,18,27,73,82,8.0,low
473,2026-06-19T03:24:52Z,KDCA,2026-06-19,KXLOWTDC-26JUN19-B67.5,67° to 68°,67.0,68.0,6,8,92,94,242.0,low
474,2026-06-19T03:24:52Z,KDCA,2026-06-19,KXLOWTDC-26JUN19-B65.5,65° to 66°,65.0,66.0,1,5,95,99,18.0,low
475,2026-06-19T03:24:52Z,KDCA,2026-06-19,KXLOWTDC-26JUN18-T74,75° or above,75.0,999.0,0,1,99,100,1379.86,low
476,2026-06-19T03:24:52Z,KDCA,2026-06-19,KXLOWTDC-26JUN18-T67,66° or below,-999.0,66.0,0,1,99,100,290.1,low
477,2026-06-19T03:24:52Z,KDCA,2026-06-19,KXLOWTDC-26JUN18-B73.5,73° to 74°,73.0,74.0,99,100,0,1,3819.9,low
478,2026-06-19T03:24:52Z,KDCA,2026-06-19,KXLOWTDC-26JUN18-B71.5,71° to 72°,71.0,72.0,0,14,86,100,518.39,low
479,2026-06-19T03:24:52Z,KDCA,2026-06-19,KXLOWTDC-26JUN18-B69.5,69° to 70°,69.0,70.0,0,1,99,100,435.47,low
480,2026-06-19T03:24:52Z,KDCA,2026-06-19,KXLOWTDC-26JUN18-B67.5,67° to 68°,67.0,68.0,0,1,99,100,222.25,low
121,2026-06-19T03:24:52Z,KDEN,2026-06-19,KXHIGHDEN-26JUN19-T92,93° or above,93.0,999.0,0,1,99,100,902.0,high
122,2026-06-19T03:24:52Z,KDEN,2026-06-19,KXHIGHDEN-26JUN19-T85,84° or below,-999.0,84.0,25,28,72,75,1142.6,high
123,2026-06-19T03:24:52Z,KDEN,2026-06-19,KXHIGHDEN-26JUN19-B91.5,91° to 92°,91.0,92.0,2,4,96,98,23.09,high
124,2026-06-19T03:24:52Z,KDEN,2026-06-19,KXHIGHDEN-26JUN19-B89.5,89° to 90°,89.0,90.0,5,8,92,95,88.17,high
125,2026-06-19T03:24:52Z,KDEN,2026-06-19,KXHIGHDEN-26JUN19-B87.5,87° to 88°,87.0,88.0,29,30,70,71,482.49,high
126,2026-06-19T03:24:52Z,KDEN,2026-06-19,KXHIGHDEN-26JUN19-B85.5,85° to 86°,85.0,86.0,37,41,59,63,679.9,high
127,2026-06-19T03:24:52Z,KDEN,2026-06-19,KXHIGHDEN-26JUN18-T88,89° or above,89.0,999.0,0,1,99,100,17322.37,high
128,2026-06-19T03:24:52Z,KDEN,2026-06-19,KXHIGHDEN-26JUN18-T81,80° or below,-999.0,80.0,0,1,99,100,3258.07,high
129,2026-06-19T03:24:52Z,KDEN,2026-06-19,KXHIGHDEN-26JUN18-B87.5,87° to 88°,87.0,88.0,99,100,0,1,8395.05,high
130,2026-06-19T03:24:52Z,KDEN,2026-06-19,KXHIGHDEN-26JUN18-B85.5,85° to 86°,85.0,86.0,0,1,99,100,8886.48,high
131,2026-06-19T03:24:52Z,KDEN,2026-06-19,KXHIGHDEN-26JUN18-B83.5,83° to 84°,83.0,84.0,0,1,99,100,3248.39,high
132,2026-06-19T03:24:52Z,KDEN,2026-06-19,KXHIGHDEN-26JUN18-B81.5,81° to 82°,81.0,82.0,0,1,99,100,1848.22,high
133,2026-06-19T03:24:52Z,KDEN,2026-06-19,KXLOWTDEN-26JUN19-T61,62° or above,62.0,999.0,2,3,97,98,3.0,low
134,2026-06-19T03:24:52Z,KDEN,2026-06-19,KXLOWTDEN-26JUN19-T54,53° or below,-999.0,53.0,31,32,68,69,590.93,low
135,2026-06-19T03:24:52Z,KDEN,2026-06-19,KXLOWTDEN-26JUN19-B60.5,60° to 61°,60.0,61.0,6,8,92,94,267.27,low
136,2026-06-19T03:24:52Z,KDEN,2026-06-19,KXLOWTDEN-26JUN19-B58.5,58° to 59°,58.0,59.0,5,12,88,95,45.59,low
137,2026-06-19T03:24:52Z,KDEN,2026-06-19,KXLOWTDEN-26JUN19-B56.5,56° to 57°,56.0,57.0,18,23,77,82,31.17,low
138,2026-06-19T03:24:52Z,KDEN,2026-06-19,KXLOWTDEN-26JUN19-B54.5,54° to 55°,54.0,55.0,30,36,64,70,61.0,low
139,2026-06-19T03:24:52Z,KDEN,2026-06-19,KXLOWTDEN-26JUN18-T58,59° or above,59.0,999.0,0,1,99,100,7329.52,low
140,2026-06-19T03:24:52Z,KDEN,2026-06-19,KXLOWTDEN-26JUN18-T51,50° or below,-999.0,50.0,99,100,0,1,12904.12,low
141,2026-06-19T03:24:52Z,KDEN,2026-06-19,KXLOWTDEN-26JUN18-B57.5,57° to 58°,57.0,58.0,0,1,99,100,1593.29,low
142,2026-06-19T03:24:52Z,KDEN,2026-06-19,KXLOWTDEN-26JUN18-B55.5,55° to 56°,55.0,56.0,0,1,99,100,1408.77,low
143,2026-06-19T03:24:52Z,KDEN,2026-06-19,KXLOWTDEN-26JUN18-B53.5,53° to 54°,53.0,54.0,0,1,99,100,2750.39,low
144,2026-06-19T03:24:52Z,KDEN,2026-06-19,KXLOWTDEN-26JUN18-B51.5,51° to 52°,51.0,52.0,0,1,99,100,1156.83,low
97,2026-06-19T03:24:52Z,KDFW,2026-06-19,KXHIGHTDAL-26JUN19-T95,96° or above,96.0,999.0,0,2,98,100,443.0,high
98,2026-06-19T03:24:52Z,KDFW,2026-06-19,KXHIGHTDAL-26JUN19-T88,87° or below,-999.0,87.0,62,65,35,38,1789.9,high
99,2026-06-19T03:24:52Z,KDFW,2026-06-19,KXHIGHTDAL-26JUN19-B94.5,94° to 95°,94.0,95.0,1,2,98,99,450.25,high
100,2026-06-19T03:24:52Z,KDFW,2026-06-19,KXHIGHTDAL-26JUN19-B92.5,92° to 93°,92.0,93.0,1,3,97,99,289.0,high
101,2026-06-19T03:24:52Z,KDFW,2026-06-19,KXHIGHTDAL-26JUN19-B90.5,90° to 91°,90.0,91.0,3,7,93,97,363.7,high
102,2026-06-19T03:24:52Z,KDFW,2026-06-19,KXHIGHTDAL-26JUN19-B88.5,88° to 89°,88.0,89.0,26,27,73,74,170.65,high
103,2026-06-19T03:24:52Z,KDFW,2026-06-19,KXHIGHTDAL-26JUN18-T96,95° or below,-999.0,95.0,0,1,99,100,31251.47,high
104,2026-06-19T03:24:52Z,KDFW,2026-06-19,KXHIGHTDAL-26JUN18-T103,104° or above,104.0,999.0,0,1,99,100,2245.79,high
105,2026-06-19T03:24:52Z,KDFW,2026-06-19,KXHIGHTDAL-26JUN18-B98.5,98° to 99°,98.0,99.0,0,1,99,100,13008.54,high
106,2026-06-19T03:24:52Z,KDFW,2026-06-19,KXHIGHTDAL-26JUN18-B96.5,96° to 97°,96.0,97.0,99,100,0,1,12315.62,high
107,2026-06-19T03:24:52Z,KDFW,2026-06-19,KXHIGHTDAL-26JUN18-B102.5,102° to 103°,102.0,103.0,0,1,99,100,2041.19,high
108,2026-06-19T03:24:52Z,KDFW,2026-06-19,KXHIGHTDAL-26JUN18-B100.5,100° to 101°,100.0,101.0,0,1,99,100,5265.0,high
109,2026-06-19T03:24:52Z,KDFW,2026-06-19,KXLOWTDAL-26JUN19-T80,81° or above,81.0,999.0,0,2,98,100,423.2,low
110,2026-06-19T03:24:52Z,KDFW,2026-06-19,KXLOWTDAL-26JUN19-T73,72° or below,-999.0,72.0,22,30,70,78,488.32,low
111,2026-06-19T03:24:52Z,KDFW,2026-06-19,KXLOWTDAL-26JUN19-B79.5,79° to 80°,79.0,80.0,2,5,95,98,33.0,low
112,2026-06-19T03:24:52Z,KDFW,2026-06-19,KXLOWTDAL-26JUN19-B77.5,77° to 78°,77.0,78.0,8,11,89,92,224.68,low
113,2026-06-19T03:24:52Z,KDFW,2026-06-19,KXLOWTDAL-26JUN19-B75.5,75° to 76°,75.0,76.0,26,28,72,74,74.98,low
114,2026-06-19T03:24:52Z,KDFW,2026-06-19,KXLOWTDAL-26JUN19-B73.5,73° to 74°,73.0,74.0,38,45,55,62,196.07,low
115,2026-06-19T03:24:52Z,KDFW,2026-06-19,KXLOWTDAL-26JUN18-T78,79° or above,79.0,999.0,0,1,99,100,6238.64,low
116,2026-06-19T03:24:52Z,KDFW,2026-06-19,KXLOWTDAL-26JUN18-T71,70° or below,-999.0,70.0,0,1,99,100,2737.96,low
117,2026-06-19T03:24:52Z,KDFW,2026-06-19,KXLOWTDAL-26JUN18-B77.5,77° to 78°,77.0,78.0,0,1,99,100,5740.87,low
118,2026-06-19T03:24:52Z,KDFW,2026-06-19,KXLOWTDAL-26JUN18-B75.5,75° to 76°,75.0,76.0,84,99,1,16,9113.52,low
119,2026-06-19T03:24:52Z,KDFW,2026-06-19,KXLOWTDAL-26JUN18-B73.5,73° to 74°,73.0,74.0,1,14,86,99,2449.99,low
120,2026-06-19T03:24:52Z,KDFW,2026-06-19,KXLOWTDAL-26JUN18-B71.5,71° to 72°,71.0,72.0,0,1,99,100,2473.85,low
145,2026-06-19T03:24:52Z,KIAH,2026-06-19,KXHIGHTHOU-26JUN19-T98,99° or above,99.0,999.0,0,1,99,100,298.0,high
146,2026-06-19T03:24:52Z,KIAH,2026-06-19,KXHIGHTHOU-26JUN19-T91,90° or below,-999.0,90.0,1,8,92,99,821.21,high
147,2026-06-19T03:24:52Z,KIAH,2026-06-19,KXHIGHTHOU-26JUN19-B97.5,97° to 98°,97.0,98.0,0,1,99,100,293.0,high
148,2026-06-19T03:24:52Z,KIAH,2026-06-19,KXHIGHTHOU-26JUN19-B95.5,95° to 96°,95.0,96.0,4,11,89,96,395.95,high
149,2026-06-19T03:24:52Z,KIAH,2026-06-19,KXHIGHTHOU-26JUN19-B93.5,93° to 94°,93.0,94.0,47,54,46,53,484.4,high
150,2026-06-19T03:24:52Z,KIAH,2026-06-19,KXHIGHTHOU-26JUN19-B91.5,91° to 92°,91.0,92.0,37,42,58,63,1431.08,high
151,2026-06-19T03:24:52Z,KIAH,2026-06-19,KXHIGHTHOU-26JUN18-T98,99° or above,99.0,999.0,0,1,99,100,903.68,high
152,2026-06-19T03:24:52Z,KIAH,2026-06-19,KXHIGHTHOU-26JUN18-T91,90° or below,-999.0,90.0,0,1,99,100,1700.56,high
153,2026-06-19T03:24:52Z,KIAH,2026-06-19,KXHIGHTHOU-26JUN18-B97.5,97° to 98°,97.0,98.0,0,1,99,100,2402.68,high
154,2026-06-19T03:24:52Z,KIAH,2026-06-19,KXHIGHTHOU-26JUN18-B95.5,95° to 96°,95.0,96.0,0,1,99,100,6136.91,high
155,2026-06-19T03:24:52Z,KIAH,2026-06-19,KXHIGHTHOU-26JUN18-B93.5,93° to 94°,93.0,94.0,99,100,0,1,9479.93,high
156,2026-06-19T03:24:52Z,KIAH,2026-06-19,KXHIGHTHOU-26JUN18-B91.5,91° to 92°,91.0,92.0,0,1,99,100,3004.22,high
157,2026-06-19T03:24:52Z,KIAH,2026-06-19,KXLOWTHOU-26JUN19-T82,83° or above,83.0,999.0,7,14,86,93,109.0,low
158,2026-06-19T03:24:52Z,KIAH,2026-06-19,KXLOWTHOU-26JUN19-T75,74° or below,-999.0,74.0,0,3,97,100,200.0,low
159,2026-06-19T03:24:52Z,KIAH,2026-06-19,KXLOWTHOU-26JUN19-B81.5,81° to 82°,81.0,82.0,34,38,62,66,199.14,low
160,2026-06-19T03:24:52Z,KIAH,2026-06-19,KXLOWTHOU-26JUN19-B79.5,79° to 80°,79.0,80.0,40,41,59,60,197.97,low
161,2026-06-19T03:24:52Z,KIAH,2026-06-19,KXLOWTHOU-26JUN19-B77.5,77° to 78°,77.0,78.0,10,18,82,90,38.31,low
162,2026-06-19T03:24:52Z,KIAH,2026-06-19,KXLOWTHOU-26JUN19-B75.5,75° to 76°,75.0,76.0,3,8,92,97,1.0,low
163,2026-06-19T03:24:52Z,KIAH,2026-06-19,KXLOWTHOU-26JUN18-T81,82° or above,82.0,999.0,0,1,99,100,1087.89,low
164,2026-06-19T03:24:52Z,KIAH,2026-06-19,KXLOWTHOU-26JUN18-T74,73° or below,-999.0,73.0,0,1,99,100,208.0,low
165,2026-06-19T03:24:52Z,KIAH,2026-06-19,KXLOWTHOU-26JUN18-B80.5,80° to 81°,80.0,81.0,0,1,99,100,2818.33,low
166,2026-06-19T03:24:52Z,KIAH,2026-06-19,KXLOWTHOU-26JUN18-B78.5,78° to 79°,78.0,79.0,98,99,1,2,2324.4,low
167,2026-06-19T03:24:52Z,KIAH,2026-06-19,KXLOWTHOU-26JUN18-B76.5,76° to 77°,76.0,77.0,1,7,93,99,865.17,low
168,2026-06-19T03:24:52Z,KIAH,2026-06-19,KXLOWTHOU-26JUN18-B74.5,74° to 75°,74.0,75.0,0,3,97,100,420.17,low
169,2026-06-19T03:24:52Z,KLAS,2026-06-19,KXHIGHTLV-26JUN19-T108,109° or above,109.0,999.0,0,1,99,100,1020.0,high
170,2026-06-19T03:24:52Z,KLAS,2026-06-19,KXHIGHTLV-26JUN19-T101,100° or below,-999.0,100.0,1,2,98,99,217.0,high
171,2026-06-19T03:24:52Z,KLAS,2026-06-19,KXHIGHTLV-26JUN19-B107.5,107° to 108°,107.0,108.0,1,3,97,99,207.66,high
172,2026-06-19T03:24:52Z,KLAS,2026-06-19,KXHIGHTLV-26JUN19-B105.5,105° to 106°,105.0,106.0,4,8,92,96,145.68,high
173,2026-06-19T03:24:52Z,KLAS,2026-06-19,KXHIGHTLV-26JUN19-B103.5,103° to 104°,103.0,104.0,38,39,61,62,472.93,high
174,2026-06-19T03:24:52Z,KLAS,2026-06-19,KXHIGHTLV-26JUN19-B101.5,101° to 102°,101.0,102.0,50,52,48,50,827.85,high
175,2026-06-19T03:24:52Z,KLAS,2026-06-19,KXHIGHTLV-26JUN18-T111,112° or above,112.0,999.0,0,1,99,100,709.99,high
176,2026-06-19T03:24:52Z,KLAS,2026-06-19,KXHIGHTLV-26JUN18-T104,103° or below,-999.0,103.0,0,1,99,100,718.87,high
177,2026-06-19T03:24:52Z,KLAS,2026-06-19,KXHIGHTLV-26JUN18-B110.5,110° to 111°,110.0,111.0,0,1,99,100,1982.3,high
178,2026-06-19T03:24:52Z,KLAS,2026-06-19,KXHIGHTLV-26JUN18-B108.5,108° to 109°,108.0,109.0,0,1,99,100,7899.1,high
179,2026-06-19T03:24:52Z,KLAS,2026-06-19,KXHIGHTLV-26JUN18-B106.5,106° to 107°,106.0,107.0,99,100,0,1,4784.26,high
180,2026-06-19T03:24:52Z,KLAS,2026-06-19,KXHIGHTLV-26JUN18-B104.5,104° to 105°,104.0,105.0,0,1,99,100,9661.07,high
181,2026-06-19T03:24:52Z,KLAS,2026-06-19,KXLOWTLV-26JUN19-T81,82° or above,82.0,999.0,52,53,47,48,544.51,low
182,2026-06-19T03:24:52Z,KLAS,2026-06-19,KXLOWTLV-26JUN19-T74,73° or below,-999.0,73.0,0,5,95,100,200.0,low
183,2026-06-19T03:24:52Z,KLAS,2026-06-19,KXLOWTLV-26JUN19-B80.5,80° to 81°,80.0,81.0,40,43,57,60,57.48,low
184,2026-06-19T03:24:52Z,KLAS,2026-06-19,KXLOWTLV-26JUN19-B78.5,78° to 79°,78.0,79.0,7,14,86,93,278.92,low
185,2026-06-19T03:24:52Z,KLAS,2026-06-19,KXLOWTLV-26JUN19-B76.5,76° to 77°,76.0,77.0,4,6,94,96,37.42,low
186,2026-06-19T03:24:52Z,KLAS,2026-06-19,KXLOWTLV-26JUN19-B74.5,74° to 75°,74.0,75.0,1,4,96,99,7.0,low
187,2026-06-19T03:24:52Z,KLAS,2026-06-19,KXLOWTLV-26JUN18-T83,84° or above,84.0,999.0,94,100,0,6,5414.33,low
188,2026-06-19T03:24:52Z,KLAS,2026-06-19,KXLOWTLV-26JUN18-T76,75° or below,-999.0,75.0,0,1,99,100,461.51,low
189,2026-06-19T03:24:52Z,KLAS,2026-06-19,KXLOWTLV-26JUN18-B82.5,82° to 83°,82.0,83.0,0,7,93,100,647.77,low
190,2026-06-19T03:24:52Z,KLAS,2026-06-19,KXLOWTLV-26JUN18-B80.5,80° to 81°,80.0,81.0,0,9,91,100,394.41,low
191,2026-06-19T03:24:52Z,KLAS,2026-06-19,KXLOWTLV-26JUN18-B78.5,78° to 79°,78.0,79.0,0,2,98,100,250.0,low
192,2026-06-19T03:24:52Z,KLAS,2026-06-19,KXLOWTLV-26JUN18-B76.5,76° to 77°,76.0,77.0,0,2,98,100,200.0,low
193,2026-06-19T03:24:52Z,KLAX,2026-06-19,KXHIGHLAX-26JUN19-T73,74° or above,74.0,999.0,0,1,99,100,9513.38,high
194,2026-06-19T03:24:52Z,KLAX,2026-06-19,KXHIGHLAX-26JUN19-T66,65° or below,-999.0,65.0,0,1,99,100,1911.53,high
195,2026-06-19T03:24:52Z,KLAX,2026-06-19,KXHIGHLAX-26JUN19-B72.5,72° to 73°,72.0,73.0,8,9,91,92,7007.74,high
196,2026-06-19T03:24:52Z,KLAX,2026-06-19,KXHIGHLAX-26JUN19-B70.5,70° to 71°,70.0,71.0,52,55,45,48,3581.77,high
197,2026-06-19T03:24:52Z,KLAX,2026-06-19,KXHIGHLAX-26JUN19-B68.5,68° to 69°,68.0,69.0,36,38,62,64,5803.17,high
198,2026-06-19T03:24:52Z,KLAX,2026-06-19,KXHIGHLAX-26JUN19-B66.5,66° to 67°,66.0,67.0,2,3,97,98,2134.88,high
199,2026-06-19T03:24:52Z,KLAX,2026-06-19,KXHIGHLAX-26JUN18-T73,74° or above,74.0,999.0,0,1,99,100,132768.01,high
200,2026-06-19T03:24:52Z,KLAX,2026-06-19,KXHIGHLAX-26JUN18-T66,65° or below,-999.0,65.0,0,1,99,100,8180.38,high
201,2026-06-19T03:24:52Z,KLAX,2026-06-19,KXHIGHLAX-26JUN18-B72.5,72° to 73°,72.0,73.0,0,1,99,100,83989.65,high
202,2026-06-19T03:24:52Z,KLAX,2026-06-19,KXHIGHLAX-26JUN18-B70.5,70° to 71°,70.0,71.0,99,100,0,1,82584.4,high
203,2026-06-19T03:24:52Z,KLAX,2026-06-19,KXHIGHLAX-26JUN18-B68.5,68° to 69°,68.0,69.0,0,1,99,100,70250.56,high
204,2026-06-19T03:24:52Z,KLAX,2026-06-19,KXHIGHLAX-26JUN18-B66.5,66° to 67°,66.0,67.0,0,1,99,100,188529.74,high
205,2026-06-19T03:24:52Z,KLAX,2026-06-19,KXLOWTLAX-26JUN19-T62,63° or above,63.0,999.0,10,16,84,90,226.3,low
206,2026-06-19T03:24:52Z,KLAX,2026-06-19,KXLOWTLAX-26JUN19-T55,54° or below,-999.0,54.0,0,3,97,100,220.0,low
207,2026-06-19T03:24:52Z,KLAX,2026-06-19,KXLOWTLAX-26JUN19-B61.5,61° to 62°,61.0,62.0,44,45,55,56,198.9,low
208,2026-06-19T03:24:52Z,KLAX,2026-06-19,KXLOWTLAX-26JUN19-B59.5,59° to 60°,59.0,60.0,40,41,59,60,79.55,low
209,2026-06-19T03:24:52Z,KLAX,2026-06-19,KXLOWTLAX-26JUN19-B57.5,57° to 58°,57.0,58.0,2,3,97,98,221.0,low
210,2026-06-19T03:24:52Z,KLAX,2026-06-19,KXLOWTLAX-26JUN19-B55.5,55° to 56°,55.0,56.0,2,3,97,98,294.0,low
211,2026-06-19T03:24:52Z,KLAX,2026-06-19,KXLOWTLAX-26JUN18-T63,64° or above,64.0,999.0,0,1,99,100,1938.27,low
212,2026-06-19T03:24:52Z,KLAX,2026-06-19,KXLOWTLAX-26JUN18-T56,55° or below,-999.0,55.0,0,1,99,100,455.0,low
213,2026-06-19T03:24:52Z,KLAX,2026-06-19,KXLOWTLAX-26JUN18-B62.5,62° to 63°,62.0,63.0,56,70,30,44,1690.45,low
214,2026-06-19T03:24:52Z,KLAX,2026-06-19,KXLOWTLAX-26JUN18-B60.5,60° to 61°,60.0,61.0,40,41,59,60,742.11,low
215,2026-06-19T03:24:52Z,KLAX,2026-06-19,KXLOWTLAX-26JUN18-B58.5,58° to 59°,58.0,59.0,0,4,96,100,1113.01,low
216,2026-06-19T03:24:52Z,KLAX,2026-06-19,KXLOWTLAX-26JUN18-B56.5,56° to 57°,56.0,57.0,0,1,99,100,290.0,low
73,2026-06-19T03:24:52Z,KMDW,2026-06-19,KXHIGHCHI-26JUN19-T81,82° or above,82.0,999.0,0,3,97,100,2466.43,high
74,2026-06-19T03:24:52Z,KMDW,2026-06-19,KXHIGHCHI-26JUN19-T74,73° or below,-999.0,73.0,2,3,97,98,922.42,high
75,2026-06-19T03:24:52Z,KMDW,2026-06-19,KXHIGHCHI-26JUN19-B80.5,80° to 81°,80.0,81.0,8,9,91,92,1160.16,high
76,2026-06-19T03:24:52Z,KMDW,2026-06-19,KXHIGHCHI-26JUN19-B78.5,78° to 79°,78.0,79.0,26,28,72,74,1699.39,high
77,2026-06-19T03:24:52Z,KMDW,2026-06-19,KXHIGHCHI-26JUN19-B76.5,76° to 77°,76.0,77.0,44,48,52,56,1590.34,high
78,2026-06-19T03:24:52Z,KMDW,2026-06-19,KXHIGHCHI-26JUN19-B74.5,74° to 75°,74.0,75.0,10,14,86,90,2030.34,high
79,2026-06-19T03:24:52Z,KMDW,2026-06-19,KXHIGHCHI-26JUN18-T78,79° or above,79.0,999.0,0,1,99,100,3349.46,high
80,2026-06-19T03:24:52Z,KMDW,2026-06-19,KXHIGHCHI-26JUN18-T71,70° or below,-999.0,70.0,0,1,99,100,25638.34,high
81,2026-06-19T03:24:52Z,KMDW,2026-06-19,KXHIGHCHI-26JUN18-B77.5,77° to 78°,77.0,78.0,0,1,99,100,5307.26,high
82,2026-06-19T03:24:52Z,KMDW,2026-06-19,KXHIGHCHI-26JUN18-B75.5,75° to 76°,75.0,76.0,0,1,99,100,18124.62,high
83,2026-06-19T03:24:52Z,KMDW,2026-06-19,KXHIGHCHI-26JUN18-B73.5,73° to 74°,73.0,74.0,99,100,0,1,24883.9,high
84,2026-06-19T03:24:52Z,KMDW,2026-06-19,KXHIGHCHI-26JUN18-B71.5,71° to 72°,71.0,72.0,0,1,99,100,29169.55,high
85,2026-06-19T03:24:52Z,KMDW,2026-06-19,KXLOWTCHI-26JUN19-T60,61° or above,61.0,999.0,28,29,71,72,1061.39,low
86,2026-06-19T03:24:52Z,KMDW,2026-06-19,KXLOWTCHI-26JUN19-T53,52° or below,-999.0,52.0,0,1,99,100,502.51,low
87,2026-06-19T03:24:52Z,KMDW,2026-06-19,KXLOWTCHI-26JUN19-B59.5,59° to 60°,59.0,60.0,21,49,51,79,23.63,low
88,2026-06-19T03:24:52Z,KMDW,2026-06-19,KXLOWTCHI-26JUN19-B57.5,57° to 58°,57.0,58.0,24,35,65,76,93.76,low
89,2026-06-19T03:24:52Z,KMDW,2026-06-19,KXLOWTCHI-26JUN19-B55.5,55° to 56°,55.0,56.0,6,7,93,94,247.24,low
90,2026-06-19T03:24:52Z,KMDW,2026-06-19,KXLOWTCHI-26JUN19-B53.5,53° to 54°,53.0,54.0,0,1,99,100,671.51,low
91,2026-06-19T03:24:52Z,KMDW,2026-06-19,KXLOWTCHI-26JUN18-T61,62° or above,62.0,999.0,65,79,21,35,4571.87,low
92,2026-06-19T03:24:52Z,KMDW,2026-06-19,KXLOWTCHI-26JUN18-T54,53° or below,-999.0,53.0,0,1,99,100,640.72,low
93,2026-06-19T03:24:52Z,KMDW,2026-06-19,KXLOWTCHI-26JUN18-B60.5,60° to 61°,60.0,61.0,23,49,51,77,1788.93,low
94,2026-06-19T03:24:52Z,KMDW,2026-06-19,KXLOWTCHI-26JUN18-B58.5,58° to 59°,58.0,59.0,0,30,70,100,1882.74,low
95,2026-06-19T03:24:52Z,KMDW,2026-06-19,KXLOWTCHI-26JUN18-B56.5,56° to 57°,56.0,57.0,0,1,99,100,540.13,low
96,2026-06-19T03:24:52Z,KMDW,2026-06-19,KXLOWTCHI-26JUN18-B54.5,54° to 55°,54.0,55.0,0,2,98,100,877.13,low
217,2026-06-19T03:24:52Z,KMIA,2026-06-19,KXHIGHMIA-26JUN19-T96,97° or above,97.0,999.0,0,1,99,100,2828.54,high
218,2026-06-19T03:24:52Z,KMIA,2026-06-19,KXHIGHMIA-26JUN19-T89,88° or below,-999.0,88.0,0,1,99,100,1599.24,high
219,2026-06-19T03:24:52Z,KMIA,2026-06-19,KXHIGHMIA-26JUN19-B95.5,95° to 96°,95.0,96.0,13,14,86,87,807.42,high
220,2026-06-19T03:24:52Z,KMIA,2026-06-19,KXHIGHMIA-26JUN19-B93.5,93° to 94°,93.0,94.0,60,61,39,40,2745.93,high
221,2026-06-19T03:24:52Z,KMIA,2026-06-19,KXHIGHMIA-26JUN19-B91.5,91° to 92°,91.0,92.0,22,25,75,78,2572.66,high
222,2026-06-19T03:24:52Z,KMIA,2026-06-19,KXHIGHMIA-26JUN19-B89.5,89° to 90°,89.0,90.0,1,3,97,99,990.91,high
223,2026-06-19T03:24:52Z,KMIA,2026-06-19,KXHIGHMIA-26JUN18-T96,97° or above,97.0,999.0,0,1,99,100,10816.18,high
224,2026-06-19T03:24:52Z,KMIA,2026-06-19,KXHIGHMIA-26JUN18-T89,88° or below,-999.0,88.0,0,1,99,100,5161.17,high
225,2026-06-19T03:24:52Z,KMIA,2026-06-19,KXHIGHMIA-26JUN18-B95.5,95° to 96°,95.0,96.0,0,1,99,100,26363.06,high
226,2026-06-19T03:24:52Z,KMIA,2026-06-19,KXHIGHMIA-26JUN18-B93.5,93° to 94°,93.0,94.0,99,100,0,1,31673.55,high
227,2026-06-19T03:24:52Z,KMIA,2026-06-19,KXHIGHMIA-26JUN18-B91.5,91° to 92°,91.0,92.0,0,1,99,100,56908.57,high
228,2026-06-19T03:24:52Z,KMIA,2026-06-19,KXHIGHMIA-26JUN18-B89.5,89° to 90°,89.0,90.0,0,1,99,100,28931.19,high
229,2026-06-19T03:24:52Z,KMIA,2026-06-19,KXLOWTMIA-26JUN19-T82,83° or above,83.0,999.0,8,9,91,92,458.33,low
230,2026-06-19T03:24:52Z,KMIA,2026-06-19,KXLOWTMIA-26JUN19-T75,74° or below,-999.0,74.0,0,3,97,100,357.59,low
231,2026-06-19T03:24:52Z,KMIA,2026-06-19,KXLOWTMIA-26JUN19-B81.5,81° to 82°,81.0,82.0,42,43,57,58,2068.82,low
232,2026-06-19T03:24:52Z,KMIA,2026-06-19,KXLOWTMIA-26JUN19-B79.5,79° to 80°,79.0,80.0,23,26,74,77,253.9,low
233,2026-06-19T03:24:52Z,KMIA,2026-06-19,KXLOWTMIA-26JUN19-B77.5,77° to 78°,77.0,78.0,16,19,81,84,7.0,low
234,2026-06-19T03:24:52Z,KMIA,2026-06-19,KXLOWTMIA-26JUN19-B75.5,75° to 76°,75.0,76.0,9,10,90,91,19.0,low
235,2026-06-19T03:24:52Z,KMIA,2026-06-19,KXLOWTMIA-26JUN18-T82,83° or above,83.0,999.0,0,1,99,100,2694.48,low
236,2026-06-19T03:24:52Z,KMIA,2026-06-19,KXLOWTMIA-26JUN18-T75,74° or below,-999.0,74.0,0,1,99,100,1197.67,low
237,2026-06-19T03:24:52Z,KMIA,2026-06-19,KXLOWTMIA-26JUN18-B81.5,81° to 82°,81.0,82.0,97,100,0,3,3872.19,low
238,2026-06-19T03:24:52Z,KMIA,2026-06-19,KXLOWTMIA-26JUN18-B79.5,79° to 80°,79.0,80.0,0,3,97,100,2250.21,low
239,2026-06-19T03:24:52Z,KMIA,2026-06-19,KXLOWTMIA-26JUN18-B77.5,77° to 78°,77.0,78.0,0,1,99,100,382.56,low
240,2026-06-19T03:24:52Z,KMIA,2026-06-19,KXLOWTMIA-26JUN18-B75.5,75° to 76°,75.0,76.0,0,1,99,100,503.59,low
241,2026-06-19T03:24:52Z,KMSP,2026-06-19,KXHIGHTMIN-26JUN19-T78,79° or above,79.0,999.0,1,7,93,99,36.0,high
242,2026-06-19T03:24:52Z,KMSP,2026-06-19,KXHIGHTMIN-26JUN19-T71,70° or below,-999.0,70.0,1,6,94,99,1074.45,high
243,2026-06-19T03:24:52Z,KMSP,2026-06-19,KXHIGHTMIN-26JUN19-B77.5,77° to 78°,77.0,78.0,10,17,83,90,281.0,high
244,2026-06-19T03:24:52Z,KMSP,2026-06-19,KXHIGHTMIN-26JUN19-B75.5,75° to 76°,75.0,76.0,32,37,63,68,224.28,high
245,2026-06-19T03:24:52Z,KMSP,2026-06-19,KXHIGHTMIN-26JUN19-B73.5,73° to 74°,73.0,74.0,37,41,59,63,532.0,high
246,2026-06-19T03:24:52Z,KMSP,2026-06-19,KXHIGHTMIN-26JUN19-B71.5,71° to 72°,71.0,72.0,15,20,80,85,140.42,high
247,2026-06-19T03:24:52Z,KMSP,2026-06-19,KXHIGHTMIN-26JUN18-T76,77° or above,77.0,999.0,0,1,99,100,1871.84,high
248,2026-06-19T03:24:52Z,KMSP,2026-06-19,KXHIGHTMIN-26JUN18-T69,68° or below,-999.0,68.0,0,1,99,100,1006.66,high
249,2026-06-19T03:24:52Z,KMSP,2026-06-19,KXHIGHTMIN-26JUN18-B75.5,75° to 76°,75.0,76.0,0,1,99,100,5808.64,high
250,2026-06-19T03:24:52Z,KMSP,2026-06-19,KXHIGHTMIN-26JUN18-B73.5,73° to 74°,73.0,74.0,99,100,0,1,6332.81,high
251,2026-06-19T03:24:52Z,KMSP,2026-06-19,KXHIGHTMIN-26JUN18-B71.5,71° to 72°,71.0,72.0,0,1,99,100,11766.18,high
252,2026-06-19T03:24:52Z,KMSP,2026-06-19,KXHIGHTMIN-26JUN18-B69.5,69° to 70°,69.0,70.0,0,1,99,100,1399.98,high
253,2026-06-19T03:24:52Z,KMSP,2026-06-19,KXLOWTMIN-26JUN19-T52,53° or above,53.0,999.0,63,67,33,37,839.06,low
254,2026-06-19T03:24:52Z,KMSP,2026-06-19,KXLOWTMIN-26JUN19-T45,44° or below,-999.0,44.0,0,3,97,100,357.87,low
255,2026-06-19T03:24:52Z,KMSP,2026-06-19,KXLOWTMIN-26JUN19-B51.5,51° to 52°,51.0,52.0,23,36,64,77,63.4,low
256,2026-06-19T03:24:52Z,KMSP,2026-06-19,KXLOWTMIN-26JUN19-B49.5,49° to 50°,49.0,50.0,3,20,80,97,9.0,low
257,2026-06-19T03:24:52Z,KMSP,2026-06-19,KXLOWTMIN-26JUN19-B47.5,47° to 48°,47.0,48.0,1,4,96,99,3.0,low
258,2026-06-19T03:24:52Z,KMSP,2026-06-19,KXLOWTMIN-26JUN19-B45.5,45° to 46°,45.0,46.0,0,2,98,100,269.0,low
259,2026-06-19T03:24:52Z,KMSP,2026-06-19,KXLOWTMIN-26JUN18-T55,56° or above,56.0,999.0,79,98,2,21,2030.16,low
260,2026-06-19T03:24:52Z,KMSP,2026-06-19,KXLOWTMIN-26JUN18-T48,47° or below,-999.0,47.0,0,1,99,100,217.0,low
261,2026-06-19T03:24:52Z,KMSP,2026-06-19,KXLOWTMIN-26JUN18-B54.5,54° to 55°,54.0,55.0,1,18,82,99,472.32,low
262,2026-06-19T03:24:52Z,KMSP,2026-06-19,KXLOWTMIN-26JUN18-B52.5,52° to 53°,52.0,53.0,0,10,90,100,361.09,low
263,2026-06-19T03:24:52Z,KMSP,2026-06-19,KXLOWTMIN-26JUN18-B50.5,50° to 51°,50.0,51.0,0,10,90,100,237.13,low
264,2026-06-19T03:24:52Z,KMSP,2026-06-19,KXLOWTMIN-26JUN18-B48.5,48° to 49°,48.0,49.0,0,2,98,100,271.0,low
265,2026-06-19T03:24:52Z,KMSY,2026-06-19,KXHIGHTNOLA-26JUN19-T97,98° or above,98.0,999.0,0,2,98,100,177.0,high
266,2026-06-19T03:24:52Z,KMSY,2026-06-19,KXHIGHTNOLA-26JUN19-T90,89° or below,-999.0,89.0,5,6,94,95,2.0,high
267,2026-06-19T03:24:52Z,KMSY,2026-06-19,KXHIGHTNOLA-26JUN19-B96.5,96° to 97°,96.0,97.0,3,7,93,97,3.0,high
268,2026-06-19T03:24:52Z,KMSY,2026-06-19,KXHIGHTNOLA-26JUN19-B94.5,94° to 95°,94.0,95.0,24,28,72,76,77.4,high
269,2026-06-19T03:24:52Z,KMSY,2026-06-19,KXHIGHTNOLA-26JUN19-B92.5,92° to 93°,92.0,93.0,44,49,51,56,34.19,high
270,2026-06-19T03:24:52Z,KMSY,2026-06-19,KXHIGHTNOLA-26JUN19-B90.5,90° to 91°,90.0,91.0,19,28,72,81,169.06,high
271,2026-06-19T03:24:52Z,KMSY,2026-06-19,KXHIGHTNOLA-26JUN18-T94,95° or above,95.0,999.0,0,1,99,100,1161.38,high
272,2026-06-19T03:24:52Z,KMSY,2026-06-19,KXHIGHTNOLA-26JUN18-T87,86° or below,-999.0,86.0,0,1,99,100,8370.48,high
273,2026-06-19T03:24:52Z,KMSY,2026-06-19,KXHIGHTNOLA-26JUN18-B93.5,93° to 94°,93.0,94.0,0,1,99,100,2258.63,high
274,2026-06-19T03:24:52Z,KMSY,2026-06-19,KXHIGHTNOLA-26JUN18-B91.5,91° to 92°,91.0,92.0,0,1,99,100,6370.55,high
275,2026-06-19T03:24:52Z,KMSY,2026-06-19,KXHIGHTNOLA-26JUN18-B89.5,89° to 90°,89.0,90.0,99,100,0,1,8444.34,high
276,2026-06-19T03:24:52Z,KMSY,2026-06-19,KXHIGHTNOLA-26JUN18-B87.5,87° to 88°,87.0,88.0,0,1,99,100,4998.16,high
277,2026-06-19T03:24:52Z,KMSY,2026-06-19,KXLOWTNOLA-26JUN19-T82,83° or above,83.0,999.0,3,5,95,97,250.0,low
278,2026-06-19T03:24:52Z,KMSY,2026-06-19,KXLOWTNOLA-26JUN19-T75,74° or below,-999.0,74.0,1,8,92,99,39.0,low
279,2026-06-19T03:24:52Z,KMSY,2026-06-19,KXLOWTNOLA-26JUN19-B81.5,81° to 82°,81.0,82.0,12,17,83,88,165.0,low
280,2026-06-19T03:24:52Z,KMSY,2026-06-19,KXLOWTNOLA-26JUN19-B79.5,79° to 80°,79.0,80.0,27,28,72,73,0.0,low
281,2026-06-19T03:24:52Z,KMSY,2026-06-19,KXLOWTNOLA-26JUN19-B77.5,77° to 78°,77.0,78.0,36,39,61,64,129.65,low
282,2026-06-19T03:24:52Z,KMSY,2026-06-19,KXLOWTNOLA-26JUN19-B75.5,75° to 76°,75.0,76.0,10,17,83,90,100.0,low
283,2026-06-19T03:24:52Z,KMSY,2026-06-19,KXLOWTNOLA-26JUN18-T80,81° or above,81.0,999.0,0,1,99,100,849.34,low
284,2026-06-19T03:24:52Z,KMSY,2026-06-19,KXLOWTNOLA-26JUN18-T73,72° or below,-999.0,72.0,99,100,0,1,3842.31,low
285,2026-06-19T03:24:52Z,KMSY,2026-06-19,KXLOWTNOLA-26JUN18-B79.5,79° to 80°,79.0,80.0,0,1,99,100,9897.28,low
286,2026-06-19T03:24:52Z,KMSY,2026-06-19,KXLOWTNOLA-26JUN18-B77.5,77° to 78°,77.0,78.0,0,1,99,100,652.85,low
287,2026-06-19T03:24:52Z,KMSY,2026-06-19,KXLOWTNOLA-26JUN18-B75.5,75° to 76°,75.0,76.0,0,1,99,100,13175.22,low
288,2026-06-19T03:24:52Z,KMSY,2026-06-19,KXLOWTNOLA-26JUN18-B73.5,73° to 74°,73.0,74.0,0,1,99,100,3218.0,low
289,2026-06-19T03:24:52Z,KNYC,2026-06-19,KXHIGHNY-26JUN19-T88,89° or above,89.0,999.0,0,1,99,100,2691.3,high
290,2026-06-19T03:24:52Z,KNYC,2026-06-19,KXHIGHNY-26JUN19-T81,80° or below,-999.0,80.0,25,31,69,75,2885.22,high
291,2026-06-19T03:24:52Z,KNYC,2026-06-19,KXHIGHNY-26JUN19-B87.5,87° to 88°,87.0,88.0,1,2,98,99,1082.98,high
292,2026-06-19T03:24:52Z,KNYC,2026-06-19,KXHIGHNY-26JUN19-B85.5,85° to 86°,85.0,86.0,8,9,91,92,3258.57,high
293,2026-06-19T03:24:52Z,KNYC,2026-06-19,KXHIGHNY-26JUN19-B83.5,83° to 84°,83.0,84.0,27,31,69,73,3391.57,high
294,2026-06-19T03:24:52Z,KNYC,2026-06-19,KXHIGHNY-26JUN19-B81.5,81° to 82°,81.0,82.0,38,42,58,62,3457.46,high
295,2026-06-19T03:24:52Z,KNYC,2026-06-19,KXHIGHNY-26JUN18-T90,91° or above,91.0,999.0,0,1,99,100,30650.74,high
296,2026-06-19T03:24:52Z,KNYC,2026-06-19,KXHIGHNY-26JUN18-T83,82° or below,-999.0,82.0,0,1,99,100,53356.97,high
297,2026-06-19T03:24:52Z,KNYC,2026-06-19,KXHIGHNY-26JUN18-B89.5,89° to 90°,89.0,90.0,0,1,99,100,58168.26,high
298,2026-06-19T03:24:52Z,KNYC,2026-06-19,KXHIGHNY-26JUN18-B87.5,87° to 88°,87.0,88.0,0,1,99,100,84765.8,high
299,2026-06-19T03:24:52Z,KNYC,2026-06-19,KXHIGHNY-26JUN18-B85.5,85° to 86°,85.0,86.0,99,100,0,1,64428.2,high
300,2026-06-19T03:24:52Z,KNYC,2026-06-19,KXHIGHNY-26JUN18-B83.5,83° to 84°,83.0,84.0,0,1,99,100,45037.88,high
301,2026-06-19T03:24:52Z,KNYC,2026-06-19,KXLOWTNYC-26JUN19-T72,73° or above,73.0,999.0,1,5,95,99,606.27,low
302,2026-06-19T03:24:52Z,KNYC,2026-06-19,KXLOWTNYC-26JUN19-T65,64° or below,-999.0,64.0,0,1,99,100,1869.51,low
303,2026-06-19T03:24:52Z,KNYC,2026-06-19,KXLOWTNYC-26JUN19-B71.5,71° to 72°,71.0,72.0,2,7,93,98,55.23,low
304,2026-06-19T03:24:52Z,KNYC,2026-06-19,KXLOWTNYC-26JUN19-B69.5,69° to 70°,69.0,70.0,29,34,66,71,400.02,low
305,2026-06-19T03:24:52Z,KNYC,2026-06-19,KXLOWTNYC-26JUN19-B67.5,67° to 68°,67.0,68.0,43,48,52,57,236.23,low
306,2026-06-19T03:24:52Z,KNYC,2026-06-19,KXLOWTNYC-26JUN19-B65.5,65° to 66°,65.0,66.0,18,24,76,82,529.34,low
307,2026-06-19T03:24:52Z,KNYC,2026-06-19,KXLOWTNYC-26JUN18-T68,69° or above,69.0,999.0,0,1,99,100,6044.21,low
308,2026-06-19T03:24:52Z,KNYC,2026-06-19,KXLOWTNYC-26JUN18-T61,60° or below,-999.0,60.0,0,1,99,100,922.02,low
309,2026-06-19T03:24:52Z,KNYC,2026-06-19,KXLOWTNYC-26JUN18-B67.5,67° to 68°,67.0,68.0,98,100,0,2,7921.35,low
310,2026-06-19T03:24:52Z,KNYC,2026-06-19,KXLOWTNYC-26JUN18-B65.5,65° to 66°,65.0,66.0,0,1,99,100,2323.36,low
311,2026-06-19T03:24:52Z,KNYC,2026-06-19,KXLOWTNYC-26JUN18-B63.5,63° to 64°,63.0,64.0,0,1,99,100,1399.61,low
312,2026-06-19T03:24:52Z,KNYC,2026-06-19,KXLOWTNYC-26JUN18-B61.5,61° to 62°,61.0,62.0,0,1,99,100,1724.07,low
313,2026-06-19T03:24:52Z,KOKC,2026-06-19,KXHIGHTOKC-26JUN19-T90,91° or above,91.0,999.0,0,2,98,100,434.28,high
314,2026-06-19T03:24:52Z,KOKC,2026-06-19,KXHIGHTOKC-26JUN19-T83,82° or below,-999.0,82.0,30,36,64,70,1744.86,high
315,2026-06-19T03:24:52Z,KOKC,2026-06-19,KXHIGHTOKC-26JUN19-B89.5,89° to 90°,89.0,90.0,2,3,97,98,37.0,high
316,2026-06-19T03:24:52Z,KOKC,2026-06-19,KXHIGHTOKC-26JUN19-B87.5,87° to 88°,87.0,88.0,6,8,92,94,491.03,high
317,2026-06-19T03:24:52Z,KOKC,2026-06-19,KXHIGHTOKC-26JUN19-B85.5,85° to 86°,85.0,86.0,21,27,73,79,274.91,high
318,2026-06-19T03:24:52Z,KOKC,2026-06-19,KXHIGHTOKC-26JUN19-B83.5,83° to 84°,83.0,84.0,36,42,58,64,719.23,high
319,2026-06-19T03:24:52Z,KOKC,2026-06-19,KXHIGHTOKC-26JUN18-T89,90° or above,90.0,999.0,0,1,99,100,10143.07,high
320,2026-06-19T03:24:52Z,KOKC,2026-06-19,KXHIGHTOKC-26JUN18-T82,81° or below,-999.0,81.0,0,1,99,100,18855.26,high
321,2026-06-19T03:24:52Z,KOKC,2026-06-19,KXHIGHTOKC-26JUN18-B88.5,88° to 89°,88.0,89.0,0,1,99,100,4064.24,high
322,2026-06-19T03:24:52Z,KOKC,2026-06-19,KXHIGHTOKC-26JUN18-B86.5,86° to 87°,86.0,87.0,0,1,99,100,3840.1,high
323,2026-06-19T03:24:52Z,KOKC,2026-06-19,KXHIGHTOKC-26JUN18-B84.5,84° to 85°,84.0,85.0,0,1,99,100,10584.27,high
324,2026-06-19T03:24:52Z,KOKC,2026-06-19,KXHIGHTOKC-26JUN18-B82.5,82° to 83°,82.0,83.0,99,100,0,1,16518.95,high
325,2026-06-19T03:24:52Z,KOKC,2026-06-19,KXLOWTOKC-26JUN19-T68,69° or above,69.0,999.0,1,5,95,99,3.0,low
326,2026-06-19T03:24:52Z,KOKC,2026-06-19,KXLOWTOKC-26JUN19-T61,60° or below,-999.0,60.0,1,6,94,99,0.0,low
327,2026-06-19T03:24:52Z,KOKC,2026-06-19,KXLOWTOKC-26JUN19-B67.5,67° to 68°,67.0,68.0,11,12,88,89,11.0,low
328,2026-06-19T03:24:52Z,KOKC,2026-06-19,KXLOWTOKC-26JUN19-B65.5,65° to 66°,65.0,66.0,28,38,62,72,10.83,low
329,2026-06-19T03:24:52Z,KOKC,2026-06-19,KXLOWTOKC-26JUN19-B63.5,63° to 64°,63.0,64.0,37,39,61,63,119.63,low
330,2026-06-19T03:24:52Z,KOKC,2026-06-19,KXLOWTOKC-26JUN19-B61.5,61° to 62°,61.0,62.0,10,20,80,90,23.0,low
331,2026-06-19T03:24:52Z,KOKC,2026-06-19,KXLOWTOKC-26JUN18-T73,74° or above,74.0,999.0,0,1,99,100,1525.33,low
332,2026-06-19T03:24:52Z,KOKC,2026-06-19,KXLOWTOKC-26JUN18-T66,65° or below,-999.0,65.0,5,12,88,95,3577.52,low
333,2026-06-19T03:24:52Z,KOKC,2026-06-19,KXLOWTOKC-26JUN18-B72.5,72° to 73°,72.0,73.0,0,1,99,100,3596.81,low
334,2026-06-19T03:24:52Z,KOKC,2026-06-19,KXLOWTOKC-26JUN18-B70.5,70° to 71°,70.0,71.0,10,27,73,90,5880.89,low
335,2026-06-19T03:24:52Z,KOKC,2026-06-19,KXLOWTOKC-26JUN18-B68.5,68° to 69°,68.0,69.0,40,69,31,60,2135.62,low
336,2026-06-19T03:24:52Z,KOKC,2026-06-19,KXLOWTOKC-26JUN18-B66.5,66° to 67°,66.0,67.0,21,47,53,79,3552.23,low
337,2026-06-19T03:24:52Z,KPHL,2026-06-19,KXHIGHPHIL-26JUN19-T85,86° or above,86.0,999.0,20,24,76,80,811.85,high
338,2026-06-19T03:24:52Z,KPHL,2026-06-19,KXHIGHPHIL-26JUN19-T78,77° or below,-999.0,77.0,1,2,98,99,240.8,high
339,2026-06-19T03:24:52Z,KPHL,2026-06-19,KXHIGHPHIL-26JUN19-B84.5,84° to 85°,84.0,85.0,45,48,52,55,499.79,high
340,2026-06-19T03:24:52Z,KPHL,2026-06-19,KXHIGHPHIL-26JUN19-B82.5,82° to 83°,82.0,83.0,25,30,70,75,622.52,high
341,2026-06-19T03:24:52Z,KPHL,2026-06-19,KXHIGHPHIL-26JUN19-B80.5,80° to 81°,80.0,81.0,3,7,93,97,119.8,high
342,2026-06-19T03:24:52Z,KPHL,2026-06-19,KXHIGHPHIL-26JUN19-B78.5,78° to 79°,78.0,79.0,1,5,95,99,107.8,high
343,2026-06-19T03:24:52Z,KPHL,2026-06-19,KXHIGHPHIL-26JUN18-T95,96° or above,96.0,999.0,0,1,99,100,6990.81,high
344,2026-06-19T03:24:52Z,KPHL,2026-06-19,KXHIGHPHIL-26JUN18-T88,87° or below,-999.0,87.0,0,1,99,100,4491.2,high
345,2026-06-19T03:24:52Z,KPHL,2026-06-19,KXHIGHPHIL-26JUN18-B94.5,94° to 95°,94.0,95.0,0,1,99,100,6238.24,high
346,2026-06-19T03:24:52Z,KPHL,2026-06-19,KXHIGHPHIL-26JUN18-B92.5,92° to 93°,92.0,93.0,99,100,0,1,10711.56,high
347,2026-06-19T03:24:52Z,KPHL,2026-06-19,KXHIGHPHIL-26JUN18-B90.5,90° to 91°,90.0,91.0,0,1,99,100,10203.0,high
348,2026-06-19T03:24:52Z,KPHL,2026-06-19,KXHIGHPHIL-26JUN18-B88.5,88° to 89°,88.0,89.0,0,1,99,100,4503.2,high
349,2026-06-19T03:24:52Z,KPHL,2026-06-19,KXLOWTPHIL-26JUN19-T72,73° or above,73.0,999.0,20,22,78,80,314.36,low
350,2026-06-19T03:24:52Z,KPHL,2026-06-19,KXLOWTPHIL-26JUN19-T65,64° or below,-999.0,64.0,0,1,99,100,314.0,low
351,2026-06-19T03:24:52Z,KPHL,2026-06-19,KXLOWTPHIL-26JUN19-B71.5,71° to 72°,71.0,72.0,45,53,47,55,135.17,low
352,2026-06-19T03:24:52Z,KPHL,2026-06-19,KXLOWTPHIL-26JUN19-B69.5,69° to 70°,69.0,70.0,20,27,73,80,139.0,low
353,2026-06-19T03:24:52Z,KPHL,2026-06-19,KXLOWTPHIL-26JUN19-B67.5,67° to 68°,67.0,68.0,5,8,92,95,5.0,low
354,2026-06-19T03:24:52Z,KPHL,2026-06-19,KXLOWTPHIL-26JUN19-B65.5,65° to 66°,65.0,66.0,0,1,99,100,335.7,low
355,2026-06-19T03:24:52Z,KPHL,2026-06-19,KXLOWTPHIL-26JUN18-T70,71° or above,71.0,999.0,99,100,0,1,4944.85,low
356,2026-06-19T03:24:52Z,KPHL,2026-06-19,KXLOWTPHIL-26JUN18-T63,62° or below,-999.0,62.0,0,1,99,100,669.08,low
357,2026-06-19T03:24:52Z,KPHL,2026-06-19,KXLOWTPHIL-26JUN18-B69.5,69° to 70°,69.0,70.0,0,1,99,100,942.47,low
358,2026-06-19T03:24:52Z,KPHL,2026-06-19,KXLOWTPHIL-26JUN18-B67.5,67° to 68°,67.0,68.0,0,1,99,100,368.0,low
359,2026-06-19T03:24:52Z,KPHL,2026-06-19,KXLOWTPHIL-26JUN18-B65.5,65° to 66°,65.0,66.0,0,1,99,100,570.51,low
360,2026-06-19T03:24:52Z,KPHL,2026-06-19,KXLOWTPHIL-26JUN18-B63.5,63° to 64°,63.0,64.0,0,1,99,100,1033.1,low
361,2026-06-19T03:24:52Z,KPHX,2026-06-19,KXHIGHTPHX-26JUN19-T110,111° or above,111.0,999.0,1,2,98,99,543.0,high
362,2026-06-19T03:24:52Z,KPHX,2026-06-19,KXHIGHTPHX-26JUN19-T103,102° or below,-999.0,102.0,0,2,98,100,1321.36,high
363,2026-06-19T03:24:52Z,KPHX,2026-06-19,KXHIGHTPHX-26JUN19-B109.5,109° to 110°,109.0,110.0,1,6,94,99,776.88,high
364,2026-06-19T03:24:52Z,KPHX,2026-06-19,KXHIGHTPHX-26JUN19-B107.5,107° to 108°,107.0,108.0,53,55,45,47,771.83,high
365,2026-06-19T03:24:52Z,KPHX,2026-06-19,KXHIGHTPHX-26JUN19-B105.5,105° to 106°,105.0,106.0,37,38,62,63,653.02,high
366,2026-06-19T03:24:52Z,KPHX,2026-06-19,KXHIGHTPHX-26JUN19-B103.5,103° to 104°,103.0,104.0,0,4,96,100,2654.49,high
367,2026-06-19T03:24:52Z,KPHX,2026-06-19,KXHIGHTPHX-26JUN18-T111,112° or above,112.0,999.0,0,1,99,100,1892.29,high
368,2026-06-19T03:24:52Z,KPHX,2026-06-19,KXHIGHTPHX-26JUN18-T104,103° or below,-999.0,103.0,0,1,99,100,5379.16,high
369,2026-06-19T03:24:52Z,KPHX,2026-06-19,KXHIGHTPHX-26JUN18-B110.5,110° to 111°,110.0,111.0,0,1,99,100,4417.33,high
370,2026-06-19T03:24:52Z,KPHX,2026-06-19,KXHIGHTPHX-26JUN18-B108.5,108° to 109°,108.0,109.0,99,100,0,1,14956.23,high
371,2026-06-19T03:24:52Z,KPHX,2026-06-19,KXHIGHTPHX-26JUN18-B106.5,106° to 107°,106.0,107.0,0,1,99,100,43662.16,high
372,2026-06-19T03:24:52Z,KPHX,2026-06-19,KXHIGHTPHX-26JUN18-B104.5,104° to 105°,104.0,105.0,0,1,99,100,30996.08,high
373,2026-06-19T03:24:52Z,KPHX,2026-06-19,KXLOWTPHX-26JUN19-T82,83° or above,83.0,999.0,34,47,53,66,561.67,low
374,2026-06-19T03:24:52Z,KPHX,2026-06-19,KXLOWTPHX-26JUN19-T75,74° or below,-999.0,74.0,0,3,97,100,200.0,low
375,2026-06-19T03:24:52Z,KPHX,2026-06-19,KXLOWTPHX-26JUN19-B81.5,81° to 82°,81.0,82.0,39,47,53,61,108.84,low
376,2026-06-19T03:24:52Z,KPHX,2026-06-19,KXLOWTPHX-26JUN19-B79.5,79° to 80°,79.0,80.0,6,21,79,94,23.57,low
377,2026-06-19T03:24:52Z,KPHX,2026-06-19,KXLOWTPHX-26JUN19-B77.5,77° to 78°,77.0,78.0,1,6,94,99,0.0,low
378,2026-06-19T03:24:52Z,KPHX,2026-06-19,KXLOWTPHX-26JUN19-B75.5,75° to 76°,75.0,76.0,0,3,97,100,215.0,low
379,2026-06-19T03:24:52Z,KPHX,2026-06-19,KXLOWTPHX-26JUN18-T85,86° or above,86.0,999.0,0,1,99,100,5988.76,low
380,2026-06-19T03:24:52Z,KPHX,2026-06-19,KXLOWTPHX-26JUN18-T78,77° or below,-999.0,77.0,0,1,99,100,538.58,low
381,2026-06-19T03:24:52Z,KPHX,2026-06-19,KXLOWTPHX-26JUN18-B84.5,84° to 85°,84.0,85.0,99,100,0,1,3506.63,low
382,2026-06-19T03:24:52Z,KPHX,2026-06-19,KXLOWTPHX-26JUN18-B82.5,82° to 83°,82.0,83.0,0,1,99,100,2032.55,low
383,2026-06-19T03:24:52Z,KPHX,2026-06-19,KXLOWTPHX-26JUN18-B80.5,80° to 81°,80.0,81.0,0,1,99,100,1035.22,low
384,2026-06-19T03:24:52Z,KPHX,2026-06-19,KXLOWTPHX-26JUN18-B78.5,78° to 79°,78.0,79.0,0,1,99,100,1032.57,low
385,2026-06-19T03:24:52Z,KSAT,2026-06-19,KXHIGHTSATX-26JUN19-T99,100° or above,100.0,999.0,0,1,99,100,255.0,high
386,2026-06-19T03:24:52Z,KSAT,2026-06-19,KXHIGHTSATX-26JUN19-T92,91° or below,-999.0,91.0,46,52,48,54,735.22,high
387,2026-06-19T03:24:52Z,KSAT,2026-06-19,KXHIGHTSATX-26JUN19-B98.5,98° to 99°,98.0,99.0,1,2,98,99,452.0,high
388,2026-06-19T03:24:52Z,KSAT,2026-06-19,KXHIGHTSATX-26JUN19-B96.5,96° to 97°,96.0,97.0,1,3,97,99,492.27,high
389,2026-06-19T03:24:52Z,KSAT,2026-06-19,KXHIGHTSATX-26JUN19-B94.5,94° to 95°,94.0,95.0,11,17,83,89,468.31,high
390,2026-06-19T03:24:52Z,KSAT,2026-06-19,KXHIGHTSATX-26JUN19-B92.5,92° to 93°,92.0,93.0,34,38,62,66,316.16,high
391,2026-06-19T03:24:52Z,KSAT,2026-06-19,KXHIGHTSATX-26JUN18-T95,94° or below,-999.0,94.0,0,1,99,100,1765.22,high
392,2026-06-19T03:24:52Z,KSAT,2026-06-19,KXHIGHTSATX-26JUN18-T102,103° or above,103.0,999.0,0,1,99,100,579.23,high
393,2026-06-19T03:24:52Z,KSAT,2026-06-19,KXHIGHTSATX-26JUN18-B99.5,99° to 100°,99.0,100.0,0,1,99,100,4711.21,high
394,2026-06-19T03:24:52Z,KSAT,2026-06-19,KXHIGHTSATX-26JUN18-B97.5,97° to 98°,97.0,98.0,0,1,99,100,7033.49,high
395,2026-06-19T03:24:52Z,KSAT,2026-06-19,KXHIGHTSATX-26JUN18-B95.5,95° to 96°,95.0,96.0,99,100,0,1,6982.25,high
396,2026-06-19T03:24:52Z,KSAT,2026-06-19,KXHIGHTSATX-26JUN18-B101.5,101° to 102°,101.0,102.0,0,1,99,100,972.68,high
397,2026-06-19T03:24:52Z,KSAT,2026-06-19,KXLOWTSATX-26JUN19-T81,82° or above,82.0,999.0,1,3,97,99,0.0,low
398,2026-06-19T03:24:52Z,KSAT,2026-06-19,KXLOWTSATX-26JUN19-T74,73° or below,-999.0,73.0,21,31,69,79,26.04,low
399,2026-06-19T03:24:52Z,KSAT,2026-06-19,KXLOWTSATX-26JUN19-B80.5,80° to 81°,80.0,81.0,5,11,89,95,1.0,low
400,2026-06-19T03:24:52Z,KSAT,2026-06-19,KXLOWTSATX-26JUN19-B78.5,78° to 79°,78.0,79.0,13,21,79,87,499.71,low
401,2026-06-19T03:24:52Z,KSAT,2026-06-19,KXLOWTSATX-26JUN19-B76.5,76° to 77°,76.0,77.0,19,27,73,81,37.77,low
402,2026-06-19T03:24:52Z,KSAT,2026-06-19,KXLOWTSATX-26JUN19-B74.5,74° to 75°,74.0,75.0,20,28,72,80,47.0,low
403,2026-06-19T03:24:52Z,KSAT,2026-06-19,KXLOWTSATX-26JUN18-T79,80° or above,80.0,999.0,0,1,99,100,763.85,low
404,2026-06-19T03:24:52Z,KSAT,2026-06-19,KXLOWTSATX-26JUN18-T72,71° or below,-999.0,71.0,0,1,99,100,312.0,low
405,2026-06-19T03:24:52Z,KSAT,2026-06-19,KXLOWTSATX-26JUN18-B78.5,78° to 79°,78.0,79.0,96,97,3,4,4495.45,low
406,2026-06-19T03:24:52Z,KSAT,2026-06-19,KXLOWTSATX-26JUN18-B76.5,76° to 77°,76.0,77.0,0,11,89,100,1864.63,low
407,2026-06-19T03:24:52Z,KSAT,2026-06-19,KXLOWTSATX-26JUN18-B74.5,74° to 75°,74.0,75.0,0,5,95,100,379.94,low
408,2026-06-19T03:24:52Z,KSAT,2026-06-19,KXLOWTSATX-26JUN18-B72.5,72° to 73°,72.0,73.0,0,1,99,100,512.0,low
433,2026-06-19T03:24:52Z,KSEA,2026-06-19,KXHIGHTSEA-26JUN19-T87,88° or above,88.0,999.0,1,4,96,99,1564.07,high
434,2026-06-19T03:24:52Z,KSEA,2026-06-19,KXHIGHTSEA-26JUN19-T80,79° or below,-999.0,79.0,2,7,93,98,1134.05,high
435,2026-06-19T03:24:52Z,KSEA,2026-06-19,KXHIGHTSEA-26JUN19-B86.5,86° to 87°,86.0,87.0,6,11,89,94,302.5,high
436,2026-06-19T03:24:52Z,KSEA,2026-06-19,KXHIGHTSEA-26JUN19-B84.5,84° to 85°,84.0,85.0,32,33,67,68,159.29,high
437,2026-06-19T03:24:52Z,KSEA,2026-06-19,KXHIGHTSEA-26JUN19-B82.5,82° to 83°,82.0,83.0,36,39,61,64,318.06,high
438,2026-06-19T03:24:52Z,KSEA,2026-06-19,KXHIGHTSEA-26JUN19-B80.5,80° to 81°,80.0,81.0,21,24,76,79,520.16,high
439,2026-06-19T03:24:52Z,KSEA,2026-06-19,KXHIGHTSEA-26JUN18-T83,84° or above,84.0,999.0,0,1,99,100,679.26,high
440,2026-06-19T03:24:52Z,KSEA,2026-06-19,KXHIGHTSEA-26JUN18-T76,75° or below,-999.0,75.0,0,1,99,100,9117.67,high
441,2026-06-19T03:24:52Z,KSEA,2026-06-19,KXHIGHTSEA-26JUN18-B82.5,82° to 83°,82.0,83.0,0,1,99,100,2388.65,high
442,2026-06-19T03:24:52Z,KSEA,2026-06-19,KXHIGHTSEA-26JUN18-B80.5,80° to 81°,80.0,81.0,0,2,98,100,7984.86,high
443,2026-06-19T03:24:52Z,KSEA,2026-06-19,KXHIGHTSEA-26JUN18-B78.5,78° to 79°,78.0,79.0,98,99,1,2,12635.23,high
444,2026-06-19T03:24:52Z,KSEA,2026-06-19,KXHIGHTSEA-26JUN18-B76.5,76° to 77°,76.0,77.0,0,1,99,100,36178.03,high
445,2026-06-19T03:24:52Z,KSEA,2026-06-19,KXLOWTSEA-26JUN19-T59,60° or above,60.0,999.0,33,39,61,67,111.8,low
446,2026-06-19T03:24:52Z,KSEA,2026-06-19,KXLOWTSEA-26JUN19-T52,51° or below,-999.0,51.0,0,5,95,100,254.0,low
447,2026-06-19T03:24:52Z,KSEA,2026-06-19,KXLOWTSEA-26JUN19-B58.5,58° to 59°,58.0,59.0,51,54,46,49,87.62,low
448,2026-06-19T03:24:52Z,KSEA,2026-06-19,KXLOWTSEA-26JUN19-B56.5,56° to 57°,56.0,57.0,7,10,90,93,12.0,low
449,2026-06-19T03:24:52Z,KSEA,2026-06-19,KXLOWTSEA-26JUN19-B54.5,54° to 55°,54.0,55.0,2,6,94,98,42.4,low
450,2026-06-19T03:24:52Z,KSEA,2026-06-19,KXLOWTSEA-26JUN19-B52.5,52° to 53°,52.0,53.0,1,2,98,99,257.0,low
451,2026-06-19T03:24:52Z,KSEA,2026-06-19,KXLOWTSEA-26JUN18-T56,57° or above,57.0,999.0,0,1,99,100,1351.0,low
452,2026-06-19T03:24:52Z,KSEA,2026-06-19,KXLOWTSEA-26JUN18-T49,48° or below,-999.0,48.0,0,1,99,100,366.0,low
453,2026-06-19T03:24:52Z,KSEA,2026-06-19,KXLOWTSEA-26JUN18-B55.5,55° to 56°,55.0,56.0,99,100,0,1,2947.79,low
454,2026-06-19T03:24:52Z,KSEA,2026-06-19,KXLOWTSEA-26JUN18-B53.5,53° to 54°,53.0,54.0,0,1,99,100,312.94,low
455,2026-06-19T03:24:52Z,KSEA,2026-06-19,KXLOWTSEA-26JUN18-B51.5,51° to 52°,51.0,52.0,0,1,99,100,275.43,low
456,2026-06-19T03:24:52Z,KSEA,2026-06-19,KXLOWTSEA-26JUN18-B49.5,49° to 50°,49.0,50.0,0,1,99,100,256.0,low
409,2026-06-19T03:24:52Z,KSFO,2026-06-19,KXHIGHTSFO-26JUN19-T73,74° or above,74.0,999.0,6,8,92,94,315.0,high
410,2026-06-19T03:24:52Z,KSFO,2026-06-19,KXHIGHTSFO-26JUN19-T66,65° or below,-999.0,65.0,1,3,97,99,45.0,high
411,2026-06-19T03:24:52Z,KSFO,2026-06-19,KXHIGHTSFO-26JUN19-B72.5,72° to 73°,72.0,73.0,24,27,73,76,1014.39,high
412,2026-06-19T03:24:52Z,KSFO,2026-06-19,KXHIGHTSFO-26JUN19-B70.5,70° to 71°,70.0,71.0,33,39,61,67,501.65,high
413,2026-06-19T03:24:52Z,KSFO,2026-06-19,KXHIGHTSFO-26JUN19-B68.5,68° to 69°,68.0,69.0,22,29,71,78,664.9,high
414,2026-06-19T03:24:52Z,KSFO,2026-06-19,KXHIGHTSFO-26JUN19-B66.5,66° to 67°,66.0,67.0,4,10,90,96,383.0,high
415,2026-06-19T03:24:52Z,KSFO,2026-06-19,KXHIGHTSFO-26JUN18-T73,74° or above,74.0,999.0,0,1,99,100,10817.18,high
416,2026-06-19T03:24:52Z,KSFO,2026-06-19,KXHIGHTSFO-26JUN18-T66,65° or below,-999.0,65.0,0,1,99,100,8960.77,high
417,2026-06-19T03:24:52Z,KSFO,2026-06-19,KXHIGHTSFO-26JUN18-B72.5,72° to 73°,72.0,73.0,99,100,0,1,14826.07,high
418,2026-06-19T03:24:52Z,KSFO,2026-06-19,KXHIGHTSFO-26JUN18-B70.5,70° to 71°,70.0,71.0,0,1,99,100,13692.02,high
419,2026-06-19T03:24:52Z,KSFO,2026-06-19,KXHIGHTSFO-26JUN18-B68.5,68° to 69°,68.0,69.0,0,1,99,100,8593.19,high
420,2026-06-19T03:24:52Z,KSFO,2026-06-19,KXHIGHTSFO-26JUN18-B66.5,66° to 67°,66.0,67.0,0,1,99,100,9840.17,high
421,2026-06-19T03:24:52Z,KSFO,2026-06-19,KXLOWTSFO-26JUN19-T59,60° or above,60.0,999.0,12,16,84,88,80.99,low
422,2026-06-19T03:24:52Z,KSFO,2026-06-19,KXLOWTSFO-26JUN19-T52,51° or below,-999.0,51.0,0,5,95,100,200.0,low
423,2026-06-19T03:24:52Z,KSFO,2026-06-19,KXLOWTSFO-26JUN19-B58.5,58° to 59°,58.0,59.0,56,58,42,44,250.15,low
424,2026-06-19T03:24:52Z,KSFO,2026-06-19,KXLOWTSFO-26JUN19-B56.5,56° to 57°,56.0,57.0,13,26,74,87,314.23,low
425,2026-06-19T03:24:52Z,KSFO,2026-06-19,KXLOWTSFO-26JUN19-B54.5,54° to 55°,54.0,55.0,1,4,96,99,6.0,low
426,2026-06-19T03:24:52Z,KSFO,2026-06-19,KXLOWTSFO-26JUN19-B52.5,52° to 53°,52.0,53.0,1,2,98,99,250.0,low
427,2026-06-19T03:24:52Z,KSFO,2026-06-19,KXLOWTSFO-26JUN18-T59,60° or above,60.0,999.0,0,1,99,100,1321.62,low
428,2026-06-19T03:24:52Z,KSFO,2026-06-19,KXLOWTSFO-26JUN18-T52,51° or below,-999.0,51.0,0,1,99,100,205.0,low
429,2026-06-19T03:24:52Z,KSFO,2026-06-19,KXLOWTSFO-26JUN18-B58.5,58° to 59°,58.0,59.0,90,97,3,10,3252.24,low
430,2026-06-19T03:24:52Z,KSFO,2026-06-19,KXLOWTSFO-26JUN18-B56.5,56° to 57°,56.0,57.0,1,10,90,99,878.92,low
431,2026-06-19T03:24:52Z,KSFO,2026-06-19,KXLOWTSFO-26JUN18-B54.5,54° to 55°,54.0,55.0,1,8,92,99,263.5,low
432,2026-06-19T03:24:52Z,KSFO,2026-06-19,KXLOWTSFO-26JUN18-B52.5,52° to 53°,52.0,53.0,0,2,98,100,250.0,low
1,2026-06-19T05:20:49Z,KATL,2026-06-19,KXHIGHTATL-26JUN19-T89,90° or above,90.0,999.0,3,6,94,97,458.12,high
2,2026-06-19T05:20:49Z,KATL,2026-06-19,KXHIGHTATL-26JUN19-T82,81° or below,-999.0,81.0,1,3,97,99,554.84,high
3,2026-06-19T05:20:49Z,KATL,2026-06-19,KXHIGHTATL-26JUN19-B88.5,88° to 89°,88.0,89.0,22,23,77,78,466.9,high
4,2026-06-19T05:20:49Z,KATL,2026-06-19,KXHIGHTATL-26JUN19-B86.5,86° to 87°,86.0,87.0,35,40,60,65,491.49,high
5,2026-06-19T05:20:49Z,KATL,2026-06-19,KXHIGHTATL-26JUN19-B84.5,84° to 85°,84.0,85.0,29,32,68,71,534.66,high
6,2026-06-19T05:20:49Z,KATL,2026-06-19,KXHIGHTATL-26JUN19-B82.5,82° to 83°,82.0,83.0,7,14,86,93,245.47,high
7,2026-06-19T05:20:49Z,KATL,2026-06-19,KXLOWTATL-26JUN19-T73,74° or above,74.0,999.0,0,1,99,100,347.95,low
8,2026-06-19T05:20:49Z,KATL,2026-06-19,KXLOWTATL-26JUN19-T66,65° or below,-999.0,65.0,0,1,99,100,514.2,low
9,2026-06-19T05:20:49Z,KATL,2026-06-19,KXLOWTATL-26JUN19-B72.5,72° to 73°,72.0,73.0,31,32,68,69,580.37,low
10,2026-06-19T05:20:49Z,KATL,2026-06-19,KXLOWTATL-26JUN19-B70.5,70° to 71°,70.0,71.0,42,59,41,58,368.4,low
11,2026-06-19T05:20:49Z,KATL,2026-06-19,KXLOWTATL-26JUN19-B68.5,68° to 69°,68.0,69.0,6,34,66,94,4.31,low
12,2026-06-19T05:20:49Z,KATL,2026-06-19,KXLOWTATL-26JUN19-B66.5,66° to 67°,66.0,67.0,2,13,87,98,2.33,low
13,2026-06-19T05:20:49Z,KAUS,2026-06-19,KXHIGHAUS-26JUN19-T99,100° or above,100.0,999.0,0,1,99,100,1624.66,high
14,2026-06-19T05:20:49Z,KAUS,2026-06-19,KXHIGHAUS-26JUN19-T92,91° or below,-999.0,91.0,39,43,57,61,2636.96,high
15,2026-06-19T05:20:49Z,KAUS,2026-06-19,KXHIGHAUS-26JUN19-B98.5,98° to 99°,98.0,99.0,0,2,98,100,1099.38,high
16,2026-06-19T05:20:49Z,KAUS,2026-06-19,KXHIGHAUS-26JUN19-B96.5,96° to 97°,96.0,97.0,1,4,96,99,114.61,high
17,2026-06-19T05:20:49Z,KAUS,2026-06-19,KXHIGHAUS-26JUN19-B94.5,94° to 95°,94.0,95.0,16,19,81,84,840.7,high
18,2026-06-19T05:20:49Z,KAUS,2026-06-19,KXHIGHAUS-26JUN19-B92.5,92° to 93°,92.0,93.0,36,40,60,64,731.57,high
19,2026-06-19T05:20:49Z,KAUS,2026-06-19,KXHIGHAUS-26JUN18-T95,94° or below,-999.0,94.0,0,1,99,100,10298.32,high
20,2026-06-19T05:20:49Z,KAUS,2026-06-19,KXHIGHAUS-26JUN18-T102,103° or above,103.0,999.0,0,1,99,100,985.09,high
21,2026-06-19T05:20:49Z,KAUS,2026-06-19,KXHIGHAUS-26JUN18-B99.5,99° to 100°,99.0,100.0,0,1,99,100,6405.3,high
22,2026-06-19T05:20:49Z,KAUS,2026-06-19,KXHIGHAUS-26JUN18-B97.5,97° to 98°,97.0,98.0,99,100,0,1,8919.57,high
23,2026-06-19T05:20:49Z,KAUS,2026-06-19,KXHIGHAUS-26JUN18-B95.5,95° to 96°,95.0,96.0,0,1,99,100,19877.81,high
24,2026-06-19T05:20:49Z,KAUS,2026-06-19,KXHIGHAUS-26JUN18-B101.5,101° to 102°,101.0,102.0,0,1,99,100,1826.98,high
25,2026-06-19T05:20:49Z,KAUS,2026-06-19,KXLOWTAUS-26JUN19-T81,82° or above,82.0,999.0,0,3,97,100,359.0,low
26,2026-06-19T05:20:49Z,KAUS,2026-06-19,KXLOWTAUS-26JUN19-T74,73° or below,-999.0,73.0,39,40,60,61,1058.04,low
27,2026-06-19T05:20:49Z,KAUS,2026-06-19,KXLOWTAUS-26JUN19-B80.5,80° to 81°,80.0,81.0,3,7,93,97,42.16,low
28,2026-06-19T05:20:49Z,KAUS,2026-06-19,KXLOWTAUS-26JUN19-B78.5,78° to 79°,78.0,79.0,5,12,88,95,222.16,low
29,2026-06-19T05:20:49Z,KAUS,2026-06-19,KXLOWTAUS-26JUN19-B76.5,76° to 77°,76.0,77.0,14,21,79,86,459.85,low
30,2026-06-19T05:20:49Z,KAUS,2026-06-19,KXLOWTAUS-26JUN19-B74.5,74° to 75°,74.0,75.0,30,32,68,70,90.28,low
31,2026-06-19T05:20:49Z,KAUS,2026-06-19,KXLOWTAUS-26JUN18-T79,80° or above,80.0,999.0,0,1,99,100,1495.12,low
32,2026-06-19T05:20:49Z,KAUS,2026-06-19,KXLOWTAUS-26JUN18-T72,71° or below,-999.0,71.0,0,1,99,100,400.36,low
33,2026-06-19T05:20:49Z,KAUS,2026-06-19,KXLOWTAUS-26JUN18-B78.5,78° to 79°,78.0,79.0,0,1,99,100,3146.15,low
34,2026-06-19T05:20:49Z,KAUS,2026-06-19,KXLOWTAUS-26JUN18-B76.5,76° to 77°,76.0,77.0,0,1,99,100,3947.86,low
35,2026-06-19T05:20:49Z,KAUS,2026-06-19,KXLOWTAUS-26JUN18-B74.5,74° to 75°,74.0,75.0,97,100,0,3,2952.44,low
36,2026-06-19T05:20:49Z,KAUS,2026-06-19,KXLOWTAUS-26JUN18-B72.5,72° to 73°,72.0,73.0,0,7,93,100,266.81,low
37,2026-06-19T05:20:49Z,KBOS,2026-06-19,KXHIGHTBOS-26JUN19-T88,89° or above,89.0,999.0,0,2,98,100,1290.18,high
38,2026-06-19T05:20:49Z,KBOS,2026-06-19,KXHIGHTBOS-26JUN19-T81,80° or below,-999.0,80.0,25,30,70,75,444.58,high
39,2026-06-19T05:20:49Z,KBOS,2026-06-19,KXHIGHTBOS-26JUN19-B87.5,87° to 88°,87.0,88.0,1,4,96,99,1012.25,high
40,2026-06-19T05:20:49Z,KBOS,2026-06-19,KXHIGHTBOS-26JUN19-B85.5,85° to 86°,85.0,86.0,7,12,88,93,265.85,high
41,2026-06-19T05:20:49Z,KBOS,2026-06-19,KXHIGHTBOS-26JUN19-B83.5,83° to 84°,83.0,84.0,27,30,70,73,131.03,high
42,2026-06-19T05:20:49Z,KBOS,2026-06-19,KXHIGHTBOS-26JUN19-B81.5,81° to 82°,81.0,82.0,31,33,67,69,542.22,high
43,2026-06-19T05:20:49Z,KBOS,2026-06-19,KXLOWTBOS-26JUN19-T65,66° or above,66.0,999.0,51,56,44,49,162.19,low
44,2026-06-19T05:20:49Z,KBOS,2026-06-19,KXLOWTBOS-26JUN19-T58,57° or below,-999.0,57.0,0,5,95,100,214.0,low
45,2026-06-19T05:20:49Z,KBOS,2026-06-19,KXLOWTBOS-26JUN19-B64.5,64° to 65°,64.0,65.0,31,32,68,69,25.7,low
46,2026-06-19T05:20:49Z,KBOS,2026-06-19,KXLOWTBOS-26JUN19-B62.5,62° to 63°,62.0,63.0,7,16,84,93,6.0,low
47,2026-06-19T05:20:49Z,KBOS,2026-06-19,KXLOWTBOS-26JUN19-B60.5,60° to 61°,60.0,61.0,1,6,94,99,16.0,low
48,2026-06-19T05:20:49Z,KBOS,2026-06-19,KXLOWTBOS-26JUN19-B58.5,58° to 59°,58.0,59.0,1,5,95,99,3.0,low
397,2026-06-19T05:20:49Z,KDCA,2026-06-19,KXHIGHTDC-26JUN19-T88,89° or above,89.0,999.0,5,7,93,95,326.97,high
398,2026-06-19T05:20:49Z,KDCA,2026-06-19,KXHIGHTDC-26JUN19-T81,80° or below,-999.0,80.0,1,3,97,99,518.05,high
399,2026-06-19T05:20:49Z,KDCA,2026-06-19,KXHIGHTDC-26JUN19-B87.5,87° to 88°,87.0,88.0,19,24,76,81,131.72,high
400,2026-06-19T05:20:49Z,KDCA,2026-06-19,KXHIGHTDC-26JUN19-B85.5,85° to 86°,85.0,86.0,51,54,46,49,272.92,high
401,2026-06-19T05:20:49Z,KDCA,2026-06-19,KXHIGHTDC-26JUN19-B83.5,83° to 84°,83.0,84.0,21,26,74,79,146.35,high
402,2026-06-19T05:20:49Z,KDCA,2026-06-19,KXHIGHTDC-26JUN19-B81.5,81° to 82°,81.0,82.0,3,6,94,97,487.68,high
403,2026-06-19T05:20:49Z,KDCA,2026-06-19,KXLOWTDC-26JUN19-T72,73° or above,73.0,999.0,27,32,68,73,339.84,low
404,2026-06-19T05:20:49Z,KDCA,2026-06-19,KXLOWTDC-26JUN19-T65,64° or below,-999.0,64.0,0,5,95,100,386.0,low
405,2026-06-19T05:20:49Z,KDCA,2026-06-19,KXLOWTDC-26JUN19-B71.5,71° to 72°,71.0,72.0,46,52,48,54,62.56,low
406,2026-06-19T05:20:49Z,KDCA,2026-06-19,KXLOWTDC-26JUN19-B69.5,69° to 70°,69.0,70.0,19,25,75,81,16.85,low
407,2026-06-19T05:20:49Z,KDCA,2026-06-19,KXLOWTDC-26JUN19-B67.5,67° to 68°,67.0,68.0,5,7,93,95,245.0,low
408,2026-06-19T05:20:49Z,KDCA,2026-06-19,KXLOWTDC-26JUN19-B65.5,65° to 66°,65.0,66.0,1,5,95,99,21.0,low
97,2026-06-19T05:20:49Z,KDEN,2026-06-19,KXHIGHDEN-26JUN19-T92,93° or above,93.0,999.0,0,1,99,100,902.0,high
98,2026-06-19T05:20:49Z,KDEN,2026-06-19,KXHIGHDEN-26JUN19-T85,84° or below,-999.0,84.0,27,33,67,73,1749.06,high
99,2026-06-19T05:20:49Z,KDEN,2026-06-19,KXHIGHDEN-26JUN19-B91.5,91° to 92°,91.0,92.0,1,4,96,99,43.09,high
100,2026-06-19T05:20:49Z,KDEN,2026-06-19,KXHIGHDEN-26JUN19-B89.5,89° to 90°,89.0,90.0,3,4,96,97,166.88,high
101,2026-06-19T05:20:49Z,KDEN,2026-06-19,KXHIGHDEN-26JUN19-B87.5,87° to 88°,87.0,88.0,27,28,72,73,619.68,high
102,2026-06-19T05:20:49Z,KDEN,2026-06-19,KXHIGHDEN-26JUN19-B85.5,85° to 86°,85.0,86.0,36,41,59,64,1297.42,high
103,2026-06-19T05:20:49Z,KDEN,2026-06-19,KXHIGHDEN-26JUN18-T88,89° or above,89.0,999.0,0,1,99,100,17325.37,high
104,2026-06-19T05:20:49Z,KDEN,2026-06-19,KXHIGHDEN-26JUN18-T81,80° or below,-999.0,80.0,0,1,99,100,3258.07,high
105,2026-06-19T05:20:49Z,KDEN,2026-06-19,KXHIGHDEN-26JUN18-B87.5,87° to 88°,87.0,88.0,99,100,0,1,8583.8,high
106,2026-06-19T05:20:49Z,KDEN,2026-06-19,KXHIGHDEN-26JUN18-B85.5,85° to 86°,85.0,86.0,0,1,99,100,8887.48,high
107,2026-06-19T05:20:49Z,KDEN,2026-06-19,KXHIGHDEN-26JUN18-B83.5,83° to 84°,83.0,84.0,0,1,99,100,3248.39,high
108,2026-06-19T05:20:49Z,KDEN,2026-06-19,KXHIGHDEN-26JUN18-B81.5,81° to 82°,81.0,82.0,0,1,99,100,1848.22,high
109,2026-06-19T05:20:49Z,KDEN,2026-06-19,KXLOWTDEN-26JUN19-T61,62° or above,62.0,999.0,2,5,95,98,20.0,low
110,2026-06-19T05:20:49Z,KDEN,2026-06-19,KXLOWTDEN-26JUN19-T54,53° or below,-999.0,53.0,25,30,70,75,738.04,low
111,2026-06-19T05:20:49Z,KDEN,2026-06-19,KXLOWTDEN-26JUN19-B60.5,60° to 61°,60.0,61.0,4,8,92,96,526.95,low
112,2026-06-19T05:20:49Z,KDEN,2026-06-19,KXLOWTDEN-26JUN19-B58.5,58° to 59°,58.0,59.0,6,13,87,94,52.59,low
113,2026-06-19T05:20:49Z,KDEN,2026-06-19,KXLOWTDEN-26JUN19-B56.5,56° to 57°,56.0,57.0,22,31,69,78,247.17,low
114,2026-06-19T05:20:49Z,KDEN,2026-06-19,KXLOWTDEN-26JUN19-B54.5,54° to 55°,54.0,55.0,33,39,61,67,262.02,low
115,2026-06-19T05:20:49Z,KDEN,2026-06-19,KXLOWTDEN-26JUN18-T58,59° or above,59.0,999.0,0,1,99,100,7890.61,low
116,2026-06-19T05:20:49Z,KDEN,2026-06-19,KXLOWTDEN-26JUN18-T51,50° or below,-999.0,50.0,99,100,0,1,12922.82,low
117,2026-06-19T05:20:49Z,KDEN,2026-06-19,KXLOWTDEN-26JUN18-B57.5,57° to 58°,57.0,58.0,0,1,99,100,1593.29,low
118,2026-06-19T05:20:49Z,KDEN,2026-06-19,KXLOWTDEN-26JUN18-B55.5,55° to 56°,55.0,56.0,0,1,99,100,1408.77,low
119,2026-06-19T05:20:49Z,KDEN,2026-06-19,KXLOWTDEN-26JUN18-B53.5,53° to 54°,53.0,54.0,0,1,99,100,4030.94,low
120,2026-06-19T05:20:49Z,KDEN,2026-06-19,KXLOWTDEN-26JUN18-B51.5,51° to 52°,51.0,52.0,0,1,99,100,1245.66,low
73,2026-06-19T05:20:49Z,KDFW,2026-06-19,KXHIGHTDAL-26JUN19-T95,96° or above,96.0,999.0,0,1,99,100,443.0,high
74,2026-06-19T05:20:49Z,KDFW,2026-06-19,KXHIGHTDAL-26JUN19-T88,87° or below,-999.0,87.0,61,69,31,39,2347.88,high
75,2026-06-19T05:20:49Z,KDFW,2026-06-19,KXHIGHTDAL-26JUN19-B94.5,94° to 95°,94.0,95.0,0,1,99,100,451.25,high
76,2026-06-19T05:20:49Z,KDFW,2026-06-19,KXHIGHTDAL-26JUN19-B92.5,92° to 93°,92.0,93.0,1,3,97,99,318.17,high
77,2026-06-19T05:20:49Z,KDFW,2026-06-19,KXHIGHTDAL-26JUN19-B90.5,90° to 91°,90.0,91.0,3,7,93,97,367.64,high
78,2026-06-19T05:20:49Z,KDFW,2026-06-19,KXHIGHTDAL-26JUN19-B88.5,88° to 89°,88.0,89.0,29,33,67,71,230.46,high
79,2026-06-19T05:20:49Z,KDFW,2026-06-19,KXHIGHTDAL-26JUN18-T96,95° or below,-999.0,95.0,0,1,99,100,35515.47,high
80,2026-06-19T05:20:49Z,KDFW,2026-06-19,KXHIGHTDAL-26JUN18-T103,104° or above,104.0,999.0,0,1,99,100,2245.79,high
81,2026-06-19T05:20:49Z,KDFW,2026-06-19,KXHIGHTDAL-26JUN18-B98.5,98° to 99°,98.0,99.0,0,1,99,100,13017.95,high
82,2026-06-19T05:20:49Z,KDFW,2026-06-19,KXHIGHTDAL-26JUN18-B96.5,96° to 97°,96.0,97.0,99,100,0,1,12825.47,high
83,2026-06-19T05:20:49Z,KDFW,2026-06-19,KXHIGHTDAL-26JUN18-B102.5,102° to 103°,102.0,103.0,0,1,99,100,2228.22,high
84,2026-06-19T05:20:49Z,KDFW,2026-06-19,KXHIGHTDAL-26JUN18-B100.5,100° to 101°,100.0,101.0,0,1,99,100,5525.51,high
85,2026-06-19T05:20:49Z,KDFW,2026-06-19,KXLOWTDAL-26JUN19-T80,81° or above,81.0,999.0,0,2,98,100,423.2,low
86,2026-06-19T05:20:49Z,KDFW,2026-06-19,KXLOWTDAL-26JUN19-T73,72° or below,-999.0,72.0,23,30,70,77,1298.65,low
87,2026-06-19T05:20:49Z,KDFW,2026-06-19,KXLOWTDAL-26JUN19-B79.5,79° to 80°,79.0,80.0,2,5,95,98,33.0,low
88,2026-06-19T05:20:49Z,KDFW,2026-06-19,KXLOWTDAL-26JUN19-B77.5,77° to 78°,77.0,78.0,8,13,87,92,307.68,low
89,2026-06-19T05:20:49Z,KDFW,2026-06-19,KXLOWTDAL-26JUN19-B75.5,75° to 76°,75.0,76.0,26,28,72,74,75.98,low
90,2026-06-19T05:20:49Z,KDFW,2026-06-19,KXLOWTDAL-26JUN19-B73.5,73° to 74°,73.0,74.0,39,45,55,61,199.07,low
91,2026-06-19T05:20:49Z,KDFW,2026-06-19,KXLOWTDAL-26JUN18-T78,79° or above,79.0,999.0,0,1,99,100,6451.84,low
92,2026-06-19T05:20:49Z,KDFW,2026-06-19,KXLOWTDAL-26JUN18-T71,70° or below,-999.0,70.0,0,1,99,100,2831.47,low
93,2026-06-19T05:20:49Z,KDFW,2026-06-19,KXLOWTDAL-26JUN18-B77.5,77° to 78°,77.0,78.0,0,1,99,100,6956.59,low
94,2026-06-19T05:20:49Z,KDFW,2026-06-19,KXLOWTDAL-26JUN18-B75.5,75° to 76°,75.0,76.0,96,100,0,4,9263.54,low
95,2026-06-19T05:20:49Z,KDFW,2026-06-19,KXLOWTDAL-26JUN18-B73.5,73° to 74°,73.0,74.0,0,8,92,100,2833.73,low
96,2026-06-19T05:20:49Z,KDFW,2026-06-19,KXLOWTDAL-26JUN18-B71.5,71° to 72°,71.0,72.0,0,5,95,100,2824.25,low
121,2026-06-19T05:20:49Z,KIAH,2026-06-19,KXHIGHTHOU-26JUN19-T98,99° or above,99.0,999.0,0,1,99,100,298.0,high
122,2026-06-19T05:20:49Z,KIAH,2026-06-19,KXHIGHTHOU-26JUN19-T91,90° or below,-999.0,90.0,4,9,91,96,1016.55,high
123,2026-06-19T05:20:49Z,KIAH,2026-06-19,KXHIGHTHOU-26JUN19-B97.5,97° to 98°,97.0,98.0,0,1,99,100,293.0,high
124,2026-06-19T05:20:49Z,KIAH,2026-06-19,KXHIGHTHOU-26JUN19-B95.5,95° to 96°,95.0,96.0,3,11,89,97,416.72,high
125,2026-06-19T05:20:49Z,KIAH,2026-06-19,KXHIGHTHOU-26JUN19-B93.5,93° to 94°,93.0,94.0,48,49,51,52,508.54,high
126,2026-06-19T05:20:49Z,KIAH,2026-06-19,KXHIGHTHOU-26JUN19-B91.5,91° to 92°,91.0,92.0,37,42,58,63,1499.25,high
127,2026-06-19T05:20:49Z,KIAH,2026-06-19,KXHIGHTHOU-26JUN18-T98,99° or above,99.0,999.0,0,1,99,100,1736.68,high
128,2026-06-19T05:20:49Z,KIAH,2026-06-19,KXHIGHTHOU-26JUN18-T91,90° or below,-999.0,90.0,0,1,99,100,1700.56,high
129,2026-06-19T05:20:49Z,KIAH,2026-06-19,KXHIGHTHOU-26JUN18-B97.5,97° to 98°,97.0,98.0,0,1,99,100,2468.68,high
130,2026-06-19T05:20:49Z,KIAH,2026-06-19,KXHIGHTHOU-26JUN18-B95.5,95° to 96°,95.0,96.0,0,1,99,100,6264.42,high
131,2026-06-19T05:20:49Z,KIAH,2026-06-19,KXHIGHTHOU-26JUN18-B93.5,93° to 94°,93.0,94.0,99,100,0,1,9490.66,high
132,2026-06-19T05:20:49Z,KIAH,2026-06-19,KXHIGHTHOU-26JUN18-B91.5,91° to 92°,91.0,92.0,0,1,99,100,3216.97,high
133,2026-06-19T05:20:49Z,KIAH,2026-06-19,KXLOWTHOU-26JUN19-T82,83° or above,83.0,999.0,1,13,87,99,109.0,low
134,2026-06-19T05:20:49Z,KIAH,2026-06-19,KXLOWTHOU-26JUN19-T75,74° or below,-999.0,74.0,0,1,99,100,200.0,low
135,2026-06-19T05:20:49Z,KIAH,2026-06-19,KXLOWTHOU-26JUN19-B81.5,81° to 82°,81.0,82.0,44,45,55,56,237.28,low
136,2026-06-19T05:20:49Z,KIAH,2026-06-19,KXLOWTHOU-26JUN19-B79.5,79° to 80°,79.0,80.0,40,58,42,60,219.82,low
137,2026-06-19T05:20:49Z,KIAH,2026-06-19,KXLOWTHOU-26JUN19-B77.5,77° to 78°,77.0,78.0,6,16,84,94,39.31,low
138,2026-06-19T05:20:49Z,KIAH,2026-06-19,KXLOWTHOU-26JUN19-B75.5,75° to 76°,75.0,76.0,3,17,83,97,1.0,low
139,2026-06-19T05:20:49Z,KIAH,2026-06-19,KXLOWTHOU-26JUN18-T81,82° or above,82.0,999.0,0,1,99,100,1087.89,low
140,2026-06-19T05:20:49Z,KIAH,2026-06-19,KXLOWTHOU-26JUN18-T74,73° or below,-999.0,73.0,0,1,99,100,208.0,low
141,2026-06-19T05:20:49Z,KIAH,2026-06-19,KXLOWTHOU-26JUN18-B80.5,80° to 81°,80.0,81.0,0,1,99,100,3005.36,low
142,2026-06-19T05:20:49Z,KIAH,2026-06-19,KXLOWTHOU-26JUN18-B78.5,78° to 79°,78.0,79.0,98,100,0,2,3055.67,low
143,2026-06-19T05:20:49Z,KIAH,2026-06-19,KXLOWTHOU-26JUN18-B76.5,76° to 77°,76.0,77.0,1,30,70,99,916.12,low
144,2026-06-19T05:20:49Z,KIAH,2026-06-19,KXLOWTHOU-26JUN18-B74.5,74° to 75°,74.0,75.0,0,2,98,100,420.17,low
145,2026-06-19T05:20:49Z,KLAS,2026-06-19,KXHIGHTLV-26JUN19-T108,109° or above,109.0,999.0,0,1,99,100,1020.0,high
146,2026-06-19T05:20:49Z,KLAS,2026-06-19,KXHIGHTLV-26JUN19-T101,100° or below,-999.0,100.0,1,2,98,99,320.0,high
147,2026-06-19T05:20:49Z,KLAS,2026-06-19,KXHIGHTLV-26JUN19-B107.5,107° to 108°,107.0,108.0,1,2,98,99,207.66,high
148,2026-06-19T05:20:49Z,KLAS,2026-06-19,KXHIGHTLV-26JUN19-B105.5,105° to 106°,105.0,106.0,9,12,88,91,544.68,high
149,2026-06-19T05:20:49Z,KLAS,2026-06-19,KXHIGHTLV-26JUN19-B103.5,103° to 104°,103.0,104.0,40,41,59,60,494.18,high
150,2026-06-19T05:20:49Z,KLAS,2026-06-19,KXHIGHTLV-26JUN19-B101.5,101° to 102°,101.0,102.0,47,49,51,53,949.05,high
151,2026-06-19T05:20:49Z,KLAS,2026-06-19,KXHIGHTLV-26JUN18-T111,112° or above,112.0,999.0,0,1,99,100,709.99,high
152,2026-06-19T05:20:49Z,KLAS,2026-06-19,KXHIGHTLV-26JUN18-T104,103° or below,-999.0,103.0,0,1,99,100,718.87,high
153,2026-06-19T05:20:49Z,KLAS,2026-06-19,KXHIGHTLV-26JUN18-B110.5,110° to 111°,110.0,111.0,0,1,99,100,1982.3,high
154,2026-06-19T05:20:49Z,KLAS,2026-06-19,KXHIGHTLV-26JUN18-B108.5,108° to 109°,108.0,109.0,0,1,99,100,7940.52,high
155,2026-06-19T05:20:49Z,KLAS,2026-06-19,KXHIGHTLV-26JUN18-B106.5,106° to 107°,106.0,107.0,99,100,0,1,4944.94,high
156,2026-06-19T05:20:49Z,KLAS,2026-06-19,KXHIGHTLV-26JUN18-B104.5,104° to 105°,104.0,105.0,0,1,99,100,11379.76,high
157,2026-06-19T05:20:49Z,KLAS,2026-06-19,KXLOWTLV-26JUN19-T81,82° or above,82.0,999.0,52,53,47,48,544.52,low
158,2026-06-19T05:20:49Z,KLAS,2026-06-19,KXLOWTLV-26JUN19-T74,73° or below,-999.0,73.0,0,1,99,100,200.0,low
159,2026-06-19T05:20:49Z,KLAS,2026-06-19,KXLOWTLV-26JUN19-B80.5,80° to 81°,80.0,81.0,40,43,57,60,60.81,low
160,2026-06-19T05:20:49Z,KLAS,2026-06-19,KXLOWTLV-26JUN19-B78.5,78° to 79°,78.0,79.0,5,12,88,95,278.92,low
161,2026-06-19T05:20:49Z,KLAS,2026-06-19,KXLOWTLV-26JUN19-B76.5,76° to 77°,76.0,77.0,4,7,93,96,37.42,low
162,2026-06-19T05:20:49Z,KLAS,2026-06-19,KXLOWTLV-26JUN19-B74.5,74° to 75°,74.0,75.0,0,4,96,100,393.0,low
163,2026-06-19T05:20:49Z,KLAS,2026-06-19,KXLOWTLV-26JUN18-T83,84° or above,84.0,999.0,94,100,0,6,5414.33,low
164,2026-06-19T05:20:49Z,KLAS,2026-06-19,KXLOWTLV-26JUN18-T76,75° or below,-999.0,75.0,0,1,99,100,555.02,low
165,2026-06-19T05:20:49Z,KLAS,2026-06-19,KXLOWTLV-26JUN18-B82.5,82° to 83°,82.0,83.0,0,8,92,100,656.77,low
166,2026-06-19T05:20:49Z,KLAS,2026-06-19,KXLOWTLV-26JUN18-B80.5,80° to 81°,80.0,81.0,0,9,91,100,394.41,low
167,2026-06-19T05:20:49Z,KLAS,2026-06-19,KXLOWTLV-26JUN18-B78.5,78° to 79°,78.0,79.0,0,2,98,100,250.0,low
168,2026-06-19T05:20:49Z,KLAS,2026-06-19,KXLOWTLV-26JUN18-B76.5,76° to 77°,76.0,77.0,0,5,95,100,200.0,low
169,2026-06-19T05:20:49Z,KLAX,2026-06-19,KXHIGHLAX-26JUN19-T73,74° or above,74.0,999.0,1,2,98,99,10204.62,high
170,2026-06-19T05:20:49Z,KLAX,2026-06-19,KXHIGHLAX-26JUN19-T66,65° or below,-999.0,65.0,0,1,99,100,2003.53,high
171,2026-06-19T05:20:49Z,KLAX,2026-06-19,KXHIGHLAX-26JUN19-B72.5,72° to 73°,72.0,73.0,8,10,90,92,7221.33,high
172,2026-06-19T05:20:49Z,KLAX,2026-06-19,KXHIGHLAX-26JUN19-B70.5,70° to 71°,70.0,71.0,58,59,41,42,4292.53,high
173,2026-06-19T05:20:49Z,KLAX,2026-06-19,KXHIGHLAX-26JUN19-B68.5,68° to 69°,68.0,69.0,31,34,66,69,7599.35,high
174,2026-06-19T05:20:49Z,KLAX,2026-06-19,KXHIGHLAX-26JUN19-B66.5,66° to 67°,66.0,67.0,2,3,97,98,3334.88,high
175,2026-06-19T05:20:49Z,KLAX,2026-06-19,KXHIGHLAX-26JUN18-T73,74° or above,74.0,999.0,0,1,99,100,135340.9,high
176,2026-06-19T05:20:49Z,KLAX,2026-06-19,KXHIGHLAX-26JUN18-T66,65° or below,-999.0,65.0,0,1,99,100,14124.52,high
177,2026-06-19T05:20:49Z,KLAX,2026-06-19,KXHIGHLAX-26JUN18-B72.5,72° to 73°,72.0,73.0,0,1,99,100,90049.39,high
178,2026-06-19T05:20:49Z,KLAX,2026-06-19,KXHIGHLAX-26JUN18-B70.5,70° to 71°,70.0,71.0,99,100,0,1,84756.6,high
179,2026-06-19T05:20:49Z,KLAX,2026-06-19,KXHIGHLAX-26JUN18-B68.5,68° to 69°,68.0,69.0,0,1,99,100,72387.75,high
180,2026-06-19T05:20:49Z,KLAX,2026-06-19,KXHIGHLAX-26JUN18-B66.5,66° to 67°,66.0,67.0,0,1,99,100,192830.46,high
181,2026-06-19T05:20:49Z,KLAX,2026-06-19,KXLOWTLAX-26JUN19-T62,63° or above,63.0,999.0,10,18,82,90,228.95,low
182,2026-06-19T05:20:49Z,KLAX,2026-06-19,KXLOWTLAX-26JUN19-T55,54° or below,-999.0,54.0,0,1,99,100,220.0,low
183,2026-06-19T05:20:49Z,KLAX,2026-06-19,KXLOWTLAX-26JUN19-B61.5,61° to 62°,61.0,62.0,50,53,47,50,235.57,low
184,2026-06-19T05:20:49Z,KLAX,2026-06-19,KXLOWTLAX-26JUN19-B59.5,59° to 60°,59.0,60.0,29,37,63,71,86.2,low
185,2026-06-19T05:20:49Z,KLAX,2026-06-19,KXLOWTLAX-26JUN19-B57.5,57° to 58°,57.0,58.0,1,3,97,99,223.65,low
186,2026-06-19T05:20:49Z,KLAX,2026-06-19,KXLOWTLAX-26JUN19-B55.5,55° to 56°,55.0,56.0,0,3,97,100,499.0,low
187,2026-06-19T05:20:49Z,KLAX,2026-06-19,KXLOWTLAX-26JUN18-T63,64° or above,64.0,999.0,0,1,99,100,1938.27,low
188,2026-06-19T05:20:49Z,KLAX,2026-06-19,KXLOWTLAX-26JUN18-T56,55° or below,-999.0,55.0,0,1,99,100,455.0,low
189,2026-06-19T05:20:49Z,KLAX,2026-06-19,KXLOWTLAX-26JUN18-B62.5,62° to 63°,62.0,63.0,57,67,33,43,1935.19,low
190,2026-06-19T05:20:49Z,KLAX,2026-06-19,KXLOWTLAX-26JUN18-B60.5,60° to 61°,60.0,61.0,12,41,59,88,1214.88,low
191,2026-06-19T05:20:49Z,KLAX,2026-06-19,KXLOWTLAX-26JUN18-B58.5,58° to 59°,58.0,59.0,0,4,96,100,1291.68,low
192,2026-06-19T05:20:49Z,KLAX,2026-06-19,KXLOWTLAX-26JUN18-B56.5,56° to 57°,56.0,57.0,0,1,99,100,290.0,low
49,2026-06-19T05:20:49Z,KMDW,2026-06-19,KXHIGHCHI-26JUN19-T81,82° or above,82.0,999.0,0,3,97,100,2563.64,high
50,2026-06-19T05:20:49Z,KMDW,2026-06-19,KXHIGHCHI-26JUN19-T74,73° or below,-999.0,73.0,1,3,97,99,1612.89,high
51,2026-06-19T05:20:49Z,KMDW,2026-06-19,KXHIGHCHI-26JUN19-B80.5,80° to 81°,80.0,81.0,5,8,92,95,1270.46,high
52,2026-06-19T05:20:49Z,KMDW,2026-06-19,KXHIGHCHI-26JUN19-B78.5,78° to 79°,78.0,79.0,31,35,65,69,2329.82,high
53,2026-06-19T05:20:49Z,KMDW,2026-06-19,KXHIGHCHI-26JUN19-B76.5,76° to 77°,76.0,77.0,45,47,53,55,2426.3,high
54,2026-06-19T05:20:49Z,KMDW,2026-06-19,KXHIGHCHI-26JUN19-B74.5,74° to 75°,74.0,75.0,10,13,87,90,3027.65,high
55,2026-06-19T05:20:49Z,KMDW,2026-06-19,KXHIGHCHI-26JUN18-T78,79° or above,79.0,999.0,0,1,99,100,3349.46,high
56,2026-06-19T05:20:49Z,KMDW,2026-06-19,KXHIGHCHI-26JUN18-T71,70° or below,-999.0,70.0,0,1,99,100,26105.93,high
57,2026-06-19T05:20:49Z,KMDW,2026-06-19,KXHIGHCHI-26JUN18-B77.5,77° to 78°,77.0,78.0,0,1,99,100,5307.26,high
58,2026-06-19T05:20:49Z,KMDW,2026-06-19,KXHIGHCHI-26JUN18-B75.5,75° to 76°,75.0,76.0,0,1,99,100,18319.95,high
59,2026-06-19T05:20:49Z,KMDW,2026-06-19,KXHIGHCHI-26JUN18-B73.5,73° to 74°,73.0,74.0,99,100,0,1,25233.51,high
60,2026-06-19T05:20:49Z,KMDW,2026-06-19,KXHIGHCHI-26JUN18-B71.5,71° to 72°,71.0,72.0,0,1,99,100,30953.86,high
61,2026-06-19T05:20:49Z,KMDW,2026-06-19,KXLOWTCHI-26JUN19-T60,61° or above,61.0,999.0,10,17,83,90,1217.96,low
62,2026-06-19T05:20:49Z,KMDW,2026-06-19,KXLOWTCHI-26JUN19-T53,52° or below,-999.0,52.0,0,1,99,100,502.51,low
63,2026-06-19T05:20:49Z,KMDW,2026-06-19,KXLOWTCHI-26JUN19-B59.5,59° to 60°,59.0,60.0,44,45,55,56,80.66,low
64,2026-06-19T05:20:49Z,KMDW,2026-06-19,KXLOWTCHI-26JUN19-B57.5,57° to 58°,57.0,58.0,40,41,59,60,137.58,low
65,2026-06-19T05:20:49Z,KMDW,2026-06-19,KXLOWTCHI-26JUN19-B55.5,55° to 56°,55.0,56.0,3,11,89,97,263.24,low
66,2026-06-19T05:20:49Z,KMDW,2026-06-19,KXLOWTCHI-26JUN19-B53.5,53° to 54°,53.0,54.0,0,1,99,100,671.51,low
67,2026-06-19T05:20:49Z,KMDW,2026-06-19,KXLOWTCHI-26JUN18-T61,62° or above,62.0,999.0,81,85,15,19,5605.87,low
68,2026-06-19T05:20:49Z,KMDW,2026-06-19,KXLOWTCHI-26JUN18-T54,53° or below,-999.0,53.0,0,8,92,100,1301.39,low
69,2026-06-19T05:20:49Z,KMDW,2026-06-19,KXLOWTCHI-26JUN18-B60.5,60° to 61°,60.0,61.0,11,27,73,89,2306.36,low
70,2026-06-19T05:20:49Z,KMDW,2026-06-19,KXLOWTCHI-26JUN18-B58.5,58° to 59°,58.0,59.0,0,7,93,100,2419.5,low
71,2026-06-19T05:20:49Z,KMDW,2026-06-19,KXLOWTCHI-26JUN18-B56.5,56° to 57°,56.0,57.0,0,1,99,100,540.13,low
72,2026-06-19T05:20:49Z,KMDW,2026-06-19,KXLOWTCHI-26JUN18-B54.5,54° to 55°,54.0,55.0,0,1,99,100,877.13,low
193,2026-06-19T05:20:49Z,KMIA,2026-06-19,KXHIGHMIA-26JUN19-T96,97° or above,97.0,999.0,0,1,99,100,2925.92,high
194,2026-06-19T05:20:49Z,KMIA,2026-06-19,KXHIGHMIA-26JUN19-T89,88° or below,-999.0,88.0,0,1,99,100,1637.24,high
195,2026-06-19T05:20:49Z,KMIA,2026-06-19,KXHIGHMIA-26JUN19-B95.5,95° to 96°,95.0,96.0,10,11,89,90,1217.38,high
196,2026-06-19T05:20:49Z,KMIA,2026-06-19,KXHIGHMIA-26JUN19-B93.5,93° to 94°,93.0,94.0,69,70,30,31,3539.32,high
197,2026-06-19T05:20:49Z,KMIA,2026-06-19,KXHIGHMIA-26JUN19-B91.5,91° to 92°,91.0,92.0,22,23,77,78,3909.21,high
198,2026-06-19T05:20:49Z,KMIA,2026-06-19,KXHIGHMIA-26JUN19-B89.5,89° to 90°,89.0,90.0,2,3,97,98,1400.91,high
199,2026-06-19T05:20:49Z,KMIA,2026-06-19,KXLOWTMIA-26JUN19-T82,83° or above,83.0,999.0,5,7,93,95,477.28,low
200,2026-06-19T05:20:49Z,KMIA,2026-06-19,KXLOWTMIA-26JUN19-T75,74° or below,-999.0,74.0,0,2,98,100,357.59,low
201,2026-06-19T05:20:49Z,KMIA,2026-06-19,KXLOWTMIA-26JUN19-B81.5,81° to 82°,81.0,82.0,27,44,56,73,2313.84,low
202,2026-06-19T05:20:49Z,KMIA,2026-06-19,KXLOWTMIA-26JUN19-B79.5,79° to 80°,79.0,80.0,32,41,59,68,268.6,low
203,2026-06-19T05:20:49Z,KMIA,2026-06-19,KXLOWTMIA-26JUN19-B77.5,77° to 78°,77.0,78.0,7,19,81,93,7.0,low
204,2026-06-19T05:20:49Z,KMIA,2026-06-19,KXLOWTMIA-26JUN19-B75.5,75° to 76°,75.0,76.0,9,10,90,91,19.0,low
205,2026-06-19T05:20:49Z,KMSP,2026-06-19,KXHIGHTMIN-26JUN19-T78,79° or above,79.0,999.0,3,6,94,97,53.0,high
206,2026-06-19T05:20:49Z,KMSP,2026-06-19,KXHIGHTMIN-26JUN19-T71,70° or below,-999.0,70.0,1,5,95,99,1074.45,high
207,2026-06-19T05:20:49Z,KMSP,2026-06-19,KXHIGHTMIN-26JUN19-B77.5,77° to 78°,77.0,78.0,15,16,84,85,282.0,high
208,2026-06-19T05:20:49Z,KMSP,2026-06-19,KXHIGHTMIN-26JUN19-B75.5,75° to 76°,75.0,76.0,31,35,65,69,241.97,high
209,2026-06-19T05:20:49Z,KMSP,2026-06-19,KXHIGHTMIN-26JUN19-B73.5,73° to 74°,73.0,74.0,29,34,66,71,636.27,high
210,2026-06-19T05:20:49Z,KMSP,2026-06-19,KXHIGHTMIN-26JUN19-B71.5,71° to 72°,71.0,72.0,12,13,87,88,176.25,high
211,2026-06-19T05:20:49Z,KMSP,2026-06-19,KXHIGHTMIN-26JUN18-T76,77° or above,77.0,999.0,0,1,99,100,1871.84,high
212,2026-06-19T05:20:49Z,KMSP,2026-06-19,KXHIGHTMIN-26JUN18-T69,68° or below,-999.0,68.0,0,1,99,100,1006.66,high
213,2026-06-19T05:20:49Z,KMSP,2026-06-19,KXHIGHTMIN-26JUN18-B75.5,75° to 76°,75.0,76.0,0,1,99,100,5808.64,high
214,2026-06-19T05:20:49Z,KMSP,2026-06-19,KXHIGHTMIN-26JUN18-B73.5,73° to 74°,73.0,74.0,99,100,0,1,7267.99,high
215,2026-06-19T05:20:49Z,KMSP,2026-06-19,KXHIGHTMIN-26JUN18-B71.5,71° to 72°,71.0,72.0,0,1,99,100,11766.18,high
216,2026-06-19T05:20:49Z,KMSP,2026-06-19,KXHIGHTMIN-26JUN18-B69.5,69° to 70°,69.0,70.0,0,1,99,100,1399.98,high
217,2026-06-19T05:20:49Z,KMSP,2026-06-19,KXLOWTMIN-26JUN19-T52,53° or above,53.0,999.0,64,66,34,36,1077.34,low
218,2026-06-19T05:20:49Z,KMSP,2026-06-19,KXLOWTMIN-26JUN19-T45,44° or below,-999.0,44.0,0,3,97,100,557.87,low
219,2026-06-19T05:20:49Z,KMSP,2026-06-19,KXLOWTMIN-26JUN19-B51.5,51° to 52°,51.0,52.0,24,29,71,76,65.4,low
220,2026-06-19T05:20:49Z,KMSP,2026-06-19,KXLOWTMIN-26JUN19-B49.5,49° to 50°,49.0,50.0,7,14,86,93,220.0,low
221,2026-06-19T05:20:49Z,KMSP,2026-06-19,KXLOWTMIN-26JUN19-B47.5,47° to 48°,47.0,48.0,1,4,96,99,3.0,low
222,2026-06-19T05:20:49Z,KMSP,2026-06-19,KXLOWTMIN-26JUN19-B45.5,45° to 46°,45.0,46.0,0,2,98,100,469.0,low
223,2026-06-19T05:20:49Z,KMSP,2026-06-19,KXLOWTMIN-26JUN18-T55,56° or above,56.0,999.0,79,99,1,21,3701.19,low
224,2026-06-19T05:20:49Z,KMSP,2026-06-19,KXLOWTMIN-26JUN18-T48,47° or below,-999.0,47.0,0,1,99,100,217.0,low
225,2026-06-19T05:20:49Z,KMSP,2026-06-19,KXLOWTMIN-26JUN18-B54.5,54° to 55°,54.0,55.0,1,9,91,99,636.03,low
226,2026-06-19T05:20:49Z,KMSP,2026-06-19,KXLOWTMIN-26JUN18-B52.5,52° to 53°,52.0,53.0,0,10,90,100,361.09,low
227,2026-06-19T05:20:49Z,KMSP,2026-06-19,KXLOWTMIN-26JUN18-B50.5,50° to 51°,50.0,51.0,0,39,61,100,237.13,low
228,2026-06-19T05:20:49Z,KMSP,2026-06-19,KXLOWTMIN-26JUN18-B48.5,48° to 49°,48.0,49.0,0,1,99,100,271.0,low
229,2026-06-19T05:20:49Z,KMSY,2026-06-19,KXHIGHTNOLA-26JUN19-T97,98° or above,98.0,999.0,0,1,99,100,177.0,high
230,2026-06-19T05:20:49Z,KMSY,2026-06-19,KXHIGHTNOLA-26JUN19-T90,89° or below,-999.0,89.0,1,5,95,99,118.0,high
231,2026-06-19T05:20:49Z,KMSY,2026-06-19,KXHIGHTNOLA-26JUN19-B96.5,96° to 97°,96.0,97.0,3,5,95,97,30.0,high
232,2026-06-19T05:20:49Z,KMSY,2026-06-19,KXHIGHTNOLA-26JUN19-B94.5,94° to 95°,94.0,95.0,32,33,67,68,104.62,high
233,2026-06-19T05:20:49Z,KMSY,2026-06-19,KXHIGHTNOLA-26JUN19-B92.5,92° to 93°,92.0,93.0,41,48,52,59,914.86,high
234,2026-06-19T05:20:49Z,KMSY,2026-06-19,KXHIGHTNOLA-26JUN19-B90.5,90° to 91°,90.0,91.0,9,14,86,91,730.73,high
235,2026-06-19T05:20:49Z,KMSY,2026-06-19,KXHIGHTNOLA-26JUN18-T94,95° or above,95.0,999.0,0,1,99,100,1161.38,high
236,2026-06-19T05:20:49Z,KMSY,2026-06-19,KXHIGHTNOLA-26JUN18-T87,86° or below,-999.0,86.0,0,1,99,100,8370.48,high
237,2026-06-19T05:20:49Z,KMSY,2026-06-19,KXHIGHTNOLA-26JUN18-B93.5,93° to 94°,93.0,94.0,0,1,99,100,2258.63,high
238,2026-06-19T05:20:49Z,KMSY,2026-06-19,KXHIGHTNOLA-26JUN18-B91.5,91° to 92°,91.0,92.0,0,1,99,100,6370.55,high
239,2026-06-19T05:20:49Z,KMSY,2026-06-19,KXHIGHTNOLA-26JUN18-B89.5,89° to 90°,89.0,90.0,99,100,0,1,8453.69,high
240,2026-06-19T05:20:49Z,KMSY,2026-06-19,KXHIGHTNOLA-26JUN18-B87.5,87° to 88°,87.0,88.0,0,1,99,100,5012.16,high
241,2026-06-19T05:20:49Z,KMSY,2026-06-19,KXLOWTNOLA-26JUN19-T82,83° or above,83.0,999.0,1,2,98,99,253.0,low
242,2026-06-19T05:20:49Z,KMSY,2026-06-19,KXLOWTNOLA-26JUN19-T75,74° or below,-999.0,74.0,1,27,73,99,45.0,low
243,2026-06-19T05:20:49Z,KMSY,2026-06-19,KXLOWTNOLA-26JUN19-B81.5,81° to 82°,81.0,82.0,9,14,86,91,471.0,low
244,2026-06-19T05:20:49Z,KMSY,2026-06-19,KXLOWTNOLA-26JUN19-B79.5,79° to 80°,79.0,80.0,13,28,72,87,11.17,low
245,2026-06-19T05:20:49Z,KMSY,2026-06-19,KXLOWTNOLA-26JUN19-B77.5,77° to 78°,77.0,78.0,37,56,44,63,149.25,low
246,2026-06-19T05:20:49Z,KMSY,2026-06-19,KXLOWTNOLA-26JUN19-B75.5,75° to 76°,75.0,76.0,16,66,34,84,344.78,low
247,2026-06-19T05:20:49Z,KMSY,2026-06-19,KXLOWTNOLA-26JUN18-T80,81° or above,81.0,999.0,0,1,99,100,849.34,low
248,2026-06-19T05:20:49Z,KMSY,2026-06-19,KXLOWTNOLA-26JUN18-T73,72° or below,-999.0,72.0,99,100,0,1,3842.31,low
249,2026-06-19T05:20:49Z,KMSY,2026-06-19,KXLOWTNOLA-26JUN18-B79.5,79° to 80°,79.0,80.0,0,1,99,100,9930.28,low
250,2026-06-19T05:20:49Z,KMSY,2026-06-19,KXLOWTNOLA-26JUN18-B77.5,77° to 78°,77.0,78.0,0,1,99,100,652.85,low
251,2026-06-19T05:20:49Z,KMSY,2026-06-19,KXLOWTNOLA-26JUN18-B75.5,75° to 76°,75.0,76.0,0,1,99,100,13175.22,low
252,2026-06-19T05:20:49Z,KMSY,2026-06-19,KXLOWTNOLA-26JUN18-B73.5,73° to 74°,73.0,74.0,0,1,99,100,3218.0,low
253,2026-06-19T05:20:49Z,KNYC,2026-06-19,KXHIGHNY-26JUN19-T88,89° or above,89.0,999.0,0,1,99,100,2691.3,high
254,2026-06-19T05:20:49Z,KNYC,2026-06-19,KXHIGHNY-26JUN19-T81,80° or below,-999.0,80.0,15,18,82,85,4821.3,high
255,2026-06-19T05:20:49Z,KNYC,2026-06-19,KXHIGHNY-26JUN19-B87.5,87° to 88°,87.0,88.0,1,3,97,99,1421.74,high
256,2026-06-19T05:20:49Z,KNYC,2026-06-19,KXHIGHNY-26JUN19-B85.5,85° to 86°,85.0,86.0,8,10,90,92,3614.22,high
257,2026-06-19T05:20:49Z,KNYC,2026-06-19,KXHIGHNY-26JUN19-B83.5,83° to 84°,83.0,84.0,34,38,62,66,4075.21,high
258,2026-06-19T05:20:49Z,KNYC,2026-06-19,KXHIGHNY-26JUN19-B81.5,81° to 82°,81.0,82.0,32,35,65,68,4590.81,high
259,2026-06-19T05:20:49Z,KNYC,2026-06-19,KXLOWTNYC-26JUN19-T72,73° or above,73.0,999.0,1,6,94,99,709.37,low
260,2026-06-19T05:20:49Z,KNYC,2026-06-19,KXLOWTNYC-26JUN19-T65,64° or below,-999.0,64.0,0,1,99,100,1869.51,low
261,2026-06-19T05:20:49Z,KNYC,2026-06-19,KXLOWTNYC-26JUN19-B71.5,71° to 72°,71.0,72.0,4,10,90,96,168.85,low
262,2026-06-19T05:20:49Z,KNYC,2026-06-19,KXLOWTNYC-26JUN19-B69.5,69° to 70°,69.0,70.0,32,37,63,68,1757.85,low
263,2026-06-19T05:20:49Z,KNYC,2026-06-19,KXLOWTNYC-26JUN19-B67.5,67° to 68°,67.0,68.0,37,44,56,63,318.03,low
264,2026-06-19T05:20:49Z,KNYC,2026-06-19,KXLOWTNYC-26JUN19-B65.5,65° to 66°,65.0,66.0,12,20,80,88,564.26,low
265,2026-06-19T05:20:49Z,KOKC,2026-06-19,KXHIGHTOKC-26JUN19-T90,91° or above,91.0,999.0,0,1,99,100,434.28,high
266,2026-06-19T05:20:49Z,KOKC,2026-06-19,KXHIGHTOKC-26JUN19-T83,82° or below,-999.0,82.0,26,29,71,74,2140.13,high
267,2026-06-19T05:20:49Z,KOKC,2026-06-19,KXHIGHTOKC-26JUN19-B89.5,89° to 90°,89.0,90.0,2,6,94,98,341.0,high
268,2026-06-19T05:20:49Z,KOKC,2026-06-19,KXHIGHTOKC-26JUN19-B87.5,87° to 88°,87.0,88.0,9,12,88,91,719.03,high
269,2026-06-19T05:20:49Z,KOKC,2026-06-19,KXHIGHTOKC-26JUN19-B85.5,85° to 86°,85.0,86.0,22,25,75,78,329.18,high
270,2026-06-19T05:20:49Z,KOKC,2026-06-19,KXHIGHTOKC-26JUN19-B83.5,83° to 84°,83.0,84.0,33,38,62,67,755.94,high
271,2026-06-19T05:20:49Z,KOKC,2026-06-19,KXHIGHTOKC-26JUN18-T89,90° or above,90.0,999.0,0,1,99,100,10143.07,high
272,2026-06-19T05:20:49Z,KOKC,2026-06-19,KXHIGHTOKC-26JUN18-T82,81° or below,-999.0,81.0,0,1,99,100,18865.26,high
273,2026-06-19T05:20:49Z,KOKC,2026-06-19,KXHIGHTOKC-26JUN18-B88.5,88° to 89°,88.0,89.0,0,1,99,100,4064.24,high
274,2026-06-19T05:20:49Z,KOKC,2026-06-19,KXHIGHTOKC-26JUN18-B86.5,86° to 87°,86.0,87.0,0,1,99,100,3966.1,high
275,2026-06-19T05:20:49Z,KOKC,2026-06-19,KXHIGHTOKC-26JUN18-B84.5,84° to 85°,84.0,85.0,0,1,99,100,10584.27,high
276,2026-06-19T05:20:49Z,KOKC,2026-06-19,KXHIGHTOKC-26JUN18-B82.5,82° to 83°,82.0,83.0,99,100,0,1,16569.95,high
277,2026-06-19T05:20:49Z,KOKC,2026-06-19,KXLOWTOKC-26JUN19-T68,69° or above,69.0,999.0,1,5,95,99,3.0,low
278,2026-06-19T05:20:49Z,KOKC,2026-06-19,KXLOWTOKC-26JUN19-T61,60° or below,-999.0,60.0,1,6,94,99,0.0,low
279,2026-06-19T05:20:49Z,KOKC,2026-06-19,KXLOWTOKC-26JUN19-B67.5,67° to 68°,67.0,68.0,11,45,55,89,78.0,low
280,2026-06-19T05:20:49Z,KOKC,2026-06-19,KXLOWTOKC-26JUN19-B65.5,65° to 66°,65.0,66.0,25,42,58,75,421.27,low
281,2026-06-19T05:20:49Z,KOKC,2026-06-19,KXLOWTOKC-26JUN19-B63.5,63° to 64°,63.0,64.0,32,45,55,68,122.65,low
282,2026-06-19T05:20:49Z,KOKC,2026-06-19,KXLOWTOKC-26JUN19-B61.5,61° to 62°,61.0,62.0,1,39,61,99,23.0,low
283,2026-06-19T05:20:49Z,KOKC,2026-06-19,KXLOWTOKC-26JUN18-T73,74° or above,74.0,999.0,0,1,99,100,1525.33,low
284,2026-06-19T05:20:49Z,KOKC,2026-06-19,KXLOWTOKC-26JUN18-T66,65° or below,-999.0,65.0,2,20,80,98,4556.07,low
285,2026-06-19T05:20:49Z,KOKC,2026-06-19,KXLOWTOKC-26JUN18-B72.5,72° to 73°,72.0,73.0,0,1,99,100,3596.81,low
286,2026-06-19T05:20:49Z,KOKC,2026-06-19,KXLOWTOKC-26JUN18-B70.5,70° to 71°,70.0,71.0,0,1,99,100,12256.38,low
287,2026-06-19T05:20:49Z,KOKC,2026-06-19,KXLOWTOKC-26JUN18-B68.5,68° to 69°,68.0,69.0,69,85,15,31,3239.54,low
288,2026-06-19T05:20:49Z,KOKC,2026-06-19,KXLOWTOKC-26JUN18-B66.5,66° to 67°,66.0,67.0,9,14,86,91,5175.66,low
289,2026-06-19T05:20:49Z,KPHL,2026-06-19,KXHIGHPHIL-26JUN19-T85,86° or above,86.0,999.0,19,25,75,81,867.32,high
290,2026-06-19T05:20:49Z,KPHL,2026-06-19,KXHIGHPHIL-26JUN19-T78,77° or below,-999.0,77.0,0,1,99,100,552.0,high
291,2026-06-19T05:20:49Z,KPHL,2026-06-19,KXHIGHPHIL-26JUN19-B84.5,84° to 85°,84.0,85.0,44,50,50,56,961.49,high
292,2026-06-19T05:20:49Z,KPHL,2026-06-19,KXHIGHPHIL-26JUN19-B82.5,82° to 83°,82.0,83.0,26,27,73,74,700.22,high
293,2026-06-19T05:20:49Z,KPHL,2026-06-19,KXHIGHPHIL-26JUN19-B80.5,80° to 81°,80.0,81.0,3,7,93,97,145.51,high
294,2026-06-19T05:20:49Z,KPHL,2026-06-19,KXHIGHPHIL-26JUN19-B78.5,78° to 79°,78.0,79.0,0,1,99,100,408.0,high
295,2026-06-19T05:20:49Z,KPHL,2026-06-19,KXLOWTPHIL-26JUN19-T72,73° or above,73.0,999.0,19,25,75,81,347.36,low
296,2026-06-19T05:20:49Z,KPHL,2026-06-19,KXLOWTPHIL-26JUN19-T65,64° or below,-999.0,64.0,0,1,99,100,314.0,low
297,2026-06-19T05:20:49Z,KPHL,2026-06-19,KXLOWTPHIL-26JUN19-B71.5,71° to 72°,71.0,72.0,50,51,49,50,151.6,low
298,2026-06-19T05:20:49Z,KPHL,2026-06-19,KXLOWTPHIL-26JUN19-B69.5,69° to 70°,69.0,70.0,20,28,72,80,147.85,low
299,2026-06-19T05:20:49Z,KPHL,2026-06-19,KXLOWTPHIL-26JUN19-B67.5,67° to 68°,67.0,68.0,5,7,93,95,5.0,low
300,2026-06-19T05:20:49Z,KPHL,2026-06-19,KXLOWTPHIL-26JUN19-B65.5,65° to 66°,65.0,66.0,0,1,99,100,335.7,low
301,2026-06-19T05:20:49Z,KPHX,2026-06-19,KXHIGHTPHX-26JUN19-T110,111° or above,111.0,999.0,0,2,98,100,551.0,high
302,2026-06-19T05:20:49Z,KPHX,2026-06-19,KXHIGHTPHX-26JUN19-T103,102° or below,-999.0,102.0,0,1,99,100,1321.36,high
303,2026-06-19T05:20:49Z,KPHX,2026-06-19,KXHIGHTPHX-26JUN19-B109.5,109° to 110°,109.0,110.0,4,11,89,96,1083.73,high
304,2026-06-19T05:20:49Z,KPHX,2026-06-19,KXHIGHTPHX-26JUN19-B107.5,107° to 108°,107.0,108.0,57,64,36,43,1296.32,high
305,2026-06-19T05:20:49Z,KPHX,2026-06-19,KXHIGHTPHX-26JUN19-B105.5,105° to 106°,105.0,106.0,27,28,72,73,737.54,high
306,2026-06-19T05:20:49Z,KPHX,2026-06-19,KXHIGHTPHX-26JUN19-B103.5,103° to 104°,103.0,104.0,0,5,95,100,2675.42,high
307,2026-06-19T05:20:49Z,KPHX,2026-06-19,KXHIGHTPHX-26JUN18-T111,112° or above,112.0,999.0,0,1,99,100,2225.29,high
308,2026-06-19T05:20:49Z,KPHX,2026-06-19,KXHIGHTPHX-26JUN18-T104,103° or below,-999.0,103.0,0,1,99,100,5379.16,high
309,2026-06-19T05:20:49Z,KPHX,2026-06-19,KXHIGHTPHX-26JUN18-B110.5,110° to 111°,110.0,111.0,0,1,99,100,5165.48,high
310,2026-06-19T05:20:49Z,KPHX,2026-06-19,KXHIGHTPHX-26JUN18-B108.5,108° to 109°,108.0,109.0,99,100,0,1,15003.16,high
311,2026-06-19T05:20:49Z,KPHX,2026-06-19,KXHIGHTPHX-26JUN18-B106.5,106° to 107°,106.0,107.0,0,1,99,100,44496.45,high
312,2026-06-19T05:20:49Z,KPHX,2026-06-19,KXHIGHTPHX-26JUN18-B104.5,104° to 105°,104.0,105.0,0,1,99,100,31989.41,high
313,2026-06-19T05:20:49Z,KPHX,2026-06-19,KXLOWTPHX-26JUN19-T82,83° or above,83.0,999.0,52,59,41,48,791.63,low
314,2026-06-19T05:20:49Z,KPHX,2026-06-19,KXLOWTPHX-26JUN19-T75,74° or below,-999.0,74.0,0,1,99,100,200.0,low
315,2026-06-19T05:20:49Z,KPHX,2026-06-19,KXLOWTPHX-26JUN19-B81.5,81° to 82°,81.0,82.0,38,41,59,62,111.4,low
316,2026-06-19T05:20:49Z,KPHX,2026-06-19,KXLOWTPHX-26JUN19-B79.5,79° to 80°,79.0,80.0,6,13,87,94,267.57,low
317,2026-06-19T05:20:49Z,KPHX,2026-06-19,KXLOWTPHX-26JUN19-B77.5,77° to 78°,77.0,78.0,1,5,95,99,0.0,low
318,2026-06-19T05:20:49Z,KPHX,2026-06-19,KXLOWTPHX-26JUN19-B75.5,75° to 76°,75.0,76.0,0,1,99,100,215.0,low
319,2026-06-19T05:20:49Z,KPHX,2026-06-19,KXLOWTPHX-26JUN18-T85,86° or above,86.0,999.0,0,1,99,100,7392.48,low
320,2026-06-19T05:20:49Z,KPHX,2026-06-19,KXLOWTPHX-26JUN18-T78,77° or below,-999.0,77.0,0,1,99,100,538.58,low
321,2026-06-19T05:20:49Z,KPHX,2026-06-19,KXLOWTPHX-26JUN18-B84.5,84° to 85°,84.0,85.0,99,100,0,1,3506.63,low
322,2026-06-19T05:20:49Z,KPHX,2026-06-19,KXLOWTPHX-26JUN18-B82.5,82° to 83°,82.0,83.0,0,7,93,100,2070.23,low
323,2026-06-19T05:20:49Z,KPHX,2026-06-19,KXLOWTPHX-26JUN18-B80.5,80° to 81°,80.0,81.0,0,1,99,100,1035.22,low
324,2026-06-19T05:20:49Z,KPHX,2026-06-19,KXLOWTPHX-26JUN18-B78.5,78° to 79°,78.0,79.0,0,1,99,100,1219.59,low
325,2026-06-19T05:20:49Z,KSAT,2026-06-19,KXHIGHTSATX-26JUN19-T99,100° or above,100.0,999.0,0,1,99,100,255.0,high
326,2026-06-19T05:20:49Z,KSAT,2026-06-19,KXHIGHTSATX-26JUN19-T92,91° or below,-999.0,91.0,59,61,39,41,1056.22,high
327,2026-06-19T05:20:49Z,KSAT,2026-06-19,KXHIGHTSATX-26JUN19-B98.5,98° to 99°,98.0,99.0,0,2,98,100,652.0,high
328,2026-06-19T05:20:49Z,KSAT,2026-06-19,KXHIGHTSATX-26JUN19-B96.5,96° to 97°,96.0,97.0,0,3,97,100,492.27,high
329,2026-06-19T05:20:49Z,KSAT,2026-06-19,KXHIGHTSATX-26JUN19-B94.5,94° to 95°,94.0,95.0,10,13,87,90,468.31,high
330,2026-06-19T05:20:49Z,KSAT,2026-06-19,KXHIGHTSATX-26JUN19-B92.5,92° to 93°,92.0,93.0,32,34,66,68,351.57,high
331,2026-06-19T05:20:49Z,KSAT,2026-06-19,KXHIGHTSATX-26JUN18-T95,94° or below,-999.0,94.0,0,1,99,100,1765.22,high
332,2026-06-19T05:20:49Z,KSAT,2026-06-19,KXHIGHTSATX-26JUN18-T102,103° or above,103.0,999.0,0,1,99,100,579.23,high
333,2026-06-19T05:20:49Z,KSAT,2026-06-19,KXHIGHTSATX-26JUN18-B99.5,99° to 100°,99.0,100.0,0,1,99,100,4711.21,high
334,2026-06-19T05:20:49Z,KSAT,2026-06-19,KXHIGHTSATX-26JUN18-B97.5,97° to 98°,97.0,98.0,0,1,99,100,7083.49,high
335,2026-06-19T05:20:49Z,KSAT,2026-06-19,KXHIGHTSATX-26JUN18-B95.5,95° to 96°,95.0,96.0,99,100,0,1,7085.34,high
336,2026-06-19T05:20:49Z,KSAT,2026-06-19,KXHIGHTSATX-26JUN18-B101.5,101° to 102°,101.0,102.0,0,1,99,100,972.68,high
337,2026-06-19T05:20:49Z,KSAT,2026-06-19,KXLOWTSATX-26JUN19-T81,82° or above,82.0,999.0,1,2,98,99,0.0,low
338,2026-06-19T05:20:49Z,KSAT,2026-06-19,KXLOWTSATX-26JUN19-T74,73° or below,-999.0,73.0,29,34,66,71,92.04,low
339,2026-06-19T05:20:49Z,KSAT,2026-06-19,KXLOWTSATX-26JUN19-B80.5,80° to 81°,80.0,81.0,5,9,91,95,1.0,low
340,2026-06-19T05:20:49Z,KSAT,2026-06-19,KXLOWTSATX-26JUN19-B78.5,78° to 79°,78.0,79.0,13,19,81,87,509.27,low
341,2026-06-19T05:20:49Z,KSAT,2026-06-19,KXLOWTSATX-26JUN19-B76.5,76° to 77°,76.0,77.0,17,25,75,83,39.77,low
342,2026-06-19T05:20:49Z,KSAT,2026-06-19,KXLOWTSATX-26JUN19-B74.5,74° to 75°,74.0,75.0,20,28,72,80,49.06,low
343,2026-06-19T05:20:49Z,KSAT,2026-06-19,KXLOWTSATX-26JUN18-T79,80° or above,80.0,999.0,0,1,99,100,763.85,low
344,2026-06-19T05:20:49Z,KSAT,2026-06-19,KXLOWTSATX-26JUN18-T72,71° or below,-999.0,71.0,0,1,99,100,312.0,low
345,2026-06-19T05:20:49Z,KSAT,2026-06-19,KXLOWTSATX-26JUN18-B78.5,78° to 79°,78.0,79.0,94,99,1,6,6020.56,low
346,2026-06-19T05:20:49Z,KSAT,2026-06-19,KXLOWTSATX-26JUN18-B76.5,76° to 77°,76.0,77.0,0,11,89,100,1866.63,low
347,2026-06-19T05:20:49Z,KSAT,2026-06-19,KXLOWTSATX-26JUN18-B74.5,74° to 75°,74.0,75.0,0,5,95,100,379.94,low
348,2026-06-19T05:20:49Z,KSAT,2026-06-19,KXLOWTSATX-26JUN18-B72.5,72° to 73°,72.0,73.0,0,1,99,100,512.0,low
373,2026-06-19T05:20:49Z,KSEA,2026-06-19,KXHIGHTSEA-26JUN19-T87,88° or above,88.0,999.0,0,2,98,100,1769.07,high
374,2026-06-19T05:20:49Z,KSEA,2026-06-19,KXHIGHTSEA-26JUN19-T80,79° or below,-999.0,79.0,1,4,96,99,1155.76,high
375,2026-06-19T05:20:49Z,KSEA,2026-06-19,KXHIGHTSEA-26JUN19-B86.5,86° to 87°,86.0,87.0,8,11,89,92,305.5,high
376,2026-06-19T05:20:49Z,KSEA,2026-06-19,KXHIGHTSEA-26JUN19-B84.5,84° to 85°,84.0,85.0,27,28,72,73,472.98,high
377,2026-06-19T05:20:49Z,KSEA,2026-06-19,KXHIGHTSEA-26JUN19-B82.5,82° to 83°,82.0,83.0,33,40,60,67,396.91,high
378,2026-06-19T05:20:49Z,KSEA,2026-06-19,KXHIGHTSEA-26JUN19-B80.5,80° to 81°,80.0,81.0,13,19,81,87,907.93,high
379,2026-06-19T05:20:49Z,KSEA,2026-06-19,KXHIGHTSEA-26JUN18-T83,84° or above,84.0,999.0,0,1,99,100,679.26,high
380,2026-06-19T05:20:49Z,KSEA,2026-06-19,KXHIGHTSEA-26JUN18-T76,75° or below,-999.0,75.0,0,1,99,100,9450.67,high
381,2026-06-19T05:20:49Z,KSEA,2026-06-19,KXHIGHTSEA-26JUN18-B82.5,82° to 83°,82.0,83.0,0,1,99,100,2388.65,high
382,2026-06-19T05:20:49Z,KSEA,2026-06-19,KXHIGHTSEA-26JUN18-B80.5,80° to 81°,80.0,81.0,1,2,98,99,8705.58,high
383,2026-06-19T05:20:49Z,KSEA,2026-06-19,KXHIGHTSEA-26JUN18-B78.5,78° to 79°,78.0,79.0,99,100,0,1,13404.13,high
384,2026-06-19T05:20:49Z,KSEA,2026-06-19,KXHIGHTSEA-26JUN18-B76.5,76° to 77°,76.0,77.0,0,1,99,100,37217.09,high
385,2026-06-19T05:20:49Z,KSEA,2026-06-19,KXLOWTSEA-26JUN19-T59,60° or above,60.0,999.0,32,39,61,68,111.8,low
386,2026-06-19T05:20:49Z,KSEA,2026-06-19,KXLOWTSEA-26JUN19-T52,51° or below,-999.0,51.0,0,1,99,100,254.0,low
387,2026-06-19T05:20:49Z,KSEA,2026-06-19,KXLOWTSEA-26JUN19-B58.5,58° to 59°,58.0,59.0,52,55,45,48,87.62,low
388,2026-06-19T05:20:49Z,KSEA,2026-06-19,KXLOWTSEA-26JUN19-B56.5,56° to 57°,56.0,57.0,7,10,90,93,12.0,low
389,2026-06-19T05:20:49Z,KSEA,2026-06-19,KXLOWTSEA-26JUN19-B54.5,54° to 55°,54.0,55.0,1,6,94,99,42.4,low
390,2026-06-19T05:20:49Z,KSEA,2026-06-19,KXLOWTSEA-26JUN19-B52.5,52° to 53°,52.0,53.0,1,2,98,99,257.0,low
391,2026-06-19T05:20:49Z,KSEA,2026-06-19,KXLOWTSEA-26JUN18-T56,57° or above,57.0,999.0,0,1,99,100,1351.0,low
392,2026-06-19T05:20:49Z,KSEA,2026-06-19,KXLOWTSEA-26JUN18-T49,48° or below,-999.0,48.0,0,1,99,100,366.0,low
393,2026-06-19T05:20:49Z,KSEA,2026-06-19,KXLOWTSEA-26JUN18-B55.5,55° to 56°,55.0,56.0,99,100,0,1,2947.79,low
394,2026-06-19T05:20:49Z,KSEA,2026-06-19,KXLOWTSEA-26JUN18-B53.5,53° to 54°,53.0,54.0,0,1,99,100,312.94,low
395,2026-06-19T05:20:49Z,KSEA,2026-06-19,KXLOWTSEA-26JUN18-B51.5,51° to 52°,51.0,52.0,0,1,99,100,275.43,low
396,2026-06-19T05:20:49Z,KSEA,2026-06-19,KXLOWTSEA-26JUN18-B49.5,49° to 50°,49.0,50.0,0,1,99,100,256.0,low
349,2026-06-19T05:20:49Z,KSFO,2026-06-19,KXHIGHTSFO-26JUN19-T73,74° or above,74.0,999.0,6,8,92,94,315.0,high
350,2026-06-19T05:20:49Z,KSFO,2026-06-19,KXHIGHTSFO-26JUN19-T66,65° or below,-999.0,65.0,1,2,98,99,47.0,high
351,2026-06-19T05:20:49Z,KSFO,2026-06-19,KXHIGHTSFO-26JUN19-B72.5,72° to 73°,72.0,73.0,25,28,72,75,1018.09,high
352,2026-06-19T05:20:49Z,KSFO,2026-06-19,KXHIGHTSFO-26JUN19-B70.5,70° to 71°,70.0,71.0,34,39,61,66,501.65,high
353,2026-06-19T05:20:49Z,KSFO,2026-06-19,KXHIGHTSFO-26JUN19-B68.5,68° to 69°,68.0,69.0,20,28,72,80,715.92,high
354,2026-06-19T05:20:49Z,KSFO,2026-06-19,KXHIGHTSFO-26JUN19-B66.5,66° to 67°,66.0,67.0,4,9,91,96,457.43,high
355,2026-06-19T05:20:49Z,KSFO,2026-06-19,KXHIGHTSFO-26JUN18-T73,74° or above,74.0,999.0,0,1,99,100,10817.18,high
356,2026-06-19T05:20:49Z,KSFO,2026-06-19,KXHIGHTSFO-26JUN18-T66,65° or below,-999.0,65.0,0,1,99,100,9210.77,high
357,2026-06-19T05:20:49Z,KSFO,2026-06-19,KXHIGHTSFO-26JUN18-B72.5,72° to 73°,72.0,73.0,99,100,0,1,14854.8,high
358,2026-06-19T05:20:49Z,KSFO,2026-06-19,KXHIGHTSFO-26JUN18-B70.5,70° to 71°,70.0,71.0,0,1,99,100,13693.02,high
359,2026-06-19T05:20:49Z,KSFO,2026-06-19,KXHIGHTSFO-26JUN18-B68.5,68° to 69°,68.0,69.0,0,1,99,100,8593.19,high
360,2026-06-19T05:20:49Z,KSFO,2026-06-19,KXHIGHTSFO-26JUN18-B66.5,66° to 67°,66.0,67.0,0,1,99,100,12917.7,high
361,2026-06-19T05:20:49Z,KSFO,2026-06-19,KXLOWTSFO-26JUN19-T59,60° or above,60.0,999.0,22,30,70,78,487.99,low
362,2026-06-19T05:20:49Z,KSFO,2026-06-19,KXLOWTSFO-26JUN19-T52,51° or below,-999.0,51.0,0,1,99,100,200.0,low
363,2026-06-19T05:20:49Z,KSFO,2026-06-19,KXLOWTSFO-26JUN19-B58.5,58° to 59°,58.0,59.0,58,59,41,42,254.41,low
364,2026-06-19T05:20:49Z,KSFO,2026-06-19,KXLOWTSFO-26JUN19-B56.5,56° to 57°,56.0,57.0,10,18,82,90,522.49,low
365,2026-06-19T05:20:49Z,KSFO,2026-06-19,KXLOWTSFO-26JUN19-B54.5,54° to 55°,54.0,55.0,1,4,96,99,6.0,low
366,2026-06-19T05:20:49Z,KSFO,2026-06-19,KXLOWTSFO-26JUN19-B52.5,52° to 53°,52.0,53.0,0,2,98,100,250.0,low
367,2026-06-19T05:20:49Z,KSFO,2026-06-19,KXLOWTSFO-26JUN18-T59,60° or above,60.0,999.0,0,1,99,100,1321.62,low
368,2026-06-19T05:20:49Z,KSFO,2026-06-19,KXLOWTSFO-26JUN18-T52,51° or below,-999.0,51.0,0,1,99,100,205.0,low
369,2026-06-19T05:20:49Z,KSFO,2026-06-19,KXLOWTSFO-26JUN18-B58.5,58° to 59°,58.0,59.0,90,98,2,10,3253.18,low
370,2026-06-19T05:20:49Z,KSFO,2026-06-19,KXLOWTSFO-26JUN18-B56.5,56° to 57°,56.0,57.0,0,10,90,100,930.7,low
371,2026-06-19T05:20:49Z,KSFO,2026-06-19,KXLOWTSFO-26JUN18-B54.5,54° to 55°,54.0,55.0,0,8,92,100,282.25,low
372,2026-06-19T05:20:49Z,KSFO,2026-06-19,KXLOWTSFO-26JUN18-B52.5,52° to 53°,52.0,53.0,0,2,98,100,296.79,low
