id,run_at,icao,forecast_date,model_name,high_f,low_f
1,2026-08-16T01:51:38Z,KATL,2026-08-15,gfs_seamless,94.7,74.9
2,2026-08-16T01:51:38Z,KATL,2026-08-16,gfs_seamless,97.4,76.9
3,2026-08-16T01:51:38Z,KATL,2026-08-17,gfs_seamless,102.8,74.7
4,2026-08-16T01:51:38Z,KATL,2026-08-15,icon_global,94.4,75.4
5,2026-08-16T01:51:38Z,KATL,2026-08-16,icon_global,95.8,77.7
6,2026-08-16T01:51:38Z,KATL,2026-08-17,icon_global,100.2,77.9
7,2026-08-16T01:51:38Z,KATL,2026-08-15,gem_global,92.2,75.0
8,2026-08-16T01:51:38Z,KATL,2026-08-16,gem_global,91.1,75.7
9,2026-08-16T01:51:38Z,KATL,2026-08-17,gem_global,93.9,75.3
10,2026-08-16T01:51:38Z,KATL,2026-08-15,ecmwf_ifs025,92.1,72.0
11,2026-08-16T01:51:38Z,KATL,2026-08-16,ecmwf_ifs025,95.9,75.9
12,2026-08-16T01:51:38Z,KATL,2026-08-17,ecmwf_ifs025,98.6,77.1
13,2026-08-16T01:51:38Z,KATL,2026-08-15,ukmo_global_deterministic_10km,92.1,75.6
14,2026-08-16T01:51:38Z,KATL,2026-08-16,ukmo_global_deterministic_10km,94.6,79.7
15,2026-08-16T01:51:38Z,KATL,2026-08-17,ukmo_global_deterministic_10km,98.0,79.4
16,2026-08-16T01:51:38Z,KAUS,2026-08-15,gfs_seamless,100.5,80.6
17,2026-08-16T01:51:38Z,KAUS,2026-08-16,gfs_seamless,99.3,76.9
18,2026-08-16T01:51:38Z,KAUS,2026-08-17,gfs_seamless,106.0,75.2
19,2026-08-16T01:51:38Z,KAUS,2026-08-15,icon_global,102.0,79.8
20,2026-08-16T01:51:38Z,KAUS,2026-08-16,icon_global,103.0,76.1
21,2026-08-16T01:51:38Z,KAUS,2026-08-17,icon_global,103.6,72.4
22,2026-08-16T01:51:38Z,KAUS,2026-08-15,gem_global,98.8,78.9
23,2026-08-16T01:51:38Z,KAUS,2026-08-16,gem_global,98.1,71.5
24,2026-08-16T01:51:38Z,KAUS,2026-08-17,gem_global,98.9,71.3
25,2026-08-16T01:51:38Z,KAUS,2026-08-15,ecmwf_ifs025,98.8,78.6
26,2026-08-16T01:51:38Z,KAUS,2026-08-16,ecmwf_ifs025,100.2,77.4
27,2026-08-16T01:51:38Z,KAUS,2026-08-17,ecmwf_ifs025,101.4,74.4
28,2026-08-16T01:51:38Z,KAUS,2026-08-15,ukmo_global_deterministic_10km,100.9,79.2
29,2026-08-16T01:51:38Z,KAUS,2026-08-16,ukmo_global_deterministic_10km,101.3,76.8
30,2026-08-16T01:51:38Z,KAUS,2026-08-17,ukmo_global_deterministic_10km,101.9,76.3
181,2026-08-16T01:51:38Z,KDCA,2026-08-15,gfs_seamless,87.8,73.5
182,2026-08-16T01:51:38Z,KDCA,2026-08-16,gfs_seamless,81.4,74.5
183,2026-08-16T01:51:38Z,KDCA,2026-08-17,gfs_seamless,87.6,73.3
184,2026-08-16T01:51:38Z,KDCA,2026-08-15,icon_global,89.9,73.1
185,2026-08-16T01:51:38Z,KDCA,2026-08-16,icon_global,79.0,72.8
186,2026-08-16T01:51:38Z,KDCA,2026-08-17,icon_global,90.8,76.7
187,2026-08-16T01:51:38Z,KDCA,2026-08-15,gem_global,87.5,72.9
188,2026-08-16T01:51:38Z,KDCA,2026-08-16,gem_global,79.9,74.6
189,2026-08-16T01:51:38Z,KDCA,2026-08-17,gem_global,85.8,75.0
190,2026-08-16T01:51:38Z,KDCA,2026-08-15,ecmwf_ifs025,91.5,72.1
191,2026-08-16T01:51:38Z,KDCA,2026-08-16,ecmwf_ifs025,78.8,72.9
192,2026-08-16T01:51:38Z,KDCA,2026-08-17,ecmwf_ifs025,90.0,73.5
193,2026-08-16T01:51:38Z,KDCA,2026-08-15,ukmo_global_deterministic_10km,89.7,75.2
194,2026-08-16T01:51:38Z,KDCA,2026-08-16,ukmo_global_deterministic_10km,82.2,75.0
195,2026-08-16T01:51:38Z,KDCA,2026-08-17,ukmo_global_deterministic_10km,92.2,75.8
46,2026-08-16T01:51:38Z,KDEN,2026-08-15,gfs_seamless,80.4,59.8
47,2026-08-16T01:51:38Z,KDEN,2026-08-16,gfs_seamless,81.9,60.6
48,2026-08-16T01:51:38Z,KDEN,2026-08-17,gfs_seamless,88.4,58.2
49,2026-08-16T01:51:38Z,KDEN,2026-08-15,icon_global,81.2,61.7
50,2026-08-16T01:51:38Z,KDEN,2026-08-16,icon_global,83.5,60.8
51,2026-08-16T01:51:38Z,KDEN,2026-08-17,icon_global,88.1,61.5
52,2026-08-16T01:51:38Z,KDEN,2026-08-15,gem_global,79.0,57.2
53,2026-08-16T01:51:38Z,KDEN,2026-08-16,gem_global,79.8,51.7
54,2026-08-16T01:51:38Z,KDEN,2026-08-17,gem_global,86.8,54.7
55,2026-08-16T01:51:38Z,KDEN,2026-08-15,ecmwf_ifs025,79.4,59.1
56,2026-08-16T01:51:38Z,KDEN,2026-08-16,ecmwf_ifs025,79.1,57.8
57,2026-08-16T01:51:38Z,KDEN,2026-08-17,ecmwf_ifs025,88.3,60.2
58,2026-08-16T01:51:38Z,KDEN,2026-08-15,ukmo_global_deterministic_10km,80.2,60.6
59,2026-08-16T01:51:38Z,KDEN,2026-08-16,ukmo_global_deterministic_10km,81.5,57.2
60,2026-08-16T01:51:38Z,KDEN,2026-08-17,ukmo_global_deterministic_10km,86.4,61.7
31,2026-08-16T01:51:38Z,KDFW,2026-08-15,gfs_seamless,100.7,81.1
32,2026-08-16T01:51:38Z,KDFW,2026-08-16,gfs_seamless,103.0,81.4
33,2026-08-16T01:51:38Z,KDFW,2026-08-17,gfs_seamless,107.1,78.3
34,2026-08-16T01:51:38Z,KDFW,2026-08-15,icon_global,101.7,81.5
35,2026-08-16T01:51:38Z,KDFW,2026-08-16,icon_global,103.7,83.7
36,2026-08-16T01:51:38Z,KDFW,2026-08-17,icon_global,105.5,82.2
37,2026-08-16T01:51:38Z,KDFW,2026-08-15,gem_global,99.8,80.1
38,2026-08-16T01:51:38Z,KDFW,2026-08-16,gem_global,100.2,82.4
39,2026-08-16T01:51:38Z,KDFW,2026-08-17,gem_global,102.5,77.4
40,2026-08-16T01:51:38Z,KDFW,2026-08-15,ecmwf_ifs025,99.2,80.9
41,2026-08-16T01:51:38Z,KDFW,2026-08-16,ecmwf_ifs025,102.5,83.6
42,2026-08-16T01:51:38Z,KDFW,2026-08-17,ecmwf_ifs025,104.9,82.8
43,2026-08-16T01:51:38Z,KDFW,2026-08-15,ukmo_global_deterministic_10km,100.2,82.2
44,2026-08-16T01:51:38Z,KDFW,2026-08-16,ukmo_global_deterministic_10km,102.8,84.3
45,2026-08-16T01:51:38Z,KDFW,2026-08-17,ukmo_global_deterministic_10km,104.0,85.3
61,2026-08-16T01:51:38Z,KLAS,2026-08-15,gfs_seamless,91.5,70.3
62,2026-08-16T01:51:38Z,KLAS,2026-08-16,gfs_seamless,101.9,72.3
63,2026-08-16T01:51:38Z,KLAS,2026-08-17,gfs_seamless,105.7,77.3
64,2026-08-16T01:51:38Z,KLAS,2026-08-15,icon_global,94.5,71.9
65,2026-08-16T01:51:38Z,KLAS,2026-08-16,icon_global,98.7,77.2
66,2026-08-16T01:51:38Z,KLAS,2026-08-17,icon_global,103.2,77.5
67,2026-08-16T01:51:38Z,KLAS,2026-08-15,gem_global,93.4,62.2
68,2026-08-16T01:51:38Z,KLAS,2026-08-16,gem_global,96.6,70.3
69,2026-08-16T01:51:38Z,KLAS,2026-08-17,gem_global,101.4,72.4
70,2026-08-16T01:51:38Z,KLAS,2026-08-15,ecmwf_ifs025,90.8,70.9
71,2026-08-16T01:51:38Z,KLAS,2026-08-16,ecmwf_ifs025,98.4,78.5
72,2026-08-16T01:51:38Z,KLAS,2026-08-17,ecmwf_ifs025,104.4,82.0
73,2026-08-16T01:51:38Z,KLAS,2026-08-15,ukmo_global_deterministic_10km,90.8,70.1
74,2026-08-16T01:51:38Z,KLAS,2026-08-16,ukmo_global_deterministic_10km,97.5,78.5
75,2026-08-16T01:51:38Z,KLAS,2026-08-17,ukmo_global_deterministic_10km,100.0,80.8
76,2026-08-16T01:51:38Z,KLAX,2026-08-15,gfs_seamless,76.7,65.9
77,2026-08-16T01:51:38Z,KLAX,2026-08-16,gfs_seamless,75.6,61.6
78,2026-08-16T01:51:38Z,KLAX,2026-08-17,gfs_seamless,80.6,63.7
79,2026-08-16T01:51:38Z,KLAX,2026-08-15,icon_global,78.4,62.9
80,2026-08-16T01:51:38Z,KLAX,2026-08-16,icon_global,80.0,65.7
81,2026-08-16T01:51:38Z,KLAX,2026-08-17,icon_global,82.7,63.3
82,2026-08-16T01:51:38Z,KLAX,2026-08-15,gem_global,76.6,60.3
83,2026-08-16T01:51:38Z,KLAX,2026-08-16,gem_global,77.2,62.8
84,2026-08-16T01:51:38Z,KLAX,2026-08-17,gem_global,77.3,63.6
85,2026-08-16T01:51:38Z,KLAX,2026-08-15,ecmwf_ifs025,83.4,67.0
86,2026-08-16T01:51:38Z,KLAX,2026-08-16,ecmwf_ifs025,85.6,66.5
87,2026-08-16T01:51:38Z,KLAX,2026-08-17,ecmwf_ifs025,86.6,67.4
88,2026-08-16T01:51:38Z,KLAX,2026-08-15,ukmo_global_deterministic_10km,74.4,66.8
89,2026-08-16T01:51:38Z,KLAX,2026-08-16,ukmo_global_deterministic_10km,73.0,66.4
90,2026-08-16T01:51:38Z,KLAX,2026-08-17,ukmo_global_deterministic_10km,72.9,66.5
91,2026-08-16T01:51:38Z,KNYC,2026-08-15,gfs_seamless,85.4,66.1
92,2026-08-16T01:51:38Z,KNYC,2026-08-16,gfs_seamless,82.2,66.2
93,2026-08-16T01:51:38Z,KNYC,2026-08-17,gfs_seamless,86.0,68.6
94,2026-08-16T01:51:38Z,KNYC,2026-08-15,icon_global,83.6,69.1
95,2026-08-16T01:51:38Z,KNYC,2026-08-16,icon_global,79.5,71.0
96,2026-08-16T01:51:38Z,KNYC,2026-08-17,icon_global,76.2,68.9
97,2026-08-16T01:51:38Z,KNYC,2026-08-15,gem_global,81.8,67.6
98,2026-08-16T01:51:38Z,KNYC,2026-08-16,gem_global,81.2,65.4
99,2026-08-16T01:51:38Z,KNYC,2026-08-17,gem_global,81.1,66.9
100,2026-08-16T01:51:38Z,KNYC,2026-08-15,ecmwf_ifs025,83.4,66.0
101,2026-08-16T01:51:38Z,KNYC,2026-08-16,ecmwf_ifs025,81.8,68.6
102,2026-08-16T01:51:38Z,KNYC,2026-08-17,ecmwf_ifs025,83.2,70.1
103,2026-08-16T01:51:38Z,KNYC,2026-08-15,ukmo_global_deterministic_10km,84.8,68.7
104,2026-08-16T01:51:38Z,KNYC,2026-08-16,ukmo_global_deterministic_10km,80.2,73.7
105,2026-08-16T01:51:38Z,KNYC,2026-08-17,ukmo_global_deterministic_10km,78.4,71.6
106,2026-08-16T01:51:38Z,KOKC,2026-08-15,gfs_seamless,100.7,77.8
107,2026-08-16T01:51:38Z,KOKC,2026-08-16,gfs_seamless,102.9,80.9
108,2026-08-16T01:51:38Z,KOKC,2026-08-17,gfs_seamless,98.7,73.2
109,2026-08-16T01:51:38Z,KOKC,2026-08-15,icon_global,101.9,77.1
110,2026-08-16T01:51:38Z,KOKC,2026-08-16,icon_global,104.0,81.3
111,2026-08-16T01:51:38Z,KOKC,2026-08-17,icon_global,98.5,78.1
112,2026-08-16T01:51:38Z,KOKC,2026-08-15,gem_global,101.2,78.4
113,2026-08-16T01:51:38Z,KOKC,2026-08-16,gem_global,103.2,82.1
114,2026-08-16T01:51:38Z,KOKC,2026-08-17,gem_global,97.4,76.8
115,2026-08-16T01:51:38Z,KOKC,2026-08-15,ecmwf_ifs025,99.7,80.4
116,2026-08-16T01:51:38Z,KOKC,2026-08-16,ecmwf_ifs025,103.2,84.4
117,2026-08-16T01:51:38Z,KOKC,2026-08-17,ecmwf_ifs025,99.3,81.0
118,2026-08-16T01:51:38Z,KOKC,2026-08-15,ukmo_global_deterministic_10km,100.6,81.0
119,2026-08-16T01:51:38Z,KOKC,2026-08-16,ukmo_global_deterministic_10km,102.7,84.0
120,2026-08-16T01:51:38Z,KOKC,2026-08-17,ukmo_global_deterministic_10km,100.5,77.6
121,2026-08-16T01:51:38Z,KPHX,2026-08-15,gfs_seamless,105.1,81.9
122,2026-08-16T01:51:38Z,KPHX,2026-08-16,gfs_seamless,108.2,79.5
123,2026-08-16T01:51:38Z,KPHX,2026-08-17,gfs_seamless,112.5,80.6
124,2026-08-16T01:51:38Z,KPHX,2026-08-15,icon_global,104.8,82.6
125,2026-08-16T01:51:38Z,KPHX,2026-08-16,icon_global,107.4,85.5
126,2026-08-16T01:51:38Z,KPHX,2026-08-17,icon_global,111.9,86.1
127,2026-08-16T01:51:38Z,KPHX,2026-08-15,gem_global,103.1,72.1
128,2026-08-16T01:51:38Z,KPHX,2026-08-16,gem_global,104.1,71.9
129,2026-08-16T01:51:38Z,KPHX,2026-08-17,gem_global,107.5,70.0
130,2026-08-16T01:51:38Z,KPHX,2026-08-15,ecmwf_ifs025,105.2,84.3
131,2026-08-16T01:51:38Z,KPHX,2026-08-16,ecmwf_ifs025,107.7,89.1
132,2026-08-16T01:51:38Z,KPHX,2026-08-17,ecmwf_ifs025,111.7,88.6
133,2026-08-16T01:51:38Z,KPHX,2026-08-15,ukmo_global_deterministic_10km,105.4,80.0
134,2026-08-16T01:51:38Z,KPHX,2026-08-16,ukmo_global_deterministic_10km,102.5,82.9
135,2026-08-16T01:51:38Z,KPHX,2026-08-17,ukmo_global_deterministic_10km,109.2,79.1
136,2026-08-16T01:51:38Z,KSAT,2026-08-15,gfs_seamless,101.1,78.9
137,2026-08-16T01:51:38Z,KSAT,2026-08-16,gfs_seamless,99.3,71.2
138,2026-08-16T01:51:38Z,KSAT,2026-08-17,gfs_seamless,101.1,73.2
139,2026-08-16T01:51:38Z,KSAT,2026-08-15,icon_global,99.3,78.9
140,2026-08-16T01:51:38Z,KSAT,2026-08-16,icon_global,99.0,77.3
141,2026-08-16T01:51:38Z,KSAT,2026-08-17,icon_global,100.9,74.3
142,2026-08-16T01:51:38Z,KSAT,2026-08-15,gem_global,96.2,76.7
143,2026-08-16T01:51:38Z,KSAT,2026-08-16,gem_global,95.9,72.5
144,2026-08-16T01:51:38Z,KSAT,2026-08-17,gem_global,96.0,69.6
145,2026-08-16T01:51:38Z,KSAT,2026-08-15,ecmwf_ifs025,98.2,77.9
146,2026-08-16T01:51:38Z,KSAT,2026-08-16,ecmwf_ifs025,98.8,76.7
147,2026-08-16T01:51:38Z,KSAT,2026-08-17,ecmwf_ifs025,99.1,76.5
148,2026-08-16T01:51:38Z,KSAT,2026-08-15,ukmo_global_deterministic_10km,100.1,78.6
149,2026-08-16T01:51:38Z,KSAT,2026-08-16,ukmo_global_deterministic_10km,99.0,77.9
150,2026-08-16T01:51:38Z,KSAT,2026-08-17,ukmo_global_deterministic_10km,100.2,77.0
166,2026-08-16T01:51:38Z,KSEA,2026-08-15,gfs_seamless,74.6,57.4
167,2026-08-16T01:51:38Z,KSEA,2026-08-16,gfs_seamless,74.3,61.1
168,2026-08-16T01:51:38Z,KSEA,2026-08-17,gfs_seamless,81.8,56.7
169,2026-08-16T01:51:38Z,KSEA,2026-08-15,icon_global,70.6,59.6
170,2026-08-16T01:51:38Z,KSEA,2026-08-16,icon_global,74.3,60.2
171,2026-08-16T01:51:38Z,KSEA,2026-08-17,icon_global,77.0,57.9
172,2026-08-16T01:51:38Z,KSEA,2026-08-15,gem_global,71.4,56.6
173,2026-08-16T01:51:38Z,KSEA,2026-08-16,gem_global,72.8,59.3
174,2026-08-16T01:51:38Z,KSEA,2026-08-17,gem_global,75.0,57.6
175,2026-08-16T01:51:38Z,KSEA,2026-08-15,ecmwf_ifs025,77.3,58.7
176,2026-08-16T01:51:38Z,KSEA,2026-08-16,ecmwf_ifs025,76.0,61.0
177,2026-08-16T01:51:38Z,KSEA,2026-08-17,ecmwf_ifs025,77.1,58.7
178,2026-08-16T01:51:38Z,KSEA,2026-08-15,ukmo_global_deterministic_10km,77.0,58.6
179,2026-08-16T01:51:38Z,KSEA,2026-08-16,ukmo_global_deterministic_10km,79.2,59.1
180,2026-08-16T01:51:38Z,KSEA,2026-08-17,ukmo_global_deterministic_10km,81.9,62.6
151,2026-08-16T01:51:38Z,KSFO,2026-08-15,gfs_seamless,68.7,57.0
152,2026-08-16T01:51:38Z,KSFO,2026-08-16,gfs_seamless,70.5,55.0
153,2026-08-16T01:51:38Z,KSFO,2026-08-17,gfs_seamless,66.9,53.2
154,2026-08-16T01:51:38Z,KSFO,2026-08-15,icon_global,69.0,60.5
155,2026-08-16T01:51:38Z,KSFO,2026-08-16,icon_global,72.9,58.6
156,2026-08-16T01:51:38Z,KSFO,2026-08-17,icon_global,70.5,58.9
157,2026-08-16T01:51:38Z,KSFO,2026-08-15,gem_global,64.1,58.7
158,2026-08-16T01:51:38Z,KSFO,2026-08-16,gem_global,66.3,58.8
159,2026-08-16T01:51:38Z,KSFO,2026-08-17,gem_global,65.2,58.3
160,2026-08-16T01:51:38Z,KSFO,2026-08-15,ecmwf_ifs025,65.2,58.6
161,2026-08-16T01:51:38Z,KSFO,2026-08-16,ecmwf_ifs025,67.2,57.8
162,2026-08-16T01:51:38Z,KSFO,2026-08-17,ecmwf_ifs025,66.3,57.7
163,2026-08-16T01:51:38Z,KSFO,2026-08-15,ukmo_global_deterministic_10km,68.4,59.3
164,2026-08-16T01:51:38Z,KSFO,2026-08-16,ukmo_global_deterministic_10km,77.6,56.5
165,2026-08-16T01:51:38Z,KSFO,2026-08-17,ukmo_global_deterministic_10km,69.2,57.6
1,2026-08-16T03:08:12Z,KATL,2026-08-15,gfs_seamless,94.7,74.9
2,2026-08-16T03:08:12Z,KATL,2026-08-16,gfs_seamless,96.3,76.5
3,2026-08-16T03:08:12Z,KATL,2026-08-17,gfs_seamless,99.5,74.7
4,2026-08-16T03:08:12Z,KATL,2026-08-15,icon_global,94.4,75.4
5,2026-08-16T03:08:12Z,KATL,2026-08-16,icon_global,95.8,77.7
6,2026-08-16T03:08:12Z,KATL,2026-08-17,icon_global,100.2,77.9
7,2026-08-16T03:08:12Z,KATL,2026-08-15,gem_global,92.2,75.0
8,2026-08-16T03:08:12Z,KATL,2026-08-16,gem_global,91.1,75.7
9,2026-08-16T03:08:12Z,KATL,2026-08-17,gem_global,93.9,75.3
10,2026-08-16T03:08:12Z,KATL,2026-08-15,ecmwf_ifs025,92.1,72.0
11,2026-08-16T03:08:12Z,KATL,2026-08-16,ecmwf_ifs025,95.9,75.9
12,2026-08-16T03:08:12Z,KATL,2026-08-17,ecmwf_ifs025,98.6,77.1
13,2026-08-16T03:08:12Z,KATL,2026-08-15,ukmo_global_deterministic_10km,92.1,75.6
14,2026-08-16T03:08:12Z,KATL,2026-08-16,ukmo_global_deterministic_10km,94.6,79.7
15,2026-08-16T03:08:12Z,KATL,2026-08-17,ukmo_global_deterministic_10km,98.0,79.4
16,2026-08-16T03:08:12Z,KAUS,2026-08-15,gfs_seamless,100.5,80.6
17,2026-08-16T03:08:12Z,KAUS,2026-08-16,gfs_seamless,99.9,76.6
18,2026-08-16T03:08:12Z,KAUS,2026-08-17,gfs_seamless,102.2,75.4
19,2026-08-16T03:08:12Z,KAUS,2026-08-15,icon_global,102.0,79.8
20,2026-08-16T03:08:12Z,KAUS,2026-08-16,icon_global,103.0,76.1
21,2026-08-16T03:08:12Z,KAUS,2026-08-17,icon_global,103.6,72.4
22,2026-08-16T03:08:12Z,KAUS,2026-08-15,gem_global,98.8,78.9
23,2026-08-16T03:08:12Z,KAUS,2026-08-16,gem_global,98.1,71.5
24,2026-08-16T03:08:12Z,KAUS,2026-08-17,gem_global,98.9,71.3
25,2026-08-16T03:08:12Z,KAUS,2026-08-15,ecmwf_ifs025,98.8,78.6
26,2026-08-16T03:08:12Z,KAUS,2026-08-16,ecmwf_ifs025,100.2,77.4
27,2026-08-16T03:08:12Z,KAUS,2026-08-17,ecmwf_ifs025,101.4,74.4
28,2026-08-16T03:08:12Z,KAUS,2026-08-15,ukmo_global_deterministic_10km,100.9,79.2
29,2026-08-16T03:08:12Z,KAUS,2026-08-16,ukmo_global_deterministic_10km,101.3,76.8
30,2026-08-16T03:08:12Z,KAUS,2026-08-17,ukmo_global_deterministic_10km,101.9,76.3
211,2026-08-16T03:08:12Z,KDCA,2026-08-15,gfs_seamless,87.8,73.5
212,2026-08-16T03:08:12Z,KDCA,2026-08-16,gfs_seamless,83.2,72.6
213,2026-08-16T03:08:12Z,KDCA,2026-08-17,gfs_seamless,87.6,73.3
214,2026-08-16T03:08:12Z,KDCA,2026-08-15,icon_global,89.9,73.1
215,2026-08-16T03:08:12Z,KDCA,2026-08-16,icon_global,79.0,72.8
216,2026-08-16T03:08:12Z,KDCA,2026-08-17,icon_global,90.8,76.7
217,2026-08-16T03:08:12Z,KDCA,2026-08-15,gem_global,87.5,72.9
218,2026-08-16T03:08:12Z,KDCA,2026-08-16,gem_global,79.9,74.6
219,2026-08-16T03:08:12Z,KDCA,2026-08-17,gem_global,85.8,75.0
220,2026-08-16T03:08:12Z,KDCA,2026-08-15,ecmwf_ifs025,91.5,72.1
221,2026-08-16T03:08:12Z,KDCA,2026-08-16,ecmwf_ifs025,78.8,72.9
222,2026-08-16T03:08:12Z,KDCA,2026-08-17,ecmwf_ifs025,90.0,73.5
223,2026-08-16T03:08:12Z,KDCA,2026-08-15,ukmo_global_deterministic_10km,89.7,75.2
224,2026-08-16T03:08:12Z,KDCA,2026-08-16,ukmo_global_deterministic_10km,82.2,75.0
225,2026-08-16T03:08:12Z,KDCA,2026-08-17,ukmo_global_deterministic_10km,92.2,75.8
46,2026-08-16T03:08:12Z,KDEN,2026-08-15,gfs_seamless,80.4,59.8
47,2026-08-16T03:08:12Z,KDEN,2026-08-16,gfs_seamless,84.2,60.3
48,2026-08-16T03:08:12Z,KDEN,2026-08-17,gfs_seamless,90.2,58.3
49,2026-08-16T03:08:12Z,KDEN,2026-08-15,icon_global,81.2,61.7
50,2026-08-16T03:08:12Z,KDEN,2026-08-16,icon_global,83.5,60.8
51,2026-08-16T03:08:12Z,KDEN,2026-08-17,icon_global,88.1,61.5
52,2026-08-16T03:08:12Z,KDEN,2026-08-15,gem_global,79.0,57.2
53,2026-08-16T03:08:12Z,KDEN,2026-08-16,gem_global,79.8,51.7
54,2026-08-16T03:08:12Z,KDEN,2026-08-17,gem_global,86.8,54.7
55,2026-08-16T03:08:12Z,KDEN,2026-08-15,ecmwf_ifs025,79.4,59.1
56,2026-08-16T03:08:12Z,KDEN,2026-08-16,ecmwf_ifs025,79.1,57.8
57,2026-08-16T03:08:12Z,KDEN,2026-08-17,ecmwf_ifs025,88.3,60.2
58,2026-08-16T03:08:12Z,KDEN,2026-08-15,ukmo_global_deterministic_10km,80.2,60.6
59,2026-08-16T03:08:12Z,KDEN,2026-08-16,ukmo_global_deterministic_10km,81.5,57.2
60,2026-08-16T03:08:12Z,KDEN,2026-08-17,ukmo_global_deterministic_10km,86.4,61.7
31,2026-08-16T03:08:12Z,KDFW,2026-08-15,gfs_seamless,100.7,81.1
32,2026-08-16T03:08:12Z,KDFW,2026-08-16,gfs_seamless,103.1,82.0
33,2026-08-16T03:08:12Z,KDFW,2026-08-17,gfs_seamless,105.9,79.3
34,2026-08-16T03:08:12Z,KDFW,2026-08-15,icon_global,101.7,81.5
35,2026-08-16T03:08:12Z,KDFW,2026-08-16,icon_global,103.7,83.7
36,2026-08-16T03:08:12Z,KDFW,2026-08-17,icon_global,105.5,82.2
37,2026-08-16T03:08:12Z,KDFW,2026-08-15,gem_global,99.8,80.1
38,2026-08-16T03:08:12Z,KDFW,2026-08-16,gem_global,100.2,82.4
39,2026-08-16T03:08:12Z,KDFW,2026-08-17,gem_global,102.5,77.4
40,2026-08-16T03:08:12Z,KDFW,2026-08-15,ecmwf_ifs025,99.2,80.9
41,2026-08-16T03:08:12Z,KDFW,2026-08-16,ecmwf_ifs025,102.5,83.6
42,2026-08-16T03:08:12Z,KDFW,2026-08-17,ecmwf_ifs025,104.9,82.8
43,2026-08-16T03:08:12Z,KDFW,2026-08-15,ukmo_global_deterministic_10km,100.2,82.2
44,2026-08-16T03:08:12Z,KDFW,2026-08-16,ukmo_global_deterministic_10km,102.8,84.3
45,2026-08-16T03:08:12Z,KDFW,2026-08-17,ukmo_global_deterministic_10km,104.0,85.3
61,2026-08-16T03:08:12Z,KIAH,2026-08-15,gfs_seamless,98.7,79.6
62,2026-08-16T03:08:12Z,KIAH,2026-08-16,gfs_seamless,99.2,75.4
63,2026-08-16T03:08:12Z,KIAH,2026-08-17,gfs_seamless,99.3,74.6
64,2026-08-16T03:08:12Z,KIAH,2026-08-15,icon_global,97.9,79.0
65,2026-08-16T03:08:12Z,KIAH,2026-08-16,icon_global,95.9,75.8
66,2026-08-16T03:08:12Z,KIAH,2026-08-17,icon_global,97.4,74.3
67,2026-08-16T03:08:12Z,KIAH,2026-08-15,gem_global,97.1,77.6
68,2026-08-16T03:08:12Z,KIAH,2026-08-16,gem_global,96.2,73.6
69,2026-08-16T03:08:12Z,KIAH,2026-08-17,gem_global,96.6,71.8
70,2026-08-16T03:08:12Z,KIAH,2026-08-15,ecmwf_ifs025,95.1,77.7
71,2026-08-16T03:08:12Z,KIAH,2026-08-16,ecmwf_ifs025,95.5,75.9
72,2026-08-16T03:08:12Z,KIAH,2026-08-17,ecmwf_ifs025,96.3,75.0
73,2026-08-16T03:08:12Z,KIAH,2026-08-15,ukmo_global_deterministic_10km,97.9,80.0
74,2026-08-16T03:08:12Z,KIAH,2026-08-16,ukmo_global_deterministic_10km,96.9,78.1
75,2026-08-16T03:08:12Z,KIAH,2026-08-17,ukmo_global_deterministic_10km,97.3,78.3
76,2026-08-16T03:08:12Z,KLAX,2026-08-15,gfs_seamless,76.7,65.4
77,2026-08-16T03:08:12Z,KLAX,2026-08-16,gfs_seamless,75.7,60.7
78,2026-08-16T03:08:12Z,KLAX,2026-08-17,gfs_seamless,78.4,63.4
79,2026-08-16T03:08:12Z,KLAX,2026-08-15,icon_global,78.4,62.9
80,2026-08-16T03:08:12Z,KLAX,2026-08-16,icon_global,80.0,65.7
81,2026-08-16T03:08:12Z,KLAX,2026-08-17,icon_global,82.7,63.3
82,2026-08-16T03:08:12Z,KLAX,2026-08-15,gem_global,76.6,60.3
83,2026-08-16T03:08:12Z,KLAX,2026-08-16,gem_global,77.2,62.8
84,2026-08-16T03:08:12Z,KLAX,2026-08-17,gem_global,77.3,63.6
85,2026-08-16T03:08:12Z,KLAX,2026-08-15,ecmwf_ifs025,83.4,67.0
86,2026-08-16T03:08:12Z,KLAX,2026-08-16,ecmwf_ifs025,85.6,66.5
87,2026-08-16T03:08:12Z,KLAX,2026-08-17,ecmwf_ifs025,86.6,67.4
88,2026-08-16T03:08:12Z,KLAX,2026-08-15,ukmo_global_deterministic_10km,74.4,66.8
89,2026-08-16T03:08:12Z,KLAX,2026-08-16,ukmo_global_deterministic_10km,73.0,66.4
90,2026-08-16T03:08:12Z,KLAX,2026-08-17,ukmo_global_deterministic_10km,72.9,66.5
91,2026-08-16T03:08:12Z,KMIA,2026-08-15,gfs_seamless,92.6,82.2
92,2026-08-16T03:08:12Z,KMIA,2026-08-16,gfs_seamless,91.8,80.3
93,2026-08-16T03:08:12Z,KMIA,2026-08-17,gfs_seamless,95.7,78.8
94,2026-08-16T03:08:12Z,KMIA,2026-08-15,icon_global,93.2,80.9
95,2026-08-16T03:08:12Z,KMIA,2026-08-16,icon_global,93.6,81.8
96,2026-08-16T03:08:12Z,KMIA,2026-08-17,icon_global,95.7,76.5
97,2026-08-16T03:08:12Z,KMIA,2026-08-15,gem_global,91.6,83.4
98,2026-08-16T03:08:12Z,KMIA,2026-08-16,gem_global,92.2,80.3
99,2026-08-16T03:08:12Z,KMIA,2026-08-17,gem_global,94.9,78.0
100,2026-08-16T03:08:12Z,KMIA,2026-08-15,ecmwf_ifs025,91.9,82.9
101,2026-08-16T03:08:12Z,KMIA,2026-08-16,ecmwf_ifs025,91.2,82.0
102,2026-08-16T03:08:12Z,KMIA,2026-08-17,ecmwf_ifs025,93.2,79.6
103,2026-08-16T03:08:12Z,KMIA,2026-08-15,ukmo_global_deterministic_10km,93.7,83.3
104,2026-08-16T03:08:12Z,KMIA,2026-08-16,ukmo_global_deterministic_10km,93.9,83.8
105,2026-08-16T03:08:12Z,KMIA,2026-08-17,ukmo_global_deterministic_10km,98.2,82.2
106,2026-08-16T03:08:12Z,KMSP,2026-08-15,gfs_seamless,80.0,68.3
107,2026-08-16T03:08:12Z,KMSP,2026-08-16,gfs_seamless,81.2,64.5
108,2026-08-16T03:08:12Z,KMSP,2026-08-17,gfs_seamless,85.7,60.7
109,2026-08-16T03:08:12Z,KMSP,2026-08-15,icon_global,79.5,68.5
110,2026-08-16T03:08:12Z,KMSP,2026-08-16,icon_global,78.4,66.7
111,2026-08-16T03:08:12Z,KMSP,2026-08-17,icon_global,81.2,64.6
112,2026-08-16T03:08:12Z,KMSP,2026-08-15,gem_global,79.8,68.7
113,2026-08-16T03:08:12Z,KMSP,2026-08-16,gem_global,77.9,66.8
114,2026-08-16T03:08:12Z,KMSP,2026-08-17,gem_global,80.3,61.0
115,2026-08-16T03:08:12Z,KMSP,2026-08-15,ecmwf_ifs025,80.6,68.5
116,2026-08-16T03:08:12Z,KMSP,2026-08-16,ecmwf_ifs025,79.0,65.7
117,2026-08-16T03:08:12Z,KMSP,2026-08-17,ecmwf_ifs025,81.9,61.5
118,2026-08-16T03:08:12Z,KMSP,2026-08-15,ukmo_global_deterministic_10km,81.2,68.0
119,2026-08-16T03:08:12Z,KMSP,2026-08-16,ukmo_global_deterministic_10km,81.7,67.9
120,2026-08-16T03:08:12Z,KMSP,2026-08-17,ukmo_global_deterministic_10km,84.8,67.0
121,2026-08-16T03:08:12Z,KOKC,2026-08-15,gfs_seamless,100.7,77.8
122,2026-08-16T03:08:12Z,KOKC,2026-08-16,gfs_seamless,103.5,81.2
123,2026-08-16T03:08:12Z,KOKC,2026-08-17,gfs_seamless,98.7,73.2
124,2026-08-16T03:08:12Z,KOKC,2026-08-15,icon_global,101.9,77.1
125,2026-08-16T03:08:12Z,KOKC,2026-08-16,icon_global,104.0,81.3
126,2026-08-16T03:08:12Z,KOKC,2026-08-17,icon_global,98.5,78.1
127,2026-08-16T03:08:12Z,KOKC,2026-08-15,gem_global,101.2,78.4
128,2026-08-16T03:08:12Z,KOKC,2026-08-16,gem_global,103.2,82.1
129,2026-08-16T03:08:12Z,KOKC,2026-08-17,gem_global,97.4,76.8
130,2026-08-16T03:08:12Z,KOKC,2026-08-15,ecmwf_ifs025,99.7,80.4
131,2026-08-16T03:08:12Z,KOKC,2026-08-16,ecmwf_ifs025,103.2,84.4
132,2026-08-16T03:08:12Z,KOKC,2026-08-17,ecmwf_ifs025,99.3,81.0
133,2026-08-16T03:08:12Z,KOKC,2026-08-15,ukmo_global_deterministic_10km,100.6,81.0
134,2026-08-16T03:08:12Z,KOKC,2026-08-16,ukmo_global_deterministic_10km,102.7,84.0
135,2026-08-16T03:08:12Z,KOKC,2026-08-17,ukmo_global_deterministic_10km,100.5,77.6
136,2026-08-16T03:08:12Z,KPHL,2026-08-15,gfs_seamless,87.6,71.5
137,2026-08-16T03:08:12Z,KPHL,2026-08-16,gfs_seamless,81.7,67.8
138,2026-08-16T03:08:12Z,KPHL,2026-08-17,gfs_seamless,90.3,69.4
139,2026-08-16T03:08:12Z,KPHL,2026-08-15,icon_global,87.2,70.9
140,2026-08-16T03:08:12Z,KPHL,2026-08-16,icon_global,78.0,70.5
141,2026-08-16T03:08:12Z,KPHL,2026-08-17,icon_global,85.6,71.5
142,2026-08-16T03:08:12Z,KPHL,2026-08-15,gem_global,83.8,69.5
143,2026-08-16T03:08:12Z,KPHL,2026-08-16,gem_global,79.8,69.1
144,2026-08-16T03:08:12Z,KPHL,2026-08-17,gem_global,84.7,70.7
145,2026-08-16T03:08:12Z,KPHL,2026-08-15,ecmwf_ifs025,89.0,70.9
146,2026-08-16T03:08:12Z,KPHL,2026-08-16,ecmwf_ifs025,84.0,69.6
147,2026-08-16T03:08:12Z,KPHL,2026-08-17,ecmwf_ifs025,88.0,70.2
148,2026-08-16T03:08:12Z,KPHL,2026-08-15,ukmo_global_deterministic_10km,86.4,73.0
149,2026-08-16T03:08:12Z,KPHL,2026-08-16,ukmo_global_deterministic_10km,82.4,70.5
150,2026-08-16T03:08:12Z,KPHL,2026-08-17,ukmo_global_deterministic_10km,88.2,70.4
151,2026-08-16T03:08:12Z,KPHX,2026-08-15,gfs_seamless,105.1,81.9
152,2026-08-16T03:08:12Z,KPHX,2026-08-16,gfs_seamless,108.2,80.6
153,2026-08-16T03:08:12Z,KPHX,2026-08-17,gfs_seamless,112.5,80.6
154,2026-08-16T03:08:12Z,KPHX,2026-08-15,icon_global,104.8,82.6
155,2026-08-16T03:08:12Z,KPHX,2026-08-16,icon_global,107.4,85.5
156,2026-08-16T03:08:12Z,KPHX,2026-08-17,icon_global,111.9,86.1
157,2026-08-16T03:08:12Z,KPHX,2026-08-15,gem_global,103.1,72.1
158,2026-08-16T03:08:12Z,KPHX,2026-08-16,gem_global,104.1,71.9
159,2026-08-16T03:08:12Z,KPHX,2026-08-17,gem_global,107.5,70.0
160,2026-08-16T03:08:12Z,KPHX,2026-08-15,ecmwf_ifs025,105.2,84.3
161,2026-08-16T03:08:12Z,KPHX,2026-08-16,ecmwf_ifs025,107.7,89.1
162,2026-08-16T03:08:12Z,KPHX,2026-08-17,ecmwf_ifs025,111.7,88.6
163,2026-08-16T03:08:12Z,KPHX,2026-08-15,ukmo_global_deterministic_10km,105.4,80.0
164,2026-08-16T03:08:12Z,KPHX,2026-08-16,ukmo_global_deterministic_10km,102.5,82.9
165,2026-08-16T03:08:12Z,KPHX,2026-08-17,ukmo_global_deterministic_10km,109.2,79.1
166,2026-08-16T03:08:12Z,KSAT,2026-08-15,gfs_seamless,101.1,78.9
167,2026-08-16T03:08:12Z,KSAT,2026-08-16,gfs_seamless,99.3,72.5
168,2026-08-16T03:08:12Z,KSAT,2026-08-17,gfs_seamless,101.1,73.2
169,2026-08-16T03:08:12Z,KSAT,2026-08-15,icon_global,99.3,78.9
170,2026-08-16T03:08:12Z,KSAT,2026-08-16,icon_global,99.0,77.3
171,2026-08-16T03:08:12Z,KSAT,2026-08-17,icon_global,100.9,74.3
172,2026-08-16T03:08:12Z,KSAT,2026-08-15,gem_global,96.2,76.7
173,2026-08-16T03:08:12Z,KSAT,2026-08-16,gem_global,95.9,72.5
174,2026-08-16T03:08:12Z,KSAT,2026-08-17,gem_global,96.0,69.6
175,2026-08-16T03:08:12Z,KSAT,2026-08-15,ecmwf_ifs025,98.2,77.9
176,2026-08-16T03:08:12Z,KSAT,2026-08-16,ecmwf_ifs025,98.8,76.7
177,2026-08-16T03:08:12Z,KSAT,2026-08-17,ecmwf_ifs025,99.1,76.5
178,2026-08-16T03:08:12Z,KSAT,2026-08-15,ukmo_global_deterministic_10km,100.1,78.6
179,2026-08-16T03:08:12Z,KSAT,2026-08-16,ukmo_global_deterministic_10km,99.0,77.9
180,2026-08-16T03:08:12Z,KSAT,2026-08-17,ukmo_global_deterministic_10km,100.2,77.0
196,2026-08-16T03:08:12Z,KSEA,2026-08-15,gfs_seamless,75.3,57.4
197,2026-08-16T03:08:12Z,KSEA,2026-08-16,gfs_seamless,74.3,57.7
198,2026-08-16T03:08:12Z,KSEA,2026-08-17,gfs_seamless,81.8,56.7
199,2026-08-16T03:08:12Z,KSEA,2026-08-15,icon_global,70.6,59.6
200,2026-08-16T03:08:12Z,KSEA,2026-08-16,icon_global,74.3,60.2
201,2026-08-16T03:08:12Z,KSEA,2026-08-17,icon_global,77.0,57.9
202,2026-08-16T03:08:12Z,KSEA,2026-08-15,gem_global,71.4,56.6
203,2026-08-16T03:08:12Z,KSEA,2026-08-16,gem_global,72.8,59.3
204,2026-08-16T03:08:12Z,KSEA,2026-08-17,gem_global,75.0,57.6
205,2026-08-16T03:08:12Z,KSEA,2026-08-15,ecmwf_ifs025,77.3,58.7
206,2026-08-16T03:08:12Z,KSEA,2026-08-16,ecmwf_ifs025,76.0,61.0
207,2026-08-16T03:08:12Z,KSEA,2026-08-17,ecmwf_ifs025,77.1,58.7
208,2026-08-16T03:08:12Z,KSEA,2026-08-15,ukmo_global_deterministic_10km,77.0,58.6
209,2026-08-16T03:08:12Z,KSEA,2026-08-16,ukmo_global_deterministic_10km,79.2,59.1
210,2026-08-16T03:08:12Z,KSEA,2026-08-17,ukmo_global_deterministic_10km,81.9,62.6
181,2026-08-16T03:08:12Z,KSFO,2026-08-15,gfs_seamless,68.7,56.7
182,2026-08-16T03:08:12Z,KSFO,2026-08-16,gfs_seamless,70.5,54.8
183,2026-08-16T03:08:12Z,KSFO,2026-08-17,gfs_seamless,66.9,53.2
184,2026-08-16T03:08:12Z,KSFO,2026-08-15,icon_global,69.0,60.5
185,2026-08-16T03:08:12Z,KSFO,2026-08-16,icon_global,72.9,58.6
186,2026-08-16T03:08:12Z,KSFO,2026-08-17,icon_global,70.5,58.9
187,2026-08-16T03:08:12Z,KSFO,2026-08-15,gem_global,64.1,58.7
188,2026-08-16T03:08:12Z,KSFO,2026-08-16,gem_global,66.3,58.8
189,2026-08-16T03:08:12Z,KSFO,2026-08-17,gem_global,65.2,58.3
190,2026-08-16T03:08:12Z,KSFO,2026-08-15,ecmwf_ifs025,65.2,58.6
191,2026-08-16T03:08:12Z,KSFO,2026-08-16,ecmwf_ifs025,67.2,57.8
192,2026-08-16T03:08:12Z,KSFO,2026-08-17,ecmwf_ifs025,66.3,57.7
193,2026-08-16T03:08:12Z,KSFO,2026-08-15,ukmo_global_deterministic_10km,68.4,59.3
194,2026-08-16T03:08:12Z,KSFO,2026-08-16,ukmo_global_deterministic_10km,77.6,56.5
195,2026-08-16T03:08:12Z,KSFO,2026-08-17,ukmo_global_deterministic_10km,69.2,57.6
1,2026-08-16T04:10:24Z,KATL,2026-08-16,gfs_seamless,97.0,76.3
2,2026-08-16T04:10:24Z,KATL,2026-08-17,gfs_seamless,99.5,74.7
3,2026-08-16T04:10:24Z,KATL,2026-08-18,gfs_seamless,101.4,82.1
4,2026-08-16T04:10:24Z,KATL,2026-08-16,icon_global,94.4,77.2
5,2026-08-16T04:10:24Z,KATL,2026-08-17,icon_global,99.8,76.9
6,2026-08-16T04:10:24Z,KATL,2026-08-18,icon_global,94.0,79.2
7,2026-08-16T04:10:24Z,KATL,2026-08-16,gem_global,91.1,75.7
8,2026-08-16T04:10:24Z,KATL,2026-08-17,gem_global,93.9,75.3
9,2026-08-16T04:10:24Z,KATL,2026-08-18,gem_global,89.6,77.1
10,2026-08-16T04:10:24Z,KATL,2026-08-16,ecmwf_ifs025,95.9,75.9
11,2026-08-16T04:10:24Z,KATL,2026-08-17,ecmwf_ifs025,98.6,77.1
12,2026-08-16T04:10:24Z,KATL,2026-08-18,ecmwf_ifs025,96.9,76.9
13,2026-08-16T04:10:24Z,KATL,2026-08-16,ukmo_global_deterministic_10km,94.6,79.7
14,2026-08-16T04:10:24Z,KATL,2026-08-17,ukmo_global_deterministic_10km,98.0,79.4
15,2026-08-16T04:10:24Z,KATL,2026-08-18,ukmo_global_deterministic_10km,97.4,81.2
16,2026-08-16T04:10:24Z,KAUS,2026-08-15,gfs_seamless,100.5,80.6
17,2026-08-16T04:10:24Z,KAUS,2026-08-16,gfs_seamless,99.9,75.7
18,2026-08-16T04:10:24Z,KAUS,2026-08-17,gfs_seamless,102.2,75.4
19,2026-08-16T04:10:24Z,KAUS,2026-08-15,icon_global,102.0,79.8
20,2026-08-16T04:10:24Z,KAUS,2026-08-16,icon_global,102.7,77.1
21,2026-08-16T04:10:24Z,KAUS,2026-08-17,icon_global,104.4,75.1
22,2026-08-16T04:10:24Z,KAUS,2026-08-15,gem_global,98.8,78.9
23,2026-08-16T04:10:24Z,KAUS,2026-08-16,gem_global,98.1,71.5
24,2026-08-16T04:10:24Z,KAUS,2026-08-17,gem_global,98.9,71.3
25,2026-08-16T04:10:24Z,KAUS,2026-08-15,ecmwf_ifs025,98.8,78.6
26,2026-08-16T04:10:24Z,KAUS,2026-08-16,ecmwf_ifs025,100.2,77.4
27,2026-08-16T04:10:24Z,KAUS,2026-08-17,ecmwf_ifs025,101.4,74.4
28,2026-08-16T04:10:24Z,KAUS,2026-08-15,ukmo_global_deterministic_10km,100.9,79.2
29,2026-08-16T04:10:24Z,KAUS,2026-08-16,ukmo_global_deterministic_10km,101.3,76.8
30,2026-08-16T04:10:24Z,KAUS,2026-08-17,ukmo_global_deterministic_10km,101.9,76.3
151,2026-08-16T04:10:24Z,KDCA,2026-08-16,gfs_seamless,84.9,73.7
152,2026-08-16T04:10:24Z,KDCA,2026-08-17,gfs_seamless,87.6,73.3
153,2026-08-16T04:10:24Z,KDCA,2026-08-18,gfs_seamless,89.5,72.4
154,2026-08-16T04:10:24Z,KDCA,2026-08-16,icon_global,80.6,75.6
155,2026-08-16T04:10:24Z,KDCA,2026-08-17,icon_global,91.7,76.7
156,2026-08-16T04:10:24Z,KDCA,2026-08-18,icon_global,88.0,75.7
157,2026-08-16T04:10:24Z,KDCA,2026-08-16,gem_global,79.9,74.6
158,2026-08-16T04:10:24Z,KDCA,2026-08-17,gem_global,85.8,75.0
159,2026-08-16T04:10:24Z,KDCA,2026-08-18,gem_global,84.2,70.2
160,2026-08-16T04:10:24Z,KDCA,2026-08-16,ecmwf_ifs025,78.8,72.9
161,2026-08-16T04:10:24Z,KDCA,2026-08-17,ecmwf_ifs025,90.0,73.5
162,2026-08-16T04:10:24Z,KDCA,2026-08-18,ecmwf_ifs025,86.1,72.5
163,2026-08-16T04:10:24Z,KDCA,2026-08-16,ukmo_global_deterministic_10km,82.2,75.0
164,2026-08-16T04:10:24Z,KDCA,2026-08-17,ukmo_global_deterministic_10km,92.2,75.8
165,2026-08-16T04:10:24Z,KDCA,2026-08-18,ukmo_global_deterministic_10km,86.6,72.4
46,2026-08-16T04:10:24Z,KDEN,2026-08-15,gfs_seamless,80.4,59.8
47,2026-08-16T04:10:24Z,KDEN,2026-08-16,gfs_seamless,84.2,59.4
48,2026-08-16T04:10:24Z,KDEN,2026-08-17,gfs_seamless,90.2,58.3
49,2026-08-16T04:10:24Z,KDEN,2026-08-15,icon_global,81.2,61.7
50,2026-08-16T04:10:24Z,KDEN,2026-08-16,icon_global,83.1,61.1
51,2026-08-16T04:10:24Z,KDEN,2026-08-17,icon_global,88.0,61.6
52,2026-08-16T04:10:24Z,KDEN,2026-08-15,gem_global,79.0,57.2
53,2026-08-16T04:10:24Z,KDEN,2026-08-16,gem_global,79.8,51.7
54,2026-08-16T04:10:24Z,KDEN,2026-08-17,gem_global,86.8,54.7
55,2026-08-16T04:10:24Z,KDEN,2026-08-15,ecmwf_ifs025,79.4,59.1
56,2026-08-16T04:10:24Z,KDEN,2026-08-16,ecmwf_ifs025,79.1,57.8
57,2026-08-16T04:10:24Z,KDEN,2026-08-17,ecmwf_ifs025,88.3,60.2
58,2026-08-16T04:10:24Z,KDEN,2026-08-15,ukmo_global_deterministic_10km,80.2,60.6
59,2026-08-16T04:10:24Z,KDEN,2026-08-16,ukmo_global_deterministic_10km,81.5,57.2
60,2026-08-16T04:10:24Z,KDEN,2026-08-17,ukmo_global_deterministic_10km,86.4,61.7
31,2026-08-16T04:10:24Z,KDFW,2026-08-15,gfs_seamless,100.7,81.1
32,2026-08-16T04:10:24Z,KDFW,2026-08-16,gfs_seamless,103.1,81.1
33,2026-08-16T04:10:24Z,KDFW,2026-08-17,gfs_seamless,105.9,79.3
34,2026-08-16T04:10:24Z,KDFW,2026-08-15,icon_global,101.7,81.5
35,2026-08-16T04:10:24Z,KDFW,2026-08-16,icon_global,103.2,83.6
36,2026-08-16T04:10:24Z,KDFW,2026-08-17,icon_global,105.0,82.2
37,2026-08-16T04:10:24Z,KDFW,2026-08-15,gem_global,99.8,80.1
38,2026-08-16T04:10:24Z,KDFW,2026-08-16,gem_global,100.2,82.4
39,2026-08-16T04:10:24Z,KDFW,2026-08-17,gem_global,102.5,77.4
40,2026-08-16T04:10:24Z,KDFW,2026-08-15,ecmwf_ifs025,99.2,80.9
41,2026-08-16T04:10:24Z,KDFW,2026-08-16,ecmwf_ifs025,102.5,83.6
42,2026-08-16T04:10:24Z,KDFW,2026-08-17,ecmwf_ifs025,104.9,82.8
43,2026-08-16T04:10:24Z,KDFW,2026-08-15,ukmo_global_deterministic_10km,100.2,82.2
44,2026-08-16T04:10:24Z,KDFW,2026-08-16,ukmo_global_deterministic_10km,102.8,84.3
45,2026-08-16T04:10:24Z,KDFW,2026-08-17,ukmo_global_deterministic_10km,104.0,85.3
61,2026-08-16T04:10:24Z,KLAX,2026-08-15,gfs_seamless,76.7,65.9
62,2026-08-16T04:10:24Z,KLAX,2026-08-16,gfs_seamless,76.0,62.2
63,2026-08-16T04:10:24Z,KLAX,2026-08-17,gfs_seamless,78.4,63.4
64,2026-08-16T04:10:24Z,KLAX,2026-08-15,icon_global,78.4,62.9
65,2026-08-16T04:10:24Z,KLAX,2026-08-16,icon_global,79.5,64.8
66,2026-08-16T04:10:24Z,KLAX,2026-08-17,icon_global,82.4,63.3
67,2026-08-16T04:10:24Z,KLAX,2026-08-15,gem_global,76.6,60.3
68,2026-08-16T04:10:24Z,KLAX,2026-08-16,gem_global,77.2,62.8
69,2026-08-16T04:10:24Z,KLAX,2026-08-17,gem_global,77.3,63.6
70,2026-08-16T04:10:24Z,KLAX,2026-08-15,ecmwf_ifs025,83.4,67.0
71,2026-08-16T04:10:24Z,KLAX,2026-08-16,ecmwf_ifs025,85.6,66.5
72,2026-08-16T04:10:24Z,KLAX,2026-08-17,ecmwf_ifs025,86.6,67.4
73,2026-08-16T04:10:24Z,KLAX,2026-08-15,ukmo_global_deterministic_10km,74.4,66.8
74,2026-08-16T04:10:24Z,KLAX,2026-08-16,ukmo_global_deterministic_10km,73.0,66.4
75,2026-08-16T04:10:24Z,KLAX,2026-08-17,ukmo_global_deterministic_10km,72.9,66.5
76,2026-08-16T04:10:24Z,KMIA,2026-08-16,gfs_seamless,91.8,80.1
77,2026-08-16T04:10:24Z,KMIA,2026-08-17,gfs_seamless,95.7,78.8
78,2026-08-16T04:10:24Z,KMIA,2026-08-18,gfs_seamless,99.3,85.1
79,2026-08-16T04:10:24Z,KMIA,2026-08-16,icon_global,93.7,82.1
80,2026-08-16T04:10:24Z,KMIA,2026-08-17,icon_global,96.9,76.9
81,2026-08-16T04:10:24Z,KMIA,2026-08-18,icon_global,100.5,77.6
82,2026-08-16T04:10:24Z,KMIA,2026-08-16,gem_global,92.2,80.3
83,2026-08-16T04:10:24Z,KMIA,2026-08-17,gem_global,94.9,78.0
84,2026-08-16T04:10:24Z,KMIA,2026-08-18,gem_global,97.0,78.1
85,2026-08-16T04:10:24Z,KMIA,2026-08-16,ecmwf_ifs025,91.2,82.0
86,2026-08-16T04:10:24Z,KMIA,2026-08-17,ecmwf_ifs025,93.2,79.6
87,2026-08-16T04:10:24Z,KMIA,2026-08-18,ecmwf_ifs025,95.2,79.1
88,2026-08-16T04:10:24Z,KMIA,2026-08-16,ukmo_global_deterministic_10km,93.9,83.8
89,2026-08-16T04:10:24Z,KMIA,2026-08-17,ukmo_global_deterministic_10km,98.2,82.2
90,2026-08-16T04:10:24Z,KMIA,2026-08-18,ukmo_global_deterministic_10km,93.7,83.3
91,2026-08-16T04:10:24Z,KNYC,2026-08-16,gfs_seamless,81.6,65.8
92,2026-08-16T04:10:24Z,KNYC,2026-08-17,gfs_seamless,86.0,68.6
93,2026-08-16T04:10:24Z,KNYC,2026-08-18,gfs_seamless,90.5,72.5
94,2026-08-16T04:10:24Z,KNYC,2026-08-16,icon_global,78.7,69.8
95,2026-08-16T04:10:24Z,KNYC,2026-08-17,icon_global,78.5,68.9
96,2026-08-16T04:10:24Z,KNYC,2026-08-18,icon_global,86.5,71.1
97,2026-08-16T04:10:24Z,KNYC,2026-08-16,gem_global,81.2,65.4
98,2026-08-16T04:10:24Z,KNYC,2026-08-17,gem_global,81.1,66.9
99,2026-08-16T04:10:24Z,KNYC,2026-08-18,gem_global,80.7,71.9
100,2026-08-16T04:10:24Z,KNYC,2026-08-16,ecmwf_ifs025,81.8,68.6
101,2026-08-16T04:10:24Z,KNYC,2026-08-17,ecmwf_ifs025,83.2,70.1
102,2026-08-16T04:10:24Z,KNYC,2026-08-18,ecmwf_ifs025,85.8,70.3
103,2026-08-16T04:10:24Z,KNYC,2026-08-16,ukmo_global_deterministic_10km,80.2,73.7
104,2026-08-16T04:10:24Z,KNYC,2026-08-17,ukmo_global_deterministic_10km,78.4,71.6
105,2026-08-16T04:10:24Z,KNYC,2026-08-18,ukmo_global_deterministic_10km,85.7,72.4
106,2026-08-16T04:10:24Z,KOKC,2026-08-15,gfs_seamless,100.7,77.8
107,2026-08-16T04:10:24Z,KOKC,2026-08-16,gfs_seamless,104.2,80.3
108,2026-08-16T04:10:24Z,KOKC,2026-08-17,gfs_seamless,98.7,73.2
109,2026-08-16T04:10:24Z,KOKC,2026-08-15,icon_global,101.9,77.1
110,2026-08-16T04:10:24Z,KOKC,2026-08-16,icon_global,104.5,80.5
111,2026-08-16T04:10:24Z,KOKC,2026-08-17,icon_global,98.0,78.0
112,2026-08-16T04:10:24Z,KOKC,2026-08-15,gem_global,101.2,78.4
113,2026-08-16T04:10:24Z,KOKC,2026-08-16,gem_global,103.2,82.1
114,2026-08-16T04:10:24Z,KOKC,2026-08-17,gem_global,97.4,76.8
115,2026-08-16T04:10:24Z,KOKC,2026-08-15,ecmwf_ifs025,99.7,80.4
116,2026-08-16T04:10:24Z,KOKC,2026-08-16,ecmwf_ifs025,103.2,84.4
117,2026-08-16T04:10:24Z,KOKC,2026-08-17,ecmwf_ifs025,99.3,81.0
118,2026-08-16T04:10:24Z,KOKC,2026-08-15,ukmo_global_deterministic_10km,100.6,81.0
119,2026-08-16T04:10:24Z,KOKC,2026-08-16,ukmo_global_deterministic_10km,102.7,84.0
120,2026-08-16T04:10:24Z,KOKC,2026-08-17,ukmo_global_deterministic_10km,100.5,77.6
121,2026-08-16T04:10:24Z,KSAT,2026-08-15,gfs_seamless,101.1,78.9
122,2026-08-16T04:10:24Z,KSAT,2026-08-16,gfs_seamless,99.3,72.7
123,2026-08-16T04:10:24Z,KSAT,2026-08-17,gfs_seamless,101.1,73.2
124,2026-08-16T04:10:24Z,KSAT,2026-08-15,icon_global,99.3,78.9
125,2026-08-16T04:10:24Z,KSAT,2026-08-16,icon_global,98.6,77.8
126,2026-08-16T04:10:24Z,KSAT,2026-08-17,icon_global,100.8,76.8
127,2026-08-16T04:10:24Z,KSAT,2026-08-15,gem_global,96.2,76.7
128,2026-08-16T04:10:24Z,KSAT,2026-08-16,gem_global,95.9,72.5
129,2026-08-16T04:10:24Z,KSAT,2026-08-17,gem_global,96.0,69.6
130,2026-08-16T04:10:24Z,KSAT,2026-08-15,ecmwf_ifs025,98.2,77.9
131,2026-08-16T04:10:24Z,KSAT,2026-08-16,ecmwf_ifs025,98.8,76.7
132,2026-08-16T04:10:24Z,KSAT,2026-08-17,ecmwf_ifs025,99.1,76.5
133,2026-08-16T04:10:24Z,KSAT,2026-08-15,ukmo_global_deterministic_10km,100.1,78.6
134,2026-08-16T04:10:24Z,KSAT,2026-08-16,ukmo_global_deterministic_10km,99.0,77.9
135,2026-08-16T04:10:24Z,KSAT,2026-08-17,ukmo_global_deterministic_10km,100.2,77.0
136,2026-08-16T04:10:24Z,KSEA,2026-08-15,gfs_seamless,75.3,57.4
137,2026-08-16T04:10:24Z,KSEA,2026-08-16,gfs_seamless,74.3,59.8
138,2026-08-16T04:10:24Z,KSEA,2026-08-17,gfs_seamless,81.8,56.7
139,2026-08-16T04:10:24Z,KSEA,2026-08-15,icon_global,70.9,59.6
140,2026-08-16T04:10:24Z,KSEA,2026-08-16,icon_global,73.2,60.4
141,2026-08-16T04:10:24Z,KSEA,2026-08-17,icon_global,77.0,58.0
142,2026-08-16T04:10:24Z,KSEA,2026-08-15,gem_global,71.4,56.6
143,2026-08-16T04:10:24Z,KSEA,2026-08-16,gem_global,72.8,59.3
144,2026-08-16T04:10:24Z,KSEA,2026-08-17,gem_global,75.0,57.6
145,2026-08-16T04:10:24Z,KSEA,2026-08-15,ecmwf_ifs025,77.3,58.7
146,2026-08-16T04:10:24Z,KSEA,2026-08-16,ecmwf_ifs025,76.0,61.0
147,2026-08-16T04:10:24Z,KSEA,2026-08-17,ecmwf_ifs025,77.1,58.7
148,2026-08-16T04:10:24Z,KSEA,2026-08-15,ukmo_global_deterministic_10km,77.0,58.6
149,2026-08-16T04:10:24Z,KSEA,2026-08-16,ukmo_global_deterministic_10km,79.2,59.1
150,2026-08-16T04:10:24Z,KSEA,2026-08-17,ukmo_global_deterministic_10km,81.9,62.6
1,2026-08-16T05:02:22Z,KATL,2026-08-16,gfs_seamless,95.9,75.5
2,2026-08-16T05:02:22Z,KATL,2026-08-17,gfs_seamless,99.5,74.7
3,2026-08-16T05:02:22Z,KATL,2026-08-18,gfs_seamless,101.4,82.1
4,2026-08-16T05:02:22Z,KATL,2026-08-16,icon_global,94.4,77.2
5,2026-08-16T05:02:22Z,KATL,2026-08-17,icon_global,99.8,76.9
6,2026-08-16T05:02:22Z,KATL,2026-08-18,icon_global,94.0,79.2
7,2026-08-16T05:02:22Z,KATL,2026-08-16,gem_global,91.1,75.7
8,2026-08-16T05:02:22Z,KATL,2026-08-17,gem_global,93.9,75.3
9,2026-08-16T05:02:22Z,KATL,2026-08-18,gem_global,89.6,77.1
10,2026-08-16T05:02:22Z,KATL,2026-08-16,ecmwf_ifs025,95.9,75.9
11,2026-08-16T05:02:22Z,KATL,2026-08-17,ecmwf_ifs025,98.6,77.1
12,2026-08-16T05:02:22Z,KATL,2026-08-18,ecmwf_ifs025,96.9,76.9
13,2026-08-16T05:02:22Z,KATL,2026-08-16,ukmo_global_deterministic_10km,94.6,79.7
14,2026-08-16T05:02:22Z,KATL,2026-08-17,ukmo_global_deterministic_10km,98.0,79.4
15,2026-08-16T05:02:22Z,KATL,2026-08-18,ukmo_global_deterministic_10km,97.4,81.2
16,2026-08-16T05:02:22Z,KAUS,2026-08-16,gfs_seamless,99.9,75.8
17,2026-08-16T05:02:22Z,KAUS,2026-08-17,gfs_seamless,102.2,75.4
18,2026-08-16T05:02:22Z,KAUS,2026-08-18,gfs_seamless,105.1,76.3
19,2026-08-16T05:02:22Z,KAUS,2026-08-16,icon_global,102.7,77.1
20,2026-08-16T05:02:22Z,KAUS,2026-08-17,icon_global,104.4,75.1
21,2026-08-16T05:02:22Z,KAUS,2026-08-18,icon_global,103.6,76.7
22,2026-08-16T05:02:22Z,KAUS,2026-08-16,gem_global,98.1,71.5
23,2026-08-16T05:02:22Z,KAUS,2026-08-17,gem_global,98.9,71.3
24,2026-08-16T05:02:22Z,KAUS,2026-08-18,gem_global,98.4,72.7
25,2026-08-16T05:02:22Z,KAUS,2026-08-16,ecmwf_ifs025,100.2,77.4
26,2026-08-16T05:02:22Z,KAUS,2026-08-17,ecmwf_ifs025,101.4,74.4
27,2026-08-16T05:02:22Z,KAUS,2026-08-18,ecmwf_ifs025,101.4,78.4
28,2026-08-16T05:02:22Z,KAUS,2026-08-16,ukmo_global_deterministic_10km,101.3,76.8
29,2026-08-16T05:02:22Z,KAUS,2026-08-17,ukmo_global_deterministic_10km,101.9,76.3
30,2026-08-16T05:02:22Z,KAUS,2026-08-18,ukmo_global_deterministic_10km,100.4,78.6
31,2026-08-16T05:02:22Z,KBOS,2026-08-16,gfs_seamless,79.2,56.0
32,2026-08-16T05:02:22Z,KBOS,2026-08-17,gfs_seamless,74.3,65.6
33,2026-08-16T05:02:22Z,KBOS,2026-08-18,gfs_seamless,73.2,68.2
34,2026-08-16T05:02:22Z,KBOS,2026-08-16,icon_global,78.3,60.5
35,2026-08-16T05:02:22Z,KBOS,2026-08-17,icon_global,69.7,66.5
36,2026-08-16T05:02:22Z,KBOS,2026-08-18,icon_global,81.9,65.0
37,2026-08-16T05:02:22Z,KBOS,2026-08-16,gem_global,74.4,60.4
38,2026-08-16T05:02:22Z,KBOS,2026-08-17,gem_global,70.9,66.0
39,2026-08-16T05:02:22Z,KBOS,2026-08-18,gem_global,75.2,66.0
40,2026-08-16T05:02:22Z,KBOS,2026-08-16,ecmwf_ifs025,80.2,61.2
41,2026-08-16T05:02:22Z,KBOS,2026-08-17,ecmwf_ifs025,76.2,67.3
42,2026-08-16T05:02:22Z,KBOS,2026-08-18,ecmwf_ifs025,75.6,67.9
43,2026-08-16T05:02:22Z,KBOS,2026-08-16,ukmo_global_deterministic_10km,82.7,64.7
44,2026-08-16T05:02:22Z,KBOS,2026-08-17,ukmo_global_deterministic_10km,79.0,71.1
45,2026-08-16T05:02:22Z,KBOS,2026-08-18,ukmo_global_deterministic_10km,76.5,68.0
196,2026-08-16T05:02:22Z,KDCA,2026-08-16,gfs_seamless,82.8,74.2
197,2026-08-16T05:02:22Z,KDCA,2026-08-17,gfs_seamless,87.6,73.3
198,2026-08-16T05:02:22Z,KDCA,2026-08-18,gfs_seamless,89.5,72.4
199,2026-08-16T05:02:22Z,KDCA,2026-08-16,icon_global,80.6,75.6
200,2026-08-16T05:02:22Z,KDCA,2026-08-17,icon_global,91.7,76.7
201,2026-08-16T05:02:22Z,KDCA,2026-08-18,icon_global,88.0,75.7
202,2026-08-16T05:02:22Z,KDCA,2026-08-16,gem_global,79.9,74.6
203,2026-08-16T05:02:22Z,KDCA,2026-08-17,gem_global,85.8,75.0
204,2026-08-16T05:02:22Z,KDCA,2026-08-18,gem_global,84.2,70.2
205,2026-08-16T05:02:22Z,KDCA,2026-08-16,ecmwf_ifs025,78.8,72.9
206,2026-08-16T05:02:22Z,KDCA,2026-08-17,ecmwf_ifs025,90.0,73.5
207,2026-08-16T05:02:22Z,KDCA,2026-08-18,ecmwf_ifs025,86.1,72.5
208,2026-08-16T05:02:22Z,KDCA,2026-08-16,ukmo_global_deterministic_10km,82.2,75.0
209,2026-08-16T05:02:22Z,KDCA,2026-08-17,ukmo_global_deterministic_10km,92.2,75.8
210,2026-08-16T05:02:22Z,KDCA,2026-08-18,ukmo_global_deterministic_10km,86.6,72.4
46,2026-08-16T05:02:22Z,KDEN,2026-08-15,gfs_seamless,80.4,59.8
47,2026-08-16T05:02:22Z,KDEN,2026-08-16,gfs_seamless,84.2,60.0
48,2026-08-16T05:02:22Z,KDEN,2026-08-17,gfs_seamless,90.2,58.3
49,2026-08-16T05:02:22Z,KDEN,2026-08-15,icon_global,81.2,61.7
50,2026-08-16T05:02:22Z,KDEN,2026-08-16,icon_global,83.1,61.1
51,2026-08-16T05:02:22Z,KDEN,2026-08-17,icon_global,88.0,61.6
52,2026-08-16T05:02:22Z,KDEN,2026-08-15,gem_global,79.0,57.2
53,2026-08-16T05:02:22Z,KDEN,2026-08-16,gem_global,79.8,51.7
54,2026-08-16T05:02:22Z,KDEN,2026-08-17,gem_global,86.8,54.7
55,2026-08-16T05:02:22Z,KDEN,2026-08-15,ecmwf_ifs025,79.4,59.1
56,2026-08-16T05:02:22Z,KDEN,2026-08-16,ecmwf_ifs025,79.1,57.8
57,2026-08-16T05:02:22Z,KDEN,2026-08-17,ecmwf_ifs025,88.3,60.2
58,2026-08-16T05:02:22Z,KDEN,2026-08-15,ukmo_global_deterministic_10km,80.2,60.6
59,2026-08-16T05:02:22Z,KDEN,2026-08-16,ukmo_global_deterministic_10km,81.5,57.2
60,2026-08-16T05:02:22Z,KDEN,2026-08-17,ukmo_global_deterministic_10km,86.4,61.7
61,2026-08-16T05:02:22Z,KIAH,2026-08-16,gfs_seamless,99.4,76.0
62,2026-08-16T05:02:22Z,KIAH,2026-08-17,gfs_seamless,99.3,74.6
63,2026-08-16T05:02:22Z,KIAH,2026-08-18,gfs_seamless,100.3,81.8
64,2026-08-16T05:02:22Z,KIAH,2026-08-16,icon_global,95.8,75.8
65,2026-08-16T05:02:22Z,KIAH,2026-08-17,icon_global,97.4,73.3
66,2026-08-16T05:02:22Z,KIAH,2026-08-18,icon_global,95.6,75.0
67,2026-08-16T05:02:22Z,KIAH,2026-08-16,gem_global,96.2,73.6
68,2026-08-16T05:02:22Z,KIAH,2026-08-17,gem_global,96.6,71.8
69,2026-08-16T05:02:22Z,KIAH,2026-08-18,gem_global,98.0,75.0
70,2026-08-16T05:02:22Z,KIAH,2026-08-16,ecmwf_ifs025,95.5,75.9
71,2026-08-16T05:02:22Z,KIAH,2026-08-17,ecmwf_ifs025,96.3,75.0
72,2026-08-16T05:02:22Z,KIAH,2026-08-18,ecmwf_ifs025,97.2,77.8
73,2026-08-16T05:02:22Z,KIAH,2026-08-16,ukmo_global_deterministic_10km,96.9,78.1
74,2026-08-16T05:02:22Z,KIAH,2026-08-17,ukmo_global_deterministic_10km,97.3,78.3
75,2026-08-16T05:02:22Z,KIAH,2026-08-18,ukmo_global_deterministic_10km,97.8,80.2
76,2026-08-16T05:02:22Z,KLAS,2026-08-15,gfs_seamless,90.0,70.3
77,2026-08-16T05:02:22Z,KLAS,2026-08-16,gfs_seamless,102.0,75.1
78,2026-08-16T05:02:22Z,KLAS,2026-08-17,gfs_seamless,105.7,77.0
79,2026-08-16T05:02:22Z,KLAS,2026-08-15,icon_global,94.4,71.9
80,2026-08-16T05:02:22Z,KLAS,2026-08-16,icon_global,99.3,77.1
81,2026-08-16T05:02:22Z,KLAS,2026-08-17,icon_global,102.3,80.0
82,2026-08-16T05:02:22Z,KLAS,2026-08-15,gem_global,93.4,62.2
83,2026-08-16T05:02:22Z,KLAS,2026-08-16,gem_global,96.6,70.3
84,2026-08-16T05:02:22Z,KLAS,2026-08-17,gem_global,101.4,72.4
85,2026-08-16T05:02:22Z,KLAS,2026-08-15,ecmwf_ifs025,90.8,70.9
86,2026-08-16T05:02:22Z,KLAS,2026-08-16,ecmwf_ifs025,98.4,78.5
87,2026-08-16T05:02:22Z,KLAS,2026-08-17,ecmwf_ifs025,104.4,82.0
88,2026-08-16T05:02:22Z,KLAS,2026-08-15,ukmo_global_deterministic_10km,90.8,70.1
89,2026-08-16T05:02:22Z,KLAS,2026-08-16,ukmo_global_deterministic_10km,97.5,78.5
90,2026-08-16T05:02:22Z,KLAS,2026-08-17,ukmo_global_deterministic_10km,100.0,80.8
91,2026-08-16T05:02:22Z,KMSP,2026-08-16,gfs_seamless,82.0,64.7
92,2026-08-16T05:02:22Z,KMSP,2026-08-17,gfs_seamless,85.7,60.7
93,2026-08-16T05:02:22Z,KMSP,2026-08-18,gfs_seamless,84.1,64.8
94,2026-08-16T05:02:22Z,KMSP,2026-08-16,icon_global,78.4,66.6
95,2026-08-16T05:02:22Z,KMSP,2026-08-17,icon_global,81.3,63.8
96,2026-08-16T05:02:22Z,KMSP,2026-08-18,icon_global,77.8,67.4
97,2026-08-16T05:02:22Z,KMSP,2026-08-16,gem_global,77.9,66.8
98,2026-08-16T05:02:22Z,KMSP,2026-08-17,gem_global,80.3,61.0
99,2026-08-16T05:02:22Z,KMSP,2026-08-18,gem_global,79.4,63.6
100,2026-08-16T05:02:22Z,KMSP,2026-08-16,ecmwf_ifs025,79.0,65.7
101,2026-08-16T05:02:22Z,KMSP,2026-08-17,ecmwf_ifs025,81.9,61.5
102,2026-08-16T05:02:22Z,KMSP,2026-08-18,ecmwf_ifs025,82.4,65.4
103,2026-08-16T05:02:22Z,KMSP,2026-08-16,ukmo_global_deterministic_10km,81.7,67.9
104,2026-08-16T05:02:22Z,KMSP,2026-08-17,ukmo_global_deterministic_10km,84.8,67.0
105,2026-08-16T05:02:22Z,KMSP,2026-08-18,ukmo_global_deterministic_10km,80.1,66.8
106,2026-08-16T05:02:22Z,KMSY,2026-08-16,gfs_seamless,100.2,78.1
107,2026-08-16T05:02:22Z,KMSY,2026-08-17,gfs_seamless,98.5,78.8
108,2026-08-16T05:02:22Z,KMSY,2026-08-18,gfs_seamless,100.4,77.1
109,2026-08-16T05:02:22Z,KMSY,2026-08-16,icon_global,95.8,78.7
110,2026-08-16T05:02:22Z,KMSY,2026-08-17,icon_global,96.9,80.1
111,2026-08-16T05:02:22Z,KMSY,2026-08-18,icon_global,95.5,81.3
112,2026-08-16T05:02:22Z,KMSY,2026-08-16,gem_global,95.3,80.1
113,2026-08-16T05:02:22Z,KMSY,2026-08-17,gem_global,95.5,79.7
114,2026-08-16T05:02:22Z,KMSY,2026-08-18,gem_global,96.2,81.7
115,2026-08-16T05:02:22Z,KMSY,2026-08-16,ecmwf_ifs025,95.4,81.9
116,2026-08-16T05:02:22Z,KMSY,2026-08-17,ecmwf_ifs025,93.6,81.3
117,2026-08-16T05:02:22Z,KMSY,2026-08-18,ecmwf_ifs025,92.5,80.8
118,2026-08-16T05:02:22Z,KMSY,2026-08-16,ukmo_global_deterministic_10km,95.5,83.2
119,2026-08-16T05:02:22Z,KMSY,2026-08-17,ukmo_global_deterministic_10km,99.2,83.2
120,2026-08-16T05:02:22Z,KMSY,2026-08-18,ukmo_global_deterministic_10km,99.8,83.4
121,2026-08-16T05:02:22Z,KNYC,2026-08-16,gfs_seamless,82.0,66.4
122,2026-08-16T05:02:22Z,KNYC,2026-08-17,gfs_seamless,86.0,68.6
123,2026-08-16T05:02:22Z,KNYC,2026-08-18,gfs_seamless,90.5,72.5
124,2026-08-16T05:02:22Z,KNYC,2026-08-16,icon_global,78.7,69.8
125,2026-08-16T05:02:22Z,KNYC,2026-08-17,icon_global,78.5,68.9
126,2026-08-16T05:02:22Z,KNYC,2026-08-18,icon_global,86.5,71.1
127,2026-08-16T05:02:22Z,KNYC,2026-08-16,gem_global,81.2,65.4
128,2026-08-16T05:02:22Z,KNYC,2026-08-17,gem_global,81.1,66.9
129,2026-08-16T05:02:22Z,KNYC,2026-08-18,gem_global,80.7,71.9
130,2026-08-16T05:02:22Z,KNYC,2026-08-16,ecmwf_ifs025,81.8,68.6
131,2026-08-16T05:02:22Z,KNYC,2026-08-17,ecmwf_ifs025,83.2,70.1
132,2026-08-16T05:02:22Z,KNYC,2026-08-18,ecmwf_ifs025,85.8,70.3
133,2026-08-16T05:02:22Z,KNYC,2026-08-16,ukmo_global_deterministic_10km,80.2,73.7
134,2026-08-16T05:02:22Z,KNYC,2026-08-17,ukmo_global_deterministic_10km,78.4,71.6
135,2026-08-16T05:02:22Z,KNYC,2026-08-18,ukmo_global_deterministic_10km,85.7,72.4
136,2026-08-16T05:02:22Z,KPHX,2026-08-15,gfs_seamless,105.1,81.9
137,2026-08-16T05:02:22Z,KPHX,2026-08-16,gfs_seamless,109.3,83.6
138,2026-08-16T05:02:22Z,KPHX,2026-08-17,gfs_seamless,112.5,80.6
139,2026-08-16T05:02:22Z,KPHX,2026-08-15,icon_global,104.8,82.6
140,2026-08-16T05:02:22Z,KPHX,2026-08-16,icon_global,107.6,85.2
141,2026-08-16T05:02:22Z,KPHX,2026-08-17,icon_global,111.3,85.7
142,2026-08-16T05:02:22Z,KPHX,2026-08-15,gem_global,103.1,72.1
143,2026-08-16T05:02:22Z,KPHX,2026-08-16,gem_global,104.1,71.9
144,2026-08-16T05:02:22Z,KPHX,2026-08-17,gem_global,107.5,70.0
145,2026-08-16T05:02:22Z,KPHX,2026-08-15,ecmwf_ifs025,105.2,84.3
146,2026-08-16T05:02:22Z,KPHX,2026-08-16,ecmwf_ifs025,107.7,89.1
147,2026-08-16T05:02:22Z,KPHX,2026-08-17,ecmwf_ifs025,111.7,88.6
148,2026-08-16T05:02:22Z,KPHX,2026-08-15,ukmo_global_deterministic_10km,105.4,80.0
149,2026-08-16T05:02:22Z,KPHX,2026-08-16,ukmo_global_deterministic_10km,102.5,82.9
150,2026-08-16T05:02:22Z,KPHX,2026-08-17,ukmo_global_deterministic_10km,109.2,79.1
151,2026-08-16T05:02:22Z,KSAT,2026-08-16,gfs_seamless,99.7,74.8
152,2026-08-16T05:02:22Z,KSAT,2026-08-17,gfs_seamless,101.1,73.2
153,2026-08-16T05:02:22Z,KSAT,2026-08-18,gfs_seamless,101.7,77.5
154,2026-08-16T05:02:22Z,KSAT,2026-08-16,icon_global,98.6,77.8
155,2026-08-16T05:02:22Z,KSAT,2026-08-17,icon_global,100.8,76.8
156,2026-08-16T05:02:22Z,KSAT,2026-08-18,icon_global,99.9,76.4
157,2026-08-16T05:02:22Z,KSAT,2026-08-16,gem_global,95.9,72.5
158,2026-08-16T05:02:22Z,KSAT,2026-08-17,gem_global,96.0,69.6
159,2026-08-16T05:02:22Z,KSAT,2026-08-18,gem_global,96.4,69.6
160,2026-08-16T05:02:22Z,KSAT,2026-08-16,ecmwf_ifs025,98.8,76.7
161,2026-08-16T05:02:22Z,KSAT,2026-08-17,ecmwf_ifs025,99.1,76.5
162,2026-08-16T05:02:22Z,KSAT,2026-08-18,ecmwf_ifs025,99.4,78.3
163,2026-08-16T05:02:22Z,KSAT,2026-08-16,ukmo_global_deterministic_10km,99.0,77.9
164,2026-08-16T05:02:22Z,KSAT,2026-08-17,ukmo_global_deterministic_10km,100.2,77.0
165,2026-08-16T05:02:22Z,KSAT,2026-08-18,ukmo_global_deterministic_10km,97.7,78.8
181,2026-08-16T05:02:22Z,KSEA,2026-08-15,gfs_seamless,75.3,57.4
182,2026-08-16T05:02:22Z,KSEA,2026-08-16,gfs_seamless,74.3,57.9
183,2026-08-16T05:02:22Z,KSEA,2026-08-17,gfs_seamless,81.8,56.7
184,2026-08-16T05:02:22Z,KSEA,2026-08-15,icon_global,70.9,59.6
185,2026-08-16T05:02:22Z,KSEA,2026-08-16,icon_global,73.2,60.4
186,2026-08-16T05:02:22Z,KSEA,2026-08-17,icon_global,77.0,58.0
187,2026-08-16T05:02:22Z,KSEA,2026-08-15,gem_global,71.4,56.6
188,2026-08-16T05:02:22Z,KSEA,2026-08-16,gem_global,72.8,59.3
189,2026-08-16T05:02:22Z,KSEA,2026-08-17,gem_global,75.0,57.6
190,2026-08-16T05:02:22Z,KSEA,2026-08-15,ecmwf_ifs025,77.3,58.7
191,2026-08-16T05:02:22Z,KSEA,2026-08-16,ecmwf_ifs025,76.0,61.0
192,2026-08-16T05:02:22Z,KSEA,2026-08-17,ecmwf_ifs025,77.1,58.7
193,2026-08-16T05:02:22Z,KSEA,2026-08-15,ukmo_global_deterministic_10km,77.0,58.6
194,2026-08-16T05:02:22Z,KSEA,2026-08-16,ukmo_global_deterministic_10km,79.2,59.1
195,2026-08-16T05:02:22Z,KSEA,2026-08-17,ukmo_global_deterministic_10km,81.9,62.6
166,2026-08-16T05:02:22Z,KSFO,2026-08-15,gfs_seamless,68.7,56.2
167,2026-08-16T05:02:22Z,KSFO,2026-08-16,gfs_seamless,70.6,54.3
168,2026-08-16T05:02:22Z,KSFO,2026-08-17,gfs_seamless,66.9,53.2
169,2026-08-16T05:02:22Z,KSFO,2026-08-15,icon_global,69.0,60.5
170,2026-08-16T05:02:22Z,KSFO,2026-08-16,icon_global,73.8,59.0
171,2026-08-16T05:02:22Z,KSFO,2026-08-17,icon_global,71.5,58.7
172,2026-08-16T05:02:22Z,KSFO,2026-08-15,gem_global,64.1,58.7
173,2026-08-16T05:02:22Z,KSFO,2026-08-16,gem_global,66.3,58.8
174,2026-08-16T05:02:22Z,KSFO,2026-08-17,gem_global,65.2,58.3
175,2026-08-16T05:02:22Z,KSFO,2026-08-15,ecmwf_ifs025,65.2,58.6
176,2026-08-16T05:02:22Z,KSFO,2026-08-16,ecmwf_ifs025,67.2,57.8
177,2026-08-16T05:02:22Z,KSFO,2026-08-17,ecmwf_ifs025,66.3,57.7
178,2026-08-16T05:02:22Z,KSFO,2026-08-15,ukmo_global_deterministic_10km,68.4,59.3
179,2026-08-16T05:02:22Z,KSFO,2026-08-16,ukmo_global_deterministic_10km,77.6,56.5
180,2026-08-16T05:02:22Z,KSFO,2026-08-17,ukmo_global_deterministic_10km,69.2,57.6
1,2026-08-16T05:35:58Z,KATL,2026-08-16,gfs_seamless,95.9,75.5
2,2026-08-16T05:35:58Z,KATL,2026-08-17,gfs_seamless,99.5,74.7
3,2026-08-16T05:35:58Z,KATL,2026-08-18,gfs_seamless,102.1,77.8
4,2026-08-16T05:35:58Z,KATL,2026-08-16,icon_global,94.4,77.2
5,2026-08-16T05:35:58Z,KATL,2026-08-17,icon_global,99.8,76.9
6,2026-08-16T05:35:58Z,KATL,2026-08-18,icon_global,94.0,79.2
7,2026-08-16T05:35:58Z,KATL,2026-08-16,gem_global,91.1,75.7
8,2026-08-16T05:35:58Z,KATL,2026-08-17,gem_global,93.9,75.3
9,2026-08-16T05:35:58Z,KATL,2026-08-18,gem_global,89.6,77.1
10,2026-08-16T05:35:58Z,KATL,2026-08-16,ecmwf_ifs025,95.9,75.9
11,2026-08-16T05:35:58Z,KATL,2026-08-17,ecmwf_ifs025,98.6,77.1
12,2026-08-16T05:35:58Z,KATL,2026-08-18,ecmwf_ifs025,96.9,76.9
13,2026-08-16T05:35:58Z,KATL,2026-08-16,ukmo_global_deterministic_10km,94.6,79.7
14,2026-08-16T05:35:58Z,KATL,2026-08-17,ukmo_global_deterministic_10km,98.0,79.4
15,2026-08-16T05:35:58Z,KATL,2026-08-18,ukmo_global_deterministic_10km,97.4,81.2
16,2026-08-16T05:35:58Z,KAUS,2026-08-16,gfs_seamless,99.9,75.8
17,2026-08-16T05:35:58Z,KAUS,2026-08-17,gfs_seamless,101.8,75.4
18,2026-08-16T05:35:58Z,KAUS,2026-08-18,gfs_seamless,104.4,75.9
19,2026-08-16T05:35:58Z,KAUS,2026-08-16,icon_global,102.7,77.1
20,2026-08-16T05:35:58Z,KAUS,2026-08-17,icon_global,104.4,75.1
21,2026-08-16T05:35:58Z,KAUS,2026-08-18,icon_global,103.6,76.7
22,2026-08-16T05:35:58Z,KAUS,2026-08-16,gem_global,98.1,71.5
23,2026-08-16T05:35:58Z,KAUS,2026-08-17,gem_global,98.9,71.3
24,2026-08-16T05:35:58Z,KAUS,2026-08-18,gem_global,98.4,72.7
25,2026-08-16T05:35:58Z,KAUS,2026-08-16,ecmwf_ifs025,100.2,77.4
26,2026-08-16T05:35:58Z,KAUS,2026-08-17,ecmwf_ifs025,101.4,74.4
27,2026-08-16T05:35:58Z,KAUS,2026-08-18,ecmwf_ifs025,101.4,78.4
28,2026-08-16T05:35:58Z,KAUS,2026-08-16,ukmo_global_deterministic_10km,101.3,76.8
29,2026-08-16T05:35:58Z,KAUS,2026-08-17,ukmo_global_deterministic_10km,101.9,76.3
30,2026-08-16T05:35:58Z,KAUS,2026-08-18,ukmo_global_deterministic_10km,100.4,78.6
31,2026-08-16T05:35:58Z,KBOS,2026-08-16,gfs_seamless,79.2,56.0
32,2026-08-16T05:35:58Z,KBOS,2026-08-17,gfs_seamless,74.3,65.6
33,2026-08-16T05:35:58Z,KBOS,2026-08-18,gfs_seamless,73.1,66.9
34,2026-08-16T05:35:58Z,KBOS,2026-08-16,icon_global,78.3,60.5
35,2026-08-16T05:35:58Z,KBOS,2026-08-17,icon_global,69.7,66.5
36,2026-08-16T05:35:58Z,KBOS,2026-08-18,icon_global,81.9,65.0
37,2026-08-16T05:35:58Z,KBOS,2026-08-16,gem_global,74.4,60.4
38,2026-08-16T05:35:58Z,KBOS,2026-08-17,gem_global,70.9,66.0
39,2026-08-16T05:35:58Z,KBOS,2026-08-18,gem_global,75.2,66.0
40,2026-08-16T05:35:58Z,KBOS,2026-08-16,ecmwf_ifs025,80.2,61.2
41,2026-08-16T05:35:58Z,KBOS,2026-08-17,ecmwf_ifs025,76.2,67.3
42,2026-08-16T05:35:58Z,KBOS,2026-08-18,ecmwf_ifs025,75.6,67.9
43,2026-08-16T05:35:58Z,KBOS,2026-08-16,ukmo_global_deterministic_10km,82.7,64.7
44,2026-08-16T05:35:58Z,KBOS,2026-08-17,ukmo_global_deterministic_10km,79.0,71.1
45,2026-08-16T05:35:58Z,KBOS,2026-08-18,ukmo_global_deterministic_10km,76.5,68.0
61,2026-08-16T05:35:58Z,KDEN,2026-08-15,gfs_seamless,80.4,59.8
62,2026-08-16T05:35:58Z,KDEN,2026-08-16,gfs_seamless,85.1,59.1
63,2026-08-16T05:35:58Z,KDEN,2026-08-17,gfs_seamless,90.2,58.3
64,2026-08-16T05:35:58Z,KDEN,2026-08-15,icon_global,81.2,61.7
65,2026-08-16T05:35:58Z,KDEN,2026-08-16,icon_global,83.1,61.1
66,2026-08-16T05:35:58Z,KDEN,2026-08-17,icon_global,88.0,61.6
67,2026-08-16T05:35:58Z,KDEN,2026-08-15,gem_global,79.0,57.2
68,2026-08-16T05:35:58Z,KDEN,2026-08-16,gem_global,79.8,51.7
69,2026-08-16T05:35:58Z,KDEN,2026-08-17,gem_global,86.8,54.7
70,2026-08-16T05:35:58Z,KDEN,2026-08-15,ecmwf_ifs025,79.4,59.1
71,2026-08-16T05:35:58Z,KDEN,2026-08-16,ecmwf_ifs025,79.1,57.8
72,2026-08-16T05:35:58Z,KDEN,2026-08-17,ecmwf_ifs025,88.3,60.2
73,2026-08-16T05:35:58Z,KDEN,2026-08-15,ukmo_global_deterministic_10km,80.2,60.6
74,2026-08-16T05:35:58Z,KDEN,2026-08-16,ukmo_global_deterministic_10km,81.5,57.2
75,2026-08-16T05:35:58Z,KDEN,2026-08-17,ukmo_global_deterministic_10km,86.4,61.7
46,2026-08-16T05:35:58Z,KDFW,2026-08-16,gfs_seamless,103.3,81.3
47,2026-08-16T05:35:58Z,KDFW,2026-08-17,gfs_seamless,106.1,79.3
48,2026-08-16T05:35:58Z,KDFW,2026-08-18,gfs_seamless,108.4,87.0
49,2026-08-16T05:35:58Z,KDFW,2026-08-16,icon_global,103.2,83.6
50,2026-08-16T05:35:58Z,KDFW,2026-08-17,icon_global,105.0,82.2
51,2026-08-16T05:35:58Z,KDFW,2026-08-18,icon_global,106.5,83.6
52,2026-08-16T05:35:58Z,KDFW,2026-08-16,gem_global,100.2,82.4
53,2026-08-16T05:35:58Z,KDFW,2026-08-17,gem_global,102.5,77.4
54,2026-08-16T05:35:58Z,KDFW,2026-08-18,gem_global,102.4,80.9
55,2026-08-16T05:35:58Z,KDFW,2026-08-16,ecmwf_ifs025,102.5,83.6
56,2026-08-16T05:35:58Z,KDFW,2026-08-17,ecmwf_ifs025,104.9,82.8
57,2026-08-16T05:35:58Z,KDFW,2026-08-18,ecmwf_ifs025,105.1,84.7
58,2026-08-16T05:35:58Z,KDFW,2026-08-16,ukmo_global_deterministic_10km,102.8,84.3
59,2026-08-16T05:35:58Z,KDFW,2026-08-17,ukmo_global_deterministic_10km,104.0,85.3
60,2026-08-16T05:35:58Z,KDFW,2026-08-18,ukmo_global_deterministic_10km,104.8,86.3
76,2026-08-16T05:35:58Z,KIAH,2026-08-16,gfs_seamless,99.5,74.8
77,2026-08-16T05:35:58Z,KIAH,2026-08-17,gfs_seamless,99.5,74.6
78,2026-08-16T05:35:58Z,KIAH,2026-08-18,gfs_seamless,99.8,81.8
79,2026-08-16T05:35:58Z,KIAH,2026-08-16,icon_global,95.8,75.8
80,2026-08-16T05:35:58Z,KIAH,2026-08-17,icon_global,97.4,73.3
81,2026-08-16T05:35:58Z,KIAH,2026-08-18,icon_global,95.6,75.0
82,2026-08-16T05:35:58Z,KIAH,2026-08-16,gem_global,96.2,73.6
83,2026-08-16T05:35:58Z,KIAH,2026-08-17,gem_global,96.6,71.8
84,2026-08-16T05:35:58Z,KIAH,2026-08-18,gem_global,98.0,75.0
85,2026-08-16T05:35:58Z,KIAH,2026-08-16,ecmwf_ifs025,95.5,75.9
86,2026-08-16T05:35:58Z,KIAH,2026-08-17,ecmwf_ifs025,96.3,75.0
87,2026-08-16T05:35:58Z,KIAH,2026-08-18,ecmwf_ifs025,97.2,77.8
88,2026-08-16T05:35:58Z,KIAH,2026-08-16,ukmo_global_deterministic_10km,96.9,78.1
89,2026-08-16T05:35:58Z,KIAH,2026-08-17,ukmo_global_deterministic_10km,97.3,78.3
90,2026-08-16T05:35:58Z,KIAH,2026-08-18,ukmo_global_deterministic_10km,97.8,80.2
91,2026-08-16T05:35:58Z,KLAS,2026-08-15,gfs_seamless,90.0,70.3
92,2026-08-16T05:35:58Z,KLAS,2026-08-16,gfs_seamless,102.7,74.1
93,2026-08-16T05:35:58Z,KLAS,2026-08-17,gfs_seamless,105.7,77.0
94,2026-08-16T05:35:58Z,KLAS,2026-08-15,icon_global,94.4,71.9
95,2026-08-16T05:35:58Z,KLAS,2026-08-16,icon_global,99.3,77.1
96,2026-08-16T05:35:58Z,KLAS,2026-08-17,icon_global,102.3,80.0
97,2026-08-16T05:35:58Z,KLAS,2026-08-15,gem_global,93.4,62.2
98,2026-08-16T05:35:58Z,KLAS,2026-08-16,gem_global,96.6,70.3
99,2026-08-16T05:35:58Z,KLAS,2026-08-17,gem_global,101.4,72.4
100,2026-08-16T05:35:58Z,KLAS,2026-08-15,ecmwf_ifs025,90.8,70.9
101,2026-08-16T05:35:58Z,KLAS,2026-08-16,ecmwf_ifs025,98.4,78.5
102,2026-08-16T05:35:58Z,KLAS,2026-08-17,ecmwf_ifs025,104.4,82.0
103,2026-08-16T05:35:58Z,KLAS,2026-08-15,ukmo_global_deterministic_10km,90.8,70.1
104,2026-08-16T05:35:58Z,KLAS,2026-08-16,ukmo_global_deterministic_10km,97.5,78.5
105,2026-08-16T05:35:58Z,KLAS,2026-08-17,ukmo_global_deterministic_10km,100.0,80.8
106,2026-08-16T05:35:58Z,KLAX,2026-08-15,gfs_seamless,76.7,66.4
107,2026-08-16T05:35:58Z,KLAX,2026-08-16,gfs_seamless,76.0,61.9
108,2026-08-16T05:35:58Z,KLAX,2026-08-17,gfs_seamless,78.4,63.4
109,2026-08-16T05:35:58Z,KLAX,2026-08-15,icon_global,78.4,62.9
110,2026-08-16T05:35:58Z,KLAX,2026-08-16,icon_global,79.5,64.8
111,2026-08-16T05:35:58Z,KLAX,2026-08-17,icon_global,82.4,63.3
112,2026-08-16T05:35:58Z,KLAX,2026-08-15,gem_global,76.6,60.3
113,2026-08-16T05:35:58Z,KLAX,2026-08-16,gem_global,77.2,62.8
114,2026-08-16T05:35:58Z,KLAX,2026-08-17,gem_global,77.3,63.6
115,2026-08-16T05:35:58Z,KLAX,2026-08-15,ecmwf_ifs025,83.4,67.0
116,2026-08-16T05:35:58Z,KLAX,2026-08-16,ecmwf_ifs025,85.6,66.5
117,2026-08-16T05:35:58Z,KLAX,2026-08-17,ecmwf_ifs025,86.6,67.4
118,2026-08-16T05:35:58Z,KLAX,2026-08-15,ukmo_global_deterministic_10km,74.4,66.8
119,2026-08-16T05:35:58Z,KLAX,2026-08-16,ukmo_global_deterministic_10km,73.0,66.4
120,2026-08-16T05:35:58Z,KLAX,2026-08-17,ukmo_global_deterministic_10km,72.9,66.5
121,2026-08-16T05:35:58Z,KMIA,2026-08-16,gfs_seamless,92.3,79.7
122,2026-08-16T05:35:58Z,KMIA,2026-08-17,gfs_seamless,95.7,78.8
123,2026-08-16T05:35:58Z,KMIA,2026-08-18,gfs_seamless,100.0,85.2
124,2026-08-16T05:35:58Z,KMIA,2026-08-16,icon_global,93.7,82.1
125,2026-08-16T05:35:58Z,KMIA,2026-08-17,icon_global,96.9,76.9
126,2026-08-16T05:35:58Z,KMIA,2026-08-18,icon_global,100.5,77.6
127,2026-08-16T05:35:58Z,KMIA,2026-08-16,gem_global,92.2,80.3
128,2026-08-16T05:35:58Z,KMIA,2026-08-17,gem_global,94.9,78.0
129,2026-08-16T05:35:58Z,KMIA,2026-08-18,gem_global,97.0,78.1
130,2026-08-16T05:35:58Z,KMIA,2026-08-16,ecmwf_ifs025,91.2,82.0
131,2026-08-16T05:35:58Z,KMIA,2026-08-17,ecmwf_ifs025,93.2,79.6
132,2026-08-16T05:35:58Z,KMIA,2026-08-18,ecmwf_ifs025,95.2,79.1
133,2026-08-16T05:35:58Z,KMIA,2026-08-16,ukmo_global_deterministic_10km,93.9,83.8
134,2026-08-16T05:35:58Z,KMIA,2026-08-17,ukmo_global_deterministic_10km,98.2,82.2
135,2026-08-16T05:35:58Z,KMIA,2026-08-18,ukmo_global_deterministic_10km,93.7,83.3
136,2026-08-16T05:35:58Z,KMSY,2026-08-16,gfs_seamless,100.3,78.5
137,2026-08-16T05:35:58Z,KMSY,2026-08-17,gfs_seamless,98.5,78.9
138,2026-08-16T05:35:58Z,KMSY,2026-08-18,gfs_seamless,97.3,78.2
139,2026-08-16T05:35:58Z,KMSY,2026-08-16,icon_global,95.8,78.7
140,2026-08-16T05:35:58Z,KMSY,2026-08-17,icon_global,96.9,80.1
141,2026-08-16T05:35:58Z,KMSY,2026-08-18,icon_global,95.5,81.3
142,2026-08-16T05:35:58Z,KMSY,2026-08-16,gem_global,95.3,80.1
143,2026-08-16T05:35:58Z,KMSY,2026-08-17,gem_global,95.5,79.7
144,2026-08-16T05:35:58Z,KMSY,2026-08-18,gem_global,96.2,81.7
145,2026-08-16T05:35:58Z,KMSY,2026-08-16,ecmwf_ifs025,95.4,81.9
146,2026-08-16T05:35:58Z,KMSY,2026-08-17,ecmwf_ifs025,93.6,81.3
147,2026-08-16T05:35:58Z,KMSY,2026-08-18,ecmwf_ifs025,92.5,80.8
148,2026-08-16T05:35:58Z,KMSY,2026-08-16,ukmo_global_deterministic_10km,95.5,83.2
149,2026-08-16T05:35:58Z,KMSY,2026-08-17,ukmo_global_deterministic_10km,99.2,83.2
150,2026-08-16T05:35:58Z,KMSY,2026-08-18,ukmo_global_deterministic_10km,99.8,83.4
151,2026-08-16T05:35:58Z,KNYC,2026-08-16,gfs_seamless,81.5,66.4
152,2026-08-16T05:35:58Z,KNYC,2026-08-17,gfs_seamless,85.6,68.6
153,2026-08-16T05:35:58Z,KNYC,2026-08-18,gfs_seamless,86.6,72.3
154,2026-08-16T05:35:58Z,KNYC,2026-08-16,icon_global,78.7,69.8
155,2026-08-16T05:35:58Z,KNYC,2026-08-17,icon_global,78.5,68.9
156,2026-08-16T05:35:58Z,KNYC,2026-08-18,icon_global,86.5,71.1
157,2026-08-16T05:35:58Z,KNYC,2026-08-16,gem_global,81.2,65.4
158,2026-08-16T05:35:58Z,KNYC,2026-08-17,gem_global,81.1,66.9
159,2026-08-16T05:35:58Z,KNYC,2026-08-18,gem_global,80.7,71.9
160,2026-08-16T05:35:58Z,KNYC,2026-08-16,ecmwf_ifs025,81.8,68.6
161,2026-08-16T05:35:58Z,KNYC,2026-08-17,ecmwf_ifs025,83.2,70.1
162,2026-08-16T05:35:58Z,KNYC,2026-08-18,ecmwf_ifs025,85.8,70.3
163,2026-08-16T05:35:58Z,KNYC,2026-08-16,ukmo_global_deterministic_10km,80.2,73.7
164,2026-08-16T05:35:58Z,KNYC,2026-08-17,ukmo_global_deterministic_10km,78.4,71.6
165,2026-08-16T05:35:58Z,KNYC,2026-08-18,ukmo_global_deterministic_10km,85.7,72.4
166,2026-08-16T05:35:58Z,KOKC,2026-08-16,gfs_seamless,104.0,80.2
167,2026-08-16T05:35:58Z,KOKC,2026-08-17,gfs_seamless,98.5,76.0
168,2026-08-16T05:35:58Z,KOKC,2026-08-18,gfs_seamless,111.4,73.0
169,2026-08-16T05:35:58Z,KOKC,2026-08-16,icon_global,104.5,80.5
170,2026-08-16T05:35:58Z,KOKC,2026-08-17,icon_global,98.0,78.0
171,2026-08-16T05:35:58Z,KOKC,2026-08-18,icon_global,102.1,76.4
172,2026-08-16T05:35:58Z,KOKC,2026-08-16,gem_global,103.2,82.1
173,2026-08-16T05:35:58Z,KOKC,2026-08-17,gem_global,97.4,76.8
174,2026-08-16T05:35:58Z,KOKC,2026-08-18,gem_global,104.2,78.8
175,2026-08-16T05:35:58Z,KOKC,2026-08-16,ecmwf_ifs025,103.2,84.4
176,2026-08-16T05:35:58Z,KOKC,2026-08-17,ecmwf_ifs025,99.3,81.0
177,2026-08-16T05:35:58Z,KOKC,2026-08-18,ecmwf_ifs025,107.2,78.7
178,2026-08-16T05:35:58Z,KOKC,2026-08-16,ukmo_global_deterministic_10km,102.7,84.0
179,2026-08-16T05:35:58Z,KOKC,2026-08-17,ukmo_global_deterministic_10km,100.5,77.6
180,2026-08-16T05:35:58Z,KOKC,2026-08-18,ukmo_global_deterministic_10km,106.4,83.6
181,2026-08-16T05:35:58Z,KPHL,2026-08-16,gfs_seamless,83.2,67.1
182,2026-08-16T05:35:58Z,KPHL,2026-08-17,gfs_seamless,90.3,69.4
183,2026-08-16T05:35:58Z,KPHL,2026-08-18,gfs_seamless,87.7,72.0
184,2026-08-16T05:35:58Z,KPHL,2026-08-16,icon_global,78.2,70.0
185,2026-08-16T05:35:58Z,KPHL,2026-08-17,icon_global,87.2,71.9
186,2026-08-16T05:35:58Z,KPHL,2026-08-18,icon_global,87.4,73.9
187,2026-08-16T05:35:58Z,KPHL,2026-08-16,gem_global,79.8,69.1
188,2026-08-16T05:35:58Z,KPHL,2026-08-17,gem_global,84.7,70.7
189,2026-08-16T05:35:58Z,KPHL,2026-08-18,gem_global,84.9,72.3
190,2026-08-16T05:35:58Z,KPHL,2026-08-16,ecmwf_ifs025,84.0,69.6
191,2026-08-16T05:35:58Z,KPHL,2026-08-17,ecmwf_ifs025,88.0,70.2
192,2026-08-16T05:35:58Z,KPHL,2026-08-18,ecmwf_ifs025,86.2,70.9
193,2026-08-16T05:35:58Z,KPHL,2026-08-16,ukmo_global_deterministic_10km,82.4,70.5
194,2026-08-16T05:35:58Z,KPHL,2026-08-17,ukmo_global_deterministic_10km,88.2,70.4
195,2026-08-16T05:35:58Z,KPHL,2026-08-18,ukmo_global_deterministic_10km,85.9,74.1
196,2026-08-16T05:35:58Z,KPHX,2026-08-15,gfs_seamless,105.1,81.9
197,2026-08-16T05:35:58Z,KPHX,2026-08-16,gfs_seamless,109.5,84.1
198,2026-08-16T05:35:58Z,KPHX,2026-08-17,gfs_seamless,112.5,80.6
199,2026-08-16T05:35:58Z,KPHX,2026-08-15,icon_global,104.8,82.6
200,2026-08-16T05:35:58Z,KPHX,2026-08-16,icon_global,107.6,85.2
201,2026-08-16T05:35:58Z,KPHX,2026-08-17,icon_global,111.3,85.7
202,2026-08-16T05:35:58Z,KPHX,2026-08-15,gem_global,103.1,72.1
203,2026-08-16T05:35:58Z,KPHX,2026-08-16,gem_global,104.1,71.9
204,2026-08-16T05:35:58Z,KPHX,2026-08-17,gem_global,107.5,70.0
205,2026-08-16T05:35:58Z,KPHX,2026-08-15,ecmwf_ifs025,105.2,84.3
206,2026-08-16T05:35:58Z,KPHX,2026-08-16,ecmwf_ifs025,107.7,89.1
207,2026-08-16T05:35:58Z,KPHX,2026-08-17,ecmwf_ifs025,111.7,88.6
208,2026-08-16T05:35:58Z,KPHX,2026-08-15,ukmo_global_deterministic_10km,105.4,80.0
209,2026-08-16T05:35:58Z,KPHX,2026-08-16,ukmo_global_deterministic_10km,102.5,82.9
210,2026-08-16T05:35:58Z,KPHX,2026-08-17,ukmo_global_deterministic_10km,109.2,79.1
211,2026-08-16T05:35:58Z,KSAT,2026-08-16,gfs_seamless,99.9,75.6
212,2026-08-16T05:35:58Z,KSAT,2026-08-17,gfs_seamless,101.0,73.2
213,2026-08-16T05:35:58Z,KSAT,2026-08-18,gfs_seamless,101.3,77.7
214,2026-08-16T05:35:58Z,KSAT,2026-08-16,icon_global,98.6,77.8
215,2026-08-16T05:35:58Z,KSAT,2026-08-17,icon_global,100.8,76.8
216,2026-08-16T05:35:58Z,KSAT,2026-08-18,icon_global,99.9,76.4
217,2026-08-16T05:35:58Z,KSAT,2026-08-16,gem_global,95.9,72.5
218,2026-08-16T05:35:58Z,KSAT,2026-08-17,gem_global,96.0,69.6
219,2026-08-16T05:35:58Z,KSAT,2026-08-18,gem_global,96.4,69.6
220,2026-08-16T05:35:58Z,KSAT,2026-08-16,ecmwf_ifs025,98.8,76.7
221,2026-08-16T05:35:58Z,KSAT,2026-08-17,ecmwf_ifs025,99.1,76.5
222,2026-08-16T05:35:58Z,KSAT,2026-08-18,ecmwf_ifs025,99.4,78.3
223,2026-08-16T05:35:58Z,KSAT,2026-08-16,ukmo_global_deterministic_10km,99.0,77.9
224,2026-08-16T05:35:58Z,KSAT,2026-08-17,ukmo_global_deterministic_10km,100.2,77.0
225,2026-08-16T05:35:58Z,KSAT,2026-08-18,ukmo_global_deterministic_10km,97.7,78.8
226,2026-08-16T05:35:58Z,KSFO,2026-08-15,gfs_seamless,68.7,56.3
227,2026-08-16T05:35:58Z,KSFO,2026-08-16,gfs_seamless,71.0,55.2
228,2026-08-16T05:35:58Z,KSFO,2026-08-17,gfs_seamless,67.0,53.2
229,2026-08-16T05:35:58Z,KSFO,2026-08-15,icon_global,69.0,60.5
230,2026-08-16T05:35:58Z,KSFO,2026-08-16,icon_global,73.8,59.0
231,2026-08-16T05:35:58Z,KSFO,2026-08-17,icon_global,71.5,58.7
232,2026-08-16T05:35:58Z,KSFO,2026-08-15,gem_global,64.1,58.7
233,2026-08-16T05:35:58Z,KSFO,2026-08-16,gem_global,66.3,58.8
234,2026-08-16T05:35:58Z,KSFO,2026-08-17,gem_global,65.2,58.3
235,2026-08-16T05:35:58Z,KSFO,2026-08-15,ecmwf_ifs025,65.2,58.6
236,2026-08-16T05:35:58Z,KSFO,2026-08-16,ecmwf_ifs025,67.2,57.8
237,2026-08-16T05:35:58Z,KSFO,2026-08-17,ecmwf_ifs025,66.3,57.7
238,2026-08-16T05:35:58Z,KSFO,2026-08-15,ukmo_global_deterministic_10km,68.4,59.3
239,2026-08-16T05:35:58Z,KSFO,2026-08-16,ukmo_global_deterministic_10km,77.6,56.5
240,2026-08-16T05:35:58Z,KSFO,2026-08-17,ukmo_global_deterministic_10km,69.2,57.6
1,2026-08-16T05:57:45Z,KATL,2026-08-16,gfs_seamless,96.8,74.7
2,2026-08-16T05:57:45Z,KATL,2026-08-17,gfs_seamless,99.5,74.7
3,2026-08-16T05:57:45Z,KATL,2026-08-18,gfs_seamless,102.1,77.8
4,2026-08-16T05:57:45Z,KATL,2026-08-16,icon_global,94.4,77.2
5,2026-08-16T05:57:45Z,KATL,2026-08-17,icon_global,99.8,76.9
6,2026-08-16T05:57:45Z,KATL,2026-08-18,icon_global,94.0,79.2
7,2026-08-16T05:57:45Z,KATL,2026-08-16,gem_global,93.6,76.3
8,2026-08-16T05:57:45Z,KATL,2026-08-17,gem_global,96.1,75.8
9,2026-08-16T05:57:45Z,KATL,2026-08-18,gem_global,90.9,78.3
10,2026-08-16T05:57:45Z,KATL,2026-08-16,ecmwf_ifs025,95.9,75.9
11,2026-08-16T05:57:45Z,KATL,2026-08-17,ecmwf_ifs025,98.6,77.1
12,2026-08-16T05:57:45Z,KATL,2026-08-18,ecmwf_ifs025,96.9,76.9
13,2026-08-16T05:57:45Z,KATL,2026-08-16,ukmo_global_deterministic_10km,94.6,79.7
14,2026-08-16T05:57:45Z,KATL,2026-08-17,ukmo_global_deterministic_10km,98.0,79.4
15,2026-08-16T05:57:45Z,KATL,2026-08-18,ukmo_global_deterministic_10km,97.4,81.2
16,2026-08-16T05:57:45Z,KAUS,2026-08-16,gfs_seamless,100.0,76.7
17,2026-08-16T05:57:45Z,KAUS,2026-08-17,gfs_seamless,101.8,75.4
18,2026-08-16T05:57:45Z,KAUS,2026-08-18,gfs_seamless,104.4,75.9
19,2026-08-16T05:57:45Z,KAUS,2026-08-16,icon_global,102.7,77.1
20,2026-08-16T05:57:45Z,KAUS,2026-08-17,icon_global,104.4,75.1
21,2026-08-16T05:57:45Z,KAUS,2026-08-18,icon_global,103.6,76.7
22,2026-08-16T05:57:45Z,KAUS,2026-08-16,gem_global,97.8,72.3
23,2026-08-16T05:57:45Z,KAUS,2026-08-17,gem_global,98.5,71.5
24,2026-08-16T05:57:45Z,KAUS,2026-08-18,gem_global,98.1,72.1
25,2026-08-16T05:57:45Z,KAUS,2026-08-16,ecmwf_ifs025,100.2,77.4
26,2026-08-16T05:57:45Z,KAUS,2026-08-17,ecmwf_ifs025,101.4,74.4
27,2026-08-16T05:57:45Z,KAUS,2026-08-18,ecmwf_ifs025,101.4,78.4
28,2026-08-16T05:57:45Z,KAUS,2026-08-16,ukmo_global_deterministic_10km,101.3,76.8
29,2026-08-16T05:57:45Z,KAUS,2026-08-17,ukmo_global_deterministic_10km,101.9,76.3
30,2026-08-16T05:57:45Z,KAUS,2026-08-18,ukmo_global_deterministic_10km,100.4,78.6
196,2026-08-16T05:57:45Z,KDCA,2026-08-16,gfs_seamless,80.4,73.9
197,2026-08-16T05:57:45Z,KDCA,2026-08-17,gfs_seamless,87.6,73.3
198,2026-08-16T05:57:45Z,KDCA,2026-08-18,gfs_seamless,88.6,72.6
199,2026-08-16T05:57:45Z,KDCA,2026-08-16,icon_global,80.6,75.6
200,2026-08-16T05:57:45Z,KDCA,2026-08-17,icon_global,91.7,76.7
201,2026-08-16T05:57:45Z,KDCA,2026-08-18,icon_global,88.0,75.7
202,2026-08-16T05:57:45Z,KDCA,2026-08-16,gem_global,80.2,73.4
203,2026-08-16T05:57:45Z,KDCA,2026-08-17,gem_global,85.9,72.3
204,2026-08-16T05:57:45Z,KDCA,2026-08-18,gem_global,84.0,71.2
205,2026-08-16T05:57:45Z,KDCA,2026-08-16,ecmwf_ifs025,78.8,72.9
206,2026-08-16T05:57:45Z,KDCA,2026-08-17,ecmwf_ifs025,90.0,73.5
207,2026-08-16T05:57:45Z,KDCA,2026-08-18,ecmwf_ifs025,86.1,72.5
208,2026-08-16T05:57:45Z,KDCA,2026-08-16,ukmo_global_deterministic_10km,82.2,75.0
209,2026-08-16T05:57:45Z,KDCA,2026-08-17,ukmo_global_deterministic_10km,92.2,75.8
210,2026-08-16T05:57:45Z,KDCA,2026-08-18,ukmo_global_deterministic_10km,86.6,72.4
31,2026-08-16T05:57:45Z,KDFW,2026-08-16,gfs_seamless,103.3,81.3
32,2026-08-16T05:57:45Z,KDFW,2026-08-17,gfs_seamless,106.1,79.3
33,2026-08-16T05:57:45Z,KDFW,2026-08-18,gfs_seamless,108.4,87.0
34,2026-08-16T05:57:45Z,KDFW,2026-08-16,icon_global,103.2,83.6
35,2026-08-16T05:57:45Z,KDFW,2026-08-17,icon_global,105.0,82.2
36,2026-08-16T05:57:45Z,KDFW,2026-08-18,icon_global,106.5,83.6
37,2026-08-16T05:57:45Z,KDFW,2026-08-16,gem_global,100.3,82.8
38,2026-08-16T05:57:45Z,KDFW,2026-08-17,gem_global,102.0,77.5
39,2026-08-16T05:57:45Z,KDFW,2026-08-18,gem_global,101.6,78.6
40,2026-08-16T05:57:45Z,KDFW,2026-08-16,ecmwf_ifs025,102.5,83.6
41,2026-08-16T05:57:45Z,KDFW,2026-08-17,ecmwf_ifs025,104.9,82.8
42,2026-08-16T05:57:45Z,KDFW,2026-08-18,ecmwf_ifs025,105.1,84.7
43,2026-08-16T05:57:45Z,KDFW,2026-08-16,ukmo_global_deterministic_10km,102.8,84.3
44,2026-08-16T05:57:45Z,KDFW,2026-08-17,ukmo_global_deterministic_10km,104.0,85.3
45,2026-08-16T05:57:45Z,KDFW,2026-08-18,ukmo_global_deterministic_10km,104.8,86.3
46,2026-08-16T05:57:45Z,KLAS,2026-08-15,gfs_seamless,90.0,70.3
47,2026-08-16T05:57:45Z,KLAS,2026-08-16,gfs_seamless,102.7,74.1
48,2026-08-16T05:57:45Z,KLAS,2026-08-17,gfs_seamless,105.7,77.0
49,2026-08-16T05:57:45Z,KLAS,2026-08-15,icon_global,94.4,71.9
50,2026-08-16T05:57:45Z,KLAS,2026-08-16,icon_global,99.3,77.1
51,2026-08-16T05:57:45Z,KLAS,2026-08-17,icon_global,102.3,80.0
52,2026-08-16T05:57:45Z,KLAS,2026-08-15,gem_global,92.9,62.2
53,2026-08-16T05:57:45Z,KLAS,2026-08-16,gem_global,98.7,70.4
54,2026-08-16T05:57:45Z,KLAS,2026-08-17,gem_global,102.2,72.4
55,2026-08-16T05:57:45Z,KLAS,2026-08-15,ecmwf_ifs025,90.8,70.9
56,2026-08-16T05:57:45Z,KLAS,2026-08-16,ecmwf_ifs025,98.4,78.5
57,2026-08-16T05:57:45Z,KLAS,2026-08-17,ecmwf_ifs025,104.4,82.0
58,2026-08-16T05:57:45Z,KLAS,2026-08-15,ukmo_global_deterministic_10km,90.8,70.1
59,2026-08-16T05:57:45Z,KLAS,2026-08-16,ukmo_global_deterministic_10km,97.5,78.5
60,2026-08-16T05:57:45Z,KLAS,2026-08-17,ukmo_global_deterministic_10km,100.0,80.8
61,2026-08-16T05:57:45Z,KLAX,2026-08-15,gfs_seamless,76.7,66.4
62,2026-08-16T05:57:45Z,KLAX,2026-08-16,gfs_seamless,76.0,61.9
63,2026-08-16T05:57:45Z,KLAX,2026-08-17,gfs_seamless,78.4,63.4
64,2026-08-16T05:57:45Z,KLAX,2026-08-15,icon_global,78.4,62.9
65,2026-08-16T05:57:45Z,KLAX,2026-08-16,icon_global,79.5,64.8
66,2026-08-16T05:57:45Z,KLAX,2026-08-17,icon_global,82.4,63.3
67,2026-08-16T05:57:45Z,KLAX,2026-08-15,gem_global,76.6,60.3
68,2026-08-16T05:57:45Z,KLAX,2026-08-16,gem_global,76.9,61.9
69,2026-08-16T05:57:45Z,KLAX,2026-08-17,gem_global,77.0,62.9
70,2026-08-16T05:57:45Z,KLAX,2026-08-15,ecmwf_ifs025,83.4,67.0
71,2026-08-16T05:57:45Z,KLAX,2026-08-16,ecmwf_ifs025,85.6,66.5
72,2026-08-16T05:57:45Z,KLAX,2026-08-17,ecmwf_ifs025,86.6,67.4
73,2026-08-16T05:57:45Z,KLAX,2026-08-15,ukmo_global_deterministic_10km,74.4,66.8
74,2026-08-16T05:57:45Z,KLAX,2026-08-16,ukmo_global_deterministic_10km,73.0,66.4
75,2026-08-16T05:57:45Z,KLAX,2026-08-17,ukmo_global_deterministic_10km,72.9,66.5
76,2026-08-16T05:57:45Z,KMIA,2026-08-16,gfs_seamless,92.3,79.7
77,2026-08-16T05:57:45Z,KMIA,2026-08-17,gfs_seamless,95.7,78.8
78,2026-08-16T05:57:45Z,KMIA,2026-08-18,gfs_seamless,100.0,85.2
79,2026-08-16T05:57:45Z,KMIA,2026-08-16,icon_global,93.7,82.1
80,2026-08-16T05:57:45Z,KMIA,2026-08-17,icon_global,96.9,76.9
81,2026-08-16T05:57:45Z,KMIA,2026-08-18,icon_global,100.5,77.6
82,2026-08-16T05:57:45Z,KMIA,2026-08-16,gem_global,92.2,80.3
83,2026-08-16T05:57:45Z,KMIA,2026-08-17,gem_global,94.7,78.9
84,2026-08-16T05:57:45Z,KMIA,2026-08-18,gem_global,97.8,77.1
85,2026-08-16T05:57:45Z,KMIA,2026-08-16,ecmwf_ifs025,91.2,82.0
86,2026-08-16T05:57:45Z,KMIA,2026-08-17,ecmwf_ifs025,93.2,79.6
87,2026-08-16T05:57:45Z,KMIA,2026-08-18,ecmwf_ifs025,95.2,79.1
88,2026-08-16T05:57:45Z,KMIA,2026-08-16,ukmo_global_deterministic_10km,93.9,83.8
89,2026-08-16T05:57:45Z,KMIA,2026-08-17,ukmo_global_deterministic_10km,98.2,82.2
90,2026-08-16T05:57:45Z,KMIA,2026-08-18,ukmo_global_deterministic_10km,93.7,83.3
91,2026-08-16T05:57:45Z,KMSY,2026-08-16,gfs_seamless,100.3,78.5
92,2026-08-16T05:57:45Z,KMSY,2026-08-17,gfs_seamless,98.5,78.9
93,2026-08-16T05:57:45Z,KMSY,2026-08-18,gfs_seamless,97.3,78.2
94,2026-08-16T05:57:45Z,KMSY,2026-08-16,icon_global,95.8,78.7
95,2026-08-16T05:57:45Z,KMSY,2026-08-17,icon_global,96.9,80.1
96,2026-08-16T05:57:45Z,KMSY,2026-08-18,icon_global,95.5,81.3
97,2026-08-16T05:57:45Z,KMSY,2026-08-16,gem_global,96.0,80.2
98,2026-08-16T05:57:45Z,KMSY,2026-08-17,gem_global,94.9,80.9
99,2026-08-16T05:57:45Z,KMSY,2026-08-18,gem_global,96.5,80.8
100,2026-08-16T05:57:45Z,KMSY,2026-08-16,ecmwf_ifs025,95.4,81.9
101,2026-08-16T05:57:45Z,KMSY,2026-08-17,ecmwf_ifs025,93.6,81.3
102,2026-08-16T05:57:45Z,KMSY,2026-08-18,ecmwf_ifs025,92.5,80.8
103,2026-08-16T05:57:45Z,KMSY,2026-08-16,ukmo_global_deterministic_10km,95.5,83.2
104,2026-08-16T05:57:45Z,KMSY,2026-08-17,ukmo_global_deterministic_10km,99.2,83.2
105,2026-08-16T05:57:45Z,KMSY,2026-08-18,ukmo_global_deterministic_10km,99.8,83.4
106,2026-08-16T05:57:45Z,KNYC,2026-08-16,gfs_seamless,81.5,66.4
107,2026-08-16T05:57:45Z,KNYC,2026-08-17,gfs_seamless,85.6,68.6
108,2026-08-16T05:57:45Z,KNYC,2026-08-18,gfs_seamless,86.6,72.3
109,2026-08-16T05:57:45Z,KNYC,2026-08-16,icon_global,78.7,69.8
110,2026-08-16T05:57:45Z,KNYC,2026-08-17,icon_global,78.5,68.9
111,2026-08-16T05:57:45Z,KNYC,2026-08-18,icon_global,86.5,71.1
112,2026-08-16T05:57:45Z,KNYC,2026-08-16,gem_global,80.0,66.2
113,2026-08-16T05:57:45Z,KNYC,2026-08-17,gem_global,77.6,66.8
114,2026-08-16T05:57:45Z,KNYC,2026-08-18,gem_global,83.5,70.4
115,2026-08-16T05:57:45Z,KNYC,2026-08-16,ecmwf_ifs025,81.8,68.6
116,2026-08-16T05:57:45Z,KNYC,2026-08-17,ecmwf_ifs025,83.2,70.1
117,2026-08-16T05:57:45Z,KNYC,2026-08-18,ecmwf_ifs025,85.8,70.3
118,2026-08-16T05:57:45Z,KNYC,2026-08-16,ukmo_global_deterministic_10km,80.2,73.7
119,2026-08-16T05:57:45Z,KNYC,2026-08-17,ukmo_global_deterministic_10km,78.4,71.6
120,2026-08-16T05:57:45Z,KNYC,2026-08-18,ukmo_global_deterministic_10km,85.7,72.4
121,2026-08-16T05:57:45Z,KOKC,2026-08-16,gfs_seamless,104.0,80.2
122,2026-08-16T05:57:45Z,KOKC,2026-08-17,gfs_seamless,98.5,76.0
123,2026-08-16T05:57:45Z,KOKC,2026-08-18,gfs_seamless,111.4,73.0
124,2026-08-16T05:57:45Z,KOKC,2026-08-16,icon_global,104.5,80.5
125,2026-08-16T05:57:45Z,KOKC,2026-08-17,icon_global,98.0,78.0
126,2026-08-16T05:57:45Z,KOKC,2026-08-18,icon_global,102.1,76.4
127,2026-08-16T05:57:45Z,KOKC,2026-08-16,gem_global,102.8,85.5
128,2026-08-16T05:57:45Z,KOKC,2026-08-17,gem_global,97.5,75.4
129,2026-08-16T05:57:45Z,KOKC,2026-08-18,gem_global,104.6,79.2
130,2026-08-16T05:57:45Z,KOKC,2026-08-16,ecmwf_ifs025,103.2,84.4
131,2026-08-16T05:57:45Z,KOKC,2026-08-17,ecmwf_ifs025,99.3,81.0
132,2026-08-16T05:57:45Z,KOKC,2026-08-18,ecmwf_ifs025,107.2,78.7
133,2026-08-16T05:57:45Z,KOKC,2026-08-16,ukmo_global_deterministic_10km,102.7,84.0
134,2026-08-16T05:57:45Z,KOKC,2026-08-17,ukmo_global_deterministic_10km,100.5,77.6
135,2026-08-16T05:57:45Z,KOKC,2026-08-18,ukmo_global_deterministic_10km,106.4,83.6
136,2026-08-16T05:57:45Z,KPHL,2026-08-16,gfs_seamless,83.2,67.1
137,2026-08-16T05:57:45Z,KPHL,2026-08-17,gfs_seamless,90.3,69.4
138,2026-08-16T05:57:45Z,KPHL,2026-08-18,gfs_seamless,87.7,72.0
139,2026-08-16T05:57:45Z,KPHL,2026-08-16,icon_global,78.2,70.0
140,2026-08-16T05:57:45Z,KPHL,2026-08-17,icon_global,87.2,71.9
141,2026-08-16T05:57:45Z,KPHL,2026-08-18,icon_global,87.4,73.9
142,2026-08-16T05:57:45Z,KPHL,2026-08-16,gem_global,80.9,67.3
143,2026-08-16T05:57:45Z,KPHL,2026-08-17,gem_global,86.4,68.7
144,2026-08-16T05:57:45Z,KPHL,2026-08-18,gem_global,84.5,69.0
145,2026-08-16T05:57:45Z,KPHL,2026-08-16,ecmwf_ifs025,84.0,69.6
146,2026-08-16T05:57:45Z,KPHL,2026-08-17,ecmwf_ifs025,88.0,70.2
147,2026-08-16T05:57:45Z,KPHL,2026-08-18,ecmwf_ifs025,86.2,70.9
148,2026-08-16T05:57:45Z,KPHL,2026-08-16,ukmo_global_deterministic_10km,82.4,70.5
149,2026-08-16T05:57:45Z,KPHL,2026-08-17,ukmo_global_deterministic_10km,88.2,70.4
150,2026-08-16T05:57:45Z,KPHL,2026-08-18,ukmo_global_deterministic_10km,85.9,74.1
151,2026-08-16T05:57:45Z,KPHX,2026-08-15,gfs_seamless,105.1,81.9
152,2026-08-16T05:57:45Z,KPHX,2026-08-16,gfs_seamless,109.5,84.1
153,2026-08-16T05:57:45Z,KPHX,2026-08-17,gfs_seamless,112.5,80.6
154,2026-08-16T05:57:45Z,KPHX,2026-08-15,icon_global,104.8,82.6
155,2026-08-16T05:57:45Z,KPHX,2026-08-16,icon_global,107.6,85.2
156,2026-08-16T05:57:45Z,KPHX,2026-08-17,icon_global,111.3,85.7
157,2026-08-16T05:57:45Z,KPHX,2026-08-15,gem_global,103.1,72.1
158,2026-08-16T05:57:45Z,KPHX,2026-08-16,gem_global,104.3,72.4
159,2026-08-16T05:57:45Z,KPHX,2026-08-17,gem_global,107.5,69.7
160,2026-08-16T05:57:45Z,KPHX,2026-08-15,ecmwf_ifs025,105.2,84.3
161,2026-08-16T05:57:45Z,KPHX,2026-08-16,ecmwf_ifs025,107.7,89.1
162,2026-08-16T05:57:45Z,KPHX,2026-08-17,ecmwf_ifs025,111.7,88.6
163,2026-08-16T05:57:45Z,KPHX,2026-08-15,ukmo_global_deterministic_10km,105.4,80.0
164,2026-08-16T05:57:45Z,KPHX,2026-08-16,ukmo_global_deterministic_10km,102.5,82.9
165,2026-08-16T05:57:45Z,KPHX,2026-08-17,ukmo_global_deterministic_10km,109.2,79.1
181,2026-08-16T05:57:45Z,KSEA,2026-08-15,gfs_seamless,75.3,57.4
182,2026-08-16T05:57:45Z,KSEA,2026-08-16,gfs_seamless,74.3,59.0
183,2026-08-16T05:57:45Z,KSEA,2026-08-17,gfs_seamless,81.5,56.7
184,2026-08-16T05:57:45Z,KSEA,2026-08-15,icon_global,70.9,59.6
185,2026-08-16T05:57:45Z,KSEA,2026-08-16,icon_global,73.2,60.4
186,2026-08-16T05:57:45Z,KSEA,2026-08-17,icon_global,77.0,58.0
187,2026-08-16T05:57:45Z,KSEA,2026-08-15,gem_global,73.2,56.6
188,2026-08-16T05:57:45Z,KSEA,2026-08-16,gem_global,72.2,58.7
189,2026-08-16T05:57:45Z,KSEA,2026-08-17,gem_global,75.2,56.9
190,2026-08-16T05:57:45Z,KSEA,2026-08-15,ecmwf_ifs025,77.3,58.7
191,2026-08-16T05:57:45Z,KSEA,2026-08-16,ecmwf_ifs025,76.0,61.0
192,2026-08-16T05:57:45Z,KSEA,2026-08-17,ecmwf_ifs025,77.1,58.7
193,2026-08-16T05:57:45Z,KSEA,2026-08-15,ukmo_global_deterministic_10km,77.0,58.6
194,2026-08-16T05:57:45Z,KSEA,2026-08-16,ukmo_global_deterministic_10km,79.2,59.1
195,2026-08-16T05:57:45Z,KSEA,2026-08-17,ukmo_global_deterministic_10km,81.9,62.6
166,2026-08-16T05:57:45Z,KSFO,2026-08-15,gfs_seamless,68.7,56.3
167,2026-08-16T05:57:45Z,KSFO,2026-08-16,gfs_seamless,71.0,55.2
168,2026-08-16T05:57:45Z,KSFO,2026-08-17,gfs_seamless,67.0,53.2
169,2026-08-16T05:57:45Z,KSFO,2026-08-15,icon_global,69.0,60.5
170,2026-08-16T05:57:45Z,KSFO,2026-08-16,icon_global,73.8,59.0
171,2026-08-16T05:57:45Z,KSFO,2026-08-17,icon_global,71.5,58.7
172,2026-08-16T05:57:45Z,KSFO,2026-08-15,gem_global,64.1,58.7
173,2026-08-16T05:57:45Z,KSFO,2026-08-16,gem_global,66.6,58.6
174,2026-08-16T05:57:45Z,KSFO,2026-08-17,gem_global,64.9,58.4
175,2026-08-16T05:57:45Z,KSFO,2026-08-15,ecmwf_ifs025,65.2,58.6
176,2026-08-16T05:57:45Z,KSFO,2026-08-16,ecmwf_ifs025,67.2,57.8
177,2026-08-16T05:57:45Z,KSFO,2026-08-17,ecmwf_ifs025,66.3,57.7
178,2026-08-16T05:57:45Z,KSFO,2026-08-15,ukmo_global_deterministic_10km,68.4,59.3
179,2026-08-16T05:57:45Z,KSFO,2026-08-16,ukmo_global_deterministic_10km,77.6,56.5
180,2026-08-16T05:57:45Z,KSFO,2026-08-17,ukmo_global_deterministic_10km,69.2,57.6
1,2026-08-16T06:53:14Z,KATL,2026-08-16,gfs_seamless,96.8,74.7
2,2026-08-16T06:53:14Z,KATL,2026-08-17,gfs_seamless,99.5,74.7
3,2026-08-16T06:53:14Z,KATL,2026-08-18,gfs_seamless,102.1,77.8
4,2026-08-16T06:53:14Z,KATL,2026-08-16,icon_global,94.4,77.2
5,2026-08-16T06:53:14Z,KATL,2026-08-17,icon_global,99.8,76.9
6,2026-08-16T06:53:14Z,KATL,2026-08-18,icon_global,94.0,79.2
7,2026-08-16T06:53:14Z,KATL,2026-08-16,gem_global,93.6,76.3
8,2026-08-16T06:53:14Z,KATL,2026-08-17,gem_global,96.1,75.8
9,2026-08-16T06:53:14Z,KATL,2026-08-18,gem_global,90.9,78.3
10,2026-08-16T06:53:14Z,KATL,2026-08-16,ecmwf_ifs025,95.9,75.9
11,2026-08-16T06:53:14Z,KATL,2026-08-17,ecmwf_ifs025,98.6,77.1
12,2026-08-16T06:53:14Z,KATL,2026-08-18,ecmwf_ifs025,96.9,76.9
13,2026-08-16T06:53:14Z,KATL,2026-08-16,ukmo_global_deterministic_10km,94.6,79.7
14,2026-08-16T06:53:14Z,KATL,2026-08-17,ukmo_global_deterministic_10km,98.0,79.4
15,2026-08-16T06:53:14Z,KATL,2026-08-18,ukmo_global_deterministic_10km,97.4,81.2
16,2026-08-16T06:53:14Z,KAUS,2026-08-16,gfs_seamless,100.0,76.7
17,2026-08-16T06:53:14Z,KAUS,2026-08-17,gfs_seamless,101.8,75.4
18,2026-08-16T06:53:14Z,KAUS,2026-08-18,gfs_seamless,104.4,75.9
19,2026-08-16T06:53:14Z,KAUS,2026-08-16,icon_global,102.7,77.1
20,2026-08-16T06:53:14Z,KAUS,2026-08-17,icon_global,104.4,75.1
21,2026-08-16T06:53:14Z,KAUS,2026-08-18,icon_global,103.6,76.7
22,2026-08-16T06:53:14Z,KAUS,2026-08-16,gem_global,97.8,72.3
23,2026-08-16T06:53:14Z,KAUS,2026-08-17,gem_global,98.5,71.5
24,2026-08-16T06:53:14Z,KAUS,2026-08-18,gem_global,98.1,72.1
25,2026-08-16T06:53:14Z,KAUS,2026-08-16,ecmwf_ifs025,100.2,77.4
26,2026-08-16T06:53:14Z,KAUS,2026-08-17,ecmwf_ifs025,101.4,74.4
27,2026-08-16T06:53:14Z,KAUS,2026-08-18,ecmwf_ifs025,101.4,78.4
28,2026-08-16T06:53:14Z,KAUS,2026-08-16,ukmo_global_deterministic_10km,101.3,76.8
29,2026-08-16T06:53:14Z,KAUS,2026-08-17,ukmo_global_deterministic_10km,101.9,76.3
30,2026-08-16T06:53:14Z,KAUS,2026-08-18,ukmo_global_deterministic_10km,100.4,78.6
31,2026-08-16T06:53:14Z,KBOS,2026-08-16,gfs_seamless,79.5,56.4
32,2026-08-16T06:53:14Z,KBOS,2026-08-17,gfs_seamless,74.3,65.6
33,2026-08-16T06:53:14Z,KBOS,2026-08-18,gfs_seamless,73.1,66.9
34,2026-08-16T06:53:14Z,KBOS,2026-08-16,icon_global,78.3,60.5
35,2026-08-16T06:53:14Z,KBOS,2026-08-17,icon_global,69.7,66.5
36,2026-08-16T06:53:14Z,KBOS,2026-08-18,icon_global,81.9,65.0
37,2026-08-16T06:53:14Z,KBOS,2026-08-16,gem_global,74.3,60.3
38,2026-08-16T06:53:14Z,KBOS,2026-08-17,gem_global,71.2,66.7
39,2026-08-16T06:53:14Z,KBOS,2026-08-18,gem_global,73.2,67.2
40,2026-08-16T06:53:14Z,KBOS,2026-08-16,ecmwf_ifs025,80.2,61.2
41,2026-08-16T06:53:14Z,KBOS,2026-08-17,ecmwf_ifs025,76.2,67.3
42,2026-08-16T06:53:14Z,KBOS,2026-08-18,ecmwf_ifs025,75.6,67.9
43,2026-08-16T06:53:14Z,KBOS,2026-08-16,ukmo_global_deterministic_10km,82.7,64.7
44,2026-08-16T06:53:14Z,KBOS,2026-08-17,ukmo_global_deterministic_10km,79.0,71.1
45,2026-08-16T06:53:14Z,KBOS,2026-08-18,ukmo_global_deterministic_10km,76.5,68.0
46,2026-08-16T06:53:14Z,KDEN,2026-08-16,gfs_seamless,85.1,59.1
47,2026-08-16T06:53:14Z,KDEN,2026-08-17,gfs_seamless,90.2,58.3
48,2026-08-16T06:53:14Z,KDEN,2026-08-18,gfs_seamless,93.8,68.6
49,2026-08-16T06:53:14Z,KDEN,2026-08-16,icon_global,83.1,61.1
50,2026-08-16T06:53:14Z,KDEN,2026-08-17,icon_global,88.0,61.6
51,2026-08-16T06:53:14Z,KDEN,2026-08-18,icon_global,93.1,67.5
52,2026-08-16T06:53:14Z,KDEN,2026-08-16,gem_global,79.7,55.3
53,2026-08-16T06:53:14Z,KDEN,2026-08-17,gem_global,87.5,54.2
54,2026-08-16T06:53:14Z,KDEN,2026-08-18,gem_global,91.7,59.2
55,2026-08-16T06:53:14Z,KDEN,2026-08-16,ecmwf_ifs025,79.1,57.8
56,2026-08-16T06:53:14Z,KDEN,2026-08-17,ecmwf_ifs025,88.3,60.2
57,2026-08-16T06:53:14Z,KDEN,2026-08-18,ecmwf_ifs025,90.6,63.9
58,2026-08-16T06:53:14Z,KDEN,2026-08-16,ukmo_global_deterministic_10km,81.5,57.2
59,2026-08-16T06:53:14Z,KDEN,2026-08-17,ukmo_global_deterministic_10km,86.4,61.7
60,2026-08-16T06:53:14Z,KDEN,2026-08-18,ukmo_global_deterministic_10km,88.1,64.8
61,2026-08-16T06:53:14Z,KIAH,2026-08-16,gfs_seamless,99.5,74.8
62,2026-08-16T06:53:14Z,KIAH,2026-08-17,gfs_seamless,99.5,74.6
63,2026-08-16T06:53:14Z,KIAH,2026-08-18,gfs_seamless,99.8,81.8
64,2026-08-16T06:53:14Z,KIAH,2026-08-16,icon_global,95.8,75.8
65,2026-08-16T06:53:14Z,KIAH,2026-08-17,icon_global,97.4,73.3
66,2026-08-16T06:53:14Z,KIAH,2026-08-18,icon_global,95.6,75.0
67,2026-08-16T06:53:14Z,KIAH,2026-08-16,gem_global,96.2,74.3
68,2026-08-16T06:53:14Z,KIAH,2026-08-17,gem_global,96.3,71.9
69,2026-08-16T06:53:14Z,KIAH,2026-08-18,gem_global,98.0,72.8
70,2026-08-16T06:53:14Z,KIAH,2026-08-16,ecmwf_ifs025,95.5,75.9
71,2026-08-16T06:53:14Z,KIAH,2026-08-17,ecmwf_ifs025,96.3,75.0
72,2026-08-16T06:53:14Z,KIAH,2026-08-18,ecmwf_ifs025,97.2,77.8
73,2026-08-16T06:53:14Z,KIAH,2026-08-16,ukmo_global_deterministic_10km,96.9,78.1
74,2026-08-16T06:53:14Z,KIAH,2026-08-17,ukmo_global_deterministic_10km,97.3,78.3
75,2026-08-16T06:53:14Z,KIAH,2026-08-18,ukmo_global_deterministic_10km,97.8,80.2
76,2026-08-16T06:53:14Z,KLAS,2026-08-15,gfs_seamless,90.0,70.3
77,2026-08-16T06:53:14Z,KLAS,2026-08-16,gfs_seamless,102.7,74.1
78,2026-08-16T06:53:14Z,KLAS,2026-08-17,gfs_seamless,105.7,77.0
79,2026-08-16T06:53:14Z,KLAS,2026-08-15,icon_global,94.4,71.9
80,2026-08-16T06:53:14Z,KLAS,2026-08-16,icon_global,99.3,77.1
81,2026-08-16T06:53:14Z,KLAS,2026-08-17,icon_global,102.3,80.0
82,2026-08-16T06:53:14Z,KLAS,2026-08-15,gem_global,92.9,62.2
83,2026-08-16T06:53:14Z,KLAS,2026-08-16,gem_global,98.7,70.4
84,2026-08-16T06:53:14Z,KLAS,2026-08-17,gem_global,102.2,72.4
85,2026-08-16T06:53:14Z,KLAS,2026-08-15,ecmwf_ifs025,90.8,70.9
86,2026-08-16T06:53:14Z,KLAS,2026-08-16,ecmwf_ifs025,98.4,78.5
87,2026-08-16T06:53:14Z,KLAS,2026-08-17,ecmwf_ifs025,104.4,82.0
88,2026-08-16T06:53:14Z,KLAS,2026-08-15,ukmo_global_deterministic_10km,90.8,70.1
89,2026-08-16T06:53:14Z,KLAS,2026-08-16,ukmo_global_deterministic_10km,97.5,78.5
90,2026-08-16T06:53:14Z,KLAS,2026-08-17,ukmo_global_deterministic_10km,100.0,80.8
91,2026-08-16T06:53:14Z,KMIA,2026-08-16,gfs_seamless,92.3,79.7
92,2026-08-16T06:53:14Z,KMIA,2026-08-17,gfs_seamless,95.7,78.8
93,2026-08-16T06:53:14Z,KMIA,2026-08-18,gfs_seamless,100.0,85.2
94,2026-08-16T06:53:14Z,KMIA,2026-08-16,icon_global,93.7,82.1
95,2026-08-16T06:53:14Z,KMIA,2026-08-17,icon_global,96.9,76.9
96,2026-08-16T06:53:14Z,KMIA,2026-08-18,icon_global,100.5,77.6
97,2026-08-16T06:53:14Z,KMIA,2026-08-16,gem_global,92.2,80.3
98,2026-08-16T06:53:14Z,KMIA,2026-08-17,gem_global,94.7,78.9
99,2026-08-16T06:53:14Z,KMIA,2026-08-18,gem_global,97.8,77.1
100,2026-08-16T06:53:14Z,KMIA,2026-08-16,ecmwf_ifs025,91.2,82.0
101,2026-08-16T06:53:14Z,KMIA,2026-08-17,ecmwf_ifs025,93.2,79.6
102,2026-08-16T06:53:14Z,KMIA,2026-08-18,ecmwf_ifs025,95.2,79.1
103,2026-08-16T06:53:14Z,KMIA,2026-08-16,ukmo_global_deterministic_10km,93.9,83.8
104,2026-08-16T06:53:14Z,KMIA,2026-08-17,ukmo_global_deterministic_10km,98.2,82.2
105,2026-08-16T06:53:14Z,KMIA,2026-08-18,ukmo_global_deterministic_10km,93.7,83.3
106,2026-08-16T06:53:14Z,KMSP,2026-08-16,gfs_seamless,82.7,65.7
107,2026-08-16T06:53:14Z,KMSP,2026-08-17,gfs_seamless,85.8,60.7
108,2026-08-16T06:53:14Z,KMSP,2026-08-18,gfs_seamless,84.3,65.0
109,2026-08-16T06:53:14Z,KMSP,2026-08-16,icon_global,78.4,66.6
110,2026-08-16T06:53:14Z,KMSP,2026-08-17,icon_global,81.3,63.8
111,2026-08-16T06:53:14Z,KMSP,2026-08-18,icon_global,77.8,67.4
112,2026-08-16T06:53:14Z,KMSP,2026-08-16,gem_global,77.9,65.0
113,2026-08-16T06:53:14Z,KMSP,2026-08-17,gem_global,80.2,60.3
114,2026-08-16T06:53:14Z,KMSP,2026-08-18,gem_global,73.6,62.7
115,2026-08-16T06:53:14Z,KMSP,2026-08-16,ecmwf_ifs025,79.0,65.7
116,2026-08-16T06:53:14Z,KMSP,2026-08-17,ecmwf_ifs025,81.9,61.5
117,2026-08-16T06:53:14Z,KMSP,2026-08-18,ecmwf_ifs025,82.4,65.4
118,2026-08-16T06:53:14Z,KMSP,2026-08-16,ukmo_global_deterministic_10km,81.7,67.9
119,2026-08-16T06:53:14Z,KMSP,2026-08-17,ukmo_global_deterministic_10km,84.8,67.0
120,2026-08-16T06:53:14Z,KMSP,2026-08-18,ukmo_global_deterministic_10km,80.1,66.8
121,2026-08-16T06:53:14Z,KMSY,2026-08-16,gfs_seamless,100.3,78.5
122,2026-08-16T06:53:14Z,KMSY,2026-08-17,gfs_seamless,98.5,78.9
123,2026-08-16T06:53:14Z,KMSY,2026-08-18,gfs_seamless,97.3,78.2
124,2026-08-16T06:53:14Z,KMSY,2026-08-16,icon_global,95.8,78.7
125,2026-08-16T06:53:14Z,KMSY,2026-08-17,icon_global,96.9,80.1
126,2026-08-16T06:53:14Z,KMSY,2026-08-18,icon_global,95.5,81.3
127,2026-08-16T06:53:14Z,KMSY,2026-08-16,gem_global,96.0,80.2
128,2026-08-16T06:53:14Z,KMSY,2026-08-17,gem_global,94.9,80.9
129,2026-08-16T06:53:14Z,KMSY,2026-08-18,gem_global,96.5,80.8
130,2026-08-16T06:53:14Z,KMSY,2026-08-16,ecmwf_ifs025,95.4,81.9
131,2026-08-16T06:53:14Z,KMSY,2026-08-17,ecmwf_ifs025,93.6,81.3
132,2026-08-16T06:53:14Z,KMSY,2026-08-18,ecmwf_ifs025,92.5,80.8
133,2026-08-16T06:53:14Z,KMSY,2026-08-16,ukmo_global_deterministic_10km,95.5,83.2
134,2026-08-16T06:53:14Z,KMSY,2026-08-17,ukmo_global_deterministic_10km,99.2,83.2
135,2026-08-16T06:53:14Z,KMSY,2026-08-18,ukmo_global_deterministic_10km,99.8,83.4
136,2026-08-16T06:53:14Z,KNYC,2026-08-16,gfs_seamless,81.5,66.4
137,2026-08-16T06:53:14Z,KNYC,2026-08-17,gfs_seamless,85.6,68.6
138,2026-08-16T06:53:14Z,KNYC,2026-08-18,gfs_seamless,86.6,72.3
139,2026-08-16T06:53:14Z,KNYC,2026-08-16,icon_global,78.7,69.8
140,2026-08-16T06:53:14Z,KNYC,2026-08-17,icon_global,78.5,68.9
141,2026-08-16T06:53:14Z,KNYC,2026-08-18,icon_global,86.5,71.1
142,2026-08-16T06:53:14Z,KNYC,2026-08-16,gem_global,80.0,66.2
143,2026-08-16T06:53:14Z,KNYC,2026-08-17,gem_global,77.6,66.8
144,2026-08-16T06:53:14Z,KNYC,2026-08-18,gem_global,83.5,70.4
145,2026-08-16T06:53:14Z,KNYC,2026-08-16,ecmwf_ifs025,81.8,68.6
146,2026-08-16T06:53:14Z,KNYC,2026-08-17,ecmwf_ifs025,83.2,70.1
147,2026-08-16T06:53:14Z,KNYC,2026-08-18,ecmwf_ifs025,85.8,70.3
148,2026-08-16T06:53:14Z,KNYC,2026-08-16,ukmo_global_deterministic_10km,80.2,73.7
149,2026-08-16T06:53:14Z,KNYC,2026-08-17,ukmo_global_deterministic_10km,78.4,71.6
150,2026-08-16T06:53:14Z,KNYC,2026-08-18,ukmo_global_deterministic_10km,85.7,72.4
151,2026-08-16T06:53:14Z,KPHL,2026-08-16,gfs_seamless,83.2,67.1
152,2026-08-16T06:53:14Z,KPHL,2026-08-17,gfs_seamless,90.3,69.4
153,2026-08-16T06:53:14Z,KPHL,2026-08-18,gfs_seamless,87.7,72.0
154,2026-08-16T06:53:14Z,KPHL,2026-08-16,icon_global,78.2,70.0
155,2026-08-16T06:53:14Z,KPHL,2026-08-17,icon_global,87.2,71.9
156,2026-08-16T06:53:14Z,KPHL,2026-08-18,icon_global,87.4,73.9
157,2026-08-16T06:53:14Z,KPHL,2026-08-16,gem_global,80.9,67.3
158,2026-08-16T06:53:14Z,KPHL,2026-08-17,gem_global,86.4,68.7
159,2026-08-16T06:53:14Z,KPHL,2026-08-18,gem_global,84.5,69.0
160,2026-08-16T06:53:14Z,KPHL,2026-08-16,ecmwf_ifs025,84.0,69.6
161,2026-08-16T06:53:14Z,KPHL,2026-08-17,ecmwf_ifs025,88.0,70.2
162,2026-08-16T06:53:14Z,KPHL,2026-08-18,ecmwf_ifs025,86.2,70.9
163,2026-08-16T06:53:14Z,KPHL,2026-08-16,ukmo_global_deterministic_10km,82.4,70.5
164,2026-08-16T06:53:14Z,KPHL,2026-08-17,ukmo_global_deterministic_10km,88.2,70.4
165,2026-08-16T06:53:14Z,KPHL,2026-08-18,ukmo_global_deterministic_10km,85.9,74.1
166,2026-08-16T06:53:14Z,KPHX,2026-08-15,gfs_seamless,105.1,81.9
167,2026-08-16T06:53:14Z,KPHX,2026-08-16,gfs_seamless,109.5,84.1
168,2026-08-16T06:53:14Z,KPHX,2026-08-17,gfs_seamless,112.5,80.6
169,2026-08-16T06:53:14Z,KPHX,2026-08-15,icon_global,104.8,82.6
170,2026-08-16T06:53:14Z,KPHX,2026-08-16,icon_global,107.6,85.2
171,2026-08-16T06:53:14Z,KPHX,2026-08-17,icon_global,111.3,85.7
172,2026-08-16T06:53:14Z,KPHX,2026-08-15,gem_global,103.1,72.1
173,2026-08-16T06:53:14Z,KPHX,2026-08-16,gem_global,104.3,72.4
174,2026-08-16T06:53:14Z,KPHX,2026-08-17,gem_global,107.5,69.7
175,2026-08-16T06:53:14Z,KPHX,2026-08-15,ecmwf_ifs025,105.2,84.3
176,2026-08-16T06:53:14Z,KPHX,2026-08-16,ecmwf_ifs025,107.7,89.1
177,2026-08-16T06:53:14Z,KPHX,2026-08-17,ecmwf_ifs025,111.7,88.6
178,2026-08-16T06:53:14Z,KPHX,2026-08-15,ukmo_global_deterministic_10km,105.4,80.0
179,2026-08-16T06:53:14Z,KPHX,2026-08-16,ukmo_global_deterministic_10km,102.5,82.9
180,2026-08-16T06:53:14Z,KPHX,2026-08-17,ukmo_global_deterministic_10km,109.2,79.1
181,2026-08-16T06:53:14Z,KSAT,2026-08-16,gfs_seamless,99.9,75.6
182,2026-08-16T06:53:14Z,KSAT,2026-08-17,gfs_seamless,101.0,73.2
183,2026-08-16T06:53:14Z,KSAT,2026-08-18,gfs_seamless,101.3,77.7
184,2026-08-16T06:53:14Z,KSAT,2026-08-16,icon_global,98.6,77.8
185,2026-08-16T06:53:14Z,KSAT,2026-08-17,icon_global,100.8,76.8
186,2026-08-16T06:53:14Z,KSAT,2026-08-18,icon_global,99.9,76.4
187,2026-08-16T06:53:14Z,KSAT,2026-08-16,gem_global,96.2,72.1
188,2026-08-16T06:53:14Z,KSAT,2026-08-17,gem_global,96.5,72.6
189,2026-08-16T06:53:14Z,KSAT,2026-08-18,gem_global,96.4,70.2
190,2026-08-16T06:53:14Z,KSAT,2026-08-16,ecmwf_ifs025,98.8,76.7
191,2026-08-16T06:53:14Z,KSAT,2026-08-17,ecmwf_ifs025,99.1,76.5
192,2026-08-16T06:53:14Z,KSAT,2026-08-18,ecmwf_ifs025,99.4,78.3
193,2026-08-16T06:53:14Z,KSAT,2026-08-16,ukmo_global_deterministic_10km,99.0,77.9
194,2026-08-16T06:53:14Z,KSAT,2026-08-17,ukmo_global_deterministic_10km,100.2,77.0
195,2026-08-16T06:53:14Z,KSAT,2026-08-18,ukmo_global_deterministic_10km,97.7,78.8
211,2026-08-16T06:53:14Z,KSEA,2026-08-16,gfs_seamless,74.3,59.0
212,2026-08-16T06:53:14Z,KSEA,2026-08-17,gfs_seamless,81.5,56.7
213,2026-08-16T06:53:14Z,KSEA,2026-08-18,gfs_seamless,82.7,57.5
214,2026-08-16T06:53:14Z,KSEA,2026-08-16,icon_global,73.2,60.4
215,2026-08-16T06:53:14Z,KSEA,2026-08-17,icon_global,77.0,58.0
216,2026-08-16T06:53:14Z,KSEA,2026-08-18,icon_global,74.1,59.8
217,2026-08-16T06:53:14Z,KSEA,2026-08-16,gem_global,72.2,58.7
218,2026-08-16T06:53:14Z,KSEA,2026-08-17,gem_global,75.2,56.9
219,2026-08-16T06:53:14Z,KSEA,2026-08-18,gem_global,75.6,58.1
220,2026-08-16T06:53:14Z,KSEA,2026-08-16,ecmwf_ifs025,76.0,61.0
221,2026-08-16T06:53:14Z,KSEA,2026-08-17,ecmwf_ifs025,77.1,58.7
222,2026-08-16T06:53:14Z,KSEA,2026-08-18,ecmwf_ifs025,77.9,60.0
223,2026-08-16T06:53:14Z,KSEA,2026-08-16,ukmo_global_deterministic_10km,79.2,59.1
224,2026-08-16T06:53:14Z,KSEA,2026-08-17,ukmo_global_deterministic_10km,81.9,62.6
225,2026-08-16T06:53:14Z,KSEA,2026-08-18,ukmo_global_deterministic_10km,83.6,61.0
196,2026-08-16T06:53:14Z,KSFO,2026-08-15,gfs_seamless,68.7,56.3
197,2026-08-16T06:53:14Z,KSFO,2026-08-16,gfs_seamless,71.0,55.2
198,2026-08-16T06:53:14Z,KSFO,2026-08-17,gfs_seamless,67.0,53.2
199,2026-08-16T06:53:14Z,KSFO,2026-08-15,icon_global,69.0,60.5
200,2026-08-16T06:53:14Z,KSFO,2026-08-16,icon_global,73.8,59.0
201,2026-08-16T06:53:14Z,KSFO,2026-08-17,icon_global,71.5,58.7
202,2026-08-16T06:53:14Z,KSFO,2026-08-15,gem_global,64.1,58.7
203,2026-08-16T06:53:14Z,KSFO,2026-08-16,gem_global,66.6,58.6
204,2026-08-16T06:53:14Z,KSFO,2026-08-17,gem_global,64.9,58.4
205,2026-08-16T06:53:14Z,KSFO,2026-08-15,ecmwf_ifs025,65.2,58.6
206,2026-08-16T06:53:14Z,KSFO,2026-08-16,ecmwf_ifs025,67.2,57.8
207,2026-08-16T06:53:14Z,KSFO,2026-08-17,ecmwf_ifs025,66.3,57.7
208,2026-08-16T06:53:14Z,KSFO,2026-08-15,ukmo_global_deterministic_10km,68.4,59.3
209,2026-08-16T06:53:14Z,KSFO,2026-08-16,ukmo_global_deterministic_10km,77.6,56.5
210,2026-08-16T06:53:14Z,KSFO,2026-08-17,ukmo_global_deterministic_10km,69.2,57.6
1,2026-08-16T07:38:02Z,KATL,2026-08-16,gfs_seamless,96.8,74.7
2,2026-08-16T07:38:02Z,KATL,2026-08-17,gfs_seamless,99.5,74.7
3,2026-08-16T07:38:02Z,KATL,2026-08-18,gfs_seamless,102.1,77.8
4,2026-08-16T07:38:02Z,KATL,2026-08-16,icon_global,94.4,77.2
5,2026-08-16T07:38:02Z,KATL,2026-08-17,icon_global,99.8,76.9
6,2026-08-16T07:38:02Z,KATL,2026-08-18,icon_global,94.0,79.2
7,2026-08-16T07:38:02Z,KATL,2026-08-16,gem_global,93.6,76.3
8,2026-08-16T07:38:02Z,KATL,2026-08-17,gem_global,96.1,75.8
9,2026-08-16T07:38:02Z,KATL,2026-08-18,gem_global,90.9,78.3
10,2026-08-16T07:38:02Z,KATL,2026-08-16,ecmwf_ifs025,95.9,75.9
11,2026-08-16T07:38:02Z,KATL,2026-08-17,ecmwf_ifs025,98.6,77.1
12,2026-08-16T07:38:02Z,KATL,2026-08-18,ecmwf_ifs025,96.9,76.9
13,2026-08-16T07:38:02Z,KATL,2026-08-16,ukmo_global_deterministic_10km,94.6,79.7
14,2026-08-16T07:38:02Z,KATL,2026-08-17,ukmo_global_deterministic_10km,98.0,79.4
15,2026-08-16T07:38:02Z,KATL,2026-08-18,ukmo_global_deterministic_10km,97.4,81.2
16,2026-08-16T07:38:02Z,KAUS,2026-08-16,gfs_seamless,100.0,76.7
17,2026-08-16T07:38:02Z,KAUS,2026-08-17,gfs_seamless,101.8,75.4
18,2026-08-16T07:38:02Z,KAUS,2026-08-18,gfs_seamless,104.4,75.9
19,2026-08-16T07:38:02Z,KAUS,2026-08-16,icon_global,102.7,77.1
20,2026-08-16T07:38:02Z,KAUS,2026-08-17,icon_global,104.4,75.1
21,2026-08-16T07:38:02Z,KAUS,2026-08-18,icon_global,103.6,76.7
22,2026-08-16T07:38:02Z,KAUS,2026-08-16,gem_global,97.8,72.3
23,2026-08-16T07:38:02Z,KAUS,2026-08-17,gem_global,98.5,71.5
24,2026-08-16T07:38:02Z,KAUS,2026-08-18,gem_global,98.1,72.1
25,2026-08-16T07:38:02Z,KAUS,2026-08-16,ecmwf_ifs025,100.2,77.4
26,2026-08-16T07:38:02Z,KAUS,2026-08-17,ecmwf_ifs025,101.4,74.4
27,2026-08-16T07:38:02Z,KAUS,2026-08-18,ecmwf_ifs025,101.4,78.4
28,2026-08-16T07:38:02Z,KAUS,2026-08-16,ukmo_global_deterministic_10km,101.3,76.8
29,2026-08-16T07:38:02Z,KAUS,2026-08-17,ukmo_global_deterministic_10km,101.9,76.3
30,2026-08-16T07:38:02Z,KAUS,2026-08-18,ukmo_global_deterministic_10km,100.4,78.6
31,2026-08-16T07:38:02Z,KBOS,2026-08-16,gfs_seamless,79.5,56.4
32,2026-08-16T07:38:02Z,KBOS,2026-08-17,gfs_seamless,74.3,65.6
33,2026-08-16T07:38:02Z,KBOS,2026-08-18,gfs_seamless,73.1,66.9
34,2026-08-16T07:38:02Z,KBOS,2026-08-16,icon_global,78.3,60.5
35,2026-08-16T07:38:02Z,KBOS,2026-08-17,icon_global,69.7,66.5
36,2026-08-16T07:38:02Z,KBOS,2026-08-18,icon_global,81.9,65.0
37,2026-08-16T07:38:02Z,KBOS,2026-08-16,gem_global,74.3,60.3
38,2026-08-16T07:38:02Z,KBOS,2026-08-17,gem_global,71.2,66.7
39,2026-08-16T07:38:02Z,KBOS,2026-08-18,gem_global,73.2,67.2
40,2026-08-16T07:38:02Z,KBOS,2026-08-16,ecmwf_ifs025,80.2,61.2
41,2026-08-16T07:38:02Z,KBOS,2026-08-17,ecmwf_ifs025,76.2,67.3
42,2026-08-16T07:38:02Z,KBOS,2026-08-18,ecmwf_ifs025,75.6,67.9
43,2026-08-16T07:38:02Z,KBOS,2026-08-16,ukmo_global_deterministic_10km,82.7,64.7
44,2026-08-16T07:38:02Z,KBOS,2026-08-17,ukmo_global_deterministic_10km,79.0,71.1
45,2026-08-16T07:38:02Z,KBOS,2026-08-18,ukmo_global_deterministic_10km,76.5,68.0
211,2026-08-16T07:38:02Z,KDCA,2026-08-16,gfs_seamless,85.4,73.6
212,2026-08-16T07:38:02Z,KDCA,2026-08-17,gfs_seamless,87.6,73.3
213,2026-08-16T07:38:02Z,KDCA,2026-08-18,gfs_seamless,88.6,72.6
214,2026-08-16T07:38:02Z,KDCA,2026-08-16,icon_global,80.6,75.6
215,2026-08-16T07:38:02Z,KDCA,2026-08-17,icon_global,91.7,76.7
216,2026-08-16T07:38:02Z,KDCA,2026-08-18,icon_global,88.0,75.7
217,2026-08-16T07:38:02Z,KDCA,2026-08-16,gem_global,80.2,73.4
218,2026-08-16T07:38:02Z,KDCA,2026-08-17,gem_global,85.9,72.3
219,2026-08-16T07:38:02Z,KDCA,2026-08-18,gem_global,84.0,71.2
220,2026-08-16T07:38:02Z,KDCA,2026-08-16,ecmwf_ifs025,78.8,72.9
221,2026-08-16T07:38:02Z,KDCA,2026-08-17,ecmwf_ifs025,90.0,73.5
222,2026-08-16T07:38:02Z,KDCA,2026-08-18,ecmwf_ifs025,86.1,72.5
223,2026-08-16T07:38:02Z,KDCA,2026-08-16,ukmo_global_deterministic_10km,82.2,75.0
224,2026-08-16T07:38:02Z,KDCA,2026-08-17,ukmo_global_deterministic_10km,92.2,75.8
225,2026-08-16T07:38:02Z,KDCA,2026-08-18,ukmo_global_deterministic_10km,86.6,72.4
61,2026-08-16T07:38:02Z,KDEN,2026-08-16,gfs_seamless,85.1,59.1
62,2026-08-16T07:38:02Z,KDEN,2026-08-17,gfs_seamless,90.2,58.3
63,2026-08-16T07:38:02Z,KDEN,2026-08-18,gfs_seamless,93.8,68.6
64,2026-08-16T07:38:02Z,KDEN,2026-08-16,icon_global,83.1,61.1
65,2026-08-16T07:38:02Z,KDEN,2026-08-17,icon_global,88.0,61.6
66,2026-08-16T07:38:02Z,KDEN,2026-08-18,icon_global,93.1,67.5
67,2026-08-16T07:38:02Z,KDEN,2026-08-16,gem_global,79.7,55.3
68,2026-08-16T07:38:02Z,KDEN,2026-08-17,gem_global,87.5,54.2
69,2026-08-16T07:38:02Z,KDEN,2026-08-18,gem_global,91.7,59.2
70,2026-08-16T07:38:02Z,KDEN,2026-08-16,ecmwf_ifs025,79.1,57.8
71,2026-08-16T07:38:02Z,KDEN,2026-08-17,ecmwf_ifs025,88.3,60.2
72,2026-08-16T07:38:02Z,KDEN,2026-08-18,ecmwf_ifs025,90.6,63.9
73,2026-08-16T07:38:02Z,KDEN,2026-08-16,ukmo_global_deterministic_10km,81.5,57.2
74,2026-08-16T07:38:02Z,KDEN,2026-08-17,ukmo_global_deterministic_10km,86.4,61.7
75,2026-08-16T07:38:02Z,KDEN,2026-08-18,ukmo_global_deterministic_10km,88.1,64.8
46,2026-08-16T07:38:02Z,KDFW,2026-08-16,gfs_seamless,103.3,81.3
47,2026-08-16T07:38:02Z,KDFW,2026-08-17,gfs_seamless,106.1,79.3
48,2026-08-16T07:38:02Z,KDFW,2026-08-18,gfs_seamless,108.4,87.0
49,2026-08-16T07:38:02Z,KDFW,2026-08-16,icon_global,103.2,83.6
50,2026-08-16T07:38:02Z,KDFW,2026-08-17,icon_global,105.0,82.2
51,2026-08-16T07:38:02Z,KDFW,2026-08-18,icon_global,106.5,83.6
52,2026-08-16T07:38:02Z,KDFW,2026-08-16,gem_global,100.3,82.8
53,2026-08-16T07:38:02Z,KDFW,2026-08-17,gem_global,102.0,77.5
54,2026-08-16T07:38:02Z,KDFW,2026-08-18,gem_global,101.6,78.6
55,2026-08-16T07:38:02Z,KDFW,2026-08-16,ecmwf_ifs025,102.5,83.6
56,2026-08-16T07:38:02Z,KDFW,2026-08-17,ecmwf_ifs025,104.9,82.8
57,2026-08-16T07:38:02Z,KDFW,2026-08-18,ecmwf_ifs025,105.1,84.7
58,2026-08-16T07:38:02Z,KDFW,2026-08-16,ukmo_global_deterministic_10km,102.8,84.3
59,2026-08-16T07:38:02Z,KDFW,2026-08-17,ukmo_global_deterministic_10km,104.0,85.3
60,2026-08-16T07:38:02Z,KDFW,2026-08-18,ukmo_global_deterministic_10km,104.8,86.3
76,2026-08-16T07:38:02Z,KIAH,2026-08-16,gfs_seamless,99.5,74.8
77,2026-08-16T07:38:02Z,KIAH,2026-08-17,gfs_seamless,99.5,74.6
78,2026-08-16T07:38:02Z,KIAH,2026-08-18,gfs_seamless,99.8,81.8
79,2026-08-16T07:38:02Z,KIAH,2026-08-16,icon_global,95.8,75.8
80,2026-08-16T07:38:02Z,KIAH,2026-08-17,icon_global,97.4,73.3
81,2026-08-16T07:38:02Z,KIAH,2026-08-18,icon_global,95.6,75.0
82,2026-08-16T07:38:02Z,KIAH,2026-08-16,gem_global,96.2,74.3
83,2026-08-16T07:38:02Z,KIAH,2026-08-17,gem_global,96.3,71.9
84,2026-08-16T07:38:02Z,KIAH,2026-08-18,gem_global,98.0,72.8
85,2026-08-16T07:38:02Z,KIAH,2026-08-16,ecmwf_ifs025,95.5,75.9
86,2026-08-16T07:38:02Z,KIAH,2026-08-17,ecmwf_ifs025,96.3,75.0
87,2026-08-16T07:38:02Z,KIAH,2026-08-18,ecmwf_ifs025,97.2,77.8
88,2026-08-16T07:38:02Z,KIAH,2026-08-16,ukmo_global_deterministic_10km,96.9,78.1
89,2026-08-16T07:38:02Z,KIAH,2026-08-17,ukmo_global_deterministic_10km,97.3,78.3
90,2026-08-16T07:38:02Z,KIAH,2026-08-18,ukmo_global_deterministic_10km,97.8,80.2
91,2026-08-16T07:38:02Z,KLAX,2026-08-16,gfs_seamless,76.6,62.1
92,2026-08-16T07:38:02Z,KLAX,2026-08-17,gfs_seamless,78.4,63.4
93,2026-08-16T07:38:02Z,KLAX,2026-08-18,gfs_seamless,85.8,73.2
94,2026-08-16T07:38:02Z,KLAX,2026-08-16,icon_global,79.5,64.8
95,2026-08-16T07:38:02Z,KLAX,2026-08-17,icon_global,82.4,63.3
96,2026-08-16T07:38:02Z,KLAX,2026-08-18,icon_global,86.4,65.7
97,2026-08-16T07:38:02Z,KLAX,2026-08-16,gem_global,76.9,61.9
98,2026-08-16T07:38:02Z,KLAX,2026-08-17,gem_global,77.0,62.9
99,2026-08-16T07:38:02Z,KLAX,2026-08-18,gem_global,78.7,63.9
100,2026-08-16T07:38:02Z,KLAX,2026-08-16,ecmwf_ifs025,85.6,66.5
101,2026-08-16T07:38:02Z,KLAX,2026-08-17,ecmwf_ifs025,86.6,67.4
102,2026-08-16T07:38:02Z,KLAX,2026-08-18,ecmwf_ifs025,90.2,67.4
103,2026-08-16T07:38:02Z,KLAX,2026-08-16,ukmo_global_deterministic_10km,73.0,66.4
104,2026-08-16T07:38:02Z,KLAX,2026-08-17,ukmo_global_deterministic_10km,72.9,66.5
105,2026-08-16T07:38:02Z,KLAX,2026-08-18,ukmo_global_deterministic_10km,74.6,65.6
106,2026-08-16T07:38:02Z,KMIA,2026-08-16,gfs_seamless,92.2,80.2
107,2026-08-16T07:38:02Z,KMIA,2026-08-17,gfs_seamless,95.7,78.8
108,2026-08-16T07:38:02Z,KMIA,2026-08-18,gfs_seamless,100.0,85.2
109,2026-08-16T07:38:02Z,KMIA,2026-08-16,icon_global,93.7,82.1
110,2026-08-16T07:38:02Z,KMIA,2026-08-17,icon_global,96.9,76.9
111,2026-08-16T07:38:02Z,KMIA,2026-08-18,icon_global,100.5,77.6
112,2026-08-16T07:38:02Z,KMIA,2026-08-16,gem_global,92.2,80.3
113,2026-08-16T07:38:02Z,KMIA,2026-08-17,gem_global,94.7,78.9
114,2026-08-16T07:38:02Z,KMIA,2026-08-18,gem_global,97.8,77.1
115,2026-08-16T07:38:02Z,KMIA,2026-08-16,ecmwf_ifs025,91.2,82.0
116,2026-08-16T07:38:02Z,KMIA,2026-08-17,ecmwf_ifs025,93.2,79.6
117,2026-08-16T07:38:02Z,KMIA,2026-08-18,ecmwf_ifs025,95.2,79.1
118,2026-08-16T07:38:02Z,KMIA,2026-08-16,ukmo_global_deterministic_10km,93.9,83.8
119,2026-08-16T07:38:02Z,KMIA,2026-08-17,ukmo_global_deterministic_10km,98.2,82.2
120,2026-08-16T07:38:02Z,KMIA,2026-08-18,ukmo_global_deterministic_10km,93.7,83.3
121,2026-08-16T07:38:02Z,KMSP,2026-08-16,gfs_seamless,82.5,65.4
122,2026-08-16T07:38:02Z,KMSP,2026-08-17,gfs_seamless,85.8,60.7
123,2026-08-16T07:38:02Z,KMSP,2026-08-18,gfs_seamless,84.3,65.0
124,2026-08-16T07:38:02Z,KMSP,2026-08-16,icon_global,78.4,66.6
125,2026-08-16T07:38:02Z,KMSP,2026-08-17,icon_global,81.3,63.8
126,2026-08-16T07:38:02Z,KMSP,2026-08-18,icon_global,77.8,67.4
127,2026-08-16T07:38:02Z,KMSP,2026-08-16,gem_global,77.9,65.0
128,2026-08-16T07:38:02Z,KMSP,2026-08-17,gem_global,80.2,60.3
129,2026-08-16T07:38:02Z,KMSP,2026-08-18,gem_global,73.6,62.7
130,2026-08-16T07:38:02Z,KMSP,2026-08-16,ecmwf_ifs025,79.0,65.7
131,2026-08-16T07:38:02Z,KMSP,2026-08-17,ecmwf_ifs025,81.9,61.5
132,2026-08-16T07:38:02Z,KMSP,2026-08-18,ecmwf_ifs025,82.4,65.4
133,2026-08-16T07:38:02Z,KMSP,2026-08-16,ukmo_global_deterministic_10km,81.7,67.9
134,2026-08-16T07:38:02Z,KMSP,2026-08-17,ukmo_global_deterministic_10km,84.8,67.0
135,2026-08-16T07:38:02Z,KMSP,2026-08-18,ukmo_global_deterministic_10km,80.1,66.8
136,2026-08-16T07:38:02Z,KNYC,2026-08-16,gfs_seamless,81.5,66.5
137,2026-08-16T07:38:02Z,KNYC,2026-08-17,gfs_seamless,85.6,68.6
138,2026-08-16T07:38:02Z,KNYC,2026-08-18,gfs_seamless,86.6,72.3
139,2026-08-16T07:38:02Z,KNYC,2026-08-16,icon_global,78.7,69.8
140,2026-08-16T07:38:02Z,KNYC,2026-08-17,icon_global,78.5,68.9
141,2026-08-16T07:38:02Z,KNYC,2026-08-18,icon_global,86.5,71.1
142,2026-08-16T07:38:02Z,KNYC,2026-08-16,gem_global,80.0,66.2
143,2026-08-16T07:38:02Z,KNYC,2026-08-17,gem_global,77.6,66.8
144,2026-08-16T07:38:02Z,KNYC,2026-08-18,gem_global,83.5,70.4
145,2026-08-16T07:38:02Z,KNYC,2026-08-16,ecmwf_ifs025,81.8,68.6
146,2026-08-16T07:38:02Z,KNYC,2026-08-17,ecmwf_ifs025,83.2,70.1
147,2026-08-16T07:38:02Z,KNYC,2026-08-18,ecmwf_ifs025,85.8,70.3
148,2026-08-16T07:38:02Z,KNYC,2026-08-16,ukmo_global_deterministic_10km,80.2,73.7
149,2026-08-16T07:38:02Z,KNYC,2026-08-17,ukmo_global_deterministic_10km,78.4,71.6
150,2026-08-16T07:38:02Z,KNYC,2026-08-18,ukmo_global_deterministic_10km,85.7,72.4
151,2026-08-16T07:38:02Z,KOKC,2026-08-16,gfs_seamless,103.5,80.2
152,2026-08-16T07:38:02Z,KOKC,2026-08-17,gfs_seamless,98.5,76.0
153,2026-08-16T07:38:02Z,KOKC,2026-08-18,gfs_seamless,111.4,73.0
154,2026-08-16T07:38:02Z,KOKC,2026-08-16,icon_global,104.5,80.5
155,2026-08-16T07:38:02Z,KOKC,2026-08-17,icon_global,98.0,78.0
156,2026-08-16T07:38:02Z,KOKC,2026-08-18,icon_global,102.1,76.4
157,2026-08-16T07:38:02Z,KOKC,2026-08-16,gem_global,102.8,85.5
158,2026-08-16T07:38:02Z,KOKC,2026-08-17,gem_global,97.5,75.4
159,2026-08-16T07:38:02Z,KOKC,2026-08-18,gem_global,104.6,79.2
160,2026-08-16T07:38:02Z,KOKC,2026-08-16,ecmwf_ifs025,103.2,84.4
161,2026-08-16T07:38:02Z,KOKC,2026-08-17,ecmwf_ifs025,99.3,81.0
162,2026-08-16T07:38:02Z,KOKC,2026-08-18,ecmwf_ifs025,107.2,78.7
163,2026-08-16T07:38:02Z,KOKC,2026-08-16,ukmo_global_deterministic_10km,102.7,84.0
164,2026-08-16T07:38:02Z,KOKC,2026-08-17,ukmo_global_deterministic_10km,100.5,77.6
165,2026-08-16T07:38:02Z,KOKC,2026-08-18,ukmo_global_deterministic_10km,106.4,83.6
166,2026-08-16T07:38:02Z,KPHL,2026-08-16,gfs_seamless,83.4,67.3
167,2026-08-16T07:38:02Z,KPHL,2026-08-17,gfs_seamless,90.3,69.4
168,2026-08-16T07:38:02Z,KPHL,2026-08-18,gfs_seamless,87.7,72.0
169,2026-08-16T07:38:02Z,KPHL,2026-08-16,icon_global,78.2,70.0
170,2026-08-16T07:38:02Z,KPHL,2026-08-17,icon_global,87.2,71.9
171,2026-08-16T07:38:02Z,KPHL,2026-08-18,icon_global,87.4,73.9
172,2026-08-16T07:38:02Z,KPHL,2026-08-16,gem_global,80.9,67.3
173,2026-08-16T07:38:02Z,KPHL,2026-08-17,gem_global,86.4,68.7
174,2026-08-16T07:38:02Z,KPHL,2026-08-18,gem_global,84.5,69.0
175,2026-08-16T07:38:02Z,KPHL,2026-08-16,ecmwf_ifs025,84.0,69.6
176,2026-08-16T07:38:02Z,KPHL,2026-08-17,ecmwf_ifs025,88.0,70.2
177,2026-08-16T07:38:02Z,KPHL,2026-08-18,ecmwf_ifs025,86.2,70.9
178,2026-08-16T07:38:02Z,KPHL,2026-08-16,ukmo_global_deterministic_10km,82.4,70.5
179,2026-08-16T07:38:02Z,KPHL,2026-08-17,ukmo_global_deterministic_10km,88.2,70.4
180,2026-08-16T07:38:02Z,KPHL,2026-08-18,ukmo_global_deterministic_10km,85.9,74.1
181,2026-08-16T07:38:02Z,KSAT,2026-08-16,gfs_seamless,100.0,76.9
182,2026-08-16T07:38:02Z,KSAT,2026-08-17,gfs_seamless,101.0,73.2
183,2026-08-16T07:38:02Z,KSAT,2026-08-18,gfs_seamless,101.3,77.7
184,2026-08-16T07:38:02Z,KSAT,2026-08-16,icon_global,98.6,77.8
185,2026-08-16T07:38:02Z,KSAT,2026-08-17,icon_global,100.8,76.8
186,2026-08-16T07:38:02Z,KSAT,2026-08-18,icon_global,99.9,76.4
187,2026-08-16T07:38:02Z,KSAT,2026-08-16,gem_global,96.2,72.1
188,2026-08-16T07:38:02Z,KSAT,2026-08-17,gem_global,96.5,72.6
189,2026-08-16T07:38:02Z,KSAT,2026-08-18,gem_global,96.4,70.2
190,2026-08-16T07:38:02Z,KSAT,2026-08-16,ecmwf_ifs025,98.8,76.7
191,2026-08-16T07:38:02Z,KSAT,2026-08-17,ecmwf_ifs025,99.1,76.5
192,2026-08-16T07:38:02Z,KSAT,2026-08-18,ecmwf_ifs025,99.4,78.3
193,2026-08-16T07:38:02Z,KSAT,2026-08-16,ukmo_global_deterministic_10km,99.0,77.9
194,2026-08-16T07:38:02Z,KSAT,2026-08-17,ukmo_global_deterministic_10km,100.2,77.0
195,2026-08-16T07:38:02Z,KSAT,2026-08-18,ukmo_global_deterministic_10km,97.7,78.8
196,2026-08-16T07:38:02Z,KSEA,2026-08-16,gfs_seamless,74.7,58.5
197,2026-08-16T07:38:02Z,KSEA,2026-08-17,gfs_seamless,81.5,56.7
198,2026-08-16T07:38:02Z,KSEA,2026-08-18,gfs_seamless,82.7,57.5
199,2026-08-16T07:38:02Z,KSEA,2026-08-16,icon_global,73.2,60.4
200,2026-08-16T07:38:02Z,KSEA,2026-08-17,icon_global,77.0,58.0
201,2026-08-16T07:38:02Z,KSEA,2026-08-18,icon_global,74.1,59.8
202,2026-08-16T07:38:02Z,KSEA,2026-08-16,gem_global,72.2,58.7
203,2026-08-16T07:38:02Z,KSEA,2026-08-17,gem_global,75.2,56.9
204,2026-08-16T07:38:02Z,KSEA,2026-08-18,gem_global,75.6,58.1
205,2026-08-16T07:38:02Z,KSEA,2026-08-16,ecmwf_ifs025,76.0,61.0
206,2026-08-16T07:38:02Z,KSEA,2026-08-17,ecmwf_ifs025,77.1,58.7
207,2026-08-16T07:38:02Z,KSEA,2026-08-18,ecmwf_ifs025,77.9,60.0
208,2026-08-16T07:38:02Z,KSEA,2026-08-16,ukmo_global_deterministic_10km,79.2,59.1
209,2026-08-16T07:38:02Z,KSEA,2026-08-17,ukmo_global_deterministic_10km,81.9,62.6
210,2026-08-16T07:38:02Z,KSEA,2026-08-18,ukmo_global_deterministic_10km,83.6,61.0
1,2026-08-16T08:39:34Z,KATL,2026-08-16,gfs_seamless,96.4,75.9
2,2026-08-16T08:39:34Z,KATL,2026-08-17,gfs_seamless,99.3,75.2
3,2026-08-16T08:39:34Z,KATL,2026-08-18,gfs_seamless,102.1,77.8
4,2026-08-16T08:39:34Z,KATL,2026-08-16,icon_global,94.4,77.2
5,2026-08-16T08:39:34Z,KATL,2026-08-17,icon_global,99.8,76.9
6,2026-08-16T08:39:34Z,KATL,2026-08-18,icon_global,94.0,79.2
7,2026-08-16T08:39:34Z,KATL,2026-08-16,gem_global,93.6,76.3
8,2026-08-16T08:39:34Z,KATL,2026-08-17,gem_global,96.1,75.8
9,2026-08-16T08:39:34Z,KATL,2026-08-18,gem_global,90.9,78.3
10,2026-08-16T08:39:34Z,KATL,2026-08-16,ecmwf_ifs025,95.9,75.9
11,2026-08-16T08:39:34Z,KATL,2026-08-17,ecmwf_ifs025,98.6,77.1
12,2026-08-16T08:39:34Z,KATL,2026-08-18,ecmwf_ifs025,96.9,76.9
13,2026-08-16T08:39:34Z,KATL,2026-08-16,ukmo_global_deterministic_10km,94.6,79.7
14,2026-08-16T08:39:34Z,KATL,2026-08-17,ukmo_global_deterministic_10km,98.0,79.4
15,2026-08-16T08:39:34Z,KATL,2026-08-18,ukmo_global_deterministic_10km,97.4,81.2
16,2026-08-16T08:39:34Z,KAUS,2026-08-16,gfs_seamless,100.2,74.8
17,2026-08-16T08:39:34Z,KAUS,2026-08-17,gfs_seamless,101.2,76.1
18,2026-08-16T08:39:34Z,KAUS,2026-08-18,gfs_seamless,104.4,75.9
19,2026-08-16T08:39:34Z,KAUS,2026-08-16,icon_global,102.7,77.1
20,2026-08-16T08:39:34Z,KAUS,2026-08-17,icon_global,104.4,75.1
21,2026-08-16T08:39:34Z,KAUS,2026-08-18,icon_global,103.6,76.7
22,2026-08-16T08:39:34Z,KAUS,2026-08-16,gem_global,97.8,72.3
23,2026-08-16T08:39:34Z,KAUS,2026-08-17,gem_global,98.5,71.5
24,2026-08-16T08:39:34Z,KAUS,2026-08-18,gem_global,98.1,72.1
25,2026-08-16T08:39:34Z,KAUS,2026-08-16,ecmwf_ifs025,100.2,77.4
26,2026-08-16T08:39:34Z,KAUS,2026-08-17,ecmwf_ifs025,101.4,74.4
27,2026-08-16T08:39:34Z,KAUS,2026-08-18,ecmwf_ifs025,101.4,78.4
28,2026-08-16T08:39:34Z,KAUS,2026-08-16,ukmo_global_deterministic_10km,101.3,76.8
29,2026-08-16T08:39:34Z,KAUS,2026-08-17,ukmo_global_deterministic_10km,101.9,76.3
30,2026-08-16T08:39:34Z,KAUS,2026-08-18,ukmo_global_deterministic_10km,100.4,78.6
31,2026-08-16T08:39:34Z,KBOS,2026-08-16,gfs_seamless,79.4,55.4
32,2026-08-16T08:39:34Z,KBOS,2026-08-17,gfs_seamless,73.3,66.9
33,2026-08-16T08:39:34Z,KBOS,2026-08-18,gfs_seamless,73.1,66.9
34,2026-08-16T08:39:34Z,KBOS,2026-08-16,icon_global,78.3,60.5
35,2026-08-16T08:39:34Z,KBOS,2026-08-17,icon_global,69.7,66.5
36,2026-08-16T08:39:34Z,KBOS,2026-08-18,icon_global,81.9,65.0
37,2026-08-16T08:39:34Z,KBOS,2026-08-16,gem_global,74.3,60.3
38,2026-08-16T08:39:34Z,KBOS,2026-08-17,gem_global,71.2,66.7
39,2026-08-16T08:39:34Z,KBOS,2026-08-18,gem_global,73.2,67.2
40,2026-08-16T08:39:34Z,KBOS,2026-08-16,ecmwf_ifs025,80.2,61.2
41,2026-08-16T08:39:34Z,KBOS,2026-08-17,ecmwf_ifs025,76.2,67.3
42,2026-08-16T08:39:34Z,KBOS,2026-08-18,ecmwf_ifs025,75.6,67.9
43,2026-08-16T08:39:34Z,KBOS,2026-08-16,ukmo_global_deterministic_10km,82.7,64.7
44,2026-08-16T08:39:34Z,KBOS,2026-08-17,ukmo_global_deterministic_10km,79.0,71.1
45,2026-08-16T08:39:34Z,KBOS,2026-08-18,ukmo_global_deterministic_10km,76.5,68.0
211,2026-08-16T08:39:34Z,KDCA,2026-08-16,gfs_seamless,82.3,72.2
212,2026-08-16T08:39:34Z,KDCA,2026-08-17,gfs_seamless,87.9,74.2
213,2026-08-16T08:39:34Z,KDCA,2026-08-18,gfs_seamless,88.6,72.6
214,2026-08-16T08:39:34Z,KDCA,2026-08-16,icon_global,80.6,75.6
215,2026-08-16T08:39:34Z,KDCA,2026-08-17,icon_global,91.7,76.7
216,2026-08-16T08:39:34Z,KDCA,2026-08-18,icon_global,88.0,75.7
217,2026-08-16T08:39:34Z,KDCA,2026-08-16,gem_global,80.2,73.4
218,2026-08-16T08:39:34Z,KDCA,2026-08-17,gem_global,85.9,72.3
219,2026-08-16T08:39:34Z,KDCA,2026-08-18,gem_global,84.0,71.2
220,2026-08-16T08:39:34Z,KDCA,2026-08-16,ecmwf_ifs025,78.2,74.1
221,2026-08-16T08:39:34Z,KDCA,2026-08-17,ecmwf_ifs025,88.6,73.1
222,2026-08-16T08:39:34Z,KDCA,2026-08-18,ecmwf_ifs025,85.8,72.7
223,2026-08-16T08:39:34Z,KDCA,2026-08-16,ukmo_global_deterministic_10km,82.4,75.8
224,2026-08-16T08:39:34Z,KDCA,2026-08-17,ukmo_global_deterministic_10km,92.1,76.3
225,2026-08-16T08:39:34Z,KDCA,2026-08-18,ukmo_global_deterministic_10km,89.0,79.3
61,2026-08-16T08:39:34Z,KDEN,2026-08-16,gfs_seamless,83.9,60.0
62,2026-08-16T08:39:34Z,KDEN,2026-08-17,gfs_seamless,91.4,60.2
63,2026-08-16T08:39:34Z,KDEN,2026-08-18,gfs_seamless,93.8,68.6
64,2026-08-16T08:39:34Z,KDEN,2026-08-16,icon_global,83.1,61.1
65,2026-08-16T08:39:34Z,KDEN,2026-08-17,icon_global,88.0,61.6
66,2026-08-16T08:39:34Z,KDEN,2026-08-18,icon_global,93.1,67.5
67,2026-08-16T08:39:34Z,KDEN,2026-08-16,gem_global,79.7,55.3
68,2026-08-16T08:39:34Z,KDEN,2026-08-17,gem_global,87.5,54.2
69,2026-08-16T08:39:34Z,KDEN,2026-08-18,gem_global,91.7,59.2
70,2026-08-16T08:39:34Z,KDEN,2026-08-16,ecmwf_ifs025,79.1,57.8
71,2026-08-16T08:39:34Z,KDEN,2026-08-17,ecmwf_ifs025,88.3,60.2
72,2026-08-16T08:39:34Z,KDEN,2026-08-18,ecmwf_ifs025,90.6,63.9
73,2026-08-16T08:39:34Z,KDEN,2026-08-16,ukmo_global_deterministic_10km,81.6,58.5
74,2026-08-16T08:39:34Z,KDEN,2026-08-17,ukmo_global_deterministic_10km,86.5,62.5
75,2026-08-16T08:39:34Z,KDEN,2026-08-18,ukmo_global_deterministic_10km,88.0,64.5
46,2026-08-16T08:39:34Z,KDFW,2026-08-16,gfs_seamless,104.2,82.2
47,2026-08-16T08:39:34Z,KDFW,2026-08-17,gfs_seamless,105.9,80.1
48,2026-08-16T08:39:34Z,KDFW,2026-08-18,gfs_seamless,108.4,87.0
49,2026-08-16T08:39:34Z,KDFW,2026-08-16,icon_global,103.2,83.6
50,2026-08-16T08:39:34Z,KDFW,2026-08-17,icon_global,105.0,82.2
51,2026-08-16T08:39:34Z,KDFW,2026-08-18,icon_global,106.5,83.6
52,2026-08-16T08:39:34Z,KDFW,2026-08-16,gem_global,100.3,82.8
53,2026-08-16T08:39:34Z,KDFW,2026-08-17,gem_global,102.0,77.5
54,2026-08-16T08:39:34Z,KDFW,2026-08-18,gem_global,101.6,78.6
55,2026-08-16T08:39:34Z,KDFW,2026-08-16,ecmwf_ifs025,102.5,83.6
56,2026-08-16T08:39:34Z,KDFW,2026-08-17,ecmwf_ifs025,104.9,82.8
57,2026-08-16T08:39:34Z,KDFW,2026-08-18,ecmwf_ifs025,105.1,84.7
58,2026-08-16T08:39:34Z,KDFW,2026-08-16,ukmo_global_deterministic_10km,103.0,83.9
59,2026-08-16T08:39:34Z,KDFW,2026-08-17,ukmo_global_deterministic_10km,103.8,84.9
60,2026-08-16T08:39:34Z,KDFW,2026-08-18,ukmo_global_deterministic_10km,105.5,87.4
76,2026-08-16T08:39:34Z,KIAH,2026-08-16,gfs_seamless,99.6,75.3
77,2026-08-16T08:39:34Z,KIAH,2026-08-17,gfs_seamless,99.4,75.3
78,2026-08-16T08:39:34Z,KIAH,2026-08-18,gfs_seamless,99.8,81.8
79,2026-08-16T08:39:34Z,KIAH,2026-08-16,icon_global,95.8,75.8
80,2026-08-16T08:39:34Z,KIAH,2026-08-17,icon_global,97.4,73.3
81,2026-08-16T08:39:34Z,KIAH,2026-08-18,icon_global,95.6,75.0
82,2026-08-16T08:39:34Z,KIAH,2026-08-16,gem_global,96.2,74.3
83,2026-08-16T08:39:34Z,KIAH,2026-08-17,gem_global,96.3,71.9
84,2026-08-16T08:39:34Z,KIAH,2026-08-18,gem_global,98.0,72.8
85,2026-08-16T08:39:34Z,KIAH,2026-08-16,ecmwf_ifs025,95.5,75.9
86,2026-08-16T08:39:34Z,KIAH,2026-08-17,ecmwf_ifs025,96.3,75.0
87,2026-08-16T08:39:34Z,KIAH,2026-08-18,ecmwf_ifs025,97.2,77.8
88,2026-08-16T08:39:34Z,KIAH,2026-08-16,ukmo_global_deterministic_10km,96.4,77.5
89,2026-08-16T08:39:34Z,KIAH,2026-08-17,ukmo_global_deterministic_10km,97.7,76.7
90,2026-08-16T08:39:34Z,KIAH,2026-08-18,ukmo_global_deterministic_10km,97.3,81.0
91,2026-08-16T08:39:34Z,KLAX,2026-08-16,gfs_seamless,77.4,61.2
92,2026-08-16T08:39:34Z,KLAX,2026-08-17,gfs_seamless,77.2,62.6
93,2026-08-16T08:39:34Z,KLAX,2026-08-18,gfs_seamless,85.8,73.2
94,2026-08-16T08:39:34Z,KLAX,2026-08-16,icon_global,79.5,64.8
95,2026-08-16T08:39:34Z,KLAX,2026-08-17,icon_global,82.4,63.3
96,2026-08-16T08:39:34Z,KLAX,2026-08-18,icon_global,86.4,65.7
97,2026-08-16T08:39:34Z,KLAX,2026-08-16,gem_global,76.9,61.9
98,2026-08-16T08:39:34Z,KLAX,2026-08-17,gem_global,77.0,62.9
99,2026-08-16T08:39:34Z,KLAX,2026-08-18,gem_global,78.7,63.9
100,2026-08-16T08:39:34Z,KLAX,2026-08-16,ecmwf_ifs025,84.9,66.9
101,2026-08-16T08:39:34Z,KLAX,2026-08-17,ecmwf_ifs025,88.3,66.3
102,2026-08-16T08:39:34Z,KLAX,2026-08-18,ecmwf_ifs025,89.8,67.5
103,2026-08-16T08:39:34Z,KLAX,2026-08-16,ukmo_global_deterministic_10km,73.5,66.8
104,2026-08-16T08:39:34Z,KLAX,2026-08-17,ukmo_global_deterministic_10km,73.8,66.1
105,2026-08-16T08:39:34Z,KLAX,2026-08-18,ukmo_global_deterministic_10km,75.3,66.8
106,2026-08-16T08:39:34Z,KMIA,2026-08-16,gfs_seamless,91.2,80.7
107,2026-08-16T08:39:34Z,KMIA,2026-08-17,gfs_seamless,93.6,77.5
108,2026-08-16T08:39:34Z,KMIA,2026-08-18,gfs_seamless,100.0,83.0
109,2026-08-16T08:39:34Z,KMIA,2026-08-16,icon_global,93.7,82.1
110,2026-08-16T08:39:34Z,KMIA,2026-08-17,icon_global,96.9,76.9
111,2026-08-16T08:39:34Z,KMIA,2026-08-18,icon_global,100.5,77.6
112,2026-08-16T08:39:34Z,KMIA,2026-08-16,gem_global,92.2,80.3
113,2026-08-16T08:39:34Z,KMIA,2026-08-17,gem_global,94.7,78.9
114,2026-08-16T08:39:34Z,KMIA,2026-08-18,gem_global,97.8,77.1
115,2026-08-16T08:39:34Z,KMIA,2026-08-16,ecmwf_ifs025,91.2,82.1
116,2026-08-16T08:39:34Z,KMIA,2026-08-17,ecmwf_ifs025,93.1,80.3
117,2026-08-16T08:39:34Z,KMIA,2026-08-18,ecmwf_ifs025,95.7,79.0
118,2026-08-16T08:39:34Z,KMIA,2026-08-16,ukmo_global_deterministic_10km,93.1,83.5
119,2026-08-16T08:39:34Z,KMIA,2026-08-17,ukmo_global_deterministic_10km,97.5,81.3
120,2026-08-16T08:39:34Z,KMIA,2026-08-18,ukmo_global_deterministic_10km,97.6,82.3
121,2026-08-16T08:39:34Z,KMSP,2026-08-16,gfs_seamless,82.9,65.0
122,2026-08-16T08:39:34Z,KMSP,2026-08-17,gfs_seamless,85.5,59.7
123,2026-08-16T08:39:34Z,KMSP,2026-08-18,gfs_seamless,84.3,65.0
124,2026-08-16T08:39:34Z,KMSP,2026-08-16,icon_global,78.4,66.6
125,2026-08-16T08:39:34Z,KMSP,2026-08-17,icon_global,81.3,63.8
126,2026-08-16T08:39:34Z,KMSP,2026-08-18,icon_global,77.8,67.4
127,2026-08-16T08:39:34Z,KMSP,2026-08-16,gem_global,77.9,65.0
128,2026-08-16T08:39:34Z,KMSP,2026-08-17,gem_global,80.2,60.3
129,2026-08-16T08:39:34Z,KMSP,2026-08-18,gem_global,73.6,62.7
130,2026-08-16T08:39:34Z,KMSP,2026-08-16,ecmwf_ifs025,80.6,65.9
131,2026-08-16T08:39:34Z,KMSP,2026-08-17,ecmwf_ifs025,83.7,61.5
132,2026-08-16T08:39:34Z,KMSP,2026-08-18,ecmwf_ifs025,80.6,65.3
133,2026-08-16T08:39:34Z,KMSP,2026-08-16,ukmo_global_deterministic_10km,82.1,67.7
134,2026-08-16T08:39:34Z,KMSP,2026-08-17,ukmo_global_deterministic_10km,84.3,67.3
135,2026-08-16T08:39:34Z,KMSP,2026-08-18,ukmo_global_deterministic_10km,77.5,68.5
136,2026-08-16T08:39:34Z,KNYC,2026-08-16,gfs_seamless,81.9,66.9
137,2026-08-16T08:39:34Z,KNYC,2026-08-17,gfs_seamless,85.6,67.8
138,2026-08-16T08:39:34Z,KNYC,2026-08-18,gfs_seamless,86.6,72.3
139,2026-08-16T08:39:34Z,KNYC,2026-08-16,icon_global,78.7,69.8
140,2026-08-16T08:39:34Z,KNYC,2026-08-17,icon_global,78.5,68.9
141,2026-08-16T08:39:34Z,KNYC,2026-08-18,icon_global,86.5,71.1
142,2026-08-16T08:39:34Z,KNYC,2026-08-16,gem_global,80.0,66.2
143,2026-08-16T08:39:34Z,KNYC,2026-08-17,gem_global,77.6,66.8
144,2026-08-16T08:39:34Z,KNYC,2026-08-18,gem_global,83.5,70.4
145,2026-08-16T08:39:34Z,KNYC,2026-08-16,ecmwf_ifs025,81.0,68.7
146,2026-08-16T08:39:34Z,KNYC,2026-08-17,ecmwf_ifs025,81.3,69.8
147,2026-08-16T08:39:34Z,KNYC,2026-08-18,ecmwf_ifs025,85.7,71.2
148,2026-08-16T08:39:34Z,KNYC,2026-08-16,ukmo_global_deterministic_10km,81.0,73.4
149,2026-08-16T08:39:34Z,KNYC,2026-08-17,ukmo_global_deterministic_10km,81.0,71.2
150,2026-08-16T08:39:34Z,KNYC,2026-08-18,ukmo_global_deterministic_10km,88.3,75.6
151,2026-08-16T08:39:34Z,KPHL,2026-08-16,gfs_seamless,84.4,67.1
152,2026-08-16T08:39:34Z,KPHL,2026-08-17,gfs_seamless,88.2,70.0
153,2026-08-16T08:39:34Z,KPHL,2026-08-18,gfs_seamless,87.7,72.0
154,2026-08-16T08:39:34Z,KPHL,2026-08-16,icon_global,78.2,70.0
155,2026-08-16T08:39:34Z,KPHL,2026-08-17,icon_global,87.2,71.9
156,2026-08-16T08:39:34Z,KPHL,2026-08-18,icon_global,87.4,73.9
157,2026-08-16T08:39:34Z,KPHL,2026-08-16,gem_global,80.9,67.3
158,2026-08-16T08:39:34Z,KPHL,2026-08-17,gem_global,86.4,68.7
159,2026-08-16T08:39:34Z,KPHL,2026-08-18,gem_global,84.5,69.0
160,2026-08-16T08:39:34Z,KPHL,2026-08-16,ecmwf_ifs025,82.0,68.7
161,2026-08-16T08:39:34Z,KPHL,2026-08-17,ecmwf_ifs025,83.5,69.6
162,2026-08-16T08:39:34Z,KPHL,2026-08-18,ecmwf_ifs025,84.5,70.9
163,2026-08-16T08:39:34Z,KPHL,2026-08-16,ukmo_global_deterministic_10km,81.5,71.6
164,2026-08-16T08:39:34Z,KPHL,2026-08-17,ukmo_global_deterministic_10km,89.4,72.6
165,2026-08-16T08:39:34Z,KPHL,2026-08-18,ukmo_global_deterministic_10km,88.3,77.9
166,2026-08-16T08:39:34Z,KPHX,2026-08-16,gfs_seamless,109.9,84.8
167,2026-08-16T08:39:34Z,KPHX,2026-08-17,gfs_seamless,113.9,83.2
168,2026-08-16T08:39:34Z,KPHX,2026-08-18,gfs_seamless,109.8,93.7
169,2026-08-16T08:39:34Z,KPHX,2026-08-16,icon_global,107.6,85.2
170,2026-08-16T08:39:34Z,KPHX,2026-08-17,icon_global,111.3,85.7
171,2026-08-16T08:39:34Z,KPHX,2026-08-18,icon_global,111.9,92.2
172,2026-08-16T08:39:34Z,KPHX,2026-08-16,gem_global,104.3,72.4
173,2026-08-16T08:39:34Z,KPHX,2026-08-17,gem_global,107.5,69.7
174,2026-08-16T08:39:34Z,KPHX,2026-08-18,gem_global,109.3,72.7
175,2026-08-16T08:39:34Z,KPHX,2026-08-16,ecmwf_ifs025,109.6,89.2
176,2026-08-16T08:39:34Z,KPHX,2026-08-17,ecmwf_ifs025,112.3,89.3
177,2026-08-16T08:39:34Z,KPHX,2026-08-18,ecmwf_ifs025,112.5,91.9
178,2026-08-16T08:39:34Z,KPHX,2026-08-16,ukmo_global_deterministic_10km,102.5,82.7
179,2026-08-16T08:39:34Z,KPHX,2026-08-17,ukmo_global_deterministic_10km,110.0,78.0
180,2026-08-16T08:39:34Z,KPHX,2026-08-18,ukmo_global_deterministic_10km,111.7,84.0
181,2026-08-16T08:39:34Z,KSAT,2026-08-16,gfs_seamless,99.7,72.9
182,2026-08-16T08:39:34Z,KSAT,2026-08-17,gfs_seamless,101.2,72.6
183,2026-08-16T08:39:34Z,KSAT,2026-08-18,gfs_seamless,101.3,77.7
184,2026-08-16T08:39:34Z,KSAT,2026-08-16,icon_global,98.6,77.8
185,2026-08-16T08:39:34Z,KSAT,2026-08-17,icon_global,100.8,76.8
186,2026-08-16T08:39:34Z,KSAT,2026-08-18,icon_global,99.9,76.4
187,2026-08-16T08:39:34Z,KSAT,2026-08-16,gem_global,96.2,72.1
188,2026-08-16T08:39:34Z,KSAT,2026-08-17,gem_global,96.5,72.6
189,2026-08-16T08:39:34Z,KSAT,2026-08-18,gem_global,96.4,70.2
190,2026-08-16T08:39:34Z,KSAT,2026-08-16,ecmwf_ifs025,98.9,75.9
191,2026-08-16T08:39:34Z,KSAT,2026-08-17,ecmwf_ifs025,99.5,76.6
192,2026-08-16T08:39:34Z,KSAT,2026-08-18,ecmwf_ifs025,98.8,78.8
193,2026-08-16T08:39:34Z,KSAT,2026-08-16,ukmo_global_deterministic_10km,98.7,76.7
194,2026-08-16T08:39:34Z,KSAT,2026-08-17,ukmo_global_deterministic_10km,99.9,78.6
195,2026-08-16T08:39:34Z,KSAT,2026-08-18,ukmo_global_deterministic_10km,99.5,77.7
196,2026-08-16T08:39:34Z,KSFO,2026-08-16,gfs_seamless,69.9,55.1
197,2026-08-16T08:39:34Z,KSFO,2026-08-17,gfs_seamless,65.8,54.9
198,2026-08-16T08:39:34Z,KSFO,2026-08-18,gfs_seamless,69.9,59.0
199,2026-08-16T08:39:34Z,KSFO,2026-08-16,icon_global,73.8,59.0
200,2026-08-16T08:39:34Z,KSFO,2026-08-17,icon_global,71.5,58.7
201,2026-08-16T08:39:34Z,KSFO,2026-08-18,icon_global,73.8,58.3
202,2026-08-16T08:39:34Z,KSFO,2026-08-16,gem_global,66.6,58.6
203,2026-08-16T08:39:34Z,KSFO,2026-08-17,gem_global,64.9,58.4
204,2026-08-16T08:39:34Z,KSFO,2026-08-18,gem_global,64.3,58.1
205,2026-08-16T08:39:34Z,KSFO,2026-08-16,ecmwf_ifs025,67.0,57.7
206,2026-08-16T08:39:34Z,KSFO,2026-08-17,ecmwf_ifs025,65.7,58.0
207,2026-08-16T08:39:34Z,KSFO,2026-08-18,ecmwf_ifs025,66.9,57.9
208,2026-08-16T08:39:34Z,KSFO,2026-08-16,ukmo_global_deterministic_10km,75.9,56.1
209,2026-08-16T08:39:34Z,KSFO,2026-08-17,ukmo_global_deterministic_10km,72.7,58.4
210,2026-08-16T08:39:34Z,KSFO,2026-08-18,ukmo_global_deterministic_10km,70.6,57.4
1,2026-08-16T09:35:00Z,KATL,2026-08-16,gfs_seamless,96.6,75.9
2,2026-08-16T09:35:00Z,KATL,2026-08-17,gfs_seamless,99.3,75.2
3,2026-08-16T09:35:00Z,KATL,2026-08-18,gfs_seamless,102.1,77.8
4,2026-08-16T09:35:00Z,KATL,2026-08-16,icon_global,94.4,77.2
5,2026-08-16T09:35:00Z,KATL,2026-08-17,icon_global,99.8,76.9
6,2026-08-16T09:35:00Z,KATL,2026-08-18,icon_global,94.0,79.2
7,2026-08-16T09:35:00Z,KATL,2026-08-16,gem_global,93.6,76.3
8,2026-08-16T09:35:00Z,KATL,2026-08-17,gem_global,96.1,75.8
9,2026-08-16T09:35:00Z,KATL,2026-08-18,gem_global,90.9,78.3
10,2026-08-16T09:35:00Z,KATL,2026-08-16,ecmwf_ifs025,96.0,75.8
11,2026-08-16T09:35:00Z,KATL,2026-08-17,ecmwf_ifs025,99.4,77.1
12,2026-08-16T09:35:00Z,KATL,2026-08-18,ecmwf_ifs025,98.1,77.1
13,2026-08-16T09:35:00Z,KATL,2026-08-16,ukmo_global_deterministic_10km,95.1,79.1
14,2026-08-16T09:35:00Z,KATL,2026-08-17,ukmo_global_deterministic_10km,97.9,79.2
15,2026-08-16T09:35:00Z,KATL,2026-08-18,ukmo_global_deterministic_10km,92.2,78.4
16,2026-08-16T09:35:00Z,KAUS,2026-08-16,gfs_seamless,100.1,74.3
17,2026-08-16T09:35:00Z,KAUS,2026-08-17,gfs_seamless,101.2,76.1
18,2026-08-16T09:35:00Z,KAUS,2026-08-18,gfs_seamless,104.4,75.9
19,2026-08-16T09:35:00Z,KAUS,2026-08-16,icon_global,102.7,77.1
20,2026-08-16T09:35:00Z,KAUS,2026-08-17,icon_global,104.4,75.1
21,2026-08-16T09:35:00Z,KAUS,2026-08-18,icon_global,103.6,76.7
22,2026-08-16T09:35:00Z,KAUS,2026-08-16,gem_global,97.8,72.3
23,2026-08-16T09:35:00Z,KAUS,2026-08-17,gem_global,98.5,71.5
24,2026-08-16T09:35:00Z,KAUS,2026-08-18,gem_global,98.1,72.1
25,2026-08-16T09:35:00Z,KAUS,2026-08-16,ecmwf_ifs025,100.0,75.5
26,2026-08-16T09:35:00Z,KAUS,2026-08-17,ecmwf_ifs025,101.4,74.6
27,2026-08-16T09:35:00Z,KAUS,2026-08-18,ecmwf_ifs025,101.0,78.7
28,2026-08-16T09:35:00Z,KAUS,2026-08-16,ukmo_global_deterministic_10km,101.0,75.5
29,2026-08-16T09:35:00Z,KAUS,2026-08-17,ukmo_global_deterministic_10km,101.7,77.1
30,2026-08-16T09:35:00Z,KAUS,2026-08-18,ukmo_global_deterministic_10km,102.2,78.1
211,2026-08-16T09:35:00Z,KDCA,2026-08-16,gfs_seamless,83.3,73.3
212,2026-08-16T09:35:00Z,KDCA,2026-08-17,gfs_seamless,87.9,74.2
213,2026-08-16T09:35:00Z,KDCA,2026-08-18,gfs_seamless,88.6,72.6
214,2026-08-16T09:35:00Z,KDCA,2026-08-16,icon_global,79.1,73.4
215,2026-08-16T09:35:00Z,KDCA,2026-08-17,icon_global,90.9,77.1
216,2026-08-16T09:35:00Z,KDCA,2026-08-18,icon_global,87.5,75.5
217,2026-08-16T09:35:00Z,KDCA,2026-08-16,gem_global,80.2,73.4
218,2026-08-16T09:35:00Z,KDCA,2026-08-17,gem_global,85.9,72.3
219,2026-08-16T09:35:00Z,KDCA,2026-08-18,gem_global,84.0,71.2
220,2026-08-16T09:35:00Z,KDCA,2026-08-16,ecmwf_ifs025,78.2,74.1
221,2026-08-16T09:35:00Z,KDCA,2026-08-17,ecmwf_ifs025,88.6,73.1
222,2026-08-16T09:35:00Z,KDCA,2026-08-18,ecmwf_ifs025,85.8,72.7
223,2026-08-16T09:35:00Z,KDCA,2026-08-16,ukmo_global_deterministic_10km,82.4,75.8
224,2026-08-16T09:35:00Z,KDCA,2026-08-17,ukmo_global_deterministic_10km,92.1,76.3
225,2026-08-16T09:35:00Z,KDCA,2026-08-18,ukmo_global_deterministic_10km,89.0,79.3
46,2026-08-16T09:35:00Z,KDFW,2026-08-16,gfs_seamless,104.2,82.4
47,2026-08-16T09:35:00Z,KDFW,2026-08-17,gfs_seamless,105.9,80.1
48,2026-08-16T09:35:00Z,KDFW,2026-08-18,gfs_seamless,108.4,87.0
49,2026-08-16T09:35:00Z,KDFW,2026-08-16,icon_global,103.2,83.6
50,2026-08-16T09:35:00Z,KDFW,2026-08-17,icon_global,105.0,82.2
51,2026-08-16T09:35:00Z,KDFW,2026-08-18,icon_global,106.5,83.6
52,2026-08-16T09:35:00Z,KDFW,2026-08-16,gem_global,100.3,82.8
53,2026-08-16T09:35:00Z,KDFW,2026-08-17,gem_global,102.0,77.5
54,2026-08-16T09:35:00Z,KDFW,2026-08-18,gem_global,101.6,78.6
55,2026-08-16T09:35:00Z,KDFW,2026-08-16,ecmwf_ifs025,102.5,83.6
56,2026-08-16T09:35:00Z,KDFW,2026-08-17,ecmwf_ifs025,104.4,83.1
57,2026-08-16T09:35:00Z,KDFW,2026-08-18,ecmwf_ifs025,104.7,85.1
58,2026-08-16T09:35:00Z,KDFW,2026-08-16,ukmo_global_deterministic_10km,103.0,83.9
59,2026-08-16T09:35:00Z,KDFW,2026-08-17,ukmo_global_deterministic_10km,103.8,84.9
60,2026-08-16T09:35:00Z,KDFW,2026-08-18,ukmo_global_deterministic_10km,105.5,87.4
61,2026-08-16T09:35:00Z,KLAS,2026-08-16,gfs_seamless,102.8,74.9
62,2026-08-16T09:35:00Z,KLAS,2026-08-17,gfs_seamless,107.7,78.7
63,2026-08-16T09:35:00Z,KLAS,2026-08-18,gfs_seamless,106.4,94.5
64,2026-08-16T09:35:00Z,KLAS,2026-08-16,icon_global,99.3,77.1
65,2026-08-16T09:35:00Z,KLAS,2026-08-17,icon_global,102.3,80.0
66,2026-08-16T09:35:00Z,KLAS,2026-08-18,icon_global,107.3,79.8
67,2026-08-16T09:35:00Z,KLAS,2026-08-16,gem_global,98.7,70.4
68,2026-08-16T09:35:00Z,KLAS,2026-08-17,gem_global,102.2,72.4
69,2026-08-16T09:35:00Z,KLAS,2026-08-18,gem_global,105.3,74.3
70,2026-08-16T09:35:00Z,KLAS,2026-08-16,ecmwf_ifs025,100.2,79.4
71,2026-08-16T09:35:00Z,KLAS,2026-08-17,ecmwf_ifs025,106.1,82.8
72,2026-08-16T09:35:00Z,KLAS,2026-08-18,ecmwf_ifs025,107.5,82.5
73,2026-08-16T09:35:00Z,KLAS,2026-08-16,ukmo_global_deterministic_10km,99.0,79.6
74,2026-08-16T09:35:00Z,KLAS,2026-08-17,ukmo_global_deterministic_10km,101.2,81.7
75,2026-08-16T09:35:00Z,KLAS,2026-08-18,ukmo_global_deterministic_10km,104.8,83.6
76,2026-08-16T09:35:00Z,KLAX,2026-08-16,gfs_seamless,76.7,61.0
77,2026-08-16T09:35:00Z,KLAX,2026-08-17,gfs_seamless,77.2,62.6
78,2026-08-16T09:35:00Z,KLAX,2026-08-18,gfs_seamless,85.8,73.2
79,2026-08-16T09:35:00Z,KLAX,2026-08-16,icon_global,79.5,64.8
80,2026-08-16T09:35:00Z,KLAX,2026-08-17,icon_global,82.4,63.3
81,2026-08-16T09:35:00Z,KLAX,2026-08-18,icon_global,86.4,65.7
82,2026-08-16T09:35:00Z,KLAX,2026-08-16,gem_global,76.9,61.9
83,2026-08-16T09:35:00Z,KLAX,2026-08-17,gem_global,77.0,62.9
84,2026-08-16T09:35:00Z,KLAX,2026-08-18,gem_global,78.7,63.9
85,2026-08-16T09:35:00Z,KLAX,2026-08-16,ecmwf_ifs025,84.9,66.9
86,2026-08-16T09:35:00Z,KLAX,2026-08-17,ecmwf_ifs025,88.3,66.3
87,2026-08-16T09:35:00Z,KLAX,2026-08-18,ecmwf_ifs025,89.8,67.5
88,2026-08-16T09:35:00Z,KLAX,2026-08-16,ukmo_global_deterministic_10km,73.5,66.8
89,2026-08-16T09:35:00Z,KLAX,2026-08-17,ukmo_global_deterministic_10km,73.8,66.1
90,2026-08-16T09:35:00Z,KLAX,2026-08-18,ukmo_global_deterministic_10km,75.3,66.8
31,2026-08-16T09:35:00Z,KMDW,2026-08-16,gfs_seamless,84.2,73.4
32,2026-08-16T09:35:00Z,KMDW,2026-08-17,gfs_seamless,75.8,67.0
33,2026-08-16T09:35:00Z,KMDW,2026-08-18,gfs_seamless,84.2,66.4
34,2026-08-16T09:35:00Z,KMDW,2026-08-16,icon_global,85.9,74.3
35,2026-08-16T09:35:00Z,KMDW,2026-08-17,icon_global,79.6,67.9
36,2026-08-16T09:35:00Z,KMDW,2026-08-18,icon_global,82.5,65.2
37,2026-08-16T09:35:00Z,KMDW,2026-08-16,gem_global,81.7,71.3
38,2026-08-16T09:35:00Z,KMDW,2026-08-17,gem_global,78.6,64.8
39,2026-08-16T09:35:00Z,KMDW,2026-08-18,gem_global,81.6,64.9
40,2026-08-16T09:35:00Z,KMDW,2026-08-16,ecmwf_ifs025,84.5,73.2
41,2026-08-16T09:35:00Z,KMDW,2026-08-17,ecmwf_ifs025,78.6,67.9
42,2026-08-16T09:35:00Z,KMDW,2026-08-18,ecmwf_ifs025,83.2,65.4
43,2026-08-16T09:35:00Z,KMDW,2026-08-16,ukmo_global_deterministic_10km,89.7,75.8
44,2026-08-16T09:35:00Z,KMDW,2026-08-17,ukmo_global_deterministic_10km,80.5,72.8
45,2026-08-16T09:35:00Z,KMDW,2026-08-18,ukmo_global_deterministic_10km,86.3,71.1
91,2026-08-16T09:35:00Z,KMIA,2026-08-16,gfs_seamless,91.9,80.5
92,2026-08-16T09:35:00Z,KMIA,2026-08-17,gfs_seamless,93.6,77.5
93,2026-08-16T09:35:00Z,KMIA,2026-08-18,gfs_seamless,100.0,83.0
94,2026-08-16T09:35:00Z,KMIA,2026-08-16,icon_global,93.7,82.1
95,2026-08-16T09:35:00Z,KMIA,2026-08-17,icon_global,96.9,76.9
96,2026-08-16T09:35:00Z,KMIA,2026-08-18,icon_global,100.5,77.6
97,2026-08-16T09:35:00Z,KMIA,2026-08-16,gem_global,92.2,80.3
98,2026-08-16T09:35:00Z,KMIA,2026-08-17,gem_global,94.7,78.9
99,2026-08-16T09:35:00Z,KMIA,2026-08-18,gem_global,97.8,77.1
100,2026-08-16T09:35:00Z,KMIA,2026-08-16,ecmwf_ifs025,91.2,82.1
101,2026-08-16T09:35:00Z,KMIA,2026-08-17,ecmwf_ifs025,93.1,80.3
102,2026-08-16T09:35:00Z,KMIA,2026-08-18,ecmwf_ifs025,95.7,79.0
103,2026-08-16T09:35:00Z,KMIA,2026-08-16,ukmo_global_deterministic_10km,93.1,83.5
104,2026-08-16T09:35:00Z,KMIA,2026-08-17,ukmo_global_deterministic_10km,97.5,81.3
105,2026-08-16T09:35:00Z,KMIA,2026-08-18,ukmo_global_deterministic_10km,97.6,82.3
106,2026-08-16T09:35:00Z,KMSP,2026-08-16,gfs_seamless,83.3,66.2
107,2026-08-16T09:35:00Z,KMSP,2026-08-17,gfs_seamless,85.5,59.7
108,2026-08-16T09:35:00Z,KMSP,2026-08-18,gfs_seamless,84.3,65.0
109,2026-08-16T09:35:00Z,KMSP,2026-08-16,icon_global,78.4,66.6
110,2026-08-16T09:35:00Z,KMSP,2026-08-17,icon_global,81.3,63.8
111,2026-08-16T09:35:00Z,KMSP,2026-08-18,icon_global,77.8,67.4
112,2026-08-16T09:35:00Z,KMSP,2026-08-16,gem_global,77.9,65.0
113,2026-08-16T09:35:00Z,KMSP,2026-08-17,gem_global,80.2,60.3
114,2026-08-16T09:35:00Z,KMSP,2026-08-18,gem_global,73.6,62.7
115,2026-08-16T09:35:00Z,KMSP,2026-08-16,ecmwf_ifs025,80.6,65.9
116,2026-08-16T09:35:00Z,KMSP,2026-08-17,ecmwf_ifs025,83.7,61.5
117,2026-08-16T09:35:00Z,KMSP,2026-08-18,ecmwf_ifs025,80.6,65.3
118,2026-08-16T09:35:00Z,KMSP,2026-08-16,ukmo_global_deterministic_10km,82.1,67.7
119,2026-08-16T09:35:00Z,KMSP,2026-08-17,ukmo_global_deterministic_10km,84.3,67.3
120,2026-08-16T09:35:00Z,KMSP,2026-08-18,ukmo_global_deterministic_10km,77.5,68.5
121,2026-08-16T09:35:00Z,KMSY,2026-08-16,gfs_seamless,100.2,78.4
122,2026-08-16T09:35:00Z,KMSY,2026-08-17,gfs_seamless,98.4,78.7
123,2026-08-16T09:35:00Z,KMSY,2026-08-18,gfs_seamless,97.3,78.2
124,2026-08-16T09:35:00Z,KMSY,2026-08-16,icon_global,95.8,78.7
125,2026-08-16T09:35:00Z,KMSY,2026-08-17,icon_global,96.9,80.1
126,2026-08-16T09:35:00Z,KMSY,2026-08-18,icon_global,95.5,81.3
127,2026-08-16T09:35:00Z,KMSY,2026-08-16,gem_global,96.0,80.2
128,2026-08-16T09:35:00Z,KMSY,2026-08-17,gem_global,94.9,80.9
129,2026-08-16T09:35:00Z,KMSY,2026-08-18,gem_global,96.5,80.8
130,2026-08-16T09:35:00Z,KMSY,2026-08-16,ecmwf_ifs025,95.2,81.4
131,2026-08-16T09:35:00Z,KMSY,2026-08-17,ecmwf_ifs025,93.1,81.1
132,2026-08-16T09:35:00Z,KMSY,2026-08-18,ecmwf_ifs025,92.8,80.8
133,2026-08-16T09:35:00Z,KMSY,2026-08-16,ukmo_global_deterministic_10km,98.4,83.1
134,2026-08-16T09:35:00Z,KMSY,2026-08-17,ukmo_global_deterministic_10km,98.4,83.2
135,2026-08-16T09:35:00Z,KMSY,2026-08-18,ukmo_global_deterministic_10km,98.0,83.1
136,2026-08-16T09:35:00Z,KNYC,2026-08-16,gfs_seamless,82.6,67.1
137,2026-08-16T09:35:00Z,KNYC,2026-08-17,gfs_seamless,85.6,67.8
138,2026-08-16T09:35:00Z,KNYC,2026-08-18,gfs_seamless,86.6,72.3
139,2026-08-16T09:35:00Z,KNYC,2026-08-16,icon_global,78.7,69.8
140,2026-08-16T09:35:00Z,KNYC,2026-08-17,icon_global,78.5,68.9
141,2026-08-16T09:35:00Z,KNYC,2026-08-18,icon_global,86.5,71.1
142,2026-08-16T09:35:00Z,KNYC,2026-08-16,gem_global,80.0,66.2
143,2026-08-16T09:35:00Z,KNYC,2026-08-17,gem_global,77.6,66.8
144,2026-08-16T09:35:00Z,KNYC,2026-08-18,gem_global,83.5,70.4
145,2026-08-16T09:35:00Z,KNYC,2026-08-16,ecmwf_ifs025,81.0,68.7
146,2026-08-16T09:35:00Z,KNYC,2026-08-17,ecmwf_ifs025,81.3,69.8
147,2026-08-16T09:35:00Z,KNYC,2026-08-18,ecmwf_ifs025,85.7,71.2
148,2026-08-16T09:35:00Z,KNYC,2026-08-16,ukmo_global_deterministic_10km,81.0,73.4
149,2026-08-16T09:35:00Z,KNYC,2026-08-17,ukmo_global_deterministic_10km,81.0,71.2
150,2026-08-16T09:35:00Z,KNYC,2026-08-18,ukmo_global_deterministic_10km,88.3,75.6
151,2026-08-16T09:35:00Z,KOKC,2026-08-16,gfs_seamless,102.5,79.7
152,2026-08-16T09:35:00Z,KOKC,2026-08-17,gfs_seamless,98.4,75.0
153,2026-08-16T09:35:00Z,KOKC,2026-08-18,gfs_seamless,111.4,73.0
154,2026-08-16T09:35:00Z,KOKC,2026-08-16,icon_global,103.0,81.6
155,2026-08-16T09:35:00Z,KOKC,2026-08-17,icon_global,95.6,77.3
156,2026-08-16T09:35:00Z,KOKC,2026-08-18,icon_global,99.2,74.6
157,2026-08-16T09:35:00Z,KOKC,2026-08-16,gem_global,102.8,85.5
158,2026-08-16T09:35:00Z,KOKC,2026-08-17,gem_global,97.5,75.4
159,2026-08-16T09:35:00Z,KOKC,2026-08-18,gem_global,104.6,79.2
160,2026-08-16T09:35:00Z,KOKC,2026-08-16,ecmwf_ifs025,103.5,85.5
161,2026-08-16T09:35:00Z,KOKC,2026-08-17,ecmwf_ifs025,98.0,82.4
162,2026-08-16T09:35:00Z,KOKC,2026-08-18,ecmwf_ifs025,105.1,77.4
163,2026-08-16T09:35:00Z,KOKC,2026-08-16,ukmo_global_deterministic_10km,103.6,85.0
164,2026-08-16T09:35:00Z,KOKC,2026-08-17,ukmo_global_deterministic_10km,97.5,74.1
165,2026-08-16T09:35:00Z,KOKC,2026-08-18,ukmo_global_deterministic_10km,106.2,80.0
166,2026-08-16T09:35:00Z,KPHX,2026-08-16,gfs_seamless,109.0,83.5
167,2026-08-16T09:35:00Z,KPHX,2026-08-17,gfs_seamless,113.9,83.2
168,2026-08-16T09:35:00Z,KPHX,2026-08-18,gfs_seamless,109.8,93.7
169,2026-08-16T09:35:00Z,KPHX,2026-08-16,icon_global,106.5,85.8
170,2026-08-16T09:35:00Z,KPHX,2026-08-17,icon_global,111.7,85.1
171,2026-08-16T09:35:00Z,KPHX,2026-08-18,icon_global,112.3,91.5
172,2026-08-16T09:35:00Z,KPHX,2026-08-16,gem_global,104.3,72.4
173,2026-08-16T09:35:00Z,KPHX,2026-08-17,gem_global,107.5,69.7
174,2026-08-16T09:35:00Z,KPHX,2026-08-18,gem_global,109.3,72.7
175,2026-08-16T09:35:00Z,KPHX,2026-08-16,ecmwf_ifs025,109.6,89.2
176,2026-08-16T09:35:00Z,KPHX,2026-08-17,ecmwf_ifs025,112.3,89.3
177,2026-08-16T09:35:00Z,KPHX,2026-08-18,ecmwf_ifs025,112.5,91.9
178,2026-08-16T09:35:00Z,KPHX,2026-08-16,ukmo_global_deterministic_10km,102.5,82.7
179,2026-08-16T09:35:00Z,KPHX,2026-08-17,ukmo_global_deterministic_10km,110.0,78.0
180,2026-08-16T09:35:00Z,KPHX,2026-08-18,ukmo_global_deterministic_10km,111.7,84.0
181,2026-08-16T09:35:00Z,KSAT,2026-08-16,gfs_seamless,99.6,71.2
182,2026-08-16T09:35:00Z,KSAT,2026-08-17,gfs_seamless,101.2,72.6
183,2026-08-16T09:35:00Z,KSAT,2026-08-18,gfs_seamless,101.3,77.7
184,2026-08-16T09:35:00Z,KSAT,2026-08-16,icon_global,98.3,77.5
185,2026-08-16T09:35:00Z,KSAT,2026-08-17,icon_global,100.1,75.8
186,2026-08-16T09:35:00Z,KSAT,2026-08-18,icon_global,99.4,76.1
187,2026-08-16T09:35:00Z,KSAT,2026-08-16,gem_global,96.2,72.1
188,2026-08-16T09:35:00Z,KSAT,2026-08-17,gem_global,96.5,72.6
189,2026-08-16T09:35:00Z,KSAT,2026-08-18,gem_global,96.4,70.2
190,2026-08-16T09:35:00Z,KSAT,2026-08-16,ecmwf_ifs025,98.9,75.9
191,2026-08-16T09:35:00Z,KSAT,2026-08-17,ecmwf_ifs025,99.5,76.6
192,2026-08-16T09:35:00Z,KSAT,2026-08-18,ecmwf_ifs025,98.8,78.8
193,2026-08-16T09:35:00Z,KSAT,2026-08-16,ukmo_global_deterministic_10km,98.7,76.7
194,2026-08-16T09:35:00Z,KSAT,2026-08-17,ukmo_global_deterministic_10km,99.9,78.6
195,2026-08-16T09:35:00Z,KSAT,2026-08-18,ukmo_global_deterministic_10km,99.5,77.7
196,2026-08-16T09:35:00Z,KSEA,2026-08-16,gfs_seamless,76.1,56.9
197,2026-08-16T09:35:00Z,KSEA,2026-08-17,gfs_seamless,79.9,55.9
198,2026-08-16T09:35:00Z,KSEA,2026-08-18,gfs_seamless,82.7,57.5
199,2026-08-16T09:35:00Z,KSEA,2026-08-16,icon_global,73.4,59.5
200,2026-08-16T09:35:00Z,KSEA,2026-08-17,icon_global,76.4,57.5
201,2026-08-16T09:35:00Z,KSEA,2026-08-18,icon_global,76.1,59.1
202,2026-08-16T09:35:00Z,KSEA,2026-08-16,gem_global,72.2,58.7
203,2026-08-16T09:35:00Z,KSEA,2026-08-17,gem_global,75.2,56.9
204,2026-08-16T09:35:00Z,KSEA,2026-08-18,gem_global,75.6,58.1
205,2026-08-16T09:35:00Z,KSEA,2026-08-16,ecmwf_ifs025,74.6,60.7
206,2026-08-16T09:35:00Z,KSEA,2026-08-17,ecmwf_ifs025,76.6,58.3
207,2026-08-16T09:35:00Z,KSEA,2026-08-18,ecmwf_ifs025,78.2,59.2
208,2026-08-16T09:35:00Z,KSEA,2026-08-16,ukmo_global_deterministic_10km,78.4,59.1
209,2026-08-16T09:35:00Z,KSEA,2026-08-17,ukmo_global_deterministic_10km,81.6,63.1
210,2026-08-16T09:35:00Z,KSEA,2026-08-18,ukmo_global_deterministic_10km,84.6,61.6
1,2026-08-16T09:54:11Z,KATL,2026-08-16,gfs_seamless,96.6,75.7
2,2026-08-16T09:54:11Z,KATL,2026-08-17,gfs_seamless,99.3,75.2
3,2026-08-16T09:54:11Z,KATL,2026-08-18,gfs_seamless,102.1,77.8
4,2026-08-16T09:54:11Z,KATL,2026-08-16,icon_global,93.0,77.8
5,2026-08-16T09:54:11Z,KATL,2026-08-17,icon_global,98.7,77.3
6,2026-08-16T09:54:11Z,KATL,2026-08-18,icon_global,93.1,77.8
7,2026-08-16T09:54:11Z,KATL,2026-08-16,gem_global,93.6,76.3
8,2026-08-16T09:54:11Z,KATL,2026-08-17,gem_global,96.1,75.8
9,2026-08-16T09:54:11Z,KATL,2026-08-18,gem_global,90.9,78.3
10,2026-08-16T09:54:11Z,KATL,2026-08-16,ecmwf_ifs025,96.0,75.8
11,2026-08-16T09:54:11Z,KATL,2026-08-17,ecmwf_ifs025,99.4,77.1
12,2026-08-16T09:54:11Z,KATL,2026-08-18,ecmwf_ifs025,98.1,77.1
13,2026-08-16T09:54:11Z,KATL,2026-08-16,ukmo_global_deterministic_10km,95.1,79.1
14,2026-08-16T09:54:11Z,KATL,2026-08-17,ukmo_global_deterministic_10km,97.9,79.2
15,2026-08-16T09:54:11Z,KATL,2026-08-18,ukmo_global_deterministic_10km,92.2,78.4
16,2026-08-16T09:54:11Z,KAUS,2026-08-16,gfs_seamless,100.4,74.2
17,2026-08-16T09:54:11Z,KAUS,2026-08-17,gfs_seamless,101.2,76.1
18,2026-08-16T09:54:11Z,KAUS,2026-08-18,gfs_seamless,104.4,75.9
19,2026-08-16T09:54:11Z,KAUS,2026-08-16,icon_global,102.1,76.7
20,2026-08-16T09:54:11Z,KAUS,2026-08-17,icon_global,103.5,72.6
21,2026-08-16T09:54:11Z,KAUS,2026-08-18,icon_global,103.2,76.5
22,2026-08-16T09:54:11Z,KAUS,2026-08-16,gem_global,97.8,72.3
23,2026-08-16T09:54:11Z,KAUS,2026-08-17,gem_global,98.5,71.5
24,2026-08-16T09:54:11Z,KAUS,2026-08-18,gem_global,98.1,72.1
25,2026-08-16T09:54:11Z,KAUS,2026-08-16,ecmwf_ifs025,100.0,75.5
26,2026-08-16T09:54:11Z,KAUS,2026-08-17,ecmwf_ifs025,101.4,74.6
27,2026-08-16T09:54:11Z,KAUS,2026-08-18,ecmwf_ifs025,101.0,78.7
28,2026-08-16T09:54:11Z,KAUS,2026-08-16,ukmo_global_deterministic_10km,101.0,75.5
29,2026-08-16T09:54:11Z,KAUS,2026-08-17,ukmo_global_deterministic_10km,101.7,77.1
30,2026-08-16T09:54:11Z,KAUS,2026-08-18,ukmo_global_deterministic_10km,102.2,78.1
151,2026-08-16T09:54:11Z,KDCA,2026-08-16,gfs_seamless,83.3,73.3
152,2026-08-16T09:54:11Z,KDCA,2026-08-17,gfs_seamless,87.9,74.2
153,2026-08-16T09:54:11Z,KDCA,2026-08-18,gfs_seamless,88.6,72.6
154,2026-08-16T09:54:11Z,KDCA,2026-08-16,icon_global,79.1,73.4
155,2026-08-16T09:54:11Z,KDCA,2026-08-17,icon_global,90.9,77.1
156,2026-08-16T09:54:11Z,KDCA,2026-08-18,icon_global,87.5,75.5
157,2026-08-16T09:54:11Z,KDCA,2026-08-16,gem_global,80.2,73.4
158,2026-08-16T09:54:11Z,KDCA,2026-08-17,gem_global,85.9,72.3
159,2026-08-16T09:54:11Z,KDCA,2026-08-18,gem_global,84.0,71.2
160,2026-08-16T09:54:11Z,KDCA,2026-08-16,ecmwf_ifs025,78.2,74.1
161,2026-08-16T09:54:11Z,KDCA,2026-08-17,ecmwf_ifs025,88.6,73.1
162,2026-08-16T09:54:11Z,KDCA,2026-08-18,ecmwf_ifs025,85.8,72.7
163,2026-08-16T09:54:11Z,KDCA,2026-08-16,ukmo_global_deterministic_10km,82.4,75.8
164,2026-08-16T09:54:11Z,KDCA,2026-08-17,ukmo_global_deterministic_10km,92.1,76.3
165,2026-08-16T09:54:11Z,KDCA,2026-08-18,ukmo_global_deterministic_10km,89.0,79.3
46,2026-08-16T09:54:11Z,KDEN,2026-08-16,gfs_seamless,84.8,61.3
47,2026-08-16T09:54:11Z,KDEN,2026-08-17,gfs_seamless,91.4,60.2
48,2026-08-16T09:54:11Z,KDEN,2026-08-18,gfs_seamless,93.8,68.6
49,2026-08-16T09:54:11Z,KDEN,2026-08-16,icon_global,81.5,60.5
50,2026-08-16T09:54:11Z,KDEN,2026-08-17,icon_global,87.4,60.6
51,2026-08-16T09:54:11Z,KDEN,2026-08-18,icon_global,92.2,68.0
52,2026-08-16T09:54:11Z,KDEN,2026-08-16,gem_global,79.7,55.3
53,2026-08-16T09:54:11Z,KDEN,2026-08-17,gem_global,87.5,54.2
54,2026-08-16T09:54:11Z,KDEN,2026-08-18,gem_global,91.7,59.2
55,2026-08-16T09:54:11Z,KDEN,2026-08-16,ecmwf_ifs025,78.5,58.9
56,2026-08-16T09:54:11Z,KDEN,2026-08-17,ecmwf_ifs025,88.6,59.8
57,2026-08-16T09:54:11Z,KDEN,2026-08-18,ecmwf_ifs025,94.1,63.4
58,2026-08-16T09:54:11Z,KDEN,2026-08-16,ukmo_global_deterministic_10km,81.6,58.5
59,2026-08-16T09:54:11Z,KDEN,2026-08-17,ukmo_global_deterministic_10km,86.5,62.5
60,2026-08-16T09:54:11Z,KDEN,2026-08-18,ukmo_global_deterministic_10km,88.0,64.5
31,2026-08-16T09:54:11Z,KDFW,2026-08-16,gfs_seamless,104.3,82.1
32,2026-08-16T09:54:11Z,KDFW,2026-08-17,gfs_seamless,105.9,80.1
33,2026-08-16T09:54:11Z,KDFW,2026-08-18,gfs_seamless,108.4,87.0
34,2026-08-16T09:54:11Z,KDFW,2026-08-16,icon_global,103.1,83.4
35,2026-08-16T09:54:11Z,KDFW,2026-08-17,icon_global,104.1,81.7
36,2026-08-16T09:54:11Z,KDFW,2026-08-18,icon_global,105.9,82.9
37,2026-08-16T09:54:11Z,KDFW,2026-08-16,gem_global,100.3,82.8
38,2026-08-16T09:54:11Z,KDFW,2026-08-17,gem_global,102.0,77.5
39,2026-08-16T09:54:11Z,KDFW,2026-08-18,gem_global,101.6,78.6
40,2026-08-16T09:54:11Z,KDFW,2026-08-16,ecmwf_ifs025,102.5,83.6
41,2026-08-16T09:54:11Z,KDFW,2026-08-17,ecmwf_ifs025,104.4,83.1
42,2026-08-16T09:54:11Z,KDFW,2026-08-18,ecmwf_ifs025,104.7,85.1
43,2026-08-16T09:54:11Z,KDFW,2026-08-16,ukmo_global_deterministic_10km,103.0,83.9
44,2026-08-16T09:54:11Z,KDFW,2026-08-17,ukmo_global_deterministic_10km,103.8,84.9
45,2026-08-16T09:54:11Z,KDFW,2026-08-18,ukmo_global_deterministic_10km,105.5,87.4
61,2026-08-16T09:54:11Z,KLAX,2026-08-16,gfs_seamless,76.7,61.0
62,2026-08-16T09:54:11Z,KLAX,2026-08-17,gfs_seamless,77.2,62.6
63,2026-08-16T09:54:11Z,KLAX,2026-08-18,gfs_seamless,85.8,73.2
64,2026-08-16T09:54:11Z,KLAX,2026-08-16,icon_global,78.9,66.5
65,2026-08-16T09:54:11Z,KLAX,2026-08-17,icon_global,81.8,62.8
66,2026-08-16T09:54:11Z,KLAX,2026-08-18,icon_global,86.2,65.6
67,2026-08-16T09:54:11Z,KLAX,2026-08-16,gem_global,76.9,61.9
68,2026-08-16T09:54:11Z,KLAX,2026-08-17,gem_global,77.0,62.9
69,2026-08-16T09:54:11Z,KLAX,2026-08-18,gem_global,78.7,63.9
70,2026-08-16T09:54:11Z,KLAX,2026-08-16,ecmwf_ifs025,84.9,66.9
71,2026-08-16T09:54:11Z,KLAX,2026-08-17,ecmwf_ifs025,88.3,66.3
72,2026-08-16T09:54:11Z,KLAX,2026-08-18,ecmwf_ifs025,89.8,67.5
73,2026-08-16T09:54:11Z,KLAX,2026-08-16,ukmo_global_deterministic_10km,73.5,66.8
74,2026-08-16T09:54:11Z,KLAX,2026-08-17,ukmo_global_deterministic_10km,73.8,66.1
75,2026-08-16T09:54:11Z,KLAX,2026-08-18,ukmo_global_deterministic_10km,75.3,66.8
76,2026-08-16T09:54:11Z,KMIA,2026-08-16,gfs_seamless,91.9,80.5
77,2026-08-16T09:54:11Z,KMIA,2026-08-17,gfs_seamless,93.6,77.5
78,2026-08-16T09:54:11Z,KMIA,2026-08-18,gfs_seamless,100.0,83.0
79,2026-08-16T09:54:11Z,KMIA,2026-08-16,icon_global,93.4,81.3
80,2026-08-16T09:54:11Z,KMIA,2026-08-17,icon_global,95.2,77.3
81,2026-08-16T09:54:11Z,KMIA,2026-08-18,icon_global,100.2,77.0
82,2026-08-16T09:54:11Z,KMIA,2026-08-16,gem_global,92.2,80.3
83,2026-08-16T09:54:11Z,KMIA,2026-08-17,gem_global,94.7,78.9
84,2026-08-16T09:54:11Z,KMIA,2026-08-18,gem_global,97.8,77.1
85,2026-08-16T09:54:11Z,KMIA,2026-08-16,ecmwf_ifs025,91.2,82.1
86,2026-08-16T09:54:11Z,KMIA,2026-08-17,ecmwf_ifs025,93.1,80.3
87,2026-08-16T09:54:11Z,KMIA,2026-08-18,ecmwf_ifs025,95.7,79.0
88,2026-08-16T09:54:11Z,KMIA,2026-08-16,ukmo_global_deterministic_10km,93.1,83.5
89,2026-08-16T09:54:11Z,KMIA,2026-08-17,ukmo_global_deterministic_10km,97.5,81.3
90,2026-08-16T09:54:11Z,KMIA,2026-08-18,ukmo_global_deterministic_10km,97.6,82.3
91,2026-08-16T09:54:11Z,KNYC,2026-08-16,gfs_seamless,82.6,67.1
92,2026-08-16T09:54:11Z,KNYC,2026-08-17,gfs_seamless,85.6,67.8
93,2026-08-16T09:54:11Z,KNYC,2026-08-18,gfs_seamless,86.6,72.3
94,2026-08-16T09:54:11Z,KNYC,2026-08-16,icon_global,78.8,70.1
95,2026-08-16T09:54:11Z,KNYC,2026-08-17,icon_global,78.8,70.1
96,2026-08-16T09:54:11Z,KNYC,2026-08-18,icon_global,87.1,71.5
97,2026-08-16T09:54:11Z,KNYC,2026-08-16,gem_global,80.0,66.2
98,2026-08-16T09:54:11Z,KNYC,2026-08-17,gem_global,77.6,66.8
99,2026-08-16T09:54:11Z,KNYC,2026-08-18,gem_global,83.5,70.4
100,2026-08-16T09:54:11Z,KNYC,2026-08-16,ecmwf_ifs025,81.0,68.7
101,2026-08-16T09:54:11Z,KNYC,2026-08-17,ecmwf_ifs025,81.3,69.8
102,2026-08-16T09:54:11Z,KNYC,2026-08-18,ecmwf_ifs025,85.7,71.2
103,2026-08-16T09:54:11Z,KNYC,2026-08-16,ukmo_global_deterministic_10km,81.0,73.4
104,2026-08-16T09:54:11Z,KNYC,2026-08-17,ukmo_global_deterministic_10km,81.0,71.2
105,2026-08-16T09:54:11Z,KNYC,2026-08-18,ukmo_global_deterministic_10km,88.3,75.6
106,2026-08-16T09:54:11Z,KOKC,2026-08-16,gfs_seamless,102.5,79.7
107,2026-08-16T09:54:11Z,KOKC,2026-08-17,gfs_seamless,98.4,75.0
108,2026-08-16T09:54:11Z,KOKC,2026-08-18,gfs_seamless,111.4,73.0
109,2026-08-16T09:54:11Z,KOKC,2026-08-16,icon_global,103.0,81.6
110,2026-08-16T09:54:11Z,KOKC,2026-08-17,icon_global,95.6,77.3
111,2026-08-16T09:54:11Z,KOKC,2026-08-18,icon_global,99.2,74.6
112,2026-08-16T09:54:11Z,KOKC,2026-08-16,gem_global,102.8,85.5
113,2026-08-16T09:54:11Z,KOKC,2026-08-17,gem_global,97.5,75.4
114,2026-08-16T09:54:11Z,KOKC,2026-08-18,gem_global,104.6,79.2
115,2026-08-16T09:54:11Z,KOKC,2026-08-16,ecmwf_ifs025,103.5,85.5
116,2026-08-16T09:54:11Z,KOKC,2026-08-17,ecmwf_ifs025,98.0,82.4
117,2026-08-16T09:54:11Z,KOKC,2026-08-18,ecmwf_ifs025,105.1,77.4
118,2026-08-16T09:54:11Z,KOKC,2026-08-16,ukmo_global_deterministic_10km,103.6,85.0
119,2026-08-16T09:54:11Z,KOKC,2026-08-17,ukmo_global_deterministic_10km,97.5,74.1
120,2026-08-16T09:54:11Z,KOKC,2026-08-18,ukmo_global_deterministic_10km,106.2,80.0
121,2026-08-16T09:54:11Z,KPHX,2026-08-16,gfs_seamless,109.0,83.5
122,2026-08-16T09:54:11Z,KPHX,2026-08-17,gfs_seamless,113.9,83.2
123,2026-08-16T09:54:11Z,KPHX,2026-08-18,gfs_seamless,109.8,93.7
124,2026-08-16T09:54:11Z,KPHX,2026-08-16,icon_global,106.5,85.8
125,2026-08-16T09:54:11Z,KPHX,2026-08-17,icon_global,111.7,85.1
126,2026-08-16T09:54:11Z,KPHX,2026-08-18,icon_global,112.3,91.5
127,2026-08-16T09:54:11Z,KPHX,2026-08-16,gem_global,104.3,72.4
128,2026-08-16T09:54:11Z,KPHX,2026-08-17,gem_global,107.5,69.7
129,2026-08-16T09:54:11Z,KPHX,2026-08-18,gem_global,109.3,72.7
130,2026-08-16T09:54:11Z,KPHX,2026-08-16,ecmwf_ifs025,109.6,89.2
131,2026-08-16T09:54:11Z,KPHX,2026-08-17,ecmwf_ifs025,112.3,89.3
132,2026-08-16T09:54:11Z,KPHX,2026-08-18,ecmwf_ifs025,112.5,91.9
133,2026-08-16T09:54:11Z,KPHX,2026-08-16,ukmo_global_deterministic_10km,102.5,82.7
134,2026-08-16T09:54:11Z,KPHX,2026-08-17,ukmo_global_deterministic_10km,110.0,78.0
135,2026-08-16T09:54:11Z,KPHX,2026-08-18,ukmo_global_deterministic_10km,111.7,84.0
136,2026-08-16T09:54:11Z,KSEA,2026-08-16,gfs_seamless,76.1,56.9
137,2026-08-16T09:54:11Z,KSEA,2026-08-17,gfs_seamless,79.9,55.9
138,2026-08-16T09:54:11Z,KSEA,2026-08-18,gfs_seamless,82.7,57.5
139,2026-08-16T09:54:11Z,KSEA,2026-08-16,icon_global,73.4,59.5
140,2026-08-16T09:54:11Z,KSEA,2026-08-17,icon_global,76.4,57.5
141,2026-08-16T09:54:11Z,KSEA,2026-08-18,icon_global,76.1,59.1
142,2026-08-16T09:54:11Z,KSEA,2026-08-16,gem_global,72.2,58.7
143,2026-08-16T09:54:11Z,KSEA,2026-08-17,gem_global,75.2,56.9
144,2026-08-16T09:54:11Z,KSEA,2026-08-18,gem_global,75.6,58.1
145,2026-08-16T09:54:11Z,KSEA,2026-08-16,ecmwf_ifs025,74.6,60.7
146,2026-08-16T09:54:11Z,KSEA,2026-08-17,ecmwf_ifs025,76.6,58.3
147,2026-08-16T09:54:11Z,KSEA,2026-08-18,ecmwf_ifs025,78.2,59.2
148,2026-08-16T09:54:11Z,KSEA,2026-08-16,ukmo_global_deterministic_10km,78.4,59.1
149,2026-08-16T09:54:11Z,KSEA,2026-08-17,ukmo_global_deterministic_10km,81.6,63.1
150,2026-08-16T09:54:11Z,KSEA,2026-08-18,ukmo_global_deterministic_10km,84.6,61.6
1,2026-08-16T10:31:35Z,KATL,2026-08-16,gfs_seamless,96.6,75.7
2,2026-08-16T10:31:35Z,KATL,2026-08-17,gfs_seamless,99.3,75.2
3,2026-08-16T10:31:35Z,KATL,2026-08-18,gfs_seamless,102.1,77.8
4,2026-08-16T10:31:35Z,KATL,2026-08-16,icon_global,93.0,77.8
5,2026-08-16T10:31:35Z,KATL,2026-08-17,icon_global,98.7,77.3
6,2026-08-16T10:31:35Z,KATL,2026-08-18,icon_global,93.1,77.8
7,2026-08-16T10:31:35Z,KATL,2026-08-16,gem_global,93.6,76.3
8,2026-08-16T10:31:35Z,KATL,2026-08-17,gem_global,96.1,75.8
9,2026-08-16T10:31:35Z,KATL,2026-08-18,gem_global,90.9,78.3
10,2026-08-16T10:31:35Z,KATL,2026-08-16,ecmwf_ifs025,96.0,75.8
11,2026-08-16T10:31:35Z,KATL,2026-08-17,ecmwf_ifs025,99.4,77.1
12,2026-08-16T10:31:35Z,KATL,2026-08-18,ecmwf_ifs025,98.1,77.1
13,2026-08-16T10:31:35Z,KATL,2026-08-16,ukmo_global_deterministic_10km,95.1,79.1
14,2026-08-16T10:31:35Z,KATL,2026-08-17,ukmo_global_deterministic_10km,97.9,79.2
15,2026-08-16T10:31:35Z,KATL,2026-08-18,ukmo_global_deterministic_10km,92.2,78.4
16,2026-08-16T10:31:35Z,KAUS,2026-08-16,gfs_seamless,100.4,74.2
17,2026-08-16T10:31:35Z,KAUS,2026-08-17,gfs_seamless,101.2,76.1
18,2026-08-16T10:31:35Z,KAUS,2026-08-18,gfs_seamless,104.4,75.9
19,2026-08-16T10:31:35Z,KAUS,2026-08-16,icon_global,102.1,76.7
20,2026-08-16T10:31:35Z,KAUS,2026-08-17,icon_global,103.5,72.6
21,2026-08-16T10:31:35Z,KAUS,2026-08-18,icon_global,103.2,76.5
22,2026-08-16T10:31:35Z,KAUS,2026-08-16,gem_global,97.8,72.3
23,2026-08-16T10:31:35Z,KAUS,2026-08-17,gem_global,98.5,71.5
24,2026-08-16T10:31:35Z,KAUS,2026-08-18,gem_global,98.1,72.1
25,2026-08-16T10:31:35Z,KAUS,2026-08-16,ecmwf_ifs025,100.0,75.5
26,2026-08-16T10:31:35Z,KAUS,2026-08-17,ecmwf_ifs025,101.4,74.6
27,2026-08-16T10:31:35Z,KAUS,2026-08-18,ecmwf_ifs025,101.0,78.7
28,2026-08-16T10:31:35Z,KAUS,2026-08-16,ukmo_global_deterministic_10km,101.0,75.5
29,2026-08-16T10:31:35Z,KAUS,2026-08-17,ukmo_global_deterministic_10km,101.7,77.1
30,2026-08-16T10:31:35Z,KAUS,2026-08-18,ukmo_global_deterministic_10km,102.2,78.1
256,2026-08-16T10:31:35Z,KDCA,2026-08-16,gfs_seamless,83.3,73.3
257,2026-08-16T10:31:35Z,KDCA,2026-08-17,gfs_seamless,87.9,74.2
258,2026-08-16T10:31:35Z,KDCA,2026-08-18,gfs_seamless,88.6,72.6
259,2026-08-16T10:31:35Z,KDCA,2026-08-16,icon_global,79.1,73.4
260,2026-08-16T10:31:35Z,KDCA,2026-08-17,icon_global,90.9,77.1
261,2026-08-16T10:31:35Z,KDCA,2026-08-18,icon_global,87.5,75.5
262,2026-08-16T10:31:35Z,KDCA,2026-08-16,gem_global,80.2,73.4
263,2026-08-16T10:31:35Z,KDCA,2026-08-17,gem_global,85.9,72.3
264,2026-08-16T10:31:35Z,KDCA,2026-08-18,gem_global,84.0,71.2
265,2026-08-16T10:31:35Z,KDCA,2026-08-16,ecmwf_ifs025,78.2,74.1
266,2026-08-16T10:31:35Z,KDCA,2026-08-17,ecmwf_ifs025,88.6,73.1
267,2026-08-16T10:31:35Z,KDCA,2026-08-18,ecmwf_ifs025,85.8,72.7
268,2026-08-16T10:31:35Z,KDCA,2026-08-16,ukmo_global_deterministic_10km,82.4,75.8
269,2026-08-16T10:31:35Z,KDCA,2026-08-17,ukmo_global_deterministic_10km,92.1,76.3
270,2026-08-16T10:31:35Z,KDCA,2026-08-18,ukmo_global_deterministic_10km,89.0,79.3
61,2026-08-16T10:31:35Z,KDEN,2026-08-16,gfs_seamless,84.8,61.3
62,2026-08-16T10:31:35Z,KDEN,2026-08-17,gfs_seamless,91.4,60.2
63,2026-08-16T10:31:35Z,KDEN,2026-08-18,gfs_seamless,93.8,68.6
64,2026-08-16T10:31:35Z,KDEN,2026-08-16,icon_global,81.5,60.5
65,2026-08-16T10:31:35Z,KDEN,2026-08-17,icon_global,87.4,60.6
66,2026-08-16T10:31:35Z,KDEN,2026-08-18,icon_global,92.2,68.0
67,2026-08-16T10:31:35Z,KDEN,2026-08-16,gem_global,79.7,55.3
68,2026-08-16T10:31:35Z,KDEN,2026-08-17,gem_global,87.5,54.2
69,2026-08-16T10:31:35Z,KDEN,2026-08-18,gem_global,91.7,59.2
70,2026-08-16T10:31:35Z,KDEN,2026-08-16,ecmwf_ifs025,78.5,58.9
71,2026-08-16T10:31:35Z,KDEN,2026-08-17,ecmwf_ifs025,88.6,59.8
72,2026-08-16T10:31:35Z,KDEN,2026-08-18,ecmwf_ifs025,94.1,63.4
73,2026-08-16T10:31:35Z,KDEN,2026-08-16,ukmo_global_deterministic_10km,81.6,58.5
74,2026-08-16T10:31:35Z,KDEN,2026-08-17,ukmo_global_deterministic_10km,86.5,62.5
75,2026-08-16T10:31:35Z,KDEN,2026-08-18,ukmo_global_deterministic_10km,88.0,64.5
46,2026-08-16T10:31:35Z,KDFW,2026-08-16,gfs_seamless,104.3,82.1
47,2026-08-16T10:31:35Z,KDFW,2026-08-17,gfs_seamless,105.9,80.1
48,2026-08-16T10:31:35Z,KDFW,2026-08-18,gfs_seamless,108.4,87.0
49,2026-08-16T10:31:35Z,KDFW,2026-08-16,icon_global,103.1,83.4
50,2026-08-16T10:31:35Z,KDFW,2026-08-17,icon_global,104.1,81.7
51,2026-08-16T10:31:35Z,KDFW,2026-08-18,icon_global,105.9,82.9
52,2026-08-16T10:31:35Z,KDFW,2026-08-16,gem_global,100.3,82.8
53,2026-08-16T10:31:35Z,KDFW,2026-08-17,gem_global,102.0,77.5
54,2026-08-16T10:31:35Z,KDFW,2026-08-18,gem_global,101.6,78.6
55,2026-08-16T10:31:35Z,KDFW,2026-08-16,ecmwf_ifs025,102.5,83.6
56,2026-08-16T10:31:35Z,KDFW,2026-08-17,ecmwf_ifs025,104.4,83.1
57,2026-08-16T10:31:35Z,KDFW,2026-08-18,ecmwf_ifs025,104.7,85.1
58,2026-08-16T10:31:35Z,KDFW,2026-08-16,ukmo_global_deterministic_10km,103.0,83.9
59,2026-08-16T10:31:35Z,KDFW,2026-08-17,ukmo_global_deterministic_10km,103.8,84.9
60,2026-08-16T10:31:35Z,KDFW,2026-08-18,ukmo_global_deterministic_10km,105.5,87.4
76,2026-08-16T10:31:35Z,KLAS,2026-08-16,gfs_seamless,102.8,74.9
77,2026-08-16T10:31:35Z,KLAS,2026-08-17,gfs_seamless,107.7,78.7
78,2026-08-16T10:31:35Z,KLAS,2026-08-18,gfs_seamless,106.4,94.5
79,2026-08-16T10:31:35Z,KLAS,2026-08-16,icon_global,99.9,77.8
80,2026-08-16T10:31:35Z,KLAS,2026-08-17,icon_global,102.9,80.5
81,2026-08-16T10:31:35Z,KLAS,2026-08-18,icon_global,107.9,79.7
82,2026-08-16T10:31:35Z,KLAS,2026-08-16,gem_global,98.7,70.4
83,2026-08-16T10:31:35Z,KLAS,2026-08-17,gem_global,102.2,72.4
84,2026-08-16T10:31:35Z,KLAS,2026-08-18,gem_global,105.3,74.3
85,2026-08-16T10:31:35Z,KLAS,2026-08-16,ecmwf_ifs025,100.2,79.4
86,2026-08-16T10:31:35Z,KLAS,2026-08-17,ecmwf_ifs025,106.1,82.8
87,2026-08-16T10:31:35Z,KLAS,2026-08-18,ecmwf_ifs025,107.5,82.5
88,2026-08-16T10:31:35Z,KLAS,2026-08-16,ukmo_global_deterministic_10km,99.0,79.6
89,2026-08-16T10:31:35Z,KLAS,2026-08-17,ukmo_global_deterministic_10km,101.2,81.7
90,2026-08-16T10:31:35Z,KLAS,2026-08-18,ukmo_global_deterministic_10km,104.8,83.6
91,2026-08-16T10:31:35Z,KLAX,2026-08-16,gfs_seamless,76.7,61.0
92,2026-08-16T10:31:35Z,KLAX,2026-08-17,gfs_seamless,77.2,62.6
93,2026-08-16T10:31:35Z,KLAX,2026-08-18,gfs_seamless,85.8,73.2
94,2026-08-16T10:31:35Z,KLAX,2026-08-16,icon_global,78.9,66.5
95,2026-08-16T10:31:35Z,KLAX,2026-08-17,icon_global,81.8,62.8
96,2026-08-16T10:31:35Z,KLAX,2026-08-18,icon_global,86.2,65.6
97,2026-08-16T10:31:35Z,KLAX,2026-08-16,gem_global,76.9,61.9
98,2026-08-16T10:31:35Z,KLAX,2026-08-17,gem_global,77.0,62.9
99,2026-08-16T10:31:35Z,KLAX,2026-08-18,gem_global,78.7,63.9
100,2026-08-16T10:31:35Z,KLAX,2026-08-16,ecmwf_ifs025,84.9,66.9
101,2026-08-16T10:31:35Z,KLAX,2026-08-17,ecmwf_ifs025,88.3,66.3
102,2026-08-16T10:31:35Z,KLAX,2026-08-18,ecmwf_ifs025,89.8,67.5
103,2026-08-16T10:31:35Z,KLAX,2026-08-16,ukmo_global_deterministic_10km,73.5,66.8
104,2026-08-16T10:31:35Z,KLAX,2026-08-17,ukmo_global_deterministic_10km,73.8,66.1
105,2026-08-16T10:31:35Z,KLAX,2026-08-18,ukmo_global_deterministic_10km,75.3,66.8
31,2026-08-16T10:31:35Z,KMDW,2026-08-16,gfs_seamless,84.8,72.7
32,2026-08-16T10:31:35Z,KMDW,2026-08-17,gfs_seamless,75.8,67.0
33,2026-08-16T10:31:35Z,KMDW,2026-08-18,gfs_seamless,84.2,66.4
34,2026-08-16T10:31:35Z,KMDW,2026-08-16,icon_global,85.2,74.4
35,2026-08-16T10:31:35Z,KMDW,2026-08-17,icon_global,79.5,68.4
36,2026-08-16T10:31:35Z,KMDW,2026-08-18,icon_global,81.6,65.1
37,2026-08-16T10:31:35Z,KMDW,2026-08-16,gem_global,81.7,71.3
38,2026-08-16T10:31:35Z,KMDW,2026-08-17,gem_global,78.6,64.8
39,2026-08-16T10:31:35Z,KMDW,2026-08-18,gem_global,81.6,64.9
40,2026-08-16T10:31:35Z,KMDW,2026-08-16,ecmwf_ifs025,84.5,73.2
41,2026-08-16T10:31:35Z,KMDW,2026-08-17,ecmwf_ifs025,78.6,67.9
42,2026-08-16T10:31:35Z,KMDW,2026-08-18,ecmwf_ifs025,83.2,65.4
43,2026-08-16T10:31:35Z,KMDW,2026-08-16,ukmo_global_deterministic_10km,89.7,75.8
44,2026-08-16T10:31:35Z,KMDW,2026-08-17,ukmo_global_deterministic_10km,80.5,72.8
45,2026-08-16T10:31:35Z,KMDW,2026-08-18,ukmo_global_deterministic_10km,86.3,71.1
106,2026-08-16T10:31:35Z,KMIA,2026-08-16,gfs_seamless,91.9,80.5
107,2026-08-16T10:31:35Z,KMIA,2026-08-17,gfs_seamless,93.6,77.5
108,2026-08-16T10:31:35Z,KMIA,2026-08-18,gfs_seamless,100.0,83.0
109,2026-08-16T10:31:35Z,KMIA,2026-08-16,icon_global,93.4,81.3
110,2026-08-16T10:31:35Z,KMIA,2026-08-17,icon_global,95.2,77.3
111,2026-08-16T10:31:35Z,KMIA,2026-08-18,icon_global,100.2,77.0
112,2026-08-16T10:31:35Z,KMIA,2026-08-16,gem_global,92.2,80.3
113,2026-08-16T10:31:35Z,KMIA,2026-08-17,gem_global,94.7,78.9
114,2026-08-16T10:31:35Z,KMIA,2026-08-18,gem_global,97.8,77.1
115,2026-08-16T10:31:35Z,KMIA,2026-08-16,ecmwf_ifs025,91.2,82.1
116,2026-08-16T10:31:35Z,KMIA,2026-08-17,ecmwf_ifs025,93.1,80.3
117,2026-08-16T10:31:35Z,KMIA,2026-08-18,ecmwf_ifs025,95.7,79.0
118,2026-08-16T10:31:35Z,KMIA,2026-08-16,ukmo_global_deterministic_10km,93.1,83.5
119,2026-08-16T10:31:35Z,KMIA,2026-08-17,ukmo_global_deterministic_10km,97.5,81.3
120,2026-08-16T10:31:35Z,KMIA,2026-08-18,ukmo_global_deterministic_10km,97.6,82.3
121,2026-08-16T10:31:35Z,KMSP,2026-08-16,gfs_seamless,83.3,66.2
122,2026-08-16T10:31:35Z,KMSP,2026-08-17,gfs_seamless,85.5,59.7
123,2026-08-16T10:31:35Z,KMSP,2026-08-18,gfs_seamless,84.3,65.0
124,2026-08-16T10:31:35Z,KMSP,2026-08-16,icon_global,78.1,66.6
125,2026-08-16T10:31:35Z,KMSP,2026-08-17,icon_global,81.4,63.2
126,2026-08-16T10:31:35Z,KMSP,2026-08-18,icon_global,78.6,67.7
127,2026-08-16T10:31:35Z,KMSP,2026-08-16,gem_global,77.9,65.0
128,2026-08-16T10:31:35Z,KMSP,2026-08-17,gem_global,80.2,60.3
129,2026-08-16T10:31:35Z,KMSP,2026-08-18,gem_global,73.6,62.7
130,2026-08-16T10:31:35Z,KMSP,2026-08-16,ecmwf_ifs025,80.6,65.9
131,2026-08-16T10:31:35Z,KMSP,2026-08-17,ecmwf_ifs025,83.7,61.5
132,2026-08-16T10:31:35Z,KMSP,2026-08-18,ecmwf_ifs025,80.6,65.3
133,2026-08-16T10:31:35Z,KMSP,2026-08-16,ukmo_global_deterministic_10km,82.1,67.7
134,2026-08-16T10:31:35Z,KMSP,2026-08-17,ukmo_global_deterministic_10km,84.3,67.3
135,2026-08-16T10:31:35Z,KMSP,2026-08-18,ukmo_global_deterministic_10km,77.5,68.5
136,2026-08-16T10:31:35Z,KMSY,2026-08-16,gfs_seamless,100.2,78.4
137,2026-08-16T10:31:35Z,KMSY,2026-08-17,gfs_seamless,98.4,78.7
138,2026-08-16T10:31:35Z,KMSY,2026-08-18,gfs_seamless,97.3,78.2
139,2026-08-16T10:31:35Z,KMSY,2026-08-16,icon_global,95.0,78.1
140,2026-08-16T10:31:35Z,KMSY,2026-08-17,icon_global,97.5,79.5
141,2026-08-16T10:31:35Z,KMSY,2026-08-18,icon_global,97.1,80.2
142,2026-08-16T10:31:35Z,KMSY,2026-08-16,gem_global,96.0,80.2
143,2026-08-16T10:31:35Z,KMSY,2026-08-17,gem_global,94.9,80.9
144,2026-08-16T10:31:35Z,KMSY,2026-08-18,gem_global,96.5,80.8
145,2026-08-16T10:31:35Z,KMSY,2026-08-16,ecmwf_ifs025,95.2,81.4
146,2026-08-16T10:31:35Z,KMSY,2026-08-17,ecmwf_ifs025,93.1,81.1
147,2026-08-16T10:31:35Z,KMSY,2026-08-18,ecmwf_ifs025,92.8,80.8
148,2026-08-16T10:31:35Z,KMSY,2026-08-16,ukmo_global_deterministic_10km,98.4,83.1
149,2026-08-16T10:31:35Z,KMSY,2026-08-17,ukmo_global_deterministic_10km,98.4,83.2
150,2026-08-16T10:31:35Z,KMSY,2026-08-18,ukmo_global_deterministic_10km,98.0,83.1
151,2026-08-16T10:31:35Z,KNYC,2026-08-16,gfs_seamless,82.6,67.1
152,2026-08-16T10:31:35Z,KNYC,2026-08-17,gfs_seamless,85.6,67.8
153,2026-08-16T10:31:35Z,KNYC,2026-08-18,gfs_seamless,86.6,72.3
154,2026-08-16T10:31:35Z,KNYC,2026-08-16,icon_global,78.8,70.1
155,2026-08-16T10:31:35Z,KNYC,2026-08-17,icon_global,78.8,70.1
156,2026-08-16T10:31:35Z,KNYC,2026-08-18,icon_global,87.1,71.5
157,2026-08-16T10:31:35Z,KNYC,2026-08-16,gem_global,80.0,66.2
158,2026-08-16T10:31:35Z,KNYC,2026-08-17,gem_global,77.6,66.8
159,2026-08-16T10:31:35Z,KNYC,2026-08-18,gem_global,83.5,70.4
160,2026-08-16T10:31:35Z,KNYC,2026-08-16,ecmwf_ifs025,81.0,68.7
161,2026-08-16T10:31:35Z,KNYC,2026-08-17,ecmwf_ifs025,81.3,69.8
162,2026-08-16T10:31:35Z,KNYC,2026-08-18,ecmwf_ifs025,85.7,71.2
163,2026-08-16T10:31:35Z,KNYC,2026-08-16,ukmo_global_deterministic_10km,81.0,73.4
164,2026-08-16T10:31:35Z,KNYC,2026-08-17,ukmo_global_deterministic_10km,81.0,71.2
165,2026-08-16T10:31:35Z,KNYC,2026-08-18,ukmo_global_deterministic_10km,88.3,75.6
166,2026-08-16T10:31:35Z,KOKC,2026-08-16,gfs_seamless,102.5,79.7
167,2026-08-16T10:31:35Z,KOKC,2026-08-17,gfs_seamless,98.4,75.0
168,2026-08-16T10:31:35Z,KOKC,2026-08-18,gfs_seamless,111.4,73.0
169,2026-08-16T10:31:35Z,KOKC,2026-08-16,icon_global,103.0,81.6
170,2026-08-16T10:31:35Z,KOKC,2026-08-17,icon_global,95.6,77.3
171,2026-08-16T10:31:35Z,KOKC,2026-08-18,icon_global,99.2,74.6
172,2026-08-16T10:31:35Z,KOKC,2026-08-16,gem_global,102.8,85.5
173,2026-08-16T10:31:35Z,KOKC,2026-08-17,gem_global,97.5,75.4
174,2026-08-16T10:31:35Z,KOKC,2026-08-18,gem_global,104.6,79.2
175,2026-08-16T10:31:35Z,KOKC,2026-08-16,ecmwf_ifs025,103.5,85.5
176,2026-08-16T10:31:35Z,KOKC,2026-08-17,ecmwf_ifs025,98.0,82.4
177,2026-08-16T10:31:35Z,KOKC,2026-08-18,ecmwf_ifs025,105.1,77.4
178,2026-08-16T10:31:35Z,KOKC,2026-08-16,ukmo_global_deterministic_10km,103.6,85.0
179,2026-08-16T10:31:35Z,KOKC,2026-08-17,ukmo_global_deterministic_10km,97.5,74.1
180,2026-08-16T10:31:35Z,KOKC,2026-08-18,ukmo_global_deterministic_10km,106.2,80.0
181,2026-08-16T10:31:35Z,KPHL,2026-08-16,gfs_seamless,85.2,66.9
182,2026-08-16T10:31:35Z,KPHL,2026-08-17,gfs_seamless,88.2,70.0
183,2026-08-16T10:31:35Z,KPHL,2026-08-18,gfs_seamless,87.7,72.0
184,2026-08-16T10:31:35Z,KPHL,2026-08-16,icon_global,77.1,69.9
185,2026-08-16T10:31:35Z,KPHL,2026-08-17,icon_global,86.3,71.4
186,2026-08-16T10:31:35Z,KPHL,2026-08-18,icon_global,87.5,73.8
187,2026-08-16T10:31:35Z,KPHL,2026-08-16,gem_global,80.9,67.3
188,2026-08-16T10:31:35Z,KPHL,2026-08-17,gem_global,86.4,68.7
189,2026-08-16T10:31:35Z,KPHL,2026-08-18,gem_global,84.5,69.0
190,2026-08-16T10:31:35Z,KPHL,2026-08-16,ecmwf_ifs025,82.0,68.7
191,2026-08-16T10:31:35Z,KPHL,2026-08-17,ecmwf_ifs025,83.5,69.6
192,2026-08-16T10:31:35Z,KPHL,2026-08-18,ecmwf_ifs025,84.5,70.9
193,2026-08-16T10:31:35Z,KPHL,2026-08-16,ukmo_global_deterministic_10km,81.5,71.6
194,2026-08-16T10:31:35Z,KPHL,2026-08-17,ukmo_global_deterministic_10km,89.4,72.6
195,2026-08-16T10:31:35Z,KPHL,2026-08-18,ukmo_global_deterministic_10km,88.3,77.9
196,2026-08-16T10:31:35Z,KPHX,2026-08-16,gfs_seamless,109.0,83.5
197,2026-08-16T10:31:35Z,KPHX,2026-08-17,gfs_seamless,113.9,83.2
198,2026-08-16T10:31:35Z,KPHX,2026-08-18,gfs_seamless,109.8,93.7
199,2026-08-16T10:31:35Z,KPHX,2026-08-16,icon_global,106.5,85.8
200,2026-08-16T10:31:35Z,KPHX,2026-08-17,icon_global,111.7,85.1
201,2026-08-16T10:31:35Z,KPHX,2026-08-18,icon_global,112.3,91.5
202,2026-08-16T10:31:35Z,KPHX,2026-08-16,gem_global,104.3,72.4
203,2026-08-16T10:31:35Z,KPHX,2026-08-17,gem_global,107.5,69.7
204,2026-08-16T10:31:35Z,KPHX,2026-08-18,gem_global,109.3,72.7
205,2026-08-16T10:31:35Z,KPHX,2026-08-16,ecmwf_ifs025,109.6,89.2
206,2026-08-16T10:31:35Z,KPHX,2026-08-17,ecmwf_ifs025,112.3,89.3
207,2026-08-16T10:31:35Z,KPHX,2026-08-18,ecmwf_ifs025,112.5,91.9
208,2026-08-16T10:31:35Z,KPHX,2026-08-16,ukmo_global_deterministic_10km,102.5,82.7
209,2026-08-16T10:31:35Z,KPHX,2026-08-17,ukmo_global_deterministic_10km,110.0,78.0
210,2026-08-16T10:31:35Z,KPHX,2026-08-18,ukmo_global_deterministic_10km,111.7,84.0
211,2026-08-16T10:31:35Z,KSAT,2026-08-16,gfs_seamless,99.6,71.2
212,2026-08-16T10:31:35Z,KSAT,2026-08-17,gfs_seamless,101.2,72.6
213,2026-08-16T10:31:35Z,KSAT,2026-08-18,gfs_seamless,101.3,77.7
214,2026-08-16T10:31:35Z,KSAT,2026-08-16,icon_global,98.3,77.5
215,2026-08-16T10:31:35Z,KSAT,2026-08-17,icon_global,100.1,75.8
216,2026-08-16T10:31:35Z,KSAT,2026-08-18,icon_global,99.4,76.1
217,2026-08-16T10:31:35Z,KSAT,2026-08-16,gem_global,96.2,72.1
218,2026-08-16T10:31:35Z,KSAT,2026-08-17,gem_global,96.5,72.6
219,2026-08-16T10:31:35Z,KSAT,2026-08-18,gem_global,96.4,70.2
220,2026-08-16T10:31:35Z,KSAT,2026-08-16,ecmwf_ifs025,98.9,75.9
221,2026-08-16T10:31:35Z,KSAT,2026-08-17,ecmwf_ifs025,99.5,76.6
222,2026-08-16T10:31:35Z,KSAT,2026-08-18,ecmwf_ifs025,98.8,78.8
223,2026-08-16T10:31:35Z,KSAT,2026-08-16,ukmo_global_deterministic_10km,98.7,76.7
224,2026-08-16T10:31:35Z,KSAT,2026-08-17,ukmo_global_deterministic_10km,99.9,78.6
225,2026-08-16T10:31:35Z,KSAT,2026-08-18,ukmo_global_deterministic_10km,99.5,77.7
241,2026-08-16T10:31:35Z,KSEA,2026-08-16,gfs_seamless,76.1,56.9
242,2026-08-16T10:31:35Z,KSEA,2026-08-17,gfs_seamless,79.9,55.9
243,2026-08-16T10:31:35Z,KSEA,2026-08-18,gfs_seamless,82.7,57.5
244,2026-08-16T10:31:35Z,KSEA,2026-08-16,icon_global,73.4,59.5
245,2026-08-16T10:31:35Z,KSEA,2026-08-17,icon_global,76.4,57.5
246,2026-08-16T10:31:35Z,KSEA,2026-08-18,icon_global,76.1,59.1
247,2026-08-16T10:31:35Z,KSEA,2026-08-16,gem_global,72.2,58.7
248,2026-08-16T10:31:35Z,KSEA,2026-08-17,gem_global,75.2,56.9
249,2026-08-16T10:31:35Z,KSEA,2026-08-18,gem_global,75.6,58.1
250,2026-08-16T10:31:35Z,KSEA,2026-08-16,ecmwf_ifs025,74.6,60.7
251,2026-08-16T10:31:35Z,KSEA,2026-08-17,ecmwf_ifs025,76.6,58.3
252,2026-08-16T10:31:35Z,KSEA,2026-08-18,ecmwf_ifs025,78.2,59.2
253,2026-08-16T10:31:35Z,KSEA,2026-08-16,ukmo_global_deterministic_10km,78.4,59.1
254,2026-08-16T10:31:35Z,KSEA,2026-08-17,ukmo_global_deterministic_10km,81.6,63.1
255,2026-08-16T10:31:35Z,KSEA,2026-08-18,ukmo_global_deterministic_10km,84.6,61.6
226,2026-08-16T10:31:35Z,KSFO,2026-08-16,gfs_seamless,71.7,55.1
227,2026-08-16T10:31:35Z,KSFO,2026-08-17,gfs_seamless,65.8,54.9
228,2026-08-16T10:31:35Z,KSFO,2026-08-18,gfs_seamless,69.9,59.0
229,2026-08-16T10:31:35Z,KSFO,2026-08-16,icon_global,73.2,58.5
230,2026-08-16T10:31:35Z,KSFO,2026-08-17,icon_global,71.8,58.9
231,2026-08-16T10:31:35Z,KSFO,2026-08-18,icon_global,72.6,58.3
232,2026-08-16T10:31:35Z,KSFO,2026-08-16,gem_global,66.6,58.6
233,2026-08-16T10:31:35Z,KSFO,2026-08-17,gem_global,64.9,58.4
234,2026-08-16T10:31:35Z,KSFO,2026-08-18,gem_global,64.3,58.1
235,2026-08-16T10:31:35Z,KSFO,2026-08-16,ecmwf_ifs025,67.0,57.7
236,2026-08-16T10:31:35Z,KSFO,2026-08-17,ecmwf_ifs025,65.7,58.0
237,2026-08-16T10:31:35Z,KSFO,2026-08-18,ecmwf_ifs025,66.9,57.9
238,2026-08-16T10:31:35Z,KSFO,2026-08-16,ukmo_global_deterministic_10km,75.9,56.1
239,2026-08-16T10:31:35Z,KSFO,2026-08-17,ukmo_global_deterministic_10km,72.7,58.4
240,2026-08-16T10:31:35Z,KSFO,2026-08-18,ukmo_global_deterministic_10km,70.6,57.4
1,2026-08-16T10:51:32Z,KATL,2026-08-16,gfs_seamless,96.6,75.7
2,2026-08-16T10:51:32Z,KATL,2026-08-17,gfs_seamless,99.3,75.2
3,2026-08-16T10:51:32Z,KATL,2026-08-18,gfs_seamless,102.1,77.8
4,2026-08-16T10:51:32Z,KATL,2026-08-16,icon_global,93.0,77.8
5,2026-08-16T10:51:32Z,KATL,2026-08-17,icon_global,98.7,77.3
6,2026-08-16T10:51:32Z,KATL,2026-08-18,icon_global,93.1,77.8
7,2026-08-16T10:51:32Z,KATL,2026-08-16,gem_global,93.6,76.3
8,2026-08-16T10:51:32Z,KATL,2026-08-17,gem_global,96.1,75.8
9,2026-08-16T10:51:32Z,KATL,2026-08-18,gem_global,90.9,78.3
10,2026-08-16T10:51:32Z,KATL,2026-08-16,ecmwf_ifs025,96.0,75.8
11,2026-08-16T10:51:32Z,KATL,2026-08-17,ecmwf_ifs025,99.4,77.1
12,2026-08-16T10:51:32Z,KATL,2026-08-18,ecmwf_ifs025,98.1,77.1
13,2026-08-16T10:51:32Z,KATL,2026-08-16,ukmo_global_deterministic_10km,95.1,79.1
14,2026-08-16T10:51:32Z,KATL,2026-08-17,ukmo_global_deterministic_10km,97.9,79.2
15,2026-08-16T10:51:32Z,KATL,2026-08-18,ukmo_global_deterministic_10km,92.2,78.4
16,2026-08-16T10:51:32Z,KAUS,2026-08-16,gfs_seamless,100.4,74.2
17,2026-08-16T10:51:32Z,KAUS,2026-08-17,gfs_seamless,101.2,76.1
18,2026-08-16T10:51:32Z,KAUS,2026-08-18,gfs_seamless,104.4,75.9
19,2026-08-16T10:51:32Z,KAUS,2026-08-16,icon_global,102.1,76.7
20,2026-08-16T10:51:32Z,KAUS,2026-08-17,icon_global,103.5,72.6
21,2026-08-16T10:51:32Z,KAUS,2026-08-18,icon_global,103.2,76.5
22,2026-08-16T10:51:32Z,KAUS,2026-08-16,gem_global,97.8,72.3
23,2026-08-16T10:51:32Z,KAUS,2026-08-17,gem_global,98.5,71.5
24,2026-08-16T10:51:32Z,KAUS,2026-08-18,gem_global,98.1,72.1
25,2026-08-16T10:51:32Z,KAUS,2026-08-16,ecmwf_ifs025,100.0,75.5
26,2026-08-16T10:51:32Z,KAUS,2026-08-17,ecmwf_ifs025,101.4,74.6
27,2026-08-16T10:51:32Z,KAUS,2026-08-18,ecmwf_ifs025,101.0,78.7
28,2026-08-16T10:51:32Z,KAUS,2026-08-16,ukmo_global_deterministic_10km,101.0,75.5
29,2026-08-16T10:51:32Z,KAUS,2026-08-17,ukmo_global_deterministic_10km,101.7,77.1
30,2026-08-16T10:51:32Z,KAUS,2026-08-18,ukmo_global_deterministic_10km,102.2,78.1
31,2026-08-16T10:51:32Z,KBOS,2026-08-16,gfs_seamless,80.3,55.0
32,2026-08-16T10:51:32Z,KBOS,2026-08-17,gfs_seamless,73.3,66.9
33,2026-08-16T10:51:32Z,KBOS,2026-08-18,gfs_seamless,73.1,66.9
34,2026-08-16T10:51:32Z,KBOS,2026-08-16,icon_global,78.8,59.5
35,2026-08-16T10:51:32Z,KBOS,2026-08-17,icon_global,70.3,67.5
36,2026-08-16T10:51:32Z,KBOS,2026-08-18,icon_global,80.2,66.2
37,2026-08-16T10:51:32Z,KBOS,2026-08-16,gem_global,74.3,60.3
38,2026-08-16T10:51:32Z,KBOS,2026-08-17,gem_global,71.2,66.7
39,2026-08-16T10:51:32Z,KBOS,2026-08-18,gem_global,73.2,67.2
40,2026-08-16T10:51:32Z,KBOS,2026-08-16,ecmwf_ifs025,81.1,59.7
41,2026-08-16T10:51:32Z,KBOS,2026-08-17,ecmwf_ifs025,78.0,68.2
42,2026-08-16T10:51:32Z,KBOS,2026-08-18,ecmwf_ifs025,78.5,66.1
43,2026-08-16T10:51:32Z,KBOS,2026-08-16,ukmo_global_deterministic_10km,82.3,64.2
44,2026-08-16T10:51:32Z,KBOS,2026-08-17,ukmo_global_deterministic_10km,75.8,70.1
45,2026-08-16T10:51:32Z,KBOS,2026-08-18,ukmo_global_deterministic_10km,83.1,69.2
46,2026-08-16T10:51:32Z,KDEN,2026-08-16,gfs_seamless,86.1,60.8
47,2026-08-16T10:51:32Z,KDEN,2026-08-17,gfs_seamless,91.4,60.2
48,2026-08-16T10:51:32Z,KDEN,2026-08-18,gfs_seamless,93.8,68.6
49,2026-08-16T10:51:32Z,KDEN,2026-08-16,icon_global,81.5,60.5
50,2026-08-16T10:51:32Z,KDEN,2026-08-17,icon_global,87.4,60.6
51,2026-08-16T10:51:32Z,KDEN,2026-08-18,icon_global,92.2,68.0
52,2026-08-16T10:51:32Z,KDEN,2026-08-16,gem_global,79.7,55.3
53,2026-08-16T10:51:32Z,KDEN,2026-08-17,gem_global,87.5,54.2
54,2026-08-16T10:51:32Z,KDEN,2026-08-18,gem_global,91.7,59.2
55,2026-08-16T10:51:32Z,KDEN,2026-08-16,ecmwf_ifs025,78.5,58.9
56,2026-08-16T10:51:32Z,KDEN,2026-08-17,ecmwf_ifs025,88.6,59.8
57,2026-08-16T10:51:32Z,KDEN,2026-08-18,ecmwf_ifs025,94.1,63.4
58,2026-08-16T10:51:32Z,KDEN,2026-08-16,ukmo_global_deterministic_10km,81.6,58.5
59,2026-08-16T10:51:32Z,KDEN,2026-08-17,ukmo_global_deterministic_10km,86.5,62.5
60,2026-08-16T10:51:32Z,KDEN,2026-08-18,ukmo_global_deterministic_10km,88.0,64.5
61,2026-08-16T10:51:32Z,KIAH,2026-08-16,gfs_seamless,100.0,74.6
62,2026-08-16T10:51:32Z,KIAH,2026-08-17,gfs_seamless,99.4,75.3
63,2026-08-16T10:51:32Z,KIAH,2026-08-18,gfs_seamless,99.8,81.8
64,2026-08-16T10:51:32Z,KIAH,2026-08-16,icon_global,95.5,75.7
65,2026-08-16T10:51:32Z,KIAH,2026-08-17,icon_global,96.6,73.3
66,2026-08-16T10:51:32Z,KIAH,2026-08-18,icon_global,96.4,75.8
67,2026-08-16T10:51:32Z,KIAH,2026-08-16,gem_global,96.2,74.3
68,2026-08-16T10:51:32Z,KIAH,2026-08-17,gem_global,96.3,71.9
69,2026-08-16T10:51:32Z,KIAH,2026-08-18,gem_global,98.0,72.8
70,2026-08-16T10:51:32Z,KIAH,2026-08-16,ecmwf_ifs025,95.7,75.9
71,2026-08-16T10:51:32Z,KIAH,2026-08-17,ecmwf_ifs025,96.6,74.9
72,2026-08-16T10:51:32Z,KIAH,2026-08-18,ecmwf_ifs025,97.0,78.1
73,2026-08-16T10:51:32Z,KIAH,2026-08-16,ukmo_global_deterministic_10km,96.4,77.5
74,2026-08-16T10:51:32Z,KIAH,2026-08-17,ukmo_global_deterministic_10km,97.7,76.7
75,2026-08-16T10:51:32Z,KIAH,2026-08-18,ukmo_global_deterministic_10km,97.3,81.0
76,2026-08-16T10:51:32Z,KLAS,2026-08-16,gfs_seamless,102.5,74.3
77,2026-08-16T10:51:32Z,KLAS,2026-08-17,gfs_seamless,107.7,78.7
78,2026-08-16T10:51:32Z,KLAS,2026-08-18,gfs_seamless,106.4,94.5
79,2026-08-16T10:51:32Z,KLAS,2026-08-16,icon_global,99.9,77.8
80,2026-08-16T10:51:32Z,KLAS,2026-08-17,icon_global,102.9,80.5
81,2026-08-16T10:51:32Z,KLAS,2026-08-18,icon_global,107.9,79.7
82,2026-08-16T10:51:32Z,KLAS,2026-08-16,gem_global,98.7,70.4
83,2026-08-16T10:51:32Z,KLAS,2026-08-17,gem_global,102.2,72.4
84,2026-08-16T10:51:32Z,KLAS,2026-08-18,gem_global,105.3,74.3
85,2026-08-16T10:51:32Z,KLAS,2026-08-16,ecmwf_ifs025,100.2,79.4
86,2026-08-16T10:51:32Z,KLAS,2026-08-17,ecmwf_ifs025,106.1,82.8
87,2026-08-16T10:51:32Z,KLAS,2026-08-18,ecmwf_ifs025,107.5,82.5
88,2026-08-16T10:51:32Z,KLAS,2026-08-16,ukmo_global_deterministic_10km,99.0,79.6
89,2026-08-16T10:51:32Z,KLAS,2026-08-17,ukmo_global_deterministic_10km,101.2,81.7
90,2026-08-16T10:51:32Z,KLAS,2026-08-18,ukmo_global_deterministic_10km,104.8,83.6
91,2026-08-16T10:51:32Z,KMIA,2026-08-16,gfs_seamless,91.6,81.0
92,2026-08-16T10:51:32Z,KMIA,2026-08-17,gfs_seamless,93.6,77.5
93,2026-08-16T10:51:32Z,KMIA,2026-08-18,gfs_seamless,100.0,83.0
94,2026-08-16T10:51:32Z,KMIA,2026-08-16,icon_global,93.4,81.3
95,2026-08-16T10:51:32Z,KMIA,2026-08-17,icon_global,95.2,77.3
96,2026-08-16T10:51:32Z,KMIA,2026-08-18,icon_global,100.2,77.0
97,2026-08-16T10:51:32Z,KMIA,2026-08-16,gem_global,92.2,80.3
98,2026-08-16T10:51:32Z,KMIA,2026-08-17,gem_global,94.7,78.9
99,2026-08-16T10:51:32Z,KMIA,2026-08-18,gem_global,97.8,77.1
100,2026-08-16T10:51:32Z,KMIA,2026-08-16,ecmwf_ifs025,91.2,82.1
101,2026-08-16T10:51:32Z,KMIA,2026-08-17,ecmwf_ifs025,93.1,80.3
102,2026-08-16T10:51:32Z,KMIA,2026-08-18,ecmwf_ifs025,95.7,79.0
103,2026-08-16T10:51:32Z,KMIA,2026-08-16,ukmo_global_deterministic_10km,93.1,83.5
104,2026-08-16T10:51:32Z,KMIA,2026-08-17,ukmo_global_deterministic_10km,97.5,81.3
105,2026-08-16T10:51:32Z,KMIA,2026-08-18,ukmo_global_deterministic_10km,97.6,82.3
106,2026-08-16T10:51:32Z,KMSP,2026-08-16,gfs_seamless,83.3,66.4
107,2026-08-16T10:51:32Z,KMSP,2026-08-17,gfs_seamless,85.5,59.7
108,2026-08-16T10:51:32Z,KMSP,2026-08-18,gfs_seamless,84.3,65.0
109,2026-08-16T10:51:32Z,KMSP,2026-08-16,icon_global,78.1,66.6
110,2026-08-16T10:51:32Z,KMSP,2026-08-17,icon_global,81.4,63.2
111,2026-08-16T10:51:32Z,KMSP,2026-08-18,icon_global,78.6,67.7
112,2026-08-16T10:51:32Z,KMSP,2026-08-16,gem_global,77.9,65.0
113,2026-08-16T10:51:32Z,KMSP,2026-08-17,gem_global,80.2,60.3
114,2026-08-16T10:51:32Z,KMSP,2026-08-18,gem_global,73.6,62.7
115,2026-08-16T10:51:32Z,KMSP,2026-08-16,ecmwf_ifs025,80.6,65.9
116,2026-08-16T10:51:32Z,KMSP,2026-08-17,ecmwf_ifs025,83.7,61.5
117,2026-08-16T10:51:32Z,KMSP,2026-08-18,ecmwf_ifs025,80.6,65.3
118,2026-08-16T10:51:32Z,KMSP,2026-08-16,ukmo_global_deterministic_10km,82.1,67.7
119,2026-08-16T10:51:32Z,KMSP,2026-08-17,ukmo_global_deterministic_10km,84.3,67.3
120,2026-08-16T10:51:32Z,KMSP,2026-08-18,ukmo_global_deterministic_10km,77.5,68.5
121,2026-08-16T10:51:32Z,KMSY,2026-08-16,gfs_seamless,99.6,78.7
122,2026-08-16T10:51:32Z,KMSY,2026-08-17,gfs_seamless,98.4,78.7
123,2026-08-16T10:51:32Z,KMSY,2026-08-18,gfs_seamless,97.3,78.2
124,2026-08-16T10:51:32Z,KMSY,2026-08-16,icon_global,95.0,78.1
125,2026-08-16T10:51:32Z,KMSY,2026-08-17,icon_global,97.5,79.5
126,2026-08-16T10:51:32Z,KMSY,2026-08-18,icon_global,97.1,80.2
127,2026-08-16T10:51:32Z,KMSY,2026-08-16,gem_global,96.0,80.2
128,2026-08-16T10:51:32Z,KMSY,2026-08-17,gem_global,94.9,80.9
129,2026-08-16T10:51:32Z,KMSY,2026-08-18,gem_global,96.5,80.8
130,2026-08-16T10:51:32Z,KMSY,2026-08-16,ecmwf_ifs025,95.2,81.4
131,2026-08-16T10:51:32Z,KMSY,2026-08-17,ecmwf_ifs025,93.1,81.1
132,2026-08-16T10:51:32Z,KMSY,2026-08-18,ecmwf_ifs025,92.8,80.8
133,2026-08-16T10:51:32Z,KMSY,2026-08-16,ukmo_global_deterministic_10km,98.4,83.1
134,2026-08-16T10:51:32Z,KMSY,2026-08-17,ukmo_global_deterministic_10km,98.4,83.2
135,2026-08-16T10:51:32Z,KMSY,2026-08-18,ukmo_global_deterministic_10km,98.0,83.1
136,2026-08-16T10:51:32Z,KNYC,2026-08-16,gfs_seamless,82.0,67.3
137,2026-08-16T10:51:32Z,KNYC,2026-08-17,gfs_seamless,85.6,67.8
138,2026-08-16T10:51:32Z,KNYC,2026-08-18,gfs_seamless,86.6,72.3
139,2026-08-16T10:51:32Z,KNYC,2026-08-16,icon_global,78.8,70.1
140,2026-08-16T10:51:32Z,KNYC,2026-08-17,icon_global,78.8,70.1
141,2026-08-16T10:51:32Z,KNYC,2026-08-18,icon_global,87.1,71.5
142,2026-08-16T10:51:32Z,KNYC,2026-08-16,gem_global,80.0,66.2
143,2026-08-16T10:51:32Z,KNYC,2026-08-17,gem_global,77.6,66.8
144,2026-08-16T10:51:32Z,KNYC,2026-08-18,gem_global,83.5,70.4
145,2026-08-16T10:51:32Z,KNYC,2026-08-16,ecmwf_ifs025,81.0,68.7
146,2026-08-16T10:51:32Z,KNYC,2026-08-17,ecmwf_ifs025,81.3,69.8
147,2026-08-16T10:51:32Z,KNYC,2026-08-18,ecmwf_ifs025,85.7,71.2
148,2026-08-16T10:51:32Z,KNYC,2026-08-16,ukmo_global_deterministic_10km,81.0,73.4
149,2026-08-16T10:51:32Z,KNYC,2026-08-17,ukmo_global_deterministic_10km,81.0,71.2
150,2026-08-16T10:51:32Z,KNYC,2026-08-18,ukmo_global_deterministic_10km,88.3,75.6
151,2026-08-16T10:51:32Z,KPHL,2026-08-16,gfs_seamless,85.3,67.2
152,2026-08-16T10:51:32Z,KPHL,2026-08-17,gfs_seamless,88.2,70.0
153,2026-08-16T10:51:32Z,KPHL,2026-08-18,gfs_seamless,87.7,72.0
154,2026-08-16T10:51:32Z,KPHL,2026-08-16,icon_global,77.1,69.9
155,2026-08-16T10:51:32Z,KPHL,2026-08-17,icon_global,86.3,71.4
156,2026-08-16T10:51:32Z,KPHL,2026-08-18,icon_global,87.5,73.8
157,2026-08-16T10:51:32Z,KPHL,2026-08-16,gem_global,80.9,67.3
158,2026-08-16T10:51:32Z,KPHL,2026-08-17,gem_global,86.4,68.7
159,2026-08-16T10:51:32Z,KPHL,2026-08-18,gem_global,84.5,69.0
160,2026-08-16T10:51:32Z,KPHL,2026-08-16,ecmwf_ifs025,82.0,68.7
161,2026-08-16T10:51:32Z,KPHL,2026-08-17,ecmwf_ifs025,83.5,69.6
162,2026-08-16T10:51:32Z,KPHL,2026-08-18,ecmwf_ifs025,84.5,70.9
163,2026-08-16T10:51:32Z,KPHL,2026-08-16,ukmo_global_deterministic_10km,81.5,71.6
164,2026-08-16T10:51:32Z,KPHL,2026-08-17,ukmo_global_deterministic_10km,89.4,72.6
165,2026-08-16T10:51:32Z,KPHL,2026-08-18,ukmo_global_deterministic_10km,88.3,77.9
166,2026-08-16T10:51:32Z,KPHX,2026-08-16,gfs_seamless,108.7,83.8
167,2026-08-16T10:51:32Z,KPHX,2026-08-17,gfs_seamless,113.9,83.2
168,2026-08-16T10:51:32Z,KPHX,2026-08-18,gfs_seamless,109.8,93.7
169,2026-08-16T10:51:32Z,KPHX,2026-08-16,icon_global,106.5,85.8
170,2026-08-16T10:51:32Z,KPHX,2026-08-17,icon_global,111.7,85.1
171,2026-08-16T10:51:32Z,KPHX,2026-08-18,icon_global,112.3,91.5
172,2026-08-16T10:51:32Z,KPHX,2026-08-16,gem_global,104.3,72.4
173,2026-08-16T10:51:32Z,KPHX,2026-08-17,gem_global,107.5,69.7
174,2026-08-16T10:51:32Z,KPHX,2026-08-18,gem_global,109.3,72.7
175,2026-08-16T10:51:32Z,KPHX,2026-08-16,ecmwf_ifs025,109.6,89.2
176,2026-08-16T10:51:32Z,KPHX,2026-08-17,ecmwf_ifs025,112.3,89.3
177,2026-08-16T10:51:32Z,KPHX,2026-08-18,ecmwf_ifs025,112.5,91.9
178,2026-08-16T10:51:32Z,KPHX,2026-08-16,ukmo_global_deterministic_10km,102.5,82.7
179,2026-08-16T10:51:32Z,KPHX,2026-08-17,ukmo_global_deterministic_10km,110.0,78.0
180,2026-08-16T10:51:32Z,KPHX,2026-08-18,ukmo_global_deterministic_10km,111.7,84.0
181,2026-08-16T10:51:32Z,KSAT,2026-08-16,gfs_seamless,99.5,71.6
182,2026-08-16T10:51:32Z,KSAT,2026-08-17,gfs_seamless,101.2,72.6
183,2026-08-16T10:51:32Z,KSAT,2026-08-18,gfs_seamless,101.3,77.7
184,2026-08-16T10:51:32Z,KSAT,2026-08-16,icon_global,98.3,77.5
185,2026-08-16T10:51:32Z,KSAT,2026-08-17,icon_global,100.1,75.8
186,2026-08-16T10:51:32Z,KSAT,2026-08-18,icon_global,99.4,76.1
187,2026-08-16T10:51:32Z,KSAT,2026-08-16,gem_global,96.2,72.1
188,2026-08-16T10:51:32Z,KSAT,2026-08-17,gem_global,96.5,72.6
189,2026-08-16T10:51:32Z,KSAT,2026-08-18,gem_global,96.4,70.2
190,2026-08-16T10:51:32Z,KSAT,2026-08-16,ecmwf_ifs025,98.9,75.9
191,2026-08-16T10:51:32Z,KSAT,2026-08-17,ecmwf_ifs025,99.5,76.6
192,2026-08-16T10:51:32Z,KSAT,2026-08-18,ecmwf_ifs025,98.8,78.8
193,2026-08-16T10:51:32Z,KSAT,2026-08-16,ukmo_global_deterministic_10km,98.7,76.7
194,2026-08-16T10:51:32Z,KSAT,2026-08-17,ukmo_global_deterministic_10km,99.9,78.6
195,2026-08-16T10:51:32Z,KSAT,2026-08-18,ukmo_global_deterministic_10km,99.5,77.7
196,2026-08-16T10:51:32Z,KSEA,2026-08-16,gfs_seamless,75.9,57.1
197,2026-08-16T10:51:32Z,KSEA,2026-08-17,gfs_seamless,79.9,55.9
198,2026-08-16T10:51:32Z,KSEA,2026-08-18,gfs_seamless,82.7,57.5
199,2026-08-16T10:51:32Z,KSEA,2026-08-16,icon_global,73.4,59.5
200,2026-08-16T10:51:32Z,KSEA,2026-08-17,icon_global,76.4,57.5
201,2026-08-16T10:51:32Z,KSEA,2026-08-18,icon_global,76.1,59.1
202,2026-08-16T10:51:32Z,KSEA,2026-08-16,gem_global,72.2,58.7
203,2026-08-16T10:51:32Z,KSEA,2026-08-17,gem_global,75.2,56.9
204,2026-08-16T10:51:32Z,KSEA,2026-08-18,gem_global,75.6,58.1
205,2026-08-16T10:51:32Z,KSEA,2026-08-16,ecmwf_ifs025,74.6,60.7
206,2026-08-16T10:51:32Z,KSEA,2026-08-17,ecmwf_ifs025,76.6,58.3
207,2026-08-16T10:51:32Z,KSEA,2026-08-18,ecmwf_ifs025,78.2,59.2
208,2026-08-16T10:51:32Z,KSEA,2026-08-16,ukmo_global_deterministic_10km,78.4,59.1
209,2026-08-16T10:51:32Z,KSEA,2026-08-17,ukmo_global_deterministic_10km,81.6,63.1
210,2026-08-16T10:51:32Z,KSEA,2026-08-18,ukmo_global_deterministic_10km,84.6,61.6
1,2026-08-16T11:28:16Z,KATL,2026-08-16,gfs_seamless,96.6,75.8
2,2026-08-16T11:28:16Z,KATL,2026-08-17,gfs_seamless,99.3,75.2
3,2026-08-16T11:28:16Z,KATL,2026-08-18,gfs_seamless,102.1,77.8
4,2026-08-16T11:28:16Z,KATL,2026-08-16,icon_global,93.0,77.8
5,2026-08-16T11:28:16Z,KATL,2026-08-17,icon_global,98.7,77.3
6,2026-08-16T11:28:16Z,KATL,2026-08-18,icon_global,93.1,77.8
7,2026-08-16T11:28:16Z,KATL,2026-08-16,gem_global,93.6,76.3
8,2026-08-16T11:28:16Z,KATL,2026-08-17,gem_global,96.1,75.8
9,2026-08-16T11:28:16Z,KATL,2026-08-18,gem_global,90.9,78.3
10,2026-08-16T11:28:16Z,KATL,2026-08-16,ecmwf_ifs025,96.0,75.8
11,2026-08-16T11:28:16Z,KATL,2026-08-17,ecmwf_ifs025,99.4,77.1
12,2026-08-16T11:28:16Z,KATL,2026-08-18,ecmwf_ifs025,98.1,77.1
13,2026-08-16T11:28:16Z,KATL,2026-08-16,ukmo_global_deterministic_10km,95.1,79.1
14,2026-08-16T11:28:16Z,KATL,2026-08-17,ukmo_global_deterministic_10km,97.9,79.2
15,2026-08-16T11:28:16Z,KATL,2026-08-18,ukmo_global_deterministic_10km,92.2,78.4
16,2026-08-16T11:28:16Z,KAUS,2026-08-16,gfs_seamless,100.2,74.3
17,2026-08-16T11:28:16Z,KAUS,2026-08-17,gfs_seamless,101.2,76.1
18,2026-08-16T11:28:16Z,KAUS,2026-08-18,gfs_seamless,104.4,75.9
19,2026-08-16T11:28:16Z,KAUS,2026-08-16,icon_global,102.1,76.7
20,2026-08-16T11:28:16Z,KAUS,2026-08-17,icon_global,103.5,72.6
21,2026-08-16T11:28:16Z,KAUS,2026-08-18,icon_global,103.2,76.5
22,2026-08-16T11:28:16Z,KAUS,2026-08-16,gem_global,97.8,72.3
23,2026-08-16T11:28:16Z,KAUS,2026-08-17,gem_global,98.5,71.5
24,2026-08-16T11:28:16Z,KAUS,2026-08-18,gem_global,98.1,72.1
25,2026-08-16T11:28:16Z,KAUS,2026-08-16,ecmwf_ifs025,100.0,75.5
26,2026-08-16T11:28:16Z,KAUS,2026-08-17,ecmwf_ifs025,101.4,74.6
27,2026-08-16T11:28:16Z,KAUS,2026-08-18,ecmwf_ifs025,101.0,78.7
28,2026-08-16T11:28:16Z,KAUS,2026-08-16,ukmo_global_deterministic_10km,101.0,75.5
29,2026-08-16T11:28:16Z,KAUS,2026-08-17,ukmo_global_deterministic_10km,101.7,77.1
30,2026-08-16T11:28:16Z,KAUS,2026-08-18,ukmo_global_deterministic_10km,102.2,78.1
151,2026-08-16T11:28:16Z,KDCA,2026-08-16,gfs_seamless,84.0,74.5
152,2026-08-16T11:28:16Z,KDCA,2026-08-17,gfs_seamless,87.9,74.2
153,2026-08-16T11:28:16Z,KDCA,2026-08-18,gfs_seamless,88.6,72.6
154,2026-08-16T11:28:16Z,KDCA,2026-08-16,icon_global,79.1,73.4
155,2026-08-16T11:28:16Z,KDCA,2026-08-17,icon_global,90.9,77.1
156,2026-08-16T11:28:16Z,KDCA,2026-08-18,icon_global,87.5,75.5
157,2026-08-16T11:28:16Z,KDCA,2026-08-16,gem_global,80.2,73.4
158,2026-08-16T11:28:16Z,KDCA,2026-08-17,gem_global,85.9,72.3
159,2026-08-16T11:28:16Z,KDCA,2026-08-18,gem_global,84.0,71.2
160,2026-08-16T11:28:16Z,KDCA,2026-08-16,ecmwf_ifs025,78.2,74.1
161,2026-08-16T11:28:16Z,KDCA,2026-08-17,ecmwf_ifs025,88.6,73.1
162,2026-08-16T11:28:16Z,KDCA,2026-08-18,ecmwf_ifs025,85.8,72.7
163,2026-08-16T11:28:16Z,KDCA,2026-08-16,ukmo_global_deterministic_10km,82.4,75.8
164,2026-08-16T11:28:16Z,KDCA,2026-08-17,ukmo_global_deterministic_10km,92.1,76.3
165,2026-08-16T11:28:16Z,KDCA,2026-08-18,ukmo_global_deterministic_10km,89.0,79.3
46,2026-08-16T11:28:16Z,KDEN,2026-08-16,gfs_seamless,86.1,60.8
47,2026-08-16T11:28:16Z,KDEN,2026-08-17,gfs_seamless,91.4,60.2
48,2026-08-16T11:28:16Z,KDEN,2026-08-18,gfs_seamless,93.8,68.6
49,2026-08-16T11:28:16Z,KDEN,2026-08-16,icon_global,81.5,60.5
50,2026-08-16T11:28:16Z,KDEN,2026-08-17,icon_global,87.4,60.6
51,2026-08-16T11:28:16Z,KDEN,2026-08-18,icon_global,92.2,68.0
52,2026-08-16T11:28:16Z,KDEN,2026-08-16,gem_global,79.7,55.3
53,2026-08-16T11:28:16Z,KDEN,2026-08-17,gem_global,87.5,54.2
54,2026-08-16T11:28:16Z,KDEN,2026-08-18,gem_global,91.7,59.2
55,2026-08-16T11:28:16Z,KDEN,2026-08-16,ecmwf_ifs025,78.5,58.9
56,2026-08-16T11:28:16Z,KDEN,2026-08-17,ecmwf_ifs025,88.6,59.8
57,2026-08-16T11:28:16Z,KDEN,2026-08-18,ecmwf_ifs025,94.1,63.4
58,2026-08-16T11:28:16Z,KDEN,2026-08-16,ukmo_global_deterministic_10km,81.6,58.5
59,2026-08-16T11:28:16Z,KDEN,2026-08-17,ukmo_global_deterministic_10km,86.5,62.5
60,2026-08-16T11:28:16Z,KDEN,2026-08-18,ukmo_global_deterministic_10km,88.0,64.5
31,2026-08-16T11:28:16Z,KDFW,2026-08-16,gfs_seamless,103.9,82.1
32,2026-08-16T11:28:16Z,KDFW,2026-08-17,gfs_seamless,105.9,80.1
33,2026-08-16T11:28:16Z,KDFW,2026-08-18,gfs_seamless,108.4,87.0
34,2026-08-16T11:28:16Z,KDFW,2026-08-16,icon_global,103.1,83.4
35,2026-08-16T11:28:16Z,KDFW,2026-08-17,icon_global,104.1,81.7
36,2026-08-16T11:28:16Z,KDFW,2026-08-18,icon_global,105.9,82.9
37,2026-08-16T11:28:16Z,KDFW,2026-08-16,gem_global,100.3,82.8
38,2026-08-16T11:28:16Z,KDFW,2026-08-17,gem_global,102.0,77.5
39,2026-08-16T11:28:16Z,KDFW,2026-08-18,gem_global,101.6,78.6
40,2026-08-16T11:28:16Z,KDFW,2026-08-16,ecmwf_ifs025,102.5,83.6
41,2026-08-16T11:28:16Z,KDFW,2026-08-17,ecmwf_ifs025,104.4,83.1
42,2026-08-16T11:28:16Z,KDFW,2026-08-18,ecmwf_ifs025,104.7,85.1
43,2026-08-16T11:28:16Z,KDFW,2026-08-16,ukmo_global_deterministic_10km,103.0,83.9
44,2026-08-16T11:28:16Z,KDFW,2026-08-17,ukmo_global_deterministic_10km,103.8,84.9
45,2026-08-16T11:28:16Z,KDFW,2026-08-18,ukmo_global_deterministic_10km,105.5,87.4
61,2026-08-16T11:28:16Z,KLAX,2026-08-16,gfs_seamless,76.4,61.8
62,2026-08-16T11:28:16Z,KLAX,2026-08-17,gfs_seamless,77.2,62.6
63,2026-08-16T11:28:16Z,KLAX,2026-08-18,gfs_seamless,85.8,73.2
64,2026-08-16T11:28:16Z,KLAX,2026-08-16,icon_global,78.9,66.5
65,2026-08-16T11:28:16Z,KLAX,2026-08-17,icon_global,81.8,62.8
66,2026-08-16T11:28:16Z,KLAX,2026-08-18,icon_global,86.2,65.6
67,2026-08-16T11:28:16Z,KLAX,2026-08-16,gem_global,76.9,61.9
68,2026-08-16T11:28:16Z,KLAX,2026-08-17,gem_global,77.0,62.9
69,2026-08-16T11:28:16Z,KLAX,2026-08-18,gem_global,78.7,63.9
70,2026-08-16T11:28:16Z,KLAX,2026-08-16,ecmwf_ifs025,84.9,66.9
71,2026-08-16T11:28:16Z,KLAX,2026-08-17,ecmwf_ifs025,88.3,66.3
72,2026-08-16T11:28:16Z,KLAX,2026-08-18,ecmwf_ifs025,89.8,67.5
73,2026-08-16T11:28:16Z,KLAX,2026-08-16,ukmo_global_deterministic_10km,73.5,66.8
74,2026-08-16T11:28:16Z,KLAX,2026-08-17,ukmo_global_deterministic_10km,73.8,66.1
75,2026-08-16T11:28:16Z,KLAX,2026-08-18,ukmo_global_deterministic_10km,75.3,66.8
76,2026-08-16T11:28:16Z,KMIA,2026-08-16,gfs_seamless,91.6,81.0
77,2026-08-16T11:28:16Z,KMIA,2026-08-17,gfs_seamless,93.6,77.5
78,2026-08-16T11:28:16Z,KMIA,2026-08-18,gfs_seamless,100.0,83.0
79,2026-08-16T11:28:16Z,KMIA,2026-08-16,icon_global,93.4,81.3
80,2026-08-16T11:28:16Z,KMIA,2026-08-17,icon_global,95.2,77.3
81,2026-08-16T11:28:16Z,KMIA,2026-08-18,icon_global,100.2,77.0
82,2026-08-16T11:28:16Z,KMIA,2026-08-16,gem_global,92.2,80.3
83,2026-08-16T11:28:16Z,KMIA,2026-08-17,gem_global,94.7,78.9
84,2026-08-16T11:28:16Z,KMIA,2026-08-18,gem_global,97.8,77.1
85,2026-08-16T11:28:16Z,KMIA,2026-08-16,ecmwf_ifs025,91.2,82.1
86,2026-08-16T11:28:16Z,KMIA,2026-08-17,ecmwf_ifs025,93.1,80.3
87,2026-08-16T11:28:16Z,KMIA,2026-08-18,ecmwf_ifs025,95.7,79.0
88,2026-08-16T11:28:16Z,KMIA,2026-08-16,ukmo_global_deterministic_10km,93.1,83.5
89,2026-08-16T11:28:16Z,KMIA,2026-08-17,ukmo_global_deterministic_10km,97.5,81.3
90,2026-08-16T11:28:16Z,KMIA,2026-08-18,ukmo_global_deterministic_10km,97.6,82.3
91,2026-08-16T11:28:16Z,KNYC,2026-08-16,gfs_seamless,82.0,67.3
92,2026-08-16T11:28:16Z,KNYC,2026-08-17,gfs_seamless,85.6,67.8
93,2026-08-16T11:28:16Z,KNYC,2026-08-18,gfs_seamless,86.6,72.3
94,2026-08-16T11:28:16Z,KNYC,2026-08-16,icon_global,78.8,70.1
95,2026-08-16T11:28:16Z,KNYC,2026-08-17,icon_global,78.8,70.1
96,2026-08-16T11:28:16Z,KNYC,2026-08-18,icon_global,87.1,71.5
97,2026-08-16T11:28:16Z,KNYC,2026-08-16,gem_global,80.0,66.2
98,2026-08-16T11:28:16Z,KNYC,2026-08-17,gem_global,77.6,66.8
99,2026-08-16T11:28:16Z,KNYC,2026-08-18,gem_global,83.5,70.4
100,2026-08-16T11:28:16Z,KNYC,2026-08-16,ecmwf_ifs025,81.0,68.7
101,2026-08-16T11:28:16Z,KNYC,2026-08-17,ecmwf_ifs025,81.3,69.8
102,2026-08-16T11:28:16Z,KNYC,2026-08-18,ecmwf_ifs025,85.7,71.2
103,2026-08-16T11:28:16Z,KNYC,2026-08-16,ukmo_global_deterministic_10km,81.0,73.4
104,2026-08-16T11:28:16Z,KNYC,2026-08-17,ukmo_global_deterministic_10km,81.0,71.2
105,2026-08-16T11:28:16Z,KNYC,2026-08-18,ukmo_global_deterministic_10km,88.3,75.6
106,2026-08-16T11:28:16Z,KOKC,2026-08-16,gfs_seamless,102.0,80.1
107,2026-08-16T11:28:16Z,KOKC,2026-08-17,gfs_seamless,98.4,75.0
108,2026-08-16T11:28:16Z,KOKC,2026-08-18,gfs_seamless,111.4,73.0
109,2026-08-16T11:28:16Z,KOKC,2026-08-16,icon_global,103.0,81.6
110,2026-08-16T11:28:16Z,KOKC,2026-08-17,icon_global,95.6,77.3
111,2026-08-16T11:28:16Z,KOKC,2026-08-18,icon_global,99.2,74.6
112,2026-08-16T11:28:16Z,KOKC,2026-08-16,gem_global,102.8,85.5
113,2026-08-16T11:28:16Z,KOKC,2026-08-17,gem_global,97.5,75.4
114,2026-08-16T11:28:16Z,KOKC,2026-08-18,gem_global,104.6,79.2
115,2026-08-16T11:28:16Z,KOKC,2026-08-16,ecmwf_ifs025,103.5,85.5
116,2026-08-16T11:28:16Z,KOKC,2026-08-17,ecmwf_ifs025,98.0,82.4
117,2026-08-16T11:28:16Z,KOKC,2026-08-18,ecmwf_ifs025,105.1,77.4
118,2026-08-16T11:28:16Z,KOKC,2026-08-16,ukmo_global_deterministic_10km,103.6,85.0
119,2026-08-16T11:28:16Z,KOKC,2026-08-17,ukmo_global_deterministic_10km,97.5,74.1
120,2026-08-16T11:28:16Z,KOKC,2026-08-18,ukmo_global_deterministic_10km,106.2,80.0
121,2026-08-16T11:28:16Z,KPHX,2026-08-16,gfs_seamless,108.7,83.8
122,2026-08-16T11:28:16Z,KPHX,2026-08-17,gfs_seamless,113.9,83.2
123,2026-08-16T11:28:16Z,KPHX,2026-08-18,gfs_seamless,109.8,93.7
124,2026-08-16T11:28:16Z,KPHX,2026-08-16,icon_global,106.5,85.8
125,2026-08-16T11:28:16Z,KPHX,2026-08-17,icon_global,111.7,85.1
126,2026-08-16T11:28:16Z,KPHX,2026-08-18,icon_global,112.3,91.5
127,2026-08-16T11:28:16Z,KPHX,2026-08-16,gem_global,104.3,72.4
128,2026-08-16T11:28:16Z,KPHX,2026-08-17,gem_global,107.5,69.7
129,2026-08-16T11:28:16Z,KPHX,2026-08-18,gem_global,109.3,72.7
130,2026-08-16T11:28:16Z,KPHX,2026-08-16,ecmwf_ifs025,109.6,89.2
131,2026-08-16T11:28:16Z,KPHX,2026-08-17,ecmwf_ifs025,112.3,89.3
132,2026-08-16T11:28:16Z,KPHX,2026-08-18,ecmwf_ifs025,112.5,91.9
133,2026-08-16T11:28:16Z,KPHX,2026-08-16,ukmo_global_deterministic_10km,102.5,82.7
134,2026-08-16T11:28:16Z,KPHX,2026-08-17,ukmo_global_deterministic_10km,110.0,78.0
135,2026-08-16T11:28:16Z,KPHX,2026-08-18,ukmo_global_deterministic_10km,111.7,84.0
136,2026-08-16T11:28:16Z,KSEA,2026-08-16,gfs_seamless,75.9,57.1
137,2026-08-16T11:28:16Z,KSEA,2026-08-17,gfs_seamless,79.9,55.9
138,2026-08-16T11:28:16Z,KSEA,2026-08-18,gfs_seamless,82.7,57.5
139,2026-08-16T11:28:16Z,KSEA,2026-08-16,icon_global,73.4,59.5
140,2026-08-16T11:28:16Z,KSEA,2026-08-17,icon_global,76.4,57.5
141,2026-08-16T11:28:16Z,KSEA,2026-08-18,icon_global,76.1,59.1
142,2026-08-16T11:28:16Z,KSEA,2026-08-16,gem_global,72.2,58.7
143,2026-08-16T11:28:16Z,KSEA,2026-08-17,gem_global,75.2,56.9
144,2026-08-16T11:28:16Z,KSEA,2026-08-18,gem_global,75.6,58.1
145,2026-08-16T11:28:16Z,KSEA,2026-08-16,ecmwf_ifs025,74.6,60.7
146,2026-08-16T11:28:16Z,KSEA,2026-08-17,ecmwf_ifs025,76.6,58.3
147,2026-08-16T11:28:16Z,KSEA,2026-08-18,ecmwf_ifs025,78.2,59.2
148,2026-08-16T11:28:16Z,KSEA,2026-08-16,ukmo_global_deterministic_10km,78.4,59.1
149,2026-08-16T11:28:16Z,KSEA,2026-08-17,ukmo_global_deterministic_10km,81.6,63.1
150,2026-08-16T11:28:16Z,KSEA,2026-08-18,ukmo_global_deterministic_10km,84.6,61.6
1,2026-08-16T11:49:34Z,KATL,2026-08-16,gfs_seamless,96.4,76.8
2,2026-08-16T11:49:34Z,KATL,2026-08-17,gfs_seamless,99.3,75.2
3,2026-08-16T11:49:34Z,KATL,2026-08-18,gfs_seamless,101.4,81.4
4,2026-08-16T11:49:34Z,KATL,2026-08-16,icon_global,93.0,77.8
5,2026-08-16T11:49:34Z,KATL,2026-08-17,icon_global,98.7,77.3
6,2026-08-16T11:49:34Z,KATL,2026-08-18,icon_global,93.1,77.8
7,2026-08-16T11:49:34Z,KATL,2026-08-16,gem_global,93.6,76.3
8,2026-08-16T11:49:34Z,KATL,2026-08-17,gem_global,96.1,75.8
9,2026-08-16T11:49:34Z,KATL,2026-08-18,gem_global,90.9,78.3
10,2026-08-16T11:49:34Z,KATL,2026-08-16,ecmwf_ifs025,96.0,75.8
11,2026-08-16T11:49:34Z,KATL,2026-08-17,ecmwf_ifs025,99.4,77.1
12,2026-08-16T11:49:34Z,KATL,2026-08-18,ecmwf_ifs025,98.1,77.1
13,2026-08-16T11:49:34Z,KATL,2026-08-16,ukmo_global_deterministic_10km,95.1,79.1
14,2026-08-16T11:49:34Z,KATL,2026-08-17,ukmo_global_deterministic_10km,97.9,79.2
15,2026-08-16T11:49:34Z,KATL,2026-08-18,ukmo_global_deterministic_10km,92.2,78.4
16,2026-08-16T11:49:34Z,KAUS,2026-08-16,gfs_seamless,100.0,76.1
17,2026-08-16T11:49:34Z,KAUS,2026-08-17,gfs_seamless,101.2,76.1
18,2026-08-16T11:49:34Z,KAUS,2026-08-18,gfs_seamless,103.6,75.7
19,2026-08-16T11:49:34Z,KAUS,2026-08-16,icon_global,102.1,76.7
20,2026-08-16T11:49:34Z,KAUS,2026-08-17,icon_global,103.5,72.6
21,2026-08-16T11:49:34Z,KAUS,2026-08-18,icon_global,103.2,76.5
22,2026-08-16T11:49:34Z,KAUS,2026-08-16,gem_global,97.8,72.3
23,2026-08-16T11:49:34Z,KAUS,2026-08-17,gem_global,98.5,71.5
24,2026-08-16T11:49:34Z,KAUS,2026-08-18,gem_global,98.1,72.1
25,2026-08-16T11:49:34Z,KAUS,2026-08-16,ecmwf_ifs025,100.0,75.5
26,2026-08-16T11:49:34Z,KAUS,2026-08-17,ecmwf_ifs025,101.4,74.6
27,2026-08-16T11:49:34Z,KAUS,2026-08-18,ecmwf_ifs025,101.0,78.7
28,2026-08-16T11:49:34Z,KAUS,2026-08-16,ukmo_global_deterministic_10km,101.0,75.5
29,2026-08-16T11:49:34Z,KAUS,2026-08-17,ukmo_global_deterministic_10km,101.7,77.1
30,2026-08-16T11:49:34Z,KAUS,2026-08-18,ukmo_global_deterministic_10km,102.2,78.1
31,2026-08-16T11:49:34Z,KBOS,2026-08-16,gfs_seamless,78.7,55.3
32,2026-08-16T11:49:34Z,KBOS,2026-08-17,gfs_seamless,73.3,66.9
33,2026-08-16T11:49:34Z,KBOS,2026-08-18,gfs_seamless,73.1,67.7
34,2026-08-16T11:49:34Z,KBOS,2026-08-16,icon_global,78.8,59.5
35,2026-08-16T11:49:34Z,KBOS,2026-08-17,icon_global,70.3,67.5
36,2026-08-16T11:49:34Z,KBOS,2026-08-18,icon_global,80.2,66.2
37,2026-08-16T11:49:34Z,KBOS,2026-08-16,gem_global,74.3,60.3
38,2026-08-16T11:49:34Z,KBOS,2026-08-17,gem_global,71.2,66.7
39,2026-08-16T11:49:34Z,KBOS,2026-08-18,gem_global,73.2,67.2
40,2026-08-16T11:49:34Z,KBOS,2026-08-16,ecmwf_ifs025,81.1,59.7
41,2026-08-16T11:49:34Z,KBOS,2026-08-17,ecmwf_ifs025,78.0,68.2
42,2026-08-16T11:49:34Z,KBOS,2026-08-18,ecmwf_ifs025,78.5,66.1
43,2026-08-16T11:49:34Z,KBOS,2026-08-16,ukmo_global_deterministic_10km,82.3,64.2
44,2026-08-16T11:49:34Z,KBOS,2026-08-17,ukmo_global_deterministic_10km,75.8,70.1
45,2026-08-16T11:49:34Z,KBOS,2026-08-18,ukmo_global_deterministic_10km,83.1,69.2
211,2026-08-16T11:49:34Z,KDCA,2026-08-16,gfs_seamless,80.1,74.2
212,2026-08-16T11:49:34Z,KDCA,2026-08-17,gfs_seamless,87.9,74.8
213,2026-08-16T11:49:34Z,KDCA,2026-08-18,gfs_seamless,89.4,73.3
214,2026-08-16T11:49:34Z,KDCA,2026-08-16,icon_global,79.1,73.4
215,2026-08-16T11:49:34Z,KDCA,2026-08-17,icon_global,90.9,77.1
216,2026-08-16T11:49:34Z,KDCA,2026-08-18,icon_global,87.5,75.5
217,2026-08-16T11:49:34Z,KDCA,2026-08-16,gem_global,80.2,73.4
218,2026-08-16T11:49:34Z,KDCA,2026-08-17,gem_global,85.9,72.3
219,2026-08-16T11:49:34Z,KDCA,2026-08-18,gem_global,84.0,71.2
220,2026-08-16T11:49:34Z,KDCA,2026-08-16,ecmwf_ifs025,78.2,74.1
221,2026-08-16T11:49:34Z,KDCA,2026-08-17,ecmwf_ifs025,88.6,73.1
222,2026-08-16T11:49:34Z,KDCA,2026-08-18,ecmwf_ifs025,85.8,72.7
223,2026-08-16T11:49:34Z,KDCA,2026-08-16,ukmo_global_deterministic_10km,82.4,75.8
224,2026-08-16T11:49:34Z,KDCA,2026-08-17,ukmo_global_deterministic_10km,92.1,76.3
225,2026-08-16T11:49:34Z,KDCA,2026-08-18,ukmo_global_deterministic_10km,89.0,79.3
46,2026-08-16T11:49:34Z,KDEN,2026-08-16,gfs_seamless,85.2,60.7
47,2026-08-16T11:49:34Z,KDEN,2026-08-17,gfs_seamless,91.4,60.2
48,2026-08-16T11:49:34Z,KDEN,2026-08-18,gfs_seamless,94.2,67.7
49,2026-08-16T11:49:34Z,KDEN,2026-08-16,icon_global,81.5,60.5
50,2026-08-16T11:49:34Z,KDEN,2026-08-17,icon_global,87.4,60.6
51,2026-08-16T11:49:34Z,KDEN,2026-08-18,icon_global,92.2,68.0
52,2026-08-16T11:49:34Z,KDEN,2026-08-16,gem_global,79.7,55.3
53,2026-08-16T11:49:34Z,KDEN,2026-08-17,gem_global,87.5,54.2
54,2026-08-16T11:49:34Z,KDEN,2026-08-18,gem_global,91.7,59.2
55,2026-08-16T11:49:34Z,KDEN,2026-08-16,ecmwf_ifs025,78.5,58.9
56,2026-08-16T11:49:34Z,KDEN,2026-08-17,ecmwf_ifs025,88.6,59.8
57,2026-08-16T11:49:34Z,KDEN,2026-08-18,ecmwf_ifs025,94.1,63.4
58,2026-08-16T11:49:34Z,KDEN,2026-08-16,ukmo_global_deterministic_10km,81.6,58.5
59,2026-08-16T11:49:34Z,KDEN,2026-08-17,ukmo_global_deterministic_10km,86.5,62.5
60,2026-08-16T11:49:34Z,KDEN,2026-08-18,ukmo_global_deterministic_10km,88.0,64.5
61,2026-08-16T11:49:34Z,KIAH,2026-08-16,gfs_seamless,99.7,75.1
62,2026-08-16T11:49:34Z,KIAH,2026-08-17,gfs_seamless,99.4,75.3
63,2026-08-16T11:49:34Z,KIAH,2026-08-18,gfs_seamless,101.4,81.4
64,2026-08-16T11:49:34Z,KIAH,2026-08-16,icon_global,95.5,75.7
65,2026-08-16T11:49:34Z,KIAH,2026-08-17,icon_global,96.6,73.3
66,2026-08-16T11:49:34Z,KIAH,2026-08-18,icon_global,96.4,75.8
67,2026-08-16T11:49:34Z,KIAH,2026-08-16,gem_global,96.2,74.3
68,2026-08-16T11:49:34Z,KIAH,2026-08-17,gem_global,96.3,71.9
69,2026-08-16T11:49:34Z,KIAH,2026-08-18,gem_global,98.0,72.8
70,2026-08-16T11:49:34Z,KIAH,2026-08-16,ecmwf_ifs025,95.7,75.9
71,2026-08-16T11:49:34Z,KIAH,2026-08-17,ecmwf_ifs025,96.6,74.9
72,2026-08-16T11:49:34Z,KIAH,2026-08-18,ecmwf_ifs025,97.0,78.1
73,2026-08-16T11:49:34Z,KIAH,2026-08-16,ukmo_global_deterministic_10km,96.4,77.5
74,2026-08-16T11:49:34Z,KIAH,2026-08-17,ukmo_global_deterministic_10km,97.7,76.7
75,2026-08-16T11:49:34Z,KIAH,2026-08-18,ukmo_global_deterministic_10km,97.3,81.0
76,2026-08-16T11:49:34Z,KLAS,2026-08-16,gfs_seamless,102.6,74.6
77,2026-08-16T11:49:34Z,KLAS,2026-08-17,gfs_seamless,107.7,78.7
78,2026-08-16T11:49:34Z,KLAS,2026-08-18,gfs_seamless,107.1,94.7
79,2026-08-16T11:49:34Z,KLAS,2026-08-16,icon_global,99.9,77.8
80,2026-08-16T11:49:34Z,KLAS,2026-08-17,icon_global,102.9,80.5
81,2026-08-16T11:49:34Z,KLAS,2026-08-18,icon_global,107.9,79.7
82,2026-08-16T11:49:34Z,KLAS,2026-08-16,gem_global,98.7,70.4
83,2026-08-16T11:49:34Z,KLAS,2026-08-17,gem_global,102.2,72.4
84,2026-08-16T11:49:34Z,KLAS,2026-08-18,gem_global,105.3,74.3
85,2026-08-16T11:49:34Z,KLAS,2026-08-16,ecmwf_ifs025,100.2,79.4
86,2026-08-16T11:49:34Z,KLAS,2026-08-17,ecmwf_ifs025,106.1,82.8
87,2026-08-16T11:49:34Z,KLAS,2026-08-18,ecmwf_ifs025,107.5,82.5
88,2026-08-16T11:49:34Z,KLAS,2026-08-16,ukmo_global_deterministic_10km,99.0,79.6
89,2026-08-16T11:49:34Z,KLAS,2026-08-17,ukmo_global_deterministic_10km,101.2,81.7
90,2026-08-16T11:49:34Z,KLAS,2026-08-18,ukmo_global_deterministic_10km,104.8,83.6
91,2026-08-16T11:49:34Z,KMSP,2026-08-16,gfs_seamless,82.7,66.9
92,2026-08-16T11:49:34Z,KMSP,2026-08-17,gfs_seamless,85.5,59.7
93,2026-08-16T11:49:34Z,KMSP,2026-08-18,gfs_seamless,83.9,64.1
94,2026-08-16T11:49:34Z,KMSP,2026-08-16,icon_global,78.1,66.6
95,2026-08-16T11:49:34Z,KMSP,2026-08-17,icon_global,81.4,63.2
96,2026-08-16T11:49:34Z,KMSP,2026-08-18,icon_global,78.6,67.7
97,2026-08-16T11:49:34Z,KMSP,2026-08-16,gem_global,77.9,65.0
98,2026-08-16T11:49:34Z,KMSP,2026-08-17,gem_global,80.2,60.3
99,2026-08-16T11:49:34Z,KMSP,2026-08-18,gem_global,73.6,62.7
100,2026-08-16T11:49:34Z,KMSP,2026-08-16,ecmwf_ifs025,80.6,65.9
101,2026-08-16T11:49:34Z,KMSP,2026-08-17,ecmwf_ifs025,83.7,61.5
102,2026-08-16T11:49:34Z,KMSP,2026-08-18,ecmwf_ifs025,80.6,65.3
103,2026-08-16T11:49:34Z,KMSP,2026-08-16,ukmo_global_deterministic_10km,82.1,67.7
104,2026-08-16T11:49:34Z,KMSP,2026-08-17,ukmo_global_deterministic_10km,84.3,67.3
105,2026-08-16T11:49:34Z,KMSP,2026-08-18,ukmo_global_deterministic_10km,77.5,68.5
106,2026-08-16T11:49:34Z,KMSY,2026-08-16,gfs_seamless,99.8,78.8
107,2026-08-16T11:49:34Z,KMSY,2026-08-17,gfs_seamless,98.4,78.7
108,2026-08-16T11:49:34Z,KMSY,2026-08-18,gfs_seamless,100.2,77.5
109,2026-08-16T11:49:34Z,KMSY,2026-08-16,icon_global,95.0,78.1
110,2026-08-16T11:49:34Z,KMSY,2026-08-17,icon_global,97.5,79.5
111,2026-08-16T11:49:34Z,KMSY,2026-08-18,icon_global,97.1,80.2
112,2026-08-16T11:49:34Z,KMSY,2026-08-16,gem_global,96.0,80.2
113,2026-08-16T11:49:34Z,KMSY,2026-08-17,gem_global,94.9,80.9
114,2026-08-16T11:49:34Z,KMSY,2026-08-18,gem_global,96.5,80.8
115,2026-08-16T11:49:34Z,KMSY,2026-08-16,ecmwf_ifs025,95.2,81.4
116,2026-08-16T11:49:34Z,KMSY,2026-08-17,ecmwf_ifs025,93.1,81.1
117,2026-08-16T11:49:34Z,KMSY,2026-08-18,ecmwf_ifs025,92.8,80.8
118,2026-08-16T11:49:34Z,KMSY,2026-08-16,ukmo_global_deterministic_10km,98.4,83.1
119,2026-08-16T11:49:34Z,KMSY,2026-08-17,ukmo_global_deterministic_10km,98.4,83.2
120,2026-08-16T11:49:34Z,KMSY,2026-08-18,ukmo_global_deterministic_10km,98.0,83.1
121,2026-08-16T11:49:34Z,KNYC,2026-08-16,gfs_seamless,82.2,68.8
122,2026-08-16T11:49:34Z,KNYC,2026-08-17,gfs_seamless,85.6,68.3
123,2026-08-16T11:49:34Z,KNYC,2026-08-18,gfs_seamless,89.4,72.3
124,2026-08-16T11:49:34Z,KNYC,2026-08-16,icon_global,78.8,70.1
125,2026-08-16T11:49:34Z,KNYC,2026-08-17,icon_global,78.8,70.1
126,2026-08-16T11:49:34Z,KNYC,2026-08-18,icon_global,87.1,71.5
127,2026-08-16T11:49:34Z,KNYC,2026-08-16,gem_global,80.0,66.2
128,2026-08-16T11:49:34Z,KNYC,2026-08-17,gem_global,77.6,66.8
129,2026-08-16T11:49:34Z,KNYC,2026-08-18,gem_global,83.5,70.4
130,2026-08-16T11:49:34Z,KNYC,2026-08-16,ecmwf_ifs025,81.0,68.7
131,2026-08-16T11:49:34Z,KNYC,2026-08-17,ecmwf_ifs025,81.3,69.8
132,2026-08-16T11:49:34Z,KNYC,2026-08-18,ecmwf_ifs025,85.7,71.2
133,2026-08-16T11:49:34Z,KNYC,2026-08-16,ukmo_global_deterministic_10km,81.0,73.4
134,2026-08-16T11:49:34Z,KNYC,2026-08-17,ukmo_global_deterministic_10km,81.0,71.2
135,2026-08-16T11:49:34Z,KNYC,2026-08-18,ukmo_global_deterministic_10km,88.3,75.6
136,2026-08-16T11:49:34Z,KPHL,2026-08-16,gfs_seamless,82.3,67.3
137,2026-08-16T11:49:34Z,KPHL,2026-08-17,gfs_seamless,88.2,70.5
138,2026-08-16T11:49:34Z,KPHL,2026-08-18,gfs_seamless,87.5,71.1
139,2026-08-16T11:49:34Z,KPHL,2026-08-16,icon_global,77.1,69.9
140,2026-08-16T11:49:34Z,KPHL,2026-08-17,icon_global,86.3,71.4
141,2026-08-16T11:49:34Z,KPHL,2026-08-18,icon_global,87.5,73.8
142,2026-08-16T11:49:34Z,KPHL,2026-08-16,gem_global,80.9,67.3
143,2026-08-16T11:49:34Z,KPHL,2026-08-17,gem_global,86.4,68.7
144,2026-08-16T11:49:34Z,KPHL,2026-08-18,gem_global,84.5,69.0
145,2026-08-16T11:49:34Z,KPHL,2026-08-16,ecmwf_ifs025,82.0,68.7
146,2026-08-16T11:49:34Z,KPHL,2026-08-17,ecmwf_ifs025,83.5,69.6
147,2026-08-16T11:49:34Z,KPHL,2026-08-18,ecmwf_ifs025,84.5,70.9
148,2026-08-16T11:49:34Z,KPHL,2026-08-16,ukmo_global_deterministic_10km,81.5,71.6
149,2026-08-16T11:49:34Z,KPHL,2026-08-17,ukmo_global_deterministic_10km,89.4,72.6
150,2026-08-16T11:49:34Z,KPHL,2026-08-18,ukmo_global_deterministic_10km,88.3,77.9
151,2026-08-16T11:49:34Z,KPHX,2026-08-16,gfs_seamless,109.2,84.9
152,2026-08-16T11:49:34Z,KPHX,2026-08-17,gfs_seamless,113.9,83.2
153,2026-08-16T11:49:34Z,KPHX,2026-08-18,gfs_seamless,108.3,94.8
154,2026-08-16T11:49:34Z,KPHX,2026-08-16,icon_global,106.5,85.8
155,2026-08-16T11:49:34Z,KPHX,2026-08-17,icon_global,111.7,85.1
156,2026-08-16T11:49:34Z,KPHX,2026-08-18,icon_global,112.3,91.5
157,2026-08-16T11:49:34Z,KPHX,2026-08-16,gem_global,104.3,72.4
158,2026-08-16T11:49:34Z,KPHX,2026-08-17,gem_global,107.5,69.7
159,2026-08-16T11:49:34Z,KPHX,2026-08-18,gem_global,109.3,72.7
160,2026-08-16T11:49:34Z,KPHX,2026-08-16,ecmwf_ifs025,109.6,89.2
161,2026-08-16T11:49:34Z,KPHX,2026-08-17,ecmwf_ifs025,112.3,89.3
162,2026-08-16T11:49:34Z,KPHX,2026-08-18,ecmwf_ifs025,112.5,91.9
163,2026-08-16T11:49:34Z,KPHX,2026-08-16,ukmo_global_deterministic_10km,102.5,82.7
164,2026-08-16T11:49:34Z,KPHX,2026-08-17,ukmo_global_deterministic_10km,110.0,78.0
165,2026-08-16T11:49:34Z,KPHX,2026-08-18,ukmo_global_deterministic_10km,111.7,84.0
166,2026-08-16T11:49:34Z,KSAT,2026-08-16,gfs_seamless,99.4,76.1
167,2026-08-16T11:49:34Z,KSAT,2026-08-17,gfs_seamless,101.2,72.6
168,2026-08-16T11:49:34Z,KSAT,2026-08-18,gfs_seamless,100.6,77.5
169,2026-08-16T11:49:34Z,KSAT,2026-08-16,icon_global,98.3,77.5
170,2026-08-16T11:49:34Z,KSAT,2026-08-17,icon_global,100.1,75.8
171,2026-08-16T11:49:34Z,KSAT,2026-08-18,icon_global,99.4,76.1
172,2026-08-16T11:49:34Z,KSAT,2026-08-16,gem_global,96.2,72.1
173,2026-08-16T11:49:34Z,KSAT,2026-08-17,gem_global,96.5,72.6
174,2026-08-16T11:49:34Z,KSAT,2026-08-18,gem_global,96.4,70.2
175,2026-08-16T11:49:34Z,KSAT,2026-08-16,ecmwf_ifs025,98.9,75.9
176,2026-08-16T11:49:34Z,KSAT,2026-08-17,ecmwf_ifs025,99.5,76.6
177,2026-08-16T11:49:34Z,KSAT,2026-08-18,ecmwf_ifs025,98.8,78.8
178,2026-08-16T11:49:34Z,KSAT,2026-08-16,ukmo_global_deterministic_10km,98.7,76.7
179,2026-08-16T11:49:34Z,KSAT,2026-08-17,ukmo_global_deterministic_10km,99.9,78.6
180,2026-08-16T11:49:34Z,KSAT,2026-08-18,ukmo_global_deterministic_10km,99.5,77.7
196,2026-08-16T11:49:34Z,KSEA,2026-08-16,gfs_seamless,75.5,58.0
197,2026-08-16T11:49:34Z,KSEA,2026-08-17,gfs_seamless,79.9,55.9
198,2026-08-16T11:49:34Z,KSEA,2026-08-18,gfs_seamless,83.6,57.7
199,2026-08-16T11:49:34Z,KSEA,2026-08-16,icon_global,73.4,59.5
200,2026-08-16T11:49:34Z,KSEA,2026-08-17,icon_global,76.4,57.5
201,2026-08-16T11:49:34Z,KSEA,2026-08-18,icon_global,76.1,59.1
202,2026-08-16T11:49:34Z,KSEA,2026-08-16,gem_global,72.2,58.7
203,2026-08-16T11:49:34Z,KSEA,2026-08-17,gem_global,75.2,56.9
204,2026-08-16T11:49:34Z,KSEA,2026-08-18,gem_global,75.6,58.1
205,2026-08-16T11:49:34Z,KSEA,2026-08-16,ecmwf_ifs025,74.6,60.7
206,2026-08-16T11:49:34Z,KSEA,2026-08-17,ecmwf_ifs025,76.6,58.3
207,2026-08-16T11:49:34Z,KSEA,2026-08-18,ecmwf_ifs025,78.2,59.2
208,2026-08-16T11:49:34Z,KSEA,2026-08-16,ukmo_global_deterministic_10km,78.4,59.1
209,2026-08-16T11:49:34Z,KSEA,2026-08-17,ukmo_global_deterministic_10km,81.6,63.1
210,2026-08-16T11:49:34Z,KSEA,2026-08-18,ukmo_global_deterministic_10km,84.6,61.6
181,2026-08-16T11:49:34Z,KSFO,2026-08-16,gfs_seamless,71.0,55.5
182,2026-08-16T11:49:34Z,KSFO,2026-08-17,gfs_seamless,65.8,54.9
183,2026-08-16T11:49:34Z,KSFO,2026-08-18,gfs_seamless,71.6,58.8
184,2026-08-16T11:49:34Z,KSFO,2026-08-16,icon_global,73.2,58.5
185,2026-08-16T11:49:34Z,KSFO,2026-08-17,icon_global,71.8,58.9
186,2026-08-16T11:49:34Z,KSFO,2026-08-18,icon_global,72.6,58.3
187,2026-08-16T11:49:34Z,KSFO,2026-08-16,gem_global,66.6,58.6
188,2026-08-16T11:49:34Z,KSFO,2026-08-17,gem_global,64.9,58.4
189,2026-08-16T11:49:34Z,KSFO,2026-08-18,gem_global,64.3,58.1
190,2026-08-16T11:49:34Z,KSFO,2026-08-16,ecmwf_ifs025,67.0,57.7
191,2026-08-16T11:49:34Z,KSFO,2026-08-17,ecmwf_ifs025,65.7,58.0
192,2026-08-16T11:49:34Z,KSFO,2026-08-18,ecmwf_ifs025,66.9,57.9
193,2026-08-16T11:49:34Z,KSFO,2026-08-16,ukmo_global_deterministic_10km,75.9,56.1
194,2026-08-16T11:49:34Z,KSFO,2026-08-17,ukmo_global_deterministic_10km,72.7,58.4
195,2026-08-16T11:49:34Z,KSFO,2026-08-18,ukmo_global_deterministic_10km,70.6,57.4
1,2026-08-16T12:54:39Z,KATL,2026-08-16,gfs_seamless,96.4,76.8
2,2026-08-16T12:54:39Z,KATL,2026-08-17,gfs_seamless,99.3,75.2
3,2026-08-16T12:54:39Z,KATL,2026-08-18,gfs_seamless,101.4,81.4
4,2026-08-16T12:54:39Z,KATL,2026-08-16,icon_global,93.0,77.8
5,2026-08-16T12:54:39Z,KATL,2026-08-17,icon_global,98.7,77.3
6,2026-08-16T12:54:39Z,KATL,2026-08-18,icon_global,93.1,77.8
7,2026-08-16T12:54:39Z,KATL,2026-08-16,gem_global,93.6,76.3
8,2026-08-16T12:54:39Z,KATL,2026-08-17,gem_global,96.1,75.8
9,2026-08-16T12:54:39Z,KATL,2026-08-18,gem_global,90.9,78.3
10,2026-08-16T12:54:39Z,KATL,2026-08-16,ecmwf_ifs025,96.0,75.8
11,2026-08-16T12:54:39Z,KATL,2026-08-17,ecmwf_ifs025,99.4,77.1
12,2026-08-16T12:54:39Z,KATL,2026-08-18,ecmwf_ifs025,98.1,77.1
13,2026-08-16T12:54:39Z,KATL,2026-08-16,ukmo_global_deterministic_10km,95.1,79.1
14,2026-08-16T12:54:39Z,KATL,2026-08-17,ukmo_global_deterministic_10km,97.9,79.2
15,2026-08-16T12:54:39Z,KATL,2026-08-18,ukmo_global_deterministic_10km,92.2,78.4
16,2026-08-16T12:54:39Z,KAUS,2026-08-16,gfs_seamless,100.0,76.1
17,2026-08-16T12:54:39Z,KAUS,2026-08-17,gfs_seamless,101.2,76.1
18,2026-08-16T12:54:39Z,KAUS,2026-08-18,gfs_seamless,103.6,75.7
19,2026-08-16T12:54:39Z,KAUS,2026-08-16,icon_global,102.1,76.7
20,2026-08-16T12:54:39Z,KAUS,2026-08-17,icon_global,103.5,72.6
21,2026-08-16T12:54:39Z,KAUS,2026-08-18,icon_global,103.2,76.5
22,2026-08-16T12:54:39Z,KAUS,2026-08-16,gem_global,97.8,72.3
23,2026-08-16T12:54:39Z,KAUS,2026-08-17,gem_global,98.5,71.5
24,2026-08-16T12:54:39Z,KAUS,2026-08-18,gem_global,98.1,72.1
25,2026-08-16T12:54:39Z,KAUS,2026-08-16,ecmwf_ifs025,100.0,75.5
26,2026-08-16T12:54:39Z,KAUS,2026-08-17,ecmwf_ifs025,101.4,74.6
27,2026-08-16T12:54:39Z,KAUS,2026-08-18,ecmwf_ifs025,101.0,78.7
28,2026-08-16T12:54:39Z,KAUS,2026-08-16,ukmo_global_deterministic_10km,101.0,75.5
29,2026-08-16T12:54:39Z,KAUS,2026-08-17,ukmo_global_deterministic_10km,101.7,77.1
30,2026-08-16T12:54:39Z,KAUS,2026-08-18,ukmo_global_deterministic_10km,102.2,78.1
46,2026-08-16T12:54:39Z,KDEN,2026-08-16,gfs_seamless,85.2,60.7
47,2026-08-16T12:54:39Z,KDEN,2026-08-17,gfs_seamless,91.4,60.2
48,2026-08-16T12:54:39Z,KDEN,2026-08-18,gfs_seamless,94.2,67.7
49,2026-08-16T12:54:39Z,KDEN,2026-08-16,icon_global,81.5,60.5
50,2026-08-16T12:54:39Z,KDEN,2026-08-17,icon_global,87.4,60.6
51,2026-08-16T12:54:39Z,KDEN,2026-08-18,icon_global,92.2,68.0
52,2026-08-16T12:54:39Z,KDEN,2026-08-16,gem_global,79.7,55.3
53,2026-08-16T12:54:39Z,KDEN,2026-08-17,gem_global,87.5,54.2
54,2026-08-16T12:54:39Z,KDEN,2026-08-18,gem_global,91.7,59.2
55,2026-08-16T12:54:39Z,KDEN,2026-08-16,ecmwf_ifs025,78.5,58.9
56,2026-08-16T12:54:39Z,KDEN,2026-08-17,ecmwf_ifs025,88.6,59.8
57,2026-08-16T12:54:39Z,KDEN,2026-08-18,ecmwf_ifs025,94.1,63.4
58,2026-08-16T12:54:39Z,KDEN,2026-08-16,ukmo_global_deterministic_10km,81.6,58.5
59,2026-08-16T12:54:39Z,KDEN,2026-08-17,ukmo_global_deterministic_10km,86.5,62.5
60,2026-08-16T12:54:39Z,KDEN,2026-08-18,ukmo_global_deterministic_10km,88.0,64.5
31,2026-08-16T12:54:39Z,KDFW,2026-08-16,gfs_seamless,103.8,81.7
32,2026-08-16T12:54:39Z,KDFW,2026-08-17,gfs_seamless,105.9,80.1
33,2026-08-16T12:54:39Z,KDFW,2026-08-18,gfs_seamless,108.4,87.0
34,2026-08-16T12:54:39Z,KDFW,2026-08-16,icon_global,103.1,83.4
35,2026-08-16T12:54:39Z,KDFW,2026-08-17,icon_global,104.1,81.7
36,2026-08-16T12:54:39Z,KDFW,2026-08-18,icon_global,105.9,82.9
37,2026-08-16T12:54:39Z,KDFW,2026-08-16,gem_global,100.3,82.8
38,2026-08-16T12:54:39Z,KDFW,2026-08-17,gem_global,102.0,77.5
39,2026-08-16T12:54:39Z,KDFW,2026-08-18,gem_global,101.6,78.6
40,2026-08-16T12:54:39Z,KDFW,2026-08-16,ecmwf_ifs025,102.5,83.6
41,2026-08-16T12:54:39Z,KDFW,2026-08-17,ecmwf_ifs025,104.4,83.1
42,2026-08-16T12:54:39Z,KDFW,2026-08-18,ecmwf_ifs025,104.7,85.1
43,2026-08-16T12:54:39Z,KDFW,2026-08-16,ukmo_global_deterministic_10km,103.0,83.9
44,2026-08-16T12:54:39Z,KDFW,2026-08-17,ukmo_global_deterministic_10km,103.8,84.9
45,2026-08-16T12:54:39Z,KDFW,2026-08-18,ukmo_global_deterministic_10km,105.5,87.4
61,2026-08-16T12:54:39Z,KLAX,2026-08-16,gfs_seamless,76.5,62.8
62,2026-08-16T12:54:39Z,KLAX,2026-08-17,gfs_seamless,77.2,62.6
63,2026-08-16T12:54:39Z,KLAX,2026-08-18,gfs_seamless,82.7,72.8
64,2026-08-16T12:54:39Z,KLAX,2026-08-16,icon_global,78.9,66.5
65,2026-08-16T12:54:39Z,KLAX,2026-08-17,icon_global,81.8,62.8
66,2026-08-16T12:54:39Z,KLAX,2026-08-18,icon_global,86.2,65.6
67,2026-08-16T12:54:39Z,KLAX,2026-08-16,gem_global,76.9,61.9
68,2026-08-16T12:54:39Z,KLAX,2026-08-17,gem_global,77.0,62.9
69,2026-08-16T12:54:39Z,KLAX,2026-08-18,gem_global,78.7,63.9
70,2026-08-16T12:54:39Z,KLAX,2026-08-16,ecmwf_ifs025,84.9,66.9
71,2026-08-16T12:54:39Z,KLAX,2026-08-17,ecmwf_ifs025,88.3,66.3
72,2026-08-16T12:54:39Z,KLAX,2026-08-18,ecmwf_ifs025,89.8,67.5
73,2026-08-16T12:54:39Z,KLAX,2026-08-16,ukmo_global_deterministic_10km,73.5,66.8
74,2026-08-16T12:54:39Z,KLAX,2026-08-17,ukmo_global_deterministic_10km,73.8,66.1
75,2026-08-16T12:54:39Z,KLAX,2026-08-18,ukmo_global_deterministic_10km,75.3,66.8
76,2026-08-16T12:54:39Z,KMIA,2026-08-16,gfs_seamless,92.2,81.5
77,2026-08-16T12:54:39Z,KMIA,2026-08-17,gfs_seamless,93.6,77.5
78,2026-08-16T12:54:39Z,KMIA,2026-08-18,gfs_seamless,99.5,83.0
79,2026-08-16T12:54:39Z,KMIA,2026-08-16,icon_global,93.4,81.3
80,2026-08-16T12:54:39Z,KMIA,2026-08-17,icon_global,95.2,77.3
81,2026-08-16T12:54:39Z,KMIA,2026-08-18,icon_global,100.2,77.0
82,2026-08-16T12:54:39Z,KMIA,2026-08-16,gem_global,92.2,80.3
83,2026-08-16T12:54:39Z,KMIA,2026-08-17,gem_global,94.7,78.9
84,2026-08-16T12:54:39Z,KMIA,2026-08-18,gem_global,97.8,77.1
85,2026-08-16T12:54:39Z,KMIA,2026-08-16,ecmwf_ifs025,91.2,82.1
86,2026-08-16T12:54:39Z,KMIA,2026-08-17,ecmwf_ifs025,93.1,80.3
87,2026-08-16T12:54:39Z,KMIA,2026-08-18,ecmwf_ifs025,95.7,79.0
88,2026-08-16T12:54:39Z,KMIA,2026-08-16,ukmo_global_deterministic_10km,93.1,83.5
89,2026-08-16T12:54:39Z,KMIA,2026-08-17,ukmo_global_deterministic_10km,97.5,81.3
90,2026-08-16T12:54:39Z,KMIA,2026-08-18,ukmo_global_deterministic_10km,97.6,82.3
91,2026-08-16T12:54:39Z,KNYC,2026-08-16,gfs_seamless,82.2,68.8
92,2026-08-16T12:54:39Z,KNYC,2026-08-17,gfs_seamless,85.6,68.3
93,2026-08-16T12:54:39Z,KNYC,2026-08-18,gfs_seamless,89.4,72.3
94,2026-08-16T12:54:39Z,KNYC,2026-08-16,icon_global,78.8,70.1
95,2026-08-16T12:54:39Z,KNYC,2026-08-17,icon_global,78.8,70.1
96,2026-08-16T12:54:39Z,KNYC,2026-08-18,icon_global,87.1,71.5
97,2026-08-16T12:54:39Z,KNYC,2026-08-16,gem_global,80.0,66.2
98,2026-08-16T12:54:39Z,KNYC,2026-08-17,gem_global,77.6,66.8
99,2026-08-16T12:54:39Z,KNYC,2026-08-18,gem_global,83.5,70.4
100,2026-08-16T12:54:39Z,KNYC,2026-08-16,ecmwf_ifs025,81.0,68.7
101,2026-08-16T12:54:39Z,KNYC,2026-08-17,ecmwf_ifs025,81.3,69.8
102,2026-08-16T12:54:39Z,KNYC,2026-08-18,ecmwf_ifs025,85.7,71.2
103,2026-08-16T12:54:39Z,KNYC,2026-08-16,ukmo_global_deterministic_10km,81.0,73.4
104,2026-08-16T12:54:39Z,KNYC,2026-08-17,ukmo_global_deterministic_10km,81.0,71.2
105,2026-08-16T12:54:39Z,KNYC,2026-08-18,ukmo_global_deterministic_10km,88.3,75.6
106,2026-08-16T12:54:39Z,KOKC,2026-08-16,gfs_seamless,103.0,80.1
107,2026-08-16T12:54:39Z,KOKC,2026-08-17,gfs_seamless,98.4,75.0
108,2026-08-16T12:54:39Z,KOKC,2026-08-18,gfs_seamless,111.7,73.0
109,2026-08-16T12:54:39Z,KOKC,2026-08-16,icon_global,103.0,81.6
110,2026-08-16T12:54:39Z,KOKC,2026-08-17,icon_global,95.6,77.3
111,2026-08-16T12:54:39Z,KOKC,2026-08-18,icon_global,99.2,74.6
112,2026-08-16T12:54:39Z,KOKC,2026-08-16,gem_global,102.8,85.5
113,2026-08-16T12:54:39Z,KOKC,2026-08-17,gem_global,97.5,75.4
114,2026-08-16T12:54:39Z,KOKC,2026-08-18,gem_global,104.6,79.2
115,2026-08-16T12:54:39Z,KOKC,2026-08-16,ecmwf_ifs025,103.5,85.5
116,2026-08-16T12:54:39Z,KOKC,2026-08-17,ecmwf_ifs025,98.0,82.4
117,2026-08-16T12:54:39Z,KOKC,2026-08-18,ecmwf_ifs025,105.1,77.4
118,2026-08-16T12:54:39Z,KOKC,2026-08-16,ukmo_global_deterministic_10km,103.6,85.0
119,2026-08-16T12:54:39Z,KOKC,2026-08-17,ukmo_global_deterministic_10km,97.5,74.1
120,2026-08-16T12:54:39Z,KOKC,2026-08-18,ukmo_global_deterministic_10km,106.2,80.0
136,2026-08-16T12:54:39Z,KSEA,2026-08-16,gfs_seamless,74.6,58.0
137,2026-08-16T12:54:39Z,KSEA,2026-08-17,gfs_seamless,79.9,55.9
138,2026-08-16T12:54:39Z,KSEA,2026-08-18,gfs_seamless,83.6,57.7
139,2026-08-16T12:54:39Z,KSEA,2026-08-16,icon_global,73.4,59.5
140,2026-08-16T12:54:39Z,KSEA,2026-08-17,icon_global,76.4,57.5
141,2026-08-16T12:54:39Z,KSEA,2026-08-18,icon_global,76.1,59.1
142,2026-08-16T12:54:39Z,KSEA,2026-08-16,gem_global,72.2,58.7
143,2026-08-16T12:54:39Z,KSEA,2026-08-17,gem_global,75.2,56.9
144,2026-08-16T12:54:39Z,KSEA,2026-08-18,gem_global,75.6,58.1
145,2026-08-16T12:54:39Z,KSEA,2026-08-16,ecmwf_ifs025,74.6,60.7
146,2026-08-16T12:54:39Z,KSEA,2026-08-17,ecmwf_ifs025,76.6,58.3
147,2026-08-16T12:54:39Z,KSEA,2026-08-18,ecmwf_ifs025,78.2,59.2
148,2026-08-16T12:54:39Z,KSEA,2026-08-16,ukmo_global_deterministic_10km,78.4,59.1
149,2026-08-16T12:54:39Z,KSEA,2026-08-17,ukmo_global_deterministic_10km,81.6,63.1
150,2026-08-16T12:54:39Z,KSEA,2026-08-18,ukmo_global_deterministic_10km,84.6,61.6
121,2026-08-16T12:54:39Z,KSFO,2026-08-16,gfs_seamless,72.2,56.1
122,2026-08-16T12:54:39Z,KSFO,2026-08-17,gfs_seamless,65.8,54.9
123,2026-08-16T12:54:39Z,KSFO,2026-08-18,gfs_seamless,71.6,58.8
124,2026-08-16T12:54:39Z,KSFO,2026-08-16,icon_global,73.2,58.5
125,2026-08-16T12:54:39Z,KSFO,2026-08-17,icon_global,71.8,58.9
126,2026-08-16T12:54:39Z,KSFO,2026-08-18,icon_global,72.6,58.3
127,2026-08-16T12:54:39Z,KSFO,2026-08-16,gem_global,66.6,58.6
128,2026-08-16T12:54:39Z,KSFO,2026-08-17,gem_global,64.9,58.4
129,2026-08-16T12:54:39Z,KSFO,2026-08-18,gem_global,64.3,58.1
130,2026-08-16T12:54:39Z,KSFO,2026-08-16,ecmwf_ifs025,67.0,57.7
131,2026-08-16T12:54:39Z,KSFO,2026-08-17,ecmwf_ifs025,65.7,58.0
132,2026-08-16T12:54:39Z,KSFO,2026-08-18,ecmwf_ifs025,66.9,57.9
133,2026-08-16T12:54:39Z,KSFO,2026-08-16,ukmo_global_deterministic_10km,75.9,56.1
134,2026-08-16T12:54:39Z,KSFO,2026-08-17,ukmo_global_deterministic_10km,72.7,58.4
135,2026-08-16T12:54:39Z,KSFO,2026-08-18,ukmo_global_deterministic_10km,70.6,57.4
