id,run_at,icao,forecast_date,model_name,high_f,low_f
1,2026-06-20T01:18:12Z,KATL,2026-06-19,gfs_seamless,84.9,70.4
2,2026-06-20T01:18:12Z,KATL,2026-06-20,gfs_seamless,84.0,71.7
3,2026-06-20T01:18:12Z,KATL,2026-06-21,gfs_seamless,89.0,69.0
4,2026-06-20T01:18:12Z,KATL,2026-06-19,icon_global,85.4,71.6
5,2026-06-20T01:18:12Z,KATL,2026-06-20,icon_global,85.2,71.4
6,2026-06-20T01:18:12Z,KATL,2026-06-21,icon_global,89.6,70.4
7,2026-06-20T01:18:12Z,KATL,2026-06-19,gem_global,81.1,69.4
8,2026-06-20T01:18:12Z,KATL,2026-06-20,gem_global,81.1,67.8
9,2026-06-20T01:18:12Z,KATL,2026-06-21,gem_global,85.7,67.3
10,2026-06-20T01:18:12Z,KATL,2026-06-19,ecmwf_ifs025,86.5,70.7
11,2026-06-20T01:18:12Z,KATL,2026-06-20,ecmwf_ifs025,83.3,69.3
12,2026-06-20T01:18:12Z,KATL,2026-06-21,ecmwf_ifs025,86.4,70.0
13,2026-06-20T01:18:12Z,KATL,2026-06-19,ukmo_global_deterministic_10km,88.4,69.7
14,2026-06-20T01:18:12Z,KATL,2026-06-20,ukmo_global_deterministic_10km,86.7,74.7
15,2026-06-20T01:18:12Z,KATL,2026-06-21,ukmo_global_deterministic_10km,90.5,71.9
16,2026-06-20T01:18:12Z,KAUS,2026-06-19,gfs_seamless,86.3,79.6
17,2026-06-20T01:18:12Z,KAUS,2026-06-20,gfs_seamless,89.5,73.7
18,2026-06-20T01:18:12Z,KAUS,2026-06-21,gfs_seamless,97.3,76.8
19,2026-06-20T01:18:12Z,KAUS,2026-06-19,icon_global,89.4,80.3
20,2026-06-20T01:18:12Z,KAUS,2026-06-20,icon_global,85.7,77.4
21,2026-06-20T01:18:12Z,KAUS,2026-06-21,icon_global,90.9,77.6
22,2026-06-20T01:18:12Z,KAUS,2026-06-19,gem_global,94.2,79.7
23,2026-06-20T01:18:12Z,KAUS,2026-06-20,gem_global,93.9,81.0
24,2026-06-20T01:18:12Z,KAUS,2026-06-21,gem_global,97.3,79.3
25,2026-06-20T01:18:12Z,KAUS,2026-06-19,ecmwf_ifs025,86.2,77.6
26,2026-06-20T01:18:12Z,KAUS,2026-06-20,ecmwf_ifs025,89.5,74.0
27,2026-06-20T01:18:12Z,KAUS,2026-06-21,ecmwf_ifs025,92.9,76.4
28,2026-06-20T01:18:12Z,KAUS,2026-06-19,ukmo_global_deterministic_10km,89.6,79.8
29,2026-06-20T01:18:12Z,KAUS,2026-06-20,ukmo_global_deterministic_10km,86.0,77.9
30,2026-06-20T01:18:12Z,KAUS,2026-06-21,ukmo_global_deterministic_10km,95.9,78.9
31,2026-06-20T01:18:12Z,KBOS,2026-06-19,gfs_seamless,80.4,62.6
32,2026-06-20T01:18:12Z,KBOS,2026-06-20,gfs_seamless,80.0,58.6
33,2026-06-20T01:18:12Z,KBOS,2026-06-21,gfs_seamless,76.6,59.0
34,2026-06-20T01:18:12Z,KBOS,2026-06-19,icon_global,79.7,65.8
35,2026-06-20T01:18:12Z,KBOS,2026-06-20,icon_global,78.4,62.6
36,2026-06-20T01:18:12Z,KBOS,2026-06-21,icon_global,81.9,61.7
37,2026-06-20T01:18:12Z,KBOS,2026-06-19,gem_global,74.4,66.7
38,2026-06-20T01:18:12Z,KBOS,2026-06-20,gem_global,74.9,64.8
39,2026-06-20T01:18:12Z,KBOS,2026-06-21,gem_global,72.6,63.1
40,2026-06-20T01:18:12Z,KBOS,2026-06-19,ecmwf_ifs025,79.5,67.6
41,2026-06-20T01:18:12Z,KBOS,2026-06-20,ecmwf_ifs025,79.6,63.5
42,2026-06-20T01:18:12Z,KBOS,2026-06-21,ecmwf_ifs025,83.4,60.7
43,2026-06-20T01:18:12Z,KBOS,2026-06-19,ukmo_global_deterministic_10km,81.0,67.1
44,2026-06-20T01:18:12Z,KBOS,2026-06-20,ukmo_global_deterministic_10km,76.7,64.2
45,2026-06-20T01:18:12Z,KBOS,2026-06-21,ukmo_global_deterministic_10km,79.3,64.5
211,2026-06-20T01:18:12Z,KDCA,2026-06-19,gfs_seamless,84.1,70.9
212,2026-06-20T01:18:12Z,KDCA,2026-06-20,gfs_seamless,88.2,61.9
213,2026-06-20T01:18:12Z,KDCA,2026-06-21,gfs_seamless,89.9,61.5
214,2026-06-20T01:18:12Z,KDCA,2026-06-19,icon_global,83.0,71.3
215,2026-06-20T01:18:12Z,KDCA,2026-06-20,icon_global,85.7,68.2
216,2026-06-20T01:18:12Z,KDCA,2026-06-21,icon_global,88.2,70.4
217,2026-06-20T01:18:12Z,KDCA,2026-06-19,gem_global,83.5,74.3
218,2026-06-20T01:18:12Z,KDCA,2026-06-20,gem_global,85.4,66.2
219,2026-06-20T01:18:12Z,KDCA,2026-06-21,gem_global,86.8,64.6
220,2026-06-20T01:18:12Z,KDCA,2026-06-19,ecmwf_ifs025,84.7,72.3
221,2026-06-20T01:18:12Z,KDCA,2026-06-20,ecmwf_ifs025,89.8,63.9
222,2026-06-20T01:18:12Z,KDCA,2026-06-21,ecmwf_ifs025,91.7,68.8
223,2026-06-20T01:18:12Z,KDCA,2026-06-19,ukmo_global_deterministic_10km,84.5,72.6
224,2026-06-20T01:18:12Z,KDCA,2026-06-20,ukmo_global_deterministic_10km,85.1,68.7
225,2026-06-20T01:18:12Z,KDCA,2026-06-21,ukmo_global_deterministic_10km,87.5,69.8
46,2026-06-20T01:18:12Z,KDEN,2026-06-19,gfs_seamless,82.2,59.6
47,2026-06-20T01:18:12Z,KDEN,2026-06-20,gfs_seamless,94.2,57.5
48,2026-06-20T01:18:12Z,KDEN,2026-06-21,gfs_seamless,92.2,58.2
49,2026-06-20T01:18:12Z,KDEN,2026-06-19,icon_global,80.5,58.4
50,2026-06-20T01:18:12Z,KDEN,2026-06-20,icon_global,93.5,54.4
51,2026-06-20T01:18:12Z,KDEN,2026-06-21,icon_global,89.9,56.8
52,2026-06-20T01:18:12Z,KDEN,2026-06-19,gem_global,82.1,55.7
53,2026-06-20T01:18:12Z,KDEN,2026-06-20,gem_global,90.0,57.1
54,2026-06-20T01:18:12Z,KDEN,2026-06-21,gem_global,85.6,52.4
55,2026-06-20T01:18:12Z,KDEN,2026-06-19,ecmwf_ifs025,82.3,61.0
56,2026-06-20T01:18:12Z,KDEN,2026-06-20,ecmwf_ifs025,95.4,59.0
57,2026-06-20T01:18:12Z,KDEN,2026-06-21,ecmwf_ifs025,90.8,62.3
58,2026-06-20T01:18:12Z,KDEN,2026-06-19,ukmo_global_deterministic_10km,85.8,59.5
59,2026-06-20T01:18:12Z,KDEN,2026-06-20,ukmo_global_deterministic_10km,95.7,56.7
60,2026-06-20T01:18:12Z,KDEN,2026-06-21,ukmo_global_deterministic_10km,89.7,63.0
61,2026-06-20T01:18:12Z,KIAH,2026-06-19,gfs_seamless,90.8,77.4
62,2026-06-20T01:18:12Z,KIAH,2026-06-20,gfs_seamless,84.5,74.0
63,2026-06-20T01:18:12Z,KIAH,2026-06-21,gfs_seamless,94.6,76.0
64,2026-06-20T01:18:12Z,KIAH,2026-06-19,icon_global,91.3,81.0
65,2026-06-20T01:18:12Z,KIAH,2026-06-20,icon_global,89.3,79.7
66,2026-06-20T01:18:12Z,KIAH,2026-06-21,icon_global,89.0,77.6
67,2026-06-20T01:18:12Z,KIAH,2026-06-19,gem_global,94.0,81.4
68,2026-06-20T01:18:12Z,KIAH,2026-06-20,gem_global,93.3,82.9
69,2026-06-20T01:18:12Z,KIAH,2026-06-21,gem_global,94.4,81.4
70,2026-06-20T01:18:12Z,KIAH,2026-06-19,ecmwf_ifs025,87.2,78.1
71,2026-06-20T01:18:12Z,KIAH,2026-06-20,ecmwf_ifs025,87.2,73.2
72,2026-06-20T01:18:12Z,KIAH,2026-06-21,ecmwf_ifs025,90.6,74.9
73,2026-06-20T01:18:12Z,KIAH,2026-06-19,ukmo_global_deterministic_10km,94.1,80.5
74,2026-06-20T01:18:12Z,KIAH,2026-06-20,ukmo_global_deterministic_10km,91.9,80.6
75,2026-06-20T01:18:12Z,KIAH,2026-06-21,ukmo_global_deterministic_10km,94.8,80.3
76,2026-06-20T01:18:12Z,KLAS,2026-06-19,gfs_seamless,101.2,81.8
77,2026-06-20T01:18:12Z,KLAS,2026-06-20,gfs_seamless,101.2,75.1
78,2026-06-20T01:18:12Z,KLAS,2026-06-21,gfs_seamless,102.3,69.8
79,2026-06-20T01:18:12Z,KLAS,2026-06-19,icon_global,101.6,84.1
80,2026-06-20T01:18:12Z,KLAS,2026-06-20,icon_global,101.2,78.2
81,2026-06-20T01:18:12Z,KLAS,2026-06-21,icon_global,102.4,72.3
82,2026-06-20T01:18:12Z,KLAS,2026-06-19,gem_global,100.7,67.4
83,2026-06-20T01:18:12Z,KLAS,2026-06-20,gem_global,98.4,61.2
84,2026-06-20T01:18:12Z,KLAS,2026-06-21,gem_global,99.3,59.3
85,2026-06-20T01:18:12Z,KLAS,2026-06-19,ecmwf_ifs025,101.0,78.8
86,2026-06-20T01:18:12Z,KLAS,2026-06-20,ecmwf_ifs025,100.4,74.4
87,2026-06-20T01:18:12Z,KLAS,2026-06-21,ecmwf_ifs025,101.8,73.4
88,2026-06-20T01:18:12Z,KLAS,2026-06-19,ukmo_global_deterministic_10km,103.0,77.6
89,2026-06-20T01:18:12Z,KLAS,2026-06-20,ukmo_global_deterministic_10km,103.1,76.4
90,2026-06-20T01:18:12Z,KLAS,2026-06-21,ukmo_global_deterministic_10km,104.2,74.7
91,2026-06-20T01:18:12Z,KMIA,2026-06-19,gfs_seamless,92.2,79.3
92,2026-06-20T01:18:12Z,KMIA,2026-06-20,gfs_seamless,92.7,76.1
93,2026-06-20T01:18:12Z,KMIA,2026-06-21,gfs_seamless,89.6,74.3
94,2026-06-20T01:18:12Z,KMIA,2026-06-19,icon_global,92.7,80.9
95,2026-06-20T01:18:12Z,KMIA,2026-06-20,icon_global,93.1,76.5
96,2026-06-20T01:18:12Z,KMIA,2026-06-21,icon_global,92.7,76.2
97,2026-06-20T01:18:12Z,KMIA,2026-06-19,gem_global,91.2,81.3
98,2026-06-20T01:18:12Z,KMIA,2026-06-20,gem_global,91.5,78.6
99,2026-06-20T01:18:12Z,KMIA,2026-06-21,gem_global,91.0,75.9
100,2026-06-20T01:18:12Z,KMIA,2026-06-19,ecmwf_ifs025,90.0,77.8
101,2026-06-20T01:18:12Z,KMIA,2026-06-20,ecmwf_ifs025,87.6,75.6
102,2026-06-20T01:18:12Z,KMIA,2026-06-21,ecmwf_ifs025,87.7,75.4
103,2026-06-20T01:18:12Z,KMIA,2026-06-19,ukmo_global_deterministic_10km,91.2,82.7
104,2026-06-20T01:18:12Z,KMIA,2026-06-20,ukmo_global_deterministic_10km,92.8,81.4
105,2026-06-20T01:18:12Z,KMIA,2026-06-21,ukmo_global_deterministic_10km,91.5,79.7
106,2026-06-20T01:18:12Z,KMSP,2026-06-19,gfs_seamless,74.2,50.0
107,2026-06-20T01:18:12Z,KMSP,2026-06-20,gfs_seamless,72.7,51.5
108,2026-06-20T01:18:12Z,KMSP,2026-06-21,gfs_seamless,74.9,53.6
109,2026-06-20T01:18:12Z,KMSP,2026-06-19,icon_global,71.4,52.8
110,2026-06-20T01:18:12Z,KMSP,2026-06-20,icon_global,72.1,55.4
111,2026-06-20T01:18:12Z,KMSP,2026-06-21,icon_global,72.2,57.0
112,2026-06-20T01:18:12Z,KMSP,2026-06-19,gem_global,72.4,48.2
113,2026-06-20T01:18:12Z,KMSP,2026-06-20,gem_global,73.5,55.2
114,2026-06-20T01:18:12Z,KMSP,2026-06-21,gem_global,76.2,53.7
115,2026-06-20T01:18:12Z,KMSP,2026-06-19,ecmwf_ifs025,71.5,51.2
116,2026-06-20T01:18:12Z,KMSP,2026-06-20,ecmwf_ifs025,72.8,55.1
117,2026-06-20T01:18:12Z,KMSP,2026-06-21,ecmwf_ifs025,74.8,55.6
118,2026-06-20T01:18:12Z,KMSP,2026-06-19,ukmo_global_deterministic_10km,70.0,56.4
119,2026-06-20T01:18:12Z,KMSP,2026-06-20,ukmo_global_deterministic_10km,76.4,57.5
120,2026-06-20T01:18:12Z,KMSP,2026-06-21,ukmo_global_deterministic_10km,77.6,60.6
121,2026-06-20T01:18:12Z,KMSY,2026-06-19,gfs_seamless,91.2,78.9
122,2026-06-20T01:18:12Z,KMSY,2026-06-20,gfs_seamless,86.3,74.3
123,2026-06-20T01:18:12Z,KMSY,2026-06-21,gfs_seamless,86.7,74.4
124,2026-06-20T01:18:12Z,KMSY,2026-06-19,icon_global,94.8,79.6
125,2026-06-20T01:18:12Z,KMSY,2026-06-20,icon_global,93.1,79.6
126,2026-06-20T01:18:12Z,KMSY,2026-06-21,icon_global,89.5,79.0
127,2026-06-20T01:18:12Z,KMSY,2026-06-19,gem_global,92.6,81.0
128,2026-06-20T01:18:12Z,KMSY,2026-06-20,gem_global,92.5,80.3
129,2026-06-20T01:18:12Z,KMSY,2026-06-21,gem_global,92.0,81.4
130,2026-06-20T01:18:12Z,KMSY,2026-06-19,ecmwf_ifs025,92.2,78.7
131,2026-06-20T01:18:12Z,KMSY,2026-06-20,ecmwf_ifs025,83.2,75.3
132,2026-06-20T01:18:12Z,KMSY,2026-06-21,ecmwf_ifs025,88.6,78.1
133,2026-06-20T01:18:12Z,KMSY,2026-06-19,ukmo_global_deterministic_10km,96.3,81.1
134,2026-06-20T01:18:12Z,KMSY,2026-06-20,ukmo_global_deterministic_10km,92.4,81.1
135,2026-06-20T01:18:12Z,KMSY,2026-06-21,ukmo_global_deterministic_10km,91.0,80.4
136,2026-06-20T01:18:12Z,KOKC,2026-06-19,gfs_seamless,84.3,66.7
137,2026-06-20T01:18:12Z,KOKC,2026-06-20,gfs_seamless,90.3,67.8
138,2026-06-20T01:18:12Z,KOKC,2026-06-21,gfs_seamless,102.9,68.9
139,2026-06-20T01:18:12Z,KOKC,2026-06-19,icon_global,83.3,65.3
140,2026-06-20T01:18:12Z,KOKC,2026-06-20,icon_global,88.3,70.8
141,2026-06-20T01:18:12Z,KOKC,2026-06-21,icon_global,94.8,75.0
142,2026-06-20T01:18:12Z,KOKC,2026-06-19,gem_global,76.8,68.4
143,2026-06-20T01:18:12Z,KOKC,2026-06-20,gem_global,81.5,69.6
144,2026-06-20T01:18:12Z,KOKC,2026-06-21,gem_global,92.1,71.0
145,2026-06-20T01:18:12Z,KOKC,2026-06-19,ecmwf_ifs025,83.2,66.3
146,2026-06-20T01:18:12Z,KOKC,2026-06-20,ecmwf_ifs025,87.9,67.8
147,2026-06-20T01:18:12Z,KOKC,2026-06-21,ecmwf_ifs025,95.7,75.5
148,2026-06-20T01:18:12Z,KOKC,2026-06-19,ukmo_global_deterministic_10km,84.7,65.1
149,2026-06-20T01:18:12Z,KOKC,2026-06-20,ukmo_global_deterministic_10km,92.2,72.1
150,2026-06-20T01:18:12Z,KOKC,2026-06-21,ukmo_global_deterministic_10km,97.2,75.5
151,2026-06-20T01:18:12Z,KPHL,2026-06-19,gfs_seamless,81.5,69.9
152,2026-06-20T01:18:12Z,KPHL,2026-06-20,gfs_seamless,84.1,61.1
153,2026-06-20T01:18:12Z,KPHL,2026-06-21,gfs_seamless,83.7,61.6
154,2026-06-20T01:18:12Z,KPHL,2026-06-19,icon_global,82.2,72.0
155,2026-06-20T01:18:12Z,KPHL,2026-06-20,icon_global,82.5,66.6
156,2026-06-20T01:18:12Z,KPHL,2026-06-21,icon_global,85.2,69.5
157,2026-06-20T01:18:12Z,KPHL,2026-06-19,gem_global,82.8,73.2
158,2026-06-20T01:18:12Z,KPHL,2026-06-20,gem_global,83.4,68.1
159,2026-06-20T01:18:12Z,KPHL,2026-06-21,gem_global,84.5,61.8
160,2026-06-20T01:18:12Z,KPHL,2026-06-19,ecmwf_ifs025,84.0,73.3
161,2026-06-20T01:18:12Z,KPHL,2026-06-20,ecmwf_ifs025,84.4,65.8
162,2026-06-20T01:18:12Z,KPHL,2026-06-21,ecmwf_ifs025,86.8,65.2
163,2026-06-20T01:18:12Z,KPHL,2026-06-19,ukmo_global_deterministic_10km,82.7,72.1
164,2026-06-20T01:18:12Z,KPHL,2026-06-20,ukmo_global_deterministic_10km,82.2,67.9
165,2026-06-20T01:18:12Z,KPHL,2026-06-21,ukmo_global_deterministic_10km,84.3,69.0
166,2026-06-20T01:18:12Z,KPHX,2026-06-19,gfs_seamless,104.5,82.3
167,2026-06-20T01:18:12Z,KPHX,2026-06-20,gfs_seamless,105.8,73.3
168,2026-06-20T01:18:12Z,KPHX,2026-06-21,gfs_seamless,104.2,72.3
169,2026-06-20T01:18:12Z,KPHX,2026-06-19,icon_global,103.7,81.6
170,2026-06-20T01:18:12Z,KPHX,2026-06-20,icon_global,102.9,77.4
171,2026-06-20T01:18:12Z,KPHX,2026-06-21,icon_global,105.2,78.0
172,2026-06-20T01:18:12Z,KPHX,2026-06-19,gem_global,103.1,68.3
173,2026-06-20T01:18:12Z,KPHX,2026-06-20,gem_global,100.4,60.4
174,2026-06-20T01:18:12Z,KPHX,2026-06-21,gem_global,102.2,57.9
175,2026-06-20T01:18:12Z,KPHX,2026-06-19,ecmwf_ifs025,104.9,82.8
176,2026-06-20T01:18:12Z,KPHX,2026-06-20,ecmwf_ifs025,104.1,81.9
177,2026-06-20T01:18:12Z,KPHX,2026-06-21,ecmwf_ifs025,105.6,81.7
178,2026-06-20T01:18:12Z,KPHX,2026-06-19,ukmo_global_deterministic_10km,104.1,77.4
179,2026-06-20T01:18:12Z,KPHX,2026-06-20,ukmo_global_deterministic_10km,104.3,73.4
180,2026-06-20T01:18:12Z,KPHX,2026-06-21,ukmo_global_deterministic_10km,104.7,71.3
196,2026-06-20T01:18:12Z,KSEA,2026-06-19,gfs_seamless,80.2,58.9
197,2026-06-20T01:18:12Z,KSEA,2026-06-20,gfs_seamless,75.9,54.1
198,2026-06-20T01:18:12Z,KSEA,2026-06-21,gfs_seamless,80.7,52.5
199,2026-06-20T01:18:12Z,KSEA,2026-06-19,icon_global,78.5,58.8
200,2026-06-20T01:18:12Z,KSEA,2026-06-20,icon_global,69.8,55.4
201,2026-06-20T01:18:12Z,KSEA,2026-06-21,icon_global,75.3,54.7
202,2026-06-20T01:18:12Z,KSEA,2026-06-19,gem_global,77.6,55.2
203,2026-06-20T01:18:12Z,KSEA,2026-06-20,gem_global,72.7,53.8
204,2026-06-20T01:18:12Z,KSEA,2026-06-21,gem_global,75.3,51.1
205,2026-06-20T01:18:12Z,KSEA,2026-06-19,ecmwf_ifs025,80.0,59.3
206,2026-06-20T01:18:12Z,KSEA,2026-06-20,ecmwf_ifs025,73.5,54.5
207,2026-06-20T01:18:12Z,KSEA,2026-06-21,ecmwf_ifs025,76.9,52.8
208,2026-06-20T01:18:12Z,KSEA,2026-06-19,ukmo_global_deterministic_10km,82.1,62.7
209,2026-06-20T01:18:12Z,KSEA,2026-06-20,ukmo_global_deterministic_10km,76.8,55.4
210,2026-06-20T01:18:12Z,KSEA,2026-06-21,ukmo_global_deterministic_10km,80.5,55.9
181,2026-06-20T01:18:12Z,KSFO,2026-06-19,gfs_seamless,70.0,57.5
182,2026-06-20T01:18:12Z,KSFO,2026-06-20,gfs_seamless,68.5,55.9
183,2026-06-20T01:18:12Z,KSFO,2026-06-21,gfs_seamless,70.3,52.6
184,2026-06-20T01:18:12Z,KSFO,2026-06-19,icon_global,70.3,60.9
185,2026-06-20T01:18:12Z,KSFO,2026-06-20,icon_global,69.9,58.6
186,2026-06-20T01:18:12Z,KSFO,2026-06-21,icon_global,68.8,55.4
187,2026-06-20T01:18:12Z,KSFO,2026-06-19,gem_global,65.8,59.3
188,2026-06-20T01:18:12Z,KSFO,2026-06-20,gem_global,63.9,56.6
189,2026-06-20T01:18:12Z,KSFO,2026-06-21,gem_global,62.4,56.2
190,2026-06-20T01:18:12Z,KSFO,2026-06-19,ecmwf_ifs025,65.4,57.9
191,2026-06-20T01:18:12Z,KSFO,2026-06-20,ecmwf_ifs025,64.2,56.1
192,2026-06-20T01:18:12Z,KSFO,2026-06-21,ecmwf_ifs025,63.8,54.8
193,2026-06-20T01:18:12Z,KSFO,2026-06-19,ukmo_global_deterministic_10km,68.2,58.8
194,2026-06-20T01:18:12Z,KSFO,2026-06-20,ukmo_global_deterministic_10km,68.6,57.2
195,2026-06-20T01:18:12Z,KSFO,2026-06-21,ukmo_global_deterministic_10km,66.1,54.8
1,2026-06-20T02:27:43Z,KATL,2026-06-19,gfs_seamless,84.9,70.4
2,2026-06-20T02:27:43Z,KATL,2026-06-20,gfs_seamless,84.2,71.9
3,2026-06-20T02:27:43Z,KATL,2026-06-21,gfs_seamless,87.3,69.6
4,2026-06-20T02:27:43Z,KATL,2026-06-19,icon_global,85.4,71.6
5,2026-06-20T02:27:43Z,KATL,2026-06-20,icon_global,85.2,71.4
6,2026-06-20T02:27:43Z,KATL,2026-06-21,icon_global,89.6,70.4
7,2026-06-20T02:27:43Z,KATL,2026-06-19,gem_global,81.1,69.4
8,2026-06-20T02:27:43Z,KATL,2026-06-20,gem_global,81.1,67.8
9,2026-06-20T02:27:43Z,KATL,2026-06-21,gem_global,85.7,67.3
10,2026-06-20T02:27:43Z,KATL,2026-06-19,ecmwf_ifs025,86.5,70.7
11,2026-06-20T02:27:43Z,KATL,2026-06-20,ecmwf_ifs025,83.3,69.3
12,2026-06-20T02:27:43Z,KATL,2026-06-21,ecmwf_ifs025,86.4,70.0
13,2026-06-20T02:27:43Z,KATL,2026-06-19,ukmo_global_deterministic_10km,85.9,69.7
14,2026-06-20T02:27:43Z,KATL,2026-06-20,ukmo_global_deterministic_10km,85.6,73.7
15,2026-06-20T02:27:43Z,KATL,2026-06-21,ukmo_global_deterministic_10km,91.2,70.0
16,2026-06-20T02:27:43Z,KAUS,2026-06-19,gfs_seamless,86.3,80.0
17,2026-06-20T02:27:43Z,KAUS,2026-06-20,gfs_seamless,89.5,74.4
18,2026-06-20T02:27:43Z,KAUS,2026-06-21,gfs_seamless,90.3,75.1
19,2026-06-20T02:27:43Z,KAUS,2026-06-19,icon_global,89.4,80.3
20,2026-06-20T02:27:43Z,KAUS,2026-06-20,icon_global,85.7,77.4
21,2026-06-20T02:27:43Z,KAUS,2026-06-21,icon_global,90.9,77.6
22,2026-06-20T02:27:43Z,KAUS,2026-06-19,gem_global,94.2,79.7
23,2026-06-20T02:27:43Z,KAUS,2026-06-20,gem_global,93.9,81.0
24,2026-06-20T02:27:43Z,KAUS,2026-06-21,gem_global,97.3,79.3
25,2026-06-20T02:27:43Z,KAUS,2026-06-19,ecmwf_ifs025,86.2,77.6
26,2026-06-20T02:27:43Z,KAUS,2026-06-20,ecmwf_ifs025,89.5,74.0
27,2026-06-20T02:27:43Z,KAUS,2026-06-21,ecmwf_ifs025,92.9,76.4
28,2026-06-20T02:27:43Z,KAUS,2026-06-19,ukmo_global_deterministic_10km,88.9,79.8
29,2026-06-20T02:27:43Z,KAUS,2026-06-20,ukmo_global_deterministic_10km,87.8,76.1
30,2026-06-20T02:27:43Z,KAUS,2026-06-21,ukmo_global_deterministic_10km,95.7,78.6
226,2026-06-20T02:27:43Z,KDCA,2026-06-19,gfs_seamless,84.1,72.2
227,2026-06-20T02:27:43Z,KDCA,2026-06-20,gfs_seamless,88.6,62.2
228,2026-06-20T02:27:43Z,KDCA,2026-06-21,gfs_seamless,88.7,63.3
229,2026-06-20T02:27:43Z,KDCA,2026-06-19,icon_global,83.0,71.3
230,2026-06-20T02:27:43Z,KDCA,2026-06-20,icon_global,85.7,68.2
231,2026-06-20T02:27:43Z,KDCA,2026-06-21,icon_global,88.2,70.4
232,2026-06-20T02:27:43Z,KDCA,2026-06-19,gem_global,83.5,74.3
233,2026-06-20T02:27:43Z,KDCA,2026-06-20,gem_global,85.4,66.2
234,2026-06-20T02:27:43Z,KDCA,2026-06-21,gem_global,86.8,64.6
235,2026-06-20T02:27:43Z,KDCA,2026-06-19,ecmwf_ifs025,84.7,72.3
236,2026-06-20T02:27:43Z,KDCA,2026-06-20,ecmwf_ifs025,89.8,63.9
237,2026-06-20T02:27:43Z,KDCA,2026-06-21,ecmwf_ifs025,91.7,68.8
238,2026-06-20T02:27:43Z,KDCA,2026-06-19,ukmo_global_deterministic_10km,83.8,72.6
239,2026-06-20T02:27:43Z,KDCA,2026-06-20,ukmo_global_deterministic_10km,84.4,68.4
240,2026-06-20T02:27:43Z,KDCA,2026-06-21,ukmo_global_deterministic_10km,88.2,71.1
46,2026-06-20T02:27:43Z,KDEN,2026-06-19,gfs_seamless,82.2,59.6
47,2026-06-20T02:27:43Z,KDEN,2026-06-20,gfs_seamless,93.9,55.6
48,2026-06-20T02:27:43Z,KDEN,2026-06-21,gfs_seamless,88.8,58.2
49,2026-06-20T02:27:43Z,KDEN,2026-06-19,icon_global,80.5,58.4
50,2026-06-20T02:27:43Z,KDEN,2026-06-20,icon_global,93.5,54.4
51,2026-06-20T02:27:43Z,KDEN,2026-06-21,icon_global,89.9,56.8
52,2026-06-20T02:27:43Z,KDEN,2026-06-19,gem_global,82.1,55.7
53,2026-06-20T02:27:43Z,KDEN,2026-06-20,gem_global,90.0,57.1
54,2026-06-20T02:27:43Z,KDEN,2026-06-21,gem_global,85.6,52.4
55,2026-06-20T02:27:43Z,KDEN,2026-06-19,ecmwf_ifs025,82.3,61.0
56,2026-06-20T02:27:43Z,KDEN,2026-06-20,ecmwf_ifs025,95.4,59.0
57,2026-06-20T02:27:43Z,KDEN,2026-06-21,ecmwf_ifs025,90.8,62.3
58,2026-06-20T02:27:43Z,KDEN,2026-06-19,ukmo_global_deterministic_10km,83.9,59.5
59,2026-06-20T02:27:43Z,KDEN,2026-06-20,ukmo_global_deterministic_10km,94.2,60.0
60,2026-06-20T02:27:43Z,KDEN,2026-06-21,ukmo_global_deterministic_10km,88.8,55.9
31,2026-06-20T02:27:43Z,KDFW,2026-06-19,gfs_seamless,86.5,71.3
32,2026-06-20T02:27:43Z,KDFW,2026-06-20,gfs_seamless,87.0,71.9
33,2026-06-20T02:27:43Z,KDFW,2026-06-21,gfs_seamless,94.7,72.9
34,2026-06-20T02:27:43Z,KDFW,2026-06-19,icon_global,84.3,76.3
35,2026-06-20T02:27:43Z,KDFW,2026-06-20,icon_global,83.4,75.6
36,2026-06-20T02:27:43Z,KDFW,2026-06-21,icon_global,92.8,78.1
37,2026-06-20T02:27:43Z,KDFW,2026-06-19,gem_global,83.2,74.8
38,2026-06-20T02:27:43Z,KDFW,2026-06-20,gem_global,78.1,70.1
39,2026-06-20T02:27:43Z,KDFW,2026-06-21,gem_global,90.7,71.4
40,2026-06-20T02:27:43Z,KDFW,2026-06-19,ecmwf_ifs025,79.7,73.1
41,2026-06-20T02:27:43Z,KDFW,2026-06-20,ecmwf_ifs025,87.0,73.6
42,2026-06-20T02:27:43Z,KDFW,2026-06-21,ecmwf_ifs025,92.0,76.9
43,2026-06-20T02:27:43Z,KDFW,2026-06-19,ukmo_global_deterministic_10km,87.6,74.5
44,2026-06-20T02:27:43Z,KDFW,2026-06-20,ukmo_global_deterministic_10km,93.4,76.6
45,2026-06-20T02:27:43Z,KDFW,2026-06-21,ukmo_global_deterministic_10km,98.8,79.0
61,2026-06-20T02:27:43Z,KLAS,2026-06-19,gfs_seamless,101.3,81.8
62,2026-06-20T02:27:43Z,KLAS,2026-06-20,gfs_seamless,101.3,74.4
63,2026-06-20T02:27:43Z,KLAS,2026-06-21,gfs_seamless,102.3,69.1
64,2026-06-20T02:27:43Z,KLAS,2026-06-19,icon_global,101.6,84.1
65,2026-06-20T02:27:43Z,KLAS,2026-06-20,icon_global,101.2,78.2
66,2026-06-20T02:27:43Z,KLAS,2026-06-21,icon_global,102.4,72.3
67,2026-06-20T02:27:43Z,KLAS,2026-06-19,gem_global,100.7,67.4
68,2026-06-20T02:27:43Z,KLAS,2026-06-20,gem_global,98.4,61.2
69,2026-06-20T02:27:43Z,KLAS,2026-06-21,gem_global,99.3,59.3
70,2026-06-20T02:27:43Z,KLAS,2026-06-19,ecmwf_ifs025,101.0,78.8
71,2026-06-20T02:27:43Z,KLAS,2026-06-20,ecmwf_ifs025,100.4,74.4
72,2026-06-20T02:27:43Z,KLAS,2026-06-21,ecmwf_ifs025,101.8,73.4
73,2026-06-20T02:27:43Z,KLAS,2026-06-19,ukmo_global_deterministic_10km,102.8,77.6
74,2026-06-20T02:27:43Z,KLAS,2026-06-20,ukmo_global_deterministic_10km,103.4,76.3
75,2026-06-20T02:27:43Z,KLAS,2026-06-21,ukmo_global_deterministic_10km,104.2,74.5
76,2026-06-20T02:27:43Z,KLAX,2026-06-19,gfs_seamless,68.4,58.9
77,2026-06-20T02:27:43Z,KLAX,2026-06-20,gfs_seamless,69.3,51.8
78,2026-06-20T02:27:43Z,KLAX,2026-06-21,gfs_seamless,68.1,52.6
79,2026-06-20T02:27:43Z,KLAX,2026-06-19,icon_global,70.4,61.0
80,2026-06-20T02:27:43Z,KLAX,2026-06-20,icon_global,71.1,59.3
81,2026-06-20T02:27:43Z,KLAX,2026-06-21,icon_global,72.5,57.9
82,2026-06-20T02:27:43Z,KLAX,2026-06-19,gem_global,68.5,56.6
83,2026-06-20T02:27:43Z,KLAX,2026-06-20,gem_global,67.7,53.8
84,2026-06-20T02:27:43Z,KLAX,2026-06-21,gem_global,69.0,53.5
85,2026-06-20T02:27:43Z,KLAX,2026-06-19,ecmwf_ifs025,75.0,62.9
86,2026-06-20T02:27:43Z,KLAX,2026-06-20,ecmwf_ifs025,74.1,58.5
87,2026-06-20T02:27:43Z,KLAX,2026-06-21,ecmwf_ifs025,75.6,58.8
88,2026-06-20T02:27:43Z,KLAX,2026-06-19,ukmo_global_deterministic_10km,68.1,61.7
89,2026-06-20T02:27:43Z,KLAX,2026-06-20,ukmo_global_deterministic_10km,66.7,60.8
90,2026-06-20T02:27:43Z,KLAX,2026-06-21,ukmo_global_deterministic_10km,67.9,61.2
91,2026-06-20T02:27:43Z,KMIA,2026-06-19,gfs_seamless,92.2,75.0
92,2026-06-20T02:27:43Z,KMIA,2026-06-20,gfs_seamless,90.3,75.8
93,2026-06-20T02:27:43Z,KMIA,2026-06-21,gfs_seamless,91.4,76.4
94,2026-06-20T02:27:43Z,KMIA,2026-06-19,icon_global,92.7,80.9
95,2026-06-20T02:27:43Z,KMIA,2026-06-20,icon_global,93.1,76.5
96,2026-06-20T02:27:43Z,KMIA,2026-06-21,icon_global,92.7,76.2
97,2026-06-20T02:27:43Z,KMIA,2026-06-19,gem_global,91.2,81.3
98,2026-06-20T02:27:43Z,KMIA,2026-06-20,gem_global,91.5,78.6
99,2026-06-20T02:27:43Z,KMIA,2026-06-21,gem_global,91.0,75.9
100,2026-06-20T02:27:43Z,KMIA,2026-06-19,ecmwf_ifs025,90.0,77.8
101,2026-06-20T02:27:43Z,KMIA,2026-06-20,ecmwf_ifs025,87.6,75.6
102,2026-06-20T02:27:43Z,KMIA,2026-06-21,ecmwf_ifs025,87.7,75.4
103,2026-06-20T02:27:43Z,KMIA,2026-06-19,ukmo_global_deterministic_10km,92.0,82.7
104,2026-06-20T02:27:43Z,KMIA,2026-06-20,ukmo_global_deterministic_10km,92.7,81.3
105,2026-06-20T02:27:43Z,KMIA,2026-06-21,ukmo_global_deterministic_10km,93.7,80.1
106,2026-06-20T02:27:43Z,KMSY,2026-06-19,gfs_seamless,91.2,78.7
107,2026-06-20T02:27:43Z,KMSY,2026-06-20,gfs_seamless,84.7,75.5
108,2026-06-20T02:27:43Z,KMSY,2026-06-21,gfs_seamless,86.7,74.7
109,2026-06-20T02:27:43Z,KMSY,2026-06-19,icon_global,94.8,79.6
110,2026-06-20T02:27:43Z,KMSY,2026-06-20,icon_global,93.1,79.6
111,2026-06-20T02:27:43Z,KMSY,2026-06-21,icon_global,89.5,79.0
112,2026-06-20T02:27:43Z,KMSY,2026-06-19,gem_global,92.6,81.0
113,2026-06-20T02:27:43Z,KMSY,2026-06-20,gem_global,92.5,80.3
114,2026-06-20T02:27:43Z,KMSY,2026-06-21,gem_global,92.0,81.4
115,2026-06-20T02:27:43Z,KMSY,2026-06-19,ecmwf_ifs025,92.2,78.7
116,2026-06-20T02:27:43Z,KMSY,2026-06-20,ecmwf_ifs025,83.2,75.3
117,2026-06-20T02:27:43Z,KMSY,2026-06-21,ecmwf_ifs025,88.6,78.1
118,2026-06-20T02:27:43Z,KMSY,2026-06-19,ukmo_global_deterministic_10km,96.8,81.1
119,2026-06-20T02:27:43Z,KMSY,2026-06-20,ukmo_global_deterministic_10km,93.9,81.5
120,2026-06-20T02:27:43Z,KMSY,2026-06-21,ukmo_global_deterministic_10km,89.6,79.1
121,2026-06-20T02:27:43Z,KNYC,2026-06-19,gfs_seamless,83.1,68.9
122,2026-06-20T02:27:43Z,KNYC,2026-06-20,gfs_seamless,83.6,63.7
123,2026-06-20T02:27:43Z,KNYC,2026-06-21,gfs_seamless,81.5,61.3
124,2026-06-20T02:27:43Z,KNYC,2026-06-19,icon_global,80.8,70.1
125,2026-06-20T02:27:43Z,KNYC,2026-06-20,icon_global,80.7,65.6
126,2026-06-20T02:27:43Z,KNYC,2026-06-21,icon_global,82.7,68.7
127,2026-06-20T02:27:43Z,KNYC,2026-06-19,gem_global,81.7,70.8
128,2026-06-20T02:27:43Z,KNYC,2026-06-20,gem_global,79.6,66.6
129,2026-06-20T02:27:43Z,KNYC,2026-06-21,gem_global,81.8,62.2
130,2026-06-20T02:27:43Z,KNYC,2026-06-19,ecmwf_ifs025,84.3,71.2
131,2026-06-20T02:27:43Z,KNYC,2026-06-20,ecmwf_ifs025,84.6,66.0
132,2026-06-20T02:27:43Z,KNYC,2026-06-21,ecmwf_ifs025,85.8,66.0
133,2026-06-20T02:27:43Z,KNYC,2026-06-19,ukmo_global_deterministic_10km,82.6,70.4
134,2026-06-20T02:27:43Z,KNYC,2026-06-20,ukmo_global_deterministic_10km,81.0,66.6
135,2026-06-20T02:27:43Z,KNYC,2026-06-21,ukmo_global_deterministic_10km,83.7,68.4
136,2026-06-20T02:27:43Z,KOKC,2026-06-19,gfs_seamless,84.3,66.7
137,2026-06-20T02:27:43Z,KOKC,2026-06-20,gfs_seamless,89.5,68.3
138,2026-06-20T02:27:43Z,KOKC,2026-06-21,gfs_seamless,98.9,68.9
139,2026-06-20T02:27:43Z,KOKC,2026-06-19,icon_global,83.3,65.3
140,2026-06-20T02:27:43Z,KOKC,2026-06-20,icon_global,88.3,70.8
141,2026-06-20T02:27:43Z,KOKC,2026-06-21,icon_global,94.8,75.0
142,2026-06-20T02:27:43Z,KOKC,2026-06-19,gem_global,76.8,68.4
143,2026-06-20T02:27:43Z,KOKC,2026-06-20,gem_global,81.5,69.6
144,2026-06-20T02:27:43Z,KOKC,2026-06-21,gem_global,92.1,71.0
145,2026-06-20T02:27:43Z,KOKC,2026-06-19,ecmwf_ifs025,83.2,66.3
146,2026-06-20T02:27:43Z,KOKC,2026-06-20,ecmwf_ifs025,87.9,67.8
147,2026-06-20T02:27:43Z,KOKC,2026-06-21,ecmwf_ifs025,95.7,75.5
148,2026-06-20T02:27:43Z,KOKC,2026-06-19,ukmo_global_deterministic_10km,87.4,65.1
149,2026-06-20T02:27:43Z,KOKC,2026-06-20,ukmo_global_deterministic_10km,89.3,70.9
150,2026-06-20T02:27:43Z,KOKC,2026-06-21,ukmo_global_deterministic_10km,97.3,75.9
151,2026-06-20T02:27:43Z,KPHL,2026-06-19,gfs_seamless,81.5,70.5
152,2026-06-20T02:27:43Z,KPHL,2026-06-20,gfs_seamless,83.7,62.2
153,2026-06-20T02:27:43Z,KPHL,2026-06-21,gfs_seamless,85.6,66.1
154,2026-06-20T02:27:43Z,KPHL,2026-06-19,icon_global,82.2,72.0
155,2026-06-20T02:27:43Z,KPHL,2026-06-20,icon_global,82.5,66.6
156,2026-06-20T02:27:43Z,KPHL,2026-06-21,icon_global,85.2,69.5
157,2026-06-20T02:27:43Z,KPHL,2026-06-19,gem_global,82.8,73.2
158,2026-06-20T02:27:43Z,KPHL,2026-06-20,gem_global,83.4,68.1
159,2026-06-20T02:27:43Z,KPHL,2026-06-21,gem_global,84.5,61.8
160,2026-06-20T02:27:43Z,KPHL,2026-06-19,ecmwf_ifs025,84.0,73.3
161,2026-06-20T02:27:43Z,KPHL,2026-06-20,ecmwf_ifs025,84.4,65.8
162,2026-06-20T02:27:43Z,KPHL,2026-06-21,ecmwf_ifs025,86.8,65.2
163,2026-06-20T02:27:43Z,KPHL,2026-06-19,ukmo_global_deterministic_10km,82.6,72.1
164,2026-06-20T02:27:43Z,KPHL,2026-06-20,ukmo_global_deterministic_10km,81.3,68.0
165,2026-06-20T02:27:43Z,KPHL,2026-06-21,ukmo_global_deterministic_10km,84.5,69.1
166,2026-06-20T02:27:43Z,KPHX,2026-06-19,gfs_seamless,105.6,82.3
167,2026-06-20T02:27:43Z,KPHX,2026-06-20,gfs_seamless,105.4,73.8
168,2026-06-20T02:27:43Z,KPHX,2026-06-21,gfs_seamless,104.2,72.1
169,2026-06-20T02:27:43Z,KPHX,2026-06-19,icon_global,103.7,81.6
170,2026-06-20T02:27:43Z,KPHX,2026-06-20,icon_global,102.9,77.4
171,2026-06-20T02:27:43Z,KPHX,2026-06-21,icon_global,105.2,78.0
172,2026-06-20T02:27:43Z,KPHX,2026-06-19,gem_global,103.1,68.3
173,2026-06-20T02:27:43Z,KPHX,2026-06-20,gem_global,100.4,60.4
174,2026-06-20T02:27:43Z,KPHX,2026-06-21,gem_global,102.2,57.9
175,2026-06-20T02:27:43Z,KPHX,2026-06-19,ecmwf_ifs025,104.9,82.8
176,2026-06-20T02:27:43Z,KPHX,2026-06-20,ecmwf_ifs025,104.1,81.9
177,2026-06-20T02:27:43Z,KPHX,2026-06-21,ecmwf_ifs025,105.6,81.7
178,2026-06-20T02:27:43Z,KPHX,2026-06-19,ukmo_global_deterministic_10km,105.0,77.4
179,2026-06-20T02:27:43Z,KPHX,2026-06-20,ukmo_global_deterministic_10km,103.5,73.1
180,2026-06-20T02:27:43Z,KPHX,2026-06-21,ukmo_global_deterministic_10km,104.8,70.8
181,2026-06-20T02:27:43Z,KSAT,2026-06-19,gfs_seamless,89.0,79.8
182,2026-06-20T02:27:43Z,KSAT,2026-06-20,gfs_seamless,87.2,72.7
183,2026-06-20T02:27:43Z,KSAT,2026-06-21,gfs_seamless,91.4,75.0
184,2026-06-20T02:27:43Z,KSAT,2026-06-19,icon_global,89.5,79.8
185,2026-06-20T02:27:43Z,KSAT,2026-06-20,icon_global,85.9,78.1
186,2026-06-20T02:27:43Z,KSAT,2026-06-21,icon_global,92.8,76.9
187,2026-06-20T02:27:43Z,KSAT,2026-06-19,gem_global,97.1,78.6
188,2026-06-20T02:27:43Z,KSAT,2026-06-20,gem_global,94.8,80.0
189,2026-06-20T02:27:43Z,KSAT,2026-06-21,gem_global,96.9,79.2
190,2026-06-20T02:27:43Z,KSAT,2026-06-19,ecmwf_ifs025,87.0,78.0
191,2026-06-20T02:27:43Z,KSAT,2026-06-20,ecmwf_ifs025,86.2,71.6
192,2026-06-20T02:27:43Z,KSAT,2026-06-21,ecmwf_ifs025,89.8,75.4
193,2026-06-20T02:27:43Z,KSAT,2026-06-19,ukmo_global_deterministic_10km,91.1,79.3
194,2026-06-20T02:27:43Z,KSAT,2026-06-20,ukmo_global_deterministic_10km,87.9,76.6
195,2026-06-20T02:27:43Z,KSAT,2026-06-21,ukmo_global_deterministic_10km,95.6,78.6
211,2026-06-20T02:27:43Z,KSEA,2026-06-19,gfs_seamless,80.9,58.9
212,2026-06-20T02:27:43Z,KSEA,2026-06-20,gfs_seamless,75.1,53.7
213,2026-06-20T02:27:43Z,KSEA,2026-06-21,gfs_seamless,78.2,52.2
214,2026-06-20T02:27:43Z,KSEA,2026-06-19,icon_global,78.5,58.8
215,2026-06-20T02:27:43Z,KSEA,2026-06-20,icon_global,69.8,55.4
216,2026-06-20T02:27:43Z,KSEA,2026-06-21,icon_global,75.3,54.7
217,2026-06-20T02:27:43Z,KSEA,2026-06-19,gem_global,77.6,55.2
218,2026-06-20T02:27:43Z,KSEA,2026-06-20,gem_global,72.7,53.8
219,2026-06-20T02:27:43Z,KSEA,2026-06-21,gem_global,75.3,51.1
220,2026-06-20T02:27:43Z,KSEA,2026-06-19,ecmwf_ifs025,80.0,59.3
221,2026-06-20T02:27:43Z,KSEA,2026-06-20,ecmwf_ifs025,73.5,54.5
222,2026-06-20T02:27:43Z,KSEA,2026-06-21,ecmwf_ifs025,76.9,52.8
223,2026-06-20T02:27:43Z,KSEA,2026-06-19,ukmo_global_deterministic_10km,81.8,62.7
224,2026-06-20T02:27:43Z,KSEA,2026-06-20,ukmo_global_deterministic_10km,76.4,55.7
225,2026-06-20T02:27:43Z,KSEA,2026-06-21,ukmo_global_deterministic_10km,80.4,55.1
196,2026-06-20T02:27:43Z,KSFO,2026-06-19,gfs_seamless,70.0,57.5
197,2026-06-20T02:27:43Z,KSFO,2026-06-20,gfs_seamless,66.9,56.3
198,2026-06-20T02:27:43Z,KSFO,2026-06-21,gfs_seamless,65.7,53.0
199,2026-06-20T02:27:43Z,KSFO,2026-06-19,icon_global,70.3,60.9
200,2026-06-20T02:27:43Z,KSFO,2026-06-20,icon_global,69.9,58.6
201,2026-06-20T02:27:43Z,KSFO,2026-06-21,icon_global,68.8,55.4
202,2026-06-20T02:27:43Z,KSFO,2026-06-19,gem_global,65.8,59.3
203,2026-06-20T02:27:43Z,KSFO,2026-06-20,gem_global,63.9,56.6
204,2026-06-20T02:27:43Z,KSFO,2026-06-21,gem_global,62.4,56.2
205,2026-06-20T02:27:43Z,KSFO,2026-06-19,ecmwf_ifs025,65.4,57.9
206,2026-06-20T02:27:43Z,KSFO,2026-06-20,ecmwf_ifs025,64.2,56.1
207,2026-06-20T02:27:43Z,KSFO,2026-06-21,ecmwf_ifs025,63.8,54.8
208,2026-06-20T02:27:43Z,KSFO,2026-06-19,ukmo_global_deterministic_10km,67.1,58.8
209,2026-06-20T02:27:43Z,KSFO,2026-06-20,ukmo_global_deterministic_10km,67.8,56.8
210,2026-06-20T02:27:43Z,KSFO,2026-06-21,ukmo_global_deterministic_10km,68.3,55.3
1,2026-06-20T03:55:22Z,KATL,2026-06-19,gfs_seamless,84.9,70.4
2,2026-06-20T03:55:22Z,KATL,2026-06-20,gfs_seamless,84.2,72.3
3,2026-06-20T03:55:22Z,KATL,2026-06-21,gfs_seamless,87.3,69.6
4,2026-06-20T03:55:22Z,KATL,2026-06-19,icon_global,85.4,71.6
5,2026-06-20T03:55:22Z,KATL,2026-06-20,icon_global,85.2,71.4
6,2026-06-20T03:55:22Z,KATL,2026-06-21,icon_global,89.6,70.4
7,2026-06-20T03:55:22Z,KATL,2026-06-19,gem_global,81.1,69.4
8,2026-06-20T03:55:22Z,KATL,2026-06-20,gem_global,81.1,67.8
9,2026-06-20T03:55:22Z,KATL,2026-06-21,gem_global,85.7,67.3
10,2026-06-20T03:55:22Z,KATL,2026-06-19,ecmwf_ifs025,86.5,70.7
11,2026-06-20T03:55:22Z,KATL,2026-06-20,ecmwf_ifs025,83.3,69.3
12,2026-06-20T03:55:22Z,KATL,2026-06-21,ecmwf_ifs025,86.4,70.0
13,2026-06-20T03:55:22Z,KATL,2026-06-19,ukmo_global_deterministic_10km,85.9,69.7
14,2026-06-20T03:55:22Z,KATL,2026-06-20,ukmo_global_deterministic_10km,85.6,73.7
15,2026-06-20T03:55:22Z,KATL,2026-06-21,ukmo_global_deterministic_10km,91.2,70.0
16,2026-06-20T03:55:22Z,KAUS,2026-06-19,gfs_seamless,86.3,80.5
17,2026-06-20T03:55:22Z,KAUS,2026-06-20,gfs_seamless,89.0,75.4
18,2026-06-20T03:55:22Z,KAUS,2026-06-21,gfs_seamless,90.3,75.1
19,2026-06-20T03:55:22Z,KAUS,2026-06-19,icon_global,89.4,80.3
20,2026-06-20T03:55:22Z,KAUS,2026-06-20,icon_global,85.7,77.4
21,2026-06-20T03:55:22Z,KAUS,2026-06-21,icon_global,90.9,77.6
22,2026-06-20T03:55:22Z,KAUS,2026-06-19,gem_global,94.2,79.7
23,2026-06-20T03:55:22Z,KAUS,2026-06-20,gem_global,93.9,81.0
24,2026-06-20T03:55:22Z,KAUS,2026-06-21,gem_global,97.3,79.3
25,2026-06-20T03:55:22Z,KAUS,2026-06-19,ecmwf_ifs025,86.2,77.6
26,2026-06-20T03:55:22Z,KAUS,2026-06-20,ecmwf_ifs025,89.5,74.0
27,2026-06-20T03:55:22Z,KAUS,2026-06-21,ecmwf_ifs025,92.9,76.4
28,2026-06-20T03:55:22Z,KAUS,2026-06-19,ukmo_global_deterministic_10km,88.9,79.8
29,2026-06-20T03:55:22Z,KAUS,2026-06-20,ukmo_global_deterministic_10km,87.8,76.1
30,2026-06-20T03:55:22Z,KAUS,2026-06-21,ukmo_global_deterministic_10km,95.7,78.6
31,2026-06-20T03:55:22Z,KBOS,2026-06-19,gfs_seamless,80.4,62.6
32,2026-06-20T03:55:22Z,KBOS,2026-06-20,gfs_seamless,79.1,58.7
33,2026-06-20T03:55:22Z,KBOS,2026-06-21,gfs_seamless,81.0,59.0
34,2026-06-20T03:55:22Z,KBOS,2026-06-19,icon_global,79.7,65.8
35,2026-06-20T03:55:22Z,KBOS,2026-06-20,icon_global,78.4,62.6
36,2026-06-20T03:55:22Z,KBOS,2026-06-21,icon_global,81.9,61.7
37,2026-06-20T03:55:22Z,KBOS,2026-06-19,gem_global,74.4,66.7
38,2026-06-20T03:55:22Z,KBOS,2026-06-20,gem_global,74.9,64.8
39,2026-06-20T03:55:22Z,KBOS,2026-06-21,gem_global,72.6,63.1
40,2026-06-20T03:55:22Z,KBOS,2026-06-19,ecmwf_ifs025,79.5,67.6
41,2026-06-20T03:55:22Z,KBOS,2026-06-20,ecmwf_ifs025,79.6,63.5
42,2026-06-20T03:55:22Z,KBOS,2026-06-21,ecmwf_ifs025,83.4,60.7
43,2026-06-20T03:55:22Z,KBOS,2026-06-19,ukmo_global_deterministic_10km,80.0,67.1
44,2026-06-20T03:55:22Z,KBOS,2026-06-20,ukmo_global_deterministic_10km,77.9,63.9
45,2026-06-20T03:55:22Z,KBOS,2026-06-21,ukmo_global_deterministic_10km,81.5,64.2
211,2026-06-20T03:55:22Z,KDCA,2026-06-20,gfs_seamless,88.7,63.0
212,2026-06-20T03:55:22Z,KDCA,2026-06-21,gfs_seamless,88.7,63.3
213,2026-06-20T03:55:22Z,KDCA,2026-06-22,gfs_seamless,94.8,69.9
214,2026-06-20T03:55:22Z,KDCA,2026-06-20,icon_global,86.6,67.9
215,2026-06-20T03:55:22Z,KDCA,2026-06-21,icon_global,87.1,70.0
216,2026-06-20T03:55:22Z,KDCA,2026-06-22,icon_global,87.8,73.4
217,2026-06-20T03:55:22Z,KDCA,2026-06-20,gem_global,85.4,66.2
218,2026-06-20T03:55:22Z,KDCA,2026-06-21,gem_global,86.8,64.6
219,2026-06-20T03:55:22Z,KDCA,2026-06-22,gem_global,88.9,70.3
220,2026-06-20T03:55:22Z,KDCA,2026-06-20,ecmwf_ifs025,89.8,63.9
221,2026-06-20T03:55:22Z,KDCA,2026-06-21,ecmwf_ifs025,91.7,68.8
222,2026-06-20T03:55:22Z,KDCA,2026-06-22,ecmwf_ifs025,94.1,71.1
223,2026-06-20T03:55:22Z,KDCA,2026-06-20,ukmo_global_deterministic_10km,84.4,68.4
224,2026-06-20T03:55:22Z,KDCA,2026-06-21,ukmo_global_deterministic_10km,88.2,71.1
225,2026-06-20T03:55:22Z,KDCA,2026-06-22,ukmo_global_deterministic_10km,88.9,74.1
61,2026-06-20T03:55:22Z,KDEN,2026-06-19,gfs_seamless,82.2,59.6
62,2026-06-20T03:55:22Z,KDEN,2026-06-20,gfs_seamless,93.9,58.4
63,2026-06-20T03:55:22Z,KDEN,2026-06-21,gfs_seamless,88.8,58.2
64,2026-06-20T03:55:22Z,KDEN,2026-06-19,icon_global,80.5,58.4
65,2026-06-20T03:55:22Z,KDEN,2026-06-20,icon_global,93.5,54.4
66,2026-06-20T03:55:22Z,KDEN,2026-06-21,icon_global,89.9,56.8
67,2026-06-20T03:55:22Z,KDEN,2026-06-19,gem_global,82.1,55.7
68,2026-06-20T03:55:22Z,KDEN,2026-06-20,gem_global,90.0,57.1
69,2026-06-20T03:55:22Z,KDEN,2026-06-21,gem_global,85.6,52.4
70,2026-06-20T03:55:22Z,KDEN,2026-06-19,ecmwf_ifs025,82.3,61.0
71,2026-06-20T03:55:22Z,KDEN,2026-06-20,ecmwf_ifs025,95.4,59.0
72,2026-06-20T03:55:22Z,KDEN,2026-06-21,ecmwf_ifs025,90.8,62.3
73,2026-06-20T03:55:22Z,KDEN,2026-06-19,ukmo_global_deterministic_10km,83.9,59.5
74,2026-06-20T03:55:22Z,KDEN,2026-06-20,ukmo_global_deterministic_10km,94.2,60.0
75,2026-06-20T03:55:22Z,KDEN,2026-06-21,ukmo_global_deterministic_10km,88.8,55.9
46,2026-06-20T03:55:22Z,KDFW,2026-06-19,gfs_seamless,86.5,71.3
47,2026-06-20T03:55:22Z,KDFW,2026-06-20,gfs_seamless,87.0,72.4
48,2026-06-20T03:55:22Z,KDFW,2026-06-21,gfs_seamless,94.7,72.9
49,2026-06-20T03:55:22Z,KDFW,2026-06-19,icon_global,84.3,76.3
50,2026-06-20T03:55:22Z,KDFW,2026-06-20,icon_global,83.4,75.6
51,2026-06-20T03:55:22Z,KDFW,2026-06-21,icon_global,92.8,78.1
52,2026-06-20T03:55:22Z,KDFW,2026-06-19,gem_global,83.2,74.8
53,2026-06-20T03:55:22Z,KDFW,2026-06-20,gem_global,78.1,70.1
54,2026-06-20T03:55:22Z,KDFW,2026-06-21,gem_global,90.7,71.4
55,2026-06-20T03:55:22Z,KDFW,2026-06-19,ecmwf_ifs025,79.7,73.1
56,2026-06-20T03:55:22Z,KDFW,2026-06-20,ecmwf_ifs025,87.0,73.6
57,2026-06-20T03:55:22Z,KDFW,2026-06-21,ecmwf_ifs025,92.0,76.9
58,2026-06-20T03:55:22Z,KDFW,2026-06-19,ukmo_global_deterministic_10km,87.6,74.5
59,2026-06-20T03:55:22Z,KDFW,2026-06-20,ukmo_global_deterministic_10km,93.4,76.6
60,2026-06-20T03:55:22Z,KDFW,2026-06-21,ukmo_global_deterministic_10km,98.8,79.0
76,2026-06-20T03:55:22Z,KIAH,2026-06-19,gfs_seamless,90.8,77.6
77,2026-06-20T03:55:22Z,KIAH,2026-06-20,gfs_seamless,86.8,75.9
78,2026-06-20T03:55:22Z,KIAH,2026-06-21,gfs_seamless,87.3,74.6
79,2026-06-20T03:55:22Z,KIAH,2026-06-19,icon_global,91.3,81.0
80,2026-06-20T03:55:22Z,KIAH,2026-06-20,icon_global,89.3,79.7
81,2026-06-20T03:55:22Z,KIAH,2026-06-21,icon_global,89.0,77.6
82,2026-06-20T03:55:22Z,KIAH,2026-06-19,gem_global,94.0,81.4
83,2026-06-20T03:55:22Z,KIAH,2026-06-20,gem_global,93.3,82.9
84,2026-06-20T03:55:22Z,KIAH,2026-06-21,gem_global,94.4,81.4
85,2026-06-20T03:55:22Z,KIAH,2026-06-19,ecmwf_ifs025,87.2,78.1
86,2026-06-20T03:55:22Z,KIAH,2026-06-20,ecmwf_ifs025,87.2,73.2
87,2026-06-20T03:55:22Z,KIAH,2026-06-21,ecmwf_ifs025,90.6,74.9
88,2026-06-20T03:55:22Z,KIAH,2026-06-19,ukmo_global_deterministic_10km,92.9,78.1
89,2026-06-20T03:55:22Z,KIAH,2026-06-20,ukmo_global_deterministic_10km,94.2,78.4
90,2026-06-20T03:55:22Z,KIAH,2026-06-21,ukmo_global_deterministic_10km,93.5,79.9
91,2026-06-20T03:55:22Z,KLAX,2026-06-19,gfs_seamless,68.4,59.2
92,2026-06-20T03:55:22Z,KLAX,2026-06-20,gfs_seamless,69.5,51.8
93,2026-06-20T03:55:22Z,KLAX,2026-06-21,gfs_seamless,68.1,52.6
94,2026-06-20T03:55:22Z,KLAX,2026-06-19,icon_global,70.4,61.0
95,2026-06-20T03:55:22Z,KLAX,2026-06-20,icon_global,71.1,59.3
96,2026-06-20T03:55:22Z,KLAX,2026-06-21,icon_global,72.5,57.9
97,2026-06-20T03:55:22Z,KLAX,2026-06-19,gem_global,68.5,56.6
98,2026-06-20T03:55:22Z,KLAX,2026-06-20,gem_global,67.7,53.8
99,2026-06-20T03:55:22Z,KLAX,2026-06-21,gem_global,69.0,53.5
100,2026-06-20T03:55:22Z,KLAX,2026-06-19,ecmwf_ifs025,75.0,62.9
101,2026-06-20T03:55:22Z,KLAX,2026-06-20,ecmwf_ifs025,74.1,58.5
102,2026-06-20T03:55:22Z,KLAX,2026-06-21,ecmwf_ifs025,75.6,58.8
103,2026-06-20T03:55:22Z,KLAX,2026-06-19,ukmo_global_deterministic_10km,68.1,61.7
104,2026-06-20T03:55:22Z,KLAX,2026-06-20,ukmo_global_deterministic_10km,66.7,60.8
105,2026-06-20T03:55:22Z,KLAX,2026-06-21,ukmo_global_deterministic_10km,67.9,61.2
106,2026-06-20T03:55:22Z,KMIA,2026-06-19,gfs_seamless,92.2,80.6
107,2026-06-20T03:55:22Z,KMIA,2026-06-20,gfs_seamless,91.2,75.8
108,2026-06-20T03:55:22Z,KMIA,2026-06-21,gfs_seamless,91.4,76.4
109,2026-06-20T03:55:22Z,KMIA,2026-06-19,icon_global,92.7,80.9
110,2026-06-20T03:55:22Z,KMIA,2026-06-20,icon_global,93.1,76.5
111,2026-06-20T03:55:22Z,KMIA,2026-06-21,icon_global,92.7,76.2
112,2026-06-20T03:55:22Z,KMIA,2026-06-19,gem_global,91.2,81.3
113,2026-06-20T03:55:22Z,KMIA,2026-06-20,gem_global,91.5,78.6
114,2026-06-20T03:55:22Z,KMIA,2026-06-21,gem_global,91.0,75.9
115,2026-06-20T03:55:22Z,KMIA,2026-06-19,ecmwf_ifs025,90.0,77.8
116,2026-06-20T03:55:22Z,KMIA,2026-06-20,ecmwf_ifs025,87.6,75.6
117,2026-06-20T03:55:22Z,KMIA,2026-06-21,ecmwf_ifs025,87.7,75.4
118,2026-06-20T03:55:22Z,KMIA,2026-06-19,ukmo_global_deterministic_10km,92.0,82.7
119,2026-06-20T03:55:22Z,KMIA,2026-06-20,ukmo_global_deterministic_10km,92.7,81.3
120,2026-06-20T03:55:22Z,KMIA,2026-06-21,ukmo_global_deterministic_10km,93.7,80.1
121,2026-06-20T03:55:22Z,KMSP,2026-06-19,gfs_seamless,74.2,50.0
122,2026-06-20T03:55:22Z,KMSP,2026-06-20,gfs_seamless,75.0,51.3
123,2026-06-20T03:55:22Z,KMSP,2026-06-21,gfs_seamless,77.9,53.4
124,2026-06-20T03:55:22Z,KMSP,2026-06-19,icon_global,71.4,52.8
125,2026-06-20T03:55:22Z,KMSP,2026-06-20,icon_global,72.1,55.4
126,2026-06-20T03:55:22Z,KMSP,2026-06-21,icon_global,72.2,57.0
127,2026-06-20T03:55:22Z,KMSP,2026-06-19,gem_global,72.4,48.2
128,2026-06-20T03:55:22Z,KMSP,2026-06-20,gem_global,73.5,55.2
129,2026-06-20T03:55:22Z,KMSP,2026-06-21,gem_global,76.2,53.7
130,2026-06-20T03:55:22Z,KMSP,2026-06-19,ecmwf_ifs025,71.5,51.2
131,2026-06-20T03:55:22Z,KMSP,2026-06-20,ecmwf_ifs025,72.8,55.1
132,2026-06-20T03:55:22Z,KMSP,2026-06-21,ecmwf_ifs025,74.8,55.6
133,2026-06-20T03:55:22Z,KMSP,2026-06-19,ukmo_global_deterministic_10km,71.9,56.4
134,2026-06-20T03:55:22Z,KMSP,2026-06-20,ukmo_global_deterministic_10km,76.1,57.6
135,2026-06-20T03:55:22Z,KMSP,2026-06-21,ukmo_global_deterministic_10km,77.4,59.6
136,2026-06-20T03:55:22Z,KNYC,2026-06-20,gfs_seamless,83.3,63.7
137,2026-06-20T03:55:22Z,KNYC,2026-06-21,gfs_seamless,81.5,61.3
138,2026-06-20T03:55:22Z,KNYC,2026-06-22,gfs_seamless,72.0,63.0
139,2026-06-20T03:55:22Z,KNYC,2026-06-20,icon_global,80.7,65.6
140,2026-06-20T03:55:22Z,KNYC,2026-06-21,icon_global,82.7,68.7
141,2026-06-20T03:55:22Z,KNYC,2026-06-22,icon_global,73.6,70.0
142,2026-06-20T03:55:22Z,KNYC,2026-06-20,gem_global,79.6,66.6
143,2026-06-20T03:55:22Z,KNYC,2026-06-21,gem_global,81.8,62.2
144,2026-06-20T03:55:22Z,KNYC,2026-06-22,gem_global,78.4,60.6
145,2026-06-20T03:55:22Z,KNYC,2026-06-20,ecmwf_ifs025,84.6,66.0
146,2026-06-20T03:55:22Z,KNYC,2026-06-21,ecmwf_ifs025,85.8,66.0
147,2026-06-20T03:55:22Z,KNYC,2026-06-22,ecmwf_ifs025,77.1,70.5
148,2026-06-20T03:55:22Z,KNYC,2026-06-20,ukmo_global_deterministic_10km,81.0,66.6
149,2026-06-20T03:55:22Z,KNYC,2026-06-21,ukmo_global_deterministic_10km,83.7,68.4
150,2026-06-20T03:55:22Z,KNYC,2026-06-22,ukmo_global_deterministic_10km,77.1,70.7
151,2026-06-20T03:55:22Z,KOKC,2026-06-19,gfs_seamless,84.3,66.7
152,2026-06-20T03:55:22Z,KOKC,2026-06-20,gfs_seamless,89.5,68.1
153,2026-06-20T03:55:22Z,KOKC,2026-06-21,gfs_seamless,98.9,68.9
154,2026-06-20T03:55:22Z,KOKC,2026-06-19,icon_global,83.3,65.3
155,2026-06-20T03:55:22Z,KOKC,2026-06-20,icon_global,88.3,70.8
156,2026-06-20T03:55:22Z,KOKC,2026-06-21,icon_global,94.8,75.0
157,2026-06-20T03:55:22Z,KOKC,2026-06-19,gem_global,76.8,68.4
158,2026-06-20T03:55:22Z,KOKC,2026-06-20,gem_global,81.5,69.6
159,2026-06-20T03:55:22Z,KOKC,2026-06-21,gem_global,92.1,71.0
160,2026-06-20T03:55:22Z,KOKC,2026-06-19,ecmwf_ifs025,83.2,66.3
161,2026-06-20T03:55:22Z,KOKC,2026-06-20,ecmwf_ifs025,87.9,67.8
162,2026-06-20T03:55:22Z,KOKC,2026-06-21,ecmwf_ifs025,95.7,75.5
163,2026-06-20T03:55:22Z,KOKC,2026-06-19,ukmo_global_deterministic_10km,87.4,65.1
164,2026-06-20T03:55:22Z,KOKC,2026-06-20,ukmo_global_deterministic_10km,89.3,70.9
165,2026-06-20T03:55:22Z,KOKC,2026-06-21,ukmo_global_deterministic_10km,97.3,75.9
166,2026-06-20T03:55:22Z,KPHL,2026-06-20,gfs_seamless,83.7,62.4
167,2026-06-20T03:55:22Z,KPHL,2026-06-21,gfs_seamless,85.6,66.1
168,2026-06-20T03:55:22Z,KPHL,2026-06-22,gfs_seamless,81.7,67.9
169,2026-06-20T03:55:22Z,KPHL,2026-06-20,icon_global,82.5,66.6
170,2026-06-20T03:55:22Z,KPHL,2026-06-21,icon_global,85.2,69.5
171,2026-06-20T03:55:22Z,KPHL,2026-06-22,icon_global,84.3,71.4
172,2026-06-20T03:55:22Z,KPHL,2026-06-20,gem_global,83.4,68.1
173,2026-06-20T03:55:22Z,KPHL,2026-06-21,gem_global,84.5,61.8
174,2026-06-20T03:55:22Z,KPHL,2026-06-22,gem_global,78.8,64.6
175,2026-06-20T03:55:22Z,KPHL,2026-06-20,ecmwf_ifs025,84.4,65.8
176,2026-06-20T03:55:22Z,KPHL,2026-06-21,ecmwf_ifs025,86.8,65.2
177,2026-06-20T03:55:22Z,KPHL,2026-06-22,ecmwf_ifs025,90.9,68.8
178,2026-06-20T03:55:22Z,KPHL,2026-06-20,ukmo_global_deterministic_10km,81.3,68.0
179,2026-06-20T03:55:22Z,KPHL,2026-06-21,ukmo_global_deterministic_10km,84.5,69.1
180,2026-06-20T03:55:22Z,KPHL,2026-06-22,ukmo_global_deterministic_10km,84.9,72.6
181,2026-06-20T03:55:22Z,KSAT,2026-06-19,gfs_seamless,89.0,79.8
182,2026-06-20T03:55:22Z,KSAT,2026-06-20,gfs_seamless,86.4,73.7
183,2026-06-20T03:55:22Z,KSAT,2026-06-21,gfs_seamless,91.4,75.0
184,2026-06-20T03:55:22Z,KSAT,2026-06-19,icon_global,89.5,79.8
185,2026-06-20T03:55:22Z,KSAT,2026-06-20,icon_global,85.9,78.1
186,2026-06-20T03:55:22Z,KSAT,2026-06-21,icon_global,92.8,76.9
187,2026-06-20T03:55:22Z,KSAT,2026-06-19,gem_global,97.1,78.6
188,2026-06-20T03:55:22Z,KSAT,2026-06-20,gem_global,94.8,80.0
189,2026-06-20T03:55:22Z,KSAT,2026-06-21,gem_global,96.9,79.2
190,2026-06-20T03:55:22Z,KSAT,2026-06-19,ecmwf_ifs025,87.0,78.0
191,2026-06-20T03:55:22Z,KSAT,2026-06-20,ecmwf_ifs025,86.2,71.6
192,2026-06-20T03:55:22Z,KSAT,2026-06-21,ecmwf_ifs025,89.8,75.4
193,2026-06-20T03:55:22Z,KSAT,2026-06-19,ukmo_global_deterministic_10km,91.1,79.3
194,2026-06-20T03:55:22Z,KSAT,2026-06-20,ukmo_global_deterministic_10km,87.9,76.6
195,2026-06-20T03:55:22Z,KSAT,2026-06-21,ukmo_global_deterministic_10km,95.6,78.6
196,2026-06-20T03:55:22Z,KSEA,2026-06-19,gfs_seamless,81.0,58.9
197,2026-06-20T03:55:22Z,KSEA,2026-06-20,gfs_seamless,75.1,53.7
198,2026-06-20T03:55:22Z,KSEA,2026-06-21,gfs_seamless,78.2,52.2
199,2026-06-20T03:55:22Z,KSEA,2026-06-19,icon_global,78.1,58.8
200,2026-06-20T03:55:22Z,KSEA,2026-06-20,icon_global,68.9,55.1
201,2026-06-20T03:55:22Z,KSEA,2026-06-21,icon_global,74.5,54.4
202,2026-06-20T03:55:22Z,KSEA,2026-06-19,gem_global,77.6,55.2
203,2026-06-20T03:55:22Z,KSEA,2026-06-20,gem_global,72.7,53.8
204,2026-06-20T03:55:22Z,KSEA,2026-06-21,gem_global,75.3,51.1
205,2026-06-20T03:55:22Z,KSEA,2026-06-19,ecmwf_ifs025,80.0,59.3
206,2026-06-20T03:55:22Z,KSEA,2026-06-20,ecmwf_ifs025,73.5,54.5
207,2026-06-20T03:55:22Z,KSEA,2026-06-21,ecmwf_ifs025,76.9,52.8
208,2026-06-20T03:55:22Z,KSEA,2026-06-19,ukmo_global_deterministic_10km,81.8,62.7
209,2026-06-20T03:55:22Z,KSEA,2026-06-20,ukmo_global_deterministic_10km,76.4,55.7
210,2026-06-20T03:55:22Z,KSEA,2026-06-21,ukmo_global_deterministic_10km,80.4,55.1
1,2026-06-20T05:41:03Z,KATL,2026-06-20,gfs_seamless,87.8,72.3
2,2026-06-20T05:41:03Z,KATL,2026-06-21,gfs_seamless,87.3,69.6
3,2026-06-20T05:41:03Z,KATL,2026-06-22,gfs_seamless,91.3,71.3
4,2026-06-20T05:41:03Z,KATL,2026-06-20,icon_global,84.1,71.5
5,2026-06-20T05:41:03Z,KATL,2026-06-21,icon_global,88.0,69.8
6,2026-06-20T05:41:03Z,KATL,2026-06-22,icon_global,88.6,73.4
7,2026-06-20T05:41:03Z,KATL,2026-06-20,gem_global,81.1,67.8
8,2026-06-20T05:41:03Z,KATL,2026-06-21,gem_global,85.7,67.3
9,2026-06-20T05:41:03Z,KATL,2026-06-22,gem_global,85.1,72.7
10,2026-06-20T05:41:03Z,KATL,2026-06-20,ecmwf_ifs025,83.3,69.3
11,2026-06-20T05:41:03Z,KATL,2026-06-21,ecmwf_ifs025,86.4,70.0
12,2026-06-20T05:41:03Z,KATL,2026-06-22,ecmwf_ifs025,86.8,72.2
13,2026-06-20T05:41:03Z,KATL,2026-06-20,ukmo_global_deterministic_10km,85.6,73.7
14,2026-06-20T05:41:03Z,KATL,2026-06-21,ukmo_global_deterministic_10km,91.2,70.0
15,2026-06-20T05:41:03Z,KATL,2026-06-22,ukmo_global_deterministic_10km,89.5,74.8
16,2026-06-20T05:41:03Z,KAUS,2026-06-20,gfs_seamless,89.0,76.9
17,2026-06-20T05:41:03Z,KAUS,2026-06-21,gfs_seamless,90.7,75.1
18,2026-06-20T05:41:03Z,KAUS,2026-06-22,gfs_seamless,97.9,75.4
19,2026-06-20T05:41:03Z,KAUS,2026-06-20,icon_global,85.5,77.2
20,2026-06-20T05:41:03Z,KAUS,2026-06-21,icon_global,90.0,78.0
21,2026-06-20T05:41:03Z,KAUS,2026-06-22,icon_global,92.4,79.0
22,2026-06-20T05:41:03Z,KAUS,2026-06-20,gem_global,93.9,81.0
23,2026-06-20T05:41:03Z,KAUS,2026-06-21,gem_global,97.3,79.3
24,2026-06-20T05:41:03Z,KAUS,2026-06-22,gem_global,98.0,80.2
25,2026-06-20T05:41:03Z,KAUS,2026-06-20,ecmwf_ifs025,89.5,74.0
26,2026-06-20T05:41:03Z,KAUS,2026-06-21,ecmwf_ifs025,92.9,76.4
27,2026-06-20T05:41:03Z,KAUS,2026-06-22,ecmwf_ifs025,96.0,78.7
28,2026-06-20T05:41:03Z,KAUS,2026-06-20,ukmo_global_deterministic_10km,87.8,76.1
29,2026-06-20T05:41:03Z,KAUS,2026-06-21,ukmo_global_deterministic_10km,95.7,78.6
30,2026-06-20T05:41:03Z,KAUS,2026-06-22,ukmo_global_deterministic_10km,97.3,79.8
166,2026-06-20T05:41:03Z,KDCA,2026-06-20,gfs_seamless,87.9,63.4
167,2026-06-20T05:41:03Z,KDCA,2026-06-21,gfs_seamless,88.7,63.3
168,2026-06-20T05:41:03Z,KDCA,2026-06-22,gfs_seamless,94.8,69.4
169,2026-06-20T05:41:03Z,KDCA,2026-06-20,icon_global,86.6,67.9
170,2026-06-20T05:41:03Z,KDCA,2026-06-21,icon_global,87.1,70.0
171,2026-06-20T05:41:03Z,KDCA,2026-06-22,icon_global,87.8,73.4
172,2026-06-20T05:41:03Z,KDCA,2026-06-20,gem_global,85.4,66.2
173,2026-06-20T05:41:03Z,KDCA,2026-06-21,gem_global,86.8,64.6
174,2026-06-20T05:41:03Z,KDCA,2026-06-22,gem_global,88.9,70.3
175,2026-06-20T05:41:03Z,KDCA,2026-06-20,ecmwf_ifs025,89.8,63.9
176,2026-06-20T05:41:03Z,KDCA,2026-06-21,ecmwf_ifs025,91.7,68.8
177,2026-06-20T05:41:03Z,KDCA,2026-06-22,ecmwf_ifs025,94.1,71.1
178,2026-06-20T05:41:03Z,KDCA,2026-06-20,ukmo_global_deterministic_10km,84.4,68.4
179,2026-06-20T05:41:03Z,KDCA,2026-06-21,ukmo_global_deterministic_10km,88.2,71.1
180,2026-06-20T05:41:03Z,KDCA,2026-06-22,ukmo_global_deterministic_10km,88.9,74.1
46,2026-06-20T05:41:03Z,KDFW,2026-06-20,gfs_seamless,87.0,71.4
47,2026-06-20T05:41:03Z,KDFW,2026-06-21,gfs_seamless,93.2,72.9
48,2026-06-20T05:41:03Z,KDFW,2026-06-22,gfs_seamless,98.3,78.5
49,2026-06-20T05:41:03Z,KDFW,2026-06-20,icon_global,83.7,75.9
50,2026-06-20T05:41:03Z,KDFW,2026-06-21,icon_global,93.1,78.5
51,2026-06-20T05:41:03Z,KDFW,2026-06-22,icon_global,92.8,80.1
52,2026-06-20T05:41:03Z,KDFW,2026-06-20,gem_global,78.1,70.1
53,2026-06-20T05:41:03Z,KDFW,2026-06-21,gem_global,90.7,71.4
54,2026-06-20T05:41:03Z,KDFW,2026-06-22,gem_global,92.3,79.6
55,2026-06-20T05:41:03Z,KDFW,2026-06-20,ecmwf_ifs025,87.0,73.6
56,2026-06-20T05:41:03Z,KDFW,2026-06-21,ecmwf_ifs025,92.0,76.9
57,2026-06-20T05:41:03Z,KDFW,2026-06-22,ecmwf_ifs025,93.9,76.9
58,2026-06-20T05:41:03Z,KDFW,2026-06-20,ukmo_global_deterministic_10km,93.4,76.6
59,2026-06-20T05:41:03Z,KDFW,2026-06-21,ukmo_global_deterministic_10km,98.8,79.0
60,2026-06-20T05:41:03Z,KDFW,2026-06-22,ukmo_global_deterministic_10km,96.6,80.9
61,2026-06-20T05:41:03Z,KLAS,2026-06-19,gfs_seamless,101.3,81.8
62,2026-06-20T05:41:03Z,KLAS,2026-06-20,gfs_seamless,101.3,75.2
63,2026-06-20T05:41:03Z,KLAS,2026-06-21,gfs_seamless,103.0,69.1
64,2026-06-20T05:41:03Z,KLAS,2026-06-19,icon_global,101.6,84.1
65,2026-06-20T05:41:03Z,KLAS,2026-06-20,icon_global,101.9,77.4
66,2026-06-20T05:41:03Z,KLAS,2026-06-21,icon_global,102.3,73.2
67,2026-06-20T05:41:03Z,KLAS,2026-06-19,gem_global,100.7,67.4
68,2026-06-20T05:41:03Z,KLAS,2026-06-20,gem_global,98.4,61.2
69,2026-06-20T05:41:03Z,KLAS,2026-06-21,gem_global,99.3,59.3
70,2026-06-20T05:41:03Z,KLAS,2026-06-19,ecmwf_ifs025,101.0,78.8
71,2026-06-20T05:41:03Z,KLAS,2026-06-20,ecmwf_ifs025,100.4,74.4
72,2026-06-20T05:41:03Z,KLAS,2026-06-21,ecmwf_ifs025,101.8,73.4
73,2026-06-20T05:41:03Z,KLAS,2026-06-19,ukmo_global_deterministic_10km,102.8,77.6
74,2026-06-20T05:41:03Z,KLAS,2026-06-20,ukmo_global_deterministic_10km,103.4,76.3
75,2026-06-20T05:41:03Z,KLAS,2026-06-21,ukmo_global_deterministic_10km,104.2,74.5
76,2026-06-20T05:41:03Z,KLAX,2026-06-19,gfs_seamless,68.4,59.0
77,2026-06-20T05:41:03Z,KLAX,2026-06-20,gfs_seamless,69.3,51.9
78,2026-06-20T05:41:03Z,KLAX,2026-06-21,gfs_seamless,68.3,52.6
79,2026-06-20T05:41:03Z,KLAX,2026-06-19,icon_global,70.4,60.9
80,2026-06-20T05:41:03Z,KLAX,2026-06-20,icon_global,71.3,58.7
81,2026-06-20T05:41:03Z,KLAX,2026-06-21,icon_global,72.0,57.2
82,2026-06-20T05:41:03Z,KLAX,2026-06-19,gem_global,68.5,56.6
83,2026-06-20T05:41:03Z,KLAX,2026-06-20,gem_global,67.7,53.8
84,2026-06-20T05:41:03Z,KLAX,2026-06-21,gem_global,69.0,53.5
85,2026-06-20T05:41:03Z,KLAX,2026-06-19,ecmwf_ifs025,75.0,62.9
86,2026-06-20T05:41:03Z,KLAX,2026-06-20,ecmwf_ifs025,74.1,58.5
87,2026-06-20T05:41:03Z,KLAX,2026-06-21,ecmwf_ifs025,75.6,58.8
88,2026-06-20T05:41:03Z,KLAX,2026-06-19,ukmo_global_deterministic_10km,68.1,61.7
89,2026-06-20T05:41:03Z,KLAX,2026-06-20,ukmo_global_deterministic_10km,66.7,60.8
90,2026-06-20T05:41:03Z,KLAX,2026-06-21,ukmo_global_deterministic_10km,67.9,61.2
31,2026-06-20T05:41:03Z,KMDW,2026-06-20,gfs_seamless,78.6,60.7
32,2026-06-20T05:41:03Z,KMDW,2026-06-21,gfs_seamless,76.0,58.0
33,2026-06-20T05:41:03Z,KMDW,2026-06-22,gfs_seamless,72.3,59.0
34,2026-06-20T05:41:03Z,KMDW,2026-06-20,icon_global,77.0,60.5
35,2026-06-20T05:41:03Z,KMDW,2026-06-21,icon_global,72.4,61.1
36,2026-06-20T05:41:03Z,KMDW,2026-06-22,icon_global,71.9,60.1
37,2026-06-20T05:41:03Z,KMDW,2026-06-20,gem_global,78.2,60.2
38,2026-06-20T05:41:03Z,KMDW,2026-06-21,gem_global,72.8,56.9
39,2026-06-20T05:41:03Z,KMDW,2026-06-22,gem_global,69.9,57.6
40,2026-06-20T05:41:03Z,KMDW,2026-06-20,ecmwf_ifs025,77.3,61.2
41,2026-06-20T05:41:03Z,KMDW,2026-06-21,ecmwf_ifs025,70.1,60.1
42,2026-06-20T05:41:03Z,KMDW,2026-06-22,ecmwf_ifs025,67.9,58.2
43,2026-06-20T05:41:03Z,KMDW,2026-06-20,ukmo_global_deterministic_10km,79.6,63.9
44,2026-06-20T05:41:03Z,KMDW,2026-06-21,ukmo_global_deterministic_10km,74.4,67.3
45,2026-06-20T05:41:03Z,KMDW,2026-06-22,ukmo_global_deterministic_10km,71.9,60.3
91,2026-06-20T05:41:03Z,KNYC,2026-06-20,gfs_seamless,83.3,63.9
92,2026-06-20T05:41:03Z,KNYC,2026-06-21,gfs_seamless,81.5,61.3
93,2026-06-20T05:41:03Z,KNYC,2026-06-22,gfs_seamless,70.5,64.6
94,2026-06-20T05:41:03Z,KNYC,2026-06-20,icon_global,81.4,66.1
95,2026-06-20T05:41:03Z,KNYC,2026-06-21,icon_global,80.9,68.7
96,2026-06-20T05:41:03Z,KNYC,2026-06-22,icon_global,71.7,68.7
97,2026-06-20T05:41:03Z,KNYC,2026-06-20,gem_global,79.6,66.6
98,2026-06-20T05:41:03Z,KNYC,2026-06-21,gem_global,81.8,62.2
99,2026-06-20T05:41:03Z,KNYC,2026-06-22,gem_global,78.4,60.6
100,2026-06-20T05:41:03Z,KNYC,2026-06-20,ecmwf_ifs025,84.6,66.0
101,2026-06-20T05:41:03Z,KNYC,2026-06-21,ecmwf_ifs025,85.8,66.0
102,2026-06-20T05:41:03Z,KNYC,2026-06-22,ecmwf_ifs025,77.1,70.5
103,2026-06-20T05:41:03Z,KNYC,2026-06-20,ukmo_global_deterministic_10km,81.0,66.6
104,2026-06-20T05:41:03Z,KNYC,2026-06-21,ukmo_global_deterministic_10km,83.7,68.4
105,2026-06-20T05:41:03Z,KNYC,2026-06-22,ukmo_global_deterministic_10km,77.1,70.7
106,2026-06-20T05:41:03Z,KOKC,2026-06-20,gfs_seamless,90.1,66.7
107,2026-06-20T05:41:03Z,KOKC,2026-06-21,gfs_seamless,97.8,68.4
108,2026-06-20T05:41:03Z,KOKC,2026-06-22,gfs_seamless,79.7,68.2
109,2026-06-20T05:41:03Z,KOKC,2026-06-20,icon_global,89.0,70.7
110,2026-06-20T05:41:03Z,KOKC,2026-06-21,icon_global,94.4,75.0
111,2026-06-20T05:41:03Z,KOKC,2026-06-22,icon_global,86.7,72.9
112,2026-06-20T05:41:03Z,KOKC,2026-06-20,gem_global,81.5,69.6
113,2026-06-20T05:41:03Z,KOKC,2026-06-21,gem_global,92.1,71.0
114,2026-06-20T05:41:03Z,KOKC,2026-06-22,gem_global,73.8,68.7
115,2026-06-20T05:41:03Z,KOKC,2026-06-20,ecmwf_ifs025,87.9,67.8
116,2026-06-20T05:41:03Z,KOKC,2026-06-21,ecmwf_ifs025,95.7,75.5
117,2026-06-20T05:41:03Z,KOKC,2026-06-22,ecmwf_ifs025,87.8,71.6
118,2026-06-20T05:41:03Z,KOKC,2026-06-20,ukmo_global_deterministic_10km,89.3,70.9
119,2026-06-20T05:41:03Z,KOKC,2026-06-21,ukmo_global_deterministic_10km,97.3,75.9
120,2026-06-20T05:41:03Z,KOKC,2026-06-22,ukmo_global_deterministic_10km,88.2,73.2
121,2026-06-20T05:41:03Z,KPHX,2026-06-19,gfs_seamless,105.6,82.3
122,2026-06-20T05:41:03Z,KPHX,2026-06-20,gfs_seamless,105.4,75.7
123,2026-06-20T05:41:03Z,KPHX,2026-06-21,gfs_seamless,103.8,72.1
124,2026-06-20T05:41:03Z,KPHX,2026-06-19,icon_global,104.3,81.6
125,2026-06-20T05:41:03Z,KPHX,2026-06-20,icon_global,103.0,77.2
126,2026-06-20T05:41:03Z,KPHX,2026-06-21,icon_global,105.3,76.9
127,2026-06-20T05:41:03Z,KPHX,2026-06-19,gem_global,103.1,68.3
128,2026-06-20T05:41:03Z,KPHX,2026-06-20,gem_global,100.4,60.4
129,2026-06-20T05:41:03Z,KPHX,2026-06-21,gem_global,102.2,57.9
130,2026-06-20T05:41:03Z,KPHX,2026-06-19,ecmwf_ifs025,104.9,82.8
131,2026-06-20T05:41:03Z,KPHX,2026-06-20,ecmwf_ifs025,104.1,81.9
132,2026-06-20T05:41:03Z,KPHX,2026-06-21,ecmwf_ifs025,105.6,81.7
133,2026-06-20T05:41:03Z,KPHX,2026-06-19,ukmo_global_deterministic_10km,105.0,77.4
134,2026-06-20T05:41:03Z,KPHX,2026-06-20,ukmo_global_deterministic_10km,103.5,73.1
135,2026-06-20T05:41:03Z,KPHX,2026-06-21,ukmo_global_deterministic_10km,104.8,70.8
151,2026-06-20T05:41:03Z,KSEA,2026-06-19,gfs_seamless,81.0,58.9
152,2026-06-20T05:41:03Z,KSEA,2026-06-20,gfs_seamless,75.1,54.1
153,2026-06-20T05:41:03Z,KSEA,2026-06-21,gfs_seamless,78.2,52.2
154,2026-06-20T05:41:03Z,KSEA,2026-06-19,icon_global,78.1,58.8
155,2026-06-20T05:41:03Z,KSEA,2026-06-20,icon_global,68.9,55.1
156,2026-06-20T05:41:03Z,KSEA,2026-06-21,icon_global,74.5,54.4
157,2026-06-20T05:41:03Z,KSEA,2026-06-19,gem_global,77.6,55.2
158,2026-06-20T05:41:03Z,KSEA,2026-06-20,gem_global,72.7,53.8
159,2026-06-20T05:41:03Z,KSEA,2026-06-21,gem_global,75.3,51.1
160,2026-06-20T05:41:03Z,KSEA,2026-06-19,ecmwf_ifs025,80.0,59.3
161,2026-06-20T05:41:03Z,KSEA,2026-06-20,ecmwf_ifs025,73.5,54.5
162,2026-06-20T05:41:03Z,KSEA,2026-06-21,ecmwf_ifs025,76.9,52.8
163,2026-06-20T05:41:03Z,KSEA,2026-06-19,ukmo_global_deterministic_10km,81.8,62.7
164,2026-06-20T05:41:03Z,KSEA,2026-06-20,ukmo_global_deterministic_10km,76.4,55.7
165,2026-06-20T05:41:03Z,KSEA,2026-06-21,ukmo_global_deterministic_10km,80.4,55.1
136,2026-06-20T05:41:03Z,KSFO,2026-06-19,gfs_seamless,70.0,57.5
137,2026-06-20T05:41:03Z,KSFO,2026-06-20,gfs_seamless,67.3,55.7
138,2026-06-20T05:41:03Z,KSFO,2026-06-21,gfs_seamless,66.0,53.0
139,2026-06-20T05:41:03Z,KSFO,2026-06-19,icon_global,70.3,60.9
140,2026-06-20T05:41:03Z,KSFO,2026-06-20,icon_global,70.6,59.0
141,2026-06-20T05:41:03Z,KSFO,2026-06-21,icon_global,69.1,55.4
142,2026-06-20T05:41:03Z,KSFO,2026-06-19,gem_global,65.8,59.3
143,2026-06-20T05:41:03Z,KSFO,2026-06-20,gem_global,63.9,56.6
144,2026-06-20T05:41:03Z,KSFO,2026-06-21,gem_global,62.4,56.2
145,2026-06-20T05:41:03Z,KSFO,2026-06-19,ecmwf_ifs025,65.4,57.9
146,2026-06-20T05:41:03Z,KSFO,2026-06-20,ecmwf_ifs025,64.2,56.1
147,2026-06-20T05:41:03Z,KSFO,2026-06-21,ecmwf_ifs025,63.8,54.8
148,2026-06-20T05:41:03Z,KSFO,2026-06-19,ukmo_global_deterministic_10km,67.1,58.8
149,2026-06-20T05:41:03Z,KSFO,2026-06-20,ukmo_global_deterministic_10km,67.8,56.8
150,2026-06-20T05:41:03Z,KSFO,2026-06-21,ukmo_global_deterministic_10km,68.3,55.3
1,2026-06-20T07:35:05Z,KATL,2026-06-20,gfs_seamless,87.3,70.8
2,2026-06-20T07:35:05Z,KATL,2026-06-21,gfs_seamless,87.3,69.6
3,2026-06-20T07:35:05Z,KATL,2026-06-22,gfs_seamless,91.3,71.3
4,2026-06-20T07:35:05Z,KATL,2026-06-20,icon_global,84.1,71.5
5,2026-06-20T07:35:05Z,KATL,2026-06-21,icon_global,88.0,69.8
6,2026-06-20T07:35:05Z,KATL,2026-06-22,icon_global,88.6,73.4
7,2026-06-20T07:35:05Z,KATL,2026-06-20,gem_global,80.6,69.8
8,2026-06-20T07:35:05Z,KATL,2026-06-21,gem_global,85.5,66.6
9,2026-06-20T07:35:05Z,KATL,2026-06-22,gem_global,84.7,70.4
10,2026-06-20T07:35:05Z,KATL,2026-06-20,ecmwf_ifs025,83.3,69.3
11,2026-06-20T07:35:05Z,KATL,2026-06-21,ecmwf_ifs025,86.4,70.0
12,2026-06-20T07:35:05Z,KATL,2026-06-22,ecmwf_ifs025,86.8,72.2
13,2026-06-20T07:35:05Z,KATL,2026-06-20,ukmo_global_deterministic_10km,85.6,73.7
14,2026-06-20T07:35:05Z,KATL,2026-06-21,ukmo_global_deterministic_10km,91.2,70.0
15,2026-06-20T07:35:05Z,KATL,2026-06-22,ukmo_global_deterministic_10km,89.5,74.8
16,2026-06-20T07:35:05Z,KAUS,2026-06-20,gfs_seamless,86.6,73.7
17,2026-06-20T07:35:05Z,KAUS,2026-06-21,gfs_seamless,90.7,75.1
18,2026-06-20T07:35:05Z,KAUS,2026-06-22,gfs_seamless,97.9,75.4
19,2026-06-20T07:35:05Z,KAUS,2026-06-20,icon_global,85.5,77.2
20,2026-06-20T07:35:05Z,KAUS,2026-06-21,icon_global,90.0,78.0
21,2026-06-20T07:35:05Z,KAUS,2026-06-22,icon_global,92.4,79.0
22,2026-06-20T07:35:05Z,KAUS,2026-06-20,gem_global,88.2,79.3
23,2026-06-20T07:35:05Z,KAUS,2026-06-21,gem_global,94.3,77.5
24,2026-06-20T07:35:05Z,KAUS,2026-06-22,gem_global,96.4,78.9
25,2026-06-20T07:35:05Z,KAUS,2026-06-20,ecmwf_ifs025,89.5,74.0
26,2026-06-20T07:35:05Z,KAUS,2026-06-21,ecmwf_ifs025,92.9,76.4
27,2026-06-20T07:35:05Z,KAUS,2026-06-22,ecmwf_ifs025,96.0,78.7
28,2026-06-20T07:35:05Z,KAUS,2026-06-20,ukmo_global_deterministic_10km,87.8,76.1
29,2026-06-20T07:35:05Z,KAUS,2026-06-21,ukmo_global_deterministic_10km,95.7,78.6
30,2026-06-20T07:35:05Z,KAUS,2026-06-22,ukmo_global_deterministic_10km,97.3,79.8
31,2026-06-20T07:35:05Z,KBOS,2026-06-20,gfs_seamless,79.1,59.1
32,2026-06-20T07:35:05Z,KBOS,2026-06-21,gfs_seamless,81.0,59.0
33,2026-06-20T07:35:05Z,KBOS,2026-06-22,gfs_seamless,71.8,59.0
34,2026-06-20T07:35:05Z,KBOS,2026-06-20,icon_global,78.1,62.4
35,2026-06-20T07:35:05Z,KBOS,2026-06-21,icon_global,81.0,61.6
36,2026-06-20T07:35:05Z,KBOS,2026-06-22,icon_global,69.3,61.7
37,2026-06-20T07:35:05Z,KBOS,2026-06-20,gem_global,75.0,64.8
38,2026-06-20T07:35:05Z,KBOS,2026-06-21,gem_global,71.7,62.5
39,2026-06-20T07:35:05Z,KBOS,2026-06-22,gem_global,72.7,60.6
40,2026-06-20T07:35:05Z,KBOS,2026-06-20,ecmwf_ifs025,79.6,63.5
41,2026-06-20T07:35:05Z,KBOS,2026-06-21,ecmwf_ifs025,83.4,60.7
42,2026-06-20T07:35:05Z,KBOS,2026-06-22,ecmwf_ifs025,79.3,63.4
43,2026-06-20T07:35:05Z,KBOS,2026-06-20,ukmo_global_deterministic_10km,77.9,63.9
44,2026-06-20T07:35:05Z,KBOS,2026-06-21,ukmo_global_deterministic_10km,81.5,64.2
45,2026-06-20T07:35:05Z,KBOS,2026-06-22,ukmo_global_deterministic_10km,78.2,62.9
211,2026-06-20T07:35:05Z,KDCA,2026-06-20,gfs_seamless,87.9,63.7
212,2026-06-20T07:35:05Z,KDCA,2026-06-21,gfs_seamless,88.7,63.3
213,2026-06-20T07:35:05Z,KDCA,2026-06-22,gfs_seamless,94.8,69.4
214,2026-06-20T07:35:05Z,KDCA,2026-06-20,icon_global,86.6,67.9
215,2026-06-20T07:35:05Z,KDCA,2026-06-21,icon_global,87.1,70.0
216,2026-06-20T07:35:05Z,KDCA,2026-06-22,icon_global,87.8,73.4
217,2026-06-20T07:35:05Z,KDCA,2026-06-20,gem_global,85.3,67.2
218,2026-06-20T07:35:05Z,KDCA,2026-06-21,gem_global,87.6,67.4
219,2026-06-20T07:35:05Z,KDCA,2026-06-22,gem_global,93.0,69.8
220,2026-06-20T07:35:05Z,KDCA,2026-06-20,ecmwf_ifs025,89.8,63.9
221,2026-06-20T07:35:05Z,KDCA,2026-06-21,ecmwf_ifs025,91.7,68.8
222,2026-06-20T07:35:05Z,KDCA,2026-06-22,ecmwf_ifs025,94.1,71.1
223,2026-06-20T07:35:05Z,KDCA,2026-06-20,ukmo_global_deterministic_10km,84.4,68.4
224,2026-06-20T07:35:05Z,KDCA,2026-06-21,ukmo_global_deterministic_10km,88.2,71.1
225,2026-06-20T07:35:05Z,KDCA,2026-06-22,ukmo_global_deterministic_10km,88.9,74.1
61,2026-06-20T07:35:05Z,KDEN,2026-06-20,gfs_seamless,94.6,54.5
62,2026-06-20T07:35:05Z,KDEN,2026-06-21,gfs_seamless,88.0,58.4
63,2026-06-20T07:35:05Z,KDEN,2026-06-22,gfs_seamless,85.0,48.1
64,2026-06-20T07:35:05Z,KDEN,2026-06-20,icon_global,91.9,53.3
65,2026-06-20T07:35:05Z,KDEN,2026-06-21,icon_global,90.8,54.5
66,2026-06-20T07:35:05Z,KDEN,2026-06-22,icon_global,85.6,55.5
67,2026-06-20T07:35:05Z,KDEN,2026-06-20,gem_global,88.3,52.6
68,2026-06-20T07:35:05Z,KDEN,2026-06-21,gem_global,86.0,55.4
69,2026-06-20T07:35:05Z,KDEN,2026-06-22,gem_global,85.5,52.4
70,2026-06-20T07:35:05Z,KDEN,2026-06-20,ecmwf_ifs025,95.4,59.0
71,2026-06-20T07:35:05Z,KDEN,2026-06-21,ecmwf_ifs025,90.8,62.3
72,2026-06-20T07:35:05Z,KDEN,2026-06-22,ecmwf_ifs025,84.1,60.6
73,2026-06-20T07:35:05Z,KDEN,2026-06-20,ukmo_global_deterministic_10km,94.2,60.0
74,2026-06-20T07:35:05Z,KDEN,2026-06-21,ukmo_global_deterministic_10km,88.8,55.9
75,2026-06-20T07:35:05Z,KDEN,2026-06-22,ukmo_global_deterministic_10km,89.3,53.9
46,2026-06-20T07:35:05Z,KDFW,2026-06-20,gfs_seamless,86.9,72.7
47,2026-06-20T07:35:05Z,KDFW,2026-06-21,gfs_seamless,93.2,72.9
48,2026-06-20T07:35:05Z,KDFW,2026-06-22,gfs_seamless,98.3,78.5
49,2026-06-20T07:35:05Z,KDFW,2026-06-20,icon_global,83.7,75.9
50,2026-06-20T07:35:05Z,KDFW,2026-06-21,icon_global,93.1,78.5
51,2026-06-20T07:35:05Z,KDFW,2026-06-22,icon_global,92.8,80.1
52,2026-06-20T07:35:05Z,KDFW,2026-06-20,gem_global,87.6,75.3
53,2026-06-20T07:35:05Z,KDFW,2026-06-21,gem_global,93.5,75.4
54,2026-06-20T07:35:05Z,KDFW,2026-06-22,gem_global,95.4,82.2
55,2026-06-20T07:35:05Z,KDFW,2026-06-20,ecmwf_ifs025,87.0,73.6
56,2026-06-20T07:35:05Z,KDFW,2026-06-21,ecmwf_ifs025,92.0,76.9
57,2026-06-20T07:35:05Z,KDFW,2026-06-22,ecmwf_ifs025,93.9,76.9
58,2026-06-20T07:35:05Z,KDFW,2026-06-20,ukmo_global_deterministic_10km,93.4,76.6
59,2026-06-20T07:35:05Z,KDFW,2026-06-21,ukmo_global_deterministic_10km,98.8,79.0
60,2026-06-20T07:35:05Z,KDFW,2026-06-22,ukmo_global_deterministic_10km,96.6,80.9
76,2026-06-20T07:35:05Z,KIAH,2026-06-20,gfs_seamless,84.4,73.9
77,2026-06-20T07:35:05Z,KIAH,2026-06-21,gfs_seamless,87.4,74.6
78,2026-06-20T07:35:05Z,KIAH,2026-06-22,gfs_seamless,95.7,80.5
79,2026-06-20T07:35:05Z,KIAH,2026-06-20,icon_global,86.4,79.2
80,2026-06-20T07:35:05Z,KIAH,2026-06-21,icon_global,88.8,77.6
81,2026-06-20T07:35:05Z,KIAH,2026-06-22,icon_global,92.0,78.4
82,2026-06-20T07:35:05Z,KIAH,2026-06-20,gem_global,86.6,79.6
83,2026-06-20T07:35:05Z,KIAH,2026-06-21,gem_global,89.0,76.4
84,2026-06-20T07:35:05Z,KIAH,2026-06-22,gem_global,93.3,80.5
85,2026-06-20T07:35:05Z,KIAH,2026-06-20,ecmwf_ifs025,87.2,73.2
86,2026-06-20T07:35:05Z,KIAH,2026-06-21,ecmwf_ifs025,90.6,74.9
87,2026-06-20T07:35:05Z,KIAH,2026-06-22,ecmwf_ifs025,90.4,78.9
88,2026-06-20T07:35:05Z,KIAH,2026-06-20,ukmo_global_deterministic_10km,94.2,78.4
89,2026-06-20T07:35:05Z,KIAH,2026-06-21,ukmo_global_deterministic_10km,93.5,79.9
90,2026-06-20T07:35:05Z,KIAH,2026-06-22,ukmo_global_deterministic_10km,96.3,80.8
91,2026-06-20T07:35:05Z,KLAX,2026-06-20,gfs_seamless,69.1,51.4
92,2026-06-20T07:35:05Z,KLAX,2026-06-21,gfs_seamless,68.3,52.6
93,2026-06-20T07:35:05Z,KLAX,2026-06-22,gfs_seamless,70.5,63.3
94,2026-06-20T07:35:05Z,KLAX,2026-06-20,icon_global,71.3,58.7
95,2026-06-20T07:35:05Z,KLAX,2026-06-21,icon_global,72.0,57.2
96,2026-06-20T07:35:05Z,KLAX,2026-06-22,icon_global,74.3,59.1
97,2026-06-20T07:35:05Z,KLAX,2026-06-20,gem_global,67.6,52.6
98,2026-06-20T07:35:05Z,KLAX,2026-06-21,gem_global,68.7,53.5
99,2026-06-20T07:35:05Z,KLAX,2026-06-22,gem_global,70.5,56.1
100,2026-06-20T07:35:05Z,KLAX,2026-06-20,ecmwf_ifs025,74.1,58.5
101,2026-06-20T07:35:05Z,KLAX,2026-06-21,ecmwf_ifs025,75.6,58.8
102,2026-06-20T07:35:05Z,KLAX,2026-06-22,ecmwf_ifs025,79.4,59.2
103,2026-06-20T07:35:05Z,KLAX,2026-06-20,ukmo_global_deterministic_10km,66.7,60.8
104,2026-06-20T07:35:05Z,KLAX,2026-06-21,ukmo_global_deterministic_10km,67.9,61.2
105,2026-06-20T07:35:05Z,KLAX,2026-06-22,ukmo_global_deterministic_10km,72.6,61.8
106,2026-06-20T07:35:05Z,KMIA,2026-06-20,gfs_seamless,92.0,75.8
107,2026-06-20T07:35:05Z,KMIA,2026-06-21,gfs_seamless,91.4,76.4
108,2026-06-20T07:35:05Z,KMIA,2026-06-22,gfs_seamless,93.2,83.8
109,2026-06-20T07:35:05Z,KMIA,2026-06-20,icon_global,91.5,75.1
110,2026-06-20T07:35:05Z,KMIA,2026-06-21,icon_global,90.7,76.5
111,2026-06-20T07:35:05Z,KMIA,2026-06-22,icon_global,92.2,77.3
112,2026-06-20T07:35:05Z,KMIA,2026-06-20,gem_global,91.0,75.1
113,2026-06-20T07:35:05Z,KMIA,2026-06-21,gem_global,88.0,74.3
114,2026-06-20T07:35:05Z,KMIA,2026-06-22,gem_global,88.8,75.4
115,2026-06-20T07:35:05Z,KMIA,2026-06-20,ecmwf_ifs025,87.6,75.6
116,2026-06-20T07:35:05Z,KMIA,2026-06-21,ecmwf_ifs025,87.7,75.4
117,2026-06-20T07:35:05Z,KMIA,2026-06-22,ecmwf_ifs025,88.1,79.1
118,2026-06-20T07:35:05Z,KMIA,2026-06-20,ukmo_global_deterministic_10km,92.7,81.3
119,2026-06-20T07:35:05Z,KMIA,2026-06-21,ukmo_global_deterministic_10km,93.7,80.1
120,2026-06-20T07:35:05Z,KMIA,2026-06-22,ukmo_global_deterministic_10km,92.2,83.3
121,2026-06-20T07:35:05Z,KMSP,2026-06-20,gfs_seamless,74.1,50.3
122,2026-06-20T07:35:05Z,KMSP,2026-06-21,gfs_seamless,77.9,53.4
123,2026-06-20T07:35:05Z,KMSP,2026-06-22,gfs_seamless,78.9,59.4
124,2026-06-20T07:35:05Z,KMSP,2026-06-20,icon_global,72.5,55.3
125,2026-06-20T07:35:05Z,KMSP,2026-06-21,icon_global,72.9,56.8
126,2026-06-20T07:35:05Z,KMSP,2026-06-22,icon_global,76.1,56.4
127,2026-06-20T07:35:05Z,KMSP,2026-06-20,gem_global,73.4,52.3
128,2026-06-20T07:35:05Z,KMSP,2026-06-21,gem_global,78.5,52.8
129,2026-06-20T07:35:05Z,KMSP,2026-06-22,gem_global,80.6,58.4
130,2026-06-20T07:35:05Z,KMSP,2026-06-20,ecmwf_ifs025,72.8,55.1
131,2026-06-20T07:35:05Z,KMSP,2026-06-21,ecmwf_ifs025,74.8,55.6
132,2026-06-20T07:35:05Z,KMSP,2026-06-22,ecmwf_ifs025,75.9,57.8
133,2026-06-20T07:35:05Z,KMSP,2026-06-20,ukmo_global_deterministic_10km,76.1,57.6
134,2026-06-20T07:35:05Z,KMSP,2026-06-21,ukmo_global_deterministic_10km,77.4,59.6
135,2026-06-20T07:35:05Z,KMSP,2026-06-22,ukmo_global_deterministic_10km,77.0,60.5
136,2026-06-20T07:35:05Z,KOKC,2026-06-20,gfs_seamless,89.5,68.8
137,2026-06-20T07:35:05Z,KOKC,2026-06-21,gfs_seamless,97.8,68.4
138,2026-06-20T07:35:05Z,KOKC,2026-06-22,gfs_seamless,79.7,68.2
139,2026-06-20T07:35:05Z,KOKC,2026-06-20,icon_global,89.0,70.7
140,2026-06-20T07:35:05Z,KOKC,2026-06-21,icon_global,94.4,75.0
141,2026-06-20T07:35:05Z,KOKC,2026-06-22,icon_global,86.7,72.9
142,2026-06-20T07:35:05Z,KOKC,2026-06-20,gem_global,85.7,68.1
143,2026-06-20T07:35:05Z,KOKC,2026-06-21,gem_global,93.3,71.5
144,2026-06-20T07:35:05Z,KOKC,2026-06-22,gem_global,76.5,68.4
145,2026-06-20T07:35:05Z,KOKC,2026-06-20,ecmwf_ifs025,87.9,67.8
146,2026-06-20T07:35:05Z,KOKC,2026-06-21,ecmwf_ifs025,95.7,75.5
147,2026-06-20T07:35:05Z,KOKC,2026-06-22,ecmwf_ifs025,87.8,71.6
148,2026-06-20T07:35:05Z,KOKC,2026-06-20,ukmo_global_deterministic_10km,89.3,70.9
149,2026-06-20T07:35:05Z,KOKC,2026-06-21,ukmo_global_deterministic_10km,97.3,75.9
150,2026-06-20T07:35:05Z,KOKC,2026-06-22,ukmo_global_deterministic_10km,88.2,73.2
151,2026-06-20T07:35:05Z,KPHL,2026-06-20,gfs_seamless,83.9,63.3
152,2026-06-20T07:35:05Z,KPHL,2026-06-21,gfs_seamless,85.6,66.1
153,2026-06-20T07:35:05Z,KPHL,2026-06-22,gfs_seamless,87.3,68.4
154,2026-06-20T07:35:05Z,KPHL,2026-06-20,icon_global,83.3,67.1
155,2026-06-20T07:35:05Z,KPHL,2026-06-21,icon_global,85.4,68.9
156,2026-06-20T07:35:05Z,KPHL,2026-06-22,icon_global,81.2,71.6
157,2026-06-20T07:35:05Z,KPHL,2026-06-20,gem_global,83.8,68.3
158,2026-06-20T07:35:05Z,KPHL,2026-06-21,gem_global,85.7,64.3
159,2026-06-20T07:35:05Z,KPHL,2026-06-22,gem_global,88.0,64.1
160,2026-06-20T07:35:05Z,KPHL,2026-06-20,ecmwf_ifs025,84.4,65.8
161,2026-06-20T07:35:05Z,KPHL,2026-06-21,ecmwf_ifs025,86.8,65.2
162,2026-06-20T07:35:05Z,KPHL,2026-06-22,ecmwf_ifs025,90.9,68.8
163,2026-06-20T07:35:05Z,KPHL,2026-06-20,ukmo_global_deterministic_10km,81.3,68.0
164,2026-06-20T07:35:05Z,KPHL,2026-06-21,ukmo_global_deterministic_10km,84.5,69.1
165,2026-06-20T07:35:05Z,KPHL,2026-06-22,ukmo_global_deterministic_10km,84.9,72.6
166,2026-06-20T07:35:05Z,KPHX,2026-06-20,gfs_seamless,105.9,76.1
167,2026-06-20T07:35:05Z,KPHX,2026-06-21,gfs_seamless,103.8,72.1
168,2026-06-20T07:35:05Z,KPHX,2026-06-22,gfs_seamless,107.4,88.3
169,2026-06-20T07:35:05Z,KPHX,2026-06-20,icon_global,103.0,77.2
170,2026-06-20T07:35:05Z,KPHX,2026-06-21,icon_global,105.3,76.9
171,2026-06-20T07:35:05Z,KPHX,2026-06-22,icon_global,107.9,78.7
172,2026-06-20T07:35:05Z,KPHX,2026-06-20,gem_global,101.2,60.8
173,2026-06-20T07:35:05Z,KPHX,2026-06-21,gem_global,102.8,58.5
174,2026-06-20T07:35:05Z,KPHX,2026-06-22,gem_global,104.9,59.5
175,2026-06-20T07:35:05Z,KPHX,2026-06-20,ecmwf_ifs025,104.1,81.9
176,2026-06-20T07:35:05Z,KPHX,2026-06-21,ecmwf_ifs025,105.6,81.7
177,2026-06-20T07:35:05Z,KPHX,2026-06-22,ecmwf_ifs025,108.1,81.8
178,2026-06-20T07:35:05Z,KPHX,2026-06-20,ukmo_global_deterministic_10km,103.5,73.1
179,2026-06-20T07:35:05Z,KPHX,2026-06-21,ukmo_global_deterministic_10km,104.8,70.8
180,2026-06-20T07:35:05Z,KPHX,2026-06-22,ukmo_global_deterministic_10km,107.4,71.9
181,2026-06-20T07:35:05Z,KSAT,2026-06-20,gfs_seamless,83.7,74.2
182,2026-06-20T07:35:05Z,KSAT,2026-06-21,gfs_seamless,91.1,75.0
183,2026-06-20T07:35:05Z,KSAT,2026-06-22,gfs_seamless,95.7,75.7
184,2026-06-20T07:35:05Z,KSAT,2026-06-20,icon_global,85.3,77.7
185,2026-06-20T07:35:05Z,KSAT,2026-06-21,icon_global,91.3,76.6
186,2026-06-20T07:35:05Z,KSAT,2026-06-22,icon_global,93.8,78.2
187,2026-06-20T07:35:05Z,KSAT,2026-06-20,gem_global,92.9,79.2
188,2026-06-20T07:35:05Z,KSAT,2026-06-21,gem_global,94.2,78.0
189,2026-06-20T07:35:05Z,KSAT,2026-06-22,gem_global,95.1,77.7
190,2026-06-20T07:35:05Z,KSAT,2026-06-20,ecmwf_ifs025,86.2,71.6
191,2026-06-20T07:35:05Z,KSAT,2026-06-21,ecmwf_ifs025,89.8,75.4
192,2026-06-20T07:35:05Z,KSAT,2026-06-22,ecmwf_ifs025,91.9,76.5
193,2026-06-20T07:35:05Z,KSAT,2026-06-20,ukmo_global_deterministic_10km,87.9,76.6
194,2026-06-20T07:35:05Z,KSAT,2026-06-21,ukmo_global_deterministic_10km,95.6,78.6
195,2026-06-20T07:35:05Z,KSAT,2026-06-22,ukmo_global_deterministic_10km,97.7,79.2
196,2026-06-20T07:35:05Z,KSFO,2026-06-20,gfs_seamless,66.9,56.3
197,2026-06-20T07:35:05Z,KSFO,2026-06-21,gfs_seamless,66.0,53.0
198,2026-06-20T07:35:05Z,KSFO,2026-06-22,gfs_seamless,69.2,55.7
199,2026-06-20T07:35:05Z,KSFO,2026-06-20,icon_global,70.6,59.0
200,2026-06-20T07:35:05Z,KSFO,2026-06-21,icon_global,69.1,55.4
201,2026-06-20T07:35:05Z,KSFO,2026-06-22,icon_global,68.5,55.0
202,2026-06-20T07:35:05Z,KSFO,2026-06-20,gem_global,64.4,56.7
203,2026-06-20T07:35:05Z,KSFO,2026-06-21,gem_global,62.0,55.8
204,2026-06-20T07:35:05Z,KSFO,2026-06-22,gem_global,63.8,56.0
205,2026-06-20T07:35:05Z,KSFO,2026-06-20,ecmwf_ifs025,64.2,56.1
206,2026-06-20T07:35:05Z,KSFO,2026-06-21,ecmwf_ifs025,63.8,54.8
207,2026-06-20T07:35:05Z,KSFO,2026-06-22,ecmwf_ifs025,64.5,54.6
208,2026-06-20T07:35:05Z,KSFO,2026-06-20,ukmo_global_deterministic_10km,67.8,56.8
209,2026-06-20T07:35:05Z,KSFO,2026-06-21,ukmo_global_deterministic_10km,68.3,55.3
210,2026-06-20T07:35:05Z,KSFO,2026-06-22,ukmo_global_deterministic_10km,65.9,54.7
1,2026-06-20T08:35:18Z,KATL,2026-06-20,gfs_seamless,85.8,70.4
2,2026-06-20T08:35:18Z,KATL,2026-06-21,gfs_seamless,87.5,69.6
3,2026-06-20T08:35:18Z,KATL,2026-06-22,gfs_seamless,91.3,71.3
4,2026-06-20T08:35:18Z,KATL,2026-06-20,icon_global,84.1,71.5
5,2026-06-20T08:35:18Z,KATL,2026-06-21,icon_global,88.0,69.8
6,2026-06-20T08:35:18Z,KATL,2026-06-22,icon_global,88.6,73.4
7,2026-06-20T08:35:18Z,KATL,2026-06-20,gem_global,80.6,69.8
8,2026-06-20T08:35:18Z,KATL,2026-06-21,gem_global,85.5,66.6
9,2026-06-20T08:35:18Z,KATL,2026-06-22,gem_global,84.7,70.4
10,2026-06-20T08:35:18Z,KATL,2026-06-20,ecmwf_ifs025,79.5,69.3
11,2026-06-20T08:35:18Z,KATL,2026-06-21,ecmwf_ifs025,86.7,69.0
12,2026-06-20T08:35:18Z,KATL,2026-06-22,ecmwf_ifs025,87.3,70.9
13,2026-06-20T08:35:18Z,KATL,2026-06-20,ukmo_global_deterministic_10km,85.6,73.7
14,2026-06-20T08:35:18Z,KATL,2026-06-21,ukmo_global_deterministic_10km,91.2,70.0
15,2026-06-20T08:35:18Z,KATL,2026-06-22,ukmo_global_deterministic_10km,89.5,74.8
16,2026-06-20T08:35:18Z,KAUS,2026-06-20,gfs_seamless,86.8,73.6
17,2026-06-20T08:35:18Z,KAUS,2026-06-21,gfs_seamless,81.8,75.6
18,2026-06-20T08:35:18Z,KAUS,2026-06-22,gfs_seamless,97.9,75.4
19,2026-06-20T08:35:18Z,KAUS,2026-06-20,icon_global,85.5,77.2
20,2026-06-20T08:35:18Z,KAUS,2026-06-21,icon_global,90.0,78.0
21,2026-06-20T08:35:18Z,KAUS,2026-06-22,icon_global,92.4,79.0
22,2026-06-20T08:35:18Z,KAUS,2026-06-20,gem_global,88.2,79.3
23,2026-06-20T08:35:18Z,KAUS,2026-06-21,gem_global,94.3,77.5
24,2026-06-20T08:35:18Z,KAUS,2026-06-22,gem_global,96.4,78.9
25,2026-06-20T08:35:18Z,KAUS,2026-06-20,ecmwf_ifs025,86.8,72.0
26,2026-06-20T08:35:18Z,KAUS,2026-06-21,ecmwf_ifs025,89.8,75.2
27,2026-06-20T08:35:18Z,KAUS,2026-06-22,ecmwf_ifs025,93.1,78.0
28,2026-06-20T08:35:18Z,KAUS,2026-06-20,ukmo_global_deterministic_10km,87.8,76.1
29,2026-06-20T08:35:18Z,KAUS,2026-06-21,ukmo_global_deterministic_10km,95.7,78.6
30,2026-06-20T08:35:18Z,KAUS,2026-06-22,ukmo_global_deterministic_10km,97.3,79.8
31,2026-06-20T08:35:18Z,KBOS,2026-06-20,gfs_seamless,79.2,59.6
32,2026-06-20T08:35:18Z,KBOS,2026-06-21,gfs_seamless,77.9,59.5
33,2026-06-20T08:35:18Z,KBOS,2026-06-22,gfs_seamless,71.8,59.0
34,2026-06-20T08:35:18Z,KBOS,2026-06-20,icon_global,78.1,62.4
35,2026-06-20T08:35:18Z,KBOS,2026-06-21,icon_global,81.0,61.6
36,2026-06-20T08:35:18Z,KBOS,2026-06-22,icon_global,69.3,61.7
37,2026-06-20T08:35:18Z,KBOS,2026-06-20,gem_global,75.0,64.8
38,2026-06-20T08:35:18Z,KBOS,2026-06-21,gem_global,71.7,62.5
39,2026-06-20T08:35:18Z,KBOS,2026-06-22,gem_global,72.7,60.6
40,2026-06-20T08:35:18Z,KBOS,2026-06-20,ecmwf_ifs025,81.2,64.3
41,2026-06-20T08:35:18Z,KBOS,2026-06-21,ecmwf_ifs025,83.9,61.6
42,2026-06-20T08:35:18Z,KBOS,2026-06-22,ecmwf_ifs025,82.3,61.9
43,2026-06-20T08:35:18Z,KBOS,2026-06-20,ukmo_global_deterministic_10km,77.9,63.9
44,2026-06-20T08:35:18Z,KBOS,2026-06-21,ukmo_global_deterministic_10km,81.5,64.2
45,2026-06-20T08:35:18Z,KBOS,2026-06-22,ukmo_global_deterministic_10km,78.2,62.9
61,2026-06-20T08:35:18Z,KDEN,2026-06-20,gfs_seamless,93.6,56.4
62,2026-06-20T08:35:18Z,KDEN,2026-06-21,gfs_seamless,89.2,59.5
63,2026-06-20T08:35:18Z,KDEN,2026-06-22,gfs_seamless,85.0,48.1
64,2026-06-20T08:35:18Z,KDEN,2026-06-20,icon_global,91.9,53.3
65,2026-06-20T08:35:18Z,KDEN,2026-06-21,icon_global,90.8,54.5
66,2026-06-20T08:35:18Z,KDEN,2026-06-22,icon_global,85.6,55.5
67,2026-06-20T08:35:18Z,KDEN,2026-06-20,gem_global,88.3,52.6
68,2026-06-20T08:35:18Z,KDEN,2026-06-21,gem_global,86.0,55.4
69,2026-06-20T08:35:18Z,KDEN,2026-06-22,gem_global,85.5,52.4
70,2026-06-20T08:35:18Z,KDEN,2026-06-20,ecmwf_ifs025,91.6,57.0
71,2026-06-20T08:35:18Z,KDEN,2026-06-21,ecmwf_ifs025,92.2,61.9
72,2026-06-20T08:35:18Z,KDEN,2026-06-22,ecmwf_ifs025,84.6,60.1
73,2026-06-20T08:35:18Z,KDEN,2026-06-20,ukmo_global_deterministic_10km,92.2,59.1
74,2026-06-20T08:35:18Z,KDEN,2026-06-21,ukmo_global_deterministic_10km,90.6,59.9
75,2026-06-20T08:35:18Z,KDEN,2026-06-22,ukmo_global_deterministic_10km,86.5,53.3
46,2026-06-20T08:35:18Z,KDFW,2026-06-20,gfs_seamless,88.1,70.6
47,2026-06-20T08:35:18Z,KDFW,2026-06-21,gfs_seamless,90.0,74.4
48,2026-06-20T08:35:18Z,KDFW,2026-06-22,gfs_seamless,98.3,78.5
49,2026-06-20T08:35:18Z,KDFW,2026-06-20,icon_global,83.7,75.9
50,2026-06-20T08:35:18Z,KDFW,2026-06-21,icon_global,93.1,78.5
51,2026-06-20T08:35:18Z,KDFW,2026-06-22,icon_global,92.8,80.1
52,2026-06-20T08:35:18Z,KDFW,2026-06-20,gem_global,87.6,75.3
53,2026-06-20T08:35:18Z,KDFW,2026-06-21,gem_global,93.5,75.4
54,2026-06-20T08:35:18Z,KDFW,2026-06-22,gem_global,95.4,82.2
55,2026-06-20T08:35:18Z,KDFW,2026-06-20,ecmwf_ifs025,86.7,72.2
56,2026-06-20T08:35:18Z,KDFW,2026-06-21,ecmwf_ifs025,91.8,77.1
57,2026-06-20T08:35:18Z,KDFW,2026-06-22,ecmwf_ifs025,92.5,73.3
58,2026-06-20T08:35:18Z,KDFW,2026-06-20,ukmo_global_deterministic_10km,92.0,75.6
59,2026-06-20T08:35:18Z,KDFW,2026-06-21,ukmo_global_deterministic_10km,98.1,79.3
60,2026-06-20T08:35:18Z,KDFW,2026-06-22,ukmo_global_deterministic_10km,96.6,80.8
76,2026-06-20T08:35:18Z,KIAH,2026-06-20,gfs_seamless,85.1,74.3
77,2026-06-20T08:35:18Z,KIAH,2026-06-21,gfs_seamless,81.7,75.5
78,2026-06-20T08:35:18Z,KIAH,2026-06-22,gfs_seamless,95.7,79.5
79,2026-06-20T08:35:18Z,KIAH,2026-06-20,icon_global,86.4,79.2
80,2026-06-20T08:35:18Z,KIAH,2026-06-21,icon_global,88.8,77.6
81,2026-06-20T08:35:18Z,KIAH,2026-06-22,icon_global,92.0,78.4
82,2026-06-20T08:35:18Z,KIAH,2026-06-20,gem_global,86.6,79.6
83,2026-06-20T08:35:18Z,KIAH,2026-06-21,gem_global,89.0,76.4
84,2026-06-20T08:35:18Z,KIAH,2026-06-22,gem_global,93.3,80.5
85,2026-06-20T08:35:18Z,KIAH,2026-06-20,ecmwf_ifs025,87.9,72.3
86,2026-06-20T08:35:18Z,KIAH,2026-06-21,ecmwf_ifs025,88.4,76.3
87,2026-06-20T08:35:18Z,KIAH,2026-06-22,ecmwf_ifs025,90.7,79.4
88,2026-06-20T08:35:18Z,KIAH,2026-06-20,ukmo_global_deterministic_10km,93.4,77.2
89,2026-06-20T08:35:18Z,KIAH,2026-06-21,ukmo_global_deterministic_10km,92.0,80.6
90,2026-06-20T08:35:18Z,KIAH,2026-06-22,ukmo_global_deterministic_10km,95.8,79.9
91,2026-06-20T08:35:18Z,KLAX,2026-06-20,gfs_seamless,69.1,51.5
92,2026-06-20T08:35:18Z,KLAX,2026-06-21,gfs_seamless,68.9,53.4
93,2026-06-20T08:35:18Z,KLAX,2026-06-22,gfs_seamless,70.5,63.3
94,2026-06-20T08:35:18Z,KLAX,2026-06-20,icon_global,71.3,58.7
95,2026-06-20T08:35:18Z,KLAX,2026-06-21,icon_global,72.0,57.2
96,2026-06-20T08:35:18Z,KLAX,2026-06-22,icon_global,74.3,59.1
97,2026-06-20T08:35:18Z,KLAX,2026-06-20,gem_global,67.6,52.6
98,2026-06-20T08:35:18Z,KLAX,2026-06-21,gem_global,68.7,53.5
99,2026-06-20T08:35:18Z,KLAX,2026-06-22,gem_global,70.5,56.1
100,2026-06-20T08:35:18Z,KLAX,2026-06-20,ecmwf_ifs025,74.1,58.4
101,2026-06-20T08:35:18Z,KLAX,2026-06-21,ecmwf_ifs025,75.1,58.9
102,2026-06-20T08:35:18Z,KLAX,2026-06-22,ecmwf_ifs025,79.2,59.4
103,2026-06-20T08:35:18Z,KLAX,2026-06-20,ukmo_global_deterministic_10km,66.8,57.8
104,2026-06-20T08:35:18Z,KLAX,2026-06-21,ukmo_global_deterministic_10km,68.5,61.1
105,2026-06-20T08:35:18Z,KLAX,2026-06-22,ukmo_global_deterministic_10km,70.4,61.7
106,2026-06-20T08:35:18Z,KMIA,2026-06-20,gfs_seamless,92.8,76.3
107,2026-06-20T08:35:18Z,KMIA,2026-06-21,gfs_seamless,93.2,76.1
108,2026-06-20T08:35:18Z,KMIA,2026-06-22,gfs_seamless,93.2,79.1
109,2026-06-20T08:35:18Z,KMIA,2026-06-20,icon_global,91.5,75.1
110,2026-06-20T08:35:18Z,KMIA,2026-06-21,icon_global,90.7,76.5
111,2026-06-20T08:35:18Z,KMIA,2026-06-22,icon_global,92.2,77.3
112,2026-06-20T08:35:18Z,KMIA,2026-06-20,gem_global,91.0,75.1
113,2026-06-20T08:35:18Z,KMIA,2026-06-21,gem_global,88.0,74.3
114,2026-06-20T08:35:18Z,KMIA,2026-06-22,gem_global,88.8,75.4
115,2026-06-20T08:35:18Z,KMIA,2026-06-20,ecmwf_ifs025,89.5,76.9
116,2026-06-20T08:35:18Z,KMIA,2026-06-21,ecmwf_ifs025,89.1,78.1
117,2026-06-20T08:35:18Z,KMIA,2026-06-22,ecmwf_ifs025,88.5,80.1
118,2026-06-20T08:35:18Z,KMIA,2026-06-20,ukmo_global_deterministic_10km,90.3,80.3
119,2026-06-20T08:35:18Z,KMIA,2026-06-21,ukmo_global_deterministic_10km,92.3,79.4
120,2026-06-20T08:35:18Z,KMIA,2026-06-22,ukmo_global_deterministic_10km,94.1,83.6
121,2026-06-20T08:35:18Z,KMSP,2026-06-20,gfs_seamless,74.6,50.7
122,2026-06-20T08:35:18Z,KMSP,2026-06-21,gfs_seamless,77.7,54.8
123,2026-06-20T08:35:18Z,KMSP,2026-06-22,gfs_seamless,78.9,59.4
124,2026-06-20T08:35:18Z,KMSP,2026-06-20,icon_global,72.5,55.3
125,2026-06-20T08:35:18Z,KMSP,2026-06-21,icon_global,72.9,56.8
126,2026-06-20T08:35:18Z,KMSP,2026-06-22,icon_global,76.1,56.4
127,2026-06-20T08:35:18Z,KMSP,2026-06-20,gem_global,73.4,52.3
128,2026-06-20T08:35:18Z,KMSP,2026-06-21,gem_global,78.5,52.8
129,2026-06-20T08:35:18Z,KMSP,2026-06-22,gem_global,80.6,58.4
130,2026-06-20T08:35:18Z,KMSP,2026-06-20,ecmwf_ifs025,73.5,55.0
131,2026-06-20T08:35:18Z,KMSP,2026-06-21,ecmwf_ifs025,77.0,55.7
132,2026-06-20T08:35:18Z,KMSP,2026-06-22,ecmwf_ifs025,76.0,60.0
133,2026-06-20T08:35:18Z,KMSP,2026-06-20,ukmo_global_deterministic_10km,75.6,57.4
134,2026-06-20T08:35:18Z,KMSP,2026-06-21,ukmo_global_deterministic_10km,74.3,61.5
135,2026-06-20T08:35:18Z,KMSP,2026-06-22,ukmo_global_deterministic_10km,76.3,59.9
136,2026-06-20T08:35:18Z,KOKC,2026-06-20,gfs_seamless,90.8,67.7
137,2026-06-20T08:35:18Z,KOKC,2026-06-21,gfs_seamless,93.0,73.5
138,2026-06-20T08:35:18Z,KOKC,2026-06-22,gfs_seamless,79.7,69.3
139,2026-06-20T08:35:18Z,KOKC,2026-06-20,icon_global,89.0,70.7
140,2026-06-20T08:35:18Z,KOKC,2026-06-21,icon_global,94.4,75.0
141,2026-06-20T08:35:18Z,KOKC,2026-06-22,icon_global,86.7,72.9
142,2026-06-20T08:35:18Z,KOKC,2026-06-20,gem_global,85.7,68.1
143,2026-06-20T08:35:18Z,KOKC,2026-06-21,gem_global,93.3,71.5
144,2026-06-20T08:35:18Z,KOKC,2026-06-22,gem_global,76.5,68.4
145,2026-06-20T08:35:18Z,KOKC,2026-06-20,ecmwf_ifs025,86.3,69.7
146,2026-06-20T08:35:18Z,KOKC,2026-06-21,ecmwf_ifs025,95.2,75.6
147,2026-06-20T08:35:18Z,KOKC,2026-06-22,ecmwf_ifs025,88.1,68.0
148,2026-06-20T08:35:18Z,KOKC,2026-06-20,ukmo_global_deterministic_10km,89.6,70.0
149,2026-06-20T08:35:18Z,KOKC,2026-06-21,ukmo_global_deterministic_10km,97.9,75.6
150,2026-06-20T08:35:18Z,KOKC,2026-06-22,ukmo_global_deterministic_10km,92.5,72.1
151,2026-06-20T08:35:18Z,KPHL,2026-06-20,gfs_seamless,83.9,64.2
152,2026-06-20T08:35:18Z,KPHL,2026-06-21,gfs_seamless,85.8,63.4
153,2026-06-20T08:35:18Z,KPHL,2026-06-22,gfs_seamless,87.3,68.4
154,2026-06-20T08:35:18Z,KPHL,2026-06-20,icon_global,83.3,67.1
155,2026-06-20T08:35:18Z,KPHL,2026-06-21,icon_global,85.4,68.9
156,2026-06-20T08:35:18Z,KPHL,2026-06-22,icon_global,81.2,71.6
157,2026-06-20T08:35:18Z,KPHL,2026-06-20,gem_global,83.8,68.3
158,2026-06-20T08:35:18Z,KPHL,2026-06-21,gem_global,85.7,64.3
159,2026-06-20T08:35:18Z,KPHL,2026-06-22,gem_global,88.0,64.1
160,2026-06-20T08:35:18Z,KPHL,2026-06-20,ecmwf_ifs025,84.3,66.6
161,2026-06-20T08:35:18Z,KPHL,2026-06-21,ecmwf_ifs025,86.2,64.1
162,2026-06-20T08:35:18Z,KPHL,2026-06-22,ecmwf_ifs025,92.7,67.2
163,2026-06-20T08:35:18Z,KPHL,2026-06-20,ukmo_global_deterministic_10km,82.0,68.5
164,2026-06-20T08:35:18Z,KPHL,2026-06-21,ukmo_global_deterministic_10km,83.8,69.0
165,2026-06-20T08:35:18Z,KPHL,2026-06-22,ukmo_global_deterministic_10km,84.9,72.9
166,2026-06-20T08:35:18Z,KPHX,2026-06-20,gfs_seamless,106.3,77.6
167,2026-06-20T08:35:18Z,KPHX,2026-06-21,gfs_seamless,105.3,73.0
168,2026-06-20T08:35:18Z,KPHX,2026-06-22,gfs_seamless,107.4,88.3
169,2026-06-20T08:35:18Z,KPHX,2026-06-20,icon_global,103.0,77.2
170,2026-06-20T08:35:18Z,KPHX,2026-06-21,icon_global,105.3,76.9
171,2026-06-20T08:35:18Z,KPHX,2026-06-22,icon_global,107.9,78.7
172,2026-06-20T08:35:18Z,KPHX,2026-06-20,gem_global,101.2,60.8
173,2026-06-20T08:35:18Z,KPHX,2026-06-21,gem_global,102.8,58.5
174,2026-06-20T08:35:18Z,KPHX,2026-06-22,gem_global,104.9,59.5
175,2026-06-20T08:35:18Z,KPHX,2026-06-20,ecmwf_ifs025,104.2,82.2
176,2026-06-20T08:35:18Z,KPHX,2026-06-21,ecmwf_ifs025,105.2,81.4
177,2026-06-20T08:35:18Z,KPHX,2026-06-22,ecmwf_ifs025,108.3,81.9
178,2026-06-20T08:35:18Z,KPHX,2026-06-20,ukmo_global_deterministic_10km,101.9,78.1
179,2026-06-20T08:35:18Z,KPHX,2026-06-21,ukmo_global_deterministic_10km,102.7,74.8
180,2026-06-20T08:35:18Z,KPHX,2026-06-22,ukmo_global_deterministic_10km,106.3,75.0
181,2026-06-20T08:35:18Z,KSAT,2026-06-20,gfs_seamless,85.0,74.0
182,2026-06-20T08:35:18Z,KSAT,2026-06-21,gfs_seamless,83.7,74.8
183,2026-06-20T08:35:18Z,KSAT,2026-06-22,gfs_seamless,95.7,75.7
184,2026-06-20T08:35:18Z,KSAT,2026-06-20,icon_global,85.3,77.7
185,2026-06-20T08:35:18Z,KSAT,2026-06-21,icon_global,91.3,76.6
186,2026-06-20T08:35:18Z,KSAT,2026-06-22,icon_global,93.8,78.2
187,2026-06-20T08:35:18Z,KSAT,2026-06-20,gem_global,92.9,79.2
188,2026-06-20T08:35:18Z,KSAT,2026-06-21,gem_global,94.2,78.0
189,2026-06-20T08:35:18Z,KSAT,2026-06-22,gem_global,95.1,77.7
190,2026-06-20T08:35:18Z,KSAT,2026-06-20,ecmwf_ifs025,85.9,71.6
191,2026-06-20T08:35:18Z,KSAT,2026-06-21,ecmwf_ifs025,86.9,73.3
192,2026-06-20T08:35:18Z,KSAT,2026-06-22,ecmwf_ifs025,90.8,76.0
193,2026-06-20T08:35:18Z,KSAT,2026-06-20,ukmo_global_deterministic_10km,91.3,77.9
194,2026-06-20T08:35:18Z,KSAT,2026-06-21,ukmo_global_deterministic_10km,95.1,77.9
195,2026-06-20T08:35:18Z,KSAT,2026-06-22,ukmo_global_deterministic_10km,97.5,78.6
196,2026-06-20T08:35:18Z,KSEA,2026-06-20,gfs_seamless,73.2,53.8
197,2026-06-20T08:35:18Z,KSEA,2026-06-21,gfs_seamless,77.2,51.5
198,2026-06-20T08:35:18Z,KSEA,2026-06-22,gfs_seamless,82.9,55.7
199,2026-06-20T08:35:18Z,KSEA,2026-06-20,icon_global,68.9,55.1
200,2026-06-20T08:35:18Z,KSEA,2026-06-21,icon_global,74.5,54.4
201,2026-06-20T08:35:18Z,KSEA,2026-06-22,icon_global,81.7,58.1
202,2026-06-20T08:35:18Z,KSEA,2026-06-20,gem_global,73.1,54.0
203,2026-06-20T08:35:18Z,KSEA,2026-06-21,gem_global,76.0,51.1
204,2026-06-20T08:35:18Z,KSEA,2026-06-22,gem_global,81.3,53.0
205,2026-06-20T08:35:18Z,KSEA,2026-06-20,ecmwf_ifs025,73.2,54.8
206,2026-06-20T08:35:18Z,KSEA,2026-06-21,ecmwf_ifs025,76.8,53.0
207,2026-06-20T08:35:18Z,KSEA,2026-06-22,ecmwf_ifs025,83.0,59.0
208,2026-06-20T08:35:18Z,KSEA,2026-06-20,ukmo_global_deterministic_10km,75.3,55.9
209,2026-06-20T08:35:18Z,KSEA,2026-06-21,ukmo_global_deterministic_10km,79.9,55.6
210,2026-06-20T08:35:18Z,KSEA,2026-06-22,ukmo_global_deterministic_10km,83.4,63.7
1,2026-06-20T09:47:13Z,KATL,2026-06-20,gfs_seamless,86.7,70.0
2,2026-06-20T09:47:13Z,KATL,2026-06-21,gfs_seamless,87.5,69.6
3,2026-06-20T09:47:13Z,KATL,2026-06-22,gfs_seamless,91.3,71.3
4,2026-06-20T09:47:13Z,KATL,2026-06-20,icon_global,84.1,71.5
5,2026-06-20T09:47:13Z,KATL,2026-06-21,icon_global,88.0,69.8
6,2026-06-20T09:47:13Z,KATL,2026-06-22,icon_global,88.6,73.4
7,2026-06-20T09:47:13Z,KATL,2026-06-20,gem_global,80.6,69.8
8,2026-06-20T09:47:13Z,KATL,2026-06-21,gem_global,85.5,66.6
9,2026-06-20T09:47:13Z,KATL,2026-06-22,gem_global,84.7,70.4
10,2026-06-20T09:47:13Z,KATL,2026-06-20,ecmwf_ifs025,79.5,69.3
11,2026-06-20T09:47:13Z,KATL,2026-06-21,ecmwf_ifs025,86.7,69.0
12,2026-06-20T09:47:13Z,KATL,2026-06-22,ecmwf_ifs025,87.3,70.9
13,2026-06-20T09:47:13Z,KATL,2026-06-20,ukmo_global_deterministic_10km,82.8,73.5
14,2026-06-20T09:47:13Z,KATL,2026-06-21,ukmo_global_deterministic_10km,88.7,70.6
15,2026-06-20T09:47:13Z,KATL,2026-06-22,ukmo_global_deterministic_10km,91.0,73.8
16,2026-06-20T09:47:13Z,KAUS,2026-06-20,gfs_seamless,85.6,75.0
17,2026-06-20T09:47:13Z,KAUS,2026-06-21,gfs_seamless,81.8,75.6
18,2026-06-20T09:47:13Z,KAUS,2026-06-22,gfs_seamless,97.9,75.4
19,2026-06-20T09:47:13Z,KAUS,2026-06-20,icon_global,85.5,77.2
20,2026-06-20T09:47:13Z,KAUS,2026-06-21,icon_global,90.0,78.0
21,2026-06-20T09:47:13Z,KAUS,2026-06-22,icon_global,92.4,79.0
22,2026-06-20T09:47:13Z,KAUS,2026-06-20,gem_global,88.2,79.3
23,2026-06-20T09:47:13Z,KAUS,2026-06-21,gem_global,94.3,77.5
24,2026-06-20T09:47:13Z,KAUS,2026-06-22,gem_global,96.4,78.9
25,2026-06-20T09:47:13Z,KAUS,2026-06-20,ecmwf_ifs025,86.8,72.0
26,2026-06-20T09:47:13Z,KAUS,2026-06-21,ecmwf_ifs025,89.8,75.2
27,2026-06-20T09:47:13Z,KAUS,2026-06-22,ecmwf_ifs025,93.1,78.0
28,2026-06-20T09:47:13Z,KAUS,2026-06-20,ukmo_global_deterministic_10km,90.5,77.7
29,2026-06-20T09:47:13Z,KAUS,2026-06-21,ukmo_global_deterministic_10km,95.1,78.6
30,2026-06-20T09:47:13Z,KAUS,2026-06-22,ukmo_global_deterministic_10km,97.4,79.1
31,2026-06-20T09:47:13Z,KBOS,2026-06-20,gfs_seamless,79.6,59.7
32,2026-06-20T09:47:13Z,KBOS,2026-06-21,gfs_seamless,77.9,59.5
33,2026-06-20T09:47:13Z,KBOS,2026-06-22,gfs_seamless,71.8,59.0
34,2026-06-20T09:47:13Z,KBOS,2026-06-20,icon_global,78.1,62.4
35,2026-06-20T09:47:13Z,KBOS,2026-06-21,icon_global,81.0,61.6
36,2026-06-20T09:47:13Z,KBOS,2026-06-22,icon_global,69.3,61.7
37,2026-06-20T09:47:13Z,KBOS,2026-06-20,gem_global,75.0,64.8
38,2026-06-20T09:47:13Z,KBOS,2026-06-21,gem_global,71.7,62.5
39,2026-06-20T09:47:13Z,KBOS,2026-06-22,gem_global,72.7,60.6
40,2026-06-20T09:47:13Z,KBOS,2026-06-20,ecmwf_ifs025,81.2,64.3
41,2026-06-20T09:47:13Z,KBOS,2026-06-21,ecmwf_ifs025,83.9,61.6
42,2026-06-20T09:47:13Z,KBOS,2026-06-22,ecmwf_ifs025,82.3,61.9
43,2026-06-20T09:47:13Z,KBOS,2026-06-20,ukmo_global_deterministic_10km,78.5,64.7
44,2026-06-20T09:47:13Z,KBOS,2026-06-21,ukmo_global_deterministic_10km,80.9,63.6
45,2026-06-20T09:47:13Z,KBOS,2026-06-22,ukmo_global_deterministic_10km,77.4,64.0
211,2026-06-20T09:47:13Z,KDCA,2026-06-20,gfs_seamless,88.2,63.7
212,2026-06-20T09:47:13Z,KDCA,2026-06-21,gfs_seamless,88.5,68.2
213,2026-06-20T09:47:13Z,KDCA,2026-06-22,gfs_seamless,94.8,69.4
214,2026-06-20T09:47:13Z,KDCA,2026-06-20,icon_global,86.6,67.9
215,2026-06-20T09:47:13Z,KDCA,2026-06-21,icon_global,87.1,70.0
216,2026-06-20T09:47:13Z,KDCA,2026-06-22,icon_global,87.8,73.4
217,2026-06-20T09:47:13Z,KDCA,2026-06-20,gem_global,85.3,67.2
218,2026-06-20T09:47:13Z,KDCA,2026-06-21,gem_global,87.6,67.4
219,2026-06-20T09:47:13Z,KDCA,2026-06-22,gem_global,93.0,69.8
220,2026-06-20T09:47:13Z,KDCA,2026-06-20,ecmwf_ifs025,90.7,66.6
221,2026-06-20T09:47:13Z,KDCA,2026-06-21,ecmwf_ifs025,90.7,68.2
222,2026-06-20T09:47:13Z,KDCA,2026-06-22,ecmwf_ifs025,97.3,71.4
223,2026-06-20T09:47:13Z,KDCA,2026-06-20,ukmo_global_deterministic_10km,85.3,68.4
224,2026-06-20T09:47:13Z,KDCA,2026-06-21,ukmo_global_deterministic_10km,86.7,71.8
225,2026-06-20T09:47:13Z,KDCA,2026-06-22,ukmo_global_deterministic_10km,92.8,73.4
61,2026-06-20T09:47:13Z,KDEN,2026-06-20,gfs_seamless,92.9,55.6
62,2026-06-20T09:47:13Z,KDEN,2026-06-21,gfs_seamless,89.2,59.5
63,2026-06-20T09:47:13Z,KDEN,2026-06-22,gfs_seamless,85.0,48.1
64,2026-06-20T09:47:13Z,KDEN,2026-06-20,icon_global,91.9,53.3
65,2026-06-20T09:47:13Z,KDEN,2026-06-21,icon_global,90.8,54.5
66,2026-06-20T09:47:13Z,KDEN,2026-06-22,icon_global,85.6,55.5
67,2026-06-20T09:47:13Z,KDEN,2026-06-20,gem_global,88.3,52.6
68,2026-06-20T09:47:13Z,KDEN,2026-06-21,gem_global,86.0,55.4
69,2026-06-20T09:47:13Z,KDEN,2026-06-22,gem_global,85.5,52.4
70,2026-06-20T09:47:13Z,KDEN,2026-06-20,ecmwf_ifs025,91.6,57.0
71,2026-06-20T09:47:13Z,KDEN,2026-06-21,ecmwf_ifs025,92.2,61.9
72,2026-06-20T09:47:13Z,KDEN,2026-06-22,ecmwf_ifs025,84.6,60.1
73,2026-06-20T09:47:13Z,KDEN,2026-06-20,ukmo_global_deterministic_10km,92.2,59.1
74,2026-06-20T09:47:13Z,KDEN,2026-06-21,ukmo_global_deterministic_10km,90.6,59.9
75,2026-06-20T09:47:13Z,KDEN,2026-06-22,ukmo_global_deterministic_10km,86.5,53.3
46,2026-06-20T09:47:13Z,KDFW,2026-06-20,gfs_seamless,88.1,73.1
47,2026-06-20T09:47:13Z,KDFW,2026-06-21,gfs_seamless,90.0,74.4
48,2026-06-20T09:47:13Z,KDFW,2026-06-22,gfs_seamless,98.3,78.5
49,2026-06-20T09:47:13Z,KDFW,2026-06-20,icon_global,83.7,75.9
50,2026-06-20T09:47:13Z,KDFW,2026-06-21,icon_global,93.1,78.5
51,2026-06-20T09:47:13Z,KDFW,2026-06-22,icon_global,92.8,80.1
52,2026-06-20T09:47:13Z,KDFW,2026-06-20,gem_global,87.6,75.3
53,2026-06-20T09:47:13Z,KDFW,2026-06-21,gem_global,93.5,75.4
54,2026-06-20T09:47:13Z,KDFW,2026-06-22,gem_global,95.4,82.2
55,2026-06-20T09:47:13Z,KDFW,2026-06-20,ecmwf_ifs025,86.7,72.2
56,2026-06-20T09:47:13Z,KDFW,2026-06-21,ecmwf_ifs025,91.8,77.1
57,2026-06-20T09:47:13Z,KDFW,2026-06-22,ecmwf_ifs025,92.5,73.3
58,2026-06-20T09:47:13Z,KDFW,2026-06-20,ukmo_global_deterministic_10km,92.0,75.6
59,2026-06-20T09:47:13Z,KDFW,2026-06-21,ukmo_global_deterministic_10km,98.1,79.3
60,2026-06-20T09:47:13Z,KDFW,2026-06-22,ukmo_global_deterministic_10km,96.6,80.8
76,2026-06-20T09:47:13Z,KIAH,2026-06-20,gfs_seamless,83.8,75.1
77,2026-06-20T09:47:13Z,KIAH,2026-06-21,gfs_seamless,81.7,75.5
78,2026-06-20T09:47:13Z,KIAH,2026-06-22,gfs_seamless,95.7,79.5
79,2026-06-20T09:47:13Z,KIAH,2026-06-20,icon_global,86.4,79.2
80,2026-06-20T09:47:13Z,KIAH,2026-06-21,icon_global,88.8,77.6
81,2026-06-20T09:47:13Z,KIAH,2026-06-22,icon_global,92.0,78.4
82,2026-06-20T09:47:13Z,KIAH,2026-06-20,gem_global,86.6,79.6
83,2026-06-20T09:47:13Z,KIAH,2026-06-21,gem_global,89.0,76.4
84,2026-06-20T09:47:13Z,KIAH,2026-06-22,gem_global,93.3,80.5
85,2026-06-20T09:47:13Z,KIAH,2026-06-20,ecmwf_ifs025,87.9,72.3
86,2026-06-20T09:47:13Z,KIAH,2026-06-21,ecmwf_ifs025,88.4,76.3
87,2026-06-20T09:47:13Z,KIAH,2026-06-22,ecmwf_ifs025,90.7,79.4
88,2026-06-20T09:47:13Z,KIAH,2026-06-20,ukmo_global_deterministic_10km,93.4,77.2
89,2026-06-20T09:47:13Z,KIAH,2026-06-21,ukmo_global_deterministic_10km,92.0,80.6
90,2026-06-20T09:47:13Z,KIAH,2026-06-22,ukmo_global_deterministic_10km,95.8,79.9
91,2026-06-20T09:47:13Z,KLAX,2026-06-20,gfs_seamless,68.8,53.0
92,2026-06-20T09:47:13Z,KLAX,2026-06-21,gfs_seamless,68.9,53.4
93,2026-06-20T09:47:13Z,KLAX,2026-06-22,gfs_seamless,70.5,63.3
94,2026-06-20T09:47:13Z,KLAX,2026-06-20,icon_global,71.3,58.7
95,2026-06-20T09:47:13Z,KLAX,2026-06-21,icon_global,72.0,57.2
96,2026-06-20T09:47:13Z,KLAX,2026-06-22,icon_global,74.3,59.1
97,2026-06-20T09:47:13Z,KLAX,2026-06-20,gem_global,67.6,52.6
98,2026-06-20T09:47:13Z,KLAX,2026-06-21,gem_global,68.7,53.5
99,2026-06-20T09:47:13Z,KLAX,2026-06-22,gem_global,70.5,56.1
100,2026-06-20T09:47:13Z,KLAX,2026-06-20,ecmwf_ifs025,74.1,58.4
101,2026-06-20T09:47:13Z,KLAX,2026-06-21,ecmwf_ifs025,75.1,58.9
102,2026-06-20T09:47:13Z,KLAX,2026-06-22,ecmwf_ifs025,79.2,59.4
103,2026-06-20T09:47:13Z,KLAX,2026-06-20,ukmo_global_deterministic_10km,66.8,57.8
104,2026-06-20T09:47:13Z,KLAX,2026-06-21,ukmo_global_deterministic_10km,68.5,61.1
105,2026-06-20T09:47:13Z,KLAX,2026-06-22,ukmo_global_deterministic_10km,70.4,61.7
106,2026-06-20T09:47:13Z,KMIA,2026-06-20,gfs_seamless,90.6,75.9
107,2026-06-20T09:47:13Z,KMIA,2026-06-21,gfs_seamless,93.2,76.1
108,2026-06-20T09:47:13Z,KMIA,2026-06-22,gfs_seamless,93.2,79.1
109,2026-06-20T09:47:13Z,KMIA,2026-06-20,icon_global,91.5,75.1
110,2026-06-20T09:47:13Z,KMIA,2026-06-21,icon_global,90.7,76.5
111,2026-06-20T09:47:13Z,KMIA,2026-06-22,icon_global,92.2,77.3
112,2026-06-20T09:47:13Z,KMIA,2026-06-20,gem_global,91.0,75.1
113,2026-06-20T09:47:13Z,KMIA,2026-06-21,gem_global,88.0,74.3
114,2026-06-20T09:47:13Z,KMIA,2026-06-22,gem_global,88.8,75.4
115,2026-06-20T09:47:13Z,KMIA,2026-06-20,ecmwf_ifs025,89.5,76.9
116,2026-06-20T09:47:13Z,KMIA,2026-06-21,ecmwf_ifs025,89.1,78.1
117,2026-06-20T09:47:13Z,KMIA,2026-06-22,ecmwf_ifs025,88.5,80.1
118,2026-06-20T09:47:13Z,KMIA,2026-06-20,ukmo_global_deterministic_10km,90.3,80.3
119,2026-06-20T09:47:13Z,KMIA,2026-06-21,ukmo_global_deterministic_10km,92.3,79.4
120,2026-06-20T09:47:13Z,KMIA,2026-06-22,ukmo_global_deterministic_10km,94.1,83.6
121,2026-06-20T09:47:13Z,KMSP,2026-06-20,gfs_seamless,74.6,51.4
122,2026-06-20T09:47:13Z,KMSP,2026-06-21,gfs_seamless,77.7,54.8
123,2026-06-20T09:47:13Z,KMSP,2026-06-22,gfs_seamless,78.9,59.4
124,2026-06-20T09:47:13Z,KMSP,2026-06-20,icon_global,72.5,55.3
125,2026-06-20T09:47:13Z,KMSP,2026-06-21,icon_global,72.9,56.8
126,2026-06-20T09:47:13Z,KMSP,2026-06-22,icon_global,76.1,56.4
127,2026-06-20T09:47:13Z,KMSP,2026-06-20,gem_global,73.4,52.3
128,2026-06-20T09:47:13Z,KMSP,2026-06-21,gem_global,78.5,52.8
129,2026-06-20T09:47:13Z,KMSP,2026-06-22,gem_global,80.6,58.4
130,2026-06-20T09:47:13Z,KMSP,2026-06-20,ecmwf_ifs025,73.5,55.0
131,2026-06-20T09:47:13Z,KMSP,2026-06-21,ecmwf_ifs025,77.0,55.7
132,2026-06-20T09:47:13Z,KMSP,2026-06-22,ecmwf_ifs025,76.0,60.0
133,2026-06-20T09:47:13Z,KMSP,2026-06-20,ukmo_global_deterministic_10km,75.6,57.4
134,2026-06-20T09:47:13Z,KMSP,2026-06-21,ukmo_global_deterministic_10km,74.3,61.5
135,2026-06-20T09:47:13Z,KMSP,2026-06-22,ukmo_global_deterministic_10km,76.3,59.9
136,2026-06-20T09:47:13Z,KNYC,2026-06-20,gfs_seamless,84.2,65.0
137,2026-06-20T09:47:13Z,KNYC,2026-06-21,gfs_seamless,83.0,63.2
138,2026-06-20T09:47:13Z,KNYC,2026-06-22,gfs_seamless,69.1,64.6
139,2026-06-20T09:47:13Z,KNYC,2026-06-20,icon_global,81.4,66.1
140,2026-06-20T09:47:13Z,KNYC,2026-06-21,icon_global,80.9,68.7
141,2026-06-20T09:47:13Z,KNYC,2026-06-22,icon_global,71.7,68.7
142,2026-06-20T09:47:13Z,KNYC,2026-06-20,gem_global,81.0,67.1
143,2026-06-20T09:47:13Z,KNYC,2026-06-21,gem_global,81.5,61.7
144,2026-06-20T09:47:13Z,KNYC,2026-06-22,gem_global,81.3,60.5
145,2026-06-20T09:47:13Z,KNYC,2026-06-20,ecmwf_ifs025,85.1,66.5
146,2026-06-20T09:47:13Z,KNYC,2026-06-21,ecmwf_ifs025,85.5,68.1
147,2026-06-20T09:47:13Z,KNYC,2026-06-22,ecmwf_ifs025,76.1,69.6
148,2026-06-20T09:47:13Z,KNYC,2026-06-20,ukmo_global_deterministic_10km,81.9,67.1
149,2026-06-20T09:47:13Z,KNYC,2026-06-21,ukmo_global_deterministic_10km,81.1,69.0
150,2026-06-20T09:47:13Z,KNYC,2026-06-22,ukmo_global_deterministic_10km,78.0,69.4
151,2026-06-20T09:47:13Z,KOKC,2026-06-20,gfs_seamless,89.5,67.1
152,2026-06-20T09:47:13Z,KOKC,2026-06-21,gfs_seamless,93.0,73.5
153,2026-06-20T09:47:13Z,KOKC,2026-06-22,gfs_seamless,79.7,69.3
154,2026-06-20T09:47:13Z,KOKC,2026-06-20,icon_global,89.0,70.7
155,2026-06-20T09:47:13Z,KOKC,2026-06-21,icon_global,94.4,75.0
156,2026-06-20T09:47:13Z,KOKC,2026-06-22,icon_global,86.7,72.9
157,2026-06-20T09:47:13Z,KOKC,2026-06-20,gem_global,85.7,68.1
158,2026-06-20T09:47:13Z,KOKC,2026-06-21,gem_global,93.3,71.5
159,2026-06-20T09:47:13Z,KOKC,2026-06-22,gem_global,76.5,68.4
160,2026-06-20T09:47:13Z,KOKC,2026-06-20,ecmwf_ifs025,86.3,69.7
161,2026-06-20T09:47:13Z,KOKC,2026-06-21,ecmwf_ifs025,95.2,75.6
162,2026-06-20T09:47:13Z,KOKC,2026-06-22,ecmwf_ifs025,88.1,68.0
163,2026-06-20T09:47:13Z,KOKC,2026-06-20,ukmo_global_deterministic_10km,89.6,70.0
164,2026-06-20T09:47:13Z,KOKC,2026-06-21,ukmo_global_deterministic_10km,97.9,75.6
165,2026-06-20T09:47:13Z,KOKC,2026-06-22,ukmo_global_deterministic_10km,92.5,72.1
166,2026-06-20T09:47:13Z,KPHL,2026-06-20,gfs_seamless,84.0,65.2
167,2026-06-20T09:47:13Z,KPHL,2026-06-21,gfs_seamless,85.8,63.4
168,2026-06-20T09:47:13Z,KPHL,2026-06-22,gfs_seamless,87.3,68.4
169,2026-06-20T09:47:13Z,KPHL,2026-06-20,icon_global,83.3,67.1
170,2026-06-20T09:47:13Z,KPHL,2026-06-21,icon_global,85.4,68.9
171,2026-06-20T09:47:13Z,KPHL,2026-06-22,icon_global,81.2,71.6
172,2026-06-20T09:47:13Z,KPHL,2026-06-20,gem_global,83.8,68.3
173,2026-06-20T09:47:13Z,KPHL,2026-06-21,gem_global,85.7,64.3
174,2026-06-20T09:47:13Z,KPHL,2026-06-22,gem_global,88.0,64.1
175,2026-06-20T09:47:13Z,KPHL,2026-06-20,ecmwf_ifs025,84.3,66.6
176,2026-06-20T09:47:13Z,KPHL,2026-06-21,ecmwf_ifs025,86.2,64.1
177,2026-06-20T09:47:13Z,KPHL,2026-06-22,ecmwf_ifs025,92.7,67.2
178,2026-06-20T09:47:13Z,KPHL,2026-06-20,ukmo_global_deterministic_10km,82.0,68.5
179,2026-06-20T09:47:13Z,KPHL,2026-06-21,ukmo_global_deterministic_10km,83.8,69.0
180,2026-06-20T09:47:13Z,KPHL,2026-06-22,ukmo_global_deterministic_10km,84.9,72.9
196,2026-06-20T09:47:13Z,KSEA,2026-06-20,gfs_seamless,72.3,53.4
197,2026-06-20T09:47:13Z,KSEA,2026-06-21,gfs_seamless,77.2,51.5
198,2026-06-20T09:47:13Z,KSEA,2026-06-22,gfs_seamless,82.9,55.7
199,2026-06-20T09:47:13Z,KSEA,2026-06-20,icon_global,68.9,55.1
200,2026-06-20T09:47:13Z,KSEA,2026-06-21,icon_global,74.5,54.4
201,2026-06-20T09:47:13Z,KSEA,2026-06-22,icon_global,81.7,58.1
202,2026-06-20T09:47:13Z,KSEA,2026-06-20,gem_global,73.1,54.0
203,2026-06-20T09:47:13Z,KSEA,2026-06-21,gem_global,76.0,51.1
204,2026-06-20T09:47:13Z,KSEA,2026-06-22,gem_global,81.3,53.0
205,2026-06-20T09:47:13Z,KSEA,2026-06-20,ecmwf_ifs025,73.2,54.8
206,2026-06-20T09:47:13Z,KSEA,2026-06-21,ecmwf_ifs025,76.8,53.0
207,2026-06-20T09:47:13Z,KSEA,2026-06-22,ecmwf_ifs025,83.0,59.0
208,2026-06-20T09:47:13Z,KSEA,2026-06-20,ukmo_global_deterministic_10km,75.3,55.9
209,2026-06-20T09:47:13Z,KSEA,2026-06-21,ukmo_global_deterministic_10km,79.9,55.6
210,2026-06-20T09:47:13Z,KSEA,2026-06-22,ukmo_global_deterministic_10km,83.4,63.7
181,2026-06-20T09:47:13Z,KSFO,2026-06-20,gfs_seamless,67.1,57.4
182,2026-06-20T09:47:13Z,KSFO,2026-06-21,gfs_seamless,65.4,53.9
183,2026-06-20T09:47:13Z,KSFO,2026-06-22,gfs_seamless,69.2,55.7
184,2026-06-20T09:47:13Z,KSFO,2026-06-20,icon_global,70.6,59.0
185,2026-06-20T09:47:13Z,KSFO,2026-06-21,icon_global,69.1,55.4
186,2026-06-20T09:47:13Z,KSFO,2026-06-22,icon_global,68.5,55.0
187,2026-06-20T09:47:13Z,KSFO,2026-06-20,gem_global,64.4,56.7
188,2026-06-20T09:47:13Z,KSFO,2026-06-21,gem_global,62.0,55.8
189,2026-06-20T09:47:13Z,KSFO,2026-06-22,gem_global,63.8,56.0
190,2026-06-20T09:47:13Z,KSFO,2026-06-20,ecmwf_ifs025,64.5,56.1
191,2026-06-20T09:47:13Z,KSFO,2026-06-21,ecmwf_ifs025,64.1,54.2
192,2026-06-20T09:47:13Z,KSFO,2026-06-22,ecmwf_ifs025,65.1,54.5
193,2026-06-20T09:47:13Z,KSFO,2026-06-20,ukmo_global_deterministic_10km,70.4,58.4
194,2026-06-20T09:47:13Z,KSFO,2026-06-21,ukmo_global_deterministic_10km,69.7,55.5
195,2026-06-20T09:47:13Z,KSFO,2026-06-22,ukmo_global_deterministic_10km,67.7,55.2
1,2026-06-20T10:56:22Z,KATL,2026-06-20,gfs_seamless,86.7,70.0
2,2026-06-20T10:56:22Z,KATL,2026-06-21,gfs_seamless,87.5,69.6
3,2026-06-20T10:56:22Z,KATL,2026-06-22,gfs_seamless,91.3,71.3
4,2026-06-20T10:56:22Z,KATL,2026-06-20,icon_global,84.1,71.5
5,2026-06-20T10:56:22Z,KATL,2026-06-21,icon_global,88.0,69.8
6,2026-06-20T10:56:22Z,KATL,2026-06-22,icon_global,88.6,73.4
7,2026-06-20T10:56:22Z,KATL,2026-06-20,gem_global,80.6,69.8
8,2026-06-20T10:56:22Z,KATL,2026-06-21,gem_global,85.5,66.6
9,2026-06-20T10:56:22Z,KATL,2026-06-22,gem_global,84.7,70.4
10,2026-06-20T10:56:22Z,KATL,2026-06-20,ecmwf_ifs025,79.5,69.3
11,2026-06-20T10:56:22Z,KATL,2026-06-21,ecmwf_ifs025,86.7,69.0
12,2026-06-20T10:56:22Z,KATL,2026-06-22,ecmwf_ifs025,87.3,70.9
13,2026-06-20T10:56:22Z,KATL,2026-06-20,ukmo_global_deterministic_10km,82.8,73.5
14,2026-06-20T10:56:22Z,KATL,2026-06-21,ukmo_global_deterministic_10km,88.7,70.6
15,2026-06-20T10:56:22Z,KATL,2026-06-22,ukmo_global_deterministic_10km,91.0,73.8
16,2026-06-20T10:56:22Z,KAUS,2026-06-20,gfs_seamless,85.6,75.0
17,2026-06-20T10:56:22Z,KAUS,2026-06-21,gfs_seamless,81.8,75.6
18,2026-06-20T10:56:22Z,KAUS,2026-06-22,gfs_seamless,97.9,75.4
19,2026-06-20T10:56:22Z,KAUS,2026-06-20,icon_global,85.5,77.2
20,2026-06-20T10:56:22Z,KAUS,2026-06-21,icon_global,90.0,78.0
21,2026-06-20T10:56:22Z,KAUS,2026-06-22,icon_global,92.4,79.0
22,2026-06-20T10:56:22Z,KAUS,2026-06-20,gem_global,88.2,79.3
23,2026-06-20T10:56:22Z,KAUS,2026-06-21,gem_global,94.3,77.5
24,2026-06-20T10:56:22Z,KAUS,2026-06-22,gem_global,96.4,78.9
25,2026-06-20T10:56:22Z,KAUS,2026-06-20,ecmwf_ifs025,86.8,72.0
26,2026-06-20T10:56:22Z,KAUS,2026-06-21,ecmwf_ifs025,89.8,75.2
27,2026-06-20T10:56:22Z,KAUS,2026-06-22,ecmwf_ifs025,93.1,78.0
28,2026-06-20T10:56:22Z,KAUS,2026-06-20,ukmo_global_deterministic_10km,90.5,77.7
29,2026-06-20T10:56:22Z,KAUS,2026-06-21,ukmo_global_deterministic_10km,95.1,78.6
30,2026-06-20T10:56:22Z,KAUS,2026-06-22,ukmo_global_deterministic_10km,97.4,79.1
31,2026-06-20T10:56:22Z,KBOS,2026-06-20,gfs_seamless,79.6,59.7
32,2026-06-20T10:56:22Z,KBOS,2026-06-21,gfs_seamless,77.9,59.5
33,2026-06-20T10:56:22Z,KBOS,2026-06-22,gfs_seamless,71.8,59.0
34,2026-06-20T10:56:22Z,KBOS,2026-06-20,icon_global,78.1,62.4
35,2026-06-20T10:56:22Z,KBOS,2026-06-21,icon_global,81.0,61.6
36,2026-06-20T10:56:22Z,KBOS,2026-06-22,icon_global,69.3,61.7
37,2026-06-20T10:56:22Z,KBOS,2026-06-20,gem_global,75.0,64.8
38,2026-06-20T10:56:22Z,KBOS,2026-06-21,gem_global,71.7,62.5
39,2026-06-20T10:56:22Z,KBOS,2026-06-22,gem_global,72.7,60.6
40,2026-06-20T10:56:22Z,KBOS,2026-06-20,ecmwf_ifs025,81.2,64.3
41,2026-06-20T10:56:22Z,KBOS,2026-06-21,ecmwf_ifs025,83.9,61.6
42,2026-06-20T10:56:22Z,KBOS,2026-06-22,ecmwf_ifs025,82.3,61.9
43,2026-06-20T10:56:22Z,KBOS,2026-06-20,ukmo_global_deterministic_10km,78.5,64.7
44,2026-06-20T10:56:22Z,KBOS,2026-06-21,ukmo_global_deterministic_10km,80.9,63.6
45,2026-06-20T10:56:22Z,KBOS,2026-06-22,ukmo_global_deterministic_10km,77.4,64.0
61,2026-06-20T10:56:22Z,KDEN,2026-06-20,gfs_seamless,92.9,55.6
62,2026-06-20T10:56:22Z,KDEN,2026-06-21,gfs_seamless,89.2,59.5
63,2026-06-20T10:56:22Z,KDEN,2026-06-22,gfs_seamless,85.0,48.1
64,2026-06-20T10:56:22Z,KDEN,2026-06-20,icon_global,91.9,53.3
65,2026-06-20T10:56:22Z,KDEN,2026-06-21,icon_global,90.8,54.5
66,2026-06-20T10:56:22Z,KDEN,2026-06-22,icon_global,85.6,55.5
67,2026-06-20T10:56:22Z,KDEN,2026-06-20,gem_global,88.3,52.6
68,2026-06-20T10:56:22Z,KDEN,2026-06-21,gem_global,86.0,55.4
69,2026-06-20T10:56:22Z,KDEN,2026-06-22,gem_global,85.5,52.4
70,2026-06-20T10:56:22Z,KDEN,2026-06-20,ecmwf_ifs025,91.6,57.0
71,2026-06-20T10:56:22Z,KDEN,2026-06-21,ecmwf_ifs025,92.2,61.9
72,2026-06-20T10:56:22Z,KDEN,2026-06-22,ecmwf_ifs025,84.6,60.1
73,2026-06-20T10:56:22Z,KDEN,2026-06-20,ukmo_global_deterministic_10km,92.2,59.1
74,2026-06-20T10:56:22Z,KDEN,2026-06-21,ukmo_global_deterministic_10km,90.6,59.9
75,2026-06-20T10:56:22Z,KDEN,2026-06-22,ukmo_global_deterministic_10km,86.5,53.3
46,2026-06-20T10:56:22Z,KDFW,2026-06-20,gfs_seamless,88.1,73.1
47,2026-06-20T10:56:22Z,KDFW,2026-06-21,gfs_seamless,90.0,74.4
48,2026-06-20T10:56:22Z,KDFW,2026-06-22,gfs_seamless,98.3,78.5
49,2026-06-20T10:56:22Z,KDFW,2026-06-20,icon_global,83.7,75.9
50,2026-06-20T10:56:22Z,KDFW,2026-06-21,icon_global,93.1,78.5
51,2026-06-20T10:56:22Z,KDFW,2026-06-22,icon_global,92.8,80.1
52,2026-06-20T10:56:22Z,KDFW,2026-06-20,gem_global,87.6,75.3
53,2026-06-20T10:56:22Z,KDFW,2026-06-21,gem_global,93.5,75.4
54,2026-06-20T10:56:22Z,KDFW,2026-06-22,gem_global,95.4,82.2
55,2026-06-20T10:56:22Z,KDFW,2026-06-20,ecmwf_ifs025,86.7,72.2
56,2026-06-20T10:56:22Z,KDFW,2026-06-21,ecmwf_ifs025,91.8,77.1
57,2026-06-20T10:56:22Z,KDFW,2026-06-22,ecmwf_ifs025,92.5,73.3
58,2026-06-20T10:56:22Z,KDFW,2026-06-20,ukmo_global_deterministic_10km,92.0,75.6
59,2026-06-20T10:56:22Z,KDFW,2026-06-21,ukmo_global_deterministic_10km,98.1,79.3
60,2026-06-20T10:56:22Z,KDFW,2026-06-22,ukmo_global_deterministic_10km,96.6,80.8
76,2026-06-20T10:56:22Z,KIAH,2026-06-20,gfs_seamless,83.8,75.1
77,2026-06-20T10:56:22Z,KIAH,2026-06-21,gfs_seamless,81.7,75.5
78,2026-06-20T10:56:22Z,KIAH,2026-06-22,gfs_seamless,95.7,79.5
79,2026-06-20T10:56:22Z,KIAH,2026-06-20,icon_global,86.4,79.2
80,2026-06-20T10:56:22Z,KIAH,2026-06-21,icon_global,88.8,77.6
81,2026-06-20T10:56:22Z,KIAH,2026-06-22,icon_global,92.0,78.4
82,2026-06-20T10:56:22Z,KIAH,2026-06-20,gem_global,86.6,79.6
83,2026-06-20T10:56:22Z,KIAH,2026-06-21,gem_global,89.0,76.4
84,2026-06-20T10:56:22Z,KIAH,2026-06-22,gem_global,93.3,80.5
85,2026-06-20T10:56:22Z,KIAH,2026-06-20,ecmwf_ifs025,87.9,72.3
86,2026-06-20T10:56:22Z,KIAH,2026-06-21,ecmwf_ifs025,88.4,76.3
87,2026-06-20T10:56:22Z,KIAH,2026-06-22,ecmwf_ifs025,90.7,79.4
88,2026-06-20T10:56:22Z,KIAH,2026-06-20,ukmo_global_deterministic_10km,93.4,77.2
89,2026-06-20T10:56:22Z,KIAH,2026-06-21,ukmo_global_deterministic_10km,92.0,80.6
90,2026-06-20T10:56:22Z,KIAH,2026-06-22,ukmo_global_deterministic_10km,95.8,79.9
91,2026-06-20T10:56:22Z,KLAX,2026-06-20,gfs_seamless,68.8,53.0
92,2026-06-20T10:56:22Z,KLAX,2026-06-21,gfs_seamless,68.9,53.4
93,2026-06-20T10:56:22Z,KLAX,2026-06-22,gfs_seamless,70.5,63.3
94,2026-06-20T10:56:22Z,KLAX,2026-06-20,icon_global,71.3,58.7
95,2026-06-20T10:56:22Z,KLAX,2026-06-21,icon_global,72.0,57.2
96,2026-06-20T10:56:22Z,KLAX,2026-06-22,icon_global,74.3,59.1
97,2026-06-20T10:56:22Z,KLAX,2026-06-20,gem_global,67.6,52.6
98,2026-06-20T10:56:22Z,KLAX,2026-06-21,gem_global,68.7,53.5
99,2026-06-20T10:56:22Z,KLAX,2026-06-22,gem_global,70.5,56.1
100,2026-06-20T10:56:22Z,KLAX,2026-06-20,ecmwf_ifs025,74.1,58.4
101,2026-06-20T10:56:22Z,KLAX,2026-06-21,ecmwf_ifs025,75.1,58.9
102,2026-06-20T10:56:22Z,KLAX,2026-06-22,ecmwf_ifs025,79.2,59.4
103,2026-06-20T10:56:22Z,KLAX,2026-06-20,ukmo_global_deterministic_10km,66.8,57.8
104,2026-06-20T10:56:22Z,KLAX,2026-06-21,ukmo_global_deterministic_10km,68.5,61.1
105,2026-06-20T10:56:22Z,KLAX,2026-06-22,ukmo_global_deterministic_10km,70.4,61.7
106,2026-06-20T10:56:22Z,KMIA,2026-06-20,gfs_seamless,90.6,75.9
107,2026-06-20T10:56:22Z,KMIA,2026-06-21,gfs_seamless,93.2,76.1
108,2026-06-20T10:56:22Z,KMIA,2026-06-22,gfs_seamless,93.2,79.1
109,2026-06-20T10:56:22Z,KMIA,2026-06-20,icon_global,91.5,75.1
110,2026-06-20T10:56:22Z,KMIA,2026-06-21,icon_global,90.7,76.5
111,2026-06-20T10:56:22Z,KMIA,2026-06-22,icon_global,92.2,77.3
112,2026-06-20T10:56:22Z,KMIA,2026-06-20,gem_global,91.0,75.1
113,2026-06-20T10:56:22Z,KMIA,2026-06-21,gem_global,88.0,74.3
114,2026-06-20T10:56:22Z,KMIA,2026-06-22,gem_global,88.8,75.4
115,2026-06-20T10:56:22Z,KMIA,2026-06-20,ecmwf_ifs025,89.5,76.9
116,2026-06-20T10:56:22Z,KMIA,2026-06-21,ecmwf_ifs025,89.1,78.1
117,2026-06-20T10:56:22Z,KMIA,2026-06-22,ecmwf_ifs025,88.5,80.1
118,2026-06-20T10:56:22Z,KMIA,2026-06-20,ukmo_global_deterministic_10km,90.3,80.3
119,2026-06-20T10:56:22Z,KMIA,2026-06-21,ukmo_global_deterministic_10km,92.3,79.4
120,2026-06-20T10:56:22Z,KMIA,2026-06-22,ukmo_global_deterministic_10km,94.1,83.6
121,2026-06-20T10:56:22Z,KMSP,2026-06-20,gfs_seamless,74.6,51.4
122,2026-06-20T10:56:22Z,KMSP,2026-06-21,gfs_seamless,77.7,54.8
123,2026-06-20T10:56:22Z,KMSP,2026-06-22,gfs_seamless,78.9,59.4
124,2026-06-20T10:56:22Z,KMSP,2026-06-20,icon_global,72.5,55.3
125,2026-06-20T10:56:22Z,KMSP,2026-06-21,icon_global,72.9,56.8
126,2026-06-20T10:56:22Z,KMSP,2026-06-22,icon_global,76.1,56.4
127,2026-06-20T10:56:22Z,KMSP,2026-06-20,gem_global,73.4,52.3
128,2026-06-20T10:56:22Z,KMSP,2026-06-21,gem_global,78.5,52.8
129,2026-06-20T10:56:22Z,KMSP,2026-06-22,gem_global,80.6,58.4
130,2026-06-20T10:56:22Z,KMSP,2026-06-20,ecmwf_ifs025,73.5,55.0
131,2026-06-20T10:56:22Z,KMSP,2026-06-21,ecmwf_ifs025,77.0,55.7
132,2026-06-20T10:56:22Z,KMSP,2026-06-22,ecmwf_ifs025,76.0,60.0
133,2026-06-20T10:56:22Z,KMSP,2026-06-20,ukmo_global_deterministic_10km,75.6,57.4
134,2026-06-20T10:56:22Z,KMSP,2026-06-21,ukmo_global_deterministic_10km,74.3,61.5
135,2026-06-20T10:56:22Z,KMSP,2026-06-22,ukmo_global_deterministic_10km,76.3,59.9
136,2026-06-20T10:56:22Z,KMSY,2026-06-20,gfs_seamless,86.3,72.4
137,2026-06-20T10:56:22Z,KMSY,2026-06-21,gfs_seamless,85.8,74.6
138,2026-06-20T10:56:22Z,KMSY,2026-06-22,gfs_seamless,94.6,74.3
139,2026-06-20T10:56:22Z,KMSY,2026-06-20,icon_global,91.2,79.9
140,2026-06-20T10:56:22Z,KMSY,2026-06-21,icon_global,88.9,79.0
141,2026-06-20T10:56:22Z,KMSY,2026-06-22,icon_global,94.6,78.7
142,2026-06-20T10:56:22Z,KMSY,2026-06-20,gem_global,89.8,79.9
143,2026-06-20T10:56:22Z,KMSY,2026-06-21,gem_global,88.0,79.1
144,2026-06-20T10:56:22Z,KMSY,2026-06-22,gem_global,92.7,79.5
145,2026-06-20T10:56:22Z,KMSY,2026-06-20,ecmwf_ifs025,82.6,77.7
146,2026-06-20T10:56:22Z,KMSY,2026-06-21,ecmwf_ifs025,87.3,78.4
147,2026-06-20T10:56:22Z,KMSY,2026-06-22,ecmwf_ifs025,89.3,79.8
148,2026-06-20T10:56:22Z,KMSY,2026-06-20,ukmo_global_deterministic_10km,88.3,80.1
149,2026-06-20T10:56:22Z,KMSY,2026-06-21,ukmo_global_deterministic_10km,91.9,76.9
150,2026-06-20T10:56:22Z,KMSY,2026-06-22,ukmo_global_deterministic_10km,94.8,80.4
151,2026-06-20T10:56:22Z,KNYC,2026-06-20,gfs_seamless,84.2,65.0
152,2026-06-20T10:56:22Z,KNYC,2026-06-21,gfs_seamless,83.0,63.2
153,2026-06-20T10:56:22Z,KNYC,2026-06-22,gfs_seamless,69.1,64.6
154,2026-06-20T10:56:22Z,KNYC,2026-06-20,icon_global,81.4,66.1
155,2026-06-20T10:56:22Z,KNYC,2026-06-21,icon_global,80.9,68.7
156,2026-06-20T10:56:22Z,KNYC,2026-06-22,icon_global,71.7,68.7
157,2026-06-20T10:56:22Z,KNYC,2026-06-20,gem_global,81.0,67.1
158,2026-06-20T10:56:22Z,KNYC,2026-06-21,gem_global,81.5,61.7
159,2026-06-20T10:56:22Z,KNYC,2026-06-22,gem_global,81.3,60.5
160,2026-06-20T10:56:22Z,KNYC,2026-06-20,ecmwf_ifs025,85.1,66.5
161,2026-06-20T10:56:22Z,KNYC,2026-06-21,ecmwf_ifs025,85.5,68.1
162,2026-06-20T10:56:22Z,KNYC,2026-06-22,ecmwf_ifs025,76.1,69.6
163,2026-06-20T10:56:22Z,KNYC,2026-06-20,ukmo_global_deterministic_10km,81.9,67.1
164,2026-06-20T10:56:22Z,KNYC,2026-06-21,ukmo_global_deterministic_10km,81.1,69.0
165,2026-06-20T10:56:22Z,KNYC,2026-06-22,ukmo_global_deterministic_10km,78.0,69.4
166,2026-06-20T10:56:22Z,KPHL,2026-06-20,gfs_seamless,84.0,65.2
167,2026-06-20T10:56:22Z,KPHL,2026-06-21,gfs_seamless,85.8,63.4
168,2026-06-20T10:56:22Z,KPHL,2026-06-22,gfs_seamless,87.3,68.4
169,2026-06-20T10:56:22Z,KPHL,2026-06-20,icon_global,83.3,67.1
170,2026-06-20T10:56:22Z,KPHL,2026-06-21,icon_global,85.4,68.9
171,2026-06-20T10:56:22Z,KPHL,2026-06-22,icon_global,81.2,71.6
172,2026-06-20T10:56:22Z,KPHL,2026-06-20,gem_global,83.8,68.3
173,2026-06-20T10:56:22Z,KPHL,2026-06-21,gem_global,85.7,64.3
174,2026-06-20T10:56:22Z,KPHL,2026-06-22,gem_global,88.0,64.1
175,2026-06-20T10:56:22Z,KPHL,2026-06-20,ecmwf_ifs025,84.3,66.6
176,2026-06-20T10:56:22Z,KPHL,2026-06-21,ecmwf_ifs025,86.2,64.1
177,2026-06-20T10:56:22Z,KPHL,2026-06-22,ecmwf_ifs025,92.7,67.2
178,2026-06-20T10:56:22Z,KPHL,2026-06-20,ukmo_global_deterministic_10km,82.0,68.5
179,2026-06-20T10:56:22Z,KPHL,2026-06-21,ukmo_global_deterministic_10km,83.8,69.0
180,2026-06-20T10:56:22Z,KPHL,2026-06-22,ukmo_global_deterministic_10km,84.9,72.9
181,2026-06-20T10:56:22Z,KPHX,2026-06-20,gfs_seamless,105.9,78.6
182,2026-06-20T10:56:22Z,KPHX,2026-06-21,gfs_seamless,105.3,73.0
183,2026-06-20T10:56:22Z,KPHX,2026-06-22,gfs_seamless,107.4,88.3
184,2026-06-20T10:56:22Z,KPHX,2026-06-20,icon_global,103.0,77.2
185,2026-06-20T10:56:22Z,KPHX,2026-06-21,icon_global,105.3,76.9
186,2026-06-20T10:56:22Z,KPHX,2026-06-22,icon_global,107.9,78.7
187,2026-06-20T10:56:22Z,KPHX,2026-06-20,gem_global,101.2,60.8
188,2026-06-20T10:56:22Z,KPHX,2026-06-21,gem_global,102.8,58.5
189,2026-06-20T10:56:22Z,KPHX,2026-06-22,gem_global,104.9,59.5
190,2026-06-20T10:56:22Z,KPHX,2026-06-20,ecmwf_ifs025,104.2,82.2
191,2026-06-20T10:56:22Z,KPHX,2026-06-21,ecmwf_ifs025,105.2,81.4
192,2026-06-20T10:56:22Z,KPHX,2026-06-22,ecmwf_ifs025,108.3,81.9
193,2026-06-20T10:56:22Z,KPHX,2026-06-20,ukmo_global_deterministic_10km,101.9,78.1
194,2026-06-20T10:56:22Z,KPHX,2026-06-21,ukmo_global_deterministic_10km,102.7,74.8
195,2026-06-20T10:56:22Z,KPHX,2026-06-22,ukmo_global_deterministic_10km,106.3,75.0
196,2026-06-20T10:56:22Z,KSAT,2026-06-20,gfs_seamless,85.0,74.6
197,2026-06-20T10:56:22Z,KSAT,2026-06-21,gfs_seamless,83.7,74.8
198,2026-06-20T10:56:22Z,KSAT,2026-06-22,gfs_seamless,95.7,75.7
199,2026-06-20T10:56:22Z,KSAT,2026-06-20,icon_global,85.3,77.7
200,2026-06-20T10:56:22Z,KSAT,2026-06-21,icon_global,91.3,76.6
201,2026-06-20T10:56:22Z,KSAT,2026-06-22,icon_global,93.8,78.2
202,2026-06-20T10:56:22Z,KSAT,2026-06-20,gem_global,92.9,79.2
203,2026-06-20T10:56:22Z,KSAT,2026-06-21,gem_global,94.2,78.0
204,2026-06-20T10:56:22Z,KSAT,2026-06-22,gem_global,95.1,77.7
205,2026-06-20T10:56:22Z,KSAT,2026-06-20,ecmwf_ifs025,85.9,71.6
206,2026-06-20T10:56:22Z,KSAT,2026-06-21,ecmwf_ifs025,86.9,73.3
207,2026-06-20T10:56:22Z,KSAT,2026-06-22,ecmwf_ifs025,90.8,76.0
208,2026-06-20T10:56:22Z,KSAT,2026-06-20,ukmo_global_deterministic_10km,91.3,77.9
209,2026-06-20T10:56:22Z,KSAT,2026-06-21,ukmo_global_deterministic_10km,95.1,77.9
210,2026-06-20T10:56:22Z,KSAT,2026-06-22,ukmo_global_deterministic_10km,97.5,78.6
211,2026-06-20T10:56:22Z,KSEA,2026-06-20,gfs_seamless,72.3,53.4
212,2026-06-20T10:56:22Z,KSEA,2026-06-21,gfs_seamless,77.2,51.5
213,2026-06-20T10:56:22Z,KSEA,2026-06-22,gfs_seamless,82.9,55.7
214,2026-06-20T10:56:22Z,KSEA,2026-06-20,icon_global,68.9,55.1
215,2026-06-20T10:56:22Z,KSEA,2026-06-21,icon_global,74.5,54.4
216,2026-06-20T10:56:22Z,KSEA,2026-06-22,icon_global,81.7,58.1
217,2026-06-20T10:56:22Z,KSEA,2026-06-20,gem_global,73.1,54.0
218,2026-06-20T10:56:22Z,KSEA,2026-06-21,gem_global,76.0,51.1
219,2026-06-20T10:56:22Z,KSEA,2026-06-22,gem_global,81.3,53.0
220,2026-06-20T10:56:22Z,KSEA,2026-06-20,ecmwf_ifs025,73.2,54.8
221,2026-06-20T10:56:22Z,KSEA,2026-06-21,ecmwf_ifs025,76.8,53.0
222,2026-06-20T10:56:22Z,KSEA,2026-06-22,ecmwf_ifs025,83.0,59.0
223,2026-06-20T10:56:22Z,KSEA,2026-06-20,ukmo_global_deterministic_10km,75.3,55.9
224,2026-06-20T10:56:22Z,KSEA,2026-06-21,ukmo_global_deterministic_10km,79.9,55.6
225,2026-06-20T10:56:22Z,KSEA,2026-06-22,ukmo_global_deterministic_10km,83.4,63.7
1,2026-06-20T11:45:33Z,KATL,2026-06-20,gfs_seamless,86.9,71.3
2,2026-06-20T11:45:33Z,KATL,2026-06-21,gfs_seamless,87.5,69.6
3,2026-06-20T11:45:33Z,KATL,2026-06-22,gfs_seamless,92.0,72.6
4,2026-06-20T11:45:33Z,KATL,2026-06-20,icon_global,85.4,71.6
5,2026-06-20T11:45:33Z,KATL,2026-06-21,icon_global,89.4,70.0
6,2026-06-20T11:45:33Z,KATL,2026-06-22,icon_global,90.5,73.3
7,2026-06-20T11:45:33Z,KATL,2026-06-20,gem_global,80.6,69.8
8,2026-06-20T11:45:33Z,KATL,2026-06-21,gem_global,85.5,66.6
9,2026-06-20T11:45:33Z,KATL,2026-06-22,gem_global,84.7,70.4
10,2026-06-20T11:45:33Z,KATL,2026-06-20,ecmwf_ifs025,79.5,69.3
11,2026-06-20T11:45:33Z,KATL,2026-06-21,ecmwf_ifs025,86.7,69.0
12,2026-06-20T11:45:33Z,KATL,2026-06-22,ecmwf_ifs025,87.3,70.9
13,2026-06-20T11:45:33Z,KATL,2026-06-20,ukmo_global_deterministic_10km,82.8,73.5
14,2026-06-20T11:45:33Z,KATL,2026-06-21,ukmo_global_deterministic_10km,88.7,70.6
15,2026-06-20T11:45:33Z,KATL,2026-06-22,ukmo_global_deterministic_10km,91.0,73.8
16,2026-06-20T11:45:33Z,KAUS,2026-06-20,gfs_seamless,83.2,73.8
17,2026-06-20T11:45:33Z,KAUS,2026-06-21,gfs_seamless,81.8,75.6
18,2026-06-20T11:45:33Z,KAUS,2026-06-22,gfs_seamless,95.7,75.2
19,2026-06-20T11:45:33Z,KAUS,2026-06-20,icon_global,86.4,77.3
20,2026-06-20T11:45:33Z,KAUS,2026-06-21,icon_global,89.8,77.4
21,2026-06-20T11:45:33Z,KAUS,2026-06-22,icon_global,92.4,78.6
22,2026-06-20T11:45:33Z,KAUS,2026-06-20,gem_global,88.2,79.3
23,2026-06-20T11:45:33Z,KAUS,2026-06-21,gem_global,94.3,77.5
24,2026-06-20T11:45:33Z,KAUS,2026-06-22,gem_global,96.4,78.9
25,2026-06-20T11:45:33Z,KAUS,2026-06-20,ecmwf_ifs025,86.8,72.0
26,2026-06-20T11:45:33Z,KAUS,2026-06-21,ecmwf_ifs025,89.8,75.2
27,2026-06-20T11:45:33Z,KAUS,2026-06-22,ecmwf_ifs025,93.1,78.0
28,2026-06-20T11:45:33Z,KAUS,2026-06-20,ukmo_global_deterministic_10km,90.5,77.7
29,2026-06-20T11:45:33Z,KAUS,2026-06-21,ukmo_global_deterministic_10km,95.1,78.6
30,2026-06-20T11:45:33Z,KAUS,2026-06-22,ukmo_global_deterministic_10km,97.4,79.1
181,2026-06-20T11:45:33Z,KDCA,2026-06-20,gfs_seamless,88.9,64.4
182,2026-06-20T11:45:33Z,KDCA,2026-06-21,gfs_seamless,88.5,68.2
183,2026-06-20T11:45:33Z,KDCA,2026-06-22,gfs_seamless,95.1,70.1
184,2026-06-20T11:45:33Z,KDCA,2026-06-20,icon_global,87.2,67.6
185,2026-06-20T11:45:33Z,KDCA,2026-06-21,icon_global,87.4,69.9
186,2026-06-20T11:45:33Z,KDCA,2026-06-22,icon_global,92.5,73.7
187,2026-06-20T11:45:33Z,KDCA,2026-06-20,gem_global,85.3,67.2
188,2026-06-20T11:45:33Z,KDCA,2026-06-21,gem_global,87.6,67.4
189,2026-06-20T11:45:33Z,KDCA,2026-06-22,gem_global,93.0,69.8
190,2026-06-20T11:45:33Z,KDCA,2026-06-20,ecmwf_ifs025,90.7,66.6
191,2026-06-20T11:45:33Z,KDCA,2026-06-21,ecmwf_ifs025,90.7,68.2
192,2026-06-20T11:45:33Z,KDCA,2026-06-22,ecmwf_ifs025,97.3,71.4
193,2026-06-20T11:45:33Z,KDCA,2026-06-20,ukmo_global_deterministic_10km,85.3,68.4
194,2026-06-20T11:45:33Z,KDCA,2026-06-21,ukmo_global_deterministic_10km,86.7,71.8
195,2026-06-20T11:45:33Z,KDCA,2026-06-22,ukmo_global_deterministic_10km,92.8,73.4
46,2026-06-20T11:45:33Z,KDFW,2026-06-20,gfs_seamless,86.7,72.6
47,2026-06-20T11:45:33Z,KDFW,2026-06-21,gfs_seamless,90.0,74.4
48,2026-06-20T11:45:33Z,KDFW,2026-06-22,gfs_seamless,98.0,78.0
49,2026-06-20T11:45:33Z,KDFW,2026-06-20,icon_global,85.6,75.3
50,2026-06-20T11:45:33Z,KDFW,2026-06-21,icon_global,93.3,78.0
51,2026-06-20T11:45:33Z,KDFW,2026-06-22,icon_global,93.6,79.3
52,2026-06-20T11:45:33Z,KDFW,2026-06-20,gem_global,87.6,75.3
53,2026-06-20T11:45:33Z,KDFW,2026-06-21,gem_global,93.5,75.4
54,2026-06-20T11:45:33Z,KDFW,2026-06-22,gem_global,95.4,82.2
55,2026-06-20T11:45:33Z,KDFW,2026-06-20,ecmwf_ifs025,86.7,72.2
56,2026-06-20T11:45:33Z,KDFW,2026-06-21,ecmwf_ifs025,91.8,77.1
57,2026-06-20T11:45:33Z,KDFW,2026-06-22,ecmwf_ifs025,92.5,73.3
58,2026-06-20T11:45:33Z,KDFW,2026-06-20,ukmo_global_deterministic_10km,92.0,75.6
59,2026-06-20T11:45:33Z,KDFW,2026-06-21,ukmo_global_deterministic_10km,98.1,79.3
60,2026-06-20T11:45:33Z,KDFW,2026-06-22,ukmo_global_deterministic_10km,96.6,80.8
61,2026-06-20T11:45:33Z,KLAX,2026-06-20,gfs_seamless,69.3,53.4
62,2026-06-20T11:45:33Z,KLAX,2026-06-21,gfs_seamless,68.9,53.4
63,2026-06-20T11:45:33Z,KLAX,2026-06-22,gfs_seamless,70.7,63.1
64,2026-06-20T11:45:33Z,KLAX,2026-06-20,icon_global,71.1,58.8
65,2026-06-20T11:45:33Z,KLAX,2026-06-21,icon_global,71.7,58.1
66,2026-06-20T11:45:33Z,KLAX,2026-06-22,icon_global,74.0,58.8
67,2026-06-20T11:45:33Z,KLAX,2026-06-20,gem_global,67.6,52.6
68,2026-06-20T11:45:33Z,KLAX,2026-06-21,gem_global,68.7,53.5
69,2026-06-20T11:45:33Z,KLAX,2026-06-22,gem_global,70.5,56.1
70,2026-06-20T11:45:33Z,KLAX,2026-06-20,ecmwf_ifs025,74.1,58.4
71,2026-06-20T11:45:33Z,KLAX,2026-06-21,ecmwf_ifs025,75.1,58.9
72,2026-06-20T11:45:33Z,KLAX,2026-06-22,ecmwf_ifs025,79.2,59.4
73,2026-06-20T11:45:33Z,KLAX,2026-06-20,ukmo_global_deterministic_10km,66.8,57.8
74,2026-06-20T11:45:33Z,KLAX,2026-06-21,ukmo_global_deterministic_10km,68.5,61.1
75,2026-06-20T11:45:33Z,KLAX,2026-06-22,ukmo_global_deterministic_10km,70.4,61.7
31,2026-06-20T11:45:33Z,KMDW,2026-06-20,gfs_seamless,77.8,59.8
32,2026-06-20T11:45:33Z,KMDW,2026-06-21,gfs_seamless,70.6,58.8
33,2026-06-20T11:45:33Z,KMDW,2026-06-22,gfs_seamless,71.1,58.7
34,2026-06-20T11:45:33Z,KMDW,2026-06-20,icon_global,76.6,61.1
35,2026-06-20T11:45:33Z,KMDW,2026-06-21,icon_global,70.3,60.5
36,2026-06-20T11:45:33Z,KMDW,2026-06-22,icon_global,70.9,60.1
37,2026-06-20T11:45:33Z,KMDW,2026-06-20,gem_global,78.0,63.0
38,2026-06-20T11:45:33Z,KMDW,2026-06-21,gem_global,71.4,58.9
39,2026-06-20T11:45:33Z,KMDW,2026-06-22,gem_global,62.9,55.5
40,2026-06-20T11:45:33Z,KMDW,2026-06-20,ecmwf_ifs025,78.6,61.0
41,2026-06-20T11:45:33Z,KMDW,2026-06-21,ecmwf_ifs025,74.0,61.3
42,2026-06-20T11:45:33Z,KMDW,2026-06-22,ecmwf_ifs025,70.7,58.6
43,2026-06-20T11:45:33Z,KMDW,2026-06-20,ukmo_global_deterministic_10km,79.7,64.4
44,2026-06-20T11:45:33Z,KMDW,2026-06-21,ukmo_global_deterministic_10km,75.2,61.1
45,2026-06-20T11:45:33Z,KMDW,2026-06-22,ukmo_global_deterministic_10km,71.2,60.2
76,2026-06-20T11:45:33Z,KMIA,2026-06-20,gfs_seamless,91.6,75.9
77,2026-06-20T11:45:33Z,KMIA,2026-06-21,gfs_seamless,93.2,76.1
78,2026-06-20T11:45:33Z,KMIA,2026-06-22,gfs_seamless,94.1,79.1
79,2026-06-20T11:45:33Z,KMIA,2026-06-20,icon_global,93.1,75.1
80,2026-06-20T11:45:33Z,KMIA,2026-06-21,icon_global,91.6,75.8
81,2026-06-20T11:45:33Z,KMIA,2026-06-22,icon_global,91.7,77.3
82,2026-06-20T11:45:33Z,KMIA,2026-06-20,gem_global,91.0,75.1
83,2026-06-20T11:45:33Z,KMIA,2026-06-21,gem_global,88.0,74.3
84,2026-06-20T11:45:33Z,KMIA,2026-06-22,gem_global,88.8,75.4
85,2026-06-20T11:45:33Z,KMIA,2026-06-20,ecmwf_ifs025,89.5,76.9
86,2026-06-20T11:45:33Z,KMIA,2026-06-21,ecmwf_ifs025,89.1,78.1
87,2026-06-20T11:45:33Z,KMIA,2026-06-22,ecmwf_ifs025,88.5,80.1
88,2026-06-20T11:45:33Z,KMIA,2026-06-20,ukmo_global_deterministic_10km,90.3,80.3
89,2026-06-20T11:45:33Z,KMIA,2026-06-21,ukmo_global_deterministic_10km,92.3,79.4
90,2026-06-20T11:45:33Z,KMIA,2026-06-22,ukmo_global_deterministic_10km,94.1,83.6
91,2026-06-20T11:45:33Z,KNYC,2026-06-20,gfs_seamless,83.7,65.9
92,2026-06-20T11:45:33Z,KNYC,2026-06-21,gfs_seamless,83.0,63.2
93,2026-06-20T11:45:33Z,KNYC,2026-06-22,gfs_seamless,69.1,62.6
94,2026-06-20T11:45:33Z,KNYC,2026-06-20,icon_global,81.6,65.8
95,2026-06-20T11:45:33Z,KNYC,2026-06-21,icon_global,80.7,68.7
96,2026-06-20T11:45:33Z,KNYC,2026-06-22,icon_global,72.6,69.5
97,2026-06-20T11:45:33Z,KNYC,2026-06-20,gem_global,81.0,67.1
98,2026-06-20T11:45:33Z,KNYC,2026-06-21,gem_global,81.5,61.7
99,2026-06-20T11:45:33Z,KNYC,2026-06-22,gem_global,81.3,60.5
100,2026-06-20T11:45:33Z,KNYC,2026-06-20,ecmwf_ifs025,85.1,66.5
101,2026-06-20T11:45:33Z,KNYC,2026-06-21,ecmwf_ifs025,85.5,68.1
102,2026-06-20T11:45:33Z,KNYC,2026-06-22,ecmwf_ifs025,76.1,69.6
103,2026-06-20T11:45:33Z,KNYC,2026-06-20,ukmo_global_deterministic_10km,81.9,67.1
104,2026-06-20T11:45:33Z,KNYC,2026-06-21,ukmo_global_deterministic_10km,81.1,69.0
105,2026-06-20T11:45:33Z,KNYC,2026-06-22,ukmo_global_deterministic_10km,78.0,69.4
106,2026-06-20T11:45:33Z,KOKC,2026-06-20,gfs_seamless,89.4,67.0
107,2026-06-20T11:45:33Z,KOKC,2026-06-21,gfs_seamless,93.0,73.5
108,2026-06-20T11:45:33Z,KOKC,2026-06-22,gfs_seamless,76.7,67.3
109,2026-06-20T11:45:33Z,KOKC,2026-06-20,icon_global,89.0,70.2
110,2026-06-20T11:45:33Z,KOKC,2026-06-21,icon_global,93.9,75.2
111,2026-06-20T11:45:33Z,KOKC,2026-06-22,icon_global,79.7,71.0
112,2026-06-20T11:45:33Z,KOKC,2026-06-20,gem_global,85.7,68.1
113,2026-06-20T11:45:33Z,KOKC,2026-06-21,gem_global,93.3,71.5
114,2026-06-20T11:45:33Z,KOKC,2026-06-22,gem_global,76.5,68.4
115,2026-06-20T11:45:33Z,KOKC,2026-06-20,ecmwf_ifs025,86.3,69.7
116,2026-06-20T11:45:33Z,KOKC,2026-06-21,ecmwf_ifs025,95.2,75.6
117,2026-06-20T11:45:33Z,KOKC,2026-06-22,ecmwf_ifs025,88.1,68.0
118,2026-06-20T11:45:33Z,KOKC,2026-06-20,ukmo_global_deterministic_10km,89.6,70.0
119,2026-06-20T11:45:33Z,KOKC,2026-06-21,ukmo_global_deterministic_10km,97.9,75.6
120,2026-06-20T11:45:33Z,KOKC,2026-06-22,ukmo_global_deterministic_10km,92.5,72.1
121,2026-06-20T11:45:33Z,KPHX,2026-06-20,gfs_seamless,105.9,79.8
122,2026-06-20T11:45:33Z,KPHX,2026-06-21,gfs_seamless,105.3,73.0
123,2026-06-20T11:45:33Z,KPHX,2026-06-22,gfs_seamless,106.3,89.1
124,2026-06-20T11:45:33Z,KPHX,2026-06-20,icon_global,103.3,79.3
125,2026-06-20T11:45:33Z,KPHX,2026-06-21,icon_global,104.8,78.0
126,2026-06-20T11:45:33Z,KPHX,2026-06-22,icon_global,107.4,79.1
127,2026-06-20T11:45:33Z,KPHX,2026-06-20,gem_global,101.2,60.8
128,2026-06-20T11:45:33Z,KPHX,2026-06-21,gem_global,102.8,58.5
129,2026-06-20T11:45:33Z,KPHX,2026-06-22,gem_global,104.9,59.5
130,2026-06-20T11:45:33Z,KPHX,2026-06-20,ecmwf_ifs025,104.2,82.2
131,2026-06-20T11:45:33Z,KPHX,2026-06-21,ecmwf_ifs025,105.2,81.4
132,2026-06-20T11:45:33Z,KPHX,2026-06-22,ecmwf_ifs025,108.3,81.9
133,2026-06-20T11:45:33Z,KPHX,2026-06-20,ukmo_global_deterministic_10km,101.9,78.1
134,2026-06-20T11:45:33Z,KPHX,2026-06-21,ukmo_global_deterministic_10km,102.7,74.8
135,2026-06-20T11:45:33Z,KPHX,2026-06-22,ukmo_global_deterministic_10km,106.3,75.0
136,2026-06-20T11:45:33Z,KSAT,2026-06-20,gfs_seamless,82.2,71.4
137,2026-06-20T11:45:33Z,KSAT,2026-06-21,gfs_seamless,83.7,74.8
138,2026-06-20T11:45:33Z,KSAT,2026-06-22,gfs_seamless,94.5,75.4
139,2026-06-20T11:45:33Z,KSAT,2026-06-20,icon_global,83.5,77.6
140,2026-06-20T11:45:33Z,KSAT,2026-06-21,icon_global,91.5,76.1
141,2026-06-20T11:45:33Z,KSAT,2026-06-22,icon_global,93.0,78.0
142,2026-06-20T11:45:33Z,KSAT,2026-06-20,gem_global,92.9,79.2
143,2026-06-20T11:45:33Z,KSAT,2026-06-21,gem_global,94.2,78.0
144,2026-06-20T11:45:33Z,KSAT,2026-06-22,gem_global,95.1,77.7
145,2026-06-20T11:45:33Z,KSAT,2026-06-20,ecmwf_ifs025,85.9,71.6
146,2026-06-20T11:45:33Z,KSAT,2026-06-21,ecmwf_ifs025,86.9,73.3
147,2026-06-20T11:45:33Z,KSAT,2026-06-22,ecmwf_ifs025,90.8,76.0
148,2026-06-20T11:45:33Z,KSAT,2026-06-20,ukmo_global_deterministic_10km,91.3,77.9
149,2026-06-20T11:45:33Z,KSAT,2026-06-21,ukmo_global_deterministic_10km,95.1,77.9
150,2026-06-20T11:45:33Z,KSAT,2026-06-22,ukmo_global_deterministic_10km,97.5,78.6
166,2026-06-20T11:45:33Z,KSEA,2026-06-20,gfs_seamless,71.3,53.4
167,2026-06-20T11:45:33Z,KSEA,2026-06-21,gfs_seamless,77.2,51.5
168,2026-06-20T11:45:33Z,KSEA,2026-06-22,gfs_seamless,83.8,55.5
169,2026-06-20T11:45:33Z,KSEA,2026-06-20,icon_global,68.4,55.2
170,2026-06-20T11:45:33Z,KSEA,2026-06-21,icon_global,74.3,54.1
171,2026-06-20T11:45:33Z,KSEA,2026-06-22,icon_global,81.8,57.3
172,2026-06-20T11:45:33Z,KSEA,2026-06-20,gem_global,73.1,54.0
173,2026-06-20T11:45:33Z,KSEA,2026-06-21,gem_global,76.0,51.1
174,2026-06-20T11:45:33Z,KSEA,2026-06-22,gem_global,81.3,53.0
175,2026-06-20T11:45:33Z,KSEA,2026-06-20,ecmwf_ifs025,73.2,54.8
176,2026-06-20T11:45:33Z,KSEA,2026-06-21,ecmwf_ifs025,76.8,53.0
177,2026-06-20T11:45:33Z,KSEA,2026-06-22,ecmwf_ifs025,83.0,59.0
178,2026-06-20T11:45:33Z,KSEA,2026-06-20,ukmo_global_deterministic_10km,75.3,55.9
179,2026-06-20T11:45:33Z,KSEA,2026-06-21,ukmo_global_deterministic_10km,79.9,55.6
180,2026-06-20T11:45:33Z,KSEA,2026-06-22,ukmo_global_deterministic_10km,83.4,63.7
151,2026-06-20T11:45:33Z,KSFO,2026-06-20,gfs_seamless,67.6,57.4
152,2026-06-20T11:45:33Z,KSFO,2026-06-21,gfs_seamless,65.4,53.9
153,2026-06-20T11:45:33Z,KSFO,2026-06-22,gfs_seamless,69.2,55.9
154,2026-06-20T11:45:33Z,KSFO,2026-06-20,icon_global,69.9,58.5
155,2026-06-20T11:45:33Z,KSFO,2026-06-21,icon_global,69.2,55.2
156,2026-06-20T11:45:33Z,KSFO,2026-06-22,icon_global,67.2,54.8
157,2026-06-20T11:45:33Z,KSFO,2026-06-20,gem_global,64.4,56.7
158,2026-06-20T11:45:33Z,KSFO,2026-06-21,gem_global,62.0,55.8
159,2026-06-20T11:45:33Z,KSFO,2026-06-22,gem_global,63.8,56.0
160,2026-06-20T11:45:33Z,KSFO,2026-06-20,ecmwf_ifs025,64.5,56.1
161,2026-06-20T11:45:33Z,KSFO,2026-06-21,ecmwf_ifs025,64.1,54.2
162,2026-06-20T11:45:33Z,KSFO,2026-06-22,ecmwf_ifs025,65.1,54.5
163,2026-06-20T11:45:33Z,KSFO,2026-06-20,ukmo_global_deterministic_10km,70.4,58.4
164,2026-06-20T11:45:33Z,KSFO,2026-06-21,ukmo_global_deterministic_10km,69.7,55.5
165,2026-06-20T11:45:33Z,KSFO,2026-06-22,ukmo_global_deterministic_10km,67.7,55.2
1,2026-06-20T12:50:55Z,KATL,2026-06-20,gfs_seamless,86.9,71.3
2,2026-06-20T12:50:55Z,KATL,2026-06-21,gfs_seamless,87.5,69.6
3,2026-06-20T12:50:55Z,KATL,2026-06-22,gfs_seamless,92.0,72.6
4,2026-06-20T12:50:55Z,KATL,2026-06-20,icon_global,85.4,71.6
5,2026-06-20T12:50:55Z,KATL,2026-06-21,icon_global,89.4,70.0
6,2026-06-20T12:50:55Z,KATL,2026-06-22,icon_global,90.5,73.3
7,2026-06-20T12:50:55Z,KATL,2026-06-20,gem_global,80.6,69.8
8,2026-06-20T12:50:55Z,KATL,2026-06-21,gem_global,85.5,66.6
9,2026-06-20T12:50:55Z,KATL,2026-06-22,gem_global,84.7,70.4
10,2026-06-20T12:50:55Z,KATL,2026-06-20,ecmwf_ifs025,79.5,69.3
11,2026-06-20T12:50:55Z,KATL,2026-06-21,ecmwf_ifs025,86.7,69.0
12,2026-06-20T12:50:55Z,KATL,2026-06-22,ecmwf_ifs025,87.3,70.9
13,2026-06-20T12:50:55Z,KATL,2026-06-20,ukmo_global_deterministic_10km,82.8,73.5
14,2026-06-20T12:50:55Z,KATL,2026-06-21,ukmo_global_deterministic_10km,88.7,70.6
15,2026-06-20T12:50:55Z,KATL,2026-06-22,ukmo_global_deterministic_10km,91.0,73.8
16,2026-06-20T12:50:55Z,KAUS,2026-06-20,gfs_seamless,83.2,73.8
17,2026-06-20T12:50:55Z,KAUS,2026-06-21,gfs_seamless,81.8,75.6
18,2026-06-20T12:50:55Z,KAUS,2026-06-22,gfs_seamless,95.7,75.2
19,2026-06-20T12:50:55Z,KAUS,2026-06-20,icon_global,86.4,77.3
20,2026-06-20T12:50:55Z,KAUS,2026-06-21,icon_global,89.8,77.4
21,2026-06-20T12:50:55Z,KAUS,2026-06-22,icon_global,92.4,78.6
22,2026-06-20T12:50:55Z,KAUS,2026-06-20,gem_global,88.2,79.3
23,2026-06-20T12:50:55Z,KAUS,2026-06-21,gem_global,94.3,77.5
24,2026-06-20T12:50:55Z,KAUS,2026-06-22,gem_global,96.4,78.9
25,2026-06-20T12:50:55Z,KAUS,2026-06-20,ecmwf_ifs025,86.8,72.0
26,2026-06-20T12:50:55Z,KAUS,2026-06-21,ecmwf_ifs025,89.8,75.2
27,2026-06-20T12:50:55Z,KAUS,2026-06-22,ecmwf_ifs025,93.1,78.0
28,2026-06-20T12:50:55Z,KAUS,2026-06-20,ukmo_global_deterministic_10km,90.5,77.7
29,2026-06-20T12:50:55Z,KAUS,2026-06-21,ukmo_global_deterministic_10km,95.1,78.6
30,2026-06-20T12:50:55Z,KAUS,2026-06-22,ukmo_global_deterministic_10km,97.4,79.1
31,2026-06-20T12:50:55Z,KBOS,2026-06-20,gfs_seamless,79.6,60.4
32,2026-06-20T12:50:55Z,KBOS,2026-06-21,gfs_seamless,77.9,59.5
33,2026-06-20T12:50:55Z,KBOS,2026-06-22,gfs_seamless,72.2,58.5
34,2026-06-20T12:50:55Z,KBOS,2026-06-20,icon_global,78.4,63.4
35,2026-06-20T12:50:55Z,KBOS,2026-06-21,icon_global,81.8,62.0
36,2026-06-20T12:50:55Z,KBOS,2026-06-22,icon_global,69.3,62.1
37,2026-06-20T12:50:55Z,KBOS,2026-06-20,gem_global,75.0,64.8
38,2026-06-20T12:50:55Z,KBOS,2026-06-21,gem_global,71.7,62.5
39,2026-06-20T12:50:55Z,KBOS,2026-06-22,gem_global,72.7,60.6
40,2026-06-20T12:50:55Z,KBOS,2026-06-20,ecmwf_ifs025,81.2,64.3
41,2026-06-20T12:50:55Z,KBOS,2026-06-21,ecmwf_ifs025,83.9,61.6
42,2026-06-20T12:50:55Z,KBOS,2026-06-22,ecmwf_ifs025,82.3,61.9
43,2026-06-20T12:50:55Z,KBOS,2026-06-20,ukmo_global_deterministic_10km,78.5,64.7
44,2026-06-20T12:50:55Z,KBOS,2026-06-21,ukmo_global_deterministic_10km,80.9,63.6
45,2026-06-20T12:50:55Z,KBOS,2026-06-22,ukmo_global_deterministic_10km,77.4,64.0
196,2026-06-20T12:50:55Z,KDCA,2026-06-20,gfs_seamless,88.9,64.4
197,2026-06-20T12:50:55Z,KDCA,2026-06-21,gfs_seamless,88.5,68.2
198,2026-06-20T12:50:55Z,KDCA,2026-06-22,gfs_seamless,95.1,70.1
199,2026-06-20T12:50:55Z,KDCA,2026-06-20,icon_global,87.2,67.6
200,2026-06-20T12:50:55Z,KDCA,2026-06-21,icon_global,87.4,69.9
201,2026-06-20T12:50:55Z,KDCA,2026-06-22,icon_global,92.5,73.7
202,2026-06-20T12:50:55Z,KDCA,2026-06-20,gem_global,85.3,67.2
203,2026-06-20T12:50:55Z,KDCA,2026-06-21,gem_global,87.6,67.4
204,2026-06-20T12:50:55Z,KDCA,2026-06-22,gem_global,93.0,69.8
205,2026-06-20T12:50:55Z,KDCA,2026-06-20,ecmwf_ifs025,90.7,66.6
206,2026-06-20T12:50:55Z,KDCA,2026-06-21,ecmwf_ifs025,90.7,68.2
207,2026-06-20T12:50:55Z,KDCA,2026-06-22,ecmwf_ifs025,97.3,71.4
208,2026-06-20T12:50:55Z,KDCA,2026-06-20,ukmo_global_deterministic_10km,85.3,68.4
209,2026-06-20T12:50:55Z,KDCA,2026-06-21,ukmo_global_deterministic_10km,86.7,71.8
210,2026-06-20T12:50:55Z,KDCA,2026-06-22,ukmo_global_deterministic_10km,92.8,73.4
61,2026-06-20T12:50:55Z,KDEN,2026-06-20,gfs_seamless,93.6,55.4
62,2026-06-20T12:50:55Z,KDEN,2026-06-21,gfs_seamless,89.2,59.5
63,2026-06-20T12:50:55Z,KDEN,2026-06-22,gfs_seamless,86.6,47.4
64,2026-06-20T12:50:55Z,KDEN,2026-06-20,icon_global,94.4,54.9
65,2026-06-20T12:50:55Z,KDEN,2026-06-21,icon_global,89.8,55.8
66,2026-06-20T12:50:55Z,KDEN,2026-06-22,icon_global,84.8,53.7
67,2026-06-20T12:50:55Z,KDEN,2026-06-20,gem_global,88.3,52.6
68,2026-06-20T12:50:55Z,KDEN,2026-06-21,gem_global,86.0,55.4
69,2026-06-20T12:50:55Z,KDEN,2026-06-22,gem_global,85.5,52.4
70,2026-06-20T12:50:55Z,KDEN,2026-06-20,ecmwf_ifs025,91.6,57.0
71,2026-06-20T12:50:55Z,KDEN,2026-06-21,ecmwf_ifs025,92.2,61.9
72,2026-06-20T12:50:55Z,KDEN,2026-06-22,ecmwf_ifs025,84.6,60.1
73,2026-06-20T12:50:55Z,KDEN,2026-06-20,ukmo_global_deterministic_10km,92.2,59.1
74,2026-06-20T12:50:55Z,KDEN,2026-06-21,ukmo_global_deterministic_10km,90.6,59.9
75,2026-06-20T12:50:55Z,KDEN,2026-06-22,ukmo_global_deterministic_10km,86.5,53.3
46,2026-06-20T12:50:55Z,KDFW,2026-06-20,gfs_seamless,86.7,72.6
47,2026-06-20T12:50:55Z,KDFW,2026-06-21,gfs_seamless,90.0,74.4
48,2026-06-20T12:50:55Z,KDFW,2026-06-22,gfs_seamless,98.0,78.0
49,2026-06-20T12:50:55Z,KDFW,2026-06-20,icon_global,85.6,75.3
50,2026-06-20T12:50:55Z,KDFW,2026-06-21,icon_global,93.3,78.0
51,2026-06-20T12:50:55Z,KDFW,2026-06-22,icon_global,93.6,79.3
52,2026-06-20T12:50:55Z,KDFW,2026-06-20,gem_global,87.6,75.3
53,2026-06-20T12:50:55Z,KDFW,2026-06-21,gem_global,93.5,75.4
54,2026-06-20T12:50:55Z,KDFW,2026-06-22,gem_global,95.4,82.2
55,2026-06-20T12:50:55Z,KDFW,2026-06-20,ecmwf_ifs025,86.7,72.2
56,2026-06-20T12:50:55Z,KDFW,2026-06-21,ecmwf_ifs025,91.8,77.1
57,2026-06-20T12:50:55Z,KDFW,2026-06-22,ecmwf_ifs025,92.5,73.3
58,2026-06-20T12:50:55Z,KDFW,2026-06-20,ukmo_global_deterministic_10km,92.0,75.6
59,2026-06-20T12:50:55Z,KDFW,2026-06-21,ukmo_global_deterministic_10km,98.1,79.3
60,2026-06-20T12:50:55Z,KDFW,2026-06-22,ukmo_global_deterministic_10km,96.6,80.8
76,2026-06-20T12:50:55Z,KIAH,2026-06-20,gfs_seamless,81.5,75.5
77,2026-06-20T12:50:55Z,KIAH,2026-06-21,gfs_seamless,81.7,75.5
78,2026-06-20T12:50:55Z,KIAH,2026-06-22,gfs_seamless,95.8,79.4
79,2026-06-20T12:50:55Z,KIAH,2026-06-20,icon_global,84.3,78.1
80,2026-06-20T12:50:55Z,KIAH,2026-06-21,icon_global,87.7,77.3
81,2026-06-20T12:50:55Z,KIAH,2026-06-22,icon_global,92.2,77.8
82,2026-06-20T12:50:55Z,KIAH,2026-06-20,gem_global,86.6,79.6
83,2026-06-20T12:50:55Z,KIAH,2026-06-21,gem_global,89.0,76.4
84,2026-06-20T12:50:55Z,KIAH,2026-06-22,gem_global,93.3,80.5
85,2026-06-20T12:50:55Z,KIAH,2026-06-20,ecmwf_ifs025,87.9,72.3
86,2026-06-20T12:50:55Z,KIAH,2026-06-21,ecmwf_ifs025,88.4,76.3
87,2026-06-20T12:50:55Z,KIAH,2026-06-22,ecmwf_ifs025,90.7,79.4
88,2026-06-20T12:50:55Z,KIAH,2026-06-20,ukmo_global_deterministic_10km,93.4,77.2
89,2026-06-20T12:50:55Z,KIAH,2026-06-21,ukmo_global_deterministic_10km,92.0,80.6
90,2026-06-20T12:50:55Z,KIAH,2026-06-22,ukmo_global_deterministic_10km,95.8,79.9
91,2026-06-20T12:50:55Z,KLAX,2026-06-20,gfs_seamless,69.3,53.4
92,2026-06-20T12:50:55Z,KLAX,2026-06-21,gfs_seamless,68.9,53.4
93,2026-06-20T12:50:55Z,KLAX,2026-06-22,gfs_seamless,70.7,63.1
94,2026-06-20T12:50:55Z,KLAX,2026-06-20,icon_global,71.1,58.8
95,2026-06-20T12:50:55Z,KLAX,2026-06-21,icon_global,71.7,58.1
96,2026-06-20T12:50:55Z,KLAX,2026-06-22,icon_global,74.0,58.8
97,2026-06-20T12:50:55Z,KLAX,2026-06-20,gem_global,67.6,52.6
98,2026-06-20T12:50:55Z,KLAX,2026-06-21,gem_global,68.7,53.5
99,2026-06-20T12:50:55Z,KLAX,2026-06-22,gem_global,70.5,56.1
100,2026-06-20T12:50:55Z,KLAX,2026-06-20,ecmwf_ifs025,74.1,58.4
101,2026-06-20T12:50:55Z,KLAX,2026-06-21,ecmwf_ifs025,75.1,58.9
102,2026-06-20T12:50:55Z,KLAX,2026-06-22,ecmwf_ifs025,79.2,59.4
103,2026-06-20T12:50:55Z,KLAX,2026-06-20,ukmo_global_deterministic_10km,66.8,57.8
104,2026-06-20T12:50:55Z,KLAX,2026-06-21,ukmo_global_deterministic_10km,68.5,61.1
105,2026-06-20T12:50:55Z,KLAX,2026-06-22,ukmo_global_deterministic_10km,70.4,61.7
106,2026-06-20T12:50:55Z,KMIA,2026-06-20,gfs_seamless,91.6,75.9
107,2026-06-20T12:50:55Z,KMIA,2026-06-21,gfs_seamless,93.2,76.1
108,2026-06-20T12:50:55Z,KMIA,2026-06-22,gfs_seamless,94.1,79.1
109,2026-06-20T12:50:55Z,KMIA,2026-06-20,icon_global,93.1,75.1
110,2026-06-20T12:50:55Z,KMIA,2026-06-21,icon_global,91.6,75.8
111,2026-06-20T12:50:55Z,KMIA,2026-06-22,icon_global,91.7,77.3
112,2026-06-20T12:50:55Z,KMIA,2026-06-20,gem_global,91.0,75.1
113,2026-06-20T12:50:55Z,KMIA,2026-06-21,gem_global,88.0,74.3
114,2026-06-20T12:50:55Z,KMIA,2026-06-22,gem_global,88.8,75.4
115,2026-06-20T12:50:55Z,KMIA,2026-06-20,ecmwf_ifs025,89.5,76.9
116,2026-06-20T12:50:55Z,KMIA,2026-06-21,ecmwf_ifs025,89.1,78.1
117,2026-06-20T12:50:55Z,KMIA,2026-06-22,ecmwf_ifs025,88.5,80.1
118,2026-06-20T12:50:55Z,KMIA,2026-06-20,ukmo_global_deterministic_10km,90.3,80.3
119,2026-06-20T12:50:55Z,KMIA,2026-06-21,ukmo_global_deterministic_10km,92.3,79.4
120,2026-06-20T12:50:55Z,KMIA,2026-06-22,ukmo_global_deterministic_10km,94.1,83.6
121,2026-06-20T12:50:55Z,KMSP,2026-06-20,gfs_seamless,74.9,52.6
122,2026-06-20T12:50:55Z,KMSP,2026-06-21,gfs_seamless,77.7,54.8
123,2026-06-20T12:50:55Z,KMSP,2026-06-22,gfs_seamless,79.2,57.6
124,2026-06-20T12:50:55Z,KMSP,2026-06-20,icon_global,72.0,53.9
125,2026-06-20T12:50:55Z,KMSP,2026-06-21,icon_global,72.6,56.6
126,2026-06-20T12:50:55Z,KMSP,2026-06-22,icon_global,75.8,55.8
127,2026-06-20T12:50:55Z,KMSP,2026-06-20,gem_global,73.4,52.3
128,2026-06-20T12:50:55Z,KMSP,2026-06-21,gem_global,78.5,52.8
129,2026-06-20T12:50:55Z,KMSP,2026-06-22,gem_global,80.6,58.4
130,2026-06-20T12:50:55Z,KMSP,2026-06-20,ecmwf_ifs025,73.5,55.0
131,2026-06-20T12:50:55Z,KMSP,2026-06-21,ecmwf_ifs025,77.0,55.7
132,2026-06-20T12:50:55Z,KMSP,2026-06-22,ecmwf_ifs025,76.0,60.0
133,2026-06-20T12:50:55Z,KMSP,2026-06-20,ukmo_global_deterministic_10km,75.6,57.4
134,2026-06-20T12:50:55Z,KMSP,2026-06-21,ukmo_global_deterministic_10km,74.3,61.5
135,2026-06-20T12:50:55Z,KMSP,2026-06-22,ukmo_global_deterministic_10km,76.3,59.9
136,2026-06-20T12:50:55Z,KNYC,2026-06-20,gfs_seamless,83.7,65.9
137,2026-06-20T12:50:55Z,KNYC,2026-06-21,gfs_seamless,83.0,63.2
138,2026-06-20T12:50:55Z,KNYC,2026-06-22,gfs_seamless,69.1,62.6
139,2026-06-20T12:50:55Z,KNYC,2026-06-20,icon_global,81.6,65.8
140,2026-06-20T12:50:55Z,KNYC,2026-06-21,icon_global,80.7,68.7
141,2026-06-20T12:50:55Z,KNYC,2026-06-22,icon_global,72.6,69.5
142,2026-06-20T12:50:55Z,KNYC,2026-06-20,gem_global,81.0,67.1
143,2026-06-20T12:50:55Z,KNYC,2026-06-21,gem_global,81.5,61.7
144,2026-06-20T12:50:55Z,KNYC,2026-06-22,gem_global,81.3,60.5
145,2026-06-20T12:50:55Z,KNYC,2026-06-20,ecmwf_ifs025,85.1,66.5
146,2026-06-20T12:50:55Z,KNYC,2026-06-21,ecmwf_ifs025,85.5,68.1
147,2026-06-20T12:50:55Z,KNYC,2026-06-22,ecmwf_ifs025,76.1,69.6
148,2026-06-20T12:50:55Z,KNYC,2026-06-20,ukmo_global_deterministic_10km,81.9,67.1
149,2026-06-20T12:50:55Z,KNYC,2026-06-21,ukmo_global_deterministic_10km,81.1,69.0
150,2026-06-20T12:50:55Z,KNYC,2026-06-22,ukmo_global_deterministic_10km,78.0,69.4
151,2026-06-20T12:50:55Z,KPHL,2026-06-20,gfs_seamless,84.3,66.6
152,2026-06-20T12:50:55Z,KPHL,2026-06-21,gfs_seamless,85.8,63.4
153,2026-06-20T12:50:55Z,KPHL,2026-06-22,gfs_seamless,72.9,68.2
154,2026-06-20T12:50:55Z,KPHL,2026-06-20,icon_global,83.8,67.1
155,2026-06-20T12:50:55Z,KPHL,2026-06-21,icon_global,85.3,68.1
156,2026-06-20T12:50:55Z,KPHL,2026-06-22,icon_global,84.4,71.3
157,2026-06-20T12:50:55Z,KPHL,2026-06-20,gem_global,83.8,68.3
158,2026-06-20T12:50:55Z,KPHL,2026-06-21,gem_global,85.7,64.3
159,2026-06-20T12:50:55Z,KPHL,2026-06-22,gem_global,88.0,64.1
160,2026-06-20T12:50:55Z,KPHL,2026-06-20,ecmwf_ifs025,84.3,66.6
161,2026-06-20T12:50:55Z,KPHL,2026-06-21,ecmwf_ifs025,86.2,64.1
162,2026-06-20T12:50:55Z,KPHL,2026-06-22,ecmwf_ifs025,92.7,67.2
163,2026-06-20T12:50:55Z,KPHL,2026-06-20,ukmo_global_deterministic_10km,82.0,68.5
164,2026-06-20T12:50:55Z,KPHL,2026-06-21,ukmo_global_deterministic_10km,83.8,69.0
165,2026-06-20T12:50:55Z,KPHL,2026-06-22,ukmo_global_deterministic_10km,84.9,72.9
166,2026-06-20T12:50:55Z,KPHX,2026-06-20,gfs_seamless,105.9,79.8
167,2026-06-20T12:50:55Z,KPHX,2026-06-21,gfs_seamless,105.3,73.0
168,2026-06-20T12:50:55Z,KPHX,2026-06-22,gfs_seamless,106.3,89.1
169,2026-06-20T12:50:55Z,KPHX,2026-06-20,icon_global,103.3,79.3
170,2026-06-20T12:50:55Z,KPHX,2026-06-21,icon_global,104.8,78.0
171,2026-06-20T12:50:55Z,KPHX,2026-06-22,icon_global,107.4,79.1
172,2026-06-20T12:50:55Z,KPHX,2026-06-20,gem_global,101.2,60.8
173,2026-06-20T12:50:55Z,KPHX,2026-06-21,gem_global,102.8,58.5
174,2026-06-20T12:50:55Z,KPHX,2026-06-22,gem_global,104.9,59.5
175,2026-06-20T12:50:55Z,KPHX,2026-06-20,ecmwf_ifs025,104.2,82.2
176,2026-06-20T12:50:55Z,KPHX,2026-06-21,ecmwf_ifs025,105.2,81.4
177,2026-06-20T12:50:55Z,KPHX,2026-06-22,ecmwf_ifs025,108.3,81.9
178,2026-06-20T12:50:55Z,KPHX,2026-06-20,ukmo_global_deterministic_10km,101.9,78.1
179,2026-06-20T12:50:55Z,KPHX,2026-06-21,ukmo_global_deterministic_10km,102.7,74.8
180,2026-06-20T12:50:55Z,KPHX,2026-06-22,ukmo_global_deterministic_10km,106.3,75.0
181,2026-06-20T12:50:55Z,KSAT,2026-06-20,gfs_seamless,82.2,71.4
182,2026-06-20T12:50:55Z,KSAT,2026-06-21,gfs_seamless,83.7,74.8
183,2026-06-20T12:50:55Z,KSAT,2026-06-22,gfs_seamless,94.5,75.4
184,2026-06-20T12:50:55Z,KSAT,2026-06-20,icon_global,83.5,77.6
185,2026-06-20T12:50:55Z,KSAT,2026-06-21,icon_global,91.5,76.1
186,2026-06-20T12:50:55Z,KSAT,2026-06-22,icon_global,93.0,78.0
187,2026-06-20T12:50:55Z,KSAT,2026-06-20,gem_global,92.9,79.2
188,2026-06-20T12:50:55Z,KSAT,2026-06-21,gem_global,94.2,78.0
189,2026-06-20T12:50:55Z,KSAT,2026-06-22,gem_global,95.1,77.7
190,2026-06-20T12:50:55Z,KSAT,2026-06-20,ecmwf_ifs025,85.9,71.6
191,2026-06-20T12:50:55Z,KSAT,2026-06-21,ecmwf_ifs025,86.9,73.3
192,2026-06-20T12:50:55Z,KSAT,2026-06-22,ecmwf_ifs025,90.8,76.0
193,2026-06-20T12:50:55Z,KSAT,2026-06-20,ukmo_global_deterministic_10km,91.3,77.9
194,2026-06-20T12:50:55Z,KSAT,2026-06-21,ukmo_global_deterministic_10km,95.1,77.9
195,2026-06-20T12:50:55Z,KSAT,2026-06-22,ukmo_global_deterministic_10km,97.5,78.6
1,2026-06-20T13:42:26Z,KATL,2026-06-20,gfs_seamless,82.1,71.4
2,2026-06-20T13:42:26Z,KATL,2026-06-21,gfs_seamless,87.5,69.6
3,2026-06-20T13:42:26Z,KATL,2026-06-22,gfs_seamless,92.0,72.6
4,2026-06-20T13:42:26Z,KATL,2026-06-20,icon_global,85.4,71.6
5,2026-06-20T13:42:26Z,KATL,2026-06-21,icon_global,89.4,70.0
6,2026-06-20T13:42:26Z,KATL,2026-06-22,icon_global,90.5,73.3
7,2026-06-20T13:42:26Z,KATL,2026-06-20,gem_global,80.6,69.8
8,2026-06-20T13:42:26Z,KATL,2026-06-21,gem_global,85.5,66.6
9,2026-06-20T13:42:26Z,KATL,2026-06-22,gem_global,84.7,70.4
10,2026-06-20T13:42:26Z,KATL,2026-06-20,ecmwf_ifs025,77.3,70.2
11,2026-06-20T13:42:26Z,KATL,2026-06-21,ecmwf_ifs025,87.0,69.3
12,2026-06-20T13:42:26Z,KATL,2026-06-22,ecmwf_ifs025,87.1,71.4
13,2026-06-20T13:42:26Z,KATL,2026-06-20,ukmo_global_deterministic_10km,82.8,73.5
14,2026-06-20T13:42:26Z,KATL,2026-06-21,ukmo_global_deterministic_10km,88.7,70.6
15,2026-06-20T13:42:26Z,KATL,2026-06-22,ukmo_global_deterministic_10km,91.0,73.8
16,2026-06-20T13:42:26Z,KAUS,2026-06-20,gfs_seamless,88.4,73.8
17,2026-06-20T13:42:26Z,KAUS,2026-06-21,gfs_seamless,81.8,75.6
18,2026-06-20T13:42:26Z,KAUS,2026-06-22,gfs_seamless,95.7,75.2
19,2026-06-20T13:42:26Z,KAUS,2026-06-20,icon_global,86.4,77.3
20,2026-06-20T13:42:26Z,KAUS,2026-06-21,icon_global,89.8,77.4
21,2026-06-20T13:42:26Z,KAUS,2026-06-22,icon_global,92.4,78.6
22,2026-06-20T13:42:26Z,KAUS,2026-06-20,gem_global,88.2,79.3
23,2026-06-20T13:42:26Z,KAUS,2026-06-21,gem_global,94.3,77.5
24,2026-06-20T13:42:26Z,KAUS,2026-06-22,gem_global,96.4,78.9
25,2026-06-20T13:42:26Z,KAUS,2026-06-20,ecmwf_ifs025,89.4,73.5
26,2026-06-20T13:42:26Z,KAUS,2026-06-21,ecmwf_ifs025,88.1,73.7
27,2026-06-20T13:42:26Z,KAUS,2026-06-22,ecmwf_ifs025,92.5,77.3
28,2026-06-20T13:42:26Z,KAUS,2026-06-20,ukmo_global_deterministic_10km,90.5,77.7
29,2026-06-20T13:42:26Z,KAUS,2026-06-21,ukmo_global_deterministic_10km,95.1,78.6
30,2026-06-20T13:42:26Z,KAUS,2026-06-22,ukmo_global_deterministic_10km,97.4,79.1
31,2026-06-20T13:42:26Z,KBOS,2026-06-20,gfs_seamless,78.9,60.4
32,2026-06-20T13:42:26Z,KBOS,2026-06-21,gfs_seamless,77.9,59.5
33,2026-06-20T13:42:26Z,KBOS,2026-06-22,gfs_seamless,72.2,58.5
34,2026-06-20T13:42:26Z,KBOS,2026-06-20,icon_global,78.4,63.4
35,2026-06-20T13:42:26Z,KBOS,2026-06-21,icon_global,81.8,62.0
36,2026-06-20T13:42:26Z,KBOS,2026-06-22,icon_global,69.3,62.1
37,2026-06-20T13:42:26Z,KBOS,2026-06-20,gem_global,75.0,64.8
38,2026-06-20T13:42:26Z,KBOS,2026-06-21,gem_global,71.7,62.5
39,2026-06-20T13:42:26Z,KBOS,2026-06-22,gem_global,72.7,60.6
40,2026-06-20T13:42:26Z,KBOS,2026-06-20,ecmwf_ifs025,81.9,64.8
41,2026-06-20T13:42:26Z,KBOS,2026-06-21,ecmwf_ifs025,84.2,61.6
42,2026-06-20T13:42:26Z,KBOS,2026-06-22,ecmwf_ifs025,76.4,63.2
43,2026-06-20T13:42:26Z,KBOS,2026-06-20,ukmo_global_deterministic_10km,78.5,64.7
44,2026-06-20T13:42:26Z,KBOS,2026-06-21,ukmo_global_deterministic_10km,80.9,63.6
45,2026-06-20T13:42:26Z,KBOS,2026-06-22,ukmo_global_deterministic_10km,77.4,64.0
211,2026-06-20T13:42:26Z,KDCA,2026-06-20,gfs_seamless,88.6,64.4
212,2026-06-20T13:42:26Z,KDCA,2026-06-21,gfs_seamless,88.5,68.2
213,2026-06-20T13:42:26Z,KDCA,2026-06-22,gfs_seamless,95.1,70.1
214,2026-06-20T13:42:26Z,KDCA,2026-06-20,icon_global,87.2,67.6
215,2026-06-20T13:42:26Z,KDCA,2026-06-21,icon_global,87.4,69.9
216,2026-06-20T13:42:26Z,KDCA,2026-06-22,icon_global,92.5,73.7
217,2026-06-20T13:42:26Z,KDCA,2026-06-20,gem_global,85.3,67.2
218,2026-06-20T13:42:26Z,KDCA,2026-06-21,gem_global,87.6,67.4
219,2026-06-20T13:42:26Z,KDCA,2026-06-22,gem_global,93.0,69.8
220,2026-06-20T13:42:26Z,KDCA,2026-06-20,ecmwf_ifs025,90.2,66.0
221,2026-06-20T13:42:26Z,KDCA,2026-06-21,ecmwf_ifs025,90.4,67.1
222,2026-06-20T13:42:26Z,KDCA,2026-06-22,ecmwf_ifs025,95.7,69.1
223,2026-06-20T13:42:26Z,KDCA,2026-06-20,ukmo_global_deterministic_10km,86.2,68.3
224,2026-06-20T13:42:26Z,KDCA,2026-06-21,ukmo_global_deterministic_10km,86.3,71.4
225,2026-06-20T13:42:26Z,KDCA,2026-06-22,ukmo_global_deterministic_10km,93.0,73.0
61,2026-06-20T13:42:26Z,KDEN,2026-06-20,gfs_seamless,94.0,54.6
62,2026-06-20T13:42:26Z,KDEN,2026-06-21,gfs_seamless,89.2,59.5
63,2026-06-20T13:42:26Z,KDEN,2026-06-22,gfs_seamless,86.6,47.4
64,2026-06-20T13:42:26Z,KDEN,2026-06-20,icon_global,94.4,54.9
65,2026-06-20T13:42:26Z,KDEN,2026-06-21,icon_global,89.8,55.8
66,2026-06-20T13:42:26Z,KDEN,2026-06-22,icon_global,84.8,53.7
67,2026-06-20T13:42:26Z,KDEN,2026-06-20,gem_global,88.3,52.6
68,2026-06-20T13:42:26Z,KDEN,2026-06-21,gem_global,86.0,55.4
69,2026-06-20T13:42:26Z,KDEN,2026-06-22,gem_global,85.5,52.4
70,2026-06-20T13:42:26Z,KDEN,2026-06-20,ecmwf_ifs025,90.5,55.3
71,2026-06-20T13:42:26Z,KDEN,2026-06-21,ecmwf_ifs025,92.6,63.0
72,2026-06-20T13:42:26Z,KDEN,2026-06-22,ecmwf_ifs025,84.0,58.9
73,2026-06-20T13:42:26Z,KDEN,2026-06-20,ukmo_global_deterministic_10km,92.2,59.1
74,2026-06-20T13:42:26Z,KDEN,2026-06-21,ukmo_global_deterministic_10km,90.6,59.9
75,2026-06-20T13:42:26Z,KDEN,2026-06-22,ukmo_global_deterministic_10km,86.5,53.3
46,2026-06-20T13:42:26Z,KDFW,2026-06-20,gfs_seamless,86.7,72.9
47,2026-06-20T13:42:26Z,KDFW,2026-06-21,gfs_seamless,90.0,74.4
48,2026-06-20T13:42:26Z,KDFW,2026-06-22,gfs_seamless,98.0,78.0
49,2026-06-20T13:42:26Z,KDFW,2026-06-20,icon_global,85.6,75.3
50,2026-06-20T13:42:26Z,KDFW,2026-06-21,icon_global,93.3,78.0
51,2026-06-20T13:42:26Z,KDFW,2026-06-22,icon_global,93.6,79.3
52,2026-06-20T13:42:26Z,KDFW,2026-06-20,gem_global,87.6,75.3
53,2026-06-20T13:42:26Z,KDFW,2026-06-21,gem_global,93.5,75.4
54,2026-06-20T13:42:26Z,KDFW,2026-06-22,gem_global,95.4,82.2
55,2026-06-20T13:42:26Z,KDFW,2026-06-20,ecmwf_ifs025,89.2,73.6
56,2026-06-20T13:42:26Z,KDFW,2026-06-21,ecmwf_ifs025,92.5,77.1
57,2026-06-20T13:42:26Z,KDFW,2026-06-22,ecmwf_ifs025,93.1,74.5
58,2026-06-20T13:42:26Z,KDFW,2026-06-20,ukmo_global_deterministic_10km,92.0,75.6
59,2026-06-20T13:42:26Z,KDFW,2026-06-21,ukmo_global_deterministic_10km,98.1,79.3
60,2026-06-20T13:42:26Z,KDFW,2026-06-22,ukmo_global_deterministic_10km,96.6,80.8
76,2026-06-20T13:42:26Z,KIAH,2026-06-20,gfs_seamless,84.6,76.8
77,2026-06-20T13:42:26Z,KIAH,2026-06-21,gfs_seamless,81.7,75.5
78,2026-06-20T13:42:26Z,KIAH,2026-06-22,gfs_seamless,95.8,79.4
79,2026-06-20T13:42:26Z,KIAH,2026-06-20,icon_global,84.3,78.1
80,2026-06-20T13:42:26Z,KIAH,2026-06-21,icon_global,87.7,77.3
81,2026-06-20T13:42:26Z,KIAH,2026-06-22,icon_global,92.2,77.8
82,2026-06-20T13:42:26Z,KIAH,2026-06-20,gem_global,86.6,79.6
83,2026-06-20T13:42:26Z,KIAH,2026-06-21,gem_global,89.0,76.4
84,2026-06-20T13:42:26Z,KIAH,2026-06-22,gem_global,93.3,80.5
85,2026-06-20T13:42:26Z,KIAH,2026-06-20,ecmwf_ifs025,84.8,72.1
86,2026-06-20T13:42:26Z,KIAH,2026-06-21,ecmwf_ifs025,87.4,73.4
87,2026-06-20T13:42:26Z,KIAH,2026-06-22,ecmwf_ifs025,90.6,78.9
88,2026-06-20T13:42:26Z,KIAH,2026-06-20,ukmo_global_deterministic_10km,93.4,77.2
89,2026-06-20T13:42:26Z,KIAH,2026-06-21,ukmo_global_deterministic_10km,92.0,80.6
90,2026-06-20T13:42:26Z,KIAH,2026-06-22,ukmo_global_deterministic_10km,95.8,79.9
91,2026-06-20T13:42:26Z,KMIA,2026-06-20,gfs_seamless,92.0,75.9
92,2026-06-20T13:42:26Z,KMIA,2026-06-21,gfs_seamless,93.2,76.1
93,2026-06-20T13:42:26Z,KMIA,2026-06-22,gfs_seamless,94.1,79.1
94,2026-06-20T13:42:26Z,KMIA,2026-06-20,icon_global,93.1,75.1
95,2026-06-20T13:42:26Z,KMIA,2026-06-21,icon_global,91.6,75.8
96,2026-06-20T13:42:26Z,KMIA,2026-06-22,icon_global,91.7,77.3
97,2026-06-20T13:42:26Z,KMIA,2026-06-20,gem_global,91.0,75.1
98,2026-06-20T13:42:26Z,KMIA,2026-06-21,gem_global,88.0,74.3
99,2026-06-20T13:42:26Z,KMIA,2026-06-22,gem_global,88.8,75.4
100,2026-06-20T13:42:26Z,KMIA,2026-06-20,ecmwf_ifs025,89.1,78.4
101,2026-06-20T13:42:26Z,KMIA,2026-06-21,ecmwf_ifs025,89.0,77.8
102,2026-06-20T13:42:26Z,KMIA,2026-06-22,ecmwf_ifs025,90.5,80.6
103,2026-06-20T13:42:26Z,KMIA,2026-06-20,ukmo_global_deterministic_10km,90.3,80.3
104,2026-06-20T13:42:26Z,KMIA,2026-06-21,ukmo_global_deterministic_10km,92.3,79.4
105,2026-06-20T13:42:26Z,KMIA,2026-06-22,ukmo_global_deterministic_10km,94.1,83.6
106,2026-06-20T13:42:26Z,KMSP,2026-06-20,gfs_seamless,75.0,53.0
107,2026-06-20T13:42:26Z,KMSP,2026-06-21,gfs_seamless,77.7,54.8
108,2026-06-20T13:42:26Z,KMSP,2026-06-22,gfs_seamless,79.2,57.6
109,2026-06-20T13:42:26Z,KMSP,2026-06-20,icon_global,72.0,53.9
110,2026-06-20T13:42:26Z,KMSP,2026-06-21,icon_global,72.6,56.6
111,2026-06-20T13:42:26Z,KMSP,2026-06-22,icon_global,75.8,55.8
112,2026-06-20T13:42:26Z,KMSP,2026-06-20,gem_global,73.4,52.3
113,2026-06-20T13:42:26Z,KMSP,2026-06-21,gem_global,78.5,52.8
114,2026-06-20T13:42:26Z,KMSP,2026-06-22,gem_global,80.6,58.4
115,2026-06-20T13:42:26Z,KMSP,2026-06-20,ecmwf_ifs025,72.7,54.5
116,2026-06-20T13:42:26Z,KMSP,2026-06-21,ecmwf_ifs025,75.1,55.2
117,2026-06-20T13:42:26Z,KMSP,2026-06-22,ecmwf_ifs025,76.4,56.4
118,2026-06-20T13:42:26Z,KMSP,2026-06-20,ukmo_global_deterministic_10km,75.6,57.4
119,2026-06-20T13:42:26Z,KMSP,2026-06-21,ukmo_global_deterministic_10km,74.3,61.5
120,2026-06-20T13:42:26Z,KMSP,2026-06-22,ukmo_global_deterministic_10km,76.3,59.9
121,2026-06-20T13:42:26Z,KMSY,2026-06-20,gfs_seamless,86.8,73.6
122,2026-06-20T13:42:26Z,KMSY,2026-06-21,gfs_seamless,85.8,74.2
123,2026-06-20T13:42:26Z,KMSY,2026-06-22,gfs_seamless,93.9,74.1
124,2026-06-20T13:42:26Z,KMSY,2026-06-20,icon_global,86.8,78.6
125,2026-06-20T13:42:26Z,KMSY,2026-06-21,icon_global,90.8,79.0
126,2026-06-20T13:42:26Z,KMSY,2026-06-22,icon_global,94.6,78.5
127,2026-06-20T13:42:26Z,KMSY,2026-06-20,gem_global,89.8,79.9
128,2026-06-20T13:42:26Z,KMSY,2026-06-21,gem_global,88.0,79.1
129,2026-06-20T13:42:26Z,KMSY,2026-06-22,gem_global,92.7,79.5
130,2026-06-20T13:42:26Z,KMSY,2026-06-20,ecmwf_ifs025,84.4,75.9
131,2026-06-20T13:42:26Z,KMSY,2026-06-21,ecmwf_ifs025,85.6,75.8
132,2026-06-20T13:42:26Z,KMSY,2026-06-22,ecmwf_ifs025,89.2,79.7
133,2026-06-20T13:42:26Z,KMSY,2026-06-20,ukmo_global_deterministic_10km,88.3,80.1
134,2026-06-20T13:42:26Z,KMSY,2026-06-21,ukmo_global_deterministic_10km,91.9,76.9
135,2026-06-20T13:42:26Z,KMSY,2026-06-22,ukmo_global_deterministic_10km,94.8,80.4
136,2026-06-20T13:42:26Z,KOKC,2026-06-20,gfs_seamless,88.1,66.9
137,2026-06-20T13:42:26Z,KOKC,2026-06-21,gfs_seamless,93.0,73.5
138,2026-06-20T13:42:26Z,KOKC,2026-06-22,gfs_seamless,76.7,67.3
139,2026-06-20T13:42:26Z,KOKC,2026-06-20,icon_global,89.0,70.2
140,2026-06-20T13:42:26Z,KOKC,2026-06-21,icon_global,93.9,75.2
141,2026-06-20T13:42:26Z,KOKC,2026-06-22,icon_global,79.7,71.0
142,2026-06-20T13:42:26Z,KOKC,2026-06-20,gem_global,85.7,68.1
143,2026-06-20T13:42:26Z,KOKC,2026-06-21,gem_global,93.3,71.5
144,2026-06-20T13:42:26Z,KOKC,2026-06-22,gem_global,76.5,68.4
145,2026-06-20T13:42:26Z,KOKC,2026-06-20,ecmwf_ifs025,88.3,69.2
146,2026-06-20T13:42:26Z,KOKC,2026-06-21,ecmwf_ifs025,94.3,75.9
147,2026-06-20T13:42:26Z,KOKC,2026-06-22,ecmwf_ifs025,86.2,71.4
148,2026-06-20T13:42:26Z,KOKC,2026-06-20,ukmo_global_deterministic_10km,89.1,69.5
149,2026-06-20T13:42:26Z,KOKC,2026-06-21,ukmo_global_deterministic_10km,96.3,75.4
150,2026-06-20T13:42:26Z,KOKC,2026-06-22,ukmo_global_deterministic_10km,92.5,72.1
151,2026-06-20T13:42:26Z,KPHL,2026-06-20,gfs_seamless,84.6,66.6
152,2026-06-20T13:42:26Z,KPHL,2026-06-21,gfs_seamless,85.8,63.4
153,2026-06-20T13:42:26Z,KPHL,2026-06-22,gfs_seamless,72.9,68.2
154,2026-06-20T13:42:26Z,KPHL,2026-06-20,icon_global,83.8,67.1
155,2026-06-20T13:42:26Z,KPHL,2026-06-21,icon_global,85.3,68.1
156,2026-06-20T13:42:26Z,KPHL,2026-06-22,icon_global,84.4,71.3
157,2026-06-20T13:42:26Z,KPHL,2026-06-20,gem_global,83.8,68.3
158,2026-06-20T13:42:26Z,KPHL,2026-06-21,gem_global,85.7,64.3
159,2026-06-20T13:42:26Z,KPHL,2026-06-22,gem_global,88.0,64.1
160,2026-06-20T13:42:26Z,KPHL,2026-06-20,ecmwf_ifs025,84.8,66.9
161,2026-06-20T13:42:26Z,KPHL,2026-06-21,ecmwf_ifs025,84.7,65.3
162,2026-06-20T13:42:26Z,KPHL,2026-06-22,ecmwf_ifs025,89.6,65.6
163,2026-06-20T13:42:26Z,KPHL,2026-06-20,ukmo_global_deterministic_10km,82.0,68.3
164,2026-06-20T13:42:26Z,KPHL,2026-06-21,ukmo_global_deterministic_10km,83.7,68.8
165,2026-06-20T13:42:26Z,KPHL,2026-06-22,ukmo_global_deterministic_10km,91.1,72.1
166,2026-06-20T13:42:26Z,KPHX,2026-06-20,gfs_seamless,106.8,79.9
167,2026-06-20T13:42:26Z,KPHX,2026-06-21,gfs_seamless,105.3,73.0
168,2026-06-20T13:42:26Z,KPHX,2026-06-22,gfs_seamless,106.3,89.1
169,2026-06-20T13:42:26Z,KPHX,2026-06-20,icon_global,103.3,79.3
170,2026-06-20T13:42:26Z,KPHX,2026-06-21,icon_global,104.8,78.0
171,2026-06-20T13:42:26Z,KPHX,2026-06-22,icon_global,107.4,79.1
172,2026-06-20T13:42:26Z,KPHX,2026-06-20,gem_global,101.2,60.8
173,2026-06-20T13:42:26Z,KPHX,2026-06-21,gem_global,102.8,58.5
174,2026-06-20T13:42:26Z,KPHX,2026-06-22,gem_global,104.9,59.5
175,2026-06-20T13:42:26Z,KPHX,2026-06-20,ecmwf_ifs025,103.9,82.0
176,2026-06-20T13:42:26Z,KPHX,2026-06-21,ecmwf_ifs025,105.3,81.1
177,2026-06-20T13:42:26Z,KPHX,2026-06-22,ecmwf_ifs025,108.2,82.1
178,2026-06-20T13:42:26Z,KPHX,2026-06-20,ukmo_global_deterministic_10km,102.3,77.2
179,2026-06-20T13:42:26Z,KPHX,2026-06-21,ukmo_global_deterministic_10km,102.8,75.3
180,2026-06-20T13:42:26Z,KPHX,2026-06-22,ukmo_global_deterministic_10km,106.3,74.7
181,2026-06-20T13:42:26Z,KSAT,2026-06-20,gfs_seamless,85.0,71.6
182,2026-06-20T13:42:26Z,KSAT,2026-06-21,gfs_seamless,83.7,74.8
183,2026-06-20T13:42:26Z,KSAT,2026-06-22,gfs_seamless,94.5,75.4
184,2026-06-20T13:42:26Z,KSAT,2026-06-20,icon_global,83.5,77.6
185,2026-06-20T13:42:26Z,KSAT,2026-06-21,icon_global,91.5,76.1
186,2026-06-20T13:42:26Z,KSAT,2026-06-22,icon_global,93.0,78.0
187,2026-06-20T13:42:26Z,KSAT,2026-06-20,gem_global,92.9,79.2
188,2026-06-20T13:42:26Z,KSAT,2026-06-21,gem_global,94.2,78.0
189,2026-06-20T13:42:26Z,KSAT,2026-06-22,gem_global,95.1,77.7
190,2026-06-20T13:42:26Z,KSAT,2026-06-20,ecmwf_ifs025,86.5,72.0
191,2026-06-20T13:42:26Z,KSAT,2026-06-21,ecmwf_ifs025,87.4,73.8
192,2026-06-20T13:42:26Z,KSAT,2026-06-22,ecmwf_ifs025,90.6,75.8
193,2026-06-20T13:42:26Z,KSAT,2026-06-20,ukmo_global_deterministic_10km,91.9,76.2
194,2026-06-20T13:42:26Z,KSAT,2026-06-21,ukmo_global_deterministic_10km,92.9,76.0
195,2026-06-20T13:42:26Z,KSAT,2026-06-22,ukmo_global_deterministic_10km,97.5,78.5
196,2026-06-20T13:42:26Z,KSEA,2026-06-20,gfs_seamless,71.4,53.4
197,2026-06-20T13:42:26Z,KSEA,2026-06-21,gfs_seamless,77.2,51.5
198,2026-06-20T13:42:26Z,KSEA,2026-06-22,gfs_seamless,83.8,55.5
199,2026-06-20T13:42:26Z,KSEA,2026-06-20,icon_global,68.4,55.2
200,2026-06-20T13:42:26Z,KSEA,2026-06-21,icon_global,74.3,54.1
201,2026-06-20T13:42:26Z,KSEA,2026-06-22,icon_global,81.8,57.3
202,2026-06-20T13:42:26Z,KSEA,2026-06-20,gem_global,73.1,54.0
203,2026-06-20T13:42:26Z,KSEA,2026-06-21,gem_global,76.0,51.1
204,2026-06-20T13:42:26Z,KSEA,2026-06-22,gem_global,81.3,53.0
205,2026-06-20T13:42:26Z,KSEA,2026-06-20,ecmwf_ifs025,72.8,54.4
206,2026-06-20T13:42:26Z,KSEA,2026-06-21,ecmwf_ifs025,77.0,53.0
207,2026-06-20T13:42:26Z,KSEA,2026-06-22,ecmwf_ifs025,82.5,59.2
208,2026-06-20T13:42:26Z,KSEA,2026-06-20,ukmo_global_deterministic_10km,75.2,55.1
209,2026-06-20T13:42:26Z,KSEA,2026-06-21,ukmo_global_deterministic_10km,79.7,55.1
210,2026-06-20T13:42:26Z,KSEA,2026-06-22,ukmo_global_deterministic_10km,83.4,63.8
1,2026-06-20T14:53:54Z,KATL,2026-06-20,gfs_seamless,88.3,71.4
2,2026-06-20T14:53:54Z,KATL,2026-06-21,gfs_seamless,85.6,68.7
3,2026-06-20T14:53:54Z,KATL,2026-06-22,gfs_seamless,92.0,72.5
4,2026-06-20T14:53:54Z,KATL,2026-06-20,icon_global,85.4,71.6
5,2026-06-20T14:53:54Z,KATL,2026-06-21,icon_global,89.4,70.0
6,2026-06-20T14:53:54Z,KATL,2026-06-22,icon_global,90.5,73.3
7,2026-06-20T14:53:54Z,KATL,2026-06-20,gem_global,80.6,69.8
8,2026-06-20T14:53:54Z,KATL,2026-06-21,gem_global,85.5,66.6
9,2026-06-20T14:53:54Z,KATL,2026-06-22,gem_global,84.7,70.4
10,2026-06-20T14:53:54Z,KATL,2026-06-20,ecmwf_ifs025,77.3,70.2
11,2026-06-20T14:53:54Z,KATL,2026-06-21,ecmwf_ifs025,87.0,69.3
12,2026-06-20T14:53:54Z,KATL,2026-06-22,ecmwf_ifs025,87.1,71.4
13,2026-06-20T14:53:54Z,KATL,2026-06-20,ukmo_global_deterministic_10km,85.2,73.5
14,2026-06-20T14:53:54Z,KATL,2026-06-21,ukmo_global_deterministic_10km,89.1,72.3
15,2026-06-20T14:53:54Z,KATL,2026-06-22,ukmo_global_deterministic_10km,91.0,75.3
16,2026-06-20T14:53:54Z,KAUS,2026-06-20,gfs_seamless,88.6,73.8
17,2026-06-20T14:53:54Z,KAUS,2026-06-21,gfs_seamless,88.8,75.1
18,2026-06-20T14:53:54Z,KAUS,2026-06-22,gfs_seamless,95.7,77.6
19,2026-06-20T14:53:54Z,KAUS,2026-06-20,icon_global,86.4,77.3
20,2026-06-20T14:53:54Z,KAUS,2026-06-21,icon_global,89.8,77.4
21,2026-06-20T14:53:54Z,KAUS,2026-06-22,icon_global,92.4,78.6
22,2026-06-20T14:53:54Z,KAUS,2026-06-20,gem_global,88.2,79.3
23,2026-06-20T14:53:54Z,KAUS,2026-06-21,gem_global,94.3,77.5
24,2026-06-20T14:53:54Z,KAUS,2026-06-22,gem_global,96.4,78.9
25,2026-06-20T14:53:54Z,KAUS,2026-06-20,ecmwf_ifs025,89.4,73.5
26,2026-06-20T14:53:54Z,KAUS,2026-06-21,ecmwf_ifs025,88.1,73.7
27,2026-06-20T14:53:54Z,KAUS,2026-06-22,ecmwf_ifs025,92.5,77.3
28,2026-06-20T14:53:54Z,KAUS,2026-06-20,ukmo_global_deterministic_10km,90.8,76.5
29,2026-06-20T14:53:54Z,KAUS,2026-06-21,ukmo_global_deterministic_10km,89.2,77.0
30,2026-06-20T14:53:54Z,KAUS,2026-06-22,ukmo_global_deterministic_10km,97.4,79.1
31,2026-06-20T14:53:54Z,KBOS,2026-06-20,gfs_seamless,79.2,60.4
32,2026-06-20T14:53:54Z,KBOS,2026-06-21,gfs_seamless,80.8,58.9
33,2026-06-20T14:53:54Z,KBOS,2026-06-22,gfs_seamless,72.2,58.5
34,2026-06-20T14:53:54Z,KBOS,2026-06-20,icon_global,78.4,63.4
35,2026-06-20T14:53:54Z,KBOS,2026-06-21,icon_global,81.8,62.0
36,2026-06-20T14:53:54Z,KBOS,2026-06-22,icon_global,69.3,62.1
37,2026-06-20T14:53:54Z,KBOS,2026-06-20,gem_global,75.0,64.8
38,2026-06-20T14:53:54Z,KBOS,2026-06-21,gem_global,71.7,62.5
39,2026-06-20T14:53:54Z,KBOS,2026-06-22,gem_global,72.7,60.6
40,2026-06-20T14:53:54Z,KBOS,2026-06-20,ecmwf_ifs025,81.9,64.8
41,2026-06-20T14:53:54Z,KBOS,2026-06-21,ecmwf_ifs025,84.2,61.6
42,2026-06-20T14:53:54Z,KBOS,2026-06-22,ecmwf_ifs025,76.4,63.2
43,2026-06-20T14:53:54Z,KBOS,2026-06-20,ukmo_global_deterministic_10km,78.5,64.7
44,2026-06-20T14:53:54Z,KBOS,2026-06-21,ukmo_global_deterministic_10km,78.6,63.5
45,2026-06-20T14:53:54Z,KBOS,2026-06-22,ukmo_global_deterministic_10km,77.4,65.1
211,2026-06-20T14:53:54Z,KDCA,2026-06-20,gfs_seamless,88.8,64.4
212,2026-06-20T14:53:54Z,KDCA,2026-06-21,gfs_seamless,90.7,64.1
213,2026-06-20T14:53:54Z,KDCA,2026-06-22,gfs_seamless,95.1,70.0
214,2026-06-20T14:53:54Z,KDCA,2026-06-20,icon_global,87.2,67.6
215,2026-06-20T14:53:54Z,KDCA,2026-06-21,icon_global,87.4,69.9
216,2026-06-20T14:53:54Z,KDCA,2026-06-22,icon_global,92.5,73.7
217,2026-06-20T14:53:54Z,KDCA,2026-06-20,gem_global,85.3,67.2
218,2026-06-20T14:53:54Z,KDCA,2026-06-21,gem_global,87.6,67.4
219,2026-06-20T14:53:54Z,KDCA,2026-06-22,gem_global,93.0,69.8
220,2026-06-20T14:53:54Z,KDCA,2026-06-20,ecmwf_ifs025,90.2,66.0
221,2026-06-20T14:53:54Z,KDCA,2026-06-21,ecmwf_ifs025,90.4,67.1
222,2026-06-20T14:53:54Z,KDCA,2026-06-22,ecmwf_ifs025,95.7,69.1
223,2026-06-20T14:53:54Z,KDCA,2026-06-20,ukmo_global_deterministic_10km,86.2,68.3
224,2026-06-20T14:53:54Z,KDCA,2026-06-21,ukmo_global_deterministic_10km,86.3,71.4
225,2026-06-20T14:53:54Z,KDCA,2026-06-22,ukmo_global_deterministic_10km,93.0,73.0
61,2026-06-20T14:53:54Z,KDEN,2026-06-20,gfs_seamless,93.2,54.1
62,2026-06-20T14:53:54Z,KDEN,2026-06-21,gfs_seamless,89.5,58.9
63,2026-06-20T14:53:54Z,KDEN,2026-06-22,gfs_seamless,86.6,50.3
64,2026-06-20T14:53:54Z,KDEN,2026-06-20,icon_global,94.4,54.9
65,2026-06-20T14:53:54Z,KDEN,2026-06-21,icon_global,89.8,55.8
66,2026-06-20T14:53:54Z,KDEN,2026-06-22,icon_global,84.8,53.7
67,2026-06-20T14:53:54Z,KDEN,2026-06-20,gem_global,88.3,52.6
68,2026-06-20T14:53:54Z,KDEN,2026-06-21,gem_global,86.0,55.4
69,2026-06-20T14:53:54Z,KDEN,2026-06-22,gem_global,85.5,52.4
70,2026-06-20T14:53:54Z,KDEN,2026-06-20,ecmwf_ifs025,90.5,55.3
71,2026-06-20T14:53:54Z,KDEN,2026-06-21,ecmwf_ifs025,92.6,63.0
72,2026-06-20T14:53:54Z,KDEN,2026-06-22,ecmwf_ifs025,84.0,58.9
73,2026-06-20T14:53:54Z,KDEN,2026-06-20,ukmo_global_deterministic_10km,94.6,57.1
74,2026-06-20T14:53:54Z,KDEN,2026-06-21,ukmo_global_deterministic_10km,91.2,60.2
75,2026-06-20T14:53:54Z,KDEN,2026-06-22,ukmo_global_deterministic_10km,87.1,54.2
46,2026-06-20T14:53:54Z,KDFW,2026-06-20,gfs_seamless,86.5,72.9
47,2026-06-20T14:53:54Z,KDFW,2026-06-21,gfs_seamless,93.6,73.9
48,2026-06-20T14:53:54Z,KDFW,2026-06-22,gfs_seamless,98.0,78.0
49,2026-06-20T14:53:54Z,KDFW,2026-06-20,icon_global,85.6,75.3
50,2026-06-20T14:53:54Z,KDFW,2026-06-21,icon_global,93.3,78.0
51,2026-06-20T14:53:54Z,KDFW,2026-06-22,icon_global,93.6,79.3
52,2026-06-20T14:53:54Z,KDFW,2026-06-20,gem_global,87.6,75.3
53,2026-06-20T14:53:54Z,KDFW,2026-06-21,gem_global,93.5,75.4
54,2026-06-20T14:53:54Z,KDFW,2026-06-22,gem_global,95.4,82.2
55,2026-06-20T14:53:54Z,KDFW,2026-06-20,ecmwf_ifs025,89.2,73.6
56,2026-06-20T14:53:54Z,KDFW,2026-06-21,ecmwf_ifs025,92.5,77.1
57,2026-06-20T14:53:54Z,KDFW,2026-06-22,ecmwf_ifs025,93.1,74.5
58,2026-06-20T14:53:54Z,KDFW,2026-06-20,ukmo_global_deterministic_10km,89.2,74.7
59,2026-06-20T14:53:54Z,KDFW,2026-06-21,ukmo_global_deterministic_10km,95.0,79.0
60,2026-06-20T14:53:54Z,KDFW,2026-06-22,ukmo_global_deterministic_10km,96.6,80.5
76,2026-06-20T14:53:54Z,KIAH,2026-06-20,gfs_seamless,85.5,74.8
77,2026-06-20T14:53:54Z,KIAH,2026-06-21,gfs_seamless,86.2,75.1
78,2026-06-20T14:53:54Z,KIAH,2026-06-22,gfs_seamless,95.8,77.7
79,2026-06-20T14:53:54Z,KIAH,2026-06-20,icon_global,84.3,78.1
80,2026-06-20T14:53:54Z,KIAH,2026-06-21,icon_global,87.7,77.3
81,2026-06-20T14:53:54Z,KIAH,2026-06-22,icon_global,92.2,77.8
82,2026-06-20T14:53:54Z,KIAH,2026-06-20,gem_global,86.6,79.6
83,2026-06-20T14:53:54Z,KIAH,2026-06-21,gem_global,89.0,76.4
84,2026-06-20T14:53:54Z,KIAH,2026-06-22,gem_global,93.3,80.5
85,2026-06-20T14:53:54Z,KIAH,2026-06-20,ecmwf_ifs025,84.8,72.1
86,2026-06-20T14:53:54Z,KIAH,2026-06-21,ecmwf_ifs025,87.4,73.4
87,2026-06-20T14:53:54Z,KIAH,2026-06-22,ecmwf_ifs025,90.6,78.9
88,2026-06-20T14:53:54Z,KIAH,2026-06-20,ukmo_global_deterministic_10km,91.7,76.8
89,2026-06-20T14:53:54Z,KIAH,2026-06-21,ukmo_global_deterministic_10km,87.0,79.4
90,2026-06-20T14:53:54Z,KIAH,2026-06-22,ukmo_global_deterministic_10km,95.8,80.4
91,2026-06-20T14:53:54Z,KMIA,2026-06-20,gfs_seamless,92.2,75.4
92,2026-06-20T14:53:54Z,KMIA,2026-06-21,gfs_seamless,92.2,76.0
93,2026-06-20T14:53:54Z,KMIA,2026-06-22,gfs_seamless,94.1,77.0
94,2026-06-20T14:53:54Z,KMIA,2026-06-20,icon_global,93.1,75.1
95,2026-06-20T14:53:54Z,KMIA,2026-06-21,icon_global,91.6,75.8
96,2026-06-20T14:53:54Z,KMIA,2026-06-22,icon_global,91.7,77.3
97,2026-06-20T14:53:54Z,KMIA,2026-06-20,gem_global,91.0,75.1
98,2026-06-20T14:53:54Z,KMIA,2026-06-21,gem_global,88.0,74.3
99,2026-06-20T14:53:54Z,KMIA,2026-06-22,gem_global,88.8,75.4
100,2026-06-20T14:53:54Z,KMIA,2026-06-20,ecmwf_ifs025,89.1,78.4
101,2026-06-20T14:53:54Z,KMIA,2026-06-21,ecmwf_ifs025,89.0,77.8
102,2026-06-20T14:53:54Z,KMIA,2026-06-22,ecmwf_ifs025,90.5,80.6
103,2026-06-20T14:53:54Z,KMIA,2026-06-20,ukmo_global_deterministic_10km,89.7,80.9
104,2026-06-20T14:53:54Z,KMIA,2026-06-21,ukmo_global_deterministic_10km,92.6,79.3
105,2026-06-20T14:53:54Z,KMIA,2026-06-22,ukmo_global_deterministic_10km,94.1,82.4
106,2026-06-20T14:53:54Z,KMSP,2026-06-20,gfs_seamless,75.4,53.0
107,2026-06-20T14:53:54Z,KMSP,2026-06-21,gfs_seamless,75.6,56.3
108,2026-06-20T14:53:54Z,KMSP,2026-06-22,gfs_seamless,79.2,55.9
109,2026-06-20T14:53:54Z,KMSP,2026-06-20,icon_global,72.0,53.9
110,2026-06-20T14:53:54Z,KMSP,2026-06-21,icon_global,72.6,56.6
111,2026-06-20T14:53:54Z,KMSP,2026-06-22,icon_global,75.8,55.8
112,2026-06-20T14:53:54Z,KMSP,2026-06-20,gem_global,73.4,52.3
113,2026-06-20T14:53:54Z,KMSP,2026-06-21,gem_global,78.5,52.8
114,2026-06-20T14:53:54Z,KMSP,2026-06-22,gem_global,80.6,58.4
115,2026-06-20T14:53:54Z,KMSP,2026-06-20,ecmwf_ifs025,72.7,54.5
116,2026-06-20T14:53:54Z,KMSP,2026-06-21,ecmwf_ifs025,75.1,55.2
117,2026-06-20T14:53:54Z,KMSP,2026-06-22,ecmwf_ifs025,76.4,56.4
118,2026-06-20T14:53:54Z,KMSP,2026-06-20,ukmo_global_deterministic_10km,75.5,57.0
119,2026-06-20T14:53:54Z,KMSP,2026-06-21,ukmo_global_deterministic_10km,76.0,61.4
120,2026-06-20T14:53:54Z,KMSP,2026-06-22,ukmo_global_deterministic_10km,76.3,59.4
121,2026-06-20T14:53:54Z,KMSY,2026-06-20,gfs_seamless,87.8,75.5
122,2026-06-20T14:53:54Z,KMSY,2026-06-21,gfs_seamless,85.0,75.5
123,2026-06-20T14:53:54Z,KMSY,2026-06-22,gfs_seamless,93.9,74.7
124,2026-06-20T14:53:54Z,KMSY,2026-06-20,icon_global,86.8,78.6
125,2026-06-20T14:53:54Z,KMSY,2026-06-21,icon_global,90.8,79.0
126,2026-06-20T14:53:54Z,KMSY,2026-06-22,icon_global,94.6,78.5
127,2026-06-20T14:53:54Z,KMSY,2026-06-20,gem_global,89.8,79.9
128,2026-06-20T14:53:54Z,KMSY,2026-06-21,gem_global,88.0,79.1
129,2026-06-20T14:53:54Z,KMSY,2026-06-22,gem_global,92.7,79.5
130,2026-06-20T14:53:54Z,KMSY,2026-06-20,ecmwf_ifs025,84.4,75.9
131,2026-06-20T14:53:54Z,KMSY,2026-06-21,ecmwf_ifs025,85.6,75.8
132,2026-06-20T14:53:54Z,KMSY,2026-06-22,ecmwf_ifs025,89.2,79.7
133,2026-06-20T14:53:54Z,KMSY,2026-06-20,ukmo_global_deterministic_10km,89.5,79.0
134,2026-06-20T14:53:54Z,KMSY,2026-06-21,ukmo_global_deterministic_10km,90.8,80.2
135,2026-06-20T14:53:54Z,KMSY,2026-06-22,ukmo_global_deterministic_10km,94.8,80.2
136,2026-06-20T14:53:54Z,KOKC,2026-06-20,gfs_seamless,89.8,66.9
137,2026-06-20T14:53:54Z,KOKC,2026-06-21,gfs_seamless,94.8,73.4
138,2026-06-20T14:53:54Z,KOKC,2026-06-22,gfs_seamless,81.6,69.3
139,2026-06-20T14:53:54Z,KOKC,2026-06-20,icon_global,89.0,70.2
140,2026-06-20T14:53:54Z,KOKC,2026-06-21,icon_global,93.9,75.2
141,2026-06-20T14:53:54Z,KOKC,2026-06-22,icon_global,79.7,71.0
142,2026-06-20T14:53:54Z,KOKC,2026-06-20,gem_global,85.7,68.1
143,2026-06-20T14:53:54Z,KOKC,2026-06-21,gem_global,93.3,71.5
144,2026-06-20T14:53:54Z,KOKC,2026-06-22,gem_global,76.5,68.4
145,2026-06-20T14:53:54Z,KOKC,2026-06-20,ecmwf_ifs025,88.3,69.2
146,2026-06-20T14:53:54Z,KOKC,2026-06-21,ecmwf_ifs025,94.3,75.9
147,2026-06-20T14:53:54Z,KOKC,2026-06-22,ecmwf_ifs025,86.2,71.4
148,2026-06-20T14:53:54Z,KOKC,2026-06-20,ukmo_global_deterministic_10km,89.1,69.5
149,2026-06-20T14:53:54Z,KOKC,2026-06-21,ukmo_global_deterministic_10km,96.3,75.4
150,2026-06-20T14:53:54Z,KOKC,2026-06-22,ukmo_global_deterministic_10km,92.5,72.1
151,2026-06-20T14:53:54Z,KPHL,2026-06-20,gfs_seamless,84.5,66.6
152,2026-06-20T14:53:54Z,KPHL,2026-06-21,gfs_seamless,85.8,62.7
153,2026-06-20T14:53:54Z,KPHL,2026-06-22,gfs_seamless,72.9,68.2
154,2026-06-20T14:53:54Z,KPHL,2026-06-20,icon_global,83.8,67.1
155,2026-06-20T14:53:54Z,KPHL,2026-06-21,icon_global,85.3,68.1
156,2026-06-20T14:53:54Z,KPHL,2026-06-22,icon_global,84.4,71.3
157,2026-06-20T14:53:54Z,KPHL,2026-06-20,gem_global,83.8,68.3
158,2026-06-20T14:53:54Z,KPHL,2026-06-21,gem_global,85.7,64.3
159,2026-06-20T14:53:54Z,KPHL,2026-06-22,gem_global,88.0,64.1
160,2026-06-20T14:53:54Z,KPHL,2026-06-20,ecmwf_ifs025,84.8,66.9
161,2026-06-20T14:53:54Z,KPHL,2026-06-21,ecmwf_ifs025,84.7,65.3
162,2026-06-20T14:53:54Z,KPHL,2026-06-22,ecmwf_ifs025,89.6,65.6
163,2026-06-20T14:53:54Z,KPHL,2026-06-20,ukmo_global_deterministic_10km,82.0,68.3
164,2026-06-20T14:53:54Z,KPHL,2026-06-21,ukmo_global_deterministic_10km,83.7,68.8
165,2026-06-20T14:53:54Z,KPHL,2026-06-22,ukmo_global_deterministic_10km,91.1,72.1
166,2026-06-20T14:53:54Z,KPHX,2026-06-20,gfs_seamless,106.5,79.7
167,2026-06-20T14:53:54Z,KPHX,2026-06-21,gfs_seamless,105.2,72.9
168,2026-06-20T14:53:54Z,KPHX,2026-06-22,gfs_seamless,106.3,77.2
169,2026-06-20T14:53:54Z,KPHX,2026-06-20,icon_global,103.3,79.3
170,2026-06-20T14:53:54Z,KPHX,2026-06-21,icon_global,104.8,78.0
171,2026-06-20T14:53:54Z,KPHX,2026-06-22,icon_global,107.4,79.1
172,2026-06-20T14:53:54Z,KPHX,2026-06-20,gem_global,101.2,60.8
173,2026-06-20T14:53:54Z,KPHX,2026-06-21,gem_global,102.8,58.5
174,2026-06-20T14:53:54Z,KPHX,2026-06-22,gem_global,104.9,59.5
175,2026-06-20T14:53:54Z,KPHX,2026-06-20,ecmwf_ifs025,103.9,82.0
176,2026-06-20T14:53:54Z,KPHX,2026-06-21,ecmwf_ifs025,105.3,81.1
177,2026-06-20T14:53:54Z,KPHX,2026-06-22,ecmwf_ifs025,108.2,82.1
178,2026-06-20T14:53:54Z,KPHX,2026-06-20,ukmo_global_deterministic_10km,102.3,77.2
179,2026-06-20T14:53:54Z,KPHX,2026-06-21,ukmo_global_deterministic_10km,102.8,75.3
180,2026-06-20T14:53:54Z,KPHX,2026-06-22,ukmo_global_deterministic_10km,106.3,74.7
181,2026-06-20T14:53:54Z,KSAT,2026-06-20,gfs_seamless,85.0,71.6
182,2026-06-20T14:53:54Z,KSAT,2026-06-21,gfs_seamless,88.5,75.8
183,2026-06-20T14:53:54Z,KSAT,2026-06-22,gfs_seamless,94.5,75.8
184,2026-06-20T14:53:54Z,KSAT,2026-06-20,icon_global,83.5,77.6
185,2026-06-20T14:53:54Z,KSAT,2026-06-21,icon_global,91.5,76.1
186,2026-06-20T14:53:54Z,KSAT,2026-06-22,icon_global,93.0,78.0
187,2026-06-20T14:53:54Z,KSAT,2026-06-20,gem_global,92.9,79.2
188,2026-06-20T14:53:54Z,KSAT,2026-06-21,gem_global,94.2,78.0
189,2026-06-20T14:53:54Z,KSAT,2026-06-22,gem_global,95.1,77.7
190,2026-06-20T14:53:54Z,KSAT,2026-06-20,ecmwf_ifs025,86.5,72.0
191,2026-06-20T14:53:54Z,KSAT,2026-06-21,ecmwf_ifs025,87.4,73.8
192,2026-06-20T14:53:54Z,KSAT,2026-06-22,ecmwf_ifs025,90.6,75.8
193,2026-06-20T14:53:54Z,KSAT,2026-06-20,ukmo_global_deterministic_10km,91.9,76.2
194,2026-06-20T14:53:54Z,KSAT,2026-06-21,ukmo_global_deterministic_10km,92.9,76.0
195,2026-06-20T14:53:54Z,KSAT,2026-06-22,ukmo_global_deterministic_10km,97.5,78.5
196,2026-06-20T14:53:54Z,KSFO,2026-06-20,gfs_seamless,67.8,57.2
197,2026-06-20T14:53:54Z,KSFO,2026-06-21,gfs_seamless,65.7,53.8
198,2026-06-20T14:53:54Z,KSFO,2026-06-22,gfs_seamless,69.2,53.6
199,2026-06-20T14:53:54Z,KSFO,2026-06-20,icon_global,69.9,58.5
200,2026-06-20T14:53:54Z,KSFO,2026-06-21,icon_global,69.2,55.2
201,2026-06-20T14:53:54Z,KSFO,2026-06-22,icon_global,67.2,54.8
202,2026-06-20T14:53:54Z,KSFO,2026-06-20,gem_global,64.4,56.7
203,2026-06-20T14:53:54Z,KSFO,2026-06-21,gem_global,62.0,55.8
204,2026-06-20T14:53:54Z,KSFO,2026-06-22,gem_global,63.8,56.0
205,2026-06-20T14:53:54Z,KSFO,2026-06-20,ecmwf_ifs025,65.0,56.3
206,2026-06-20T14:53:54Z,KSFO,2026-06-21,ecmwf_ifs025,64.2,53.9
207,2026-06-20T14:53:54Z,KSFO,2026-06-22,ecmwf_ifs025,64.4,54.7
208,2026-06-20T14:53:54Z,KSFO,2026-06-20,ukmo_global_deterministic_10km,70.0,57.4
209,2026-06-20T14:53:54Z,KSFO,2026-06-21,ukmo_global_deterministic_10km,68.0,55.7
210,2026-06-20T14:53:54Z,KSFO,2026-06-22,ukmo_global_deterministic_10km,67.7,55.0
1,2026-06-20T15:41:49Z,KATL,2026-06-20,gfs_seamless,88.3,71.4
2,2026-06-20T15:41:49Z,KATL,2026-06-21,gfs_seamless,85.6,68.7
3,2026-06-20T15:41:49Z,KATL,2026-06-22,gfs_seamless,92.0,72.5
4,2026-06-20T15:41:49Z,KATL,2026-06-20,icon_global,85.4,71.6
5,2026-06-20T15:41:49Z,KATL,2026-06-21,icon_global,89.4,70.0
6,2026-06-20T15:41:49Z,KATL,2026-06-22,icon_global,90.5,73.3
7,2026-06-20T15:41:49Z,KATL,2026-06-20,gem_global,80.6,69.8
8,2026-06-20T15:41:49Z,KATL,2026-06-21,gem_global,85.5,66.6
9,2026-06-20T15:41:49Z,KATL,2026-06-22,gem_global,84.7,70.4
10,2026-06-20T15:41:49Z,KATL,2026-06-20,ecmwf_ifs025,77.3,70.2
11,2026-06-20T15:41:49Z,KATL,2026-06-21,ecmwf_ifs025,87.0,69.3
12,2026-06-20T15:41:49Z,KATL,2026-06-22,ecmwf_ifs025,87.1,71.4
13,2026-06-20T15:41:49Z,KATL,2026-06-20,ukmo_global_deterministic_10km,85.2,73.5
14,2026-06-20T15:41:49Z,KATL,2026-06-21,ukmo_global_deterministic_10km,89.1,72.3
15,2026-06-20T15:41:49Z,KATL,2026-06-22,ukmo_global_deterministic_10km,91.0,75.3
16,2026-06-20T15:41:49Z,KAUS,2026-06-20,gfs_seamless,88.6,73.8
17,2026-06-20T15:41:49Z,KAUS,2026-06-21,gfs_seamless,88.8,75.1
18,2026-06-20T15:41:49Z,KAUS,2026-06-22,gfs_seamless,95.7,77.6
19,2026-06-20T15:41:49Z,KAUS,2026-06-20,icon_global,86.4,77.3
20,2026-06-20T15:41:49Z,KAUS,2026-06-21,icon_global,89.8,77.4
21,2026-06-20T15:41:49Z,KAUS,2026-06-22,icon_global,92.4,78.6
22,2026-06-20T15:41:49Z,KAUS,2026-06-20,gem_global,88.2,79.3
23,2026-06-20T15:41:49Z,KAUS,2026-06-21,gem_global,94.3,77.5
24,2026-06-20T15:41:49Z,KAUS,2026-06-22,gem_global,96.4,78.9
25,2026-06-20T15:41:49Z,KAUS,2026-06-20,ecmwf_ifs025,89.4,73.5
26,2026-06-20T15:41:49Z,KAUS,2026-06-21,ecmwf_ifs025,88.1,73.7
27,2026-06-20T15:41:49Z,KAUS,2026-06-22,ecmwf_ifs025,92.5,77.3
28,2026-06-20T15:41:49Z,KAUS,2026-06-20,ukmo_global_deterministic_10km,90.8,76.5
29,2026-06-20T15:41:49Z,KAUS,2026-06-21,ukmo_global_deterministic_10km,89.2,77.0
30,2026-06-20T15:41:49Z,KAUS,2026-06-22,ukmo_global_deterministic_10km,97.4,79.1
31,2026-06-20T15:41:49Z,KBOS,2026-06-20,gfs_seamless,79.2,60.4
32,2026-06-20T15:41:49Z,KBOS,2026-06-21,gfs_seamless,80.8,58.9
33,2026-06-20T15:41:49Z,KBOS,2026-06-22,gfs_seamless,72.2,58.5
34,2026-06-20T15:41:49Z,KBOS,2026-06-20,icon_global,78.4,63.4
35,2026-06-20T15:41:49Z,KBOS,2026-06-21,icon_global,81.8,62.0
36,2026-06-20T15:41:49Z,KBOS,2026-06-22,icon_global,69.3,62.1
37,2026-06-20T15:41:49Z,KBOS,2026-06-20,gem_global,75.0,64.8
38,2026-06-20T15:41:49Z,KBOS,2026-06-21,gem_global,71.7,62.5
39,2026-06-20T15:41:49Z,KBOS,2026-06-22,gem_global,72.7,60.6
40,2026-06-20T15:41:49Z,KBOS,2026-06-20,ecmwf_ifs025,81.9,64.8
41,2026-06-20T15:41:49Z,KBOS,2026-06-21,ecmwf_ifs025,84.2,61.6
42,2026-06-20T15:41:49Z,KBOS,2026-06-22,ecmwf_ifs025,76.4,63.2
43,2026-06-20T15:41:49Z,KBOS,2026-06-20,ukmo_global_deterministic_10km,78.5,64.7
44,2026-06-20T15:41:49Z,KBOS,2026-06-21,ukmo_global_deterministic_10km,78.6,63.5
45,2026-06-20T15:41:49Z,KBOS,2026-06-22,ukmo_global_deterministic_10km,77.4,65.1
196,2026-06-20T15:41:49Z,KDCA,2026-06-20,gfs_seamless,89.2,64.4
197,2026-06-20T15:41:49Z,KDCA,2026-06-21,gfs_seamless,90.7,64.1
198,2026-06-20T15:41:49Z,KDCA,2026-06-22,gfs_seamless,95.1,70.0
199,2026-06-20T15:41:49Z,KDCA,2026-06-20,icon_global,87.2,67.6
200,2026-06-20T15:41:49Z,KDCA,2026-06-21,icon_global,87.4,69.9
201,2026-06-20T15:41:49Z,KDCA,2026-06-22,icon_global,92.5,73.7
202,2026-06-20T15:41:49Z,KDCA,2026-06-20,gem_global,85.3,67.2
203,2026-06-20T15:41:49Z,KDCA,2026-06-21,gem_global,87.6,67.4
204,2026-06-20T15:41:49Z,KDCA,2026-06-22,gem_global,93.0,69.8
205,2026-06-20T15:41:49Z,KDCA,2026-06-20,ecmwf_ifs025,90.2,66.0
206,2026-06-20T15:41:49Z,KDCA,2026-06-21,ecmwf_ifs025,90.4,67.1
207,2026-06-20T15:41:49Z,KDCA,2026-06-22,ecmwf_ifs025,95.7,69.1
208,2026-06-20T15:41:49Z,KDCA,2026-06-20,ukmo_global_deterministic_10km,86.2,68.3
209,2026-06-20T15:41:49Z,KDCA,2026-06-21,ukmo_global_deterministic_10km,86.3,71.4
210,2026-06-20T15:41:49Z,KDCA,2026-06-22,ukmo_global_deterministic_10km,93.0,73.0
61,2026-06-20T15:41:49Z,KDEN,2026-06-20,gfs_seamless,93.2,54.1
62,2026-06-20T15:41:49Z,KDEN,2026-06-21,gfs_seamless,89.5,58.9
63,2026-06-20T15:41:49Z,KDEN,2026-06-22,gfs_seamless,86.6,50.3
64,2026-06-20T15:41:49Z,KDEN,2026-06-20,icon_global,94.4,54.9
65,2026-06-20T15:41:49Z,KDEN,2026-06-21,icon_global,89.8,55.8
66,2026-06-20T15:41:49Z,KDEN,2026-06-22,icon_global,84.8,53.7
67,2026-06-20T15:41:49Z,KDEN,2026-06-20,gem_global,88.3,52.6
68,2026-06-20T15:41:49Z,KDEN,2026-06-21,gem_global,86.0,55.4
69,2026-06-20T15:41:49Z,KDEN,2026-06-22,gem_global,85.5,52.4
70,2026-06-20T15:41:49Z,KDEN,2026-06-20,ecmwf_ifs025,90.5,55.3
71,2026-06-20T15:41:49Z,KDEN,2026-06-21,ecmwf_ifs025,92.6,63.0
72,2026-06-20T15:41:49Z,KDEN,2026-06-22,ecmwf_ifs025,84.0,58.9
73,2026-06-20T15:41:49Z,KDEN,2026-06-20,ukmo_global_deterministic_10km,94.6,57.1
74,2026-06-20T15:41:49Z,KDEN,2026-06-21,ukmo_global_deterministic_10km,91.2,60.2
75,2026-06-20T15:41:49Z,KDEN,2026-06-22,ukmo_global_deterministic_10km,87.1,54.2
46,2026-06-20T15:41:49Z,KDFW,2026-06-20,gfs_seamless,86.5,72.9
47,2026-06-20T15:41:49Z,KDFW,2026-06-21,gfs_seamless,93.6,73.9
48,2026-06-20T15:41:49Z,KDFW,2026-06-22,gfs_seamless,98.0,78.0
49,2026-06-20T15:41:49Z,KDFW,2026-06-20,icon_global,85.6,75.3
50,2026-06-20T15:41:49Z,KDFW,2026-06-21,icon_global,93.3,78.0
51,2026-06-20T15:41:49Z,KDFW,2026-06-22,icon_global,93.6,79.3
52,2026-06-20T15:41:49Z,KDFW,2026-06-20,gem_global,87.6,75.3
53,2026-06-20T15:41:49Z,KDFW,2026-06-21,gem_global,93.5,75.4
54,2026-06-20T15:41:49Z,KDFW,2026-06-22,gem_global,95.4,82.2
55,2026-06-20T15:41:49Z,KDFW,2026-06-20,ecmwf_ifs025,89.2,73.6
56,2026-06-20T15:41:49Z,KDFW,2026-06-21,ecmwf_ifs025,92.5,77.1
57,2026-06-20T15:41:49Z,KDFW,2026-06-22,ecmwf_ifs025,93.1,74.5
58,2026-06-20T15:41:49Z,KDFW,2026-06-20,ukmo_global_deterministic_10km,89.2,74.7
59,2026-06-20T15:41:49Z,KDFW,2026-06-21,ukmo_global_deterministic_10km,95.0,79.0
60,2026-06-20T15:41:49Z,KDFW,2026-06-22,ukmo_global_deterministic_10km,96.6,80.5
76,2026-06-20T15:41:49Z,KIAH,2026-06-20,gfs_seamless,85.5,74.8
77,2026-06-20T15:41:49Z,KIAH,2026-06-21,gfs_seamless,86.2,75.1
78,2026-06-20T15:41:49Z,KIAH,2026-06-22,gfs_seamless,95.8,77.7
79,2026-06-20T15:41:49Z,KIAH,2026-06-20,icon_global,84.3,78.1
80,2026-06-20T15:41:49Z,KIAH,2026-06-21,icon_global,87.7,77.3
81,2026-06-20T15:41:49Z,KIAH,2026-06-22,icon_global,92.2,77.8
82,2026-06-20T15:41:49Z,KIAH,2026-06-20,gem_global,86.6,79.6
83,2026-06-20T15:41:49Z,KIAH,2026-06-21,gem_global,89.0,76.4
84,2026-06-20T15:41:49Z,KIAH,2026-06-22,gem_global,93.3,80.5
85,2026-06-20T15:41:49Z,KIAH,2026-06-20,ecmwf_ifs025,84.8,72.1
86,2026-06-20T15:41:49Z,KIAH,2026-06-21,ecmwf_ifs025,87.4,73.4
87,2026-06-20T15:41:49Z,KIAH,2026-06-22,ecmwf_ifs025,90.6,78.9
88,2026-06-20T15:41:49Z,KIAH,2026-06-20,ukmo_global_deterministic_10km,91.7,76.8
89,2026-06-20T15:41:49Z,KIAH,2026-06-21,ukmo_global_deterministic_10km,87.0,79.4
90,2026-06-20T15:41:49Z,KIAH,2026-06-22,ukmo_global_deterministic_10km,95.8,80.4
91,2026-06-20T15:41:49Z,KMSP,2026-06-20,gfs_seamless,75.5,53.0
92,2026-06-20T15:41:49Z,KMSP,2026-06-21,gfs_seamless,75.6,56.3
93,2026-06-20T15:41:49Z,KMSP,2026-06-22,gfs_seamless,79.2,55.9
94,2026-06-20T15:41:49Z,KMSP,2026-06-20,icon_global,72.0,53.9
95,2026-06-20T15:41:49Z,KMSP,2026-06-21,icon_global,72.6,56.6
96,2026-06-20T15:41:49Z,KMSP,2026-06-22,icon_global,75.8,55.8
97,2026-06-20T15:41:49Z,KMSP,2026-06-20,gem_global,73.4,52.3
98,2026-06-20T15:41:49Z,KMSP,2026-06-21,gem_global,78.5,52.8
99,2026-06-20T15:41:49Z,KMSP,2026-06-22,gem_global,80.6,58.4
100,2026-06-20T15:41:49Z,KMSP,2026-06-20,ecmwf_ifs025,72.7,54.5
101,2026-06-20T15:41:49Z,KMSP,2026-06-21,ecmwf_ifs025,75.1,55.2
102,2026-06-20T15:41:49Z,KMSP,2026-06-22,ecmwf_ifs025,76.4,56.4
103,2026-06-20T15:41:49Z,KMSP,2026-06-20,ukmo_global_deterministic_10km,75.5,57.0
104,2026-06-20T15:41:49Z,KMSP,2026-06-21,ukmo_global_deterministic_10km,76.0,61.4
105,2026-06-20T15:41:49Z,KMSP,2026-06-22,ukmo_global_deterministic_10km,76.3,59.4
106,2026-06-20T15:41:49Z,KMSY,2026-06-20,gfs_seamless,89.5,74.2
107,2026-06-20T15:41:49Z,KMSY,2026-06-21,gfs_seamless,85.0,74.8
108,2026-06-20T15:41:49Z,KMSY,2026-06-22,gfs_seamless,93.9,74.7
109,2026-06-20T15:41:49Z,KMSY,2026-06-20,icon_global,86.8,78.6
110,2026-06-20T15:41:49Z,KMSY,2026-06-21,icon_global,90.8,79.0
111,2026-06-20T15:41:49Z,KMSY,2026-06-22,icon_global,94.6,78.5
112,2026-06-20T15:41:49Z,KMSY,2026-06-20,gem_global,89.8,79.9
113,2026-06-20T15:41:49Z,KMSY,2026-06-21,gem_global,88.0,79.1
114,2026-06-20T15:41:49Z,KMSY,2026-06-22,gem_global,92.7,79.5
115,2026-06-20T15:41:49Z,KMSY,2026-06-20,ecmwf_ifs025,84.4,75.9
116,2026-06-20T15:41:49Z,KMSY,2026-06-21,ecmwf_ifs025,85.6,75.8
117,2026-06-20T15:41:49Z,KMSY,2026-06-22,ecmwf_ifs025,89.2,79.7
118,2026-06-20T15:41:49Z,KMSY,2026-06-20,ukmo_global_deterministic_10km,89.5,79.0
119,2026-06-20T15:41:49Z,KMSY,2026-06-21,ukmo_global_deterministic_10km,90.8,80.2
120,2026-06-20T15:41:49Z,KMSY,2026-06-22,ukmo_global_deterministic_10km,94.8,80.2
121,2026-06-20T15:41:49Z,KNYC,2026-06-20,gfs_seamless,83.8,65.9
122,2026-06-20T15:41:49Z,KNYC,2026-06-21,gfs_seamless,82.7,65.6
123,2026-06-20T15:41:49Z,KNYC,2026-06-22,gfs_seamless,68.9,62.6
124,2026-06-20T15:41:49Z,KNYC,2026-06-20,icon_global,81.6,65.8
125,2026-06-20T15:41:49Z,KNYC,2026-06-21,icon_global,80.7,68.7
126,2026-06-20T15:41:49Z,KNYC,2026-06-22,icon_global,72.6,69.5
127,2026-06-20T15:41:49Z,KNYC,2026-06-20,gem_global,81.0,67.1
128,2026-06-20T15:41:49Z,KNYC,2026-06-21,gem_global,81.5,61.7
129,2026-06-20T15:41:49Z,KNYC,2026-06-22,gem_global,81.3,60.5
130,2026-06-20T15:41:49Z,KNYC,2026-06-20,ecmwf_ifs025,85.2,66.8
131,2026-06-20T15:41:49Z,KNYC,2026-06-21,ecmwf_ifs025,85.7,66.6
132,2026-06-20T15:41:49Z,KNYC,2026-06-22,ecmwf_ifs025,75.0,68.5
133,2026-06-20T15:41:49Z,KNYC,2026-06-20,ukmo_global_deterministic_10km,82.2,66.7
134,2026-06-20T15:41:49Z,KNYC,2026-06-21,ukmo_global_deterministic_10km,80.3,68.7
135,2026-06-20T15:41:49Z,KNYC,2026-06-22,ukmo_global_deterministic_10km,76.3,69.5
136,2026-06-20T15:41:49Z,KOKC,2026-06-20,gfs_seamless,89.4,66.9
137,2026-06-20T15:41:49Z,KOKC,2026-06-21,gfs_seamless,94.8,73.4
138,2026-06-20T15:41:49Z,KOKC,2026-06-22,gfs_seamless,81.6,69.3
139,2026-06-20T15:41:49Z,KOKC,2026-06-20,icon_global,89.0,70.2
140,2026-06-20T15:41:49Z,KOKC,2026-06-21,icon_global,93.9,75.2
141,2026-06-20T15:41:49Z,KOKC,2026-06-22,icon_global,79.7,71.0
142,2026-06-20T15:41:49Z,KOKC,2026-06-20,gem_global,85.7,68.1
143,2026-06-20T15:41:49Z,KOKC,2026-06-21,gem_global,93.3,71.5
144,2026-06-20T15:41:49Z,KOKC,2026-06-22,gem_global,76.5,68.4
145,2026-06-20T15:41:49Z,KOKC,2026-06-20,ecmwf_ifs025,88.3,69.2
146,2026-06-20T15:41:49Z,KOKC,2026-06-21,ecmwf_ifs025,94.3,75.9
147,2026-06-20T15:41:49Z,KOKC,2026-06-22,ecmwf_ifs025,86.2,71.4
148,2026-06-20T15:41:49Z,KOKC,2026-06-20,ukmo_global_deterministic_10km,89.1,69.5
149,2026-06-20T15:41:49Z,KOKC,2026-06-21,ukmo_global_deterministic_10km,96.3,75.4
150,2026-06-20T15:41:49Z,KOKC,2026-06-22,ukmo_global_deterministic_10km,92.5,72.1
151,2026-06-20T15:41:49Z,KPHX,2026-06-20,gfs_seamless,106.8,79.7
152,2026-06-20T15:41:49Z,KPHX,2026-06-21,gfs_seamless,105.2,72.9
153,2026-06-20T15:41:49Z,KPHX,2026-06-22,gfs_seamless,106.3,77.2
154,2026-06-20T15:41:49Z,KPHX,2026-06-20,icon_global,103.3,79.3
155,2026-06-20T15:41:49Z,KPHX,2026-06-21,icon_global,104.8,78.0
156,2026-06-20T15:41:49Z,KPHX,2026-06-22,icon_global,107.4,79.1
157,2026-06-20T15:41:49Z,KPHX,2026-06-20,gem_global,101.2,60.8
158,2026-06-20T15:41:49Z,KPHX,2026-06-21,gem_global,102.8,58.5
159,2026-06-20T15:41:49Z,KPHX,2026-06-22,gem_global,104.9,59.5
160,2026-06-20T15:41:49Z,KPHX,2026-06-20,ecmwf_ifs025,103.9,82.0
161,2026-06-20T15:41:49Z,KPHX,2026-06-21,ecmwf_ifs025,105.3,81.1
162,2026-06-20T15:41:49Z,KPHX,2026-06-22,ecmwf_ifs025,108.2,82.1
163,2026-06-20T15:41:49Z,KPHX,2026-06-20,ukmo_global_deterministic_10km,102.3,77.2
164,2026-06-20T15:41:49Z,KPHX,2026-06-21,ukmo_global_deterministic_10km,102.8,75.3
165,2026-06-20T15:41:49Z,KPHX,2026-06-22,ukmo_global_deterministic_10km,106.3,74.7
166,2026-06-20T15:41:49Z,KSAT,2026-06-20,gfs_seamless,84.4,71.6
167,2026-06-20T15:41:49Z,KSAT,2026-06-21,gfs_seamless,88.5,75.1
168,2026-06-20T15:41:49Z,KSAT,2026-06-22,gfs_seamless,94.5,75.8
169,2026-06-20T15:41:49Z,KSAT,2026-06-20,icon_global,83.5,77.6
170,2026-06-20T15:41:49Z,KSAT,2026-06-21,icon_global,91.5,76.1
171,2026-06-20T15:41:49Z,KSAT,2026-06-22,icon_global,93.0,78.0
172,2026-06-20T15:41:49Z,KSAT,2026-06-20,gem_global,92.9,79.2
173,2026-06-20T15:41:49Z,KSAT,2026-06-21,gem_global,94.2,78.0
174,2026-06-20T15:41:49Z,KSAT,2026-06-22,gem_global,95.1,77.7
175,2026-06-20T15:41:49Z,KSAT,2026-06-20,ecmwf_ifs025,86.5,72.0
176,2026-06-20T15:41:49Z,KSAT,2026-06-21,ecmwf_ifs025,87.4,73.8
177,2026-06-20T15:41:49Z,KSAT,2026-06-22,ecmwf_ifs025,90.6,75.8
178,2026-06-20T15:41:49Z,KSAT,2026-06-20,ukmo_global_deterministic_10km,91.9,76.2
179,2026-06-20T15:41:49Z,KSAT,2026-06-21,ukmo_global_deterministic_10km,92.9,76.0
180,2026-06-20T15:41:49Z,KSAT,2026-06-22,ukmo_global_deterministic_10km,97.5,78.5
181,2026-06-20T15:41:49Z,KSFO,2026-06-20,gfs_seamless,68.7,56.8
182,2026-06-20T15:41:49Z,KSFO,2026-06-21,gfs_seamless,65.7,53.8
183,2026-06-20T15:41:49Z,KSFO,2026-06-22,gfs_seamless,69.2,53.6
184,2026-06-20T15:41:49Z,KSFO,2026-06-20,icon_global,69.9,58.5
185,2026-06-20T15:41:49Z,KSFO,2026-06-21,icon_global,69.2,55.2
186,2026-06-20T15:41:49Z,KSFO,2026-06-22,icon_global,67.2,54.8
187,2026-06-20T15:41:49Z,KSFO,2026-06-20,gem_global,64.4,56.7
188,2026-06-20T15:41:49Z,KSFO,2026-06-21,gem_global,62.0,55.8
189,2026-06-20T15:41:49Z,KSFO,2026-06-22,gem_global,63.8,56.0
190,2026-06-20T15:41:49Z,KSFO,2026-06-20,ecmwf_ifs025,65.0,56.3
191,2026-06-20T15:41:49Z,KSFO,2026-06-21,ecmwf_ifs025,64.2,53.9
192,2026-06-20T15:41:49Z,KSFO,2026-06-22,ecmwf_ifs025,64.4,54.7
193,2026-06-20T15:41:49Z,KSFO,2026-06-20,ukmo_global_deterministic_10km,70.0,57.4
194,2026-06-20T15:41:49Z,KSFO,2026-06-21,ukmo_global_deterministic_10km,68.0,55.7
195,2026-06-20T15:41:49Z,KSFO,2026-06-22,ukmo_global_deterministic_10km,67.7,55.0
1,2026-06-20T16:41:41Z,KATL,2026-06-20,gfs_seamless,89.2,71.4
2,2026-06-20T16:41:41Z,KATL,2026-06-21,gfs_seamless,85.6,68.7
3,2026-06-20T16:41:41Z,KATL,2026-06-22,gfs_seamless,92.0,72.5
4,2026-06-20T16:41:41Z,KATL,2026-06-20,icon_global,84.4,71.6
5,2026-06-20T16:41:41Z,KATL,2026-06-21,icon_global,89.4,70.2
6,2026-06-20T16:41:41Z,KATL,2026-06-22,icon_global,86.6,73.3
7,2026-06-20T16:41:41Z,KATL,2026-06-20,gem_global,80.6,69.8
8,2026-06-20T16:41:41Z,KATL,2026-06-21,gem_global,85.5,66.6
9,2026-06-20T16:41:41Z,KATL,2026-06-22,gem_global,84.7,70.4
10,2026-06-20T16:41:41Z,KATL,2026-06-20,ecmwf_ifs025,77.3,70.2
11,2026-06-20T16:41:41Z,KATL,2026-06-21,ecmwf_ifs025,87.0,69.3
12,2026-06-20T16:41:41Z,KATL,2026-06-22,ecmwf_ifs025,87.1,71.4
13,2026-06-20T16:41:41Z,KATL,2026-06-20,ukmo_global_deterministic_10km,85.2,73.5
14,2026-06-20T16:41:41Z,KATL,2026-06-21,ukmo_global_deterministic_10km,89.1,72.3
15,2026-06-20T16:41:41Z,KATL,2026-06-22,ukmo_global_deterministic_10km,91.0,75.3
16,2026-06-20T16:41:41Z,KAUS,2026-06-20,gfs_seamless,86.9,73.8
17,2026-06-20T16:41:41Z,KAUS,2026-06-21,gfs_seamless,88.8,74.7
18,2026-06-20T16:41:41Z,KAUS,2026-06-22,gfs_seamless,95.7,77.6
19,2026-06-20T16:41:41Z,KAUS,2026-06-20,icon_global,85.0,76.3
20,2026-06-20T16:41:41Z,KAUS,2026-06-21,icon_global,89.6,76.6
21,2026-06-20T16:41:41Z,KAUS,2026-06-22,icon_global,92.2,79.0
22,2026-06-20T16:41:41Z,KAUS,2026-06-20,gem_global,88.2,79.3
23,2026-06-20T16:41:41Z,KAUS,2026-06-21,gem_global,94.3,77.5
24,2026-06-20T16:41:41Z,KAUS,2026-06-22,gem_global,96.4,78.9
25,2026-06-20T16:41:41Z,KAUS,2026-06-20,ecmwf_ifs025,89.4,73.5
26,2026-06-20T16:41:41Z,KAUS,2026-06-21,ecmwf_ifs025,88.1,73.7
27,2026-06-20T16:41:41Z,KAUS,2026-06-22,ecmwf_ifs025,92.5,77.3
28,2026-06-20T16:41:41Z,KAUS,2026-06-20,ukmo_global_deterministic_10km,90.8,76.5
29,2026-06-20T16:41:41Z,KAUS,2026-06-21,ukmo_global_deterministic_10km,89.2,77.0
30,2026-06-20T16:41:41Z,KAUS,2026-06-22,ukmo_global_deterministic_10km,97.4,79.1
31,2026-06-20T16:41:41Z,KBOS,2026-06-20,gfs_seamless,79.1,60.4
32,2026-06-20T16:41:41Z,KBOS,2026-06-21,gfs_seamless,80.8,58.9
33,2026-06-20T16:41:41Z,KBOS,2026-06-22,gfs_seamless,72.2,58.5
34,2026-06-20T16:41:41Z,KBOS,2026-06-20,icon_global,77.9,63.4
35,2026-06-20T16:41:41Z,KBOS,2026-06-21,icon_global,82.6,62.3
36,2026-06-20T16:41:41Z,KBOS,2026-06-22,icon_global,71.6,63.6
37,2026-06-20T16:41:41Z,KBOS,2026-06-20,gem_global,75.0,64.8
38,2026-06-20T16:41:41Z,KBOS,2026-06-21,gem_global,71.7,62.5
39,2026-06-20T16:41:41Z,KBOS,2026-06-22,gem_global,72.7,60.6
40,2026-06-20T16:41:41Z,KBOS,2026-06-20,ecmwf_ifs025,81.9,64.8
41,2026-06-20T16:41:41Z,KBOS,2026-06-21,ecmwf_ifs025,84.2,61.6
42,2026-06-20T16:41:41Z,KBOS,2026-06-22,ecmwf_ifs025,76.4,63.2
43,2026-06-20T16:41:41Z,KBOS,2026-06-20,ukmo_global_deterministic_10km,78.5,64.7
44,2026-06-20T16:41:41Z,KBOS,2026-06-21,ukmo_global_deterministic_10km,78.6,63.5
45,2026-06-20T16:41:41Z,KBOS,2026-06-22,ukmo_global_deterministic_10km,77.4,65.1
226,2026-06-20T16:41:41Z,KDCA,2026-06-20,gfs_seamless,89.1,64.4
227,2026-06-20T16:41:41Z,KDCA,2026-06-21,gfs_seamless,90.7,64.1
228,2026-06-20T16:41:41Z,KDCA,2026-06-22,gfs_seamless,95.1,70.0
229,2026-06-20T16:41:41Z,KDCA,2026-06-20,icon_global,87.8,67.6
230,2026-06-20T16:41:41Z,KDCA,2026-06-21,icon_global,87.3,70.3
231,2026-06-20T16:41:41Z,KDCA,2026-06-22,icon_global,95.3,72.3
232,2026-06-20T16:41:41Z,KDCA,2026-06-20,gem_global,85.3,67.2
233,2026-06-20T16:41:41Z,KDCA,2026-06-21,gem_global,87.6,67.4
234,2026-06-20T16:41:41Z,KDCA,2026-06-22,gem_global,93.0,69.8
235,2026-06-20T16:41:41Z,KDCA,2026-06-20,ecmwf_ifs025,90.2,66.0
236,2026-06-20T16:41:41Z,KDCA,2026-06-21,ecmwf_ifs025,90.4,67.1
237,2026-06-20T16:41:41Z,KDCA,2026-06-22,ecmwf_ifs025,95.7,69.1
238,2026-06-20T16:41:41Z,KDCA,2026-06-20,ukmo_global_deterministic_10km,86.2,68.3
239,2026-06-20T16:41:41Z,KDCA,2026-06-21,ukmo_global_deterministic_10km,86.3,71.4
240,2026-06-20T16:41:41Z,KDCA,2026-06-22,ukmo_global_deterministic_10km,93.0,73.0
61,2026-06-20T16:41:41Z,KDEN,2026-06-20,gfs_seamless,91.6,54.1
62,2026-06-20T16:41:41Z,KDEN,2026-06-21,gfs_seamless,89.5,58.9
63,2026-06-20T16:41:41Z,KDEN,2026-06-22,gfs_seamless,86.6,50.3
64,2026-06-20T16:41:41Z,KDEN,2026-06-20,icon_global,93.0,54.3
65,2026-06-20T16:41:41Z,KDEN,2026-06-21,icon_global,89.3,53.9
66,2026-06-20T16:41:41Z,KDEN,2026-06-22,icon_global,87.5,55.0
67,2026-06-20T16:41:41Z,KDEN,2026-06-20,gem_global,88.3,52.6
68,2026-06-20T16:41:41Z,KDEN,2026-06-21,gem_global,86.0,55.4
69,2026-06-20T16:41:41Z,KDEN,2026-06-22,gem_global,85.5,52.4
70,2026-06-20T16:41:41Z,KDEN,2026-06-20,ecmwf_ifs025,90.5,55.3
71,2026-06-20T16:41:41Z,KDEN,2026-06-21,ecmwf_ifs025,92.6,63.0
72,2026-06-20T16:41:41Z,KDEN,2026-06-22,ecmwf_ifs025,84.0,58.9
73,2026-06-20T16:41:41Z,KDEN,2026-06-20,ukmo_global_deterministic_10km,94.6,57.1
74,2026-06-20T16:41:41Z,KDEN,2026-06-21,ukmo_global_deterministic_10km,91.2,60.2
75,2026-06-20T16:41:41Z,KDEN,2026-06-22,ukmo_global_deterministic_10km,87.1,54.2
46,2026-06-20T16:41:41Z,KDFW,2026-06-20,gfs_seamless,86.3,72.9
47,2026-06-20T16:41:41Z,KDFW,2026-06-21,gfs_seamless,93.6,73.9
48,2026-06-20T16:41:41Z,KDFW,2026-06-22,gfs_seamless,98.0,78.0
49,2026-06-20T16:41:41Z,KDFW,2026-06-20,icon_global,84.5,74.5
50,2026-06-20T16:41:41Z,KDFW,2026-06-21,icon_global,93.0,77.7
51,2026-06-20T16:41:41Z,KDFW,2026-06-22,icon_global,94.4,79.6
52,2026-06-20T16:41:41Z,KDFW,2026-06-20,gem_global,87.6,75.3
53,2026-06-20T16:41:41Z,KDFW,2026-06-21,gem_global,93.5,75.4
54,2026-06-20T16:41:41Z,KDFW,2026-06-22,gem_global,95.4,82.2
55,2026-06-20T16:41:41Z,KDFW,2026-06-20,ecmwf_ifs025,89.2,73.6
56,2026-06-20T16:41:41Z,KDFW,2026-06-21,ecmwf_ifs025,92.5,77.1
57,2026-06-20T16:41:41Z,KDFW,2026-06-22,ecmwf_ifs025,93.1,74.5
58,2026-06-20T16:41:41Z,KDFW,2026-06-20,ukmo_global_deterministic_10km,89.2,74.7
59,2026-06-20T16:41:41Z,KDFW,2026-06-21,ukmo_global_deterministic_10km,95.0,79.0
60,2026-06-20T16:41:41Z,KDFW,2026-06-22,ukmo_global_deterministic_10km,96.6,80.5
76,2026-06-20T16:41:41Z,KIAH,2026-06-20,gfs_seamless,83.7,74.2
77,2026-06-20T16:41:41Z,KIAH,2026-06-21,gfs_seamless,86.2,74.1
78,2026-06-20T16:41:41Z,KIAH,2026-06-22,gfs_seamless,95.8,77.7
79,2026-06-20T16:41:41Z,KIAH,2026-06-20,icon_global,84.8,78.0
80,2026-06-20T16:41:41Z,KIAH,2026-06-21,icon_global,85.7,77.2
81,2026-06-20T16:41:41Z,KIAH,2026-06-22,icon_global,91.3,78.1
82,2026-06-20T16:41:41Z,KIAH,2026-06-20,gem_global,86.6,79.6
83,2026-06-20T16:41:41Z,KIAH,2026-06-21,gem_global,89.0,76.4
84,2026-06-20T16:41:41Z,KIAH,2026-06-22,gem_global,93.3,80.5
85,2026-06-20T16:41:41Z,KIAH,2026-06-20,ecmwf_ifs025,84.8,72.1
86,2026-06-20T16:41:41Z,KIAH,2026-06-21,ecmwf_ifs025,87.4,73.4
87,2026-06-20T16:41:41Z,KIAH,2026-06-22,ecmwf_ifs025,90.6,78.9
88,2026-06-20T16:41:41Z,KIAH,2026-06-20,ukmo_global_deterministic_10km,91.7,76.8
89,2026-06-20T16:41:41Z,KIAH,2026-06-21,ukmo_global_deterministic_10km,87.0,79.4
90,2026-06-20T16:41:41Z,KIAH,2026-06-22,ukmo_global_deterministic_10km,95.8,80.4
91,2026-06-20T16:41:41Z,KLAX,2026-06-20,gfs_seamless,69.9,55.4
92,2026-06-20T16:41:41Z,KLAX,2026-06-21,gfs_seamless,69.1,56.2
93,2026-06-20T16:41:41Z,KLAX,2026-06-22,gfs_seamless,70.7,57.7
94,2026-06-20T16:41:41Z,KLAX,2026-06-20,icon_global,71.2,58.3
95,2026-06-20T16:41:41Z,KLAX,2026-06-21,icon_global,71.7,57.5
96,2026-06-20T16:41:41Z,KLAX,2026-06-22,icon_global,73.7,57.1
97,2026-06-20T16:41:41Z,KLAX,2026-06-20,gem_global,67.6,52.6
98,2026-06-20T16:41:41Z,KLAX,2026-06-21,gem_global,68.7,53.5
99,2026-06-20T16:41:41Z,KLAX,2026-06-22,gem_global,70.5,56.1
100,2026-06-20T16:41:41Z,KLAX,2026-06-20,ecmwf_ifs025,74.2,58.5
101,2026-06-20T16:41:41Z,KLAX,2026-06-21,ecmwf_ifs025,75.5,59.1
102,2026-06-20T16:41:41Z,KLAX,2026-06-22,ecmwf_ifs025,79.5,59.7
103,2026-06-20T16:41:41Z,KLAX,2026-06-20,ukmo_global_deterministic_10km,66.7,57.1
104,2026-06-20T16:41:41Z,KLAX,2026-06-21,ukmo_global_deterministic_10km,66.5,60.5
105,2026-06-20T16:41:41Z,KLAX,2026-06-22,ukmo_global_deterministic_10km,70.4,61.6
106,2026-06-20T16:41:41Z,KMIA,2026-06-20,gfs_seamless,92.9,75.9
107,2026-06-20T16:41:41Z,KMIA,2026-06-21,gfs_seamless,92.2,76.0
108,2026-06-20T16:41:41Z,KMIA,2026-06-22,gfs_seamless,94.1,77.0
109,2026-06-20T16:41:41Z,KMIA,2026-06-20,icon_global,90.2,75.1
110,2026-06-20T16:41:41Z,KMIA,2026-06-21,icon_global,92.8,76.4
111,2026-06-20T16:41:41Z,KMIA,2026-06-22,icon_global,93.1,76.8
112,2026-06-20T16:41:41Z,KMIA,2026-06-20,gem_global,91.0,75.1
113,2026-06-20T16:41:41Z,KMIA,2026-06-21,gem_global,88.0,74.3
114,2026-06-20T16:41:41Z,KMIA,2026-06-22,gem_global,88.8,75.4
115,2026-06-20T16:41:41Z,KMIA,2026-06-20,ecmwf_ifs025,89.1,78.4
116,2026-06-20T16:41:41Z,KMIA,2026-06-21,ecmwf_ifs025,89.0,77.8
117,2026-06-20T16:41:41Z,KMIA,2026-06-22,ecmwf_ifs025,90.5,80.6
118,2026-06-20T16:41:41Z,KMIA,2026-06-20,ukmo_global_deterministic_10km,89.7,80.9
119,2026-06-20T16:41:41Z,KMIA,2026-06-21,ukmo_global_deterministic_10km,92.6,79.3
120,2026-06-20T16:41:41Z,KMIA,2026-06-22,ukmo_global_deterministic_10km,94.1,82.4
121,2026-06-20T16:41:41Z,KMSP,2026-06-20,gfs_seamless,75.5,53.0
122,2026-06-20T16:41:41Z,KMSP,2026-06-21,gfs_seamless,75.6,56.3
123,2026-06-20T16:41:41Z,KMSP,2026-06-22,gfs_seamless,79.2,55.9
124,2026-06-20T16:41:41Z,KMSP,2026-06-20,icon_global,72.8,53.9
125,2026-06-20T16:41:41Z,KMSP,2026-06-21,icon_global,72.0,56.9
126,2026-06-20T16:41:41Z,KMSP,2026-06-22,icon_global,74.8,55.1
127,2026-06-20T16:41:41Z,KMSP,2026-06-20,gem_global,73.4,52.3
128,2026-06-20T16:41:41Z,KMSP,2026-06-21,gem_global,78.5,52.8
129,2026-06-20T16:41:41Z,KMSP,2026-06-22,gem_global,80.6,58.4
130,2026-06-20T16:41:41Z,KMSP,2026-06-20,ecmwf_ifs025,72.7,54.5
131,2026-06-20T16:41:41Z,KMSP,2026-06-21,ecmwf_ifs025,75.1,55.2
132,2026-06-20T16:41:41Z,KMSP,2026-06-22,ecmwf_ifs025,76.4,56.4
133,2026-06-20T16:41:41Z,KMSP,2026-06-20,ukmo_global_deterministic_10km,75.5,57.0
134,2026-06-20T16:41:41Z,KMSP,2026-06-21,ukmo_global_deterministic_10km,76.0,61.4
135,2026-06-20T16:41:41Z,KMSP,2026-06-22,ukmo_global_deterministic_10km,76.3,59.4
136,2026-06-20T16:41:41Z,KMSY,2026-06-20,gfs_seamless,89.5,74.2
137,2026-06-20T16:41:41Z,KMSY,2026-06-21,gfs_seamless,85.0,74.8
138,2026-06-20T16:41:41Z,KMSY,2026-06-22,gfs_seamless,93.9,74.7
139,2026-06-20T16:41:41Z,KMSY,2026-06-20,icon_global,87.4,78.6
140,2026-06-20T16:41:41Z,KMSY,2026-06-21,icon_global,90.1,78.2
141,2026-06-20T16:41:41Z,KMSY,2026-06-22,icon_global,95.6,79.4
142,2026-06-20T16:41:41Z,KMSY,2026-06-20,gem_global,89.8,79.9
143,2026-06-20T16:41:41Z,KMSY,2026-06-21,gem_global,88.0,79.1
144,2026-06-20T16:41:41Z,KMSY,2026-06-22,gem_global,92.7,79.5
145,2026-06-20T16:41:41Z,KMSY,2026-06-20,ecmwf_ifs025,84.4,75.9
146,2026-06-20T16:41:41Z,KMSY,2026-06-21,ecmwf_ifs025,85.6,75.8
147,2026-06-20T16:41:41Z,KMSY,2026-06-22,ecmwf_ifs025,89.2,79.7
148,2026-06-20T16:41:41Z,KMSY,2026-06-20,ukmo_global_deterministic_10km,89.5,79.0
149,2026-06-20T16:41:41Z,KMSY,2026-06-21,ukmo_global_deterministic_10km,90.8,80.2
150,2026-06-20T16:41:41Z,KMSY,2026-06-22,ukmo_global_deterministic_10km,94.8,80.2
151,2026-06-20T16:41:41Z,KNYC,2026-06-20,gfs_seamless,83.8,65.9
152,2026-06-20T16:41:41Z,KNYC,2026-06-21,gfs_seamless,82.7,65.6
153,2026-06-20T16:41:41Z,KNYC,2026-06-22,gfs_seamless,68.9,62.6
154,2026-06-20T16:41:41Z,KNYC,2026-06-20,icon_global,82.4,65.8
155,2026-06-20T16:41:41Z,KNYC,2026-06-21,icon_global,82.4,69.0
156,2026-06-20T16:41:41Z,KNYC,2026-06-22,icon_global,73.3,69.1
157,2026-06-20T16:41:41Z,KNYC,2026-06-20,gem_global,81.0,67.1
158,2026-06-20T16:41:41Z,KNYC,2026-06-21,gem_global,81.5,61.7
159,2026-06-20T16:41:41Z,KNYC,2026-06-22,gem_global,81.3,60.5
160,2026-06-20T16:41:41Z,KNYC,2026-06-20,ecmwf_ifs025,85.2,66.8
161,2026-06-20T16:41:41Z,KNYC,2026-06-21,ecmwf_ifs025,85.7,66.6
162,2026-06-20T16:41:41Z,KNYC,2026-06-22,ecmwf_ifs025,75.0,68.5
163,2026-06-20T16:41:41Z,KNYC,2026-06-20,ukmo_global_deterministic_10km,82.2,66.7
164,2026-06-20T16:41:41Z,KNYC,2026-06-21,ukmo_global_deterministic_10km,80.3,68.7
165,2026-06-20T16:41:41Z,KNYC,2026-06-22,ukmo_global_deterministic_10km,76.3,69.5
166,2026-06-20T16:41:41Z,KPHL,2026-06-20,gfs_seamless,84.3,66.6
167,2026-06-20T16:41:41Z,KPHL,2026-06-21,gfs_seamless,85.8,62.7
168,2026-06-20T16:41:41Z,KPHL,2026-06-22,gfs_seamless,72.9,68.2
169,2026-06-20T16:41:41Z,KPHL,2026-06-20,icon_global,84.1,67.1
170,2026-06-20T16:41:41Z,KPHL,2026-06-21,icon_global,86.1,68.5
171,2026-06-20T16:41:41Z,KPHL,2026-06-22,icon_global,90.7,71.3
172,2026-06-20T16:41:41Z,KPHL,2026-06-20,gem_global,83.8,68.3
173,2026-06-20T16:41:41Z,KPHL,2026-06-21,gem_global,85.7,64.3
174,2026-06-20T16:41:41Z,KPHL,2026-06-22,gem_global,88.0,64.1
175,2026-06-20T16:41:41Z,KPHL,2026-06-20,ecmwf_ifs025,84.8,66.9
176,2026-06-20T16:41:41Z,KPHL,2026-06-21,ecmwf_ifs025,84.7,65.3
177,2026-06-20T16:41:41Z,KPHL,2026-06-22,ecmwf_ifs025,89.6,65.6
178,2026-06-20T16:41:41Z,KPHL,2026-06-20,ukmo_global_deterministic_10km,82.0,68.3
179,2026-06-20T16:41:41Z,KPHL,2026-06-21,ukmo_global_deterministic_10km,83.7,68.8
180,2026-06-20T16:41:41Z,KPHL,2026-06-22,ukmo_global_deterministic_10km,91.1,72.1
181,2026-06-20T16:41:41Z,KPHX,2026-06-20,gfs_seamless,106.8,79.7
182,2026-06-20T16:41:41Z,KPHX,2026-06-21,gfs_seamless,105.2,72.9
183,2026-06-20T16:41:41Z,KPHX,2026-06-22,gfs_seamless,106.3,77.2
184,2026-06-20T16:41:41Z,KPHX,2026-06-20,icon_global,102.9,78.7
185,2026-06-20T16:41:41Z,KPHX,2026-06-21,icon_global,104.6,78.2
186,2026-06-20T16:41:41Z,KPHX,2026-06-22,icon_global,107.5,79.0
187,2026-06-20T16:41:41Z,KPHX,2026-06-20,gem_global,101.2,60.8
188,2026-06-20T16:41:41Z,KPHX,2026-06-21,gem_global,102.8,58.5
189,2026-06-20T16:41:41Z,KPHX,2026-06-22,gem_global,104.9,59.5
190,2026-06-20T16:41:41Z,KPHX,2026-06-20,ecmwf_ifs025,103.9,82.0
191,2026-06-20T16:41:41Z,KPHX,2026-06-21,ecmwf_ifs025,105.3,81.1
192,2026-06-20T16:41:41Z,KPHX,2026-06-22,ecmwf_ifs025,108.2,82.1
193,2026-06-20T16:41:41Z,KPHX,2026-06-20,ukmo_global_deterministic_10km,102.3,77.2
194,2026-06-20T16:41:41Z,KPHX,2026-06-21,ukmo_global_deterministic_10km,102.8,75.3
195,2026-06-20T16:41:41Z,KPHX,2026-06-22,ukmo_global_deterministic_10km,106.3,74.7
196,2026-06-20T16:41:41Z,KSAT,2026-06-20,gfs_seamless,84.4,71.6
197,2026-06-20T16:41:41Z,KSAT,2026-06-21,gfs_seamless,88.5,75.1
198,2026-06-20T16:41:41Z,KSAT,2026-06-22,gfs_seamless,94.5,75.8
199,2026-06-20T16:41:41Z,KSAT,2026-06-20,icon_global,81.8,75.8
200,2026-06-20T16:41:41Z,KSAT,2026-06-21,icon_global,92.1,75.8
201,2026-06-20T16:41:41Z,KSAT,2026-06-22,icon_global,93.3,78.2
202,2026-06-20T16:41:41Z,KSAT,2026-06-20,gem_global,92.9,79.2
203,2026-06-20T16:41:41Z,KSAT,2026-06-21,gem_global,94.2,78.0
204,2026-06-20T16:41:41Z,KSAT,2026-06-22,gem_global,95.1,77.7
205,2026-06-20T16:41:41Z,KSAT,2026-06-20,ecmwf_ifs025,86.5,72.0
206,2026-06-20T16:41:41Z,KSAT,2026-06-21,ecmwf_ifs025,87.4,73.8
207,2026-06-20T16:41:41Z,KSAT,2026-06-22,ecmwf_ifs025,90.6,75.8
208,2026-06-20T16:41:41Z,KSAT,2026-06-20,ukmo_global_deterministic_10km,91.9,76.2
209,2026-06-20T16:41:41Z,KSAT,2026-06-21,ukmo_global_deterministic_10km,92.9,76.0
210,2026-06-20T16:41:41Z,KSAT,2026-06-22,ukmo_global_deterministic_10km,97.5,78.5
211,2026-06-20T16:41:41Z,KSEA,2026-06-20,gfs_seamless,70.0,53.4
212,2026-06-20T16:41:41Z,KSEA,2026-06-21,gfs_seamless,76.6,50.7
213,2026-06-20T16:41:41Z,KSEA,2026-06-22,gfs_seamless,83.8,56.0
214,2026-06-20T16:41:41Z,KSEA,2026-06-20,icon_global,68.0,54.8
215,2026-06-20T16:41:41Z,KSEA,2026-06-21,icon_global,74.0,53.9
216,2026-06-20T16:41:41Z,KSEA,2026-06-22,icon_global,81.5,57.5
217,2026-06-20T16:41:41Z,KSEA,2026-06-20,gem_global,73.1,54.0
218,2026-06-20T16:41:41Z,KSEA,2026-06-21,gem_global,76.0,51.1
219,2026-06-20T16:41:41Z,KSEA,2026-06-22,gem_global,81.3,53.0
220,2026-06-20T16:41:41Z,KSEA,2026-06-20,ecmwf_ifs025,72.8,54.4
221,2026-06-20T16:41:41Z,KSEA,2026-06-21,ecmwf_ifs025,77.0,53.0
222,2026-06-20T16:41:41Z,KSEA,2026-06-22,ecmwf_ifs025,82.5,59.2
223,2026-06-20T16:41:41Z,KSEA,2026-06-20,ukmo_global_deterministic_10km,75.2,55.1
224,2026-06-20T16:41:41Z,KSEA,2026-06-21,ukmo_global_deterministic_10km,79.7,55.1
225,2026-06-20T16:41:41Z,KSEA,2026-06-22,ukmo_global_deterministic_10km,83.4,63.8
1,2026-06-20T17:39:44Z,KATL,2026-06-20,gfs_seamless,89.1,71.4
2,2026-06-20T17:39:44Z,KATL,2026-06-21,gfs_seamless,85.6,68.7
3,2026-06-20T17:39:44Z,KATL,2026-06-22,gfs_seamless,92.0,72.6
4,2026-06-20T17:39:44Z,KATL,2026-06-20,icon_global,84.4,71.6
5,2026-06-20T17:39:44Z,KATL,2026-06-21,icon_global,89.4,70.2
6,2026-06-20T17:39:44Z,KATL,2026-06-22,icon_global,86.6,73.3
7,2026-06-20T17:39:44Z,KATL,2026-06-20,gem_global,80.6,69.8
8,2026-06-20T17:39:44Z,KATL,2026-06-21,gem_global,85.5,66.6
9,2026-06-20T17:39:44Z,KATL,2026-06-22,gem_global,84.7,70.4
10,2026-06-20T17:39:44Z,KATL,2026-06-20,ecmwf_ifs025,77.3,70.2
11,2026-06-20T17:39:44Z,KATL,2026-06-21,ecmwf_ifs025,87.0,69.3
12,2026-06-20T17:39:44Z,KATL,2026-06-22,ecmwf_ifs025,87.1,71.4
13,2026-06-20T17:39:44Z,KATL,2026-06-20,ukmo_global_deterministic_10km,85.2,73.5
14,2026-06-20T17:39:44Z,KATL,2026-06-21,ukmo_global_deterministic_10km,89.1,72.3
15,2026-06-20T17:39:44Z,KATL,2026-06-22,ukmo_global_deterministic_10km,91.0,75.3
16,2026-06-20T17:39:44Z,KAUS,2026-06-20,gfs_seamless,87.5,73.8
17,2026-06-20T17:39:44Z,KAUS,2026-06-21,gfs_seamless,88.8,75.6
18,2026-06-20T17:39:44Z,KAUS,2026-06-22,gfs_seamless,95.5,77.1
19,2026-06-20T17:39:44Z,KAUS,2026-06-20,icon_global,85.0,76.3
20,2026-06-20T17:39:44Z,KAUS,2026-06-21,icon_global,89.6,76.6
21,2026-06-20T17:39:44Z,KAUS,2026-06-22,icon_global,92.2,79.0
22,2026-06-20T17:39:44Z,KAUS,2026-06-20,gem_global,88.2,79.3
23,2026-06-20T17:39:44Z,KAUS,2026-06-21,gem_global,94.3,77.5
24,2026-06-20T17:39:44Z,KAUS,2026-06-22,gem_global,96.4,78.9
25,2026-06-20T17:39:44Z,KAUS,2026-06-20,ecmwf_ifs025,89.4,73.5
26,2026-06-20T17:39:44Z,KAUS,2026-06-21,ecmwf_ifs025,88.1,73.7
27,2026-06-20T17:39:44Z,KAUS,2026-06-22,ecmwf_ifs025,92.5,77.3
28,2026-06-20T17:39:44Z,KAUS,2026-06-20,ukmo_global_deterministic_10km,90.8,76.5
29,2026-06-20T17:39:44Z,KAUS,2026-06-21,ukmo_global_deterministic_10km,89.2,77.0
30,2026-06-20T17:39:44Z,KAUS,2026-06-22,ukmo_global_deterministic_10km,97.4,79.1
61,2026-06-20T17:39:44Z,KDEN,2026-06-20,gfs_seamless,90.2,54.1
62,2026-06-20T17:39:44Z,KDEN,2026-06-21,gfs_seamless,89.5,58.9
63,2026-06-20T17:39:44Z,KDEN,2026-06-22,gfs_seamless,85.4,51.8
64,2026-06-20T17:39:44Z,KDEN,2026-06-20,icon_global,93.0,54.3
65,2026-06-20T17:39:44Z,KDEN,2026-06-21,icon_global,89.3,53.9
66,2026-06-20T17:39:44Z,KDEN,2026-06-22,icon_global,87.5,55.0
67,2026-06-20T17:39:44Z,KDEN,2026-06-20,gem_global,88.3,52.6
68,2026-06-20T17:39:44Z,KDEN,2026-06-21,gem_global,86.0,55.4
69,2026-06-20T17:39:44Z,KDEN,2026-06-22,gem_global,85.5,52.4
70,2026-06-20T17:39:44Z,KDEN,2026-06-20,ecmwf_ifs025,90.5,55.3
71,2026-06-20T17:39:44Z,KDEN,2026-06-21,ecmwf_ifs025,92.6,63.0
72,2026-06-20T17:39:44Z,KDEN,2026-06-22,ecmwf_ifs025,84.0,58.9
73,2026-06-20T17:39:44Z,KDEN,2026-06-20,ukmo_global_deterministic_10km,94.6,57.1
74,2026-06-20T17:39:44Z,KDEN,2026-06-21,ukmo_global_deterministic_10km,91.2,60.2
75,2026-06-20T17:39:44Z,KDEN,2026-06-22,ukmo_global_deterministic_10km,87.1,54.2
46,2026-06-20T17:39:44Z,KDFW,2026-06-20,gfs_seamless,87.1,72.9
47,2026-06-20T17:39:44Z,KDFW,2026-06-21,gfs_seamless,93.6,73.9
48,2026-06-20T17:39:44Z,KDFW,2026-06-22,gfs_seamless,98.1,78.0
49,2026-06-20T17:39:44Z,KDFW,2026-06-20,icon_global,84.5,74.5
50,2026-06-20T17:39:44Z,KDFW,2026-06-21,icon_global,93.0,77.7
51,2026-06-20T17:39:44Z,KDFW,2026-06-22,icon_global,94.4,79.6
52,2026-06-20T17:39:44Z,KDFW,2026-06-20,gem_global,87.6,75.3
53,2026-06-20T17:39:44Z,KDFW,2026-06-21,gem_global,93.5,75.4
54,2026-06-20T17:39:44Z,KDFW,2026-06-22,gem_global,95.4,82.2
55,2026-06-20T17:39:44Z,KDFW,2026-06-20,ecmwf_ifs025,89.2,73.6
56,2026-06-20T17:39:44Z,KDFW,2026-06-21,ecmwf_ifs025,92.5,77.1
57,2026-06-20T17:39:44Z,KDFW,2026-06-22,ecmwf_ifs025,93.1,74.5
58,2026-06-20T17:39:44Z,KDFW,2026-06-20,ukmo_global_deterministic_10km,89.2,74.7
59,2026-06-20T17:39:44Z,KDFW,2026-06-21,ukmo_global_deterministic_10km,95.0,79.0
60,2026-06-20T17:39:44Z,KDFW,2026-06-22,ukmo_global_deterministic_10km,96.6,80.5
76,2026-06-20T17:39:44Z,KLAS,2026-06-20,gfs_seamless,103.0,77.2
77,2026-06-20T17:39:44Z,KLAS,2026-06-21,gfs_seamless,104.1,71.1
78,2026-06-20T17:39:44Z,KLAS,2026-06-22,gfs_seamless,104.8,77.1
79,2026-06-20T17:39:44Z,KLAS,2026-06-20,icon_global,102.1,79.1
80,2026-06-20T17:39:44Z,KLAS,2026-06-21,icon_global,102.5,74.9
81,2026-06-20T17:39:44Z,KLAS,2026-06-22,icon_global,105.7,75.3
82,2026-06-20T17:39:44Z,KLAS,2026-06-20,gem_global,98.1,60.5
83,2026-06-20T17:39:44Z,KLAS,2026-06-21,gem_global,99.0,59.4
84,2026-06-20T17:39:44Z,KLAS,2026-06-22,gem_global,103.2,62.5
85,2026-06-20T17:39:44Z,KLAS,2026-06-20,ecmwf_ifs025,100.7,74.5
86,2026-06-20T17:39:44Z,KLAS,2026-06-21,ecmwf_ifs025,102.0,74.2
87,2026-06-20T17:39:44Z,KLAS,2026-06-22,ecmwf_ifs025,105.0,75.4
88,2026-06-20T17:39:44Z,KLAS,2026-06-20,ukmo_global_deterministic_10km,102.7,76.2
89,2026-06-20T17:39:44Z,KLAS,2026-06-21,ukmo_global_deterministic_10km,103.5,74.8
90,2026-06-20T17:39:44Z,KLAS,2026-06-22,ukmo_global_deterministic_10km,106.0,75.1
91,2026-06-20T17:39:44Z,KLAX,2026-06-20,gfs_seamless,69.5,55.4
92,2026-06-20T17:39:44Z,KLAX,2026-06-21,gfs_seamless,69.1,56.2
93,2026-06-20T17:39:44Z,KLAX,2026-06-22,gfs_seamless,70.5,57.7
94,2026-06-20T17:39:44Z,KLAX,2026-06-20,icon_global,71.2,58.3
95,2026-06-20T17:39:44Z,KLAX,2026-06-21,icon_global,71.7,57.5
96,2026-06-20T17:39:44Z,KLAX,2026-06-22,icon_global,73.7,57.1
97,2026-06-20T17:39:44Z,KLAX,2026-06-20,gem_global,67.6,52.6
98,2026-06-20T17:39:44Z,KLAX,2026-06-21,gem_global,68.7,53.5
99,2026-06-20T17:39:44Z,KLAX,2026-06-22,gem_global,70.5,56.1
100,2026-06-20T17:39:44Z,KLAX,2026-06-20,ecmwf_ifs025,74.2,58.5
101,2026-06-20T17:39:44Z,KLAX,2026-06-21,ecmwf_ifs025,75.5,59.1
102,2026-06-20T17:39:44Z,KLAX,2026-06-22,ecmwf_ifs025,79.5,59.7
103,2026-06-20T17:39:44Z,KLAX,2026-06-20,ukmo_global_deterministic_10km,66.7,57.1
104,2026-06-20T17:39:44Z,KLAX,2026-06-21,ukmo_global_deterministic_10km,66.5,60.5
105,2026-06-20T17:39:44Z,KLAX,2026-06-22,ukmo_global_deterministic_10km,70.4,61.6
31,2026-06-20T17:39:44Z,KMDW,2026-06-20,gfs_seamless,78.0,59.6
32,2026-06-20T17:39:44Z,KMDW,2026-06-21,gfs_seamless,70.8,59.1
33,2026-06-20T17:39:44Z,KMDW,2026-06-22,gfs_seamless,70.9,59.1
34,2026-06-20T17:39:44Z,KMDW,2026-06-20,icon_global,77.0,61.1
35,2026-06-20T17:39:44Z,KMDW,2026-06-21,icon_global,70.8,60.9
36,2026-06-20T17:39:44Z,KMDW,2026-06-22,icon_global,72.4,60.2
37,2026-06-20T17:39:44Z,KMDW,2026-06-20,gem_global,78.0,63.0
38,2026-06-20T17:39:44Z,KMDW,2026-06-21,gem_global,71.4,58.9
39,2026-06-20T17:39:44Z,KMDW,2026-06-22,gem_global,62.9,55.5
40,2026-06-20T17:39:44Z,KMDW,2026-06-20,ecmwf_ifs025,78.4,61.1
41,2026-06-20T17:39:44Z,KMDW,2026-06-21,ecmwf_ifs025,74.8,60.9
42,2026-06-20T17:39:44Z,KMDW,2026-06-22,ecmwf_ifs025,69.9,58.0
43,2026-06-20T17:39:44Z,KMDW,2026-06-20,ukmo_global_deterministic_10km,79.9,63.1
44,2026-06-20T17:39:44Z,KMDW,2026-06-21,ukmo_global_deterministic_10km,75.8,61.1
45,2026-06-20T17:39:44Z,KMDW,2026-06-22,ukmo_global_deterministic_10km,71.2,59.0
106,2026-06-20T17:39:44Z,KMIA,2026-06-20,gfs_seamless,91.0,75.9
107,2026-06-20T17:39:44Z,KMIA,2026-06-21,gfs_seamless,92.2,75.2
108,2026-06-20T17:39:44Z,KMIA,2026-06-22,gfs_seamless,92.6,77.0
109,2026-06-20T17:39:44Z,KMIA,2026-06-20,icon_global,90.2,75.1
110,2026-06-20T17:39:44Z,KMIA,2026-06-21,icon_global,92.8,76.4
111,2026-06-20T17:39:44Z,KMIA,2026-06-22,icon_global,93.1,76.8
112,2026-06-20T17:39:44Z,KMIA,2026-06-20,gem_global,91.0,75.1
113,2026-06-20T17:39:44Z,KMIA,2026-06-21,gem_global,88.0,74.3
114,2026-06-20T17:39:44Z,KMIA,2026-06-22,gem_global,88.8,75.4
115,2026-06-20T17:39:44Z,KMIA,2026-06-20,ecmwf_ifs025,89.1,78.4
116,2026-06-20T17:39:44Z,KMIA,2026-06-21,ecmwf_ifs025,89.0,77.8
117,2026-06-20T17:39:44Z,KMIA,2026-06-22,ecmwf_ifs025,90.5,80.6
118,2026-06-20T17:39:44Z,KMIA,2026-06-20,ukmo_global_deterministic_10km,89.7,80.9
119,2026-06-20T17:39:44Z,KMIA,2026-06-21,ukmo_global_deterministic_10km,92.6,79.3
120,2026-06-20T17:39:44Z,KMIA,2026-06-22,ukmo_global_deterministic_10km,94.1,82.4
121,2026-06-20T17:39:44Z,KMSY,2026-06-20,gfs_seamless,87.8,73.4
122,2026-06-20T17:39:44Z,KMSY,2026-06-21,gfs_seamless,85.0,76.2
123,2026-06-20T17:39:44Z,KMSY,2026-06-22,gfs_seamless,93.7,74.8
124,2026-06-20T17:39:44Z,KMSY,2026-06-20,icon_global,87.4,78.6
125,2026-06-20T17:39:44Z,KMSY,2026-06-21,icon_global,90.1,78.2
126,2026-06-20T17:39:44Z,KMSY,2026-06-22,icon_global,95.6,79.4
127,2026-06-20T17:39:44Z,KMSY,2026-06-20,gem_global,89.8,79.9
128,2026-06-20T17:39:44Z,KMSY,2026-06-21,gem_global,88.0,79.1
129,2026-06-20T17:39:44Z,KMSY,2026-06-22,gem_global,92.7,79.5
130,2026-06-20T17:39:44Z,KMSY,2026-06-20,ecmwf_ifs025,84.4,75.9
131,2026-06-20T17:39:44Z,KMSY,2026-06-21,ecmwf_ifs025,85.6,75.8
132,2026-06-20T17:39:44Z,KMSY,2026-06-22,ecmwf_ifs025,89.2,79.7
133,2026-06-20T17:39:44Z,KMSY,2026-06-20,ukmo_global_deterministic_10km,89.5,79.0
134,2026-06-20T17:39:44Z,KMSY,2026-06-21,ukmo_global_deterministic_10km,90.8,80.2
135,2026-06-20T17:39:44Z,KMSY,2026-06-22,ukmo_global_deterministic_10km,94.8,80.2
136,2026-06-20T17:39:44Z,KNYC,2026-06-20,gfs_seamless,83.5,65.9
137,2026-06-20T17:39:44Z,KNYC,2026-06-21,gfs_seamless,82.7,62.3
138,2026-06-20T17:39:44Z,KNYC,2026-06-22,gfs_seamless,73.8,64.3
139,2026-06-20T17:39:44Z,KNYC,2026-06-20,icon_global,82.4,65.8
140,2026-06-20T17:39:44Z,KNYC,2026-06-21,icon_global,82.4,69.0
141,2026-06-20T17:39:44Z,KNYC,2026-06-22,icon_global,73.3,69.1
142,2026-06-20T17:39:44Z,KNYC,2026-06-20,gem_global,81.0,67.1
143,2026-06-20T17:39:44Z,KNYC,2026-06-21,gem_global,81.5,61.7
144,2026-06-20T17:39:44Z,KNYC,2026-06-22,gem_global,81.3,60.5
145,2026-06-20T17:39:44Z,KNYC,2026-06-20,ecmwf_ifs025,85.2,66.8
146,2026-06-20T17:39:44Z,KNYC,2026-06-21,ecmwf_ifs025,85.7,66.6
147,2026-06-20T17:39:44Z,KNYC,2026-06-22,ecmwf_ifs025,75.0,68.5
148,2026-06-20T17:39:44Z,KNYC,2026-06-20,ukmo_global_deterministic_10km,82.2,66.7
149,2026-06-20T17:39:44Z,KNYC,2026-06-21,ukmo_global_deterministic_10km,80.3,68.7
150,2026-06-20T17:39:44Z,KNYC,2026-06-22,ukmo_global_deterministic_10km,76.3,69.5
151,2026-06-20T17:39:44Z,KOKC,2026-06-20,gfs_seamless,90.1,66.9
152,2026-06-20T17:39:44Z,KOKC,2026-06-21,gfs_seamless,94.8,73.4
153,2026-06-20T17:39:44Z,KOKC,2026-06-22,gfs_seamless,81.6,68.9
154,2026-06-20T17:39:44Z,KOKC,2026-06-20,icon_global,88.1,69.3
155,2026-06-20T17:39:44Z,KOKC,2026-06-21,icon_global,93.5,74.2
156,2026-06-20T17:39:44Z,KOKC,2026-06-22,icon_global,75.3,69.3
157,2026-06-20T17:39:44Z,KOKC,2026-06-20,gem_global,85.7,68.1
158,2026-06-20T17:39:44Z,KOKC,2026-06-21,gem_global,93.3,71.5
159,2026-06-20T17:39:44Z,KOKC,2026-06-22,gem_global,76.5,68.4
160,2026-06-20T17:39:44Z,KOKC,2026-06-20,ecmwf_ifs025,88.3,69.2
161,2026-06-20T17:39:44Z,KOKC,2026-06-21,ecmwf_ifs025,94.3,75.9
162,2026-06-20T17:39:44Z,KOKC,2026-06-22,ecmwf_ifs025,86.2,71.4
163,2026-06-20T17:39:44Z,KOKC,2026-06-20,ukmo_global_deterministic_10km,89.1,69.5
164,2026-06-20T17:39:44Z,KOKC,2026-06-21,ukmo_global_deterministic_10km,96.3,75.4
165,2026-06-20T17:39:44Z,KOKC,2026-06-22,ukmo_global_deterministic_10km,92.5,72.1
166,2026-06-20T17:39:44Z,KPHX,2026-06-20,gfs_seamless,105.3,79.7
167,2026-06-20T17:39:44Z,KPHX,2026-06-21,gfs_seamless,105.2,72.9
168,2026-06-20T17:39:44Z,KPHX,2026-06-22,gfs_seamless,106.9,77.2
169,2026-06-20T17:39:44Z,KPHX,2026-06-20,icon_global,102.9,78.7
170,2026-06-20T17:39:44Z,KPHX,2026-06-21,icon_global,104.6,78.2
171,2026-06-20T17:39:44Z,KPHX,2026-06-22,icon_global,107.5,79.0
172,2026-06-20T17:39:44Z,KPHX,2026-06-20,gem_global,101.2,60.8
173,2026-06-20T17:39:44Z,KPHX,2026-06-21,gem_global,102.8,58.5
174,2026-06-20T17:39:44Z,KPHX,2026-06-22,gem_global,104.9,59.5
175,2026-06-20T17:39:44Z,KPHX,2026-06-20,ecmwf_ifs025,103.9,82.0
176,2026-06-20T17:39:44Z,KPHX,2026-06-21,ecmwf_ifs025,105.3,81.1
177,2026-06-20T17:39:44Z,KPHX,2026-06-22,ecmwf_ifs025,108.2,82.1
178,2026-06-20T17:39:44Z,KPHX,2026-06-20,ukmo_global_deterministic_10km,102.3,77.2
179,2026-06-20T17:39:44Z,KPHX,2026-06-21,ukmo_global_deterministic_10km,102.8,75.3
180,2026-06-20T17:39:44Z,KPHX,2026-06-22,ukmo_global_deterministic_10km,106.3,74.7
181,2026-06-20T17:39:44Z,KSAT,2026-06-20,gfs_seamless,83.2,71.6
182,2026-06-20T17:39:44Z,KSAT,2026-06-21,gfs_seamless,88.5,76.0
183,2026-06-20T17:39:44Z,KSAT,2026-06-22,gfs_seamless,94.1,75.6
184,2026-06-20T17:39:44Z,KSAT,2026-06-20,icon_global,81.8,75.8
185,2026-06-20T17:39:44Z,KSAT,2026-06-21,icon_global,92.1,75.8
186,2026-06-20T17:39:44Z,KSAT,2026-06-22,icon_global,93.3,78.2
187,2026-06-20T17:39:44Z,KSAT,2026-06-20,gem_global,92.9,79.2
188,2026-06-20T17:39:44Z,KSAT,2026-06-21,gem_global,94.2,78.0
189,2026-06-20T17:39:44Z,KSAT,2026-06-22,gem_global,95.1,77.7
190,2026-06-20T17:39:44Z,KSAT,2026-06-20,ecmwf_ifs025,86.5,72.0
191,2026-06-20T17:39:44Z,KSAT,2026-06-21,ecmwf_ifs025,87.4,73.8
192,2026-06-20T17:39:44Z,KSAT,2026-06-22,ecmwf_ifs025,90.6,75.8
193,2026-06-20T17:39:44Z,KSAT,2026-06-20,ukmo_global_deterministic_10km,91.9,76.2
194,2026-06-20T17:39:44Z,KSAT,2026-06-21,ukmo_global_deterministic_10km,92.9,76.0
195,2026-06-20T17:39:44Z,KSAT,2026-06-22,ukmo_global_deterministic_10km,97.5,78.5
211,2026-06-20T17:39:44Z,KSEA,2026-06-20,gfs_seamless,69.7,53.4
212,2026-06-20T17:39:44Z,KSEA,2026-06-21,gfs_seamless,76.6,50.7
213,2026-06-20T17:39:44Z,KSEA,2026-06-22,gfs_seamless,83.4,56.0
214,2026-06-20T17:39:44Z,KSEA,2026-06-20,icon_global,68.0,54.8
215,2026-06-20T17:39:44Z,KSEA,2026-06-21,icon_global,74.0,53.9
216,2026-06-20T17:39:44Z,KSEA,2026-06-22,icon_global,81.5,57.5
217,2026-06-20T17:39:44Z,KSEA,2026-06-20,gem_global,73.1,54.0
218,2026-06-20T17:39:44Z,KSEA,2026-06-21,gem_global,76.0,51.1
219,2026-06-20T17:39:44Z,KSEA,2026-06-22,gem_global,81.3,53.0
220,2026-06-20T17:39:44Z,KSEA,2026-06-20,ecmwf_ifs025,72.8,54.4
221,2026-06-20T17:39:44Z,KSEA,2026-06-21,ecmwf_ifs025,77.0,53.0
222,2026-06-20T17:39:44Z,KSEA,2026-06-22,ecmwf_ifs025,82.5,59.2
223,2026-06-20T17:39:44Z,KSEA,2026-06-20,ukmo_global_deterministic_10km,75.2,55.1
224,2026-06-20T17:39:44Z,KSEA,2026-06-21,ukmo_global_deterministic_10km,79.7,55.1
225,2026-06-20T17:39:44Z,KSEA,2026-06-22,ukmo_global_deterministic_10km,83.4,63.8
196,2026-06-20T17:39:44Z,KSFO,2026-06-20,gfs_seamless,67.8,56.5
197,2026-06-20T17:39:44Z,KSFO,2026-06-21,gfs_seamless,65.7,53.8
198,2026-06-20T17:39:44Z,KSFO,2026-06-22,gfs_seamless,69.6,53.6
199,2026-06-20T17:39:44Z,KSFO,2026-06-20,icon_global,70.2,58.9
200,2026-06-20T17:39:44Z,KSFO,2026-06-21,icon_global,70.4,54.6
201,2026-06-20T17:39:44Z,KSFO,2026-06-22,icon_global,68.1,54.8
202,2026-06-20T17:39:44Z,KSFO,2026-06-20,gem_global,64.4,56.7
203,2026-06-20T17:39:44Z,KSFO,2026-06-21,gem_global,62.0,55.8
204,2026-06-20T17:39:44Z,KSFO,2026-06-22,gem_global,63.8,56.0
205,2026-06-20T17:39:44Z,KSFO,2026-06-20,ecmwf_ifs025,65.0,56.3
206,2026-06-20T17:39:44Z,KSFO,2026-06-21,ecmwf_ifs025,64.2,53.9
207,2026-06-20T17:39:44Z,KSFO,2026-06-22,ecmwf_ifs025,64.4,54.7
208,2026-06-20T17:39:44Z,KSFO,2026-06-20,ukmo_global_deterministic_10km,70.0,57.4
209,2026-06-20T17:39:44Z,KSFO,2026-06-21,ukmo_global_deterministic_10km,68.0,55.7
210,2026-06-20T17:39:44Z,KSFO,2026-06-22,ukmo_global_deterministic_10km,67.7,55.0
1,2026-06-20T18:42:38Z,KATL,2026-06-20,gfs_seamless,88.7,71.4
2,2026-06-20T18:42:38Z,KATL,2026-06-21,gfs_seamless,85.6,69.5
3,2026-06-20T18:42:38Z,KATL,2026-06-22,gfs_seamless,92.0,72.6
4,2026-06-20T18:42:38Z,KATL,2026-06-20,icon_global,84.4,71.6
5,2026-06-20T18:42:38Z,KATL,2026-06-21,icon_global,89.4,70.2
6,2026-06-20T18:42:38Z,KATL,2026-06-22,icon_global,86.6,73.3
7,2026-06-20T18:42:38Z,KATL,2026-06-20,gem_global,81.7,69.8
8,2026-06-20T18:42:38Z,KATL,2026-06-21,gem_global,84.1,69.4
9,2026-06-20T18:42:38Z,KATL,2026-06-22,gem_global,85.2,71.7
10,2026-06-20T18:42:38Z,KATL,2026-06-20,ecmwf_ifs025,77.3,70.2
11,2026-06-20T18:42:38Z,KATL,2026-06-21,ecmwf_ifs025,87.0,69.3
12,2026-06-20T18:42:38Z,KATL,2026-06-22,ecmwf_ifs025,87.1,71.4
13,2026-06-20T18:42:38Z,KATL,2026-06-20,ukmo_global_deterministic_10km,85.2,73.5
14,2026-06-20T18:42:38Z,KATL,2026-06-21,ukmo_global_deterministic_10km,89.1,72.3
15,2026-06-20T18:42:38Z,KATL,2026-06-22,ukmo_global_deterministic_10km,91.0,75.3
16,2026-06-20T18:42:38Z,KAUS,2026-06-20,gfs_seamless,86.4,73.8
17,2026-06-20T18:42:38Z,KAUS,2026-06-21,gfs_seamless,88.8,75.2
18,2026-06-20T18:42:38Z,KAUS,2026-06-22,gfs_seamless,95.5,77.1
19,2026-06-20T18:42:38Z,KAUS,2026-06-20,icon_global,85.0,76.3
20,2026-06-20T18:42:38Z,KAUS,2026-06-21,icon_global,89.6,76.6
21,2026-06-20T18:42:38Z,KAUS,2026-06-22,icon_global,92.2,79.0
22,2026-06-20T18:42:38Z,KAUS,2026-06-20,gem_global,84.4,73.0
23,2026-06-20T18:42:38Z,KAUS,2026-06-21,gem_global,91.1,73.7
24,2026-06-20T18:42:38Z,KAUS,2026-06-22,gem_global,94.6,78.0
25,2026-06-20T18:42:38Z,KAUS,2026-06-20,ecmwf_ifs025,89.4,73.5
26,2026-06-20T18:42:38Z,KAUS,2026-06-21,ecmwf_ifs025,88.1,73.7
27,2026-06-20T18:42:38Z,KAUS,2026-06-22,ecmwf_ifs025,92.5,77.3
28,2026-06-20T18:42:38Z,KAUS,2026-06-20,ukmo_global_deterministic_10km,90.8,76.5
29,2026-06-20T18:42:38Z,KAUS,2026-06-21,ukmo_global_deterministic_10km,89.2,77.0
30,2026-06-20T18:42:38Z,KAUS,2026-06-22,ukmo_global_deterministic_10km,97.4,79.1
31,2026-06-20T18:42:38Z,KBOS,2026-06-20,gfs_seamless,78.8,60.4
32,2026-06-20T18:42:38Z,KBOS,2026-06-21,gfs_seamless,80.8,59.3
33,2026-06-20T18:42:38Z,KBOS,2026-06-22,gfs_seamless,71.6,58.7
34,2026-06-20T18:42:38Z,KBOS,2026-06-20,icon_global,77.9,63.4
35,2026-06-20T18:42:38Z,KBOS,2026-06-21,icon_global,82.6,62.3
36,2026-06-20T18:42:38Z,KBOS,2026-06-22,icon_global,71.6,63.6
37,2026-06-20T18:42:38Z,KBOS,2026-06-20,gem_global,74.9,64.8
38,2026-06-20T18:42:38Z,KBOS,2026-06-21,gem_global,72.8,62.6
39,2026-06-20T18:42:38Z,KBOS,2026-06-22,gem_global,72.6,59.5
40,2026-06-20T18:42:38Z,KBOS,2026-06-20,ecmwf_ifs025,81.9,64.8
41,2026-06-20T18:42:38Z,KBOS,2026-06-21,ecmwf_ifs025,84.2,61.6
42,2026-06-20T18:42:38Z,KBOS,2026-06-22,ecmwf_ifs025,76.4,63.2
43,2026-06-20T18:42:38Z,KBOS,2026-06-20,ukmo_global_deterministic_10km,78.5,64.7
44,2026-06-20T18:42:38Z,KBOS,2026-06-21,ukmo_global_deterministic_10km,78.6,63.5
45,2026-06-20T18:42:38Z,KBOS,2026-06-22,ukmo_global_deterministic_10km,77.4,65.1
181,2026-06-20T18:42:38Z,KDCA,2026-06-20,gfs_seamless,88.7,64.4
182,2026-06-20T18:42:38Z,KDCA,2026-06-21,gfs_seamless,90.7,66.6
183,2026-06-20T18:42:38Z,KDCA,2026-06-22,gfs_seamless,93.0,70.1
184,2026-06-20T18:42:38Z,KDCA,2026-06-20,icon_global,87.8,67.6
185,2026-06-20T18:42:38Z,KDCA,2026-06-21,icon_global,87.3,70.3
186,2026-06-20T18:42:38Z,KDCA,2026-06-22,icon_global,95.3,72.3
187,2026-06-20T18:42:38Z,KDCA,2026-06-20,gem_global,85.8,67.2
188,2026-06-20T18:42:38Z,KDCA,2026-06-21,gem_global,86.5,66.2
189,2026-06-20T18:42:38Z,KDCA,2026-06-22,gem_global,93.8,68.9
190,2026-06-20T18:42:38Z,KDCA,2026-06-20,ecmwf_ifs025,90.2,66.0
191,2026-06-20T18:42:38Z,KDCA,2026-06-21,ecmwf_ifs025,90.4,67.1
192,2026-06-20T18:42:38Z,KDCA,2026-06-22,ecmwf_ifs025,95.7,69.1
193,2026-06-20T18:42:38Z,KDCA,2026-06-20,ukmo_global_deterministic_10km,86.2,68.3
194,2026-06-20T18:42:38Z,KDCA,2026-06-21,ukmo_global_deterministic_10km,86.3,71.4
195,2026-06-20T18:42:38Z,KDCA,2026-06-22,ukmo_global_deterministic_10km,93.0,73.0
61,2026-06-20T18:42:38Z,KDEN,2026-06-20,gfs_seamless,89.5,54.1
62,2026-06-20T18:42:38Z,KDEN,2026-06-21,gfs_seamless,89.5,58.9
63,2026-06-20T18:42:38Z,KDEN,2026-06-22,gfs_seamless,85.4,51.8
64,2026-06-20T18:42:38Z,KDEN,2026-06-20,icon_global,93.0,54.3
65,2026-06-20T18:42:38Z,KDEN,2026-06-21,icon_global,89.3,53.9
66,2026-06-20T18:42:38Z,KDEN,2026-06-22,icon_global,87.5,55.0
67,2026-06-20T18:42:38Z,KDEN,2026-06-20,gem_global,84.2,53.3
68,2026-06-20T18:42:38Z,KDEN,2026-06-21,gem_global,85.4,51.9
69,2026-06-20T18:42:38Z,KDEN,2026-06-22,gem_global,83.0,51.6
70,2026-06-20T18:42:38Z,KDEN,2026-06-20,ecmwf_ifs025,90.5,55.3
71,2026-06-20T18:42:38Z,KDEN,2026-06-21,ecmwf_ifs025,92.6,63.0
72,2026-06-20T18:42:38Z,KDEN,2026-06-22,ecmwf_ifs025,84.0,58.9
73,2026-06-20T18:42:38Z,KDEN,2026-06-20,ukmo_global_deterministic_10km,94.6,57.1
74,2026-06-20T18:42:38Z,KDEN,2026-06-21,ukmo_global_deterministic_10km,91.2,60.2
75,2026-06-20T18:42:38Z,KDEN,2026-06-22,ukmo_global_deterministic_10km,87.1,54.2
46,2026-06-20T18:42:38Z,KDFW,2026-06-20,gfs_seamless,87.2,72.9
47,2026-06-20T18:42:38Z,KDFW,2026-06-21,gfs_seamless,93.6,73.1
48,2026-06-20T18:42:38Z,KDFW,2026-06-22,gfs_seamless,98.1,78.0
49,2026-06-20T18:42:38Z,KDFW,2026-06-20,icon_global,84.5,74.5
50,2026-06-20T18:42:38Z,KDFW,2026-06-21,icon_global,93.0,77.7
51,2026-06-20T18:42:38Z,KDFW,2026-06-22,icon_global,94.4,79.6
52,2026-06-20T18:42:38Z,KDFW,2026-06-20,gem_global,87.9,73.1
53,2026-06-20T18:42:38Z,KDFW,2026-06-21,gem_global,92.0,77.5
54,2026-06-20T18:42:38Z,KDFW,2026-06-22,gem_global,93.9,80.4
55,2026-06-20T18:42:38Z,KDFW,2026-06-20,ecmwf_ifs025,89.2,73.6
56,2026-06-20T18:42:38Z,KDFW,2026-06-21,ecmwf_ifs025,92.5,77.1
57,2026-06-20T18:42:38Z,KDFW,2026-06-22,ecmwf_ifs025,93.1,74.5
58,2026-06-20T18:42:38Z,KDFW,2026-06-20,ukmo_global_deterministic_10km,89.2,74.7
59,2026-06-20T18:42:38Z,KDFW,2026-06-21,ukmo_global_deterministic_10km,95.0,79.0
60,2026-06-20T18:42:38Z,KDFW,2026-06-22,ukmo_global_deterministic_10km,96.6,80.5
76,2026-06-20T18:42:38Z,KIAH,2026-06-20,gfs_seamless,85.4,77.9
77,2026-06-20T18:42:38Z,KIAH,2026-06-21,gfs_seamless,86.2,76.4
78,2026-06-20T18:42:38Z,KIAH,2026-06-22,gfs_seamless,95.7,77.7
79,2026-06-20T18:42:38Z,KIAH,2026-06-20,icon_global,84.8,78.0
80,2026-06-20T18:42:38Z,KIAH,2026-06-21,icon_global,85.7,77.2
81,2026-06-20T18:42:38Z,KIAH,2026-06-22,icon_global,91.3,78.1
82,2026-06-20T18:42:38Z,KIAH,2026-06-20,gem_global,89.7,80.0
83,2026-06-20T18:42:38Z,KIAH,2026-06-21,gem_global,92.0,79.2
84,2026-06-20T18:42:38Z,KIAH,2026-06-22,gem_global,94.2,80.9
85,2026-06-20T18:42:38Z,KIAH,2026-06-20,ecmwf_ifs025,84.8,72.1
86,2026-06-20T18:42:38Z,KIAH,2026-06-21,ecmwf_ifs025,87.4,73.4
87,2026-06-20T18:42:38Z,KIAH,2026-06-22,ecmwf_ifs025,90.6,78.9
88,2026-06-20T18:42:38Z,KIAH,2026-06-20,ukmo_global_deterministic_10km,91.7,76.8
89,2026-06-20T18:42:38Z,KIAH,2026-06-21,ukmo_global_deterministic_10km,87.0,79.4
90,2026-06-20T18:42:38Z,KIAH,2026-06-22,ukmo_global_deterministic_10km,95.8,80.4
91,2026-06-20T18:42:38Z,KLAX,2026-06-20,gfs_seamless,69.2,55.4
92,2026-06-20T18:42:38Z,KLAX,2026-06-21,gfs_seamless,69.1,55.4
93,2026-06-20T18:42:38Z,KLAX,2026-06-22,gfs_seamless,70.5,57.7
94,2026-06-20T18:42:38Z,KLAX,2026-06-20,icon_global,71.2,58.3
95,2026-06-20T18:42:38Z,KLAX,2026-06-21,icon_global,71.7,57.5
96,2026-06-20T18:42:38Z,KLAX,2026-06-22,icon_global,73.7,57.1
97,2026-06-20T18:42:38Z,KLAX,2026-06-20,gem_global,68.6,52.6
98,2026-06-20T18:42:38Z,KLAX,2026-06-21,gem_global,68.6,54.5
99,2026-06-20T18:42:38Z,KLAX,2026-06-22,gem_global,71.2,56.5
100,2026-06-20T18:42:38Z,KLAX,2026-06-20,ecmwf_ifs025,74.2,58.5
101,2026-06-20T18:42:38Z,KLAX,2026-06-21,ecmwf_ifs025,75.5,59.1
102,2026-06-20T18:42:38Z,KLAX,2026-06-22,ecmwf_ifs025,79.5,59.7
103,2026-06-20T18:42:38Z,KLAX,2026-06-20,ukmo_global_deterministic_10km,66.7,57.1
104,2026-06-20T18:42:38Z,KLAX,2026-06-21,ukmo_global_deterministic_10km,66.5,60.5
105,2026-06-20T18:42:38Z,KLAX,2026-06-22,ukmo_global_deterministic_10km,70.4,61.6
106,2026-06-20T18:42:38Z,KMIA,2026-06-20,gfs_seamless,92.1,74.6
107,2026-06-20T18:42:38Z,KMIA,2026-06-21,gfs_seamless,92.2,75.5
108,2026-06-20T18:42:38Z,KMIA,2026-06-22,gfs_seamless,92.6,77.0
109,2026-06-20T18:42:38Z,KMIA,2026-06-20,icon_global,90.2,75.1
110,2026-06-20T18:42:38Z,KMIA,2026-06-21,icon_global,92.8,76.4
111,2026-06-20T18:42:38Z,KMIA,2026-06-22,icon_global,93.1,76.8
112,2026-06-20T18:42:38Z,KMIA,2026-06-20,gem_global,92.4,75.1
113,2026-06-20T18:42:38Z,KMIA,2026-06-21,gem_global,91.9,74.4
114,2026-06-20T18:42:38Z,KMIA,2026-06-22,gem_global,90.4,74.8
115,2026-06-20T18:42:38Z,KMIA,2026-06-20,ecmwf_ifs025,89.1,78.4
116,2026-06-20T18:42:38Z,KMIA,2026-06-21,ecmwf_ifs025,89.0,77.8
117,2026-06-20T18:42:38Z,KMIA,2026-06-22,ecmwf_ifs025,90.5,80.6
118,2026-06-20T18:42:38Z,KMIA,2026-06-20,ukmo_global_deterministic_10km,89.7,80.9
119,2026-06-20T18:42:38Z,KMIA,2026-06-21,ukmo_global_deterministic_10km,92.6,79.3
120,2026-06-20T18:42:38Z,KMIA,2026-06-22,ukmo_global_deterministic_10km,94.1,82.4
121,2026-06-20T18:42:38Z,KMSP,2026-06-20,gfs_seamless,75.5,53.0
122,2026-06-20T18:42:38Z,KMSP,2026-06-21,gfs_seamless,75.6,54.6
123,2026-06-20T18:42:38Z,KMSP,2026-06-22,gfs_seamless,78.2,56.0
124,2026-06-20T18:42:38Z,KMSP,2026-06-20,icon_global,72.8,53.9
125,2026-06-20T18:42:38Z,KMSP,2026-06-21,icon_global,72.0,56.9
126,2026-06-20T18:42:38Z,KMSP,2026-06-22,icon_global,74.8,55.1
127,2026-06-20T18:42:38Z,KMSP,2026-06-20,gem_global,74.3,52.3
128,2026-06-20T18:42:38Z,KMSP,2026-06-21,gem_global,77.4,54.0
129,2026-06-20T18:42:38Z,KMSP,2026-06-22,gem_global,80.5,56.1
130,2026-06-20T18:42:38Z,KMSP,2026-06-20,ecmwf_ifs025,72.7,54.5
131,2026-06-20T18:42:38Z,KMSP,2026-06-21,ecmwf_ifs025,75.1,55.2
132,2026-06-20T18:42:38Z,KMSP,2026-06-22,ecmwf_ifs025,76.4,56.4
133,2026-06-20T18:42:38Z,KMSP,2026-06-20,ukmo_global_deterministic_10km,75.5,57.0
134,2026-06-20T18:42:38Z,KMSP,2026-06-21,ukmo_global_deterministic_10km,76.0,61.4
135,2026-06-20T18:42:38Z,KMSP,2026-06-22,ukmo_global_deterministic_10km,76.3,59.4
136,2026-06-20T18:42:38Z,KNYC,2026-06-20,gfs_seamless,83.4,65.9
137,2026-06-20T18:42:38Z,KNYC,2026-06-21,gfs_seamless,82.7,62.8
138,2026-06-20T18:42:38Z,KNYC,2026-06-22,gfs_seamless,73.8,64.3
139,2026-06-20T18:42:38Z,KNYC,2026-06-20,icon_global,82.4,65.8
140,2026-06-20T18:42:38Z,KNYC,2026-06-21,icon_global,82.4,69.0
141,2026-06-20T18:42:38Z,KNYC,2026-06-22,icon_global,73.3,69.1
142,2026-06-20T18:42:38Z,KNYC,2026-06-20,gem_global,80.7,67.1
143,2026-06-20T18:42:38Z,KNYC,2026-06-21,gem_global,80.0,62.1
144,2026-06-20T18:42:38Z,KNYC,2026-06-22,gem_global,79.1,59.7
145,2026-06-20T18:42:38Z,KNYC,2026-06-20,ecmwf_ifs025,85.2,66.8
146,2026-06-20T18:42:38Z,KNYC,2026-06-21,ecmwf_ifs025,85.7,66.6
147,2026-06-20T18:42:38Z,KNYC,2026-06-22,ecmwf_ifs025,75.0,68.5
148,2026-06-20T18:42:38Z,KNYC,2026-06-20,ukmo_global_deterministic_10km,82.2,66.7
149,2026-06-20T18:42:38Z,KNYC,2026-06-21,ukmo_global_deterministic_10km,80.3,68.7
150,2026-06-20T18:42:38Z,KNYC,2026-06-22,ukmo_global_deterministic_10km,76.3,69.5
151,2026-06-20T18:42:38Z,KPHX,2026-06-20,gfs_seamless,105.4,79.7
152,2026-06-20T18:42:38Z,KPHX,2026-06-21,gfs_seamless,105.2,72.9
153,2026-06-20T18:42:38Z,KPHX,2026-06-22,gfs_seamless,106.9,77.2
154,2026-06-20T18:42:38Z,KPHX,2026-06-20,icon_global,102.9,78.7
155,2026-06-20T18:42:38Z,KPHX,2026-06-21,icon_global,104.6,78.2
156,2026-06-20T18:42:38Z,KPHX,2026-06-22,icon_global,107.5,79.0
157,2026-06-20T18:42:38Z,KPHX,2026-06-20,gem_global,102.2,63.3
158,2026-06-20T18:42:38Z,KPHX,2026-06-21,gem_global,102.5,58.8
159,2026-06-20T18:42:38Z,KPHX,2026-06-22,gem_global,104.7,58.8
160,2026-06-20T18:42:38Z,KPHX,2026-06-20,ecmwf_ifs025,103.9,82.0
161,2026-06-20T18:42:38Z,KPHX,2026-06-21,ecmwf_ifs025,105.3,81.1
162,2026-06-20T18:42:38Z,KPHX,2026-06-22,ecmwf_ifs025,108.2,82.1
163,2026-06-20T18:42:38Z,KPHX,2026-06-20,ukmo_global_deterministic_10km,102.3,77.2
164,2026-06-20T18:42:38Z,KPHX,2026-06-21,ukmo_global_deterministic_10km,102.8,75.3
165,2026-06-20T18:42:38Z,KPHX,2026-06-22,ukmo_global_deterministic_10km,106.3,74.7
166,2026-06-20T18:42:38Z,KSEA,2026-06-20,gfs_seamless,69.6,53.4
167,2026-06-20T18:42:38Z,KSEA,2026-06-21,gfs_seamless,76.6,50.7
168,2026-06-20T18:42:38Z,KSEA,2026-06-22,gfs_seamless,83.4,56.0
169,2026-06-20T18:42:38Z,KSEA,2026-06-20,icon_global,68.0,54.8
170,2026-06-20T18:42:38Z,KSEA,2026-06-21,icon_global,74.0,53.9
171,2026-06-20T18:42:38Z,KSEA,2026-06-22,icon_global,81.5,57.5
172,2026-06-20T18:42:38Z,KSEA,2026-06-20,gem_global,72.5,53.1
173,2026-06-20T18:42:38Z,KSEA,2026-06-21,gem_global,74.6,50.4
174,2026-06-20T18:42:38Z,KSEA,2026-06-22,gem_global,80.6,52.4
175,2026-06-20T18:42:38Z,KSEA,2026-06-20,ecmwf_ifs025,72.8,54.4
176,2026-06-20T18:42:38Z,KSEA,2026-06-21,ecmwf_ifs025,77.0,53.0
177,2026-06-20T18:42:38Z,KSEA,2026-06-22,ecmwf_ifs025,82.5,59.2
178,2026-06-20T18:42:38Z,KSEA,2026-06-20,ukmo_global_deterministic_10km,75.2,55.1
179,2026-06-20T18:42:38Z,KSEA,2026-06-21,ukmo_global_deterministic_10km,79.7,55.1
180,2026-06-20T18:42:38Z,KSEA,2026-06-22,ukmo_global_deterministic_10km,83.4,63.8
1,2026-06-20T19:40:15Z,KATL,2026-06-20,gfs_seamless,87.1,71.4
2,2026-06-20T19:40:15Z,KATL,2026-06-21,gfs_seamless,85.6,68.6
3,2026-06-20T19:40:15Z,KATL,2026-06-22,gfs_seamless,92.0,72.6
4,2026-06-20T19:40:15Z,KATL,2026-06-20,icon_global,84.4,71.6
5,2026-06-20T19:40:15Z,KATL,2026-06-21,icon_global,89.4,70.2
6,2026-06-20T19:40:15Z,KATL,2026-06-22,icon_global,86.6,73.3
7,2026-06-20T19:40:15Z,KATL,2026-06-20,gem_global,81.7,69.8
8,2026-06-20T19:40:15Z,KATL,2026-06-21,gem_global,84.1,69.4
9,2026-06-20T19:40:15Z,KATL,2026-06-22,gem_global,85.2,71.7
10,2026-06-20T19:40:15Z,KATL,2026-06-20,ecmwf_ifs025,77.3,70.2
11,2026-06-20T19:40:15Z,KATL,2026-06-21,ecmwf_ifs025,87.0,69.3
12,2026-06-20T19:40:15Z,KATL,2026-06-22,ecmwf_ifs025,87.1,71.4
13,2026-06-20T19:40:15Z,KATL,2026-06-20,ukmo_global_deterministic_10km,85.2,73.5
14,2026-06-20T19:40:15Z,KATL,2026-06-21,ukmo_global_deterministic_10km,89.1,72.3
15,2026-06-20T19:40:15Z,KATL,2026-06-22,ukmo_global_deterministic_10km,91.0,75.3
16,2026-06-20T19:40:15Z,KAUS,2026-06-20,gfs_seamless,87.0,73.8
17,2026-06-20T19:40:15Z,KAUS,2026-06-21,gfs_seamless,88.8,74.6
18,2026-06-20T19:40:15Z,KAUS,2026-06-22,gfs_seamless,95.5,77.1
19,2026-06-20T19:40:15Z,KAUS,2026-06-20,icon_global,85.0,76.3
20,2026-06-20T19:40:15Z,KAUS,2026-06-21,icon_global,89.6,76.6
21,2026-06-20T19:40:15Z,KAUS,2026-06-22,icon_global,92.2,79.0
22,2026-06-20T19:40:15Z,KAUS,2026-06-20,gem_global,84.4,73.0
23,2026-06-20T19:40:15Z,KAUS,2026-06-21,gem_global,91.1,73.7
24,2026-06-20T19:40:15Z,KAUS,2026-06-22,gem_global,94.6,78.0
25,2026-06-20T19:40:15Z,KAUS,2026-06-20,ecmwf_ifs025,89.4,73.5
26,2026-06-20T19:40:15Z,KAUS,2026-06-21,ecmwf_ifs025,88.1,73.7
27,2026-06-20T19:40:15Z,KAUS,2026-06-22,ecmwf_ifs025,92.5,77.3
28,2026-06-20T19:40:15Z,KAUS,2026-06-20,ukmo_global_deterministic_10km,90.8,76.5
29,2026-06-20T19:40:15Z,KAUS,2026-06-21,ukmo_global_deterministic_10km,89.2,77.0
30,2026-06-20T19:40:15Z,KAUS,2026-06-22,ukmo_global_deterministic_10km,97.4,79.1
166,2026-06-20T19:40:15Z,KDCA,2026-06-20,gfs_seamless,88.7,64.4
167,2026-06-20T19:40:15Z,KDCA,2026-06-21,gfs_seamless,90.7,66.6
168,2026-06-20T19:40:15Z,KDCA,2026-06-22,gfs_seamless,93.0,70.1
169,2026-06-20T19:40:15Z,KDCA,2026-06-20,icon_global,87.8,67.6
170,2026-06-20T19:40:15Z,KDCA,2026-06-21,icon_global,87.3,70.3
171,2026-06-20T19:40:15Z,KDCA,2026-06-22,icon_global,95.3,72.3
172,2026-06-20T19:40:15Z,KDCA,2026-06-20,gem_global,85.8,67.2
173,2026-06-20T19:40:15Z,KDCA,2026-06-21,gem_global,86.5,66.2
174,2026-06-20T19:40:15Z,KDCA,2026-06-22,gem_global,93.8,68.9
175,2026-06-20T19:40:15Z,KDCA,2026-06-20,ecmwf_ifs025,90.2,66.0
176,2026-06-20T19:40:15Z,KDCA,2026-06-21,ecmwf_ifs025,90.4,67.1
177,2026-06-20T19:40:15Z,KDCA,2026-06-22,ecmwf_ifs025,95.7,69.1
178,2026-06-20T19:40:15Z,KDCA,2026-06-20,ukmo_global_deterministic_10km,86.2,68.3
179,2026-06-20T19:40:15Z,KDCA,2026-06-21,ukmo_global_deterministic_10km,86.3,71.4
180,2026-06-20T19:40:15Z,KDCA,2026-06-22,ukmo_global_deterministic_10km,93.0,73.0
46,2026-06-20T19:40:15Z,KDFW,2026-06-20,gfs_seamless,87.5,72.9
47,2026-06-20T19:40:15Z,KDFW,2026-06-21,gfs_seamless,93.6,73.1
48,2026-06-20T19:40:15Z,KDFW,2026-06-22,gfs_seamless,98.1,78.0
49,2026-06-20T19:40:15Z,KDFW,2026-06-20,icon_global,84.5,74.5
50,2026-06-20T19:40:15Z,KDFW,2026-06-21,icon_global,93.0,77.7
51,2026-06-20T19:40:15Z,KDFW,2026-06-22,icon_global,94.4,79.6
52,2026-06-20T19:40:15Z,KDFW,2026-06-20,gem_global,87.9,73.1
53,2026-06-20T19:40:15Z,KDFW,2026-06-21,gem_global,92.0,77.5
54,2026-06-20T19:40:15Z,KDFW,2026-06-22,gem_global,93.9,80.4
55,2026-06-20T19:40:15Z,KDFW,2026-06-20,ecmwf_ifs025,89.2,73.6
56,2026-06-20T19:40:15Z,KDFW,2026-06-21,ecmwf_ifs025,92.5,77.1
57,2026-06-20T19:40:15Z,KDFW,2026-06-22,ecmwf_ifs025,93.1,74.5
58,2026-06-20T19:40:15Z,KDFW,2026-06-20,ukmo_global_deterministic_10km,89.2,74.7
59,2026-06-20T19:40:15Z,KDFW,2026-06-21,ukmo_global_deterministic_10km,95.0,79.0
60,2026-06-20T19:40:15Z,KDFW,2026-06-22,ukmo_global_deterministic_10km,96.6,80.5
61,2026-06-20T19:40:15Z,KLAS,2026-06-20,gfs_seamless,102.9,77.2
62,2026-06-20T19:40:15Z,KLAS,2026-06-21,gfs_seamless,104.1,71.1
63,2026-06-20T19:40:15Z,KLAS,2026-06-22,gfs_seamless,104.8,77.1
64,2026-06-20T19:40:15Z,KLAS,2026-06-20,icon_global,102.1,79.1
65,2026-06-20T19:40:15Z,KLAS,2026-06-21,icon_global,102.5,74.9
66,2026-06-20T19:40:15Z,KLAS,2026-06-22,icon_global,105.7,75.3
67,2026-06-20T19:40:15Z,KLAS,2026-06-20,gem_global,99.2,61.3
68,2026-06-20T19:40:15Z,KLAS,2026-06-21,gem_global,99.7,59.4
69,2026-06-20T19:40:15Z,KLAS,2026-06-22,gem_global,103.0,62.7
70,2026-06-20T19:40:15Z,KLAS,2026-06-20,ecmwf_ifs025,100.7,74.5
71,2026-06-20T19:40:15Z,KLAS,2026-06-21,ecmwf_ifs025,102.0,74.2
72,2026-06-20T19:40:15Z,KLAS,2026-06-22,ecmwf_ifs025,105.0,75.4
73,2026-06-20T19:40:15Z,KLAS,2026-06-20,ukmo_global_deterministic_10km,102.7,76.2
74,2026-06-20T19:40:15Z,KLAS,2026-06-21,ukmo_global_deterministic_10km,103.5,74.8
75,2026-06-20T19:40:15Z,KLAS,2026-06-22,ukmo_global_deterministic_10km,106.0,75.1
76,2026-06-20T19:40:15Z,KLAX,2026-06-20,gfs_seamless,69.2,55.4
77,2026-06-20T19:40:15Z,KLAX,2026-06-21,gfs_seamless,69.1,55.4
78,2026-06-20T19:40:15Z,KLAX,2026-06-22,gfs_seamless,70.5,57.7
79,2026-06-20T19:40:15Z,KLAX,2026-06-20,icon_global,71.2,58.3
80,2026-06-20T19:40:15Z,KLAX,2026-06-21,icon_global,71.7,57.5
81,2026-06-20T19:40:15Z,KLAX,2026-06-22,icon_global,73.7,57.1
82,2026-06-20T19:40:15Z,KLAX,2026-06-20,gem_global,68.6,52.6
83,2026-06-20T19:40:15Z,KLAX,2026-06-21,gem_global,68.6,54.5
84,2026-06-20T19:40:15Z,KLAX,2026-06-22,gem_global,71.2,56.5
85,2026-06-20T19:40:15Z,KLAX,2026-06-20,ecmwf_ifs025,74.2,58.5
86,2026-06-20T19:40:15Z,KLAX,2026-06-21,ecmwf_ifs025,75.5,59.1
87,2026-06-20T19:40:15Z,KLAX,2026-06-22,ecmwf_ifs025,79.5,59.7
88,2026-06-20T19:40:15Z,KLAX,2026-06-20,ukmo_global_deterministic_10km,66.7,57.1
89,2026-06-20T19:40:15Z,KLAX,2026-06-21,ukmo_global_deterministic_10km,66.5,60.5
90,2026-06-20T19:40:15Z,KLAX,2026-06-22,ukmo_global_deterministic_10km,70.4,61.6
31,2026-06-20T19:40:15Z,KMDW,2026-06-20,gfs_seamless,77.9,59.6
32,2026-06-20T19:40:15Z,KMDW,2026-06-21,gfs_seamless,70.8,59.1
33,2026-06-20T19:40:15Z,KMDW,2026-06-22,gfs_seamless,70.9,59.1
34,2026-06-20T19:40:15Z,KMDW,2026-06-20,icon_global,77.0,61.1
35,2026-06-20T19:40:15Z,KMDW,2026-06-21,icon_global,70.8,60.9
36,2026-06-20T19:40:15Z,KMDW,2026-06-22,icon_global,72.4,60.2
37,2026-06-20T19:40:15Z,KMDW,2026-06-20,gem_global,77.2,63.0
38,2026-06-20T19:40:15Z,KMDW,2026-06-21,gem_global,70.6,58.8
39,2026-06-20T19:40:15Z,KMDW,2026-06-22,gem_global,65.4,58.1
40,2026-06-20T19:40:15Z,KMDW,2026-06-20,ecmwf_ifs025,78.4,61.1
41,2026-06-20T19:40:15Z,KMDW,2026-06-21,ecmwf_ifs025,74.8,60.9
42,2026-06-20T19:40:15Z,KMDW,2026-06-22,ecmwf_ifs025,69.9,58.0
43,2026-06-20T19:40:15Z,KMDW,2026-06-20,ukmo_global_deterministic_10km,79.9,63.1
44,2026-06-20T19:40:15Z,KMDW,2026-06-21,ukmo_global_deterministic_10km,75.8,61.1
45,2026-06-20T19:40:15Z,KMDW,2026-06-22,ukmo_global_deterministic_10km,71.2,59.0
91,2026-06-20T19:40:15Z,KMSY,2026-06-20,gfs_seamless,87.4,76.1
92,2026-06-20T19:40:15Z,KMSY,2026-06-21,gfs_seamless,85.0,76.6
93,2026-06-20T19:40:15Z,KMSY,2026-06-22,gfs_seamless,93.7,74.8
94,2026-06-20T19:40:15Z,KMSY,2026-06-20,icon_global,87.4,78.6
95,2026-06-20T19:40:15Z,KMSY,2026-06-21,icon_global,90.1,78.2
96,2026-06-20T19:40:15Z,KMSY,2026-06-22,icon_global,95.6,79.4
97,2026-06-20T19:40:15Z,KMSY,2026-06-20,gem_global,89.2,79.9
98,2026-06-20T19:40:15Z,KMSY,2026-06-21,gem_global,89.5,80.1
99,2026-06-20T19:40:15Z,KMSY,2026-06-22,gem_global,92.8,80.0
100,2026-06-20T19:40:15Z,KMSY,2026-06-20,ecmwf_ifs025,84.4,75.9
101,2026-06-20T19:40:15Z,KMSY,2026-06-21,ecmwf_ifs025,85.6,75.8
102,2026-06-20T19:40:15Z,KMSY,2026-06-22,ecmwf_ifs025,89.2,79.7
103,2026-06-20T19:40:15Z,KMSY,2026-06-20,ukmo_global_deterministic_10km,89.5,79.0
104,2026-06-20T19:40:15Z,KMSY,2026-06-21,ukmo_global_deterministic_10km,90.8,80.2
105,2026-06-20T19:40:15Z,KMSY,2026-06-22,ukmo_global_deterministic_10km,94.8,80.2
106,2026-06-20T19:40:15Z,KNYC,2026-06-20,gfs_seamless,83.4,65.9
107,2026-06-20T19:40:15Z,KNYC,2026-06-21,gfs_seamless,82.7,62.8
108,2026-06-20T19:40:15Z,KNYC,2026-06-22,gfs_seamless,73.8,64.3
109,2026-06-20T19:40:15Z,KNYC,2026-06-20,icon_global,82.4,65.8
110,2026-06-20T19:40:15Z,KNYC,2026-06-21,icon_global,82.4,69.0
111,2026-06-20T19:40:15Z,KNYC,2026-06-22,icon_global,73.3,69.1
112,2026-06-20T19:40:15Z,KNYC,2026-06-20,gem_global,80.7,67.1
113,2026-06-20T19:40:15Z,KNYC,2026-06-21,gem_global,80.0,62.1
114,2026-06-20T19:40:15Z,KNYC,2026-06-22,gem_global,79.1,59.7
115,2026-06-20T19:40:15Z,KNYC,2026-06-20,ecmwf_ifs025,85.2,66.8
116,2026-06-20T19:40:15Z,KNYC,2026-06-21,ecmwf_ifs025,85.7,66.6
117,2026-06-20T19:40:15Z,KNYC,2026-06-22,ecmwf_ifs025,75.0,68.5
118,2026-06-20T19:40:15Z,KNYC,2026-06-20,ukmo_global_deterministic_10km,82.2,66.7
119,2026-06-20T19:40:15Z,KNYC,2026-06-21,ukmo_global_deterministic_10km,80.3,68.7
120,2026-06-20T19:40:15Z,KNYC,2026-06-22,ukmo_global_deterministic_10km,76.3,69.5
121,2026-06-20T19:40:15Z,KOKC,2026-06-20,gfs_seamless,89.8,66.9
122,2026-06-20T19:40:15Z,KOKC,2026-06-21,gfs_seamless,94.8,73.6
123,2026-06-20T19:40:15Z,KOKC,2026-06-22,gfs_seamless,81.6,68.9
124,2026-06-20T19:40:15Z,KOKC,2026-06-20,icon_global,88.1,69.3
125,2026-06-20T19:40:15Z,KOKC,2026-06-21,icon_global,93.5,74.2
126,2026-06-20T19:40:15Z,KOKC,2026-06-22,icon_global,75.3,69.3
127,2026-06-20T19:40:15Z,KOKC,2026-06-20,gem_global,85.1,67.0
128,2026-06-20T19:40:15Z,KOKC,2026-06-21,gem_global,91.0,75.0
129,2026-06-20T19:40:15Z,KOKC,2026-06-22,gem_global,72.0,67.6
130,2026-06-20T19:40:15Z,KOKC,2026-06-20,ecmwf_ifs025,88.3,69.2
131,2026-06-20T19:40:15Z,KOKC,2026-06-21,ecmwf_ifs025,94.3,75.9
132,2026-06-20T19:40:15Z,KOKC,2026-06-22,ecmwf_ifs025,86.2,71.4
133,2026-06-20T19:40:15Z,KOKC,2026-06-20,ukmo_global_deterministic_10km,89.1,69.5
134,2026-06-20T19:40:15Z,KOKC,2026-06-21,ukmo_global_deterministic_10km,96.3,75.4
135,2026-06-20T19:40:15Z,KOKC,2026-06-22,ukmo_global_deterministic_10km,92.5,72.1
136,2026-06-20T19:40:15Z,KPHX,2026-06-20,gfs_seamless,105.4,79.7
137,2026-06-20T19:40:15Z,KPHX,2026-06-21,gfs_seamless,105.2,72.9
138,2026-06-20T19:40:15Z,KPHX,2026-06-22,gfs_seamless,106.9,77.2
139,2026-06-20T19:40:15Z,KPHX,2026-06-20,icon_global,102.9,78.7
140,2026-06-20T19:40:15Z,KPHX,2026-06-21,icon_global,104.6,78.2
141,2026-06-20T19:40:15Z,KPHX,2026-06-22,icon_global,107.5,79.0
142,2026-06-20T19:40:15Z,KPHX,2026-06-20,gem_global,102.2,63.3
143,2026-06-20T19:40:15Z,KPHX,2026-06-21,gem_global,102.5,58.8
144,2026-06-20T19:40:15Z,KPHX,2026-06-22,gem_global,104.7,58.8
145,2026-06-20T19:40:15Z,KPHX,2026-06-20,ecmwf_ifs025,103.9,82.0
146,2026-06-20T19:40:15Z,KPHX,2026-06-21,ecmwf_ifs025,105.3,81.1
147,2026-06-20T19:40:15Z,KPHX,2026-06-22,ecmwf_ifs025,108.2,82.1
148,2026-06-20T19:40:15Z,KPHX,2026-06-20,ukmo_global_deterministic_10km,102.3,77.2
149,2026-06-20T19:40:15Z,KPHX,2026-06-21,ukmo_global_deterministic_10km,102.8,75.3
150,2026-06-20T19:40:15Z,KPHX,2026-06-22,ukmo_global_deterministic_10km,106.3,74.7
151,2026-06-20T19:40:15Z,KSAT,2026-06-20,gfs_seamless,83.0,71.6
152,2026-06-20T19:40:15Z,KSAT,2026-06-21,gfs_seamless,88.5,74.7
153,2026-06-20T19:40:15Z,KSAT,2026-06-22,gfs_seamless,94.1,75.6
154,2026-06-20T19:40:15Z,KSAT,2026-06-20,icon_global,81.8,75.8
155,2026-06-20T19:40:15Z,KSAT,2026-06-21,icon_global,92.1,75.8
156,2026-06-20T19:40:15Z,KSAT,2026-06-22,icon_global,93.3,78.2
157,2026-06-20T19:40:15Z,KSAT,2026-06-20,gem_global,87.4,71.4
158,2026-06-20T19:40:15Z,KSAT,2026-06-21,gem_global,86.2,72.3
159,2026-06-20T19:40:15Z,KSAT,2026-06-22,gem_global,91.2,74.6
160,2026-06-20T19:40:15Z,KSAT,2026-06-20,ecmwf_ifs025,86.5,72.0
161,2026-06-20T19:40:15Z,KSAT,2026-06-21,ecmwf_ifs025,87.4,73.8
162,2026-06-20T19:40:15Z,KSAT,2026-06-22,ecmwf_ifs025,90.6,75.8
163,2026-06-20T19:40:15Z,KSAT,2026-06-20,ukmo_global_deterministic_10km,91.9,76.2
164,2026-06-20T19:40:15Z,KSAT,2026-06-21,ukmo_global_deterministic_10km,92.9,76.0
165,2026-06-20T19:40:15Z,KSAT,2026-06-22,ukmo_global_deterministic_10km,97.5,78.5
1,2026-06-20T20:38:01Z,KATL,2026-06-20,gfs_seamless,86.2,71.1
2,2026-06-20T20:38:01Z,KATL,2026-06-21,gfs_seamless,86.7,68.6
3,2026-06-20T20:38:01Z,KATL,2026-06-22,gfs_seamless,92.0,72.9
4,2026-06-20T20:38:01Z,KATL,2026-06-20,icon_global,84.4,71.6
5,2026-06-20T20:38:01Z,KATL,2026-06-21,icon_global,89.4,70.2
6,2026-06-20T20:38:01Z,KATL,2026-06-22,icon_global,86.6,73.3
7,2026-06-20T20:38:01Z,KATL,2026-06-20,gem_global,81.7,69.8
8,2026-06-20T20:38:01Z,KATL,2026-06-21,gem_global,84.1,69.4
9,2026-06-20T20:38:01Z,KATL,2026-06-22,gem_global,85.2,71.7
10,2026-06-20T20:38:01Z,KATL,2026-06-20,ecmwf_ifs025,84.3,70.1
11,2026-06-20T20:38:01Z,KATL,2026-06-21,ecmwf_ifs025,87.1,70.7
12,2026-06-20T20:38:01Z,KATL,2026-06-22,ecmwf_ifs025,85.5,70.0
13,2026-06-20T20:38:01Z,KATL,2026-06-20,ukmo_global_deterministic_10km,85.2,73.5
14,2026-06-20T20:38:01Z,KATL,2026-06-21,ukmo_global_deterministic_10km,89.1,72.3
15,2026-06-20T20:38:01Z,KATL,2026-06-22,ukmo_global_deterministic_10km,91.0,75.3
16,2026-06-20T20:38:01Z,KAUS,2026-06-20,gfs_seamless,87.0,73.8
17,2026-06-20T20:38:01Z,KAUS,2026-06-21,gfs_seamless,89.1,75.1
18,2026-06-20T20:38:01Z,KAUS,2026-06-22,gfs_seamless,95.5,78.0
19,2026-06-20T20:38:01Z,KAUS,2026-06-20,icon_global,85.0,76.3
20,2026-06-20T20:38:01Z,KAUS,2026-06-21,icon_global,89.6,76.6
21,2026-06-20T20:38:01Z,KAUS,2026-06-22,icon_global,92.2,79.0
22,2026-06-20T20:38:01Z,KAUS,2026-06-20,gem_global,84.4,73.0
23,2026-06-20T20:38:01Z,KAUS,2026-06-21,gem_global,91.1,73.7
24,2026-06-20T20:38:01Z,KAUS,2026-06-22,gem_global,94.6,78.0
25,2026-06-20T20:38:01Z,KAUS,2026-06-20,ecmwf_ifs025,85.9,74.1
26,2026-06-20T20:38:01Z,KAUS,2026-06-21,ecmwf_ifs025,90.1,74.9
27,2026-06-20T20:38:01Z,KAUS,2026-06-22,ecmwf_ifs025,92.7,77.2
28,2026-06-20T20:38:01Z,KAUS,2026-06-20,ukmo_global_deterministic_10km,90.8,76.5
29,2026-06-20T20:38:01Z,KAUS,2026-06-21,ukmo_global_deterministic_10km,89.2,77.0
30,2026-06-20T20:38:01Z,KAUS,2026-06-22,ukmo_global_deterministic_10km,97.4,79.1
196,2026-06-20T20:38:01Z,KDCA,2026-06-20,gfs_seamless,87.7,64.4
197,2026-06-20T20:38:01Z,KDCA,2026-06-21,gfs_seamless,90.0,66.7
198,2026-06-20T20:38:01Z,KDCA,2026-06-22,gfs_seamless,93.0,71.1
199,2026-06-20T20:38:01Z,KDCA,2026-06-20,icon_global,87.8,67.6
200,2026-06-20T20:38:01Z,KDCA,2026-06-21,icon_global,87.3,70.3
201,2026-06-20T20:38:01Z,KDCA,2026-06-22,icon_global,95.3,72.3
202,2026-06-20T20:38:01Z,KDCA,2026-06-20,gem_global,85.8,67.2
203,2026-06-20T20:38:01Z,KDCA,2026-06-21,gem_global,86.5,66.2
204,2026-06-20T20:38:01Z,KDCA,2026-06-22,gem_global,93.8,68.9
205,2026-06-20T20:38:01Z,KDCA,2026-06-20,ecmwf_ifs025,91.8,66.1
206,2026-06-20T20:38:01Z,KDCA,2026-06-21,ecmwf_ifs025,91.4,69.8
207,2026-06-20T20:38:01Z,KDCA,2026-06-22,ecmwf_ifs025,96.9,72.3
208,2026-06-20T20:38:01Z,KDCA,2026-06-20,ukmo_global_deterministic_10km,86.2,68.3
209,2026-06-20T20:38:01Z,KDCA,2026-06-21,ukmo_global_deterministic_10km,86.3,71.4
210,2026-06-20T20:38:01Z,KDCA,2026-06-22,ukmo_global_deterministic_10km,93.0,73.0
61,2026-06-20T20:38:01Z,KDEN,2026-06-20,gfs_seamless,88.2,54.1
62,2026-06-20T20:38:01Z,KDEN,2026-06-21,gfs_seamless,90.1,57.3
63,2026-06-20T20:38:01Z,KDEN,2026-06-22,gfs_seamless,85.4,58.0
64,2026-06-20T20:38:01Z,KDEN,2026-06-20,icon_global,93.0,54.3
65,2026-06-20T20:38:01Z,KDEN,2026-06-21,icon_global,89.3,53.9
66,2026-06-20T20:38:01Z,KDEN,2026-06-22,icon_global,87.5,55.0
67,2026-06-20T20:38:01Z,KDEN,2026-06-20,gem_global,84.2,53.3
68,2026-06-20T20:38:01Z,KDEN,2026-06-21,gem_global,85.4,51.9
69,2026-06-20T20:38:01Z,KDEN,2026-06-22,gem_global,83.0,51.6
70,2026-06-20T20:38:01Z,KDEN,2026-06-20,ecmwf_ifs025,92.1,54.8
71,2026-06-20T20:38:01Z,KDEN,2026-06-21,ecmwf_ifs025,91.2,62.1
72,2026-06-20T20:38:01Z,KDEN,2026-06-22,ecmwf_ifs025,85.0,59.4
73,2026-06-20T20:38:01Z,KDEN,2026-06-20,ukmo_global_deterministic_10km,94.6,57.1
74,2026-06-20T20:38:01Z,KDEN,2026-06-21,ukmo_global_deterministic_10km,91.2,60.2
75,2026-06-20T20:38:01Z,KDEN,2026-06-22,ukmo_global_deterministic_10km,87.1,54.2
46,2026-06-20T20:38:01Z,KDFW,2026-06-20,gfs_seamless,86.4,72.9
47,2026-06-20T20:38:01Z,KDFW,2026-06-21,gfs_seamless,93.1,73.1
48,2026-06-20T20:38:01Z,KDFW,2026-06-22,gfs_seamless,98.1,78.3
49,2026-06-20T20:38:01Z,KDFW,2026-06-20,icon_global,84.5,74.5
50,2026-06-20T20:38:01Z,KDFW,2026-06-21,icon_global,93.0,77.7
51,2026-06-20T20:38:01Z,KDFW,2026-06-22,icon_global,94.4,79.6
52,2026-06-20T20:38:01Z,KDFW,2026-06-20,gem_global,87.9,73.1
53,2026-06-20T20:38:01Z,KDFW,2026-06-21,gem_global,92.0,77.5
54,2026-06-20T20:38:01Z,KDFW,2026-06-22,gem_global,93.9,80.4
55,2026-06-20T20:38:01Z,KDFW,2026-06-20,ecmwf_ifs025,86.9,73.4
56,2026-06-20T20:38:01Z,KDFW,2026-06-21,ecmwf_ifs025,91.3,75.9
57,2026-06-20T20:38:01Z,KDFW,2026-06-22,ecmwf_ifs025,93.4,72.9
58,2026-06-20T20:38:01Z,KDFW,2026-06-20,ukmo_global_deterministic_10km,89.2,74.7
59,2026-06-20T20:38:01Z,KDFW,2026-06-21,ukmo_global_deterministic_10km,95.0,79.0
60,2026-06-20T20:38:01Z,KDFW,2026-06-22,ukmo_global_deterministic_10km,96.6,80.5
76,2026-06-20T20:38:01Z,KLAS,2026-06-20,gfs_seamless,102.3,77.2
77,2026-06-20T20:38:01Z,KLAS,2026-06-21,gfs_seamless,103.9,70.7
78,2026-06-20T20:38:01Z,KLAS,2026-06-22,gfs_seamless,104.8,69.9
79,2026-06-20T20:38:01Z,KLAS,2026-06-20,icon_global,102.1,79.1
80,2026-06-20T20:38:01Z,KLAS,2026-06-21,icon_global,102.5,74.9
81,2026-06-20T20:38:01Z,KLAS,2026-06-22,icon_global,105.7,75.3
82,2026-06-20T20:38:01Z,KLAS,2026-06-20,gem_global,99.2,61.3
83,2026-06-20T20:38:01Z,KLAS,2026-06-21,gem_global,99.7,59.4
84,2026-06-20T20:38:01Z,KLAS,2026-06-22,gem_global,103.0,62.7
85,2026-06-20T20:38:01Z,KLAS,2026-06-20,ecmwf_ifs025,100.7,74.6
86,2026-06-20T20:38:01Z,KLAS,2026-06-21,ecmwf_ifs025,102.1,74.4
87,2026-06-20T20:38:01Z,KLAS,2026-06-22,ecmwf_ifs025,105.2,75.6
88,2026-06-20T20:38:01Z,KLAS,2026-06-20,ukmo_global_deterministic_10km,102.7,76.2
89,2026-06-20T20:38:01Z,KLAS,2026-06-21,ukmo_global_deterministic_10km,103.5,74.8
90,2026-06-20T20:38:01Z,KLAS,2026-06-22,ukmo_global_deterministic_10km,106.0,75.1
91,2026-06-20T20:38:01Z,KLAX,2026-06-20,gfs_seamless,68.6,55.4
92,2026-06-20T20:38:01Z,KLAX,2026-06-21,gfs_seamless,69.3,54.2
93,2026-06-20T20:38:01Z,KLAX,2026-06-22,gfs_seamless,70.5,58.4
94,2026-06-20T20:38:01Z,KLAX,2026-06-20,icon_global,71.2,58.3
95,2026-06-20T20:38:01Z,KLAX,2026-06-21,icon_global,71.7,57.5
96,2026-06-20T20:38:01Z,KLAX,2026-06-22,icon_global,73.7,57.1
97,2026-06-20T20:38:01Z,KLAX,2026-06-20,gem_global,68.6,52.6
98,2026-06-20T20:38:01Z,KLAX,2026-06-21,gem_global,68.6,54.5
99,2026-06-20T20:38:01Z,KLAX,2026-06-22,gem_global,71.2,56.5
100,2026-06-20T20:38:01Z,KLAX,2026-06-20,ecmwf_ifs025,73.7,58.2
101,2026-06-20T20:38:01Z,KLAX,2026-06-21,ecmwf_ifs025,75.2,59.3
102,2026-06-20T20:38:01Z,KLAX,2026-06-22,ecmwf_ifs025,79.4,60.2
103,2026-06-20T20:38:01Z,KLAX,2026-06-20,ukmo_global_deterministic_10km,66.7,57.1
104,2026-06-20T20:38:01Z,KLAX,2026-06-21,ukmo_global_deterministic_10km,66.5,60.5
105,2026-06-20T20:38:01Z,KLAX,2026-06-22,ukmo_global_deterministic_10km,70.4,61.6
31,2026-06-20T20:38:01Z,KMDW,2026-06-20,gfs_seamless,77.2,59.6
32,2026-06-20T20:38:01Z,KMDW,2026-06-21,gfs_seamless,75.3,57.8
33,2026-06-20T20:38:01Z,KMDW,2026-06-22,gfs_seamless,70.9,59.3
34,2026-06-20T20:38:01Z,KMDW,2026-06-20,icon_global,77.0,61.1
35,2026-06-20T20:38:01Z,KMDW,2026-06-21,icon_global,70.8,60.9
36,2026-06-20T20:38:01Z,KMDW,2026-06-22,icon_global,72.4,60.2
37,2026-06-20T20:38:01Z,KMDW,2026-06-20,gem_global,77.2,63.0
38,2026-06-20T20:38:01Z,KMDW,2026-06-21,gem_global,70.6,58.8
39,2026-06-20T20:38:01Z,KMDW,2026-06-22,gem_global,65.4,58.1
40,2026-06-20T20:38:01Z,KMDW,2026-06-20,ecmwf_ifs025,78.0,61.3
41,2026-06-20T20:38:01Z,KMDW,2026-06-21,ecmwf_ifs025,69.5,61.2
42,2026-06-20T20:38:01Z,KMDW,2026-06-22,ecmwf_ifs025,68.5,57.3
43,2026-06-20T20:38:01Z,KMDW,2026-06-20,ukmo_global_deterministic_10km,79.9,63.1
44,2026-06-20T20:38:01Z,KMDW,2026-06-21,ukmo_global_deterministic_10km,75.8,61.1
45,2026-06-20T20:38:01Z,KMDW,2026-06-22,ukmo_global_deterministic_10km,71.2,59.0
106,2026-06-20T20:38:01Z,KMIA,2026-06-20,gfs_seamless,92.4,75.9
107,2026-06-20T20:38:01Z,KMIA,2026-06-21,gfs_seamless,92.7,76.1
108,2026-06-20T20:38:01Z,KMIA,2026-06-22,gfs_seamless,92.6,76.6
109,2026-06-20T20:38:01Z,KMIA,2026-06-20,icon_global,90.2,75.1
110,2026-06-20T20:38:01Z,KMIA,2026-06-21,icon_global,92.8,76.4
111,2026-06-20T20:38:01Z,KMIA,2026-06-22,icon_global,93.1,76.8
112,2026-06-20T20:38:01Z,KMIA,2026-06-20,gem_global,92.4,75.1
113,2026-06-20T20:38:01Z,KMIA,2026-06-21,gem_global,91.9,74.4
114,2026-06-20T20:38:01Z,KMIA,2026-06-22,gem_global,90.4,74.8
115,2026-06-20T20:38:01Z,KMIA,2026-06-20,ecmwf_ifs025,89.7,78.4
116,2026-06-20T20:38:01Z,KMIA,2026-06-21,ecmwf_ifs025,90.9,80.2
117,2026-06-20T20:38:01Z,KMIA,2026-06-22,ecmwf_ifs025,90.4,81.2
118,2026-06-20T20:38:01Z,KMIA,2026-06-20,ukmo_global_deterministic_10km,89.7,80.9
119,2026-06-20T20:38:01Z,KMIA,2026-06-21,ukmo_global_deterministic_10km,92.6,79.3
120,2026-06-20T20:38:01Z,KMIA,2026-06-22,ukmo_global_deterministic_10km,94.1,82.4
121,2026-06-20T20:38:01Z,KMSY,2026-06-20,gfs_seamless,87.4,74.1
122,2026-06-20T20:38:01Z,KMSY,2026-06-21,gfs_seamless,86.7,76.1
123,2026-06-20T20:38:01Z,KMSY,2026-06-22,gfs_seamless,93.7,76.0
124,2026-06-20T20:38:01Z,KMSY,2026-06-20,icon_global,87.4,78.6
125,2026-06-20T20:38:01Z,KMSY,2026-06-21,icon_global,90.1,78.2
126,2026-06-20T20:38:01Z,KMSY,2026-06-22,icon_global,95.6,79.4
127,2026-06-20T20:38:01Z,KMSY,2026-06-20,gem_global,89.2,79.9
128,2026-06-20T20:38:01Z,KMSY,2026-06-21,gem_global,89.5,80.1
129,2026-06-20T20:38:01Z,KMSY,2026-06-22,gem_global,92.8,80.0
130,2026-06-20T20:38:01Z,KMSY,2026-06-20,ecmwf_ifs025,84.4,72.9
131,2026-06-20T20:38:01Z,KMSY,2026-06-21,ecmwf_ifs025,85.6,77.6
132,2026-06-20T20:38:01Z,KMSY,2026-06-22,ecmwf_ifs025,88.8,79.2
133,2026-06-20T20:38:01Z,KMSY,2026-06-20,ukmo_global_deterministic_10km,89.5,79.0
134,2026-06-20T20:38:01Z,KMSY,2026-06-21,ukmo_global_deterministic_10km,90.8,80.2
135,2026-06-20T20:38:01Z,KMSY,2026-06-22,ukmo_global_deterministic_10km,94.8,80.2
136,2026-06-20T20:38:01Z,KNYC,2026-06-20,gfs_seamless,82.9,65.9
137,2026-06-20T20:38:01Z,KNYC,2026-06-21,gfs_seamless,82.7,63.2
138,2026-06-20T20:38:01Z,KNYC,2026-06-22,gfs_seamless,74.1,62.9
139,2026-06-20T20:38:01Z,KNYC,2026-06-20,icon_global,82.4,65.8
140,2026-06-20T20:38:01Z,KNYC,2026-06-21,icon_global,82.4,69.0
141,2026-06-20T20:38:01Z,KNYC,2026-06-22,icon_global,73.3,69.1
142,2026-06-20T20:38:01Z,KNYC,2026-06-20,gem_global,80.7,67.1
143,2026-06-20T20:38:01Z,KNYC,2026-06-21,gem_global,80.0,62.1
144,2026-06-20T20:38:01Z,KNYC,2026-06-22,gem_global,79.1,59.7
145,2026-06-20T20:38:01Z,KNYC,2026-06-20,ecmwf_ifs025,85.4,66.8
146,2026-06-20T20:38:01Z,KNYC,2026-06-21,ecmwf_ifs025,86.9,67.8
147,2026-06-20T20:38:01Z,KNYC,2026-06-22,ecmwf_ifs025,77.4,69.6
148,2026-06-20T20:38:01Z,KNYC,2026-06-20,ukmo_global_deterministic_10km,82.2,66.7
149,2026-06-20T20:38:01Z,KNYC,2026-06-21,ukmo_global_deterministic_10km,80.3,68.7
150,2026-06-20T20:38:01Z,KNYC,2026-06-22,ukmo_global_deterministic_10km,76.3,69.5
151,2026-06-20T20:38:01Z,KOKC,2026-06-20,gfs_seamless,89.3,66.9
152,2026-06-20T20:38:01Z,KOKC,2026-06-21,gfs_seamless,93.7,73.6
153,2026-06-20T20:38:01Z,KOKC,2026-06-22,gfs_seamless,85.8,68.9
154,2026-06-20T20:38:01Z,KOKC,2026-06-20,icon_global,88.1,69.3
155,2026-06-20T20:38:01Z,KOKC,2026-06-21,icon_global,93.5,74.2
156,2026-06-20T20:38:01Z,KOKC,2026-06-22,icon_global,75.3,69.3
157,2026-06-20T20:38:01Z,KOKC,2026-06-20,gem_global,85.1,67.0
158,2026-06-20T20:38:01Z,KOKC,2026-06-21,gem_global,91.0,75.0
159,2026-06-20T20:38:01Z,KOKC,2026-06-22,gem_global,72.0,67.6
160,2026-06-20T20:38:01Z,KOKC,2026-06-20,ecmwf_ifs025,88.8,68.7
161,2026-06-20T20:38:01Z,KOKC,2026-06-21,ecmwf_ifs025,94.6,74.3
162,2026-06-20T20:38:01Z,KOKC,2026-06-22,ecmwf_ifs025,87.2,71.9
163,2026-06-20T20:38:01Z,KOKC,2026-06-20,ukmo_global_deterministic_10km,89.1,69.5
164,2026-06-20T20:38:01Z,KOKC,2026-06-21,ukmo_global_deterministic_10km,96.3,75.4
165,2026-06-20T20:38:01Z,KOKC,2026-06-22,ukmo_global_deterministic_10km,92.5,72.1
166,2026-06-20T20:38:01Z,KPHL,2026-06-20,gfs_seamless,83.8,66.6
167,2026-06-20T20:38:01Z,KPHL,2026-06-21,gfs_seamless,85.8,64.8
168,2026-06-20T20:38:01Z,KPHL,2026-06-22,gfs_seamless,85.3,66.7
169,2026-06-20T20:38:01Z,KPHL,2026-06-20,icon_global,84.1,67.1
170,2026-06-20T20:38:01Z,KPHL,2026-06-21,icon_global,86.1,68.5
171,2026-06-20T20:38:01Z,KPHL,2026-06-22,icon_global,90.7,71.3
172,2026-06-20T20:38:01Z,KPHL,2026-06-20,gem_global,83.6,68.3
173,2026-06-20T20:38:01Z,KPHL,2026-06-21,gem_global,85.4,64.2
174,2026-06-20T20:38:01Z,KPHL,2026-06-22,gem_global,86.3,63.7
175,2026-06-20T20:38:01Z,KPHL,2026-06-20,ecmwf_ifs025,84.9,66.9
176,2026-06-20T20:38:01Z,KPHL,2026-06-21,ecmwf_ifs025,88.3,65.3
177,2026-06-20T20:38:01Z,KPHL,2026-06-22,ecmwf_ifs025,87.9,68.3
178,2026-06-20T20:38:01Z,KPHL,2026-06-20,ukmo_global_deterministic_10km,82.0,68.3
179,2026-06-20T20:38:01Z,KPHL,2026-06-21,ukmo_global_deterministic_10km,83.7,68.8
180,2026-06-20T20:38:01Z,KPHL,2026-06-22,ukmo_global_deterministic_10km,91.1,72.1
181,2026-06-20T20:38:01Z,KSAT,2026-06-20,gfs_seamless,83.2,71.6
182,2026-06-20T20:38:01Z,KSAT,2026-06-21,gfs_seamless,88.6,75.1
183,2026-06-20T20:38:01Z,KSAT,2026-06-22,gfs_seamless,94.1,76.6
184,2026-06-20T20:38:01Z,KSAT,2026-06-20,icon_global,81.8,75.8
185,2026-06-20T20:38:01Z,KSAT,2026-06-21,icon_global,92.1,75.8
186,2026-06-20T20:38:01Z,KSAT,2026-06-22,icon_global,93.3,78.2
187,2026-06-20T20:38:01Z,KSAT,2026-06-20,gem_global,87.4,71.4
188,2026-06-20T20:38:01Z,KSAT,2026-06-21,gem_global,86.2,72.3
189,2026-06-20T20:38:01Z,KSAT,2026-06-22,gem_global,91.2,74.6
190,2026-06-20T20:38:01Z,KSAT,2026-06-20,ecmwf_ifs025,83.8,71.6
191,2026-06-20T20:38:01Z,KSAT,2026-06-21,ecmwf_ifs025,88.3,72.6
192,2026-06-20T20:38:01Z,KSAT,2026-06-22,ecmwf_ifs025,90.7,75.9
193,2026-06-20T20:38:01Z,KSAT,2026-06-20,ukmo_global_deterministic_10km,91.9,76.2
194,2026-06-20T20:38:01Z,KSAT,2026-06-21,ukmo_global_deterministic_10km,92.9,76.0
195,2026-06-20T20:38:01Z,KSAT,2026-06-22,ukmo_global_deterministic_10km,97.5,78.5
1,2026-06-20T21:37:14Z,KATL,2026-06-20,gfs_seamless,86.7,71.4
2,2026-06-20T21:37:14Z,KATL,2026-06-21,gfs_seamless,86.7,70.1
3,2026-06-20T21:37:14Z,KATL,2026-06-22,gfs_seamless,92.0,72.9
4,2026-06-20T21:37:14Z,KATL,2026-06-20,icon_global,85.2,71.6
5,2026-06-20T21:37:14Z,KATL,2026-06-21,icon_global,90.1,70.2
6,2026-06-20T21:37:14Z,KATL,2026-06-22,icon_global,87.7,73.1
7,2026-06-20T21:37:14Z,KATL,2026-06-20,gem_global,81.7,69.8
8,2026-06-20T21:37:14Z,KATL,2026-06-21,gem_global,84.1,69.4
9,2026-06-20T21:37:14Z,KATL,2026-06-22,gem_global,85.2,71.7
10,2026-06-20T21:37:14Z,KATL,2026-06-20,ecmwf_ifs025,84.3,70.1
11,2026-06-20T21:37:14Z,KATL,2026-06-21,ecmwf_ifs025,87.1,70.7
12,2026-06-20T21:37:14Z,KATL,2026-06-22,ecmwf_ifs025,85.5,70.0
13,2026-06-20T21:37:14Z,KATL,2026-06-20,ukmo_global_deterministic_10km,85.0,73.5
14,2026-06-20T21:37:14Z,KATL,2026-06-21,ukmo_global_deterministic_10km,86.8,72.2
15,2026-06-20T21:37:14Z,KATL,2026-06-22,ukmo_global_deterministic_10km,88.9,73.5
16,2026-06-20T21:37:14Z,KAUS,2026-06-20,gfs_seamless,87.4,73.8
17,2026-06-20T21:37:14Z,KAUS,2026-06-21,gfs_seamless,89.1,74.4
18,2026-06-20T21:37:14Z,KAUS,2026-06-22,gfs_seamless,95.5,78.0
19,2026-06-20T21:37:14Z,KAUS,2026-06-20,icon_global,87.5,76.3
20,2026-06-20T21:37:14Z,KAUS,2026-06-21,icon_global,89.4,76.5
21,2026-06-20T21:37:14Z,KAUS,2026-06-22,icon_global,92.7,78.8
22,2026-06-20T21:37:14Z,KAUS,2026-06-20,gem_global,84.4,73.0
23,2026-06-20T21:37:14Z,KAUS,2026-06-21,gem_global,91.1,73.7
24,2026-06-20T21:37:14Z,KAUS,2026-06-22,gem_global,94.6,78.0
25,2026-06-20T21:37:14Z,KAUS,2026-06-20,ecmwf_ifs025,85.9,74.1
26,2026-06-20T21:37:14Z,KAUS,2026-06-21,ecmwf_ifs025,90.1,74.9
27,2026-06-20T21:37:14Z,KAUS,2026-06-22,ecmwf_ifs025,92.7,77.2
28,2026-06-20T21:37:14Z,KAUS,2026-06-20,ukmo_global_deterministic_10km,85.2,76.1
29,2026-06-20T21:37:14Z,KAUS,2026-06-21,ukmo_global_deterministic_10km,90.5,77.2
30,2026-06-20T21:37:14Z,KAUS,2026-06-22,ukmo_global_deterministic_10km,95.5,79.6
46,2026-06-20T21:37:14Z,KDEN,2026-06-20,gfs_seamless,88.6,54.1
47,2026-06-20T21:37:14Z,KDEN,2026-06-21,gfs_seamless,90.1,58.8
48,2026-06-20T21:37:14Z,KDEN,2026-06-22,gfs_seamless,85.4,58.0
49,2026-06-20T21:37:14Z,KDEN,2026-06-20,icon_global,87.8,54.3
50,2026-06-20T21:37:14Z,KDEN,2026-06-21,icon_global,86.8,61.1
51,2026-06-20T21:37:14Z,KDEN,2026-06-22,icon_global,89.3,57.9
52,2026-06-20T21:37:14Z,KDEN,2026-06-20,gem_global,84.2,53.3
53,2026-06-20T21:37:14Z,KDEN,2026-06-21,gem_global,85.4,51.9
54,2026-06-20T21:37:14Z,KDEN,2026-06-22,gem_global,83.0,51.6
55,2026-06-20T21:37:14Z,KDEN,2026-06-20,ecmwf_ifs025,92.1,54.8
56,2026-06-20T21:37:14Z,KDEN,2026-06-21,ecmwf_ifs025,91.2,62.1
57,2026-06-20T21:37:14Z,KDEN,2026-06-22,ecmwf_ifs025,85.0,59.4
58,2026-06-20T21:37:14Z,KDEN,2026-06-20,ukmo_global_deterministic_10km,95.6,55.9
59,2026-06-20T21:37:14Z,KDEN,2026-06-21,ukmo_global_deterministic_10km,91.5,62.6
60,2026-06-20T21:37:14Z,KDEN,2026-06-22,ukmo_global_deterministic_10km,87.5,54.6
31,2026-06-20T21:37:14Z,KDFW,2026-06-20,gfs_seamless,89.9,72.9
32,2026-06-20T21:37:14Z,KDFW,2026-06-21,gfs_seamless,93.1,73.3
33,2026-06-20T21:37:14Z,KDFW,2026-06-22,gfs_seamless,98.1,78.3
34,2026-06-20T21:37:14Z,KDFW,2026-06-20,icon_global,86.6,74.5
35,2026-06-20T21:37:14Z,KDFW,2026-06-21,icon_global,94.3,77.6
36,2026-06-20T21:37:14Z,KDFW,2026-06-22,icon_global,95.6,79.7
37,2026-06-20T21:37:14Z,KDFW,2026-06-20,gem_global,87.9,73.1
38,2026-06-20T21:37:14Z,KDFW,2026-06-21,gem_global,92.0,77.5
39,2026-06-20T21:37:14Z,KDFW,2026-06-22,gem_global,93.9,80.4
40,2026-06-20T21:37:14Z,KDFW,2026-06-20,ecmwf_ifs025,86.9,73.4
41,2026-06-20T21:37:14Z,KDFW,2026-06-21,ecmwf_ifs025,91.3,75.9
42,2026-06-20T21:37:14Z,KDFW,2026-06-22,ecmwf_ifs025,93.4,72.9
43,2026-06-20T21:37:14Z,KDFW,2026-06-20,ukmo_global_deterministic_10km,91.7,74.9
44,2026-06-20T21:37:14Z,KDFW,2026-06-21,ukmo_global_deterministic_10km,96.2,77.8
45,2026-06-20T21:37:14Z,KDFW,2026-06-22,ukmo_global_deterministic_10km,96.6,80.5
61,2026-06-20T21:37:14Z,KLAS,2026-06-20,gfs_seamless,102.2,77.2
62,2026-06-20T21:37:14Z,KLAS,2026-06-21,gfs_seamless,103.9,69.8
63,2026-06-20T21:37:14Z,KLAS,2026-06-22,gfs_seamless,104.8,69.9
64,2026-06-20T21:37:14Z,KLAS,2026-06-20,icon_global,102.5,79.1
65,2026-06-20T21:37:14Z,KLAS,2026-06-21,icon_global,102.6,72.3
66,2026-06-20T21:37:14Z,KLAS,2026-06-22,icon_global,106.1,75.2
67,2026-06-20T21:37:14Z,KLAS,2026-06-20,gem_global,99.2,61.3
68,2026-06-20T21:37:14Z,KLAS,2026-06-21,gem_global,99.7,59.4
69,2026-06-20T21:37:14Z,KLAS,2026-06-22,gem_global,103.0,62.7
70,2026-06-20T21:37:14Z,KLAS,2026-06-20,ecmwf_ifs025,100.7,74.6
71,2026-06-20T21:37:14Z,KLAS,2026-06-21,ecmwf_ifs025,102.1,74.4
72,2026-06-20T21:37:14Z,KLAS,2026-06-22,ecmwf_ifs025,105.2,75.6
73,2026-06-20T21:37:14Z,KLAS,2026-06-20,ukmo_global_deterministic_10km,102.9,77.9
74,2026-06-20T21:37:14Z,KLAS,2026-06-21,ukmo_global_deterministic_10km,103.1,74.9
75,2026-06-20T21:37:14Z,KLAS,2026-06-22,ukmo_global_deterministic_10km,106.5,75.8
76,2026-06-20T21:37:14Z,KLAX,2026-06-20,gfs_seamless,69.4,55.4
77,2026-06-20T21:37:14Z,KLAX,2026-06-21,gfs_seamless,69.3,55.0
78,2026-06-20T21:37:14Z,KLAX,2026-06-22,gfs_seamless,70.5,58.4
79,2026-06-20T21:37:14Z,KLAX,2026-06-20,icon_global,70.8,58.3
80,2026-06-20T21:37:14Z,KLAX,2026-06-21,icon_global,72.0,56.5
81,2026-06-20T21:37:14Z,KLAX,2026-06-22,icon_global,73.7,56.2
82,2026-06-20T21:37:14Z,KLAX,2026-06-20,gem_global,68.6,52.6
83,2026-06-20T21:37:14Z,KLAX,2026-06-21,gem_global,68.6,54.5
84,2026-06-20T21:37:14Z,KLAX,2026-06-22,gem_global,71.2,56.5
85,2026-06-20T21:37:14Z,KLAX,2026-06-20,ecmwf_ifs025,73.7,58.2
86,2026-06-20T21:37:14Z,KLAX,2026-06-21,ecmwf_ifs025,75.2,59.3
87,2026-06-20T21:37:14Z,KLAX,2026-06-22,ecmwf_ifs025,79.4,60.2
88,2026-06-20T21:37:14Z,KLAX,2026-06-20,ukmo_global_deterministic_10km,66.8,56.7
89,2026-06-20T21:37:14Z,KLAX,2026-06-21,ukmo_global_deterministic_10km,68.5,60.5
90,2026-06-20T21:37:14Z,KLAX,2026-06-22,ukmo_global_deterministic_10km,67.7,61.4
91,2026-06-20T21:37:14Z,KNYC,2026-06-20,gfs_seamless,82.9,65.9
92,2026-06-20T21:37:14Z,KNYC,2026-06-21,gfs_seamless,82.7,61.2
93,2026-06-20T21:37:14Z,KNYC,2026-06-22,gfs_seamless,74.1,62.9
94,2026-06-20T21:37:14Z,KNYC,2026-06-20,icon_global,82.3,65.8
95,2026-06-20T21:37:14Z,KNYC,2026-06-21,icon_global,81.6,67.8
96,2026-06-20T21:37:14Z,KNYC,2026-06-22,icon_global,72.4,69.0
97,2026-06-20T21:37:14Z,KNYC,2026-06-20,gem_global,80.7,67.1
98,2026-06-20T21:37:14Z,KNYC,2026-06-21,gem_global,80.0,62.1
99,2026-06-20T21:37:14Z,KNYC,2026-06-22,gem_global,79.1,59.7
100,2026-06-20T21:37:14Z,KNYC,2026-06-20,ecmwf_ifs025,85.4,66.8
101,2026-06-20T21:37:14Z,KNYC,2026-06-21,ecmwf_ifs025,86.9,67.8
102,2026-06-20T21:37:14Z,KNYC,2026-06-22,ecmwf_ifs025,77.4,69.6
103,2026-06-20T21:37:14Z,KNYC,2026-06-20,ukmo_global_deterministic_10km,81.8,66.7
104,2026-06-20T21:37:14Z,KNYC,2026-06-21,ukmo_global_deterministic_10km,80.7,68.6
105,2026-06-20T21:37:14Z,KNYC,2026-06-22,ukmo_global_deterministic_10km,77.9,69.9
106,2026-06-20T21:37:14Z,KOKC,2026-06-20,gfs_seamless,88.8,66.9
107,2026-06-20T21:37:14Z,KOKC,2026-06-21,gfs_seamless,93.7,72.7
108,2026-06-20T21:37:14Z,KOKC,2026-06-22,gfs_seamless,85.8,68.9
109,2026-06-20T21:37:14Z,KOKC,2026-06-20,icon_global,89.1,69.3
110,2026-06-20T21:37:14Z,KOKC,2026-06-21,icon_global,93.5,75.3
111,2026-06-20T21:37:14Z,KOKC,2026-06-22,icon_global,82.2,72.3
112,2026-06-20T21:37:14Z,KOKC,2026-06-20,gem_global,85.1,67.0
113,2026-06-20T21:37:14Z,KOKC,2026-06-21,gem_global,91.0,75.0
114,2026-06-20T21:37:14Z,KOKC,2026-06-22,gem_global,72.0,67.6
115,2026-06-20T21:37:14Z,KOKC,2026-06-20,ecmwf_ifs025,88.8,68.7
116,2026-06-20T21:37:14Z,KOKC,2026-06-21,ecmwf_ifs025,94.6,74.3
117,2026-06-20T21:37:14Z,KOKC,2026-06-22,ecmwf_ifs025,87.2,71.9
118,2026-06-20T21:37:14Z,KOKC,2026-06-20,ukmo_global_deterministic_10km,91.1,70.3
119,2026-06-20T21:37:14Z,KOKC,2026-06-21,ukmo_global_deterministic_10km,96.2,75.0
120,2026-06-20T21:37:14Z,KOKC,2026-06-22,ukmo_global_deterministic_10km,86.5,77.5
121,2026-06-20T21:37:14Z,KPHL,2026-06-20,gfs_seamless,83.4,66.6
122,2026-06-20T21:37:14Z,KPHL,2026-06-21,gfs_seamless,85.8,64.6
123,2026-06-20T21:37:14Z,KPHL,2026-06-22,gfs_seamless,85.3,66.7
124,2026-06-20T21:37:14Z,KPHL,2026-06-20,icon_global,84.0,67.1
125,2026-06-20T21:37:14Z,KPHL,2026-06-21,icon_global,85.5,68.5
126,2026-06-20T21:37:14Z,KPHL,2026-06-22,icon_global,90.2,71.4
127,2026-06-20T21:37:14Z,KPHL,2026-06-20,gem_global,83.6,68.3
128,2026-06-20T21:37:14Z,KPHL,2026-06-21,gem_global,85.4,64.2
129,2026-06-20T21:37:14Z,KPHL,2026-06-22,gem_global,86.3,63.7
130,2026-06-20T21:37:14Z,KPHL,2026-06-20,ecmwf_ifs025,84.9,66.9
131,2026-06-20T21:37:14Z,KPHL,2026-06-21,ecmwf_ifs025,88.3,65.3
132,2026-06-20T21:37:14Z,KPHL,2026-06-22,ecmwf_ifs025,87.9,68.3
133,2026-06-20T21:37:14Z,KPHL,2026-06-20,ukmo_global_deterministic_10km,82.2,68.3
134,2026-06-20T21:37:14Z,KPHL,2026-06-21,ukmo_global_deterministic_10km,83.9,69.0
135,2026-06-20T21:37:14Z,KPHL,2026-06-22,ukmo_global_deterministic_10km,87.8,72.2
136,2026-06-20T21:37:14Z,KPHX,2026-06-20,gfs_seamless,103.0,79.7
137,2026-06-20T21:37:14Z,KPHX,2026-06-21,gfs_seamless,105.4,71.8
138,2026-06-20T21:37:14Z,KPHX,2026-06-22,gfs_seamless,106.9,72.1
139,2026-06-20T21:37:14Z,KPHX,2026-06-20,icon_global,102.8,78.7
140,2026-06-20T21:37:14Z,KPHX,2026-06-21,icon_global,104.9,78.5
141,2026-06-20T21:37:14Z,KPHX,2026-06-22,icon_global,107.8,79.6
142,2026-06-20T21:37:14Z,KPHX,2026-06-20,gem_global,102.2,63.3
143,2026-06-20T21:37:14Z,KPHX,2026-06-21,gem_global,102.5,58.8
144,2026-06-20T21:37:14Z,KPHX,2026-06-22,gem_global,104.7,58.8
145,2026-06-20T21:37:14Z,KPHX,2026-06-20,ecmwf_ifs025,104.1,81.5
146,2026-06-20T21:37:14Z,KPHX,2026-06-21,ecmwf_ifs025,105.5,82.0
147,2026-06-20T21:37:14Z,KPHX,2026-06-22,ecmwf_ifs025,108.2,82.3
148,2026-06-20T21:37:14Z,KPHX,2026-06-20,ukmo_global_deterministic_10km,102.1,78.5
149,2026-06-20T21:37:14Z,KPHX,2026-06-21,ukmo_global_deterministic_10km,102.6,74.6
150,2026-06-20T21:37:14Z,KPHX,2026-06-22,ukmo_global_deterministic_10km,105.7,75.9
151,2026-06-20T21:37:14Z,KSAT,2026-06-20,gfs_seamless,84.3,71.6
152,2026-06-20T21:37:14Z,KSAT,2026-06-21,gfs_seamless,88.6,74.9
153,2026-06-20T21:37:14Z,KSAT,2026-06-22,gfs_seamless,94.1,76.6
154,2026-06-20T21:37:14Z,KSAT,2026-06-20,icon_global,83.6,75.8
155,2026-06-20T21:37:14Z,KSAT,2026-06-21,icon_global,90.7,75.1
156,2026-06-20T21:37:14Z,KSAT,2026-06-22,icon_global,94.0,78.3
157,2026-06-20T21:37:14Z,KSAT,2026-06-20,gem_global,87.4,71.4
158,2026-06-20T21:37:14Z,KSAT,2026-06-21,gem_global,86.2,72.3
159,2026-06-20T21:37:14Z,KSAT,2026-06-22,gem_global,91.2,74.6
160,2026-06-20T21:37:14Z,KSAT,2026-06-20,ecmwf_ifs025,83.8,71.6
161,2026-06-20T21:37:14Z,KSAT,2026-06-21,ecmwf_ifs025,88.3,72.6
162,2026-06-20T21:37:14Z,KSAT,2026-06-22,ecmwf_ifs025,90.7,75.9
163,2026-06-20T21:37:14Z,KSAT,2026-06-20,ukmo_global_deterministic_10km,84.4,74.4
164,2026-06-20T21:37:14Z,KSAT,2026-06-21,ukmo_global_deterministic_10km,91.0,76.3
165,2026-06-20T21:37:14Z,KSAT,2026-06-22,ukmo_global_deterministic_10km,93.8,78.8
1,2026-06-20T22:03:42Z,KATL,2026-06-20,gfs_seamless,86.6,71.4
2,2026-06-20T22:03:42Z,KATL,2026-06-21,gfs_seamless,86.7,70.3
3,2026-06-20T22:03:42Z,KATL,2026-06-22,gfs_seamless,92.0,72.9
4,2026-06-20T22:03:42Z,KATL,2026-06-20,icon_global,85.2,71.6
5,2026-06-20T22:03:42Z,KATL,2026-06-21,icon_global,90.1,70.2
6,2026-06-20T22:03:42Z,KATL,2026-06-22,icon_global,87.7,73.1
7,2026-06-20T22:03:42Z,KATL,2026-06-20,gem_global,81.7,69.8
8,2026-06-20T22:03:42Z,KATL,2026-06-21,gem_global,84.1,69.4
9,2026-06-20T22:03:42Z,KATL,2026-06-22,gem_global,85.2,71.7
10,2026-06-20T22:03:42Z,KATL,2026-06-20,ecmwf_ifs025,84.3,70.1
11,2026-06-20T22:03:42Z,KATL,2026-06-21,ecmwf_ifs025,87.1,70.7
12,2026-06-20T22:03:42Z,KATL,2026-06-22,ecmwf_ifs025,85.5,70.0
13,2026-06-20T22:03:42Z,KATL,2026-06-20,ukmo_global_deterministic_10km,85.0,73.5
14,2026-06-20T22:03:42Z,KATL,2026-06-21,ukmo_global_deterministic_10km,86.8,72.2
15,2026-06-20T22:03:42Z,KATL,2026-06-22,ukmo_global_deterministic_10km,88.9,73.5
16,2026-06-20T22:03:42Z,KAUS,2026-06-20,gfs_seamless,86.8,73.8
17,2026-06-20T22:03:42Z,KAUS,2026-06-21,gfs_seamless,89.1,76.6
18,2026-06-20T22:03:42Z,KAUS,2026-06-22,gfs_seamless,95.5,78.0
19,2026-06-20T22:03:42Z,KAUS,2026-06-20,icon_global,87.5,76.3
20,2026-06-20T22:03:42Z,KAUS,2026-06-21,icon_global,89.4,76.5
21,2026-06-20T22:03:42Z,KAUS,2026-06-22,icon_global,92.7,78.8
22,2026-06-20T22:03:42Z,KAUS,2026-06-20,gem_global,84.4,73.0
23,2026-06-20T22:03:42Z,KAUS,2026-06-21,gem_global,91.1,73.7
24,2026-06-20T22:03:42Z,KAUS,2026-06-22,gem_global,94.6,78.0
25,2026-06-20T22:03:42Z,KAUS,2026-06-20,ecmwf_ifs025,85.9,74.1
26,2026-06-20T22:03:42Z,KAUS,2026-06-21,ecmwf_ifs025,90.1,74.9
27,2026-06-20T22:03:42Z,KAUS,2026-06-22,ecmwf_ifs025,92.7,77.2
28,2026-06-20T22:03:42Z,KAUS,2026-06-20,ukmo_global_deterministic_10km,85.2,76.1
29,2026-06-20T22:03:42Z,KAUS,2026-06-21,ukmo_global_deterministic_10km,90.5,77.2
30,2026-06-20T22:03:42Z,KAUS,2026-06-22,ukmo_global_deterministic_10km,95.5,79.6
31,2026-06-20T22:03:42Z,KBOS,2026-06-20,gfs_seamless,78.4,60.4
32,2026-06-20T22:03:42Z,KBOS,2026-06-21,gfs_seamless,79.8,58.9
33,2026-06-20T22:03:42Z,KBOS,2026-06-22,gfs_seamless,72.5,58.6
34,2026-06-20T22:03:42Z,KBOS,2026-06-20,icon_global,77.2,63.4
35,2026-06-20T22:03:42Z,KBOS,2026-06-21,icon_global,80.1,61.7
36,2026-06-20T22:03:42Z,KBOS,2026-06-22,icon_global,72.3,63.5
37,2026-06-20T22:03:42Z,KBOS,2026-06-20,gem_global,74.9,64.8
38,2026-06-20T22:03:42Z,KBOS,2026-06-21,gem_global,72.8,62.6
39,2026-06-20T22:03:42Z,KBOS,2026-06-22,gem_global,72.6,59.5
40,2026-06-20T22:03:42Z,KBOS,2026-06-20,ecmwf_ifs025,81.5,64.8
41,2026-06-20T22:03:42Z,KBOS,2026-06-21,ecmwf_ifs025,85.0,61.6
42,2026-06-20T22:03:42Z,KBOS,2026-06-22,ecmwf_ifs025,72.8,62.1
43,2026-06-20T22:03:42Z,KBOS,2026-06-20,ukmo_global_deterministic_10km,77.5,64.7
44,2026-06-20T22:03:42Z,KBOS,2026-06-21,ukmo_global_deterministic_10km,80.0,64.3
45,2026-06-20T22:03:42Z,KBOS,2026-06-22,ukmo_global_deterministic_10km,78.6,62.1
211,2026-06-20T22:03:42Z,KDCA,2026-06-20,gfs_seamless,88.0,64.4
212,2026-06-20T22:03:42Z,KDCA,2026-06-21,gfs_seamless,90.0,68.4
213,2026-06-20T22:03:42Z,KDCA,2026-06-22,gfs_seamless,93.0,71.1
214,2026-06-20T22:03:42Z,KDCA,2026-06-20,icon_global,87.5,67.6
215,2026-06-20T22:03:42Z,KDCA,2026-06-21,icon_global,87.1,70.3
216,2026-06-20T22:03:42Z,KDCA,2026-06-22,icon_global,93.6,73.1
217,2026-06-20T22:03:42Z,KDCA,2026-06-20,gem_global,85.8,67.2
218,2026-06-20T22:03:42Z,KDCA,2026-06-21,gem_global,86.5,66.2
219,2026-06-20T22:03:42Z,KDCA,2026-06-22,gem_global,93.8,68.9
220,2026-06-20T22:03:42Z,KDCA,2026-06-20,ecmwf_ifs025,91.8,66.1
221,2026-06-20T22:03:42Z,KDCA,2026-06-21,ecmwf_ifs025,91.4,69.8
222,2026-06-20T22:03:42Z,KDCA,2026-06-22,ecmwf_ifs025,96.9,72.3
223,2026-06-20T22:03:42Z,KDCA,2026-06-20,ukmo_global_deterministic_10km,86.7,68.3
224,2026-06-20T22:03:42Z,KDCA,2026-06-21,ukmo_global_deterministic_10km,85.3,72.3
225,2026-06-20T22:03:42Z,KDCA,2026-06-22,ukmo_global_deterministic_10km,93.9,74.6
61,2026-06-20T22:03:42Z,KDEN,2026-06-20,gfs_seamless,89.1,54.1
62,2026-06-20T22:03:42Z,KDEN,2026-06-21,gfs_seamless,90.1,59.0
63,2026-06-20T22:03:42Z,KDEN,2026-06-22,gfs_seamless,85.4,58.0
64,2026-06-20T22:03:42Z,KDEN,2026-06-20,icon_global,87.8,54.3
65,2026-06-20T22:03:42Z,KDEN,2026-06-21,icon_global,86.8,61.1
66,2026-06-20T22:03:42Z,KDEN,2026-06-22,icon_global,89.3,57.9
67,2026-06-20T22:03:42Z,KDEN,2026-06-20,gem_global,84.2,53.3
68,2026-06-20T22:03:42Z,KDEN,2026-06-21,gem_global,85.4,51.9
69,2026-06-20T22:03:42Z,KDEN,2026-06-22,gem_global,83.0,51.6
70,2026-06-20T22:03:42Z,KDEN,2026-06-20,ecmwf_ifs025,92.1,54.8
71,2026-06-20T22:03:42Z,KDEN,2026-06-21,ecmwf_ifs025,91.2,62.1
72,2026-06-20T22:03:42Z,KDEN,2026-06-22,ecmwf_ifs025,85.0,59.4
73,2026-06-20T22:03:42Z,KDEN,2026-06-20,ukmo_global_deterministic_10km,95.6,55.9
74,2026-06-20T22:03:42Z,KDEN,2026-06-21,ukmo_global_deterministic_10km,91.5,62.6
75,2026-06-20T22:03:42Z,KDEN,2026-06-22,ukmo_global_deterministic_10km,87.5,54.6
46,2026-06-20T22:03:42Z,KDFW,2026-06-20,gfs_seamless,89.2,72.9
47,2026-06-20T22:03:42Z,KDFW,2026-06-21,gfs_seamless,93.1,73.2
48,2026-06-20T22:03:42Z,KDFW,2026-06-22,gfs_seamless,98.1,78.3
49,2026-06-20T22:03:42Z,KDFW,2026-06-20,icon_global,86.6,74.5
50,2026-06-20T22:03:42Z,KDFW,2026-06-21,icon_global,94.3,77.6
51,2026-06-20T22:03:42Z,KDFW,2026-06-22,icon_global,95.6,79.7
52,2026-06-20T22:03:42Z,KDFW,2026-06-20,gem_global,87.9,73.1
53,2026-06-20T22:03:42Z,KDFW,2026-06-21,gem_global,92.0,77.5
54,2026-06-20T22:03:42Z,KDFW,2026-06-22,gem_global,93.9,80.4
55,2026-06-20T22:03:42Z,KDFW,2026-06-20,ecmwf_ifs025,86.9,73.4
56,2026-06-20T22:03:42Z,KDFW,2026-06-21,ecmwf_ifs025,91.3,75.9
57,2026-06-20T22:03:42Z,KDFW,2026-06-22,ecmwf_ifs025,93.4,72.9
58,2026-06-20T22:03:42Z,KDFW,2026-06-20,ukmo_global_deterministic_10km,91.7,74.9
59,2026-06-20T22:03:42Z,KDFW,2026-06-21,ukmo_global_deterministic_10km,96.2,77.8
60,2026-06-20T22:03:42Z,KDFW,2026-06-22,ukmo_global_deterministic_10km,96.6,80.5
76,2026-06-20T22:03:42Z,KIAH,2026-06-20,gfs_seamless,85.5,76.8
77,2026-06-20T22:03:42Z,KIAH,2026-06-21,gfs_seamless,86.2,77.3
78,2026-06-20T22:03:42Z,KIAH,2026-06-22,gfs_seamless,95.7,78.4
79,2026-06-20T22:03:42Z,KIAH,2026-06-20,icon_global,85.2,78.0
80,2026-06-20T22:03:42Z,KIAH,2026-06-21,icon_global,87.2,77.3
81,2026-06-20T22:03:42Z,KIAH,2026-06-22,icon_global,91.0,78.2
82,2026-06-20T22:03:42Z,KIAH,2026-06-20,gem_global,89.7,80.0
83,2026-06-20T22:03:42Z,KIAH,2026-06-21,gem_global,92.0,79.2
84,2026-06-20T22:03:42Z,KIAH,2026-06-22,gem_global,94.2,80.9
85,2026-06-20T22:03:42Z,KIAH,2026-06-20,ecmwf_ifs025,83.4,72.5
86,2026-06-20T22:03:42Z,KIAH,2026-06-21,ecmwf_ifs025,87.1,74.5
87,2026-06-20T22:03:42Z,KIAH,2026-06-22,ecmwf_ifs025,92.0,78.8
88,2026-06-20T22:03:42Z,KIAH,2026-06-20,ukmo_global_deterministic_10km,83.5,76.8
89,2026-06-20T22:03:42Z,KIAH,2026-06-21,ukmo_global_deterministic_10km,85.8,78.2
90,2026-06-20T22:03:42Z,KIAH,2026-06-22,ukmo_global_deterministic_10km,94.9,80.2
91,2026-06-20T22:03:42Z,KLAX,2026-06-20,gfs_seamless,69.8,55.4
92,2026-06-20T22:03:42Z,KLAX,2026-06-21,gfs_seamless,69.3,54.2
93,2026-06-20T22:03:42Z,KLAX,2026-06-22,gfs_seamless,70.5,58.4
94,2026-06-20T22:03:42Z,KLAX,2026-06-20,icon_global,70.8,58.3
95,2026-06-20T22:03:42Z,KLAX,2026-06-21,icon_global,72.0,56.5
96,2026-06-20T22:03:42Z,KLAX,2026-06-22,icon_global,73.7,56.2
97,2026-06-20T22:03:42Z,KLAX,2026-06-20,gem_global,68.6,52.6
98,2026-06-20T22:03:42Z,KLAX,2026-06-21,gem_global,68.6,54.5
99,2026-06-20T22:03:42Z,KLAX,2026-06-22,gem_global,71.2,56.5
100,2026-06-20T22:03:42Z,KLAX,2026-06-20,ecmwf_ifs025,73.7,58.2
101,2026-06-20T22:03:42Z,KLAX,2026-06-21,ecmwf_ifs025,75.2,59.3
102,2026-06-20T22:03:42Z,KLAX,2026-06-22,ecmwf_ifs025,79.4,60.2
103,2026-06-20T22:03:42Z,KLAX,2026-06-20,ukmo_global_deterministic_10km,66.8,56.7
104,2026-06-20T22:03:42Z,KLAX,2026-06-21,ukmo_global_deterministic_10km,68.5,60.5
105,2026-06-20T22:03:42Z,KLAX,2026-06-22,ukmo_global_deterministic_10km,67.7,61.4
106,2026-06-20T22:03:42Z,KMIA,2026-06-20,gfs_seamless,92.1,75.9
107,2026-06-20T22:03:42Z,KMIA,2026-06-21,gfs_seamless,92.7,76.9
108,2026-06-20T22:03:42Z,KMIA,2026-06-22,gfs_seamless,92.6,76.6
109,2026-06-20T22:03:42Z,KMIA,2026-06-20,icon_global,92.3,75.1
110,2026-06-20T22:03:42Z,KMIA,2026-06-21,icon_global,94.5,73.9
111,2026-06-20T22:03:42Z,KMIA,2026-06-22,icon_global,93.4,76.5
112,2026-06-20T22:03:42Z,KMIA,2026-06-20,gem_global,92.4,75.1
113,2026-06-20T22:03:42Z,KMIA,2026-06-21,gem_global,91.9,74.4
114,2026-06-20T22:03:42Z,KMIA,2026-06-22,gem_global,90.4,74.8
115,2026-06-20T22:03:42Z,KMIA,2026-06-20,ecmwf_ifs025,89.7,78.4
116,2026-06-20T22:03:42Z,KMIA,2026-06-21,ecmwf_ifs025,90.9,80.2
117,2026-06-20T22:03:42Z,KMIA,2026-06-22,ecmwf_ifs025,90.4,81.2
118,2026-06-20T22:03:42Z,KMIA,2026-06-20,ukmo_global_deterministic_10km,92.3,80.9
119,2026-06-20T22:03:42Z,KMIA,2026-06-21,ukmo_global_deterministic_10km,94.0,81.2
120,2026-06-20T22:03:42Z,KMIA,2026-06-22,ukmo_global_deterministic_10km,91.7,83.8
121,2026-06-20T22:03:42Z,KMSP,2026-06-20,gfs_seamless,75.5,53.0
122,2026-06-20T22:03:42Z,KMSP,2026-06-21,gfs_seamless,77.8,54.8
123,2026-06-20T22:03:42Z,KMSP,2026-06-22,gfs_seamless,78.2,55.6
124,2026-06-20T22:03:42Z,KMSP,2026-06-20,icon_global,73.7,53.9
125,2026-06-20T22:03:42Z,KMSP,2026-06-21,icon_global,75.0,56.8
126,2026-06-20T22:03:42Z,KMSP,2026-06-22,icon_global,76.1,55.3
127,2026-06-20T22:03:42Z,KMSP,2026-06-20,gem_global,74.3,52.3
128,2026-06-20T22:03:42Z,KMSP,2026-06-21,gem_global,77.4,54.0
129,2026-06-20T22:03:42Z,KMSP,2026-06-22,gem_global,80.5,56.1
130,2026-06-20T22:03:42Z,KMSP,2026-06-20,ecmwf_ifs025,73.3,54.5
131,2026-06-20T22:03:42Z,KMSP,2026-06-21,ecmwf_ifs025,74.9,55.7
132,2026-06-20T22:03:42Z,KMSP,2026-06-22,ecmwf_ifs025,76.4,56.1
133,2026-06-20T22:03:42Z,KMSP,2026-06-20,ukmo_global_deterministic_10km,75.7,57.0
134,2026-06-20T22:03:42Z,KMSP,2026-06-21,ukmo_global_deterministic_10km,75.8,62.5
135,2026-06-20T22:03:42Z,KMSP,2026-06-22,ukmo_global_deterministic_10km,77.4,60.6
136,2026-06-20T22:03:42Z,KMSY,2026-06-20,gfs_seamless,87.4,72.8
137,2026-06-20T22:03:42Z,KMSY,2026-06-21,gfs_seamless,86.7,74.6
138,2026-06-20T22:03:42Z,KMSY,2026-06-22,gfs_seamless,93.7,76.0
139,2026-06-20T22:03:42Z,KMSY,2026-06-20,icon_global,88.2,78.6
140,2026-06-20T22:03:42Z,KMSY,2026-06-21,icon_global,90.8,78.7
141,2026-06-20T22:03:42Z,KMSY,2026-06-22,icon_global,95.2,78.7
142,2026-06-20T22:03:42Z,KMSY,2026-06-20,gem_global,89.2,79.9
143,2026-06-20T22:03:42Z,KMSY,2026-06-21,gem_global,89.5,80.1
144,2026-06-20T22:03:42Z,KMSY,2026-06-22,gem_global,92.8,80.0
145,2026-06-20T22:03:42Z,KMSY,2026-06-20,ecmwf_ifs025,84.4,72.9
146,2026-06-20T22:03:42Z,KMSY,2026-06-21,ecmwf_ifs025,85.6,77.6
147,2026-06-20T22:03:42Z,KMSY,2026-06-22,ecmwf_ifs025,88.8,79.2
148,2026-06-20T22:03:42Z,KMSY,2026-06-20,ukmo_global_deterministic_10km,88.5,79.0
149,2026-06-20T22:03:42Z,KMSY,2026-06-21,ukmo_global_deterministic_10km,92.0,79.8
150,2026-06-20T22:03:42Z,KMSY,2026-06-22,ukmo_global_deterministic_10km,95.2,80.2
151,2026-06-20T22:03:42Z,KNYC,2026-06-20,gfs_seamless,83.3,65.9
152,2026-06-20T22:03:42Z,KNYC,2026-06-21,gfs_seamless,82.7,61.5
153,2026-06-20T22:03:42Z,KNYC,2026-06-22,gfs_seamless,74.1,62.9
154,2026-06-20T22:03:42Z,KNYC,2026-06-20,icon_global,82.3,65.8
155,2026-06-20T22:03:42Z,KNYC,2026-06-21,icon_global,81.6,67.8
156,2026-06-20T22:03:42Z,KNYC,2026-06-22,icon_global,72.4,69.0
157,2026-06-20T22:03:42Z,KNYC,2026-06-20,gem_global,80.7,67.1
158,2026-06-20T22:03:42Z,KNYC,2026-06-21,gem_global,80.0,62.1
159,2026-06-20T22:03:42Z,KNYC,2026-06-22,gem_global,79.1,59.7
160,2026-06-20T22:03:42Z,KNYC,2026-06-20,ecmwf_ifs025,85.4,66.8
161,2026-06-20T22:03:42Z,KNYC,2026-06-21,ecmwf_ifs025,86.9,67.8
162,2026-06-20T22:03:42Z,KNYC,2026-06-22,ecmwf_ifs025,77.4,69.6
163,2026-06-20T22:03:42Z,KNYC,2026-06-20,ukmo_global_deterministic_10km,81.8,66.7
164,2026-06-20T22:03:42Z,KNYC,2026-06-21,ukmo_global_deterministic_10km,80.7,68.6
165,2026-06-20T22:03:42Z,KNYC,2026-06-22,ukmo_global_deterministic_10km,77.9,69.9
166,2026-06-20T22:03:42Z,KPHL,2026-06-20,gfs_seamless,83.5,66.6
167,2026-06-20T22:03:42Z,KPHL,2026-06-21,gfs_seamless,85.8,64.2
168,2026-06-20T22:03:42Z,KPHL,2026-06-22,gfs_seamless,85.3,66.7
169,2026-06-20T22:03:42Z,KPHL,2026-06-20,icon_global,84.0,67.1
170,2026-06-20T22:03:42Z,KPHL,2026-06-21,icon_global,85.5,68.5
171,2026-06-20T22:03:42Z,KPHL,2026-06-22,icon_global,90.2,71.4
172,2026-06-20T22:03:42Z,KPHL,2026-06-20,gem_global,83.6,68.3
173,2026-06-20T22:03:42Z,KPHL,2026-06-21,gem_global,85.4,64.2
174,2026-06-20T22:03:42Z,KPHL,2026-06-22,gem_global,86.3,63.7
175,2026-06-20T22:03:42Z,KPHL,2026-06-20,ecmwf_ifs025,84.9,66.9
176,2026-06-20T22:03:42Z,KPHL,2026-06-21,ecmwf_ifs025,88.3,65.3
177,2026-06-20T22:03:42Z,KPHL,2026-06-22,ecmwf_ifs025,87.9,68.3
178,2026-06-20T22:03:42Z,KPHL,2026-06-20,ukmo_global_deterministic_10km,82.2,68.3
179,2026-06-20T22:03:42Z,KPHL,2026-06-21,ukmo_global_deterministic_10km,83.9,69.0
180,2026-06-20T22:03:42Z,KPHL,2026-06-22,ukmo_global_deterministic_10km,87.8,72.2
181,2026-06-20T22:03:42Z,KPHX,2026-06-20,gfs_seamless,103.0,79.7
182,2026-06-20T22:03:42Z,KPHX,2026-06-21,gfs_seamless,105.4,71.8
183,2026-06-20T22:03:42Z,KPHX,2026-06-22,gfs_seamless,106.9,72.1
184,2026-06-20T22:03:42Z,KPHX,2026-06-20,icon_global,102.8,78.7
185,2026-06-20T22:03:42Z,KPHX,2026-06-21,icon_global,104.9,78.5
186,2026-06-20T22:03:42Z,KPHX,2026-06-22,icon_global,107.8,79.6
187,2026-06-20T22:03:42Z,KPHX,2026-06-20,gem_global,102.2,63.3
188,2026-06-20T22:03:42Z,KPHX,2026-06-21,gem_global,102.5,58.8
189,2026-06-20T22:03:42Z,KPHX,2026-06-22,gem_global,104.7,58.8
190,2026-06-20T22:03:42Z,KPHX,2026-06-20,ecmwf_ifs025,104.1,81.5
191,2026-06-20T22:03:42Z,KPHX,2026-06-21,ecmwf_ifs025,105.5,82.0
192,2026-06-20T22:03:42Z,KPHX,2026-06-22,ecmwf_ifs025,108.2,82.3
193,2026-06-20T22:03:42Z,KPHX,2026-06-20,ukmo_global_deterministic_10km,102.1,78.5
194,2026-06-20T22:03:42Z,KPHX,2026-06-21,ukmo_global_deterministic_10km,102.6,74.6
195,2026-06-20T22:03:42Z,KPHX,2026-06-22,ukmo_global_deterministic_10km,105.7,75.9
196,2026-06-20T22:03:42Z,KSAT,2026-06-20,gfs_seamless,84.3,71.6
197,2026-06-20T22:03:42Z,KSAT,2026-06-21,gfs_seamless,88.6,74.9
198,2026-06-20T22:03:42Z,KSAT,2026-06-22,gfs_seamless,94.1,76.6
199,2026-06-20T22:03:42Z,KSAT,2026-06-20,icon_global,83.6,75.8
200,2026-06-20T22:03:42Z,KSAT,2026-06-21,icon_global,90.7,75.1
201,2026-06-20T22:03:42Z,KSAT,2026-06-22,icon_global,94.0,78.3
202,2026-06-20T22:03:42Z,KSAT,2026-06-20,gem_global,87.4,71.4
203,2026-06-20T22:03:42Z,KSAT,2026-06-21,gem_global,86.2,72.3
204,2026-06-20T22:03:42Z,KSAT,2026-06-22,gem_global,91.2,74.6
205,2026-06-20T22:03:42Z,KSAT,2026-06-20,ecmwf_ifs025,83.8,71.6
206,2026-06-20T22:03:42Z,KSAT,2026-06-21,ecmwf_ifs025,88.3,72.6
207,2026-06-20T22:03:42Z,KSAT,2026-06-22,ecmwf_ifs025,90.7,75.9
208,2026-06-20T22:03:42Z,KSAT,2026-06-20,ukmo_global_deterministic_10km,84.4,74.4
209,2026-06-20T22:03:42Z,KSAT,2026-06-21,ukmo_global_deterministic_10km,91.0,76.3
210,2026-06-20T22:03:42Z,KSAT,2026-06-22,ukmo_global_deterministic_10km,93.8,78.8
