id,run_at,icao,period_name,start_time,is_daytime,temp_f,short_fcst,detailed_fcst
1,2026-07-27T01:11:56Z,KATL,Tonight,2026-07-26T19:00:00-04:00,0,74.0,Partly Cloudy,"Partly cloudy, with a low around 74. Northwest wind 5 to 10 mph."
2,2026-07-27T01:11:56Z,KATL,Monday,2026-07-27T06:00:00-04:00,1,93.0,Slight Chance Showers And Thunderstorms then Mostly Sunny,"A chance of rain showers between 8am and 11am, then a slight chance of showers and thunderstorms between 11am and noon. Mostly sunny, with a high near 93. Heat index values as high as 101. Northwest wind 5 to 10 mph. Chance of precipitation is 30%."
3,2026-07-27T01:11:56Z,KATL,Monday Night,2026-07-27T18:00:00-04:00,0,76.0,Mostly Clear,"Mostly clear, with a low around 76. Heat index values as high as 99. Northwest wind 0 to 10 mph."
4,2026-07-27T01:11:56Z,KATL,Tuesday,2026-07-28T06:00:00-04:00,1,96.0,Sunny,"Sunny, with a high near 96. Heat index values as high as 103. West wind 5 to 10 mph, with gusts as high as 25 mph."
5,2026-07-27T01:11:56Z,KATL,Tuesday Night,2026-07-28T18:00:00-04:00,0,77.0,Slight Chance Showers And Thunderstorms,"A slight chance of showers and thunderstorms between 8pm and 2am. Partly cloudy, with a low around 77. West wind 5 to 10 mph, with gusts as high as 20 mph. Chance of precipitation is 20%."
6,2026-07-27T01:11:56Z,KATL,Wednesday,2026-07-29T06:00:00-04:00,1,91.0,Mostly Sunny,"Mostly sunny, with a high near 91."
7,2026-07-27T01:11:56Z,KATL,Wednesday Night,2026-07-29T18:00:00-04:00,0,72.0,Mostly Clear,"Mostly clear, with a low around 72."
8,2026-07-27T01:11:56Z,KATL,Thursday,2026-07-30T06:00:00-04:00,1,92.0,Sunny,"Sunny, with a high near 92."
9,2026-07-27T01:11:56Z,KATL,Thursday Night,2026-07-30T18:00:00-04:00,0,72.0,Mostly Clear,"Mostly clear, with a low around 72."
10,2026-07-27T01:11:56Z,KATL,Friday,2026-07-31T06:00:00-04:00,1,92.0,Mostly Sunny,"Mostly sunny, with a high near 92."
11,2026-07-27T01:11:56Z,KATL,Friday Night,2026-07-31T18:00:00-04:00,0,74.0,Mostly Cloudy,"Mostly cloudy, with a low around 74."
12,2026-07-27T01:11:56Z,KATL,Saturday,2026-08-01T06:00:00-04:00,1,90.0,Chance Rain Showers then Chance Showers And Thunderstorms,"A chance of rain showers between 8am and 2pm, then a chance of showers and thunderstorms. Partly sunny, with a high near 90. Chance of precipitation is 40%."
13,2026-07-27T01:11:56Z,KATL,Saturday Night,2026-08-01T18:00:00-04:00,0,73.0,Chance Showers And Thunderstorms,"A chance of showers and thunderstorms. Mostly cloudy, with a low around 73. Chance of precipitation is 50%."
14,2026-07-27T01:11:56Z,KATL,Sunday,2026-08-02T06:00:00-04:00,1,85.0,Chance Showers And Thunderstorms,"A slight chance of rain showers before 8am, then a chance of showers and thunderstorms between 8am and 2pm, then a chance of showers and thunderstorms. Partly sunny, with a high near 85."
15,2026-07-27T01:11:56Z,KAUS,Tonight,2026-07-26T19:00:00-05:00,0,76.0,Mostly Clear,"Mostly clear, with a low around 76. Heat index values as high as 101. South wind 5 to 10 mph."
16,2026-07-27T01:11:56Z,KAUS,Monday,2026-07-27T06:00:00-05:00,1,98.0,Sunny,"Sunny, with a high near 98. Heat index values as high as 104. South southwest wind 5 to 10 mph."
17,2026-07-27T01:11:56Z,KAUS,Monday Night,2026-07-27T18:00:00-05:00,0,76.0,Mostly Clear,"Mostly clear, with a low around 76. Heat index values as high as 104. South wind 5 to 10 mph, with gusts as high as 20 mph."
18,2026-07-27T01:11:56Z,KAUS,Tuesday,2026-07-28T06:00:00-05:00,1,98.0,Sunny,"Sunny, with a high near 98. Heat index values as high as 106. South wind 5 to 10 mph."
19,2026-07-27T01:11:56Z,KAUS,Tuesday Night,2026-07-28T18:00:00-05:00,0,77.0,Mostly Clear,"Mostly clear, with a low around 77. South wind 5 to 10 mph, with gusts as high as 20 mph."
20,2026-07-27T01:11:56Z,KAUS,Wednesday,2026-07-29T06:00:00-05:00,1,99.0,Sunny,"Sunny, with a high near 99. South wind 5 to 10 mph."
21,2026-07-27T01:11:56Z,KAUS,Wednesday Night,2026-07-29T18:00:00-05:00,0,78.0,Mostly Clear,"Mostly clear, with a low around 78. South wind 5 to 10 mph."
22,2026-07-27T01:11:56Z,KAUS,Thursday,2026-07-30T06:00:00-05:00,1,100.0,Mostly Sunny,"Mostly sunny, with a high near 100. South wind 5 to 10 mph."
23,2026-07-27T01:11:56Z,KAUS,Thursday Night,2026-07-30T18:00:00-05:00,0,78.0,Mostly Clear,"Mostly clear, with a low around 78. South wind around 10 mph."
24,2026-07-27T01:11:56Z,KAUS,Friday,2026-07-31T06:00:00-05:00,1,101.0,Mostly Sunny,"Mostly sunny, with a high near 101."
25,2026-07-27T01:11:56Z,KAUS,Friday Night,2026-07-31T18:00:00-05:00,0,80.0,Mostly Clear,"Mostly clear, with a low around 80."
26,2026-07-27T01:11:56Z,KAUS,Saturday,2026-08-01T06:00:00-05:00,1,101.0,Mostly Sunny,"Mostly sunny, with a high near 101."
27,2026-07-27T01:11:56Z,KAUS,Saturday Night,2026-08-01T18:00:00-05:00,0,81.0,Mostly Clear,"Mostly clear, with a low around 81."
28,2026-07-27T01:11:56Z,KAUS,Sunday,2026-08-02T06:00:00-05:00,1,99.0,Mostly Sunny,"Mostly sunny, with a high near 99."
29,2026-07-27T01:11:56Z,KBOS,Tonight,2026-07-26T21:00:00-04:00,0,59.0,Mostly Clear,"Mostly clear, with a low around 59. North wind around 3 mph."
30,2026-07-27T01:11:56Z,KBOS,Monday,2026-07-27T06:00:00-04:00,1,77.0,Sunny,"Sunny, with a high near 77. Northeast wind 1 to 10 mph."
31,2026-07-27T01:11:56Z,KBOS,Monday Night,2026-07-27T18:00:00-04:00,0,65.0,Mostly Clear,"Mostly clear, with a low around 65. South wind 3 to 8 mph."
32,2026-07-27T01:11:56Z,KBOS,Tuesday,2026-07-28T06:00:00-04:00,1,80.0,Chance Showers And Thunderstorms,"A chance of rain showers between 10am and 11am, then a chance of showers and thunderstorms. Partly sunny, with a high near 80. South wind 3 to 12 mph. Chance of precipitation is 40%."
33,2026-07-27T01:11:56Z,KBOS,Tuesday Night,2026-07-28T18:00:00-04:00,0,65.0,Patchy Fog,"A chance of showers and thunderstorms before midnight, then patchy fog and showers and thunderstorms likely. Mostly cloudy, with a low around 65. Southeast wind 6 to 10 mph. Chance of precipitation is 60%."
34,2026-07-27T01:11:56Z,KBOS,Wednesday,2026-07-29T06:00:00-04:00,1,74.0,Patchy Fog,"Patchy fog and showers and thunderstorms before 2pm, then patchy fog and showers and thunderstorms. Mostly cloudy, with a high near 74. East wind 10 to 16 mph. Chance of precipitation is 90%."
35,2026-07-27T01:11:56Z,KBOS,Wednesday Night,2026-07-29T18:00:00-04:00,0,63.0,Patchy Fog,"Patchy fog and showers and thunderstorms. Mostly cloudy, with a low around 63. Northeast wind around 16 mph. Chance of precipitation is 80%."
36,2026-07-27T01:11:56Z,KBOS,Thursday,2026-07-30T06:00:00-04:00,1,70.0,Showers And Thunderstorms Likely,"Showers and thunderstorms likely. Mostly cloudy, with a high near 70. Northeast wind 12 to 16 mph. Chance of precipitation is 70%."
37,2026-07-27T01:11:56Z,KBOS,Thursday Night,2026-07-30T18:00:00-04:00,0,64.0,Chance Showers And Thunderstorms,"A chance of showers and thunderstorms before 8pm, then a chance of showers and thunderstorms between 8pm and midnight, then a slight chance of showers and thunderstorms between midnight and 4am. Mostly cloudy, with a low around 64. North wind 7 to 10 mph. Chance of precipitation is 50%."
38,2026-07-27T01:11:56Z,KBOS,Friday,2026-07-31T06:00:00-04:00,1,76.0,Mostly Sunny then Slight Chance Showers And Thunderstorms,"A slight chance of showers and thunderstorms after 4pm. Mostly sunny, with a high near 76. Northeast wind around 7 mph."
39,2026-07-27T01:11:56Z,KBOS,Friday Night,2026-07-31T18:00:00-04:00,0,67.0,Slight Chance Showers And Thunderstorms then Partly Cloudy,"A slight chance of showers and thunderstorms before 7pm. Partly cloudy, with a low around 67. Southwest wind around 5 mph."
40,2026-07-27T01:11:56Z,KBOS,Saturday,2026-08-01T06:00:00-04:00,1,79.0,Sunny,"Sunny, with a high near 79. South wind 3 to 8 mph."
41,2026-07-27T01:11:56Z,KBOS,Saturday Night,2026-08-01T18:00:00-04:00,0,69.0,Partly Cloudy,"Partly cloudy, with a low around 69. South wind 5 to 8 mph."
42,2026-07-27T01:11:56Z,KBOS,Sunday,2026-08-02T06:00:00-04:00,1,81.0,Mostly Sunny then Slight Chance Showers And Thunderstorms,"A slight chance of showers and thunderstorms between 2pm and 4pm, then a chance of showers and thunderstorms. Mostly sunny, with a high near 81. Southwest wind 5 to 9 mph."
43,2026-07-27T01:11:56Z,KMDW,Tonight,2026-07-26T18:00:00-05:00,0,75.0,Mostly Cloudy then Chance Showers And Thunderstorms,"A chance of showers and thunderstorms after midnight. Mostly cloudy, with a low around 75. Heat index values as high as 96. South southwest wind 5 to 10 mph. Chance of precipitation is 50%. New rainfall amounts between a tenth and quarter of an inch possible."
44,2026-07-27T01:11:56Z,KMDW,Monday,2026-07-27T06:00:00-05:00,1,89.0,Showers And Thunderstorms Likely then Chance Showers And Thunderstorms,"Showers and thunderstorms likely before 10am, then a chance of showers and thunderstorms. Partly sunny, with a high near 89. Heat index values as high as 99. Southwest wind 10 to 15 mph, with gusts as high as 25 mph. Chance of precipitation is 60%. New rainfall amounts between a half and three quarters of an inch possible."
45,2026-07-27T01:11:56Z,KMDW,Monday Night,2026-07-27T18:00:00-05:00,0,72.0,Chance Showers And Thunderstorms,"A chance of showers and thunderstorms before 1am. Mostly cloudy, with a low around 72. Heat index values as high as 98. Northwest wind 10 to 15 mph, with gusts as high as 25 mph. Chance of precipitation is 50%. New rainfall amounts less than a tenth of an inch possible."
46,2026-07-27T01:11:56Z,KMDW,Tuesday,2026-07-28T06:00:00-05:00,1,80.0,Mostly Sunny,"Mostly sunny, with a high near 80. North wind 15 to 20 mph, with gusts as high as 30 mph."
47,2026-07-27T01:11:56Z,KMDW,Tuesday Night,2026-07-28T18:00:00-05:00,0,66.0,Mostly Clear,"Mostly clear, with a low around 66. North wind 10 to 15 mph, with gusts as high as 25 mph."
48,2026-07-27T01:11:56Z,KMDW,Wednesday,2026-07-29T06:00:00-05:00,1,81.0,Sunny,"Sunny, with a high near 81."
49,2026-07-27T01:11:56Z,KMDW,Wednesday Night,2026-07-29T18:00:00-05:00,0,66.0,Mostly Clear,"Mostly clear, with a low around 66."
50,2026-07-27T01:11:56Z,KMDW,Thursday,2026-07-30T06:00:00-05:00,1,86.0,Sunny,"Sunny, with a high near 86."
51,2026-07-27T01:11:56Z,KMDW,Thursday Night,2026-07-30T18:00:00-05:00,0,70.0,Partly Cloudy,"Partly cloudy, with a low around 70."
52,2026-07-27T01:11:56Z,KMDW,Friday,2026-07-31T06:00:00-05:00,1,82.0,Chance Showers And Thunderstorms,"A slight chance of rain showers between 7am and 1pm, then a chance of showers and thunderstorms. Mostly cloudy, with a high near 82."
53,2026-07-27T01:11:56Z,KMDW,Friday Night,2026-07-31T18:00:00-05:00,0,70.0,Chance Showers And Thunderstorms,"A chance of showers and thunderstorms. Mostly cloudy, with a low around 70."
54,2026-07-27T01:11:56Z,KMDW,Saturday,2026-08-01T06:00:00-05:00,1,80.0,Chance Rain Showers,"A chance of rain showers before 1pm, then a chance of showers and thunderstorms. Partly sunny, with a high near 80."
55,2026-07-27T01:11:56Z,KMDW,Saturday Night,2026-08-01T18:00:00-05:00,0,68.0,Chance Showers And Thunderstorms then Slight Chance Showers And Thunderstorms,"A chance of showers and thunderstorms before 7pm, then a slight chance of showers and thunderstorms between 7pm and 1am. Partly cloudy, with a low around 68."
56,2026-07-27T01:11:56Z,KMDW,Sunday,2026-08-02T06:00:00-05:00,1,82.0,Mostly Sunny,"Mostly sunny, with a high near 82."
57,2026-07-27T01:11:56Z,KDFW,Tonight,2026-07-26T18:00:00-05:00,0,80.0,Mostly Clear,"Mostly clear, with a low around 80. Heat index values as high as 106. South wind around 10 mph."
58,2026-07-27T01:11:56Z,KDFW,Monday,2026-07-27T06:00:00-05:00,1,102.0,Sunny,"Sunny, with a high near 102. Heat index values as high as 107. South southwest wind around 10 mph."
59,2026-07-27T01:11:56Z,KDFW,Monday Night,2026-07-27T18:00:00-05:00,0,80.0,Mostly Clear,"Mostly clear. Low around 80, with temperatures rising to around 82 overnight. Heat index values as high as 106. South wind around 10 mph."
60,2026-07-27T01:11:56Z,KDFW,Tuesday,2026-07-28T06:00:00-05:00,1,102.0,Sunny,"Sunny, with a high near 102. Heat index values as high as 107. South southwest wind 5 to 10 mph."
61,2026-07-27T01:11:56Z,KDFW,Tuesday Night,2026-07-28T18:00:00-05:00,0,82.0,Mostly Clear,"Mostly clear, with a low around 82. South wind 5 to 10 mph."
62,2026-07-27T01:11:56Z,KDFW,Wednesday,2026-07-29T06:00:00-05:00,1,102.0,Sunny,"Sunny, with a high near 102. South southwest wind 5 to 10 mph."
63,2026-07-27T01:11:56Z,KDFW,Wednesday Night,2026-07-29T18:00:00-05:00,0,82.0,Mostly Clear,"Mostly clear, with a low around 82. South wind 5 to 10 mph."
64,2026-07-27T01:11:56Z,KDFW,Thursday,2026-07-30T06:00:00-05:00,1,103.0,Mostly Sunny,"Mostly sunny, with a high near 103. South southwest wind 5 to 10 mph."
65,2026-07-27T01:11:56Z,KDFW,Thursday Night,2026-07-30T18:00:00-05:00,0,83.0,Mostly Clear,"Mostly clear, with a low around 83. South wind around 10 mph."
66,2026-07-27T01:11:56Z,KDFW,Friday,2026-07-31T06:00:00-05:00,1,104.0,Mostly Sunny,"Mostly sunny, with a high near 104."
67,2026-07-27T01:11:56Z,KDFW,Friday Night,2026-07-31T18:00:00-05:00,0,83.0,Mostly Clear,"Mostly clear, with a low around 83."
68,2026-07-27T01:11:56Z,KDFW,Saturday,2026-08-01T06:00:00-05:00,1,102.0,Mostly Sunny,"Mostly sunny, with a high near 102."
69,2026-07-27T01:11:56Z,KDFW,Saturday Night,2026-08-01T18:00:00-05:00,0,79.0,Mostly Clear,"Mostly clear, with a low around 79."
70,2026-07-27T01:11:56Z,KDFW,Sunday,2026-08-02T06:00:00-05:00,1,99.0,Sunny,"Sunny, with a high near 99."
71,2026-07-27T01:11:56Z,KDEN,Tonight,2026-07-26T18:00:00-06:00,0,72.0,Slight Chance Showers And Thunderstorms then Mostly Cloudy,"A slight chance of showers and thunderstorms before midnight. Mostly cloudy. Low around 72, with temperatures rising to around 76 overnight. West northwest wind 6 to 10 mph, with gusts as high as 16 mph. Chance of precipitation is 20%."
72,2026-07-27T01:11:56Z,KDEN,Monday,2026-07-27T06:00:00-06:00,1,96.0,Partly Sunny then Slight Chance Showers And Thunderstorms,"A slight chance of showers and thunderstorms between 1pm and 2pm, then a chance of showers and thunderstorms between 2pm and 3pm, then a chance of showers and thunderstorms. Partly sunny. High near 96, with temperatures falling to around 88 in the afternoon. North wind 6 to 10 mph, with gusts as high as 16 mph. Chance of precipitation is 50%. New rainfall amounts less than a tenth of an inch possible."
73,2026-07-27T01:11:56Z,KDEN,Monday Night,2026-07-27T18:00:00-06:00,0,67.0,Showers And Thunderstorms Likely,"Showers and thunderstorms likely before 8pm, then a chance of showers and thunderstorms between 8pm and 9pm, then a chance of showers and thunderstorms between 9pm and 1am. Mostly cloudy. Low around 67, with temperatures rising to around 71 overnight. South southeast wind 3 to 9 mph. Chance of precipitation is 60%."
74,2026-07-27T01:11:56Z,KDEN,Tuesday,2026-07-28T06:00:00-06:00,1,93.0,Mostly Sunny then Chance Showers And Thunderstorms,"A chance of showers and thunderstorms between noon and 3pm, then a chance of showers and thunderstorms. Mostly sunny, with a high near 93. West wind 2 to 8 mph. Chance of precipitation is 50%."
75,2026-07-27T01:11:56Z,KDEN,Tuesday Night,2026-07-28T18:00:00-06:00,0,64.0,Showers And Thunderstorms Likely then Partly Cloudy,"Showers and thunderstorms likely before midnight. Partly cloudy, with a low around 64. South southeast wind 3 to 8 mph, with gusts as high as 16 mph. Chance of precipitation is 60%."
76,2026-07-27T01:11:56Z,KDEN,Wednesday,2026-07-29T06:00:00-06:00,1,92.0,Sunny then Chance Showers And Thunderstorms,"A chance of showers and thunderstorms after noon. Sunny, with a high near 92. Chance of precipitation is 50%."
77,2026-07-27T01:11:56Z,KDEN,Wednesday Night,2026-07-29T18:00:00-06:00,0,64.0,Chance Showers And Thunderstorms,"A chance of showers and thunderstorms. Mostly cloudy, with a low around 64."
78,2026-07-27T01:11:56Z,KDEN,Thursday,2026-07-30T06:00:00-06:00,1,94.0,Mostly Sunny then Slight Chance Showers And Thunderstorms,"A slight chance of showers and thunderstorms after noon. Mostly sunny, with a high near 94."
79,2026-07-27T01:11:56Z,KDEN,Thursday Night,2026-07-30T18:00:00-06:00,0,65.0,Slight Chance Showers And Thunderstorms then Partly Cloudy,"A slight chance of showers and thunderstorms before midnight. Partly cloudy, with a low around 65."
80,2026-07-27T01:11:56Z,KDEN,Friday,2026-07-31T06:00:00-06:00,1,94.0,Sunny,"Sunny, with a high near 94."
81,2026-07-27T01:11:56Z,KDEN,Friday Night,2026-07-31T18:00:00-06:00,0,65.0,Slight Chance Showers And Thunderstorms then Mostly Clear,"A slight chance of showers and thunderstorms before midnight. Mostly clear, with a low around 65."
82,2026-07-27T01:11:56Z,KDEN,Saturday,2026-08-01T06:00:00-06:00,1,95.0,Sunny,"Sunny, with a high near 95."
83,2026-07-27T01:11:56Z,KDEN,Saturday Night,2026-08-01T18:00:00-06:00,0,66.0,Mostly Clear,"Mostly clear, with a low around 66."
84,2026-07-27T01:11:56Z,KDEN,Sunday,2026-08-02T06:00:00-06:00,1,97.0,Sunny,"Sunny, with a high near 97."
85,2026-07-27T01:11:56Z,KLAS,This Afternoon,2026-07-26T17:00:00-07:00,1,111.0,Sunny,"Sunny. High near 111, with temperatures falling to around 109 in the afternoon. Heat index values as high as 105. Southwest wind around 13 mph."
86,2026-07-27T01:11:56Z,KLAS,Tonight,2026-07-26T18:00:00-07:00,0,89.0,Mostly Clear,"Mostly clear. Low around 89, with temperatures rising to around 92 overnight. Heat index values as high as 105. Southwest wind 7 to 13 mph."
87,2026-07-27T01:11:56Z,KLAS,Monday,2026-07-27T06:00:00-07:00,1,111.0,Sunny,"Sunny, with a high near 111. Heat index values as high as 107. South southwest wind 7 to 12 mph."
88,2026-07-27T01:11:56Z,KLAS,Monday Night,2026-07-27T18:00:00-07:00,0,88.0,Mostly Clear,"Mostly clear, with a low around 88. Heat index values as high as 105. Southwest wind 7 to 12 mph."
89,2026-07-27T01:11:56Z,KLAS,Tuesday,2026-07-28T06:00:00-07:00,1,111.0,Sunny,"Sunny, with a high near 111. South southwest wind 5 to 12 mph."
90,2026-07-27T01:11:56Z,KLAS,Tuesday Night,2026-07-28T18:00:00-07:00,0,87.0,Mostly Clear,"Mostly clear, with a low around 87."
91,2026-07-27T01:11:56Z,KLAS,Wednesday,2026-07-29T06:00:00-07:00,1,111.0,Sunny,"Sunny, with a high near 111."
92,2026-07-27T01:11:56Z,KLAS,Wednesday Night,2026-07-29T18:00:00-07:00,0,87.0,Mostly Clear,"Mostly clear, with a low around 87."
93,2026-07-27T01:11:56Z,KLAS,Thursday,2026-07-30T06:00:00-07:00,1,112.0,Sunny,"Sunny, with a high near 112."
94,2026-07-27T01:11:56Z,KLAS,Thursday Night,2026-07-30T18:00:00-07:00,0,88.0,Mostly Clear,"Mostly clear, with a low around 88."
95,2026-07-27T01:11:56Z,KLAS,Friday,2026-07-31T06:00:00-07:00,1,114.0,Sunny,"Sunny, with a high near 114."
96,2026-07-27T01:11:56Z,KLAS,Friday Night,2026-07-31T18:00:00-07:00,0,90.0,Mostly Clear,"Mostly clear, with a low around 90."
97,2026-07-27T01:11:56Z,KLAS,Saturday,2026-08-01T06:00:00-07:00,1,115.0,Sunny,"Sunny, with a high near 115."
98,2026-07-27T01:11:56Z,KLAS,Saturday Night,2026-08-01T18:00:00-07:00,0,91.0,Mostly Clear,"Mostly clear, with a low around 91."
99,2026-07-27T01:11:56Z,KLAX,This Afternoon,2026-07-26T13:00:00-07:00,1,81.0,Partly Sunny,"Partly sunny, with a high near 81. Southwest wind around 10 mph."
100,2026-07-27T01:11:56Z,KLAX,Tonight,2026-07-26T18:00:00-07:00,0,68.0,Patchy Fog,"Patchy fog after 11pm. Mostly cloudy, with a low around 68. South southwest wind 5 to 10 mph."
101,2026-07-27T01:11:56Z,KLAX,Monday,2026-07-27T06:00:00-07:00,1,81.0,Patchy Fog then Mostly Sunny,"Patchy fog before 11am. Mostly sunny, with a high near 81. South southwest wind 5 to 10 mph."
102,2026-07-27T01:11:56Z,KLAX,Monday Night,2026-07-27T18:00:00-07:00,0,68.0,Patchy Fog,"Patchy fog after 11pm. Mostly cloudy, with a low around 68. Southwest wind 5 to 10 mph."
103,2026-07-27T01:11:56Z,KLAX,Tuesday,2026-07-28T06:00:00-07:00,1,79.0,Patchy Fog then Mostly Sunny,"Patchy fog before 11am. Mostly sunny, with a high near 79. South southwest wind 5 to 10 mph."
104,2026-07-27T01:11:56Z,KLAX,Tuesday Night,2026-07-28T18:00:00-07:00,0,67.0,Patchy Fog,"Patchy fog after 11pm. Mostly cloudy, with a low around 67."
105,2026-07-27T01:11:56Z,KLAX,Wednesday,2026-07-29T06:00:00-07:00,1,77.0,Patchy Fog then Mostly Sunny,"Patchy fog before 11am. Mostly sunny, with a high near 77."
106,2026-07-27T01:11:56Z,KLAX,Wednesday Night,2026-07-29T18:00:00-07:00,0,67.0,Partly Cloudy,"Partly cloudy, with a low around 67."
107,2026-07-27T01:11:56Z,KLAX,Thursday,2026-07-30T06:00:00-07:00,1,77.0,Mostly Sunny,"Mostly sunny, with a high near 77."
108,2026-07-27T01:11:56Z,KLAX,Thursday Night,2026-07-30T18:00:00-07:00,0,67.0,Partly Cloudy,"Partly cloudy, with a low around 67."
109,2026-07-27T01:11:56Z,KLAX,Friday,2026-07-31T06:00:00-07:00,1,78.0,Mostly Sunny,"Mostly sunny, with a high near 78."
110,2026-07-27T01:11:56Z,KLAX,Friday Night,2026-07-31T18:00:00-07:00,0,68.0,Partly Cloudy,"Partly cloudy, with a low around 68."
111,2026-07-27T01:11:56Z,KLAX,Saturday,2026-08-01T06:00:00-07:00,1,80.0,Sunny,"Sunny, with a high near 80."
112,2026-07-27T01:11:56Z,KLAX,Saturday Night,2026-08-01T18:00:00-07:00,0,69.0,Partly Cloudy,"Partly cloudy, with a low around 69."
113,2026-07-27T01:11:56Z,KMIA,Tonight,2026-07-26T18:00:00-04:00,0,78.0,Chance Showers And Thunderstorms,"A chance of showers and thunderstorms. Mostly cloudy, with a low around 78. Southwest wind around 7 mph. Chance of precipitation is 40%. New rainfall amounts between a quarter and half of an inch possible."
114,2026-07-27T01:11:56Z,KMIA,Monday,2026-07-27T06:00:00-04:00,1,92.0,Chance Showers And Thunderstorms,"A chance of showers and thunderstorms. Partly sunny, with a high near 92. Heat index values as high as 102. Southwest wind 6 to 10 mph. Chance of precipitation is 40%. New rainfall amounts less than a tenth of an inch possible."
115,2026-07-27T01:11:56Z,KMIA,Monday Night,2026-07-27T18:00:00-04:00,0,79.0,Chance Showers And Thunderstorms then Partly Cloudy,"A chance of showers and thunderstorms before 8pm. Partly cloudy, with a low around 79. West wind 6 to 10 mph. Chance of precipitation is 40%. New rainfall amounts less than a tenth of an inch possible."
116,2026-07-27T01:11:56Z,KMIA,Tuesday,2026-07-28T06:00:00-04:00,1,93.0,Showers And Thunderstorms Likely,"Showers and thunderstorms likely between 8am and 5pm, then showers and thunderstorms likely. Mostly sunny, with a high near 93. Heat index values as high as 103. Southwest wind 6 to 14 mph, with gusts as high as 22 mph. Chance of precipitation is 70%."
117,2026-07-27T01:11:56Z,KMIA,Tuesday Night,2026-07-28T18:00:00-04:00,0,79.0,Showers And Thunderstorms Likely then Partly Cloudy,"Showers and thunderstorms likely before 8pm. Partly cloudy, with a low around 79. Southwest wind 8 to 14 mph, with gusts as high as 21 mph. Chance of precipitation is 70%."
118,2026-07-27T01:11:56Z,KMIA,Wednesday,2026-07-29T06:00:00-04:00,1,94.0,Mostly Sunny then Slight Chance Showers And Thunderstorms,"A slight chance of showers and thunderstorms after 2pm. Mostly sunny, with a high near 94. Southwest wind 8 to 16 mph, with gusts as high as 25 mph. Chance of precipitation is 20%."
119,2026-07-27T01:11:56Z,KMIA,Wednesday Night,2026-07-29T18:00:00-04:00,0,79.0,Slight Chance Showers And Thunderstorms then Partly Cloudy,"A slight chance of showers and thunderstorms before 8pm. Partly cloudy, with a low around 79. Southwest wind 8 to 15 mph, with gusts as high as 24 mph. Chance of precipitation is 20%."
120,2026-07-27T01:11:56Z,KMIA,Thursday,2026-07-30T06:00:00-04:00,1,95.0,Mostly Sunny then Slight Chance Showers And Thunderstorms,"A slight chance of showers and thunderstorms after 2pm. Mostly sunny, with a high near 95. Southwest wind 7 to 15 mph, with gusts as high as 24 mph. Chance of precipitation is 20%."
121,2026-07-27T01:11:56Z,KMIA,Thursday Night,2026-07-30T18:00:00-04:00,0,80.0,Slight Chance Showers And Thunderstorms then Partly Cloudy,"A slight chance of showers and thunderstorms before 8pm. Partly cloudy, with a low around 80. Southwest wind 5 to 14 mph, with gusts as high as 22 mph. Chance of precipitation is 20%."
122,2026-07-27T01:11:56Z,KMIA,Friday,2026-07-31T06:00:00-04:00,1,94.0,Mostly Sunny then Slight Chance Showers And Thunderstorms,"A slight chance of showers and thunderstorms after 2pm. Mostly sunny, with a high near 94. Chance of precipitation is 20%."
123,2026-07-27T01:11:56Z,KMIA,Friday Night,2026-07-31T18:00:00-04:00,0,80.0,Slight Chance Showers And Thunderstorms then Partly Cloudy,"A slight chance of showers and thunderstorms before 8pm. Partly cloudy, with a low around 80. Chance of precipitation is 20%."
124,2026-07-27T01:11:56Z,KMIA,Saturday,2026-08-01T06:00:00-04:00,1,94.0,Mostly Sunny then Chance Showers And Thunderstorms,"A chance of showers and thunderstorms after 2pm. Mostly sunny, with a high near 94. Chance of precipitation is 30%."
125,2026-07-27T01:11:56Z,KMIA,Saturday Night,2026-08-01T18:00:00-04:00,0,81.0,Chance Showers And Thunderstorms then Partly Cloudy,"A chance of showers and thunderstorms before 8pm. Partly cloudy, with a low around 81. Chance of precipitation is 30%."
126,2026-07-27T01:11:56Z,KMIA,Sunday,2026-08-02T06:00:00-04:00,1,93.0,Mostly Sunny then Slight Chance Showers And Thunderstorms,"A slight chance of showers and thunderstorms after 2pm. Mostly sunny, with a high near 93."
127,2026-07-27T01:11:56Z,KMSP,Tonight,2026-07-26T19:00:00-05:00,0,78.0,Mostly Clear,"Mostly clear, with a low around 78. Heat index values as high as 102. South wind around 10 mph."
128,2026-07-27T01:11:56Z,KMSP,Monday,2026-07-27T06:00:00-05:00,1,95.0,Mostly Sunny,"Mostly sunny, with a high near 95. Heat index values as high as 96. West northwest wind 5 to 15 mph, with gusts as high as 30 mph."
129,2026-07-27T01:11:56Z,KMSP,Monday Night,2026-07-27T18:00:00-05:00,0,70.0,Mostly Cloudy,"Mostly cloudy, with a low around 70. Northeast wind 5 to 15 mph."
130,2026-07-27T01:11:56Z,KMSP,Tuesday,2026-07-28T06:00:00-05:00,1,89.0,Mostly Sunny,"Mostly sunny, with a high near 89. East northeast wind around 5 mph."
131,2026-07-27T01:11:56Z,KMSP,Tuesday Night,2026-07-28T18:00:00-05:00,0,71.0,Mostly Clear,"Mostly clear, with a low around 71. East southeast wind around 5 mph."
132,2026-07-27T01:11:56Z,KMSP,Wednesday,2026-07-29T06:00:00-05:00,1,91.0,Sunny,"Sunny, with a high near 91. South wind 5 to 10 mph."
133,2026-07-27T01:11:56Z,KMSP,Wednesday Night,2026-07-29T18:00:00-05:00,0,72.0,Mostly Clear,"Mostly clear, with a low around 72. South wind 5 to 10 mph."
134,2026-07-27T01:11:56Z,KMSP,Thursday,2026-07-30T06:00:00-05:00,1,89.0,Mostly Sunny then Chance Showers And Thunderstorms,"A chance of showers and thunderstorms after 1pm. Mostly sunny, with a high near 89. South wind 5 to 10 mph. Chance of precipitation is 30%."
135,2026-07-27T01:11:56Z,KMSP,Thursday Night,2026-07-30T18:00:00-05:00,0,69.0,Chance Showers And Thunderstorms then Showers And Thunderstorms Likely,"A chance of showers and thunderstorms before 7pm, then showers and thunderstorms likely. Mostly cloudy, with a low around 69. South southwest wind 5 to 10 mph. Chance of precipitation is 70%."
136,2026-07-27T01:11:56Z,KMSP,Friday,2026-07-31T06:00:00-05:00,1,83.0,Showers And Thunderstorms Likely,"Showers and thunderstorms likely before 1pm, then a slight chance of showers and thunderstorms. Partly sunny, with a high near 83. North northwest wind around 5 mph. Chance of precipitation is 70%."
137,2026-07-27T01:11:56Z,KMSP,Friday Night,2026-07-31T18:00:00-05:00,0,67.0,Slight Chance Showers And Thunderstorms,"A slight chance of showers and thunderstorms. Partly cloudy, with a low around 67. North wind 0 to 5 mph. Chance of precipitation is 20%."
138,2026-07-27T01:11:56Z,KMSP,Saturday,2026-08-01T06:00:00-05:00,1,86.0,Slight Chance Showers And Thunderstorms,"A slight chance of showers and thunderstorms before 1pm. Sunny, with a high near 86. North northwest wind 0 to 5 mph. Chance of precipitation is 20%."
139,2026-07-27T01:11:56Z,KMSP,Saturday Night,2026-08-01T18:00:00-05:00,0,67.0,Mostly Clear,"Mostly clear, with a low around 67. East wind 0 to 5 mph."
140,2026-07-27T01:11:56Z,KMSP,Sunday,2026-08-02T06:00:00-05:00,1,87.0,Sunny,"Sunny, with a high near 87. South wind 0 to 10 mph."
141,2026-07-27T01:11:56Z,KMSY,Tonight,2026-07-26T18:00:00-05:00,0,79.0,Mostly Clear,"Mostly clear, with a low around 79. West wind around 10 mph."
142,2026-07-27T01:11:56Z,KMSY,Monday,2026-07-27T06:00:00-05:00,1,95.0,Mostly Sunny,"Mostly sunny, with a high near 95. Heat index values as high as 105. West wind 5 to 10 mph."
143,2026-07-27T01:11:56Z,KMSY,Monday Night,2026-07-27T18:00:00-05:00,0,79.0,Mostly Clear,"Mostly clear, with a low around 79. West wind 5 to 10 mph."
144,2026-07-27T01:11:56Z,KMSY,Tuesday,2026-07-28T06:00:00-05:00,1,96.0,Mostly Sunny,"Mostly sunny, with a high near 96. Heat index values as high as 106. West wind 5 to 10 mph."
145,2026-07-27T01:11:56Z,KMSY,Tuesday Night,2026-07-28T18:00:00-05:00,0,79.0,Mostly Clear,"Mostly clear, with a low around 79. West wind around 10 mph."
146,2026-07-27T01:11:56Z,KMSY,Wednesday,2026-07-29T06:00:00-05:00,1,97.0,Mostly Sunny,"Mostly sunny, with a high near 97. West wind around 10 mph."
147,2026-07-27T01:11:56Z,KMSY,Wednesday Night,2026-07-29T18:00:00-05:00,0,80.0,Partly Cloudy then Slight Chance Showers And Thunderstorms,"A slight chance of showers and thunderstorms after 1am. Partly cloudy, with a low around 80. Southwest wind around 10 mph. Chance of precipitation is 20%."
148,2026-07-27T01:11:56Z,KMSY,Thursday,2026-07-30T06:00:00-05:00,1,94.0,Chance Showers And Thunderstorms,"A chance of showers and thunderstorms. Mostly sunny, with a high near 94. West wind around 10 mph."
149,2026-07-27T01:11:56Z,KMSY,Thursday Night,2026-07-30T18:00:00-05:00,0,79.0,Chance Showers And Thunderstorms,"A chance of showers and thunderstorms. Partly cloudy, with a low around 79. Southwest wind around 10 mph."
150,2026-07-27T01:11:56Z,KMSY,Friday,2026-07-31T06:00:00-05:00,1,93.0,Chance Showers And Thunderstorms,"A chance of showers and thunderstorms. Mostly sunny, with a high near 93. West wind around 10 mph."
151,2026-07-27T01:11:56Z,KMSY,Friday Night,2026-07-31T18:00:00-05:00,0,79.0,Chance Showers And Thunderstorms then Partly Cloudy,"A chance of showers and thunderstorms before 7pm. Partly cloudy, with a low around 79. Southwest wind around 10 mph."
152,2026-07-27T01:11:56Z,KMSY,Saturday,2026-08-01T06:00:00-05:00,1,92.0,Chance Showers And Thunderstorms,"A chance of showers and thunderstorms after 7am. Mostly sunny, with a high near 92. West wind 10 to 15 mph."
153,2026-07-27T01:11:56Z,KMSY,Saturday Night,2026-08-01T18:00:00-05:00,0,78.0,Chance Showers And Thunderstorms,"A chance of showers and thunderstorms. Partly cloudy, with a low around 78. Southwest wind around 10 mph."
154,2026-07-27T01:11:56Z,KMSY,Sunday,2026-08-02T06:00:00-05:00,1,90.0,Chance Showers And Thunderstorms then Showers And Thunderstorms Likely,"A chance of showers and thunderstorms before 7am, then showers and thunderstorms likely between 7am and 1pm, then showers and thunderstorms likely. Mostly sunny, with a high near 90. West wind around 10 mph."
155,2026-07-27T01:11:56Z,KNYC,Tonight,2026-07-26T19:00:00-04:00,0,68.0,Partly Cloudy,"Partly cloudy. Low around 68, with temperatures rising to around 70 overnight. South wind 0 to 6 mph."
156,2026-07-27T01:11:56Z,KNYC,Monday,2026-07-27T06:00:00-04:00,1,82.0,Slight Chance Rain Showers then Chance Showers And Thunderstorms,"A slight chance of rain showers between 11am and 2pm, then a chance of showers and thunderstorms. Mostly sunny. High near 82, with temperatures falling to around 80 in the afternoon. South wind 0 to 7 mph. Chance of precipitation is 50%. New rainfall amounts less than a tenth of an inch possible."
157,2026-07-27T01:11:56Z,KNYC,Monday Night,2026-07-27T18:00:00-04:00,0,69.0,Chance Showers And Thunderstorms,"A chance of showers and thunderstorms before 11pm, then a chance of showers and thunderstorms. Mostly cloudy. Low around 69, with temperatures rising to around 71 overnight. South wind around 6 mph. Chance of precipitation is 50%. New rainfall amounts between a tenth and quarter of an inch possible."
158,2026-07-27T01:11:56Z,KNYC,Tuesday,2026-07-28T06:00:00-04:00,1,78.0,Showers And Thunderstorms,"Showers and thunderstorms. Mostly cloudy. High near 78, with temperatures falling to around 76 in the afternoon. South wind 3 to 10 mph, with gusts as high as 23 mph. Chance of precipitation is 80%. New rainfall amounts between three quarters and one inch possible."
159,2026-07-27T01:11:56Z,KNYC,Tuesday Night,2026-07-28T18:00:00-04:00,0,68.0,Showers And Thunderstorms,"Showers and thunderstorms. Cloudy, with a low around 68. Southeast wind around 8 mph, with gusts as high as 22 mph. Chance of precipitation is 90%. New rainfall amounts between 1 and 2 inches possible."
160,2026-07-27T01:11:56Z,KNYC,Wednesday,2026-07-29T06:00:00-04:00,1,75.0,Rain Showers,"Rain showers before 2pm, then showers and thunderstorms. Mostly cloudy, with a high near 75. Chance of precipitation is 80%. New rainfall amounts between 1 and 2 inches possible."
161,2026-07-27T01:11:56Z,KNYC,Wednesday Night,2026-07-29T18:00:00-04:00,0,66.0,Showers And Thunderstorms,"Showers and thunderstorms. Mostly cloudy, with a low around 66. Chance of precipitation is 80%."
162,2026-07-27T01:11:56Z,KNYC,Thursday,2026-07-30T06:00:00-04:00,1,81.0,Chance Rain Showers,"A chance of rain showers before 8am, then a chance of showers and thunderstorms. Partly sunny, with a high near 81. Chance of precipitation is 30%."
163,2026-07-27T01:11:56Z,KNYC,Thursday Night,2026-07-30T18:00:00-04:00,0,67.0,Chance Showers And Thunderstorms then Partly Cloudy,"A chance of showers and thunderstorms before 8pm. Partly cloudy, with a low around 67. Chance of precipitation is 30%."
164,2026-07-27T01:11:56Z,KNYC,Friday,2026-07-31T06:00:00-04:00,1,83.0,Mostly Sunny,"Mostly sunny, with a high near 83."
165,2026-07-27T01:11:56Z,KNYC,Friday Night,2026-07-31T18:00:00-04:00,0,70.0,Partly Cloudy,"Partly cloudy, with a low around 70."
166,2026-07-27T01:11:56Z,KNYC,Saturday,2026-08-01T06:00:00-04:00,1,85.0,Mostly Sunny,"Mostly sunny, with a high near 85."
167,2026-07-27T01:11:56Z,KNYC,Saturday Night,2026-08-01T18:00:00-04:00,0,71.0,Mostly Cloudy,"Mostly cloudy, with a low around 71."
168,2026-07-27T01:11:56Z,KNYC,Sunday,2026-08-02T06:00:00-04:00,1,85.0,Chance Showers And Thunderstorms,"A slight chance of rain showers between 8am and 2pm, then a chance of showers and thunderstorms. Partly sunny, with a high near 85."
169,2026-07-27T01:11:56Z,KOKC,Tonight,2026-07-26T18:00:00-05:00,0,77.0,Mostly Clear,"Mostly clear, with a low around 77. Heat index values as high as 106. South wind around 13 mph, with gusts as high as 20 mph."
170,2026-07-27T01:11:56Z,KOKC,Monday,2026-07-27T06:00:00-05:00,1,102.0,Sunny,"Sunny, with a high near 102. Heat index values as high as 104. South southwest wind 12 to 15 mph, with gusts as high as 23 mph."
171,2026-07-27T01:11:56Z,KOKC,Monday Night,2026-07-27T18:00:00-05:00,0,77.0,Clear,"Clear, with a low around 77. Heat index values as high as 104. South southwest wind 9 to 14 mph, with gusts as high as 21 mph."
172,2026-07-27T01:11:56Z,KOKC,Tuesday,2026-07-28T06:00:00-05:00,1,102.0,Sunny,"Sunny, with a high near 102. Heat index values as high as 104. South southwest wind around 12 mph."
173,2026-07-27T01:11:56Z,KOKC,Tuesday Night,2026-07-28T18:00:00-05:00,0,78.0,Partly Cloudy,"Partly cloudy, with a low around 78. South southeast wind around 10 mph."
174,2026-07-27T01:11:56Z,KOKC,Wednesday,2026-07-29T06:00:00-05:00,1,100.0,Mostly Sunny,"Mostly sunny, with a high near 100."
175,2026-07-27T01:11:56Z,KOKC,Wednesday Night,2026-07-29T18:00:00-05:00,0,78.0,Partly Cloudy,"Partly cloudy, with a low around 78."
176,2026-07-27T01:11:56Z,KOKC,Thursday,2026-07-30T06:00:00-05:00,1,100.0,Mostly Sunny,"Mostly sunny, with a high near 100."
177,2026-07-27T01:11:56Z,KOKC,Thursday Night,2026-07-30T18:00:00-05:00,0,78.0,Partly Cloudy,"Partly cloudy, with a low around 78."
178,2026-07-27T01:11:56Z,KOKC,Friday,2026-07-31T06:00:00-05:00,1,101.0,Mostly Sunny,"Mostly sunny, with a high near 101."
179,2026-07-27T01:11:56Z,KOKC,Friday Night,2026-07-31T18:00:00-05:00,0,76.0,Mostly Clear,"Mostly clear, with a low around 76."
180,2026-07-27T01:11:56Z,KOKC,Saturday,2026-08-01T06:00:00-05:00,1,96.0,Sunny,"Sunny, with a high near 96."
181,2026-07-27T01:11:56Z,KOKC,Saturday Night,2026-08-01T18:00:00-05:00,0,72.0,Mostly Clear,"Mostly clear, with a low around 72."
182,2026-07-27T01:11:56Z,KOKC,Sunday,2026-08-02T06:00:00-05:00,1,94.0,Sunny,"Sunny, with a high near 94."
183,2026-07-27T01:11:56Z,KPHL,Tonight,2026-07-26T19:00:00-04:00,0,67.0,Partly Cloudy then Isolated Showers And Thunderstorms,"Isolated showers and thunderstorms after 1am. Partly cloudy, with a low around 67. South wind 0 to 5 mph. Chance of precipitation is 20%."
184,2026-07-27T01:11:56Z,KPHL,Monday,2026-07-27T06:00:00-04:00,1,85.0,Scattered Showers And Thunderstorms,"Isolated rain showers before 7am, then scattered showers and thunderstorms between noon and 2pm, then scattered showers and thunderstorms. Mostly sunny, with a high near 85. South wind 0 to 5 mph. Chance of precipitation is 50%. New rainfall amounts less than a tenth of an inch possible."
185,2026-07-27T01:11:56Z,KPHL,Monday Night,2026-07-27T18:00:00-04:00,0,70.0,Chance Showers And Thunderstorms,"A chance of showers and thunderstorms before 3am, then a chance of showers and thunderstorms. Mostly cloudy, with a low around 70. South wind 5 to 10 mph. Chance of precipitation is 40%. New rainfall amounts less than a tenth of an inch possible."
186,2026-07-27T01:11:56Z,KPHL,Tuesday,2026-07-28T06:00:00-04:00,1,80.0,Showers And Thunderstorms,"Showers and thunderstorms. Cloudy, with a high near 80. South wind 5 to 10 mph. Chance of precipitation is 90%. New rainfall amounts between three quarters and one inch possible."
187,2026-07-27T01:11:56Z,KPHL,Tuesday Night,2026-07-28T18:00:00-04:00,0,69.0,Showers And Thunderstorms,"Showers and thunderstorms. Cloudy, with a low around 69. East wind 5 to 10 mph. Chance of precipitation is 90%. New rainfall amounts between 1 and 2 inches possible."
188,2026-07-27T01:11:56Z,KPHL,Wednesday,2026-07-29T06:00:00-04:00,1,81.0,Showers And Thunderstorms Likely,"A chance of rain showers before 2pm, then showers and thunderstorms likely. Mostly cloudy, with a high near 81. Chance of precipitation is 70%. New rainfall amounts between a quarter and half of an inch possible."
189,2026-07-27T01:11:56Z,KPHL,Wednesday Night,2026-07-29T18:00:00-04:00,0,66.0,Showers And Thunderstorms Likely,"Showers and thunderstorms likely before 2am. Mostly cloudy, with a low around 66. Chance of precipitation is 70%."
190,2026-07-27T01:11:56Z,KPHL,Thursday,2026-07-30T06:00:00-04:00,1,82.0,Mostly Sunny then Slight Chance Showers And Thunderstorms,"A slight chance of showers and thunderstorms after 2pm. Mostly sunny, with a high near 82."
191,2026-07-27T01:11:56Z,KPHL,Thursday Night,2026-07-30T18:00:00-04:00,0,66.0,Slight Chance Showers And Thunderstorms then Partly Cloudy,"A slight chance of showers and thunderstorms before 8pm. Partly cloudy, with a low around 66."
192,2026-07-27T01:11:56Z,KPHL,Friday,2026-07-31T06:00:00-04:00,1,85.0,Sunny,"Sunny, with a high near 85."
193,2026-07-27T01:11:56Z,KPHL,Friday Night,2026-07-31T18:00:00-04:00,0,69.0,Partly Cloudy,"Partly cloudy, with a low around 69."
194,2026-07-27T01:11:56Z,KPHL,Saturday,2026-08-01T06:00:00-04:00,1,88.0,Mostly Sunny then Slight Chance Showers And Thunderstorms,"A slight chance of showers and thunderstorms after 2pm. Mostly sunny, with a high near 88."
195,2026-07-27T01:11:56Z,KPHL,Saturday Night,2026-08-01T18:00:00-04:00,0,70.0,Slight Chance Showers And Thunderstorms,"A slight chance of showers and thunderstorms before 2am. Mostly cloudy, with a low around 70."
196,2026-07-27T01:11:56Z,KPHL,Sunday,2026-08-02T06:00:00-04:00,1,85.0,Chance Rain Showers,"A chance of rain showers between 8am and 2pm, then a chance of showers and thunderstorms. Partly sunny, with a high near 85."
197,2026-07-27T01:11:56Z,KPHX,Tonight,2026-07-26T18:00:00-07:00,0,92.0,Partly Cloudy,"Partly cloudy, with a low around 92. Heat index values as high as 110. West wind 10 to 15 mph."
198,2026-07-27T01:11:56Z,KPHX,Monday,2026-07-27T06:00:00-07:00,1,111.0,Sunny,"Sunny, with a high near 111. Heat index values as high as 112. West wind 10 to 15 mph, with gusts as high as 25 mph."
199,2026-07-27T01:11:56Z,KPHX,Monday Night,2026-07-27T18:00:00-07:00,0,91.0,Partly Cloudy then Slight Chance Showers And Thunderstorms,"A slight chance of showers and thunderstorms after 4am. Partly cloudy. Low around 91, with temperatures rising to around 93 overnight. West wind 10 to 15 mph. New rainfall amounts less than a tenth of an inch possible."
200,2026-07-27T01:11:56Z,KPHX,Tuesday,2026-07-28T06:00:00-07:00,1,110.0,Slight Chance Showers And Thunderstorms then Mostly Sunny,"A slight chance of showers and thunderstorms before 8am. Mostly sunny, with a high near 110. West southwest wind around 10 mph."
201,2026-07-27T01:11:56Z,KPHX,Tuesday Night,2026-07-28T18:00:00-07:00,0,91.0,Partly Cloudy,"Partly cloudy, with a low around 91. West wind 10 to 15 mph."
202,2026-07-27T01:11:56Z,KPHX,Wednesday,2026-07-29T06:00:00-07:00,1,112.0,Sunny,"Sunny, with a high near 112. West wind 5 to 10 mph."
203,2026-07-27T01:11:56Z,KPHX,Wednesday Night,2026-07-29T18:00:00-07:00,0,92.0,Mostly Clear,"Mostly clear, with a low around 92. West wind around 5 mph."
204,2026-07-27T01:11:56Z,KPHX,Thursday,2026-07-30T06:00:00-07:00,1,114.0,Sunny,"Sunny, with a high near 114. West southwest wind 0 to 10 mph."
205,2026-07-27T01:11:56Z,KPHX,Thursday Night,2026-07-30T18:00:00-07:00,0,93.0,Mostly Clear,"Mostly clear, with a low around 93. West wind around 5 mph."
206,2026-07-27T01:11:56Z,KPHX,Friday,2026-07-31T06:00:00-07:00,1,115.0,Mostly Sunny,"Mostly sunny, with a high near 115. West southwest wind 0 to 10 mph, with gusts as high as 25 mph."
207,2026-07-27T01:11:56Z,KPHX,Friday Night,2026-07-31T18:00:00-07:00,0,93.0,Partly Cloudy,"Partly cloudy, with a low around 93. Southwest wind 0 to 10 mph, with gusts as high as 25 mph."
208,2026-07-27T01:11:56Z,KPHX,Saturday,2026-08-01T06:00:00-07:00,1,114.0,Mostly Sunny,"Mostly sunny, with a high near 114. South southwest wind 0 to 5 mph."
209,2026-07-27T01:11:56Z,KPHX,Saturday Night,2026-08-01T18:00:00-07:00,0,92.0,Partly Cloudy,"Partly cloudy, with a low around 92. South southwest wind around 5 mph."
210,2026-07-27T01:11:56Z,KPHX,Sunday,2026-08-02T06:00:00-07:00,1,113.0,Mostly Sunny then Slight Chance Showers And Thunderstorms,"A slight chance of showers and thunderstorms after 5pm. Mostly sunny, with a high near 113. Southwest wind 0 to 5 mph."
211,2026-07-27T01:11:56Z,KSAT,Tonight,2026-07-26T19:00:00-05:00,0,76.0,Mostly Clear,"Mostly clear, with a low around 76. South southeast wind 5 to 10 mph."
212,2026-07-27T01:11:56Z,KSAT,Monday,2026-07-27T06:00:00-05:00,1,98.0,Sunny,"Sunny, with a high near 98. Heat index values as high as 104. South wind 5 to 10 mph."
213,2026-07-27T01:11:56Z,KSAT,Monday Night,2026-07-27T18:00:00-05:00,0,76.0,Partly Cloudy,"Partly cloudy, with a low around 76. Heat index values as high as 104. South southeast wind 5 to 15 mph, with gusts as high as 25 mph."
214,2026-07-27T01:11:56Z,KSAT,Tuesday,2026-07-28T06:00:00-05:00,1,98.0,Mostly Sunny,"Mostly sunny, with a high near 98. Heat index values as high as 105. South wind 5 to 10 mph."
215,2026-07-27T01:11:56Z,KSAT,Tuesday Night,2026-07-28T18:00:00-05:00,0,77.0,Mostly Clear,"Mostly clear, with a low around 77. South southeast wind 5 to 15 mph, with gusts as high as 25 mph."
216,2026-07-27T01:11:56Z,KSAT,Wednesday,2026-07-29T06:00:00-05:00,1,99.0,Mostly Sunny,"Mostly sunny, with a high near 99. South southeast wind 5 to 10 mph."
217,2026-07-27T01:11:56Z,KSAT,Wednesday Night,2026-07-29T18:00:00-05:00,0,78.0,Mostly Clear,"Mostly clear, with a low around 78. South southeast wind 5 to 15 mph, with gusts as high as 25 mph."
218,2026-07-27T01:11:56Z,KSAT,Thursday,2026-07-30T06:00:00-05:00,1,100.0,Mostly Sunny,"Mostly sunny, with a high near 100. South wind around 5 mph."
219,2026-07-27T01:11:56Z,KSAT,Thursday Night,2026-07-30T18:00:00-05:00,0,77.0,Mostly Clear,"Mostly clear, with a low around 77. South southeast wind 5 to 10 mph, with gusts as high as 20 mph."
220,2026-07-27T01:11:56Z,KSAT,Friday,2026-07-31T06:00:00-05:00,1,100.0,Mostly Sunny,"Mostly sunny, with a high near 100."
221,2026-07-27T01:11:56Z,KSAT,Friday Night,2026-07-31T18:00:00-05:00,0,80.0,Mostly Clear,"Mostly clear, with a low around 80."
222,2026-07-27T01:11:56Z,KSAT,Saturday,2026-08-01T06:00:00-05:00,1,101.0,Mostly Sunny,"Mostly sunny, with a high near 101."
223,2026-07-27T01:11:56Z,KSAT,Saturday Night,2026-08-01T18:00:00-05:00,0,81.0,Mostly Clear,"Mostly clear, with a low around 81."
224,2026-07-27T01:11:56Z,KSAT,Sunday,2026-08-02T06:00:00-05:00,1,99.0,Mostly Sunny,"Mostly sunny, with a high near 99."
225,2026-07-27T01:11:56Z,KSFO,This Afternoon,2026-07-26T14:00:00-07:00,1,71.0,Sunny,"Sunny. High near 71, with temperatures falling to around 69 in the afternoon. West wind around 23 mph, with gusts as high as 31 mph."
226,2026-07-27T01:11:56Z,KSFO,Tonight,2026-07-26T18:00:00-07:00,0,58.0,Mostly Clear,"Mostly clear, with a low around 58. West wind 13 to 22 mph, with gusts as high as 31 mph."
227,2026-07-27T01:11:56Z,KSFO,Monday,2026-07-27T06:00:00-07:00,1,74.0,Mostly Sunny,"Mostly sunny. High near 74, with temperatures falling to around 70 in the afternoon. West wind 13 to 25 mph, with gusts as high as 32 mph."
228,2026-07-27T01:11:56Z,KSFO,Monday Night,2026-07-27T18:00:00-07:00,0,59.0,Mostly Clear,"Mostly clear, with a low around 59. West wind 14 to 24 mph, with gusts as high as 32 mph."
229,2026-07-27T01:11:56Z,KSFO,Tuesday,2026-07-28T06:00:00-07:00,1,75.0,Mostly Sunny,"Mostly sunny, with a high near 75. West wind 14 to 24 mph, with gusts as high as 31 mph."
230,2026-07-27T01:11:56Z,KSFO,Tuesday Night,2026-07-28T18:00:00-07:00,0,58.0,Mostly Clear,"Mostly clear, with a low around 58."
231,2026-07-27T01:11:56Z,KSFO,Wednesday,2026-07-29T06:00:00-07:00,1,74.0,Sunny,"Sunny, with a high near 74."
232,2026-07-27T01:11:56Z,KSFO,Wednesday Night,2026-07-29T18:00:00-07:00,0,58.0,Mostly Clear,"Mostly clear, with a low around 58."
233,2026-07-27T01:11:56Z,KSFO,Thursday,2026-07-30T06:00:00-07:00,1,68.0,Sunny,"Sunny, with a high near 68."
234,2026-07-27T01:11:56Z,KSFO,Thursday Night,2026-07-30T18:00:00-07:00,0,57.0,Mostly Clear,"Mostly clear, with a low around 57."
235,2026-07-27T01:11:56Z,KSFO,Friday,2026-07-31T06:00:00-07:00,1,71.0,Sunny,"Sunny, with a high near 71."
236,2026-07-27T01:11:56Z,KSFO,Friday Night,2026-07-31T18:00:00-07:00,0,58.0,Mostly Clear,"Mostly clear, with a low around 58."
237,2026-07-27T01:11:56Z,KSFO,Saturday,2026-08-01T06:00:00-07:00,1,73.0,Sunny,"Sunny, with a high near 73."
238,2026-07-27T01:11:56Z,KSFO,Saturday Night,2026-08-01T18:00:00-07:00,0,59.0,Mostly Clear,"Mostly clear, with a low around 59."
239,2026-07-27T01:11:56Z,KSEA,This Afternoon,2026-07-26T14:00:00-07:00,1,72.0,Mostly Cloudy,"Mostly cloudy, with a high near 72. West southwest wind around 10 mph."
240,2026-07-27T01:11:56Z,KSEA,Tonight,2026-07-26T18:00:00-07:00,0,58.0,Mostly Cloudy,"Mostly cloudy. Low around 58, with temperatures rising to around 60 overnight. Southwest wind 6 to 9 mph."
241,2026-07-27T01:11:56Z,KSEA,Monday,2026-07-27T06:00:00-07:00,1,78.0,Sunny,"Sunny. High near 78, with temperatures falling to around 76 in the afternoon. Southwest wind 7 to 10 mph."
242,2026-07-27T01:11:56Z,KSEA,Monday Night,2026-07-27T18:00:00-07:00,0,59.0,Partly Cloudy,"Partly cloudy, with a low around 59. Southwest wind around 10 mph."
243,2026-07-27T01:11:56Z,KSEA,Tuesday,2026-07-28T06:00:00-07:00,1,75.0,Partly Sunny,"Partly sunny, with a high near 75. South southwest wind 9 to 13 mph."
244,2026-07-27T01:11:56Z,KSEA,Tuesday Night,2026-07-28T18:00:00-07:00,0,56.0,Partly Cloudy,"Partly cloudy, with a low around 56."
245,2026-07-27T01:11:56Z,KSEA,Wednesday,2026-07-29T06:00:00-07:00,1,76.0,Mostly Sunny,"Mostly sunny, with a high near 76."
246,2026-07-27T01:11:56Z,KSEA,Wednesday Night,2026-07-29T18:00:00-07:00,0,55.0,Mostly Clear,"Mostly clear, with a low around 55."
247,2026-07-27T01:11:56Z,KSEA,Thursday,2026-07-30T06:00:00-07:00,1,78.0,Sunny,"Sunny, with a high near 78."
248,2026-07-27T01:11:56Z,KSEA,Thursday Night,2026-07-30T18:00:00-07:00,0,56.0,Mostly Clear,"Mostly clear, with a low around 56."
249,2026-07-27T01:11:56Z,KSEA,Friday,2026-07-31T06:00:00-07:00,1,81.0,Sunny,"Sunny, with a high near 81."
250,2026-07-27T01:11:56Z,KSEA,Friday Night,2026-07-31T18:00:00-07:00,0,58.0,Partly Cloudy,"Partly cloudy, with a low around 58."
251,2026-07-27T01:11:56Z,KSEA,Saturday,2026-08-01T06:00:00-07:00,1,76.0,Mostly Sunny,"Mostly sunny, with a high near 76."
252,2026-07-27T01:11:56Z,KSEA,Saturday Night,2026-08-01T18:00:00-07:00,0,56.0,Partly Cloudy,"Partly cloudy, with a low around 56."
253,2026-07-27T01:11:56Z,KDCA,Tonight,2026-07-26T19:00:00-04:00,0,69.0,Chance Showers And Thunderstorms,"A chance of showers and thunderstorms before 9pm, then showers and thunderstorms likely between 9pm and 10pm, then a chance of showers and thunderstorms between 10pm and 2am. Partly cloudy, with a low around 69. South wind 5 to 9 mph. Chance of precipitation is 60%. New rainfall amounts less than a tenth of an inch possible."
254,2026-07-27T01:11:56Z,KDCA,Monday,2026-07-27T06:00:00-04:00,1,88.0,Mostly Sunny then Chance Showers And Thunderstorms,"A chance of showers and thunderstorms after 2pm. Mostly sunny, with a high near 88. South wind 2 to 6 mph. Chance of precipitation is 40%. New rainfall amounts less than a tenth of an inch possible."
255,2026-07-27T01:11:56Z,KDCA,Monday Night,2026-07-27T18:00:00-04:00,0,71.0,Slight Chance Showers And Thunderstorms then Partly Cloudy,"A slight chance of showers and thunderstorms before 10pm. Partly cloudy, with a low around 71. South wind around 9 mph. Chance of precipitation is 20%. New rainfall amounts less than a tenth of an inch possible."
256,2026-07-27T01:11:56Z,KDCA,Tuesday,2026-07-28T06:00:00-04:00,1,84.0,Showers And Thunderstorms,"A chance of rain showers between 7am and 8am, then showers and thunderstorms. Mostly cloudy, with a high near 84. South wind 10 to 15 mph, with gusts as high as 23 mph. Chance of precipitation is 100%. New rainfall amounts between a half and three quarters of an inch possible."
257,2026-07-27T01:11:56Z,KDCA,Tuesday Night,2026-07-28T18:00:00-04:00,0,70.0,Showers And Thunderstorms then Chance Showers And Thunderstorms,"Showers and thunderstorms before 8pm, then a chance of showers and thunderstorms between 8pm and 2am. Mostly cloudy, with a low around 70. West wind around 14 mph, with gusts as high as 20 mph. Chance of precipitation is 100%."
258,2026-07-27T01:11:56Z,KDCA,Wednesday,2026-07-29T06:00:00-04:00,1,85.0,Partly Sunny then Chance Showers And Thunderstorms,"A chance of showers and thunderstorms after 2pm. Partly sunny, with a high near 85. Chance of precipitation is 30%."
259,2026-07-27T01:11:56Z,KDCA,Wednesday Night,2026-07-29T18:00:00-04:00,0,69.0,Chance Showers And Thunderstorms then Partly Cloudy,"A chance of showers and thunderstorms before 8pm. Partly cloudy, with a low around 69. Chance of precipitation is 30%."
260,2026-07-27T01:11:56Z,KDCA,Thursday,2026-07-30T06:00:00-04:00,1,85.0,Mostly Sunny,"Mostly sunny, with a high near 85."
261,2026-07-27T01:11:56Z,KDCA,Thursday Night,2026-07-30T18:00:00-04:00,0,70.0,Partly Cloudy,"Partly cloudy, with a low around 70."
262,2026-07-27T01:11:56Z,KDCA,Friday,2026-07-31T06:00:00-04:00,1,86.0,Sunny,"Sunny, with a high near 86."
263,2026-07-27T01:11:56Z,KDCA,Friday Night,2026-07-31T18:00:00-04:00,0,72.0,Partly Cloudy,"Partly cloudy, with a low around 72."
264,2026-07-27T01:11:56Z,KDCA,Saturday,2026-08-01T06:00:00-04:00,1,89.0,Partly Sunny then Slight Chance Showers And Thunderstorms,"A slight chance of showers and thunderstorms after 2pm. Partly sunny, with a high near 89. Chance of precipitation is 20%."
265,2026-07-27T01:11:56Z,KDCA,Saturday Night,2026-08-01T18:00:00-04:00,0,72.0,Slight Chance Showers And Thunderstorms then Chance Showers And Thunderstorms,"A slight chance of showers and thunderstorms before 8pm, then a chance of showers and thunderstorms. Mostly cloudy, with a low around 72. Chance of precipitation is 40%."
266,2026-07-27T01:11:56Z,KDCA,Sunday,2026-08-02T06:00:00-04:00,1,85.0,Showers And Thunderstorms Likely,"A chance of rain showers before 2pm, then showers and thunderstorms likely. Mostly cloudy, with a high near 85."
1,2026-07-27T05:28:20Z,KATL,Tonight,2026-07-26T19:00:00-04:00,0,74.0,Partly Cloudy,"Partly cloudy, with a low around 74. Northwest wind 5 to 10 mph."
2,2026-07-27T05:28:20Z,KATL,Monday,2026-07-27T06:00:00-04:00,1,93.0,Slight Chance Showers And Thunderstorms then Mostly Sunny,"A chance of rain showers between 8am and 11am, then a slight chance of showers and thunderstorms between 11am and noon. Mostly sunny, with a high near 93. Heat index values as high as 101. Northwest wind 5 to 10 mph. Chance of precipitation is 30%."
3,2026-07-27T05:28:20Z,KATL,Monday Night,2026-07-27T18:00:00-04:00,0,76.0,Mostly Clear,"Mostly clear, with a low around 76. Heat index values as high as 99. Northwest wind 0 to 10 mph."
4,2026-07-27T05:28:20Z,KATL,Tuesday,2026-07-28T06:00:00-04:00,1,96.0,Sunny,"Sunny, with a high near 96. Heat index values as high as 103. West wind 5 to 10 mph, with gusts as high as 25 mph."
5,2026-07-27T05:28:20Z,KATL,Tuesday Night,2026-07-28T18:00:00-04:00,0,77.0,Slight Chance Showers And Thunderstorms,"A slight chance of showers and thunderstorms between 8pm and 2am. Partly cloudy, with a low around 77. West wind 5 to 10 mph, with gusts as high as 20 mph. Chance of precipitation is 20%."
6,2026-07-27T05:28:20Z,KATL,Wednesday,2026-07-29T06:00:00-04:00,1,91.0,Mostly Sunny,"Mostly sunny, with a high near 91."
7,2026-07-27T05:28:20Z,KATL,Wednesday Night,2026-07-29T18:00:00-04:00,0,72.0,Mostly Clear,"Mostly clear, with a low around 72."
8,2026-07-27T05:28:20Z,KATL,Thursday,2026-07-30T06:00:00-04:00,1,92.0,Sunny,"Sunny, with a high near 92."
9,2026-07-27T05:28:20Z,KATL,Thursday Night,2026-07-30T18:00:00-04:00,0,72.0,Mostly Clear,"Mostly clear, with a low around 72."
10,2026-07-27T05:28:20Z,KATL,Friday,2026-07-31T06:00:00-04:00,1,92.0,Mostly Sunny,"Mostly sunny, with a high near 92."
11,2026-07-27T05:28:20Z,KATL,Friday Night,2026-07-31T18:00:00-04:00,0,74.0,Mostly Cloudy,"Mostly cloudy, with a low around 74."
12,2026-07-27T05:28:20Z,KATL,Saturday,2026-08-01T06:00:00-04:00,1,90.0,Chance Rain Showers then Chance Showers And Thunderstorms,"A chance of rain showers between 8am and 2pm, then a chance of showers and thunderstorms. Partly sunny, with a high near 90. Chance of precipitation is 40%."
13,2026-07-27T05:28:20Z,KATL,Saturday Night,2026-08-01T18:00:00-04:00,0,73.0,Chance Showers And Thunderstorms,"A chance of showers and thunderstorms. Mostly cloudy, with a low around 73. Chance of precipitation is 50%."
14,2026-07-27T05:28:20Z,KATL,Sunday,2026-08-02T06:00:00-04:00,1,85.0,Chance Showers And Thunderstorms,"A slight chance of rain showers before 8am, then a chance of showers and thunderstorms between 8am and 2pm, then a chance of showers and thunderstorms. Partly sunny, with a high near 85."
15,2026-07-27T05:28:20Z,KAUS,Tonight,2026-07-26T21:00:00-05:00,0,76.0,Mostly Clear,"Mostly clear, with a low around 76. South wind 5 to 10 mph."
16,2026-07-27T05:28:20Z,KAUS,Monday,2026-07-27T06:00:00-05:00,1,98.0,Sunny,"Sunny, with a high near 98. Heat index values as high as 104. South southwest wind 5 to 10 mph."
17,2026-07-27T05:28:20Z,KAUS,Monday Night,2026-07-27T18:00:00-05:00,0,76.0,Mostly Clear,"Mostly clear, with a low around 76. Heat index values as high as 104. South wind 5 to 10 mph, with gusts as high as 20 mph."
18,2026-07-27T05:28:20Z,KAUS,Tuesday,2026-07-28T06:00:00-05:00,1,98.0,Sunny,"Sunny, with a high near 98. Heat index values as high as 106. South wind 5 to 10 mph."
19,2026-07-27T05:28:20Z,KAUS,Tuesday Night,2026-07-28T18:00:00-05:00,0,77.0,Mostly Clear,"Mostly clear, with a low around 77. South wind 5 to 10 mph, with gusts as high as 20 mph."
20,2026-07-27T05:28:20Z,KAUS,Wednesday,2026-07-29T06:00:00-05:00,1,99.0,Sunny,"Sunny, with a high near 99. South wind 5 to 10 mph."
21,2026-07-27T05:28:20Z,KAUS,Wednesday Night,2026-07-29T18:00:00-05:00,0,78.0,Mostly Clear,"Mostly clear, with a low around 78. South wind 5 to 10 mph."
22,2026-07-27T05:28:20Z,KAUS,Thursday,2026-07-30T06:00:00-05:00,1,100.0,Mostly Sunny,"Mostly sunny, with a high near 100. South wind 5 to 10 mph."
23,2026-07-27T05:28:20Z,KAUS,Thursday Night,2026-07-30T18:00:00-05:00,0,78.0,Mostly Clear,"Mostly clear, with a low around 78. South wind around 10 mph."
24,2026-07-27T05:28:20Z,KAUS,Friday,2026-07-31T06:00:00-05:00,1,101.0,Mostly Sunny,"Mostly sunny, with a high near 101."
25,2026-07-27T05:28:20Z,KAUS,Friday Night,2026-07-31T18:00:00-05:00,0,80.0,Mostly Clear,"Mostly clear, with a low around 80."
26,2026-07-27T05:28:20Z,KAUS,Saturday,2026-08-01T06:00:00-05:00,1,101.0,Mostly Sunny,"Mostly sunny, with a high near 101."
27,2026-07-27T05:28:20Z,KAUS,Saturday Night,2026-08-01T18:00:00-05:00,0,81.0,Mostly Clear,"Mostly clear, with a low around 81."
28,2026-07-27T05:28:20Z,KAUS,Sunday,2026-08-02T06:00:00-05:00,1,99.0,Mostly Sunny,"Mostly sunny, with a high near 99."
29,2026-07-27T05:28:20Z,KBOS,Overnight,2026-07-27T00:00:00-04:00,0,59.0,Partly Cloudy,"Partly cloudy, with a low around 59. North wind around 2 mph."
30,2026-07-27T05:28:20Z,KBOS,Monday,2026-07-27T06:00:00-04:00,1,77.0,Sunny,"Sunny, with a high near 77. Northeast wind 1 to 10 mph."
31,2026-07-27T05:28:20Z,KBOS,Monday Night,2026-07-27T18:00:00-04:00,0,65.0,Mostly Clear,"Mostly clear, with a low around 65. South wind 3 to 8 mph."
32,2026-07-27T05:28:20Z,KBOS,Tuesday,2026-07-28T06:00:00-04:00,1,80.0,Chance Showers And Thunderstorms,"A chance of rain showers between 10am and 11am, then a chance of showers and thunderstorms. Partly sunny, with a high near 80. South wind 3 to 12 mph. Chance of precipitation is 40%."
33,2026-07-27T05:28:20Z,KBOS,Tuesday Night,2026-07-28T18:00:00-04:00,0,65.0,Patchy Fog,"A chance of showers and thunderstorms before midnight, then patchy fog and showers and thunderstorms likely. Mostly cloudy, with a low around 65. Southeast wind 6 to 10 mph. Chance of precipitation is 60%."
34,2026-07-27T05:28:20Z,KBOS,Wednesday,2026-07-29T06:00:00-04:00,1,74.0,Patchy Fog,"Patchy fog and showers and thunderstorms before 2pm, then patchy fog and showers and thunderstorms. Mostly cloudy, with a high near 74. East wind 10 to 16 mph. Chance of precipitation is 90%."
35,2026-07-27T05:28:20Z,KBOS,Wednesday Night,2026-07-29T18:00:00-04:00,0,63.0,Patchy Fog,"Patchy fog and showers and thunderstorms. Mostly cloudy, with a low around 63. Northeast wind around 16 mph. Chance of precipitation is 80%."
36,2026-07-27T05:28:20Z,KBOS,Thursday,2026-07-30T06:00:00-04:00,1,70.0,Showers And Thunderstorms Likely,"Showers and thunderstorms likely. Mostly cloudy, with a high near 70. Northeast wind 12 to 16 mph. Chance of precipitation is 70%."
37,2026-07-27T05:28:20Z,KBOS,Thursday Night,2026-07-30T18:00:00-04:00,0,64.0,Chance Showers And Thunderstorms,"A chance of showers and thunderstorms before 8pm, then a chance of showers and thunderstorms between 8pm and midnight, then a slight chance of showers and thunderstorms between midnight and 4am. Mostly cloudy, with a low around 64. North wind 7 to 10 mph. Chance of precipitation is 50%."
38,2026-07-27T05:28:20Z,KBOS,Friday,2026-07-31T06:00:00-04:00,1,76.0,Mostly Sunny then Slight Chance Showers And Thunderstorms,"A slight chance of showers and thunderstorms after 4pm. Mostly sunny, with a high near 76. Northeast wind around 7 mph."
39,2026-07-27T05:28:20Z,KBOS,Friday Night,2026-07-31T18:00:00-04:00,0,67.0,Slight Chance Showers And Thunderstorms then Partly Cloudy,"A slight chance of showers and thunderstorms before 7pm. Partly cloudy, with a low around 67. Southwest wind around 5 mph."
40,2026-07-27T05:28:20Z,KBOS,Saturday,2026-08-01T06:00:00-04:00,1,79.0,Sunny,"Sunny, with a high near 79. South wind 3 to 8 mph."
41,2026-07-27T05:28:20Z,KBOS,Saturday Night,2026-08-01T18:00:00-04:00,0,69.0,Partly Cloudy,"Partly cloudy, with a low around 69. South wind 5 to 8 mph."
42,2026-07-27T05:28:20Z,KBOS,Sunday,2026-08-02T06:00:00-04:00,1,81.0,Mostly Sunny then Slight Chance Showers And Thunderstorms,"A slight chance of showers and thunderstorms between 2pm and 4pm, then a chance of showers and thunderstorms. Mostly sunny, with a high near 81. Southwest wind 5 to 9 mph."
43,2026-07-27T05:28:20Z,KMDW,Tonight,2026-07-26T23:00:00-05:00,0,78.0,Mostly Cloudy then Chance Showers And Thunderstorms,"A chance of showers and thunderstorms after 5am. Mostly cloudy, with a low around 78. South southwest wind 5 to 10 mph. Chance of precipitation is 30%. New rainfall amounts between a tenth and quarter of an inch possible."
44,2026-07-27T05:28:20Z,KMDW,Monday,2026-07-27T06:00:00-05:00,1,89.0,Chance Showers And Thunderstorms,"A chance of showers and thunderstorms before 7am, then showers and thunderstorms likely between 7am and 10am, then a chance of showers and thunderstorms. Partly sunny, with a high near 89. Heat index values as high as 99. Southwest wind 10 to 15 mph, with gusts as high as 25 mph. Chance of precipitation is 60%. New rainfall amounts between a half and three quarters of an inch possible."
45,2026-07-27T05:28:20Z,KMDW,Monday Night,2026-07-27T18:00:00-05:00,0,71.0,Chance Showers And Thunderstorms,"A chance of showers and thunderstorms before 1am. Mostly cloudy, with a low around 71. Heat index values as high as 98. Northwest wind 10 to 15 mph, with gusts as high as 25 mph. Chance of precipitation is 50%. New rainfall amounts less than a tenth of an inch possible."
46,2026-07-27T05:28:20Z,KMDW,Tuesday,2026-07-28T06:00:00-05:00,1,77.0,Mostly Sunny,"Mostly sunny, with a high near 77. North wind 15 to 20 mph, with gusts as high as 30 mph."
47,2026-07-27T05:28:20Z,KMDW,Tuesday Night,2026-07-28T18:00:00-05:00,0,67.0,Mostly Clear,"Mostly clear, with a low around 67. North wind 10 to 15 mph, with gusts as high as 25 mph."
48,2026-07-27T05:28:20Z,KMDW,Wednesday,2026-07-29T06:00:00-05:00,1,80.0,Sunny,"Sunny, with a high near 80."
49,2026-07-27T05:28:20Z,KMDW,Wednesday Night,2026-07-29T18:00:00-05:00,0,67.0,Mostly Clear,"Mostly clear, with a low around 67."
50,2026-07-27T05:28:20Z,KMDW,Thursday,2026-07-30T06:00:00-05:00,1,85.0,Sunny,"Sunny, with a high near 85."
51,2026-07-27T05:28:20Z,KMDW,Thursday Night,2026-07-30T18:00:00-05:00,0,70.0,Partly Cloudy,"Partly cloudy, with a low around 70."
52,2026-07-27T05:28:20Z,KMDW,Friday,2026-07-31T06:00:00-05:00,1,82.0,Chance Showers And Thunderstorms,"A slight chance of rain showers between 7am and 1pm, then a chance of showers and thunderstorms. Mostly cloudy, with a high near 82."
53,2026-07-27T05:28:20Z,KMDW,Friday Night,2026-07-31T18:00:00-05:00,0,70.0,Chance Showers And Thunderstorms,"A chance of showers and thunderstorms. Mostly cloudy, with a low around 70."
54,2026-07-27T05:28:20Z,KMDW,Saturday,2026-08-01T06:00:00-05:00,1,80.0,Chance Rain Showers,"A chance of rain showers before 1pm, then a chance of showers and thunderstorms. Partly sunny, with a high near 80."
55,2026-07-27T05:28:20Z,KMDW,Saturday Night,2026-08-01T18:00:00-05:00,0,68.0,Chance Showers And Thunderstorms then Slight Chance Showers And Thunderstorms,"A chance of showers and thunderstorms before 7pm, then a slight chance of showers and thunderstorms between 7pm and 1am. Partly cloudy, with a low around 68."
56,2026-07-27T05:28:20Z,KMDW,Sunday,2026-08-02T06:00:00-05:00,1,82.0,Mostly Sunny,"Mostly sunny, with a high near 82."
57,2026-07-27T05:28:20Z,KDFW,Tonight,2026-07-26T23:00:00-05:00,0,80.0,Mostly Clear,"Mostly clear, with a low around 80. South wind around 10 mph."
58,2026-07-27T05:28:20Z,KDFW,Monday,2026-07-27T06:00:00-05:00,1,102.0,Sunny,"Sunny, with a high near 102. Heat index values as high as 107. South southwest wind around 10 mph."
59,2026-07-27T05:28:20Z,KDFW,Monday Night,2026-07-27T18:00:00-05:00,0,81.0,Mostly Clear,"Mostly clear. Low around 81, with temperatures rising to around 83 overnight. Heat index values as high as 106. South southwest wind around 10 mph."
60,2026-07-27T05:28:20Z,KDFW,Tuesday,2026-07-28T06:00:00-05:00,1,102.0,Sunny,"Sunny, with a high near 102. Heat index values as high as 106. South southwest wind 5 to 10 mph."
61,2026-07-27T05:28:20Z,KDFW,Tuesday Night,2026-07-28T18:00:00-05:00,0,81.0,Mostly Clear,"Mostly clear. Low around 81, with temperatures rising to around 83 overnight. South wind 5 to 10 mph."
62,2026-07-27T05:28:20Z,KDFW,Wednesday,2026-07-29T06:00:00-05:00,1,102.0,Mostly Sunny,"Mostly sunny, with a high near 102. South wind 5 to 10 mph."
63,2026-07-27T05:28:20Z,KDFW,Wednesday Night,2026-07-29T18:00:00-05:00,0,82.0,Mostly Clear,"Mostly clear, with a low around 82. South southeast wind 5 to 10 mph."
64,2026-07-27T05:28:20Z,KDFW,Thursday,2026-07-30T06:00:00-05:00,1,103.0,Mostly Sunny,"Mostly sunny, with a high near 103. South southwest wind 5 to 10 mph."
65,2026-07-27T05:28:20Z,KDFW,Thursday Night,2026-07-30T18:00:00-05:00,0,83.0,Partly Cloudy,"Partly cloudy, with a low around 83. South wind around 10 mph."
66,2026-07-27T05:28:20Z,KDFW,Friday,2026-07-31T06:00:00-05:00,1,104.0,Mostly Sunny,"Mostly sunny, with a high near 104."
67,2026-07-27T05:28:20Z,KDFW,Friday Night,2026-07-31T18:00:00-05:00,0,83.0,Mostly Clear,"Mostly clear, with a low around 83."
68,2026-07-27T05:28:20Z,KDFW,Saturday,2026-08-01T06:00:00-05:00,1,102.0,Mostly Sunny,"Mostly sunny, with a high near 102."
69,2026-07-27T05:28:20Z,KDFW,Saturday Night,2026-08-01T18:00:00-05:00,0,79.0,Mostly Clear,"Mostly clear, with a low around 79."
70,2026-07-27T05:28:20Z,KDFW,Sunday,2026-08-02T06:00:00-05:00,1,99.0,Sunny,"Sunny, with a high near 99."
71,2026-07-27T05:28:20Z,KDEN,Tonight,2026-07-26T18:00:00-06:00,0,72.0,Slight Chance Showers And Thunderstorms then Mostly Cloudy,"A slight chance of showers and thunderstorms before midnight. Mostly cloudy. Low around 72, with temperatures rising to around 76 overnight. West northwest wind 6 to 10 mph, with gusts as high as 16 mph. Chance of precipitation is 20%."
72,2026-07-27T05:28:20Z,KDEN,Monday,2026-07-27T06:00:00-06:00,1,96.0,Partly Sunny then Slight Chance Showers And Thunderstorms,"A slight chance of showers and thunderstorms between 1pm and 2pm, then a chance of showers and thunderstorms between 2pm and 3pm, then a chance of showers and thunderstorms. Partly sunny. High near 96, with temperatures falling to around 88 in the afternoon. North wind 6 to 10 mph, with gusts as high as 16 mph. Chance of precipitation is 50%. New rainfall amounts less than a tenth of an inch possible."
73,2026-07-27T05:28:20Z,KDEN,Monday Night,2026-07-27T18:00:00-06:00,0,67.0,Showers And Thunderstorms Likely,"Showers and thunderstorms likely before 8pm, then a chance of showers and thunderstorms between 8pm and 9pm, then a chance of showers and thunderstorms between 9pm and 1am. Mostly cloudy. Low around 67, with temperatures rising to around 71 overnight. South southeast wind 3 to 9 mph. Chance of precipitation is 60%."
74,2026-07-27T05:28:20Z,KDEN,Tuesday,2026-07-28T06:00:00-06:00,1,93.0,Mostly Sunny then Chance Showers And Thunderstorms,"A chance of showers and thunderstorms between noon and 3pm, then a chance of showers and thunderstorms. Mostly sunny, with a high near 93. West wind 2 to 8 mph. Chance of precipitation is 50%."
75,2026-07-27T05:28:20Z,KDEN,Tuesday Night,2026-07-28T18:00:00-06:00,0,64.0,Showers And Thunderstorms Likely then Partly Cloudy,"Showers and thunderstorms likely before midnight. Partly cloudy, with a low around 64. South southeast wind 3 to 8 mph, with gusts as high as 16 mph. Chance of precipitation is 60%."
76,2026-07-27T05:28:20Z,KDEN,Wednesday,2026-07-29T06:00:00-06:00,1,92.0,Sunny then Chance Showers And Thunderstorms,"A chance of showers and thunderstorms after noon. Sunny, with a high near 92. Chance of precipitation is 50%."
77,2026-07-27T05:28:20Z,KDEN,Wednesday Night,2026-07-29T18:00:00-06:00,0,64.0,Chance Showers And Thunderstorms,"A chance of showers and thunderstorms. Mostly cloudy, with a low around 64."
78,2026-07-27T05:28:20Z,KDEN,Thursday,2026-07-30T06:00:00-06:00,1,94.0,Mostly Sunny then Slight Chance Showers And Thunderstorms,"A slight chance of showers and thunderstorms after noon. Mostly sunny, with a high near 94."
79,2026-07-27T05:28:20Z,KDEN,Thursday Night,2026-07-30T18:00:00-06:00,0,65.0,Slight Chance Showers And Thunderstorms then Partly Cloudy,"A slight chance of showers and thunderstorms before midnight. Partly cloudy, with a low around 65."
80,2026-07-27T05:28:20Z,KDEN,Friday,2026-07-31T06:00:00-06:00,1,94.0,Sunny,"Sunny, with a high near 94."
81,2026-07-27T05:28:20Z,KDEN,Friday Night,2026-07-31T18:00:00-06:00,0,65.0,Slight Chance Showers And Thunderstorms then Mostly Clear,"A slight chance of showers and thunderstorms before midnight. Mostly clear, with a low around 65."
82,2026-07-27T05:28:20Z,KDEN,Saturday,2026-08-01T06:00:00-06:00,1,95.0,Sunny,"Sunny, with a high near 95."
83,2026-07-27T05:28:20Z,KDEN,Saturday Night,2026-08-01T18:00:00-06:00,0,66.0,Mostly Clear,"Mostly clear, with a low around 66."
84,2026-07-27T05:28:20Z,KDEN,Sunday,2026-08-02T06:00:00-06:00,1,97.0,Sunny,"Sunny, with a high near 97."
85,2026-07-27T05:28:20Z,KIAH,Tonight,2026-07-26T23:00:00-05:00,0,78.0,Clear,"Clear, with a low around 78. Southwest wind 5 to 10 mph."
86,2026-07-27T05:28:20Z,KIAH,Monday,2026-07-27T06:00:00-05:00,1,99.0,Sunny,"Sunny, with a high near 99. Heat index values as high as 108. Southwest wind 5 to 10 mph."
87,2026-07-27T05:28:20Z,KIAH,Monday Night,2026-07-27T18:00:00-05:00,0,79.0,Mostly Clear,"Mostly clear, with a low around 79. Heat index values as high as 104. Southwest wind 5 to 10 mph."
88,2026-07-27T05:28:20Z,KIAH,Tuesday,2026-07-28T06:00:00-05:00,1,101.0,Sunny,"Sunny, with a high near 101. Heat index values as high as 109. Southwest wind 5 to 10 mph."
89,2026-07-27T05:28:20Z,KIAH,Tuesday Night,2026-07-28T18:00:00-05:00,0,79.0,Mostly Clear,"Mostly clear, with a low around 79. Southwest wind 5 to 10 mph."
90,2026-07-27T05:28:20Z,KIAH,Wednesday,2026-07-29T06:00:00-05:00,1,102.0,Sunny,"Sunny, with a high near 102."
91,2026-07-27T05:28:20Z,KIAH,Wednesday Night,2026-07-29T18:00:00-05:00,0,80.0,Mostly Clear,"Mostly clear, with a low around 80."
92,2026-07-27T05:28:20Z,KIAH,Thursday,2026-07-30T06:00:00-05:00,1,102.0,Mostly Sunny,"Mostly sunny, with a high near 102."
93,2026-07-27T05:28:20Z,KIAH,Thursday Night,2026-07-30T18:00:00-05:00,0,81.0,Partly Cloudy,"Partly cloudy, with a low around 81."
94,2026-07-27T05:28:20Z,KIAH,Friday,2026-07-31T06:00:00-05:00,1,102.0,Mostly Sunny,"Mostly sunny, with a high near 102."
95,2026-07-27T05:28:20Z,KIAH,Friday Night,2026-07-31T18:00:00-05:00,0,81.0,Partly Cloudy,"Partly cloudy, with a low around 81."
96,2026-07-27T05:28:20Z,KIAH,Saturday,2026-08-01T06:00:00-05:00,1,101.0,Mostly Sunny,"Mostly sunny, with a high near 101."
97,2026-07-27T05:28:20Z,KIAH,Saturday Night,2026-08-01T18:00:00-05:00,0,81.0,Slight Chance Showers And Thunderstorms,"A slight chance of showers and thunderstorms after 7pm. Mostly clear, with a low around 81. Chance of precipitation is 20%."
98,2026-07-27T05:28:20Z,KIAH,Sunday,2026-08-02T06:00:00-05:00,1,99.0,Chance Showers And Thunderstorms,"A chance of showers and thunderstorms. Mostly sunny, with a high near 99."
99,2026-07-27T05:28:20Z,KLAS,Tonight,2026-07-26T18:00:00-07:00,0,89.0,Mostly Clear,"Mostly clear. Low around 89, with temperatures rising to around 92 overnight. Heat index values as high as 105. Southwest wind 7 to 13 mph."
100,2026-07-27T05:28:20Z,KLAS,Monday,2026-07-27T06:00:00-07:00,1,111.0,Sunny,"Sunny, with a high near 111. Heat index values as high as 107. South southwest wind 7 to 12 mph."
101,2026-07-27T05:28:20Z,KLAS,Monday Night,2026-07-27T18:00:00-07:00,0,88.0,Mostly Clear,"Mostly clear. Low around 88, with temperatures rising to around 90 overnight. Heat index values as high as 105. Southwest wind 7 to 12 mph."
102,2026-07-27T05:28:20Z,KLAS,Tuesday,2026-07-28T06:00:00-07:00,1,111.0,Sunny,"Sunny, with a high near 111. Heat index values as high as 106. South southwest wind 5 to 12 mph."
103,2026-07-27T05:28:20Z,KLAS,Tuesday Night,2026-07-28T18:00:00-07:00,0,87.0,Mostly Clear,"Mostly clear, with a low around 87. Southwest wind 7 to 12 mph."
104,2026-07-27T05:28:20Z,KLAS,Wednesday,2026-07-29T06:00:00-07:00,1,111.0,Sunny,"Sunny, with a high near 111."
105,2026-07-27T05:28:20Z,KLAS,Wednesday Night,2026-07-29T18:00:00-07:00,0,87.0,Mostly Clear,"Mostly clear, with a low around 87."
106,2026-07-27T05:28:20Z,KLAS,Thursday,2026-07-30T06:00:00-07:00,1,112.0,Sunny,"Sunny, with a high near 112."
107,2026-07-27T05:28:20Z,KLAS,Thursday Night,2026-07-30T18:00:00-07:00,0,88.0,Mostly Clear,"Mostly clear, with a low around 88."
108,2026-07-27T05:28:20Z,KLAS,Friday,2026-07-31T06:00:00-07:00,1,114.0,Sunny,"Sunny, with a high near 114."
109,2026-07-27T05:28:20Z,KLAS,Friday Night,2026-07-31T18:00:00-07:00,0,90.0,Mostly Clear,"Mostly clear, with a low around 90."
110,2026-07-27T05:28:20Z,KLAS,Saturday,2026-08-01T06:00:00-07:00,1,115.0,Sunny,"Sunny, with a high near 115."
111,2026-07-27T05:28:20Z,KLAS,Saturday Night,2026-08-01T18:00:00-07:00,0,91.0,Mostly Clear,"Mostly clear, with a low around 91."
112,2026-07-27T05:28:20Z,KLAS,Sunday,2026-08-02T06:00:00-07:00,1,115.0,Sunny,"Sunny, with a high near 115."
113,2026-07-27T05:28:20Z,KLAX,Tonight,2026-07-26T18:00:00-07:00,0,68.0,Patchy Fog,"Patchy fog after 11pm. Mostly cloudy, with a low around 68. South southwest wind 5 to 10 mph."
114,2026-07-27T05:28:20Z,KLAX,Monday,2026-07-27T06:00:00-07:00,1,81.0,Patchy Fog then Mostly Sunny,"Patchy fog before 11am. Mostly sunny, with a high near 81. South southwest wind 5 to 10 mph."
115,2026-07-27T05:28:20Z,KLAX,Monday Night,2026-07-27T18:00:00-07:00,0,68.0,Patchy Fog,"Patchy fog after 11pm. Mostly cloudy, with a low around 68. Southwest wind 5 to 10 mph."
116,2026-07-27T05:28:20Z,KLAX,Tuesday,2026-07-28T06:00:00-07:00,1,79.0,Patchy Fog then Mostly Sunny,"Patchy fog before 11am. Mostly sunny, with a high near 79. South southwest wind 5 to 10 mph."
117,2026-07-27T05:28:20Z,KLAX,Tuesday Night,2026-07-28T18:00:00-07:00,0,67.0,Patchy Fog,"Patchy fog after 11pm. Mostly cloudy, with a low around 67. South wind 5 to 10 mph."
118,2026-07-27T05:28:20Z,KLAX,Wednesday,2026-07-29T06:00:00-07:00,1,77.0,Patchy Fog then Mostly Sunny,"Patchy fog before 11am. Mostly sunny, with a high near 77."
119,2026-07-27T05:28:20Z,KLAX,Wednesday Night,2026-07-29T18:00:00-07:00,0,67.0,Partly Cloudy,"Partly cloudy, with a low around 67."
120,2026-07-27T05:28:20Z,KLAX,Thursday,2026-07-30T06:00:00-07:00,1,77.0,Mostly Sunny,"Mostly sunny, with a high near 77."
121,2026-07-27T05:28:20Z,KLAX,Thursday Night,2026-07-30T18:00:00-07:00,0,67.0,Partly Cloudy,"Partly cloudy, with a low around 67."
122,2026-07-27T05:28:20Z,KLAX,Friday,2026-07-31T06:00:00-07:00,1,78.0,Mostly Sunny,"Mostly sunny, with a high near 78."
123,2026-07-27T05:28:20Z,KLAX,Friday Night,2026-07-31T18:00:00-07:00,0,68.0,Partly Cloudy,"Partly cloudy, with a low around 68."
124,2026-07-27T05:28:20Z,KLAX,Saturday,2026-08-01T06:00:00-07:00,1,80.0,Sunny,"Sunny, with a high near 80."
125,2026-07-27T05:28:20Z,KLAX,Saturday Night,2026-08-01T18:00:00-07:00,0,69.0,Partly Cloudy,"Partly cloudy, with a low around 69."
126,2026-07-27T05:28:20Z,KLAX,Sunday,2026-08-02T06:00:00-07:00,1,80.0,Mostly Sunny,"Mostly sunny, with a high near 80."
127,2026-07-27T05:28:20Z,KMIA,Tonight,2026-07-26T21:00:00-04:00,0,78.0,Chance Showers And Thunderstorms,"A chance of showers and thunderstorms. Mostly cloudy, with a low around 78. Southwest wind around 6 mph. Chance of precipitation is 30%. New rainfall amounts less than a tenth of an inch possible."
128,2026-07-27T05:28:20Z,KMIA,Monday,2026-07-27T06:00:00-04:00,1,92.0,Chance Showers And Thunderstorms,"A chance of showers and thunderstorms. Partly sunny, with a high near 92. Heat index values as high as 102. Southwest wind 6 to 10 mph. Chance of precipitation is 40%. New rainfall amounts less than a tenth of an inch possible."
129,2026-07-27T05:28:20Z,KMIA,Monday Night,2026-07-27T18:00:00-04:00,0,79.0,Chance Showers And Thunderstorms then Partly Cloudy,"A chance of showers and thunderstorms before 8pm. Partly cloudy, with a low around 79. West wind 6 to 10 mph. Chance of precipitation is 40%. New rainfall amounts less than a tenth of an inch possible."
130,2026-07-27T05:28:20Z,KMIA,Tuesday,2026-07-28T06:00:00-04:00,1,93.0,Showers And Thunderstorms Likely,"Showers and thunderstorms likely between 8am and 5pm, then showers and thunderstorms likely. Mostly sunny, with a high near 93. Heat index values as high as 103. Southwest wind 6 to 14 mph, with gusts as high as 22 mph. Chance of precipitation is 70%."
131,2026-07-27T05:28:20Z,KMIA,Tuesday Night,2026-07-28T18:00:00-04:00,0,79.0,Showers And Thunderstorms Likely then Partly Cloudy,"Showers and thunderstorms likely before 8pm. Partly cloudy, with a low around 79. Southwest wind 8 to 14 mph, with gusts as high as 21 mph. Chance of precipitation is 70%."
132,2026-07-27T05:28:20Z,KMIA,Wednesday,2026-07-29T06:00:00-04:00,1,94.0,Mostly Sunny then Slight Chance Showers And Thunderstorms,"A slight chance of showers and thunderstorms after 2pm. Mostly sunny, with a high near 94. Southwest wind 8 to 16 mph, with gusts as high as 25 mph. Chance of precipitation is 20%."
133,2026-07-27T05:28:20Z,KMIA,Wednesday Night,2026-07-29T18:00:00-04:00,0,79.0,Slight Chance Showers And Thunderstorms then Partly Cloudy,"A slight chance of showers and thunderstorms before 8pm. Partly cloudy, with a low around 79. Southwest wind 8 to 15 mph, with gusts as high as 24 mph. Chance of precipitation is 20%."
134,2026-07-27T05:28:20Z,KMIA,Thursday,2026-07-30T06:00:00-04:00,1,95.0,Mostly Sunny then Slight Chance Showers And Thunderstorms,"A slight chance of showers and thunderstorms after 2pm. Mostly sunny, with a high near 95. Southwest wind 7 to 15 mph, with gusts as high as 24 mph. Chance of precipitation is 20%."
135,2026-07-27T05:28:20Z,KMIA,Thursday Night,2026-07-30T18:00:00-04:00,0,80.0,Slight Chance Showers And Thunderstorms then Partly Cloudy,"A slight chance of showers and thunderstorms before 8pm. Partly cloudy, with a low around 80. Southwest wind 5 to 14 mph, with gusts as high as 22 mph. Chance of precipitation is 20%."
136,2026-07-27T05:28:20Z,KMIA,Friday,2026-07-31T06:00:00-04:00,1,94.0,Mostly Sunny then Slight Chance Showers And Thunderstorms,"A slight chance of showers and thunderstorms after 2pm. Mostly sunny, with a high near 94. Chance of precipitation is 20%."
137,2026-07-27T05:28:20Z,KMIA,Friday Night,2026-07-31T18:00:00-04:00,0,80.0,Slight Chance Showers And Thunderstorms then Partly Cloudy,"A slight chance of showers and thunderstorms before 8pm. Partly cloudy, with a low around 80. Chance of precipitation is 20%."
138,2026-07-27T05:28:20Z,KMIA,Saturday,2026-08-01T06:00:00-04:00,1,94.0,Mostly Sunny then Chance Showers And Thunderstorms,"A chance of showers and thunderstorms after 2pm. Mostly sunny, with a high near 94. Chance of precipitation is 30%."
139,2026-07-27T05:28:20Z,KMIA,Saturday Night,2026-08-01T18:00:00-04:00,0,81.0,Chance Showers And Thunderstorms then Partly Cloudy,"A chance of showers and thunderstorms before 8pm. Partly cloudy, with a low around 81. Chance of precipitation is 30%."
140,2026-07-27T05:28:20Z,KMIA,Sunday,2026-08-02T06:00:00-04:00,1,93.0,Mostly Sunny then Slight Chance Showers And Thunderstorms,"A slight chance of showers and thunderstorms after 2pm. Mostly sunny, with a high near 93."
141,2026-07-27T05:28:20Z,KMSP,Tonight,2026-07-26T22:00:00-05:00,0,80.0,Mostly Clear,"Mostly clear, with a low around 80. Heat index values as high as 96. South southwest wind 5 to 10 mph."
142,2026-07-27T05:28:20Z,KMSP,Monday,2026-07-27T06:00:00-05:00,1,93.0,Mostly Sunny,"Mostly sunny, with a high near 93. Heat index values as high as 95. West northwest wind 10 to 15 mph, with gusts as high as 30 mph."
143,2026-07-27T05:28:20Z,KMSP,Monday Night,2026-07-27T18:00:00-05:00,0,71.0,Partly Cloudy,"Partly cloudy, with a low around 71. North northeast wind 5 to 15 mph."
144,2026-07-27T05:28:20Z,KMSP,Tuesday,2026-07-28T06:00:00-05:00,1,89.0,Sunny,"Sunny, with a high near 89. East northeast wind around 5 mph."
145,2026-07-27T05:28:20Z,KMSP,Tuesday Night,2026-07-28T18:00:00-05:00,0,71.0,Mostly Clear,"Mostly clear, with a low around 71. East southeast wind around 5 mph."
146,2026-07-27T05:28:20Z,KMSP,Wednesday,2026-07-29T06:00:00-05:00,1,91.0,Sunny,"Sunny, with a high near 91. South wind 5 to 10 mph."
147,2026-07-27T05:28:20Z,KMSP,Wednesday Night,2026-07-29T18:00:00-05:00,0,72.0,Mostly Clear,"Mostly clear, with a low around 72. South wind 5 to 10 mph."
148,2026-07-27T05:28:20Z,KMSP,Thursday,2026-07-30T06:00:00-05:00,1,89.0,Mostly Sunny then Chance Showers And Thunderstorms,"A chance of showers and thunderstorms after 1pm. Mostly sunny, with a high near 89. South wind 5 to 10 mph. Chance of precipitation is 30%."
149,2026-07-27T05:28:20Z,KMSP,Thursday Night,2026-07-30T18:00:00-05:00,0,69.0,Chance Showers And Thunderstorms then Showers And Thunderstorms Likely,"A chance of showers and thunderstorms before 7pm, then showers and thunderstorms likely. Mostly cloudy, with a low around 69. South southwest wind 5 to 10 mph. Chance of precipitation is 70%."
150,2026-07-27T05:28:20Z,KMSP,Friday,2026-07-31T06:00:00-05:00,1,83.0,Showers And Thunderstorms Likely,"Showers and thunderstorms likely before 1pm, then a slight chance of showers and thunderstorms. Partly sunny, with a high near 83. North northwest wind around 5 mph. Chance of precipitation is 70%."
151,2026-07-27T05:28:20Z,KMSP,Friday Night,2026-07-31T18:00:00-05:00,0,67.0,Slight Chance Showers And Thunderstorms,"A slight chance of showers and thunderstorms. Partly cloudy, with a low around 67. North wind 0 to 5 mph. Chance of precipitation is 20%."
152,2026-07-27T05:28:20Z,KMSP,Saturday,2026-08-01T06:00:00-05:00,1,86.0,Slight Chance Showers And Thunderstorms,"A slight chance of showers and thunderstorms before 1pm. Sunny, with a high near 86. North northwest wind 0 to 5 mph. Chance of precipitation is 20%."
153,2026-07-27T05:28:20Z,KMSP,Saturday Night,2026-08-01T18:00:00-05:00,0,67.0,Mostly Clear,"Mostly clear, with a low around 67. East wind 0 to 5 mph."
154,2026-07-27T05:28:20Z,KMSP,Sunday,2026-08-02T06:00:00-05:00,1,87.0,Sunny,"Sunny, with a high near 87. South wind 0 to 10 mph."
155,2026-07-27T05:28:20Z,KMSY,Tonight,2026-07-26T23:00:00-05:00,0,79.0,Mostly Clear,"Mostly clear, with a low around 79. West wind around 10 mph."
156,2026-07-27T05:28:20Z,KMSY,Monday,2026-07-27T06:00:00-05:00,1,95.0,Sunny,"Sunny, with a high near 95. Heat index values as high as 105. West wind 5 to 10 mph."
157,2026-07-27T05:28:20Z,KMSY,Monday Night,2026-07-27T18:00:00-05:00,0,79.0,Partly Cloudy,"Partly cloudy, with a low around 79. West wind 5 to 10 mph."
158,2026-07-27T05:28:20Z,KMSY,Tuesday,2026-07-28T06:00:00-05:00,1,96.0,Sunny,"Sunny, with a high near 96. Heat index values as high as 106. West wind 5 to 10 mph."
159,2026-07-27T05:28:20Z,KMSY,Tuesday Night,2026-07-28T18:00:00-05:00,0,79.0,Mostly Clear,"Mostly clear, with a low around 79. West wind around 10 mph."
160,2026-07-27T05:28:20Z,KMSY,Wednesday,2026-07-29T06:00:00-05:00,1,97.0,Mostly Sunny,"Mostly sunny, with a high near 97. West wind around 10 mph."
161,2026-07-27T05:28:20Z,KMSY,Wednesday Night,2026-07-29T18:00:00-05:00,0,80.0,Partly Cloudy then Slight Chance Showers And Thunderstorms,"A slight chance of showers and thunderstorms after 1am. Partly cloudy, with a low around 80. Southwest wind around 10 mph. Chance of precipitation is 20%."
162,2026-07-27T05:28:20Z,KMSY,Thursday,2026-07-30T06:00:00-05:00,1,94.0,Chance Showers And Thunderstorms,"A chance of showers and thunderstorms. Mostly sunny, with a high near 94. West wind around 10 mph."
163,2026-07-27T05:28:20Z,KMSY,Thursday Night,2026-07-30T18:00:00-05:00,0,79.0,Chance Showers And Thunderstorms,"A chance of showers and thunderstorms. Partly cloudy, with a low around 79. Southwest wind around 10 mph."
164,2026-07-27T05:28:20Z,KMSY,Friday,2026-07-31T06:00:00-05:00,1,93.0,Chance Showers And Thunderstorms,"A chance of showers and thunderstorms. Mostly sunny, with a high near 93. West wind around 10 mph."
165,2026-07-27T05:28:20Z,KMSY,Friday Night,2026-07-31T18:00:00-05:00,0,79.0,Chance Showers And Thunderstorms then Partly Cloudy,"A chance of showers and thunderstorms before 7pm. Partly cloudy, with a low around 79. Southwest wind around 10 mph."
166,2026-07-27T05:28:20Z,KMSY,Saturday,2026-08-01T06:00:00-05:00,1,92.0,Chance Showers And Thunderstorms,"A chance of showers and thunderstorms after 7am. Mostly sunny, with a high near 92. West wind 10 to 15 mph."
167,2026-07-27T05:28:20Z,KMSY,Saturday Night,2026-08-01T18:00:00-05:00,0,78.0,Chance Showers And Thunderstorms,"A chance of showers and thunderstorms. Partly cloudy, with a low around 78. Southwest wind around 10 mph."
168,2026-07-27T05:28:20Z,KMSY,Sunday,2026-08-02T06:00:00-05:00,1,90.0,Chance Showers And Thunderstorms then Showers And Thunderstorms Likely,"A chance of showers and thunderstorms before 7am, then showers and thunderstorms likely between 7am and 1pm, then showers and thunderstorms likely. Mostly sunny, with a high near 90. West wind around 10 mph."
169,2026-07-27T05:28:20Z,KNYC,Tonight,2026-07-26T18:00:00-04:00,0,68.0,Partly Cloudy,"Partly cloudy. Low around 68, with temperatures rising to around 70 overnight. South wind 0 to 6 mph."
170,2026-07-27T05:28:20Z,KNYC,Monday,2026-07-27T06:00:00-04:00,1,82.0,Slight Chance Rain Showers then Chance Showers And Thunderstorms,"A slight chance of rain showers between 11am and 2pm, then a chance of showers and thunderstorms. Mostly sunny. High near 82, with temperatures falling to around 80 in the afternoon. South wind 0 to 7 mph. Chance of precipitation is 50%. New rainfall amounts less than a tenth of an inch possible."
171,2026-07-27T05:28:20Z,KNYC,Monday Night,2026-07-27T18:00:00-04:00,0,69.0,Chance Showers And Thunderstorms,"A chance of showers and thunderstorms before 11pm, then a chance of showers and thunderstorms. Mostly cloudy. Low around 69, with temperatures rising to around 71 overnight. South wind around 6 mph. Chance of precipitation is 50%. New rainfall amounts between a tenth and quarter of an inch possible."
172,2026-07-27T05:28:20Z,KNYC,Tuesday,2026-07-28T06:00:00-04:00,1,78.0,Showers And Thunderstorms,"Showers and thunderstorms. Mostly cloudy. High near 78, with temperatures falling to around 76 in the afternoon. South wind 3 to 10 mph, with gusts as high as 23 mph. Chance of precipitation is 80%. New rainfall amounts between three quarters and one inch possible."
173,2026-07-27T05:28:20Z,KNYC,Tuesday Night,2026-07-28T18:00:00-04:00,0,68.0,Showers And Thunderstorms,"Showers and thunderstorms. Cloudy, with a low around 68. Southeast wind around 8 mph, with gusts as high as 22 mph. Chance of precipitation is 90%. New rainfall amounts between 1 and 2 inches possible."
174,2026-07-27T05:28:20Z,KNYC,Wednesday,2026-07-29T06:00:00-04:00,1,75.0,Rain Showers,"Rain showers before 2pm, then showers and thunderstorms. Mostly cloudy, with a high near 75. Chance of precipitation is 80%. New rainfall amounts between 1 and 2 inches possible."
175,2026-07-27T05:28:20Z,KNYC,Wednesday Night,2026-07-29T18:00:00-04:00,0,66.0,Showers And Thunderstorms,"Showers and thunderstorms. Mostly cloudy, with a low around 66. Chance of precipitation is 80%."
176,2026-07-27T05:28:20Z,KNYC,Thursday,2026-07-30T06:00:00-04:00,1,81.0,Chance Rain Showers,"A chance of rain showers before 8am, then a chance of showers and thunderstorms. Partly sunny, with a high near 81. Chance of precipitation is 30%."
177,2026-07-27T05:28:20Z,KNYC,Thursday Night,2026-07-30T18:00:00-04:00,0,67.0,Chance Showers And Thunderstorms then Partly Cloudy,"A chance of showers and thunderstorms before 8pm. Partly cloudy, with a low around 67. Chance of precipitation is 30%."
178,2026-07-27T05:28:20Z,KNYC,Friday,2026-07-31T06:00:00-04:00,1,83.0,Mostly Sunny,"Mostly sunny, with a high near 83."
179,2026-07-27T05:28:20Z,KNYC,Friday Night,2026-07-31T18:00:00-04:00,0,70.0,Partly Cloudy,"Partly cloudy, with a low around 70."
180,2026-07-27T05:28:20Z,KNYC,Saturday,2026-08-01T06:00:00-04:00,1,85.0,Mostly Sunny,"Mostly sunny, with a high near 85."
181,2026-07-27T05:28:20Z,KNYC,Saturday Night,2026-08-01T18:00:00-04:00,0,71.0,Mostly Cloudy,"Mostly cloudy, with a low around 71."
182,2026-07-27T05:28:20Z,KNYC,Sunday,2026-08-02T06:00:00-04:00,1,85.0,Chance Showers And Thunderstorms,"A slight chance of rain showers between 8am and 2pm, then a chance of showers and thunderstorms. Partly sunny, with a high near 85."
183,2026-07-27T05:28:20Z,KOKC,Tonight,2026-07-26T18:00:00-05:00,0,77.0,Mostly Clear,"Mostly clear, with a low around 77. Heat index values as high as 106. South wind around 13 mph, with gusts as high as 20 mph."
184,2026-07-27T05:28:20Z,KOKC,Monday,2026-07-27T06:00:00-05:00,1,102.0,Sunny,"Sunny, with a high near 102. Heat index values as high as 104. South southwest wind 12 to 15 mph, with gusts as high as 23 mph."
185,2026-07-27T05:28:20Z,KOKC,Monday Night,2026-07-27T18:00:00-05:00,0,77.0,Clear,"Clear, with a low around 77. Heat index values as high as 104. South southwest wind 9 to 14 mph, with gusts as high as 21 mph."
186,2026-07-27T05:28:20Z,KOKC,Tuesday,2026-07-28T06:00:00-05:00,1,102.0,Sunny,"Sunny, with a high near 102. Heat index values as high as 104. South southwest wind around 12 mph."
187,2026-07-27T05:28:20Z,KOKC,Tuesday Night,2026-07-28T18:00:00-05:00,0,78.0,Partly Cloudy,"Partly cloudy, with a low around 78. South southeast wind around 10 mph."
188,2026-07-27T05:28:20Z,KOKC,Wednesday,2026-07-29T06:00:00-05:00,1,100.0,Mostly Sunny,"Mostly sunny, with a high near 100."
189,2026-07-27T05:28:20Z,KOKC,Wednesday Night,2026-07-29T18:00:00-05:00,0,78.0,Partly Cloudy,"Partly cloudy, with a low around 78."
190,2026-07-27T05:28:20Z,KOKC,Thursday,2026-07-30T06:00:00-05:00,1,100.0,Mostly Sunny,"Mostly sunny, with a high near 100."
191,2026-07-27T05:28:20Z,KOKC,Thursday Night,2026-07-30T18:00:00-05:00,0,78.0,Partly Cloudy,"Partly cloudy, with a low around 78."
192,2026-07-27T05:28:20Z,KOKC,Friday,2026-07-31T06:00:00-05:00,1,101.0,Mostly Sunny,"Mostly sunny, with a high near 101."
193,2026-07-27T05:28:20Z,KOKC,Friday Night,2026-07-31T18:00:00-05:00,0,76.0,Mostly Clear,"Mostly clear, with a low around 76."
194,2026-07-27T05:28:20Z,KOKC,Saturday,2026-08-01T06:00:00-05:00,1,96.0,Sunny,"Sunny, with a high near 96."
195,2026-07-27T05:28:20Z,KOKC,Saturday Night,2026-08-01T18:00:00-05:00,0,72.0,Mostly Clear,"Mostly clear, with a low around 72."
196,2026-07-27T05:28:20Z,KOKC,Sunday,2026-08-02T06:00:00-05:00,1,94.0,Sunny,"Sunny, with a high near 94."
197,2026-07-27T05:28:20Z,KPHL,Tonight,2026-07-26T18:00:00-04:00,0,67.0,Partly Cloudy then Isolated Showers And Thunderstorms,"Isolated showers and thunderstorms after 1am. Partly cloudy, with a low around 67. Southwest wind 0 to 5 mph. Chance of precipitation is 20%."
198,2026-07-27T05:28:20Z,KPHL,Monday,2026-07-27T06:00:00-04:00,1,85.0,Scattered Showers And Thunderstorms,"Isolated rain showers before 7am, then scattered showers and thunderstorms between noon and 2pm, then scattered showers and thunderstorms. Mostly sunny, with a high near 85. South wind 0 to 5 mph. Chance of precipitation is 50%. New rainfall amounts less than a tenth of an inch possible."
199,2026-07-27T05:28:20Z,KPHL,Monday Night,2026-07-27T18:00:00-04:00,0,70.0,Chance Showers And Thunderstorms,"A chance of showers and thunderstorms before 3am, then a chance of showers and thunderstorms. Mostly cloudy, with a low around 70. South wind 5 to 10 mph. Chance of precipitation is 40%. New rainfall amounts less than a tenth of an inch possible."
200,2026-07-27T05:28:20Z,KPHL,Tuesday,2026-07-28T06:00:00-04:00,1,80.0,Showers And Thunderstorms,"Showers and thunderstorms. Cloudy, with a high near 80. South wind 5 to 10 mph. Chance of precipitation is 90%. New rainfall amounts between three quarters and one inch possible."
201,2026-07-27T05:28:20Z,KPHL,Tuesday Night,2026-07-28T18:00:00-04:00,0,69.0,Showers And Thunderstorms,"Showers and thunderstorms. Cloudy, with a low around 69. East wind 5 to 10 mph. Chance of precipitation is 90%. New rainfall amounts between 1 and 2 inches possible."
202,2026-07-27T05:28:20Z,KPHL,Wednesday,2026-07-29T06:00:00-04:00,1,81.0,Showers And Thunderstorms Likely,"A chance of rain showers before 2pm, then showers and thunderstorms likely. Mostly cloudy, with a high near 81. Chance of precipitation is 70%. New rainfall amounts between a quarter and half of an inch possible."
203,2026-07-27T05:28:20Z,KPHL,Wednesday Night,2026-07-29T18:00:00-04:00,0,66.0,Showers And Thunderstorms Likely,"Showers and thunderstorms likely before 2am. Mostly cloudy, with a low around 66. Chance of precipitation is 70%."
204,2026-07-27T05:28:20Z,KPHL,Thursday,2026-07-30T06:00:00-04:00,1,82.0,Mostly Sunny then Slight Chance Showers And Thunderstorms,"A slight chance of showers and thunderstorms after 2pm. Mostly sunny, with a high near 82."
205,2026-07-27T05:28:20Z,KPHL,Thursday Night,2026-07-30T18:00:00-04:00,0,66.0,Slight Chance Showers And Thunderstorms then Partly Cloudy,"A slight chance of showers and thunderstorms before 8pm. Partly cloudy, with a low around 66."
206,2026-07-27T05:28:20Z,KPHL,Friday,2026-07-31T06:00:00-04:00,1,85.0,Sunny,"Sunny, with a high near 85."
207,2026-07-27T05:28:20Z,KPHL,Friday Night,2026-07-31T18:00:00-04:00,0,69.0,Partly Cloudy,"Partly cloudy, with a low around 69."
208,2026-07-27T05:28:20Z,KPHL,Saturday,2026-08-01T06:00:00-04:00,1,88.0,Mostly Sunny then Slight Chance Showers And Thunderstorms,"A slight chance of showers and thunderstorms after 2pm. Mostly sunny, with a high near 88."
209,2026-07-27T05:28:20Z,KPHL,Saturday Night,2026-08-01T18:00:00-04:00,0,70.0,Slight Chance Showers And Thunderstorms,"A slight chance of showers and thunderstorms before 2am. Mostly cloudy, with a low around 70."
210,2026-07-27T05:28:20Z,KPHL,Sunday,2026-08-02T06:00:00-04:00,1,85.0,Chance Rain Showers,"A chance of rain showers between 8am and 2pm, then a chance of showers and thunderstorms. Partly sunny, with a high near 85."
211,2026-07-27T05:28:20Z,KPHX,Tonight,2026-07-26T22:00:00-07:00,0,92.0,Mostly Clear,"Mostly clear, with a low around 92. West wind around 10 mph."
212,2026-07-27T05:28:20Z,KPHX,Monday,2026-07-27T06:00:00-07:00,1,111.0,Sunny,"Sunny, with a high near 111. Heat index values as high as 112. West wind 10 to 15 mph, with gusts as high as 20 mph."
213,2026-07-27T05:28:20Z,KPHX,Monday Night,2026-07-27T18:00:00-07:00,0,91.0,Partly Cloudy then Slight Chance Showers And Thunderstorms,"A slight chance of showers and thunderstorms after 5am. Partly cloudy, with a low around 91. West southwest wind 10 to 15 mph. New rainfall amounts less than a tenth of an inch possible."
214,2026-07-27T05:28:20Z,KPHX,Tuesday,2026-07-28T06:00:00-07:00,1,110.0,Slight Chance Showers And Thunderstorms then Mostly Sunny,"A slight chance of showers and thunderstorms before 8am. Mostly sunny, with a high near 110. West southwest wind around 10 mph."
215,2026-07-27T05:28:20Z,KPHX,Tuesday Night,2026-07-28T18:00:00-07:00,0,91.0,Partly Cloudy,"Partly cloudy, with a low around 91. West wind 10 to 15 mph."
216,2026-07-27T05:28:20Z,KPHX,Wednesday,2026-07-29T06:00:00-07:00,1,112.0,Sunny,"Sunny, with a high near 112. West wind 5 to 10 mph."
217,2026-07-27T05:28:20Z,KPHX,Wednesday Night,2026-07-29T18:00:00-07:00,0,92.0,Mostly Clear,"Mostly clear, with a low around 92. West wind around 5 mph."
218,2026-07-27T05:28:20Z,KPHX,Thursday,2026-07-30T06:00:00-07:00,1,114.0,Sunny,"Sunny, with a high near 114. West southwest wind 0 to 10 mph."
219,2026-07-27T05:28:20Z,KPHX,Thursday Night,2026-07-30T18:00:00-07:00,0,93.0,Mostly Clear,"Mostly clear, with a low around 93. West wind around 5 mph."
220,2026-07-27T05:28:20Z,KPHX,Friday,2026-07-31T06:00:00-07:00,1,115.0,Mostly Sunny,"Mostly sunny, with a high near 115. West southwest wind 0 to 10 mph, with gusts as high as 25 mph."
221,2026-07-27T05:28:20Z,KPHX,Friday Night,2026-07-31T18:00:00-07:00,0,93.0,Partly Cloudy,"Partly cloudy, with a low around 93. Southwest wind 0 to 10 mph, with gusts as high as 25 mph."
222,2026-07-27T05:28:20Z,KPHX,Saturday,2026-08-01T06:00:00-07:00,1,114.0,Mostly Sunny,"Mostly sunny, with a high near 114. South southwest wind 0 to 5 mph."
223,2026-07-27T05:28:20Z,KPHX,Saturday Night,2026-08-01T18:00:00-07:00,0,92.0,Partly Cloudy,"Partly cloudy, with a low around 92. South southwest wind around 5 mph."
224,2026-07-27T05:28:20Z,KPHX,Sunday,2026-08-02T06:00:00-07:00,1,113.0,Mostly Sunny then Slight Chance Showers And Thunderstorms,"A slight chance of showers and thunderstorms after 5pm. Mostly sunny, with a high near 113. Southwest wind 0 to 5 mph."
225,2026-07-27T05:28:20Z,KSAT,Overnight,2026-07-27T00:00:00-05:00,0,76.0,Mostly Clear,"Mostly clear, with a low around 76. South southeast wind 5 to 10 mph."
226,2026-07-27T05:28:20Z,KSAT,Monday,2026-07-27T06:00:00-05:00,1,98.0,Sunny,"Sunny, with a high near 98. Heat index values as high as 104. South wind 5 to 10 mph."
227,2026-07-27T05:28:20Z,KSAT,Monday Night,2026-07-27T18:00:00-05:00,0,76.0,Partly Cloudy,"Partly cloudy, with a low around 76. Heat index values as high as 104. South southeast wind 5 to 15 mph, with gusts as high as 25 mph."
228,2026-07-27T05:28:20Z,KSAT,Tuesday,2026-07-28T06:00:00-05:00,1,98.0,Mostly Sunny,"Mostly sunny, with a high near 98. Heat index values as high as 105. South wind 5 to 10 mph."
229,2026-07-27T05:28:20Z,KSAT,Tuesday Night,2026-07-28T18:00:00-05:00,0,77.0,Mostly Clear,"Mostly clear, with a low around 77. South southeast wind 5 to 15 mph, with gusts as high as 25 mph."
230,2026-07-27T05:28:20Z,KSAT,Wednesday,2026-07-29T06:00:00-05:00,1,99.0,Mostly Sunny,"Mostly sunny, with a high near 99. South southeast wind 5 to 10 mph."
231,2026-07-27T05:28:20Z,KSAT,Wednesday Night,2026-07-29T18:00:00-05:00,0,78.0,Mostly Clear,"Mostly clear, with a low around 78. South southeast wind 5 to 15 mph, with gusts as high as 25 mph."
232,2026-07-27T05:28:20Z,KSAT,Thursday,2026-07-30T06:00:00-05:00,1,100.0,Mostly Sunny,"Mostly sunny, with a high near 100. South wind around 5 mph."
233,2026-07-27T05:28:20Z,KSAT,Thursday Night,2026-07-30T18:00:00-05:00,0,77.0,Mostly Clear,"Mostly clear, with a low around 77. South southeast wind 5 to 10 mph, with gusts as high as 20 mph."
234,2026-07-27T05:28:20Z,KSAT,Friday,2026-07-31T06:00:00-05:00,1,100.0,Mostly Sunny,"Mostly sunny, with a high near 100."
235,2026-07-27T05:28:20Z,KSAT,Friday Night,2026-07-31T18:00:00-05:00,0,80.0,Mostly Clear,"Mostly clear, with a low around 80."
236,2026-07-27T05:28:20Z,KSAT,Saturday,2026-08-01T06:00:00-05:00,1,101.0,Mostly Sunny,"Mostly sunny, with a high near 101."
237,2026-07-27T05:28:20Z,KSAT,Saturday Night,2026-08-01T18:00:00-05:00,0,81.0,Mostly Clear,"Mostly clear, with a low around 81."
238,2026-07-27T05:28:20Z,KSAT,Sunday,2026-08-02T06:00:00-05:00,1,99.0,Mostly Sunny,"Mostly sunny, with a high near 99."
239,2026-07-27T05:28:20Z,KSFO,Tonight,2026-07-26T18:00:00-07:00,0,58.0,Mostly Clear,"Mostly clear, with a low around 58. West wind 13 to 22 mph, with gusts as high as 31 mph."
240,2026-07-27T05:28:20Z,KSFO,Monday,2026-07-27T06:00:00-07:00,1,74.0,Mostly Sunny,"Mostly sunny. High near 74, with temperatures falling to around 70 in the afternoon. West wind 13 to 25 mph, with gusts as high as 32 mph."
241,2026-07-27T05:28:20Z,KSFO,Monday Night,2026-07-27T18:00:00-07:00,0,59.0,Mostly Clear,"Mostly clear, with a low around 59. West wind 14 to 24 mph, with gusts as high as 32 mph."
242,2026-07-27T05:28:20Z,KSFO,Tuesday,2026-07-28T06:00:00-07:00,1,75.0,Mostly Sunny,"Mostly sunny, with a high near 75. West wind 14 to 24 mph, with gusts as high as 31 mph."
243,2026-07-27T05:28:20Z,KSFO,Tuesday Night,2026-07-28T18:00:00-07:00,0,58.0,Mostly Clear,"Mostly clear, with a low around 58. West wind 12 to 24 mph, with gusts as high as 31 mph."
244,2026-07-27T05:28:20Z,KSFO,Wednesday,2026-07-29T06:00:00-07:00,1,74.0,Sunny,"Sunny, with a high near 74."
245,2026-07-27T05:28:20Z,KSFO,Wednesday Night,2026-07-29T18:00:00-07:00,0,58.0,Mostly Clear,"Mostly clear, with a low around 58."
246,2026-07-27T05:28:20Z,KSFO,Thursday,2026-07-30T06:00:00-07:00,1,68.0,Sunny,"Sunny, with a high near 68."
247,2026-07-27T05:28:20Z,KSFO,Thursday Night,2026-07-30T18:00:00-07:00,0,57.0,Mostly Clear,"Mostly clear, with a low around 57."
248,2026-07-27T05:28:20Z,KSFO,Friday,2026-07-31T06:00:00-07:00,1,71.0,Sunny,"Sunny, with a high near 71."
249,2026-07-27T05:28:20Z,KSFO,Friday Night,2026-07-31T18:00:00-07:00,0,58.0,Mostly Clear,"Mostly clear, with a low around 58."
250,2026-07-27T05:28:20Z,KSFO,Saturday,2026-08-01T06:00:00-07:00,1,73.0,Sunny,"Sunny, with a high near 73."
251,2026-07-27T05:28:20Z,KSFO,Saturday Night,2026-08-01T18:00:00-07:00,0,59.0,Mostly Clear,"Mostly clear, with a low around 59."
252,2026-07-27T05:28:20Z,KSFO,Sunday,2026-08-02T06:00:00-07:00,1,71.0,Sunny,"Sunny, with a high near 71."
253,2026-07-27T05:28:20Z,KSEA,Tonight,2026-07-26T18:00:00-07:00,0,58.0,Mostly Cloudy,"Mostly cloudy. Low around 58, with temperatures rising to around 60 overnight. Southwest wind 6 to 9 mph."
254,2026-07-27T05:28:20Z,KSEA,Monday,2026-07-27T06:00:00-07:00,1,78.0,Sunny,"Sunny. High near 78, with temperatures falling to around 76 in the afternoon. Southwest wind 7 to 10 mph."
255,2026-07-27T05:28:20Z,KSEA,Monday Night,2026-07-27T18:00:00-07:00,0,59.0,Partly Cloudy,"Partly cloudy. Low around 59, with temperatures rising to around 61 overnight. Southwest wind around 10 mph."
256,2026-07-27T05:28:20Z,KSEA,Tuesday,2026-07-28T06:00:00-07:00,1,75.0,Partly Sunny,"Partly sunny, with a high near 75. South southwest wind 9 to 13 mph."
257,2026-07-27T05:28:20Z,KSEA,Tuesday Night,2026-07-28T18:00:00-07:00,0,56.0,Partly Cloudy,"Partly cloudy, with a low around 56. Northwest wind 2 to 12 mph."
258,2026-07-27T05:28:20Z,KSEA,Wednesday,2026-07-29T06:00:00-07:00,1,76.0,Mostly Sunny,"Mostly sunny, with a high near 76."
259,2026-07-27T05:28:20Z,KSEA,Wednesday Night,2026-07-29T18:00:00-07:00,0,55.0,Mostly Clear,"Mostly clear, with a low around 55."
260,2026-07-27T05:28:20Z,KSEA,Thursday,2026-07-30T06:00:00-07:00,1,78.0,Sunny,"Sunny, with a high near 78."
261,2026-07-27T05:28:20Z,KSEA,Thursday Night,2026-07-30T18:00:00-07:00,0,56.0,Mostly Clear,"Mostly clear, with a low around 56."
262,2026-07-27T05:28:20Z,KSEA,Friday,2026-07-31T06:00:00-07:00,1,81.0,Sunny,"Sunny, with a high near 81."
263,2026-07-27T05:28:20Z,KSEA,Friday Night,2026-07-31T18:00:00-07:00,0,58.0,Partly Cloudy,"Partly cloudy, with a low around 58."
264,2026-07-27T05:28:20Z,KSEA,Saturday,2026-08-01T06:00:00-07:00,1,76.0,Mostly Sunny,"Mostly sunny, with a high near 76."
265,2026-07-27T05:28:20Z,KSEA,Saturday Night,2026-08-01T18:00:00-07:00,0,56.0,Partly Cloudy,"Partly cloudy, with a low around 56."
266,2026-07-27T05:28:20Z,KSEA,Sunday,2026-08-02T06:00:00-07:00,1,74.0,Mostly Sunny,"Mostly sunny, with a high near 74."
267,2026-07-27T05:28:20Z,KDCA,Tonight,2026-07-26T23:00:00-04:00,0,69.0,Chance Rain Showers,"A chance of rain showers before 2am. Partly cloudy, with a low around 69. South wind 5 to 8 mph. Chance of precipitation is 50%. New rainfall amounts less than a tenth of an inch possible."
268,2026-07-27T05:28:20Z,KDCA,Monday,2026-07-27T06:00:00-04:00,1,88.0,Mostly Sunny then Chance Showers And Thunderstorms,"A chance of showers and thunderstorms after 2pm. Mostly sunny, with a high near 88. South wind 2 to 6 mph. Chance of precipitation is 40%. New rainfall amounts less than a tenth of an inch possible."
269,2026-07-27T05:28:20Z,KDCA,Monday Night,2026-07-27T18:00:00-04:00,0,71.0,Slight Chance Showers And Thunderstorms then Partly Cloudy,"A slight chance of showers and thunderstorms before 10pm. Partly cloudy, with a low around 71. South wind around 9 mph. Chance of precipitation is 20%. New rainfall amounts less than a tenth of an inch possible."
270,2026-07-27T05:28:20Z,KDCA,Tuesday,2026-07-28T06:00:00-04:00,1,84.0,Showers And Thunderstorms,"A chance of rain showers between 7am and 8am, then showers and thunderstorms. Mostly cloudy, with a high near 84. South wind 10 to 15 mph, with gusts as high as 23 mph. Chance of precipitation is 100%. New rainfall amounts between a half and three quarters of an inch possible."
271,2026-07-27T05:28:20Z,KDCA,Tuesday Night,2026-07-28T18:00:00-04:00,0,70.0,Showers And Thunderstorms then Chance Showers And Thunderstorms,"Showers and thunderstorms before 8pm, then a chance of showers and thunderstorms between 8pm and 2am. Mostly cloudy, with a low around 70. West wind around 14 mph, with gusts as high as 20 mph. Chance of precipitation is 100%."
272,2026-07-27T05:28:20Z,KDCA,Wednesday,2026-07-29T06:00:00-04:00,1,85.0,Partly Sunny then Chance Showers And Thunderstorms,"A chance of showers and thunderstorms after 2pm. Partly sunny, with a high near 85. Chance of precipitation is 30%."
273,2026-07-27T05:28:20Z,KDCA,Wednesday Night,2026-07-29T18:00:00-04:00,0,69.0,Chance Showers And Thunderstorms then Partly Cloudy,"A chance of showers and thunderstorms before 8pm. Partly cloudy, with a low around 69. Chance of precipitation is 30%."
274,2026-07-27T05:28:20Z,KDCA,Thursday,2026-07-30T06:00:00-04:00,1,85.0,Mostly Sunny,"Mostly sunny, with a high near 85."
275,2026-07-27T05:28:20Z,KDCA,Thursday Night,2026-07-30T18:00:00-04:00,0,70.0,Partly Cloudy,"Partly cloudy, with a low around 70."
276,2026-07-27T05:28:20Z,KDCA,Friday,2026-07-31T06:00:00-04:00,1,86.0,Sunny,"Sunny, with a high near 86."
277,2026-07-27T05:28:20Z,KDCA,Friday Night,2026-07-31T18:00:00-04:00,0,72.0,Partly Cloudy,"Partly cloudy, with a low around 72."
278,2026-07-27T05:28:20Z,KDCA,Saturday,2026-08-01T06:00:00-04:00,1,89.0,Partly Sunny then Slight Chance Showers And Thunderstorms,"A slight chance of showers and thunderstorms after 2pm. Partly sunny, with a high near 89. Chance of precipitation is 20%."
279,2026-07-27T05:28:20Z,KDCA,Saturday Night,2026-08-01T18:00:00-04:00,0,72.0,Slight Chance Showers And Thunderstorms then Chance Showers And Thunderstorms,"A slight chance of showers and thunderstorms before 8pm, then a chance of showers and thunderstorms. Mostly cloudy, with a low around 72. Chance of precipitation is 40%."
280,2026-07-27T05:28:20Z,KDCA,Sunday,2026-08-02T06:00:00-04:00,1,85.0,Showers And Thunderstorms Likely,"A chance of rain showers before 2pm, then showers and thunderstorms likely. Mostly cloudy, with a high near 85."
1,2026-07-27T08:57:06Z,KATL,Overnight,2026-07-27T02:00:00-04:00,0,74.0,Partly Cloudy,"Partly cloudy, with a low around 74. Northwest wind around 5 mph."
2,2026-07-27T08:57:06Z,KATL,Monday,2026-07-27T06:00:00-04:00,1,92.0,Chance Showers And Thunderstorms then Slight Chance Showers And Thunderstorms,"A chance of showers and thunderstorms between 8am and 10am, then a slight chance of showers and thunderstorms between 10am and 11am, then a chance of showers and thunderstorms between 11am and noon, then a slight chance of showers and thunderstorms between noon and 1pm, then a chance of showers and thunderstorms between 1pm and 2pm. Partly sunny, with a high near 92. Heat index values as high as 99. Northwest wind 5 to 10 mph, with gusts as high as 20 mph. Chance of precipitation is 50%. New rainfall amounts between a tenth and quarter of an inch possible."
3,2026-07-27T08:57:06Z,KATL,Monday Night,2026-07-27T18:00:00-04:00,0,75.0,Mostly Clear,"Mostly clear, with a low around 75. Heat index values as high as 98. Northwest wind 0 to 10 mph."
4,2026-07-27T08:57:06Z,KATL,Tuesday,2026-07-28T06:00:00-04:00,1,96.0,Mostly Sunny,"Mostly sunny, with a high near 96. Heat index values as high as 105. West wind 5 to 10 mph, with gusts as high as 20 mph."
5,2026-07-27T08:57:06Z,KATL,Tuesday Night,2026-07-28T18:00:00-04:00,0,77.0,Slight Chance Showers And Thunderstorms,"A slight chance of showers and thunderstorms between 7pm and 2am. Partly cloudy, with a low around 77. West wind 5 to 10 mph, with gusts as high as 20 mph. Chance of precipitation is 20%."
6,2026-07-27T08:57:06Z,KATL,Wednesday,2026-07-29T06:00:00-04:00,1,91.0,Mostly Sunny,"Mostly sunny, with a high near 91."
7,2026-07-27T08:57:06Z,KATL,Wednesday Night,2026-07-29T18:00:00-04:00,0,71.0,Mostly Clear,"Mostly clear, with a low around 71."
8,2026-07-27T08:57:06Z,KATL,Thursday,2026-07-30T06:00:00-04:00,1,91.0,Sunny,"Sunny, with a high near 91."
9,2026-07-27T08:57:06Z,KATL,Thursday Night,2026-07-30T18:00:00-04:00,0,71.0,Mostly Clear,"Mostly clear, with a low around 71."
10,2026-07-27T08:57:06Z,KATL,Friday,2026-07-31T06:00:00-04:00,1,92.0,Mostly Sunny,"Mostly sunny, with a high near 92."
11,2026-07-27T08:57:06Z,KATL,Friday Night,2026-07-31T18:00:00-04:00,0,74.0,Partly Cloudy,"Partly cloudy, with a low around 74."
12,2026-07-27T08:57:06Z,KATL,Saturday,2026-08-01T06:00:00-04:00,1,88.0,Slight Chance Rain Showers then Chance Showers And Thunderstorms,"A slight chance of rain showers between 8am and 2pm, then a chance of showers and thunderstorms. Partly sunny, with a high near 88. Chance of precipitation is 40%."
13,2026-07-27T08:57:06Z,KATL,Saturday Night,2026-08-01T18:00:00-04:00,0,73.0,Chance Showers And Thunderstorms,"A chance of showers and thunderstorms. Mostly cloudy, with a low around 73. Chance of precipitation is 50%."
14,2026-07-27T08:57:06Z,KATL,Sunday,2026-08-02T06:00:00-04:00,1,86.0,Showers And Thunderstorms Likely,"A chance of rain showers before 8am, then showers and thunderstorms likely. Partly sunny, with a high near 86."
15,2026-07-27T08:57:06Z,KAUS,Overnight,2026-07-27T02:00:00-05:00,0,76.0,Clear,"Clear, with a low around 76. South wind around 5 mph."
16,2026-07-27T08:57:06Z,KAUS,Monday,2026-07-27T06:00:00-05:00,1,98.0,Sunny,"Sunny, with a high near 98. Heat index values as high as 102. South southwest wind 5 to 10 mph."
17,2026-07-27T08:57:06Z,KAUS,Monday Night,2026-07-27T18:00:00-05:00,0,76.0,Mostly Clear,"Mostly clear, with a low around 76. Heat index values as high as 103. South wind 5 to 10 mph, with gusts as high as 20 mph."
18,2026-07-27T08:57:06Z,KAUS,Tuesday,2026-07-28T06:00:00-05:00,1,99.0,Sunny,"Sunny, with a high near 99. Heat index values as high as 106. South wind 5 to 10 mph."
19,2026-07-27T08:57:06Z,KAUS,Tuesday Night,2026-07-28T18:00:00-05:00,0,77.0,Mostly Clear,"Mostly clear, with a low around 77. South wind 5 to 10 mph, with gusts as high as 20 mph."
20,2026-07-27T08:57:06Z,KAUS,Wednesday,2026-07-29T06:00:00-05:00,1,99.0,Mostly Sunny,"Mostly sunny, with a high near 99. South wind 5 to 10 mph."
21,2026-07-27T08:57:06Z,KAUS,Wednesday Night,2026-07-29T18:00:00-05:00,0,78.0,Partly Cloudy,"Partly cloudy, with a low around 78. South wind 5 to 10 mph, with gusts as high as 20 mph."
22,2026-07-27T08:57:06Z,KAUS,Thursday,2026-07-30T06:00:00-05:00,1,100.0,Mostly Sunny,"Mostly sunny, with a high near 100. South southwest wind around 5 mph."
23,2026-07-27T08:57:06Z,KAUS,Thursday Night,2026-07-30T18:00:00-05:00,0,78.0,Partly Cloudy,"Partly cloudy, with a low around 78. South wind 5 to 10 mph."
24,2026-07-27T08:57:06Z,KAUS,Friday,2026-07-31T06:00:00-05:00,1,101.0,Mostly Sunny,"Mostly sunny, with a high near 101."
25,2026-07-27T08:57:06Z,KAUS,Friday Night,2026-07-31T18:00:00-05:00,0,81.0,Partly Cloudy,"Partly cloudy, with a low around 81."
26,2026-07-27T08:57:06Z,KAUS,Saturday,2026-08-01T06:00:00-05:00,1,101.0,Mostly Sunny,"Mostly sunny, with a high near 101."
27,2026-07-27T08:57:06Z,KAUS,Saturday Night,2026-08-01T18:00:00-05:00,0,81.0,Partly Cloudy,"Partly cloudy, with a low around 81."
28,2026-07-27T08:57:06Z,KAUS,Sunday,2026-08-02T06:00:00-05:00,1,99.0,Mostly Sunny,"Mostly sunny, with a high near 99."
29,2026-07-27T08:57:06Z,KBOS,Overnight,2026-07-27T02:00:00-04:00,0,59.0,Partly Cloudy,"Partly cloudy, with a low around 59. North wind around 2 mph."
30,2026-07-27T08:57:06Z,KBOS,Monday,2026-07-27T06:00:00-04:00,1,77.0,Sunny,"Sunny, with a high near 77. Northeast wind 1 to 9 mph."
31,2026-07-27T08:57:06Z,KBOS,Monday Night,2026-07-27T18:00:00-04:00,0,65.0,Mostly Clear,"Mostly clear, with a low around 65. South wind 3 to 8 mph."
32,2026-07-27T08:57:06Z,KBOS,Tuesday,2026-07-28T06:00:00-04:00,1,80.0,Mostly Sunny then Scattered Rain Showers,"Scattered rain showers after 1pm. Mostly sunny, with a high near 80. South wind 3 to 14 mph. Chance of precipitation is 30%."
33,2026-07-27T08:57:06Z,KBOS,Tuesday Night,2026-07-28T18:00:00-04:00,0,65.0,Scattered Rain Showers,"Scattered rain showers. Mostly cloudy, with a low around 65. Southeast wind 7 to 13 mph. Chance of precipitation is 40%."
34,2026-07-27T08:57:06Z,KBOS,Wednesday,2026-07-29T06:00:00-04:00,1,74.0,Patchy Fog,"Scattered rain showers before 8am, then a chance of rain showers and patchy fog between 8am and 11am, then patchy fog and widespread showers and thunderstorms between 11am and 2pm, then patchy fog and showers and thunderstorms. Mostly cloudy, with a high near 74. East wind 12 to 16 mph. Chance of precipitation is 90%."
35,2026-07-27T08:57:06Z,KBOS,Wednesday Night,2026-07-29T18:00:00-04:00,0,63.0,Patchy Fog,"Patchy fog and showers and thunderstorms. Mostly cloudy, with a low around 63. Northeast wind around 16 mph. Chance of precipitation is 80%."
36,2026-07-27T08:57:06Z,KBOS,Thursday,2026-07-30T06:00:00-04:00,1,70.0,Showers And Thunderstorms Likely,"Showers and thunderstorms likely. Mostly cloudy, with a high near 70. Northeast wind 12 to 16 mph. Chance of precipitation is 70%."
37,2026-07-27T08:57:06Z,KBOS,Thursday Night,2026-07-30T18:00:00-04:00,0,64.0,Chance Showers And Thunderstorms,"A chance of showers and thunderstorms before 8pm, then a chance of showers and thunderstorms between 8pm and midnight, then a slight chance of showers and thunderstorms between midnight and 4am. Mostly cloudy, with a low around 64. North wind 7 to 10 mph. Chance of precipitation is 50%."
38,2026-07-27T08:57:06Z,KBOS,Friday,2026-07-31T06:00:00-04:00,1,76.0,Mostly Sunny then Slight Chance Showers And Thunderstorms,"A slight chance of showers and thunderstorms after 4pm. Mostly sunny, with a high near 76. Northeast wind around 7 mph."
39,2026-07-27T08:57:06Z,KBOS,Friday Night,2026-07-31T18:00:00-04:00,0,67.0,Slight Chance Showers And Thunderstorms then Partly Cloudy,"A slight chance of showers and thunderstorms before 7pm. Partly cloudy, with a low around 67. Southwest wind around 5 mph."
40,2026-07-27T08:57:06Z,KBOS,Saturday,2026-08-01T06:00:00-04:00,1,79.0,Sunny,"Sunny, with a high near 79. South wind 3 to 8 mph."
41,2026-07-27T08:57:06Z,KBOS,Saturday Night,2026-08-01T18:00:00-04:00,0,69.0,Partly Cloudy,"Partly cloudy, with a low around 69. South wind 5 to 8 mph."
42,2026-07-27T08:57:06Z,KBOS,Sunday,2026-08-02T06:00:00-04:00,1,81.0,Mostly Sunny then Slight Chance Showers And Thunderstorms,"A slight chance of showers and thunderstorms between 2pm and 4pm, then a chance of showers and thunderstorms. Mostly sunny, with a high near 81. Southwest wind 5 to 9 mph."
43,2026-07-27T08:57:06Z,KMDW,Overnight,2026-07-27T03:00:00-05:00,0,78.0,Chance Showers And Thunderstorms,"A chance of showers and thunderstorms after 5am. Mostly cloudy, with a low around 78. South southwest wind 5 to 10 mph. Chance of precipitation is 30%. New rainfall amounts between a tenth and quarter of an inch possible."
44,2026-07-27T08:57:06Z,KMDW,Monday,2026-07-27T06:00:00-05:00,1,90.0,Showers And Thunderstorms Likely,"Showers and thunderstorms likely before 11am, then showers and thunderstorms likely between 11am and 1pm, then a slight chance of showers and thunderstorms. Mostly cloudy. High near 90, with temperatures falling to around 85 in the afternoon. Heat index values as high as 104. Southwest wind 10 to 20 mph, with gusts as high as 30 mph. Chance of precipitation is 60%. New rainfall amounts between a quarter and half of an inch possible."
45,2026-07-27T08:57:06Z,KMDW,Monday Night,2026-07-27T18:00:00-05:00,0,71.0,Chance Showers And Thunderstorms then Mostly Cloudy,"A chance of showers and thunderstorms before 7pm, then showers and thunderstorms likely between 7pm and 8pm, then a chance of showers and thunderstorms between 8pm and 10pm, then a chance of showers and thunderstorms between 11pm and midnight. Mostly cloudy, with a low around 71. Heat index values as high as 95. West northwest wind 10 to 20 mph, with gusts as high as 30 mph. Chance of precipitation is 60%. New rainfall amounts less than a tenth of an inch possible."
46,2026-07-27T08:57:06Z,KMDW,Tuesday,2026-07-28T06:00:00-05:00,1,77.0,Partly Sunny,"Partly sunny, with a high near 77. North wind around 15 mph, with gusts as high as 30 mph."
47,2026-07-27T08:57:06Z,KMDW,Tuesday Night,2026-07-28T18:00:00-05:00,0,67.0,Mostly Clear,"Mostly clear, with a low around 67. North wind 10 to 15 mph, with gusts as high as 25 mph."
48,2026-07-27T08:57:06Z,KMDW,Wednesday,2026-07-29T06:00:00-05:00,1,80.0,Sunny,"Sunny, with a high near 80."
49,2026-07-27T08:57:06Z,KMDW,Wednesday Night,2026-07-29T18:00:00-05:00,0,67.0,Mostly Clear,"Mostly clear, with a low around 67."
50,2026-07-27T08:57:06Z,KMDW,Thursday,2026-07-30T06:00:00-05:00,1,85.0,Sunny,"Sunny, with a high near 85."
51,2026-07-27T08:57:06Z,KMDW,Thursday Night,2026-07-30T18:00:00-05:00,0,71.0,Partly Cloudy then Slight Chance Showers And Thunderstorms,"A slight chance of showers and thunderstorms after 1am. Partly cloudy, with a low around 71."
52,2026-07-27T08:57:06Z,KMDW,Friday,2026-07-31T06:00:00-05:00,1,83.0,Chance Showers And Thunderstorms,"A chance of showers and thunderstorms. Partly sunny, with a high near 83."
53,2026-07-27T08:57:06Z,KMDW,Friday Night,2026-07-31T18:00:00-05:00,0,70.0,Chance Showers And Thunderstorms,"A chance of showers and thunderstorms before 7pm, then a chance of showers and thunderstorms. Mostly cloudy, with a low around 70."
54,2026-07-27T08:57:06Z,KMDW,Saturday,2026-08-01T06:00:00-05:00,1,81.0,Chance Showers And Thunderstorms,"A chance of rain showers before 7am, then a chance of showers and thunderstorms between 7am and 1pm, then a chance of showers and thunderstorms. Partly sunny, with a high near 81."
55,2026-07-27T08:57:06Z,KMDW,Saturday Night,2026-08-01T18:00:00-05:00,0,69.0,Chance Showers And Thunderstorms,"A chance of showers and thunderstorms before 1am. Mostly cloudy, with a low around 69."
56,2026-07-27T08:57:06Z,KMDW,Sunday,2026-08-02T06:00:00-05:00,1,80.0,Mostly Sunny,"Mostly sunny, with a high near 80."
57,2026-07-27T08:57:06Z,KDFW,Overnight,2026-07-27T01:00:00-05:00,0,80.0,Mostly Clear,"Mostly clear, with a low around 80. South southwest wind around 10 mph."
58,2026-07-27T08:57:06Z,KDFW,Monday,2026-07-27T06:00:00-05:00,1,102.0,Sunny,"Sunny, with a high near 102. Heat index values as high as 107. South southwest wind around 10 mph."
59,2026-07-27T08:57:06Z,KDFW,Monday Night,2026-07-27T18:00:00-05:00,0,81.0,Mostly Clear,"Mostly clear. Low around 81, with temperatures rising to around 83 overnight. Heat index values as high as 106. South southwest wind around 10 mph."
60,2026-07-27T08:57:06Z,KDFW,Tuesday,2026-07-28T06:00:00-05:00,1,102.0,Sunny,"Sunny, with a high near 102. Heat index values as high as 106. South southwest wind 5 to 10 mph."
61,2026-07-27T08:57:06Z,KDFW,Tuesday Night,2026-07-28T18:00:00-05:00,0,81.0,Mostly Clear,"Mostly clear. Low around 81, with temperatures rising to around 83 overnight. South wind 5 to 10 mph."
62,2026-07-27T08:57:06Z,KDFW,Wednesday,2026-07-29T06:00:00-05:00,1,102.0,Mostly Sunny,"Mostly sunny, with a high near 102. South wind 5 to 10 mph."
63,2026-07-27T08:57:06Z,KDFW,Wednesday Night,2026-07-29T18:00:00-05:00,0,82.0,Mostly Clear,"Mostly clear, with a low around 82. South southeast wind 5 to 10 mph."
64,2026-07-27T08:57:06Z,KDFW,Thursday,2026-07-30T06:00:00-05:00,1,103.0,Mostly Sunny,"Mostly sunny, with a high near 103. South southwest wind 5 to 10 mph."
65,2026-07-27T08:57:06Z,KDFW,Thursday Night,2026-07-30T18:00:00-05:00,0,82.0,Partly Cloudy,"Partly cloudy, with a low around 82. South southeast wind around 10 mph."
66,2026-07-27T08:57:06Z,KDFW,Friday,2026-07-31T06:00:00-05:00,1,103.0,Mostly Sunny,"Mostly sunny, with a high near 103."
67,2026-07-27T08:57:06Z,KDFW,Friday Night,2026-07-31T18:00:00-05:00,0,82.0,Partly Cloudy,"Partly cloudy, with a low around 82."
68,2026-07-27T08:57:06Z,KDFW,Saturday,2026-08-01T06:00:00-05:00,1,101.0,Sunny,"Sunny, with a high near 101."
69,2026-07-27T08:57:06Z,KDFW,Saturday Night,2026-08-01T18:00:00-05:00,0,79.0,Mostly Clear,"Mostly clear, with a low around 79."
70,2026-07-27T08:57:06Z,KDFW,Sunday,2026-08-02T06:00:00-05:00,1,99.0,Sunny,"Sunny, with a high near 99."
71,2026-07-27T08:57:06Z,KDEN,Overnight,2026-07-27T01:00:00-06:00,0,72.0,Slight Chance Rain Showers,"A slight chance of rain showers before 3am. Mostly cloudy. Low around 72, with temperatures rising to around 77 overnight. West wind around 8 mph. Chance of precipitation is 20%."
72,2026-07-27T08:57:06Z,KDEN,Monday,2026-07-27T06:00:00-06:00,1,95.0,Partly Sunny then Slight Chance Showers And Thunderstorms,"A slight chance of showers and thunderstorms between noon and 2pm, then a chance of showers and thunderstorms between 2pm and 3pm, then a chance of showers and thunderstorms. Partly sunny. High near 95, with temperatures falling to around 88 in the afternoon. North wind 6 to 10 mph, with gusts as high as 16 mph. Chance of precipitation is 40%. New rainfall amounts less than a tenth of an inch possible."
73,2026-07-27T08:57:06Z,KDEN,Monday Night,2026-07-27T18:00:00-06:00,0,67.0,Chance Showers And Thunderstorms then Mostly Cloudy,"A chance of showers and thunderstorms before 9pm, then a chance of showers and thunderstorms between 9pm and midnight. Mostly cloudy. Low around 67, with temperatures rising to around 71 overnight. South southeast wind 3 to 9 mph. Chance of precipitation is 40%."
74,2026-07-27T08:57:06Z,KDEN,Tuesday,2026-07-28T06:00:00-06:00,1,91.0,Mostly Sunny then Chance Showers And Thunderstorms,"A chance of showers and thunderstorms between 2pm and 3pm, then a chance of showers and thunderstorms between 3pm and 4pm, then showers and thunderstorms likely. Mostly sunny, with a high near 91. Northeast wind 2 to 7 mph, with gusts as high as 16 mph. Chance of precipitation is 60%."
75,2026-07-27T08:57:06Z,KDEN,Tuesday Night,2026-07-28T18:00:00-06:00,0,64.0,Chance Showers And Thunderstorms then Mostly Cloudy,"A chance of showers and thunderstorms before 9pm, then a chance of showers and thunderstorms between 9pm and midnight. Mostly cloudy, with a low around 64. South wind 3 to 8 mph. Chance of precipitation is 50%."
76,2026-07-27T08:57:06Z,KDEN,Wednesday,2026-07-29T06:00:00-06:00,1,92.0,Mostly Sunny then Chance Showers And Thunderstorms,"A chance of showers and thunderstorms between noon and 3pm, then a chance of showers and thunderstorms. Mostly sunny, with a high near 92. Chance of precipitation is 50%."
77,2026-07-27T08:57:06Z,KDEN,Wednesday Night,2026-07-29T18:00:00-06:00,0,64.0,Chance Showers And Thunderstorms then Partly Cloudy,"A chance of showers and thunderstorms before midnight. Partly cloudy, with a low around 64."
78,2026-07-27T08:57:06Z,KDEN,Thursday,2026-07-30T06:00:00-06:00,1,93.0,Sunny,"Sunny, with a high near 93."
79,2026-07-27T08:57:06Z,KDEN,Thursday Night,2026-07-30T18:00:00-06:00,0,65.0,Partly Cloudy,"Partly cloudy, with a low around 65."
80,2026-07-27T08:57:06Z,KDEN,Friday,2026-07-31T06:00:00-06:00,1,94.0,Sunny then Slight Chance Showers And Thunderstorms,"A slight chance of showers and thunderstorms after noon. Sunny, with a high near 94."
81,2026-07-27T08:57:06Z,KDEN,Friday Night,2026-07-31T18:00:00-06:00,0,65.0,Slight Chance Showers And Thunderstorms then Mostly Clear,"A slight chance of showers and thunderstorms before midnight. Mostly clear, with a low around 65."
82,2026-07-27T08:57:06Z,KDEN,Saturday,2026-08-01T06:00:00-06:00,1,94.0,Sunny,"Sunny, with a high near 94."
83,2026-07-27T08:57:06Z,KDEN,Saturday Night,2026-08-01T18:00:00-06:00,0,66.0,Mostly Clear,"Mostly clear, with a low around 66."
84,2026-07-27T08:57:06Z,KDEN,Sunday,2026-08-02T06:00:00-06:00,1,100.0,Sunny,"Sunny, with a high near 100."
85,2026-07-27T08:57:06Z,KIAH,Overnight,2026-07-27T03:00:00-05:00,0,78.0,Mostly Clear,"Mostly clear, with a low around 78. Southwest wind around 5 mph."
86,2026-07-27T08:57:06Z,KIAH,Monday,2026-07-27T06:00:00-05:00,1,99.0,Mostly Sunny,"Mostly sunny, with a high near 99. Heat index values as high as 107. Southwest wind 5 to 10 mph."
87,2026-07-27T08:57:06Z,KIAH,Monday Night,2026-07-27T18:00:00-05:00,0,79.0,Mostly Clear,"Mostly clear, with a low around 79. Heat index values as high as 104. Southwest wind 5 to 10 mph."
88,2026-07-27T08:57:06Z,KIAH,Tuesday,2026-07-28T06:00:00-05:00,1,101.0,Sunny,"Sunny, with a high near 101. Heat index values as high as 108. Southwest wind 5 to 10 mph."
89,2026-07-27T08:57:06Z,KIAH,Tuesday Night,2026-07-28T18:00:00-05:00,0,79.0,Mostly Clear,"Mostly clear, with a low around 79. Southwest wind 5 to 10 mph."
90,2026-07-27T08:57:06Z,KIAH,Wednesday,2026-07-29T06:00:00-05:00,1,102.0,Mostly Sunny,"Mostly sunny, with a high near 102."
91,2026-07-27T08:57:06Z,KIAH,Wednesday Night,2026-07-29T18:00:00-05:00,0,80.0,Mostly Clear,"Mostly clear, with a low around 80."
92,2026-07-27T08:57:06Z,KIAH,Thursday,2026-07-30T06:00:00-05:00,1,102.0,Mostly Sunny,"Mostly sunny, with a high near 102."
93,2026-07-27T08:57:06Z,KIAH,Thursday Night,2026-07-30T18:00:00-05:00,0,80.0,Partly Cloudy,"Partly cloudy, with a low around 80."
94,2026-07-27T08:57:06Z,KIAH,Friday,2026-07-31T06:00:00-05:00,1,102.0,Mostly Sunny,"Mostly sunny, with a high near 102."
95,2026-07-27T08:57:06Z,KIAH,Friday Night,2026-07-31T18:00:00-05:00,0,81.0,Partly Cloudy,"Partly cloudy, with a low around 81."
96,2026-07-27T08:57:06Z,KIAH,Saturday,2026-08-01T06:00:00-05:00,1,101.0,Mostly Sunny,"Mostly sunny, with a high near 101."
97,2026-07-27T08:57:06Z,KIAH,Saturday Night,2026-08-01T18:00:00-05:00,0,81.0,Partly Cloudy then Slight Chance Showers And Thunderstorms,"A slight chance of showers and thunderstorms after 1am. Partly cloudy, with a low around 81. Chance of precipitation is 20%."
98,2026-07-27T08:57:06Z,KIAH,Sunday,2026-08-02T06:00:00-05:00,1,98.0,Chance Showers And Thunderstorms,"A chance of showers and thunderstorms. Mostly sunny, with a high near 98."
99,2026-07-27T08:57:06Z,KLAS,Overnight,2026-07-27T00:00:00-07:00,0,89.0,Mostly Clear,"Mostly clear. Low around 89, with temperatures rising to around 92 overnight. South southwest wind around 8 mph."
100,2026-07-27T08:57:06Z,KLAS,Monday,2026-07-27T06:00:00-07:00,1,110.0,Sunny,"Sunny. High near 110, with temperatures falling to around 108 in the afternoon. Heat index values as high as 105. South southwest wind 7 to 12 mph, with gusts as high as 21 mph."
101,2026-07-27T08:57:06Z,KLAS,Monday Night,2026-07-27T18:00:00-07:00,0,88.0,Mostly Clear,"Mostly clear. Low around 88, with temperatures rising to around 90 overnight. Heat index values as high as 106. Southwest wind 6 to 12 mph, with gusts as high as 20 mph."
102,2026-07-27T08:57:06Z,KLAS,Tuesday,2026-07-28T06:00:00-07:00,1,110.0,Sunny,"Sunny, with a high near 110. Heat index values as high as 106. South wind 5 to 12 mph, with gusts as high as 20 mph."
103,2026-07-27T08:57:06Z,KLAS,Tuesday Night,2026-07-28T18:00:00-07:00,0,87.0,Mostly Clear,"Mostly clear, with a low around 87. Southwest wind 6 to 12 mph, with gusts as high as 20 mph."
104,2026-07-27T08:57:06Z,KLAS,Wednesday,2026-07-29T06:00:00-07:00,1,111.0,Sunny,"Sunny, with a high near 111."
105,2026-07-27T08:57:06Z,KLAS,Wednesday Night,2026-07-29T18:00:00-07:00,0,87.0,Mostly Clear,"Mostly clear, with a low around 87."
106,2026-07-27T08:57:06Z,KLAS,Thursday,2026-07-30T06:00:00-07:00,1,112.0,Sunny,"Sunny, with a high near 112."
107,2026-07-27T08:57:06Z,KLAS,Thursday Night,2026-07-30T18:00:00-07:00,0,88.0,Mostly Clear,"Mostly clear, with a low around 88."
108,2026-07-27T08:57:06Z,KLAS,Friday,2026-07-31T06:00:00-07:00,1,114.0,Sunny,"Sunny, with a high near 114."
109,2026-07-27T08:57:06Z,KLAS,Friday Night,2026-07-31T18:00:00-07:00,0,90.0,Mostly Clear,"Mostly clear, with a low around 90."
110,2026-07-27T08:57:06Z,KLAS,Saturday,2026-08-01T06:00:00-07:00,1,116.0,Sunny,"Sunny, with a high near 116."
111,2026-07-27T08:57:06Z,KLAS,Saturday Night,2026-08-01T18:00:00-07:00,0,91.0,Mostly Clear,"Mostly clear, with a low around 91."
112,2026-07-27T08:57:06Z,KLAS,Sunday,2026-08-02T06:00:00-07:00,1,116.0,Sunny,"Sunny, with a high near 116."
113,2026-07-27T08:57:06Z,KLAX,Overnight,2026-07-27T00:00:00-07:00,0,68.0,Partly Cloudy,"Partly cloudy, with a low around 68. South southeast wind around 5 mph."
114,2026-07-27T08:57:06Z,KLAX,Monday,2026-07-27T06:00:00-07:00,1,79.0,Sunny,"Sunny, with a high near 79. South southwest wind 5 to 10 mph."
115,2026-07-27T08:57:06Z,KLAX,Monday Night,2026-07-27T18:00:00-07:00,0,68.0,Partly Cloudy,"Partly cloudy, with a low around 68. Southwest wind 5 to 10 mph."
116,2026-07-27T08:57:06Z,KLAX,Tuesday,2026-07-28T06:00:00-07:00,1,79.0,Mostly Sunny,"Mostly sunny, with a high near 79. South southwest wind 5 to 10 mph."
117,2026-07-27T08:57:06Z,KLAX,Tuesday Night,2026-07-28T18:00:00-07:00,0,68.0,Partly Cloudy,"Partly cloudy, with a low around 68. South wind 5 to 10 mph."
118,2026-07-27T08:57:06Z,KLAX,Wednesday,2026-07-29T06:00:00-07:00,1,77.0,Mostly Sunny,"Mostly sunny, with a high near 77."
119,2026-07-27T08:57:06Z,KLAX,Wednesday Night,2026-07-29T18:00:00-07:00,0,67.0,Partly Cloudy,"Partly cloudy, with a low around 67."
120,2026-07-27T08:57:06Z,KLAX,Thursday,2026-07-30T06:00:00-07:00,1,77.0,Mostly Sunny,"Mostly sunny, with a high near 77."
121,2026-07-27T08:57:06Z,KLAX,Thursday Night,2026-07-30T18:00:00-07:00,0,68.0,Partly Cloudy,"Partly cloudy, with a low around 68."
122,2026-07-27T08:57:06Z,KLAX,Friday,2026-07-31T06:00:00-07:00,1,85.0,Mostly Sunny,"Mostly sunny, with a high near 85."
123,2026-07-27T08:57:06Z,KLAX,Friday Night,2026-07-31T18:00:00-07:00,0,70.0,Partly Cloudy,"Partly cloudy, with a low around 70."
124,2026-07-27T08:57:06Z,KLAX,Saturday,2026-08-01T06:00:00-07:00,1,83.0,Mostly Sunny,"Mostly sunny, with a high near 83."
125,2026-07-27T08:57:06Z,KLAX,Saturday Night,2026-08-01T18:00:00-07:00,0,71.0,Partly Cloudy,"Partly cloudy, with a low around 71."
126,2026-07-27T08:57:06Z,KLAX,Sunday,2026-08-02T06:00:00-07:00,1,82.0,Sunny,"Sunny, with a high near 82."
127,2026-07-27T08:57:06Z,KMIA,Overnight,2026-07-27T04:00:00-04:00,0,78.0,Partly Cloudy,"Partly cloudy, with a low around 78. West wind around 6 mph. New rainfall amounts less than a tenth of an inch possible."
128,2026-07-27T08:57:06Z,KMIA,Monday,2026-07-27T06:00:00-04:00,1,91.0,Showers And Thunderstorms Likely,"Showers and thunderstorms likely between 8am and 2pm, then showers and thunderstorms between 2pm and 3pm, then a chance of showers and thunderstorms. Partly sunny, with a high near 91. Heat index values as high as 102. Southwest wind 5 to 8 mph. Chance of precipitation is 80%. New rainfall amounts between a quarter and half of an inch possible."
129,2026-07-27T08:57:06Z,KMIA,Monday Night,2026-07-27T18:00:00-04:00,0,79.0,Slight Chance Showers And Thunderstorms then Partly Cloudy,"A slight chance of showers and thunderstorms before 8pm. Partly cloudy, with a low around 79. Southwest wind around 9 mph. Chance of precipitation is 20%. New rainfall amounts between a tenth and quarter of an inch possible."
130,2026-07-27T08:57:06Z,KMIA,Tuesday,2026-07-28T06:00:00-04:00,1,92.0,Chance Showers And Thunderstorms,"A chance of showers and thunderstorms after 8am. Mostly sunny, with a high near 92. Heat index values as high as 102. Southwest wind 7 to 13 mph, with gusts as high as 22 mph. Chance of precipitation is 50%."
131,2026-07-27T08:57:06Z,KMIA,Tuesday Night,2026-07-28T18:00:00-04:00,0,79.0,Slight Chance Showers And Thunderstorms then Partly Cloudy,"A slight chance of showers and thunderstorms before 8pm. Partly cloudy, with a low around 79. Southwest wind 8 to 13 mph, with gusts as high as 20 mph. Chance of precipitation is 20%."
132,2026-07-27T08:57:06Z,KMIA,Wednesday,2026-07-29T06:00:00-04:00,1,94.0,Mostly Sunny,"Mostly sunny, with a high near 94. Southwest wind 9 to 16 mph, with gusts as high as 26 mph."
133,2026-07-27T08:57:06Z,KMIA,Wednesday Night,2026-07-29T18:00:00-04:00,0,79.0,Partly Cloudy,"Partly cloudy, with a low around 79. Southwest wind 8 to 15 mph, with gusts as high as 24 mph."
134,2026-07-27T08:57:06Z,KMIA,Thursday,2026-07-30T06:00:00-04:00,1,95.0,Mostly Sunny,"Mostly sunny, with a high near 95. Southwest wind 8 to 15 mph, with gusts as high as 24 mph."
135,2026-07-27T08:57:06Z,KMIA,Thursday Night,2026-07-30T18:00:00-04:00,0,80.0,Partly Cloudy,"Partly cloudy, with a low around 80. Southwest wind 6 to 14 mph, with gusts as high as 23 mph."
136,2026-07-27T08:57:06Z,KMIA,Friday,2026-07-31T06:00:00-04:00,1,94.0,Mostly Sunny then Chance Showers And Thunderstorms,"A chance of showers and thunderstorms after 2pm. Mostly sunny, with a high near 94. Chance of precipitation is 30%."
137,2026-07-27T08:57:06Z,KMIA,Friday Night,2026-07-31T18:00:00-04:00,0,80.0,Chance Showers And Thunderstorms then Partly Cloudy,"A chance of showers and thunderstorms before 8pm. Partly cloudy, with a low around 80. Chance of precipitation is 30%."
138,2026-07-27T08:57:06Z,KMIA,Saturday,2026-08-01T06:00:00-04:00,1,94.0,Mostly Sunny then Chance Showers And Thunderstorms,"A chance of showers and thunderstorms after 2pm. Mostly sunny, with a high near 94. Chance of precipitation is 30%."
139,2026-07-27T08:57:06Z,KMIA,Saturday Night,2026-08-01T18:00:00-04:00,0,81.0,Chance Showers And Thunderstorms then Partly Cloudy,"A chance of showers and thunderstorms before 8pm. Partly cloudy, with a low around 81. Chance of precipitation is 30%."
140,2026-07-27T08:57:06Z,KMIA,Sunday,2026-08-02T06:00:00-04:00,1,93.0,Mostly Sunny then Slight Chance Showers And Thunderstorms,"A slight chance of showers and thunderstorms after 2pm. Mostly sunny, with a high near 93."
141,2026-07-27T08:57:06Z,KMSP,Overnight,2026-07-27T03:00:00-05:00,0,80.0,Partly Cloudy,"Partly cloudy, with a low around 80. Southwest wind 5 to 10 mph."
142,2026-07-27T08:57:06Z,KMSP,Monday,2026-07-27T06:00:00-05:00,1,94.0,Patchy Smoke,"Patchy smoke after 11am. Mostly sunny, with a high near 94. Heat index values as high as 95. West northwest wind 10 to 15 mph, with gusts as high as 25 mph."
143,2026-07-27T08:57:06Z,KMSP,Monday Night,2026-07-27T18:00:00-05:00,0,71.0,Partly Cloudy,"Partly cloudy, with a low around 71. North northeast wind 5 to 15 mph."
144,2026-07-27T08:57:06Z,KMSP,Tuesday,2026-07-28T06:00:00-05:00,1,90.0,Sunny,"Sunny, with a high near 90. East southeast wind around 5 mph."
145,2026-07-27T08:57:06Z,KMSP,Tuesday Night,2026-07-28T18:00:00-05:00,0,71.0,Mostly Clear,"Mostly clear, with a low around 71. South wind around 5 mph."
146,2026-07-27T08:57:06Z,KMSP,Wednesday,2026-07-29T06:00:00-05:00,1,92.0,Sunny,"Sunny, with a high near 92. South wind 5 to 10 mph."
147,2026-07-27T08:57:06Z,KMSP,Wednesday Night,2026-07-29T18:00:00-05:00,0,73.0,Mostly Clear,"Mostly clear, with a low around 73. South wind around 10 mph."
148,2026-07-27T08:57:06Z,KMSP,Thursday,2026-07-30T06:00:00-05:00,1,90.0,Partly Sunny then Slight Chance Showers And Thunderstorms,"A slight chance of showers and thunderstorms after 1pm. Partly sunny, with a high near 90. South wind 5 to 10 mph. Chance of precipitation is 20%."
149,2026-07-27T08:57:06Z,KMSP,Thursday Night,2026-07-30T18:00:00-05:00,0,70.0,Chance Showers And Thunderstorms,"A chance of showers and thunderstorms before 1am, then showers and thunderstorms likely. Mostly cloudy, with a low around 70. South southeast wind 5 to 10 mph. Chance of precipitation is 60%."
150,2026-07-27T08:57:06Z,KMSP,Friday,2026-07-31T06:00:00-05:00,1,84.0,Showers And Thunderstorms Likely,"Showers and thunderstorms likely before 1pm, then a chance of showers and thunderstorms. Partly sunny, with a high near 84. East wind 0 to 5 mph. Chance of precipitation is 60%."
151,2026-07-27T08:57:06Z,KMSP,Friday Night,2026-07-31T18:00:00-05:00,0,67.0,Chance Showers And Thunderstorms,"A chance of showers and thunderstorms. Partly cloudy, with a low around 67. North northwest wind 0 to 5 mph. Chance of precipitation is 30%."
152,2026-07-27T08:57:06Z,KMSP,Saturday,2026-08-01T06:00:00-05:00,1,86.0,Slight Chance Rain Showers then Mostly Sunny,"A slight chance of rain showers before 7am. Mostly sunny, with a high near 86. North northwest wind 0 to 5 mph. Chance of precipitation is 20%."
153,2026-07-27T08:57:06Z,KMSP,Saturday Night,2026-08-01T18:00:00-05:00,0,66.0,Mostly Clear,"Mostly clear, with a low around 66. North wind 0 to 5 mph."
154,2026-07-27T08:57:06Z,KMSP,Sunday,2026-08-02T06:00:00-05:00,1,88.0,Sunny,"Sunny, with a high near 88. Southeast wind 0 to 5 mph."
155,2026-07-27T08:57:06Z,KMSY,Overnight,2026-07-27T02:00:00-05:00,0,79.0,Mostly Clear,"Mostly clear, with a low around 79. West wind around 10 mph."
156,2026-07-27T08:57:06Z,KMSY,Monday,2026-07-27T06:00:00-05:00,1,96.0,Sunny,"Sunny, with a high near 96. Heat index values as high as 106. West wind 5 to 10 mph."
157,2026-07-27T08:57:06Z,KMSY,Monday Night,2026-07-27T18:00:00-05:00,0,79.0,Partly Cloudy,"Partly cloudy, with a low around 79. Heat index values as high as 105. West wind 5 to 10 mph."
158,2026-07-27T08:57:06Z,KMSY,Tuesday,2026-07-28T06:00:00-05:00,1,96.0,Sunny,"Sunny, with a high near 96. Heat index values as high as 106. West wind 5 to 10 mph."
159,2026-07-27T08:57:06Z,KMSY,Tuesday Night,2026-07-28T18:00:00-05:00,0,79.0,Mostly Clear,"Mostly clear, with a low around 79. West wind around 10 mph."
160,2026-07-27T08:57:06Z,KMSY,Wednesday,2026-07-29T06:00:00-05:00,1,96.0,Mostly Sunny,"Mostly sunny, with a high near 96. West wind around 10 mph."
161,2026-07-27T08:57:06Z,KMSY,Wednesday Night,2026-07-29T18:00:00-05:00,0,80.0,Slight Chance Showers And Thunderstorms,"A slight chance of showers and thunderstorms between 7pm and 1am. Partly cloudy, with a low around 80. Southwest wind around 10 mph. Chance of precipitation is 20%."
162,2026-07-27T08:57:06Z,KMSY,Thursday,2026-07-30T06:00:00-05:00,1,93.0,Showers And Thunderstorms Likely,"Showers and thunderstorms likely after 7am. Mostly sunny, with a high near 93. West wind around 10 mph."
163,2026-07-27T08:57:06Z,KMSY,Thursday Night,2026-07-30T18:00:00-05:00,0,79.0,Showers And Thunderstorms Likely,"Showers and thunderstorms likely. Partly cloudy, with a low around 79. Southwest wind around 10 mph."
164,2026-07-27T08:57:06Z,KMSY,Friday,2026-07-31T06:00:00-05:00,1,92.0,Chance Showers And Thunderstorms,"A chance of showers and thunderstorms. Partly sunny, with a high near 92. West wind around 10 mph."
165,2026-07-27T08:57:06Z,KMSY,Friday Night,2026-07-31T18:00:00-05:00,0,78.0,Chance Showers And Thunderstorms then Partly Cloudy,"A chance of showers and thunderstorms before 7pm. Partly cloudy, with a low around 78. Southwest wind around 10 mph."
166,2026-07-27T08:57:06Z,KMSY,Saturday,2026-08-01T06:00:00-05:00,1,92.0,Chance Showers And Thunderstorms,"A chance of showers and thunderstorms after 7am. Partly sunny, with a high near 92. West wind 10 to 15 mph."
167,2026-07-27T08:57:06Z,KMSY,Saturday Night,2026-08-01T18:00:00-05:00,0,78.0,Chance Showers And Thunderstorms,"A chance of showers and thunderstorms before 1am, then a chance of showers and thunderstorms. Partly cloudy, with a low around 78. Southwest wind 10 to 15 mph."
168,2026-07-27T08:57:06Z,KMSY,Sunday,2026-08-02T06:00:00-05:00,1,90.0,Showers And Thunderstorms Likely,"Showers and thunderstorms likely before 1pm, then showers and thunderstorms likely. Partly sunny, with a high near 90. West wind around 10 mph."
169,2026-07-27T08:57:06Z,KNYC,Overnight,2026-07-27T03:00:00-04:00,0,68.0,Partly Cloudy,"Partly cloudy, with a low around 68. South wind around 2 mph."
170,2026-07-27T08:57:06Z,KNYC,Monday,2026-07-27T06:00:00-04:00,1,83.0,Chance Showers And Thunderstorms,"A chance of showers and thunderstorms after 11am. Mostly sunny. High near 83, with temperatures falling to around 81 in the afternoon. South wind 0 to 6 mph. Chance of precipitation is 40%."
171,2026-07-27T08:57:06Z,KNYC,Monday Night,2026-07-27T18:00:00-04:00,0,70.0,Chance Showers And Thunderstorms,"A chance of showers and thunderstorms before 11pm, then a chance of showers and thunderstorms. Mostly cloudy, with a low around 70. South wind around 6 mph. Chance of precipitation is 30%."
172,2026-07-27T08:57:06Z,KNYC,Tuesday,2026-07-28T06:00:00-04:00,1,79.0,Showers And Thunderstorms Likely,"Showers and thunderstorms likely. Mostly cloudy. High near 79, with temperatures falling to around 76 in the afternoon. South wind 5 to 14 mph, with gusts as high as 28 mph. Chance of precipitation is 70%. New rainfall amounts between a quarter and half of an inch possible."
173,2026-07-27T08:57:06Z,KNYC,Tuesday Night,2026-07-28T18:00:00-04:00,0,69.0,Showers And Thunderstorms,"Showers and thunderstorms. Cloudy, with a low around 69. Southeast wind 6 to 13 mph, with gusts as high as 28 mph. Chance of precipitation is 90%. New rainfall amounts between 1 and 2 inches possible."
174,2026-07-27T08:57:06Z,KNYC,Wednesday,2026-07-29T06:00:00-04:00,1,79.0,Rain Showers,"Rain showers before 2pm, then showers and thunderstorms. Mostly cloudy, with a high near 79. Chance of precipitation is 80%. New rainfall amounts between 1 and 2 inches possible."
175,2026-07-27T08:57:06Z,KNYC,Wednesday Night,2026-07-29T18:00:00-04:00,0,67.0,Showers And Thunderstorms,"Showers and thunderstorms. Mostly cloudy, with a low around 67. Chance of precipitation is 80%."
176,2026-07-27T08:57:06Z,KNYC,Thursday,2026-07-30T06:00:00-04:00,1,78.0,Chance Showers And Thunderstorms,"A chance of showers and thunderstorms. Partly sunny, with a high near 78. Chance of precipitation is 50%."
177,2026-07-27T08:57:06Z,KNYC,Thursday Night,2026-07-30T18:00:00-04:00,0,67.0,Chance Showers And Thunderstorms then Mostly Cloudy,"A chance of showers and thunderstorms before 8pm. Mostly cloudy, with a low around 67. Chance of precipitation is 50%."
178,2026-07-27T08:57:06Z,KNYC,Friday,2026-07-31T06:00:00-04:00,1,83.0,Mostly Sunny,"Mostly sunny, with a high near 83."
179,2026-07-27T08:57:06Z,KNYC,Friday Night,2026-07-31T18:00:00-04:00,0,69.0,Partly Cloudy,"Partly cloudy, with a low around 69."
180,2026-07-27T08:57:06Z,KNYC,Saturday,2026-08-01T06:00:00-04:00,1,85.0,Mostly Sunny,"Mostly sunny, with a high near 85."
181,2026-07-27T08:57:06Z,KNYC,Saturday Night,2026-08-01T18:00:00-04:00,0,71.0,Mostly Cloudy,"Mostly cloudy, with a low around 71."
182,2026-07-27T08:57:06Z,KNYC,Sunday,2026-08-02T06:00:00-04:00,1,84.0,Chance Showers And Thunderstorms,"A slight chance of rain showers between 8am and 2pm, then a chance of showers and thunderstorms. Partly sunny, with a high near 84."
183,2026-07-27T08:57:06Z,KOKC,Overnight,2026-07-27T01:00:00-05:00,0,77.0,Mostly Clear,"Mostly clear, with a low around 77. South wind 9 to 13 mph, with gusts as high as 22 mph."
184,2026-07-27T08:57:06Z,KOKC,Monday,2026-07-27T06:00:00-05:00,1,102.0,Sunny,"Sunny, with a high near 102. Heat index values as high as 105. South southwest wind 12 to 15 mph, with gusts as high as 23 mph."
185,2026-07-27T08:57:06Z,KOKC,Monday Night,2026-07-27T18:00:00-05:00,0,77.0,Mostly Clear,"Mostly clear, with a low around 77. Heat index values as high as 104. South wind 9 to 14 mph, with gusts as high as 21 mph."
186,2026-07-27T08:57:06Z,KOKC,Tuesday,2026-07-28T06:00:00-05:00,1,102.0,Mostly Sunny,"Mostly sunny, with a high near 102. Heat index values as high as 104. South southwest wind around 12 mph."
187,2026-07-27T08:57:06Z,KOKC,Tuesday Night,2026-07-28T18:00:00-05:00,0,78.0,Partly Cloudy,"Partly cloudy, with a low around 78. South southeast wind 8 to 12 mph."
188,2026-07-27T08:57:06Z,KOKC,Wednesday,2026-07-29T06:00:00-05:00,1,101.0,Mostly Sunny,"Mostly sunny, with a high near 101."
189,2026-07-27T08:57:06Z,KOKC,Wednesday Night,2026-07-29T18:00:00-05:00,0,77.0,Partly Cloudy,"Partly cloudy, with a low around 77."
190,2026-07-27T08:57:06Z,KOKC,Thursday,2026-07-30T06:00:00-05:00,1,100.0,Mostly Sunny,"Mostly sunny, with a high near 100."
191,2026-07-27T08:57:06Z,KOKC,Thursday Night,2026-07-30T18:00:00-05:00,0,77.0,Partly Cloudy then Slight Chance Showers And Thunderstorms,"A slight chance of showers and thunderstorms after 1am. Partly cloudy, with a low around 77. Chance of precipitation is 20%."
192,2026-07-27T08:57:06Z,KOKC,Friday,2026-07-31T06:00:00-05:00,1,100.0,Slight Chance Showers And Thunderstorms,"A slight chance of showers and thunderstorms before 1pm. Mostly sunny, with a high near 100. Chance of precipitation is 20%."
193,2026-07-27T08:57:06Z,KOKC,Friday Night,2026-07-31T18:00:00-05:00,0,75.0,Mostly Clear,"Mostly clear, with a low around 75."
194,2026-07-27T08:57:06Z,KOKC,Saturday,2026-08-01T06:00:00-05:00,1,94.0,Sunny,"Sunny, with a high near 94."
195,2026-07-27T08:57:06Z,KOKC,Saturday Night,2026-08-01T18:00:00-05:00,0,70.0,Mostly Clear,"Mostly clear, with a low around 70."
196,2026-07-27T08:57:06Z,KOKC,Sunday,2026-08-02T06:00:00-05:00,1,93.0,Sunny,"Sunny, with a high near 93."
197,2026-07-27T08:57:06Z,KPHL,Overnight,2026-07-27T04:00:00-04:00,0,67.0,Partly Cloudy,"Partly cloudy, with a low around 67. Southwest wind around 5 mph. New rainfall amounts less than a tenth of an inch possible."
198,2026-07-27T08:57:06Z,KPHL,Monday,2026-07-27T06:00:00-04:00,1,86.0,Mostly Sunny then Slight Chance Showers And Thunderstorms,"A slight chance of showers and thunderstorms between noon and 2pm, then showers and thunderstorms likely between 2pm and 4pm, then a chance of showers and thunderstorms. Mostly sunny, with a high near 86. Southwest wind 0 to 5 mph. Chance of precipitation is 70%. New rainfall amounts between a quarter and half of an inch possible."
199,2026-07-27T08:57:06Z,KPHL,Monday Night,2026-07-27T18:00:00-04:00,0,69.0,Chance Showers And Thunderstorms then Patchy Fog,"A chance of showers and thunderstorms before 11pm, then patchy fog. Partly cloudy, with a low around 69. South wind around 5 mph. Chance of precipitation is 50%. New rainfall amounts between a quarter and half of an inch possible."
200,2026-07-27T08:57:06Z,KPHL,Tuesday,2026-07-28T06:00:00-04:00,1,82.0,Showers And Thunderstorms,"Patchy fog before 9am, then showers and thunderstorms. Mostly cloudy, with a high near 82. South wind 5 to 10 mph, with gusts as high as 25 mph. Chance of precipitation is 80%. New rainfall amounts between 1 and 2 inches possible."
201,2026-07-27T08:57:06Z,KPHL,Tuesday Night,2026-07-28T18:00:00-04:00,0,68.0,Showers And Thunderstorms,"Showers and thunderstorms before 2am. Mostly cloudy, with a low around 68. South wind 5 to 10 mph, with gusts as high as 25 mph. Chance of precipitation is 90%. New rainfall amounts between 1 and 2 inches possible."
202,2026-07-27T08:57:06Z,KPHL,Wednesday,2026-07-29T06:00:00-04:00,1,82.0,Showers And Thunderstorms Likely,"A slight chance of rain showers between 8am and 2pm, then showers and thunderstorms likely. Partly sunny, with a high near 82. Chance of precipitation is 70%. New rainfall amounts between a tenth and quarter of an inch possible."
203,2026-07-27T08:57:06Z,KPHL,Wednesday Night,2026-07-29T18:00:00-04:00,0,67.0,Showers And Thunderstorms Likely then Slight Chance Showers And Thunderstorms,"Showers and thunderstorms likely before 8pm, then a slight chance of showers and thunderstorms between 8pm and 2am. Mostly cloudy, with a low around 67. Chance of precipitation is 70%."
204,2026-07-27T08:57:06Z,KPHL,Thursday,2026-07-30T06:00:00-04:00,1,82.0,Partly Sunny then Chance Showers And Thunderstorms,"A chance of showers and thunderstorms after 2pm. Partly sunny, with a high near 82. Chance of precipitation is 30%."
205,2026-07-27T08:57:06Z,KPHL,Thursday Night,2026-07-30T18:00:00-04:00,0,66.0,Chance Showers And Thunderstorms then Partly Cloudy,"A chance of showers and thunderstorms before 8pm. Partly cloudy, with a low around 66. Chance of precipitation is 30%."
206,2026-07-27T08:57:06Z,KPHL,Friday,2026-07-31T06:00:00-04:00,1,85.0,Sunny,"Sunny, with a high near 85."
207,2026-07-27T08:57:06Z,KPHL,Friday Night,2026-07-31T18:00:00-04:00,0,68.0,Partly Cloudy,"Partly cloudy, with a low around 68."
208,2026-07-27T08:57:06Z,KPHL,Saturday,2026-08-01T06:00:00-04:00,1,88.0,Mostly Sunny,"Mostly sunny, with a high near 88."
209,2026-07-27T08:57:06Z,KPHL,Saturday Night,2026-08-01T18:00:00-04:00,0,70.0,Slight Chance Showers And Thunderstorms,"A slight chance of showers and thunderstorms between 8pm and 2am. Mostly cloudy, with a low around 70."
210,2026-07-27T08:57:06Z,KPHL,Sunday,2026-08-02T06:00:00-04:00,1,86.0,Chance Showers And Thunderstorms,"A slight chance of rain showers between 8am and 2pm, then a chance of showers and thunderstorms. Partly sunny, with a high near 86."
211,2026-07-27T08:57:06Z,KPHX,Overnight,2026-07-27T01:00:00-07:00,0,92.0,Mostly Clear,"Mostly clear, with a low around 92. West wind around 10 mph."
212,2026-07-27T08:57:06Z,KPHX,Monday,2026-07-27T06:00:00-07:00,1,111.0,Sunny,"Sunny, with a high near 111. Heat index values as high as 112. West wind 10 to 15 mph, with gusts as high as 20 mph."
213,2026-07-27T08:57:06Z,KPHX,Monday Night,2026-07-27T18:00:00-07:00,0,91.0,Partly Cloudy then Slight Chance Showers And Thunderstorms,"A slight chance of showers and thunderstorms after 5am. Partly cloudy, with a low around 91. Heat index values as high as 110. West southwest wind 10 to 15 mph. New rainfall amounts less than a tenth of an inch possible."
214,2026-07-27T08:57:06Z,KPHX,Tuesday,2026-07-28T06:00:00-07:00,1,110.0,Slight Chance Showers And Thunderstorms then Mostly Sunny,"A slight chance of showers and thunderstorms before 8am. Mostly sunny, with a high near 110. Heat index values as high as 110. West southwest wind 5 to 15 mph, with gusts as high as 20 mph."
215,2026-07-27T08:57:06Z,KPHX,Tuesday Night,2026-07-28T18:00:00-07:00,0,91.0,Partly Cloudy,"Partly cloudy, with a low around 91. West wind 5 to 15 mph."
216,2026-07-27T08:57:06Z,KPHX,Wednesday,2026-07-29T06:00:00-07:00,1,112.0,Sunny,"Sunny, with a high near 112. West wind 5 to 10 mph."
217,2026-07-27T08:57:06Z,KPHX,Wednesday Night,2026-07-29T18:00:00-07:00,0,92.0,Mostly Clear,"Mostly clear, with a low around 92. West southwest wind around 10 mph."
218,2026-07-27T08:57:06Z,KPHX,Thursday,2026-07-30T06:00:00-07:00,1,114.0,Mostly Sunny,"Mostly sunny, with a high near 114. West southwest wind 5 to 15 mph, with gusts as high as 20 mph."
219,2026-07-27T08:57:06Z,KPHX,Thursday Night,2026-07-30T18:00:00-07:00,0,93.0,Mostly Clear,"Mostly clear, with a low around 93. West southwest wind around 5 mph."
220,2026-07-27T08:57:06Z,KPHX,Friday,2026-07-31T06:00:00-07:00,1,116.0,Sunny,"Sunny, with a high near 116. West southwest wind 0 to 10 mph, with gusts as high as 25 mph."
221,2026-07-27T08:57:06Z,KPHX,Friday Night,2026-07-31T18:00:00-07:00,0,94.0,Partly Cloudy,"Partly cloudy, with a low around 94. West southwest wind 0 to 10 mph, with gusts as high as 20 mph."
222,2026-07-27T08:57:06Z,KPHX,Saturday,2026-08-01T06:00:00-07:00,1,115.0,Mostly Sunny,"Mostly sunny, with a high near 115. Southwest wind 0 to 5 mph."
223,2026-07-27T08:57:06Z,KPHX,Saturday Night,2026-08-01T18:00:00-07:00,0,93.0,Partly Cloudy,"Partly cloudy, with a low around 93. West wind around 5 mph."
224,2026-07-27T08:57:06Z,KPHX,Sunday,2026-08-02T06:00:00-07:00,1,113.0,Mostly Sunny then Slight Chance Showers And Thunderstorms,"A slight chance of showers and thunderstorms after 5pm. Mostly sunny, with a high near 113. West southwest wind 0 to 5 mph."
225,2026-07-27T08:57:06Z,KSAT,Overnight,2026-07-27T03:00:00-05:00,0,76.0,Clear,"Clear, with a low around 76. South southeast wind around 5 mph."
226,2026-07-27T08:57:06Z,KSAT,Monday,2026-07-27T06:00:00-05:00,1,98.0,Sunny,"Sunny, with a high near 98. Heat index values as high as 103. South wind 5 to 10 mph."
227,2026-07-27T08:57:06Z,KSAT,Monday Night,2026-07-27T18:00:00-05:00,0,76.0,Mostly Clear,"Mostly clear, with a low around 76. Heat index values as high as 102. South southeast wind 5 to 15 mph, with gusts as high as 25 mph."
228,2026-07-27T08:57:06Z,KSAT,Tuesday,2026-07-28T06:00:00-05:00,1,99.0,Mostly Sunny,"Mostly sunny, with a high near 99. Heat index values as high as 105. South wind 5 to 10 mph."
229,2026-07-27T08:57:06Z,KSAT,Tuesday Night,2026-07-28T18:00:00-05:00,0,77.0,Mostly Clear,"Mostly clear, with a low around 77. South southeast wind 5 to 15 mph, with gusts as high as 25 mph."
230,2026-07-27T08:57:06Z,KSAT,Wednesday,2026-07-29T06:00:00-05:00,1,99.0,Mostly Sunny,"Mostly sunny, with a high near 99. South wind 5 to 10 mph."
231,2026-07-27T08:57:06Z,KSAT,Wednesday Night,2026-07-29T18:00:00-05:00,0,77.0,Mostly Clear,"Mostly clear, with a low around 77. South southeast wind 5 to 15 mph, with gusts as high as 25 mph."
232,2026-07-27T08:57:06Z,KSAT,Thursday,2026-07-30T06:00:00-05:00,1,100.0,Mostly Sunny,"Mostly sunny, with a high near 100. South wind around 5 mph."
233,2026-07-27T08:57:06Z,KSAT,Thursday Night,2026-07-30T18:00:00-05:00,0,77.0,Partly Cloudy,"Partly cloudy, with a low around 77. South southeast wind 5 to 15 mph, with gusts as high as 25 mph."
234,2026-07-27T08:57:06Z,KSAT,Friday,2026-07-31T06:00:00-05:00,1,100.0,Mostly Sunny,"Mostly sunny, with a high near 100."
235,2026-07-27T08:57:06Z,KSAT,Friday Night,2026-07-31T18:00:00-05:00,0,79.0,Partly Cloudy,"Partly cloudy, with a low around 79."
236,2026-07-27T08:57:06Z,KSAT,Saturday,2026-08-01T06:00:00-05:00,1,100.0,Mostly Sunny,"Mostly sunny, with a high near 100."
237,2026-07-27T08:57:06Z,KSAT,Saturday Night,2026-08-01T18:00:00-05:00,0,82.0,Partly Cloudy,"Partly cloudy, with a low around 82."
238,2026-07-27T08:57:06Z,KSAT,Sunday,2026-08-02T06:00:00-05:00,1,99.0,Mostly Sunny,"Mostly sunny, with a high near 99."
239,2026-07-27T08:57:06Z,KSFO,Overnight,2026-07-27T00:00:00-07:00,0,58.0,Partly Cloudy,"Partly cloudy, with a low around 58. West wind 13 to 18 mph, with gusts as high as 26 mph."
240,2026-07-27T08:57:06Z,KSFO,Monday,2026-07-27T06:00:00-07:00,1,74.0,Mostly Sunny,"Mostly sunny, with a high near 74. West wind 13 to 24 mph, with gusts as high as 31 mph."
241,2026-07-27T08:57:06Z,KSFO,Monday Night,2026-07-27T18:00:00-07:00,0,59.0,Mostly Clear,"Mostly clear, with a low around 59. West wind 14 to 24 mph, with gusts as high as 31 mph."
242,2026-07-27T08:57:06Z,KSFO,Tuesday,2026-07-28T06:00:00-07:00,1,75.0,Sunny,"Sunny, with a high near 75. West wind 14 to 22 mph, with gusts as high as 29 mph."
243,2026-07-27T08:57:06Z,KSFO,Tuesday Night,2026-07-28T18:00:00-07:00,0,59.0,Mostly Clear,"Mostly clear, with a low around 59. West wind 12 to 22 mph, with gusts as high as 29 mph."
244,2026-07-27T08:57:06Z,KSFO,Wednesday,2026-07-29T06:00:00-07:00,1,76.0,Sunny,"Sunny, with a high near 76."
245,2026-07-27T08:57:06Z,KSFO,Wednesday Night,2026-07-29T18:00:00-07:00,0,58.0,Mostly Clear,"Mostly clear, with a low around 58."
246,2026-07-27T08:57:06Z,KSFO,Thursday,2026-07-30T06:00:00-07:00,1,68.0,Sunny,"Sunny, with a high near 68."
247,2026-07-27T08:57:06Z,KSFO,Thursday Night,2026-07-30T18:00:00-07:00,0,57.0,Mostly Clear,"Mostly clear, with a low around 57."
248,2026-07-27T08:57:06Z,KSFO,Friday,2026-07-31T06:00:00-07:00,1,71.0,Sunny,"Sunny, with a high near 71."
249,2026-07-27T08:57:06Z,KSFO,Friday Night,2026-07-31T18:00:00-07:00,0,58.0,Mostly Clear,"Mostly clear, with a low around 58."
250,2026-07-27T08:57:06Z,KSFO,Saturday,2026-08-01T06:00:00-07:00,1,74.0,Sunny,"Sunny, with a high near 74."
251,2026-07-27T08:57:06Z,KSFO,Saturday Night,2026-08-01T18:00:00-07:00,0,59.0,Mostly Clear,"Mostly clear, with a low around 59."
252,2026-07-27T08:57:06Z,KSFO,Sunday,2026-08-02T06:00:00-07:00,1,71.0,Sunny,"Sunny, with a high near 71."
253,2026-07-27T08:57:06Z,KSEA,Tonight,2026-07-26T23:00:00-07:00,0,58.0,Mostly Cloudy,"Mostly cloudy, with a low around 58. South southwest wind around 7 mph."
254,2026-07-27T08:57:06Z,KSEA,Monday,2026-07-27T06:00:00-07:00,1,78.0,Sunny,"Sunny, with a high near 78. South southwest wind 7 to 10 mph."
255,2026-07-27T08:57:06Z,KSEA,Monday Night,2026-07-27T18:00:00-07:00,0,59.0,Partly Cloudy,"Partly cloudy. Low around 59, with temperatures rising to around 61 overnight. Southwest wind around 10 mph. New rainfall amounts less than a tenth of an inch possible."
256,2026-07-27T08:57:06Z,KSEA,Tuesday,2026-07-28T06:00:00-07:00,1,75.0,Slight Chance Light Rain then Mostly Sunny,"A slight chance of rain between 9am and 10am. Mostly sunny, with a high near 75. South southwest wind 9 to 13 mph. Chance of precipitation is 20%. New rainfall amounts less than a tenth of an inch possible."
257,2026-07-27T08:57:06Z,KSEA,Tuesday Night,2026-07-28T18:00:00-07:00,0,57.0,Partly Cloudy,"Partly cloudy, with a low around 57. Northwest wind 1 to 10 mph."
258,2026-07-27T08:57:06Z,KSEA,Wednesday,2026-07-29T06:00:00-07:00,1,76.0,Mostly Sunny,"Mostly sunny, with a high near 76."
259,2026-07-27T08:57:06Z,KSEA,Wednesday Night,2026-07-29T18:00:00-07:00,0,55.0,Mostly Clear,"Mostly clear, with a low around 55."
260,2026-07-27T08:57:06Z,KSEA,Thursday,2026-07-30T06:00:00-07:00,1,78.0,Sunny,"Sunny, with a high near 78."
261,2026-07-27T08:57:06Z,KSEA,Thursday Night,2026-07-30T18:00:00-07:00,0,56.0,Mostly Clear,"Mostly clear, with a low around 56."
262,2026-07-27T08:57:06Z,KSEA,Friday,2026-07-31T06:00:00-07:00,1,82.0,Sunny,"Sunny, with a high near 82."
263,2026-07-27T08:57:06Z,KSEA,Friday Night,2026-07-31T18:00:00-07:00,0,58.0,Mostly Clear,"Mostly clear, with a low around 58."
264,2026-07-27T08:57:06Z,KSEA,Saturday,2026-08-01T06:00:00-07:00,1,77.0,Mostly Sunny,"Mostly sunny, with a high near 77."
265,2026-07-27T08:57:06Z,KSEA,Saturday Night,2026-08-01T18:00:00-07:00,0,56.0,Partly Cloudy,"Partly cloudy, with a low around 56."
266,2026-07-27T08:57:06Z,KSEA,Sunday,2026-08-02T06:00:00-07:00,1,73.0,Mostly Sunny,"Mostly sunny, with a high near 73."
267,2026-07-27T08:57:06Z,KDCA,Overnight,2026-07-27T02:00:00-04:00,0,69.0,Mostly Clear,"Mostly clear, with a low around 69. South wind around 7 mph."
268,2026-07-27T08:57:06Z,KDCA,Monday,2026-07-27T06:00:00-04:00,1,88.0,Mostly Sunny then Chance Showers And Thunderstorms,"A chance of showers and thunderstorms after 2pm. Mostly sunny, with a high near 88. Southwest wind 0 to 5 mph. Chance of precipitation is 40%. New rainfall amounts less than a tenth of an inch possible."
269,2026-07-27T08:57:06Z,KDCA,Monday Night,2026-07-27T18:00:00-04:00,0,71.0,Chance Showers And Thunderstorms then Partly Cloudy,"A chance of showers and thunderstorms before 8pm. Partly cloudy, with a low around 71. South wind 6 to 9 mph. Chance of precipitation is 30%. New rainfall amounts less than a tenth of an inch possible."
270,2026-07-27T08:57:06Z,KDCA,Tuesday,2026-07-28T06:00:00-04:00,1,86.0,Showers And Thunderstorms,"A chance of rain showers between 8am and 11am, then showers and thunderstorms. Mostly cloudy, with a high near 86. South wind 10 to 16 mph, with gusts as high as 26 mph. Chance of precipitation is 100%. New rainfall amounts between a quarter and half of an inch possible."
271,2026-07-27T08:57:06Z,KDCA,Tuesday Night,2026-07-28T18:00:00-04:00,0,70.0,Showers And Thunderstorms then Chance Showers And Thunderstorms,"Showers and thunderstorms before 8pm, then a chance of showers and thunderstorms between 8pm and 2am. Mostly cloudy, with a low around 70. Southwest wind around 14 mph, with gusts as high as 18 mph. Chance of precipitation is 90%."
272,2026-07-27T08:57:06Z,KDCA,Wednesday,2026-07-29T06:00:00-04:00,1,85.0,Mostly Sunny,"Mostly sunny, with a high near 85."
273,2026-07-27T08:57:06Z,KDCA,Wednesday Night,2026-07-29T18:00:00-04:00,0,70.0,Partly Cloudy,"Partly cloudy, with a low around 70."
274,2026-07-27T08:57:06Z,KDCA,Thursday,2026-07-30T06:00:00-04:00,1,85.0,Mostly Sunny,"Mostly sunny, with a high near 85."
275,2026-07-27T08:57:06Z,KDCA,Thursday Night,2026-07-30T18:00:00-04:00,0,70.0,Partly Cloudy,"Partly cloudy, with a low around 70."
276,2026-07-27T08:57:06Z,KDCA,Friday,2026-07-31T06:00:00-04:00,1,88.0,Sunny,"Sunny, with a high near 88."
277,2026-07-27T08:57:06Z,KDCA,Friday Night,2026-07-31T18:00:00-04:00,0,71.0,Partly Cloudy,"Partly cloudy, with a low around 71."
278,2026-07-27T08:57:06Z,KDCA,Saturday,2026-08-01T06:00:00-04:00,1,89.0,Partly Sunny then Slight Chance Showers And Thunderstorms,"A slight chance of showers and thunderstorms after 2pm. Partly sunny, with a high near 89. Chance of precipitation is 20%."
279,2026-07-27T08:57:06Z,KDCA,Saturday Night,2026-08-01T18:00:00-04:00,0,73.0,Slight Chance Showers And Thunderstorms,"A slight chance of showers and thunderstorms. Mostly cloudy, with a low around 73. Chance of precipitation is 20%."
280,2026-07-27T08:57:06Z,KDCA,Sunday,2026-08-02T06:00:00-04:00,1,87.0,Slight Chance Rain Showers then Chance Showers And Thunderstorms,"A slight chance of rain showers before 2pm, then a chance of showers and thunderstorms. Partly sunny, with a high near 87."
1,2026-07-27T12:34:01Z,KATL,Today,2026-07-27T06:00:00-04:00,1,92.0,Chance Showers And Thunderstorms then Slight Chance Showers And Thunderstorms,"A chance of showers and thunderstorms between 8am and 10am, then a slight chance of showers and thunderstorms between 10am and 11am, then a chance of showers and thunderstorms between 11am and noon, then a slight chance of showers and thunderstorms between noon and 1pm, then a chance of showers and thunderstorms between 1pm and 2pm. Partly sunny, with a high near 92. Heat index values as high as 99. Northwest wind 5 to 10 mph, with gusts as high as 20 mph. Chance of precipitation is 50%. New rainfall amounts between a tenth and quarter of an inch possible."
2,2026-07-27T12:34:01Z,KATL,Tonight,2026-07-27T18:00:00-04:00,0,75.0,Mostly Clear,"Mostly clear, with a low around 75. Heat index values as high as 98. Northwest wind 0 to 10 mph."
3,2026-07-27T12:34:01Z,KATL,Tuesday,2026-07-28T06:00:00-04:00,1,96.0,Mostly Sunny,"Mostly sunny, with a high near 96. Heat index values as high as 105. West wind 5 to 10 mph, with gusts as high as 20 mph."
4,2026-07-27T12:34:01Z,KATL,Tuesday Night,2026-07-28T18:00:00-04:00,0,77.0,Slight Chance Showers And Thunderstorms,"A slight chance of showers and thunderstorms between 7pm and 2am. Partly cloudy, with a low around 77. Heat index values as high as 103. West wind 5 to 10 mph, with gusts as high as 20 mph. Chance of precipitation is 20%."
5,2026-07-27T12:34:01Z,KATL,Wednesday,2026-07-29T06:00:00-04:00,1,91.0,Mostly Sunny,"Mostly sunny, with a high near 91. Northwest wind 5 to 10 mph, with gusts as high as 25 mph."
6,2026-07-27T12:34:01Z,KATL,Wednesday Night,2026-07-29T18:00:00-04:00,0,71.0,Mostly Clear,"Mostly clear, with a low around 71."
7,2026-07-27T12:34:01Z,KATL,Thursday,2026-07-30T06:00:00-04:00,1,91.0,Sunny,"Sunny, with a high near 91."
8,2026-07-27T12:34:01Z,KATL,Thursday Night,2026-07-30T18:00:00-04:00,0,71.0,Mostly Clear,"Mostly clear, with a low around 71."
9,2026-07-27T12:34:01Z,KATL,Friday,2026-07-31T06:00:00-04:00,1,92.0,Mostly Sunny,"Mostly sunny, with a high near 92."
10,2026-07-27T12:34:01Z,KATL,Friday Night,2026-07-31T18:00:00-04:00,0,74.0,Partly Cloudy,"Partly cloudy, with a low around 74."
11,2026-07-27T12:34:01Z,KATL,Saturday,2026-08-01T06:00:00-04:00,1,88.0,Slight Chance Rain Showers then Chance Showers And Thunderstorms,"A slight chance of rain showers between 8am and 2pm, then a chance of showers and thunderstorms. Partly sunny, with a high near 88. Chance of precipitation is 40%."
12,2026-07-27T12:34:01Z,KATL,Saturday Night,2026-08-01T18:00:00-04:00,0,73.0,Chance Showers And Thunderstorms,"A chance of showers and thunderstorms. Mostly cloudy, with a low around 73. Chance of precipitation is 50%."
13,2026-07-27T12:34:01Z,KATL,Sunday,2026-08-02T06:00:00-04:00,1,86.0,Showers And Thunderstorms Likely,"A chance of rain showers before 8am, then showers and thunderstorms likely. Partly sunny, with a high near 86. Chance of precipitation is 60%."
14,2026-07-27T12:34:01Z,KATL,Sunday Night,2026-08-02T18:00:00-04:00,0,72.0,Showers And Thunderstorms Likely then Chance Showers And Thunderstorms,"Showers and thunderstorms likely before 8pm, then a chance of showers and thunderstorms between 8pm and 2am. Mostly cloudy, with a low around 72."
15,2026-07-27T12:34:01Z,KAUS,Today,2026-07-27T06:00:00-05:00,1,98.0,Sunny,"Sunny, with a high near 98. Heat index values as high as 102. South southwest wind 5 to 10 mph."
16,2026-07-27T12:34:01Z,KAUS,Tonight,2026-07-27T18:00:00-05:00,0,76.0,Mostly Clear,"Mostly clear, with a low around 76. Heat index values as high as 103. South wind 5 to 10 mph, with gusts as high as 20 mph."
17,2026-07-27T12:34:01Z,KAUS,Tuesday,2026-07-28T06:00:00-05:00,1,99.0,Sunny,"Sunny, with a high near 99. Heat index values as high as 106. South wind 5 to 10 mph."
18,2026-07-27T12:34:01Z,KAUS,Tuesday Night,2026-07-28T18:00:00-05:00,0,77.0,Mostly Clear,"Mostly clear, with a low around 77. Heat index values as high as 102. South wind 5 to 10 mph, with gusts as high as 20 mph."
19,2026-07-27T12:34:01Z,KAUS,Wednesday,2026-07-29T06:00:00-05:00,1,99.0,Mostly Sunny,"Mostly sunny, with a high near 99. South wind 5 to 10 mph."
20,2026-07-27T12:34:01Z,KAUS,Wednesday Night,2026-07-29T18:00:00-05:00,0,78.0,Partly Cloudy,"Partly cloudy, with a low around 78. South wind 5 to 10 mph, with gusts as high as 20 mph."
21,2026-07-27T12:34:01Z,KAUS,Thursday,2026-07-30T06:00:00-05:00,1,100.0,Mostly Sunny,"Mostly sunny, with a high near 100. South southwest wind around 5 mph."
22,2026-07-27T12:34:01Z,KAUS,Thursday Night,2026-07-30T18:00:00-05:00,0,78.0,Partly Cloudy,"Partly cloudy, with a low around 78. South wind 5 to 10 mph."
23,2026-07-27T12:34:01Z,KAUS,Friday,2026-07-31T06:00:00-05:00,1,101.0,Mostly Sunny,"Mostly sunny, with a high near 101. South southwest wind 5 to 10 mph."
24,2026-07-27T12:34:01Z,KAUS,Friday Night,2026-07-31T18:00:00-05:00,0,81.0,Partly Cloudy,"Partly cloudy, with a low around 81."
25,2026-07-27T12:34:01Z,KAUS,Saturday,2026-08-01T06:00:00-05:00,1,101.0,Mostly Sunny,"Mostly sunny, with a high near 101."
26,2026-07-27T12:34:01Z,KAUS,Saturday Night,2026-08-01T18:00:00-05:00,0,81.0,Partly Cloudy,"Partly cloudy, with a low around 81."
27,2026-07-27T12:34:01Z,KAUS,Sunday,2026-08-02T06:00:00-05:00,1,99.0,Mostly Sunny,"Mostly sunny, with a high near 99."
28,2026-07-27T12:34:01Z,KAUS,Sunday Night,2026-08-02T18:00:00-05:00,0,79.0,Mostly Clear,"Mostly clear, with a low around 79."
29,2026-07-27T12:34:01Z,KBOS,Today,2026-07-27T06:00:00-04:00,1,78.0,Sunny,"Sunny, with a high near 78. Northeast wind 1 to 9 mph."
30,2026-07-27T12:34:01Z,KBOS,Tonight,2026-07-27T18:00:00-04:00,0,65.0,Mostly Clear,"Mostly clear, with a low around 65. South wind 3 to 8 mph."
31,2026-07-27T12:34:01Z,KBOS,Tuesday,2026-07-28T06:00:00-04:00,1,82.0,Mostly Sunny then Scattered Rain Showers,"Scattered rain showers after 1pm. Mostly sunny, with a high near 82. South wind 3 to 14 mph. Chance of precipitation is 30%."
32,2026-07-27T12:34:01Z,KBOS,Tuesday Night,2026-07-28T18:00:00-04:00,0,66.0,Scattered Rain Showers,"Scattered rain showers. Mostly cloudy, with a low around 66. Southeast wind 7 to 13 mph. Chance of precipitation is 40%. New rainfall amounts less than a tenth of an inch possible."
33,2026-07-27T12:34:01Z,KBOS,Wednesday,2026-07-29T06:00:00-04:00,1,74.0,Patchy Fog,"Scattered rain showers before 8am, then a chance of rain showers and patchy fog between 8am and 11am, then patchy fog and showers and thunderstorms. Mostly cloudy, with a high near 74. East wind 12 to 16 mph. Chance of precipitation is 90%."
34,2026-07-27T12:34:01Z,KBOS,Wednesday Night,2026-07-29T18:00:00-04:00,0,64.0,Showers And Thunderstorms,"Showers and thunderstorms. Cloudy, with a low around 64. Northeast wind 8 to 14 mph. Chance of precipitation is 90%."
35,2026-07-27T12:34:01Z,KBOS,Thursday,2026-07-30T06:00:00-04:00,1,74.0,Patchy Fog,"Showers and thunderstorms likely before 8am, then patchy fog and showers and thunderstorms. Mostly cloudy, with a high near 74. Northeast wind 9 to 13 mph. Chance of precipitation is 80%."
36,2026-07-27T12:34:01Z,KBOS,Thursday Night,2026-07-30T18:00:00-04:00,0,64.0,Showers And Thunderstorms Likely,"Showers and thunderstorms likely. Mostly cloudy, with a low around 64. North wind around 9 mph. Chance of precipitation is 60%."
37,2026-07-27T12:34:01Z,KBOS,Friday,2026-07-31T06:00:00-04:00,1,76.0,Slight Chance Rain Showers then Slight Chance Showers And Thunderstorms,"A slight chance of rain showers before 2pm, then a slight chance of showers and thunderstorms. Partly sunny, with a high near 76. North wind around 8 mph."
38,2026-07-27T12:34:01Z,KBOS,Friday Night,2026-07-31T18:00:00-04:00,0,66.0,Slight Chance Showers And Thunderstorms then Partly Cloudy,"A slight chance of showers and thunderstorms before 9pm. Partly cloudy, with a low around 66. North wind around 5 mph."
39,2026-07-27T12:34:01Z,KBOS,Saturday,2026-08-01T06:00:00-04:00,1,80.0,Mostly Sunny,"Mostly sunny, with a high near 80. Northeast wind 3 to 7 mph."
40,2026-07-27T12:34:01Z,KBOS,Saturday Night,2026-08-01T18:00:00-04:00,0,69.0,Partly Cloudy,"Partly cloudy, with a low around 69. South wind around 7 mph."
41,2026-07-27T12:34:01Z,KBOS,Sunday,2026-08-02T06:00:00-04:00,1,82.0,Mostly Sunny then Slight Chance Showers And Thunderstorms,"A slight chance of showers and thunderstorms between 2pm and 3pm, then a chance of showers and thunderstorms. Mostly sunny, with a high near 82. Southwest wind 5 to 9 mph. Chance of precipitation is 30%."
42,2026-07-27T12:34:01Z,KBOS,Sunday Night,2026-08-02T18:00:00-04:00,0,69.0,Chance Showers And Thunderstorms,"A chance of showers and thunderstorms. Mostly cloudy, with a low around 69. Southwest wind 6 to 9 mph."
43,2026-07-27T12:34:01Z,KMDW,Today,2026-07-27T06:00:00-05:00,1,90.0,Patchy Fog then Slight Chance Showers And Thunderstorms,"Patchy fog before 10am, then a slight chance of showers and thunderstorms. Mostly cloudy. High near 90, with temperatures falling to around 85 in the afternoon. Heat index values as high as 104. Southwest wind 10 to 20 mph, with gusts as high as 30 mph. Chance of precipitation is 20%. New rainfall amounts between a quarter and half of an inch possible."
44,2026-07-27T12:34:01Z,KMDW,Tonight,2026-07-27T18:00:00-05:00,0,71.0,Chance Showers And Thunderstorms then Mostly Cloudy,"A chance of showers and thunderstorms before 10pm. Mostly cloudy, with a low around 71. Heat index values as high as 95. West northwest wind 10 to 20 mph, with gusts as high as 30 mph. Chance of precipitation is 30%. New rainfall amounts less than a tenth of an inch possible."
45,2026-07-27T12:34:01Z,KMDW,Tuesday,2026-07-28T06:00:00-05:00,1,77.0,Partly Sunny,"Partly sunny, with a high near 77. North wind around 15 mph, with gusts as high as 30 mph."
46,2026-07-27T12:34:01Z,KMDW,Tuesday Night,2026-07-28T18:00:00-05:00,0,67.0,Mostly Clear,"Mostly clear, with a low around 67. North wind 10 to 15 mph, with gusts as high as 25 mph."
47,2026-07-27T12:34:01Z,KMDW,Wednesday,2026-07-29T06:00:00-05:00,1,80.0,Sunny,"Sunny, with a high near 80. North northeast wind around 10 mph."
48,2026-07-27T12:34:01Z,KMDW,Wednesday Night,2026-07-29T18:00:00-05:00,0,67.0,Mostly Clear,"Mostly clear, with a low around 67."
49,2026-07-27T12:34:01Z,KMDW,Thursday,2026-07-30T06:00:00-05:00,1,85.0,Sunny,"Sunny, with a high near 85."
50,2026-07-27T12:34:01Z,KMDW,Thursday Night,2026-07-30T18:00:00-05:00,0,71.0,Partly Cloudy then Slight Chance Showers And Thunderstorms,"A slight chance of showers and thunderstorms after 1am. Partly cloudy, with a low around 71."
51,2026-07-27T12:34:01Z,KMDW,Friday,2026-07-31T06:00:00-05:00,1,83.0,Chance Showers And Thunderstorms,"A chance of showers and thunderstorms. Partly sunny, with a high near 83."
52,2026-07-27T12:34:01Z,KMDW,Friday Night,2026-07-31T18:00:00-05:00,0,70.0,Chance Showers And Thunderstorms,"A chance of showers and thunderstorms before 7pm, then a chance of showers and thunderstorms. Mostly cloudy, with a low around 70."
53,2026-07-27T12:34:01Z,KMDW,Saturday,2026-08-01T06:00:00-05:00,1,81.0,Chance Showers And Thunderstorms,"A chance of rain showers before 7am, then a chance of showers and thunderstorms between 7am and 1pm, then a chance of showers and thunderstorms. Partly sunny, with a high near 81."
54,2026-07-27T12:34:01Z,KMDW,Saturday Night,2026-08-01T18:00:00-05:00,0,69.0,Chance Showers And Thunderstorms,"A chance of showers and thunderstorms before 1am. Mostly cloudy, with a low around 69."
55,2026-07-27T12:34:01Z,KMDW,Sunday,2026-08-02T06:00:00-05:00,1,80.0,Mostly Sunny,"Mostly sunny, with a high near 80."
56,2026-07-27T12:34:01Z,KMDW,Sunday Night,2026-08-02T18:00:00-05:00,0,68.0,Mostly Clear,"Mostly clear, with a low around 68."
57,2026-07-27T12:34:01Z,KDFW,Today,2026-07-27T06:00:00-05:00,1,102.0,Sunny,"Sunny, with a high near 102. Heat index values as high as 107. South southwest wind around 10 mph."
58,2026-07-27T12:34:01Z,KDFW,Tonight,2026-07-27T18:00:00-05:00,0,81.0,Mostly Clear,"Mostly clear. Low around 81, with temperatures rising to around 83 overnight. Heat index values as high as 106. South southwest wind around 10 mph."
59,2026-07-27T12:34:01Z,KDFW,Tuesday,2026-07-28T06:00:00-05:00,1,102.0,Sunny,"Sunny, with a high near 102. Heat index values as high as 106. South southwest wind 5 to 10 mph."
60,2026-07-27T12:34:01Z,KDFW,Tuesday Night,2026-07-28T18:00:00-05:00,0,81.0,Mostly Clear,"Mostly clear. Low around 81, with temperatures rising to around 83 overnight. Heat index values as high as 105. South wind 5 to 10 mph."
61,2026-07-27T12:34:01Z,KDFW,Wednesday,2026-07-29T06:00:00-05:00,1,102.0,Mostly Sunny,"Mostly sunny, with a high near 102. South wind 5 to 10 mph."
62,2026-07-27T12:34:01Z,KDFW,Wednesday Night,2026-07-29T18:00:00-05:00,0,82.0,Mostly Clear,"Mostly clear. Low around 82, with temperatures rising to around 84 overnight. South southeast wind 5 to 10 mph."
63,2026-07-27T12:34:01Z,KDFW,Thursday,2026-07-30T06:00:00-05:00,1,103.0,Mostly Sunny,"Mostly sunny, with a high near 103. South southwest wind 5 to 10 mph."
64,2026-07-27T12:34:01Z,KDFW,Thursday Night,2026-07-30T18:00:00-05:00,0,82.0,Partly Cloudy,"Partly cloudy, with a low around 82. South southeast wind around 10 mph."
65,2026-07-27T12:34:01Z,KDFW,Friday,2026-07-31T06:00:00-05:00,1,103.0,Mostly Sunny,"Mostly sunny, with a high near 103. South southwest wind around 10 mph."
66,2026-07-27T12:34:01Z,KDFW,Friday Night,2026-07-31T18:00:00-05:00,0,82.0,Partly Cloudy,"Partly cloudy, with a low around 82."
67,2026-07-27T12:34:01Z,KDFW,Saturday,2026-08-01T06:00:00-05:00,1,101.0,Sunny,"Sunny, with a high near 101."
68,2026-07-27T12:34:01Z,KDFW,Saturday Night,2026-08-01T18:00:00-05:00,0,79.0,Mostly Clear,"Mostly clear, with a low around 79."
69,2026-07-27T12:34:01Z,KDFW,Sunday,2026-08-02T06:00:00-05:00,1,99.0,Sunny,"Sunny, with a high near 99."
70,2026-07-27T12:34:01Z,KDFW,Sunday Night,2026-08-02T18:00:00-05:00,0,79.0,Mostly Clear,"Mostly clear, with a low around 79."
71,2026-07-27T12:34:01Z,KDEN,Today,2026-07-27T06:00:00-06:00,1,95.0,Slight Chance Rain Showers then Slight Chance Showers And Thunderstorms,"A slight chance of rain showers before 9am, then a slight chance of showers and thunderstorms between noon and 2pm, then a chance of showers and thunderstorms between 2pm and 3pm, then a chance of showers and thunderstorms. Mostly cloudy. High near 95, with temperatures falling to around 89 in the afternoon. North northwest wind 6 to 12 mph, with gusts as high as 18 mph. Chance of precipitation is 40%. New rainfall amounts less than a tenth of an inch possible."
72,2026-07-27T12:34:01Z,KDEN,Tonight,2026-07-27T18:00:00-06:00,0,67.0,Showers And Thunderstorms Likely then Mostly Cloudy,"Showers and thunderstorms likely before midnight. Mostly cloudy. Low around 67, with temperatures rising to around 71 overnight. South southwest wind 5 to 12 mph, with gusts as high as 18 mph. Chance of precipitation is 60%. New rainfall amounts less than a tenth of an inch possible."
73,2026-07-27T12:34:01Z,KDEN,Tuesday,2026-07-28T06:00:00-06:00,1,91.0,Mostly Sunny then Showers And Thunderstorms Likely,"Showers and thunderstorms likely after 2pm. Mostly sunny. High near 91, with temperatures falling to around 86 in the afternoon. North northeast wind 3 to 8 mph. Chance of precipitation is 60%."
74,2026-07-27T12:34:01Z,KDEN,Tuesday Night,2026-07-28T18:00:00-06:00,0,64.0,Chance Showers And Thunderstorms then Mostly Cloudy,"A chance of showers and thunderstorms before midnight. Mostly cloudy, with a low around 64. South southeast wind 5 to 9 mph. Chance of precipitation is 50%."
75,2026-07-27T12:34:01Z,KDEN,Wednesday,2026-07-29T06:00:00-06:00,1,92.0,Mostly Sunny then Showers And Thunderstorms Likely,"Showers and thunderstorms likely after noon. Mostly sunny, with a high near 92. South wind 2 to 6 mph. Chance of precipitation is 60%."
76,2026-07-27T12:34:01Z,KDEN,Wednesday Night,2026-07-29T18:00:00-06:00,0,64.0,Chance Showers And Thunderstorms then Partly Cloudy,"A chance of showers and thunderstorms before midnight. Partly cloudy, with a low around 64. Chance of precipitation is 50%."
77,2026-07-27T12:34:01Z,KDEN,Thursday,2026-07-30T06:00:00-06:00,1,93.0,Sunny,"Sunny, with a high near 93."
78,2026-07-27T12:34:01Z,KDEN,Thursday Night,2026-07-30T18:00:00-06:00,0,65.0,Partly Cloudy,"Partly cloudy, with a low around 65."
79,2026-07-27T12:34:01Z,KDEN,Friday,2026-07-31T06:00:00-06:00,1,94.0,Sunny then Slight Chance Showers And Thunderstorms,"A slight chance of showers and thunderstorms after noon. Sunny, with a high near 94."
80,2026-07-27T12:34:01Z,KDEN,Friday Night,2026-07-31T18:00:00-06:00,0,65.0,Slight Chance Showers And Thunderstorms then Mostly Clear,"A slight chance of showers and thunderstorms before midnight. Mostly clear, with a low around 65."
81,2026-07-27T12:34:01Z,KDEN,Saturday,2026-08-01T06:00:00-06:00,1,94.0,Sunny,"Sunny, with a high near 94."
82,2026-07-27T12:34:01Z,KDEN,Saturday Night,2026-08-01T18:00:00-06:00,0,66.0,Mostly Clear,"Mostly clear, with a low around 66."
83,2026-07-27T12:34:01Z,KDEN,Sunday,2026-08-02T06:00:00-06:00,1,100.0,Sunny,"Sunny, with a high near 100."
84,2026-07-27T12:34:01Z,KDEN,Sunday Night,2026-08-02T18:00:00-06:00,0,67.0,Partly Cloudy,"Partly cloudy, with a low around 67."
85,2026-07-27T12:34:01Z,KIAH,Today,2026-07-27T06:00:00-05:00,1,99.0,Mostly Sunny,"Mostly sunny, with a high near 99. Heat index values as high as 107. Southwest wind 5 to 10 mph."
86,2026-07-27T12:34:01Z,KIAH,Tonight,2026-07-27T18:00:00-05:00,0,79.0,Mostly Clear,"Mostly clear, with a low around 79. Heat index values as high as 104. Southwest wind 5 to 10 mph."
87,2026-07-27T12:34:01Z,KIAH,Tuesday,2026-07-28T06:00:00-05:00,1,101.0,Sunny,"Sunny, with a high near 101. Heat index values as high as 108. Southwest wind 5 to 10 mph."
88,2026-07-27T12:34:01Z,KIAH,Tuesday Night,2026-07-28T18:00:00-05:00,0,79.0,Mostly Clear,"Mostly clear, with a low around 79. Heat index values as high as 106. Southwest wind 5 to 10 mph."
89,2026-07-27T12:34:01Z,KIAH,Wednesday,2026-07-29T06:00:00-05:00,1,102.0,Mostly Sunny,"Mostly sunny, with a high near 102. Southwest wind around 5 mph."
90,2026-07-27T12:34:01Z,KIAH,Wednesday Night,2026-07-29T18:00:00-05:00,0,80.0,Mostly Clear,"Mostly clear, with a low around 80."
91,2026-07-27T12:34:01Z,KIAH,Thursday,2026-07-30T06:00:00-05:00,1,102.0,Mostly Sunny,"Mostly sunny, with a high near 102."
92,2026-07-27T12:34:01Z,KIAH,Thursday Night,2026-07-30T18:00:00-05:00,0,80.0,Partly Cloudy,"Partly cloudy, with a low around 80."
93,2026-07-27T12:34:01Z,KIAH,Friday,2026-07-31T06:00:00-05:00,1,102.0,Mostly Sunny,"Mostly sunny, with a high near 102."
94,2026-07-27T12:34:01Z,KIAH,Friday Night,2026-07-31T18:00:00-05:00,0,81.0,Partly Cloudy,"Partly cloudy, with a low around 81."
95,2026-07-27T12:34:01Z,KIAH,Saturday,2026-08-01T06:00:00-05:00,1,101.0,Mostly Sunny,"Mostly sunny, with a high near 101."
96,2026-07-27T12:34:01Z,KIAH,Saturday Night,2026-08-01T18:00:00-05:00,0,81.0,Partly Cloudy then Slight Chance Showers And Thunderstorms,"A slight chance of showers and thunderstorms after 1am. Partly cloudy, with a low around 81. Chance of precipitation is 20%."
97,2026-07-27T12:34:01Z,KIAH,Sunday,2026-08-02T06:00:00-05:00,1,98.0,Chance Showers And Thunderstorms,"A chance of showers and thunderstorms. Mostly sunny, with a high near 98. Chance of precipitation is 30%."
98,2026-07-27T12:34:01Z,KIAH,Sunday Night,2026-08-02T18:00:00-05:00,0,80.0,Chance Showers And Thunderstorms,"A chance of showers and thunderstorms. Partly cloudy, with a low around 80."
99,2026-07-27T12:34:01Z,KLAS,Overnight,2026-07-27T05:00:00-07:00,0,89.0,Mostly Clear,"Mostly clear. Low around 89, with temperatures rising to around 92 overnight. South southwest wind around 7 mph."
100,2026-07-27T12:34:01Z,KLAS,Monday,2026-07-27T06:00:00-07:00,1,110.0,Sunny,"Sunny. High near 110, with temperatures falling to around 108 in the afternoon. Heat index values as high as 105. South southwest wind 7 to 12 mph, with gusts as high as 21 mph."
101,2026-07-27T12:34:01Z,KLAS,Monday Night,2026-07-27T18:00:00-07:00,0,88.0,Mostly Clear,"Mostly clear. Low around 88, with temperatures rising to around 90 overnight. Heat index values as high as 106. Southwest wind 6 to 12 mph, with gusts as high as 20 mph."
102,2026-07-27T12:34:01Z,KLAS,Tuesday,2026-07-28T06:00:00-07:00,1,110.0,Sunny,"Sunny, with a high near 110. Heat index values as high as 106. South wind 5 to 12 mph, with gusts as high as 20 mph."
103,2026-07-27T12:34:01Z,KLAS,Tuesday Night,2026-07-28T18:00:00-07:00,0,87.0,Mostly Clear,"Mostly clear, with a low around 87. Southwest wind 6 to 12 mph, with gusts as high as 20 mph."
104,2026-07-27T12:34:01Z,KLAS,Wednesday,2026-07-29T06:00:00-07:00,1,111.0,Sunny,"Sunny, with a high near 111."
105,2026-07-27T12:34:01Z,KLAS,Wednesday Night,2026-07-29T18:00:00-07:00,0,87.0,Mostly Clear,"Mostly clear, with a low around 87."
106,2026-07-27T12:34:01Z,KLAS,Thursday,2026-07-30T06:00:00-07:00,1,112.0,Sunny,"Sunny, with a high near 112."
107,2026-07-27T12:34:01Z,KLAS,Thursday Night,2026-07-30T18:00:00-07:00,0,88.0,Mostly Clear,"Mostly clear, with a low around 88."
108,2026-07-27T12:34:01Z,KLAS,Friday,2026-07-31T06:00:00-07:00,1,114.0,Sunny,"Sunny, with a high near 114."
109,2026-07-27T12:34:01Z,KLAS,Friday Night,2026-07-31T18:00:00-07:00,0,90.0,Mostly Clear,"Mostly clear, with a low around 90."
110,2026-07-27T12:34:01Z,KLAS,Saturday,2026-08-01T06:00:00-07:00,1,116.0,Sunny,"Sunny, with a high near 116."
111,2026-07-27T12:34:01Z,KLAS,Saturday Night,2026-08-01T18:00:00-07:00,0,91.0,Mostly Clear,"Mostly clear, with a low around 91."
112,2026-07-27T12:34:01Z,KLAS,Sunday,2026-08-02T06:00:00-07:00,1,116.0,Sunny,"Sunny, with a high near 116."
113,2026-07-27T12:34:01Z,KLAX,Overnight,2026-07-27T03:00:00-07:00,0,68.0,Partly Cloudy,"Partly cloudy, with a low around 68. Southeast wind around 5 mph."
114,2026-07-27T12:34:01Z,KLAX,Monday,2026-07-27T06:00:00-07:00,1,79.0,Sunny,"Sunny, with a high near 79. South southwest wind 5 to 10 mph."
115,2026-07-27T12:34:01Z,KLAX,Monday Night,2026-07-27T18:00:00-07:00,0,68.0,Partly Cloudy,"Partly cloudy, with a low around 68. Southwest wind 5 to 10 mph."
116,2026-07-27T12:34:01Z,KLAX,Tuesday,2026-07-28T06:00:00-07:00,1,79.0,Mostly Sunny,"Mostly sunny, with a high near 79. South southwest wind 5 to 10 mph."
117,2026-07-27T12:34:01Z,KLAX,Tuesday Night,2026-07-28T18:00:00-07:00,0,68.0,Partly Cloudy,"Partly cloudy, with a low around 68. South wind 5 to 10 mph."
118,2026-07-27T12:34:01Z,KLAX,Wednesday,2026-07-29T06:00:00-07:00,1,77.0,Mostly Sunny,"Mostly sunny, with a high near 77."
119,2026-07-27T12:34:01Z,KLAX,Wednesday Night,2026-07-29T18:00:00-07:00,0,67.0,Partly Cloudy,"Partly cloudy, with a low around 67."
120,2026-07-27T12:34:01Z,KLAX,Thursday,2026-07-30T06:00:00-07:00,1,77.0,Mostly Sunny,"Mostly sunny, with a high near 77."
121,2026-07-27T12:34:01Z,KLAX,Thursday Night,2026-07-30T18:00:00-07:00,0,68.0,Partly Cloudy,"Partly cloudy, with a low around 68."
122,2026-07-27T12:34:01Z,KLAX,Friday,2026-07-31T06:00:00-07:00,1,85.0,Mostly Sunny,"Mostly sunny, with a high near 85."
123,2026-07-27T12:34:01Z,KLAX,Friday Night,2026-07-31T18:00:00-07:00,0,70.0,Partly Cloudy,"Partly cloudy, with a low around 70."
124,2026-07-27T12:34:01Z,KLAX,Saturday,2026-08-01T06:00:00-07:00,1,83.0,Mostly Sunny,"Mostly sunny, with a high near 83."
125,2026-07-27T12:34:01Z,KLAX,Saturday Night,2026-08-01T18:00:00-07:00,0,71.0,Partly Cloudy,"Partly cloudy, with a low around 71."
126,2026-07-27T12:34:01Z,KLAX,Sunday,2026-08-02T06:00:00-07:00,1,82.0,Sunny,"Sunny, with a high near 82."
127,2026-07-27T12:34:01Z,KMIA,Today,2026-07-27T06:00:00-04:00,1,91.0,Showers And Thunderstorms Likely,"Showers and thunderstorms likely between 8am and 2pm, then showers and thunderstorms between 2pm and 3pm, then a chance of showers and thunderstorms. Partly sunny, with a high near 91. Heat index values as high as 102. Southwest wind 5 to 8 mph. Chance of precipitation is 80%. New rainfall amounts between a quarter and half of an inch possible."
128,2026-07-27T12:34:01Z,KMIA,Tonight,2026-07-27T18:00:00-04:00,0,79.0,Slight Chance Showers And Thunderstorms then Partly Cloudy,"A slight chance of showers and thunderstorms before 8pm. Partly cloudy, with a low around 79. Southwest wind around 9 mph. Chance of precipitation is 20%. New rainfall amounts between a tenth and quarter of an inch possible."
129,2026-07-27T12:34:01Z,KMIA,Tuesday,2026-07-28T06:00:00-04:00,1,92.0,Chance Showers And Thunderstorms,"A chance of showers and thunderstorms after 8am. Mostly sunny, with a high near 92. Heat index values as high as 102. Southwest wind 7 to 13 mph, with gusts as high as 22 mph. Chance of precipitation is 50%. New rainfall amounts less than a tenth of an inch possible."
130,2026-07-27T12:34:01Z,KMIA,Tuesday Night,2026-07-28T18:00:00-04:00,0,79.0,Slight Chance Showers And Thunderstorms then Partly Cloudy,"A slight chance of showers and thunderstorms before 8pm. Partly cloudy, with a low around 79. Southwest wind 8 to 13 mph, with gusts as high as 20 mph. Chance of precipitation is 20%."
131,2026-07-27T12:34:01Z,KMIA,Wednesday,2026-07-29T06:00:00-04:00,1,94.0,Mostly Sunny,"Mostly sunny, with a high near 94. Southwest wind 9 to 16 mph, with gusts as high as 26 mph."
132,2026-07-27T12:34:01Z,KMIA,Wednesday Night,2026-07-29T18:00:00-04:00,0,79.0,Partly Cloudy,"Partly cloudy, with a low around 79. Southwest wind 8 to 15 mph, with gusts as high as 24 mph."
133,2026-07-27T12:34:01Z,KMIA,Thursday,2026-07-30T06:00:00-04:00,1,95.0,Mostly Sunny,"Mostly sunny, with a high near 95. Southwest wind 8 to 15 mph, with gusts as high as 24 mph."
134,2026-07-27T12:34:01Z,KMIA,Thursday Night,2026-07-30T18:00:00-04:00,0,80.0,Partly Cloudy,"Partly cloudy, with a low around 80. Southwest wind 6 to 14 mph, with gusts as high as 23 mph."
135,2026-07-27T12:34:01Z,KMIA,Friday,2026-07-31T06:00:00-04:00,1,94.0,Mostly Sunny then Chance Showers And Thunderstorms,"A chance of showers and thunderstorms after 2pm. Mostly sunny, with a high near 94. Southwest wind 5 to 12 mph, with gusts as high as 20 mph. Chance of precipitation is 30%."
136,2026-07-27T12:34:01Z,KMIA,Friday Night,2026-07-31T18:00:00-04:00,0,80.0,Chance Showers And Thunderstorms then Partly Cloudy,"A chance of showers and thunderstorms before 8pm. Partly cloudy, with a low around 80. Chance of precipitation is 30%."
137,2026-07-27T12:34:01Z,KMIA,Saturday,2026-08-01T06:00:00-04:00,1,94.0,Mostly Sunny then Chance Showers And Thunderstorms,"A chance of showers and thunderstorms after 2pm. Mostly sunny, with a high near 94. Chance of precipitation is 30%."
138,2026-07-27T12:34:01Z,KMIA,Saturday Night,2026-08-01T18:00:00-04:00,0,81.0,Chance Showers And Thunderstorms then Partly Cloudy,"A chance of showers and thunderstorms before 8pm. Partly cloudy, with a low around 81. Chance of precipitation is 30%."
139,2026-07-27T12:34:01Z,KMIA,Sunday,2026-08-02T06:00:00-04:00,1,93.0,Mostly Sunny then Slight Chance Showers And Thunderstorms,"A slight chance of showers and thunderstorms after 2pm. Mostly sunny, with a high near 93. Chance of precipitation is 20%."
140,2026-07-27T12:34:01Z,KMIA,Sunday Night,2026-08-02T18:00:00-04:00,0,81.0,Slight Chance Showers And Thunderstorms then Partly Cloudy,"A slight chance of showers and thunderstorms before 8pm. Partly cloudy, with a low around 81."
141,2026-07-27T12:34:01Z,KMSP,Today,2026-07-27T06:00:00-05:00,1,94.0,Patchy Smoke,"Patchy smoke after 11am. Mostly sunny, with a high near 94. Heat index values as high as 95. West northwest wind 5 to 15 mph, with gusts as high as 25 mph."
142,2026-07-27T12:34:01Z,KMSP,Tonight,2026-07-27T18:00:00-05:00,0,71.0,Partly Cloudy,"Partly cloudy, with a low around 71. North northeast wind 5 to 15 mph."
143,2026-07-27T12:34:01Z,KMSP,Tuesday,2026-07-28T06:00:00-05:00,1,90.0,Sunny,"Sunny, with a high near 90. East southeast wind around 5 mph."
144,2026-07-27T12:34:01Z,KMSP,Tuesday Night,2026-07-28T18:00:00-05:00,0,71.0,Mostly Clear,"Mostly clear, with a low around 71. South wind around 5 mph."
145,2026-07-27T12:34:01Z,KMSP,Wednesday,2026-07-29T06:00:00-05:00,1,92.0,Sunny,"Sunny, with a high near 92. South wind 5 to 10 mph."
146,2026-07-27T12:34:01Z,KMSP,Wednesday Night,2026-07-29T18:00:00-05:00,0,73.0,Mostly Clear,"Mostly clear, with a low around 73. South wind around 10 mph."
147,2026-07-27T12:34:01Z,KMSP,Thursday,2026-07-30T06:00:00-05:00,1,90.0,Partly Sunny then Slight Chance Showers And Thunderstorms,"A slight chance of showers and thunderstorms after 1pm. Partly sunny, with a high near 90. South wind 5 to 10 mph. Chance of precipitation is 20%."
148,2026-07-27T12:34:01Z,KMSP,Thursday Night,2026-07-30T18:00:00-05:00,0,70.0,Chance Showers And Thunderstorms,"A chance of showers and thunderstorms before 1am, then showers and thunderstorms likely. Mostly cloudy, with a low around 70. South southeast wind 5 to 10 mph. Chance of precipitation is 60%."
149,2026-07-27T12:34:01Z,KMSP,Friday,2026-07-31T06:00:00-05:00,1,84.0,Showers And Thunderstorms Likely,"Showers and thunderstorms likely before 1pm, then a chance of showers and thunderstorms. Partly sunny, with a high near 84. East wind 0 to 5 mph. Chance of precipitation is 60%."
150,2026-07-27T12:34:01Z,KMSP,Friday Night,2026-07-31T18:00:00-05:00,0,67.0,Chance Showers And Thunderstorms,"A chance of showers and thunderstorms. Partly cloudy, with a low around 67. North northwest wind 0 to 5 mph. Chance of precipitation is 30%."
151,2026-07-27T12:34:01Z,KMSP,Saturday,2026-08-01T06:00:00-05:00,1,86.0,Slight Chance Rain Showers then Mostly Sunny,"A slight chance of rain showers before 7am. Mostly sunny, with a high near 86. North northwest wind 0 to 5 mph. Chance of precipitation is 20%."
152,2026-07-27T12:34:01Z,KMSP,Saturday Night,2026-08-01T18:00:00-05:00,0,66.0,Mostly Clear,"Mostly clear, with a low around 66. North wind 0 to 5 mph."
153,2026-07-27T12:34:01Z,KMSP,Sunday,2026-08-02T06:00:00-05:00,1,88.0,Sunny,"Sunny, with a high near 88. Southeast wind 0 to 5 mph."
154,2026-07-27T12:34:01Z,KMSP,Sunday Night,2026-08-02T18:00:00-05:00,0,69.0,Mostly Clear,"Mostly clear, with a low around 69. South southeast wind 5 to 10 mph."
155,2026-07-27T12:34:01Z,KMSY,Today,2026-07-27T06:00:00-05:00,1,96.0,Sunny,"Sunny, with a high near 96. Heat index values as high as 106. West wind 5 to 10 mph."
156,2026-07-27T12:34:01Z,KMSY,Tonight,2026-07-27T18:00:00-05:00,0,79.0,Partly Cloudy,"Partly cloudy, with a low around 79. Heat index values as high as 105. West wind 5 to 10 mph."
157,2026-07-27T12:34:01Z,KMSY,Tuesday,2026-07-28T06:00:00-05:00,1,96.0,Sunny,"Sunny, with a high near 96. Heat index values as high as 106. West wind 5 to 10 mph."
158,2026-07-27T12:34:01Z,KMSY,Tuesday Night,2026-07-28T18:00:00-05:00,0,79.0,Mostly Clear,"Mostly clear, with a low around 79. Heat index values as high as 105. West wind around 10 mph."
159,2026-07-27T12:34:01Z,KMSY,Wednesday,2026-07-29T06:00:00-05:00,1,96.0,Mostly Sunny,"Mostly sunny, with a high near 96. West wind around 10 mph."
160,2026-07-27T12:34:01Z,KMSY,Wednesday Night,2026-07-29T18:00:00-05:00,0,80.0,Slight Chance Showers And Thunderstorms,"A slight chance of showers and thunderstorms between 7pm and 1am. Partly cloudy, with a low around 80. Southwest wind around 10 mph. Chance of precipitation is 20%."
161,2026-07-27T12:34:01Z,KMSY,Thursday,2026-07-30T06:00:00-05:00,1,93.0,Showers And Thunderstorms Likely,"Showers and thunderstorms likely after 7am. Mostly sunny, with a high near 93. West wind around 10 mph. Chance of precipitation is 60%."
162,2026-07-27T12:34:01Z,KMSY,Thursday Night,2026-07-30T18:00:00-05:00,0,79.0,Showers And Thunderstorms Likely,"Showers and thunderstorms likely. Partly cloudy, with a low around 79. Southwest wind around 10 mph."
163,2026-07-27T12:34:01Z,KMSY,Friday,2026-07-31T06:00:00-05:00,1,92.0,Chance Showers And Thunderstorms,"A chance of showers and thunderstorms. Partly sunny, with a high near 92. West wind around 10 mph."
164,2026-07-27T12:34:01Z,KMSY,Friday Night,2026-07-31T18:00:00-05:00,0,78.0,Chance Showers And Thunderstorms then Partly Cloudy,"A chance of showers and thunderstorms before 7pm. Partly cloudy, with a low around 78. Southwest wind around 10 mph."
165,2026-07-27T12:34:01Z,KMSY,Saturday,2026-08-01T06:00:00-05:00,1,92.0,Chance Showers And Thunderstorms,"A chance of showers and thunderstorms after 7am. Partly sunny, with a high near 92. West wind 10 to 15 mph."
166,2026-07-27T12:34:01Z,KMSY,Saturday Night,2026-08-01T18:00:00-05:00,0,78.0,Chance Showers And Thunderstorms,"A chance of showers and thunderstorms before 1am, then a chance of showers and thunderstorms. Partly cloudy, with a low around 78. Southwest wind 10 to 15 mph."
167,2026-07-27T12:34:01Z,KMSY,Sunday,2026-08-02T06:00:00-05:00,1,90.0,Showers And Thunderstorms Likely,"Showers and thunderstorms likely before 1pm, then showers and thunderstorms likely. Partly sunny, with a high near 90. West wind around 10 mph."
168,2026-07-27T12:34:01Z,KMSY,Sunday Night,2026-08-02T18:00:00-05:00,0,77.0,Showers And Thunderstorms Likely,"Showers and thunderstorms likely before 1am, then a chance of showers and thunderstorms. Mostly cloudy, with a low around 77. Southwest wind 5 to 10 mph."
169,2026-07-27T12:34:01Z,KNYC,Today,2026-07-27T06:00:00-04:00,1,83.0,Chance Showers And Thunderstorms,"A chance of showers and thunderstorms after 11am. Mostly sunny. High near 83, with temperatures falling to around 81 in the afternoon. South wind 0 to 6 mph. Chance of precipitation is 40%."
170,2026-07-27T12:34:01Z,KNYC,Tonight,2026-07-27T18:00:00-04:00,0,70.0,Chance Showers And Thunderstorms,"A chance of showers and thunderstorms before 11pm, then a chance of showers and thunderstorms. Mostly cloudy, with a low around 70. South wind around 6 mph. Chance of precipitation is 30%."
171,2026-07-27T12:34:01Z,KNYC,Tuesday,2026-07-28T06:00:00-04:00,1,79.0,Showers And Thunderstorms Likely,"Showers and thunderstorms likely. Mostly cloudy. High near 79, with temperatures falling to around 76 in the afternoon. South wind 5 to 14 mph, with gusts as high as 28 mph. Chance of precipitation is 70%. New rainfall amounts between a quarter and half of an inch possible."
172,2026-07-27T12:34:01Z,KNYC,Tuesday Night,2026-07-28T18:00:00-04:00,0,69.0,Showers And Thunderstorms,"Showers and thunderstorms. Cloudy, with a low around 69. Southeast wind 6 to 13 mph, with gusts as high as 28 mph. Chance of precipitation is 90%. New rainfall amounts between 1 and 2 inches possible."
173,2026-07-27T12:34:01Z,KNYC,Wednesday,2026-07-29T06:00:00-04:00,1,79.0,Rain Showers,"Rain showers before 2pm, then showers and thunderstorms. Mostly cloudy, with a high near 79. East wind around 7 mph. Chance of precipitation is 80%. New rainfall amounts between 1 and 2 inches possible."
174,2026-07-27T12:34:01Z,KNYC,Wednesday Night,2026-07-29T18:00:00-04:00,0,67.0,Showers And Thunderstorms,"Showers and thunderstorms. Mostly cloudy, with a low around 67. Chance of precipitation is 80%. New rainfall amounts between a half and three quarters of an inch possible."
175,2026-07-27T12:34:01Z,KNYC,Thursday,2026-07-30T06:00:00-04:00,1,78.0,Chance Showers And Thunderstorms,"A chance of showers and thunderstorms. Partly sunny, with a high near 78. Chance of precipitation is 50%."
176,2026-07-27T12:34:01Z,KNYC,Thursday Night,2026-07-30T18:00:00-04:00,0,67.0,Chance Showers And Thunderstorms then Mostly Cloudy,"A chance of showers and thunderstorms before 8pm. Mostly cloudy, with a low around 67. Chance of precipitation is 50%."
177,2026-07-27T12:34:01Z,KNYC,Friday,2026-07-31T06:00:00-04:00,1,83.0,Mostly Sunny,"Mostly sunny, with a high near 83."
178,2026-07-27T12:34:01Z,KNYC,Friday Night,2026-07-31T18:00:00-04:00,0,69.0,Partly Cloudy,"Partly cloudy, with a low around 69."
179,2026-07-27T12:34:01Z,KNYC,Saturday,2026-08-01T06:00:00-04:00,1,85.0,Mostly Sunny,"Mostly sunny, with a high near 85."
180,2026-07-27T12:34:01Z,KNYC,Saturday Night,2026-08-01T18:00:00-04:00,0,71.0,Mostly Cloudy,"Mostly cloudy, with a low around 71."
181,2026-07-27T12:34:01Z,KNYC,Sunday,2026-08-02T06:00:00-04:00,1,84.0,Chance Showers And Thunderstorms,"A slight chance of rain showers between 8am and 2pm, then a chance of showers and thunderstorms. Partly sunny, with a high near 84. Chance of precipitation is 40%."
182,2026-07-27T12:34:01Z,KNYC,Sunday Night,2026-08-02T18:00:00-04:00,0,71.0,Chance Showers And Thunderstorms,"A chance of showers and thunderstorms. Mostly cloudy, with a low around 71."
183,2026-07-27T12:34:01Z,KOKC,Today,2026-07-27T06:00:00-05:00,1,102.0,Sunny,"Sunny, with a high near 102. Heat index values as high as 105. South southwest wind 12 to 15 mph, with gusts as high as 23 mph."
184,2026-07-27T12:34:01Z,KOKC,Tonight,2026-07-27T18:00:00-05:00,0,77.0,Mostly Clear,"Mostly clear, with a low around 77. Heat index values as high as 104. South wind 9 to 14 mph, with gusts as high as 21 mph."
185,2026-07-27T12:34:01Z,KOKC,Tuesday,2026-07-28T06:00:00-05:00,1,102.0,Mostly Sunny,"Mostly sunny, with a high near 102. Heat index values as high as 104. South southwest wind around 12 mph."
186,2026-07-27T12:34:01Z,KOKC,Tuesday Night,2026-07-28T18:00:00-05:00,0,78.0,Partly Cloudy,"Partly cloudy, with a low around 78. Heat index values as high as 103. South southeast wind 8 to 12 mph."
187,2026-07-27T12:34:01Z,KOKC,Wednesday,2026-07-29T06:00:00-05:00,1,101.0,Mostly Sunny,"Mostly sunny, with a high near 101. South southwest wind 7 to 12 mph."
188,2026-07-27T12:34:01Z,KOKC,Wednesday Night,2026-07-29T18:00:00-05:00,0,77.0,Partly Cloudy,"Partly cloudy, with a low around 77."
189,2026-07-27T12:34:01Z,KOKC,Thursday,2026-07-30T06:00:00-05:00,1,100.0,Mostly Sunny,"Mostly sunny, with a high near 100."
190,2026-07-27T12:34:01Z,KOKC,Thursday Night,2026-07-30T18:00:00-05:00,0,77.0,Partly Cloudy then Slight Chance Showers And Thunderstorms,"A slight chance of showers and thunderstorms after 1am. Partly cloudy, with a low around 77. Chance of precipitation is 20%."
191,2026-07-27T12:34:01Z,KOKC,Friday,2026-07-31T06:00:00-05:00,1,100.0,Slight Chance Showers And Thunderstorms,"A slight chance of showers and thunderstorms before 1pm. Mostly sunny, with a high near 100. Chance of precipitation is 20%."
192,2026-07-27T12:34:01Z,KOKC,Friday Night,2026-07-31T18:00:00-05:00,0,75.0,Mostly Clear,"Mostly clear, with a low around 75."
193,2026-07-27T12:34:01Z,KOKC,Saturday,2026-08-01T06:00:00-05:00,1,94.0,Sunny,"Sunny, with a high near 94."
194,2026-07-27T12:34:01Z,KOKC,Saturday Night,2026-08-01T18:00:00-05:00,0,70.0,Mostly Clear,"Mostly clear, with a low around 70."
195,2026-07-27T12:34:01Z,KOKC,Sunday,2026-08-02T06:00:00-05:00,1,93.0,Sunny,"Sunny, with a high near 93."
196,2026-07-27T12:34:01Z,KOKC,Sunday Night,2026-08-02T18:00:00-05:00,0,71.0,Clear,"Clear, with a low around 71."
197,2026-07-27T12:34:01Z,KPHL,Today,2026-07-27T06:00:00-04:00,1,86.0,Mostly Sunny then Slight Chance Showers And Thunderstorms,"A slight chance of showers and thunderstorms between noon and 2pm, then showers and thunderstorms likely between 2pm and 4pm, then a chance of showers and thunderstorms. Mostly sunny, with a high near 86. Southwest wind 0 to 5 mph. Chance of precipitation is 70%. New rainfall amounts between a quarter and half of an inch possible."
198,2026-07-27T12:34:01Z,KPHL,Tonight,2026-07-27T18:00:00-04:00,0,69.0,Chance Showers And Thunderstorms then Patchy Fog,"A chance of showers and thunderstorms before 11pm, then patchy fog. Partly cloudy, with a low around 69. South wind around 5 mph. Chance of precipitation is 50%. New rainfall amounts between a quarter and half of an inch possible."
199,2026-07-27T12:34:01Z,KPHL,Tuesday,2026-07-28T06:00:00-04:00,1,82.0,Showers And Thunderstorms,"Patchy fog before 9am, then showers and thunderstorms. Mostly cloudy, with a high near 82. South wind 5 to 10 mph, with gusts as high as 25 mph. Chance of precipitation is 80%. New rainfall amounts between 1 and 2 inches possible."
200,2026-07-27T12:34:01Z,KPHL,Tuesday Night,2026-07-28T18:00:00-04:00,0,68.0,Showers And Thunderstorms,"Showers and thunderstorms before 2am. Mostly cloudy, with a low around 68. South wind 5 to 10 mph, with gusts as high as 25 mph. Chance of precipitation is 90%. New rainfall amounts between 1 and 2 inches possible."
201,2026-07-27T12:34:01Z,KPHL,Wednesday,2026-07-29T06:00:00-04:00,1,82.0,Showers And Thunderstorms Likely,"A slight chance of rain showers between 8am and 2pm, then showers and thunderstorms likely. Partly sunny, with a high near 82. West wind 5 to 10 mph. Chance of precipitation is 70%. New rainfall amounts between a tenth and quarter of an inch possible."
202,2026-07-27T12:34:01Z,KPHL,Wednesday Night,2026-07-29T18:00:00-04:00,0,67.0,Showers And Thunderstorms Likely then Slight Chance Showers And Thunderstorms,"Showers and thunderstorms likely before 8pm, then a slight chance of showers and thunderstorms between 8pm and 2am. Mostly cloudy, with a low around 67. Chance of precipitation is 70%. New rainfall amounts between a tenth and quarter of an inch possible."
203,2026-07-27T12:34:01Z,KPHL,Thursday,2026-07-30T06:00:00-04:00,1,82.0,Partly Sunny then Chance Showers And Thunderstorms,"A chance of showers and thunderstorms after 2pm. Partly sunny, with a high near 82. Chance of precipitation is 30%."
204,2026-07-27T12:34:01Z,KPHL,Thursday Night,2026-07-30T18:00:00-04:00,0,66.0,Chance Showers And Thunderstorms then Partly Cloudy,"A chance of showers and thunderstorms before 8pm. Partly cloudy, with a low around 66. Chance of precipitation is 30%."
205,2026-07-27T12:34:01Z,KPHL,Friday,2026-07-31T06:00:00-04:00,1,85.0,Sunny,"Sunny, with a high near 85."
206,2026-07-27T12:34:01Z,KPHL,Friday Night,2026-07-31T18:00:00-04:00,0,68.0,Partly Cloudy,"Partly cloudy, with a low around 68."
207,2026-07-27T12:34:01Z,KPHL,Saturday,2026-08-01T06:00:00-04:00,1,88.0,Mostly Sunny,"Mostly sunny, with a high near 88."
208,2026-07-27T12:34:01Z,KPHL,Saturday Night,2026-08-01T18:00:00-04:00,0,70.0,Slight Chance Showers And Thunderstorms,"A slight chance of showers and thunderstorms between 8pm and 2am. Mostly cloudy, with a low around 70."
209,2026-07-27T12:34:01Z,KPHL,Sunday,2026-08-02T06:00:00-04:00,1,86.0,Chance Showers And Thunderstorms,"A slight chance of rain showers between 8am and 2pm, then a chance of showers and thunderstorms. Partly sunny, with a high near 86. Chance of precipitation is 50%."
210,2026-07-27T12:34:01Z,KPHL,Sunday Night,2026-08-02T18:00:00-04:00,0,70.0,Chance Showers And Thunderstorms,"A chance of showers and thunderstorms. Mostly cloudy, with a low around 70."
211,2026-07-27T12:34:01Z,KPHX,Overnight,2026-07-27T01:00:00-07:00,0,92.0,Mostly Clear,"Mostly clear, with a low around 92. West wind around 10 mph."
212,2026-07-27T12:34:01Z,KPHX,Monday,2026-07-27T06:00:00-07:00,1,111.0,Sunny,"Sunny, with a high near 111. Heat index values as high as 112. West wind 10 to 15 mph, with gusts as high as 20 mph."
213,2026-07-27T12:34:01Z,KPHX,Monday Night,2026-07-27T18:00:00-07:00,0,91.0,Partly Cloudy then Slight Chance Showers And Thunderstorms,"A slight chance of showers and thunderstorms after 5am. Partly cloudy, with a low around 91. Heat index values as high as 110. West southwest wind 10 to 15 mph. New rainfall amounts less than a tenth of an inch possible."
214,2026-07-27T12:34:01Z,KPHX,Tuesday,2026-07-28T06:00:00-07:00,1,110.0,Slight Chance Showers And Thunderstorms then Mostly Sunny,"A slight chance of showers and thunderstorms before 8am. Mostly sunny, with a high near 110. Heat index values as high as 110. West southwest wind 5 to 15 mph, with gusts as high as 20 mph."
215,2026-07-27T12:34:01Z,KPHX,Tuesday Night,2026-07-28T18:00:00-07:00,0,91.0,Partly Cloudy,"Partly cloudy, with a low around 91. West wind 5 to 15 mph."
216,2026-07-27T12:34:01Z,KPHX,Wednesday,2026-07-29T06:00:00-07:00,1,112.0,Sunny,"Sunny, with a high near 112. West wind 5 to 10 mph."
217,2026-07-27T12:34:01Z,KPHX,Wednesday Night,2026-07-29T18:00:00-07:00,0,92.0,Mostly Clear,"Mostly clear, with a low around 92. West southwest wind around 10 mph."
218,2026-07-27T12:34:01Z,KPHX,Thursday,2026-07-30T06:00:00-07:00,1,114.0,Mostly Sunny,"Mostly sunny, with a high near 114. West southwest wind 5 to 15 mph, with gusts as high as 20 mph."
219,2026-07-27T12:34:01Z,KPHX,Thursday Night,2026-07-30T18:00:00-07:00,0,93.0,Mostly Clear,"Mostly clear, with a low around 93. West southwest wind around 5 mph."
220,2026-07-27T12:34:01Z,KPHX,Friday,2026-07-31T06:00:00-07:00,1,116.0,Sunny,"Sunny, with a high near 116. West southwest wind 0 to 10 mph, with gusts as high as 25 mph."
221,2026-07-27T12:34:01Z,KPHX,Friday Night,2026-07-31T18:00:00-07:00,0,94.0,Partly Cloudy,"Partly cloudy, with a low around 94. West southwest wind 0 to 10 mph, with gusts as high as 20 mph."
222,2026-07-27T12:34:01Z,KPHX,Saturday,2026-08-01T06:00:00-07:00,1,115.0,Mostly Sunny,"Mostly sunny, with a high near 115. Southwest wind 0 to 5 mph."
223,2026-07-27T12:34:01Z,KPHX,Saturday Night,2026-08-01T18:00:00-07:00,0,93.0,Partly Cloudy,"Partly cloudy, with a low around 93. West wind around 5 mph."
224,2026-07-27T12:34:01Z,KPHX,Sunday,2026-08-02T06:00:00-07:00,1,113.0,Mostly Sunny then Slight Chance Showers And Thunderstorms,"A slight chance of showers and thunderstorms after 5pm. Mostly sunny, with a high near 113. West southwest wind 0 to 5 mph."
225,2026-07-27T12:34:01Z,KSAT,Today,2026-07-27T07:00:00-05:00,1,98.0,Sunny,"Sunny, with a high near 98. Heat index values as high as 103. South wind 5 to 10 mph."
226,2026-07-27T12:34:01Z,KSAT,Tonight,2026-07-27T18:00:00-05:00,0,76.0,Mostly Clear,"Mostly clear, with a low around 76. Heat index values as high as 102. South southeast wind 5 to 15 mph, with gusts as high as 25 mph."
227,2026-07-27T12:34:01Z,KSAT,Tuesday,2026-07-28T06:00:00-05:00,1,99.0,Mostly Sunny,"Mostly sunny, with a high near 99. Heat index values as high as 105. South wind 5 to 10 mph."
228,2026-07-27T12:34:01Z,KSAT,Tuesday Night,2026-07-28T18:00:00-05:00,0,77.0,Mostly Clear,"Mostly clear, with a low around 77. Heat index values as high as 104. South southeast wind 5 to 15 mph, with gusts as high as 25 mph."
229,2026-07-27T12:34:01Z,KSAT,Wednesday,2026-07-29T06:00:00-05:00,1,99.0,Mostly Sunny,"Mostly sunny, with a high near 99. South wind 5 to 10 mph."
230,2026-07-27T12:34:01Z,KSAT,Wednesday Night,2026-07-29T18:00:00-05:00,0,77.0,Mostly Clear,"Mostly clear, with a low around 77. South southeast wind 5 to 15 mph, with gusts as high as 25 mph."
231,2026-07-27T12:34:01Z,KSAT,Thursday,2026-07-30T06:00:00-05:00,1,100.0,Mostly Sunny,"Mostly sunny, with a high near 100. South wind around 5 mph."
232,2026-07-27T12:34:01Z,KSAT,Thursday Night,2026-07-30T18:00:00-05:00,0,77.0,Partly Cloudy,"Partly cloudy, with a low around 77. South southeast wind 5 to 15 mph, with gusts as high as 25 mph."
233,2026-07-27T12:34:01Z,KSAT,Friday,2026-07-31T06:00:00-05:00,1,100.0,Mostly Sunny,"Mostly sunny, with a high near 100. South wind around 5 mph."
234,2026-07-27T12:34:01Z,KSAT,Friday Night,2026-07-31T18:00:00-05:00,0,79.0,Partly Cloudy,"Partly cloudy, with a low around 79."
235,2026-07-27T12:34:01Z,KSAT,Saturday,2026-08-01T06:00:00-05:00,1,100.0,Mostly Sunny,"Mostly sunny, with a high near 100."
236,2026-07-27T12:34:01Z,KSAT,Saturday Night,2026-08-01T18:00:00-05:00,0,82.0,Partly Cloudy,"Partly cloudy, with a low around 82."
237,2026-07-27T12:34:01Z,KSAT,Sunday,2026-08-02T06:00:00-05:00,1,99.0,Mostly Sunny,"Mostly sunny, with a high near 99."
238,2026-07-27T12:34:01Z,KSAT,Sunday Night,2026-08-02T18:00:00-05:00,0,79.0,Mostly Clear,"Mostly clear, with a low around 79."
239,2026-07-27T12:34:01Z,KSFO,Overnight,2026-07-27T04:00:00-07:00,0,58.0,Partly Cloudy,"Partly cloudy, with a low around 58. West wind around 13 mph, with gusts as high as 18 mph."
240,2026-07-27T12:34:01Z,KSFO,Monday,2026-07-27T06:00:00-07:00,1,74.0,Mostly Sunny,"Mostly sunny, with a high near 74. West wind 13 to 24 mph, with gusts as high as 31 mph."
241,2026-07-27T12:34:01Z,KSFO,Monday Night,2026-07-27T18:00:00-07:00,0,59.0,Mostly Clear,"Mostly clear, with a low around 59. West wind 14 to 24 mph, with gusts as high as 31 mph."
242,2026-07-27T12:34:01Z,KSFO,Tuesday,2026-07-28T06:00:00-07:00,1,75.0,Sunny,"Sunny, with a high near 75. West wind 14 to 22 mph, with gusts as high as 29 mph."
243,2026-07-27T12:34:01Z,KSFO,Tuesday Night,2026-07-28T18:00:00-07:00,0,59.0,Mostly Clear,"Mostly clear, with a low around 59. West wind 12 to 22 mph, with gusts as high as 29 mph."
244,2026-07-27T12:34:01Z,KSFO,Wednesday,2026-07-29T06:00:00-07:00,1,76.0,Sunny,"Sunny, with a high near 76."
245,2026-07-27T12:34:01Z,KSFO,Wednesday Night,2026-07-29T18:00:00-07:00,0,58.0,Mostly Clear,"Mostly clear, with a low around 58."
246,2026-07-27T12:34:01Z,KSFO,Thursday,2026-07-30T06:00:00-07:00,1,68.0,Sunny,"Sunny, with a high near 68."
247,2026-07-27T12:34:01Z,KSFO,Thursday Night,2026-07-30T18:00:00-07:00,0,57.0,Mostly Clear,"Mostly clear, with a low around 57."
248,2026-07-27T12:34:01Z,KSFO,Friday,2026-07-31T06:00:00-07:00,1,71.0,Sunny,"Sunny, with a high near 71."
249,2026-07-27T12:34:01Z,KSFO,Friday Night,2026-07-31T18:00:00-07:00,0,58.0,Mostly Clear,"Mostly clear, with a low around 58."
250,2026-07-27T12:34:01Z,KSFO,Saturday,2026-08-01T06:00:00-07:00,1,74.0,Sunny,"Sunny, with a high near 74."
251,2026-07-27T12:34:01Z,KSFO,Saturday Night,2026-08-01T18:00:00-07:00,0,59.0,Mostly Clear,"Mostly clear, with a low around 59."
252,2026-07-27T12:34:01Z,KSFO,Sunday,2026-08-02T06:00:00-07:00,1,71.0,Sunny,"Sunny, with a high near 71."
253,2026-07-27T12:34:01Z,KSEA,Tonight,2026-07-26T23:00:00-07:00,0,58.0,Mostly Cloudy,"Mostly cloudy, with a low around 58. South southwest wind around 7 mph."
254,2026-07-27T12:34:01Z,KSEA,Monday,2026-07-27T06:00:00-07:00,1,78.0,Sunny,"Sunny, with a high near 78. South southwest wind 7 to 10 mph."
255,2026-07-27T12:34:01Z,KSEA,Monday Night,2026-07-27T18:00:00-07:00,0,59.0,Partly Cloudy,"Partly cloudy. Low around 59, with temperatures rising to around 61 overnight. Southwest wind around 10 mph. New rainfall amounts less than a tenth of an inch possible."
256,2026-07-27T12:34:01Z,KSEA,Tuesday,2026-07-28T06:00:00-07:00,1,75.0,Slight Chance Light Rain then Mostly Sunny,"A slight chance of rain between 9am and 10am. Mostly sunny, with a high near 75. South southwest wind 9 to 13 mph. Chance of precipitation is 20%. New rainfall amounts less than a tenth of an inch possible."
257,2026-07-27T12:34:01Z,KSEA,Tuesday Night,2026-07-28T18:00:00-07:00,0,57.0,Partly Cloudy,"Partly cloudy, with a low around 57. Northwest wind 1 to 10 mph."
258,2026-07-27T12:34:01Z,KSEA,Wednesday,2026-07-29T06:00:00-07:00,1,76.0,Mostly Sunny,"Mostly sunny, with a high near 76."
259,2026-07-27T12:34:01Z,KSEA,Wednesday Night,2026-07-29T18:00:00-07:00,0,55.0,Mostly Clear,"Mostly clear, with a low around 55."
260,2026-07-27T12:34:01Z,KSEA,Thursday,2026-07-30T06:00:00-07:00,1,78.0,Sunny,"Sunny, with a high near 78."
261,2026-07-27T12:34:01Z,KSEA,Thursday Night,2026-07-30T18:00:00-07:00,0,56.0,Mostly Clear,"Mostly clear, with a low around 56."
262,2026-07-27T12:34:01Z,KSEA,Friday,2026-07-31T06:00:00-07:00,1,82.0,Sunny,"Sunny, with a high near 82."
263,2026-07-27T12:34:01Z,KSEA,Friday Night,2026-07-31T18:00:00-07:00,0,58.0,Mostly Clear,"Mostly clear, with a low around 58."
264,2026-07-27T12:34:01Z,KSEA,Saturday,2026-08-01T06:00:00-07:00,1,77.0,Mostly Sunny,"Mostly sunny, with a high near 77."
265,2026-07-27T12:34:01Z,KSEA,Saturday Night,2026-08-01T18:00:00-07:00,0,56.0,Partly Cloudy,"Partly cloudy, with a low around 56."
266,2026-07-27T12:34:01Z,KSEA,Sunday,2026-08-02T06:00:00-07:00,1,73.0,Mostly Sunny,"Mostly sunny, with a high near 73."
267,2026-07-27T12:34:01Z,KDCA,Today,2026-07-27T07:00:00-04:00,1,88.0,Mostly Sunny then Chance Showers And Thunderstorms,"A chance of showers and thunderstorms after 2pm. Mostly sunny, with a high near 88. Southwest wind 0 to 5 mph. Chance of precipitation is 40%. New rainfall amounts less than a tenth of an inch possible."
268,2026-07-27T12:34:01Z,KDCA,Tonight,2026-07-27T18:00:00-04:00,0,71.0,Chance Showers And Thunderstorms then Partly Cloudy,"A chance of showers and thunderstorms before 8pm. Partly cloudy, with a low around 71. South wind 6 to 9 mph. Chance of precipitation is 30%. New rainfall amounts less than a tenth of an inch possible."
269,2026-07-27T12:34:01Z,KDCA,Tuesday,2026-07-28T06:00:00-04:00,1,86.0,Showers And Thunderstorms,"A chance of rain showers between 8am and 11am, then showers and thunderstorms. Mostly cloudy, with a high near 86. South wind 10 to 16 mph, with gusts as high as 26 mph. Chance of precipitation is 100%. New rainfall amounts between a quarter and half of an inch possible."
270,2026-07-27T12:34:01Z,KDCA,Tuesday Night,2026-07-28T18:00:00-04:00,0,70.0,Showers And Thunderstorms then Chance Showers And Thunderstorms,"Showers and thunderstorms before 8pm, then a chance of showers and thunderstorms between 8pm and 2am. Mostly cloudy, with a low around 70. Southwest wind around 14 mph, with gusts as high as 18 mph. Chance of precipitation is 90%. New rainfall amounts between a quarter and half of an inch possible."
271,2026-07-27T12:34:01Z,KDCA,Wednesday,2026-07-29T06:00:00-04:00,1,85.0,Mostly Sunny,"Mostly sunny, with a high near 85. Northwest wind 13 to 18 mph, with gusts as high as 30 mph."
272,2026-07-27T12:34:01Z,KDCA,Wednesday Night,2026-07-29T18:00:00-04:00,0,70.0,Partly Cloudy,"Partly cloudy, with a low around 70."
273,2026-07-27T12:34:01Z,KDCA,Thursday,2026-07-30T06:00:00-04:00,1,85.0,Mostly Sunny,"Mostly sunny, with a high near 85."
274,2026-07-27T12:34:01Z,KDCA,Thursday Night,2026-07-30T18:00:00-04:00,0,70.0,Partly Cloudy,"Partly cloudy, with a low around 70."
275,2026-07-27T12:34:01Z,KDCA,Friday,2026-07-31T06:00:00-04:00,1,88.0,Sunny,"Sunny, with a high near 88."
276,2026-07-27T12:34:01Z,KDCA,Friday Night,2026-07-31T18:00:00-04:00,0,71.0,Partly Cloudy,"Partly cloudy, with a low around 71."
277,2026-07-27T12:34:01Z,KDCA,Saturday,2026-08-01T06:00:00-04:00,1,89.0,Partly Sunny then Slight Chance Showers And Thunderstorms,"A slight chance of showers and thunderstorms after 2pm. Partly sunny, with a high near 89. Chance of precipitation is 20%."
278,2026-07-27T12:34:01Z,KDCA,Saturday Night,2026-08-01T18:00:00-04:00,0,73.0,Slight Chance Showers And Thunderstorms,"A slight chance of showers and thunderstorms. Mostly cloudy, with a low around 73. Chance of precipitation is 20%."
279,2026-07-27T12:34:01Z,KDCA,Sunday,2026-08-02T06:00:00-04:00,1,87.0,Slight Chance Rain Showers then Chance Showers And Thunderstorms,"A slight chance of rain showers before 2pm, then a chance of showers and thunderstorms. Partly sunny, with a high near 87. Chance of precipitation is 50%."
280,2026-07-27T12:34:01Z,KDCA,Sunday Night,2026-08-02T18:00:00-04:00,0,72.0,Chance Showers And Thunderstorms,"A chance of showers and thunderstorms. Mostly cloudy, with a low around 72."
1,2026-07-27T15:26:03Z,KATL,Today,2026-07-27T10:00:00-04:00,1,92.0,Slight Chance Showers And Thunderstorms,"A slight chance of showers and thunderstorms before 11am, then a chance of showers and thunderstorms between 11am and noon, then a slight chance of showers and thunderstorms between noon and 1pm, then a chance of showers and thunderstorms between 1pm and 2pm. Partly sunny, with a high near 92. Heat index values as high as 99. Northwest wind 5 to 10 mph, with gusts as high as 20 mph. Chance of precipitation is 30%. New rainfall amounts between a tenth and quarter of an inch possible."
2,2026-07-27T15:26:03Z,KATL,Tonight,2026-07-27T18:00:00-04:00,0,75.0,Mostly Clear,"Mostly clear, with a low around 75. Heat index values as high as 98. Northwest wind 0 to 10 mph."
3,2026-07-27T15:26:03Z,KATL,Tuesday,2026-07-28T06:00:00-04:00,1,96.0,Mostly Sunny,"Mostly sunny, with a high near 96. Heat index values as high as 105. West wind 5 to 10 mph, with gusts as high as 20 mph."
4,2026-07-27T15:26:03Z,KATL,Tuesday Night,2026-07-28T18:00:00-04:00,0,77.0,Slight Chance Showers And Thunderstorms,"A slight chance of showers and thunderstorms between 7pm and 2am. Partly cloudy, with a low around 77. Heat index values as high as 103. West wind 5 to 10 mph, with gusts as high as 20 mph. Chance of precipitation is 20%."
5,2026-07-27T15:26:03Z,KATL,Wednesday,2026-07-29T06:00:00-04:00,1,91.0,Mostly Sunny,"Mostly sunny, with a high near 91. Northwest wind 5 to 10 mph, with gusts as high as 25 mph."
6,2026-07-27T15:26:03Z,KATL,Wednesday Night,2026-07-29T18:00:00-04:00,0,71.0,Mostly Clear,"Mostly clear, with a low around 71."
7,2026-07-27T15:26:03Z,KATL,Thursday,2026-07-30T06:00:00-04:00,1,91.0,Sunny,"Sunny, with a high near 91."
8,2026-07-27T15:26:03Z,KATL,Thursday Night,2026-07-30T18:00:00-04:00,0,71.0,Mostly Clear,"Mostly clear, with a low around 71."
9,2026-07-27T15:26:03Z,KATL,Friday,2026-07-31T06:00:00-04:00,1,92.0,Mostly Sunny,"Mostly sunny, with a high near 92."
10,2026-07-27T15:26:03Z,KATL,Friday Night,2026-07-31T18:00:00-04:00,0,74.0,Partly Cloudy,"Partly cloudy, with a low around 74."
11,2026-07-27T15:26:03Z,KATL,Saturday,2026-08-01T06:00:00-04:00,1,88.0,Slight Chance Rain Showers then Chance Showers And Thunderstorms,"A slight chance of rain showers between 8am and 2pm, then a chance of showers and thunderstorms. Partly sunny, with a high near 88. Chance of precipitation is 40%."
12,2026-07-27T15:26:03Z,KATL,Saturday Night,2026-08-01T18:00:00-04:00,0,73.0,Chance Showers And Thunderstorms,"A chance of showers and thunderstorms. Mostly cloudy, with a low around 73. Chance of precipitation is 50%."
13,2026-07-27T15:26:03Z,KATL,Sunday,2026-08-02T06:00:00-04:00,1,86.0,Showers And Thunderstorms Likely,"A chance of rain showers before 8am, then showers and thunderstorms likely. Partly sunny, with a high near 86. Chance of precipitation is 60%."
14,2026-07-27T15:26:03Z,KATL,Sunday Night,2026-08-02T18:00:00-04:00,0,72.0,Showers And Thunderstorms Likely then Chance Showers And Thunderstorms,"Showers and thunderstorms likely before 8pm, then a chance of showers and thunderstorms between 8pm and 2am. Mostly cloudy, with a low around 72."
15,2026-07-27T15:26:03Z,KAUS,Today,2026-07-27T09:00:00-05:00,1,98.0,Sunny,"Sunny, with a high near 98. Heat index values as high as 102. South southwest wind around 10 mph."
16,2026-07-27T15:26:03Z,KAUS,Tonight,2026-07-27T18:00:00-05:00,0,76.0,Mostly Clear,"Mostly clear, with a low around 76. Heat index values as high as 103. South wind 5 to 10 mph, with gusts as high as 20 mph."
17,2026-07-27T15:26:03Z,KAUS,Tuesday,2026-07-28T06:00:00-05:00,1,99.0,Sunny,"Sunny, with a high near 99. Heat index values as high as 106. South wind 5 to 10 mph."
18,2026-07-27T15:26:03Z,KAUS,Tuesday Night,2026-07-28T18:00:00-05:00,0,77.0,Mostly Clear,"Mostly clear, with a low around 77. Heat index values as high as 102. South wind 5 to 10 mph, with gusts as high as 20 mph."
19,2026-07-27T15:26:03Z,KAUS,Wednesday,2026-07-29T06:00:00-05:00,1,99.0,Mostly Sunny,"Mostly sunny, with a high near 99. South wind 5 to 10 mph."
20,2026-07-27T15:26:03Z,KAUS,Wednesday Night,2026-07-29T18:00:00-05:00,0,78.0,Partly Cloudy,"Partly cloudy, with a low around 78. South wind 5 to 10 mph, with gusts as high as 20 mph."
21,2026-07-27T15:26:03Z,KAUS,Thursday,2026-07-30T06:00:00-05:00,1,100.0,Mostly Sunny,"Mostly sunny, with a high near 100. South southwest wind around 5 mph."
22,2026-07-27T15:26:03Z,KAUS,Thursday Night,2026-07-30T18:00:00-05:00,0,78.0,Partly Cloudy,"Partly cloudy, with a low around 78. South wind 5 to 10 mph."
23,2026-07-27T15:26:03Z,KAUS,Friday,2026-07-31T06:00:00-05:00,1,101.0,Mostly Sunny,"Mostly sunny, with a high near 101. South southwest wind 5 to 10 mph."
24,2026-07-27T15:26:03Z,KAUS,Friday Night,2026-07-31T18:00:00-05:00,0,81.0,Partly Cloudy,"Partly cloudy, with a low around 81."
25,2026-07-27T15:26:03Z,KAUS,Saturday,2026-08-01T06:00:00-05:00,1,101.0,Mostly Sunny,"Mostly sunny, with a high near 101."
26,2026-07-27T15:26:03Z,KAUS,Saturday Night,2026-08-01T18:00:00-05:00,0,81.0,Partly Cloudy,"Partly cloudy, with a low around 81."
27,2026-07-27T15:26:03Z,KAUS,Sunday,2026-08-02T06:00:00-05:00,1,99.0,Mostly Sunny,"Mostly sunny, with a high near 99."
28,2026-07-27T15:26:03Z,KAUS,Sunday Night,2026-08-02T18:00:00-05:00,0,79.0,Mostly Clear,"Mostly clear, with a low around 79."
29,2026-07-27T15:26:03Z,KBOS,Today,2026-07-27T10:00:00-04:00,1,78.0,Sunny,"Sunny, with a high near 78. East wind 2 to 9 mph."
30,2026-07-27T15:26:03Z,KBOS,Tonight,2026-07-27T18:00:00-04:00,0,65.0,Mostly Clear,"Mostly clear, with a low around 65. South wind 3 to 8 mph."
31,2026-07-27T15:26:03Z,KBOS,Tuesday,2026-07-28T06:00:00-04:00,1,82.0,Mostly Sunny then Scattered Rain Showers,"Scattered rain showers after 1pm. Mostly sunny, with a high near 82. South wind 3 to 14 mph. Chance of precipitation is 30%."
32,2026-07-27T15:26:03Z,KBOS,Tuesday Night,2026-07-28T18:00:00-04:00,0,66.0,Scattered Rain Showers,"Scattered rain showers. Mostly cloudy, with a low around 66. Southeast wind 7 to 13 mph. Chance of precipitation is 40%. New rainfall amounts less than a tenth of an inch possible."
33,2026-07-27T15:26:03Z,KBOS,Wednesday,2026-07-29T06:00:00-04:00,1,74.0,Patchy Fog,"Scattered rain showers before 8am, then a chance of rain showers and patchy fog between 8am and 11am, then patchy fog and showers and thunderstorms. Mostly cloudy, with a high near 74. East wind 12 to 16 mph. Chance of precipitation is 90%."
34,2026-07-27T15:26:03Z,KBOS,Wednesday Night,2026-07-29T18:00:00-04:00,0,64.0,Showers And Thunderstorms,"Showers and thunderstorms. Cloudy, with a low around 64. Northeast wind 8 to 14 mph. Chance of precipitation is 90%."
35,2026-07-27T15:26:03Z,KBOS,Thursday,2026-07-30T06:00:00-04:00,1,74.0,Patchy Fog,"Showers and thunderstorms likely before 8am, then patchy fog and showers and thunderstorms. Mostly cloudy, with a high near 74. Northeast wind 9 to 13 mph. Chance of precipitation is 80%."
36,2026-07-27T15:26:03Z,KBOS,Thursday Night,2026-07-30T18:00:00-04:00,0,64.0,Showers And Thunderstorms Likely,"Showers and thunderstorms likely. Mostly cloudy, with a low around 64. North wind around 9 mph. Chance of precipitation is 60%."
37,2026-07-27T15:26:03Z,KBOS,Friday,2026-07-31T06:00:00-04:00,1,76.0,Slight Chance Rain Showers then Slight Chance Showers And Thunderstorms,"A slight chance of rain showers before 2pm, then a slight chance of showers and thunderstorms. Partly sunny, with a high near 76. North wind around 8 mph."
38,2026-07-27T15:26:03Z,KBOS,Friday Night,2026-07-31T18:00:00-04:00,0,66.0,Slight Chance Showers And Thunderstorms then Partly Cloudy,"A slight chance of showers and thunderstorms before 9pm. Partly cloudy, with a low around 66. North wind around 5 mph."
39,2026-07-27T15:26:03Z,KBOS,Saturday,2026-08-01T06:00:00-04:00,1,80.0,Mostly Sunny,"Mostly sunny, with a high near 80. Northeast wind 3 to 7 mph."
40,2026-07-27T15:26:03Z,KBOS,Saturday Night,2026-08-01T18:00:00-04:00,0,69.0,Partly Cloudy,"Partly cloudy, with a low around 69. South wind around 7 mph."
41,2026-07-27T15:26:03Z,KBOS,Sunday,2026-08-02T06:00:00-04:00,1,82.0,Mostly Sunny then Slight Chance Showers And Thunderstorms,"A slight chance of showers and thunderstorms between 2pm and 3pm, then a chance of showers and thunderstorms. Mostly sunny, with a high near 82. Southwest wind 5 to 9 mph. Chance of precipitation is 30%."
42,2026-07-27T15:26:03Z,KBOS,Sunday Night,2026-08-02T18:00:00-04:00,0,69.0,Chance Showers And Thunderstorms,"A chance of showers and thunderstorms. Mostly cloudy, with a low around 69. Southwest wind 6 to 9 mph."
43,2026-07-27T15:26:03Z,KMDW,Today,2026-07-27T10:00:00-05:00,1,90.0,Mostly Cloudy then Slight Chance Showers And Thunderstorms,"A slight chance of showers and thunderstorms after noon. Mostly cloudy. High near 90, with temperatures falling to around 85 in the afternoon. Heat index values as high as 104. Southwest wind 10 to 20 mph, with gusts as high as 30 mph. Chance of precipitation is 20%. New rainfall amounts between a quarter and half of an inch possible."
44,2026-07-27T15:26:03Z,KMDW,Tonight,2026-07-27T18:00:00-05:00,0,71.0,Chance Showers And Thunderstorms then Mostly Cloudy,"A chance of showers and thunderstorms before 10pm. Mostly cloudy, with a low around 71. Heat index values as high as 95. West northwest wind 10 to 20 mph, with gusts as high as 30 mph. Chance of precipitation is 30%. New rainfall amounts less than a tenth of an inch possible."
45,2026-07-27T15:26:03Z,KMDW,Tuesday,2026-07-28T06:00:00-05:00,1,77.0,Partly Sunny,"Partly sunny, with a high near 77. North wind around 15 mph, with gusts as high as 30 mph."
46,2026-07-27T15:26:03Z,KMDW,Tuesday Night,2026-07-28T18:00:00-05:00,0,67.0,Mostly Clear,"Mostly clear, with a low around 67. North wind 10 to 15 mph, with gusts as high as 25 mph."
47,2026-07-27T15:26:03Z,KMDW,Wednesday,2026-07-29T06:00:00-05:00,1,80.0,Sunny,"Sunny, with a high near 80. North northeast wind around 10 mph."
48,2026-07-27T15:26:03Z,KMDW,Wednesday Night,2026-07-29T18:00:00-05:00,0,67.0,Mostly Clear,"Mostly clear, with a low around 67."
49,2026-07-27T15:26:03Z,KMDW,Thursday,2026-07-30T06:00:00-05:00,1,85.0,Sunny,"Sunny, with a high near 85."
50,2026-07-27T15:26:03Z,KMDW,Thursday Night,2026-07-30T18:00:00-05:00,0,71.0,Partly Cloudy then Slight Chance Showers And Thunderstorms,"A slight chance of showers and thunderstorms after 1am. Partly cloudy, with a low around 71."
51,2026-07-27T15:26:03Z,KMDW,Friday,2026-07-31T06:00:00-05:00,1,83.0,Chance Showers And Thunderstorms,"A chance of showers and thunderstorms. Partly sunny, with a high near 83."
52,2026-07-27T15:26:03Z,KMDW,Friday Night,2026-07-31T18:00:00-05:00,0,70.0,Chance Showers And Thunderstorms,"A chance of showers and thunderstorms before 7pm, then a chance of showers and thunderstorms. Mostly cloudy, with a low around 70."
53,2026-07-27T15:26:03Z,KMDW,Saturday,2026-08-01T06:00:00-05:00,1,81.0,Chance Showers And Thunderstorms,"A chance of rain showers before 7am, then a chance of showers and thunderstorms between 7am and 1pm, then a chance of showers and thunderstorms. Partly sunny, with a high near 81."
54,2026-07-27T15:26:03Z,KMDW,Saturday Night,2026-08-01T18:00:00-05:00,0,69.0,Chance Showers And Thunderstorms,"A chance of showers and thunderstorms before 1am. Mostly cloudy, with a low around 69."
55,2026-07-27T15:26:03Z,KMDW,Sunday,2026-08-02T06:00:00-05:00,1,80.0,Mostly Sunny,"Mostly sunny, with a high near 80."
56,2026-07-27T15:26:03Z,KMDW,Sunday Night,2026-08-02T18:00:00-05:00,0,68.0,Mostly Clear,"Mostly clear, with a low around 68."
57,2026-07-27T15:26:03Z,KDFW,Today,2026-07-27T09:00:00-05:00,1,102.0,Sunny,"Sunny, with a high near 102. Heat index values as high as 107. South southwest wind around 10 mph."
58,2026-07-27T15:26:03Z,KDFW,Tonight,2026-07-27T18:00:00-05:00,0,81.0,Mostly Clear,"Mostly clear. Low around 81, with temperatures rising to around 83 overnight. Heat index values as high as 106. South southwest wind around 10 mph."
59,2026-07-27T15:26:03Z,KDFW,Tuesday,2026-07-28T06:00:00-05:00,1,102.0,Sunny,"Sunny, with a high near 102. Heat index values as high as 106. South southwest wind 5 to 10 mph."
60,2026-07-27T15:26:03Z,KDFW,Tuesday Night,2026-07-28T18:00:00-05:00,0,81.0,Mostly Clear,"Mostly clear. Low around 81, with temperatures rising to around 83 overnight. Heat index values as high as 105. South wind 5 to 10 mph."
61,2026-07-27T15:26:03Z,KDFW,Wednesday,2026-07-29T06:00:00-05:00,1,102.0,Mostly Sunny,"Mostly sunny, with a high near 102. South wind 5 to 10 mph."
62,2026-07-27T15:26:03Z,KDFW,Wednesday Night,2026-07-29T18:00:00-05:00,0,82.0,Mostly Clear,"Mostly clear. Low around 82, with temperatures rising to around 84 overnight. South southeast wind 5 to 10 mph."
63,2026-07-27T15:26:03Z,KDFW,Thursday,2026-07-30T06:00:00-05:00,1,103.0,Mostly Sunny,"Mostly sunny, with a high near 103. South southwest wind 5 to 10 mph."
64,2026-07-27T15:26:03Z,KDFW,Thursday Night,2026-07-30T18:00:00-05:00,0,82.0,Partly Cloudy,"Partly cloudy, with a low around 82. South southeast wind around 10 mph."
65,2026-07-27T15:26:03Z,KDFW,Friday,2026-07-31T06:00:00-05:00,1,103.0,Mostly Sunny,"Mostly sunny, with a high near 103. South southwest wind around 10 mph."
66,2026-07-27T15:26:03Z,KDFW,Friday Night,2026-07-31T18:00:00-05:00,0,82.0,Partly Cloudy,"Partly cloudy, with a low around 82."
67,2026-07-27T15:26:03Z,KDFW,Saturday,2026-08-01T06:00:00-05:00,1,101.0,Sunny,"Sunny, with a high near 101."
68,2026-07-27T15:26:03Z,KDFW,Saturday Night,2026-08-01T18:00:00-05:00,0,79.0,Mostly Clear,"Mostly clear, with a low around 79."
69,2026-07-27T15:26:03Z,KDFW,Sunday,2026-08-02T06:00:00-05:00,1,99.0,Sunny,"Sunny, with a high near 99."
70,2026-07-27T15:26:03Z,KDFW,Sunday Night,2026-08-02T18:00:00-05:00,0,79.0,Mostly Clear,"Mostly clear, with a low around 79."
71,2026-07-27T15:26:03Z,KDEN,Today,2026-07-27T08:00:00-06:00,1,95.0,Slight Chance Rain Showers then Slight Chance Showers And Thunderstorms,"A slight chance of rain showers before 9am, then a slight chance of showers and thunderstorms between noon and 2pm, then a chance of showers and thunderstorms between 2pm and 3pm, then a chance of showers and thunderstorms. Mostly cloudy. High near 95, with temperatures falling to around 89 in the afternoon. North wind 6 to 12 mph, with gusts as high as 18 mph. Chance of precipitation is 40%. New rainfall amounts less than a tenth of an inch possible."
72,2026-07-27T15:26:03Z,KDEN,Tonight,2026-07-27T18:00:00-06:00,0,67.0,Showers And Thunderstorms Likely then Mostly Cloudy,"Showers and thunderstorms likely before midnight. Mostly cloudy. Low around 67, with temperatures rising to around 71 overnight. South southwest wind 5 to 12 mph, with gusts as high as 18 mph. Chance of precipitation is 60%. New rainfall amounts less than a tenth of an inch possible."
73,2026-07-27T15:26:03Z,KDEN,Tuesday,2026-07-28T06:00:00-06:00,1,91.0,Mostly Sunny then Showers And Thunderstorms Likely,"Showers and thunderstorms likely after 2pm. Mostly sunny. High near 91, with temperatures falling to around 86 in the afternoon. North northeast wind 3 to 8 mph. Chance of precipitation is 60%."
74,2026-07-27T15:26:03Z,KDEN,Tuesday Night,2026-07-28T18:00:00-06:00,0,64.0,Chance Showers And Thunderstorms then Mostly Cloudy,"A chance of showers and thunderstorms before midnight. Mostly cloudy, with a low around 64. South southeast wind 5 to 9 mph. Chance of precipitation is 50%."
75,2026-07-27T15:26:03Z,KDEN,Wednesday,2026-07-29T06:00:00-06:00,1,92.0,Mostly Sunny then Showers And Thunderstorms Likely,"Showers and thunderstorms likely after noon. Mostly sunny, with a high near 92. South wind 2 to 6 mph. Chance of precipitation is 60%."
76,2026-07-27T15:26:03Z,KDEN,Wednesday Night,2026-07-29T18:00:00-06:00,0,64.0,Chance Showers And Thunderstorms then Partly Cloudy,"A chance of showers and thunderstorms before midnight. Partly cloudy, with a low around 64. Chance of precipitation is 50%."
77,2026-07-27T15:26:03Z,KDEN,Thursday,2026-07-30T06:00:00-06:00,1,93.0,Sunny,"Sunny, with a high near 93."
78,2026-07-27T15:26:03Z,KDEN,Thursday Night,2026-07-30T18:00:00-06:00,0,65.0,Partly Cloudy,"Partly cloudy, with a low around 65."
79,2026-07-27T15:26:03Z,KDEN,Friday,2026-07-31T06:00:00-06:00,1,94.0,Sunny then Slight Chance Showers And Thunderstorms,"A slight chance of showers and thunderstorms after noon. Sunny, with a high near 94."
80,2026-07-27T15:26:03Z,KDEN,Friday Night,2026-07-31T18:00:00-06:00,0,65.0,Slight Chance Showers And Thunderstorms then Mostly Clear,"A slight chance of showers and thunderstorms before midnight. Mostly clear, with a low around 65."
81,2026-07-27T15:26:03Z,KDEN,Saturday,2026-08-01T06:00:00-06:00,1,94.0,Sunny,"Sunny, with a high near 94."
82,2026-07-27T15:26:03Z,KDEN,Saturday Night,2026-08-01T18:00:00-06:00,0,66.0,Mostly Clear,"Mostly clear, with a low around 66."
83,2026-07-27T15:26:03Z,KDEN,Sunday,2026-08-02T06:00:00-06:00,1,100.0,Sunny,"Sunny, with a high near 100."
84,2026-07-27T15:26:03Z,KDEN,Sunday Night,2026-08-02T18:00:00-06:00,0,67.0,Partly Cloudy,"Partly cloudy, with a low around 67."
85,2026-07-27T15:26:03Z,KIAH,Today,2026-07-27T09:00:00-05:00,1,99.0,Sunny,"Sunny, with a high near 99. Heat index values as high as 107. Southwest wind 5 to 10 mph."
86,2026-07-27T15:26:03Z,KIAH,Tonight,2026-07-27T18:00:00-05:00,0,79.0,Mostly Clear,"Mostly clear, with a low around 79. Heat index values as high as 104. Southwest wind 5 to 10 mph."
87,2026-07-27T15:26:03Z,KIAH,Tuesday,2026-07-28T06:00:00-05:00,1,101.0,Sunny,"Sunny, with a high near 101. Heat index values as high as 108. Southwest wind 5 to 10 mph."
88,2026-07-27T15:26:03Z,KIAH,Tuesday Night,2026-07-28T18:00:00-05:00,0,79.0,Mostly Clear,"Mostly clear, with a low around 79. Heat index values as high as 106. Southwest wind 5 to 10 mph."
89,2026-07-27T15:26:03Z,KIAH,Wednesday,2026-07-29T06:00:00-05:00,1,102.0,Mostly Sunny,"Mostly sunny, with a high near 102. Southwest wind around 5 mph."
90,2026-07-27T15:26:03Z,KIAH,Wednesday Night,2026-07-29T18:00:00-05:00,0,80.0,Mostly Clear,"Mostly clear, with a low around 80."
91,2026-07-27T15:26:03Z,KIAH,Thursday,2026-07-30T06:00:00-05:00,1,102.0,Mostly Sunny,"Mostly sunny, with a high near 102."
92,2026-07-27T15:26:03Z,KIAH,Thursday Night,2026-07-30T18:00:00-05:00,0,80.0,Partly Cloudy,"Partly cloudy, with a low around 80."
93,2026-07-27T15:26:03Z,KIAH,Friday,2026-07-31T06:00:00-05:00,1,102.0,Mostly Sunny,"Mostly sunny, with a high near 102."
94,2026-07-27T15:26:03Z,KIAH,Friday Night,2026-07-31T18:00:00-05:00,0,81.0,Partly Cloudy,"Partly cloudy, with a low around 81."
95,2026-07-27T15:26:03Z,KIAH,Saturday,2026-08-01T06:00:00-05:00,1,101.0,Mostly Sunny,"Mostly sunny, with a high near 101."
96,2026-07-27T15:26:03Z,KIAH,Saturday Night,2026-08-01T18:00:00-05:00,0,81.0,Partly Cloudy then Slight Chance Showers And Thunderstorms,"A slight chance of showers and thunderstorms after 1am. Partly cloudy, with a low around 81. Chance of precipitation is 20%."
97,2026-07-27T15:26:03Z,KIAH,Sunday,2026-08-02T06:00:00-05:00,1,98.0,Chance Showers And Thunderstorms,"A chance of showers and thunderstorms. Mostly sunny, with a high near 98. Chance of precipitation is 30%."
98,2026-07-27T15:26:03Z,KIAH,Sunday Night,2026-08-02T18:00:00-05:00,0,80.0,Chance Showers And Thunderstorms,"A chance of showers and thunderstorms. Partly cloudy, with a low around 80."
99,2026-07-27T15:26:03Z,KLAS,Today,2026-07-27T08:00:00-07:00,1,110.0,Sunny,"Sunny. High near 110, with temperatures falling to around 108 in the afternoon. Heat index values as high as 105. South southwest wind 7 to 12 mph, with gusts as high as 21 mph."
100,2026-07-27T15:26:03Z,KLAS,Tonight,2026-07-27T18:00:00-07:00,0,88.0,Mostly Clear,"Mostly clear. Low around 88, with temperatures rising to around 90 overnight. Heat index values as high as 106. Southwest wind 6 to 12 mph, with gusts as high as 20 mph."
101,2026-07-27T15:26:03Z,KLAS,Tuesday,2026-07-28T06:00:00-07:00,1,110.0,Sunny,"Sunny, with a high near 110. Heat index values as high as 106. South wind 5 to 12 mph, with gusts as high as 20 mph."
102,2026-07-27T15:26:03Z,KLAS,Tuesday Night,2026-07-28T18:00:00-07:00,0,87.0,Mostly Clear,"Mostly clear, with a low around 87. Southwest wind 6 to 12 mph, with gusts as high as 20 mph."
103,2026-07-27T15:26:03Z,KLAS,Wednesday,2026-07-29T06:00:00-07:00,1,111.0,Sunny,"Sunny, with a high near 111. South southwest wind 5 to 12 mph, with gusts as high as 21 mph."
104,2026-07-27T15:26:03Z,KLAS,Wednesday Night,2026-07-29T18:00:00-07:00,0,87.0,Mostly Clear,"Mostly clear, with a low around 87."
105,2026-07-27T15:26:03Z,KLAS,Thursday,2026-07-30T06:00:00-07:00,1,112.0,Sunny,"Sunny, with a high near 112."
106,2026-07-27T15:26:03Z,KLAS,Thursday Night,2026-07-30T18:00:00-07:00,0,88.0,Mostly Clear,"Mostly clear, with a low around 88."
107,2026-07-27T15:26:03Z,KLAS,Friday,2026-07-31T06:00:00-07:00,1,114.0,Sunny,"Sunny, with a high near 114."
108,2026-07-27T15:26:03Z,KLAS,Friday Night,2026-07-31T18:00:00-07:00,0,90.0,Mostly Clear,"Mostly clear, with a low around 90."
109,2026-07-27T15:26:03Z,KLAS,Saturday,2026-08-01T06:00:00-07:00,1,116.0,Sunny,"Sunny, with a high near 116."
110,2026-07-27T15:26:03Z,KLAS,Saturday Night,2026-08-01T18:00:00-07:00,0,91.0,Mostly Clear,"Mostly clear, with a low around 91."
111,2026-07-27T15:26:03Z,KLAS,Sunday,2026-08-02T06:00:00-07:00,1,116.0,Sunny,"Sunny, with a high near 116."
112,2026-07-27T15:26:03Z,KLAS,Sunday Night,2026-08-02T18:00:00-07:00,0,91.0,Mostly Clear,"Mostly clear, with a low around 91."
113,2026-07-27T15:26:03Z,KLAX,Today,2026-07-27T07:00:00-07:00,1,79.0,Sunny,"Sunny, with a high near 79. South southwest wind 5 to 10 mph."
114,2026-07-27T15:26:03Z,KLAX,Tonight,2026-07-27T18:00:00-07:00,0,68.0,Partly Cloudy,"Partly cloudy, with a low around 68. Southwest wind 5 to 10 mph."
115,2026-07-27T15:26:03Z,KLAX,Tuesday,2026-07-28T06:00:00-07:00,1,79.0,Mostly Sunny,"Mostly sunny, with a high near 79. South southwest wind 5 to 10 mph."
116,2026-07-27T15:26:03Z,KLAX,Tuesday Night,2026-07-28T18:00:00-07:00,0,68.0,Partly Cloudy,"Partly cloudy, with a low around 68. South wind 5 to 10 mph."
117,2026-07-27T15:26:03Z,KLAX,Wednesday,2026-07-29T06:00:00-07:00,1,77.0,Mostly Sunny,"Mostly sunny, with a high near 77. South wind 5 to 10 mph."
118,2026-07-27T15:26:03Z,KLAX,Wednesday Night,2026-07-29T18:00:00-07:00,0,67.0,Partly Cloudy,"Partly cloudy, with a low around 67."
119,2026-07-27T15:26:03Z,KLAX,Thursday,2026-07-30T06:00:00-07:00,1,77.0,Mostly Sunny,"Mostly sunny, with a high near 77."
120,2026-07-27T15:26:03Z,KLAX,Thursday Night,2026-07-30T18:00:00-07:00,0,68.0,Partly Cloudy,"Partly cloudy, with a low around 68."
121,2026-07-27T15:26:03Z,KLAX,Friday,2026-07-31T06:00:00-07:00,1,85.0,Mostly Sunny,"Mostly sunny, with a high near 85."
122,2026-07-27T15:26:03Z,KLAX,Friday Night,2026-07-31T18:00:00-07:00,0,70.0,Partly Cloudy,"Partly cloudy, with a low around 70."
123,2026-07-27T15:26:03Z,KLAX,Saturday,2026-08-01T06:00:00-07:00,1,83.0,Mostly Sunny,"Mostly sunny, with a high near 83."
124,2026-07-27T15:26:03Z,KLAX,Saturday Night,2026-08-01T18:00:00-07:00,0,71.0,Partly Cloudy,"Partly cloudy, with a low around 71."
125,2026-07-27T15:26:03Z,KLAX,Sunday,2026-08-02T06:00:00-07:00,1,82.0,Sunny,"Sunny, with a high near 82."
126,2026-07-27T15:26:03Z,KLAX,Sunday Night,2026-08-02T18:00:00-07:00,0,70.0,Partly Cloudy,"Partly cloudy, with a low around 70."
127,2026-07-27T15:26:03Z,KMIA,Today,2026-07-27T10:00:00-04:00,1,91.0,Showers And Thunderstorms Likely,"Showers and thunderstorms likely before 2pm, then showers and thunderstorms between 2pm and 3pm, then a chance of showers and thunderstorms. Partly sunny, with a high near 91. Heat index values as high as 102. Southwest wind 5 to 8 mph. Chance of precipitation is 80%. New rainfall amounts between a quarter and half of an inch possible."
128,2026-07-27T15:26:03Z,KMIA,Tonight,2026-07-27T18:00:00-04:00,0,79.0,Slight Chance Showers And Thunderstorms then Partly Cloudy,"A slight chance of showers and thunderstorms before 8pm. Partly cloudy, with a low around 79. Southwest wind around 9 mph. Chance of precipitation is 20%. New rainfall amounts between a tenth and quarter of an inch possible."
129,2026-07-27T15:26:03Z,KMIA,Tuesday,2026-07-28T06:00:00-04:00,1,92.0,Chance Showers And Thunderstorms,"A chance of showers and thunderstorms after 8am. Mostly sunny, with a high near 92. Heat index values as high as 102. Southwest wind 7 to 13 mph, with gusts as high as 22 mph. Chance of precipitation is 50%. New rainfall amounts less than a tenth of an inch possible."
130,2026-07-27T15:26:03Z,KMIA,Tuesday Night,2026-07-28T18:00:00-04:00,0,79.0,Slight Chance Showers And Thunderstorms then Partly Cloudy,"A slight chance of showers and thunderstorms before 8pm. Partly cloudy, with a low around 79. Southwest wind 8 to 13 mph, with gusts as high as 20 mph. Chance of precipitation is 20%."
131,2026-07-27T15:26:03Z,KMIA,Wednesday,2026-07-29T06:00:00-04:00,1,94.0,Mostly Sunny,"Mostly sunny, with a high near 94. Southwest wind 9 to 16 mph, with gusts as high as 26 mph."
132,2026-07-27T15:26:03Z,KMIA,Wednesday Night,2026-07-29T18:00:00-04:00,0,79.0,Partly Cloudy,"Partly cloudy, with a low around 79. Southwest wind 8 to 15 mph, with gusts as high as 24 mph."
133,2026-07-27T15:26:03Z,KMIA,Thursday,2026-07-30T06:00:00-04:00,1,95.0,Mostly Sunny,"Mostly sunny, with a high near 95. Southwest wind 8 to 15 mph, with gusts as high as 24 mph."
134,2026-07-27T15:26:03Z,KMIA,Thursday Night,2026-07-30T18:00:00-04:00,0,80.0,Partly Cloudy,"Partly cloudy, with a low around 80. Southwest wind 6 to 14 mph, with gusts as high as 23 mph."
135,2026-07-27T15:26:03Z,KMIA,Friday,2026-07-31T06:00:00-04:00,1,94.0,Mostly Sunny then Chance Showers And Thunderstorms,"A chance of showers and thunderstorms after 2pm. Mostly sunny, with a high near 94. Southwest wind 5 to 12 mph, with gusts as high as 20 mph. Chance of precipitation is 30%."
136,2026-07-27T15:26:03Z,KMIA,Friday Night,2026-07-31T18:00:00-04:00,0,80.0,Chance Showers And Thunderstorms then Partly Cloudy,"A chance of showers and thunderstorms before 8pm. Partly cloudy, with a low around 80. Chance of precipitation is 30%."
137,2026-07-27T15:26:03Z,KMIA,Saturday,2026-08-01T06:00:00-04:00,1,94.0,Mostly Sunny then Chance Showers And Thunderstorms,"A chance of showers and thunderstorms after 2pm. Mostly sunny, with a high near 94. Chance of precipitation is 30%."
138,2026-07-27T15:26:03Z,KMIA,Saturday Night,2026-08-01T18:00:00-04:00,0,81.0,Chance Showers And Thunderstorms then Partly Cloudy,"A chance of showers and thunderstorms before 8pm. Partly cloudy, with a low around 81. Chance of precipitation is 30%."
139,2026-07-27T15:26:03Z,KMIA,Sunday,2026-08-02T06:00:00-04:00,1,93.0,Mostly Sunny then Slight Chance Showers And Thunderstorms,"A slight chance of showers and thunderstorms after 2pm. Mostly sunny, with a high near 93. Chance of precipitation is 20%."
140,2026-07-27T15:26:03Z,KMIA,Sunday Night,2026-08-02T18:00:00-04:00,0,81.0,Slight Chance Showers And Thunderstorms then Partly Cloudy,"A slight chance of showers and thunderstorms before 8pm. Partly cloudy, with a low around 81."
141,2026-07-27T15:26:03Z,KMSP,Today,2026-07-27T09:00:00-05:00,1,94.0,Patchy Smoke,"Patchy smoke after 11am. Mostly sunny, with a high near 94. Heat index values as high as 95. Northwest wind 10 to 15 mph, with gusts as high as 25 mph."
142,2026-07-27T15:26:03Z,KMSP,Tonight,2026-07-27T18:00:00-05:00,0,71.0,Partly Cloudy,"Partly cloudy, with a low around 71. North northeast wind 5 to 15 mph."
143,2026-07-27T15:26:03Z,KMSP,Tuesday,2026-07-28T06:00:00-05:00,1,90.0,Sunny,"Sunny, with a high near 90. East southeast wind around 5 mph."
144,2026-07-27T15:26:03Z,KMSP,Tuesday Night,2026-07-28T18:00:00-05:00,0,71.0,Mostly Clear,"Mostly clear, with a low around 71. South wind around 5 mph."
145,2026-07-27T15:26:03Z,KMSP,Wednesday,2026-07-29T06:00:00-05:00,1,92.0,Sunny,"Sunny, with a high near 92. South wind 5 to 10 mph."
146,2026-07-27T15:26:03Z,KMSP,Wednesday Night,2026-07-29T18:00:00-05:00,0,73.0,Mostly Clear,"Mostly clear, with a low around 73. South wind around 10 mph."
147,2026-07-27T15:26:03Z,KMSP,Thursday,2026-07-30T06:00:00-05:00,1,90.0,Partly Sunny then Slight Chance Showers And Thunderstorms,"A slight chance of showers and thunderstorms after 1pm. Partly sunny, with a high near 90. South wind 5 to 10 mph. Chance of precipitation is 20%."
148,2026-07-27T15:26:03Z,KMSP,Thursday Night,2026-07-30T18:00:00-05:00,0,70.0,Chance Showers And Thunderstorms,"A chance of showers and thunderstorms before 1am, then showers and thunderstorms likely. Mostly cloudy, with a low around 70. South southeast wind 5 to 10 mph. Chance of precipitation is 60%."
149,2026-07-27T15:26:03Z,KMSP,Friday,2026-07-31T06:00:00-05:00,1,84.0,Showers And Thunderstorms Likely,"Showers and thunderstorms likely before 1pm, then a chance of showers and thunderstorms. Partly sunny, with a high near 84. East wind 0 to 5 mph. Chance of precipitation is 60%."
150,2026-07-27T15:26:03Z,KMSP,Friday Night,2026-07-31T18:00:00-05:00,0,67.0,Chance Showers And Thunderstorms,"A chance of showers and thunderstorms. Partly cloudy, with a low around 67. North northwest wind 0 to 5 mph. Chance of precipitation is 30%."
151,2026-07-27T15:26:03Z,KMSP,Saturday,2026-08-01T06:00:00-05:00,1,86.0,Slight Chance Rain Showers then Mostly Sunny,"A slight chance of rain showers before 7am. Mostly sunny, with a high near 86. North northwest wind 0 to 5 mph. Chance of precipitation is 20%."
152,2026-07-27T15:26:03Z,KMSP,Saturday Night,2026-08-01T18:00:00-05:00,0,66.0,Mostly Clear,"Mostly clear, with a low around 66. North wind 0 to 5 mph."
153,2026-07-27T15:26:03Z,KMSP,Sunday,2026-08-02T06:00:00-05:00,1,88.0,Sunny,"Sunny, with a high near 88. Southeast wind 0 to 5 mph."
154,2026-07-27T15:26:03Z,KMSP,Sunday Night,2026-08-02T18:00:00-05:00,0,69.0,Mostly Clear,"Mostly clear, with a low around 69. South southeast wind 5 to 10 mph."
155,2026-07-27T15:26:03Z,KMSY,Today,2026-07-27T09:00:00-05:00,1,96.0,Sunny,"Sunny, with a high near 96. Heat index values as high as 106. Northwest wind 5 to 10 mph."
156,2026-07-27T15:26:03Z,KMSY,Tonight,2026-07-27T18:00:00-05:00,0,79.0,Partly Cloudy,"Partly cloudy, with a low around 79. Heat index values as high as 105. West wind 5 to 10 mph."
157,2026-07-27T15:26:03Z,KMSY,Tuesday,2026-07-28T06:00:00-05:00,1,96.0,Sunny,"Sunny, with a high near 96. Heat index values as high as 106. West wind 5 to 10 mph."
158,2026-07-27T15:26:03Z,KMSY,Tuesday Night,2026-07-28T18:00:00-05:00,0,79.0,Mostly Clear,"Mostly clear, with a low around 79. Heat index values as high as 105. West wind around 10 mph."
159,2026-07-27T15:26:03Z,KMSY,Wednesday,2026-07-29T06:00:00-05:00,1,96.0,Mostly Sunny,"Mostly sunny, with a high near 96. West wind around 10 mph."
160,2026-07-27T15:26:03Z,KMSY,Wednesday Night,2026-07-29T18:00:00-05:00,0,80.0,Slight Chance Showers And Thunderstorms,"A slight chance of showers and thunderstorms between 7pm and 1am. Partly cloudy, with a low around 80. Southwest wind around 10 mph. Chance of precipitation is 20%."
161,2026-07-27T15:26:03Z,KMSY,Thursday,2026-07-30T06:00:00-05:00,1,93.0,Showers And Thunderstorms Likely,"Showers and thunderstorms likely after 7am. Mostly sunny, with a high near 93. West wind around 10 mph. Chance of precipitation is 60%."
162,2026-07-27T15:26:03Z,KMSY,Thursday Night,2026-07-30T18:00:00-05:00,0,79.0,Showers And Thunderstorms Likely,"Showers and thunderstorms likely. Partly cloudy, with a low around 79. Southwest wind around 10 mph."
163,2026-07-27T15:26:03Z,KMSY,Friday,2026-07-31T06:00:00-05:00,1,92.0,Chance Showers And Thunderstorms,"A chance of showers and thunderstorms. Partly sunny, with a high near 92. West wind around 10 mph."
164,2026-07-27T15:26:03Z,KMSY,Friday Night,2026-07-31T18:00:00-05:00,0,78.0,Chance Showers And Thunderstorms then Partly Cloudy,"A chance of showers and thunderstorms before 7pm. Partly cloudy, with a low around 78. Southwest wind around 10 mph."
165,2026-07-27T15:26:03Z,KMSY,Saturday,2026-08-01T06:00:00-05:00,1,92.0,Chance Showers And Thunderstorms,"A chance of showers and thunderstorms after 7am. Partly sunny, with a high near 92. West wind 10 to 15 mph."
166,2026-07-27T15:26:03Z,KMSY,Saturday Night,2026-08-01T18:00:00-05:00,0,78.0,Chance Showers And Thunderstorms,"A chance of showers and thunderstorms before 1am, then a chance of showers and thunderstorms. Partly cloudy, with a low around 78. Southwest wind 10 to 15 mph."
167,2026-07-27T15:26:03Z,KMSY,Sunday,2026-08-02T06:00:00-05:00,1,90.0,Showers And Thunderstorms Likely,"Showers and thunderstorms likely before 1pm, then showers and thunderstorms likely. Partly sunny, with a high near 90. West wind around 10 mph."
168,2026-07-27T15:26:03Z,KMSY,Sunday Night,2026-08-02T18:00:00-05:00,0,77.0,Showers And Thunderstorms Likely,"Showers and thunderstorms likely before 1am, then a chance of showers and thunderstorms. Mostly cloudy, with a low around 77. Southwest wind 5 to 10 mph."
169,2026-07-27T15:26:03Z,KNYC,Today,2026-07-27T10:00:00-04:00,1,83.0,Chance Showers And Thunderstorms,"A chance of showers and thunderstorms after 11am. Partly sunny. High near 83, with temperatures falling to around 81 in the afternoon. South wind 0 to 6 mph. Chance of precipitation is 40%."
170,2026-07-27T15:26:03Z,KNYC,Tonight,2026-07-27T18:00:00-04:00,0,70.0,Chance Showers And Thunderstorms,"A chance of showers and thunderstorms before 11pm, then a chance of showers and thunderstorms. Mostly cloudy, with a low around 70. South wind around 6 mph. Chance of precipitation is 30%."
171,2026-07-27T15:26:03Z,KNYC,Tuesday,2026-07-28T06:00:00-04:00,1,79.0,Showers And Thunderstorms Likely,"Showers and thunderstorms likely. Mostly cloudy. High near 79, with temperatures falling to around 76 in the afternoon. South wind 5 to 14 mph, with gusts as high as 28 mph. Chance of precipitation is 70%. New rainfall amounts between a quarter and half of an inch possible."
172,2026-07-27T15:26:03Z,KNYC,Tuesday Night,2026-07-28T18:00:00-04:00,0,69.0,Showers And Thunderstorms,"Showers and thunderstorms. Cloudy, with a low around 69. Southeast wind 6 to 13 mph, with gusts as high as 28 mph. Chance of precipitation is 90%. New rainfall amounts between 1 and 2 inches possible."
173,2026-07-27T15:26:03Z,KNYC,Wednesday,2026-07-29T06:00:00-04:00,1,79.0,Rain Showers,"Rain showers before 2pm, then showers and thunderstorms. Mostly cloudy, with a high near 79. East wind around 7 mph. Chance of precipitation is 80%. New rainfall amounts between 1 and 2 inches possible."
174,2026-07-27T15:26:03Z,KNYC,Wednesday Night,2026-07-29T18:00:00-04:00,0,67.0,Showers And Thunderstorms,"Showers and thunderstorms. Mostly cloudy, with a low around 67. Chance of precipitation is 80%. New rainfall amounts between a half and three quarters of an inch possible."
175,2026-07-27T15:26:03Z,KNYC,Thursday,2026-07-30T06:00:00-04:00,1,78.0,Chance Showers And Thunderstorms,"A chance of showers and thunderstorms. Partly sunny, with a high near 78. Chance of precipitation is 50%."
176,2026-07-27T15:26:03Z,KNYC,Thursday Night,2026-07-30T18:00:00-04:00,0,67.0,Chance Showers And Thunderstorms then Mostly Cloudy,"A chance of showers and thunderstorms before 8pm. Mostly cloudy, with a low around 67. Chance of precipitation is 50%."
177,2026-07-27T15:26:03Z,KNYC,Friday,2026-07-31T06:00:00-04:00,1,83.0,Mostly Sunny,"Mostly sunny, with a high near 83."
178,2026-07-27T15:26:03Z,KNYC,Friday Night,2026-07-31T18:00:00-04:00,0,69.0,Partly Cloudy,"Partly cloudy, with a low around 69."
179,2026-07-27T15:26:03Z,KNYC,Saturday,2026-08-01T06:00:00-04:00,1,85.0,Mostly Sunny,"Mostly sunny, with a high near 85."
180,2026-07-27T15:26:03Z,KNYC,Saturday Night,2026-08-01T18:00:00-04:00,0,71.0,Mostly Cloudy,"Mostly cloudy, with a low around 71."
181,2026-07-27T15:26:03Z,KNYC,Sunday,2026-08-02T06:00:00-04:00,1,84.0,Chance Showers And Thunderstorms,"A slight chance of rain showers between 8am and 2pm, then a chance of showers and thunderstorms. Partly sunny, with a high near 84. Chance of precipitation is 40%."
182,2026-07-27T15:26:03Z,KNYC,Sunday Night,2026-08-02T18:00:00-04:00,0,71.0,Chance Showers And Thunderstorms,"A chance of showers and thunderstorms. Mostly cloudy, with a low around 71."
183,2026-07-27T15:26:03Z,KOKC,Today,2026-07-27T09:00:00-05:00,1,102.0,Sunny,"Sunny, with a high near 102. Heat index values as high as 105. South southwest wind around 15 mph, with gusts as high as 23 mph."
184,2026-07-27T15:26:03Z,KOKC,Tonight,2026-07-27T18:00:00-05:00,0,77.0,Mostly Clear,"Mostly clear, with a low around 77. Heat index values as high as 104. South wind 9 to 14 mph, with gusts as high as 21 mph."
185,2026-07-27T15:26:03Z,KOKC,Tuesday,2026-07-28T06:00:00-05:00,1,102.0,Mostly Sunny,"Mostly sunny, with a high near 102. Heat index values as high as 104. South southwest wind around 12 mph."
186,2026-07-27T15:26:03Z,KOKC,Tuesday Night,2026-07-28T18:00:00-05:00,0,78.0,Partly Cloudy,"Partly cloudy, with a low around 78. Heat index values as high as 103. South southeast wind 8 to 12 mph."
187,2026-07-27T15:26:03Z,KOKC,Wednesday,2026-07-29T06:00:00-05:00,1,101.0,Mostly Sunny,"Mostly sunny, with a high near 101. South southwest wind 7 to 12 mph."
188,2026-07-27T15:26:03Z,KOKC,Wednesday Night,2026-07-29T18:00:00-05:00,0,77.0,Partly Cloudy,"Partly cloudy, with a low around 77."
189,2026-07-27T15:26:03Z,KOKC,Thursday,2026-07-30T06:00:00-05:00,1,100.0,Mostly Sunny,"Mostly sunny, with a high near 100."
190,2026-07-27T15:26:03Z,KOKC,Thursday Night,2026-07-30T18:00:00-05:00,0,77.0,Partly Cloudy then Slight Chance Showers And Thunderstorms,"A slight chance of showers and thunderstorms after 1am. Partly cloudy, with a low around 77. Chance of precipitation is 20%."
191,2026-07-27T15:26:03Z,KOKC,Friday,2026-07-31T06:00:00-05:00,1,100.0,Slight Chance Showers And Thunderstorms,"A slight chance of showers and thunderstorms before 1pm. Mostly sunny, with a high near 100. Chance of precipitation is 20%."
192,2026-07-27T15:26:03Z,KOKC,Friday Night,2026-07-31T18:00:00-05:00,0,75.0,Mostly Clear,"Mostly clear, with a low around 75."
193,2026-07-27T15:26:03Z,KOKC,Saturday,2026-08-01T06:00:00-05:00,1,94.0,Sunny,"Sunny, with a high near 94."
194,2026-07-27T15:26:03Z,KOKC,Saturday Night,2026-08-01T18:00:00-05:00,0,70.0,Mostly Clear,"Mostly clear, with a low around 70."
195,2026-07-27T15:26:03Z,KOKC,Sunday,2026-08-02T06:00:00-05:00,1,93.0,Sunny,"Sunny, with a high near 93."
196,2026-07-27T15:26:03Z,KOKC,Sunday Night,2026-08-02T18:00:00-05:00,0,71.0,Clear,"Clear, with a low around 71."
197,2026-07-27T15:26:03Z,KPHL,Today,2026-07-27T11:00:00-04:00,1,86.0,Partly Sunny then Slight Chance Showers And Thunderstorms,"A slight chance of showers and thunderstorms between noon and 2pm, then showers and thunderstorms likely between 2pm and 4pm, then a chance of showers and thunderstorms. Partly sunny, with a high near 86. Southwest wind around 5 mph. Chance of precipitation is 70%. New rainfall amounts between a quarter and half of an inch possible."
198,2026-07-27T15:26:03Z,KPHL,Tonight,2026-07-27T18:00:00-04:00,0,69.0,Chance Showers And Thunderstorms then Patchy Fog,"A chance of showers and thunderstorms before 11pm, then patchy fog. Partly cloudy, with a low around 69. South wind around 5 mph. Chance of precipitation is 50%. New rainfall amounts between a quarter and half of an inch possible."
199,2026-07-27T15:26:03Z,KPHL,Tuesday,2026-07-28T06:00:00-04:00,1,82.0,Showers And Thunderstorms,"Patchy fog before 9am, then showers and thunderstorms. Mostly cloudy, with a high near 82. South wind 5 to 10 mph, with gusts as high as 25 mph. Chance of precipitation is 80%. New rainfall amounts between 1 and 2 inches possible."
200,2026-07-27T15:26:03Z,KPHL,Tuesday Night,2026-07-28T18:00:00-04:00,0,68.0,Showers And Thunderstorms,"Showers and thunderstorms before 2am. Mostly cloudy, with a low around 68. South wind 5 to 10 mph, with gusts as high as 25 mph. Chance of precipitation is 90%. New rainfall amounts between 1 and 2 inches possible."
201,2026-07-27T15:26:03Z,KPHL,Wednesday,2026-07-29T06:00:00-04:00,1,82.0,Showers And Thunderstorms Likely,"A slight chance of rain showers between 8am and 2pm, then showers and thunderstorms likely. Partly sunny, with a high near 82. West wind 5 to 10 mph. Chance of precipitation is 70%. New rainfall amounts between a tenth and quarter of an inch possible."
202,2026-07-27T15:26:03Z,KPHL,Wednesday Night,2026-07-29T18:00:00-04:00,0,67.0,Showers And Thunderstorms Likely then Slight Chance Showers And Thunderstorms,"Showers and thunderstorms likely before 8pm, then a slight chance of showers and thunderstorms between 8pm and 2am. Mostly cloudy, with a low around 67. Chance of precipitation is 70%. New rainfall amounts between a tenth and quarter of an inch possible."
203,2026-07-27T15:26:03Z,KPHL,Thursday,2026-07-30T06:00:00-04:00,1,81.0,Partly Sunny then Chance Showers And Thunderstorms,"A chance of showers and thunderstorms after 2pm. Partly sunny, with a high near 81. Chance of precipitation is 30%."
204,2026-07-27T15:26:03Z,KPHL,Thursday Night,2026-07-30T18:00:00-04:00,0,66.0,Chance Showers And Thunderstorms then Partly Cloudy,"A chance of showers and thunderstorms before 8pm. Partly cloudy, with a low around 66. Chance of precipitation is 30%."
205,2026-07-27T15:26:03Z,KPHL,Friday,2026-07-31T06:00:00-04:00,1,84.0,Sunny,"Sunny, with a high near 84."
206,2026-07-27T15:26:03Z,KPHL,Friday Night,2026-07-31T18:00:00-04:00,0,68.0,Partly Cloudy,"Partly cloudy, with a low around 68."
207,2026-07-27T15:26:03Z,KPHL,Saturday,2026-08-01T06:00:00-04:00,1,87.0,Mostly Sunny,"Mostly sunny, with a high near 87."
208,2026-07-27T15:26:03Z,KPHL,Saturday Night,2026-08-01T18:00:00-04:00,0,70.0,Slight Chance Showers And Thunderstorms,"A slight chance of showers and thunderstorms between 8pm and 2am. Mostly cloudy, with a low around 70."
209,2026-07-27T15:26:03Z,KPHL,Sunday,2026-08-02T06:00:00-04:00,1,87.0,Chance Showers And Thunderstorms,"A slight chance of rain showers between 8am and 2pm, then a chance of showers and thunderstorms. Partly sunny, with a high near 87. Chance of precipitation is 50%."
210,2026-07-27T15:26:03Z,KPHL,Sunday Night,2026-08-02T18:00:00-04:00,0,71.0,Chance Showers And Thunderstorms,"A chance of showers and thunderstorms. Mostly cloudy, with a low around 71."
211,2026-07-27T15:26:03Z,KPHX,Today,2026-07-27T07:00:00-07:00,1,111.0,Sunny,"Sunny, with a high near 111. Heat index values as high as 112. West wind 10 to 15 mph, with gusts as high as 20 mph."
212,2026-07-27T15:26:03Z,KPHX,Tonight,2026-07-27T18:00:00-07:00,0,91.0,Partly Cloudy then Slight Chance Showers And Thunderstorms,"A slight chance of showers and thunderstorms after 5am. Partly cloudy, with a low around 91. Heat index values as high as 110. West southwest wind 10 to 15 mph. New rainfall amounts less than a tenth of an inch possible."
213,2026-07-27T15:26:03Z,KPHX,Tuesday,2026-07-28T06:00:00-07:00,1,110.0,Slight Chance Showers And Thunderstorms then Mostly Sunny,"A slight chance of showers and thunderstorms before 8am. Mostly sunny. High near 110, with temperatures falling to around 108 in the afternoon. Heat index values as high as 110. West southwest wind 5 to 15 mph, with gusts as high as 20 mph."
214,2026-07-27T15:26:03Z,KPHX,Tuesday Night,2026-07-28T18:00:00-07:00,0,91.0,Partly Cloudy,"Partly cloudy, with a low around 91. West wind 5 to 15 mph."
215,2026-07-27T15:26:03Z,KPHX,Wednesday,2026-07-29T06:00:00-07:00,1,112.0,Sunny,"Sunny, with a high near 112. West wind 5 to 10 mph."
216,2026-07-27T15:26:03Z,KPHX,Wednesday Night,2026-07-29T18:00:00-07:00,0,92.0,Mostly Clear,"Mostly clear, with a low around 92. West southwest wind around 10 mph."
217,2026-07-27T15:26:03Z,KPHX,Thursday,2026-07-30T06:00:00-07:00,1,114.0,Mostly Sunny,"Mostly sunny, with a high near 114. West southwest wind 5 to 15 mph, with gusts as high as 20 mph."
218,2026-07-27T15:26:03Z,KPHX,Thursday Night,2026-07-30T18:00:00-07:00,0,93.0,Mostly Clear,"Mostly clear, with a low around 93. West southwest wind around 5 mph."
219,2026-07-27T15:26:03Z,KPHX,Friday,2026-07-31T06:00:00-07:00,1,116.0,Sunny,"Sunny, with a high near 116. West southwest wind 0 to 10 mph, with gusts as high as 25 mph."
220,2026-07-27T15:26:03Z,KPHX,Friday Night,2026-07-31T18:00:00-07:00,0,94.0,Partly Cloudy,"Partly cloudy, with a low around 94. West southwest wind 0 to 10 mph, with gusts as high as 20 mph."
221,2026-07-27T15:26:03Z,KPHX,Saturday,2026-08-01T06:00:00-07:00,1,115.0,Mostly Sunny,"Mostly sunny, with a high near 115. Southwest wind 0 to 5 mph."
222,2026-07-27T15:26:03Z,KPHX,Saturday Night,2026-08-01T18:00:00-07:00,0,93.0,Partly Cloudy,"Partly cloudy, with a low around 93. West wind around 5 mph."
223,2026-07-27T15:26:03Z,KPHX,Sunday,2026-08-02T06:00:00-07:00,1,113.0,Mostly Sunny then Slight Chance Showers And Thunderstorms,"A slight chance of showers and thunderstorms after 5pm. Mostly sunny, with a high near 113. West southwest wind 0 to 5 mph."
224,2026-07-27T15:26:03Z,KPHX,Sunday Night,2026-08-02T18:00:00-07:00,0,92.0,Slight Chance Showers And Thunderstorms,"A slight chance of showers and thunderstorms before 5am. Partly cloudy, with a low around 92. West wind around 5 mph."
225,2026-07-27T15:26:03Z,KSAT,Today,2026-07-27T09:00:00-05:00,1,98.0,Sunny,"Sunny, with a high near 98. Heat index values as high as 103. South wind around 10 mph."
226,2026-07-27T15:26:03Z,KSAT,Tonight,2026-07-27T18:00:00-05:00,0,76.0,Mostly Clear,"Mostly clear, with a low around 76. Heat index values as high as 102. South southeast wind 5 to 15 mph, with gusts as high as 25 mph."
227,2026-07-27T15:26:03Z,KSAT,Tuesday,2026-07-28T06:00:00-05:00,1,99.0,Mostly Sunny,"Mostly sunny, with a high near 99. Heat index values as high as 105. South wind 5 to 10 mph."
228,2026-07-27T15:26:03Z,KSAT,Tuesday Night,2026-07-28T18:00:00-05:00,0,77.0,Mostly Clear,"Mostly clear, with a low around 77. Heat index values as high as 104. South southeast wind 5 to 15 mph, with gusts as high as 25 mph."
229,2026-07-27T15:26:03Z,KSAT,Wednesday,2026-07-29T06:00:00-05:00,1,99.0,Mostly Sunny,"Mostly sunny, with a high near 99. South wind 5 to 10 mph."
230,2026-07-27T15:26:03Z,KSAT,Wednesday Night,2026-07-29T18:00:00-05:00,0,77.0,Mostly Clear,"Mostly clear, with a low around 77. South southeast wind 5 to 15 mph, with gusts as high as 25 mph."
231,2026-07-27T15:26:03Z,KSAT,Thursday,2026-07-30T06:00:00-05:00,1,100.0,Mostly Sunny,"Mostly sunny, with a high near 100. South wind around 5 mph."
232,2026-07-27T15:26:03Z,KSAT,Thursday Night,2026-07-30T18:00:00-05:00,0,77.0,Partly Cloudy,"Partly cloudy, with a low around 77. South southeast wind 5 to 15 mph, with gusts as high as 25 mph."
233,2026-07-27T15:26:03Z,KSAT,Friday,2026-07-31T06:00:00-05:00,1,100.0,Mostly Sunny,"Mostly sunny, with a high near 100. South wind around 5 mph."
234,2026-07-27T15:26:03Z,KSAT,Friday Night,2026-07-31T18:00:00-05:00,0,79.0,Partly Cloudy,"Partly cloudy, with a low around 79."
235,2026-07-27T15:26:03Z,KSAT,Saturday,2026-08-01T06:00:00-05:00,1,100.0,Mostly Sunny,"Mostly sunny, with a high near 100."
236,2026-07-27T15:26:03Z,KSAT,Saturday Night,2026-08-01T18:00:00-05:00,0,82.0,Partly Cloudy,"Partly cloudy, with a low around 82."
237,2026-07-27T15:26:03Z,KSAT,Sunday,2026-08-02T06:00:00-05:00,1,99.0,Mostly Sunny,"Mostly sunny, with a high near 99."
238,2026-07-27T15:26:03Z,KSAT,Sunday Night,2026-08-02T18:00:00-05:00,0,79.0,Mostly Clear,"Mostly clear, with a low around 79."
239,2026-07-27T15:26:03Z,KSFO,Today,2026-07-27T07:00:00-07:00,1,74.0,Mostly Sunny,"Mostly sunny, with a high near 74. West wind 14 to 24 mph, with gusts as high as 31 mph."
240,2026-07-27T15:26:03Z,KSFO,Tonight,2026-07-27T18:00:00-07:00,0,59.0,Mostly Clear,"Mostly clear, with a low around 59. West wind 14 to 24 mph, with gusts as high as 31 mph."
241,2026-07-27T15:26:03Z,KSFO,Tuesday,2026-07-28T06:00:00-07:00,1,75.0,Sunny,"Sunny, with a high near 75. West wind 14 to 22 mph, with gusts as high as 29 mph."
242,2026-07-27T15:26:03Z,KSFO,Tuesday Night,2026-07-28T18:00:00-07:00,0,59.0,Mostly Clear,"Mostly clear, with a low around 59. West wind 12 to 22 mph, with gusts as high as 29 mph."
243,2026-07-27T15:26:03Z,KSFO,Wednesday,2026-07-29T06:00:00-07:00,1,76.0,Sunny,"Sunny, with a high near 76. West wind 9 to 23 mph, with gusts as high as 28 mph."
244,2026-07-27T15:26:03Z,KSFO,Wednesday Night,2026-07-29T18:00:00-07:00,0,58.0,Mostly Clear,"Mostly clear, with a low around 58."
245,2026-07-27T15:26:03Z,KSFO,Thursday,2026-07-30T06:00:00-07:00,1,68.0,Sunny,"Sunny, with a high near 68."
246,2026-07-27T15:26:03Z,KSFO,Thursday Night,2026-07-30T18:00:00-07:00,0,57.0,Mostly Clear,"Mostly clear, with a low around 57."
247,2026-07-27T15:26:03Z,KSFO,Friday,2026-07-31T06:00:00-07:00,1,71.0,Sunny,"Sunny, with a high near 71."
248,2026-07-27T15:26:03Z,KSFO,Friday Night,2026-07-31T18:00:00-07:00,0,58.0,Mostly Clear,"Mostly clear, with a low around 58."
249,2026-07-27T15:26:03Z,KSFO,Saturday,2026-08-01T06:00:00-07:00,1,74.0,Sunny,"Sunny, with a high near 74."
250,2026-07-27T15:26:03Z,KSFO,Saturday Night,2026-08-01T18:00:00-07:00,0,59.0,Mostly Clear,"Mostly clear, with a low around 59."
251,2026-07-27T15:26:03Z,KSFO,Sunday,2026-08-02T06:00:00-07:00,1,71.0,Sunny,"Sunny, with a high near 71."
252,2026-07-27T15:26:03Z,KSFO,Sunday Night,2026-08-02T18:00:00-07:00,0,57.0,Mostly Clear,"Mostly clear, with a low around 57."
253,2026-07-27T15:26:03Z,KSEA,Today,2026-07-27T07:00:00-07:00,1,78.0,Sunny,"Sunny, with a high near 78. Southwest wind 7 to 10 mph."
254,2026-07-27T15:26:03Z,KSEA,Tonight,2026-07-27T18:00:00-07:00,0,59.0,Partly Cloudy,"Partly cloudy. Low around 59, with temperatures rising to around 61 overnight. Southwest wind around 10 mph. New rainfall amounts less than a tenth of an inch possible."
255,2026-07-27T15:26:03Z,KSEA,Tuesday,2026-07-28T06:00:00-07:00,1,75.0,Slight Chance Light Rain then Mostly Sunny,"A slight chance of rain between 9am and 10am. Mostly sunny. High near 75, with temperatures falling to around 73 in the afternoon. South southwest wind 9 to 13 mph. Chance of precipitation is 20%. New rainfall amounts less than a tenth of an inch possible."
256,2026-07-27T15:26:03Z,KSEA,Tuesday Night,2026-07-28T18:00:00-07:00,0,57.0,Partly Cloudy,"Partly cloudy, with a low around 57. Northwest wind 1 to 10 mph."
257,2026-07-27T15:26:03Z,KSEA,Wednesday,2026-07-29T06:00:00-07:00,1,76.0,Mostly Sunny,"Mostly sunny, with a high near 76. North northwest wind 1 to 8 mph."
258,2026-07-27T15:26:03Z,KSEA,Wednesday Night,2026-07-29T18:00:00-07:00,0,55.0,Mostly Clear,"Mostly clear, with a low around 55."
259,2026-07-27T15:26:03Z,KSEA,Thursday,2026-07-30T06:00:00-07:00,1,78.0,Sunny,"Sunny, with a high near 78."
260,2026-07-27T15:26:03Z,KSEA,Thursday Night,2026-07-30T18:00:00-07:00,0,56.0,Mostly Clear,"Mostly clear, with a low around 56."
261,2026-07-27T15:26:03Z,KSEA,Friday,2026-07-31T06:00:00-07:00,1,82.0,Sunny,"Sunny, with a high near 82."
262,2026-07-27T15:26:03Z,KSEA,Friday Night,2026-07-31T18:00:00-07:00,0,58.0,Mostly Clear,"Mostly clear, with a low around 58."
263,2026-07-27T15:26:03Z,KSEA,Saturday,2026-08-01T06:00:00-07:00,1,77.0,Mostly Sunny,"Mostly sunny, with a high near 77."
264,2026-07-27T15:26:03Z,KSEA,Saturday Night,2026-08-01T18:00:00-07:00,0,56.0,Partly Cloudy,"Partly cloudy, with a low around 56."
265,2026-07-27T15:26:03Z,KSEA,Sunday,2026-08-02T06:00:00-07:00,1,73.0,Mostly Sunny,"Mostly sunny, with a high near 73."
266,2026-07-27T15:26:03Z,KSEA,Sunday Night,2026-08-02T18:00:00-07:00,0,55.0,Partly Cloudy,"Partly cloudy, with a low around 55."
267,2026-07-27T15:26:03Z,KDCA,Today,2026-07-27T10:00:00-04:00,1,88.0,Mostly Sunny then Chance Showers And Thunderstorms,"A chance of showers and thunderstorms after 2pm. Mostly sunny, with a high near 88. Southwest wind 0 to 5 mph. Chance of precipitation is 40%. New rainfall amounts less than a tenth of an inch possible."
268,2026-07-27T15:26:03Z,KDCA,Tonight,2026-07-27T18:00:00-04:00,0,71.0,Chance Showers And Thunderstorms then Partly Cloudy,"A chance of showers and thunderstorms before 8pm. Partly cloudy, with a low around 71. South wind 6 to 9 mph. Chance of precipitation is 30%. New rainfall amounts less than a tenth of an inch possible."
269,2026-07-27T15:26:03Z,KDCA,Tuesday,2026-07-28T06:00:00-04:00,1,86.0,Showers And Thunderstorms,"A chance of rain showers between 8am and 11am, then showers and thunderstorms. Mostly cloudy, with a high near 86. South wind 10 to 16 mph, with gusts as high as 26 mph. Chance of precipitation is 100%. New rainfall amounts between a quarter and half of an inch possible."
270,2026-07-27T15:26:03Z,KDCA,Tuesday Night,2026-07-28T18:00:00-04:00,0,70.0,Showers And Thunderstorms then Chance Showers And Thunderstorms,"Showers and thunderstorms before 8pm, then a chance of showers and thunderstorms between 8pm and 2am. Mostly cloudy, with a low around 70. Southwest wind around 14 mph, with gusts as high as 18 mph. Chance of precipitation is 90%. New rainfall amounts between a quarter and half of an inch possible."
271,2026-07-27T15:26:03Z,KDCA,Wednesday,2026-07-29T06:00:00-04:00,1,85.0,Mostly Sunny,"Mostly sunny, with a high near 85. Northwest wind 13 to 18 mph, with gusts as high as 30 mph."
272,2026-07-27T15:26:03Z,KDCA,Wednesday Night,2026-07-29T18:00:00-04:00,0,70.0,Partly Cloudy,"Partly cloudy, with a low around 70."
273,2026-07-27T15:26:03Z,KDCA,Thursday,2026-07-30T06:00:00-04:00,1,85.0,Mostly Sunny,"Mostly sunny, with a high near 85."
274,2026-07-27T15:26:03Z,KDCA,Thursday Night,2026-07-30T18:00:00-04:00,0,70.0,Partly Cloudy,"Partly cloudy, with a low around 70."
275,2026-07-27T15:26:03Z,KDCA,Friday,2026-07-31T06:00:00-04:00,1,88.0,Sunny,"Sunny, with a high near 88."
276,2026-07-27T15:26:03Z,KDCA,Friday Night,2026-07-31T18:00:00-04:00,0,71.0,Partly Cloudy,"Partly cloudy, with a low around 71."
277,2026-07-27T15:26:03Z,KDCA,Saturday,2026-08-01T06:00:00-04:00,1,89.0,Partly Sunny then Slight Chance Showers And Thunderstorms,"A slight chance of showers and thunderstorms after 2pm. Partly sunny, with a high near 89. Chance of precipitation is 20%."
278,2026-07-27T15:26:03Z,KDCA,Saturday Night,2026-08-01T18:00:00-04:00,0,73.0,Slight Chance Showers And Thunderstorms,"A slight chance of showers and thunderstorms. Mostly cloudy, with a low around 73. Chance of precipitation is 20%."
279,2026-07-27T15:26:03Z,KDCA,Sunday,2026-08-02T06:00:00-04:00,1,87.0,Slight Chance Rain Showers then Chance Showers And Thunderstorms,"A slight chance of rain showers before 2pm, then a chance of showers and thunderstorms. Partly sunny, with a high near 87. Chance of precipitation is 50%."
280,2026-07-27T15:26:03Z,KDCA,Sunday Night,2026-08-02T18:00:00-04:00,0,72.0,Chance Showers And Thunderstorms,"A chance of showers and thunderstorms. Mostly cloudy, with a low around 72."
1,2026-07-27T17:18:56Z,KATL,Today,2026-07-27T10:00:00-04:00,1,92.0,Slight Chance Showers And Thunderstorms,"A slight chance of showers and thunderstorms before 11am, then a chance of showers and thunderstorms between 11am and noon, then a slight chance of showers and thunderstorms between noon and 1pm, then a chance of showers and thunderstorms between 1pm and 2pm. Partly sunny, with a high near 92. Heat index values as high as 99. Northwest wind 5 to 10 mph, with gusts as high as 20 mph. Chance of precipitation is 30%. New rainfall amounts between a tenth and quarter of an inch possible."
2,2026-07-27T17:18:56Z,KATL,Tonight,2026-07-27T18:00:00-04:00,0,75.0,Mostly Clear,"Mostly clear, with a low around 75. Heat index values as high as 98. Northwest wind 0 to 10 mph."
3,2026-07-27T17:18:56Z,KATL,Tuesday,2026-07-28T06:00:00-04:00,1,96.0,Mostly Sunny,"Mostly sunny, with a high near 96. Heat index values as high as 105. West wind 5 to 10 mph, with gusts as high as 20 mph."
4,2026-07-27T17:18:56Z,KATL,Tuesday Night,2026-07-28T18:00:00-04:00,0,77.0,Slight Chance Showers And Thunderstorms,"A slight chance of showers and thunderstorms between 7pm and 2am. Partly cloudy, with a low around 77. Heat index values as high as 103. West wind 5 to 10 mph, with gusts as high as 20 mph. Chance of precipitation is 20%."
5,2026-07-27T17:18:56Z,KATL,Wednesday,2026-07-29T06:00:00-04:00,1,91.0,Mostly Sunny,"Mostly sunny, with a high near 91. Northwest wind 5 to 10 mph, with gusts as high as 25 mph."
6,2026-07-27T17:18:56Z,KATL,Wednesday Night,2026-07-29T18:00:00-04:00,0,71.0,Mostly Clear,"Mostly clear, with a low around 71."
7,2026-07-27T17:18:56Z,KATL,Thursday,2026-07-30T06:00:00-04:00,1,91.0,Sunny,"Sunny, with a high near 91."
8,2026-07-27T17:18:56Z,KATL,Thursday Night,2026-07-30T18:00:00-04:00,0,71.0,Mostly Clear,"Mostly clear, with a low around 71."
9,2026-07-27T17:18:56Z,KATL,Friday,2026-07-31T06:00:00-04:00,1,92.0,Mostly Sunny,"Mostly sunny, with a high near 92."
10,2026-07-27T17:18:56Z,KATL,Friday Night,2026-07-31T18:00:00-04:00,0,74.0,Partly Cloudy,"Partly cloudy, with a low around 74."
11,2026-07-27T17:18:56Z,KATL,Saturday,2026-08-01T06:00:00-04:00,1,88.0,Slight Chance Rain Showers then Chance Showers And Thunderstorms,"A slight chance of rain showers between 8am and 2pm, then a chance of showers and thunderstorms. Partly sunny, with a high near 88. Chance of precipitation is 40%."
12,2026-07-27T17:18:56Z,KATL,Saturday Night,2026-08-01T18:00:00-04:00,0,73.0,Chance Showers And Thunderstorms,"A chance of showers and thunderstorms. Mostly cloudy, with a low around 73. Chance of precipitation is 50%."
13,2026-07-27T17:18:56Z,KATL,Sunday,2026-08-02T06:00:00-04:00,1,86.0,Showers And Thunderstorms Likely,"A chance of rain showers before 8am, then showers and thunderstorms likely. Partly sunny, with a high near 86. Chance of precipitation is 60%."
14,2026-07-27T17:18:56Z,KATL,Sunday Night,2026-08-02T18:00:00-04:00,0,72.0,Showers And Thunderstorms Likely then Chance Showers And Thunderstorms,"Showers and thunderstorms likely before 8pm, then a chance of showers and thunderstorms between 8pm and 2am. Mostly cloudy, with a low around 72."
15,2026-07-27T17:18:56Z,KAUS,Today,2026-07-27T11:00:00-05:00,1,98.0,Sunny,"Sunny, with a high near 98. Heat index values as high as 102. South southwest wind around 10 mph."
16,2026-07-27T17:18:56Z,KAUS,Tonight,2026-07-27T18:00:00-05:00,0,76.0,Mostly Clear,"Mostly clear, with a low around 76. Heat index values as high as 103. South wind 5 to 10 mph, with gusts as high as 20 mph."
17,2026-07-27T17:18:56Z,KAUS,Tuesday,2026-07-28T06:00:00-05:00,1,99.0,Sunny,"Sunny, with a high near 99. Heat index values as high as 106. South wind 5 to 10 mph."
18,2026-07-27T17:18:56Z,KAUS,Tuesday Night,2026-07-28T18:00:00-05:00,0,77.0,Mostly Clear,"Mostly clear, with a low around 77. Heat index values as high as 102. South wind 5 to 10 mph, with gusts as high as 20 mph."
19,2026-07-27T17:18:56Z,KAUS,Wednesday,2026-07-29T06:00:00-05:00,1,99.0,Mostly Sunny,"Mostly sunny, with a high near 99. South wind 5 to 10 mph."
20,2026-07-27T17:18:56Z,KAUS,Wednesday Night,2026-07-29T18:00:00-05:00,0,78.0,Partly Cloudy,"Partly cloudy, with a low around 78. South wind 5 to 10 mph, with gusts as high as 20 mph."
21,2026-07-27T17:18:56Z,KAUS,Thursday,2026-07-30T06:00:00-05:00,1,100.0,Mostly Sunny,"Mostly sunny, with a high near 100. South southwest wind around 5 mph."
22,2026-07-27T17:18:56Z,KAUS,Thursday Night,2026-07-30T18:00:00-05:00,0,78.0,Partly Cloudy,"Partly cloudy, with a low around 78. South wind 5 to 10 mph."
23,2026-07-27T17:18:56Z,KAUS,Friday,2026-07-31T06:00:00-05:00,1,101.0,Mostly Sunny,"Mostly sunny, with a high near 101. South southwest wind 5 to 10 mph."
24,2026-07-27T17:18:56Z,KAUS,Friday Night,2026-07-31T18:00:00-05:00,0,81.0,Partly Cloudy,"Partly cloudy, with a low around 81."
25,2026-07-27T17:18:56Z,KAUS,Saturday,2026-08-01T06:00:00-05:00,1,101.0,Mostly Sunny,"Mostly sunny, with a high near 101."
26,2026-07-27T17:18:56Z,KAUS,Saturday Night,2026-08-01T18:00:00-05:00,0,81.0,Partly Cloudy,"Partly cloudy, with a low around 81."
27,2026-07-27T17:18:56Z,KAUS,Sunday,2026-08-02T06:00:00-05:00,1,99.0,Mostly Sunny,"Mostly sunny, with a high near 99."
28,2026-07-27T17:18:56Z,KAUS,Sunday Night,2026-08-02T18:00:00-05:00,0,79.0,Mostly Clear,"Mostly clear, with a low around 79."
29,2026-07-27T17:18:56Z,KBOS,Today,2026-07-27T10:00:00-04:00,1,78.0,Sunny,"Sunny, with a high near 78. East wind 2 to 9 mph."
30,2026-07-27T17:18:56Z,KBOS,Tonight,2026-07-27T18:00:00-04:00,0,65.0,Mostly Clear,"Mostly clear, with a low around 65. South wind 3 to 8 mph."
31,2026-07-27T17:18:56Z,KBOS,Tuesday,2026-07-28T06:00:00-04:00,1,82.0,Mostly Sunny then Scattered Rain Showers,"Scattered rain showers after 1pm. Mostly sunny, with a high near 82. South wind 3 to 14 mph. Chance of precipitation is 30%."
32,2026-07-27T17:18:56Z,KBOS,Tuesday Night,2026-07-28T18:00:00-04:00,0,66.0,Scattered Rain Showers,"Scattered rain showers. Mostly cloudy, with a low around 66. Southeast wind 7 to 13 mph. Chance of precipitation is 40%. New rainfall amounts less than a tenth of an inch possible."
33,2026-07-27T17:18:56Z,KBOS,Wednesday,2026-07-29T06:00:00-04:00,1,74.0,Patchy Fog,"Scattered rain showers before 8am, then a chance of rain showers and patchy fog between 8am and 11am, then patchy fog and showers and thunderstorms. Mostly cloudy, with a high near 74. East wind 12 to 16 mph. Chance of precipitation is 90%."
34,2026-07-27T17:18:56Z,KBOS,Wednesday Night,2026-07-29T18:00:00-04:00,0,64.0,Showers And Thunderstorms,"Showers and thunderstorms. Cloudy, with a low around 64. Northeast wind 8 to 14 mph. Chance of precipitation is 90%."
35,2026-07-27T17:18:56Z,KBOS,Thursday,2026-07-30T06:00:00-04:00,1,74.0,Patchy Fog,"Showers and thunderstorms likely before 8am, then patchy fog and showers and thunderstorms. Mostly cloudy, with a high near 74. Northeast wind 9 to 13 mph. Chance of precipitation is 80%."
36,2026-07-27T17:18:56Z,KBOS,Thursday Night,2026-07-30T18:00:00-04:00,0,64.0,Showers And Thunderstorms Likely,"Showers and thunderstorms likely. Mostly cloudy, with a low around 64. North wind around 9 mph. Chance of precipitation is 60%."
37,2026-07-27T17:18:56Z,KBOS,Friday,2026-07-31T06:00:00-04:00,1,76.0,Slight Chance Rain Showers then Slight Chance Showers And Thunderstorms,"A slight chance of rain showers before 2pm, then a slight chance of showers and thunderstorms. Partly sunny, with a high near 76. North wind around 8 mph."
38,2026-07-27T17:18:56Z,KBOS,Friday Night,2026-07-31T18:00:00-04:00,0,66.0,Slight Chance Showers And Thunderstorms then Partly Cloudy,"A slight chance of showers and thunderstorms before 9pm. Partly cloudy, with a low around 66. North wind around 5 mph."
39,2026-07-27T17:18:56Z,KBOS,Saturday,2026-08-01T06:00:00-04:00,1,80.0,Mostly Sunny,"Mostly sunny, with a high near 80. Northeast wind 3 to 7 mph."
40,2026-07-27T17:18:56Z,KBOS,Saturday Night,2026-08-01T18:00:00-04:00,0,69.0,Partly Cloudy,"Partly cloudy, with a low around 69. South wind around 7 mph."
41,2026-07-27T17:18:56Z,KBOS,Sunday,2026-08-02T06:00:00-04:00,1,82.0,Mostly Sunny then Slight Chance Showers And Thunderstorms,"A slight chance of showers and thunderstorms between 2pm and 3pm, then a chance of showers and thunderstorms. Mostly sunny, with a high near 82. Southwest wind 5 to 9 mph. Chance of precipitation is 30%."
42,2026-07-27T17:18:56Z,KBOS,Sunday Night,2026-08-02T18:00:00-04:00,0,69.0,Chance Showers And Thunderstorms,"A chance of showers and thunderstorms. Mostly cloudy, with a low around 69. Southwest wind 6 to 9 mph."
43,2026-07-27T17:18:56Z,KMDW,Today,2026-07-27T11:00:00-05:00,1,90.0,Showers And Thunderstorms Likely,"Showers and thunderstorms likely. Partly sunny. High near 90, with temperatures falling to around 85 in the afternoon. Heat index values as high as 104. Southwest wind 10 to 20 mph, with gusts as high as 30 mph. Chance of precipitation is 60%. New rainfall amounts between three quarters and one inch possible."
44,2026-07-27T17:18:56Z,KMDW,Tonight,2026-07-27T18:00:00-05:00,0,71.0,Chance Showers And Thunderstorms then Mostly Cloudy,"A chance of showers and thunderstorms before 10pm. Mostly cloudy, with a low around 71. Heat index values as high as 95. West northwest wind 10 to 20 mph, with gusts as high as 30 mph. Chance of precipitation is 30%. New rainfall amounts between a tenth and quarter of an inch possible."
45,2026-07-27T17:18:56Z,KMDW,Tuesday,2026-07-28T06:00:00-05:00,1,77.0,Partly Sunny,"Partly sunny, with a high near 77. North wind around 15 mph, with gusts as high as 30 mph."
46,2026-07-27T17:18:56Z,KMDW,Tuesday Night,2026-07-28T18:00:00-05:00,0,67.0,Mostly Clear,"Mostly clear, with a low around 67. North wind 10 to 15 mph, with gusts as high as 25 mph."
47,2026-07-27T17:18:56Z,KMDW,Wednesday,2026-07-29T06:00:00-05:00,1,80.0,Sunny,"Sunny, with a high near 80. North northeast wind around 10 mph."
48,2026-07-27T17:18:56Z,KMDW,Wednesday Night,2026-07-29T18:00:00-05:00,0,67.0,Mostly Clear,"Mostly clear, with a low around 67."
49,2026-07-27T17:18:56Z,KMDW,Thursday,2026-07-30T06:00:00-05:00,1,85.0,Sunny,"Sunny, with a high near 85."
50,2026-07-27T17:18:56Z,KMDW,Thursday Night,2026-07-30T18:00:00-05:00,0,71.0,Partly Cloudy then Slight Chance Showers And Thunderstorms,"A slight chance of showers and thunderstorms after 1am. Partly cloudy, with a low around 71."
51,2026-07-27T17:18:56Z,KMDW,Friday,2026-07-31T06:00:00-05:00,1,83.0,Chance Showers And Thunderstorms,"A chance of showers and thunderstorms. Partly sunny, with a high near 83."
52,2026-07-27T17:18:56Z,KMDW,Friday Night,2026-07-31T18:00:00-05:00,0,70.0,Chance Showers And Thunderstorms,"A chance of showers and thunderstorms before 7pm, then a chance of showers and thunderstorms. Mostly cloudy, with a low around 70."
53,2026-07-27T17:18:56Z,KMDW,Saturday,2026-08-01T06:00:00-05:00,1,81.0,Chance Showers And Thunderstorms,"A chance of rain showers before 7am, then a chance of showers and thunderstorms between 7am and 1pm, then a chance of showers and thunderstorms. Partly sunny, with a high near 81."
54,2026-07-27T17:18:56Z,KMDW,Saturday Night,2026-08-01T18:00:00-05:00,0,69.0,Chance Showers And Thunderstorms,"A chance of showers and thunderstorms before 1am. Mostly cloudy, with a low around 69."
55,2026-07-27T17:18:56Z,KMDW,Sunday,2026-08-02T06:00:00-05:00,1,80.0,Mostly Sunny,"Mostly sunny, with a high near 80."
56,2026-07-27T17:18:56Z,KMDW,Sunday Night,2026-08-02T18:00:00-05:00,0,68.0,Mostly Clear,"Mostly clear, with a low around 68."
57,2026-07-27T17:18:56Z,KDFW,Today,2026-07-27T11:00:00-05:00,1,102.0,Sunny,"Sunny, with a high near 102. Heat index values as high as 108. South southwest wind around 10 mph."
58,2026-07-27T17:18:56Z,KDFW,Tonight,2026-07-27T18:00:00-05:00,0,81.0,Mostly Clear,"Mostly clear. Low around 81, with temperatures rising to around 83 overnight. Heat index values as high as 106. South wind around 10 mph."
59,2026-07-27T17:18:56Z,KDFW,Tuesday,2026-07-28T06:00:00-05:00,1,102.0,Sunny,"Sunny, with a high near 102. Heat index values as high as 108. South southwest wind 5 to 10 mph."
60,2026-07-27T17:18:56Z,KDFW,Tuesday Night,2026-07-28T18:00:00-05:00,0,81.0,Mostly Clear,"Mostly clear. Low around 81, with temperatures rising to around 83 overnight. Heat index values as high as 107. South wind 5 to 10 mph."
61,2026-07-27T17:18:56Z,KDFW,Wednesday,2026-07-29T06:00:00-05:00,1,102.0,Mostly Sunny,"Mostly sunny, with a high near 102. South wind 5 to 10 mph."
62,2026-07-27T17:18:56Z,KDFW,Wednesday Night,2026-07-29T18:00:00-05:00,0,82.0,Mostly Clear,"Mostly clear. Low around 82, with temperatures rising to around 84 overnight. South wind 5 to 10 mph."
63,2026-07-27T17:18:56Z,KDFW,Thursday,2026-07-30T06:00:00-05:00,1,102.0,Sunny,"Sunny, with a high near 102. South southwest wind 5 to 10 mph."
64,2026-07-27T17:18:56Z,KDFW,Thursday Night,2026-07-30T18:00:00-05:00,0,82.0,Partly Cloudy,"Partly cloudy, with a low around 82. South wind around 10 mph."
65,2026-07-27T17:18:56Z,KDFW,Friday,2026-07-31T06:00:00-05:00,1,103.0,Mostly Sunny,"Mostly sunny, with a high near 103. South southwest wind around 10 mph."
66,2026-07-27T17:18:56Z,KDFW,Friday Night,2026-07-31T18:00:00-05:00,0,82.0,Mostly Clear,"Mostly clear, with a low around 82."
67,2026-07-27T17:18:56Z,KDFW,Saturday,2026-08-01T06:00:00-05:00,1,101.0,Sunny,"Sunny, with a high near 101."
68,2026-07-27T17:18:56Z,KDFW,Saturday Night,2026-08-01T18:00:00-05:00,0,78.0,Mostly Clear,"Mostly clear, with a low around 78."
69,2026-07-27T17:18:56Z,KDFW,Sunday,2026-08-02T06:00:00-05:00,1,98.0,Sunny,"Sunny, with a high near 98."
70,2026-07-27T17:18:56Z,KDFW,Sunday Night,2026-08-02T18:00:00-05:00,0,78.0,Clear,"Clear, with a low around 78."
71,2026-07-27T17:18:56Z,KDEN,Today,2026-07-27T08:00:00-06:00,1,95.0,Slight Chance Rain Showers then Slight Chance Showers And Thunderstorms,"A slight chance of rain showers before 9am, then a slight chance of showers and thunderstorms between noon and 2pm, then a chance of showers and thunderstorms between 2pm and 3pm, then a chance of showers and thunderstorms. Mostly cloudy. High near 95, with temperatures falling to around 89 in the afternoon. North wind 6 to 12 mph, with gusts as high as 18 mph. Chance of precipitation is 40%. New rainfall amounts less than a tenth of an inch possible."
72,2026-07-27T17:18:56Z,KDEN,Tonight,2026-07-27T18:00:00-06:00,0,67.0,Showers And Thunderstorms Likely then Mostly Cloudy,"Showers and thunderstorms likely before midnight. Mostly cloudy. Low around 67, with temperatures rising to around 71 overnight. South southwest wind 5 to 12 mph, with gusts as high as 18 mph. Chance of precipitation is 60%. New rainfall amounts less than a tenth of an inch possible."
73,2026-07-27T17:18:56Z,KDEN,Tuesday,2026-07-28T06:00:00-06:00,1,91.0,Mostly Sunny then Showers And Thunderstorms Likely,"Showers and thunderstorms likely after 2pm. Mostly sunny. High near 91, with temperatures falling to around 86 in the afternoon. North northeast wind 3 to 8 mph. Chance of precipitation is 60%."
74,2026-07-27T17:18:56Z,KDEN,Tuesday Night,2026-07-28T18:00:00-06:00,0,64.0,Chance Showers And Thunderstorms then Mostly Cloudy,"A chance of showers and thunderstorms before midnight. Mostly cloudy, with a low around 64. South southeast wind 5 to 9 mph. Chance of precipitation is 50%."
75,2026-07-27T17:18:56Z,KDEN,Wednesday,2026-07-29T06:00:00-06:00,1,92.0,Mostly Sunny then Showers And Thunderstorms Likely,"Showers and thunderstorms likely after noon. Mostly sunny, with a high near 92. South wind 2 to 6 mph. Chance of precipitation is 60%."
76,2026-07-27T17:18:56Z,KDEN,Wednesday Night,2026-07-29T18:00:00-06:00,0,64.0,Chance Showers And Thunderstorms then Partly Cloudy,"A chance of showers and thunderstorms before midnight. Partly cloudy, with a low around 64. Chance of precipitation is 50%."
77,2026-07-27T17:18:56Z,KDEN,Thursday,2026-07-30T06:00:00-06:00,1,93.0,Sunny,"Sunny, with a high near 93."
78,2026-07-27T17:18:56Z,KDEN,Thursday Night,2026-07-30T18:00:00-06:00,0,65.0,Partly Cloudy,"Partly cloudy, with a low around 65."
79,2026-07-27T17:18:56Z,KDEN,Friday,2026-07-31T06:00:00-06:00,1,94.0,Sunny then Slight Chance Showers And Thunderstorms,"A slight chance of showers and thunderstorms after noon. Sunny, with a high near 94."
80,2026-07-27T17:18:56Z,KDEN,Friday Night,2026-07-31T18:00:00-06:00,0,65.0,Slight Chance Showers And Thunderstorms then Mostly Clear,"A slight chance of showers and thunderstorms before midnight. Mostly clear, with a low around 65."
81,2026-07-27T17:18:56Z,KDEN,Saturday,2026-08-01T06:00:00-06:00,1,94.0,Sunny,"Sunny, with a high near 94."
82,2026-07-27T17:18:56Z,KDEN,Saturday Night,2026-08-01T18:00:00-06:00,0,66.0,Mostly Clear,"Mostly clear, with a low around 66."
83,2026-07-27T17:18:56Z,KDEN,Sunday,2026-08-02T06:00:00-06:00,1,100.0,Sunny,"Sunny, with a high near 100."
84,2026-07-27T17:18:56Z,KDEN,Sunday Night,2026-08-02T18:00:00-06:00,0,67.0,Partly Cloudy,"Partly cloudy, with a low around 67."
85,2026-07-27T17:18:56Z,KIAH,Today,2026-07-27T11:00:00-05:00,1,99.0,Sunny,"Sunny, with a high near 99. Heat index values as high as 107. Southwest wind around 5 mph."
86,2026-07-27T17:18:56Z,KIAH,Tonight,2026-07-27T18:00:00-05:00,0,79.0,Mostly Clear,"Mostly clear, with a low around 79. Heat index values as high as 104. Southwest wind 5 to 10 mph."
87,2026-07-27T17:18:56Z,KIAH,Tuesday,2026-07-28T06:00:00-05:00,1,101.0,Sunny,"Sunny, with a high near 101. Heat index values as high as 108. Southwest wind around 5 mph."
88,2026-07-27T17:18:56Z,KIAH,Tuesday Night,2026-07-28T18:00:00-05:00,0,79.0,Mostly Clear,"Mostly clear, with a low around 79. Heat index values as high as 106. South wind 5 to 10 mph."
89,2026-07-27T17:18:56Z,KIAH,Wednesday,2026-07-29T06:00:00-05:00,1,102.0,Mostly Sunny,"Mostly sunny, with a high near 102. Southwest wind around 5 mph."
90,2026-07-27T17:18:56Z,KIAH,Wednesday Night,2026-07-29T18:00:00-05:00,0,80.0,Mostly Clear,"Mostly clear, with a low around 80."
91,2026-07-27T17:18:56Z,KIAH,Thursday,2026-07-30T06:00:00-05:00,1,102.0,Mostly Sunny,"Mostly sunny, with a high near 102."
92,2026-07-27T17:18:56Z,KIAH,Thursday Night,2026-07-30T18:00:00-05:00,0,80.0,Partly Cloudy,"Partly cloudy, with a low around 80."
93,2026-07-27T17:18:56Z,KIAH,Friday,2026-07-31T06:00:00-05:00,1,102.0,Mostly Sunny,"Mostly sunny, with a high near 102."
94,2026-07-27T17:18:56Z,KIAH,Friday Night,2026-07-31T18:00:00-05:00,0,81.0,Partly Cloudy,"Partly cloudy, with a low around 81."
95,2026-07-27T17:18:56Z,KIAH,Saturday,2026-08-01T06:00:00-05:00,1,101.0,Mostly Sunny,"Mostly sunny, with a high near 101."
96,2026-07-27T17:18:56Z,KIAH,Saturday Night,2026-08-01T18:00:00-05:00,0,81.0,Partly Cloudy then Slight Chance Showers And Thunderstorms,"A slight chance of showers and thunderstorms after 1am. Partly cloudy, with a low around 81. Chance of precipitation is 20%."
97,2026-07-27T17:18:56Z,KIAH,Sunday,2026-08-02T06:00:00-05:00,1,98.0,Chance Showers And Thunderstorms,"A chance of showers and thunderstorms. Mostly sunny, with a high near 98. Chance of precipitation is 30%."
98,2026-07-27T17:18:56Z,KIAH,Sunday Night,2026-08-02T18:00:00-05:00,0,80.0,Chance Showers And Thunderstorms,"A chance of showers and thunderstorms. Partly cloudy, with a low around 80."
99,2026-07-27T17:18:56Z,KLAS,Today,2026-07-27T07:00:00-07:00,1,110.0,Sunny,"Sunny. High near 110, with temperatures falling to around 108 in the afternoon. Heat index values as high as 105. South southwest wind 7 to 12 mph, with gusts as high as 21 mph."
100,2026-07-27T17:18:56Z,KLAS,Tonight,2026-07-27T18:00:00-07:00,0,88.0,Mostly Clear,"Mostly clear. Low around 88, with temperatures rising to around 90 overnight. Heat index values as high as 106. Southwest wind 6 to 12 mph, with gusts as high as 20 mph."
101,2026-07-27T17:18:56Z,KLAS,Tuesday,2026-07-28T06:00:00-07:00,1,110.0,Sunny,"Sunny, with a high near 110. Heat index values as high as 106. South wind 5 to 12 mph, with gusts as high as 20 mph."
102,2026-07-27T17:18:56Z,KLAS,Tuesday Night,2026-07-28T18:00:00-07:00,0,87.0,Mostly Clear,"Mostly clear, with a low around 87. Southwest wind 6 to 12 mph, with gusts as high as 20 mph."
103,2026-07-27T17:18:56Z,KLAS,Wednesday,2026-07-29T06:00:00-07:00,1,111.0,Sunny,"Sunny, with a high near 111. South southwest wind 5 to 12 mph, with gusts as high as 21 mph."
104,2026-07-27T17:18:56Z,KLAS,Wednesday Night,2026-07-29T18:00:00-07:00,0,87.0,Mostly Clear,"Mostly clear, with a low around 87."
105,2026-07-27T17:18:56Z,KLAS,Thursday,2026-07-30T06:00:00-07:00,1,112.0,Sunny,"Sunny, with a high near 112."
106,2026-07-27T17:18:56Z,KLAS,Thursday Night,2026-07-30T18:00:00-07:00,0,88.0,Mostly Clear,"Mostly clear, with a low around 88."
107,2026-07-27T17:18:56Z,KLAS,Friday,2026-07-31T06:00:00-07:00,1,114.0,Sunny,"Sunny, with a high near 114."
108,2026-07-27T17:18:56Z,KLAS,Friday Night,2026-07-31T18:00:00-07:00,0,90.0,Mostly Clear,"Mostly clear, with a low around 90."
109,2026-07-27T17:18:56Z,KLAS,Saturday,2026-08-01T06:00:00-07:00,1,116.0,Sunny,"Sunny, with a high near 116."
110,2026-07-27T17:18:56Z,KLAS,Saturday Night,2026-08-01T18:00:00-07:00,0,91.0,Mostly Clear,"Mostly clear, with a low around 91."
111,2026-07-27T17:18:56Z,KLAS,Sunday,2026-08-02T06:00:00-07:00,1,116.0,Sunny,"Sunny, with a high near 116."
112,2026-07-27T17:18:56Z,KLAS,Sunday Night,2026-08-02T18:00:00-07:00,0,91.0,Mostly Clear,"Mostly clear, with a low around 91."
113,2026-07-27T17:18:56Z,KLAX,Today,2026-07-27T07:00:00-07:00,1,79.0,Sunny,"Sunny, with a high near 79. South southwest wind 5 to 10 mph."
114,2026-07-27T17:18:56Z,KLAX,Tonight,2026-07-27T18:00:00-07:00,0,68.0,Partly Cloudy,"Partly cloudy, with a low around 68. Southwest wind 5 to 10 mph."
115,2026-07-27T17:18:56Z,KLAX,Tuesday,2026-07-28T06:00:00-07:00,1,79.0,Mostly Sunny,"Mostly sunny, with a high near 79. South southwest wind 5 to 10 mph."
116,2026-07-27T17:18:56Z,KLAX,Tuesday Night,2026-07-28T18:00:00-07:00,0,68.0,Partly Cloudy,"Partly cloudy, with a low around 68. South wind 5 to 10 mph."
117,2026-07-27T17:18:56Z,KLAX,Wednesday,2026-07-29T06:00:00-07:00,1,77.0,Mostly Sunny,"Mostly sunny, with a high near 77. South wind 5 to 10 mph."
118,2026-07-27T17:18:56Z,KLAX,Wednesday Night,2026-07-29T18:00:00-07:00,0,67.0,Partly Cloudy,"Partly cloudy, with a low around 67."
119,2026-07-27T17:18:56Z,KLAX,Thursday,2026-07-30T06:00:00-07:00,1,77.0,Mostly Sunny,"Mostly sunny, with a high near 77."
120,2026-07-27T17:18:56Z,KLAX,Thursday Night,2026-07-30T18:00:00-07:00,0,68.0,Partly Cloudy,"Partly cloudy, with a low around 68."
121,2026-07-27T17:18:56Z,KLAX,Friday,2026-07-31T06:00:00-07:00,1,85.0,Mostly Sunny,"Mostly sunny, with a high near 85."
122,2026-07-27T17:18:56Z,KLAX,Friday Night,2026-07-31T18:00:00-07:00,0,70.0,Partly Cloudy,"Partly cloudy, with a low around 70."
123,2026-07-27T17:18:56Z,KLAX,Saturday,2026-08-01T06:00:00-07:00,1,83.0,Mostly Sunny,"Mostly sunny, with a high near 83."
124,2026-07-27T17:18:56Z,KLAX,Saturday Night,2026-08-01T18:00:00-07:00,0,71.0,Partly Cloudy,"Partly cloudy, with a low around 71."
125,2026-07-27T17:18:56Z,KLAX,Sunday,2026-08-02T06:00:00-07:00,1,82.0,Sunny,"Sunny, with a high near 82."
126,2026-07-27T17:18:56Z,KLAX,Sunday Night,2026-08-02T18:00:00-07:00,0,70.0,Partly Cloudy,"Partly cloudy, with a low around 70."
127,2026-07-27T17:18:56Z,KMIA,This Afternoon,2026-07-27T12:00:00-04:00,1,91.0,Showers And Thunderstorms Likely,"Showers and thunderstorms likely before 2pm, then showers and thunderstorms between 2pm and 3pm, then a chance of showers and thunderstorms. Partly sunny, with a high near 91. Heat index values as high as 102. Southwest wind 5 to 8 mph. Chance of precipitation is 80%. New rainfall amounts between a quarter and half of an inch possible."
128,2026-07-27T17:18:56Z,KMIA,Tonight,2026-07-27T18:00:00-04:00,0,79.0,Slight Chance Showers And Thunderstorms then Partly Cloudy,"A slight chance of showers and thunderstorms before 8pm. Partly cloudy, with a low around 79. Southwest wind around 9 mph. Chance of precipitation is 20%. New rainfall amounts between a tenth and quarter of an inch possible."
129,2026-07-27T17:18:56Z,KMIA,Tuesday,2026-07-28T06:00:00-04:00,1,92.0,Chance Showers And Thunderstorms,"A chance of showers and thunderstorms after 8am. Mostly sunny, with a high near 92. Heat index values as high as 102. Southwest wind 7 to 13 mph, with gusts as high as 22 mph. Chance of precipitation is 50%. New rainfall amounts less than a tenth of an inch possible."
130,2026-07-27T17:18:56Z,KMIA,Tuesday Night,2026-07-28T18:00:00-04:00,0,79.0,Slight Chance Showers And Thunderstorms then Partly Cloudy,"A slight chance of showers and thunderstorms before 8pm. Partly cloudy, with a low around 79. Southwest wind 8 to 13 mph, with gusts as high as 20 mph. Chance of precipitation is 20%."
131,2026-07-27T17:18:56Z,KMIA,Wednesday,2026-07-29T06:00:00-04:00,1,94.0,Mostly Sunny,"Mostly sunny, with a high near 94. Southwest wind 9 to 16 mph, with gusts as high as 26 mph."
132,2026-07-27T17:18:56Z,KMIA,Wednesday Night,2026-07-29T18:00:00-04:00,0,79.0,Partly Cloudy,"Partly cloudy, with a low around 79. Southwest wind 8 to 15 mph, with gusts as high as 24 mph."
133,2026-07-27T17:18:56Z,KMIA,Thursday,2026-07-30T06:00:00-04:00,1,95.0,Mostly Sunny,"Mostly sunny, with a high near 95. Southwest wind 8 to 15 mph, with gusts as high as 24 mph."
134,2026-07-27T17:18:56Z,KMIA,Thursday Night,2026-07-30T18:00:00-04:00,0,80.0,Partly Cloudy,"Partly cloudy, with a low around 80. Southwest wind 6 to 14 mph, with gusts as high as 23 mph."
135,2026-07-27T17:18:56Z,KMIA,Friday,2026-07-31T06:00:00-04:00,1,94.0,Mostly Sunny then Chance Showers And Thunderstorms,"A chance of showers and thunderstorms after 2pm. Mostly sunny, with a high near 94. Southwest wind 5 to 12 mph, with gusts as high as 20 mph. Chance of precipitation is 30%."
136,2026-07-27T17:18:56Z,KMIA,Friday Night,2026-07-31T18:00:00-04:00,0,80.0,Chance Showers And Thunderstorms then Partly Cloudy,"A chance of showers and thunderstorms before 8pm. Partly cloudy, with a low around 80. Chance of precipitation is 30%."
137,2026-07-27T17:18:56Z,KMIA,Saturday,2026-08-01T06:00:00-04:00,1,94.0,Mostly Sunny then Chance Showers And Thunderstorms,"A chance of showers and thunderstorms after 2pm. Mostly sunny, with a high near 94. Chance of precipitation is 30%."
138,2026-07-27T17:18:56Z,KMIA,Saturday Night,2026-08-01T18:00:00-04:00,0,81.0,Chance Showers And Thunderstorms then Partly Cloudy,"A chance of showers and thunderstorms before 8pm. Partly cloudy, with a low around 81. Chance of precipitation is 30%."
139,2026-07-27T17:18:56Z,KMIA,Sunday,2026-08-02T06:00:00-04:00,1,93.0,Mostly Sunny then Slight Chance Showers And Thunderstorms,"A slight chance of showers and thunderstorms after 2pm. Mostly sunny, with a high near 93. Chance of precipitation is 20%."
140,2026-07-27T17:18:56Z,KMIA,Sunday Night,2026-08-02T18:00:00-04:00,0,81.0,Slight Chance Showers And Thunderstorms then Partly Cloudy,"A slight chance of showers and thunderstorms before 8pm. Partly cloudy, with a low around 81."
141,2026-07-27T17:18:56Z,KMSP,Today,2026-07-27T09:00:00-05:00,1,94.0,Patchy Smoke,"Patchy smoke after 11am. Mostly sunny, with a high near 94. Heat index values as high as 95. Northwest wind 10 to 15 mph, with gusts as high as 25 mph."
142,2026-07-27T17:18:56Z,KMSP,Tonight,2026-07-27T18:00:00-05:00,0,71.0,Partly Cloudy,"Partly cloudy, with a low around 71. North northeast wind 5 to 15 mph."
143,2026-07-27T17:18:56Z,KMSP,Tuesday,2026-07-28T06:00:00-05:00,1,90.0,Sunny,"Sunny, with a high near 90. East southeast wind around 5 mph."
144,2026-07-27T17:18:56Z,KMSP,Tuesday Night,2026-07-28T18:00:00-05:00,0,71.0,Mostly Clear,"Mostly clear, with a low around 71. South wind around 5 mph."
145,2026-07-27T17:18:56Z,KMSP,Wednesday,2026-07-29T06:00:00-05:00,1,92.0,Sunny,"Sunny, with a high near 92. South wind 5 to 10 mph."
146,2026-07-27T17:18:56Z,KMSP,Wednesday Night,2026-07-29T18:00:00-05:00,0,73.0,Mostly Clear,"Mostly clear, with a low around 73. South wind around 10 mph."
147,2026-07-27T17:18:56Z,KMSP,Thursday,2026-07-30T06:00:00-05:00,1,90.0,Partly Sunny then Slight Chance Showers And Thunderstorms,"A slight chance of showers and thunderstorms after 1pm. Partly sunny, with a high near 90. South wind 5 to 10 mph. Chance of precipitation is 20%."
148,2026-07-27T17:18:56Z,KMSP,Thursday Night,2026-07-30T18:00:00-05:00,0,70.0,Chance Showers And Thunderstorms,"A chance of showers and thunderstorms before 1am, then showers and thunderstorms likely. Mostly cloudy, with a low around 70. South southeast wind 5 to 10 mph. Chance of precipitation is 60%."
149,2026-07-27T17:18:56Z,KMSP,Friday,2026-07-31T06:00:00-05:00,1,84.0,Showers And Thunderstorms Likely,"Showers and thunderstorms likely before 1pm, then a chance of showers and thunderstorms. Partly sunny, with a high near 84. East wind 0 to 5 mph. Chance of precipitation is 60%."
150,2026-07-27T17:18:56Z,KMSP,Friday Night,2026-07-31T18:00:00-05:00,0,67.0,Chance Showers And Thunderstorms,"A chance of showers and thunderstorms. Partly cloudy, with a low around 67. North northwest wind 0 to 5 mph. Chance of precipitation is 30%."
151,2026-07-27T17:18:56Z,KMSP,Saturday,2026-08-01T06:00:00-05:00,1,86.0,Slight Chance Rain Showers then Mostly Sunny,"A slight chance of rain showers before 7am. Mostly sunny, with a high near 86. North northwest wind 0 to 5 mph. Chance of precipitation is 20%."
152,2026-07-27T17:18:56Z,KMSP,Saturday Night,2026-08-01T18:00:00-05:00,0,66.0,Mostly Clear,"Mostly clear, with a low around 66. North wind 0 to 5 mph."
153,2026-07-27T17:18:56Z,KMSP,Sunday,2026-08-02T06:00:00-05:00,1,88.0,Sunny,"Sunny, with a high near 88. Southeast wind 0 to 5 mph."
154,2026-07-27T17:18:56Z,KMSP,Sunday Night,2026-08-02T18:00:00-05:00,0,69.0,Mostly Clear,"Mostly clear, with a low around 69. South southeast wind 5 to 10 mph."
155,2026-07-27T17:18:56Z,KMSY,Today,2026-07-27T09:00:00-05:00,1,96.0,Sunny,"Sunny, with a high near 96. Heat index values as high as 106. Northwest wind 5 to 10 mph."
156,2026-07-27T17:18:56Z,KMSY,Tonight,2026-07-27T18:00:00-05:00,0,79.0,Partly Cloudy,"Partly cloudy, with a low around 79. Heat index values as high as 105. West wind 5 to 10 mph."
157,2026-07-27T17:18:56Z,KMSY,Tuesday,2026-07-28T06:00:00-05:00,1,96.0,Sunny,"Sunny, with a high near 96. Heat index values as high as 106. West wind 5 to 10 mph."
158,2026-07-27T17:18:56Z,KMSY,Tuesday Night,2026-07-28T18:00:00-05:00,0,79.0,Mostly Clear,"Mostly clear, with a low around 79. Heat index values as high as 105. West wind around 10 mph."
159,2026-07-27T17:18:56Z,KMSY,Wednesday,2026-07-29T06:00:00-05:00,1,96.0,Mostly Sunny,"Mostly sunny, with a high near 96. West wind around 10 mph."
160,2026-07-27T17:18:56Z,KMSY,Wednesday Night,2026-07-29T18:00:00-05:00,0,80.0,Slight Chance Showers And Thunderstorms,"A slight chance of showers and thunderstorms between 7pm and 1am. Partly cloudy, with a low around 80. Southwest wind around 10 mph. Chance of precipitation is 20%."
161,2026-07-27T17:18:56Z,KMSY,Thursday,2026-07-30T06:00:00-05:00,1,93.0,Showers And Thunderstorms Likely,"Showers and thunderstorms likely after 7am. Mostly sunny, with a high near 93. West wind around 10 mph. Chance of precipitation is 60%."
162,2026-07-27T17:18:56Z,KMSY,Thursday Night,2026-07-30T18:00:00-05:00,0,79.0,Showers And Thunderstorms Likely,"Showers and thunderstorms likely. Partly cloudy, with a low around 79. Southwest wind around 10 mph."
163,2026-07-27T17:18:56Z,KMSY,Friday,2026-07-31T06:00:00-05:00,1,92.0,Chance Showers And Thunderstorms,"A chance of showers and thunderstorms. Partly sunny, with a high near 92. West wind around 10 mph."
164,2026-07-27T17:18:56Z,KMSY,Friday Night,2026-07-31T18:00:00-05:00,0,78.0,Chance Showers And Thunderstorms then Partly Cloudy,"A chance of showers and thunderstorms before 7pm. Partly cloudy, with a low around 78. Southwest wind around 10 mph."
165,2026-07-27T17:18:56Z,KMSY,Saturday,2026-08-01T06:00:00-05:00,1,92.0,Chance Showers And Thunderstorms,"A chance of showers and thunderstorms after 7am. Partly sunny, with a high near 92. West wind 10 to 15 mph."
166,2026-07-27T17:18:56Z,KMSY,Saturday Night,2026-08-01T18:00:00-05:00,0,78.0,Chance Showers And Thunderstorms,"A chance of showers and thunderstorms before 1am, then a chance of showers and thunderstorms. Partly cloudy, with a low around 78. Southwest wind 10 to 15 mph."
167,2026-07-27T17:18:56Z,KMSY,Sunday,2026-08-02T06:00:00-05:00,1,90.0,Showers And Thunderstorms Likely,"Showers and thunderstorms likely before 1pm, then showers and thunderstorms likely. Partly sunny, with a high near 90. West wind around 10 mph."
168,2026-07-27T17:18:56Z,KMSY,Sunday Night,2026-08-02T18:00:00-05:00,0,77.0,Showers And Thunderstorms Likely,"Showers and thunderstorms likely before 1am, then a chance of showers and thunderstorms. Mostly cloudy, with a low around 77. Southwest wind 5 to 10 mph."
169,2026-07-27T17:18:56Z,KNYC,Today,2026-07-27T10:00:00-04:00,1,83.0,Chance Showers And Thunderstorms,"A chance of showers and thunderstorms after 11am. Partly sunny. High near 83, with temperatures falling to around 81 in the afternoon. South wind 0 to 6 mph. Chance of precipitation is 40%."
170,2026-07-27T17:18:56Z,KNYC,Tonight,2026-07-27T18:00:00-04:00,0,70.0,Chance Showers And Thunderstorms,"A chance of showers and thunderstorms before 11pm, then a chance of showers and thunderstorms. Mostly cloudy, with a low around 70. South wind around 6 mph. Chance of precipitation is 30%."
171,2026-07-27T17:18:56Z,KNYC,Tuesday,2026-07-28T06:00:00-04:00,1,79.0,Showers And Thunderstorms Likely,"Showers and thunderstorms likely. Mostly cloudy. High near 79, with temperatures falling to around 76 in the afternoon. South wind 5 to 14 mph, with gusts as high as 28 mph. Chance of precipitation is 70%. New rainfall amounts between a quarter and half of an inch possible."
172,2026-07-27T17:18:56Z,KNYC,Tuesday Night,2026-07-28T18:00:00-04:00,0,69.0,Showers And Thunderstorms,"Showers and thunderstorms. Cloudy, with a low around 69. Southeast wind 6 to 13 mph, with gusts as high as 28 mph. Chance of precipitation is 90%. New rainfall amounts between 1 and 2 inches possible."
173,2026-07-27T17:18:56Z,KNYC,Wednesday,2026-07-29T06:00:00-04:00,1,79.0,Rain Showers,"Rain showers before 2pm, then showers and thunderstorms. Mostly cloudy, with a high near 79. East wind around 7 mph. Chance of precipitation is 80%. New rainfall amounts between 1 and 2 inches possible."
174,2026-07-27T17:18:56Z,KNYC,Wednesday Night,2026-07-29T18:00:00-04:00,0,67.0,Showers And Thunderstorms,"Showers and thunderstorms. Mostly cloudy, with a low around 67. Chance of precipitation is 80%. New rainfall amounts between a half and three quarters of an inch possible."
175,2026-07-27T17:18:56Z,KNYC,Thursday,2026-07-30T06:00:00-04:00,1,78.0,Chance Showers And Thunderstorms,"A chance of showers and thunderstorms. Partly sunny, with a high near 78. Chance of precipitation is 50%."
176,2026-07-27T17:18:56Z,KNYC,Thursday Night,2026-07-30T18:00:00-04:00,0,67.0,Chance Showers And Thunderstorms then Mostly Cloudy,"A chance of showers and thunderstorms before 8pm. Mostly cloudy, with a low around 67. Chance of precipitation is 50%."
177,2026-07-27T17:18:56Z,KNYC,Friday,2026-07-31T06:00:00-04:00,1,83.0,Mostly Sunny,"Mostly sunny, with a high near 83."
178,2026-07-27T17:18:56Z,KNYC,Friday Night,2026-07-31T18:00:00-04:00,0,69.0,Partly Cloudy,"Partly cloudy, with a low around 69."
179,2026-07-27T17:18:56Z,KNYC,Saturday,2026-08-01T06:00:00-04:00,1,85.0,Mostly Sunny,"Mostly sunny, with a high near 85."
180,2026-07-27T17:18:56Z,KNYC,Saturday Night,2026-08-01T18:00:00-04:00,0,71.0,Mostly Cloudy,"Mostly cloudy, with a low around 71."
181,2026-07-27T17:18:56Z,KNYC,Sunday,2026-08-02T06:00:00-04:00,1,84.0,Chance Showers And Thunderstorms,"A slight chance of rain showers between 8am and 2pm, then a chance of showers and thunderstorms. Partly sunny, with a high near 84. Chance of precipitation is 40%."
182,2026-07-27T17:18:56Z,KNYC,Sunday Night,2026-08-02T18:00:00-04:00,0,71.0,Chance Showers And Thunderstorms,"A chance of showers and thunderstorms. Mostly cloudy, with a low around 71."
183,2026-07-27T17:18:56Z,KOKC,Today,2026-07-27T11:00:00-05:00,1,102.0,Sunny,"Sunny, with a high near 102. Heat index values as high as 105. South southwest wind around 15 mph, with gusts as high as 23 mph."
184,2026-07-27T17:18:56Z,KOKC,Tonight,2026-07-27T18:00:00-05:00,0,77.0,Mostly Clear,"Mostly clear, with a low around 77. Heat index values as high as 104. South wind 9 to 14 mph, with gusts as high as 21 mph."
185,2026-07-27T17:18:56Z,KOKC,Tuesday,2026-07-28T06:00:00-05:00,1,102.0,Mostly Sunny,"Mostly sunny, with a high near 102. Heat index values as high as 104. South southwest wind around 12 mph."
186,2026-07-27T17:18:56Z,KOKC,Tuesday Night,2026-07-28T18:00:00-05:00,0,78.0,Partly Cloudy,"Partly cloudy, with a low around 78. Heat index values as high as 103. South southeast wind 8 to 12 mph."
187,2026-07-27T17:18:56Z,KOKC,Wednesday,2026-07-29T06:00:00-05:00,1,101.0,Mostly Sunny,"Mostly sunny, with a high near 101. South southwest wind 7 to 12 mph."
188,2026-07-27T17:18:56Z,KOKC,Wednesday Night,2026-07-29T18:00:00-05:00,0,77.0,Partly Cloudy,"Partly cloudy, with a low around 77."
189,2026-07-27T17:18:56Z,KOKC,Thursday,2026-07-30T06:00:00-05:00,1,100.0,Mostly Sunny,"Mostly sunny, with a high near 100."
190,2026-07-27T17:18:56Z,KOKC,Thursday Night,2026-07-30T18:00:00-05:00,0,77.0,Partly Cloudy then Slight Chance Showers And Thunderstorms,"A slight chance of showers and thunderstorms after 1am. Partly cloudy, with a low around 77. Chance of precipitation is 20%."
191,2026-07-27T17:18:56Z,KOKC,Friday,2026-07-31T06:00:00-05:00,1,100.0,Slight Chance Showers And Thunderstorms,"A slight chance of showers and thunderstorms before 1pm. Mostly sunny, with a high near 100. Chance of precipitation is 20%."
192,2026-07-27T17:18:56Z,KOKC,Friday Night,2026-07-31T18:00:00-05:00,0,75.0,Mostly Clear,"Mostly clear, with a low around 75."
193,2026-07-27T17:18:56Z,KOKC,Saturday,2026-08-01T06:00:00-05:00,1,94.0,Sunny,"Sunny, with a high near 94."
194,2026-07-27T17:18:56Z,KOKC,Saturday Night,2026-08-01T18:00:00-05:00,0,70.0,Mostly Clear,"Mostly clear, with a low around 70."
195,2026-07-27T17:18:56Z,KOKC,Sunday,2026-08-02T06:00:00-05:00,1,93.0,Sunny,"Sunny, with a high near 93."
196,2026-07-27T17:18:56Z,KOKC,Sunday Night,2026-08-02T18:00:00-05:00,0,71.0,Clear,"Clear, with a low around 71."
197,2026-07-27T17:18:56Z,KPHL,This Afternoon,2026-07-27T12:00:00-04:00,1,86.0,Slight Chance Showers And Thunderstorms,"A slight chance of showers and thunderstorms before 2pm, then showers and thunderstorms likely between 2pm and 4pm, then a chance of showers and thunderstorms. Partly sunny, with a high near 86. Southwest wind around 5 mph. Chance of precipitation is 70%. New rainfall amounts between a quarter and half of an inch possible."
198,2026-07-27T17:18:56Z,KPHL,Tonight,2026-07-27T18:00:00-04:00,0,69.0,Chance Showers And Thunderstorms then Patchy Fog,"A chance of showers and thunderstorms before 11pm, then patchy fog. Partly cloudy, with a low around 69. South wind around 5 mph. Chance of precipitation is 50%. New rainfall amounts between a quarter and half of an inch possible."
199,2026-07-27T17:18:56Z,KPHL,Tuesday,2026-07-28T06:00:00-04:00,1,82.0,Showers And Thunderstorms,"Patchy fog before 9am, then showers and thunderstorms. Mostly cloudy, with a high near 82. South wind 5 to 10 mph, with gusts as high as 25 mph. Chance of precipitation is 80%. New rainfall amounts between 1 and 2 inches possible."
200,2026-07-27T17:18:56Z,KPHL,Tuesday Night,2026-07-28T18:00:00-04:00,0,68.0,Showers And Thunderstorms,"Showers and thunderstorms before 2am. Mostly cloudy, with a low around 68. South wind 5 to 10 mph, with gusts as high as 25 mph. Chance of precipitation is 90%. New rainfall amounts between 1 and 2 inches possible."
201,2026-07-27T17:18:56Z,KPHL,Wednesday,2026-07-29T06:00:00-04:00,1,82.0,Showers And Thunderstorms Likely,"A slight chance of rain showers between 8am and 2pm, then showers and thunderstorms likely. Partly sunny, with a high near 82. West wind 5 to 10 mph. Chance of precipitation is 70%. New rainfall amounts between a tenth and quarter of an inch possible."
202,2026-07-27T17:18:56Z,KPHL,Wednesday Night,2026-07-29T18:00:00-04:00,0,67.0,Showers And Thunderstorms Likely then Slight Chance Showers And Thunderstorms,"Showers and thunderstorms likely before 8pm, then a slight chance of showers and thunderstorms between 8pm and 2am. Mostly cloudy, with a low around 67. Chance of precipitation is 70%. New rainfall amounts between a tenth and quarter of an inch possible."
203,2026-07-27T17:18:56Z,KPHL,Thursday,2026-07-30T06:00:00-04:00,1,81.0,Partly Sunny then Chance Showers And Thunderstorms,"A chance of showers and thunderstorms after 2pm. Partly sunny, with a high near 81. Chance of precipitation is 30%."
204,2026-07-27T17:18:56Z,KPHL,Thursday Night,2026-07-30T18:00:00-04:00,0,66.0,Chance Showers And Thunderstorms then Partly Cloudy,"A chance of showers and thunderstorms before 8pm. Partly cloudy, with a low around 66. Chance of precipitation is 30%."
205,2026-07-27T17:18:56Z,KPHL,Friday,2026-07-31T06:00:00-04:00,1,84.0,Sunny,"Sunny, with a high near 84."
206,2026-07-27T17:18:56Z,KPHL,Friday Night,2026-07-31T18:00:00-04:00,0,68.0,Partly Cloudy,"Partly cloudy, with a low around 68."
207,2026-07-27T17:18:56Z,KPHL,Saturday,2026-08-01T06:00:00-04:00,1,87.0,Mostly Sunny,"Mostly sunny, with a high near 87."
208,2026-07-27T17:18:56Z,KPHL,Saturday Night,2026-08-01T18:00:00-04:00,0,70.0,Slight Chance Showers And Thunderstorms,"A slight chance of showers and thunderstorms between 8pm and 2am. Mostly cloudy, with a low around 70."
209,2026-07-27T17:18:56Z,KPHL,Sunday,2026-08-02T06:00:00-04:00,1,87.0,Chance Showers And Thunderstorms,"A slight chance of rain showers between 8am and 2pm, then a chance of showers and thunderstorms. Partly sunny, with a high near 87. Chance of precipitation is 50%."
210,2026-07-27T17:18:56Z,KPHL,Sunday Night,2026-08-02T18:00:00-04:00,0,71.0,Chance Showers And Thunderstorms,"A chance of showers and thunderstorms. Mostly cloudy, with a low around 71."
211,2026-07-27T17:18:56Z,KPHX,Today,2026-07-27T07:00:00-07:00,1,111.0,Sunny,"Sunny, with a high near 111. Heat index values as high as 112. West wind 10 to 15 mph, with gusts as high as 20 mph."
212,2026-07-27T17:18:56Z,KPHX,Tonight,2026-07-27T18:00:00-07:00,0,91.0,Partly Cloudy then Slight Chance Showers And Thunderstorms,"A slight chance of showers and thunderstorms after 5am. Partly cloudy, with a low around 91. Heat index values as high as 110. West southwest wind 10 to 15 mph. New rainfall amounts less than a tenth of an inch possible."
213,2026-07-27T17:18:56Z,KPHX,Tuesday,2026-07-28T06:00:00-07:00,1,110.0,Slight Chance Showers And Thunderstorms then Mostly Sunny,"A slight chance of showers and thunderstorms before 8am. Mostly sunny. High near 110, with temperatures falling to around 108 in the afternoon. Heat index values as high as 110. West southwest wind 5 to 15 mph, with gusts as high as 20 mph."
214,2026-07-27T17:18:56Z,KPHX,Tuesday Night,2026-07-28T18:00:00-07:00,0,91.0,Partly Cloudy,"Partly cloudy, with a low around 91. West wind 5 to 15 mph."
215,2026-07-27T17:18:56Z,KPHX,Wednesday,2026-07-29T06:00:00-07:00,1,112.0,Sunny,"Sunny, with a high near 112. West wind 5 to 10 mph."
216,2026-07-27T17:18:56Z,KPHX,Wednesday Night,2026-07-29T18:00:00-07:00,0,92.0,Mostly Clear,"Mostly clear, with a low around 92. West southwest wind around 10 mph."
217,2026-07-27T17:18:56Z,KPHX,Thursday,2026-07-30T06:00:00-07:00,1,114.0,Mostly Sunny,"Mostly sunny, with a high near 114. West southwest wind 5 to 15 mph, with gusts as high as 20 mph."
218,2026-07-27T17:18:56Z,KPHX,Thursday Night,2026-07-30T18:00:00-07:00,0,93.0,Mostly Clear,"Mostly clear, with a low around 93. West southwest wind around 5 mph."
219,2026-07-27T17:18:56Z,KPHX,Friday,2026-07-31T06:00:00-07:00,1,116.0,Sunny,"Sunny, with a high near 116. West southwest wind 0 to 10 mph, with gusts as high as 25 mph."
220,2026-07-27T17:18:56Z,KPHX,Friday Night,2026-07-31T18:00:00-07:00,0,94.0,Partly Cloudy,"Partly cloudy, with a low around 94. West southwest wind 0 to 10 mph, with gusts as high as 20 mph."
221,2026-07-27T17:18:56Z,KPHX,Saturday,2026-08-01T06:00:00-07:00,1,115.0,Mostly Sunny,"Mostly sunny, with a high near 115. Southwest wind 0 to 5 mph."
222,2026-07-27T17:18:56Z,KPHX,Saturday Night,2026-08-01T18:00:00-07:00,0,93.0,Partly Cloudy,"Partly cloudy, with a low around 93. West wind around 5 mph."
223,2026-07-27T17:18:56Z,KPHX,Sunday,2026-08-02T06:00:00-07:00,1,113.0,Mostly Sunny then Slight Chance Showers And Thunderstorms,"A slight chance of showers and thunderstorms after 5pm. Mostly sunny, with a high near 113. West southwest wind 0 to 5 mph."
224,2026-07-27T17:18:56Z,KPHX,Sunday Night,2026-08-02T18:00:00-07:00,0,92.0,Slight Chance Showers And Thunderstorms,"A slight chance of showers and thunderstorms before 5am. Partly cloudy, with a low around 92. West wind around 5 mph."
225,2026-07-27T17:18:56Z,KSAT,This Afternoon,2026-07-27T12:00:00-05:00,1,98.0,Sunny,"Sunny, with a high near 98. Heat index values as high as 104. South wind around 10 mph."
226,2026-07-27T17:18:56Z,KSAT,Tonight,2026-07-27T18:00:00-05:00,0,75.0,Mostly Clear,"Mostly clear, with a low around 75. Heat index values as high as 103. South southeast wind 5 to 15 mph, with gusts as high as 25 mph."
227,2026-07-27T17:18:56Z,KSAT,Tuesday,2026-07-28T06:00:00-05:00,1,99.0,Mostly Sunny,"Mostly sunny, with a high near 99. Heat index values as high as 106. South southeast wind 5 to 10 mph."
228,2026-07-27T17:18:56Z,KSAT,Tuesday Night,2026-07-28T18:00:00-05:00,0,76.0,Mostly Clear,"Mostly clear, with a low around 76. Heat index values as high as 105. South southeast wind 5 to 15 mph, with gusts as high as 25 mph."
229,2026-07-27T17:18:56Z,KSAT,Wednesday,2026-07-29T06:00:00-05:00,1,98.0,Mostly Sunny,"Mostly sunny, with a high near 98. South southeast wind 5 to 10 mph."
230,2026-07-27T17:18:56Z,KSAT,Wednesday Night,2026-07-29T18:00:00-05:00,0,77.0,Mostly Clear,"Mostly clear, with a low around 77. South southeast wind 5 to 15 mph, with gusts as high as 25 mph."
231,2026-07-27T17:18:56Z,KSAT,Thursday,2026-07-30T06:00:00-05:00,1,101.0,Mostly Sunny,"Mostly sunny, with a high near 101. South wind 5 to 10 mph."
232,2026-07-27T17:18:56Z,KSAT,Thursday Night,2026-07-30T18:00:00-05:00,0,77.0,Partly Cloudy,"Partly cloudy, with a low around 77. South southeast wind 5 to 15 mph, with gusts as high as 25 mph."
233,2026-07-27T17:18:56Z,KSAT,Friday,2026-07-31T06:00:00-05:00,1,101.0,Mostly Sunny,"Mostly sunny, with a high near 101. South wind around 5 mph."
234,2026-07-27T17:18:56Z,KSAT,Friday Night,2026-07-31T18:00:00-05:00,0,79.0,Partly Cloudy,"Partly cloudy, with a low around 79."
235,2026-07-27T17:18:56Z,KSAT,Saturday,2026-08-01T06:00:00-05:00,1,101.0,Mostly Sunny,"Mostly sunny, with a high near 101."
236,2026-07-27T17:18:56Z,KSAT,Saturday Night,2026-08-01T18:00:00-05:00,0,82.0,Partly Cloudy,"Partly cloudy, with a low around 82."
237,2026-07-27T17:18:56Z,KSAT,Sunday,2026-08-02T06:00:00-05:00,1,99.0,Mostly Sunny,"Mostly sunny, with a high near 99."
238,2026-07-27T17:18:56Z,KSAT,Sunday Night,2026-08-02T18:00:00-05:00,0,79.0,Mostly Clear,"Mostly clear, with a low around 79."
239,2026-07-27T17:18:56Z,KSFO,Today,2026-07-27T07:00:00-07:00,1,74.0,Mostly Sunny,"Mostly sunny, with a high near 74. West wind 14 to 24 mph, with gusts as high as 31 mph."
240,2026-07-27T17:18:56Z,KSFO,Tonight,2026-07-27T18:00:00-07:00,0,59.0,Mostly Clear,"Mostly clear, with a low around 59. West wind 14 to 24 mph, with gusts as high as 31 mph."
241,2026-07-27T17:18:56Z,KSFO,Tuesday,2026-07-28T06:00:00-07:00,1,75.0,Sunny,"Sunny, with a high near 75. West wind 14 to 22 mph, with gusts as high as 29 mph."
242,2026-07-27T17:18:56Z,KSFO,Tuesday Night,2026-07-28T18:00:00-07:00,0,59.0,Mostly Clear,"Mostly clear, with a low around 59. West wind 12 to 22 mph, with gusts as high as 29 mph."
243,2026-07-27T17:18:56Z,KSFO,Wednesday,2026-07-29T06:00:00-07:00,1,76.0,Sunny,"Sunny, with a high near 76. West wind 9 to 23 mph, with gusts as high as 28 mph."
244,2026-07-27T17:18:56Z,KSFO,Wednesday Night,2026-07-29T18:00:00-07:00,0,58.0,Mostly Clear,"Mostly clear, with a low around 58."
245,2026-07-27T17:18:56Z,KSFO,Thursday,2026-07-30T06:00:00-07:00,1,68.0,Sunny,"Sunny, with a high near 68."
246,2026-07-27T17:18:56Z,KSFO,Thursday Night,2026-07-30T18:00:00-07:00,0,57.0,Mostly Clear,"Mostly clear, with a low around 57."
247,2026-07-27T17:18:56Z,KSFO,Friday,2026-07-31T06:00:00-07:00,1,71.0,Sunny,"Sunny, with a high near 71."
248,2026-07-27T17:18:56Z,KSFO,Friday Night,2026-07-31T18:00:00-07:00,0,58.0,Mostly Clear,"Mostly clear, with a low around 58."
249,2026-07-27T17:18:56Z,KSFO,Saturday,2026-08-01T06:00:00-07:00,1,74.0,Sunny,"Sunny, with a high near 74."
250,2026-07-27T17:18:56Z,KSFO,Saturday Night,2026-08-01T18:00:00-07:00,0,59.0,Mostly Clear,"Mostly clear, with a low around 59."
251,2026-07-27T17:18:56Z,KSFO,Sunday,2026-08-02T06:00:00-07:00,1,71.0,Sunny,"Sunny, with a high near 71."
252,2026-07-27T17:18:56Z,KSFO,Sunday Night,2026-08-02T18:00:00-07:00,0,57.0,Mostly Clear,"Mostly clear, with a low around 57."
253,2026-07-27T17:18:56Z,KSEA,Today,2026-07-27T07:00:00-07:00,1,78.0,Sunny,"Sunny, with a high near 78. Southwest wind 7 to 10 mph."
254,2026-07-27T17:18:56Z,KSEA,Tonight,2026-07-27T18:00:00-07:00,0,59.0,Partly Cloudy,"Partly cloudy. Low around 59, with temperatures rising to around 61 overnight. Southwest wind around 10 mph. New rainfall amounts less than a tenth of an inch possible."
255,2026-07-27T17:18:56Z,KSEA,Tuesday,2026-07-28T06:00:00-07:00,1,75.0,Slight Chance Light Rain then Mostly Sunny,"A slight chance of rain between 9am and 10am. Mostly sunny. High near 75, with temperatures falling to around 73 in the afternoon. South southwest wind 9 to 13 mph. Chance of precipitation is 20%. New rainfall amounts less than a tenth of an inch possible."
256,2026-07-27T17:18:56Z,KSEA,Tuesday Night,2026-07-28T18:00:00-07:00,0,57.0,Partly Cloudy,"Partly cloudy, with a low around 57. Northwest wind 1 to 10 mph."
257,2026-07-27T17:18:56Z,KSEA,Wednesday,2026-07-29T06:00:00-07:00,1,76.0,Mostly Sunny,"Mostly sunny, with a high near 76. North northwest wind 1 to 8 mph."
258,2026-07-27T17:18:56Z,KSEA,Wednesday Night,2026-07-29T18:00:00-07:00,0,55.0,Mostly Clear,"Mostly clear, with a low around 55."
259,2026-07-27T17:18:56Z,KSEA,Thursday,2026-07-30T06:00:00-07:00,1,78.0,Sunny,"Sunny, with a high near 78."
260,2026-07-27T17:18:56Z,KSEA,Thursday Night,2026-07-30T18:00:00-07:00,0,56.0,Mostly Clear,"Mostly clear, with a low around 56."
261,2026-07-27T17:18:56Z,KSEA,Friday,2026-07-31T06:00:00-07:00,1,82.0,Sunny,"Sunny, with a high near 82."
262,2026-07-27T17:18:56Z,KSEA,Friday Night,2026-07-31T18:00:00-07:00,0,58.0,Mostly Clear,"Mostly clear, with a low around 58."
263,2026-07-27T17:18:56Z,KSEA,Saturday,2026-08-01T06:00:00-07:00,1,77.0,Mostly Sunny,"Mostly sunny, with a high near 77."
264,2026-07-27T17:18:56Z,KSEA,Saturday Night,2026-08-01T18:00:00-07:00,0,56.0,Partly Cloudy,"Partly cloudy, with a low around 56."
265,2026-07-27T17:18:56Z,KSEA,Sunday,2026-08-02T06:00:00-07:00,1,73.0,Mostly Sunny,"Mostly sunny, with a high near 73."
266,2026-07-27T17:18:56Z,KSEA,Sunday Night,2026-08-02T18:00:00-07:00,0,55.0,Partly Cloudy,"Partly cloudy, with a low around 55."
267,2026-07-27T17:18:56Z,KDCA,Today,2026-07-27T11:00:00-04:00,1,88.0,Mostly Sunny then Chance Showers And Thunderstorms,"A chance of showers and thunderstorms after 2pm. Mostly sunny, with a high near 88. Southwest wind 0 to 5 mph. Chance of precipitation is 40%. New rainfall amounts less than a tenth of an inch possible."
268,2026-07-27T17:18:56Z,KDCA,Tonight,2026-07-27T18:00:00-04:00,0,71.0,Chance Showers And Thunderstorms then Partly Cloudy,"A chance of showers and thunderstorms before 8pm. Partly cloudy, with a low around 71. South wind 6 to 9 mph. Chance of precipitation is 30%. New rainfall amounts less than a tenth of an inch possible."
269,2026-07-27T17:18:56Z,KDCA,Tuesday,2026-07-28T06:00:00-04:00,1,86.0,Showers And Thunderstorms,"A chance of rain showers between 8am and 11am, then showers and thunderstorms. Mostly cloudy, with a high near 86. South wind 10 to 16 mph, with gusts as high as 26 mph. Chance of precipitation is 100%. New rainfall amounts between a quarter and half of an inch possible."
270,2026-07-27T17:18:56Z,KDCA,Tuesday Night,2026-07-28T18:00:00-04:00,0,70.0,Showers And Thunderstorms then Chance Showers And Thunderstorms,"Showers and thunderstorms before 8pm, then a chance of showers and thunderstorms between 8pm and 2am. Mostly cloudy, with a low around 70. Southwest wind around 14 mph, with gusts as high as 18 mph. Chance of precipitation is 90%. New rainfall amounts between a quarter and half of an inch possible."
271,2026-07-27T17:18:56Z,KDCA,Wednesday,2026-07-29T06:00:00-04:00,1,85.0,Mostly Sunny,"Mostly sunny, with a high near 85. Northwest wind 13 to 18 mph, with gusts as high as 30 mph."
272,2026-07-27T17:18:56Z,KDCA,Wednesday Night,2026-07-29T18:00:00-04:00,0,70.0,Partly Cloudy,"Partly cloudy, with a low around 70."
273,2026-07-27T17:18:56Z,KDCA,Thursday,2026-07-30T06:00:00-04:00,1,85.0,Mostly Sunny,"Mostly sunny, with a high near 85."
274,2026-07-27T17:18:56Z,KDCA,Thursday Night,2026-07-30T18:00:00-04:00,0,70.0,Partly Cloudy,"Partly cloudy, with a low around 70."
275,2026-07-27T17:18:56Z,KDCA,Friday,2026-07-31T06:00:00-04:00,1,88.0,Sunny,"Sunny, with a high near 88."
276,2026-07-27T17:18:56Z,KDCA,Friday Night,2026-07-31T18:00:00-04:00,0,71.0,Partly Cloudy,"Partly cloudy, with a low around 71."
277,2026-07-27T17:18:56Z,KDCA,Saturday,2026-08-01T06:00:00-04:00,1,89.0,Partly Sunny then Slight Chance Showers And Thunderstorms,"A slight chance of showers and thunderstorms after 2pm. Partly sunny, with a high near 89. Chance of precipitation is 20%."
278,2026-07-27T17:18:56Z,KDCA,Saturday Night,2026-08-01T18:00:00-04:00,0,73.0,Slight Chance Showers And Thunderstorms,"A slight chance of showers and thunderstorms. Mostly cloudy, with a low around 73. Chance of precipitation is 20%."
279,2026-07-27T17:18:56Z,KDCA,Sunday,2026-08-02T06:00:00-04:00,1,87.0,Slight Chance Rain Showers then Chance Showers And Thunderstorms,"A slight chance of rain showers before 2pm, then a chance of showers and thunderstorms. Partly sunny, with a high near 87. Chance of precipitation is 50%."
280,2026-07-27T17:18:56Z,KDCA,Sunday Night,2026-08-02T18:00:00-04:00,0,72.0,Chance Showers And Thunderstorms,"A chance of showers and thunderstorms. Mostly cloudy, with a low around 72."
1,2026-07-27T18:58:40Z,KATL,This Afternoon,2026-07-27T14:00:00-04:00,1,92.0,Partly Sunny,"Partly sunny, with a high near 92. Heat index values as high as 98. Northwest wind around 10 mph, with gusts as high as 20 mph."
2,2026-07-27T18:58:40Z,KATL,Tonight,2026-07-27T18:00:00-04:00,0,75.0,Partly Cloudy,"Partly cloudy, with a low around 75. Heat index values as high as 100. Northwest wind 0 to 5 mph."
3,2026-07-27T18:58:40Z,KATL,Tuesday,2026-07-28T06:00:00-04:00,1,96.0,Mostly Sunny,"Mostly sunny, with a high near 96. Heat index values as high as 104. West wind 5 to 10 mph, with gusts as high as 20 mph."
4,2026-07-27T18:58:40Z,KATL,Tuesday Night,2026-07-28T18:00:00-04:00,0,77.0,Partly Cloudy,"Partly cloudy, with a low around 77. Heat index values as high as 103. West wind 5 to 10 mph, with gusts as high as 20 mph."
5,2026-07-27T18:58:40Z,KATL,Wednesday,2026-07-29T06:00:00-04:00,1,91.0,Mostly Sunny,"Mostly sunny, with a high near 91. Northwest wind 5 to 10 mph, with gusts as high as 25 mph."
6,2026-07-27T18:58:40Z,KATL,Wednesday Night,2026-07-29T18:00:00-04:00,0,71.0,Mostly Clear,"Mostly clear, with a low around 71."
7,2026-07-27T18:58:40Z,KATL,Thursday,2026-07-30T06:00:00-04:00,1,90.0,Sunny,"Sunny, with a high near 90."
8,2026-07-27T18:58:40Z,KATL,Thursday Night,2026-07-30T18:00:00-04:00,0,70.0,Mostly Clear,"Mostly clear, with a low around 70."
9,2026-07-27T18:58:40Z,KATL,Friday,2026-07-31T06:00:00-04:00,1,92.0,Mostly Sunny,"Mostly sunny, with a high near 92."
10,2026-07-27T18:58:40Z,KATL,Friday Night,2026-07-31T18:00:00-04:00,0,72.0,Partly Cloudy,"Partly cloudy, with a low around 72."
11,2026-07-27T18:58:40Z,KATL,Saturday,2026-08-01T06:00:00-04:00,1,89.0,Chance Rain Showers then Chance Showers And Thunderstorms,"A chance of rain showers between 8am and 2pm, then a chance of showers and thunderstorms. Partly sunny, with a high near 89. Chance of precipitation is 40%."
12,2026-07-27T18:58:40Z,KATL,Saturday Night,2026-08-01T18:00:00-04:00,0,73.0,Chance Showers And Thunderstorms,"A chance of showers and thunderstorms. Mostly cloudy, with a low around 73. Chance of precipitation is 50%."
13,2026-07-27T18:58:40Z,KATL,Sunday,2026-08-02T06:00:00-04:00,1,87.0,Chance Showers And Thunderstorms,"A chance of rain showers before 8am, then a chance of showers and thunderstorms between 8am and 2pm, then showers and thunderstorms likely. Mostly cloudy, with a high near 87. Chance of precipitation is 60%."
14,2026-07-27T18:58:40Z,KATL,Sunday Night,2026-08-02T18:00:00-04:00,0,72.0,Showers And Thunderstorms Likely,"Showers and thunderstorms likely. Mostly cloudy, with a low around 72."
15,2026-07-27T18:58:40Z,KAUS,This Afternoon,2026-07-27T13:00:00-05:00,1,98.0,Sunny,"Sunny, with a high near 98. Heat index values as high as 104. South southwest wind around 10 mph."
16,2026-07-27T18:58:40Z,KAUS,Tonight,2026-07-27T18:00:00-05:00,0,75.0,Mostly Clear,"Mostly clear, with a low around 75. Heat index values as high as 103. South wind 5 to 10 mph, with gusts as high as 25 mph."
17,2026-07-27T18:58:40Z,KAUS,Tuesday,2026-07-28T06:00:00-05:00,1,99.0,Sunny,"Sunny, with a high near 99. Heat index values as high as 106. South wind 5 to 10 mph."
18,2026-07-27T18:58:40Z,KAUS,Tuesday Night,2026-07-28T18:00:00-05:00,0,76.0,Mostly Clear,"Mostly clear, with a low around 76. Heat index values as high as 107. South wind 5 to 10 mph, with gusts as high as 20 mph."
19,2026-07-27T18:58:40Z,KAUS,Wednesday,2026-07-29T06:00:00-05:00,1,98.0,Mostly Sunny,"Mostly sunny, with a high near 98. South wind 5 to 10 mph."
20,2026-07-27T18:58:40Z,KAUS,Wednesday Night,2026-07-29T18:00:00-05:00,0,77.0,Mostly Clear,"Mostly clear, with a low around 77. South wind 5 to 10 mph, with gusts as high as 20 mph."
21,2026-07-27T18:58:40Z,KAUS,Thursday,2026-07-30T06:00:00-05:00,1,100.0,Mostly Sunny,"Mostly sunny, with a high near 100. South wind around 5 mph."
22,2026-07-27T18:58:40Z,KAUS,Thursday Night,2026-07-30T18:00:00-05:00,0,78.0,Mostly Clear,"Mostly clear, with a low around 78. South wind 5 to 10 mph, with gusts as high as 20 mph."
23,2026-07-27T18:58:40Z,KAUS,Friday,2026-07-31T06:00:00-05:00,1,101.0,Mostly Sunny,"Mostly sunny, with a high near 101. South southwest wind 5 to 10 mph."
24,2026-07-27T18:58:40Z,KAUS,Friday Night,2026-07-31T18:00:00-05:00,0,80.0,Mostly Clear,"Mostly clear, with a low around 80."
25,2026-07-27T18:58:40Z,KAUS,Saturday,2026-08-01T06:00:00-05:00,1,101.0,Mostly Sunny,"Mostly sunny, with a high near 101."
26,2026-07-27T18:58:40Z,KAUS,Saturday Night,2026-08-01T18:00:00-05:00,0,81.0,Mostly Clear,"Mostly clear, with a low around 81."
27,2026-07-27T18:58:40Z,KAUS,Sunday,2026-08-02T06:00:00-05:00,1,99.0,Sunny,"Sunny, with a high near 99."
28,2026-07-27T18:58:40Z,KAUS,Sunday Night,2026-08-02T18:00:00-05:00,0,79.0,Mostly Clear,"Mostly clear, with a low around 79."
29,2026-07-27T18:58:40Z,KBOS,This Afternoon,2026-07-27T14:00:00-04:00,1,77.0,Sunny,"Sunny, with a high near 77. East wind around 10 mph."
30,2026-07-27T18:58:40Z,KBOS,Tonight,2026-07-27T18:00:00-04:00,0,64.0,Mostly Clear,"Mostly clear, with a low around 64. South wind 5 to 10 mph."
31,2026-07-27T18:58:40Z,KBOS,Tuesday,2026-07-28T06:00:00-04:00,1,78.0,Chance Rain Showers,"A chance of rain showers between 10am and 3pm, then a slight chance of showers and thunderstorms. Partly sunny, with a high near 78. South wind 5 to 13 mph. Chance of precipitation is 30%. New rainfall amounts less than a tenth of an inch possible."
32,2026-07-27T18:58:40Z,KBOS,Tuesday Night,2026-07-28T18:00:00-04:00,0,64.0,Chance Rain Showers,"A chance of rain showers. Mostly cloudy, with a low around 64. Southeast wind 7 to 13 mph. Chance of precipitation is 40%. New rainfall amounts less than a tenth of an inch possible."
33,2026-07-27T18:58:40Z,KBOS,Wednesday,2026-07-29T06:00:00-04:00,1,71.0,Showers And Thunderstorms,"Rain showers before 8am, then showers and thunderstorms. Some of the storms could produce heavy rain. Cloudy, with a high near 71. East wind 12 to 17 mph. Chance of precipitation is 100%."
34,2026-07-27T18:58:40Z,KBOS,Wednesday Night,2026-07-29T18:00:00-04:00,0,65.0,Rain Showers,"Rain showers. Cloudy, with a low around 65. East wind 8 to 14 mph, with gusts as high as 24 mph. Chance of precipitation is 100%."
35,2026-07-27T18:58:40Z,KBOS,Thursday,2026-07-30T06:00:00-04:00,1,70.0,Showers And Thunderstorms,"Rain showers before 8am, then showers and thunderstorms. Cloudy, with a high near 70. Northeast wind 8 to 12 mph. Chance of precipitation is 90%."
36,2026-07-27T18:58:40Z,KBOS,Thursday Night,2026-07-30T18:00:00-04:00,0,64.0,Showers And Thunderstorms then Chance Showers And Thunderstorms,"Showers and thunderstorms before 10pm, then a chance of showers and thunderstorms. Mostly cloudy, with a low around 64. Northeast wind around 8 mph. Chance of precipitation is 80%."
37,2026-07-27T18:58:40Z,KBOS,Friday,2026-07-31T06:00:00-04:00,1,72.0,Chance Showers And Thunderstorms,"A chance of showers and thunderstorms before 8am, then a chance of showers and thunderstorms. Partly sunny, with a high near 72. Northeast wind around 9 mph. Chance of precipitation is 40%."
38,2026-07-27T18:58:40Z,KBOS,Friday Night,2026-07-31T18:00:00-04:00,0,65.0,Chance Showers And Thunderstorms then Partly Cloudy,"A chance of showers and thunderstorms before 11pm. Partly cloudy, with a low around 65. North wind around 6 mph. Chance of precipitation is 30%."
39,2026-07-27T18:58:40Z,KBOS,Saturday,2026-08-01T06:00:00-04:00,1,76.0,Mostly Sunny then Slight Chance Rain Showers,"A slight chance of rain showers after 5pm. Mostly sunny, with a high near 76. Northeast wind around 7 mph."
40,2026-07-27T18:58:40Z,KBOS,Saturday Night,2026-08-01T18:00:00-04:00,0,68.0,Partly Cloudy,"Partly cloudy, with a low around 68. South wind around 6 mph."
41,2026-07-27T18:58:40Z,KBOS,Sunday,2026-08-02T06:00:00-04:00,1,81.0,Mostly Sunny then Slight Chance Showers And Thunderstorms,"A slight chance of showers and thunderstorms after 3pm. Mostly sunny, with a high near 81. South wind 5 to 9 mph."
42,2026-07-27T18:58:40Z,KBOS,Sunday Night,2026-08-02T18:00:00-04:00,0,69.0,Chance Showers And Thunderstorms,"A chance of showers and thunderstorms. Mostly cloudy, with a low around 69. South wind 6 to 9 mph."
43,2026-07-27T18:58:40Z,KMDW,This Afternoon,2026-07-27T13:00:00-05:00,1,87.0,Showers And Thunderstorms Likely,"Showers and thunderstorms likely. Some of the storms could be severe. Partly sunny. High near 87, with temperatures falling to around 85 in the afternoon. Heat index values as high as 96. South southwest wind around 15 mph, with gusts as high as 30 mph. Chance of precipitation is 60%. New rainfall amounts between a quarter and half of an inch possible."
44,2026-07-27T18:58:40Z,KMDW,Tonight,2026-07-27T18:00:00-05:00,0,71.0,Chance Showers And Thunderstorms then Mostly Cloudy,"A chance of showers and thunderstorms before 11pm. Some of the storms could be severe. Mostly cloudy, with a low around 71. West northwest wind 10 to 15 mph, with gusts as high as 30 mph. Chance of precipitation is 40%. New rainfall amounts between a quarter and half of an inch possible."
45,2026-07-27T18:58:40Z,KMDW,Tuesday,2026-07-28T06:00:00-05:00,1,80.0,Mostly Sunny,"Mostly sunny. High near 80, with temperatures falling to around 78 in the afternoon. North wind around 15 mph, with gusts as high as 25 mph."
46,2026-07-27T18:58:40Z,KMDW,Tuesday Night,2026-07-28T18:00:00-05:00,0,66.0,Mostly Clear,"Mostly clear, with a low around 66. North wind 10 to 15 mph, with gusts as high as 25 mph."
47,2026-07-27T18:58:40Z,KMDW,Wednesday,2026-07-29T06:00:00-05:00,1,82.0,Sunny,"Sunny, with a high near 82. North wind around 10 mph."
48,2026-07-27T18:58:40Z,KMDW,Wednesday Night,2026-07-29T18:00:00-05:00,0,68.0,Mostly Clear,"Mostly clear, with a low around 68."
49,2026-07-27T18:58:40Z,KMDW,Thursday,2026-07-30T06:00:00-05:00,1,88.0,Sunny,"Sunny, with a high near 88."
50,2026-07-27T18:58:40Z,KMDW,Thursday Night,2026-07-30T18:00:00-05:00,0,71.0,Partly Cloudy,"Partly cloudy, with a low around 71."
51,2026-07-27T18:58:40Z,KMDW,Friday,2026-07-31T06:00:00-05:00,1,84.0,Partly Sunny then Chance Showers And Thunderstorms,"A chance of showers and thunderstorms after 1pm. Partly sunny, with a high near 84."
52,2026-07-27T18:58:40Z,KMDW,Friday Night,2026-07-31T18:00:00-05:00,0,71.0,Chance Showers And Thunderstorms,"A chance of showers and thunderstorms before 7pm, then a chance of showers and thunderstorms. Mostly cloudy, with a low around 71."
53,2026-07-27T18:58:40Z,KMDW,Saturday,2026-08-01T06:00:00-05:00,1,80.0,Chance Showers And Thunderstorms,"A chance of showers and thunderstorms before 1pm, then a chance of showers and thunderstorms. Mostly cloudy, with a high near 80."
54,2026-07-27T18:58:40Z,KMDW,Saturday Night,2026-08-01T18:00:00-05:00,0,69.0,Chance Showers And Thunderstorms,"A chance of showers and thunderstorms before 7pm, then a chance of showers and thunderstorms between 7pm and 1am. Mostly cloudy, with a low around 69."
55,2026-07-27T18:58:40Z,KMDW,Sunday,2026-08-02T06:00:00-05:00,1,82.0,Mostly Sunny,"Mostly sunny, with a high near 82."
56,2026-07-27T18:58:40Z,KMDW,Sunday Night,2026-08-02T18:00:00-05:00,0,68.0,Mostly Clear,"Mostly clear, with a low around 68."
57,2026-07-27T18:58:40Z,KDFW,This Afternoon,2026-07-27T13:00:00-05:00,1,102.0,Sunny,"Sunny, with a high near 102. Heat index values as high as 109. South wind around 10 mph."
58,2026-07-27T18:58:40Z,KDFW,Tonight,2026-07-27T18:00:00-05:00,0,81.0,Mostly Clear,"Mostly clear. Low around 81, with temperatures rising to around 83 overnight. Heat index values as high as 107. South wind around 10 mph."
59,2026-07-27T18:58:40Z,KDFW,Tuesday,2026-07-28T06:00:00-05:00,1,102.0,Sunny,"Sunny, with a high near 102. Heat index values as high as 109. South southwest wind 5 to 10 mph."
60,2026-07-27T18:58:40Z,KDFW,Tuesday Night,2026-07-28T18:00:00-05:00,0,81.0,Mostly Clear,"Mostly clear. Low around 81, with temperatures rising to around 83 overnight. Heat index values as high as 108. South wind 5 to 10 mph."
61,2026-07-27T18:58:40Z,KDFW,Wednesday,2026-07-29T06:00:00-05:00,1,102.0,Mostly Sunny,"Mostly sunny, with a high near 102. South wind 5 to 10 mph."
62,2026-07-27T18:58:40Z,KDFW,Wednesday Night,2026-07-29T18:00:00-05:00,0,82.0,Mostly Clear,"Mostly clear. Low around 82, with temperatures rising to around 84 overnight. South wind 5 to 10 mph."
63,2026-07-27T18:58:40Z,KDFW,Thursday,2026-07-30T06:00:00-05:00,1,102.0,Sunny,"Sunny, with a high near 102. South southwest wind 5 to 10 mph."
64,2026-07-27T18:58:40Z,KDFW,Thursday Night,2026-07-30T18:00:00-05:00,0,82.0,Mostly Clear,"Mostly clear, with a low around 82. South wind around 10 mph."
65,2026-07-27T18:58:40Z,KDFW,Friday,2026-07-31T06:00:00-05:00,1,103.0,Mostly Sunny,"Mostly sunny, with a high near 103. South southwest wind around 10 mph."
66,2026-07-27T18:58:40Z,KDFW,Friday Night,2026-07-31T18:00:00-05:00,0,82.0,Mostly Clear,"Mostly clear, with a low around 82."
67,2026-07-27T18:58:40Z,KDFW,Saturday,2026-08-01T06:00:00-05:00,1,101.0,Sunny,"Sunny, with a high near 101."
68,2026-07-27T18:58:40Z,KDFW,Saturday Night,2026-08-01T18:00:00-05:00,0,78.0,Mostly Clear,"Mostly clear, with a low around 78."
69,2026-07-27T18:58:40Z,KDFW,Sunday,2026-08-02T06:00:00-05:00,1,98.0,Sunny,"Sunny, with a high near 98."
70,2026-07-27T18:58:40Z,KDFW,Sunday Night,2026-08-02T18:00:00-05:00,0,78.0,Clear,"Clear, with a low around 78."
71,2026-07-27T18:58:40Z,KDEN,Today,2026-07-27T08:00:00-06:00,1,95.0,Slight Chance Rain Showers then Slight Chance Showers And Thunderstorms,"A slight chance of rain showers before 9am, then a slight chance of showers and thunderstorms between noon and 2pm, then a chance of showers and thunderstorms between 2pm and 3pm, then a chance of showers and thunderstorms. Mostly cloudy. High near 95, with temperatures falling to around 89 in the afternoon. North wind 6 to 12 mph, with gusts as high as 18 mph. Chance of precipitation is 40%. New rainfall amounts less than a tenth of an inch possible."
72,2026-07-27T18:58:40Z,KDEN,Tonight,2026-07-27T18:00:00-06:00,0,67.0,Showers And Thunderstorms Likely then Mostly Cloudy,"Showers and thunderstorms likely before midnight. Mostly cloudy. Low around 67, with temperatures rising to around 71 overnight. South southwest wind 5 to 12 mph, with gusts as high as 18 mph. Chance of precipitation is 60%. New rainfall amounts less than a tenth of an inch possible."
73,2026-07-27T18:58:40Z,KDEN,Tuesday,2026-07-28T06:00:00-06:00,1,91.0,Mostly Sunny then Showers And Thunderstorms Likely,"Showers and thunderstorms likely after 2pm. Mostly sunny. High near 91, with temperatures falling to around 86 in the afternoon. North northeast wind 3 to 8 mph. Chance of precipitation is 60%."
74,2026-07-27T18:58:40Z,KDEN,Tuesday Night,2026-07-28T18:00:00-06:00,0,64.0,Chance Showers And Thunderstorms then Mostly Cloudy,"A chance of showers and thunderstorms before midnight. Mostly cloudy, with a low around 64. South southeast wind 5 to 9 mph. Chance of precipitation is 50%."
75,2026-07-27T18:58:40Z,KDEN,Wednesday,2026-07-29T06:00:00-06:00,1,92.0,Mostly Sunny then Showers And Thunderstorms Likely,"Showers and thunderstorms likely after noon. Mostly sunny, with a high near 92. South wind 2 to 6 mph. Chance of precipitation is 60%."
76,2026-07-27T18:58:40Z,KDEN,Wednesday Night,2026-07-29T18:00:00-06:00,0,64.0,Chance Showers And Thunderstorms then Partly Cloudy,"A chance of showers and thunderstorms before midnight. Partly cloudy, with a low around 64. Chance of precipitation is 50%."
77,2026-07-27T18:58:40Z,KDEN,Thursday,2026-07-30T06:00:00-06:00,1,93.0,Sunny,"Sunny, with a high near 93."
78,2026-07-27T18:58:40Z,KDEN,Thursday Night,2026-07-30T18:00:00-06:00,0,65.0,Partly Cloudy,"Partly cloudy, with a low around 65."
79,2026-07-27T18:58:40Z,KDEN,Friday,2026-07-31T06:00:00-06:00,1,94.0,Sunny then Slight Chance Showers And Thunderstorms,"A slight chance of showers and thunderstorms after noon. Sunny, with a high near 94."
80,2026-07-27T18:58:40Z,KDEN,Friday Night,2026-07-31T18:00:00-06:00,0,65.0,Slight Chance Showers And Thunderstorms then Mostly Clear,"A slight chance of showers and thunderstorms before midnight. Mostly clear, with a low around 65."
81,2026-07-27T18:58:40Z,KDEN,Saturday,2026-08-01T06:00:00-06:00,1,94.0,Sunny,"Sunny, with a high near 94."
82,2026-07-27T18:58:40Z,KDEN,Saturday Night,2026-08-01T18:00:00-06:00,0,66.0,Mostly Clear,"Mostly clear, with a low around 66."
83,2026-07-27T18:58:40Z,KDEN,Sunday,2026-08-02T06:00:00-06:00,1,100.0,Sunny,"Sunny, with a high near 100."
84,2026-07-27T18:58:40Z,KDEN,Sunday Night,2026-08-02T18:00:00-06:00,0,67.0,Partly Cloudy,"Partly cloudy, with a low around 67."
85,2026-07-27T18:58:40Z,KIAH,This Afternoon,2026-07-27T14:00:00-05:00,1,99.0,Sunny,"Sunny, with a high near 99. Heat index values as high as 107. Southwest wind around 5 mph."
86,2026-07-27T18:58:40Z,KIAH,Tonight,2026-07-27T18:00:00-05:00,0,78.0,Mostly Clear,"Mostly clear, with a low around 78. Heat index values as high as 108. Southwest wind 5 to 10 mph."
87,2026-07-27T18:58:40Z,KIAH,Tuesday,2026-07-28T06:00:00-05:00,1,100.0,Sunny,"Sunny, with a high near 100. Heat index values as high as 110. Southwest wind around 5 mph."
88,2026-07-27T18:58:40Z,KIAH,Tuesday Night,2026-07-28T18:00:00-05:00,0,79.0,Mostly Clear,"Mostly clear, with a low around 79. Heat index values as high as 109. South wind 5 to 10 mph."
89,2026-07-27T18:58:40Z,KIAH,Wednesday,2026-07-29T06:00:00-05:00,1,101.0,Mostly Sunny,"Mostly sunny, with a high near 101. Southwest wind around 5 mph."
90,2026-07-27T18:58:40Z,KIAH,Wednesday Night,2026-07-29T18:00:00-05:00,0,80.0,Mostly Clear,"Mostly clear, with a low around 80."
91,2026-07-27T18:58:40Z,KIAH,Thursday,2026-07-30T06:00:00-05:00,1,102.0,Mostly Sunny,"Mostly sunny, with a high near 102."
92,2026-07-27T18:58:40Z,KIAH,Thursday Night,2026-07-30T18:00:00-05:00,0,80.0,Partly Cloudy,"Partly cloudy, with a low around 80."
93,2026-07-27T18:58:40Z,KIAH,Friday,2026-07-31T06:00:00-05:00,1,102.0,Mostly Sunny,"Mostly sunny, with a high near 102."
94,2026-07-27T18:58:40Z,KIAH,Friday Night,2026-07-31T18:00:00-05:00,0,81.0,Partly Cloudy,"Partly cloudy, with a low around 81."
95,2026-07-27T18:58:40Z,KIAH,Saturday,2026-08-01T06:00:00-05:00,1,101.0,Mostly Sunny,"Mostly sunny, with a high near 101."
96,2026-07-27T18:58:40Z,KIAH,Saturday Night,2026-08-01T18:00:00-05:00,0,81.0,Partly Cloudy then Slight Chance Showers And Thunderstorms,"A slight chance of showers and thunderstorms after 1am. Partly cloudy, with a low around 81. Chance of precipitation is 20%."
97,2026-07-27T18:58:40Z,KIAH,Sunday,2026-08-02T06:00:00-05:00,1,99.0,Slight Chance Showers And Thunderstorms,"A slight chance of showers and thunderstorms. Mostly sunny, with a high near 99. Chance of precipitation is 20%."
98,2026-07-27T18:58:40Z,KIAH,Sunday Night,2026-08-02T18:00:00-05:00,0,80.0,Slight Chance Showers And Thunderstorms then Partly Cloudy,"A slight chance of showers and thunderstorms before 7pm. Partly cloudy, with a low around 80."
99,2026-07-27T18:58:40Z,KLAS,Today,2026-07-27T11:00:00-07:00,1,110.0,Sunny,"Sunny. High near 110, with temperatures falling to around 108 in the afternoon. Heat index values as high as 105. Southwest wind around 13 mph, with gusts as high as 22 mph."
100,2026-07-27T18:58:40Z,KLAS,Tonight,2026-07-27T18:00:00-07:00,0,87.0,Mostly Clear,"Mostly clear. Low around 87, with temperatures rising to around 89 overnight. Southwest wind 6 to 13 mph, with gusts as high as 20 mph."
101,2026-07-27T18:58:40Z,KLAS,Tuesday,2026-07-28T06:00:00-07:00,1,111.0,Sunny,"Sunny, with a high near 111. Heat index values as high as 106. South southwest wind 5 to 10 mph, with gusts as high as 20 mph."
102,2026-07-27T18:58:40Z,KLAS,Tuesday Night,2026-07-28T18:00:00-07:00,0,86.0,Mostly Clear,"Mostly clear, with a low around 86. Heat index values as high as 105. Southwest wind 6 to 12 mph, with gusts as high as 18 mph."
103,2026-07-27T18:58:40Z,KLAS,Wednesday,2026-07-29T06:00:00-07:00,1,111.0,Sunny,"Sunny, with a high near 111. South southwest wind 5 to 13 mph, with gusts as high as 21 mph."
104,2026-07-27T18:58:40Z,KLAS,Wednesday Night,2026-07-29T18:00:00-07:00,0,85.0,Mostly Clear,"Mostly clear, with a low around 85."
105,2026-07-27T18:58:40Z,KLAS,Thursday,2026-07-30T06:00:00-07:00,1,112.0,Sunny,"Sunny, with a high near 112."
106,2026-07-27T18:58:40Z,KLAS,Thursday Night,2026-07-30T18:00:00-07:00,0,87.0,Mostly Clear,"Mostly clear, with a low around 87."
107,2026-07-27T18:58:40Z,KLAS,Friday,2026-07-31T06:00:00-07:00,1,114.0,Sunny,"Sunny, with a high near 114."
108,2026-07-27T18:58:40Z,KLAS,Friday Night,2026-07-31T18:00:00-07:00,0,89.0,Mostly Clear,"Mostly clear, with a low around 89."
109,2026-07-27T18:58:40Z,KLAS,Saturday,2026-08-01T06:00:00-07:00,1,117.0,Sunny,"Sunny, with a high near 117."
110,2026-07-27T18:58:40Z,KLAS,Saturday Night,2026-08-01T18:00:00-07:00,0,90.0,Mostly Clear,"Mostly clear, with a low around 90."
111,2026-07-27T18:58:40Z,KLAS,Sunday,2026-08-02T06:00:00-07:00,1,117.0,Sunny,"Sunny, with a high near 117."
112,2026-07-27T18:58:40Z,KLAS,Sunday Night,2026-08-02T18:00:00-07:00,0,90.0,Mostly Clear,"Mostly clear, with a low around 90."
113,2026-07-27T18:58:40Z,KLAX,Today,2026-07-27T11:00:00-07:00,1,79.0,Sunny,"Sunny, with a high near 79. Southwest wind around 10 mph."
114,2026-07-27T18:58:40Z,KLAX,Tonight,2026-07-27T18:00:00-07:00,0,68.0,Mostly Cloudy then Patchy Fog,"Patchy fog after 5am. Mostly cloudy, with a low around 68. Southwest wind 5 to 10 mph."
115,2026-07-27T18:58:40Z,KLAX,Tuesday,2026-07-28T06:00:00-07:00,1,79.0,Patchy Fog then Mostly Sunny,"Patchy fog before 11am. Mostly sunny, with a high near 79. South southwest wind 5 to 10 mph."
116,2026-07-27T18:58:40Z,KLAX,Tuesday Night,2026-07-28T18:00:00-07:00,0,67.0,Mostly Cloudy then Patchy Fog,"Patchy fog after 5am. Mostly cloudy, with a low around 67. South wind 5 to 10 mph."
117,2026-07-27T18:58:40Z,KLAX,Wednesday,2026-07-29T06:00:00-07:00,1,77.0,Patchy Fog then Mostly Sunny,"Patchy fog before 11am. Mostly sunny, with a high near 77. South wind 5 to 10 mph."
118,2026-07-27T18:58:40Z,KLAX,Wednesday Night,2026-07-29T18:00:00-07:00,0,67.0,Patchy Fog,"Patchy fog after 11pm. Mostly cloudy, with a low around 67."
119,2026-07-27T18:58:40Z,KLAX,Thursday,2026-07-30T06:00:00-07:00,1,77.0,Patchy Fog then Mostly Sunny,"Patchy fog before 11am. Mostly sunny, with a high near 77."
120,2026-07-27T18:58:40Z,KLAX,Thursday Night,2026-07-30T18:00:00-07:00,0,67.0,Partly Cloudy,"Partly cloudy, with a low around 67."
121,2026-07-27T18:58:40Z,KLAX,Friday,2026-07-31T06:00:00-07:00,1,79.0,Mostly Sunny,"Mostly sunny, with a high near 79."
122,2026-07-27T18:58:40Z,KLAX,Friday Night,2026-07-31T18:00:00-07:00,0,68.0,Partly Cloudy,"Partly cloudy, with a low around 68."
123,2026-07-27T18:58:40Z,KLAX,Saturday,2026-08-01T06:00:00-07:00,1,80.0,Mostly Sunny,"Mostly sunny, with a high near 80."
124,2026-07-27T18:58:40Z,KLAX,Saturday Night,2026-08-01T18:00:00-07:00,0,68.0,Partly Cloudy,"Partly cloudy, with a low around 68."
125,2026-07-27T18:58:40Z,KLAX,Sunday,2026-08-02T06:00:00-07:00,1,80.0,Sunny,"Sunny, with a high near 80."
126,2026-07-27T18:58:40Z,KLAX,Sunday Night,2026-08-02T18:00:00-07:00,0,68.0,Partly Cloudy,"Partly cloudy, with a low around 68."
127,2026-07-27T18:58:40Z,KMIA,This Afternoon,2026-07-27T14:00:00-04:00,1,91.0,Showers And Thunderstorms Likely,"Showers and thunderstorms likely. Mostly cloudy, with a high near 91. Heat index values as high as 100. Southwest wind 6 to 9 mph. Chance of precipitation is 60%. New rainfall amounts less than a tenth of an inch possible."
128,2026-07-27T18:58:40Z,KMIA,Tonight,2026-07-27T18:00:00-04:00,0,79.0,Chance Showers And Thunderstorms then Partly Cloudy,"A chance of showers and thunderstorms before 8pm. Partly cloudy, with a low around 79. Southwest wind around 9 mph. Chance of precipitation is 50%. New rainfall amounts less than a tenth of an inch possible."
129,2026-07-27T18:58:40Z,KMIA,Tuesday,2026-07-28T06:00:00-04:00,1,92.0,Chance Showers And Thunderstorms,"A chance of showers and thunderstorms after 8am. Mostly sunny, with a high near 92. Heat index values as high as 102. Southwest wind 6 to 14 mph, with gusts as high as 22 mph. Chance of precipitation is 50%. New rainfall amounts less than a tenth of an inch possible."
130,2026-07-27T18:58:40Z,KMIA,Tuesday Night,2026-07-28T18:00:00-04:00,0,79.0,Slight Chance Showers And Thunderstorms then Partly Cloudy,"A slight chance of showers and thunderstorms before 8pm. Partly cloudy, with a low around 79. Southwest wind 8 to 13 mph, with gusts as high as 20 mph. Chance of precipitation is 20%."
131,2026-07-27T18:58:40Z,KMIA,Wednesday,2026-07-29T06:00:00-04:00,1,94.0,Mostly Sunny then Slight Chance Showers And Thunderstorms,"A slight chance of showers and thunderstorms after 2pm. Mostly sunny, with a high near 94. Southwest wind 8 to 15 mph, with gusts as high as 25 mph. Chance of precipitation is 20%."
132,2026-07-27T18:58:40Z,KMIA,Wednesday Night,2026-07-29T18:00:00-04:00,0,79.0,Slight Chance Showers And Thunderstorms then Partly Cloudy,"A slight chance of showers and thunderstorms before 8pm. Partly cloudy, with a low around 79. Southwest wind 8 to 15 mph, with gusts as high as 23 mph. Chance of precipitation is 20%."
133,2026-07-27T18:58:40Z,KMIA,Thursday,2026-07-30T06:00:00-04:00,1,95.0,Mostly Sunny,"Mostly sunny, with a high near 95. Southwest wind 7 to 15 mph, with gusts as high as 25 mph."
134,2026-07-27T18:58:40Z,KMIA,Thursday Night,2026-07-30T18:00:00-04:00,0,79.0,Partly Cloudy,"Partly cloudy, with a low around 79. Southwest wind 5 to 14 mph, with gusts as high as 24 mph."
135,2026-07-27T18:58:40Z,KMIA,Friday,2026-07-31T06:00:00-04:00,1,94.0,Mostly Sunny then Slight Chance Showers And Thunderstorms,"A slight chance of showers and thunderstorms after 2pm. Mostly sunny, with a high near 94. Southwest wind 5 to 12 mph, with gusts as high as 18 mph. Chance of precipitation is 20%."
136,2026-07-27T18:58:40Z,KMIA,Friday Night,2026-07-31T18:00:00-04:00,0,80.0,Slight Chance Showers And Thunderstorms then Partly Cloudy,"A slight chance of showers and thunderstorms before 8pm. Partly cloudy, with a low around 80. Chance of precipitation is 20%."
137,2026-07-27T18:58:40Z,KMIA,Saturday,2026-08-01T06:00:00-04:00,1,92.0,Mostly Sunny then Chance Showers And Thunderstorms,"A chance of showers and thunderstorms after 2pm. Mostly sunny, with a high near 92. Chance of precipitation is 30%."
138,2026-07-27T18:58:40Z,KMIA,Saturday Night,2026-08-01T18:00:00-04:00,0,81.0,Chance Showers And Thunderstorms then Mostly Cloudy,"A chance of showers and thunderstorms before 8pm. Mostly cloudy, with a low around 81. Chance of precipitation is 30%."
139,2026-07-27T18:58:40Z,KMIA,Sunday,2026-08-02T06:00:00-04:00,1,93.0,Mostly Sunny then Slight Chance Showers And Thunderstorms,"A slight chance of showers and thunderstorms after 2pm. Mostly sunny, with a high near 93. Chance of precipitation is 20%."
140,2026-07-27T18:58:40Z,KMIA,Sunday Night,2026-08-02T18:00:00-04:00,0,81.0,Slight Chance Showers And Thunderstorms then Partly Cloudy,"A slight chance of showers and thunderstorms before 8pm. Partly cloudy, with a low around 81."
141,2026-07-27T18:58:40Z,KMSP,This Afternoon,2026-07-27T13:00:00-05:00,1,98.0,Patchy Smoke,"Patchy smoke. Sunny, with a high near 98. Heat index values as high as 98. North northwest wind around 15 mph, with gusts as high as 30 mph."
142,2026-07-27T18:58:40Z,KMSP,Tonight,2026-07-27T18:00:00-05:00,0,70.0,Partly Cloudy,"Partly cloudy, with a low around 70. Heat index values as high as 95. Northeast wind 5 to 15 mph."
143,2026-07-27T18:58:40Z,KMSP,Tuesday,2026-07-28T06:00:00-05:00,1,90.0,Mostly Sunny,"Mostly sunny, with a high near 90. Southeast wind 0 to 5 mph."
144,2026-07-27T18:58:40Z,KMSP,Tuesday Night,2026-07-28T18:00:00-05:00,0,71.0,Mostly Clear,"Mostly clear, with a low around 71. South southeast wind around 5 mph."
145,2026-07-27T18:58:40Z,KMSP,Wednesday,2026-07-29T06:00:00-05:00,1,92.0,Sunny then Slight Chance Showers And Thunderstorms,"A slight chance of showers and thunderstorms after 1pm. Sunny, with a high near 92. South southwest wind 5 to 10 mph. Chance of precipitation is 20%."
146,2026-07-27T18:58:40Z,KMSP,Wednesday Night,2026-07-29T18:00:00-05:00,0,73.0,Slight Chance Showers And Thunderstorms then Mostly Clear,"A slight chance of showers and thunderstorms before 7pm. Mostly clear, with a low around 73. South wind around 10 mph. Chance of precipitation is 20%."
147,2026-07-27T18:58:40Z,KMSP,Thursday,2026-07-30T06:00:00-05:00,1,91.0,Mostly Sunny then Chance Showers And Thunderstorms,"A chance of showers and thunderstorms after 1pm. Mostly sunny. High near 91, with temperatures falling to around 88 in the afternoon. South southwest wind 5 to 10 mph. Chance of precipitation is 30%."
148,2026-07-27T18:58:40Z,KMSP,Thursday Night,2026-07-30T18:00:00-05:00,0,70.0,Chance Showers And Thunderstorms,"A chance of showers and thunderstorms before 1am, then showers and thunderstorms likely. Mostly cloudy, with a low around 70. South wind 5 to 10 mph. Chance of precipitation is 60%."
149,2026-07-27T18:58:40Z,KMSP,Friday,2026-07-31T06:00:00-05:00,1,81.0,Showers And Thunderstorms Likely,"Showers and thunderstorms likely before 1pm, then a chance of showers and thunderstorms. Mostly cloudy, with a high near 81. East wind around 5 mph. Chance of precipitation is 60%."
150,2026-07-27T18:58:40Z,KMSP,Friday Night,2026-07-31T18:00:00-05:00,0,68.0,Chance Showers And Thunderstorms,"A chance of showers and thunderstorms before 1am. Partly cloudy, with a low around 68. North wind 0 to 5 mph. Chance of precipitation is 50%."
151,2026-07-27T18:58:40Z,KMSP,Saturday,2026-08-01T06:00:00-05:00,1,84.0,Mostly Sunny,"Mostly sunny, with a high near 84. North wind 5 to 10 mph."
152,2026-07-27T18:58:40Z,KMSP,Saturday Night,2026-08-01T18:00:00-05:00,0,66.0,Mostly Clear,"Mostly clear, with a low around 66. North northeast wind 0 to 10 mph."
153,2026-07-27T18:58:40Z,KMSP,Sunday,2026-08-02T06:00:00-05:00,1,86.0,Sunny,"Sunny, with a high near 86. East wind 0 to 5 mph."
154,2026-07-27T18:58:40Z,KMSP,Sunday Night,2026-08-02T18:00:00-05:00,0,67.0,Mostly Clear,"Mostly clear, with a low around 67. Southeast wind 5 to 10 mph."
155,2026-07-27T18:58:40Z,KMSY,Today,2026-07-27T09:00:00-05:00,1,96.0,Sunny,"Sunny, with a high near 96. Heat index values as high as 106. Northwest wind 5 to 10 mph."
156,2026-07-27T18:58:40Z,KMSY,Tonight,2026-07-27T18:00:00-05:00,0,79.0,Partly Cloudy,"Partly cloudy, with a low around 79. Heat index values as high as 105. West wind 5 to 10 mph."
157,2026-07-27T18:58:40Z,KMSY,Tuesday,2026-07-28T06:00:00-05:00,1,96.0,Sunny,"Sunny, with a high near 96. Heat index values as high as 106. West wind 5 to 10 mph."
158,2026-07-27T18:58:40Z,KMSY,Tuesday Night,2026-07-28T18:00:00-05:00,0,79.0,Mostly Clear,"Mostly clear, with a low around 79. Heat index values as high as 105. West wind around 10 mph."
159,2026-07-27T18:58:40Z,KMSY,Wednesday,2026-07-29T06:00:00-05:00,1,96.0,Mostly Sunny,"Mostly sunny, with a high near 96. West wind around 10 mph."
160,2026-07-27T18:58:40Z,KMSY,Wednesday Night,2026-07-29T18:00:00-05:00,0,80.0,Slight Chance Showers And Thunderstorms,"A slight chance of showers and thunderstorms between 7pm and 1am. Partly cloudy, with a low around 80. Southwest wind around 10 mph. Chance of precipitation is 20%."
161,2026-07-27T18:58:40Z,KMSY,Thursday,2026-07-30T06:00:00-05:00,1,93.0,Showers And Thunderstorms Likely,"Showers and thunderstorms likely after 7am. Mostly sunny, with a high near 93. West wind around 10 mph. Chance of precipitation is 60%."
162,2026-07-27T18:58:40Z,KMSY,Thursday Night,2026-07-30T18:00:00-05:00,0,79.0,Showers And Thunderstorms Likely,"Showers and thunderstorms likely. Partly cloudy, with a low around 79. Southwest wind around 10 mph."
163,2026-07-27T18:58:40Z,KMSY,Friday,2026-07-31T06:00:00-05:00,1,92.0,Chance Showers And Thunderstorms,"A chance of showers and thunderstorms. Partly sunny, with a high near 92. West wind around 10 mph."
164,2026-07-27T18:58:40Z,KMSY,Friday Night,2026-07-31T18:00:00-05:00,0,78.0,Chance Showers And Thunderstorms then Partly Cloudy,"A chance of showers and thunderstorms before 7pm. Partly cloudy, with a low around 78. Southwest wind around 10 mph."
165,2026-07-27T18:58:40Z,KMSY,Saturday,2026-08-01T06:00:00-05:00,1,92.0,Chance Showers And Thunderstorms,"A chance of showers and thunderstorms after 7am. Partly sunny, with a high near 92. West wind 10 to 15 mph."
166,2026-07-27T18:58:40Z,KMSY,Saturday Night,2026-08-01T18:00:00-05:00,0,78.0,Chance Showers And Thunderstorms,"A chance of showers and thunderstorms before 1am, then a chance of showers and thunderstorms. Partly cloudy, with a low around 78. Southwest wind 10 to 15 mph."
167,2026-07-27T18:58:40Z,KMSY,Sunday,2026-08-02T06:00:00-05:00,1,90.0,Showers And Thunderstorms Likely,"Showers and thunderstorms likely before 1pm, then showers and thunderstorms likely. Partly sunny, with a high near 90. West wind around 10 mph."
168,2026-07-27T18:58:40Z,KMSY,Sunday Night,2026-08-02T18:00:00-05:00,0,77.0,Showers And Thunderstorms Likely,"Showers and thunderstorms likely before 1am, then a chance of showers and thunderstorms. Mostly cloudy, with a low around 77. Southwest wind 5 to 10 mph."
169,2026-07-27T18:58:40Z,KNYC,Today,2026-07-27T10:00:00-04:00,1,83.0,Chance Showers And Thunderstorms,"A chance of showers and thunderstorms after 11am. Partly sunny. High near 83, with temperatures falling to around 81 in the afternoon. South wind 0 to 6 mph. Chance of precipitation is 40%."
170,2026-07-27T18:58:40Z,KNYC,Tonight,2026-07-27T18:00:00-04:00,0,70.0,Chance Showers And Thunderstorms,"A chance of showers and thunderstorms before 11pm, then a chance of showers and thunderstorms. Mostly cloudy, with a low around 70. South wind around 6 mph. Chance of precipitation is 30%."
171,2026-07-27T18:58:40Z,KNYC,Tuesday,2026-07-28T06:00:00-04:00,1,79.0,Showers And Thunderstorms Likely,"Showers and thunderstorms likely. Mostly cloudy. High near 79, with temperatures falling to around 76 in the afternoon. South wind 5 to 14 mph, with gusts as high as 28 mph. Chance of precipitation is 70%. New rainfall amounts between a quarter and half of an inch possible."
172,2026-07-27T18:58:40Z,KNYC,Tuesday Night,2026-07-28T18:00:00-04:00,0,69.0,Showers And Thunderstorms,"Showers and thunderstorms. Cloudy, with a low around 69. Southeast wind 6 to 13 mph, with gusts as high as 28 mph. Chance of precipitation is 90%. New rainfall amounts between 1 and 2 inches possible."
173,2026-07-27T18:58:40Z,KNYC,Wednesday,2026-07-29T06:00:00-04:00,1,79.0,Rain Showers,"Rain showers before 2pm, then showers and thunderstorms. Mostly cloudy, with a high near 79. East wind around 7 mph. Chance of precipitation is 80%. New rainfall amounts between 1 and 2 inches possible."
174,2026-07-27T18:58:40Z,KNYC,Wednesday Night,2026-07-29T18:00:00-04:00,0,67.0,Showers And Thunderstorms,"Showers and thunderstorms. Mostly cloudy, with a low around 67. Chance of precipitation is 80%. New rainfall amounts between a half and three quarters of an inch possible."
175,2026-07-27T18:58:40Z,KNYC,Thursday,2026-07-30T06:00:00-04:00,1,78.0,Chance Showers And Thunderstorms,"A chance of showers and thunderstorms. Partly sunny, with a high near 78. Chance of precipitation is 50%."
176,2026-07-27T18:58:40Z,KNYC,Thursday Night,2026-07-30T18:00:00-04:00,0,67.0,Chance Showers And Thunderstorms then Mostly Cloudy,"A chance of showers and thunderstorms before 8pm. Mostly cloudy, with a low around 67. Chance of precipitation is 50%."
177,2026-07-27T18:58:40Z,KNYC,Friday,2026-07-31T06:00:00-04:00,1,83.0,Mostly Sunny,"Mostly sunny, with a high near 83."
178,2026-07-27T18:58:40Z,KNYC,Friday Night,2026-07-31T18:00:00-04:00,0,69.0,Partly Cloudy,"Partly cloudy, with a low around 69."
179,2026-07-27T18:58:40Z,KNYC,Saturday,2026-08-01T06:00:00-04:00,1,85.0,Mostly Sunny,"Mostly sunny, with a high near 85."
180,2026-07-27T18:58:40Z,KNYC,Saturday Night,2026-08-01T18:00:00-04:00,0,71.0,Mostly Cloudy,"Mostly cloudy, with a low around 71."
181,2026-07-27T18:58:40Z,KNYC,Sunday,2026-08-02T06:00:00-04:00,1,84.0,Chance Showers And Thunderstorms,"A slight chance of rain showers between 8am and 2pm, then a chance of showers and thunderstorms. Partly sunny, with a high near 84. Chance of precipitation is 40%."
182,2026-07-27T18:58:40Z,KNYC,Sunday Night,2026-08-02T18:00:00-04:00,0,71.0,Chance Showers And Thunderstorms,"A chance of showers and thunderstorms. Mostly cloudy, with a low around 71."
183,2026-07-27T18:58:40Z,KOKC,This Afternoon,2026-07-27T13:00:00-05:00,1,101.0,Sunny,"Sunny, with a high near 101. Heat index values as high as 104. South southwest wind around 14 mph, with gusts as high as 21 mph."
184,2026-07-27T18:58:40Z,KOKC,Tonight,2026-07-27T18:00:00-05:00,0,77.0,Clear,"Clear, with a low around 77. Heat index values as high as 104. South wind 9 to 15 mph, with gusts as high as 23 mph."
185,2026-07-27T18:58:40Z,KOKC,Tuesday,2026-07-28T06:00:00-05:00,1,102.0,Mostly Sunny,"Mostly sunny, with a high near 102. Heat index values as high as 105. South southwest wind around 12 mph."
186,2026-07-27T18:58:40Z,KOKC,Tuesday Night,2026-07-28T18:00:00-05:00,0,78.0,Partly Cloudy,"Partly cloudy, with a low around 78. Heat index values as high as 104. South wind around 12 mph."
187,2026-07-27T18:58:40Z,KOKC,Wednesday,2026-07-29T06:00:00-05:00,1,101.0,Mostly Sunny,"Mostly sunny, with a high near 101. South southwest wind 7 to 12 mph."
188,2026-07-27T18:58:40Z,KOKC,Wednesday Night,2026-07-29T18:00:00-05:00,0,78.0,Partly Cloudy,"Partly cloudy, with a low around 78."
189,2026-07-27T18:58:40Z,KOKC,Thursday,2026-07-30T06:00:00-05:00,1,100.0,Mostly Sunny,"Mostly sunny, with a high near 100."
190,2026-07-27T18:58:40Z,KOKC,Thursday Night,2026-07-30T18:00:00-05:00,0,77.0,Partly Cloudy then Slight Chance Showers And Thunderstorms,"A slight chance of showers and thunderstorms after 1am. Partly cloudy, with a low around 77. Chance of precipitation is 20%."
191,2026-07-27T18:58:40Z,KOKC,Friday,2026-07-31T06:00:00-05:00,1,100.0,Slight Chance Showers And Thunderstorms then Mostly Sunny,"A slight chance of showers and thunderstorms before 7am. Mostly sunny, with a high near 100. Chance of precipitation is 20%."
192,2026-07-27T18:58:40Z,KOKC,Friday Night,2026-07-31T18:00:00-05:00,0,75.0,Mostly Clear,"Mostly clear, with a low around 75."
193,2026-07-27T18:58:40Z,KOKC,Saturday,2026-08-01T06:00:00-05:00,1,94.0,Sunny,"Sunny, with a high near 94."
194,2026-07-27T18:58:40Z,KOKC,Saturday Night,2026-08-01T18:00:00-05:00,0,72.0,Clear,"Clear, with a low around 72."
195,2026-07-27T18:58:40Z,KOKC,Sunday,2026-08-02T06:00:00-05:00,1,95.0,Sunny,"Sunny, with a high near 95."
196,2026-07-27T18:58:40Z,KOKC,Sunday Night,2026-08-02T18:00:00-05:00,0,72.0,Clear,"Clear, with a low around 72."
197,2026-07-27T18:58:40Z,KPHL,Today,2026-07-27T11:00:00-04:00,1,86.0,Partly Sunny then Slight Chance Showers And Thunderstorms,"A slight chance of showers and thunderstorms between noon and 2pm, then showers and thunderstorms likely between 2pm and 4pm, then a chance of showers and thunderstorms. Partly sunny, with a high near 86. Southwest wind around 5 mph. Chance of precipitation is 70%. New rainfall amounts between a quarter and half of an inch possible."
198,2026-07-27T18:58:40Z,KPHL,Tonight,2026-07-27T18:00:00-04:00,0,69.0,Chance Showers And Thunderstorms then Patchy Fog,"A chance of showers and thunderstorms before 11pm, then patchy fog. Partly cloudy, with a low around 69. South wind around 5 mph. Chance of precipitation is 50%. New rainfall amounts between a quarter and half of an inch possible."
199,2026-07-27T18:58:40Z,KPHL,Tuesday,2026-07-28T06:00:00-04:00,1,82.0,Showers And Thunderstorms,"Patchy fog before 9am, then showers and thunderstorms. Mostly cloudy, with a high near 82. South wind 5 to 10 mph, with gusts as high as 25 mph. Chance of precipitation is 80%. New rainfall amounts between 1 and 2 inches possible."
200,2026-07-27T18:58:40Z,KPHL,Tuesday Night,2026-07-28T18:00:00-04:00,0,68.0,Showers And Thunderstorms,"Showers and thunderstorms before 2am. Mostly cloudy, with a low around 68. South wind 5 to 10 mph, with gusts as high as 25 mph. Chance of precipitation is 90%. New rainfall amounts between 1 and 2 inches possible."
201,2026-07-27T18:58:40Z,KPHL,Wednesday,2026-07-29T06:00:00-04:00,1,82.0,Showers And Thunderstorms Likely,"A slight chance of rain showers between 8am and 2pm, then showers and thunderstorms likely. Partly sunny, with a high near 82. West wind 5 to 10 mph. Chance of precipitation is 70%. New rainfall amounts between a tenth and quarter of an inch possible."
202,2026-07-27T18:58:40Z,KPHL,Wednesday Night,2026-07-29T18:00:00-04:00,0,67.0,Showers And Thunderstorms Likely then Slight Chance Showers And Thunderstorms,"Showers and thunderstorms likely before 8pm, then a slight chance of showers and thunderstorms between 8pm and 2am. Mostly cloudy, with a low around 67. Chance of precipitation is 70%. New rainfall amounts between a tenth and quarter of an inch possible."
203,2026-07-27T18:58:40Z,KPHL,Thursday,2026-07-30T06:00:00-04:00,1,81.0,Partly Sunny then Chance Showers And Thunderstorms,"A chance of showers and thunderstorms after 2pm. Partly sunny, with a high near 81. Chance of precipitation is 30%."
204,2026-07-27T18:58:40Z,KPHL,Thursday Night,2026-07-30T18:00:00-04:00,0,66.0,Chance Showers And Thunderstorms then Partly Cloudy,"A chance of showers and thunderstorms before 8pm. Partly cloudy, with a low around 66. Chance of precipitation is 30%."
205,2026-07-27T18:58:40Z,KPHL,Friday,2026-07-31T06:00:00-04:00,1,84.0,Sunny,"Sunny, with a high near 84."
206,2026-07-27T18:58:40Z,KPHL,Friday Night,2026-07-31T18:00:00-04:00,0,68.0,Partly Cloudy,"Partly cloudy, with a low around 68."
207,2026-07-27T18:58:40Z,KPHL,Saturday,2026-08-01T06:00:00-04:00,1,87.0,Mostly Sunny,"Mostly sunny, with a high near 87."
208,2026-07-27T18:58:40Z,KPHL,Saturday Night,2026-08-01T18:00:00-04:00,0,70.0,Slight Chance Showers And Thunderstorms,"A slight chance of showers and thunderstorms between 8pm and 2am. Mostly cloudy, with a low around 70."
209,2026-07-27T18:58:40Z,KPHL,Sunday,2026-08-02T06:00:00-04:00,1,87.0,Chance Showers And Thunderstorms,"A slight chance of rain showers between 8am and 2pm, then a chance of showers and thunderstorms. Partly sunny, with a high near 87. Chance of precipitation is 50%."
210,2026-07-27T18:58:40Z,KPHL,Sunday Night,2026-08-02T18:00:00-04:00,0,71.0,Chance Showers And Thunderstorms,"A chance of showers and thunderstorms. Mostly cloudy, with a low around 71."
211,2026-07-27T18:58:40Z,KPHX,Today,2026-07-27T11:00:00-07:00,1,111.0,Sunny,"Sunny. High near 111, with temperatures falling to around 109 in the afternoon. Heat index values as high as 112. West wind 10 to 15 mph, with gusts as high as 20 mph."
212,2026-07-27T18:58:40Z,KPHX,Tonight,2026-07-27T18:00:00-07:00,0,91.0,Partly Cloudy then Slight Chance Showers And Thunderstorms,"A slight chance of showers and thunderstorms after 5am. Partly cloudy. Low around 91, with temperatures rising to around 93 overnight. Heat index values as high as 110. West southwest wind 10 to 15 mph."
213,2026-07-27T18:58:40Z,KPHX,Tuesday,2026-07-28T06:00:00-07:00,1,110.0,Slight Chance Showers And Thunderstorms then Sunny,"A slight chance of showers and thunderstorms before 11am. Sunny. High near 110, with temperatures falling to around 108 in the afternoon. Heat index values as high as 110. West southwest wind 5 to 10 mph, with gusts as high as 20 mph. Chance of precipitation is 20%."
214,2026-07-27T18:58:40Z,KPHX,Tuesday Night,2026-07-28T18:00:00-07:00,0,91.0,Partly Cloudy,"Partly cloudy, with a low around 91. West wind 5 to 15 mph."
215,2026-07-27T18:58:40Z,KPHX,Wednesday,2026-07-29T06:00:00-07:00,1,112.0,Sunny,"Sunny, with a high near 112. West southwest wind 5 to 10 mph."
216,2026-07-27T18:58:40Z,KPHX,Wednesday Night,2026-07-29T18:00:00-07:00,0,92.0,Mostly Clear,"Mostly clear, with a low around 92. West southwest wind around 10 mph."
217,2026-07-27T18:58:40Z,KPHX,Thursday,2026-07-30T06:00:00-07:00,1,114.0,Sunny,"Sunny, with a high near 114. West wind 5 to 15 mph, with gusts as high as 20 mph."
218,2026-07-27T18:58:40Z,KPHX,Thursday Night,2026-07-30T18:00:00-07:00,0,93.0,Mostly Clear,"Mostly clear, with a low around 93. West wind around 5 mph."
219,2026-07-27T18:58:40Z,KPHX,Friday,2026-07-31T06:00:00-07:00,1,116.0,Sunny,"Sunny, with a high near 116. West southwest wind 0 to 10 mph, with gusts as high as 25 mph."
220,2026-07-27T18:58:40Z,KPHX,Friday Night,2026-07-31T18:00:00-07:00,0,93.0,Partly Cloudy,"Partly cloudy, with a low around 93. Southwest wind 0 to 10 mph, with gusts as high as 20 mph."
221,2026-07-27T18:58:40Z,KPHX,Saturday,2026-08-01T06:00:00-07:00,1,116.0,Mostly Sunny,"Mostly sunny, with a high near 116. South southwest wind 0 to 10 mph, with gusts as high as 20 mph."
222,2026-07-27T18:58:40Z,KPHX,Saturday Night,2026-08-01T18:00:00-07:00,0,93.0,Partly Cloudy,"Partly cloudy, with a low around 93. West wind around 5 mph."
223,2026-07-27T18:58:40Z,KPHX,Sunday,2026-08-02T06:00:00-07:00,1,115.0,Sunny then Slight Chance Showers And Thunderstorms,"A slight chance of showers and thunderstorms after 5pm. Sunny, with a high near 115. West wind 0 to 5 mph."
224,2026-07-27T18:58:40Z,KPHX,Sunday Night,2026-08-02T18:00:00-07:00,0,92.0,Slight Chance Showers And Thunderstorms then Partly Cloudy,"A slight chance of showers and thunderstorms before 11pm. Partly cloudy, with a low around 92. South southeast wind around 5 mph."
225,2026-07-27T18:58:40Z,KSAT,This Afternoon,2026-07-27T13:00:00-05:00,1,98.0,Sunny,"Sunny, with a high near 98. Heat index values as high as 104. South wind around 10 mph."
226,2026-07-27T18:58:40Z,KSAT,Tonight,2026-07-27T18:00:00-05:00,0,75.0,Mostly Clear,"Mostly clear, with a low around 75. Heat index values as high as 104. South southeast wind 5 to 15 mph, with gusts as high as 25 mph."
227,2026-07-27T18:58:40Z,KSAT,Tuesday,2026-07-28T06:00:00-05:00,1,99.0,Mostly Sunny,"Mostly sunny, with a high near 99. Heat index values as high as 105. South southeast wind 5 to 10 mph."
228,2026-07-27T18:58:40Z,KSAT,Tuesday Night,2026-07-28T18:00:00-05:00,0,76.0,Mostly Clear,"Mostly clear, with a low around 76. Heat index values as high as 105. South southeast wind 5 to 15 mph, with gusts as high as 25 mph."
229,2026-07-27T18:58:40Z,KSAT,Wednesday,2026-07-29T06:00:00-05:00,1,98.0,Mostly Sunny,"Mostly sunny, with a high near 98. South southeast wind 5 to 10 mph."
230,2026-07-27T18:58:40Z,KSAT,Wednesday Night,2026-07-29T18:00:00-05:00,0,77.0,Mostly Clear,"Mostly clear, with a low around 77. South southeast wind 5 to 15 mph, with gusts as high as 25 mph."
231,2026-07-27T18:58:40Z,KSAT,Thursday,2026-07-30T06:00:00-05:00,1,101.0,Mostly Sunny,"Mostly sunny, with a high near 101. South wind 5 to 10 mph."
232,2026-07-27T18:58:40Z,KSAT,Thursday Night,2026-07-30T18:00:00-05:00,0,77.0,Mostly Clear,"Mostly clear, with a low around 77. South southeast wind 5 to 15 mph, with gusts as high as 25 mph."
233,2026-07-27T18:58:40Z,KSAT,Friday,2026-07-31T06:00:00-05:00,1,101.0,Mostly Sunny,"Mostly sunny, with a high near 101. South wind around 5 mph."
234,2026-07-27T18:58:40Z,KSAT,Friday Night,2026-07-31T18:00:00-05:00,0,79.0,Mostly Clear,"Mostly clear, with a low around 79."
235,2026-07-27T18:58:40Z,KSAT,Saturday,2026-08-01T06:00:00-05:00,1,101.0,Mostly Sunny,"Mostly sunny, with a high near 101."
236,2026-07-27T18:58:40Z,KSAT,Saturday Night,2026-08-01T18:00:00-05:00,0,82.0,Mostly Clear,"Mostly clear, with a low around 82."
237,2026-07-27T18:58:40Z,KSAT,Sunday,2026-08-02T06:00:00-05:00,1,99.0,Mostly Sunny,"Mostly sunny, with a high near 99."
238,2026-07-27T18:58:40Z,KSAT,Sunday Night,2026-08-02T18:00:00-05:00,0,80.0,Mostly Clear,"Mostly clear, with a low around 80."
239,2026-07-27T18:58:40Z,KSFO,Today,2026-07-27T11:00:00-07:00,1,71.0,Sunny,"Sunny. High near 71, with temperatures falling to around 69 in the afternoon. West wind 17 to 24 mph, with gusts as high as 32 mph."
240,2026-07-27T18:58:40Z,KSFO,Tonight,2026-07-27T18:00:00-07:00,0,-100.0,Mostly Clear,"Mostly clear. Low around -100, with temperatures rising to around 59 overnight. West wind 14 to 23 mph, with gusts as high as 32 mph."
241,2026-07-27T18:58:40Z,KSFO,Tuesday,2026-07-28T06:00:00-07:00,1,72.0,Sunny,"Sunny, with a high near 72. West wind 14 to 24 mph, with gusts as high as 31 mph."
242,2026-07-27T18:58:40Z,KSFO,Tuesday Night,2026-07-28T18:00:00-07:00,0,59.0,Partly Cloudy,"Partly cloudy, with a low around 59. West wind 10 to 23 mph, with gusts as high as 31 mph."
243,2026-07-27T18:58:40Z,KSFO,Wednesday,2026-07-29T06:00:00-07:00,1,74.0,Mostly Sunny,"Mostly sunny, with a high near 74. West wind 10 to 23 mph, with gusts as high as 29 mph."
244,2026-07-27T18:58:40Z,KSFO,Wednesday Night,2026-07-29T18:00:00-07:00,0,58.0,Mostly Clear,"Mostly clear, with a low around 58."
245,2026-07-27T18:58:40Z,KSFO,Thursday,2026-07-30T06:00:00-07:00,1,73.0,Sunny,"Sunny, with a high near 73."
246,2026-07-27T18:58:40Z,KSFO,Thursday Night,2026-07-30T18:00:00-07:00,0,57.0,Mostly Clear,"Mostly clear, with a low around 57."
247,2026-07-27T18:58:40Z,KSFO,Friday,2026-07-31T06:00:00-07:00,1,72.0,Sunny,"Sunny, with a high near 72."
248,2026-07-27T18:58:40Z,KSFO,Friday Night,2026-07-31T18:00:00-07:00,0,58.0,Mostly Clear,"Mostly clear, with a low around 58."
249,2026-07-27T18:58:40Z,KSFO,Saturday,2026-08-01T06:00:00-07:00,1,72.0,Sunny,"Sunny, with a high near 72."
250,2026-07-27T18:58:40Z,KSFO,Saturday Night,2026-08-01T18:00:00-07:00,0,59.0,Mostly Clear,"Mostly clear, with a low around 59."
251,2026-07-27T18:58:40Z,KSFO,Sunday,2026-08-02T06:00:00-07:00,1,72.0,Sunny,"Sunny, with a high near 72."
252,2026-07-27T18:58:40Z,KSFO,Sunday Night,2026-08-02T18:00:00-07:00,0,58.0,Mostly Clear,"Mostly clear, with a low around 58."
253,2026-07-27T18:58:40Z,KSEA,Today,2026-07-27T11:00:00-07:00,1,78.0,Sunny,"Sunny, with a high near 78. Southwest wind around 9 mph."
254,2026-07-27T18:58:40Z,KSEA,Tonight,2026-07-27T18:00:00-07:00,0,59.0,Partly Cloudy,"Partly cloudy. Low around 59, with temperatures rising to around 61 overnight. Southwest wind around 9 mph."
255,2026-07-27T18:58:40Z,KSEA,Tuesday,2026-07-28T06:00:00-07:00,1,74.0,Mostly Sunny,"Mostly sunny. High near 74, with temperatures falling to around 72 in the afternoon. South southwest wind 9 to 13 mph."
256,2026-07-27T18:58:40Z,KSEA,Tuesday Night,2026-07-28T18:00:00-07:00,0,57.0,Mostly Cloudy,"Mostly cloudy, with a low around 57. Northwest wind 2 to 10 mph."
257,2026-07-27T18:58:40Z,KSEA,Wednesday,2026-07-29T06:00:00-07:00,1,76.0,Mostly Sunny,"Mostly sunny, with a high near 76. West northwest wind 2 to 8 mph."
258,2026-07-27T18:58:40Z,KSEA,Wednesday Night,2026-07-29T18:00:00-07:00,0,55.0,Mostly Clear,"Mostly clear, with a low around 55."
259,2026-07-27T18:58:40Z,KSEA,Thursday,2026-07-30T06:00:00-07:00,1,78.0,Sunny,"Sunny, with a high near 78."
260,2026-07-27T18:58:40Z,KSEA,Thursday Night,2026-07-30T18:00:00-07:00,0,56.0,Mostly Clear,"Mostly clear, with a low around 56."
261,2026-07-27T18:58:40Z,KSEA,Friday,2026-07-31T06:00:00-07:00,1,81.0,Sunny,"Sunny, with a high near 81."
262,2026-07-27T18:58:40Z,KSEA,Friday Night,2026-07-31T18:00:00-07:00,0,58.0,Mostly Clear,"Mostly clear, with a low around 58."
263,2026-07-27T18:58:40Z,KSEA,Saturday,2026-08-01T06:00:00-07:00,1,76.0,Sunny,"Sunny, with a high near 76."
264,2026-07-27T18:58:40Z,KSEA,Saturday Night,2026-08-01T18:00:00-07:00,0,57.0,Partly Cloudy then Slight Chance Light Rain,"A slight chance of rain after 5am. Partly cloudy, with a low around 57."
265,2026-07-27T18:58:40Z,KSEA,Sunday,2026-08-02T06:00:00-07:00,1,73.0,Slight Chance Light Rain then Partly Sunny,"A slight chance of rain before 11am. Partly sunny, with a high near 73."
266,2026-07-27T18:58:40Z,KSEA,Sunday Night,2026-08-02T18:00:00-07:00,0,55.0,Partly Cloudy,"Partly cloudy, with a low around 55."
267,2026-07-27T18:58:40Z,KDCA,This Afternoon,2026-07-27T14:00:00-04:00,1,88.0,Scattered Showers And Thunderstorms,"Scattered showers and thunderstorms. Mostly sunny, with a high near 88. Southwest wind around 7 mph. Chance of precipitation is 30%. New rainfall amounts less than a tenth of an inch possible."
268,2026-07-27T18:58:40Z,KDCA,Tonight,2026-07-27T18:00:00-04:00,0,72.0,Scattered Showers And Thunderstorms,"Scattered showers and thunderstorms. Partly cloudy, with a low around 72. South wind around 8 mph. Chance of precipitation is 30%. New rainfall amounts between a tenth and quarter of an inch possible."
269,2026-07-27T18:58:40Z,KDCA,Tuesday,2026-07-28T06:00:00-04:00,1,86.0,Chance Showers And Thunderstorms,"Isolated rain showers before 8am, then a chance of showers and thunderstorms. Partly sunny, with a high near 86. South wind 8 to 14 mph, with gusts as high as 20 mph. Chance of precipitation is 70%. New rainfall amounts between three quarters and one inch possible."
270,2026-07-27T18:58:40Z,KDCA,Tuesday Night,2026-07-28T18:00:00-04:00,0,70.0,Chance Showers And Thunderstorms then Scattered Showers And Thunderstorms,"A chance of showers and thunderstorms before 8pm, then scattered showers and thunderstorms between 8pm and 2am. Partly cloudy, with a low around 70. West wind around 10 mph. Chance of precipitation is 70%. New rainfall amounts between a quarter and half of an inch possible."
271,2026-07-27T18:58:40Z,KDCA,Wednesday,2026-07-29T06:00:00-04:00,1,84.0,Partly Sunny then Slight Chance Showers And Thunderstorms,"A slight chance of showers and thunderstorms after 2pm. Partly sunny, with a high near 84. Northwest wind 9 to 16 mph, with gusts as high as 23 mph. Chance of precipitation is 20%."
272,2026-07-27T18:58:40Z,KDCA,Wednesday Night,2026-07-29T18:00:00-04:00,0,70.0,Slight Chance Showers And Thunderstorms,"A slight chance of showers and thunderstorms before 2am. Mostly cloudy, with a low around 70. Chance of precipitation is 20%."
273,2026-07-27T18:58:40Z,KDCA,Thursday,2026-07-30T06:00:00-04:00,1,84.0,Partly Sunny then Slight Chance Showers And Thunderstorms,"A slight chance of showers and thunderstorms after 2pm. Partly sunny, with a high near 84. Chance of precipitation is 20%."
274,2026-07-27T18:58:40Z,KDCA,Thursday Night,2026-07-30T18:00:00-04:00,0,69.0,Slight Chance Showers And Thunderstorms then Partly Cloudy,"A slight chance of showers and thunderstorms before 8pm. Partly cloudy, with a low around 69. Chance of precipitation is 20%."
275,2026-07-27T18:58:40Z,KDCA,Friday,2026-07-31T06:00:00-04:00,1,86.0,Sunny,"Sunny, with a high near 86."
276,2026-07-27T18:58:40Z,KDCA,Friday Night,2026-07-31T18:00:00-04:00,0,71.0,Partly Cloudy,"Partly cloudy, with a low around 71."
277,2026-07-27T18:58:40Z,KDCA,Saturday,2026-08-01T06:00:00-04:00,1,88.0,Mostly Sunny,"Mostly sunny, with a high near 88."
278,2026-07-27T18:58:40Z,KDCA,Saturday Night,2026-08-01T18:00:00-04:00,0,73.0,Slight Chance Showers And Thunderstorms,"A slight chance of showers and thunderstorms between 8pm and 2am. Mostly cloudy, with a low around 73. Chance of precipitation is 20%."
279,2026-07-27T18:58:40Z,KDCA,Sunday,2026-08-02T06:00:00-04:00,1,89.0,Slight Chance Rain Showers then Chance Showers And Thunderstorms,"A slight chance of rain showers between 8am and 2pm, then a chance of showers and thunderstorms. Partly sunny, with a high near 89. Chance of precipitation is 40%."
280,2026-07-27T18:58:40Z,KDCA,Sunday Night,2026-08-02T18:00:00-04:00,0,73.0,Chance Showers And Thunderstorms,"A chance of showers and thunderstorms before 8pm, then a chance of showers and thunderstorms. Mostly cloudy, with a low around 73."
