id,run_at,icao,period_name,start_time,is_daytime,temp_f,short_fcst,detailed_fcst
1,2026-07-29T01:02:35Z,KATL,Tonight,2026-07-28T20:00:00-04:00,0,77.0,Slight Chance Showers And Thunderstorms,"A slight chance of showers and thunderstorms between 11pm and 5am. Partly cloudy, with a low around 77. Heat index values as high as 97. West wind 5 to 10 mph, with gusts as high as 20 mph. Chance of precipitation is 20%."
2,2026-07-29T01:02:35Z,KATL,Wednesday,2026-07-29T06:00:00-04:00,1,92.0,Mostly Sunny,"Mostly sunny, with a high near 92. Northwest wind 5 to 10 mph, with gusts as high as 20 mph."
3,2026-07-29T01:02:35Z,KATL,Wednesday Night,2026-07-29T18:00:00-04:00,0,71.0,Mostly Clear,"Mostly clear, with a low around 71. Northwest wind 5 to 10 mph, with gusts as high as 20 mph."
4,2026-07-29T01:02:35Z,KATL,Thursday,2026-07-30T06:00:00-04:00,1,91.0,Sunny,"Sunny, with a high near 91. North wind 0 to 10 mph."
5,2026-07-29T01:02:35Z,KATL,Thursday Night,2026-07-30T18:00:00-04:00,0,69.0,Mostly Clear,"Mostly clear, with a low around 69. Northwest wind 0 to 10 mph."
6,2026-07-29T01:02:35Z,KATL,Friday,2026-07-31T06:00:00-04:00,1,91.0,Mostly Sunny,"Mostly sunny, with a high near 91."
7,2026-07-29T01:02:35Z,KATL,Friday Night,2026-07-31T18:00:00-04:00,0,71.0,Partly Cloudy,"Partly cloudy, with a low around 71."
8,2026-07-29T01:02:35Z,KATL,Saturday,2026-08-01T06:00:00-04:00,1,88.0,Chance Rain Showers then Chance Showers And Thunderstorms,"A chance of rain showers between 8am and 2pm, then a chance of showers and thunderstorms. Partly sunny, with a high near 88. Chance of precipitation is 50%."
9,2026-07-29T01:02:35Z,KATL,Saturday Night,2026-08-01T18:00:00-04:00,0,72.0,Chance Showers And Thunderstorms then Showers And Thunderstorms Likely,"A chance of showers and thunderstorms before 8pm, then showers and thunderstorms likely. Mostly cloudy, with a low around 72. Chance of precipitation is 60%."
10,2026-07-29T01:02:35Z,KATL,Sunday,2026-08-02T06:00:00-04:00,1,84.0,Showers And Thunderstorms,"Rain showers likely before 8am, then showers and thunderstorms. Mostly cloudy, with a high near 84. Chance of precipitation is 80%."
11,2026-07-29T01:02:35Z,KATL,Sunday Night,2026-08-02T18:00:00-04:00,0,72.0,Showers And Thunderstorms,"Showers and thunderstorms. Mostly cloudy, with a low around 72. Chance of precipitation is 80%."
12,2026-07-29T01:02:35Z,KATL,Monday,2026-08-03T06:00:00-04:00,1,85.0,Showers And Thunderstorms Likely,"A slight chance of rain showers before 8am, then showers and thunderstorms likely. Partly sunny, with a high near 85. Chance of precipitation is 60%."
13,2026-07-29T01:02:35Z,KATL,Monday Night,2026-08-03T18:00:00-04:00,0,73.0,Showers And Thunderstorms Likely then Slight Chance Showers And Thunderstorms,"Showers and thunderstorms likely before 8pm, then a slight chance of showers and thunderstorms between 8pm and 2am. Mostly cloudy, with a low around 73. Chance of precipitation is 60%."
14,2026-07-29T01:02:35Z,KATL,Tuesday,2026-08-04T06:00:00-04:00,1,88.0,Chance Showers And Thunderstorms,"A chance of showers and thunderstorms after 8am. Partly sunny, with a high near 88."
15,2026-07-29T01:02:35Z,KAUS,Tonight,2026-07-28T19:00:00-05:00,0,76.0,Mostly Clear,"Mostly clear, with a low around 76. Heat index values as high as 105. South wind 5 to 10 mph, with gusts as high as 20 mph."
16,2026-07-29T01:02:35Z,KAUS,Wednesday,2026-07-29T06:00:00-05:00,1,99.0,Mostly Sunny,"Mostly sunny, with a high near 99. Heat index values as high as 106. South southwest wind 5 to 10 mph."
17,2026-07-29T01:02:35Z,KAUS,Wednesday Night,2026-07-29T18:00:00-05:00,0,77.0,Mostly Clear,"Mostly clear, with a low around 77. Heat index values as high as 108. South wind 5 to 10 mph, with gusts as high as 20 mph."
18,2026-07-29T01:02:35Z,KAUS,Thursday,2026-07-30T06:00:00-05:00,1,99.0,Mostly Sunny,"Mostly sunny, with a high near 99. Heat index values as high as 106. South wind around 5 mph."
19,2026-07-29T01:02:35Z,KAUS,Thursday Night,2026-07-30T18:00:00-05:00,0,77.0,Mostly Clear,"Mostly clear, with a low around 77. South wind 5 to 10 mph."
20,2026-07-29T01:02:35Z,KAUS,Friday,2026-07-31T06:00:00-05:00,1,100.0,Sunny,"Sunny, with a high near 100. South southwest wind around 5 mph."
21,2026-07-29T01:02:35Z,KAUS,Friday Night,2026-07-31T18:00:00-05:00,0,78.0,Mostly Clear,"Mostly clear, with a low around 78. South wind 5 to 10 mph, with gusts as high as 20 mph."
22,2026-07-29T01:02:35Z,KAUS,Saturday,2026-08-01T06:00:00-05:00,1,102.0,Mostly Sunny,"Mostly sunny, with a high near 102. Southwest wind 5 to 10 mph."
23,2026-07-29T01:02:35Z,KAUS,Saturday Night,2026-08-01T18:00:00-05:00,0,79.0,Partly Cloudy,"Partly cloudy, with a low around 79. Southwest wind around 5 mph."
24,2026-07-29T01:02:35Z,KAUS,Sunday,2026-08-02T06:00:00-05:00,1,99.0,Mostly Sunny,"Mostly sunny, with a high near 99."
25,2026-07-29T01:02:35Z,KAUS,Sunday Night,2026-08-02T18:00:00-05:00,0,78.0,Mostly Clear,"Mostly clear, with a low around 78."
26,2026-07-29T01:02:35Z,KAUS,Monday,2026-08-03T06:00:00-05:00,1,100.0,Sunny,"Sunny, with a high near 100."
27,2026-07-29T01:02:35Z,KAUS,Monday Night,2026-08-03T18:00:00-05:00,0,78.0,Mostly Clear,"Mostly clear, with a low around 78."
28,2026-07-29T01:02:35Z,KAUS,Tuesday,2026-08-04T06:00:00-05:00,1,99.0,Sunny,"Sunny, with a high near 99."
29,2026-07-29T01:02:35Z,KBOS,Tonight,2026-07-28T18:00:00-04:00,0,66.0,Slight Chance Showers And Thunderstorms then Mostly Cloudy,"A slight chance of showers and thunderstorms before 8pm. Mostly cloudy, with a low around 66. Southeast wind 6 to 12 mph. Chance of precipitation is 20%."
30,2026-07-29T01:02:35Z,KBOS,Wednesday,2026-07-29T06:00:00-04:00,1,74.0,Showers And Thunderstorms Likely,"Showers and thunderstorms likely. Some of the storms could produce heavy rain. Mostly cloudy, with a high near 74. East wind 8 to 16 mph. Chance of precipitation is 70%. New rainfall amounts between a half and three quarters of an inch possible."
31,2026-07-29T01:02:35Z,KBOS,Wednesday Night,2026-07-29T18:00:00-04:00,0,64.0,Showers And Thunderstorms,"Showers and thunderstorms. Cloudy, with a low around 64. East wind 13 to 16 mph, with gusts as high as 26 mph. Chance of precipitation is 100%. New rainfall amounts between three quarters and one inch possible."
32,2026-07-29T01:02:35Z,KBOS,Thursday,2026-07-30T06:00:00-04:00,1,71.0,Showers And Thunderstorms,"Showers and thunderstorms. Mostly cloudy, with a high near 71. Northeast wind around 15 mph. Chance of precipitation is 100%. New rainfall amounts between a quarter and half of an inch possible."
33,2026-07-29T01:02:35Z,KBOS,Thursday Night,2026-07-30T18:00:00-04:00,0,63.0,Showers And Thunderstorms Likely,"Showers and thunderstorms likely before 2am. Mostly cloudy, with a low around 63. North wind 7 to 12 mph. Chance of precipitation is 70%."
34,2026-07-29T01:02:35Z,KBOS,Friday,2026-07-31T06:00:00-04:00,1,76.0,Mostly Sunny,"Mostly sunny, with a high near 76. Northeast wind around 8 mph."
35,2026-07-29T01:02:35Z,KBOS,Friday Night,2026-07-31T18:00:00-04:00,0,64.0,Mostly Clear,"Mostly clear, with a low around 64. West wind around 5 mph."
36,2026-07-29T01:02:35Z,KBOS,Saturday,2026-08-01T06:00:00-04:00,1,76.0,Sunny,"Sunny, with a high near 76. Northeast wind 2 to 7 mph."
37,2026-07-29T01:02:35Z,KBOS,Saturday Night,2026-08-01T18:00:00-04:00,0,67.0,Partly Cloudy,"Partly cloudy, with a low around 67. South wind around 7 mph."
38,2026-07-29T01:02:35Z,KBOS,Sunday,2026-08-02T06:00:00-04:00,1,79.0,Partly Sunny then Slight Chance Rain Showers,"A slight chance of rain showers after 4pm. Partly sunny, with a high near 79. South wind 5 to 10 mph."
39,2026-07-29T01:02:35Z,KBOS,Sunday Night,2026-08-02T18:00:00-04:00,0,68.0,Chance Rain Showers,"A chance of rain showers. Mostly cloudy, with a low around 68. South wind 5 to 10 mph. Chance of precipitation is 30%."
40,2026-07-29T01:02:35Z,KBOS,Monday,2026-08-03T06:00:00-04:00,1,77.0,Chance Rain Showers,"A chance of rain showers before 2pm, then a chance of showers and thunderstorms. Partly sunny, with a high near 77. Southwest wind 5 to 8 mph. Chance of precipitation is 40%."
41,2026-07-29T01:02:35Z,KBOS,Monday Night,2026-08-03T18:00:00-04:00,0,67.0,Chance Showers And Thunderstorms,"A chance of showers and thunderstorms before 2am. Mostly cloudy, with a low around 67. West wind around 6 mph. Chance of precipitation is 40%."
42,2026-07-29T01:02:35Z,KBOS,Tuesday,2026-08-04T06:00:00-04:00,1,77.0,Mostly Sunny,"Mostly sunny, with a high near 77. Northeast wind 5 to 8 mph."
43,2026-07-29T01:02:35Z,KMDW,Tonight,2026-07-28T18:00:00-05:00,0,65.0,Mostly Clear,"Mostly clear, with a low around 65. North northeast wind 5 to 20 mph, with gusts as high as 30 mph."
44,2026-07-29T01:02:35Z,KMDW,Wednesday,2026-07-29T06:00:00-05:00,1,81.0,Sunny,"Sunny, with a high near 81. North northeast wind 5 to 10 mph."
45,2026-07-29T01:02:35Z,KMDW,Wednesday Night,2026-07-29T18:00:00-05:00,0,66.0,Partly Cloudy,"Partly cloudy, with a low around 66. North northwest wind 0 to 10 mph."
46,2026-07-29T01:02:35Z,KMDW,Thursday,2026-07-30T06:00:00-05:00,1,85.0,Mostly Sunny,"Mostly sunny, with a high near 85. East northeast wind 0 to 10 mph."
47,2026-07-29T01:02:35Z,KMDW,Thursday Night,2026-07-30T18:00:00-05:00,0,70.0,Partly Cloudy,"Partly cloudy, with a low around 70. South southeast wind 5 to 10 mph."
48,2026-07-29T01:02:35Z,KMDW,Friday,2026-07-31T06:00:00-05:00,1,83.0,Mostly Cloudy then Chance Showers And Thunderstorms,"A chance of showers and thunderstorms after 1pm. Mostly cloudy, with a high near 83. Chance of precipitation is 30%."
49,2026-07-29T01:02:35Z,KMDW,Friday Night,2026-07-31T18:00:00-05:00,0,69.0,Showers And Thunderstorms Likely,"Showers and thunderstorms likely. Cloudy, with a low around 69."
50,2026-07-29T01:02:35Z,KMDW,Saturday,2026-08-01T06:00:00-05:00,1,78.0,Showers And Thunderstorms Likely then Chance Showers And Thunderstorms,"Showers and thunderstorms likely before 7am, then a chance of showers and thunderstorms. Mostly cloudy, with a high near 78."
51,2026-07-29T01:02:35Z,KMDW,Saturday Night,2026-08-01T18:00:00-05:00,0,68.0,Chance Showers And Thunderstorms,"A chance of showers and thunderstorms. Mostly cloudy, with a low around 68."
52,2026-07-29T01:02:35Z,KMDW,Sunday,2026-08-02T06:00:00-05:00,1,78.0,Slight Chance Rain Showers then Mostly Sunny,"A slight chance of rain showers before 7am. Mostly sunny, with a high near 78."
53,2026-07-29T01:02:35Z,KMDW,Sunday Night,2026-08-02T18:00:00-05:00,0,67.0,Partly Cloudy,"Partly cloudy, with a low around 67."
54,2026-07-29T01:02:35Z,KMDW,Monday,2026-08-03T06:00:00-05:00,1,82.0,Mostly Sunny,"Mostly sunny, with a high near 82."
55,2026-07-29T01:02:35Z,KMDW,Monday Night,2026-08-03T18:00:00-05:00,0,69.0,Partly Cloudy,"Partly cloudy, with a low around 69."
56,2026-07-29T01:02:35Z,KMDW,Tuesday,2026-08-04T06:00:00-05:00,1,86.0,Sunny then Slight Chance Showers And Thunderstorms,"A slight chance of showers and thunderstorms after 1pm. Sunny, with a high near 86."
57,2026-07-29T01:02:35Z,KDFW,Tonight,2026-07-28T18:00:00-05:00,0,81.0,Mostly Clear,"Mostly clear. Low around 81, with temperatures rising to around 83 overnight. Heat index values as high as 105. South wind 5 to 10 mph."
58,2026-07-29T01:02:35Z,KDFW,Wednesday,2026-07-29T06:00:00-05:00,1,102.0,Mostly Sunny,"Mostly sunny, with a high near 102. Heat index values as high as 110. South southwest wind 5 to 10 mph."
59,2026-07-29T01:02:35Z,KDFW,Wednesday Night,2026-07-29T18:00:00-05:00,0,81.0,Partly Cloudy,"Partly cloudy. Low around 81, with temperatures rising to around 83 overnight. Heat index values as high as 109. South wind 5 to 10 mph."
60,2026-07-29T01:02:35Z,KDFW,Thursday,2026-07-30T06:00:00-05:00,1,102.0,Sunny,"Sunny, with a high near 102. Heat index values as high as 109. South southwest wind 5 to 10 mph."
61,2026-07-29T01:02:35Z,KDFW,Thursday Night,2026-07-30T18:00:00-05:00,0,82.0,Mostly Clear,"Mostly clear. Low around 82, with temperatures rising to around 84 overnight. South wind 5 to 10 mph."
62,2026-07-29T01:02:35Z,KDFW,Friday,2026-07-31T06:00:00-05:00,1,104.0,Sunny,"Sunny, with a high near 104. South southwest wind around 10 mph."
63,2026-07-29T01:02:35Z,KDFW,Friday Night,2026-07-31T18:00:00-05:00,0,83.0,Mostly Clear,"Mostly clear, with a low around 83. Southwest wind around 10 mph."
64,2026-07-29T01:02:35Z,KDFW,Saturday,2026-08-01T06:00:00-05:00,1,101.0,Sunny,"Sunny, with a high near 101. Northwest wind 10 to 15 mph, with gusts as high as 25 mph."
65,2026-07-29T01:02:35Z,KDFW,Saturday Night,2026-08-01T18:00:00-05:00,0,77.0,Mostly Clear,"Mostly clear, with a low around 77. North northeast wind 5 to 15 mph, with gusts as high as 25 mph."
66,2026-07-29T01:02:35Z,KDFW,Sunday,2026-08-02T06:00:00-05:00,1,97.0,Sunny,"Sunny, with a high near 97."
67,2026-07-29T01:02:35Z,KDFW,Sunday Night,2026-08-02T18:00:00-05:00,0,77.0,Clear,"Clear, with a low around 77."
68,2026-07-29T01:02:35Z,KDFW,Monday,2026-08-03T06:00:00-05:00,1,99.0,Sunny,"Sunny, with a high near 99."
69,2026-07-29T01:02:35Z,KDFW,Monday Night,2026-08-03T18:00:00-05:00,0,79.0,Mostly Clear,"Mostly clear, with a low around 79."
70,2026-07-29T01:02:35Z,KDFW,Tuesday,2026-08-04T06:00:00-05:00,1,100.0,Sunny,"Sunny, with a high near 100."
71,2026-07-29T01:02:35Z,KDEN,Tonight,2026-07-28T18:00:00-06:00,0,64.0,Chance Showers And Thunderstorms then Mostly Cloudy,"A chance of showers and thunderstorms before 9pm, then a chance of showers and thunderstorms between 9pm and 10pm, then a slight chance of showers and thunderstorms between 10pm and midnight. Mostly cloudy. Low around 64, with temperatures rising to around 68 overnight. South wind 6 to 12 mph, with gusts as high as 18 mph. Chance of precipitation is 50%. New rainfall amounts less than a tenth of an inch possible."
72,2026-07-29T01:02:35Z,KDEN,Wednesday,2026-07-29T06:00:00-06:00,1,91.0,Mostly Sunny then Chance Showers And Thunderstorms,"A chance of showers and thunderstorms between 2pm and 3pm, then showers and thunderstorms likely. Mostly sunny. High near 91, with temperatures falling to around 84 in the afternoon. South southwest wind 2 to 9 mph. Chance of precipitation is 70%. New rainfall amounts between a tenth and quarter of an inch possible."
73,2026-07-29T01:02:35Z,KDEN,Wednesday Night,2026-07-29T18:00:00-06:00,0,62.0,Chance Showers And Thunderstorms then Mostly Cloudy,"A chance of showers and thunderstorms before 9pm. Mostly cloudy. Low around 62, with temperatures rising to around 67 overnight. South southwest wind 6 to 10 mph, with gusts as high as 16 mph. Chance of precipitation is 50%."
74,2026-07-29T01:02:35Z,KDEN,Thursday,2026-07-30T06:00:00-06:00,1,94.0,Mostly Sunny then Slight Chance Showers And Thunderstorms,"A slight chance of showers and thunderstorms after noon. Mostly sunny, with a high near 94. Northwest wind around 7 mph, with gusts as high as 17 mph. Chance of precipitation is 20%."
75,2026-07-29T01:02:35Z,KDEN,Thursday Night,2026-07-30T18:00:00-06:00,0,62.0,Partly Cloudy,"Partly cloudy, with a low around 62. West wind around 7 mph, with gusts as high as 16 mph."
76,2026-07-29T01:02:35Z,KDEN,Friday,2026-07-31T06:00:00-06:00,1,93.0,Sunny,"Sunny, with a high near 93."
77,2026-07-29T01:02:35Z,KDEN,Friday Night,2026-07-31T18:00:00-06:00,0,64.0,Slight Chance Showers And Thunderstorms then Mostly Clear,"A slight chance of showers and thunderstorms before midnight. Mostly clear, with a low around 64."
78,2026-07-29T01:02:35Z,KDEN,Saturday,2026-08-01T06:00:00-06:00,1,95.0,Sunny,"Sunny, with a high near 95."
79,2026-07-29T01:02:35Z,KDEN,Saturday Night,2026-08-01T18:00:00-06:00,0,66.0,Mostly Clear,"Mostly clear, with a low around 66."
80,2026-07-29T01:02:35Z,KDEN,Sunday,2026-08-02T06:00:00-06:00,1,101.0,Sunny,"Sunny, with a high near 101."
81,2026-07-29T01:02:35Z,KDEN,Sunday Night,2026-08-02T18:00:00-06:00,0,69.0,Mostly Clear,"Mostly clear, with a low around 69."
82,2026-07-29T01:02:35Z,KDEN,Monday,2026-08-03T06:00:00-06:00,1,99.0,Sunny,"Sunny, with a high near 99."
83,2026-07-29T01:02:35Z,KDEN,Monday Night,2026-08-03T18:00:00-06:00,0,64.0,Chance Showers And Thunderstorms then Partly Cloudy,"A chance of showers and thunderstorms before midnight. Partly cloudy, with a low around 64."
84,2026-07-29T01:02:35Z,KDEN,Tuesday,2026-08-04T06:00:00-06:00,1,91.0,Mostly Sunny then Slight Chance Showers And Thunderstorms,"A slight chance of showers and thunderstorms after noon. Mostly sunny, with a high near 91."
85,2026-07-29T01:02:35Z,KIAH,Tonight,2026-07-28T19:00:00-05:00,0,78.0,Slight Chance Rain Showers then Mostly Clear,"A slight chance of rain showers before 9pm. Mostly clear, with a low around 78. Heat index values as high as 105. South wind 5 to 10 mph."
86,2026-07-29T01:02:35Z,KIAH,Wednesday,2026-07-29T06:00:00-05:00,1,99.0,Mostly Sunny,"Mostly sunny, with a high near 99. Heat index values as high as 109. Southwest wind around 5 mph."
87,2026-07-29T01:02:35Z,KIAH,Wednesday Night,2026-07-29T18:00:00-05:00,0,79.0,Partly Cloudy,"Partly cloudy, with a low around 79. Heat index values as high as 106. South wind 5 to 10 mph."
88,2026-07-29T01:02:35Z,KIAH,Thursday,2026-07-30T06:00:00-05:00,1,101.0,Mostly Sunny,"Mostly sunny, with a high near 101. Heat index values as high as 108. Southwest wind around 5 mph."
89,2026-07-29T01:02:35Z,KIAH,Thursday Night,2026-07-30T18:00:00-05:00,0,79.0,Partly Cloudy,"Partly cloudy, with a low around 79. South wind 5 to 10 mph."
90,2026-07-29T01:02:35Z,KIAH,Friday,2026-07-31T06:00:00-05:00,1,101.0,Mostly Sunny,"Mostly sunny, with a high near 101."
91,2026-07-29T01:02:35Z,KIAH,Friday Night,2026-07-31T18:00:00-05:00,0,80.0,Partly Cloudy,"Partly cloudy, with a low around 80."
92,2026-07-29T01:02:35Z,KIAH,Saturday,2026-08-01T06:00:00-05:00,1,102.0,Mostly Sunny,"Mostly sunny, with a high near 102."
93,2026-07-29T01:02:35Z,KIAH,Saturday Night,2026-08-01T18:00:00-05:00,0,80.0,Partly Cloudy,"Partly cloudy, with a low around 80."
94,2026-07-29T01:02:35Z,KIAH,Sunday,2026-08-02T06:00:00-05:00,1,100.0,Mostly Sunny,"Mostly sunny, with a high near 100."
95,2026-07-29T01:02:35Z,KIAH,Sunday Night,2026-08-02T18:00:00-05:00,0,80.0,Slight Chance Showers And Thunderstorms,"A slight chance of showers and thunderstorms between 7pm and 1am. Mostly clear, with a low around 80. Chance of precipitation is 20%."
96,2026-07-29T01:02:35Z,KIAH,Monday,2026-08-03T06:00:00-05:00,1,99.0,Sunny then Slight Chance Showers And Thunderstorms,"A slight chance of showers and thunderstorms after 1pm. Sunny, with a high near 99. Chance of precipitation is 20%."
97,2026-07-29T01:02:35Z,KIAH,Monday Night,2026-08-03T18:00:00-05:00,0,79.0,Slight Chance Showers And Thunderstorms then Mostly Clear,"A slight chance of showers and thunderstorms before 7pm. Mostly clear, with a low around 79. Chance of precipitation is 20%."
98,2026-07-29T01:02:35Z,KIAH,Tuesday,2026-08-04T06:00:00-05:00,1,98.0,Mostly Sunny then Slight Chance Showers And Thunderstorms,"A slight chance of showers and thunderstorms after 1pm. Mostly sunny, with a high near 98."
99,2026-07-29T01:02:35Z,KLAS,This Afternoon,2026-07-28T13:00:00-07:00,1,111.0,Mostly Sunny,"Mostly sunny, with a high near 111. Heat index values as high as 106. South southwest wind around 12 mph, with gusts as high as 21 mph."
100,2026-07-29T01:02:35Z,KLAS,Tonight,2026-07-28T18:00:00-07:00,0,85.0,Partly Cloudy,"Partly cloudy. Low around 85, with temperatures rising to around 89 overnight. Heat index values as high as 105. South southwest wind 7 to 12 mph, with gusts as high as 20 mph."
101,2026-07-29T01:02:35Z,KLAS,Wednesday,2026-07-29T06:00:00-07:00,1,110.0,Sunny,"Sunny, with a high near 110. South wind 6 to 12 mph, with gusts as high as 21 mph."
102,2026-07-29T01:02:35Z,KLAS,Wednesday Night,2026-07-29T18:00:00-07:00,0,83.0,Mostly Clear,"Mostly clear, with a low around 83. Southwest wind 6 to 12 mph, with gusts as high as 21 mph."
103,2026-07-29T01:02:35Z,KLAS,Thursday,2026-07-30T06:00:00-07:00,1,111.0,Sunny,"Sunny, with a high near 111. South southeast wind 2 to 7 mph."
104,2026-07-29T01:02:35Z,KLAS,Thursday Night,2026-07-30T18:00:00-07:00,0,84.0,Clear,"Clear, with a low around 84."
105,2026-07-29T01:02:35Z,KLAS,Friday,2026-07-31T06:00:00-07:00,1,114.0,Sunny,"Sunny, with a high near 114."
106,2026-07-29T01:02:35Z,KLAS,Friday Night,2026-07-31T18:00:00-07:00,0,90.0,Mostly Clear,"Mostly clear, with a low around 90."
107,2026-07-29T01:02:35Z,KLAS,Saturday,2026-08-01T06:00:00-07:00,1,116.0,Sunny,"Sunny, with a high near 116."
108,2026-07-29T01:02:35Z,KLAS,Saturday Night,2026-08-01T18:00:00-07:00,0,91.0,Clear,"Clear, with a low around 91."
109,2026-07-29T01:02:35Z,KLAS,Sunday,2026-08-02T06:00:00-07:00,1,114.0,Sunny,"Sunny, with a high near 114."
110,2026-07-29T01:02:35Z,KLAS,Sunday Night,2026-08-02T18:00:00-07:00,0,90.0,Clear,"Clear, with a low around 90."
111,2026-07-29T01:02:35Z,KLAS,Monday,2026-08-03T06:00:00-07:00,1,114.0,Sunny,"Sunny, with a high near 114."
112,2026-07-29T01:02:35Z,KLAS,Monday Night,2026-08-03T18:00:00-07:00,0,89.0,Clear,"Clear, with a low around 89."
113,2026-07-29T01:02:35Z,KLAX,This Afternoon,2026-07-28T12:00:00-07:00,1,78.0,Mostly Sunny,"Mostly sunny, with a high near 78. Southwest wind around 10 mph."
114,2026-07-29T01:02:35Z,KLAX,Tonight,2026-07-28T18:00:00-07:00,0,67.0,Patchy Fog,"Patchy fog after 11pm. Mostly cloudy, with a low around 67. South southwest wind 5 to 10 mph."
115,2026-07-29T01:02:35Z,KLAX,Wednesday,2026-07-29T06:00:00-07:00,1,77.0,Patchy Fog then Partly Sunny,"Patchy fog before 11am. Partly sunny, with a high near 77. Southwest wind 5 to 10 mph."
116,2026-07-29T01:02:35Z,KLAX,Wednesday Night,2026-07-29T18:00:00-07:00,0,67.0,Patchy Fog,"Patchy fog after 11pm. Mostly cloudy, with a low around 67. South southwest wind 0 to 10 mph."
117,2026-07-29T01:02:35Z,KLAX,Thursday,2026-07-30T06:00:00-07:00,1,78.0,Patchy Fog then Mostly Sunny,"Patchy fog before 11am. Mostly sunny, with a high near 78. South southwest wind 5 to 10 mph."
118,2026-07-29T01:02:35Z,KLAX,Thursday Night,2026-07-30T18:00:00-07:00,0,68.0,Patchy Fog,"Patchy fog after 11pm. Mostly cloudy, with a low around 68."
119,2026-07-29T01:02:35Z,KLAX,Friday,2026-07-31T06:00:00-07:00,1,81.0,Patchy Fog then Mostly Sunny,"Patchy fog before 11am. Mostly sunny, with a high near 81."
120,2026-07-29T01:02:35Z,KLAX,Friday Night,2026-07-31T18:00:00-07:00,0,69.0,Partly Cloudy,"Partly cloudy, with a low around 69."
121,2026-07-29T01:02:35Z,KLAX,Saturday,2026-08-01T06:00:00-07:00,1,79.0,Sunny,"Sunny, with a high near 79."
122,2026-07-29T01:02:35Z,KLAX,Saturday Night,2026-08-01T18:00:00-07:00,0,69.0,Mostly Clear,"Mostly clear, with a low around 69."
123,2026-07-29T01:02:35Z,KLAX,Sunday,2026-08-02T06:00:00-07:00,1,79.0,Sunny,"Sunny, with a high near 79."
124,2026-07-29T01:02:35Z,KLAX,Sunday Night,2026-08-02T18:00:00-07:00,0,68.0,Mostly Clear,"Mostly clear, with a low around 68."
125,2026-07-29T01:02:35Z,KLAX,Monday,2026-08-03T06:00:00-07:00,1,77.0,Sunny,"Sunny, with a high near 77."
126,2026-07-29T01:02:35Z,KLAX,Monday Night,2026-08-03T18:00:00-07:00,0,67.0,Partly Cloudy,"Partly cloudy, with a low around 67."
127,2026-07-29T01:02:35Z,KMIA,Tonight,2026-07-28T18:00:00-04:00,0,79.0,Slight Chance Showers And Thunderstorms then Partly Cloudy,"A slight chance of showers and thunderstorms before 7pm. Partly cloudy, with a low around 79. Southwest wind 7 to 13 mph, with gusts as high as 22 mph. Chance of precipitation is 20%. New rainfall amounts less than a tenth of an inch possible."
128,2026-07-29T01:02:35Z,KMIA,Wednesday,2026-07-29T06:00:00-04:00,1,94.0,Mostly Sunny then Slight Chance Showers And Thunderstorms,"A slight chance of showers and thunderstorms between 2pm and 4pm. Mostly sunny, with a high near 94. Heat index values as high as 105. Southwest wind 8 to 16 mph, with gusts as high as 26 mph. Chance of precipitation is 20%."
129,2026-07-29T01:02:35Z,KMIA,Wednesday Night,2026-07-29T18:00:00-04:00,0,79.0,Mostly Clear,"Mostly clear, with a low around 79. Heat index values as high as 101. Southwest wind 8 to 15 mph, with gusts as high as 24 mph."
130,2026-07-29T01:02:35Z,KMIA,Thursday,2026-07-30T06:00:00-04:00,1,95.0,Sunny,"Sunny, with a high near 95. Heat index values as high as 105. Southwest wind 7 to 15 mph, with gusts as high as 24 mph."
131,2026-07-29T01:02:35Z,KMIA,Thursday Night,2026-07-30T18:00:00-04:00,0,79.0,Partly Cloudy,"Partly cloudy, with a low around 79. Southwest wind 5 to 15 mph, with gusts as high as 22 mph."
132,2026-07-29T01:02:35Z,KMIA,Friday,2026-07-31T06:00:00-04:00,1,94.0,Mostly Sunny then Slight Chance Showers And Thunderstorms,"A slight chance of showers and thunderstorms after 2pm. Mostly sunny, with a high near 94. Southwest wind 3 to 12 mph, with gusts as high as 20 mph. Chance of precipitation is 20%."
133,2026-07-29T01:02:35Z,KMIA,Friday Night,2026-07-31T18:00:00-04:00,0,79.0,Slight Chance Showers And Thunderstorms then Mostly Cloudy,"A slight chance of showers and thunderstorms before 8pm. Mostly cloudy, with a low around 79. Southwest wind 0 to 12 mph, with gusts as high as 18 mph. Chance of precipitation is 20%."
134,2026-07-29T01:02:35Z,KMIA,Saturday,2026-08-01T06:00:00-04:00,1,93.0,Mostly Sunny then Chance Showers And Thunderstorms,"A chance of showers and thunderstorms after 2pm. Mostly sunny, with a high near 93. Southwest wind 0 to 10 mph. Chance of precipitation is 50%."
135,2026-07-29T01:02:35Z,KMIA,Saturday Night,2026-08-01T18:00:00-04:00,0,79.0,Chance Showers And Thunderstorms,"A chance of showers and thunderstorms before 2am. Mostly cloudy, with a low around 79. South wind 5 to 9 mph. Chance of precipitation is 50%."
136,2026-07-29T01:02:35Z,KMIA,Sunday,2026-08-02T06:00:00-04:00,1,92.0,Chance Showers And Thunderstorms,"A chance of showers and thunderstorms after 8am. Mostly sunny, with a high near 92. Chance of precipitation is 30%."
137,2026-07-29T01:02:35Z,KMIA,Sunday Night,2026-08-02T18:00:00-04:00,0,80.0,Chance Showers And Thunderstorms,"A chance of showers and thunderstorms. Partly cloudy, with a low around 80. Chance of precipitation is 30%."
138,2026-07-29T01:02:35Z,KMIA,Monday,2026-08-03T06:00:00-04:00,1,92.0,Chance Showers And Thunderstorms,"A chance of showers and thunderstorms. Mostly sunny, with a high near 92. Chance of precipitation is 50%."
139,2026-07-29T01:02:35Z,KMIA,Monday Night,2026-08-03T18:00:00-04:00,0,80.0,Chance Showers And Thunderstorms,"A chance of showers and thunderstorms before 2am. Partly cloudy, with a low around 80. Chance of precipitation is 50%."
140,2026-07-29T01:02:35Z,KMIA,Tuesday,2026-08-04T06:00:00-04:00,1,92.0,Showers And Thunderstorms Likely,"Showers and thunderstorms likely after 8am. Mostly sunny, with a high near 92."
141,2026-07-29T01:02:35Z,KMSP,Tonight,2026-07-28T18:00:00-05:00,0,71.0,Patchy Smoke then Mostly Clear,"Patchy smoke between 7pm and 8pm. Mostly clear, with a low around 71. East southeast wind around 5 mph."
142,2026-07-29T01:02:35Z,KMSP,Wednesday,2026-07-29T06:00:00-05:00,1,91.0,Patchy Smoke then Slight Chance Showers And Thunderstorms,"Patchy smoke between 9am and 1pm, then a slight chance of showers and thunderstorms. Mostly sunny, with a high near 91. South wind 5 to 10 mph. Chance of precipitation is 20%."
143,2026-07-29T01:02:35Z,KMSP,Wednesday Night,2026-07-29T18:00:00-05:00,0,73.0,Slight Chance Showers And Thunderstorms then Mostly Clear,"A slight chance of showers and thunderstorms before 8pm. Mostly clear, with a low around 73. South southwest wind around 10 mph. Chance of precipitation is 20%."
144,2026-07-29T01:02:35Z,KMSP,Thursday,2026-07-30T06:00:00-05:00,1,91.0,Mostly Sunny then Slight Chance Showers And Thunderstorms,"A slight chance of showers and thunderstorms after 1pm. Mostly sunny, with a high near 91. South wind 5 to 15 mph. Chance of precipitation is 20%."
145,2026-07-29T01:02:35Z,KMSP,Thursday Night,2026-07-30T18:00:00-05:00,0,69.0,Chance Showers And Thunderstorms,"A chance of showers and thunderstorms before 1am, then showers and thunderstorms likely. Mostly cloudy, with a low around 69. South southeast wind 10 to 15 mph. Chance of precipitation is 70%. New rainfall amounts between a half and three quarters of an inch possible."
146,2026-07-29T01:02:35Z,KMSP,Friday,2026-07-31T06:00:00-05:00,1,81.0,Showers And Thunderstorms Likely,"Showers and thunderstorms likely. Mostly cloudy, with a high near 81. East wind around 10 mph. Chance of precipitation is 70%. New rainfall amounts between 1 and 2 inches possible."
147,2026-07-29T01:02:35Z,KMSP,Friday Night,2026-07-31T18:00:00-05:00,0,66.0,Showers And Thunderstorms Likely,"Showers and thunderstorms likely before 1am. Mostly cloudy, with a low around 66. North northeast wind 5 to 10 mph. Chance of precipitation is 60%. New rainfall amounts between a quarter and half of an inch possible."
148,2026-07-29T01:02:35Z,KMSP,Saturday,2026-08-01T06:00:00-05:00,1,84.0,Mostly Sunny,"Mostly sunny, with a high near 84. North wind around 5 mph."
149,2026-07-29T01:02:35Z,KMSP,Saturday Night,2026-08-01T18:00:00-05:00,0,65.0,Mostly Clear,"Mostly clear, with a low around 65. Northeast wind 0 to 5 mph."
150,2026-07-29T01:02:35Z,KMSP,Sunday,2026-08-02T06:00:00-05:00,1,84.0,Sunny,"Sunny, with a high near 84. East southeast wind 0 to 5 mph."
151,2026-07-29T01:02:35Z,KMSP,Sunday Night,2026-08-02T18:00:00-05:00,0,68.0,Mostly Clear,"Mostly clear, with a low around 68. South southeast wind 5 to 10 mph."
152,2026-07-29T01:02:35Z,KMSP,Monday,2026-08-03T06:00:00-05:00,1,87.0,Sunny,"Sunny, with a high near 87. South southeast wind 5 to 15 mph."
153,2026-07-29T01:02:35Z,KMSP,Monday Night,2026-08-03T18:00:00-05:00,0,69.0,Slight Chance Rain Showers then Slight Chance Showers And Thunderstorms,"A slight chance of rain showers between 7pm and 1am, then a slight chance of showers and thunderstorms. Mostly clear, with a low around 69. South wind 5 to 15 mph. Chance of precipitation is 20%."
154,2026-07-29T01:02:35Z,KMSP,Tuesday,2026-08-04T06:00:00-05:00,1,86.0,Slight Chance Showers And Thunderstorms,"A slight chance of showers and thunderstorms. Mostly sunny, with a high near 86. Southwest wind 5 to 10 mph. Chance of precipitation is 20%."
155,2026-07-29T01:02:35Z,KMSY,Tonight,2026-07-28T18:00:00-05:00,0,79.0,Mostly Clear,"Mostly clear. Low around 79, with temperatures rising to around 81 overnight. Heat index values as high as 107. West wind 5 to 10 mph."
156,2026-07-29T01:02:35Z,KMSY,Wednesday,2026-07-29T06:00:00-05:00,1,97.0,Mostly Sunny,"Mostly sunny, with a high near 97. Heat index values as high as 107. West wind around 10 mph."
157,2026-07-29T01:02:35Z,KMSY,Wednesday Night,2026-07-29T18:00:00-05:00,0,79.0,Partly Cloudy,"Partly cloudy. Low around 79, with temperatures rising to around 81 overnight. Heat index values as high as 106. West wind around 10 mph."
158,2026-07-29T01:02:35Z,KMSY,Thursday,2026-07-30T06:00:00-05:00,1,93.0,Mostly Sunny then Showers And Thunderstorms Likely,"Showers and thunderstorms likely after 1pm. Mostly sunny, with a high near 93. Heat index values as high as 105. West wind around 10 mph. Chance of precipitation is 60%."
159,2026-07-29T01:02:35Z,KMSY,Thursday Night,2026-07-30T18:00:00-05:00,0,79.0,Showers And Thunderstorms Likely,"Showers and thunderstorms likely. Mostly cloudy, with a low around 79. Southwest wind 5 to 10 mph. Chance of precipitation is 60%."
160,2026-07-29T01:02:35Z,KMSY,Friday,2026-07-31T06:00:00-05:00,1,92.0,Showers And Thunderstorms Likely,"Showers and thunderstorms likely. Partly sunny, with a high near 92. West wind around 10 mph. Chance of precipitation is 60%."
161,2026-07-29T01:02:35Z,KMSY,Friday Night,2026-07-31T18:00:00-05:00,0,79.0,Showers And Thunderstorms Likely,"Showers and thunderstorms likely before 1am. Mostly cloudy, with a low around 79. Southwest wind around 10 mph. Chance of precipitation is 60%."
162,2026-07-29T01:02:35Z,KMSY,Saturday,2026-08-01T06:00:00-05:00,1,93.0,Chance Showers And Thunderstorms,"A chance of showers and thunderstorms after 7am. Partly sunny, with a high near 93. West wind 10 to 15 mph."
163,2026-07-29T01:02:35Z,KMSY,Saturday Night,2026-08-01T18:00:00-05:00,0,78.0,Chance Showers And Thunderstorms,"A chance of showers and thunderstorms. Mostly cloudy, with a low around 78. Southwest wind 10 to 15 mph."
164,2026-07-29T01:02:35Z,KMSY,Sunday,2026-08-02T06:00:00-05:00,1,91.0,Chance Showers And Thunderstorms then Showers And Thunderstorms Likely,"A chance of showers and thunderstorms before 7am, then showers and thunderstorms likely between 7am and 1pm, then showers and thunderstorms likely. Mostly sunny, with a high near 91. West wind 10 to 15 mph."
165,2026-07-29T01:02:35Z,KMSY,Sunday Night,2026-08-02T18:00:00-05:00,0,76.0,Showers And Thunderstorms Likely,"Showers and thunderstorms likely. Partly cloudy, with a low around 76. Southwest wind 5 to 10 mph."
166,2026-07-29T01:02:35Z,KMSY,Monday,2026-08-03T06:00:00-05:00,1,92.0,Chance Showers And Thunderstorms,"A chance of showers and thunderstorms. Mostly sunny, with a high near 92. Southwest wind around 10 mph."
167,2026-07-29T01:02:35Z,KMSY,Monday Night,2026-08-03T18:00:00-05:00,0,77.0,Chance Showers And Thunderstorms,"A chance of showers and thunderstorms. Partly cloudy, with a low around 77. South wind 5 to 10 mph."
168,2026-07-29T01:02:35Z,KMSY,Tuesday,2026-08-04T06:00:00-05:00,1,94.0,Chance Showers And Thunderstorms,"A slight chance of rain showers before 7am, then a chance of showers and thunderstorms. Mostly sunny, with a high near 94. Southwest wind around 5 mph."
169,2026-07-29T01:02:35Z,KNYC,Tonight,2026-07-28T18:00:00-04:00,0,69.0,Showers And Thunderstorms Likely then Showers And Thunderstorms,"Showers and thunderstorms likely before 8pm, then showers and thunderstorms. Cloudy, with a low around 69. Southeast wind around 8 mph. Chance of precipitation is 100%. New rainfall amounts between 2 and 3 inches possible."
170,2026-07-29T01:02:35Z,KNYC,Wednesday,2026-07-29T06:00:00-04:00,1,78.0,Showers And Thunderstorms Likely then Chance Showers And Thunderstorms,"Showers and thunderstorms likely before 11am, then a chance of showers and thunderstorms. Mostly cloudy, with a high near 78. Northeast wind around 7 mph. Chance of precipitation is 70%. New rainfall amounts between three quarters and one inch possible."
171,2026-07-29T01:02:35Z,KNYC,Wednesday Night,2026-07-29T18:00:00-04:00,0,67.0,Chance Showers And Thunderstorms,"A chance of showers and thunderstorms. Mostly cloudy, with a low around 67. Northwest wind around 7 mph. Chance of precipitation is 40%. New rainfall amounts between a quarter and half of an inch possible."
172,2026-07-29T01:02:35Z,KNYC,Thursday,2026-07-30T06:00:00-04:00,1,77.0,Showers And Thunderstorms Likely,"A chance of rain showers before 2pm, then showers and thunderstorms likely. Partly sunny, with a high near 77. North wind around 7 mph. Chance of precipitation is 60%. New rainfall amounts between a quarter and half of an inch possible."
173,2026-07-29T01:02:35Z,KNYC,Thursday Night,2026-07-30T18:00:00-04:00,0,66.0,Showers And Thunderstorms Likely then Partly Cloudy,"Showers and thunderstorms likely before 8pm. Partly cloudy, with a low around 66. North wind around 6 mph. Chance of precipitation is 60%. New rainfall amounts between a tenth and quarter of an inch possible."
174,2026-07-29T01:02:35Z,KNYC,Friday,2026-07-31T06:00:00-04:00,1,82.0,Mostly Sunny,"Mostly sunny, with a high near 82."
175,2026-07-29T01:02:35Z,KNYC,Friday Night,2026-07-31T18:00:00-04:00,0,68.0,Partly Cloudy,"Partly cloudy, with a low around 68."
176,2026-07-29T01:02:35Z,KNYC,Saturday,2026-08-01T06:00:00-04:00,1,85.0,Mostly Sunny,"Mostly sunny, with a high near 85."
177,2026-07-29T01:02:35Z,KNYC,Saturday Night,2026-08-01T18:00:00-04:00,0,70.0,Mostly Cloudy,"Mostly cloudy, with a low around 70."
178,2026-07-29T01:02:35Z,KNYC,Sunday,2026-08-02T06:00:00-04:00,1,83.0,Partly Sunny then Slight Chance Showers And Thunderstorms,"A slight chance of showers and thunderstorms after 2pm. Partly sunny, with a high near 83."
179,2026-07-29T01:02:35Z,KNYC,Sunday Night,2026-08-02T18:00:00-04:00,0,71.0,Chance Showers And Thunderstorms,"A chance of showers and thunderstorms. Mostly cloudy, with a low around 71. Chance of precipitation is 40%."
180,2026-07-29T01:02:35Z,KNYC,Monday,2026-08-03T06:00:00-04:00,1,83.0,Chance Rain Showers,"A chance of rain showers before 2pm, then a chance of showers and thunderstorms. Mostly cloudy, with a high near 83. Chance of precipitation is 40%."
181,2026-07-29T01:02:35Z,KNYC,Monday Night,2026-08-03T18:00:00-04:00,0,71.0,Chance Showers And Thunderstorms,"A chance of showers and thunderstorms. Mostly cloudy, with a low around 71. Chance of precipitation is 40%."
182,2026-07-29T01:02:35Z,KNYC,Tuesday,2026-08-04T06:00:00-04:00,1,85.0,Slight Chance Rain Showers,"A slight chance of rain showers. Mostly sunny, with a high near 85."
183,2026-07-29T01:02:35Z,KOKC,Tonight,2026-07-28T18:00:00-05:00,0,77.0,Partly Cloudy,"Partly cloudy, with a low around 77. Heat index values as high as 102. South wind 8 to 12 mph."
184,2026-07-29T01:02:35Z,KOKC,Wednesday,2026-07-29T06:00:00-05:00,1,101.0,Mostly Sunny,"Mostly sunny, with a high near 101. Heat index values as high as 106. South southwest wind 8 to 12 mph."
185,2026-07-29T01:02:35Z,KOKC,Wednesday Night,2026-07-29T18:00:00-05:00,0,77.0,Mostly Clear,"Mostly clear, with a low around 77. Heat index values as high as 104. South southeast wind 9 to 13 mph, with gusts as high as 20 mph."
186,2026-07-29T01:02:35Z,KOKC,Thursday,2026-07-30T06:00:00-05:00,1,101.0,Mostly Sunny,"Mostly sunny, with a high near 101. Heat index values as high as 105. South wind 9 to 13 mph, with gusts as high as 20 mph."
187,2026-07-29T01:02:35Z,KOKC,Thursday Night,2026-07-30T18:00:00-05:00,0,77.0,Partly Cloudy,"Partly cloudy, with a low around 77. South wind around 14 mph, with gusts as high as 21 mph."
188,2026-07-29T01:02:35Z,KOKC,Friday,2026-07-31T06:00:00-05:00,1,101.0,Mostly Sunny,"Mostly sunny, with a high near 101."
189,2026-07-29T01:02:35Z,KOKC,Friday Night,2026-07-31T18:00:00-05:00,0,72.0,Mostly Clear,"Mostly clear, with a low around 72."
190,2026-07-29T01:02:35Z,KOKC,Saturday,2026-08-01T06:00:00-05:00,1,92.0,Sunny,"Sunny, with a high near 92."
191,2026-07-29T01:02:35Z,KOKC,Saturday Night,2026-08-01T18:00:00-05:00,0,67.0,Mostly Clear,"Mostly clear, with a low around 67."
192,2026-07-29T01:02:35Z,KOKC,Sunday,2026-08-02T06:00:00-05:00,1,91.0,Sunny,"Sunny, with a high near 91."
193,2026-07-29T01:02:35Z,KOKC,Sunday Night,2026-08-02T18:00:00-05:00,0,68.0,Clear,"Clear, with a low around 68."
194,2026-07-29T01:02:35Z,KOKC,Monday,2026-08-03T06:00:00-05:00,1,94.0,Sunny,"Sunny, with a high near 94."
195,2026-07-29T01:02:35Z,KOKC,Monday Night,2026-08-03T18:00:00-05:00,0,72.0,Clear,"Clear, with a low around 72."
196,2026-07-29T01:02:35Z,KOKC,Tuesday,2026-08-04T06:00:00-05:00,1,96.0,Sunny,"Sunny, with a high near 96."
197,2026-07-29T01:02:35Z,KPHL,Tonight,2026-07-28T20:00:00-04:00,0,67.0,Showers And Thunderstorms then Chance Showers And Thunderstorms,"Showers and thunderstorms before midnight, then a chance of showers and thunderstorms between midnight and 5am. Mostly cloudy, with a low around 67. South wind 5 to 10 mph. Chance of precipitation is 90%. New rainfall amounts between a half and three quarters of an inch possible."
198,2026-07-29T01:02:35Z,KPHL,Wednesday,2026-07-29T06:00:00-04:00,1,82.0,Mostly Sunny then Slight Chance Showers And Thunderstorms,"A slight chance of showers and thunderstorms after 2pm. Mostly sunny, with a high near 82. Northwest wind 5 to 15 mph. Chance of precipitation is 20%. New rainfall amounts between a tenth and quarter of an inch possible."
199,2026-07-29T01:02:35Z,KPHL,Wednesday Night,2026-07-29T18:00:00-04:00,0,66.0,Slight Chance Showers And Thunderstorms then Partly Cloudy,"A slight chance of showers and thunderstorms before 9pm. Partly cloudy, with a low around 66. Northwest wind 5 to 10 mph, with gusts as high as 25 mph. Chance of precipitation is 20%. New rainfall amounts less than a tenth of an inch possible."
200,2026-07-29T01:02:35Z,KPHL,Thursday,2026-07-30T06:00:00-04:00,1,82.0,Partly Sunny then Chance Showers And Thunderstorms,"A chance of showers and thunderstorms after 2pm. Partly sunny, with a high near 82. Northwest wind 5 to 10 mph. Chance of precipitation is 40%."
201,2026-07-29T01:02:35Z,KPHL,Thursday Night,2026-07-30T18:00:00-04:00,0,66.0,Chance Showers And Thunderstorms then Partly Cloudy,"A chance of showers and thunderstorms before 8pm. Partly cloudy, with a low around 66. North wind around 5 mph. Chance of precipitation is 40%."
202,2026-07-29T01:02:35Z,KPHL,Friday,2026-07-31T06:00:00-04:00,1,85.0,Mostly Sunny,"Mostly sunny, with a high near 85."
203,2026-07-29T01:02:35Z,KPHL,Friday Night,2026-07-31T18:00:00-04:00,0,68.0,Partly Cloudy,"Partly cloudy, with a low around 68."
204,2026-07-29T01:02:35Z,KPHL,Saturday,2026-08-01T06:00:00-04:00,1,87.0,Mostly Sunny,"Mostly sunny, with a high near 87."
205,2026-07-29T01:02:35Z,KPHL,Saturday Night,2026-08-01T18:00:00-04:00,0,69.0,Mostly Cloudy,"Mostly cloudy, with a low around 69."
206,2026-07-29T01:02:35Z,KPHL,Sunday,2026-08-02T06:00:00-04:00,1,85.0,Chance Showers And Thunderstorms,"A slight chance of rain showers between 8am and 2pm, then a chance of showers and thunderstorms. Partly sunny, with a high near 85. Chance of precipitation is 30%."
207,2026-07-29T01:02:35Z,KPHL,Sunday Night,2026-08-02T18:00:00-04:00,0,71.0,Chance Showers And Thunderstorms,"A chance of showers and thunderstorms. Mostly cloudy, with a low around 71. Chance of precipitation is 50%."
208,2026-07-29T01:02:35Z,KPHL,Monday,2026-08-03T06:00:00-04:00,1,86.0,Chance Rain Showers,"A chance of rain showers before 2pm, then a chance of showers and thunderstorms. Mostly cloudy, with a high near 86. Chance of precipitation is 50%."
209,2026-07-29T01:02:35Z,KPHL,Monday Night,2026-08-03T18:00:00-04:00,0,70.0,Chance Showers And Thunderstorms,"A chance of showers and thunderstorms. Mostly cloudy, with a low around 70. Chance of precipitation is 50%."
210,2026-07-29T01:02:35Z,KPHL,Tuesday,2026-08-04T06:00:00-04:00,1,87.0,Chance Showers And Thunderstorms,"A slight chance of rain showers before 2pm, then a chance of showers and thunderstorms. Mostly sunny, with a high near 87."
211,2026-07-29T01:02:35Z,KPHX,This Afternoon,2026-07-28T16:00:00-07:00,1,107.0,Sunny,"Sunny. High near 107, with temperatures falling to around 104 in the afternoon. West wind around 10 mph."
212,2026-07-29T01:02:35Z,KPHX,Tonight,2026-07-28T18:00:00-07:00,0,89.0,Mostly Clear,"Mostly clear, with a low around 89. West wind 5 to 10 mph."
213,2026-07-29T01:02:35Z,KPHX,Wednesday,2026-07-29T06:00:00-07:00,1,111.0,Sunny,"Sunny. High near 111, with temperatures falling to around 109 in the afternoon. Heat index values as high as 110. West wind 5 to 10 mph."
214,2026-07-29T01:02:35Z,KPHX,Wednesday Night,2026-07-29T18:00:00-07:00,0,90.0,Mostly Clear,"Mostly clear, with a low around 90. West wind 5 to 10 mph."
215,2026-07-29T01:02:35Z,KPHX,Thursday,2026-07-30T06:00:00-07:00,1,113.0,Sunny,"Sunny, with a high near 113. West southwest wind 5 to 15 mph, with gusts as high as 20 mph."
216,2026-07-29T01:02:35Z,KPHX,Thursday Night,2026-07-30T18:00:00-07:00,0,91.0,Mostly Clear,"Mostly clear, with a low around 91. West southwest wind 10 to 15 mph."
217,2026-07-29T01:02:35Z,KPHX,Friday,2026-07-31T06:00:00-07:00,1,115.0,Sunny,"Sunny, with a high near 115. West southwest wind 5 to 15 mph, with gusts as high as 25 mph."
218,2026-07-29T01:02:35Z,KPHX,Friday Night,2026-07-31T18:00:00-07:00,0,93.0,Mostly Clear,"Mostly clear, with a low around 93. West southwest wind 0 to 10 mph, with gusts as high as 20 mph."
219,2026-07-29T01:02:35Z,KPHX,Saturday,2026-08-01T06:00:00-07:00,1,116.0,Sunny,"Sunny, with a high near 116. Southwest wind 0 to 10 mph, with gusts as high as 25 mph."
220,2026-07-29T01:02:35Z,KPHX,Saturday Night,2026-08-01T18:00:00-07:00,0,93.0,Mostly Clear,"Mostly clear, with a low around 93. West wind 0 to 10 mph."
221,2026-07-29T01:02:35Z,KPHX,Sunday,2026-08-02T06:00:00-07:00,1,115.0,Sunny,"Sunny, with a high near 115. West wind 0 to 10 mph, with gusts as high as 20 mph."
222,2026-07-29T01:02:35Z,KPHX,Sunday Night,2026-08-02T18:00:00-07:00,0,94.0,Mostly Clear,"Mostly clear, with a low around 94. West wind 5 to 10 mph, with gusts as high as 20 mph."
223,2026-07-29T01:02:35Z,KPHX,Monday,2026-08-03T06:00:00-07:00,1,113.0,Sunny then Slight Chance Showers And Thunderstorms,"A slight chance of showers and thunderstorms after 5pm. Sunny, with a high near 113. West southwest wind 5 to 10 mph, with gusts as high as 20 mph. Chance of precipitation is 20%."
224,2026-07-29T01:02:35Z,KPHX,Monday Night,2026-08-03T18:00:00-07:00,0,92.0,Slight Chance Showers And Thunderstorms then Partly Cloudy,"A slight chance of showers and thunderstorms before 11pm. Partly cloudy, with a low around 92. South southwest wind around 5 mph, with gusts as high as 20 mph. Chance of precipitation is 20%."
225,2026-07-29T01:02:35Z,KSAT,Tonight,2026-07-28T19:00:00-05:00,0,77.0,Mostly Clear,"Mostly clear, with a low around 77. Heat index values as high as 105. South southeast wind 5 to 15 mph, with gusts as high as 25 mph."
226,2026-07-29T01:02:35Z,KSAT,Wednesday,2026-07-29T06:00:00-05:00,1,99.0,Mostly Sunny,"Mostly sunny, with a high near 99. Heat index values as high as 107. South wind 5 to 10 mph."
227,2026-07-29T01:02:35Z,KSAT,Wednesday Night,2026-07-29T18:00:00-05:00,0,76.0,Mostly Clear,"Mostly clear, with a low around 76. Heat index values as high as 105. South southeast wind 5 to 15 mph, with gusts as high as 25 mph."
228,2026-07-29T01:02:35Z,KSAT,Thursday,2026-07-30T06:00:00-05:00,1,99.0,Mostly Sunny,"Mostly sunny, with a high near 99. Heat index values as high as 105. South wind 5 to 10 mph."
229,2026-07-29T01:02:35Z,KSAT,Thursday Night,2026-07-30T18:00:00-05:00,0,76.0,Partly Cloudy,"Partly cloudy, with a low around 76. South southeast wind 5 to 10 mph, with gusts as high as 20 mph."
230,2026-07-29T01:02:35Z,KSAT,Friday,2026-07-31T06:00:00-05:00,1,99.0,Mostly Sunny,"Mostly sunny, with a high near 99. South wind around 5 mph."
231,2026-07-29T01:02:35Z,KSAT,Friday Night,2026-07-31T18:00:00-05:00,0,78.0,Mostly Clear,"Mostly clear, with a low around 78. South southeast wind 5 to 10 mph."
232,2026-07-29T01:02:35Z,KSAT,Saturday,2026-08-01T06:00:00-05:00,1,101.0,Mostly Sunny,"Mostly sunny, with a high near 101. South southwest wind around 5 mph."
233,2026-07-29T01:02:35Z,KSAT,Saturday Night,2026-08-01T18:00:00-05:00,0,80.0,Mostly Clear,"Mostly clear, with a low around 80. South wind around 5 mph."
234,2026-07-29T01:02:35Z,KSAT,Sunday,2026-08-02T06:00:00-05:00,1,100.0,Mostly Sunny,"Mostly sunny, with a high near 100."
235,2026-07-29T01:02:35Z,KSAT,Sunday Night,2026-08-02T18:00:00-05:00,0,79.0,Mostly Clear,"Mostly clear, with a low around 79."
236,2026-07-29T01:02:35Z,KSAT,Monday,2026-08-03T06:00:00-05:00,1,101.0,Sunny,"Sunny, with a high near 101."
237,2026-07-29T01:02:35Z,KSAT,Monday Night,2026-08-03T18:00:00-05:00,0,78.0,Mostly Clear,"Mostly clear, with a low around 78."
238,2026-07-29T01:02:35Z,KSAT,Tuesday,2026-08-04T06:00:00-05:00,1,98.0,Mostly Sunny,"Mostly sunny, with a high near 98."
239,2026-07-29T01:02:35Z,KSFO,This Afternoon,2026-07-28T13:00:00-07:00,1,72.0,Sunny,"Sunny, with a high near 72. West wind 18 to 23 mph, with gusts as high as 29 mph."
240,2026-07-29T01:02:35Z,KSFO,Tonight,2026-07-28T18:00:00-07:00,0,58.0,Mostly Clear,"Mostly clear, with a low around 58. West wind 10 to 22 mph, with gusts as high as 29 mph."
241,2026-07-29T01:02:35Z,KSFO,Wednesday,2026-07-29T06:00:00-07:00,1,72.0,Sunny,"Sunny. High near 72, with temperatures falling to around 70 in the afternoon. West wind 9 to 23 mph, with gusts as high as 29 mph."
242,2026-07-29T01:02:35Z,KSFO,Wednesday Night,2026-07-29T18:00:00-07:00,0,57.0,Mostly Clear,"Mostly clear, with a low around 57. West wind 10 to 22 mph, with gusts as high as 28 mph."
243,2026-07-29T01:02:35Z,KSFO,Thursday,2026-07-30T06:00:00-07:00,1,73.0,Sunny,"Sunny, with a high near 73. West wind 10 to 21 mph, with gusts as high as 28 mph."
244,2026-07-29T01:02:35Z,KSFO,Thursday Night,2026-07-30T18:00:00-07:00,0,57.0,Mostly Clear,"Mostly clear, with a low around 57."
245,2026-07-29T01:02:35Z,KSFO,Friday,2026-07-31T06:00:00-07:00,1,76.0,Sunny,"Sunny, with a high near 76."
246,2026-07-29T01:02:35Z,KSFO,Friday Night,2026-07-31T18:00:00-07:00,0,58.0,Mostly Clear,"Mostly clear, with a low around 58."
247,2026-07-29T01:02:35Z,KSFO,Saturday,2026-08-01T06:00:00-07:00,1,73.0,Sunny,"Sunny, with a high near 73."
248,2026-07-29T01:02:35Z,KSFO,Saturday Night,2026-08-01T18:00:00-07:00,0,58.0,Mostly Clear,"Mostly clear, with a low around 58."
249,2026-07-29T01:02:35Z,KSFO,Sunday,2026-08-02T06:00:00-07:00,1,72.0,Sunny,"Sunny, with a high near 72."
250,2026-07-29T01:02:35Z,KSFO,Sunday Night,2026-08-02T18:00:00-07:00,0,58.0,Mostly Clear,"Mostly clear, with a low around 58."
251,2026-07-29T01:02:35Z,KSFO,Monday,2026-08-03T06:00:00-07:00,1,71.0,Sunny,"Sunny, with a high near 71."
252,2026-07-29T01:02:35Z,KSFO,Monday Night,2026-08-03T18:00:00-07:00,0,58.0,Mostly Clear,"Mostly clear, with a low around 58."
253,2026-07-29T01:02:35Z,KSEA,This Afternoon,2026-07-28T14:00:00-07:00,1,74.0,Mostly Sunny,"Mostly sunny. High near 74, with temperatures falling to around 72 in the afternoon. Southwest wind around 13 mph."
254,2026-07-29T01:02:35Z,KSEA,Tonight,2026-07-28T18:00:00-07:00,0,56.0,Partly Cloudy,"Partly cloudy. Low around 56, with temperatures rising to around 58 overnight. North northwest wind 1 to 10 mph."
255,2026-07-29T01:02:35Z,KSEA,Wednesday,2026-07-29T06:00:00-07:00,1,76.0,Mostly Sunny,"Mostly sunny. High near 76, with temperatures falling to around 74 in the afternoon. North northwest wind 0 to 8 mph."
256,2026-07-29T01:02:35Z,KSEA,Wednesday Night,2026-07-29T18:00:00-07:00,0,54.0,Mostly Clear,"Mostly clear, with a low around 54. North northeast wind 3 to 8 mph."
257,2026-07-29T01:02:35Z,KSEA,Thursday,2026-07-30T06:00:00-07:00,1,77.0,Sunny,"Sunny, with a high near 77. Southwest wind around 7 mph."
258,2026-07-29T01:02:35Z,KSEA,Thursday Night,2026-07-30T18:00:00-07:00,0,55.0,Mostly Clear,"Mostly clear, with a low around 55."
259,2026-07-29T01:02:35Z,KSEA,Friday,2026-07-31T06:00:00-07:00,1,82.0,Sunny,"Sunny, with a high near 82."
260,2026-07-29T01:02:35Z,KSEA,Friday Night,2026-07-31T18:00:00-07:00,0,59.0,Mostly Clear,"Mostly clear, with a low around 59."
261,2026-07-29T01:02:35Z,KSEA,Saturday,2026-08-01T06:00:00-07:00,1,72.0,Mostly Sunny,"Mostly sunny, with a high near 72."
262,2026-07-29T01:02:35Z,KSEA,Saturday Night,2026-08-01T18:00:00-07:00,0,55.0,Partly Cloudy,"Partly cloudy, with a low around 55."
263,2026-07-29T01:02:35Z,KSEA,Sunday,2026-08-02T06:00:00-07:00,1,70.0,Mostly Sunny,"Mostly sunny, with a high near 70."
264,2026-07-29T01:02:35Z,KSEA,Sunday Night,2026-08-02T18:00:00-07:00,0,53.0,Partly Cloudy,"Partly cloudy, with a low around 53."
265,2026-07-29T01:02:35Z,KSEA,Monday,2026-08-03T06:00:00-07:00,1,74.0,Sunny,"Sunny, with a high near 74."
266,2026-07-29T01:02:35Z,KSEA,Monday Night,2026-08-03T18:00:00-07:00,0,56.0,Mostly Clear,"Mostly clear, with a low around 56."
267,2026-07-29T01:02:35Z,KDCA,Tonight,2026-07-28T20:00:00-04:00,0,70.0,Showers And Thunderstorms Likely then Partly Cloudy,"Showers and thunderstorms likely before 9pm, then a chance of showers and thunderstorms between 9pm and midnight. Some of the storms could be severe. Partly cloudy, with a low around 70. West wind 8 to 13 mph. Chance of precipitation is 60%. New rainfall amounts between a tenth and quarter of an inch possible."
268,2026-07-29T01:02:35Z,KDCA,Wednesday,2026-07-29T06:00:00-04:00,1,85.0,Sunny,"Sunny, with a high near 85. Northwest wind 13 to 17 mph, with gusts as high as 25 mph."
269,2026-07-29T01:02:35Z,KDCA,Wednesday Night,2026-07-29T18:00:00-04:00,0,70.0,Mostly Clear,"Mostly clear, with a low around 70. Northwest wind 13 to 16 mph, with gusts as high as 24 mph."
270,2026-07-29T01:02:35Z,KDCA,Thursday,2026-07-30T06:00:00-04:00,1,85.0,Sunny,"Sunny, with a high near 85. Northwest wind around 15 mph, with gusts as high as 23 mph."
271,2026-07-29T01:02:35Z,KDCA,Thursday Night,2026-07-30T18:00:00-04:00,0,69.0,Partly Cloudy,"Partly cloudy, with a low around 69. Northwest wind 8 to 14 mph, with gusts as high as 20 mph."
272,2026-07-29T01:02:35Z,KDCA,Friday,2026-07-31T06:00:00-04:00,1,88.0,Sunny,"Sunny, with a high near 88."
273,2026-07-29T01:02:35Z,KDCA,Friday Night,2026-07-31T18:00:00-04:00,0,71.0,Partly Cloudy,"Partly cloudy, with a low around 71."
274,2026-07-29T01:02:35Z,KDCA,Saturday,2026-08-01T06:00:00-04:00,1,89.0,Mostly Sunny,"Mostly sunny, with a high near 89."
275,2026-07-29T01:02:35Z,KDCA,Saturday Night,2026-08-01T18:00:00-04:00,0,72.0,Slight Chance Showers And Thunderstorms,"A slight chance of showers and thunderstorms between 8pm and 2am. Mostly cloudy, with a low around 72. Chance of precipitation is 20%."
276,2026-07-29T01:02:35Z,KDCA,Sunday,2026-08-02T06:00:00-04:00,1,87.0,Mostly Cloudy then Chance Showers And Thunderstorms,"A chance of showers and thunderstorms after 2pm. Mostly cloudy, with a high near 87. Chance of precipitation is 40%."
277,2026-07-29T01:02:35Z,KDCA,Sunday Night,2026-08-02T18:00:00-04:00,0,73.0,Chance Showers And Thunderstorms,"A chance of showers and thunderstorms. Mostly cloudy, with a low around 73. Chance of precipitation is 40%."
278,2026-07-29T01:02:35Z,KDCA,Monday,2026-08-03T06:00:00-04:00,1,86.0,Showers And Thunderstorms Likely,"A chance of rain showers before 2pm, then showers and thunderstorms likely. Mostly cloudy, with a high near 86. Chance of precipitation is 60%."
279,2026-07-29T01:02:35Z,KDCA,Monday Night,2026-08-03T18:00:00-04:00,0,73.0,Showers And Thunderstorms Likely,"Showers and thunderstorms likely. Mostly cloudy, with a low around 73. Chance of precipitation is 60%."
280,2026-07-29T01:02:35Z,KDCA,Tuesday,2026-08-04T06:00:00-04:00,1,89.0,Slight Chance Rain Showers then Slight Chance Showers And Thunderstorms,"A slight chance of rain showers before 2pm, then a slight chance of showers and thunderstorms. Mostly sunny, with a high near 89."
1,2026-07-29T04:19:59Z,KATL,Overnight,2026-07-29T00:00:00-04:00,0,77.0,Slight Chance Showers And Thunderstorms,"A slight chance of showers and thunderstorms between 1am and 2am. Partly cloudy, with a low around 77. West wind around 5 mph. Chance of precipitation is 20%."
2,2026-07-29T04:19:59Z,KATL,Wednesday,2026-07-29T06:00:00-04:00,1,93.0,Mostly Sunny,"Mostly sunny, with a high near 93. Northwest wind 5 to 10 mph, with gusts as high as 20 mph."
3,2026-07-29T04:19:59Z,KATL,Wednesday Night,2026-07-29T18:00:00-04:00,0,72.0,Mostly Clear,"Mostly clear, with a low around 72. North wind 5 to 10 mph, with gusts as high as 20 mph."
4,2026-07-29T04:19:59Z,KATL,Thursday,2026-07-30T06:00:00-04:00,1,91.0,Sunny,"Sunny, with a high near 91. North wind 5 to 10 mph, with gusts as high as 20 mph."
5,2026-07-29T04:19:59Z,KATL,Thursday Night,2026-07-30T18:00:00-04:00,0,69.0,Mostly Clear,"Mostly clear, with a low around 69. Northwest wind 0 to 10 mph, with gusts as high as 20 mph."
6,2026-07-29T04:19:59Z,KATL,Friday,2026-07-31T06:00:00-04:00,1,93.0,Mostly Sunny,"Mostly sunny, with a high near 93."
7,2026-07-29T04:19:59Z,KATL,Friday Night,2026-07-31T18:00:00-04:00,0,73.0,Partly Cloudy,"Partly cloudy, with a low around 73."
8,2026-07-29T04:19:59Z,KATL,Saturday,2026-08-01T06:00:00-04:00,1,90.0,Chance Showers And Thunderstorms,"A chance of showers and thunderstorms between 8am and 2pm, then a chance of showers and thunderstorms. Mostly cloudy, with a high near 90. Chance of precipitation is 50%."
9,2026-07-29T04:19:59Z,KATL,Saturday Night,2026-08-01T18:00:00-04:00,0,73.0,Chance Showers And Thunderstorms then Showers And Thunderstorms Likely,"A chance of showers and thunderstorms before 8pm, then showers and thunderstorms likely. Mostly cloudy, with a low around 73. Chance of precipitation is 70%."
10,2026-07-29T04:19:59Z,KATL,Sunday,2026-08-02T06:00:00-04:00,1,87.0,Showers And Thunderstorms Likely,"Showers and thunderstorms likely. Mostly cloudy, with a high near 87. Chance of precipitation is 70%."
11,2026-07-29T04:19:59Z,KATL,Sunday Night,2026-08-02T18:00:00-04:00,0,72.0,Showers And Thunderstorms Likely then Chance Showers And Thunderstorms,"Showers and thunderstorms likely before 8pm, then a chance of showers and thunderstorms. Mostly cloudy, with a low around 72. Chance of precipitation is 70%."
12,2026-07-29T04:19:59Z,KATL,Monday,2026-08-03T06:00:00-04:00,1,87.0,Slight Chance Showers And Thunderstorms then Showers And Thunderstorms Likely,"A slight chance of showers and thunderstorms before 8am, then showers and thunderstorms likely. Partly sunny, with a high near 87. Chance of precipitation is 60%."
13,2026-07-29T04:19:59Z,KATL,Monday Night,2026-08-03T18:00:00-04:00,0,72.0,Showers And Thunderstorms Likely,"Showers and thunderstorms likely before 2am. Mostly cloudy, with a low around 72. Chance of precipitation is 60%."
14,2026-07-29T04:19:59Z,KATL,Tuesday,2026-08-04T06:00:00-04:00,1,88.0,Chance Showers And Thunderstorms,"A chance of showers and thunderstorms between 8am and 2pm, then a chance of showers and thunderstorms. Partly sunny, with a high near 88."
15,2026-07-29T04:19:59Z,KAUS,Tonight,2026-07-28T18:00:00-05:00,0,76.0,Mostly Clear,"Mostly clear, with a low around 76. Heat index values as high as 106. South wind 5 to 10 mph, with gusts as high as 20 mph."
16,2026-07-29T04:19:59Z,KAUS,Wednesday,2026-07-29T06:00:00-05:00,1,99.0,Mostly Sunny,"Mostly sunny, with a high near 99. Heat index values as high as 106. South southwest wind 5 to 10 mph."
17,2026-07-29T04:19:59Z,KAUS,Wednesday Night,2026-07-29T18:00:00-05:00,0,77.0,Mostly Clear,"Mostly clear, with a low around 77. Heat index values as high as 108. South wind 5 to 10 mph, with gusts as high as 20 mph."
18,2026-07-29T04:19:59Z,KAUS,Thursday,2026-07-30T06:00:00-05:00,1,99.0,Mostly Sunny,"Mostly sunny, with a high near 99. Heat index values as high as 106. South wind around 5 mph."
19,2026-07-29T04:19:59Z,KAUS,Thursday Night,2026-07-30T18:00:00-05:00,0,77.0,Mostly Clear,"Mostly clear, with a low around 77. South wind 5 to 10 mph."
20,2026-07-29T04:19:59Z,KAUS,Friday,2026-07-31T06:00:00-05:00,1,100.0,Sunny,"Sunny, with a high near 100. South southwest wind around 5 mph."
21,2026-07-29T04:19:59Z,KAUS,Friday Night,2026-07-31T18:00:00-05:00,0,78.0,Mostly Clear,"Mostly clear, with a low around 78. South wind 5 to 10 mph, with gusts as high as 20 mph."
22,2026-07-29T04:19:59Z,KAUS,Saturday,2026-08-01T06:00:00-05:00,1,102.0,Mostly Sunny,"Mostly sunny, with a high near 102. Southwest wind 5 to 10 mph."
23,2026-07-29T04:19:59Z,KAUS,Saturday Night,2026-08-01T18:00:00-05:00,0,79.0,Partly Cloudy,"Partly cloudy, with a low around 79. Southwest wind around 5 mph."
24,2026-07-29T04:19:59Z,KAUS,Sunday,2026-08-02T06:00:00-05:00,1,99.0,Mostly Sunny,"Mostly sunny, with a high near 99."
25,2026-07-29T04:19:59Z,KAUS,Sunday Night,2026-08-02T18:00:00-05:00,0,78.0,Mostly Clear,"Mostly clear, with a low around 78."
26,2026-07-29T04:19:59Z,KAUS,Monday,2026-08-03T06:00:00-05:00,1,100.0,Sunny,"Sunny, with a high near 100."
27,2026-07-29T04:19:59Z,KAUS,Monday Night,2026-08-03T18:00:00-05:00,0,78.0,Mostly Clear,"Mostly clear, with a low around 78."
28,2026-07-29T04:19:59Z,KAUS,Tuesday,2026-08-04T06:00:00-05:00,1,99.0,Sunny,"Sunny, with a high near 99."
29,2026-07-29T04:19:59Z,KBOS,Tonight,2026-07-28T21:00:00-04:00,0,66.0,Mostly Cloudy,"Mostly cloudy, with a low around 66. Southeast wind around 8 mph."
30,2026-07-29T04:19:59Z,KBOS,Wednesday,2026-07-29T06:00:00-04:00,1,74.0,Showers And Thunderstorms Likely,"Showers and thunderstorms likely. Some of the storms could produce heavy rain. Mostly cloudy, with a high near 74. East wind 8 to 16 mph. Chance of precipitation is 70%. New rainfall amounts between a half and three quarters of an inch possible."
31,2026-07-29T04:19:59Z,KBOS,Wednesday Night,2026-07-29T18:00:00-04:00,0,64.0,Showers And Thunderstorms,"Showers and thunderstorms. Cloudy, with a low around 64. East wind 13 to 16 mph, with gusts as high as 26 mph. Chance of precipitation is 100%. New rainfall amounts between three quarters and one inch possible."
32,2026-07-29T04:19:59Z,KBOS,Thursday,2026-07-30T06:00:00-04:00,1,71.0,Showers And Thunderstorms,"Showers and thunderstorms. Mostly cloudy, with a high near 71. Northeast wind around 15 mph. Chance of precipitation is 100%. New rainfall amounts between a quarter and half of an inch possible."
33,2026-07-29T04:19:59Z,KBOS,Thursday Night,2026-07-30T18:00:00-04:00,0,63.0,Showers And Thunderstorms Likely,"Showers and thunderstorms likely before 2am. Mostly cloudy, with a low around 63. North wind 7 to 12 mph. Chance of precipitation is 70%."
34,2026-07-29T04:19:59Z,KBOS,Friday,2026-07-31T06:00:00-04:00,1,76.0,Mostly Sunny,"Mostly sunny, with a high near 76. Northeast wind around 8 mph."
35,2026-07-29T04:19:59Z,KBOS,Friday Night,2026-07-31T18:00:00-04:00,0,64.0,Mostly Clear,"Mostly clear, with a low around 64. West wind around 5 mph."
36,2026-07-29T04:19:59Z,KBOS,Saturday,2026-08-01T06:00:00-04:00,1,76.0,Sunny,"Sunny, with a high near 76. Northeast wind 2 to 7 mph."
37,2026-07-29T04:19:59Z,KBOS,Saturday Night,2026-08-01T18:00:00-04:00,0,67.0,Partly Cloudy,"Partly cloudy, with a low around 67. South wind around 7 mph."
38,2026-07-29T04:19:59Z,KBOS,Sunday,2026-08-02T06:00:00-04:00,1,79.0,Partly Sunny then Slight Chance Rain Showers,"A slight chance of rain showers after 4pm. Partly sunny, with a high near 79. South wind 5 to 10 mph."
39,2026-07-29T04:19:59Z,KBOS,Sunday Night,2026-08-02T18:00:00-04:00,0,68.0,Chance Rain Showers,"A chance of rain showers. Mostly cloudy, with a low around 68. South wind 5 to 10 mph. Chance of precipitation is 30%."
40,2026-07-29T04:19:59Z,KBOS,Monday,2026-08-03T06:00:00-04:00,1,77.0,Chance Rain Showers,"A chance of rain showers before 2pm, then a chance of showers and thunderstorms. Partly sunny, with a high near 77. Southwest wind 5 to 8 mph. Chance of precipitation is 40%."
41,2026-07-29T04:19:59Z,KBOS,Monday Night,2026-08-03T18:00:00-04:00,0,67.0,Chance Showers And Thunderstorms,"A chance of showers and thunderstorms before 2am. Mostly cloudy, with a low around 67. West wind around 6 mph. Chance of precipitation is 40%."
42,2026-07-29T04:19:59Z,KBOS,Tuesday,2026-08-04T06:00:00-04:00,1,77.0,Mostly Sunny,"Mostly sunny, with a high near 77. Northeast wind 5 to 8 mph."
43,2026-07-29T04:19:59Z,KMDW,Tonight,2026-07-28T22:00:00-05:00,0,65.0,Mostly Clear,"Mostly clear, with a low around 65. North northeast wind 5 to 10 mph, with gusts as high as 20 mph."
44,2026-07-29T04:19:59Z,KMDW,Wednesday,2026-07-29T06:00:00-05:00,1,81.0,Sunny,"Sunny, with a high near 81. North northeast wind 5 to 10 mph."
45,2026-07-29T04:19:59Z,KMDW,Wednesday Night,2026-07-29T18:00:00-05:00,0,66.0,Partly Cloudy,"Partly cloudy, with a low around 66. North northwest wind 0 to 10 mph."
46,2026-07-29T04:19:59Z,KMDW,Thursday,2026-07-30T06:00:00-05:00,1,85.0,Mostly Sunny,"Mostly sunny, with a high near 85. East northeast wind 0 to 10 mph."
47,2026-07-29T04:19:59Z,KMDW,Thursday Night,2026-07-30T18:00:00-05:00,0,70.0,Partly Cloudy,"Partly cloudy, with a low around 70. South southeast wind 5 to 10 mph."
48,2026-07-29T04:19:59Z,KMDW,Friday,2026-07-31T06:00:00-05:00,1,83.0,Mostly Cloudy then Chance Showers And Thunderstorms,"A chance of showers and thunderstorms after 1pm. Mostly cloudy, with a high near 83. Chance of precipitation is 30%."
49,2026-07-29T04:19:59Z,KMDW,Friday Night,2026-07-31T18:00:00-05:00,0,69.0,Showers And Thunderstorms Likely,"Showers and thunderstorms likely. Cloudy, with a low around 69."
50,2026-07-29T04:19:59Z,KMDW,Saturday,2026-08-01T06:00:00-05:00,1,78.0,Showers And Thunderstorms Likely then Chance Showers And Thunderstorms,"Showers and thunderstorms likely before 7am, then a chance of showers and thunderstorms. Mostly cloudy, with a high near 78."
51,2026-07-29T04:19:59Z,KMDW,Saturday Night,2026-08-01T18:00:00-05:00,0,68.0,Chance Showers And Thunderstorms,"A chance of showers and thunderstorms. Mostly cloudy, with a low around 68."
52,2026-07-29T04:19:59Z,KMDW,Sunday,2026-08-02T06:00:00-05:00,1,78.0,Slight Chance Rain Showers then Mostly Sunny,"A slight chance of rain showers before 7am. Mostly sunny, with a high near 78."
53,2026-07-29T04:19:59Z,KMDW,Sunday Night,2026-08-02T18:00:00-05:00,0,67.0,Partly Cloudy,"Partly cloudy, with a low around 67."
54,2026-07-29T04:19:59Z,KMDW,Monday,2026-08-03T06:00:00-05:00,1,82.0,Mostly Sunny,"Mostly sunny, with a high near 82."
55,2026-07-29T04:19:59Z,KMDW,Monday Night,2026-08-03T18:00:00-05:00,0,69.0,Partly Cloudy,"Partly cloudy, with a low around 69."
56,2026-07-29T04:19:59Z,KMDW,Tuesday,2026-08-04T06:00:00-05:00,1,86.0,Sunny then Slight Chance Showers And Thunderstorms,"A slight chance of showers and thunderstorms after 1pm. Sunny, with a high near 86."
57,2026-07-29T04:19:59Z,KDFW,Tonight,2026-07-28T22:00:00-05:00,0,81.0,Mostly Clear,"Mostly clear. Low around 81, with temperatures rising to around 83 overnight. Heat index values as high as 99. South wind 5 to 10 mph."
58,2026-07-29T04:19:59Z,KDFW,Wednesday,2026-07-29T06:00:00-05:00,1,102.0,Mostly Sunny,"Mostly sunny, with a high near 102. Heat index values as high as 110. South southwest wind 5 to 10 mph."
59,2026-07-29T04:19:59Z,KDFW,Wednesday Night,2026-07-29T18:00:00-05:00,0,81.0,Partly Cloudy,"Partly cloudy. Low around 81, with temperatures rising to around 83 overnight. Heat index values as high as 109. South wind 5 to 10 mph."
60,2026-07-29T04:19:59Z,KDFW,Thursday,2026-07-30T06:00:00-05:00,1,102.0,Sunny,"Sunny, with a high near 102. Heat index values as high as 109. South southwest wind 5 to 10 mph."
61,2026-07-29T04:19:59Z,KDFW,Thursday Night,2026-07-30T18:00:00-05:00,0,82.0,Mostly Clear,"Mostly clear. Low around 82, with temperatures rising to around 84 overnight. South wind 5 to 10 mph."
62,2026-07-29T04:19:59Z,KDFW,Friday,2026-07-31T06:00:00-05:00,1,104.0,Sunny,"Sunny, with a high near 104. South southwest wind around 10 mph."
63,2026-07-29T04:19:59Z,KDFW,Friday Night,2026-07-31T18:00:00-05:00,0,83.0,Mostly Clear,"Mostly clear, with a low around 83. Southwest wind around 10 mph."
64,2026-07-29T04:19:59Z,KDFW,Saturday,2026-08-01T06:00:00-05:00,1,101.0,Sunny,"Sunny, with a high near 101. Northwest wind 10 to 15 mph, with gusts as high as 25 mph."
65,2026-07-29T04:19:59Z,KDFW,Saturday Night,2026-08-01T18:00:00-05:00,0,77.0,Mostly Clear,"Mostly clear, with a low around 77. North northeast wind 5 to 15 mph, with gusts as high as 25 mph."
66,2026-07-29T04:19:59Z,KDFW,Sunday,2026-08-02T06:00:00-05:00,1,97.0,Sunny,"Sunny, with a high near 97."
67,2026-07-29T04:19:59Z,KDFW,Sunday Night,2026-08-02T18:00:00-05:00,0,77.0,Clear,"Clear, with a low around 77."
68,2026-07-29T04:19:59Z,KDFW,Monday,2026-08-03T06:00:00-05:00,1,99.0,Sunny,"Sunny, with a high near 99."
69,2026-07-29T04:19:59Z,KDFW,Monday Night,2026-08-03T18:00:00-05:00,0,79.0,Mostly Clear,"Mostly clear, with a low around 79."
70,2026-07-29T04:19:59Z,KDFW,Tuesday,2026-08-04T06:00:00-05:00,1,100.0,Sunny,"Sunny, with a high near 100."
71,2026-07-29T04:19:59Z,KDEN,Tonight,2026-07-28T18:00:00-06:00,0,64.0,Chance Showers And Thunderstorms then Mostly Cloudy,"A chance of showers and thunderstorms before 9pm, then a chance of showers and thunderstorms between 9pm and 10pm, then a slight chance of showers and thunderstorms between 10pm and midnight. Mostly cloudy. Low around 64, with temperatures rising to around 68 overnight. South wind 6 to 12 mph, with gusts as high as 18 mph. Chance of precipitation is 50%. New rainfall amounts less than a tenth of an inch possible."
72,2026-07-29T04:19:59Z,KDEN,Wednesday,2026-07-29T06:00:00-06:00,1,91.0,Mostly Sunny then Chance Showers And Thunderstorms,"A chance of showers and thunderstorms between 2pm and 3pm, then showers and thunderstorms likely. Mostly sunny. High near 91, with temperatures falling to around 84 in the afternoon. South southwest wind 2 to 9 mph. Chance of precipitation is 70%. New rainfall amounts between a tenth and quarter of an inch possible."
73,2026-07-29T04:19:59Z,KDEN,Wednesday Night,2026-07-29T18:00:00-06:00,0,62.0,Chance Showers And Thunderstorms then Mostly Cloudy,"A chance of showers and thunderstorms before 9pm. Mostly cloudy. Low around 62, with temperatures rising to around 67 overnight. South southwest wind 6 to 10 mph, with gusts as high as 16 mph. Chance of precipitation is 50%."
74,2026-07-29T04:19:59Z,KDEN,Thursday,2026-07-30T06:00:00-06:00,1,94.0,Mostly Sunny then Slight Chance Showers And Thunderstorms,"A slight chance of showers and thunderstorms after noon. Mostly sunny, with a high near 94. Northwest wind around 7 mph, with gusts as high as 17 mph. Chance of precipitation is 20%."
75,2026-07-29T04:19:59Z,KDEN,Thursday Night,2026-07-30T18:00:00-06:00,0,62.0,Partly Cloudy,"Partly cloudy, with a low around 62. West wind around 7 mph, with gusts as high as 16 mph."
76,2026-07-29T04:19:59Z,KDEN,Friday,2026-07-31T06:00:00-06:00,1,93.0,Sunny,"Sunny, with a high near 93."
77,2026-07-29T04:19:59Z,KDEN,Friday Night,2026-07-31T18:00:00-06:00,0,64.0,Slight Chance Showers And Thunderstorms then Mostly Clear,"A slight chance of showers and thunderstorms before midnight. Mostly clear, with a low around 64."
78,2026-07-29T04:19:59Z,KDEN,Saturday,2026-08-01T06:00:00-06:00,1,95.0,Sunny,"Sunny, with a high near 95."
79,2026-07-29T04:19:59Z,KDEN,Saturday Night,2026-08-01T18:00:00-06:00,0,66.0,Mostly Clear,"Mostly clear, with a low around 66."
80,2026-07-29T04:19:59Z,KDEN,Sunday,2026-08-02T06:00:00-06:00,1,101.0,Sunny,"Sunny, with a high near 101."
81,2026-07-29T04:19:59Z,KDEN,Sunday Night,2026-08-02T18:00:00-06:00,0,69.0,Mostly Clear,"Mostly clear, with a low around 69."
82,2026-07-29T04:19:59Z,KDEN,Monday,2026-08-03T06:00:00-06:00,1,99.0,Sunny,"Sunny, with a high near 99."
83,2026-07-29T04:19:59Z,KDEN,Monday Night,2026-08-03T18:00:00-06:00,0,64.0,Chance Showers And Thunderstorms then Partly Cloudy,"A chance of showers and thunderstorms before midnight. Partly cloudy, with a low around 64."
84,2026-07-29T04:19:59Z,KDEN,Tuesday,2026-08-04T06:00:00-06:00,1,91.0,Mostly Sunny then Slight Chance Showers And Thunderstorms,"A slight chance of showers and thunderstorms after noon. Mostly sunny, with a high near 91."
85,2026-07-29T04:19:59Z,KIAH,Tonight,2026-07-28T21:00:00-05:00,0,78.0,Mostly Clear,"Mostly clear, with a low around 78. South wind 5 to 10 mph."
86,2026-07-29T04:19:59Z,KIAH,Wednesday,2026-07-29T06:00:00-05:00,1,99.0,Mostly Sunny,"Mostly sunny, with a high near 99. Heat index values as high as 109. Southwest wind around 5 mph."
87,2026-07-29T04:19:59Z,KIAH,Wednesday Night,2026-07-29T18:00:00-05:00,0,79.0,Partly Cloudy,"Partly cloudy, with a low around 79. Heat index values as high as 106. South wind 5 to 10 mph."
88,2026-07-29T04:19:59Z,KIAH,Thursday,2026-07-30T06:00:00-05:00,1,101.0,Mostly Sunny,"Mostly sunny, with a high near 101. Heat index values as high as 108. Southwest wind around 5 mph."
89,2026-07-29T04:19:59Z,KIAH,Thursday Night,2026-07-30T18:00:00-05:00,0,79.0,Partly Cloudy,"Partly cloudy, with a low around 79. South wind 5 to 10 mph."
90,2026-07-29T04:19:59Z,KIAH,Friday,2026-07-31T06:00:00-05:00,1,101.0,Mostly Sunny,"Mostly sunny, with a high near 101."
91,2026-07-29T04:19:59Z,KIAH,Friday Night,2026-07-31T18:00:00-05:00,0,80.0,Partly Cloudy,"Partly cloudy, with a low around 80."
92,2026-07-29T04:19:59Z,KIAH,Saturday,2026-08-01T06:00:00-05:00,1,102.0,Mostly Sunny,"Mostly sunny, with a high near 102."
93,2026-07-29T04:19:59Z,KIAH,Saturday Night,2026-08-01T18:00:00-05:00,0,80.0,Partly Cloudy,"Partly cloudy, with a low around 80."
94,2026-07-29T04:19:59Z,KIAH,Sunday,2026-08-02T06:00:00-05:00,1,100.0,Mostly Sunny,"Mostly sunny, with a high near 100."
95,2026-07-29T04:19:59Z,KIAH,Sunday Night,2026-08-02T18:00:00-05:00,0,80.0,Slight Chance Showers And Thunderstorms,"A slight chance of showers and thunderstorms between 7pm and 1am. Mostly clear, with a low around 80. Chance of precipitation is 20%."
96,2026-07-29T04:19:59Z,KIAH,Monday,2026-08-03T06:00:00-05:00,1,99.0,Sunny then Slight Chance Showers And Thunderstorms,"A slight chance of showers and thunderstorms after 1pm. Sunny, with a high near 99. Chance of precipitation is 20%."
97,2026-07-29T04:19:59Z,KIAH,Monday Night,2026-08-03T18:00:00-05:00,0,79.0,Slight Chance Showers And Thunderstorms then Mostly Clear,"A slight chance of showers and thunderstorms before 7pm. Mostly clear, with a low around 79. Chance of precipitation is 20%."
98,2026-07-29T04:19:59Z,KIAH,Tuesday,2026-08-04T06:00:00-05:00,1,98.0,Mostly Sunny then Slight Chance Showers And Thunderstorms,"A slight chance of showers and thunderstorms after 1pm. Mostly sunny, with a high near 98."
99,2026-07-29T04:19:59Z,KLAS,Tonight,2026-07-28T19:00:00-07:00,0,85.0,Partly Cloudy,"Partly cloudy. Low around 85, with temperatures rising to around 89 overnight. South southwest wind 7 to 12 mph, with gusts as high as 20 mph."
100,2026-07-29T04:19:59Z,KLAS,Wednesday,2026-07-29T06:00:00-07:00,1,110.0,Sunny,"Sunny, with a high near 110. South wind 6 to 12 mph, with gusts as high as 21 mph."
101,2026-07-29T04:19:59Z,KLAS,Wednesday Night,2026-07-29T18:00:00-07:00,0,83.0,Mostly Clear,"Mostly clear. Low around 83, with temperatures rising to around 86 overnight. Southwest wind 6 to 12 mph, with gusts as high as 21 mph."
102,2026-07-29T04:19:59Z,KLAS,Thursday,2026-07-30T06:00:00-07:00,1,111.0,Sunny,"Sunny, with a high near 111. South southeast wind 2 to 7 mph."
103,2026-07-29T04:19:59Z,KLAS,Thursday Night,2026-07-30T18:00:00-07:00,0,84.0,Clear,"Clear, with a low around 84. Southwest wind around 8 mph."
104,2026-07-29T04:19:59Z,KLAS,Friday,2026-07-31T06:00:00-07:00,1,114.0,Sunny,"Sunny, with a high near 114."
105,2026-07-29T04:19:59Z,KLAS,Friday Night,2026-07-31T18:00:00-07:00,0,90.0,Mostly Clear,"Mostly clear, with a low around 90."
106,2026-07-29T04:19:59Z,KLAS,Saturday,2026-08-01T06:00:00-07:00,1,116.0,Sunny,"Sunny, with a high near 116."
107,2026-07-29T04:19:59Z,KLAS,Saturday Night,2026-08-01T18:00:00-07:00,0,91.0,Clear,"Clear, with a low around 91."
108,2026-07-29T04:19:59Z,KLAS,Sunday,2026-08-02T06:00:00-07:00,1,114.0,Sunny,"Sunny, with a high near 114."
109,2026-07-29T04:19:59Z,KLAS,Sunday Night,2026-08-02T18:00:00-07:00,0,90.0,Clear,"Clear, with a low around 90."
110,2026-07-29T04:19:59Z,KLAS,Monday,2026-08-03T06:00:00-07:00,1,114.0,Sunny,"Sunny, with a high near 114."
111,2026-07-29T04:19:59Z,KLAS,Monday Night,2026-08-03T18:00:00-07:00,0,89.0,Clear,"Clear, with a low around 89."
112,2026-07-29T04:19:59Z,KLAS,Tuesday,2026-08-04T06:00:00-07:00,1,113.0,Sunny,"Sunny, with a high near 113."
113,2026-07-29T04:19:59Z,KLAX,Tonight,2026-07-28T21:00:00-07:00,0,67.0,Patchy Fog,"Patchy fog after 11pm. Mostly cloudy, with a low around 67. South wind around 5 mph."
114,2026-07-29T04:19:59Z,KLAX,Wednesday,2026-07-29T06:00:00-07:00,1,77.0,Patchy Fog then Mostly Sunny,"Patchy fog before 11am. Mostly sunny, with a high near 77. Southwest wind 5 to 10 mph."
115,2026-07-29T04:19:59Z,KLAX,Wednesday Night,2026-07-29T18:00:00-07:00,0,67.0,Patchy Fog,"Patchy fog after 11pm. Mostly cloudy, with a low around 67. South southwest wind 0 to 10 mph."
116,2026-07-29T04:19:59Z,KLAX,Thursday,2026-07-30T06:00:00-07:00,1,78.0,Patchy Fog then Mostly Sunny,"Patchy fog before 11am. Mostly sunny, with a high near 78. South southwest wind 5 to 10 mph."
117,2026-07-29T04:19:59Z,KLAX,Thursday Night,2026-07-30T18:00:00-07:00,0,67.0,Patchy Fog,"Patchy fog after 11pm. Mostly cloudy, with a low around 67. Southwest wind 5 to 10 mph."
118,2026-07-29T04:19:59Z,KLAX,Friday,2026-07-31T06:00:00-07:00,1,81.0,Patchy Fog then Mostly Sunny,"Patchy fog before 11am. Mostly sunny, with a high near 81."
119,2026-07-29T04:19:59Z,KLAX,Friday Night,2026-07-31T18:00:00-07:00,0,68.0,Partly Cloudy,"Partly cloudy, with a low around 68."
120,2026-07-29T04:19:59Z,KLAX,Saturday,2026-08-01T06:00:00-07:00,1,79.0,Mostly Sunny,"Mostly sunny, with a high near 79."
121,2026-07-29T04:19:59Z,KLAX,Saturday Night,2026-08-01T18:00:00-07:00,0,68.0,Partly Cloudy,"Partly cloudy, with a low around 68."
122,2026-07-29T04:19:59Z,KLAX,Sunday,2026-08-02T06:00:00-07:00,1,79.0,Mostly Sunny,"Mostly sunny, with a high near 79."
123,2026-07-29T04:19:59Z,KLAX,Sunday Night,2026-08-02T18:00:00-07:00,0,67.0,Partly Cloudy,"Partly cloudy, with a low around 67."
124,2026-07-29T04:19:59Z,KLAX,Monday,2026-08-03T06:00:00-07:00,1,77.0,Mostly Sunny,"Mostly sunny, with a high near 77."
125,2026-07-29T04:19:59Z,KLAX,Monday Night,2026-08-03T18:00:00-07:00,0,66.0,Partly Cloudy,"Partly cloudy, with a low around 66."
126,2026-07-29T04:19:59Z,KLAX,Tuesday,2026-08-04T06:00:00-07:00,1,77.0,Sunny,"Sunny, with a high near 77."
127,2026-07-29T04:19:59Z,KMIA,Tonight,2026-07-28T22:00:00-04:00,0,79.0,Partly Cloudy,"Partly cloudy, with a low around 79. Southwest wind around 9 mph."
128,2026-07-29T04:19:59Z,KMIA,Wednesday,2026-07-29T06:00:00-04:00,1,94.0,Mostly Sunny then Slight Chance Showers And Thunderstorms,"A slight chance of showers and thunderstorms between 2pm and 4pm. Mostly sunny, with a high near 94. Heat index values as high as 105. Southwest wind 8 to 16 mph, with gusts as high as 26 mph. Chance of precipitation is 20%."
129,2026-07-29T04:19:59Z,KMIA,Wednesday Night,2026-07-29T18:00:00-04:00,0,79.0,Mostly Clear,"Mostly clear, with a low around 79. Heat index values as high as 101. Southwest wind 8 to 15 mph, with gusts as high as 24 mph."
130,2026-07-29T04:19:59Z,KMIA,Thursday,2026-07-30T06:00:00-04:00,1,95.0,Sunny,"Sunny, with a high near 95. Heat index values as high as 105. Southwest wind 7 to 15 mph, with gusts as high as 24 mph."
131,2026-07-29T04:19:59Z,KMIA,Thursday Night,2026-07-30T18:00:00-04:00,0,79.0,Partly Cloudy,"Partly cloudy, with a low around 79. Southwest wind 5 to 15 mph, with gusts as high as 22 mph."
132,2026-07-29T04:19:59Z,KMIA,Friday,2026-07-31T06:00:00-04:00,1,94.0,Mostly Sunny then Slight Chance Showers And Thunderstorms,"A slight chance of showers and thunderstorms after 2pm. Mostly sunny, with a high near 94. Southwest wind 3 to 12 mph, with gusts as high as 20 mph. Chance of precipitation is 20%."
133,2026-07-29T04:19:59Z,KMIA,Friday Night,2026-07-31T18:00:00-04:00,0,79.0,Slight Chance Showers And Thunderstorms then Mostly Cloudy,"A slight chance of showers and thunderstorms before 8pm. Mostly cloudy, with a low around 79. Southwest wind 0 to 12 mph, with gusts as high as 18 mph. Chance of precipitation is 20%."
134,2026-07-29T04:19:59Z,KMIA,Saturday,2026-08-01T06:00:00-04:00,1,93.0,Mostly Sunny then Chance Showers And Thunderstorms,"A chance of showers and thunderstorms after 2pm. Mostly sunny, with a high near 93. Southwest wind 0 to 10 mph. Chance of precipitation is 50%."
135,2026-07-29T04:19:59Z,KMIA,Saturday Night,2026-08-01T18:00:00-04:00,0,79.0,Chance Showers And Thunderstorms,"A chance of showers and thunderstorms before 2am. Mostly cloudy, with a low around 79. South wind 5 to 9 mph. Chance of precipitation is 50%."
136,2026-07-29T04:19:59Z,KMIA,Sunday,2026-08-02T06:00:00-04:00,1,92.0,Chance Showers And Thunderstorms,"A chance of showers and thunderstorms after 8am. Mostly sunny, with a high near 92. Chance of precipitation is 30%."
137,2026-07-29T04:19:59Z,KMIA,Sunday Night,2026-08-02T18:00:00-04:00,0,80.0,Chance Showers And Thunderstorms,"A chance of showers and thunderstorms. Partly cloudy, with a low around 80. Chance of precipitation is 30%."
138,2026-07-29T04:19:59Z,KMIA,Monday,2026-08-03T06:00:00-04:00,1,92.0,Chance Showers And Thunderstorms,"A chance of showers and thunderstorms. Mostly sunny, with a high near 92. Chance of precipitation is 50%."
139,2026-07-29T04:19:59Z,KMIA,Monday Night,2026-08-03T18:00:00-04:00,0,80.0,Chance Showers And Thunderstorms,"A chance of showers and thunderstorms before 2am. Partly cloudy, with a low around 80. Chance of precipitation is 50%."
140,2026-07-29T04:19:59Z,KMIA,Tuesday,2026-08-04T06:00:00-04:00,1,92.0,Showers And Thunderstorms Likely,"Showers and thunderstorms likely after 8am. Mostly sunny, with a high near 92."
141,2026-07-29T04:19:59Z,KMSP,Tonight,2026-07-28T22:00:00-05:00,0,71.0,Mostly Clear,"Mostly clear, with a low around 71. Southeast wind around 5 mph."
142,2026-07-29T04:19:59Z,KMSP,Wednesday,2026-07-29T06:00:00-05:00,1,91.0,Patchy Smoke then Slight Chance Showers And Thunderstorms,"Patchy smoke between 9am and 1pm, then a slight chance of showers and thunderstorms. Mostly sunny, with a high near 91. South wind 5 to 10 mph. Chance of precipitation is 20%."
143,2026-07-29T04:19:59Z,KMSP,Wednesday Night,2026-07-29T18:00:00-05:00,0,73.0,Slight Chance Showers And Thunderstorms then Mostly Clear,"A slight chance of showers and thunderstorms before 8pm. Mostly clear, with a low around 73. South southwest wind around 10 mph. Chance of precipitation is 20%."
144,2026-07-29T04:19:59Z,KMSP,Thursday,2026-07-30T06:00:00-05:00,1,91.0,Mostly Sunny then Slight Chance Showers And Thunderstorms,"A slight chance of showers and thunderstorms after 1pm. Mostly sunny, with a high near 91. South wind 5 to 15 mph. Chance of precipitation is 20%."
145,2026-07-29T04:19:59Z,KMSP,Thursday Night,2026-07-30T18:00:00-05:00,0,69.0,Chance Showers And Thunderstorms,"A chance of showers and thunderstorms before 1am, then showers and thunderstorms likely. Mostly cloudy, with a low around 69. South southeast wind 10 to 15 mph. Chance of precipitation is 70%. New rainfall amounts between a half and three quarters of an inch possible."
146,2026-07-29T04:19:59Z,KMSP,Friday,2026-07-31T06:00:00-05:00,1,81.0,Showers And Thunderstorms Likely,"Showers and thunderstorms likely. Mostly cloudy, with a high near 81. East wind around 10 mph. Chance of precipitation is 70%. New rainfall amounts between 1 and 2 inches possible."
147,2026-07-29T04:19:59Z,KMSP,Friday Night,2026-07-31T18:00:00-05:00,0,66.0,Showers And Thunderstorms Likely,"Showers and thunderstorms likely before 1am. Mostly cloudy, with a low around 66. North northeast wind 5 to 10 mph. Chance of precipitation is 60%. New rainfall amounts between a quarter and half of an inch possible."
148,2026-07-29T04:19:59Z,KMSP,Saturday,2026-08-01T06:00:00-05:00,1,84.0,Mostly Sunny,"Mostly sunny, with a high near 84. North wind around 5 mph."
149,2026-07-29T04:19:59Z,KMSP,Saturday Night,2026-08-01T18:00:00-05:00,0,65.0,Mostly Clear,"Mostly clear, with a low around 65. Northeast wind 0 to 5 mph."
150,2026-07-29T04:19:59Z,KMSP,Sunday,2026-08-02T06:00:00-05:00,1,84.0,Sunny,"Sunny, with a high near 84. East southeast wind 0 to 5 mph."
151,2026-07-29T04:19:59Z,KMSP,Sunday Night,2026-08-02T18:00:00-05:00,0,68.0,Mostly Clear,"Mostly clear, with a low around 68. South southeast wind 5 to 10 mph."
152,2026-07-29T04:19:59Z,KMSP,Monday,2026-08-03T06:00:00-05:00,1,87.0,Sunny,"Sunny, with a high near 87. South southeast wind 5 to 15 mph."
153,2026-07-29T04:19:59Z,KMSP,Monday Night,2026-08-03T18:00:00-05:00,0,69.0,Slight Chance Rain Showers then Slight Chance Showers And Thunderstorms,"A slight chance of rain showers between 7pm and 1am, then a slight chance of showers and thunderstorms. Mostly clear, with a low around 69. South wind 5 to 15 mph. Chance of precipitation is 20%."
154,2026-07-29T04:19:59Z,KMSP,Tuesday,2026-08-04T06:00:00-05:00,1,86.0,Slight Chance Showers And Thunderstorms,"A slight chance of showers and thunderstorms. Mostly sunny, with a high near 86. Southwest wind 5 to 10 mph. Chance of precipitation is 20%."
155,2026-07-29T04:19:59Z,KMSY,Tonight,2026-07-28T21:00:00-05:00,0,79.0,Mostly Clear,"Mostly clear. Low around 79, with temperatures rising to around 81 overnight. West wind around 10 mph."
156,2026-07-29T04:19:59Z,KMSY,Wednesday,2026-07-29T06:00:00-05:00,1,97.0,Mostly Sunny,"Mostly sunny, with a high near 97. Heat index values as high as 107. West wind around 10 mph."
157,2026-07-29T04:19:59Z,KMSY,Wednesday Night,2026-07-29T18:00:00-05:00,0,79.0,Partly Cloudy,"Partly cloudy. Low around 79, with temperatures rising to around 81 overnight. Heat index values as high as 106. West wind around 10 mph."
158,2026-07-29T04:19:59Z,KMSY,Thursday,2026-07-30T06:00:00-05:00,1,93.0,Mostly Sunny then Showers And Thunderstorms Likely,"Showers and thunderstorms likely after 1pm. Mostly sunny, with a high near 93. Heat index values as high as 105. West wind around 10 mph. Chance of precipitation is 60%."
159,2026-07-29T04:19:59Z,KMSY,Thursday Night,2026-07-30T18:00:00-05:00,0,79.0,Showers And Thunderstorms Likely,"Showers and thunderstorms likely. Mostly cloudy, with a low around 79. Southwest wind 5 to 10 mph. Chance of precipitation is 60%."
160,2026-07-29T04:19:59Z,KMSY,Friday,2026-07-31T06:00:00-05:00,1,92.0,Showers And Thunderstorms Likely,"Showers and thunderstorms likely. Partly sunny, with a high near 92. West wind around 10 mph. Chance of precipitation is 60%."
161,2026-07-29T04:19:59Z,KMSY,Friday Night,2026-07-31T18:00:00-05:00,0,79.0,Showers And Thunderstorms Likely,"Showers and thunderstorms likely before 1am. Mostly cloudy, with a low around 79. Southwest wind around 10 mph. Chance of precipitation is 60%."
162,2026-07-29T04:19:59Z,KMSY,Saturday,2026-08-01T06:00:00-05:00,1,93.0,Chance Showers And Thunderstorms,"A chance of showers and thunderstorms after 7am. Partly sunny, with a high near 93. West wind 10 to 15 mph."
163,2026-07-29T04:19:59Z,KMSY,Saturday Night,2026-08-01T18:00:00-05:00,0,78.0,Chance Showers And Thunderstorms,"A chance of showers and thunderstorms. Mostly cloudy, with a low around 78. Southwest wind 10 to 15 mph."
164,2026-07-29T04:19:59Z,KMSY,Sunday,2026-08-02T06:00:00-05:00,1,91.0,Chance Showers And Thunderstorms then Showers And Thunderstorms Likely,"A chance of showers and thunderstorms before 7am, then showers and thunderstorms likely between 7am and 1pm, then showers and thunderstorms likely. Mostly sunny, with a high near 91. West wind 10 to 15 mph."
165,2026-07-29T04:19:59Z,KMSY,Sunday Night,2026-08-02T18:00:00-05:00,0,76.0,Showers And Thunderstorms Likely,"Showers and thunderstorms likely. Partly cloudy, with a low around 76. Southwest wind 5 to 10 mph."
166,2026-07-29T04:19:59Z,KMSY,Monday,2026-08-03T06:00:00-05:00,1,92.0,Chance Showers And Thunderstorms,"A chance of showers and thunderstorms. Mostly sunny, with a high near 92. Southwest wind around 10 mph."
167,2026-07-29T04:19:59Z,KMSY,Monday Night,2026-08-03T18:00:00-05:00,0,77.0,Chance Showers And Thunderstorms,"A chance of showers and thunderstorms. Partly cloudy, with a low around 77. South wind 5 to 10 mph."
168,2026-07-29T04:19:59Z,KMSY,Tuesday,2026-08-04T06:00:00-05:00,1,94.0,Chance Showers And Thunderstorms,"A slight chance of rain showers before 7am, then a chance of showers and thunderstorms. Mostly sunny, with a high near 94. Southwest wind around 5 mph."
169,2026-07-29T04:19:59Z,KNYC,Tonight,2026-07-28T21:00:00-04:00,0,69.0,Showers And Thunderstorms,"Showers and thunderstorms. Cloudy, with a low around 69. Southeast wind around 8 mph. Chance of precipitation is 100%. New rainfall amounts between 1 and 2 inches possible."
170,2026-07-29T04:19:59Z,KNYC,Wednesday,2026-07-29T06:00:00-04:00,1,78.0,Showers And Thunderstorms Likely then Chance Showers And Thunderstorms,"Showers and thunderstorms likely before 11am, then a chance of showers and thunderstorms. Mostly cloudy, with a high near 78. Northeast wind around 7 mph. Chance of precipitation is 70%. New rainfall amounts between three quarters and one inch possible."
171,2026-07-29T04:19:59Z,KNYC,Wednesday Night,2026-07-29T18:00:00-04:00,0,67.0,Chance Showers And Thunderstorms,"A chance of showers and thunderstorms. Mostly cloudy, with a low around 67. Northwest wind around 7 mph. Chance of precipitation is 40%. New rainfall amounts between a quarter and half of an inch possible."
172,2026-07-29T04:19:59Z,KNYC,Thursday,2026-07-30T06:00:00-04:00,1,77.0,Showers And Thunderstorms Likely,"A chance of rain showers before 2pm, then showers and thunderstorms likely. Partly sunny, with a high near 77. North wind around 7 mph. Chance of precipitation is 60%. New rainfall amounts between a quarter and half of an inch possible."
173,2026-07-29T04:19:59Z,KNYC,Thursday Night,2026-07-30T18:00:00-04:00,0,66.0,Showers And Thunderstorms Likely then Partly Cloudy,"Showers and thunderstorms likely before 8pm. Partly cloudy, with a low around 66. North wind around 6 mph. Chance of precipitation is 60%. New rainfall amounts between a tenth and quarter of an inch possible."
174,2026-07-29T04:19:59Z,KNYC,Friday,2026-07-31T06:00:00-04:00,1,82.0,Mostly Sunny,"Mostly sunny, with a high near 82."
175,2026-07-29T04:19:59Z,KNYC,Friday Night,2026-07-31T18:00:00-04:00,0,68.0,Partly Cloudy,"Partly cloudy, with a low around 68."
176,2026-07-29T04:19:59Z,KNYC,Saturday,2026-08-01T06:00:00-04:00,1,85.0,Mostly Sunny,"Mostly sunny, with a high near 85."
177,2026-07-29T04:19:59Z,KNYC,Saturday Night,2026-08-01T18:00:00-04:00,0,70.0,Mostly Cloudy,"Mostly cloudy, with a low around 70."
178,2026-07-29T04:19:59Z,KNYC,Sunday,2026-08-02T06:00:00-04:00,1,83.0,Partly Sunny then Slight Chance Showers And Thunderstorms,"A slight chance of showers and thunderstorms after 2pm. Partly sunny, with a high near 83."
179,2026-07-29T04:19:59Z,KNYC,Sunday Night,2026-08-02T18:00:00-04:00,0,71.0,Chance Showers And Thunderstorms,"A chance of showers and thunderstorms. Mostly cloudy, with a low around 71. Chance of precipitation is 40%."
180,2026-07-29T04:19:59Z,KNYC,Monday,2026-08-03T06:00:00-04:00,1,83.0,Chance Rain Showers,"A chance of rain showers before 2pm, then a chance of showers and thunderstorms. Mostly cloudy, with a high near 83. Chance of precipitation is 40%."
181,2026-07-29T04:19:59Z,KNYC,Monday Night,2026-08-03T18:00:00-04:00,0,71.0,Chance Showers And Thunderstorms,"A chance of showers and thunderstorms. Mostly cloudy, with a low around 71. Chance of precipitation is 40%."
182,2026-07-29T04:19:59Z,KNYC,Tuesday,2026-08-04T06:00:00-04:00,1,85.0,Slight Chance Rain Showers,"A slight chance of rain showers. Mostly sunny, with a high near 85."
183,2026-07-29T04:19:59Z,KOKC,Tonight,2026-07-28T23:00:00-05:00,0,77.0,Partly Cloudy,"Partly cloudy, with a low around 77. South wind 8 to 12 mph."
184,2026-07-29T04:19:59Z,KOKC,Wednesday,2026-07-29T06:00:00-05:00,1,101.0,Mostly Sunny,"Mostly sunny, with a high near 101. Heat index values as high as 106. South southwest wind 8 to 12 mph."
185,2026-07-29T04:19:59Z,KOKC,Wednesday Night,2026-07-29T18:00:00-05:00,0,77.0,Mostly Clear,"Mostly clear, with a low around 77. Heat index values as high as 104. South southeast wind 9 to 13 mph, with gusts as high as 20 mph."
186,2026-07-29T04:19:59Z,KOKC,Thursday,2026-07-30T06:00:00-05:00,1,101.0,Mostly Sunny,"Mostly sunny, with a high near 101. Heat index values as high as 105. South wind 9 to 13 mph, with gusts as high as 20 mph."
187,2026-07-29T04:19:59Z,KOKC,Thursday Night,2026-07-30T18:00:00-05:00,0,77.0,Partly Cloudy,"Partly cloudy, with a low around 77. South wind around 14 mph, with gusts as high as 21 mph."
188,2026-07-29T04:19:59Z,KOKC,Friday,2026-07-31T06:00:00-05:00,1,101.0,Mostly Sunny,"Mostly sunny, with a high near 101."
189,2026-07-29T04:19:59Z,KOKC,Friday Night,2026-07-31T18:00:00-05:00,0,72.0,Mostly Clear,"Mostly clear, with a low around 72."
190,2026-07-29T04:19:59Z,KOKC,Saturday,2026-08-01T06:00:00-05:00,1,92.0,Sunny,"Sunny, with a high near 92."
191,2026-07-29T04:19:59Z,KOKC,Saturday Night,2026-08-01T18:00:00-05:00,0,67.0,Mostly Clear,"Mostly clear, with a low around 67."
192,2026-07-29T04:19:59Z,KOKC,Sunday,2026-08-02T06:00:00-05:00,1,91.0,Sunny,"Sunny, with a high near 91."
193,2026-07-29T04:19:59Z,KOKC,Sunday Night,2026-08-02T18:00:00-05:00,0,68.0,Clear,"Clear, with a low around 68."
194,2026-07-29T04:19:59Z,KOKC,Monday,2026-08-03T06:00:00-05:00,1,94.0,Sunny,"Sunny, with a high near 94."
195,2026-07-29T04:19:59Z,KOKC,Monday Night,2026-08-03T18:00:00-05:00,0,72.0,Clear,"Clear, with a low around 72."
196,2026-07-29T04:19:59Z,KOKC,Tuesday,2026-08-04T06:00:00-05:00,1,96.0,Sunny,"Sunny, with a high near 96."
197,2026-07-29T04:19:59Z,KPHL,Tonight,2026-07-28T23:00:00-04:00,0,67.0,Showers And Thunderstorms Likely then Chance Showers And Thunderstorms,"Showers and thunderstorms likely before midnight, then a chance of showers and thunderstorms between midnight and 5am. Mostly cloudy, with a low around 67. Southwest wind around 5 mph. Chance of precipitation is 60%. New rainfall amounts between a half and three quarters of an inch possible."
198,2026-07-29T04:19:59Z,KPHL,Wednesday,2026-07-29T06:00:00-04:00,1,82.0,Mostly Sunny then Slight Chance Showers And Thunderstorms,"A slight chance of showers and thunderstorms after 2pm. Mostly sunny, with a high near 82. Northwest wind 5 to 15 mph. Chance of precipitation is 20%. New rainfall amounts between a tenth and quarter of an inch possible."
199,2026-07-29T04:19:59Z,KPHL,Wednesday Night,2026-07-29T18:00:00-04:00,0,66.0,Slight Chance Showers And Thunderstorms then Partly Cloudy,"A slight chance of showers and thunderstorms before 9pm. Partly cloudy, with a low around 66. Northwest wind 5 to 10 mph, with gusts as high as 25 mph. Chance of precipitation is 20%. New rainfall amounts less than a tenth of an inch possible."
200,2026-07-29T04:19:59Z,KPHL,Thursday,2026-07-30T06:00:00-04:00,1,82.0,Partly Sunny then Chance Showers And Thunderstorms,"A chance of showers and thunderstorms after 2pm. Partly sunny, with a high near 82. Northwest wind 5 to 10 mph. Chance of precipitation is 40%."
201,2026-07-29T04:19:59Z,KPHL,Thursday Night,2026-07-30T18:00:00-04:00,0,66.0,Chance Showers And Thunderstorms then Partly Cloudy,"A chance of showers and thunderstorms before 8pm. Partly cloudy, with a low around 66. North wind around 5 mph. Chance of precipitation is 40%."
202,2026-07-29T04:19:59Z,KPHL,Friday,2026-07-31T06:00:00-04:00,1,85.0,Mostly Sunny,"Mostly sunny, with a high near 85."
203,2026-07-29T04:19:59Z,KPHL,Friday Night,2026-07-31T18:00:00-04:00,0,68.0,Partly Cloudy,"Partly cloudy, with a low around 68."
204,2026-07-29T04:19:59Z,KPHL,Saturday,2026-08-01T06:00:00-04:00,1,87.0,Mostly Sunny,"Mostly sunny, with a high near 87."
205,2026-07-29T04:19:59Z,KPHL,Saturday Night,2026-08-01T18:00:00-04:00,0,69.0,Mostly Cloudy,"Mostly cloudy, with a low around 69."
206,2026-07-29T04:19:59Z,KPHL,Sunday,2026-08-02T06:00:00-04:00,1,85.0,Chance Showers And Thunderstorms,"A slight chance of rain showers between 8am and 2pm, then a chance of showers and thunderstorms. Partly sunny, with a high near 85. Chance of precipitation is 30%."
207,2026-07-29T04:19:59Z,KPHL,Sunday Night,2026-08-02T18:00:00-04:00,0,71.0,Chance Showers And Thunderstorms,"A chance of showers and thunderstorms. Mostly cloudy, with a low around 71. Chance of precipitation is 50%."
208,2026-07-29T04:19:59Z,KPHL,Monday,2026-08-03T06:00:00-04:00,1,86.0,Chance Rain Showers,"A chance of rain showers before 2pm, then a chance of showers and thunderstorms. Mostly cloudy, with a high near 86. Chance of precipitation is 50%."
209,2026-07-29T04:19:59Z,KPHL,Monday Night,2026-08-03T18:00:00-04:00,0,70.0,Chance Showers And Thunderstorms,"A chance of showers and thunderstorms. Mostly cloudy, with a low around 70. Chance of precipitation is 50%."
210,2026-07-29T04:19:59Z,KPHL,Tuesday,2026-08-04T06:00:00-04:00,1,87.0,Chance Showers And Thunderstorms,"A slight chance of rain showers before 2pm, then a chance of showers and thunderstorms. Mostly sunny, with a high near 87."
211,2026-07-29T04:19:59Z,KPHX,Tonight,2026-07-28T20:00:00-07:00,0,89.0,Mostly Clear,"Mostly clear, with a low around 89. West wind 5 to 10 mph."
212,2026-07-29T04:19:59Z,KPHX,Wednesday,2026-07-29T06:00:00-07:00,1,111.0,Sunny,"Sunny. High near 111, with temperatures falling to around 109 in the afternoon. Heat index values as high as 110. West wind 5 to 10 mph."
213,2026-07-29T04:19:59Z,KPHX,Wednesday Night,2026-07-29T18:00:00-07:00,0,90.0,Mostly Clear,"Mostly clear. Low around 90, with temperatures rising to around 92 overnight. West wind 5 to 10 mph."
214,2026-07-29T04:19:59Z,KPHX,Thursday,2026-07-30T06:00:00-07:00,1,113.0,Sunny,"Sunny, with a high near 113. Heat index values as high as 110. West southwest wind 5 to 15 mph, with gusts as high as 20 mph."
215,2026-07-29T04:19:59Z,KPHX,Thursday Night,2026-07-30T18:00:00-07:00,0,91.0,Mostly Clear,"Mostly clear, with a low around 91. West southwest wind 10 to 15 mph."
216,2026-07-29T04:19:59Z,KPHX,Friday,2026-07-31T06:00:00-07:00,1,115.0,Sunny,"Sunny, with a high near 115. West southwest wind 5 to 15 mph, with gusts as high as 25 mph."
217,2026-07-29T04:19:59Z,KPHX,Friday Night,2026-07-31T18:00:00-07:00,0,93.0,Mostly Clear,"Mostly clear, with a low around 93. West southwest wind 0 to 10 mph, with gusts as high as 20 mph."
218,2026-07-29T04:19:59Z,KPHX,Saturday,2026-08-01T06:00:00-07:00,1,116.0,Sunny,"Sunny, with a high near 116. Southwest wind 0 to 10 mph, with gusts as high as 25 mph."
219,2026-07-29T04:19:59Z,KPHX,Saturday Night,2026-08-01T18:00:00-07:00,0,93.0,Mostly Clear,"Mostly clear, with a low around 93. West wind 0 to 10 mph."
220,2026-07-29T04:19:59Z,KPHX,Sunday,2026-08-02T06:00:00-07:00,1,115.0,Sunny,"Sunny, with a high near 115. West wind 0 to 10 mph, with gusts as high as 20 mph."
221,2026-07-29T04:19:59Z,KPHX,Sunday Night,2026-08-02T18:00:00-07:00,0,94.0,Mostly Clear,"Mostly clear, with a low around 94. West wind 5 to 10 mph, with gusts as high as 20 mph."
222,2026-07-29T04:19:59Z,KPHX,Monday,2026-08-03T06:00:00-07:00,1,113.0,Sunny then Slight Chance Showers And Thunderstorms,"A slight chance of showers and thunderstorms after 5pm. Sunny, with a high near 113. West southwest wind 5 to 10 mph, with gusts as high as 20 mph. Chance of precipitation is 20%."
223,2026-07-29T04:19:59Z,KPHX,Monday Night,2026-08-03T18:00:00-07:00,0,92.0,Slight Chance Showers And Thunderstorms then Partly Cloudy,"A slight chance of showers and thunderstorms before 11pm. Partly cloudy, with a low around 92. South southwest wind around 5 mph, with gusts as high as 20 mph. Chance of precipitation is 20%."
224,2026-07-29T04:19:59Z,KPHX,Tuesday,2026-08-04T06:00:00-07:00,1,110.0,Mostly Sunny then Chance Showers And Thunderstorms,"A chance of showers and thunderstorms after 5pm. Mostly sunny, with a high near 110. West southwest wind around 5 mph, with gusts as high as 20 mph. Chance of precipitation is 30%."
225,2026-07-29T04:19:59Z,KSAT,Tonight,2026-07-28T22:00:00-05:00,0,77.0,Partly Cloudy,"Partly cloudy, with a low around 77. South southeast wind 5 to 15 mph, with gusts as high as 25 mph."
226,2026-07-29T04:19:59Z,KSAT,Wednesday,2026-07-29T06:00:00-05:00,1,99.0,Mostly Sunny,"Mostly sunny, with a high near 99. Heat index values as high as 107. South wind 5 to 10 mph."
227,2026-07-29T04:19:59Z,KSAT,Wednesday Night,2026-07-29T18:00:00-05:00,0,76.0,Mostly Clear,"Mostly clear, with a low around 76. Heat index values as high as 105. South southeast wind 5 to 15 mph, with gusts as high as 25 mph."
228,2026-07-29T04:19:59Z,KSAT,Thursday,2026-07-30T06:00:00-05:00,1,99.0,Mostly Sunny,"Mostly sunny, with a high near 99. Heat index values as high as 105. South wind 5 to 10 mph."
229,2026-07-29T04:19:59Z,KSAT,Thursday Night,2026-07-30T18:00:00-05:00,0,76.0,Partly Cloudy,"Partly cloudy, with a low around 76. South southeast wind 5 to 10 mph, with gusts as high as 20 mph."
230,2026-07-29T04:19:59Z,KSAT,Friday,2026-07-31T06:00:00-05:00,1,99.0,Mostly Sunny,"Mostly sunny, with a high near 99. South wind around 5 mph."
231,2026-07-29T04:19:59Z,KSAT,Friday Night,2026-07-31T18:00:00-05:00,0,78.0,Mostly Clear,"Mostly clear, with a low around 78. South southeast wind 5 to 10 mph."
232,2026-07-29T04:19:59Z,KSAT,Saturday,2026-08-01T06:00:00-05:00,1,101.0,Mostly Sunny,"Mostly sunny, with a high near 101. South southwest wind around 5 mph."
233,2026-07-29T04:19:59Z,KSAT,Saturday Night,2026-08-01T18:00:00-05:00,0,80.0,Mostly Clear,"Mostly clear, with a low around 80. South wind around 5 mph."
234,2026-07-29T04:19:59Z,KSAT,Sunday,2026-08-02T06:00:00-05:00,1,100.0,Mostly Sunny,"Mostly sunny, with a high near 100."
235,2026-07-29T04:19:59Z,KSAT,Sunday Night,2026-08-02T18:00:00-05:00,0,79.0,Mostly Clear,"Mostly clear, with a low around 79."
236,2026-07-29T04:19:59Z,KSAT,Monday,2026-08-03T06:00:00-05:00,1,101.0,Sunny,"Sunny, with a high near 101."
237,2026-07-29T04:19:59Z,KSAT,Monday Night,2026-08-03T18:00:00-05:00,0,78.0,Mostly Clear,"Mostly clear, with a low around 78."
238,2026-07-29T04:19:59Z,KSAT,Tuesday,2026-08-04T06:00:00-05:00,1,98.0,Mostly Sunny,"Mostly sunny, with a high near 98."
239,2026-07-29T04:19:59Z,KSFO,Tonight,2026-07-28T18:00:00-07:00,0,58.0,Mostly Clear,"Mostly clear, with a low around 58. West wind 10 to 22 mph, with gusts as high as 29 mph."
240,2026-07-29T04:19:59Z,KSFO,Wednesday,2026-07-29T06:00:00-07:00,1,72.0,Sunny,"Sunny. High near 72, with temperatures falling to around 70 in the afternoon. West wind 9 to 23 mph, with gusts as high as 29 mph."
241,2026-07-29T04:19:59Z,KSFO,Wednesday Night,2026-07-29T18:00:00-07:00,0,57.0,Mostly Clear,"Mostly clear, with a low around 57. West wind 10 to 22 mph, with gusts as high as 28 mph."
242,2026-07-29T04:19:59Z,KSFO,Thursday,2026-07-30T06:00:00-07:00,1,73.0,Sunny,"Sunny, with a high near 73. West wind 10 to 21 mph, with gusts as high as 28 mph."
243,2026-07-29T04:19:59Z,KSFO,Thursday Night,2026-07-30T18:00:00-07:00,0,57.0,Mostly Clear,"Mostly clear, with a low around 57. West southwest wind 8 to 21 mph, with gusts as high as 28 mph."
244,2026-07-29T04:19:59Z,KSFO,Friday,2026-07-31T06:00:00-07:00,1,76.0,Sunny,"Sunny, with a high near 76."
245,2026-07-29T04:19:59Z,KSFO,Friday Night,2026-07-31T18:00:00-07:00,0,58.0,Mostly Clear,"Mostly clear, with a low around 58."
246,2026-07-29T04:19:59Z,KSFO,Saturday,2026-08-01T06:00:00-07:00,1,73.0,Sunny,"Sunny, with a high near 73."
247,2026-07-29T04:19:59Z,KSFO,Saturday Night,2026-08-01T18:00:00-07:00,0,58.0,Mostly Clear,"Mostly clear, with a low around 58."
248,2026-07-29T04:19:59Z,KSFO,Sunday,2026-08-02T06:00:00-07:00,1,72.0,Sunny,"Sunny, with a high near 72."
249,2026-07-29T04:19:59Z,KSFO,Sunday Night,2026-08-02T18:00:00-07:00,0,58.0,Mostly Clear,"Mostly clear, with a low around 58."
250,2026-07-29T04:19:59Z,KSFO,Monday,2026-08-03T06:00:00-07:00,1,71.0,Sunny,"Sunny, with a high near 71."
251,2026-07-29T04:19:59Z,KSFO,Monday Night,2026-08-03T18:00:00-07:00,0,58.0,Mostly Clear,"Mostly clear, with a low around 58."
252,2026-07-29T04:19:59Z,KSFO,Tuesday,2026-08-04T06:00:00-07:00,1,70.0,Sunny,"Sunny, with a high near 70."
253,2026-07-29T04:19:59Z,KSEA,Tonight,2026-07-28T21:00:00-07:00,0,56.0,Partly Cloudy,"Partly cloudy. Low around 56, with temperatures rising to around 58 overnight. North northeast wind 1 to 7 mph."
254,2026-07-29T04:19:59Z,KSEA,Wednesday,2026-07-29T06:00:00-07:00,1,76.0,Mostly Sunny,"Mostly sunny. High near 76, with temperatures falling to around 74 in the afternoon. North northwest wind 0 to 8 mph."
255,2026-07-29T04:19:59Z,KSEA,Wednesday Night,2026-07-29T18:00:00-07:00,0,54.0,Mostly Clear,"Mostly clear, with a low around 54. North northeast wind 3 to 8 mph."
256,2026-07-29T04:19:59Z,KSEA,Thursday,2026-07-30T06:00:00-07:00,1,77.0,Sunny,"Sunny, with a high near 77. Southwest wind around 7 mph."
257,2026-07-29T04:19:59Z,KSEA,Thursday Night,2026-07-30T18:00:00-07:00,0,55.0,Mostly Clear,"Mostly clear, with a low around 55. West southwest wind 0 to 7 mph."
258,2026-07-29T04:19:59Z,KSEA,Friday,2026-07-31T06:00:00-07:00,1,82.0,Sunny,"Sunny, with a high near 82."
259,2026-07-29T04:19:59Z,KSEA,Friday Night,2026-07-31T18:00:00-07:00,0,59.0,Mostly Clear,"Mostly clear, with a low around 59."
260,2026-07-29T04:19:59Z,KSEA,Saturday,2026-08-01T06:00:00-07:00,1,72.0,Mostly Sunny,"Mostly sunny, with a high near 72."
261,2026-07-29T04:19:59Z,KSEA,Saturday Night,2026-08-01T18:00:00-07:00,0,55.0,Partly Cloudy,"Partly cloudy, with a low around 55."
262,2026-07-29T04:19:59Z,KSEA,Sunday,2026-08-02T06:00:00-07:00,1,70.0,Mostly Sunny,"Mostly sunny, with a high near 70."
263,2026-07-29T04:19:59Z,KSEA,Sunday Night,2026-08-02T18:00:00-07:00,0,53.0,Partly Cloudy,"Partly cloudy, with a low around 53."
264,2026-07-29T04:19:59Z,KSEA,Monday,2026-08-03T06:00:00-07:00,1,74.0,Sunny,"Sunny, with a high near 74."
265,2026-07-29T04:19:59Z,KSEA,Monday Night,2026-08-03T18:00:00-07:00,0,56.0,Mostly Clear,"Mostly clear, with a low around 56."
266,2026-07-29T04:19:59Z,KSEA,Tuesday,2026-08-04T06:00:00-07:00,1,80.0,Sunny,"Sunny, with a high near 80."
267,2026-07-29T04:19:59Z,KDCA,Overnight,2026-07-29T00:00:00-04:00,0,70.0,Mostly Clear,"Mostly clear, with a low around 70. Northwest wind 9 to 13 mph. New rainfall amounts between a tenth and quarter of an inch possible."
268,2026-07-29T04:19:59Z,KDCA,Wednesday,2026-07-29T06:00:00-04:00,1,85.0,Sunny,"Sunny, with a high near 85. Northwest wind 13 to 17 mph, with gusts as high as 25 mph."
269,2026-07-29T04:19:59Z,KDCA,Wednesday Night,2026-07-29T18:00:00-04:00,0,70.0,Mostly Clear,"Mostly clear, with a low around 70. Northwest wind 13 to 16 mph, with gusts as high as 24 mph."
270,2026-07-29T04:19:59Z,KDCA,Thursday,2026-07-30T06:00:00-04:00,1,85.0,Sunny,"Sunny, with a high near 85. Northwest wind around 15 mph, with gusts as high as 23 mph."
271,2026-07-29T04:19:59Z,KDCA,Thursday Night,2026-07-30T18:00:00-04:00,0,69.0,Partly Cloudy,"Partly cloudy, with a low around 69. Northwest wind 8 to 14 mph, with gusts as high as 20 mph."
272,2026-07-29T04:19:59Z,KDCA,Friday,2026-07-31T06:00:00-04:00,1,88.0,Sunny,"Sunny, with a high near 88."
273,2026-07-29T04:19:59Z,KDCA,Friday Night,2026-07-31T18:00:00-04:00,0,71.0,Partly Cloudy,"Partly cloudy, with a low around 71."
274,2026-07-29T04:19:59Z,KDCA,Saturday,2026-08-01T06:00:00-04:00,1,89.0,Mostly Sunny,"Mostly sunny, with a high near 89."
275,2026-07-29T04:19:59Z,KDCA,Saturday Night,2026-08-01T18:00:00-04:00,0,72.0,Slight Chance Showers And Thunderstorms,"A slight chance of showers and thunderstorms between 8pm and 2am. Mostly cloudy, with a low around 72. Chance of precipitation is 20%."
276,2026-07-29T04:19:59Z,KDCA,Sunday,2026-08-02T06:00:00-04:00,1,87.0,Mostly Cloudy then Chance Showers And Thunderstorms,"A chance of showers and thunderstorms after 2pm. Mostly cloudy, with a high near 87. Chance of precipitation is 40%."
277,2026-07-29T04:19:59Z,KDCA,Sunday Night,2026-08-02T18:00:00-04:00,0,73.0,Chance Showers And Thunderstorms,"A chance of showers and thunderstorms. Mostly cloudy, with a low around 73. Chance of precipitation is 40%."
278,2026-07-29T04:19:59Z,KDCA,Monday,2026-08-03T06:00:00-04:00,1,86.0,Showers And Thunderstorms Likely,"A chance of rain showers before 2pm, then showers and thunderstorms likely. Mostly cloudy, with a high near 86. Chance of precipitation is 60%."
279,2026-07-29T04:19:59Z,KDCA,Monday Night,2026-08-03T18:00:00-04:00,0,73.0,Showers And Thunderstorms Likely,"Showers and thunderstorms likely. Mostly cloudy, with a low around 73. Chance of precipitation is 60%."
280,2026-07-29T04:19:59Z,KDCA,Tuesday,2026-08-04T06:00:00-04:00,1,89.0,Slight Chance Rain Showers then Slight Chance Showers And Thunderstorms,"A slight chance of rain showers before 2pm, then a slight chance of showers and thunderstorms. Mostly sunny, with a high near 89."
1,2026-07-29T07:22:58Z,KATL,Overnight,2026-07-29T03:00:00-04:00,0,77.0,Partly Cloudy,"Partly cloudy, with a low around 77. Northwest wind around 5 mph."
2,2026-07-29T07:22:58Z,KATL,Wednesday,2026-07-29T06:00:00-04:00,1,93.0,Mostly Sunny,"Mostly sunny, with a high near 93. Northwest wind 5 to 10 mph, with gusts as high as 20 mph."
3,2026-07-29T07:22:58Z,KATL,Wednesday Night,2026-07-29T18:00:00-04:00,0,72.0,Mostly Clear,"Mostly clear, with a low around 72. North wind 5 to 10 mph, with gusts as high as 20 mph."
4,2026-07-29T07:22:58Z,KATL,Thursday,2026-07-30T06:00:00-04:00,1,91.0,Sunny,"Sunny, with a high near 91. North wind 5 to 10 mph, with gusts as high as 20 mph."
5,2026-07-29T07:22:58Z,KATL,Thursday Night,2026-07-30T18:00:00-04:00,0,69.0,Mostly Clear,"Mostly clear, with a low around 69. Northwest wind 0 to 10 mph, with gusts as high as 20 mph."
6,2026-07-29T07:22:58Z,KATL,Friday,2026-07-31T06:00:00-04:00,1,93.0,Mostly Sunny,"Mostly sunny, with a high near 93."
7,2026-07-29T07:22:58Z,KATL,Friday Night,2026-07-31T18:00:00-04:00,0,73.0,Partly Cloudy,"Partly cloudy, with a low around 73."
8,2026-07-29T07:22:58Z,KATL,Saturday,2026-08-01T06:00:00-04:00,1,90.0,Chance Showers And Thunderstorms,"A chance of showers and thunderstorms between 8am and 2pm, then a chance of showers and thunderstorms. Mostly cloudy, with a high near 90. Chance of precipitation is 50%."
9,2026-07-29T07:22:58Z,KATL,Saturday Night,2026-08-01T18:00:00-04:00,0,73.0,Chance Showers And Thunderstorms then Showers And Thunderstorms Likely,"A chance of showers and thunderstorms before 8pm, then showers and thunderstorms likely. Mostly cloudy, with a low around 73. Chance of precipitation is 70%."
10,2026-07-29T07:22:58Z,KATL,Sunday,2026-08-02T06:00:00-04:00,1,87.0,Showers And Thunderstorms Likely,"Showers and thunderstorms likely. Mostly cloudy, with a high near 87. Chance of precipitation is 70%."
11,2026-07-29T07:22:58Z,KATL,Sunday Night,2026-08-02T18:00:00-04:00,0,72.0,Showers And Thunderstorms Likely then Chance Showers And Thunderstorms,"Showers and thunderstorms likely before 8pm, then a chance of showers and thunderstorms. Mostly cloudy, with a low around 72. Chance of precipitation is 70%."
12,2026-07-29T07:22:58Z,KATL,Monday,2026-08-03T06:00:00-04:00,1,87.0,Slight Chance Showers And Thunderstorms then Showers And Thunderstorms Likely,"A slight chance of showers and thunderstorms before 8am, then showers and thunderstorms likely. Partly sunny, with a high near 87. Chance of precipitation is 60%."
13,2026-07-29T07:22:58Z,KATL,Monday Night,2026-08-03T18:00:00-04:00,0,72.0,Showers And Thunderstorms Likely,"Showers and thunderstorms likely before 2am. Mostly cloudy, with a low around 72. Chance of precipitation is 60%."
14,2026-07-29T07:22:58Z,KATL,Tuesday,2026-08-04T06:00:00-04:00,1,88.0,Chance Showers And Thunderstorms,"A chance of showers and thunderstorms between 8am and 2pm, then a chance of showers and thunderstorms. Partly sunny, with a high near 88."
15,2026-07-29T07:22:58Z,KAUS,Overnight,2026-07-29T01:00:00-05:00,0,76.0,Mostly Clear,"Mostly clear, with a low around 76. South wind around 5 mph."
16,2026-07-29T07:22:58Z,KAUS,Wednesday,2026-07-29T06:00:00-05:00,1,99.0,Mostly Sunny,"Mostly sunny, with a high near 99. Heat index values as high as 108. South southwest wind 5 to 10 mph."
17,2026-07-29T07:22:58Z,KAUS,Wednesday Night,2026-07-29T18:00:00-05:00,0,77.0,Partly Cloudy,"Partly cloudy, with a low around 77. Heat index values as high as 105. South wind 5 to 10 mph, with gusts as high as 20 mph."
18,2026-07-29T07:22:58Z,KAUS,Thursday,2026-07-30T06:00:00-05:00,1,100.0,Mostly Sunny,"Mostly sunny, with a high near 100. Heat index values as high as 108. South southwest wind 5 to 10 mph."
19,2026-07-29T07:22:58Z,KAUS,Thursday Night,2026-07-30T18:00:00-05:00,0,77.0,Mostly Clear,"Mostly clear, with a low around 77. South wind 5 to 10 mph, with gusts as high as 20 mph."
20,2026-07-29T07:22:58Z,KAUS,Friday,2026-07-31T06:00:00-05:00,1,101.0,Sunny,"Sunny, with a high near 101. South southwest wind around 5 mph."
21,2026-07-29T07:22:58Z,KAUS,Friday Night,2026-07-31T18:00:00-05:00,0,79.0,Mostly Clear,"Mostly clear, with a low around 79. South wind 5 to 10 mph, with gusts as high as 20 mph."
22,2026-07-29T07:22:58Z,KAUS,Saturday,2026-08-01T06:00:00-05:00,1,102.0,Mostly Sunny,"Mostly sunny, with a high near 102. Southwest wind around 5 mph."
23,2026-07-29T07:22:58Z,KAUS,Saturday Night,2026-08-01T18:00:00-05:00,0,79.0,Mostly Clear,"Mostly clear, with a low around 79. South wind around 5 mph."
24,2026-07-29T07:22:58Z,KAUS,Sunday,2026-08-02T06:00:00-05:00,1,100.0,Sunny,"Sunny, with a high near 100."
25,2026-07-29T07:22:58Z,KAUS,Sunday Night,2026-08-02T18:00:00-05:00,0,78.0,Mostly Clear,"Mostly clear, with a low around 78."
26,2026-07-29T07:22:58Z,KAUS,Monday,2026-08-03T06:00:00-05:00,1,102.0,Sunny,"Sunny, with a high near 102."
27,2026-07-29T07:22:58Z,KAUS,Monday Night,2026-08-03T18:00:00-05:00,0,78.0,Mostly Clear,"Mostly clear, with a low around 78."
28,2026-07-29T07:22:58Z,KAUS,Tuesday,2026-08-04T06:00:00-05:00,1,100.0,Sunny,"Sunny, with a high near 100."
29,2026-07-29T07:22:58Z,KBOS,Tonight,2026-07-28T18:00:00-04:00,0,66.0,Slight Chance Showers And Thunderstorms then Mostly Cloudy,"A slight chance of showers and thunderstorms before 8pm. Mostly cloudy, with a low around 66. Southeast wind 6 to 12 mph. Chance of precipitation is 20%."
30,2026-07-29T07:22:58Z,KBOS,Wednesday,2026-07-29T06:00:00-04:00,1,74.0,Showers And Thunderstorms Likely,"Showers and thunderstorms likely. Some of the storms could produce heavy rain. Mostly cloudy, with a high near 74. East wind 8 to 16 mph. Chance of precipitation is 70%. New rainfall amounts between a half and three quarters of an inch possible."
31,2026-07-29T07:22:58Z,KBOS,Wednesday Night,2026-07-29T18:00:00-04:00,0,64.0,Showers And Thunderstorms,"Showers and thunderstorms. Cloudy, with a low around 64. East wind 13 to 16 mph, with gusts as high as 26 mph. Chance of precipitation is 100%. New rainfall amounts between three quarters and one inch possible."
32,2026-07-29T07:22:58Z,KBOS,Thursday,2026-07-30T06:00:00-04:00,1,71.0,Showers And Thunderstorms,"Showers and thunderstorms. Mostly cloudy, with a high near 71. Northeast wind around 15 mph. Chance of precipitation is 100%. New rainfall amounts between a quarter and half of an inch possible."
33,2026-07-29T07:22:58Z,KBOS,Thursday Night,2026-07-30T18:00:00-04:00,0,63.0,Showers And Thunderstorms Likely,"Showers and thunderstorms likely before 2am. Mostly cloudy, with a low around 63. North wind 7 to 12 mph. Chance of precipitation is 70%."
34,2026-07-29T07:22:58Z,KBOS,Friday,2026-07-31T06:00:00-04:00,1,76.0,Mostly Sunny,"Mostly sunny, with a high near 76. Northeast wind around 8 mph."
35,2026-07-29T07:22:58Z,KBOS,Friday Night,2026-07-31T18:00:00-04:00,0,64.0,Mostly Clear,"Mostly clear, with a low around 64. West wind around 5 mph."
36,2026-07-29T07:22:58Z,KBOS,Saturday,2026-08-01T06:00:00-04:00,1,76.0,Sunny,"Sunny, with a high near 76. Northeast wind 2 to 7 mph."
37,2026-07-29T07:22:58Z,KBOS,Saturday Night,2026-08-01T18:00:00-04:00,0,67.0,Partly Cloudy,"Partly cloudy, with a low around 67. South wind around 7 mph."
38,2026-07-29T07:22:58Z,KBOS,Sunday,2026-08-02T06:00:00-04:00,1,79.0,Partly Sunny then Slight Chance Rain Showers,"A slight chance of rain showers after 4pm. Partly sunny, with a high near 79. South wind 5 to 10 mph."
39,2026-07-29T07:22:58Z,KBOS,Sunday Night,2026-08-02T18:00:00-04:00,0,68.0,Chance Rain Showers,"A chance of rain showers. Mostly cloudy, with a low around 68. South wind 5 to 10 mph. Chance of precipitation is 30%."
40,2026-07-29T07:22:58Z,KBOS,Monday,2026-08-03T06:00:00-04:00,1,77.0,Chance Rain Showers,"A chance of rain showers before 2pm, then a chance of showers and thunderstorms. Partly sunny, with a high near 77. Southwest wind 5 to 8 mph. Chance of precipitation is 40%."
41,2026-07-29T07:22:58Z,KBOS,Monday Night,2026-08-03T18:00:00-04:00,0,67.0,Chance Showers And Thunderstorms,"A chance of showers and thunderstorms before 2am. Mostly cloudy, with a low around 67. West wind around 6 mph. Chance of precipitation is 40%."
42,2026-07-29T07:22:58Z,KBOS,Tuesday,2026-08-04T06:00:00-04:00,1,77.0,Mostly Sunny,"Mostly sunny, with a high near 77. Northeast wind 5 to 8 mph."
43,2026-07-29T07:22:58Z,KMDW,Overnight,2026-07-29T02:00:00-05:00,0,65.0,Mostly Clear,"Mostly clear, with a low around 65. North wind 5 to 10 mph."
44,2026-07-29T07:22:58Z,KMDW,Wednesday,2026-07-29T06:00:00-05:00,1,80.0,Sunny,"Sunny, with a high near 80. North northeast wind 5 to 10 mph."
45,2026-07-29T07:22:58Z,KMDW,Wednesday Night,2026-07-29T18:00:00-05:00,0,67.0,Mostly Clear,"Mostly clear, with a low around 67. North wind 0 to 10 mph."
46,2026-07-29T07:22:58Z,KMDW,Thursday,2026-07-30T06:00:00-05:00,1,87.0,Mostly Sunny,"Mostly sunny, with a high near 87. North wind 0 to 5 mph."
47,2026-07-29T07:22:58Z,KMDW,Thursday Night,2026-07-30T18:00:00-05:00,0,70.0,Mostly Cloudy,"Mostly cloudy, with a low around 70. South southeast wind around 5 mph."
48,2026-07-29T07:22:58Z,KMDW,Friday,2026-07-31T06:00:00-05:00,1,76.0,Rain Showers Likely,"Rain showers likely between 7am and 4pm, then showers and thunderstorms likely. Mostly cloudy, with a high near 76. Chance of precipitation is 60%."
49,2026-07-29T07:22:58Z,KMDW,Friday Night,2026-07-31T18:00:00-05:00,0,67.0,Showers And Thunderstorms Likely then Heavy Rain,"Showers and thunderstorms likely before 7pm, then rain and a chance of thunderstorms. Some of the storms could produce heavy rain. Cloudy, with a low around 67."
50,2026-07-29T07:22:58Z,KMDW,Saturday,2026-08-01T06:00:00-05:00,1,74.0,Heavy Rain then Showers And Thunderstorms Likely,"Rain and a chance of thunderstorms before 7am, then showers and thunderstorms likely between 7am and 1pm, then a chance of showers and thunderstorms. Some of the storms could produce heavy rain. Mostly cloudy, with a high near 74."
51,2026-07-29T07:22:58Z,KMDW,Saturday Night,2026-08-01T18:00:00-05:00,0,67.0,Chance Showers And Thunderstorms,"A chance of showers and thunderstorms before 1am. Mostly cloudy, with a low around 67."
52,2026-07-29T07:22:58Z,KMDW,Sunday,2026-08-02T06:00:00-05:00,1,76.0,Mostly Sunny,"Mostly sunny, with a high near 76."
53,2026-07-29T07:22:58Z,KMDW,Sunday Night,2026-08-02T18:00:00-05:00,0,67.0,Partly Cloudy,"Partly cloudy, with a low around 67."
54,2026-07-29T07:22:58Z,KMDW,Monday,2026-08-03T06:00:00-05:00,1,80.0,Sunny,"Sunny, with a high near 80."
55,2026-07-29T07:22:58Z,KMDW,Monday Night,2026-08-03T18:00:00-05:00,0,68.0,Mostly Clear,"Mostly clear, with a low around 68."
56,2026-07-29T07:22:58Z,KMDW,Tuesday,2026-08-04T06:00:00-05:00,1,84.0,Mostly Sunny,"Mostly sunny, with a high near 84."
57,2026-07-29T07:22:58Z,KDFW,Overnight,2026-07-29T02:00:00-05:00,0,81.0,Mostly Clear,"Mostly clear, with a low around 81. South southwest wind 5 to 10 mph."
58,2026-07-29T07:22:58Z,KDFW,Wednesday,2026-07-29T06:00:00-05:00,1,102.0,Mostly Sunny,"Mostly sunny, with a high near 102. Heat index values as high as 109. South wind around 5 mph."
59,2026-07-29T07:22:58Z,KDFW,Wednesday Night,2026-07-29T18:00:00-05:00,0,82.0,Mostly Clear,"Mostly clear. Low around 82, with temperatures rising to around 84 overnight. Heat index values as high as 106. South wind 5 to 10 mph."
60,2026-07-29T07:22:58Z,KDFW,Thursday,2026-07-30T06:00:00-05:00,1,103.0,Sunny,"Sunny, with a high near 103. Heat index values as high as 110. South southwest wind around 5 mph."
61,2026-07-29T07:22:58Z,KDFW,Thursday Night,2026-07-30T18:00:00-05:00,0,82.0,Mostly Clear,"Mostly clear. Low around 82, with temperatures rising to around 84 overnight. South southeast wind around 10 mph."
62,2026-07-29T07:22:58Z,KDFW,Friday,2026-07-31T06:00:00-05:00,1,104.0,Sunny,"Sunny, with a high near 104. South southwest wind 5 to 10 mph."
63,2026-07-29T07:22:58Z,KDFW,Friday Night,2026-07-31T18:00:00-05:00,0,82.0,Mostly Clear,"Mostly clear, with a low around 82. South southwest wind 5 to 10 mph."
64,2026-07-29T07:22:58Z,KDFW,Saturday,2026-08-01T06:00:00-05:00,1,100.0,Sunny then Slight Chance Showers And Thunderstorms,"A slight chance of showers and thunderstorms after 1pm. Sunny, with a high near 100. Northwest wind around 10 mph, with gusts as high as 20 mph. Chance of precipitation is 20%."
65,2026-07-29T07:22:58Z,KDFW,Saturday Night,2026-08-01T18:00:00-05:00,0,77.0,Slight Chance Showers And Thunderstorms then Mostly Clear,"A slight chance of showers and thunderstorms before 7pm. Mostly clear, with a low around 77. North northeast wind 5 to 10 mph, with gusts as high as 20 mph. Chance of precipitation is 20%."
66,2026-07-29T07:22:58Z,KDFW,Sunday,2026-08-02T06:00:00-05:00,1,97.0,Sunny,"Sunny, with a high near 97."
67,2026-07-29T07:22:58Z,KDFW,Sunday Night,2026-08-02T18:00:00-05:00,0,77.0,Clear,"Clear, with a low around 77."
68,2026-07-29T07:22:58Z,KDFW,Monday,2026-08-03T06:00:00-05:00,1,100.0,Sunny,"Sunny, with a high near 100."
69,2026-07-29T07:22:58Z,KDFW,Monday Night,2026-08-03T18:00:00-05:00,0,79.0,Clear,"Clear, with a low around 79."
70,2026-07-29T07:22:58Z,KDFW,Tuesday,2026-08-04T06:00:00-05:00,1,101.0,Sunny,"Sunny, with a high near 101."
71,2026-07-29T07:22:58Z,KDEN,Tonight,2026-07-28T18:00:00-06:00,0,64.0,Chance Showers And Thunderstorms then Mostly Cloudy,"A chance of showers and thunderstorms before 9pm, then a chance of showers and thunderstorms between 9pm and 10pm, then a slight chance of showers and thunderstorms between 10pm and midnight. Mostly cloudy. Low around 64, with temperatures rising to around 68 overnight. South wind 6 to 12 mph, with gusts as high as 18 mph. Chance of precipitation is 50%. New rainfall amounts less than a tenth of an inch possible."
72,2026-07-29T07:22:58Z,KDEN,Wednesday,2026-07-29T06:00:00-06:00,1,91.0,Mostly Sunny then Chance Showers And Thunderstorms,"A chance of showers and thunderstorms between 2pm and 3pm, then showers and thunderstorms likely. Mostly sunny. High near 91, with temperatures falling to around 84 in the afternoon. South southwest wind 2 to 9 mph. Chance of precipitation is 70%. New rainfall amounts between a tenth and quarter of an inch possible."
73,2026-07-29T07:22:58Z,KDEN,Wednesday Night,2026-07-29T18:00:00-06:00,0,62.0,Chance Showers And Thunderstorms then Mostly Cloudy,"A chance of showers and thunderstorms before 9pm. Mostly cloudy. Low around 62, with temperatures rising to around 67 overnight. South southwest wind 6 to 10 mph, with gusts as high as 16 mph. Chance of precipitation is 50%."
74,2026-07-29T07:22:58Z,KDEN,Thursday,2026-07-30T06:00:00-06:00,1,94.0,Mostly Sunny then Slight Chance Showers And Thunderstorms,"A slight chance of showers and thunderstorms after noon. Mostly sunny, with a high near 94. Northwest wind around 7 mph, with gusts as high as 17 mph. Chance of precipitation is 20%."
75,2026-07-29T07:22:58Z,KDEN,Thursday Night,2026-07-30T18:00:00-06:00,0,62.0,Partly Cloudy,"Partly cloudy, with a low around 62. West wind around 7 mph, with gusts as high as 16 mph."
76,2026-07-29T07:22:58Z,KDEN,Friday,2026-07-31T06:00:00-06:00,1,93.0,Sunny,"Sunny, with a high near 93."
77,2026-07-29T07:22:58Z,KDEN,Friday Night,2026-07-31T18:00:00-06:00,0,64.0,Slight Chance Showers And Thunderstorms then Mostly Clear,"A slight chance of showers and thunderstorms before midnight. Mostly clear, with a low around 64."
78,2026-07-29T07:22:58Z,KDEN,Saturday,2026-08-01T06:00:00-06:00,1,95.0,Sunny,"Sunny, with a high near 95."
79,2026-07-29T07:22:58Z,KDEN,Saturday Night,2026-08-01T18:00:00-06:00,0,66.0,Mostly Clear,"Mostly clear, with a low around 66."
80,2026-07-29T07:22:58Z,KDEN,Sunday,2026-08-02T06:00:00-06:00,1,101.0,Sunny,"Sunny, with a high near 101."
81,2026-07-29T07:22:58Z,KDEN,Sunday Night,2026-08-02T18:00:00-06:00,0,69.0,Mostly Clear,"Mostly clear, with a low around 69."
82,2026-07-29T07:22:58Z,KDEN,Monday,2026-08-03T06:00:00-06:00,1,99.0,Sunny,"Sunny, with a high near 99."
83,2026-07-29T07:22:58Z,KDEN,Monday Night,2026-08-03T18:00:00-06:00,0,64.0,Chance Showers And Thunderstorms then Partly Cloudy,"A chance of showers and thunderstorms before midnight. Partly cloudy, with a low around 64."
84,2026-07-29T07:22:58Z,KDEN,Tuesday,2026-08-04T06:00:00-06:00,1,91.0,Mostly Sunny then Slight Chance Showers And Thunderstorms,"A slight chance of showers and thunderstorms after noon. Mostly sunny, with a high near 91."
85,2026-07-29T07:22:58Z,KIAH,Overnight,2026-07-29T01:00:00-05:00,0,78.0,Mostly Clear,"Mostly clear, with a low around 78. Southwest wind around 5 mph."
86,2026-07-29T07:22:58Z,KIAH,Wednesday,2026-07-29T06:00:00-05:00,1,99.0,Mostly Sunny then Slight Chance Showers And Thunderstorms,"A slight chance of showers and thunderstorms after 3pm. Mostly sunny, with a high near 99. Heat index values as high as 109. Southwest wind 0 to 5 mph. Chance of precipitation is 20%."
87,2026-07-29T07:22:58Z,KIAH,Wednesday Night,2026-07-29T18:00:00-05:00,0,79.0,Slight Chance Showers And Thunderstorms then Mostly Clear,"A slight chance of showers and thunderstorms before 7pm. Mostly clear, with a low around 79. Heat index values as high as 107. South wind 5 to 10 mph. Chance of precipitation is 20%."
88,2026-07-29T07:22:58Z,KIAH,Thursday,2026-07-30T06:00:00-05:00,1,100.0,Mostly Sunny,"Mostly sunny, with a high near 100. Heat index values as high as 107. Southwest wind around 5 mph."
89,2026-07-29T07:22:58Z,KIAH,Thursday Night,2026-07-30T18:00:00-05:00,0,79.0,Mostly Clear,"Mostly clear, with a low around 79. South wind 5 to 10 mph."
90,2026-07-29T07:22:58Z,KIAH,Friday,2026-07-31T06:00:00-05:00,1,100.0,Mostly Sunny,"Mostly sunny, with a high near 100."
91,2026-07-29T07:22:58Z,KIAH,Friday Night,2026-07-31T18:00:00-05:00,0,80.0,Mostly Clear,"Mostly clear, with a low around 80."
92,2026-07-29T07:22:58Z,KIAH,Saturday,2026-08-01T06:00:00-05:00,1,101.0,Mostly Sunny,"Mostly sunny, with a high near 101."
93,2026-07-29T07:22:58Z,KIAH,Saturday Night,2026-08-01T18:00:00-05:00,0,80.0,Partly Cloudy then Slight Chance Showers And Thunderstorms,"A slight chance of showers and thunderstorms after 1am. Partly cloudy, with a low around 80. Chance of precipitation is 20%."
94,2026-07-29T07:22:58Z,KIAH,Sunday,2026-08-02T06:00:00-05:00,1,100.0,Slight Chance Showers And Thunderstorms,"A slight chance of showers and thunderstorms. Mostly sunny, with a high near 100. Chance of precipitation is 20%."
95,2026-07-29T07:22:58Z,KIAH,Sunday Night,2026-08-02T18:00:00-05:00,0,79.0,Slight Chance Showers And Thunderstorms then Mostly Clear,"A slight chance of showers and thunderstorms before 7pm. Mostly clear, with a low around 79. Chance of precipitation is 20%."
96,2026-07-29T07:22:58Z,KIAH,Monday,2026-08-03T06:00:00-05:00,1,101.0,Sunny,"Sunny, with a high near 101."
97,2026-07-29T07:22:58Z,KIAH,Monday Night,2026-08-03T18:00:00-05:00,0,79.0,Mostly Clear,"Mostly clear, with a low around 79."
98,2026-07-29T07:22:58Z,KIAH,Tuesday,2026-08-04T06:00:00-05:00,1,100.0,Sunny,"Sunny, with a high near 100."
99,2026-07-29T07:22:58Z,KLAS,Tonight,2026-07-28T23:00:00-07:00,0,85.0,Mostly Clear,"Mostly clear. Low around 85, with temperatures rising to around 90 overnight. South southwest wind 7 to 10 mph."
100,2026-07-29T07:22:58Z,KLAS,Wednesday,2026-07-29T06:00:00-07:00,1,110.0,Sunny,"Sunny, with a high near 110. South southwest wind 7 to 12 mph, with gusts as high as 20 mph."
101,2026-07-29T07:22:58Z,KLAS,Wednesday Night,2026-07-29T18:00:00-07:00,0,85.0,Mostly Clear,"Mostly clear. Low around 85, with temperatures rising to around 87 overnight. Southwest wind 6 to 12 mph, with gusts as high as 18 mph."
102,2026-07-29T07:22:58Z,KLAS,Thursday,2026-07-30T06:00:00-07:00,1,111.0,Sunny,"Sunny, with a high near 111. Southeast wind 1 to 7 mph."
103,2026-07-29T07:22:58Z,KLAS,Thursday Night,2026-07-30T18:00:00-07:00,0,87.0,Mostly Clear,"Mostly clear, with a low around 87. Southwest wind around 7 mph."
104,2026-07-29T07:22:58Z,KLAS,Friday,2026-07-31T06:00:00-07:00,1,113.0,Sunny,"Sunny, with a high near 113."
105,2026-07-29T07:22:58Z,KLAS,Friday Night,2026-07-31T18:00:00-07:00,0,88.0,Clear,"Clear, with a low around 88."
106,2026-07-29T07:22:58Z,KLAS,Saturday,2026-08-01T06:00:00-07:00,1,116.0,Sunny,"Sunny, with a high near 116."
107,2026-07-29T07:22:58Z,KLAS,Saturday Night,2026-08-01T18:00:00-07:00,0,91.0,Clear,"Clear, with a low around 91."
108,2026-07-29T07:22:58Z,KLAS,Sunday,2026-08-02T06:00:00-07:00,1,115.0,Sunny,"Sunny, with a high near 115."
109,2026-07-29T07:22:58Z,KLAS,Sunday Night,2026-08-02T18:00:00-07:00,0,91.0,Clear,"Clear, with a low around 91."
110,2026-07-29T07:22:58Z,KLAS,Monday,2026-08-03T06:00:00-07:00,1,114.0,Sunny,"Sunny, with a high near 114."
111,2026-07-29T07:22:58Z,KLAS,Monday Night,2026-08-03T18:00:00-07:00,0,90.0,Clear,"Clear, with a low around 90."
112,2026-07-29T07:22:58Z,KLAS,Tuesday,2026-08-04T06:00:00-07:00,1,115.0,Sunny,"Sunny, with a high near 115."
113,2026-07-29T07:22:58Z,KLAX,Tonight,2026-07-28T23:00:00-07:00,0,67.0,Patchy Fog,"Patchy fog. Cloudy, with a low around 67. South southeast wind around 5 mph."
114,2026-07-29T07:22:58Z,KLAX,Wednesday,2026-07-29T06:00:00-07:00,1,77.0,Patchy Fog then Mostly Sunny,"Patchy fog before 11am. Mostly sunny, with a high near 77. Southwest wind 5 to 10 mph."
115,2026-07-29T07:22:58Z,KLAX,Wednesday Night,2026-07-29T18:00:00-07:00,0,67.0,Patchy Fog,"Patchy fog after 11pm. Mostly cloudy, with a low around 67. South southwest wind 0 to 10 mph."
116,2026-07-29T07:22:58Z,KLAX,Thursday,2026-07-30T06:00:00-07:00,1,78.0,Patchy Fog then Mostly Sunny,"Patchy fog before 11am. Mostly sunny, with a high near 78. South southwest wind 5 to 10 mph."
117,2026-07-29T07:22:58Z,KLAX,Thursday Night,2026-07-30T18:00:00-07:00,0,67.0,Patchy Fog,"Patchy fog after 11pm. Mostly cloudy, with a low around 67. Southwest wind 5 to 10 mph."
118,2026-07-29T07:22:58Z,KLAX,Friday,2026-07-31T06:00:00-07:00,1,81.0,Patchy Fog then Mostly Sunny,"Patchy fog before 11am. Mostly sunny, with a high near 81."
119,2026-07-29T07:22:58Z,KLAX,Friday Night,2026-07-31T18:00:00-07:00,0,68.0,Partly Cloudy,"Partly cloudy, with a low around 68."
120,2026-07-29T07:22:58Z,KLAX,Saturday,2026-08-01T06:00:00-07:00,1,79.0,Mostly Sunny,"Mostly sunny, with a high near 79."
121,2026-07-29T07:22:58Z,KLAX,Saturday Night,2026-08-01T18:00:00-07:00,0,69.0,Mostly Clear,"Mostly clear, with a low around 69."
122,2026-07-29T07:22:58Z,KLAX,Sunday,2026-08-02T06:00:00-07:00,1,80.0,Sunny,"Sunny, with a high near 80."
123,2026-07-29T07:22:58Z,KLAX,Sunday Night,2026-08-02T18:00:00-07:00,0,68.0,Partly Cloudy,"Partly cloudy, with a low around 68."
124,2026-07-29T07:22:58Z,KLAX,Monday,2026-08-03T06:00:00-07:00,1,78.0,Sunny,"Sunny, with a high near 78."
125,2026-07-29T07:22:58Z,KLAX,Monday Night,2026-08-03T18:00:00-07:00,0,67.0,Partly Cloudy,"Partly cloudy, with a low around 67."
126,2026-07-29T07:22:58Z,KLAX,Tuesday,2026-08-04T06:00:00-07:00,1,78.0,Sunny,"Sunny, with a high near 78."
127,2026-07-29T07:22:58Z,KMIA,Overnight,2026-07-29T03:00:00-04:00,0,79.0,Partly Cloudy,"Partly cloudy, with a low around 79. Southwest wind around 8 mph."
128,2026-07-29T07:22:58Z,KMIA,Wednesday,2026-07-29T06:00:00-04:00,1,94.0,Mostly Sunny then Slight Chance Showers And Thunderstorms,"A slight chance of showers and thunderstorms between 1pm and 4pm. Mostly sunny, with a high near 94. Heat index values as high as 103. Southwest wind 8 to 15 mph, with gusts as high as 25 mph. Chance of precipitation is 20%."
129,2026-07-29T07:22:58Z,KMIA,Wednesday Night,2026-07-29T18:00:00-04:00,0,79.0,Mostly Clear,"Mostly clear, with a low around 79. Heat index values as high as 100. Southwest wind 8 to 15 mph, with gusts as high as 23 mph."
130,2026-07-29T07:22:58Z,KMIA,Thursday,2026-07-30T06:00:00-04:00,1,95.0,Partly Sunny then Slight Chance Showers And Thunderstorms,"A slight chance of showers and thunderstorms between 2pm and 5pm. Partly sunny, with a high near 95. Heat index values as high as 105. Southwest wind 7 to 14 mph, with gusts as high as 22 mph. Chance of precipitation is 20%."
131,2026-07-29T07:22:58Z,KMIA,Thursday Night,2026-07-30T18:00:00-04:00,0,79.0,Partly Cloudy,"Partly cloudy, with a low around 79. West wind 3 to 14 mph, with gusts as high as 21 mph."
132,2026-07-29T07:22:58Z,KMIA,Friday,2026-07-31T06:00:00-04:00,1,94.0,Partly Sunny then Slight Chance Showers And Thunderstorms,"A slight chance of showers and thunderstorms after 2pm. Partly sunny, with a high near 94. Southwest wind 0 to 12 mph, with gusts as high as 18 mph. Chance of precipitation is 20%."
133,2026-07-29T07:22:58Z,KMIA,Friday Night,2026-07-31T18:00:00-04:00,0,80.0,Slight Chance Showers And Thunderstorms then Mostly Cloudy,"A slight chance of showers and thunderstorms before 8pm. Mostly cloudy, with a low around 80. Southwest wind 1 to 12 mph. Chance of precipitation is 20%."
134,2026-07-29T07:22:58Z,KMIA,Saturday,2026-08-01T06:00:00-04:00,1,93.0,Partly Sunny then Chance Showers And Thunderstorms,"A chance of showers and thunderstorms after 2pm. Partly sunny, with a high near 93. Southwest wind 0 to 10 mph. Chance of precipitation is 50%."
135,2026-07-29T07:22:58Z,KMIA,Saturday Night,2026-08-01T18:00:00-04:00,0,80.0,Chance Showers And Thunderstorms,"A chance of showers and thunderstorms before 2am. Mostly cloudy, with a low around 80. South wind 5 to 9 mph. Chance of precipitation is 50%."
136,2026-07-29T07:22:58Z,KMIA,Sunday,2026-08-02T06:00:00-04:00,1,92.0,Chance Showers And Thunderstorms,"A chance of showers and thunderstorms after 8am. Partly sunny, with a high near 92. Chance of precipitation is 30%."
137,2026-07-29T07:22:58Z,KMIA,Sunday Night,2026-08-02T18:00:00-04:00,0,81.0,Chance Showers And Thunderstorms then Partly Cloudy,"A chance of showers and thunderstorms before 8pm. Partly cloudy, with a low around 81. Chance of precipitation is 30%."
138,2026-07-29T07:22:58Z,KMIA,Monday,2026-08-03T06:00:00-04:00,1,92.0,Chance Showers And Thunderstorms,"A chance of showers and thunderstorms after 8am. Mostly sunny, with a high near 92. Chance of precipitation is 40%."
139,2026-07-29T07:22:58Z,KMIA,Monday Night,2026-08-03T18:00:00-04:00,0,81.0,Chance Showers And Thunderstorms,"A chance of showers and thunderstorms before 2am. Partly cloudy, with a low around 81. Chance of precipitation is 40%."
140,2026-07-29T07:22:58Z,KMIA,Tuesday,2026-08-04T06:00:00-04:00,1,91.0,Chance Showers And Thunderstorms,"A chance of showers and thunderstorms after 8am. Mostly sunny, with a high near 91."
141,2026-07-29T07:22:58Z,KMSP,Overnight,2026-07-29T01:00:00-05:00,0,71.0,Mostly Clear,"Mostly clear, with a low around 71. Southeast wind around 5 mph."
142,2026-07-29T07:22:58Z,KMSP,Wednesday,2026-07-29T06:00:00-05:00,1,91.0,Mostly Sunny then Patchy Smoke,"Patchy smoke between 1pm and 4pm, then patchy smoke and a slight chance of rain showers. Mostly sunny, with a high near 91. South wind 5 to 10 mph. Chance of precipitation is 20%."
143,2026-07-29T07:22:58Z,KMSP,Wednesday Night,2026-07-29T18:00:00-05:00,0,73.0,Patchy Smoke,"Patchy smoke and a slight chance of rain showers. Partly cloudy, with a low around 73. South wind around 10 mph. Chance of precipitation is 20%."
144,2026-07-29T07:22:58Z,KMSP,Thursday,2026-07-30T06:00:00-05:00,1,89.0,Patchy Smoke then Partly Sunny,"Patchy smoke before 7am. Partly sunny, with a high near 89. South wind 5 to 15 mph."
145,2026-07-29T07:22:58Z,KMSP,Thursday Night,2026-07-30T18:00:00-05:00,0,69.0,Chance Showers And Thunderstorms,"A chance of showers and thunderstorms between 7pm and 10pm, then a chance of showers and thunderstorms between 10pm and 1am, then showers and thunderstorms. Mostly cloudy, with a low around 69. South southeast wind around 15 mph. Chance of precipitation is 80%. New rainfall amounts between a half and three quarters of an inch possible."
146,2026-07-29T07:22:58Z,KMSP,Friday,2026-07-31T06:00:00-05:00,1,78.0,Showers And Thunderstorms,"Showers and thunderstorms. Mostly cloudy, with a high near 78. East wind 10 to 15 mph. Chance of precipitation is 80%. New rainfall amounts between three quarters and one inch possible."
147,2026-07-29T07:22:58Z,KMSP,Friday Night,2026-07-31T18:00:00-05:00,0,65.0,Chance Rain Showers,"A chance of rain showers before 1am. Partly cloudy, with a low around 65. North northeast wind 5 to 15 mph. Chance of precipitation is 50%. New rainfall amounts between a tenth and quarter of an inch possible."
148,2026-07-29T07:22:58Z,KMSP,Saturday,2026-08-01T06:00:00-05:00,1,84.0,Sunny,"Sunny, with a high near 84. North wind 5 to 10 mph."
149,2026-07-29T07:22:58Z,KMSP,Saturday Night,2026-08-01T18:00:00-05:00,0,65.0,Mostly Clear,"Mostly clear, with a low around 65. East northeast wind 0 to 10 mph."
150,2026-07-29T07:22:58Z,KMSP,Sunday,2026-08-02T06:00:00-05:00,1,84.0,Sunny,"Sunny, with a high near 84. East southeast wind 0 to 5 mph."
151,2026-07-29T07:22:58Z,KMSP,Sunday Night,2026-08-02T18:00:00-05:00,0,67.0,Mostly Clear,"Mostly clear, with a low around 67. South southeast wind 5 to 10 mph."
152,2026-07-29T07:22:58Z,KMSP,Monday,2026-08-03T06:00:00-05:00,1,87.0,Sunny,"Sunny, with a high near 87. South wind 5 to 10 mph."
153,2026-07-29T07:22:58Z,KMSP,Monday Night,2026-08-03T18:00:00-05:00,0,69.0,Partly Cloudy then Slight Chance Showers And Thunderstorms,"A slight chance of showers and thunderstorms after 1am. Partly cloudy, with a low around 69. South southwest wind 5 to 10 mph. Chance of precipitation is 20%."
154,2026-07-29T07:22:58Z,KMSP,Tuesday,2026-08-04T06:00:00-05:00,1,85.0,Slight Chance Showers And Thunderstorms then Mostly Sunny,"A slight chance of showers and thunderstorms before 7am. Mostly sunny, with a high near 85. West northwest wind 5 to 10 mph. Chance of precipitation is 20%."
155,2026-07-29T07:22:58Z,KMSY,Overnight,2026-07-29T01:00:00-05:00,0,79.0,Mostly Clear,"Mostly clear, with a low around 79. West wind around 10 mph."
156,2026-07-29T07:22:58Z,KMSY,Wednesday,2026-07-29T06:00:00-05:00,1,97.0,Mostly Sunny,"Mostly sunny, with a high near 97. Heat index values as high as 109. West wind 5 to 10 mph."
157,2026-07-29T07:22:58Z,KMSY,Wednesday Night,2026-07-29T18:00:00-05:00,0,80.0,Partly Cloudy,"Partly cloudy, with a low around 80. Heat index values as high as 107. West wind around 10 mph."
158,2026-07-29T07:22:58Z,KMSY,Thursday,2026-07-30T06:00:00-05:00,1,94.0,Mostly Sunny then Chance Showers And Thunderstorms,"A chance of showers and thunderstorms after 4pm. Mostly sunny, with a high near 94. Heat index values as high as 107. West wind 5 to 10 mph. Chance of precipitation is 40%."
159,2026-07-29T07:22:58Z,KMSY,Thursday Night,2026-07-30T18:00:00-05:00,0,79.0,Chance Showers And Thunderstorms,"A chance of showers and thunderstorms before 7pm, then a chance of showers and thunderstorms between 7pm and 1am. Mostly cloudy, with a low around 79. Southwest wind 5 to 10 mph. Chance of precipitation is 30%."
160,2026-07-29T07:22:58Z,KMSY,Friday,2026-07-31T06:00:00-05:00,1,93.0,Mostly Sunny then Chance Showers And Thunderstorms,"A chance of showers and thunderstorms after 1pm. Mostly sunny, with a high near 93. West wind around 10 mph. Chance of precipitation is 50%."
161,2026-07-29T07:22:58Z,KMSY,Friday Night,2026-07-31T18:00:00-05:00,0,79.0,Chance Showers And Thunderstorms then Partly Cloudy,"A chance of showers and thunderstorms before 7pm. Partly cloudy, with a low around 79. Southwest wind around 10 mph. Chance of precipitation is 50%."
162,2026-07-29T07:22:58Z,KMSY,Saturday,2026-08-01T06:00:00-05:00,1,92.0,Chance Showers And Thunderstorms,"A chance of showers and thunderstorms after 7am. Partly sunny, with a high near 92. West wind 10 to 15 mph."
163,2026-07-29T07:22:58Z,KMSY,Saturday Night,2026-08-01T18:00:00-05:00,0,78.0,Chance Showers And Thunderstorms,"A chance of showers and thunderstorms. Mostly cloudy, with a low around 78. Southwest wind around 10 mph."
164,2026-07-29T07:22:58Z,KMSY,Sunday,2026-08-02T06:00:00-05:00,1,90.0,Chance Showers And Thunderstorms then Showers And Thunderstorms Likely,"A chance of showers and thunderstorms before 7am, then showers and thunderstorms likely between 7am and 1pm, then showers and thunderstorms likely. Partly sunny, with a high near 90. West wind 10 to 15 mph."
165,2026-07-29T07:22:58Z,KMSY,Sunday Night,2026-08-02T18:00:00-05:00,0,77.0,Showers And Thunderstorms Likely,"Showers and thunderstorms likely before 1am, then a chance of showers and thunderstorms. Partly cloudy, with a low around 77. Southwest wind 5 to 10 mph."
166,2026-07-29T07:22:58Z,KMSY,Monday,2026-08-03T06:00:00-05:00,1,91.0,Chance Showers And Thunderstorms,"A chance of showers and thunderstorms before 7am, then a chance of showers and thunderstorms. Mostly sunny, with a high near 91. West wind 5 to 10 mph."
167,2026-07-29T07:22:58Z,KMSY,Monday Night,2026-08-03T18:00:00-05:00,0,77.0,Chance Showers And Thunderstorms then Partly Cloudy,"A chance of showers and thunderstorms before 7pm. Partly cloudy, with a low around 77. Southwest wind 5 to 10 mph."
168,2026-07-29T07:22:58Z,KMSY,Tuesday,2026-08-04T06:00:00-05:00,1,92.0,Chance Showers And Thunderstorms,"A chance of showers and thunderstorms after 7am. Mostly sunny, with a high near 92. Southwest wind 5 to 10 mph."
169,2026-07-29T07:22:58Z,KNYC,Overnight,2026-07-29T03:00:00-04:00,0,68.0,Showers And Thunderstorms Likely,"Showers and thunderstorms likely. Mostly cloudy. Low around 68, with temperatures rising to around 70 overnight. South wind around 5 mph. Chance of precipitation is 70%. New rainfall amounts between a tenth and quarter of an inch possible."
170,2026-07-29T07:22:58Z,KNYC,Wednesday,2026-07-29T06:00:00-04:00,1,79.0,Chance Showers And Thunderstorms,"A chance of showers and thunderstorms before 11am, then a chance of showers and thunderstorms. Partly sunny. High near 79, with temperatures falling to around 77 in the afternoon. Northwest wind around 6 mph. Chance of precipitation is 50%. New rainfall amounts between a quarter and half of an inch possible."
171,2026-07-29T07:22:58Z,KNYC,Wednesday Night,2026-07-29T18:00:00-04:00,0,66.0,Chance Showers And Thunderstorms,"A chance of showers and thunderstorms. Partly cloudy. Low around 66, with temperatures rising to around 68 overnight. Northwest wind around 7 mph. Chance of precipitation is 50%. New rainfall amounts between a tenth and quarter of an inch possible."
172,2026-07-29T07:22:58Z,KNYC,Thursday,2026-07-30T06:00:00-04:00,1,77.0,Chance Showers And Thunderstorms,"A slight chance of rain showers before 2pm, then a chance of showers and thunderstorms. Partly sunny, with a high near 77. Northwest wind around 8 mph. Chance of precipitation is 50%. New rainfall amounts less than a tenth of an inch possible."
173,2026-07-29T07:22:58Z,KNYC,Thursday Night,2026-07-30T18:00:00-04:00,0,67.0,Chance Showers And Thunderstorms then Partly Cloudy,"A chance of showers and thunderstorms before 8pm. Partly cloudy, with a low around 67. North wind around 6 mph. Chance of precipitation is 30%. New rainfall amounts less than a tenth of an inch possible."
174,2026-07-29T07:22:58Z,KNYC,Friday,2026-07-31T06:00:00-04:00,1,82.0,Mostly Sunny,"Mostly sunny, with a high near 82."
175,2026-07-29T07:22:58Z,KNYC,Friday Night,2026-07-31T18:00:00-04:00,0,69.0,Partly Cloudy,"Partly cloudy, with a low around 69."
176,2026-07-29T07:22:58Z,KNYC,Saturday,2026-08-01T06:00:00-04:00,1,82.0,Mostly Sunny,"Mostly sunny, with a high near 82."
177,2026-07-29T07:22:58Z,KNYC,Saturday Night,2026-08-01T18:00:00-04:00,0,70.0,Mostly Cloudy,"Mostly cloudy, with a low around 70."
178,2026-07-29T07:22:58Z,KNYC,Sunday,2026-08-02T06:00:00-04:00,1,82.0,Chance Rain Showers,"A chance of rain showers between 8am and 2pm, then a chance of showers and thunderstorms. Partly sunny, with a high near 82. Chance of precipitation is 30%."
179,2026-07-29T07:22:58Z,KNYC,Sunday Night,2026-08-02T18:00:00-04:00,0,71.0,Chance Showers And Thunderstorms,"A chance of showers and thunderstorms. Mostly cloudy, with a low around 71. Chance of precipitation is 30%."
180,2026-07-29T07:22:58Z,KNYC,Monday,2026-08-03T06:00:00-04:00,1,84.0,Chance Rain Showers,"A chance of rain showers before 2pm, then a chance of showers and thunderstorms. Mostly cloudy, with a high near 84. Chance of precipitation is 50%."
181,2026-07-29T07:22:58Z,KNYC,Monday Night,2026-08-03T18:00:00-04:00,0,71.0,Chance Showers And Thunderstorms,"A chance of showers and thunderstorms. Mostly cloudy, with a low around 71. Chance of precipitation is 50%."
182,2026-07-29T07:22:58Z,KNYC,Tuesday,2026-08-04T06:00:00-04:00,1,84.0,Chance Showers And Thunderstorms,"A slight chance of rain showers before 2pm, then a chance of showers and thunderstorms. Mostly sunny, with a high near 84."
183,2026-07-29T07:22:58Z,KOKC,Overnight,2026-07-29T02:00:00-05:00,0,77.0,Mostly Cloudy,"Mostly cloudy, with a low around 77. South wind around 9 mph."
184,2026-07-29T07:22:58Z,KOKC,Wednesday,2026-07-29T06:00:00-05:00,1,102.0,Mostly Sunny,"Mostly sunny, with a high near 102. Heat index values as high as 107. South southwest wind 7 to 10 mph."
185,2026-07-29T07:22:58Z,KOKC,Wednesday Night,2026-07-29T18:00:00-05:00,0,77.0,Mostly Clear,"Mostly clear, with a low around 77. Heat index values as high as 104. Southeast wind around 12 mph."
186,2026-07-29T07:22:58Z,KOKC,Thursday,2026-07-30T06:00:00-05:00,1,101.0,Sunny,"Sunny, with a high near 101. Heat index values as high as 106. South wind 8 to 14 mph, with gusts as high as 20 mph."
187,2026-07-29T07:22:58Z,KOKC,Thursday Night,2026-07-30T18:00:00-05:00,0,77.0,Mostly Clear,"Mostly clear, with a low around 77. South wind around 14 mph, with gusts as high as 21 mph."
188,2026-07-29T07:22:58Z,KOKC,Friday,2026-07-31T06:00:00-05:00,1,102.0,Slight Chance Rain Showers,"A slight chance of rain showers between 7am and 1pm. Mostly sunny, with a high near 102. Chance of precipitation is 20%."
189,2026-07-29T07:22:58Z,KOKC,Friday Night,2026-07-31T18:00:00-05:00,0,74.0,Slight Chance Showers And Thunderstorms,"A slight chance of showers and thunderstorms between 7pm and 1am. Mostly clear, with a low around 74. Chance of precipitation is 20%."
190,2026-07-29T07:22:58Z,KOKC,Saturday,2026-08-01T06:00:00-05:00,1,94.0,Sunny,"Sunny, with a high near 94."
191,2026-07-29T07:22:58Z,KOKC,Saturday Night,2026-08-01T18:00:00-05:00,0,70.0,Clear,"Clear, with a low around 70."
192,2026-07-29T07:22:58Z,KOKC,Sunday,2026-08-02T06:00:00-05:00,1,93.0,Sunny,"Sunny, with a high near 93."
193,2026-07-29T07:22:58Z,KOKC,Sunday Night,2026-08-02T18:00:00-05:00,0,71.0,Clear,"Clear, with a low around 71."
194,2026-07-29T07:22:58Z,KOKC,Monday,2026-08-03T06:00:00-05:00,1,95.0,Sunny,"Sunny, with a high near 95."
195,2026-07-29T07:22:58Z,KOKC,Monday Night,2026-08-03T18:00:00-05:00,0,72.0,Clear,"Clear, with a low around 72."
196,2026-07-29T07:22:58Z,KOKC,Tuesday,2026-08-04T06:00:00-05:00,1,96.0,Sunny,"Sunny, with a high near 96."
197,2026-07-29T07:22:58Z,KPHL,Tonight,2026-07-28T21:00:00-04:00,0,67.0,Showers And Thunderstorms then Chance Showers And Thunderstorms,"Showers and thunderstorms before midnight, then a chance of showers and thunderstorms between midnight and 5am. Mostly cloudy, with a low around 67. South wind around 5 mph. Chance of precipitation is 90%. New rainfall amounts between a half and three quarters of an inch possible."
198,2026-07-29T07:22:58Z,KPHL,Wednesday,2026-07-29T06:00:00-04:00,1,82.0,Mostly Sunny then Slight Chance Showers And Thunderstorms,"A slight chance of showers and thunderstorms after 2pm. Mostly sunny, with a high near 82. Northwest wind 5 to 15 mph. Chance of precipitation is 20%. New rainfall amounts between a tenth and quarter of an inch possible."
199,2026-07-29T07:22:58Z,KPHL,Wednesday Night,2026-07-29T18:00:00-04:00,0,66.0,Slight Chance Showers And Thunderstorms then Partly Cloudy,"A slight chance of showers and thunderstorms before 9pm. Partly cloudy, with a low around 66. Northwest wind 5 to 10 mph, with gusts as high as 25 mph. Chance of precipitation is 20%. New rainfall amounts less than a tenth of an inch possible."
200,2026-07-29T07:22:58Z,KPHL,Thursday,2026-07-30T06:00:00-04:00,1,82.0,Partly Sunny then Chance Showers And Thunderstorms,"A chance of showers and thunderstorms after 2pm. Partly sunny, with a high near 82. Northwest wind 5 to 10 mph. Chance of precipitation is 40%."
201,2026-07-29T07:22:58Z,KPHL,Thursday Night,2026-07-30T18:00:00-04:00,0,66.0,Chance Showers And Thunderstorms then Partly Cloudy,"A chance of showers and thunderstorms before 8pm. Partly cloudy, with a low around 66. North wind around 5 mph. Chance of precipitation is 40%."
202,2026-07-29T07:22:58Z,KPHL,Friday,2026-07-31T06:00:00-04:00,1,85.0,Mostly Sunny,"Mostly sunny, with a high near 85."
203,2026-07-29T07:22:58Z,KPHL,Friday Night,2026-07-31T18:00:00-04:00,0,68.0,Partly Cloudy,"Partly cloudy, with a low around 68."
204,2026-07-29T07:22:58Z,KPHL,Saturday,2026-08-01T06:00:00-04:00,1,87.0,Mostly Sunny,"Mostly sunny, with a high near 87."
205,2026-07-29T07:22:58Z,KPHL,Saturday Night,2026-08-01T18:00:00-04:00,0,69.0,Mostly Cloudy,"Mostly cloudy, with a low around 69."
206,2026-07-29T07:22:58Z,KPHL,Sunday,2026-08-02T06:00:00-04:00,1,85.0,Chance Showers And Thunderstorms,"A slight chance of rain showers between 8am and 2pm, then a chance of showers and thunderstorms. Partly sunny, with a high near 85. Chance of precipitation is 30%."
207,2026-07-29T07:22:58Z,KPHL,Sunday Night,2026-08-02T18:00:00-04:00,0,71.0,Chance Showers And Thunderstorms,"A chance of showers and thunderstorms. Mostly cloudy, with a low around 71. Chance of precipitation is 50%."
208,2026-07-29T07:22:58Z,KPHL,Monday,2026-08-03T06:00:00-04:00,1,86.0,Chance Rain Showers,"A chance of rain showers before 2pm, then a chance of showers and thunderstorms. Mostly cloudy, with a high near 86. Chance of precipitation is 50%."
209,2026-07-29T07:22:58Z,KPHL,Monday Night,2026-08-03T18:00:00-04:00,0,70.0,Chance Showers And Thunderstorms,"A chance of showers and thunderstorms. Mostly cloudy, with a low around 70. Chance of precipitation is 50%."
210,2026-07-29T07:22:58Z,KPHL,Tuesday,2026-08-04T06:00:00-04:00,1,87.0,Chance Showers And Thunderstorms,"A slight chance of rain showers before 2pm, then a chance of showers and thunderstorms. Mostly sunny, with a high near 87."
211,2026-07-29T07:22:58Z,KPHX,Tonight,2026-07-28T23:00:00-07:00,0,90.0,Partly Cloudy,"Partly cloudy, with a low around 90. West wind 5 to 10 mph."
212,2026-07-29T07:22:58Z,KPHX,Wednesday,2026-07-29T06:00:00-07:00,1,111.0,Mostly Sunny,"Mostly sunny. High near 111, with temperatures falling to around 109 in the afternoon. Heat index values as high as 111. Southwest wind 5 to 10 mph."
213,2026-07-29T07:22:58Z,KPHX,Wednesday Night,2026-07-29T18:00:00-07:00,0,91.0,Mostly Clear,"Mostly clear, with a low around 91. West wind 5 to 10 mph."
214,2026-07-29T07:22:58Z,KPHX,Thursday,2026-07-30T06:00:00-07:00,1,114.0,Mostly Sunny,"Mostly sunny, with a high near 114. Heat index values as high as 111. Southwest wind 5 to 10 mph."
215,2026-07-29T07:22:58Z,KPHX,Thursday Night,2026-07-30T18:00:00-07:00,0,91.0,Mostly Clear,"Mostly clear, with a low around 91. West southwest wind 5 to 10 mph."
216,2026-07-29T07:22:58Z,KPHX,Friday,2026-07-31T06:00:00-07:00,1,116.0,Sunny,"Sunny, with a high near 116. West southwest wind 5 to 15 mph, with gusts as high as 25 mph."
217,2026-07-29T07:22:58Z,KPHX,Friday Night,2026-07-31T18:00:00-07:00,0,92.0,Mostly Clear,"Mostly clear, with a low around 92. West wind 5 to 15 mph, with gusts as high as 20 mph."
218,2026-07-29T07:22:58Z,KPHX,Saturday,2026-08-01T06:00:00-07:00,1,116.0,Mostly Sunny,"Mostly sunny, with a high near 116. Southwest wind 5 to 15 mph, with gusts as high as 20 mph."
219,2026-07-29T07:22:58Z,KPHX,Saturday Night,2026-08-01T18:00:00-07:00,0,93.0,Mostly Clear,"Mostly clear, with a low around 93. Southwest wind 0 to 10 mph."
220,2026-07-29T07:22:58Z,KPHX,Sunday,2026-08-02T06:00:00-07:00,1,116.0,Sunny then Slight Chance Showers And Thunderstorms,"A slight chance of showers and thunderstorms after 5pm. Sunny, with a high near 116. West southwest wind 0 to 10 mph, with gusts as high as 20 mph. Chance of precipitation is 20%. New rainfall amounts less than a tenth of an inch possible."
221,2026-07-29T07:22:58Z,KPHX,Sunday Night,2026-08-02T18:00:00-07:00,0,93.0,Slight Chance Showers And Thunderstorms then Partly Cloudy,"A slight chance of showers and thunderstorms before 11pm. Partly cloudy, with a low around 93. South southwest wind 5 to 10 mph, with gusts as high as 20 mph. Chance of precipitation is 20%. New rainfall amounts less than a tenth of an inch possible."
222,2026-07-29T07:22:58Z,KPHX,Monday,2026-08-03T06:00:00-07:00,1,114.0,Sunny then Slight Chance Showers And Thunderstorms,"A slight chance of showers and thunderstorms after 5pm. Sunny, with a high near 114. South southwest wind 5 to 10 mph, with gusts as high as 20 mph. New rainfall amounts less than a tenth of an inch possible."
223,2026-07-29T07:22:58Z,KPHX,Monday Night,2026-08-03T18:00:00-07:00,0,92.0,Slight Chance Showers And Thunderstorms then Partly Cloudy,"A slight chance of showers and thunderstorms before 11pm. Partly cloudy, with a low around 92. West wind 5 to 10 mph. New rainfall amounts less than a tenth of an inch possible."
224,2026-07-29T07:22:58Z,KPHX,Tuesday,2026-08-04T06:00:00-07:00,1,112.0,Mostly Sunny then Chance Showers And Thunderstorms,"A chance of showers and thunderstorms after 5pm. Mostly sunny, with a high near 112. West southwest wind 5 to 10 mph, with gusts as high as 20 mph. Chance of precipitation is 30%. New rainfall amounts less than a tenth of an inch possible."
225,2026-07-29T07:22:58Z,KSAT,Overnight,2026-07-29T01:00:00-05:00,0,77.0,Partly Cloudy,"Partly cloudy, with a low around 77. South southeast wind around 5 mph."
226,2026-07-29T07:22:58Z,KSAT,Wednesday,2026-07-29T06:00:00-05:00,1,99.0,Mostly Sunny,"Mostly sunny, with a high near 99. Heat index values as high as 107. South wind 5 to 10 mph."
227,2026-07-29T07:22:58Z,KSAT,Wednesday Night,2026-07-29T18:00:00-05:00,0,77.0,Mostly Clear,"Mostly clear, with a low around 77. Heat index values as high as 106. South southeast wind 5 to 15 mph, with gusts as high as 25 mph."
228,2026-07-29T07:22:58Z,KSAT,Thursday,2026-07-30T06:00:00-05:00,1,100.0,Mostly Sunny,"Mostly sunny, with a high near 100. Heat index values as high as 107. South wind 5 to 10 mph."
229,2026-07-29T07:22:58Z,KSAT,Thursday Night,2026-07-30T18:00:00-05:00,0,76.0,Mostly Clear,"Mostly clear, with a low around 76. South southeast wind 5 to 15 mph, with gusts as high as 25 mph."
230,2026-07-29T07:22:58Z,KSAT,Friday,2026-07-31T06:00:00-05:00,1,102.0,Sunny,"Sunny, with a high near 102. South wind around 5 mph."
231,2026-07-29T07:22:58Z,KSAT,Friday Night,2026-07-31T18:00:00-05:00,0,78.0,Mostly Clear,"Mostly clear, with a low around 78. South wind 5 to 10 mph."
232,2026-07-29T07:22:58Z,KSAT,Saturday,2026-08-01T06:00:00-05:00,1,102.0,Mostly Sunny,"Mostly sunny, with a high near 102. South southwest wind 0 to 5 mph."
233,2026-07-29T07:22:58Z,KSAT,Saturday Night,2026-08-01T18:00:00-05:00,0,79.0,Partly Cloudy,"Partly cloudy, with a low around 79. South southeast wind around 5 mph."
234,2026-07-29T07:22:58Z,KSAT,Sunday,2026-08-02T06:00:00-05:00,1,100.0,Mostly Sunny,"Mostly sunny, with a high near 100."
235,2026-07-29T07:22:58Z,KSAT,Sunday Night,2026-08-02T18:00:00-05:00,0,79.0,Mostly Clear,"Mostly clear, with a low around 79."
236,2026-07-29T07:22:58Z,KSAT,Monday,2026-08-03T06:00:00-05:00,1,101.0,Sunny,"Sunny, with a high near 101."
237,2026-07-29T07:22:58Z,KSAT,Monday Night,2026-08-03T18:00:00-05:00,0,78.0,Mostly Clear,"Mostly clear, with a low around 78."
238,2026-07-29T07:22:58Z,KSAT,Tuesday,2026-08-04T06:00:00-05:00,1,100.0,Sunny,"Sunny, with a high near 100."
239,2026-07-29T07:22:58Z,KSFO,Tonight,2026-07-28T23:00:00-07:00,0,58.0,Mostly Clear,"Mostly clear, with a low around 58. West southwest wind 10 to 16 mph, with gusts as high as 23 mph."
240,2026-07-29T07:22:58Z,KSFO,Wednesday,2026-07-29T06:00:00-07:00,1,72.0,Sunny,"Sunny. High near 72, with temperatures falling to around 70 in the afternoon. West wind 10 to 23 mph, with gusts as high as 29 mph."
241,2026-07-29T07:22:58Z,KSFO,Wednesday Night,2026-07-29T18:00:00-07:00,0,58.0,Mostly Clear,"Mostly clear, with a low around 58. West southwest wind 10 to 22 mph, with gusts as high as 28 mph."
242,2026-07-29T07:22:58Z,KSFO,Thursday,2026-07-30T06:00:00-07:00,1,73.0,Mostly Sunny,"Mostly sunny, with a high near 73. West southwest wind 10 to 21 mph, with gusts as high as 26 mph."
243,2026-07-29T07:22:58Z,KSFO,Thursday Night,2026-07-30T18:00:00-07:00,0,57.0,Mostly Clear,"Mostly clear, with a low around 57. West southwest wind 9 to 21 mph, with gusts as high as 26 mph."
244,2026-07-29T07:22:58Z,KSFO,Friday,2026-07-31T06:00:00-07:00,1,76.0,Sunny,"Sunny, with a high near 76."
245,2026-07-29T07:22:58Z,KSFO,Friday Night,2026-07-31T18:00:00-07:00,0,58.0,Mostly Clear,"Mostly clear, with a low around 58."
246,2026-07-29T07:22:58Z,KSFO,Saturday,2026-08-01T06:00:00-07:00,1,78.0,Sunny,"Sunny, with a high near 78."
247,2026-07-29T07:22:58Z,KSFO,Saturday Night,2026-08-01T18:00:00-07:00,0,57.0,Mostly Clear,"Mostly clear, with a low around 57."
248,2026-07-29T07:22:58Z,KSFO,Sunday,2026-08-02T06:00:00-07:00,1,77.0,Sunny,"Sunny, with a high near 77."
249,2026-07-29T07:22:58Z,KSFO,Sunday Night,2026-08-02T18:00:00-07:00,0,57.0,Mostly Clear,"Mostly clear, with a low around 57."
250,2026-07-29T07:22:58Z,KSFO,Monday,2026-08-03T06:00:00-07:00,1,76.0,Sunny,"Sunny, with a high near 76."
251,2026-07-29T07:22:58Z,KSFO,Monday Night,2026-08-03T18:00:00-07:00,0,58.0,Mostly Clear,"Mostly clear, with a low around 58."
252,2026-07-29T07:22:58Z,KSFO,Tuesday,2026-08-04T06:00:00-07:00,1,75.0,Sunny,"Sunny, with a high near 75."
253,2026-07-29T07:22:58Z,KSEA,Overnight,2026-07-29T00:00:00-07:00,0,56.0,Partly Cloudy,"Partly cloudy, with a low around 56. North northeast wind 0 to 3 mph."
254,2026-07-29T07:22:58Z,KSEA,Wednesday,2026-07-29T06:00:00-07:00,1,76.0,Mostly Sunny,"Mostly sunny, with a high near 76. North northwest wind 0 to 7 mph."
255,2026-07-29T07:22:58Z,KSEA,Wednesday Night,2026-07-29T18:00:00-07:00,0,55.0,Mostly Clear,"Mostly clear, with a low around 55. North northeast wind 3 to 9 mph."
256,2026-07-29T07:22:58Z,KSEA,Thursday,2026-07-30T06:00:00-07:00,1,77.0,Sunny,"Sunny, with a high near 77. Southwest wind around 7 mph."
257,2026-07-29T07:22:58Z,KSEA,Thursday Night,2026-07-30T18:00:00-07:00,0,56.0,Mostly Clear,"Mostly clear, with a low around 56. West wind 0 to 7 mph."
258,2026-07-29T07:22:58Z,KSEA,Friday,2026-07-31T06:00:00-07:00,1,82.0,Sunny,"Sunny, with a high near 82."
259,2026-07-29T07:22:58Z,KSEA,Friday Night,2026-07-31T18:00:00-07:00,0,59.0,Partly Cloudy then Chance Light Rain,"A chance of rain after 5am. Partly cloudy, with a low around 59."
260,2026-07-29T07:22:58Z,KSEA,Saturday,2026-08-01T06:00:00-07:00,1,72.0,Chance Light Rain,"A chance of rain before 5pm. Mostly sunny, with a high near 72."
261,2026-07-29T07:22:58Z,KSEA,Saturday Night,2026-08-01T18:00:00-07:00,0,55.0,Partly Cloudy,"Partly cloudy, with a low around 55."
262,2026-07-29T07:22:58Z,KSEA,Sunday,2026-08-02T06:00:00-07:00,1,71.0,Mostly Sunny,"Mostly sunny, with a high near 71."
263,2026-07-29T07:22:58Z,KSEA,Sunday Night,2026-08-02T18:00:00-07:00,0,54.0,Mostly Clear,"Mostly clear, with a low around 54."
264,2026-07-29T07:22:58Z,KSEA,Monday,2026-08-03T06:00:00-07:00,1,75.0,Sunny,"Sunny, with a high near 75."
265,2026-07-29T07:22:58Z,KSEA,Monday Night,2026-08-03T18:00:00-07:00,0,56.0,Mostly Clear,"Mostly clear, with a low around 56."
266,2026-07-29T07:22:58Z,KSEA,Tuesday,2026-08-04T06:00:00-07:00,1,81.0,Sunny,"Sunny, with a high near 81."
267,2026-07-29T07:22:58Z,KDCA,Overnight,2026-07-29T03:00:00-04:00,0,70.0,Mostly Clear,"Mostly clear, with a low around 70. Northwest wind around 13 mph."
268,2026-07-29T07:22:58Z,KDCA,Wednesday,2026-07-29T06:00:00-04:00,1,85.0,Sunny,"Sunny, with a high near 85. Northwest wind 13 to 17 mph, with gusts as high as 25 mph."
269,2026-07-29T07:22:58Z,KDCA,Wednesday Night,2026-07-29T18:00:00-04:00,0,70.0,Mostly Clear,"Mostly clear, with a low around 70. Northwest wind 12 to 16 mph."
270,2026-07-29T07:22:58Z,KDCA,Thursday,2026-07-30T06:00:00-04:00,1,86.0,Sunny,"Sunny, with a high near 86. Northwest wind around 15 mph, with gusts as high as 24 mph."
271,2026-07-29T07:22:58Z,KDCA,Thursday Night,2026-07-30T18:00:00-04:00,0,70.0,Mostly Clear,"Mostly clear, with a low around 70. Northwest wind 8 to 15 mph, with gusts as high as 20 mph."
272,2026-07-29T07:22:58Z,KDCA,Friday,2026-07-31T06:00:00-04:00,1,89.0,Sunny,"Sunny, with a high near 89."
273,2026-07-29T07:22:58Z,KDCA,Friday Night,2026-07-31T18:00:00-04:00,0,72.0,Partly Cloudy,"Partly cloudy, with a low around 72."
274,2026-07-29T07:22:58Z,KDCA,Saturday,2026-08-01T06:00:00-04:00,1,89.0,Partly Sunny,"Partly sunny, with a high near 89."
275,2026-07-29T07:22:58Z,KDCA,Saturday Night,2026-08-01T18:00:00-04:00,0,72.0,Slight Chance Showers And Thunderstorms,"A slight chance of showers and thunderstorms between 8pm and 2am. Mostly cloudy, with a low around 72. Chance of precipitation is 20%."
276,2026-07-29T07:22:58Z,KDCA,Sunday,2026-08-02T06:00:00-04:00,1,88.0,Chance Showers And Thunderstorms,"A slight chance of rain showers between 8am and 2pm, then a chance of showers and thunderstorms. Mostly cloudy, with a high near 88. Chance of precipitation is 30%."
277,2026-07-29T07:22:58Z,KDCA,Sunday Night,2026-08-02T18:00:00-04:00,0,72.0,Chance Showers And Thunderstorms,"A chance of showers and thunderstorms. Mostly cloudy, with a low around 72. Chance of precipitation is 40%."
278,2026-07-29T07:22:58Z,KDCA,Monday,2026-08-03T06:00:00-04:00,1,88.0,Chance Rain Showers then Chance Showers And Thunderstorms,"A chance of rain showers before 2pm, then a chance of showers and thunderstorms. Mostly cloudy, with a high near 88. Chance of precipitation is 50%."
279,2026-07-29T07:22:58Z,KDCA,Monday Night,2026-08-03T18:00:00-04:00,0,72.0,Chance Showers And Thunderstorms,"A chance of showers and thunderstorms before 8pm, then a chance of showers and thunderstorms. Mostly cloudy, with a low around 72. Chance of precipitation is 50%."
280,2026-07-29T07:22:58Z,KDCA,Tuesday,2026-08-04T06:00:00-04:00,1,89.0,Chance Showers And Thunderstorms,"A slight chance of rain showers before 2pm, then a chance of showers and thunderstorms. Partly sunny, with a high near 89."
1,2026-07-29T10:12:53Z,KATL,Overnight,2026-07-29T02:00:00-04:00,0,77.0,Partly Cloudy,"Partly cloudy, with a low around 77. Northwest wind around 5 mph."
2,2026-07-29T10:12:53Z,KATL,Wednesday,2026-07-29T06:00:00-04:00,1,93.0,Mostly Sunny,"Mostly sunny, with a high near 93. Northwest wind 5 to 10 mph, with gusts as high as 20 mph."
3,2026-07-29T10:12:53Z,KATL,Wednesday Night,2026-07-29T18:00:00-04:00,0,72.0,Mostly Clear,"Mostly clear, with a low around 72. North wind 5 to 10 mph, with gusts as high as 20 mph."
4,2026-07-29T10:12:53Z,KATL,Thursday,2026-07-30T06:00:00-04:00,1,91.0,Sunny,"Sunny, with a high near 91. North wind 5 to 10 mph, with gusts as high as 20 mph."
5,2026-07-29T10:12:53Z,KATL,Thursday Night,2026-07-30T18:00:00-04:00,0,69.0,Mostly Clear,"Mostly clear, with a low around 69. Northwest wind 0 to 10 mph, with gusts as high as 20 mph."
6,2026-07-29T10:12:53Z,KATL,Friday,2026-07-31T06:00:00-04:00,1,93.0,Mostly Sunny,"Mostly sunny, with a high near 93."
7,2026-07-29T10:12:53Z,KATL,Friday Night,2026-07-31T18:00:00-04:00,0,73.0,Partly Cloudy,"Partly cloudy, with a low around 73."
8,2026-07-29T10:12:53Z,KATL,Saturday,2026-08-01T06:00:00-04:00,1,90.0,Chance Showers And Thunderstorms,"A chance of showers and thunderstorms between 8am and 2pm, then a chance of showers and thunderstorms. Mostly cloudy, with a high near 90. Chance of precipitation is 50%."
9,2026-07-29T10:12:53Z,KATL,Saturday Night,2026-08-01T18:00:00-04:00,0,73.0,Chance Showers And Thunderstorms then Showers And Thunderstorms Likely,"A chance of showers and thunderstorms before 8pm, then showers and thunderstorms likely. Mostly cloudy, with a low around 73. Chance of precipitation is 70%."
10,2026-07-29T10:12:53Z,KATL,Sunday,2026-08-02T06:00:00-04:00,1,87.0,Showers And Thunderstorms Likely,"Showers and thunderstorms likely. Mostly cloudy, with a high near 87. Chance of precipitation is 70%."
11,2026-07-29T10:12:53Z,KATL,Sunday Night,2026-08-02T18:00:00-04:00,0,72.0,Showers And Thunderstorms Likely then Chance Showers And Thunderstorms,"Showers and thunderstorms likely before 8pm, then a chance of showers and thunderstorms. Mostly cloudy, with a low around 72. Chance of precipitation is 70%."
12,2026-07-29T10:12:53Z,KATL,Monday,2026-08-03T06:00:00-04:00,1,87.0,Slight Chance Showers And Thunderstorms then Showers And Thunderstorms Likely,"A slight chance of showers and thunderstorms before 8am, then showers and thunderstorms likely. Partly sunny, with a high near 87. Chance of precipitation is 60%."
13,2026-07-29T10:12:53Z,KATL,Monday Night,2026-08-03T18:00:00-04:00,0,72.0,Showers And Thunderstorms Likely,"Showers and thunderstorms likely before 2am. Mostly cloudy, with a low around 72. Chance of precipitation is 60%."
14,2026-07-29T10:12:53Z,KATL,Tuesday,2026-08-04T06:00:00-04:00,1,88.0,Chance Showers And Thunderstorms,"A chance of showers and thunderstorms between 8am and 2pm, then a chance of showers and thunderstorms. Partly sunny, with a high near 88."
15,2026-07-29T10:12:53Z,KAUS,Overnight,2026-07-29T02:00:00-05:00,0,76.0,Mostly Clear,"Mostly clear, with a low around 76. South wind around 5 mph."
16,2026-07-29T10:12:53Z,KAUS,Wednesday,2026-07-29T06:00:00-05:00,1,99.0,Mostly Sunny,"Mostly sunny, with a high near 99. Heat index values as high as 108. South southwest wind 5 to 10 mph."
17,2026-07-29T10:12:53Z,KAUS,Wednesday Night,2026-07-29T18:00:00-05:00,0,77.0,Partly Cloudy,"Partly cloudy, with a low around 77. Heat index values as high as 105. South wind 5 to 10 mph, with gusts as high as 20 mph."
18,2026-07-29T10:12:53Z,KAUS,Thursday,2026-07-30T06:00:00-05:00,1,100.0,Mostly Sunny,"Mostly sunny, with a high near 100. Heat index values as high as 108. South southwest wind 5 to 10 mph."
19,2026-07-29T10:12:53Z,KAUS,Thursday Night,2026-07-30T18:00:00-05:00,0,77.0,Mostly Clear,"Mostly clear, with a low around 77. South wind 5 to 10 mph, with gusts as high as 20 mph."
20,2026-07-29T10:12:53Z,KAUS,Friday,2026-07-31T06:00:00-05:00,1,101.0,Sunny,"Sunny, with a high near 101. South southwest wind around 5 mph."
21,2026-07-29T10:12:53Z,KAUS,Friday Night,2026-07-31T18:00:00-05:00,0,79.0,Mostly Clear,"Mostly clear, with a low around 79. South wind 5 to 10 mph, with gusts as high as 20 mph."
22,2026-07-29T10:12:53Z,KAUS,Saturday,2026-08-01T06:00:00-05:00,1,102.0,Mostly Sunny,"Mostly sunny, with a high near 102. Southwest wind around 5 mph."
23,2026-07-29T10:12:53Z,KAUS,Saturday Night,2026-08-01T18:00:00-05:00,0,79.0,Mostly Clear,"Mostly clear, with a low around 79. South wind around 5 mph."
24,2026-07-29T10:12:53Z,KAUS,Sunday,2026-08-02T06:00:00-05:00,1,100.0,Sunny,"Sunny, with a high near 100."
25,2026-07-29T10:12:53Z,KAUS,Sunday Night,2026-08-02T18:00:00-05:00,0,78.0,Mostly Clear,"Mostly clear, with a low around 78."
26,2026-07-29T10:12:53Z,KAUS,Monday,2026-08-03T06:00:00-05:00,1,102.0,Sunny,"Sunny, with a high near 102."
27,2026-07-29T10:12:53Z,KAUS,Monday Night,2026-08-03T18:00:00-05:00,0,78.0,Mostly Clear,"Mostly clear, with a low around 78."
28,2026-07-29T10:12:53Z,KAUS,Tuesday,2026-08-04T06:00:00-05:00,1,100.0,Sunny,"Sunny, with a high near 100."
29,2026-07-29T10:12:53Z,KBOS,Overnight,2026-07-29T02:00:00-04:00,0,66.0,Mostly Cloudy,"Mostly cloudy, with a low around 66. Southeast wind around 7 mph."
30,2026-07-29T10:12:53Z,KBOS,Wednesday,2026-07-29T06:00:00-04:00,1,74.0,Showers And Thunderstorms Likely,"Showers and thunderstorms likely. Some of the storms could produce heavy rain. Mostly cloudy, with a high near 74. East wind 8 to 16 mph. Chance of precipitation is 70%. New rainfall amounts between a half and three quarters of an inch possible."
31,2026-07-29T10:12:53Z,KBOS,Wednesday Night,2026-07-29T18:00:00-04:00,0,64.0,Showers And Thunderstorms,"Showers and thunderstorms. Cloudy, with a low around 64. East wind 13 to 16 mph, with gusts as high as 26 mph. Chance of precipitation is 100%. New rainfall amounts between three quarters and one inch possible."
32,2026-07-29T10:12:53Z,KBOS,Thursday,2026-07-30T06:00:00-04:00,1,71.0,Showers And Thunderstorms,"Showers and thunderstorms. Mostly cloudy, with a high near 71. Northeast wind around 15 mph. Chance of precipitation is 100%. New rainfall amounts between a quarter and half of an inch possible."
33,2026-07-29T10:12:53Z,KBOS,Thursday Night,2026-07-30T18:00:00-04:00,0,63.0,Showers And Thunderstorms Likely,"Showers and thunderstorms likely before 2am. Mostly cloudy, with a low around 63. North wind 7 to 12 mph. Chance of precipitation is 70%."
34,2026-07-29T10:12:53Z,KBOS,Friday,2026-07-31T06:00:00-04:00,1,76.0,Mostly Sunny,"Mostly sunny, with a high near 76. Northeast wind around 8 mph."
35,2026-07-29T10:12:53Z,KBOS,Friday Night,2026-07-31T18:00:00-04:00,0,64.0,Mostly Clear,"Mostly clear, with a low around 64. West wind around 5 mph."
36,2026-07-29T10:12:53Z,KBOS,Saturday,2026-08-01T06:00:00-04:00,1,76.0,Sunny,"Sunny, with a high near 76. Northeast wind 2 to 7 mph."
37,2026-07-29T10:12:53Z,KBOS,Saturday Night,2026-08-01T18:00:00-04:00,0,67.0,Partly Cloudy,"Partly cloudy, with a low around 67. South wind around 7 mph."
38,2026-07-29T10:12:53Z,KBOS,Sunday,2026-08-02T06:00:00-04:00,1,79.0,Partly Sunny then Slight Chance Rain Showers,"A slight chance of rain showers after 4pm. Partly sunny, with a high near 79. South wind 5 to 10 mph."
39,2026-07-29T10:12:53Z,KBOS,Sunday Night,2026-08-02T18:00:00-04:00,0,68.0,Chance Rain Showers,"A chance of rain showers. Mostly cloudy, with a low around 68. South wind 5 to 10 mph. Chance of precipitation is 30%."
40,2026-07-29T10:12:53Z,KBOS,Monday,2026-08-03T06:00:00-04:00,1,77.0,Chance Rain Showers,"A chance of rain showers before 2pm, then a chance of showers and thunderstorms. Partly sunny, with a high near 77. Southwest wind 5 to 8 mph. Chance of precipitation is 40%."
41,2026-07-29T10:12:53Z,KBOS,Monday Night,2026-08-03T18:00:00-04:00,0,67.0,Chance Showers And Thunderstorms,"A chance of showers and thunderstorms before 2am. Mostly cloudy, with a low around 67. West wind around 6 mph. Chance of precipitation is 40%."
42,2026-07-29T10:12:53Z,KBOS,Tuesday,2026-08-04T06:00:00-04:00,1,77.0,Mostly Sunny,"Mostly sunny, with a high near 77. Northeast wind 5 to 8 mph."
43,2026-07-29T10:12:53Z,KMDW,Overnight,2026-07-29T02:00:00-05:00,0,65.0,Mostly Clear,"Mostly clear, with a low around 65. North wind 5 to 10 mph."
44,2026-07-29T10:12:53Z,KMDW,Wednesday,2026-07-29T06:00:00-05:00,1,80.0,Sunny,"Sunny, with a high near 80. North northeast wind 5 to 10 mph."
45,2026-07-29T10:12:53Z,KMDW,Wednesday Night,2026-07-29T18:00:00-05:00,0,67.0,Mostly Clear,"Mostly clear, with a low around 67. North wind 0 to 10 mph."
46,2026-07-29T10:12:53Z,KMDW,Thursday,2026-07-30T06:00:00-05:00,1,87.0,Mostly Sunny,"Mostly sunny, with a high near 87. North wind 0 to 5 mph."
47,2026-07-29T10:12:53Z,KMDW,Thursday Night,2026-07-30T18:00:00-05:00,0,70.0,Mostly Cloudy,"Mostly cloudy, with a low around 70. South southeast wind around 5 mph."
48,2026-07-29T10:12:53Z,KMDW,Friday,2026-07-31T06:00:00-05:00,1,76.0,Rain Showers Likely,"Rain showers likely between 7am and 4pm, then showers and thunderstorms likely. Mostly cloudy, with a high near 76. Chance of precipitation is 60%."
49,2026-07-29T10:12:53Z,KMDW,Friday Night,2026-07-31T18:00:00-05:00,0,67.0,Showers And Thunderstorms Likely then Heavy Rain,"Showers and thunderstorms likely before 7pm, then rain and a chance of thunderstorms. Some of the storms could produce heavy rain. Cloudy, with a low around 67."
50,2026-07-29T10:12:53Z,KMDW,Saturday,2026-08-01T06:00:00-05:00,1,74.0,Heavy Rain then Showers And Thunderstorms Likely,"Rain and a chance of thunderstorms before 7am, then showers and thunderstorms likely between 7am and 1pm, then a chance of showers and thunderstorms. Some of the storms could produce heavy rain. Mostly cloudy, with a high near 74."
51,2026-07-29T10:12:53Z,KMDW,Saturday Night,2026-08-01T18:00:00-05:00,0,67.0,Chance Showers And Thunderstorms,"A chance of showers and thunderstorms before 1am. Mostly cloudy, with a low around 67."
52,2026-07-29T10:12:53Z,KMDW,Sunday,2026-08-02T06:00:00-05:00,1,76.0,Mostly Sunny,"Mostly sunny, with a high near 76."
53,2026-07-29T10:12:53Z,KMDW,Sunday Night,2026-08-02T18:00:00-05:00,0,67.0,Partly Cloudy,"Partly cloudy, with a low around 67."
54,2026-07-29T10:12:53Z,KMDW,Monday,2026-08-03T06:00:00-05:00,1,80.0,Sunny,"Sunny, with a high near 80."
55,2026-07-29T10:12:53Z,KMDW,Monday Night,2026-08-03T18:00:00-05:00,0,68.0,Mostly Clear,"Mostly clear, with a low around 68."
56,2026-07-29T10:12:53Z,KMDW,Tuesday,2026-08-04T06:00:00-05:00,1,84.0,Mostly Sunny,"Mostly sunny, with a high near 84."
57,2026-07-29T10:12:53Z,KDFW,Overnight,2026-07-29T01:00:00-05:00,0,81.0,Mostly Clear,"Mostly clear, with a low around 81. South wind 5 to 10 mph."
58,2026-07-29T10:12:53Z,KDFW,Wednesday,2026-07-29T06:00:00-05:00,1,102.0,Mostly Sunny,"Mostly sunny, with a high near 102. Heat index values as high as 109. South wind around 5 mph."
59,2026-07-29T10:12:53Z,KDFW,Wednesday Night,2026-07-29T18:00:00-05:00,0,82.0,Mostly Clear,"Mostly clear. Low around 82, with temperatures rising to around 84 overnight. Heat index values as high as 106. South wind 5 to 10 mph."
60,2026-07-29T10:12:53Z,KDFW,Thursday,2026-07-30T06:00:00-05:00,1,103.0,Sunny,"Sunny, with a high near 103. Heat index values as high as 110. South southwest wind around 5 mph."
61,2026-07-29T10:12:53Z,KDFW,Thursday Night,2026-07-30T18:00:00-05:00,0,82.0,Mostly Clear,"Mostly clear. Low around 82, with temperatures rising to around 84 overnight. South southeast wind around 10 mph."
62,2026-07-29T10:12:53Z,KDFW,Friday,2026-07-31T06:00:00-05:00,1,104.0,Sunny,"Sunny, with a high near 104. South southwest wind 5 to 10 mph."
63,2026-07-29T10:12:53Z,KDFW,Friday Night,2026-07-31T18:00:00-05:00,0,82.0,Mostly Clear,"Mostly clear, with a low around 82. South southwest wind 5 to 10 mph."
64,2026-07-29T10:12:53Z,KDFW,Saturday,2026-08-01T06:00:00-05:00,1,100.0,Sunny then Slight Chance Showers And Thunderstorms,"A slight chance of showers and thunderstorms after 1pm. Sunny, with a high near 100. Northwest wind around 10 mph, with gusts as high as 20 mph. Chance of precipitation is 20%."
65,2026-07-29T10:12:53Z,KDFW,Saturday Night,2026-08-01T18:00:00-05:00,0,77.0,Slight Chance Showers And Thunderstorms then Mostly Clear,"A slight chance of showers and thunderstorms before 7pm. Mostly clear, with a low around 77. North northeast wind 5 to 10 mph, with gusts as high as 20 mph. Chance of precipitation is 20%."
66,2026-07-29T10:12:53Z,KDFW,Sunday,2026-08-02T06:00:00-05:00,1,97.0,Sunny,"Sunny, with a high near 97."
67,2026-07-29T10:12:53Z,KDFW,Sunday Night,2026-08-02T18:00:00-05:00,0,77.0,Clear,"Clear, with a low around 77."
68,2026-07-29T10:12:53Z,KDFW,Monday,2026-08-03T06:00:00-05:00,1,100.0,Sunny,"Sunny, with a high near 100."
69,2026-07-29T10:12:53Z,KDFW,Monday Night,2026-08-03T18:00:00-05:00,0,79.0,Clear,"Clear, with a low around 79."
70,2026-07-29T10:12:53Z,KDFW,Tuesday,2026-08-04T06:00:00-05:00,1,101.0,Sunny,"Sunny, with a high near 101."
71,2026-07-29T10:12:53Z,KDEN,Overnight,2026-07-29T01:00:00-06:00,0,64.0,Mostly Cloudy,"Mostly cloudy. Low around 64, with temperatures rising to around 68 overnight. South southwest wind around 8 mph."
72,2026-07-29T10:12:53Z,KDEN,Wednesday,2026-07-29T06:00:00-06:00,1,91.0,Mostly Sunny then Chance Showers And Thunderstorms,"A chance of showers and thunderstorms between 2pm and 3pm, then a chance of showers and thunderstorms between 3pm and 4pm, then showers and thunderstorms likely. Mostly sunny. High near 91, with temperatures falling to around 84 in the afternoon. South southwest wind 5 to 10 mph, with gusts as high as 16 mph. Chance of precipitation is 70%. New rainfall amounts between a tenth and quarter of an inch possible."
73,2026-07-29T10:12:53Z,KDEN,Wednesday Night,2026-07-29T18:00:00-06:00,0,62.0,Showers And Thunderstorms Likely then Mostly Cloudy,"Showers and thunderstorms likely before 9pm. Mostly cloudy. Low around 62, with temperatures rising to around 66 overnight. South southwest wind 6 to 12 mph, with gusts as high as 18 mph. Chance of precipitation is 60%."
74,2026-07-29T10:12:53Z,KDEN,Thursday,2026-07-30T06:00:00-06:00,1,93.0,Sunny then Chance Showers And Thunderstorms,"A chance of showers and thunderstorms after 4pm. Sunny, with a high near 93. Northwest wind around 7 mph, with gusts as high as 17 mph. Chance of precipitation is 30%."
75,2026-07-29T10:12:53Z,KDEN,Thursday Night,2026-07-30T18:00:00-06:00,0,63.0,Slight Chance Showers And Thunderstorms then Mostly Clear,"A slight chance of showers and thunderstorms before midnight. Mostly clear, with a low around 63. West wind 3 to 7 mph. Chance of precipitation is 20%."
76,2026-07-29T10:12:53Z,KDEN,Friday,2026-07-31T06:00:00-06:00,1,92.0,Sunny,"Sunny, with a high near 92."
77,2026-07-29T10:12:53Z,KDEN,Friday Night,2026-07-31T18:00:00-06:00,0,61.0,Chance Showers And Thunderstorms then Mostly Clear,"A chance of showers and thunderstorms before 9pm, then a chance of showers and thunderstorms between 9pm and midnight. Mostly clear, with a low around 61."
78,2026-07-29T10:12:53Z,KDEN,Saturday,2026-08-01T06:00:00-06:00,1,94.0,Sunny,"Sunny, with a high near 94."
79,2026-07-29T10:12:53Z,KDEN,Saturday Night,2026-08-01T18:00:00-06:00,0,67.0,Mostly Clear,"Mostly clear, with a low around 67."
80,2026-07-29T10:12:53Z,KDEN,Sunday,2026-08-02T06:00:00-06:00,1,101.0,Sunny,"Sunny, with a high near 101."
81,2026-07-29T10:12:53Z,KDEN,Sunday Night,2026-08-02T18:00:00-06:00,0,71.0,Mostly Clear,"Mostly clear, with a low around 71."
82,2026-07-29T10:12:53Z,KDEN,Monday,2026-08-03T06:00:00-06:00,1,99.0,Sunny,"Sunny, with a high near 99."
83,2026-07-29T10:12:53Z,KDEN,Monday Night,2026-08-03T18:00:00-06:00,0,66.0,Chance Showers And Thunderstorms then Partly Cloudy,"A chance of showers and thunderstorms before midnight. Partly cloudy, with a low around 66."
84,2026-07-29T10:12:53Z,KDEN,Tuesday,2026-08-04T06:00:00-06:00,1,91.0,Mostly Sunny then Slight Chance Showers And Thunderstorms,"A slight chance of showers and thunderstorms after noon. Mostly sunny, with a high near 91."
85,2026-07-29T10:12:53Z,KIAH,Overnight,2026-07-29T01:00:00-05:00,0,78.0,Mostly Clear,"Mostly clear, with a low around 78. Southwest wind around 5 mph."
86,2026-07-29T10:12:53Z,KIAH,Wednesday,2026-07-29T06:00:00-05:00,1,99.0,Mostly Sunny then Slight Chance Showers And Thunderstorms,"A slight chance of showers and thunderstorms after 3pm. Mostly sunny, with a high near 99. Heat index values as high as 109. Southwest wind 0 to 5 mph. Chance of precipitation is 20%."
87,2026-07-29T10:12:53Z,KIAH,Wednesday Night,2026-07-29T18:00:00-05:00,0,79.0,Slight Chance Showers And Thunderstorms then Mostly Clear,"A slight chance of showers and thunderstorms before 7pm. Mostly clear, with a low around 79. Heat index values as high as 107. South wind 5 to 10 mph. Chance of precipitation is 20%."
88,2026-07-29T10:12:53Z,KIAH,Thursday,2026-07-30T06:00:00-05:00,1,100.0,Mostly Sunny,"Mostly sunny, with a high near 100. Heat index values as high as 107. Southwest wind around 5 mph."
89,2026-07-29T10:12:53Z,KIAH,Thursday Night,2026-07-30T18:00:00-05:00,0,79.0,Mostly Clear,"Mostly clear, with a low around 79. South wind 5 to 10 mph."
90,2026-07-29T10:12:53Z,KIAH,Friday,2026-07-31T06:00:00-05:00,1,100.0,Mostly Sunny,"Mostly sunny, with a high near 100."
91,2026-07-29T10:12:53Z,KIAH,Friday Night,2026-07-31T18:00:00-05:00,0,80.0,Mostly Clear,"Mostly clear, with a low around 80."
92,2026-07-29T10:12:53Z,KIAH,Saturday,2026-08-01T06:00:00-05:00,1,101.0,Mostly Sunny,"Mostly sunny, with a high near 101."
93,2026-07-29T10:12:53Z,KIAH,Saturday Night,2026-08-01T18:00:00-05:00,0,80.0,Partly Cloudy then Slight Chance Showers And Thunderstorms,"A slight chance of showers and thunderstorms after 1am. Partly cloudy, with a low around 80. Chance of precipitation is 20%."
94,2026-07-29T10:12:53Z,KIAH,Sunday,2026-08-02T06:00:00-05:00,1,100.0,Slight Chance Showers And Thunderstorms,"A slight chance of showers and thunderstorms. Mostly sunny, with a high near 100. Chance of precipitation is 20%."
95,2026-07-29T10:12:53Z,KIAH,Sunday Night,2026-08-02T18:00:00-05:00,0,79.0,Slight Chance Showers And Thunderstorms then Mostly Clear,"A slight chance of showers and thunderstorms before 7pm. Mostly clear, with a low around 79. Chance of precipitation is 20%."
96,2026-07-29T10:12:53Z,KIAH,Monday,2026-08-03T06:00:00-05:00,1,101.0,Sunny,"Sunny, with a high near 101."
97,2026-07-29T10:12:53Z,KIAH,Monday Night,2026-08-03T18:00:00-05:00,0,79.0,Mostly Clear,"Mostly clear, with a low around 79."
98,2026-07-29T10:12:53Z,KIAH,Tuesday,2026-08-04T06:00:00-05:00,1,100.0,Sunny,"Sunny, with a high near 100."
99,2026-07-29T10:12:53Z,KLAS,Overnight,2026-07-29T00:00:00-07:00,0,85.0,Mostly Clear,"Mostly clear. Low around 85, with temperatures rising to around 90 overnight. South southwest wind around 9 mph."
100,2026-07-29T10:12:53Z,KLAS,Wednesday,2026-07-29T06:00:00-07:00,1,110.0,Sunny,"Sunny, with a high near 110. South southwest wind 7 to 12 mph, with gusts as high as 20 mph."
101,2026-07-29T10:12:53Z,KLAS,Wednesday Night,2026-07-29T18:00:00-07:00,0,85.0,Mostly Clear,"Mostly clear. Low around 85, with temperatures rising to around 87 overnight. Southwest wind 6 to 12 mph, with gusts as high as 18 mph."
102,2026-07-29T10:12:53Z,KLAS,Thursday,2026-07-30T06:00:00-07:00,1,111.0,Sunny,"Sunny, with a high near 111. Southeast wind 1 to 7 mph."
103,2026-07-29T10:12:53Z,KLAS,Thursday Night,2026-07-30T18:00:00-07:00,0,87.0,Mostly Clear,"Mostly clear, with a low around 87. Southwest wind around 7 mph."
104,2026-07-29T10:12:53Z,KLAS,Friday,2026-07-31T06:00:00-07:00,1,113.0,Sunny,"Sunny, with a high near 113."
105,2026-07-29T10:12:53Z,KLAS,Friday Night,2026-07-31T18:00:00-07:00,0,88.0,Clear,"Clear, with a low around 88."
106,2026-07-29T10:12:53Z,KLAS,Saturday,2026-08-01T06:00:00-07:00,1,116.0,Sunny,"Sunny, with a high near 116."
107,2026-07-29T10:12:53Z,KLAS,Saturday Night,2026-08-01T18:00:00-07:00,0,91.0,Clear,"Clear, with a low around 91."
108,2026-07-29T10:12:53Z,KLAS,Sunday,2026-08-02T06:00:00-07:00,1,115.0,Sunny,"Sunny, with a high near 115."
109,2026-07-29T10:12:53Z,KLAS,Sunday Night,2026-08-02T18:00:00-07:00,0,91.0,Clear,"Clear, with a low around 91."
110,2026-07-29T10:12:53Z,KLAS,Monday,2026-08-03T06:00:00-07:00,1,114.0,Sunny,"Sunny, with a high near 114."
111,2026-07-29T10:12:53Z,KLAS,Monday Night,2026-08-03T18:00:00-07:00,0,90.0,Clear,"Clear, with a low around 90."
112,2026-07-29T10:12:53Z,KLAS,Tuesday,2026-08-04T06:00:00-07:00,1,115.0,Sunny,"Sunny, with a high near 115."
113,2026-07-29T10:12:53Z,KLAX,Overnight,2026-07-29T02:00:00-07:00,0,67.0,Patchy Fog,"Patchy fog. Cloudy, with a low around 67. Southeast wind around 5 mph."
114,2026-07-29T10:12:53Z,KLAX,Wednesday,2026-07-29T06:00:00-07:00,1,77.0,Patchy Fog then Mostly Sunny,"Patchy fog before 11am. Mostly sunny, with a high near 77. Southwest wind 5 to 10 mph."
115,2026-07-29T10:12:53Z,KLAX,Wednesday Night,2026-07-29T18:00:00-07:00,0,67.0,Patchy Fog,"Patchy fog after 11pm. Mostly cloudy, with a low around 67. South southwest wind 0 to 10 mph."
116,2026-07-29T10:12:53Z,KLAX,Thursday,2026-07-30T06:00:00-07:00,1,78.0,Patchy Fog then Mostly Sunny,"Patchy fog before 11am. Mostly sunny, with a high near 78. South southwest wind 5 to 10 mph."
117,2026-07-29T10:12:53Z,KLAX,Thursday Night,2026-07-30T18:00:00-07:00,0,67.0,Patchy Fog,"Patchy fog after 11pm. Mostly cloudy, with a low around 67. Southwest wind 5 to 10 mph."
118,2026-07-29T10:12:53Z,KLAX,Friday,2026-07-31T06:00:00-07:00,1,81.0,Patchy Fog then Mostly Sunny,"Patchy fog before 11am. Mostly sunny, with a high near 81."
119,2026-07-29T10:12:53Z,KLAX,Friday Night,2026-07-31T18:00:00-07:00,0,68.0,Partly Cloudy,"Partly cloudy, with a low around 68."
120,2026-07-29T10:12:53Z,KLAX,Saturday,2026-08-01T06:00:00-07:00,1,79.0,Mostly Sunny,"Mostly sunny, with a high near 79."
121,2026-07-29T10:12:53Z,KLAX,Saturday Night,2026-08-01T18:00:00-07:00,0,69.0,Mostly Clear,"Mostly clear, with a low around 69."
122,2026-07-29T10:12:53Z,KLAX,Sunday,2026-08-02T06:00:00-07:00,1,80.0,Sunny,"Sunny, with a high near 80."
123,2026-07-29T10:12:53Z,KLAX,Sunday Night,2026-08-02T18:00:00-07:00,0,68.0,Partly Cloudy,"Partly cloudy, with a low around 68."
124,2026-07-29T10:12:53Z,KLAX,Monday,2026-08-03T06:00:00-07:00,1,78.0,Sunny,"Sunny, with a high near 78."
125,2026-07-29T10:12:53Z,KLAX,Monday Night,2026-08-03T18:00:00-07:00,0,67.0,Partly Cloudy,"Partly cloudy, with a low around 67."
126,2026-07-29T10:12:53Z,KLAX,Tuesday,2026-08-04T06:00:00-07:00,1,78.0,Sunny,"Sunny, with a high near 78."
127,2026-07-29T10:12:53Z,KMIA,Overnight,2026-07-29T04:00:00-04:00,0,79.0,Partly Cloudy,"Partly cloudy, with a low around 79. Southwest wind around 8 mph."
128,2026-07-29T10:12:53Z,KMIA,Wednesday,2026-07-29T06:00:00-04:00,1,94.0,Mostly Sunny then Slight Chance Showers And Thunderstorms,"A slight chance of showers and thunderstorms between 1pm and 4pm. Mostly sunny, with a high near 94. Heat index values as high as 103. Southwest wind 8 to 15 mph, with gusts as high as 25 mph. Chance of precipitation is 20%."
129,2026-07-29T10:12:53Z,KMIA,Wednesday Night,2026-07-29T18:00:00-04:00,0,79.0,Mostly Clear,"Mostly clear, with a low around 79. Heat index values as high as 100. Southwest wind 8 to 15 mph, with gusts as high as 23 mph."
130,2026-07-29T10:12:53Z,KMIA,Thursday,2026-07-30T06:00:00-04:00,1,95.0,Partly Sunny then Slight Chance Showers And Thunderstorms,"A slight chance of showers and thunderstorms between 2pm and 5pm. Partly sunny, with a high near 95. Heat index values as high as 105. Southwest wind 7 to 14 mph, with gusts as high as 22 mph. Chance of precipitation is 20%."
131,2026-07-29T10:12:53Z,KMIA,Thursday Night,2026-07-30T18:00:00-04:00,0,79.0,Partly Cloudy,"Partly cloudy, with a low around 79. West wind 3 to 14 mph, with gusts as high as 21 mph."
132,2026-07-29T10:12:53Z,KMIA,Friday,2026-07-31T06:00:00-04:00,1,94.0,Partly Sunny then Slight Chance Showers And Thunderstorms,"A slight chance of showers and thunderstorms after 2pm. Partly sunny, with a high near 94. Southwest wind 0 to 12 mph, with gusts as high as 18 mph. Chance of precipitation is 20%."
133,2026-07-29T10:12:53Z,KMIA,Friday Night,2026-07-31T18:00:00-04:00,0,80.0,Slight Chance Showers And Thunderstorms then Mostly Cloudy,"A slight chance of showers and thunderstorms before 8pm. Mostly cloudy, with a low around 80. Southwest wind 1 to 12 mph. Chance of precipitation is 20%."
134,2026-07-29T10:12:53Z,KMIA,Saturday,2026-08-01T06:00:00-04:00,1,93.0,Partly Sunny then Chance Showers And Thunderstorms,"A chance of showers and thunderstorms after 2pm. Partly sunny, with a high near 93. Southwest wind 0 to 10 mph. Chance of precipitation is 50%."
135,2026-07-29T10:12:53Z,KMIA,Saturday Night,2026-08-01T18:00:00-04:00,0,80.0,Chance Showers And Thunderstorms,"A chance of showers and thunderstorms before 2am. Mostly cloudy, with a low around 80. South wind 5 to 9 mph. Chance of precipitation is 50%."
136,2026-07-29T10:12:53Z,KMIA,Sunday,2026-08-02T06:00:00-04:00,1,92.0,Chance Showers And Thunderstorms,"A chance of showers and thunderstorms after 8am. Partly sunny, with a high near 92. Chance of precipitation is 30%."
137,2026-07-29T10:12:53Z,KMIA,Sunday Night,2026-08-02T18:00:00-04:00,0,81.0,Chance Showers And Thunderstorms then Partly Cloudy,"A chance of showers and thunderstorms before 8pm. Partly cloudy, with a low around 81. Chance of precipitation is 30%."
138,2026-07-29T10:12:53Z,KMIA,Monday,2026-08-03T06:00:00-04:00,1,92.0,Chance Showers And Thunderstorms,"A chance of showers and thunderstorms after 8am. Mostly sunny, with a high near 92. Chance of precipitation is 40%."
139,2026-07-29T10:12:53Z,KMIA,Monday Night,2026-08-03T18:00:00-04:00,0,81.0,Chance Showers And Thunderstorms,"A chance of showers and thunderstorms before 2am. Partly cloudy, with a low around 81. Chance of precipitation is 40%."
140,2026-07-29T10:12:53Z,KMIA,Tuesday,2026-08-04T06:00:00-04:00,1,91.0,Chance Showers And Thunderstorms,"A chance of showers and thunderstorms after 8am. Mostly sunny, with a high near 91."
141,2026-07-29T10:12:53Z,KMSP,Overnight,2026-07-29T04:00:00-05:00,0,71.0,Partly Cloudy,"Partly cloudy, with a low around 71. Southeast wind around 5 mph."
142,2026-07-29T10:12:53Z,KMSP,Wednesday,2026-07-29T06:00:00-05:00,1,91.0,Mostly Sunny then Patchy Smoke,"Patchy smoke between 1pm and 4pm, then patchy smoke and a slight chance of rain showers. Mostly sunny, with a high near 91. South wind 5 to 10 mph. Chance of precipitation is 20%."
143,2026-07-29T10:12:53Z,KMSP,Wednesday Night,2026-07-29T18:00:00-05:00,0,73.0,Patchy Smoke,"Patchy smoke and a slight chance of rain showers. Partly cloudy, with a low around 73. South wind around 10 mph. Chance of precipitation is 20%."
144,2026-07-29T10:12:53Z,KMSP,Thursday,2026-07-30T06:00:00-05:00,1,89.0,Patchy Smoke then Partly Sunny,"Patchy smoke before 7am. Partly sunny, with a high near 89. South wind 5 to 15 mph."
145,2026-07-29T10:12:53Z,KMSP,Thursday Night,2026-07-30T18:00:00-05:00,0,69.0,Chance Showers And Thunderstorms,"A chance of showers and thunderstorms between 7pm and 10pm, then a chance of showers and thunderstorms between 10pm and 1am, then showers and thunderstorms. Mostly cloudy, with a low around 69. South southeast wind around 15 mph. Chance of precipitation is 80%. New rainfall amounts between a half and three quarters of an inch possible."
146,2026-07-29T10:12:53Z,KMSP,Friday,2026-07-31T06:00:00-05:00,1,78.0,Showers And Thunderstorms,"Showers and thunderstorms. Mostly cloudy, with a high near 78. East wind 10 to 15 mph. Chance of precipitation is 80%. New rainfall amounts between three quarters and one inch possible."
147,2026-07-29T10:12:53Z,KMSP,Friday Night,2026-07-31T18:00:00-05:00,0,65.0,Chance Rain Showers,"A chance of rain showers before 1am. Partly cloudy, with a low around 65. North northeast wind 5 to 15 mph. Chance of precipitation is 50%. New rainfall amounts between a tenth and quarter of an inch possible."
148,2026-07-29T10:12:53Z,KMSP,Saturday,2026-08-01T06:00:00-05:00,1,84.0,Sunny,"Sunny, with a high near 84. North wind 5 to 10 mph."
149,2026-07-29T10:12:53Z,KMSP,Saturday Night,2026-08-01T18:00:00-05:00,0,65.0,Mostly Clear,"Mostly clear, with a low around 65. East northeast wind 0 to 10 mph."
150,2026-07-29T10:12:53Z,KMSP,Sunday,2026-08-02T06:00:00-05:00,1,84.0,Sunny,"Sunny, with a high near 84. East southeast wind 0 to 5 mph."
151,2026-07-29T10:12:53Z,KMSP,Sunday Night,2026-08-02T18:00:00-05:00,0,67.0,Mostly Clear,"Mostly clear, with a low around 67. South southeast wind 5 to 10 mph."
152,2026-07-29T10:12:53Z,KMSP,Monday,2026-08-03T06:00:00-05:00,1,87.0,Sunny,"Sunny, with a high near 87. South wind 5 to 10 mph."
153,2026-07-29T10:12:53Z,KMSP,Monday Night,2026-08-03T18:00:00-05:00,0,69.0,Partly Cloudy then Slight Chance Showers And Thunderstorms,"A slight chance of showers and thunderstorms after 1am. Partly cloudy, with a low around 69. South southwest wind 5 to 10 mph. Chance of precipitation is 20%."
154,2026-07-29T10:12:53Z,KMSP,Tuesday,2026-08-04T06:00:00-05:00,1,85.0,Slight Chance Showers And Thunderstorms then Mostly Sunny,"A slight chance of showers and thunderstorms before 7am. Mostly sunny, with a high near 85. West northwest wind 5 to 10 mph. Chance of precipitation is 20%."
155,2026-07-29T10:12:53Z,KMSY,Overnight,2026-07-29T03:00:00-05:00,0,79.0,Mostly Clear,"Mostly clear, with a low around 79. West wind around 10 mph."
156,2026-07-29T10:12:53Z,KMSY,Wednesday,2026-07-29T06:00:00-05:00,1,97.0,Mostly Sunny,"Mostly sunny, with a high near 97. Heat index values as high as 109. West wind 5 to 10 mph."
157,2026-07-29T10:12:53Z,KMSY,Wednesday Night,2026-07-29T18:00:00-05:00,0,80.0,Partly Cloudy,"Partly cloudy, with a low around 80. Heat index values as high as 107. West wind around 10 mph."
158,2026-07-29T10:12:53Z,KMSY,Thursday,2026-07-30T06:00:00-05:00,1,94.0,Mostly Sunny then Chance Showers And Thunderstorms,"A chance of showers and thunderstorms after 4pm. Mostly sunny, with a high near 94. Heat index values as high as 107. West wind 5 to 10 mph. Chance of precipitation is 40%."
159,2026-07-29T10:12:53Z,KMSY,Thursday Night,2026-07-30T18:00:00-05:00,0,79.0,Chance Showers And Thunderstorms,"A chance of showers and thunderstorms before 7pm, then a chance of showers and thunderstorms between 7pm and 1am. Mostly cloudy, with a low around 79. Southwest wind 5 to 10 mph. Chance of precipitation is 30%."
160,2026-07-29T10:12:53Z,KMSY,Friday,2026-07-31T06:00:00-05:00,1,93.0,Mostly Sunny then Chance Showers And Thunderstorms,"A chance of showers and thunderstorms after 1pm. Mostly sunny, with a high near 93. West wind around 10 mph. Chance of precipitation is 50%."
161,2026-07-29T10:12:53Z,KMSY,Friday Night,2026-07-31T18:00:00-05:00,0,79.0,Chance Showers And Thunderstorms then Partly Cloudy,"A chance of showers and thunderstorms before 7pm. Partly cloudy, with a low around 79. Southwest wind around 10 mph. Chance of precipitation is 50%."
162,2026-07-29T10:12:53Z,KMSY,Saturday,2026-08-01T06:00:00-05:00,1,92.0,Chance Showers And Thunderstorms,"A chance of showers and thunderstorms after 7am. Partly sunny, with a high near 92. West wind 10 to 15 mph."
163,2026-07-29T10:12:53Z,KMSY,Saturday Night,2026-08-01T18:00:00-05:00,0,78.0,Chance Showers And Thunderstorms,"A chance of showers and thunderstorms. Mostly cloudy, with a low around 78. Southwest wind around 10 mph."
164,2026-07-29T10:12:53Z,KMSY,Sunday,2026-08-02T06:00:00-05:00,1,90.0,Chance Showers And Thunderstorms then Showers And Thunderstorms Likely,"A chance of showers and thunderstorms before 7am, then showers and thunderstorms likely between 7am and 1pm, then showers and thunderstorms likely. Partly sunny, with a high near 90. West wind 10 to 15 mph."
165,2026-07-29T10:12:53Z,KMSY,Sunday Night,2026-08-02T18:00:00-05:00,0,77.0,Showers And Thunderstorms Likely,"Showers and thunderstorms likely before 1am, then a chance of showers and thunderstorms. Partly cloudy, with a low around 77. Southwest wind 5 to 10 mph."
166,2026-07-29T10:12:53Z,KMSY,Monday,2026-08-03T06:00:00-05:00,1,91.0,Chance Showers And Thunderstorms,"A chance of showers and thunderstorms before 7am, then a chance of showers and thunderstorms. Mostly sunny, with a high near 91. West wind 5 to 10 mph."
167,2026-07-29T10:12:53Z,KMSY,Monday Night,2026-08-03T18:00:00-05:00,0,77.0,Chance Showers And Thunderstorms then Partly Cloudy,"A chance of showers and thunderstorms before 7pm. Partly cloudy, with a low around 77. Southwest wind 5 to 10 mph."
168,2026-07-29T10:12:53Z,KMSY,Tuesday,2026-08-04T06:00:00-05:00,1,92.0,Chance Showers And Thunderstorms,"A chance of showers and thunderstorms after 7am. Mostly sunny, with a high near 92. Southwest wind 5 to 10 mph."
169,2026-07-29T10:12:53Z,KNYC,Today,2026-07-29T06:00:00-04:00,1,79.0,Chance Showers And Thunderstorms,"A chance of showers and thunderstorms before 11am, then a chance of showers and thunderstorms. Partly sunny. High near 79, with temperatures falling to around 77 in the afternoon. Northwest wind around 6 mph. Chance of precipitation is 50%. New rainfall amounts between a quarter and half of an inch possible."
170,2026-07-29T10:12:53Z,KNYC,Tonight,2026-07-29T18:00:00-04:00,0,66.0,Chance Showers And Thunderstorms,"A chance of showers and thunderstorms. Partly cloudy. Low around 66, with temperatures rising to around 68 overnight. Northwest wind around 7 mph. Chance of precipitation is 50%. New rainfall amounts between a tenth and quarter of an inch possible."
171,2026-07-29T10:12:53Z,KNYC,Thursday,2026-07-30T06:00:00-04:00,1,77.0,Chance Showers And Thunderstorms,"A slight chance of rain showers before 2pm, then a chance of showers and thunderstorms. Partly sunny, with a high near 77. Northwest wind around 8 mph. Chance of precipitation is 50%. New rainfall amounts less than a tenth of an inch possible."
172,2026-07-29T10:12:53Z,KNYC,Thursday Night,2026-07-30T18:00:00-04:00,0,67.0,Chance Showers And Thunderstorms then Partly Cloudy,"A chance of showers and thunderstorms before 8pm. Partly cloudy, with a low around 67. North wind around 6 mph. Chance of precipitation is 30%. New rainfall amounts less than a tenth of an inch possible."
173,2026-07-29T10:12:53Z,KNYC,Friday,2026-07-31T06:00:00-04:00,1,82.0,Mostly Sunny,"Mostly sunny, with a high near 82. Northeast wind 0 to 5 mph."
174,2026-07-29T10:12:53Z,KNYC,Friday Night,2026-07-31T18:00:00-04:00,0,69.0,Partly Cloudy,"Partly cloudy, with a low around 69."
175,2026-07-29T10:12:53Z,KNYC,Saturday,2026-08-01T06:00:00-04:00,1,82.0,Mostly Sunny,"Mostly sunny, with a high near 82."
176,2026-07-29T10:12:53Z,KNYC,Saturday Night,2026-08-01T18:00:00-04:00,0,70.0,Mostly Cloudy,"Mostly cloudy, with a low around 70."
177,2026-07-29T10:12:53Z,KNYC,Sunday,2026-08-02T06:00:00-04:00,1,82.0,Chance Rain Showers,"A chance of rain showers between 8am and 2pm, then a chance of showers and thunderstorms. Partly sunny, with a high near 82. Chance of precipitation is 30%."
178,2026-07-29T10:12:53Z,KNYC,Sunday Night,2026-08-02T18:00:00-04:00,0,71.0,Chance Showers And Thunderstorms,"A chance of showers and thunderstorms. Mostly cloudy, with a low around 71. Chance of precipitation is 30%."
179,2026-07-29T10:12:53Z,KNYC,Monday,2026-08-03T06:00:00-04:00,1,84.0,Chance Rain Showers,"A chance of rain showers before 2pm, then a chance of showers and thunderstorms. Mostly cloudy, with a high near 84. Chance of precipitation is 50%."
180,2026-07-29T10:12:53Z,KNYC,Monday Night,2026-08-03T18:00:00-04:00,0,71.0,Chance Showers And Thunderstorms,"A chance of showers and thunderstorms. Mostly cloudy, with a low around 71. Chance of precipitation is 50%."
181,2026-07-29T10:12:53Z,KNYC,Tuesday,2026-08-04T06:00:00-04:00,1,84.0,Chance Showers And Thunderstorms,"A slight chance of rain showers before 2pm, then a chance of showers and thunderstorms. Mostly sunny, with a high near 84. Chance of precipitation is 30%."
182,2026-07-29T10:12:53Z,KNYC,Tuesday Night,2026-08-04T18:00:00-04:00,0,71.0,Chance Showers And Thunderstorms,"A chance of showers and thunderstorms. Partly cloudy, with a low around 71."
183,2026-07-29T10:12:53Z,KOKC,Overnight,2026-07-29T01:00:00-05:00,0,77.0,Mostly Cloudy,"Mostly cloudy, with a low around 77. South wind around 9 mph."
184,2026-07-29T10:12:53Z,KOKC,Wednesday,2026-07-29T06:00:00-05:00,1,102.0,Mostly Sunny,"Mostly sunny, with a high near 102. Heat index values as high as 107. South southwest wind 7 to 10 mph."
185,2026-07-29T10:12:53Z,KOKC,Wednesday Night,2026-07-29T18:00:00-05:00,0,77.0,Mostly Clear,"Mostly clear, with a low around 77. Heat index values as high as 104. Southeast wind around 12 mph."
186,2026-07-29T10:12:53Z,KOKC,Thursday,2026-07-30T06:00:00-05:00,1,101.0,Sunny,"Sunny, with a high near 101. Heat index values as high as 106. South wind 8 to 14 mph, with gusts as high as 20 mph."
187,2026-07-29T10:12:53Z,KOKC,Thursday Night,2026-07-30T18:00:00-05:00,0,77.0,Mostly Clear,"Mostly clear, with a low around 77. South wind around 14 mph, with gusts as high as 21 mph."
188,2026-07-29T10:12:53Z,KOKC,Friday,2026-07-31T06:00:00-05:00,1,102.0,Slight Chance Rain Showers,"A slight chance of rain showers between 7am and 1pm. Mostly sunny, with a high near 102. Chance of precipitation is 20%."
189,2026-07-29T10:12:53Z,KOKC,Friday Night,2026-07-31T18:00:00-05:00,0,74.0,Slight Chance Showers And Thunderstorms,"A slight chance of showers and thunderstorms between 7pm and 1am. Mostly clear, with a low around 74. Chance of precipitation is 20%."
190,2026-07-29T10:12:53Z,KOKC,Saturday,2026-08-01T06:00:00-05:00,1,94.0,Sunny,"Sunny, with a high near 94."
191,2026-07-29T10:12:53Z,KOKC,Saturday Night,2026-08-01T18:00:00-05:00,0,70.0,Clear,"Clear, with a low around 70."
192,2026-07-29T10:12:53Z,KOKC,Sunday,2026-08-02T06:00:00-05:00,1,93.0,Sunny,"Sunny, with a high near 93."
193,2026-07-29T10:12:53Z,KOKC,Sunday Night,2026-08-02T18:00:00-05:00,0,71.0,Clear,"Clear, with a low around 71."
194,2026-07-29T10:12:53Z,KOKC,Monday,2026-08-03T06:00:00-05:00,1,95.0,Sunny,"Sunny, with a high near 95."
195,2026-07-29T10:12:53Z,KOKC,Monday Night,2026-08-03T18:00:00-05:00,0,72.0,Clear,"Clear, with a low around 72."
196,2026-07-29T10:12:53Z,KOKC,Tuesday,2026-08-04T06:00:00-05:00,1,96.0,Sunny,"Sunny, with a high near 96."
197,2026-07-29T10:12:53Z,KPHL,Today,2026-07-29T06:00:00-04:00,1,83.0,Mostly Sunny,"Mostly sunny, with a high near 83. Northwest wind 5 to 10 mph."
198,2026-07-29T10:12:53Z,KPHL,Tonight,2026-07-29T18:00:00-04:00,0,66.0,Partly Cloudy,"Partly cloudy, with a low around 66. Northwest wind 5 to 10 mph."
199,2026-07-29T10:12:53Z,KPHL,Thursday,2026-07-30T06:00:00-04:00,1,82.0,Mostly Sunny then Slight Chance Rain Showers,"A slight chance of rain showers after 2pm. Mostly sunny, with a high near 82. Northwest wind 5 to 10 mph. New rainfall amounts less than a tenth of an inch possible."
200,2026-07-29T10:12:53Z,KPHL,Thursday Night,2026-07-30T18:00:00-04:00,0,67.0,Slight Chance Rain Showers then Partly Cloudy,"A slight chance of rain showers before 7pm. Partly cloudy, with a low around 67. Northwest wind 5 to 10 mph. New rainfall amounts less than a tenth of an inch possible."
201,2026-07-29T10:12:53Z,KPHL,Friday,2026-07-31T06:00:00-04:00,1,85.0,Sunny,"Sunny, with a high near 85. North wind around 5 mph."
202,2026-07-29T10:12:53Z,KPHL,Friday Night,2026-07-31T18:00:00-04:00,0,68.0,Partly Cloudy,"Partly cloudy, with a low around 68."
203,2026-07-29T10:12:53Z,KPHL,Saturday,2026-08-01T06:00:00-04:00,1,86.0,Partly Sunny,"Partly sunny, with a high near 86."
204,2026-07-29T10:12:53Z,KPHL,Saturday Night,2026-08-01T18:00:00-04:00,0,70.0,Mostly Cloudy,"Mostly cloudy, with a low around 70."
205,2026-07-29T10:12:53Z,KPHL,Sunday,2026-08-02T06:00:00-04:00,1,86.0,Partly Sunny then Chance Showers And Thunderstorms,"A chance of showers and thunderstorms after 2pm. Partly sunny, with a high near 86. Chance of precipitation is 30%."
206,2026-07-29T10:12:53Z,KPHL,Sunday Night,2026-08-02T18:00:00-04:00,0,70.0,Chance Showers And Thunderstorms,"A chance of showers and thunderstorms. Mostly cloudy, with a low around 70. Chance of precipitation is 30%."
207,2026-07-29T10:12:53Z,KPHL,Monday,2026-08-03T06:00:00-04:00,1,85.0,Chance Rain Showers then Chance Showers And Thunderstorms,"A chance of rain showers before 2pm, then a chance of showers and thunderstorms. Mostly cloudy, with a high near 85. Chance of precipitation is 50%."
208,2026-07-29T10:12:53Z,KPHL,Monday Night,2026-08-03T18:00:00-04:00,0,70.0,Chance Showers And Thunderstorms,"A chance of showers and thunderstorms before 8pm, then a chance of showers and thunderstorms. Mostly cloudy, with a low around 70. Chance of precipitation is 50%."
209,2026-07-29T10:12:53Z,KPHL,Tuesday,2026-08-04T06:00:00-04:00,1,87.0,Chance Rain Showers,"A chance of rain showers before 2pm, then a chance of showers and thunderstorms. Mostly sunny, with a high near 87. Chance of precipitation is 40%."
210,2026-07-29T10:12:53Z,KPHL,Tuesday Night,2026-08-04T18:00:00-04:00,0,70.0,Chance Showers And Thunderstorms,"A chance of showers and thunderstorms. Mostly cloudy, with a low around 70."
211,2026-07-29T10:12:53Z,KPHX,Overnight,2026-07-29T00:00:00-07:00,0,90.0,Partly Cloudy,"Partly cloudy, with a low around 90. West wind 5 to 10 mph."
212,2026-07-29T10:12:53Z,KPHX,Wednesday,2026-07-29T06:00:00-07:00,1,111.0,Mostly Sunny,"Mostly sunny. High near 111, with temperatures falling to around 109 in the afternoon. Heat index values as high as 111. Southwest wind 5 to 10 mph."
213,2026-07-29T10:12:53Z,KPHX,Wednesday Night,2026-07-29T18:00:00-07:00,0,91.0,Mostly Clear,"Mostly clear, with a low around 91. West wind 5 to 10 mph."
214,2026-07-29T10:12:53Z,KPHX,Thursday,2026-07-30T06:00:00-07:00,1,114.0,Mostly Sunny,"Mostly sunny, with a high near 114. Heat index values as high as 111. Southwest wind 5 to 10 mph."
215,2026-07-29T10:12:53Z,KPHX,Thursday Night,2026-07-30T18:00:00-07:00,0,91.0,Mostly Clear,"Mostly clear, with a low around 91. West southwest wind 5 to 10 mph."
216,2026-07-29T10:12:53Z,KPHX,Friday,2026-07-31T06:00:00-07:00,1,116.0,Sunny,"Sunny, with a high near 116. West southwest wind 5 to 15 mph, with gusts as high as 25 mph."
217,2026-07-29T10:12:53Z,KPHX,Friday Night,2026-07-31T18:00:00-07:00,0,92.0,Mostly Clear,"Mostly clear, with a low around 92. West wind 5 to 15 mph, with gusts as high as 20 mph."
218,2026-07-29T10:12:53Z,KPHX,Saturday,2026-08-01T06:00:00-07:00,1,116.0,Mostly Sunny,"Mostly sunny, with a high near 116. Southwest wind 5 to 15 mph, with gusts as high as 20 mph."
219,2026-07-29T10:12:53Z,KPHX,Saturday Night,2026-08-01T18:00:00-07:00,0,93.0,Mostly Clear,"Mostly clear, with a low around 93. Southwest wind 0 to 10 mph."
220,2026-07-29T10:12:53Z,KPHX,Sunday,2026-08-02T06:00:00-07:00,1,116.0,Sunny then Slight Chance Showers And Thunderstorms,"A slight chance of showers and thunderstorms after 5pm. Sunny, with a high near 116. West southwest wind 0 to 10 mph, with gusts as high as 20 mph. Chance of precipitation is 20%. New rainfall amounts less than a tenth of an inch possible."
221,2026-07-29T10:12:53Z,KPHX,Sunday Night,2026-08-02T18:00:00-07:00,0,93.0,Slight Chance Showers And Thunderstorms then Partly Cloudy,"A slight chance of showers and thunderstorms before 11pm. Partly cloudy, with a low around 93. South southwest wind 5 to 10 mph, with gusts as high as 20 mph. Chance of precipitation is 20%. New rainfall amounts less than a tenth of an inch possible."
222,2026-07-29T10:12:53Z,KPHX,Monday,2026-08-03T06:00:00-07:00,1,114.0,Sunny then Slight Chance Showers And Thunderstorms,"A slight chance of showers and thunderstorms after 5pm. Sunny, with a high near 114. South southwest wind 5 to 10 mph, with gusts as high as 20 mph. New rainfall amounts less than a tenth of an inch possible."
223,2026-07-29T10:12:53Z,KPHX,Monday Night,2026-08-03T18:00:00-07:00,0,92.0,Slight Chance Showers And Thunderstorms then Partly Cloudy,"A slight chance of showers and thunderstorms before 11pm. Partly cloudy, with a low around 92. West wind 5 to 10 mph. New rainfall amounts less than a tenth of an inch possible."
224,2026-07-29T10:12:53Z,KPHX,Tuesday,2026-08-04T06:00:00-07:00,1,112.0,Mostly Sunny then Chance Showers And Thunderstorms,"A chance of showers and thunderstorms after 5pm. Mostly sunny, with a high near 112. West southwest wind 5 to 10 mph, with gusts as high as 20 mph. Chance of precipitation is 30%. New rainfall amounts less than a tenth of an inch possible."
225,2026-07-29T10:12:53Z,KSAT,Overnight,2026-07-29T03:00:00-05:00,0,77.0,Mostly Cloudy,"Mostly cloudy, with a low around 77. South southeast wind around 5 mph."
226,2026-07-29T10:12:53Z,KSAT,Wednesday,2026-07-29T06:00:00-05:00,1,99.0,Mostly Sunny,"Mostly sunny, with a high near 99. Heat index values as high as 107. South wind 5 to 10 mph."
227,2026-07-29T10:12:53Z,KSAT,Wednesday Night,2026-07-29T18:00:00-05:00,0,77.0,Mostly Clear,"Mostly clear, with a low around 77. Heat index values as high as 106. South southeast wind 5 to 15 mph, with gusts as high as 25 mph."
228,2026-07-29T10:12:53Z,KSAT,Thursday,2026-07-30T06:00:00-05:00,1,100.0,Mostly Sunny,"Mostly sunny, with a high near 100. Heat index values as high as 107. South wind 5 to 10 mph."
229,2026-07-29T10:12:53Z,KSAT,Thursday Night,2026-07-30T18:00:00-05:00,0,76.0,Mostly Clear,"Mostly clear, with a low around 76. South southeast wind 5 to 15 mph, with gusts as high as 25 mph."
230,2026-07-29T10:12:53Z,KSAT,Friday,2026-07-31T06:00:00-05:00,1,102.0,Sunny,"Sunny, with a high near 102. South wind around 5 mph."
231,2026-07-29T10:12:53Z,KSAT,Friday Night,2026-07-31T18:00:00-05:00,0,78.0,Mostly Clear,"Mostly clear, with a low around 78. South wind 5 to 10 mph."
232,2026-07-29T10:12:53Z,KSAT,Saturday,2026-08-01T06:00:00-05:00,1,102.0,Mostly Sunny,"Mostly sunny, with a high near 102. South southwest wind 0 to 5 mph."
233,2026-07-29T10:12:53Z,KSAT,Saturday Night,2026-08-01T18:00:00-05:00,0,79.0,Partly Cloudy,"Partly cloudy, with a low around 79. South southeast wind around 5 mph."
234,2026-07-29T10:12:53Z,KSAT,Sunday,2026-08-02T06:00:00-05:00,1,100.0,Mostly Sunny,"Mostly sunny, with a high near 100."
235,2026-07-29T10:12:53Z,KSAT,Sunday Night,2026-08-02T18:00:00-05:00,0,79.0,Mostly Clear,"Mostly clear, with a low around 79."
236,2026-07-29T10:12:53Z,KSAT,Monday,2026-08-03T06:00:00-05:00,1,101.0,Sunny,"Sunny, with a high near 101."
237,2026-07-29T10:12:53Z,KSAT,Monday Night,2026-08-03T18:00:00-05:00,0,78.0,Mostly Clear,"Mostly clear, with a low around 78."
238,2026-07-29T10:12:53Z,KSAT,Tuesday,2026-08-04T06:00:00-05:00,1,100.0,Sunny,"Sunny, with a high near 100."
239,2026-07-29T10:12:53Z,KSFO,Overnight,2026-07-29T02:00:00-07:00,0,58.0,Mostly Clear,"Mostly clear, with a low around 58. West southwest wind around 12 mph."
240,2026-07-29T10:12:53Z,KSFO,Wednesday,2026-07-29T06:00:00-07:00,1,72.0,Sunny,"Sunny. High near 72, with temperatures falling to around 70 in the afternoon. West wind 10 to 23 mph, with gusts as high as 29 mph."
241,2026-07-29T10:12:53Z,KSFO,Wednesday Night,2026-07-29T18:00:00-07:00,0,58.0,Mostly Clear,"Mostly clear, with a low around 58. West southwest wind 10 to 22 mph, with gusts as high as 28 mph."
242,2026-07-29T10:12:53Z,KSFO,Thursday,2026-07-30T06:00:00-07:00,1,73.0,Mostly Sunny,"Mostly sunny, with a high near 73. West southwest wind 10 to 21 mph, with gusts as high as 26 mph."
243,2026-07-29T10:12:53Z,KSFO,Thursday Night,2026-07-30T18:00:00-07:00,0,57.0,Mostly Clear,"Mostly clear, with a low around 57. West southwest wind 9 to 21 mph, with gusts as high as 26 mph."
244,2026-07-29T10:12:53Z,KSFO,Friday,2026-07-31T06:00:00-07:00,1,76.0,Sunny,"Sunny, with a high near 76."
245,2026-07-29T10:12:53Z,KSFO,Friday Night,2026-07-31T18:00:00-07:00,0,58.0,Mostly Clear,"Mostly clear, with a low around 58."
246,2026-07-29T10:12:53Z,KSFO,Saturday,2026-08-01T06:00:00-07:00,1,78.0,Sunny,"Sunny, with a high near 78."
247,2026-07-29T10:12:53Z,KSFO,Saturday Night,2026-08-01T18:00:00-07:00,0,57.0,Mostly Clear,"Mostly clear, with a low around 57."
248,2026-07-29T10:12:53Z,KSFO,Sunday,2026-08-02T06:00:00-07:00,1,77.0,Sunny,"Sunny, with a high near 77."
249,2026-07-29T10:12:53Z,KSFO,Sunday Night,2026-08-02T18:00:00-07:00,0,57.0,Mostly Clear,"Mostly clear, with a low around 57."
250,2026-07-29T10:12:53Z,KSFO,Monday,2026-08-03T06:00:00-07:00,1,76.0,Sunny,"Sunny, with a high near 76."
251,2026-07-29T10:12:53Z,KSFO,Monday Night,2026-08-03T18:00:00-07:00,0,58.0,Mostly Clear,"Mostly clear, with a low around 58."
252,2026-07-29T10:12:53Z,KSFO,Tuesday,2026-08-04T06:00:00-07:00,1,75.0,Sunny,"Sunny, with a high near 75."
253,2026-07-29T10:12:53Z,KSEA,Overnight,2026-07-29T01:00:00-07:00,0,56.0,Partly Cloudy,"Partly cloudy, with a low around 56. North northeast wind around 2 mph."
254,2026-07-29T10:12:53Z,KSEA,Wednesday,2026-07-29T06:00:00-07:00,1,76.0,Mostly Sunny,"Mostly sunny, with a high near 76. North northwest wind 0 to 7 mph."
255,2026-07-29T10:12:53Z,KSEA,Wednesday Night,2026-07-29T18:00:00-07:00,0,55.0,Mostly Clear,"Mostly clear, with a low around 55. North northeast wind 3 to 9 mph."
256,2026-07-29T10:12:53Z,KSEA,Thursday,2026-07-30T06:00:00-07:00,1,77.0,Sunny,"Sunny, with a high near 77. Southwest wind around 7 mph."
257,2026-07-29T10:12:53Z,KSEA,Thursday Night,2026-07-30T18:00:00-07:00,0,56.0,Mostly Clear,"Mostly clear, with a low around 56. West wind 0 to 7 mph."
258,2026-07-29T10:12:53Z,KSEA,Friday,2026-07-31T06:00:00-07:00,1,82.0,Sunny,"Sunny, with a high near 82."
259,2026-07-29T10:12:53Z,KSEA,Friday Night,2026-07-31T18:00:00-07:00,0,59.0,Partly Cloudy then Chance Light Rain,"A chance of rain after 5am. Partly cloudy, with a low around 59."
260,2026-07-29T10:12:53Z,KSEA,Saturday,2026-08-01T06:00:00-07:00,1,72.0,Chance Light Rain,"A chance of rain before 5pm. Mostly sunny, with a high near 72."
261,2026-07-29T10:12:53Z,KSEA,Saturday Night,2026-08-01T18:00:00-07:00,0,55.0,Partly Cloudy,"Partly cloudy, with a low around 55."
262,2026-07-29T10:12:53Z,KSEA,Sunday,2026-08-02T06:00:00-07:00,1,71.0,Mostly Sunny,"Mostly sunny, with a high near 71."
263,2026-07-29T10:12:53Z,KSEA,Sunday Night,2026-08-02T18:00:00-07:00,0,54.0,Mostly Clear,"Mostly clear, with a low around 54."
264,2026-07-29T10:12:53Z,KSEA,Monday,2026-08-03T06:00:00-07:00,1,75.0,Sunny,"Sunny, with a high near 75."
265,2026-07-29T10:12:53Z,KSEA,Monday Night,2026-08-03T18:00:00-07:00,0,56.0,Mostly Clear,"Mostly clear, with a low around 56."
266,2026-07-29T10:12:53Z,KSEA,Tuesday,2026-08-04T06:00:00-07:00,1,81.0,Sunny,"Sunny, with a high near 81."
267,2026-07-29T10:12:53Z,KDCA,Today,2026-07-29T06:00:00-04:00,1,85.0,Sunny,"Sunny, with a high near 85. Northwest wind 13 to 17 mph, with gusts as high as 25 mph."
268,2026-07-29T10:12:53Z,KDCA,Tonight,2026-07-29T18:00:00-04:00,0,70.0,Mostly Clear,"Mostly clear, with a low around 70. Northwest wind 12 to 16 mph."
269,2026-07-29T10:12:53Z,KDCA,Thursday,2026-07-30T06:00:00-04:00,1,86.0,Sunny,"Sunny, with a high near 86. Northwest wind around 15 mph, with gusts as high as 24 mph."
270,2026-07-29T10:12:53Z,KDCA,Thursday Night,2026-07-30T18:00:00-04:00,0,70.0,Mostly Clear,"Mostly clear, with a low around 70. Northwest wind 8 to 15 mph, with gusts as high as 20 mph."
271,2026-07-29T10:12:53Z,KDCA,Friday,2026-07-31T06:00:00-04:00,1,89.0,Sunny,"Sunny, with a high near 89. North wind around 8 mph."
272,2026-07-29T10:12:53Z,KDCA,Friday Night,2026-07-31T18:00:00-04:00,0,72.0,Partly Cloudy,"Partly cloudy, with a low around 72."
273,2026-07-29T10:12:53Z,KDCA,Saturday,2026-08-01T06:00:00-04:00,1,89.0,Partly Sunny,"Partly sunny, with a high near 89."
274,2026-07-29T10:12:53Z,KDCA,Saturday Night,2026-08-01T18:00:00-04:00,0,72.0,Slight Chance Showers And Thunderstorms,"A slight chance of showers and thunderstorms between 8pm and 2am. Mostly cloudy, with a low around 72. Chance of precipitation is 20%."
275,2026-07-29T10:12:53Z,KDCA,Sunday,2026-08-02T06:00:00-04:00,1,88.0,Chance Showers And Thunderstorms,"A slight chance of rain showers between 8am and 2pm, then a chance of showers and thunderstorms. Mostly cloudy, with a high near 88. Chance of precipitation is 30%."
276,2026-07-29T10:12:53Z,KDCA,Sunday Night,2026-08-02T18:00:00-04:00,0,72.0,Chance Showers And Thunderstorms,"A chance of showers and thunderstorms. Mostly cloudy, with a low around 72. Chance of precipitation is 40%."
277,2026-07-29T10:12:53Z,KDCA,Monday,2026-08-03T06:00:00-04:00,1,88.0,Chance Rain Showers then Chance Showers And Thunderstorms,"A chance of rain showers before 2pm, then a chance of showers and thunderstorms. Mostly cloudy, with a high near 88. Chance of precipitation is 50%."
278,2026-07-29T10:12:53Z,KDCA,Monday Night,2026-08-03T18:00:00-04:00,0,72.0,Chance Showers And Thunderstorms,"A chance of showers and thunderstorms before 8pm, then a chance of showers and thunderstorms. Mostly cloudy, with a low around 72. Chance of precipitation is 50%."
279,2026-07-29T10:12:53Z,KDCA,Tuesday,2026-08-04T06:00:00-04:00,1,89.0,Chance Showers And Thunderstorms,"A slight chance of rain showers before 2pm, then a chance of showers and thunderstorms. Partly sunny, with a high near 89. Chance of precipitation is 40%."
280,2026-07-29T10:12:53Z,KDCA,Tuesday Night,2026-08-04T18:00:00-04:00,0,72.0,Chance Showers And Thunderstorms,"A chance of showers and thunderstorms before 2am. Mostly cloudy, with a low around 72."
1,2026-07-29T12:31:45Z,KATL,Today,2026-07-29T06:00:00-04:00,1,93.0,Mostly Sunny,"Mostly sunny, with a high near 93. Northwest wind 5 to 10 mph, with gusts as high as 20 mph."
2,2026-07-29T12:31:45Z,KATL,Tonight,2026-07-29T18:00:00-04:00,0,72.0,Mostly Clear,"Mostly clear, with a low around 72. North wind 5 to 10 mph, with gusts as high as 20 mph."
3,2026-07-29T12:31:45Z,KATL,Thursday,2026-07-30T06:00:00-04:00,1,91.0,Sunny,"Sunny, with a high near 91. North wind 5 to 10 mph, with gusts as high as 20 mph."
4,2026-07-29T12:31:45Z,KATL,Thursday Night,2026-07-30T18:00:00-04:00,0,69.0,Mostly Clear,"Mostly clear, with a low around 69. Northwest wind 0 to 10 mph, with gusts as high as 20 mph."
5,2026-07-29T12:31:45Z,KATL,Friday,2026-07-31T06:00:00-04:00,1,93.0,Mostly Sunny,"Mostly sunny, with a high near 93. North wind 0 to 5 mph."
6,2026-07-29T12:31:45Z,KATL,Friday Night,2026-07-31T18:00:00-04:00,0,73.0,Partly Cloudy,"Partly cloudy, with a low around 73."
7,2026-07-29T12:31:45Z,KATL,Saturday,2026-08-01T06:00:00-04:00,1,90.0,Chance Showers And Thunderstorms,"A chance of showers and thunderstorms between 8am and 2pm, then a chance of showers and thunderstorms. Mostly cloudy, with a high near 90. Chance of precipitation is 50%."
8,2026-07-29T12:31:45Z,KATL,Saturday Night,2026-08-01T18:00:00-04:00,0,73.0,Chance Showers And Thunderstorms then Showers And Thunderstorms Likely,"A chance of showers and thunderstorms before 8pm, then showers and thunderstorms likely. Mostly cloudy, with a low around 73. Chance of precipitation is 70%."
9,2026-07-29T12:31:45Z,KATL,Sunday,2026-08-02T06:00:00-04:00,1,87.0,Showers And Thunderstorms Likely,"Showers and thunderstorms likely. Mostly cloudy, with a high near 87. Chance of precipitation is 70%."
10,2026-07-29T12:31:45Z,KATL,Sunday Night,2026-08-02T18:00:00-04:00,0,72.0,Showers And Thunderstorms Likely then Chance Showers And Thunderstorms,"Showers and thunderstorms likely before 8pm, then a chance of showers and thunderstorms. Mostly cloudy, with a low around 72. Chance of precipitation is 70%."
11,2026-07-29T12:31:45Z,KATL,Monday,2026-08-03T06:00:00-04:00,1,87.0,Slight Chance Showers And Thunderstorms then Showers And Thunderstorms Likely,"A slight chance of showers and thunderstorms before 8am, then showers and thunderstorms likely. Partly sunny, with a high near 87. Chance of precipitation is 60%."
12,2026-07-29T12:31:45Z,KATL,Monday Night,2026-08-03T18:00:00-04:00,0,72.0,Showers And Thunderstorms Likely,"Showers and thunderstorms likely before 2am. Mostly cloudy, with a low around 72. Chance of precipitation is 60%."
13,2026-07-29T12:31:45Z,KATL,Tuesday,2026-08-04T06:00:00-04:00,1,88.0,Chance Showers And Thunderstorms,"A chance of showers and thunderstorms between 8am and 2pm, then a chance of showers and thunderstorms. Partly sunny, with a high near 88. Chance of precipitation is 50%."
14,2026-07-29T12:31:45Z,KATL,Tuesday Night,2026-08-04T18:00:00-04:00,0,73.0,Chance Showers And Thunderstorms,"A chance of showers and thunderstorms before 2am. Partly cloudy, with a low around 73."
15,2026-07-29T12:31:45Z,KAUS,Today,2026-07-29T07:00:00-05:00,1,99.0,Mostly Sunny,"Mostly sunny, with a high near 99. Heat index values as high as 108. South southwest wind 5 to 15 mph."
16,2026-07-29T12:31:45Z,KAUS,Tonight,2026-07-29T18:00:00-05:00,0,77.0,Partly Cloudy,"Partly cloudy, with a low around 77. Heat index values as high as 105. South wind 5 to 10 mph, with gusts as high as 20 mph."
17,2026-07-29T12:31:45Z,KAUS,Thursday,2026-07-30T06:00:00-05:00,1,100.0,Mostly Sunny,"Mostly sunny, with a high near 100. Heat index values as high as 108. South southwest wind 5 to 10 mph."
18,2026-07-29T12:31:45Z,KAUS,Thursday Night,2026-07-30T18:00:00-05:00,0,77.0,Mostly Clear,"Mostly clear, with a low around 77. Heat index values as high as 106. South wind 5 to 10 mph, with gusts as high as 20 mph."
19,2026-07-29T12:31:45Z,KAUS,Friday,2026-07-31T06:00:00-05:00,1,101.0,Sunny,"Sunny, with a high near 101. South southwest wind around 5 mph."
20,2026-07-29T12:31:45Z,KAUS,Friday Night,2026-07-31T18:00:00-05:00,0,79.0,Mostly Clear,"Mostly clear, with a low around 79. South wind 5 to 10 mph, with gusts as high as 20 mph."
21,2026-07-29T12:31:45Z,KAUS,Saturday,2026-08-01T06:00:00-05:00,1,102.0,Mostly Sunny,"Mostly sunny, with a high near 102. Southwest wind around 5 mph."
22,2026-07-29T12:31:45Z,KAUS,Saturday Night,2026-08-01T18:00:00-05:00,0,79.0,Mostly Clear,"Mostly clear, with a low around 79. South wind around 5 mph."
23,2026-07-29T12:31:45Z,KAUS,Sunday,2026-08-02T06:00:00-05:00,1,100.0,Sunny,"Sunny, with a high near 100. North northwest wind around 5 mph."
24,2026-07-29T12:31:45Z,KAUS,Sunday Night,2026-08-02T18:00:00-05:00,0,78.0,Mostly Clear,"Mostly clear, with a low around 78."
25,2026-07-29T12:31:45Z,KAUS,Monday,2026-08-03T06:00:00-05:00,1,102.0,Sunny,"Sunny, with a high near 102."
26,2026-07-29T12:31:45Z,KAUS,Monday Night,2026-08-03T18:00:00-05:00,0,78.0,Mostly Clear,"Mostly clear, with a low around 78."
27,2026-07-29T12:31:45Z,KAUS,Tuesday,2026-08-04T06:00:00-05:00,1,100.0,Sunny,"Sunny, with a high near 100."
28,2026-07-29T12:31:45Z,KAUS,Tuesday Night,2026-08-04T18:00:00-05:00,0,78.0,Mostly Clear,"Mostly clear, with a low around 78."
29,2026-07-29T12:31:45Z,KBOS,Today,2026-07-29T08:00:00-04:00,1,73.0,Patchy Fog,"Rain showers likely before noon, then rain showers likely and patchy fog between noon and 2pm, then patchy fog and showers and thunderstorms between 2pm and 5pm, then patchy fog and showers and thunderstorms. Mostly cloudy, with a high near 73. East wind 13 to 17 mph, with gusts as high as 31 mph. Chance of precipitation is 80%. New rainfall amounts between a half and three quarters of an inch possible."
30,2026-07-29T12:31:45Z,KBOS,Tonight,2026-07-29T18:00:00-04:00,0,64.0,Patchy Fog,"Patchy fog and showers and thunderstorms before 2am, then patchy fog and showers and thunderstorms likely between 2am and 5am, then patchy fog and showers and thunderstorms likely. Cloudy, with a low around 64. East wind around 16 mph, with gusts as high as 29 mph. Chance of precipitation is 90%. New rainfall amounts between a half and three quarters of an inch possible."
31,2026-07-29T12:31:45Z,KBOS,Thursday,2026-07-30T06:00:00-04:00,1,70.0,Patchy Fog,"Patchy fog and showers and thunderstorms likely before 7am, then patchy fog and a chance of showers and thunderstorms between 7am and 8am, then patchy fog and showers and thunderstorms likely. Cloudy, with a high near 70. Northeast wind around 15 mph. Chance of precipitation is 70%. New rainfall amounts between a half and three quarters of an inch possible."
32,2026-07-29T12:31:45Z,KBOS,Thursday Night,2026-07-30T18:00:00-04:00,0,64.0,Patchy Fog,"Patchy fog and showers and thunderstorms likely before 2am. Cloudy, with a low around 64. North wind 7 to 12 mph. Chance of precipitation is 60%. New rainfall amounts between a tenth and quarter of an inch possible."
33,2026-07-29T12:31:45Z,KBOS,Friday,2026-07-31T06:00:00-04:00,1,70.0,Mostly Cloudy then Slight Chance Rain Showers,"A slight chance of rain showers after 4pm. Mostly cloudy, with a high near 70. Northeast wind around 7 mph. Chance of precipitation is 20%."
34,2026-07-29T12:31:45Z,KBOS,Friday Night,2026-07-31T18:00:00-04:00,0,65.0,Slight Chance Rain Showers then Partly Cloudy,"A slight chance of rain showers before 7pm. Partly cloudy, with a low around 65. Southwest wind around 5 mph. Chance of precipitation is 20%."
35,2026-07-29T12:31:45Z,KBOS,Saturday,2026-08-01T06:00:00-04:00,1,81.0,Mostly Sunny,"Mostly sunny, with a high near 81. Southeast wind 2 to 7 mph."
36,2026-07-29T12:31:45Z,KBOS,Saturday Night,2026-08-01T18:00:00-04:00,0,67.0,Partly Cloudy,"Partly cloudy, with a low around 67. South wind around 7 mph."
37,2026-07-29T12:31:45Z,KBOS,Sunday,2026-08-02T06:00:00-04:00,1,81.0,Mostly Sunny,"Mostly sunny, with a high near 81. South wind 6 to 12 mph."
38,2026-07-29T12:31:45Z,KBOS,Sunday Night,2026-08-02T18:00:00-04:00,0,68.0,Chance Rain Showers,"A chance of rain showers after 7pm. Mostly cloudy, with a low around 68. South wind 6 to 12 mph. Chance of precipitation is 30%."
39,2026-07-29T12:31:45Z,KBOS,Monday,2026-08-03T06:00:00-04:00,1,80.0,Chance Rain Showers,"A chance of rain showers before 2pm, then a chance of showers and thunderstorms. Partly sunny, with a high near 80. South wind around 6 mph. Chance of precipitation is 30%."
40,2026-07-29T12:31:45Z,KBOS,Monday Night,2026-08-03T18:00:00-04:00,0,68.0,Chance Showers And Thunderstorms then Slight Chance Showers And Thunderstorms,"A chance of showers and thunderstorms before 7pm, then a slight chance of showers and thunderstorms between 7pm and 1am. Partly cloudy, with a low around 68. West wind around 5 mph. Chance of precipitation is 30%."
41,2026-07-29T12:31:45Z,KBOS,Tuesday,2026-08-04T06:00:00-04:00,1,78.0,Mostly Sunny then Slight Chance Rain Showers,"A slight chance of rain showers after 5pm. Mostly sunny, with a high near 78. North wind 5 to 8 mph."
42,2026-07-29T12:31:45Z,KBOS,Tuesday Night,2026-08-04T18:00:00-04:00,0,67.0,Slight Chance Rain Showers then Mostly Clear,"A slight chance of rain showers before 7pm. Mostly clear, with a low around 67. West wind 3 to 7 mph."
43,2026-07-29T12:31:45Z,KMDW,Today,2026-07-29T06:00:00-05:00,1,80.0,Sunny,"Sunny, with a high near 80. North northeast wind 5 to 10 mph."
44,2026-07-29T12:31:45Z,KMDW,Tonight,2026-07-29T18:00:00-05:00,0,67.0,Mostly Clear,"Mostly clear, with a low around 67. North wind 0 to 10 mph."
45,2026-07-29T12:31:45Z,KMDW,Thursday,2026-07-30T06:00:00-05:00,1,87.0,Mostly Sunny,"Mostly sunny, with a high near 87. North wind 0 to 5 mph."
46,2026-07-29T12:31:45Z,KMDW,Thursday Night,2026-07-30T18:00:00-05:00,0,70.0,Mostly Cloudy,"Mostly cloudy, with a low around 70. South southeast wind around 5 mph."
47,2026-07-29T12:31:45Z,KMDW,Friday,2026-07-31T06:00:00-05:00,1,76.0,Rain Showers Likely,"Rain showers likely between 7am and 4pm, then showers and thunderstorms likely. Mostly cloudy, with a high near 76. South wind 5 to 10 mph, with gusts as high as 20 mph. Chance of precipitation is 60%."
48,2026-07-29T12:31:45Z,KMDW,Friday Night,2026-07-31T18:00:00-05:00,0,67.0,Showers And Thunderstorms Likely then Heavy Rain,"Showers and thunderstorms likely before 7pm, then rain and a chance of thunderstorms. Some of the storms could produce heavy rain. Cloudy, with a low around 67. Chance of precipitation is 80%."
49,2026-07-29T12:31:45Z,KMDW,Saturday,2026-08-01T06:00:00-05:00,1,74.0,Heavy Rain then Showers And Thunderstorms Likely,"Rain and a chance of thunderstorms before 7am, then showers and thunderstorms likely between 7am and 1pm, then a chance of showers and thunderstorms. Some of the storms could produce heavy rain. Mostly cloudy, with a high near 74."
50,2026-07-29T12:31:45Z,KMDW,Saturday Night,2026-08-01T18:00:00-05:00,0,67.0,Chance Showers And Thunderstorms,"A chance of showers and thunderstorms before 1am. Mostly cloudy, with a low around 67."
51,2026-07-29T12:31:45Z,KMDW,Sunday,2026-08-02T06:00:00-05:00,1,76.0,Mostly Sunny,"Mostly sunny, with a high near 76."
52,2026-07-29T12:31:45Z,KMDW,Sunday Night,2026-08-02T18:00:00-05:00,0,67.0,Partly Cloudy,"Partly cloudy, with a low around 67."
53,2026-07-29T12:31:45Z,KMDW,Monday,2026-08-03T06:00:00-05:00,1,80.0,Sunny,"Sunny, with a high near 80."
54,2026-07-29T12:31:45Z,KMDW,Monday Night,2026-08-03T18:00:00-05:00,0,68.0,Mostly Clear,"Mostly clear, with a low around 68."
55,2026-07-29T12:31:45Z,KMDW,Tuesday,2026-08-04T06:00:00-05:00,1,84.0,Mostly Sunny,"Mostly sunny, with a high near 84."
56,2026-07-29T12:31:45Z,KMDW,Tuesday Night,2026-08-04T18:00:00-05:00,0,70.0,Slight Chance Rain Showers,"A slight chance of rain showers after 7pm. Partly cloudy, with a low around 70."
57,2026-07-29T12:31:45Z,KDFW,Today,2026-07-29T06:00:00-05:00,1,102.0,Mostly Sunny,"Mostly sunny, with a high near 102. Heat index values as high as 109. South wind around 5 mph."
58,2026-07-29T12:31:45Z,KDFW,Tonight,2026-07-29T18:00:00-05:00,0,82.0,Mostly Clear,"Mostly clear, with a low around 82. Heat index values as high as 106. South wind 5 to 10 mph."
59,2026-07-29T12:31:45Z,KDFW,Thursday,2026-07-30T06:00:00-05:00,1,103.0,Sunny,"Sunny, with a high near 103. Heat index values as high as 110. South southwest wind around 5 mph."
60,2026-07-29T12:31:45Z,KDFW,Thursday Night,2026-07-30T18:00:00-05:00,0,82.0,Mostly Clear,"Mostly clear. Low around 82, with temperatures rising to around 84 overnight. Heat index values as high as 108. South southeast wind around 10 mph."
61,2026-07-29T12:31:45Z,KDFW,Friday,2026-07-31T06:00:00-05:00,1,104.0,Sunny,"Sunny, with a high near 104. South southwest wind 5 to 10 mph."
62,2026-07-29T12:31:45Z,KDFW,Friday Night,2026-07-31T18:00:00-05:00,0,82.0,Mostly Clear,"Mostly clear. Low around 82, with temperatures rising to around 84 overnight. South southwest wind 5 to 10 mph."
63,2026-07-29T12:31:45Z,KDFW,Saturday,2026-08-01T06:00:00-05:00,1,100.0,Sunny then Slight Chance Showers And Thunderstorms,"A slight chance of showers and thunderstorms after 1pm. Sunny, with a high near 100. Northwest wind around 10 mph, with gusts as high as 20 mph. Chance of precipitation is 20%."
64,2026-07-29T12:31:45Z,KDFW,Saturday Night,2026-08-01T18:00:00-05:00,0,77.0,Slight Chance Showers And Thunderstorms then Mostly Clear,"A slight chance of showers and thunderstorms before 7pm. Mostly clear, with a low around 77. North northeast wind 5 to 10 mph, with gusts as high as 20 mph. Chance of precipitation is 20%."
65,2026-07-29T12:31:45Z,KDFW,Sunday,2026-08-02T06:00:00-05:00,1,97.0,Sunny,"Sunny, with a high near 97. North northeast wind 5 to 10 mph."
66,2026-07-29T12:31:45Z,KDFW,Sunday Night,2026-08-02T18:00:00-05:00,0,77.0,Clear,"Clear, with a low around 77."
67,2026-07-29T12:31:45Z,KDFW,Monday,2026-08-03T06:00:00-05:00,1,100.0,Sunny,"Sunny, with a high near 100."
68,2026-07-29T12:31:45Z,KDFW,Monday Night,2026-08-03T18:00:00-05:00,0,79.0,Clear,"Clear, with a low around 79."
69,2026-07-29T12:31:45Z,KDFW,Tuesday,2026-08-04T06:00:00-05:00,1,101.0,Sunny,"Sunny, with a high near 101."
70,2026-07-29T12:31:45Z,KDFW,Tuesday Night,2026-08-04T18:00:00-05:00,0,80.0,Mostly Clear,"Mostly clear, with a low around 80."
71,2026-07-29T12:31:45Z,KDEN,Overnight,2026-07-29T00:00:00-06:00,0,64.0,Mostly Cloudy,"Mostly cloudy. Low around 64, with temperatures rising to around 68 overnight. South wind around 8 mph."
72,2026-07-29T12:31:45Z,KDEN,Wednesday,2026-07-29T06:00:00-06:00,1,91.0,Mostly Sunny then Chance Showers And Thunderstorms,"A chance of showers and thunderstorms between 2pm and 3pm, then a chance of showers and thunderstorms between 3pm and 4pm, then showers and thunderstorms likely. Mostly sunny. High near 91, with temperatures falling to around 84 in the afternoon. South southwest wind 5 to 10 mph, with gusts as high as 16 mph. Chance of precipitation is 70%. New rainfall amounts between a tenth and quarter of an inch possible."
73,2026-07-29T12:31:45Z,KDEN,Wednesday Night,2026-07-29T18:00:00-06:00,0,62.0,Showers And Thunderstorms Likely then Mostly Cloudy,"Showers and thunderstorms likely before 9pm. Mostly cloudy. Low around 62, with temperatures rising to around 66 overnight. South southwest wind 6 to 12 mph, with gusts as high as 18 mph. Chance of precipitation is 60%."
74,2026-07-29T12:31:45Z,KDEN,Thursday,2026-07-30T06:00:00-06:00,1,93.0,Sunny then Chance Showers And Thunderstorms,"A chance of showers and thunderstorms after 4pm. Sunny, with a high near 93. Northwest wind around 7 mph, with gusts as high as 17 mph. Chance of precipitation is 30%."
75,2026-07-29T12:31:45Z,KDEN,Thursday Night,2026-07-30T18:00:00-06:00,0,63.0,Slight Chance Showers And Thunderstorms then Mostly Clear,"A slight chance of showers and thunderstorms before midnight. Mostly clear, with a low around 63. West wind 3 to 7 mph. Chance of precipitation is 20%."
76,2026-07-29T12:31:45Z,KDEN,Friday,2026-07-31T06:00:00-06:00,1,92.0,Sunny,"Sunny, with a high near 92."
77,2026-07-29T12:31:45Z,KDEN,Friday Night,2026-07-31T18:00:00-06:00,0,61.0,Chance Showers And Thunderstorms then Mostly Clear,"A chance of showers and thunderstorms before 9pm, then a chance of showers and thunderstorms between 9pm and midnight. Mostly clear, with a low around 61."
78,2026-07-29T12:31:45Z,KDEN,Saturday,2026-08-01T06:00:00-06:00,1,94.0,Sunny,"Sunny, with a high near 94."
79,2026-07-29T12:31:45Z,KDEN,Saturday Night,2026-08-01T18:00:00-06:00,0,67.0,Mostly Clear,"Mostly clear, with a low around 67."
80,2026-07-29T12:31:45Z,KDEN,Sunday,2026-08-02T06:00:00-06:00,1,101.0,Sunny,"Sunny, with a high near 101."
81,2026-07-29T12:31:45Z,KDEN,Sunday Night,2026-08-02T18:00:00-06:00,0,71.0,Mostly Clear,"Mostly clear, with a low around 71."
82,2026-07-29T12:31:45Z,KDEN,Monday,2026-08-03T06:00:00-06:00,1,99.0,Sunny,"Sunny, with a high near 99."
83,2026-07-29T12:31:45Z,KDEN,Monday Night,2026-08-03T18:00:00-06:00,0,66.0,Chance Showers And Thunderstorms then Partly Cloudy,"A chance of showers and thunderstorms before midnight. Partly cloudy, with a low around 66."
84,2026-07-29T12:31:45Z,KDEN,Tuesday,2026-08-04T06:00:00-06:00,1,91.0,Mostly Sunny then Slight Chance Showers And Thunderstorms,"A slight chance of showers and thunderstorms after noon. Mostly sunny, with a high near 91."
85,2026-07-29T12:31:45Z,KIAH,Today,2026-07-29T06:00:00-05:00,1,99.0,Mostly Sunny then Slight Chance Showers And Thunderstorms,"A slight chance of showers and thunderstorms after 3pm. Mostly sunny, with a high near 99. Heat index values as high as 109. Southwest wind 0 to 5 mph. Chance of precipitation is 20%."
86,2026-07-29T12:31:45Z,KIAH,Tonight,2026-07-29T18:00:00-05:00,0,79.0,Slight Chance Showers And Thunderstorms then Partly Cloudy,"A slight chance of showers and thunderstorms before 7pm. Partly cloudy, with a low around 79. Heat index values as high as 107. South wind 5 to 10 mph. Chance of precipitation is 20%."
87,2026-07-29T12:31:45Z,KIAH,Thursday,2026-07-30T06:00:00-05:00,1,100.0,Mostly Sunny,"Mostly sunny, with a high near 100. Heat index values as high as 107. Southwest wind around 5 mph."
88,2026-07-29T12:31:45Z,KIAH,Thursday Night,2026-07-30T18:00:00-05:00,0,79.0,Partly Cloudy,"Partly cloudy, with a low around 79. Heat index values as high as 106. South wind 5 to 10 mph."
89,2026-07-29T12:31:45Z,KIAH,Friday,2026-07-31T06:00:00-05:00,1,100.0,Mostly Sunny,"Mostly sunny, with a high near 100. Southwest wind around 5 mph."
90,2026-07-29T12:31:45Z,KIAH,Friday Night,2026-07-31T18:00:00-05:00,0,80.0,Mostly Clear,"Mostly clear, with a low around 80."
91,2026-07-29T12:31:45Z,KIAH,Saturday,2026-08-01T06:00:00-05:00,1,101.0,Mostly Sunny,"Mostly sunny, with a high near 101."
92,2026-07-29T12:31:45Z,KIAH,Saturday Night,2026-08-01T18:00:00-05:00,0,80.0,Partly Cloudy then Slight Chance Showers And Thunderstorms,"A slight chance of showers and thunderstorms after 1am. Partly cloudy, with a low around 80. Chance of precipitation is 20%."
93,2026-07-29T12:31:45Z,KIAH,Sunday,2026-08-02T06:00:00-05:00,1,100.0,Slight Chance Showers And Thunderstorms,"A slight chance of showers and thunderstorms. Mostly sunny, with a high near 100. Chance of precipitation is 20%."
94,2026-07-29T12:31:45Z,KIAH,Sunday Night,2026-08-02T18:00:00-05:00,0,79.0,Slight Chance Showers And Thunderstorms then Mostly Clear,"A slight chance of showers and thunderstorms before 7pm. Mostly clear, with a low around 79. Chance of precipitation is 20%."
95,2026-07-29T12:31:45Z,KIAH,Monday,2026-08-03T06:00:00-05:00,1,101.0,Sunny,"Sunny, with a high near 101."
96,2026-07-29T12:31:45Z,KIAH,Monday Night,2026-08-03T18:00:00-05:00,0,79.0,Mostly Clear,"Mostly clear, with a low around 79."
97,2026-07-29T12:31:45Z,KIAH,Tuesday,2026-08-04T06:00:00-05:00,1,100.0,Sunny,"Sunny, with a high near 100."
98,2026-07-29T12:31:45Z,KIAH,Tuesday Night,2026-08-04T18:00:00-05:00,0,79.0,Mostly Clear,"Mostly clear, with a low around 79."
99,2026-07-29T12:31:45Z,KLAS,Overnight,2026-07-29T00:00:00-07:00,0,85.0,Mostly Clear,"Mostly clear. Low around 85, with temperatures rising to around 90 overnight. South southwest wind around 9 mph."
100,2026-07-29T12:31:45Z,KLAS,Wednesday,2026-07-29T06:00:00-07:00,1,110.0,Sunny,"Sunny, with a high near 110. South southwest wind 7 to 12 mph, with gusts as high as 20 mph."
101,2026-07-29T12:31:45Z,KLAS,Wednesday Night,2026-07-29T18:00:00-07:00,0,85.0,Mostly Clear,"Mostly clear. Low around 85, with temperatures rising to around 87 overnight. Southwest wind 6 to 12 mph, with gusts as high as 18 mph."
102,2026-07-29T12:31:45Z,KLAS,Thursday,2026-07-30T06:00:00-07:00,1,111.0,Sunny,"Sunny, with a high near 111. Southeast wind 1 to 7 mph."
103,2026-07-29T12:31:45Z,KLAS,Thursday Night,2026-07-30T18:00:00-07:00,0,87.0,Mostly Clear,"Mostly clear, with a low around 87. Southwest wind around 7 mph."
104,2026-07-29T12:31:45Z,KLAS,Friday,2026-07-31T06:00:00-07:00,1,113.0,Sunny,"Sunny, with a high near 113."
105,2026-07-29T12:31:45Z,KLAS,Friday Night,2026-07-31T18:00:00-07:00,0,88.0,Clear,"Clear, with a low around 88."
106,2026-07-29T12:31:45Z,KLAS,Saturday,2026-08-01T06:00:00-07:00,1,116.0,Sunny,"Sunny, with a high near 116."
107,2026-07-29T12:31:45Z,KLAS,Saturday Night,2026-08-01T18:00:00-07:00,0,91.0,Clear,"Clear, with a low around 91."
108,2026-07-29T12:31:45Z,KLAS,Sunday,2026-08-02T06:00:00-07:00,1,115.0,Sunny,"Sunny, with a high near 115."
109,2026-07-29T12:31:45Z,KLAS,Sunday Night,2026-08-02T18:00:00-07:00,0,91.0,Clear,"Clear, with a low around 91."
110,2026-07-29T12:31:45Z,KLAS,Monday,2026-08-03T06:00:00-07:00,1,114.0,Sunny,"Sunny, with a high near 114."
111,2026-07-29T12:31:45Z,KLAS,Monday Night,2026-08-03T18:00:00-07:00,0,90.0,Clear,"Clear, with a low around 90."
112,2026-07-29T12:31:45Z,KLAS,Tuesday,2026-08-04T06:00:00-07:00,1,115.0,Sunny,"Sunny, with a high near 115."
113,2026-07-29T12:31:45Z,KLAX,Overnight,2026-07-29T02:00:00-07:00,0,67.0,Patchy Fog,"Patchy fog. Cloudy, with a low around 67. Southeast wind around 5 mph."
114,2026-07-29T12:31:45Z,KLAX,Wednesday,2026-07-29T06:00:00-07:00,1,77.0,Patchy Fog then Mostly Sunny,"Patchy fog before 11am. Mostly sunny, with a high near 77. Southwest wind 5 to 10 mph."
115,2026-07-29T12:31:45Z,KLAX,Wednesday Night,2026-07-29T18:00:00-07:00,0,67.0,Patchy Fog,"Patchy fog after 11pm. Mostly cloudy, with a low around 67. South southwest wind 0 to 10 mph."
116,2026-07-29T12:31:45Z,KLAX,Thursday,2026-07-30T06:00:00-07:00,1,78.0,Patchy Fog then Mostly Sunny,"Patchy fog before 11am. Mostly sunny, with a high near 78. South southwest wind 5 to 10 mph."
117,2026-07-29T12:31:45Z,KLAX,Thursday Night,2026-07-30T18:00:00-07:00,0,67.0,Patchy Fog,"Patchy fog after 11pm. Mostly cloudy, with a low around 67. Southwest wind 5 to 10 mph."
118,2026-07-29T12:31:45Z,KLAX,Friday,2026-07-31T06:00:00-07:00,1,81.0,Patchy Fog then Mostly Sunny,"Patchy fog before 11am. Mostly sunny, with a high near 81."
119,2026-07-29T12:31:45Z,KLAX,Friday Night,2026-07-31T18:00:00-07:00,0,68.0,Partly Cloudy,"Partly cloudy, with a low around 68."
120,2026-07-29T12:31:45Z,KLAX,Saturday,2026-08-01T06:00:00-07:00,1,79.0,Mostly Sunny,"Mostly sunny, with a high near 79."
121,2026-07-29T12:31:45Z,KLAX,Saturday Night,2026-08-01T18:00:00-07:00,0,69.0,Mostly Clear,"Mostly clear, with a low around 69."
122,2026-07-29T12:31:45Z,KLAX,Sunday,2026-08-02T06:00:00-07:00,1,80.0,Sunny,"Sunny, with a high near 80."
123,2026-07-29T12:31:45Z,KLAX,Sunday Night,2026-08-02T18:00:00-07:00,0,68.0,Partly Cloudy,"Partly cloudy, with a low around 68."
124,2026-07-29T12:31:45Z,KLAX,Monday,2026-08-03T06:00:00-07:00,1,78.0,Sunny,"Sunny, with a high near 78."
125,2026-07-29T12:31:45Z,KLAX,Monday Night,2026-08-03T18:00:00-07:00,0,67.0,Partly Cloudy,"Partly cloudy, with a low around 67."
126,2026-07-29T12:31:45Z,KLAX,Tuesday,2026-08-04T06:00:00-07:00,1,78.0,Sunny,"Sunny, with a high near 78."
127,2026-07-29T12:31:45Z,KMIA,Today,2026-07-29T06:00:00-04:00,1,94.0,Mostly Sunny then Slight Chance Showers And Thunderstorms,"A slight chance of showers and thunderstorms between 1pm and 4pm. Mostly sunny, with a high near 94. Heat index values as high as 103. Southwest wind 8 to 15 mph, with gusts as high as 25 mph. Chance of precipitation is 20%."
128,2026-07-29T12:31:45Z,KMIA,Tonight,2026-07-29T18:00:00-04:00,0,79.0,Mostly Clear,"Mostly clear, with a low around 79. Heat index values as high as 100. Southwest wind 8 to 15 mph, with gusts as high as 23 mph."
129,2026-07-29T12:31:45Z,KMIA,Thursday,2026-07-30T06:00:00-04:00,1,95.0,Partly Sunny then Slight Chance Showers And Thunderstorms,"A slight chance of showers and thunderstorms between 2pm and 5pm. Partly sunny, with a high near 95. Heat index values as high as 105. Southwest wind 7 to 14 mph, with gusts as high as 22 mph. Chance of precipitation is 20%. New rainfall amounts less than a tenth of an inch possible."
130,2026-07-29T12:31:45Z,KMIA,Thursday Night,2026-07-30T18:00:00-04:00,0,79.0,Partly Cloudy,"Partly cloudy, with a low around 79. Heat index values as high as 100. West wind 3 to 14 mph, with gusts as high as 21 mph."
131,2026-07-29T12:31:45Z,KMIA,Friday,2026-07-31T06:00:00-04:00,1,94.0,Partly Sunny then Slight Chance Showers And Thunderstorms,"A slight chance of showers and thunderstorms after 2pm. Partly sunny, with a high near 94. Southwest wind 0 to 12 mph, with gusts as high as 18 mph. Chance of precipitation is 20%."
132,2026-07-29T12:31:45Z,KMIA,Friday Night,2026-07-31T18:00:00-04:00,0,80.0,Slight Chance Showers And Thunderstorms then Mostly Cloudy,"A slight chance of showers and thunderstorms before 8pm. Mostly cloudy, with a low around 80. Southwest wind 1 to 12 mph. Chance of precipitation is 20%."
133,2026-07-29T12:31:45Z,KMIA,Saturday,2026-08-01T06:00:00-04:00,1,93.0,Partly Sunny then Chance Showers And Thunderstorms,"A chance of showers and thunderstorms after 2pm. Partly sunny, with a high near 93. Southwest wind 0 to 10 mph. Chance of precipitation is 50%."
134,2026-07-29T12:31:45Z,KMIA,Saturday Night,2026-08-01T18:00:00-04:00,0,80.0,Chance Showers And Thunderstorms,"A chance of showers and thunderstorms before 2am. Mostly cloudy, with a low around 80. South wind 5 to 9 mph. Chance of precipitation is 50%."
135,2026-07-29T12:31:45Z,KMIA,Sunday,2026-08-02T06:00:00-04:00,1,92.0,Chance Showers And Thunderstorms,"A chance of showers and thunderstorms after 8am. Partly sunny, with a high near 92. South wind 5 to 12 mph, with gusts as high as 20 mph. Chance of precipitation is 30%."
136,2026-07-29T12:31:45Z,KMIA,Sunday Night,2026-08-02T18:00:00-04:00,0,81.0,Chance Showers And Thunderstorms then Partly Cloudy,"A chance of showers and thunderstorms before 8pm. Partly cloudy, with a low around 81. Chance of precipitation is 30%."
137,2026-07-29T12:31:45Z,KMIA,Monday,2026-08-03T06:00:00-04:00,1,92.0,Chance Showers And Thunderstorms,"A chance of showers and thunderstorms after 8am. Mostly sunny, with a high near 92. Chance of precipitation is 40%."
138,2026-07-29T12:31:45Z,KMIA,Monday Night,2026-08-03T18:00:00-04:00,0,81.0,Chance Showers And Thunderstorms,"A chance of showers and thunderstorms before 2am. Partly cloudy, with a low around 81. Chance of precipitation is 40%."
139,2026-07-29T12:31:45Z,KMIA,Tuesday,2026-08-04T06:00:00-04:00,1,91.0,Chance Showers And Thunderstorms,"A chance of showers and thunderstorms after 8am. Mostly sunny, with a high near 91. Chance of precipitation is 50%."
140,2026-07-29T12:31:45Z,KMIA,Tuesday Night,2026-08-04T18:00:00-04:00,0,80.0,Chance Showers And Thunderstorms,"A chance of showers and thunderstorms before 2am. Partly cloudy, with a low around 80."
141,2026-07-29T12:31:45Z,KMSP,Today,2026-07-29T06:00:00-05:00,1,91.0,Mostly Sunny then Patchy Smoke,"Patchy smoke between 1pm and 4pm, then patchy smoke and a slight chance of rain showers. Mostly sunny, with a high near 91. South southeast wind around 5 mph. Chance of precipitation is 20%."
142,2026-07-29T12:31:45Z,KMSP,Tonight,2026-07-29T18:00:00-05:00,0,73.0,Patchy Smoke,"Patchy smoke and a slight chance of rain showers. Partly cloudy, with a low around 73. South wind around 10 mph. Chance of precipitation is 20%."
143,2026-07-29T12:31:45Z,KMSP,Thursday,2026-07-30T06:00:00-05:00,1,89.0,Patchy Smoke then Partly Sunny,"Patchy smoke before 7am. Partly sunny, with a high near 89. South wind 5 to 15 mph."
144,2026-07-29T12:31:45Z,KMSP,Thursday Night,2026-07-30T18:00:00-05:00,0,69.0,Chance Showers And Thunderstorms,"A chance of showers and thunderstorms between 7pm and 10pm, then a chance of showers and thunderstorms between 10pm and 1am, then showers and thunderstorms. Mostly cloudy, with a low around 69. South southeast wind around 15 mph. Chance of precipitation is 80%. New rainfall amounts between a half and three quarters of an inch possible."
145,2026-07-29T12:31:45Z,KMSP,Friday,2026-07-31T06:00:00-05:00,1,78.0,Showers And Thunderstorms,"Showers and thunderstorms. Mostly cloudy, with a high near 78. East wind 10 to 15 mph. Chance of precipitation is 80%. New rainfall amounts between three quarters and one inch possible."
146,2026-07-29T12:31:45Z,KMSP,Friday Night,2026-07-31T18:00:00-05:00,0,65.0,Chance Rain Showers,"A chance of rain showers before 1am. Partly cloudy, with a low around 65. North northeast wind 5 to 15 mph. Chance of precipitation is 50%. New rainfall amounts between a tenth and quarter of an inch possible."
147,2026-07-29T12:31:45Z,KMSP,Saturday,2026-08-01T06:00:00-05:00,1,84.0,Sunny,"Sunny, with a high near 84. North wind 5 to 10 mph."
148,2026-07-29T12:31:45Z,KMSP,Saturday Night,2026-08-01T18:00:00-05:00,0,65.0,Mostly Clear,"Mostly clear, with a low around 65. East northeast wind 0 to 10 mph."
149,2026-07-29T12:31:45Z,KMSP,Sunday,2026-08-02T06:00:00-05:00,1,84.0,Sunny,"Sunny, with a high near 84. East southeast wind 0 to 5 mph."
150,2026-07-29T12:31:45Z,KMSP,Sunday Night,2026-08-02T18:00:00-05:00,0,67.0,Mostly Clear,"Mostly clear, with a low around 67. South southeast wind 5 to 10 mph."
151,2026-07-29T12:31:45Z,KMSP,Monday,2026-08-03T06:00:00-05:00,1,87.0,Sunny,"Sunny, with a high near 87. South wind 5 to 10 mph."
152,2026-07-29T12:31:45Z,KMSP,Monday Night,2026-08-03T18:00:00-05:00,0,69.0,Partly Cloudy then Slight Chance Showers And Thunderstorms,"A slight chance of showers and thunderstorms after 1am. Partly cloudy, with a low around 69. South southwest wind 5 to 10 mph. Chance of precipitation is 20%."
153,2026-07-29T12:31:45Z,KMSP,Tuesday,2026-08-04T06:00:00-05:00,1,85.0,Slight Chance Showers And Thunderstorms then Mostly Sunny,"A slight chance of showers and thunderstorms before 7am. Mostly sunny, with a high near 85. West northwest wind 5 to 10 mph. Chance of precipitation is 20%."
154,2026-07-29T12:31:45Z,KMSP,Tuesday Night,2026-08-04T18:00:00-05:00,0,66.0,Chance Rain Showers,"A chance of rain showers after 7pm. Partly cloudy, with a low around 66. North northwest wind 0 to 10 mph. Chance of precipitation is 30%."
155,2026-07-29T12:31:45Z,KMSY,Today,2026-07-29T06:00:00-05:00,1,97.0,Mostly Sunny,"Mostly sunny, with a high near 97. Heat index values as high as 109. West wind 5 to 10 mph."
156,2026-07-29T12:31:45Z,KMSY,Tonight,2026-07-29T18:00:00-05:00,0,80.0,Partly Cloudy,"Partly cloudy, with a low around 80. Heat index values as high as 107. West wind around 10 mph."
157,2026-07-29T12:31:45Z,KMSY,Thursday,2026-07-30T06:00:00-05:00,1,94.0,Mostly Sunny then Chance Showers And Thunderstorms,"A chance of showers and thunderstorms after 4pm. Mostly sunny. High near 94, with temperatures falling to around 92 in the afternoon. Heat index values as high as 107. West wind 5 to 10 mph. Chance of precipitation is 40%. New rainfall amounts less than a tenth of an inch possible."
158,2026-07-29T12:31:45Z,KMSY,Thursday Night,2026-07-30T18:00:00-05:00,0,79.0,Chance Showers And Thunderstorms,"A chance of showers and thunderstorms before 7pm, then a chance of showers and thunderstorms between 7pm and 1am. Mostly cloudy, with a low around 79. Southwest wind 5 to 10 mph. Chance of precipitation is 30%."
159,2026-07-29T12:31:45Z,KMSY,Friday,2026-07-31T06:00:00-05:00,1,93.0,Mostly Sunny then Chance Showers And Thunderstorms,"A chance of showers and thunderstorms after 1pm. Mostly sunny, with a high near 93. West wind around 10 mph. Chance of precipitation is 50%."
160,2026-07-29T12:31:45Z,KMSY,Friday Night,2026-07-31T18:00:00-05:00,0,79.0,Chance Showers And Thunderstorms then Partly Cloudy,"A chance of showers and thunderstorms before 7pm. Partly cloudy, with a low around 79. Southwest wind around 10 mph. Chance of precipitation is 50%."
161,2026-07-29T12:31:45Z,KMSY,Saturday,2026-08-01T06:00:00-05:00,1,92.0,Chance Showers And Thunderstorms,"A chance of showers and thunderstorms after 7am. Partly sunny, with a high near 92. West wind 10 to 15 mph. Chance of precipitation is 50%."
162,2026-07-29T12:31:45Z,KMSY,Saturday Night,2026-08-01T18:00:00-05:00,0,78.0,Chance Showers And Thunderstorms,"A chance of showers and thunderstorms. Mostly cloudy, with a low around 78. Southwest wind around 10 mph."
163,2026-07-29T12:31:45Z,KMSY,Sunday,2026-08-02T06:00:00-05:00,1,90.0,Chance Showers And Thunderstorms then Showers And Thunderstorms Likely,"A chance of showers and thunderstorms before 7am, then showers and thunderstorms likely between 7am and 1pm, then showers and thunderstorms likely. Partly sunny, with a high near 90. West wind 10 to 15 mph."
164,2026-07-29T12:31:45Z,KMSY,Sunday Night,2026-08-02T18:00:00-05:00,0,77.0,Showers And Thunderstorms Likely,"Showers and thunderstorms likely before 1am, then a chance of showers and thunderstorms. Partly cloudy, with a low around 77. Southwest wind 5 to 10 mph."
165,2026-07-29T12:31:45Z,KMSY,Monday,2026-08-03T06:00:00-05:00,1,91.0,Chance Showers And Thunderstorms,"A chance of showers and thunderstorms before 7am, then a chance of showers and thunderstorms. Mostly sunny, with a high near 91. West wind 5 to 10 mph."
166,2026-07-29T12:31:45Z,KMSY,Monday Night,2026-08-03T18:00:00-05:00,0,77.0,Chance Showers And Thunderstorms then Partly Cloudy,"A chance of showers and thunderstorms before 7pm. Partly cloudy, with a low around 77. Southwest wind 5 to 10 mph."
167,2026-07-29T12:31:45Z,KMSY,Tuesday,2026-08-04T06:00:00-05:00,1,92.0,Chance Showers And Thunderstorms,"A chance of showers and thunderstorms after 7am. Mostly sunny, with a high near 92. Southwest wind 5 to 10 mph."
168,2026-07-29T12:31:45Z,KMSY,Tuesday Night,2026-08-04T18:00:00-05:00,0,78.0,Chance Showers And Thunderstorms then Partly Cloudy,"A chance of showers and thunderstorms before 7pm. Partly cloudy, with a low around 78. Southwest wind 5 to 10 mph."
169,2026-07-29T12:31:45Z,KNYC,Today,2026-07-29T06:00:00-04:00,1,79.0,Chance Showers And Thunderstorms,"A chance of showers and thunderstorms before 11am, then a chance of showers and thunderstorms. Partly sunny. High near 79, with temperatures falling to around 77 in the afternoon. Northwest wind around 6 mph. Chance of precipitation is 50%. New rainfall amounts between a quarter and half of an inch possible."
170,2026-07-29T12:31:45Z,KNYC,Tonight,2026-07-29T18:00:00-04:00,0,66.0,Chance Showers And Thunderstorms,"A chance of showers and thunderstorms. Partly cloudy. Low around 66, with temperatures rising to around 68 overnight. Northwest wind around 7 mph. Chance of precipitation is 50%. New rainfall amounts between a tenth and quarter of an inch possible."
171,2026-07-29T12:31:45Z,KNYC,Thursday,2026-07-30T06:00:00-04:00,1,77.0,Chance Showers And Thunderstorms,"A slight chance of rain showers before 2pm, then a chance of showers and thunderstorms. Partly sunny, with a high near 77. Northwest wind around 8 mph. Chance of precipitation is 50%. New rainfall amounts less than a tenth of an inch possible."
172,2026-07-29T12:31:45Z,KNYC,Thursday Night,2026-07-30T18:00:00-04:00,0,67.0,Chance Showers And Thunderstorms then Partly Cloudy,"A chance of showers and thunderstorms before 8pm. Partly cloudy, with a low around 67. North wind around 6 mph. Chance of precipitation is 30%. New rainfall amounts less than a tenth of an inch possible."
173,2026-07-29T12:31:45Z,KNYC,Friday,2026-07-31T06:00:00-04:00,1,82.0,Mostly Sunny,"Mostly sunny, with a high near 82. Northeast wind 0 to 5 mph."
174,2026-07-29T12:31:45Z,KNYC,Friday Night,2026-07-31T18:00:00-04:00,0,69.0,Partly Cloudy,"Partly cloudy, with a low around 69."
175,2026-07-29T12:31:45Z,KNYC,Saturday,2026-08-01T06:00:00-04:00,1,82.0,Mostly Sunny,"Mostly sunny, with a high near 82."
176,2026-07-29T12:31:45Z,KNYC,Saturday Night,2026-08-01T18:00:00-04:00,0,70.0,Mostly Cloudy,"Mostly cloudy, with a low around 70."
177,2026-07-29T12:31:45Z,KNYC,Sunday,2026-08-02T06:00:00-04:00,1,82.0,Chance Rain Showers,"A chance of rain showers between 8am and 2pm, then a chance of showers and thunderstorms. Partly sunny, with a high near 82. Chance of precipitation is 30%."
178,2026-07-29T12:31:45Z,KNYC,Sunday Night,2026-08-02T18:00:00-04:00,0,71.0,Chance Showers And Thunderstorms,"A chance of showers and thunderstorms. Mostly cloudy, with a low around 71. Chance of precipitation is 30%."
179,2026-07-29T12:31:45Z,KNYC,Monday,2026-08-03T06:00:00-04:00,1,84.0,Chance Rain Showers,"A chance of rain showers before 2pm, then a chance of showers and thunderstorms. Mostly cloudy, with a high near 84. Chance of precipitation is 50%."
180,2026-07-29T12:31:45Z,KNYC,Monday Night,2026-08-03T18:00:00-04:00,0,71.0,Chance Showers And Thunderstorms,"A chance of showers and thunderstorms. Mostly cloudy, with a low around 71. Chance of precipitation is 50%."
181,2026-07-29T12:31:45Z,KNYC,Tuesday,2026-08-04T06:00:00-04:00,1,84.0,Chance Showers And Thunderstorms,"A slight chance of rain showers before 2pm, then a chance of showers and thunderstorms. Mostly sunny, with a high near 84. Chance of precipitation is 30%."
182,2026-07-29T12:31:45Z,KNYC,Tuesday Night,2026-08-04T18:00:00-04:00,0,71.0,Chance Showers And Thunderstorms,"A chance of showers and thunderstorms. Partly cloudy, with a low around 71."
183,2026-07-29T12:31:45Z,KOKC,Today,2026-07-29T06:00:00-05:00,1,102.0,Mostly Sunny,"Mostly sunny, with a high near 102. Heat index values as high as 107. South southwest wind 7 to 10 mph."
184,2026-07-29T12:31:45Z,KOKC,Tonight,2026-07-29T18:00:00-05:00,0,77.0,Mostly Clear,"Mostly clear, with a low around 77. Heat index values as high as 104. Southeast wind around 12 mph."
185,2026-07-29T12:31:45Z,KOKC,Thursday,2026-07-30T06:00:00-05:00,1,101.0,Sunny,"Sunny, with a high near 101. Heat index values as high as 106. South wind 8 to 14 mph, with gusts as high as 20 mph."
186,2026-07-29T12:31:45Z,KOKC,Thursday Night,2026-07-30T18:00:00-05:00,0,77.0,Mostly Clear,"Mostly clear, with a low around 77. Heat index values as high as 104. South wind around 14 mph, with gusts as high as 21 mph."
187,2026-07-29T12:31:45Z,KOKC,Friday,2026-07-31T06:00:00-05:00,1,102.0,Slight Chance Rain Showers,"A slight chance of rain showers between 7am and 1pm. Mostly sunny, with a high near 102. West southwest wind around 13 mph, with gusts as high as 20 mph. Chance of precipitation is 20%."
188,2026-07-29T12:31:45Z,KOKC,Friday Night,2026-07-31T18:00:00-05:00,0,74.0,Slight Chance Showers And Thunderstorms,"A slight chance of showers and thunderstorms between 7pm and 1am. Mostly clear, with a low around 74. Chance of precipitation is 20%."
189,2026-07-29T12:31:45Z,KOKC,Saturday,2026-08-01T06:00:00-05:00,1,94.0,Sunny,"Sunny, with a high near 94."
190,2026-07-29T12:31:45Z,KOKC,Saturday Night,2026-08-01T18:00:00-05:00,0,70.0,Clear,"Clear, with a low around 70."
191,2026-07-29T12:31:45Z,KOKC,Sunday,2026-08-02T06:00:00-05:00,1,93.0,Sunny,"Sunny, with a high near 93."
192,2026-07-29T12:31:45Z,KOKC,Sunday Night,2026-08-02T18:00:00-05:00,0,71.0,Clear,"Clear, with a low around 71."
193,2026-07-29T12:31:45Z,KOKC,Monday,2026-08-03T06:00:00-05:00,1,95.0,Sunny,"Sunny, with a high near 95."
194,2026-07-29T12:31:45Z,KOKC,Monday Night,2026-08-03T18:00:00-05:00,0,72.0,Clear,"Clear, with a low around 72."
195,2026-07-29T12:31:45Z,KOKC,Tuesday,2026-08-04T06:00:00-05:00,1,96.0,Sunny,"Sunny, with a high near 96."
196,2026-07-29T12:31:45Z,KOKC,Tuesday Night,2026-08-04T18:00:00-05:00,0,73.0,Mostly Clear,"Mostly clear, with a low around 73."
197,2026-07-29T12:31:45Z,KPHL,Today,2026-07-29T08:00:00-04:00,1,83.0,Partly Sunny,"Partly sunny, with a high near 83. Northwest wind 10 to 15 mph."
198,2026-07-29T12:31:45Z,KPHL,Tonight,2026-07-29T18:00:00-04:00,0,66.0,Partly Cloudy,"Partly cloudy, with a low around 66. Northwest wind 10 to 15 mph."
199,2026-07-29T12:31:45Z,KPHL,Thursday,2026-07-30T06:00:00-04:00,1,82.0,Mostly Sunny then Slight Chance Rain Showers,"A slight chance of rain showers after 2pm. Mostly sunny, with a high near 82. Northwest wind 10 to 15 mph. New rainfall amounts less than a tenth of an inch possible."
200,2026-07-29T12:31:45Z,KPHL,Thursday Night,2026-07-30T18:00:00-04:00,0,67.0,Slight Chance Rain Showers then Partly Cloudy,"A slight chance of rain showers before 7pm. Partly cloudy, with a low around 67. North wind 5 to 10 mph. New rainfall amounts less than a tenth of an inch possible."
201,2026-07-29T12:31:45Z,KPHL,Friday,2026-07-31T06:00:00-04:00,1,85.0,Sunny,"Sunny, with a high near 85. North wind around 5 mph."
202,2026-07-29T12:31:45Z,KPHL,Friday Night,2026-07-31T18:00:00-04:00,0,68.0,Partly Cloudy,"Partly cloudy, with a low around 68."
203,2026-07-29T12:31:45Z,KPHL,Saturday,2026-08-01T06:00:00-04:00,1,86.0,Partly Sunny,"Partly sunny, with a high near 86."
204,2026-07-29T12:31:45Z,KPHL,Saturday Night,2026-08-01T18:00:00-04:00,0,70.0,Mostly Cloudy,"Mostly cloudy, with a low around 70."
205,2026-07-29T12:31:45Z,KPHL,Sunday,2026-08-02T06:00:00-04:00,1,86.0,Partly Sunny then Chance Showers And Thunderstorms,"A chance of showers and thunderstorms after 2pm. Partly sunny, with a high near 86. Chance of precipitation is 30%."
206,2026-07-29T12:31:45Z,KPHL,Sunday Night,2026-08-02T18:00:00-04:00,0,70.0,Chance Showers And Thunderstorms,"A chance of showers and thunderstorms. Mostly cloudy, with a low around 70. Chance of precipitation is 30%."
207,2026-07-29T12:31:45Z,KPHL,Monday,2026-08-03T06:00:00-04:00,1,85.0,Chance Rain Showers then Chance Showers And Thunderstorms,"A chance of rain showers before 2pm, then a chance of showers and thunderstorms. Mostly cloudy, with a high near 85. Chance of precipitation is 50%."
208,2026-07-29T12:31:45Z,KPHL,Monday Night,2026-08-03T18:00:00-04:00,0,70.0,Chance Showers And Thunderstorms,"A chance of showers and thunderstorms before 8pm, then a chance of showers and thunderstorms. Mostly cloudy, with a low around 70. Chance of precipitation is 50%."
209,2026-07-29T12:31:45Z,KPHL,Tuesday,2026-08-04T06:00:00-04:00,1,87.0,Chance Rain Showers,"A chance of rain showers before 2pm, then a chance of showers and thunderstorms. Mostly sunny, with a high near 87. Chance of precipitation is 40%."
210,2026-07-29T12:31:45Z,KPHL,Tuesday Night,2026-08-04T18:00:00-04:00,0,70.0,Chance Showers And Thunderstorms,"A chance of showers and thunderstorms. Mostly cloudy, with a low around 70."
211,2026-07-29T12:31:45Z,KPHX,Overnight,2026-07-29T04:00:00-07:00,0,90.0,Partly Cloudy,"Partly cloudy, with a low around 90. West northwest wind around 5 mph."
212,2026-07-29T12:31:45Z,KPHX,Wednesday,2026-07-29T06:00:00-07:00,1,111.0,Mostly Sunny,"Mostly sunny. High near 111, with temperatures falling to around 109 in the afternoon. Heat index values as high as 111. Southwest wind 5 to 10 mph."
213,2026-07-29T12:31:45Z,KPHX,Wednesday Night,2026-07-29T18:00:00-07:00,0,91.0,Mostly Clear,"Mostly clear, with a low around 91. West wind 5 to 10 mph."
214,2026-07-29T12:31:45Z,KPHX,Thursday,2026-07-30T06:00:00-07:00,1,114.0,Mostly Sunny,"Mostly sunny, with a high near 114. Heat index values as high as 111. Southwest wind 5 to 10 mph."
215,2026-07-29T12:31:45Z,KPHX,Thursday Night,2026-07-30T18:00:00-07:00,0,91.0,Mostly Clear,"Mostly clear, with a low around 91. West southwest wind 5 to 10 mph."
216,2026-07-29T12:31:45Z,KPHX,Friday,2026-07-31T06:00:00-07:00,1,116.0,Sunny,"Sunny, with a high near 116. West southwest wind 5 to 15 mph, with gusts as high as 25 mph."
217,2026-07-29T12:31:45Z,KPHX,Friday Night,2026-07-31T18:00:00-07:00,0,92.0,Mostly Clear,"Mostly clear, with a low around 92. West wind 5 to 15 mph, with gusts as high as 20 mph."
218,2026-07-29T12:31:45Z,KPHX,Saturday,2026-08-01T06:00:00-07:00,1,116.0,Mostly Sunny,"Mostly sunny, with a high near 116. Southwest wind 5 to 15 mph, with gusts as high as 20 mph."
219,2026-07-29T12:31:45Z,KPHX,Saturday Night,2026-08-01T18:00:00-07:00,0,93.0,Mostly Clear,"Mostly clear, with a low around 93. Southwest wind 0 to 10 mph."
220,2026-07-29T12:31:45Z,KPHX,Sunday,2026-08-02T06:00:00-07:00,1,116.0,Sunny then Slight Chance Showers And Thunderstorms,"A slight chance of showers and thunderstorms after 5pm. Sunny, with a high near 116. West southwest wind 0 to 10 mph, with gusts as high as 20 mph. Chance of precipitation is 20%. New rainfall amounts less than a tenth of an inch possible."
221,2026-07-29T12:31:45Z,KPHX,Sunday Night,2026-08-02T18:00:00-07:00,0,93.0,Slight Chance Showers And Thunderstorms then Partly Cloudy,"A slight chance of showers and thunderstorms before 11pm. Partly cloudy, with a low around 93. South southwest wind 5 to 10 mph, with gusts as high as 20 mph. Chance of precipitation is 20%. New rainfall amounts less than a tenth of an inch possible."
222,2026-07-29T12:31:45Z,KPHX,Monday,2026-08-03T06:00:00-07:00,1,114.0,Sunny then Slight Chance Showers And Thunderstorms,"A slight chance of showers and thunderstorms after 5pm. Sunny, with a high near 114. South southwest wind 5 to 10 mph, with gusts as high as 20 mph. New rainfall amounts less than a tenth of an inch possible."
223,2026-07-29T12:31:45Z,KPHX,Monday Night,2026-08-03T18:00:00-07:00,0,92.0,Slight Chance Showers And Thunderstorms then Partly Cloudy,"A slight chance of showers and thunderstorms before 11pm. Partly cloudy, with a low around 92. West wind 5 to 10 mph. New rainfall amounts less than a tenth of an inch possible."
224,2026-07-29T12:31:45Z,KPHX,Tuesday,2026-08-04T06:00:00-07:00,1,112.0,Mostly Sunny then Chance Showers And Thunderstorms,"A chance of showers and thunderstorms after 5pm. Mostly sunny, with a high near 112. West southwest wind 5 to 10 mph, with gusts as high as 20 mph. Chance of precipitation is 30%. New rainfall amounts less than a tenth of an inch possible."
225,2026-07-29T12:31:45Z,KSAT,Today,2026-07-29T07:00:00-05:00,1,99.0,Mostly Sunny,"Mostly sunny, with a high near 99. Heat index values as high as 107. South southeast wind 5 to 10 mph."
226,2026-07-29T12:31:45Z,KSAT,Tonight,2026-07-29T18:00:00-05:00,0,77.0,Mostly Clear,"Mostly clear, with a low around 77. Heat index values as high as 106. South southeast wind 5 to 15 mph, with gusts as high as 25 mph."
227,2026-07-29T12:31:45Z,KSAT,Thursday,2026-07-30T06:00:00-05:00,1,100.0,Mostly Sunny,"Mostly sunny, with a high near 100. Heat index values as high as 107. South wind 5 to 10 mph."
228,2026-07-29T12:31:45Z,KSAT,Thursday Night,2026-07-30T18:00:00-05:00,0,76.0,Mostly Clear,"Mostly clear, with a low around 76. Heat index values as high as 104. South southeast wind 5 to 15 mph, with gusts as high as 25 mph."
229,2026-07-29T12:31:45Z,KSAT,Friday,2026-07-31T06:00:00-05:00,1,102.0,Sunny,"Sunny, with a high near 102. South wind around 5 mph."
230,2026-07-29T12:31:45Z,KSAT,Friday Night,2026-07-31T18:00:00-05:00,0,78.0,Mostly Clear,"Mostly clear, with a low around 78. South wind 5 to 10 mph."
231,2026-07-29T12:31:45Z,KSAT,Saturday,2026-08-01T06:00:00-05:00,1,102.0,Mostly Sunny,"Mostly sunny, with a high near 102. South southwest wind 0 to 5 mph."
232,2026-07-29T12:31:45Z,KSAT,Saturday Night,2026-08-01T18:00:00-05:00,0,79.0,Partly Cloudy,"Partly cloudy, with a low around 79. South southeast wind around 5 mph."
233,2026-07-29T12:31:45Z,KSAT,Sunday,2026-08-02T06:00:00-05:00,1,100.0,Mostly Sunny,"Mostly sunny, with a high near 100. North northwest wind around 5 mph."
234,2026-07-29T12:31:45Z,KSAT,Sunday Night,2026-08-02T18:00:00-05:00,0,79.0,Mostly Clear,"Mostly clear, with a low around 79."
235,2026-07-29T12:31:45Z,KSAT,Monday,2026-08-03T06:00:00-05:00,1,101.0,Sunny,"Sunny, with a high near 101."
236,2026-07-29T12:31:45Z,KSAT,Monday Night,2026-08-03T18:00:00-05:00,0,78.0,Mostly Clear,"Mostly clear, with a low around 78."
237,2026-07-29T12:31:45Z,KSAT,Tuesday,2026-08-04T06:00:00-05:00,1,100.0,Sunny,"Sunny, with a high near 100."
238,2026-07-29T12:31:45Z,KSAT,Tuesday Night,2026-08-04T18:00:00-05:00,0,77.0,Mostly Clear,"Mostly clear, with a low around 77."
239,2026-07-29T12:31:45Z,KSFO,Overnight,2026-07-29T02:00:00-07:00,0,58.0,Mostly Clear,"Mostly clear, with a low around 58. West southwest wind around 12 mph."
240,2026-07-29T12:31:45Z,KSFO,Wednesday,2026-07-29T06:00:00-07:00,1,72.0,Sunny,"Sunny. High near 72, with temperatures falling to around 70 in the afternoon. West wind 10 to 23 mph, with gusts as high as 29 mph."
241,2026-07-29T12:31:45Z,KSFO,Wednesday Night,2026-07-29T18:00:00-07:00,0,58.0,Mostly Clear,"Mostly clear, with a low around 58. West southwest wind 10 to 22 mph, with gusts as high as 28 mph."
242,2026-07-29T12:31:45Z,KSFO,Thursday,2026-07-30T06:00:00-07:00,1,73.0,Mostly Sunny,"Mostly sunny, with a high near 73. West southwest wind 10 to 21 mph, with gusts as high as 26 mph."
243,2026-07-29T12:31:45Z,KSFO,Thursday Night,2026-07-30T18:00:00-07:00,0,57.0,Mostly Clear,"Mostly clear, with a low around 57. West southwest wind 9 to 21 mph, with gusts as high as 26 mph."
244,2026-07-29T12:31:45Z,KSFO,Friday,2026-07-31T06:00:00-07:00,1,76.0,Sunny,"Sunny, with a high near 76."
245,2026-07-29T12:31:45Z,KSFO,Friday Night,2026-07-31T18:00:00-07:00,0,58.0,Mostly Clear,"Mostly clear, with a low around 58."
246,2026-07-29T12:31:45Z,KSFO,Saturday,2026-08-01T06:00:00-07:00,1,78.0,Sunny,"Sunny, with a high near 78."
247,2026-07-29T12:31:45Z,KSFO,Saturday Night,2026-08-01T18:00:00-07:00,0,57.0,Mostly Clear,"Mostly clear, with a low around 57."
248,2026-07-29T12:31:45Z,KSFO,Sunday,2026-08-02T06:00:00-07:00,1,77.0,Sunny,"Sunny, with a high near 77."
249,2026-07-29T12:31:45Z,KSFO,Sunday Night,2026-08-02T18:00:00-07:00,0,57.0,Mostly Clear,"Mostly clear, with a low around 57."
250,2026-07-29T12:31:45Z,KSFO,Monday,2026-08-03T06:00:00-07:00,1,76.0,Sunny,"Sunny, with a high near 76."
251,2026-07-29T12:31:45Z,KSFO,Monday Night,2026-08-03T18:00:00-07:00,0,58.0,Mostly Clear,"Mostly clear, with a low around 58."
252,2026-07-29T12:31:45Z,KSFO,Tuesday,2026-08-04T06:00:00-07:00,1,75.0,Sunny,"Sunny, with a high near 75."
253,2026-07-29T12:31:45Z,KSEA,Overnight,2026-07-29T01:00:00-07:00,0,56.0,Partly Cloudy,"Partly cloudy, with a low around 56. North northeast wind around 2 mph."
254,2026-07-29T12:31:45Z,KSEA,Wednesday,2026-07-29T06:00:00-07:00,1,76.0,Mostly Sunny,"Mostly sunny, with a high near 76. North northwest wind 0 to 7 mph."
255,2026-07-29T12:31:45Z,KSEA,Wednesday Night,2026-07-29T18:00:00-07:00,0,55.0,Mostly Clear,"Mostly clear, with a low around 55. North northeast wind 3 to 9 mph."
256,2026-07-29T12:31:45Z,KSEA,Thursday,2026-07-30T06:00:00-07:00,1,77.0,Sunny,"Sunny, with a high near 77. Southwest wind around 7 mph."
257,2026-07-29T12:31:45Z,KSEA,Thursday Night,2026-07-30T18:00:00-07:00,0,56.0,Mostly Clear,"Mostly clear, with a low around 56. West wind 0 to 7 mph."
258,2026-07-29T12:31:45Z,KSEA,Friday,2026-07-31T06:00:00-07:00,1,82.0,Sunny,"Sunny, with a high near 82."
259,2026-07-29T12:31:45Z,KSEA,Friday Night,2026-07-31T18:00:00-07:00,0,59.0,Partly Cloudy then Chance Light Rain,"A chance of rain after 5am. Partly cloudy, with a low around 59."
260,2026-07-29T12:31:45Z,KSEA,Saturday,2026-08-01T06:00:00-07:00,1,72.0,Chance Light Rain,"A chance of rain before 5pm. Mostly sunny, with a high near 72."
261,2026-07-29T12:31:45Z,KSEA,Saturday Night,2026-08-01T18:00:00-07:00,0,55.0,Partly Cloudy,"Partly cloudy, with a low around 55."
262,2026-07-29T12:31:45Z,KSEA,Sunday,2026-08-02T06:00:00-07:00,1,71.0,Mostly Sunny,"Mostly sunny, with a high near 71."
263,2026-07-29T12:31:45Z,KSEA,Sunday Night,2026-08-02T18:00:00-07:00,0,54.0,Mostly Clear,"Mostly clear, with a low around 54."
264,2026-07-29T12:31:45Z,KSEA,Monday,2026-08-03T06:00:00-07:00,1,75.0,Sunny,"Sunny, with a high near 75."
265,2026-07-29T12:31:45Z,KSEA,Monday Night,2026-08-03T18:00:00-07:00,0,56.0,Mostly Clear,"Mostly clear, with a low around 56."
266,2026-07-29T12:31:45Z,KSEA,Tuesday,2026-08-04T06:00:00-07:00,1,81.0,Sunny,"Sunny, with a high near 81."
267,2026-07-29T12:31:45Z,KDCA,Today,2026-07-29T08:00:00-04:00,1,85.0,Sunny,"Sunny, with a high near 85. Northwest wind 13 to 17 mph, with gusts as high as 25 mph."
268,2026-07-29T12:31:45Z,KDCA,Tonight,2026-07-29T18:00:00-04:00,0,70.0,Mostly Clear,"Mostly clear, with a low around 70. Northwest wind 12 to 16 mph."
269,2026-07-29T12:31:45Z,KDCA,Thursday,2026-07-30T06:00:00-04:00,1,86.0,Sunny,"Sunny, with a high near 86. Northwest wind around 15 mph, with gusts as high as 24 mph."
270,2026-07-29T12:31:45Z,KDCA,Thursday Night,2026-07-30T18:00:00-04:00,0,70.0,Mostly Clear,"Mostly clear, with a low around 70. Northwest wind 8 to 15 mph, with gusts as high as 20 mph."
271,2026-07-29T12:31:45Z,KDCA,Friday,2026-07-31T06:00:00-04:00,1,89.0,Sunny,"Sunny, with a high near 89. North wind around 8 mph."
272,2026-07-29T12:31:45Z,KDCA,Friday Night,2026-07-31T18:00:00-04:00,0,72.0,Partly Cloudy,"Partly cloudy, with a low around 72."
273,2026-07-29T12:31:45Z,KDCA,Saturday,2026-08-01T06:00:00-04:00,1,89.0,Partly Sunny,"Partly sunny, with a high near 89."
274,2026-07-29T12:31:45Z,KDCA,Saturday Night,2026-08-01T18:00:00-04:00,0,72.0,Slight Chance Showers And Thunderstorms,"A slight chance of showers and thunderstorms between 8pm and 2am. Mostly cloudy, with a low around 72. Chance of precipitation is 20%."
275,2026-07-29T12:31:45Z,KDCA,Sunday,2026-08-02T06:00:00-04:00,1,88.0,Chance Showers And Thunderstorms,"A slight chance of rain showers between 8am and 2pm, then a chance of showers and thunderstorms. Mostly cloudy, with a high near 88. Chance of precipitation is 30%."
276,2026-07-29T12:31:45Z,KDCA,Sunday Night,2026-08-02T18:00:00-04:00,0,72.0,Chance Showers And Thunderstorms,"A chance of showers and thunderstorms. Mostly cloudy, with a low around 72. Chance of precipitation is 40%."
277,2026-07-29T12:31:45Z,KDCA,Monday,2026-08-03T06:00:00-04:00,1,88.0,Chance Rain Showers then Chance Showers And Thunderstorms,"A chance of rain showers before 2pm, then a chance of showers and thunderstorms. Mostly cloudy, with a high near 88. Chance of precipitation is 50%."
278,2026-07-29T12:31:45Z,KDCA,Monday Night,2026-08-03T18:00:00-04:00,0,72.0,Chance Showers And Thunderstorms,"A chance of showers and thunderstorms before 8pm, then a chance of showers and thunderstorms. Mostly cloudy, with a low around 72. Chance of precipitation is 50%."
279,2026-07-29T12:31:45Z,KDCA,Tuesday,2026-08-04T06:00:00-04:00,1,89.0,Chance Showers And Thunderstorms,"A slight chance of rain showers before 2pm, then a chance of showers and thunderstorms. Partly sunny, with a high near 89. Chance of precipitation is 40%."
280,2026-07-29T12:31:45Z,KDCA,Tuesday Night,2026-08-04T18:00:00-04:00,0,72.0,Chance Showers And Thunderstorms,"A chance of showers and thunderstorms before 2am. Mostly cloudy, with a low around 72."
1,2026-07-29T14:54:09Z,KATL,Today,2026-07-29T06:00:00-04:00,1,93.0,Mostly Sunny,"Mostly sunny, with a high near 93. Northwest wind 5 to 10 mph, with gusts as high as 20 mph."
2,2026-07-29T14:54:09Z,KATL,Tonight,2026-07-29T18:00:00-04:00,0,72.0,Mostly Clear,"Mostly clear, with a low around 72. North wind 5 to 10 mph, with gusts as high as 20 mph."
3,2026-07-29T14:54:09Z,KATL,Thursday,2026-07-30T06:00:00-04:00,1,91.0,Sunny,"Sunny, with a high near 91. North wind 5 to 10 mph, with gusts as high as 20 mph."
4,2026-07-29T14:54:09Z,KATL,Thursday Night,2026-07-30T18:00:00-04:00,0,69.0,Mostly Clear,"Mostly clear, with a low around 69. Northwest wind 0 to 10 mph, with gusts as high as 20 mph."
5,2026-07-29T14:54:09Z,KATL,Friday,2026-07-31T06:00:00-04:00,1,93.0,Mostly Sunny,"Mostly sunny, with a high near 93. North wind 0 to 5 mph."
6,2026-07-29T14:54:09Z,KATL,Friday Night,2026-07-31T18:00:00-04:00,0,73.0,Partly Cloudy,"Partly cloudy, with a low around 73."
7,2026-07-29T14:54:09Z,KATL,Saturday,2026-08-01T06:00:00-04:00,1,90.0,Chance Showers And Thunderstorms,"A chance of showers and thunderstorms between 8am and 2pm, then a chance of showers and thunderstorms. Mostly cloudy, with a high near 90. Chance of precipitation is 50%."
8,2026-07-29T14:54:09Z,KATL,Saturday Night,2026-08-01T18:00:00-04:00,0,73.0,Chance Showers And Thunderstorms then Showers And Thunderstorms Likely,"A chance of showers and thunderstorms before 8pm, then showers and thunderstorms likely. Mostly cloudy, with a low around 73. Chance of precipitation is 70%."
9,2026-07-29T14:54:09Z,KATL,Sunday,2026-08-02T06:00:00-04:00,1,87.0,Showers And Thunderstorms Likely,"Showers and thunderstorms likely. Mostly cloudy, with a high near 87. Chance of precipitation is 70%."
10,2026-07-29T14:54:09Z,KATL,Sunday Night,2026-08-02T18:00:00-04:00,0,72.0,Showers And Thunderstorms Likely then Chance Showers And Thunderstorms,"Showers and thunderstorms likely before 8pm, then a chance of showers and thunderstorms. Mostly cloudy, with a low around 72. Chance of precipitation is 70%."
11,2026-07-29T14:54:09Z,KATL,Monday,2026-08-03T06:00:00-04:00,1,87.0,Slight Chance Showers And Thunderstorms then Showers And Thunderstorms Likely,"A slight chance of showers and thunderstorms before 8am, then showers and thunderstorms likely. Partly sunny, with a high near 87. Chance of precipitation is 60%."
12,2026-07-29T14:54:09Z,KATL,Monday Night,2026-08-03T18:00:00-04:00,0,72.0,Showers And Thunderstorms Likely,"Showers and thunderstorms likely before 2am. Mostly cloudy, with a low around 72. Chance of precipitation is 60%."
13,2026-07-29T14:54:09Z,KATL,Tuesday,2026-08-04T06:00:00-04:00,1,88.0,Chance Showers And Thunderstorms,"A chance of showers and thunderstorms between 8am and 2pm, then a chance of showers and thunderstorms. Partly sunny, with a high near 88. Chance of precipitation is 50%."
14,2026-07-29T14:54:09Z,KATL,Tuesday Night,2026-08-04T18:00:00-04:00,0,73.0,Chance Showers And Thunderstorms,"A chance of showers and thunderstorms before 2am. Partly cloudy, with a low around 73."
15,2026-07-29T14:54:09Z,KAUS,Today,2026-07-29T07:00:00-05:00,1,99.0,Mostly Sunny,"Mostly sunny, with a high near 99. Heat index values as high as 108. South southwest wind 5 to 15 mph."
16,2026-07-29T14:54:09Z,KAUS,Tonight,2026-07-29T18:00:00-05:00,0,77.0,Partly Cloudy,"Partly cloudy, with a low around 77. Heat index values as high as 105. South wind 5 to 10 mph, with gusts as high as 20 mph."
17,2026-07-29T14:54:09Z,KAUS,Thursday,2026-07-30T06:00:00-05:00,1,100.0,Mostly Sunny,"Mostly sunny, with a high near 100. Heat index values as high as 108. South southwest wind 5 to 10 mph."
18,2026-07-29T14:54:09Z,KAUS,Thursday Night,2026-07-30T18:00:00-05:00,0,77.0,Mostly Clear,"Mostly clear, with a low around 77. Heat index values as high as 106. South wind 5 to 10 mph, with gusts as high as 20 mph."
19,2026-07-29T14:54:09Z,KAUS,Friday,2026-07-31T06:00:00-05:00,1,101.0,Sunny,"Sunny, with a high near 101. South southwest wind around 5 mph."
20,2026-07-29T14:54:09Z,KAUS,Friday Night,2026-07-31T18:00:00-05:00,0,79.0,Mostly Clear,"Mostly clear, with a low around 79. South wind 5 to 10 mph, with gusts as high as 20 mph."
21,2026-07-29T14:54:09Z,KAUS,Saturday,2026-08-01T06:00:00-05:00,1,102.0,Mostly Sunny,"Mostly sunny, with a high near 102. Southwest wind around 5 mph."
22,2026-07-29T14:54:09Z,KAUS,Saturday Night,2026-08-01T18:00:00-05:00,0,79.0,Mostly Clear,"Mostly clear, with a low around 79. South wind around 5 mph."
23,2026-07-29T14:54:09Z,KAUS,Sunday,2026-08-02T06:00:00-05:00,1,100.0,Sunny,"Sunny, with a high near 100. North northwest wind around 5 mph."
24,2026-07-29T14:54:09Z,KAUS,Sunday Night,2026-08-02T18:00:00-05:00,0,78.0,Mostly Clear,"Mostly clear, with a low around 78."
25,2026-07-29T14:54:09Z,KAUS,Monday,2026-08-03T06:00:00-05:00,1,102.0,Sunny,"Sunny, with a high near 102."
26,2026-07-29T14:54:09Z,KAUS,Monday Night,2026-08-03T18:00:00-05:00,0,78.0,Mostly Clear,"Mostly clear, with a low around 78."
27,2026-07-29T14:54:09Z,KAUS,Tuesday,2026-08-04T06:00:00-05:00,1,100.0,Sunny,"Sunny, with a high near 100."
28,2026-07-29T14:54:09Z,KAUS,Tuesday Night,2026-08-04T18:00:00-05:00,0,78.0,Mostly Clear,"Mostly clear, with a low around 78."
29,2026-07-29T14:54:09Z,KBOS,Today,2026-07-29T08:00:00-04:00,1,73.0,Patchy Fog,"Rain showers likely before noon, then rain showers likely and patchy fog between noon and 2pm, then patchy fog and showers and thunderstorms between 2pm and 5pm, then patchy fog and showers and thunderstorms. Mostly cloudy, with a high near 73. East wind 13 to 17 mph, with gusts as high as 31 mph. Chance of precipitation is 80%. New rainfall amounts between a half and three quarters of an inch possible."
30,2026-07-29T14:54:09Z,KBOS,Tonight,2026-07-29T18:00:00-04:00,0,64.0,Patchy Fog,"Patchy fog and showers and thunderstorms before 2am, then patchy fog and showers and thunderstorms likely between 2am and 5am, then patchy fog and showers and thunderstorms likely. Cloudy, with a low around 64. East wind around 16 mph, with gusts as high as 29 mph. Chance of precipitation is 90%. New rainfall amounts between a half and three quarters of an inch possible."
31,2026-07-29T14:54:09Z,KBOS,Thursday,2026-07-30T06:00:00-04:00,1,70.0,Patchy Fog,"Patchy fog and showers and thunderstorms likely before 7am, then patchy fog and a chance of showers and thunderstorms between 7am and 8am, then patchy fog and showers and thunderstorms likely. Cloudy, with a high near 70. Northeast wind around 15 mph. Chance of precipitation is 70%. New rainfall amounts between a half and three quarters of an inch possible."
32,2026-07-29T14:54:09Z,KBOS,Thursday Night,2026-07-30T18:00:00-04:00,0,64.0,Patchy Fog,"Patchy fog and showers and thunderstorms likely before 2am. Cloudy, with a low around 64. North wind 7 to 12 mph. Chance of precipitation is 60%. New rainfall amounts between a tenth and quarter of an inch possible."
33,2026-07-29T14:54:09Z,KBOS,Friday,2026-07-31T06:00:00-04:00,1,70.0,Mostly Cloudy then Slight Chance Rain Showers,"A slight chance of rain showers after 4pm. Mostly cloudy, with a high near 70. Northeast wind around 7 mph. Chance of precipitation is 20%."
34,2026-07-29T14:54:09Z,KBOS,Friday Night,2026-07-31T18:00:00-04:00,0,65.0,Slight Chance Rain Showers then Partly Cloudy,"A slight chance of rain showers before 7pm. Partly cloudy, with a low around 65. Southwest wind around 5 mph. Chance of precipitation is 20%."
35,2026-07-29T14:54:09Z,KBOS,Saturday,2026-08-01T06:00:00-04:00,1,81.0,Mostly Sunny,"Mostly sunny, with a high near 81. Southeast wind 2 to 7 mph."
36,2026-07-29T14:54:09Z,KBOS,Saturday Night,2026-08-01T18:00:00-04:00,0,67.0,Partly Cloudy,"Partly cloudy, with a low around 67. South wind around 7 mph."
37,2026-07-29T14:54:09Z,KBOS,Sunday,2026-08-02T06:00:00-04:00,1,81.0,Mostly Sunny,"Mostly sunny, with a high near 81. South wind 6 to 12 mph."
38,2026-07-29T14:54:09Z,KBOS,Sunday Night,2026-08-02T18:00:00-04:00,0,68.0,Chance Rain Showers,"A chance of rain showers after 7pm. Mostly cloudy, with a low around 68. South wind 6 to 12 mph. Chance of precipitation is 30%."
39,2026-07-29T14:54:09Z,KBOS,Monday,2026-08-03T06:00:00-04:00,1,80.0,Chance Rain Showers,"A chance of rain showers before 2pm, then a chance of showers and thunderstorms. Partly sunny, with a high near 80. South wind around 6 mph. Chance of precipitation is 30%."
40,2026-07-29T14:54:09Z,KBOS,Monday Night,2026-08-03T18:00:00-04:00,0,68.0,Chance Showers And Thunderstorms then Slight Chance Showers And Thunderstorms,"A chance of showers and thunderstorms before 7pm, then a slight chance of showers and thunderstorms between 7pm and 1am. Partly cloudy, with a low around 68. West wind around 5 mph. Chance of precipitation is 30%."
41,2026-07-29T14:54:09Z,KBOS,Tuesday,2026-08-04T06:00:00-04:00,1,78.0,Mostly Sunny then Slight Chance Rain Showers,"A slight chance of rain showers after 5pm. Mostly sunny, with a high near 78. North wind 5 to 8 mph."
42,2026-07-29T14:54:09Z,KBOS,Tuesday Night,2026-08-04T18:00:00-04:00,0,67.0,Slight Chance Rain Showers then Mostly Clear,"A slight chance of rain showers before 7pm. Mostly clear, with a low around 67. West wind 3 to 7 mph."
43,2026-07-29T14:54:09Z,KMDW,Today,2026-07-29T09:00:00-05:00,1,80.0,Sunny,"Sunny, with a high near 80. Northeast wind 5 to 10 mph."
44,2026-07-29T14:54:09Z,KMDW,Tonight,2026-07-29T18:00:00-05:00,0,67.0,Mostly Clear,"Mostly clear, with a low around 67. North wind 0 to 10 mph."
45,2026-07-29T14:54:09Z,KMDW,Thursday,2026-07-30T06:00:00-05:00,1,87.0,Mostly Sunny,"Mostly sunny, with a high near 87. North wind 0 to 5 mph."
46,2026-07-29T14:54:09Z,KMDW,Thursday Night,2026-07-30T18:00:00-05:00,0,70.0,Mostly Cloudy,"Mostly cloudy, with a low around 70. South southeast wind around 5 mph."
47,2026-07-29T14:54:09Z,KMDW,Friday,2026-07-31T06:00:00-05:00,1,76.0,Rain Showers Likely,"Rain showers likely between 7am and 4pm, then showers and thunderstorms likely. Mostly cloudy, with a high near 76. South wind 5 to 10 mph, with gusts as high as 20 mph. Chance of precipitation is 60%."
48,2026-07-29T14:54:09Z,KMDW,Friday Night,2026-07-31T18:00:00-05:00,0,67.0,Showers And Thunderstorms Likely then Heavy Rain,"Showers and thunderstorms likely before 7pm, then rain and a chance of thunderstorms. Some of the storms could produce heavy rain. Cloudy, with a low around 67. Chance of precipitation is 80%."
49,2026-07-29T14:54:09Z,KMDW,Saturday,2026-08-01T06:00:00-05:00,1,74.0,Heavy Rain then Showers And Thunderstorms Likely,"Rain and a chance of thunderstorms before 7am, then showers and thunderstorms likely between 7am and 1pm, then a chance of showers and thunderstorms. Some of the storms could produce heavy rain. Mostly cloudy, with a high near 74."
50,2026-07-29T14:54:09Z,KMDW,Saturday Night,2026-08-01T18:00:00-05:00,0,67.0,Chance Showers And Thunderstorms,"A chance of showers and thunderstorms before 1am. Mostly cloudy, with a low around 67."
51,2026-07-29T14:54:09Z,KMDW,Sunday,2026-08-02T06:00:00-05:00,1,76.0,Mostly Sunny,"Mostly sunny, with a high near 76."
52,2026-07-29T14:54:09Z,KMDW,Sunday Night,2026-08-02T18:00:00-05:00,0,67.0,Partly Cloudy,"Partly cloudy, with a low around 67."
53,2026-07-29T14:54:09Z,KMDW,Monday,2026-08-03T06:00:00-05:00,1,80.0,Sunny,"Sunny, with a high near 80."
54,2026-07-29T14:54:09Z,KMDW,Monday Night,2026-08-03T18:00:00-05:00,0,68.0,Mostly Clear,"Mostly clear, with a low around 68."
55,2026-07-29T14:54:09Z,KMDW,Tuesday,2026-08-04T06:00:00-05:00,1,84.0,Mostly Sunny,"Mostly sunny, with a high near 84."
56,2026-07-29T14:54:09Z,KMDW,Tuesday Night,2026-08-04T18:00:00-05:00,0,70.0,Slight Chance Rain Showers,"A slight chance of rain showers after 7pm. Partly cloudy, with a low around 70."
57,2026-07-29T14:54:09Z,KDFW,Today,2026-07-29T06:00:00-05:00,1,102.0,Mostly Sunny,"Mostly sunny, with a high near 102. Heat index values as high as 109. South wind around 5 mph."
58,2026-07-29T14:54:09Z,KDFW,Tonight,2026-07-29T18:00:00-05:00,0,82.0,Mostly Clear,"Mostly clear, with a low around 82. Heat index values as high as 106. South wind 5 to 10 mph."
59,2026-07-29T14:54:09Z,KDFW,Thursday,2026-07-30T06:00:00-05:00,1,103.0,Sunny,"Sunny, with a high near 103. Heat index values as high as 110. South southwest wind around 5 mph."
60,2026-07-29T14:54:09Z,KDFW,Thursday Night,2026-07-30T18:00:00-05:00,0,82.0,Mostly Clear,"Mostly clear. Low around 82, with temperatures rising to around 84 overnight. Heat index values as high as 108. South southeast wind around 10 mph."
61,2026-07-29T14:54:09Z,KDFW,Friday,2026-07-31T06:00:00-05:00,1,104.0,Sunny,"Sunny, with a high near 104. South southwest wind 5 to 10 mph."
62,2026-07-29T14:54:09Z,KDFW,Friday Night,2026-07-31T18:00:00-05:00,0,82.0,Mostly Clear,"Mostly clear. Low around 82, with temperatures rising to around 84 overnight. South southwest wind 5 to 10 mph."
63,2026-07-29T14:54:09Z,KDFW,Saturday,2026-08-01T06:00:00-05:00,1,100.0,Sunny then Slight Chance Showers And Thunderstorms,"A slight chance of showers and thunderstorms after 1pm. Sunny, with a high near 100. Northwest wind around 10 mph, with gusts as high as 20 mph. Chance of precipitation is 20%."
64,2026-07-29T14:54:09Z,KDFW,Saturday Night,2026-08-01T18:00:00-05:00,0,77.0,Slight Chance Showers And Thunderstorms then Mostly Clear,"A slight chance of showers and thunderstorms before 7pm. Mostly clear, with a low around 77. North northeast wind 5 to 10 mph, with gusts as high as 20 mph. Chance of precipitation is 20%."
65,2026-07-29T14:54:09Z,KDFW,Sunday,2026-08-02T06:00:00-05:00,1,97.0,Sunny,"Sunny, with a high near 97. North northeast wind 5 to 10 mph."
66,2026-07-29T14:54:09Z,KDFW,Sunday Night,2026-08-02T18:00:00-05:00,0,77.0,Clear,"Clear, with a low around 77."
67,2026-07-29T14:54:09Z,KDFW,Monday,2026-08-03T06:00:00-05:00,1,100.0,Sunny,"Sunny, with a high near 100."
68,2026-07-29T14:54:09Z,KDFW,Monday Night,2026-08-03T18:00:00-05:00,0,79.0,Clear,"Clear, with a low around 79."
69,2026-07-29T14:54:09Z,KDFW,Tuesday,2026-08-04T06:00:00-05:00,1,101.0,Sunny,"Sunny, with a high near 101."
70,2026-07-29T14:54:09Z,KDFW,Tuesday Night,2026-08-04T18:00:00-05:00,0,80.0,Mostly Clear,"Mostly clear, with a low around 80."
71,2026-07-29T14:54:09Z,KDEN,Today,2026-07-29T06:00:00-06:00,1,91.0,Mostly Sunny then Chance Showers And Thunderstorms,"A chance of showers and thunderstorms between 2pm and 3pm, then a chance of showers and thunderstorms between 3pm and 4pm, then showers and thunderstorms likely. Mostly sunny. High near 91, with temperatures falling to around 84 in the afternoon. South southwest wind 5 to 10 mph, with gusts as high as 16 mph. Chance of precipitation is 70%. New rainfall amounts between a tenth and quarter of an inch possible."
72,2026-07-29T14:54:09Z,KDEN,Tonight,2026-07-29T18:00:00-06:00,0,62.0,Showers And Thunderstorms Likely then Mostly Cloudy,"Showers and thunderstorms likely before 9pm. Mostly cloudy. Low around 62, with temperatures rising to around 66 overnight. South southwest wind 6 to 12 mph, with gusts as high as 18 mph. Chance of precipitation is 60%. New rainfall amounts less than a tenth of an inch possible."
73,2026-07-29T14:54:09Z,KDEN,Thursday,2026-07-30T06:00:00-06:00,1,93.0,Sunny then Chance Showers And Thunderstorms,"A chance of showers and thunderstorms after 4pm. Sunny. High near 93, with temperatures falling to around 89 in the afternoon. Northwest wind around 7 mph, with gusts as high as 17 mph. Chance of precipitation is 30%."
74,2026-07-29T14:54:09Z,KDEN,Thursday Night,2026-07-30T18:00:00-06:00,0,63.0,Slight Chance Showers And Thunderstorms then Mostly Clear,"A slight chance of showers and thunderstorms before midnight. Mostly clear, with a low around 63. West wind 3 to 7 mph. Chance of precipitation is 20%."
75,2026-07-29T14:54:09Z,KDEN,Friday,2026-07-31T06:00:00-06:00,1,92.0,Sunny,"Sunny, with a high near 92. North northwest wind 2 to 8 mph, with gusts as high as 18 mph."
76,2026-07-29T14:54:09Z,KDEN,Friday Night,2026-07-31T18:00:00-06:00,0,61.0,Chance Showers And Thunderstorms then Mostly Clear,"A chance of showers and thunderstorms before 9pm, then a chance of showers and thunderstorms between 9pm and midnight. Mostly clear, with a low around 61. Chance of precipitation is 40%."
77,2026-07-29T14:54:09Z,KDEN,Saturday,2026-08-01T06:00:00-06:00,1,94.0,Sunny,"Sunny, with a high near 94."
78,2026-07-29T14:54:09Z,KDEN,Saturday Night,2026-08-01T18:00:00-06:00,0,67.0,Mostly Clear,"Mostly clear, with a low around 67."
79,2026-07-29T14:54:09Z,KDEN,Sunday,2026-08-02T06:00:00-06:00,1,101.0,Sunny,"Sunny, with a high near 101."
80,2026-07-29T14:54:09Z,KDEN,Sunday Night,2026-08-02T18:00:00-06:00,0,71.0,Mostly Clear,"Mostly clear, with a low around 71."
81,2026-07-29T14:54:09Z,KDEN,Monday,2026-08-03T06:00:00-06:00,1,99.0,Sunny,"Sunny, with a high near 99."
82,2026-07-29T14:54:09Z,KDEN,Monday Night,2026-08-03T18:00:00-06:00,0,66.0,Chance Showers And Thunderstorms then Partly Cloudy,"A chance of showers and thunderstorms before midnight. Partly cloudy, with a low around 66."
83,2026-07-29T14:54:09Z,KDEN,Tuesday,2026-08-04T06:00:00-06:00,1,91.0,Mostly Sunny then Slight Chance Showers And Thunderstorms,"A slight chance of showers and thunderstorms after noon. Mostly sunny, with a high near 91."
84,2026-07-29T14:54:09Z,KDEN,Tuesday Night,2026-08-04T18:00:00-06:00,0,64.0,Chance Showers And Thunderstorms then Partly Cloudy,"A chance of showers and thunderstorms before midnight. Partly cloudy, with a low around 64."
85,2026-07-29T14:54:09Z,KIAH,Today,2026-07-29T08:00:00-05:00,1,99.0,Mostly Sunny then Slight Chance Showers And Thunderstorms,"A slight chance of showers and thunderstorms after 3pm. Mostly sunny, with a high near 99. Heat index values as high as 109. Southwest wind 0 to 5 mph. Chance of precipitation is 20%."
86,2026-07-29T14:54:09Z,KIAH,Tonight,2026-07-29T18:00:00-05:00,0,79.0,Slight Chance Showers And Thunderstorms then Partly Cloudy,"A slight chance of showers and thunderstorms before 7pm. Partly cloudy, with a low around 79. Heat index values as high as 107. South wind 5 to 10 mph. Chance of precipitation is 20%."
87,2026-07-29T14:54:09Z,KIAH,Thursday,2026-07-30T06:00:00-05:00,1,100.0,Mostly Sunny,"Mostly sunny, with a high near 100. Heat index values as high as 107. Southwest wind around 5 mph."
88,2026-07-29T14:54:09Z,KIAH,Thursday Night,2026-07-30T18:00:00-05:00,0,79.0,Partly Cloudy,"Partly cloudy, with a low around 79. Heat index values as high as 106. South wind 5 to 10 mph."
89,2026-07-29T14:54:09Z,KIAH,Friday,2026-07-31T06:00:00-05:00,1,100.0,Mostly Sunny,"Mostly sunny, with a high near 100. Southwest wind around 5 mph."
90,2026-07-29T14:54:09Z,KIAH,Friday Night,2026-07-31T18:00:00-05:00,0,80.0,Mostly Clear,"Mostly clear, with a low around 80."
91,2026-07-29T14:54:09Z,KIAH,Saturday,2026-08-01T06:00:00-05:00,1,101.0,Mostly Sunny,"Mostly sunny, with a high near 101."
92,2026-07-29T14:54:09Z,KIAH,Saturday Night,2026-08-01T18:00:00-05:00,0,80.0,Partly Cloudy then Slight Chance Showers And Thunderstorms,"A slight chance of showers and thunderstorms after 1am. Partly cloudy, with a low around 80. Chance of precipitation is 20%."
93,2026-07-29T14:54:09Z,KIAH,Sunday,2026-08-02T06:00:00-05:00,1,100.0,Slight Chance Showers And Thunderstorms,"A slight chance of showers and thunderstorms. Mostly sunny, with a high near 100. Chance of precipitation is 20%."
94,2026-07-29T14:54:09Z,KIAH,Sunday Night,2026-08-02T18:00:00-05:00,0,79.0,Slight Chance Showers And Thunderstorms then Mostly Clear,"A slight chance of showers and thunderstorms before 7pm. Mostly clear, with a low around 79. Chance of precipitation is 20%."
95,2026-07-29T14:54:09Z,KIAH,Monday,2026-08-03T06:00:00-05:00,1,101.0,Sunny,"Sunny, with a high near 101."
96,2026-07-29T14:54:09Z,KIAH,Monday Night,2026-08-03T18:00:00-05:00,0,79.0,Mostly Clear,"Mostly clear, with a low around 79."
97,2026-07-29T14:54:09Z,KIAH,Tuesday,2026-08-04T06:00:00-05:00,1,100.0,Sunny,"Sunny, with a high near 100."
98,2026-07-29T14:54:09Z,KIAH,Tuesday Night,2026-08-04T18:00:00-05:00,0,79.0,Mostly Clear,"Mostly clear, with a low around 79."
99,2026-07-29T14:54:09Z,KLAS,Today,2026-07-29T06:00:00-07:00,1,110.0,Sunny,"Sunny, with a high near 110. South southwest wind 7 to 12 mph, with gusts as high as 20 mph."
100,2026-07-29T14:54:09Z,KLAS,Tonight,2026-07-29T18:00:00-07:00,0,85.0,Mostly Clear,"Mostly clear. Low around 85, with temperatures rising to around 87 overnight. Southwest wind 6 to 12 mph, with gusts as high as 18 mph."
101,2026-07-29T14:54:09Z,KLAS,Thursday,2026-07-30T06:00:00-07:00,1,111.0,Sunny,"Sunny, with a high near 111. Southeast wind 1 to 7 mph."
102,2026-07-29T14:54:09Z,KLAS,Thursday Night,2026-07-30T18:00:00-07:00,0,87.0,Mostly Clear,"Mostly clear, with a low around 87. Southwest wind around 7 mph."
103,2026-07-29T14:54:09Z,KLAS,Friday,2026-07-31T06:00:00-07:00,1,113.0,Sunny,"Sunny, with a high near 113. South southeast wind around 5 mph."
104,2026-07-29T14:54:09Z,KLAS,Friday Night,2026-07-31T18:00:00-07:00,0,88.0,Clear,"Clear, with a low around 88."
105,2026-07-29T14:54:09Z,KLAS,Saturday,2026-08-01T06:00:00-07:00,1,116.0,Sunny,"Sunny, with a high near 116."
106,2026-07-29T14:54:09Z,KLAS,Saturday Night,2026-08-01T18:00:00-07:00,0,91.0,Clear,"Clear, with a low around 91."
107,2026-07-29T14:54:09Z,KLAS,Sunday,2026-08-02T06:00:00-07:00,1,115.0,Sunny,"Sunny, with a high near 115."
108,2026-07-29T14:54:09Z,KLAS,Sunday Night,2026-08-02T18:00:00-07:00,0,91.0,Clear,"Clear, with a low around 91."
109,2026-07-29T14:54:09Z,KLAS,Monday,2026-08-03T06:00:00-07:00,1,114.0,Sunny,"Sunny, with a high near 114."
110,2026-07-29T14:54:09Z,KLAS,Monday Night,2026-08-03T18:00:00-07:00,0,90.0,Clear,"Clear, with a low around 90."
111,2026-07-29T14:54:09Z,KLAS,Tuesday,2026-08-04T06:00:00-07:00,1,115.0,Sunny,"Sunny, with a high near 115."
112,2026-07-29T14:54:09Z,KLAS,Tuesday Night,2026-08-04T18:00:00-07:00,0,90.0,Mostly Clear,"Mostly clear, with a low around 90."
113,2026-07-29T14:54:09Z,KLAX,Today,2026-07-29T06:00:00-07:00,1,77.0,Patchy Fog then Mostly Sunny,"Patchy fog before 11am. Mostly sunny, with a high near 77. Southwest wind 5 to 10 mph."
114,2026-07-29T14:54:09Z,KLAX,Tonight,2026-07-29T18:00:00-07:00,0,67.0,Patchy Fog,"Patchy fog after 11pm. Mostly cloudy, with a low around 67. South southwest wind 0 to 10 mph."
115,2026-07-29T14:54:09Z,KLAX,Thursday,2026-07-30T06:00:00-07:00,1,78.0,Patchy Fog then Mostly Sunny,"Patchy fog before 11am. Mostly sunny, with a high near 78. South southwest wind 5 to 10 mph."
116,2026-07-29T14:54:09Z,KLAX,Thursday Night,2026-07-30T18:00:00-07:00,0,67.0,Patchy Fog,"Patchy fog after 11pm. Mostly cloudy, with a low around 67. Southwest wind 5 to 10 mph."
117,2026-07-29T14:54:09Z,KLAX,Friday,2026-07-31T06:00:00-07:00,1,81.0,Patchy Fog then Mostly Sunny,"Patchy fog before 11am. Mostly sunny, with a high near 81. Southwest wind 0 to 10 mph."
118,2026-07-29T14:54:09Z,KLAX,Friday Night,2026-07-31T18:00:00-07:00,0,68.0,Partly Cloudy,"Partly cloudy, with a low around 68."
119,2026-07-29T14:54:09Z,KLAX,Saturday,2026-08-01T06:00:00-07:00,1,79.0,Mostly Sunny,"Mostly sunny, with a high near 79."
120,2026-07-29T14:54:09Z,KLAX,Saturday Night,2026-08-01T18:00:00-07:00,0,69.0,Mostly Clear,"Mostly clear, with a low around 69."
121,2026-07-29T14:54:09Z,KLAX,Sunday,2026-08-02T06:00:00-07:00,1,80.0,Sunny,"Sunny, with a high near 80."
122,2026-07-29T14:54:09Z,KLAX,Sunday Night,2026-08-02T18:00:00-07:00,0,68.0,Partly Cloudy,"Partly cloudy, with a low around 68."
123,2026-07-29T14:54:09Z,KLAX,Monday,2026-08-03T06:00:00-07:00,1,78.0,Sunny,"Sunny, with a high near 78."
124,2026-07-29T14:54:09Z,KLAX,Monday Night,2026-08-03T18:00:00-07:00,0,67.0,Partly Cloudy,"Partly cloudy, with a low around 67."
125,2026-07-29T14:54:09Z,KLAX,Tuesday,2026-08-04T06:00:00-07:00,1,78.0,Sunny,"Sunny, with a high near 78."
126,2026-07-29T14:54:09Z,KLAX,Tuesday Night,2026-08-04T18:00:00-07:00,0,67.0,Mostly Clear,"Mostly clear, with a low around 67."
127,2026-07-29T14:54:09Z,KMIA,Today,2026-07-29T10:00:00-04:00,1,94.0,Mostly Sunny then Slight Chance Showers And Thunderstorms,"A slight chance of showers and thunderstorms between 1pm and 4pm. Mostly sunny, with a high near 94. Heat index values as high as 103. Southwest wind 12 to 15 mph, with gusts as high as 25 mph. Chance of precipitation is 20%."
128,2026-07-29T14:54:09Z,KMIA,Tonight,2026-07-29T18:00:00-04:00,0,79.0,Mostly Clear,"Mostly clear, with a low around 79. Heat index values as high as 100. Southwest wind 8 to 15 mph, with gusts as high as 23 mph."
129,2026-07-29T14:54:09Z,KMIA,Thursday,2026-07-30T06:00:00-04:00,1,95.0,Partly Sunny then Slight Chance Showers And Thunderstorms,"A slight chance of showers and thunderstorms between 2pm and 5pm. Partly sunny, with a high near 95. Heat index values as high as 105. Southwest wind 7 to 14 mph, with gusts as high as 22 mph. Chance of precipitation is 20%. New rainfall amounts less than a tenth of an inch possible."
130,2026-07-29T14:54:09Z,KMIA,Thursday Night,2026-07-30T18:00:00-04:00,0,79.0,Partly Cloudy,"Partly cloudy, with a low around 79. Heat index values as high as 100. West wind 3 to 14 mph, with gusts as high as 21 mph."
131,2026-07-29T14:54:09Z,KMIA,Friday,2026-07-31T06:00:00-04:00,1,94.0,Partly Sunny then Slight Chance Showers And Thunderstorms,"A slight chance of showers and thunderstorms after 2pm. Partly sunny, with a high near 94. Southwest wind 0 to 12 mph, with gusts as high as 18 mph. Chance of precipitation is 20%."
132,2026-07-29T14:54:09Z,KMIA,Friday Night,2026-07-31T18:00:00-04:00,0,80.0,Slight Chance Showers And Thunderstorms then Mostly Cloudy,"A slight chance of showers and thunderstorms before 8pm. Mostly cloudy, with a low around 80. Southwest wind 1 to 12 mph. Chance of precipitation is 20%."
133,2026-07-29T14:54:09Z,KMIA,Saturday,2026-08-01T06:00:00-04:00,1,93.0,Partly Sunny then Chance Showers And Thunderstorms,"A chance of showers and thunderstorms after 2pm. Partly sunny, with a high near 93. Southwest wind 0 to 10 mph. Chance of precipitation is 50%."
134,2026-07-29T14:54:09Z,KMIA,Saturday Night,2026-08-01T18:00:00-04:00,0,80.0,Chance Showers And Thunderstorms,"A chance of showers and thunderstorms before 2am. Mostly cloudy, with a low around 80. South wind 5 to 9 mph. Chance of precipitation is 50%."
135,2026-07-29T14:54:09Z,KMIA,Sunday,2026-08-02T06:00:00-04:00,1,92.0,Chance Showers And Thunderstorms,"A chance of showers and thunderstorms after 8am. Partly sunny, with a high near 92. South wind 5 to 12 mph, with gusts as high as 20 mph. Chance of precipitation is 30%."
136,2026-07-29T14:54:09Z,KMIA,Sunday Night,2026-08-02T18:00:00-04:00,0,81.0,Chance Showers And Thunderstorms then Partly Cloudy,"A chance of showers and thunderstorms before 8pm. Partly cloudy, with a low around 81. Chance of precipitation is 30%."
137,2026-07-29T14:54:09Z,KMIA,Monday,2026-08-03T06:00:00-04:00,1,92.0,Chance Showers And Thunderstorms,"A chance of showers and thunderstorms after 8am. Mostly sunny, with a high near 92. Chance of precipitation is 40%."
138,2026-07-29T14:54:09Z,KMIA,Monday Night,2026-08-03T18:00:00-04:00,0,81.0,Chance Showers And Thunderstorms,"A chance of showers and thunderstorms before 2am. Partly cloudy, with a low around 81. Chance of precipitation is 40%."
139,2026-07-29T14:54:09Z,KMIA,Tuesday,2026-08-04T06:00:00-04:00,1,91.0,Chance Showers And Thunderstorms,"A chance of showers and thunderstorms after 8am. Mostly sunny, with a high near 91. Chance of precipitation is 50%."
140,2026-07-29T14:54:09Z,KMIA,Tuesday Night,2026-08-04T18:00:00-04:00,0,80.0,Chance Showers And Thunderstorms,"A chance of showers and thunderstorms before 2am. Partly cloudy, with a low around 80."
141,2026-07-29T14:54:09Z,KMSP,Today,2026-07-29T06:00:00-05:00,1,91.0,Mostly Sunny then Patchy Smoke,"Patchy smoke between 1pm and 4pm, then patchy smoke and a slight chance of rain showers. Mostly sunny, with a high near 91. South southeast wind around 5 mph. Chance of precipitation is 20%."
142,2026-07-29T14:54:09Z,KMSP,Tonight,2026-07-29T18:00:00-05:00,0,73.0,Patchy Smoke,"Patchy smoke and a slight chance of rain showers. Partly cloudy, with a low around 73. South wind around 10 mph. Chance of precipitation is 20%."
143,2026-07-29T14:54:09Z,KMSP,Thursday,2026-07-30T06:00:00-05:00,1,89.0,Patchy Smoke then Partly Sunny,"Patchy smoke before 7am. Partly sunny, with a high near 89. South wind 5 to 15 mph."
144,2026-07-29T14:54:09Z,KMSP,Thursday Night,2026-07-30T18:00:00-05:00,0,69.0,Chance Showers And Thunderstorms,"A chance of showers and thunderstorms between 7pm and 10pm, then a chance of showers and thunderstorms between 10pm and 1am, then showers and thunderstorms. Mostly cloudy, with a low around 69. South southeast wind around 15 mph. Chance of precipitation is 80%. New rainfall amounts between a half and three quarters of an inch possible."
145,2026-07-29T14:54:09Z,KMSP,Friday,2026-07-31T06:00:00-05:00,1,78.0,Showers And Thunderstorms,"Showers and thunderstorms. Mostly cloudy, with a high near 78. East wind 10 to 15 mph. Chance of precipitation is 80%. New rainfall amounts between three quarters and one inch possible."
146,2026-07-29T14:54:09Z,KMSP,Friday Night,2026-07-31T18:00:00-05:00,0,65.0,Chance Rain Showers,"A chance of rain showers before 1am. Partly cloudy, with a low around 65. North northeast wind 5 to 15 mph. Chance of precipitation is 50%. New rainfall amounts between a tenth and quarter of an inch possible."
147,2026-07-29T14:54:09Z,KMSP,Saturday,2026-08-01T06:00:00-05:00,1,84.0,Sunny,"Sunny, with a high near 84. North wind 5 to 10 mph."
148,2026-07-29T14:54:09Z,KMSP,Saturday Night,2026-08-01T18:00:00-05:00,0,65.0,Mostly Clear,"Mostly clear, with a low around 65. East northeast wind 0 to 10 mph."
149,2026-07-29T14:54:09Z,KMSP,Sunday,2026-08-02T06:00:00-05:00,1,84.0,Sunny,"Sunny, with a high near 84. East southeast wind 0 to 5 mph."
150,2026-07-29T14:54:09Z,KMSP,Sunday Night,2026-08-02T18:00:00-05:00,0,67.0,Mostly Clear,"Mostly clear, with a low around 67. South southeast wind 5 to 10 mph."
151,2026-07-29T14:54:09Z,KMSP,Monday,2026-08-03T06:00:00-05:00,1,87.0,Sunny,"Sunny, with a high near 87. South wind 5 to 10 mph."
152,2026-07-29T14:54:09Z,KMSP,Monday Night,2026-08-03T18:00:00-05:00,0,69.0,Partly Cloudy then Slight Chance Showers And Thunderstorms,"A slight chance of showers and thunderstorms after 1am. Partly cloudy, with a low around 69. South southwest wind 5 to 10 mph. Chance of precipitation is 20%."
153,2026-07-29T14:54:09Z,KMSP,Tuesday,2026-08-04T06:00:00-05:00,1,85.0,Slight Chance Showers And Thunderstorms then Mostly Sunny,"A slight chance of showers and thunderstorms before 7am. Mostly sunny, with a high near 85. West northwest wind 5 to 10 mph. Chance of precipitation is 20%."
154,2026-07-29T14:54:09Z,KMSP,Tuesday Night,2026-08-04T18:00:00-05:00,0,66.0,Chance Rain Showers,"A chance of rain showers after 7pm. Partly cloudy, with a low around 66. North northwest wind 0 to 10 mph. Chance of precipitation is 30%."
155,2026-07-29T14:54:09Z,KMSY,Today,2026-07-29T09:00:00-05:00,1,97.0,Mostly Sunny,"Mostly sunny, with a high near 97. Heat index values as high as 109. West wind 5 to 10 mph."
156,2026-07-29T14:54:09Z,KMSY,Tonight,2026-07-29T18:00:00-05:00,0,80.0,Partly Cloudy,"Partly cloudy, with a low around 80. Heat index values as high as 107. West wind around 10 mph."
157,2026-07-29T14:54:09Z,KMSY,Thursday,2026-07-30T06:00:00-05:00,1,94.0,Mostly Sunny then Chance Showers And Thunderstorms,"A chance of showers and thunderstorms after 4pm. Mostly sunny. High near 94, with temperatures falling to around 92 in the afternoon. Heat index values as high as 107. West wind 5 to 10 mph. Chance of precipitation is 40%. New rainfall amounts less than a tenth of an inch possible."
158,2026-07-29T14:54:09Z,KMSY,Thursday Night,2026-07-30T18:00:00-05:00,0,79.0,Chance Showers And Thunderstorms,"A chance of showers and thunderstorms before 7pm, then a chance of showers and thunderstorms between 7pm and 1am. Mostly cloudy, with a low around 79. Southwest wind 5 to 10 mph. Chance of precipitation is 30%."
159,2026-07-29T14:54:09Z,KMSY,Friday,2026-07-31T06:00:00-05:00,1,93.0,Mostly Sunny then Chance Showers And Thunderstorms,"A chance of showers and thunderstorms after 1pm. Mostly sunny, with a high near 93. West wind around 10 mph. Chance of precipitation is 50%."
160,2026-07-29T14:54:09Z,KMSY,Friday Night,2026-07-31T18:00:00-05:00,0,79.0,Chance Showers And Thunderstorms then Partly Cloudy,"A chance of showers and thunderstorms before 7pm. Partly cloudy, with a low around 79. Southwest wind around 10 mph. Chance of precipitation is 50%."
161,2026-07-29T14:54:09Z,KMSY,Saturday,2026-08-01T06:00:00-05:00,1,92.0,Chance Showers And Thunderstorms,"A chance of showers and thunderstorms after 7am. Partly sunny, with a high near 92. West wind 10 to 15 mph. Chance of precipitation is 50%."
162,2026-07-29T14:54:09Z,KMSY,Saturday Night,2026-08-01T18:00:00-05:00,0,78.0,Chance Showers And Thunderstorms,"A chance of showers and thunderstorms. Mostly cloudy, with a low around 78. Southwest wind around 10 mph."
163,2026-07-29T14:54:09Z,KMSY,Sunday,2026-08-02T06:00:00-05:00,1,90.0,Chance Showers And Thunderstorms then Showers And Thunderstorms Likely,"A chance of showers and thunderstorms before 7am, then showers and thunderstorms likely between 7am and 1pm, then showers and thunderstorms likely. Partly sunny, with a high near 90. West wind 10 to 15 mph."
164,2026-07-29T14:54:09Z,KMSY,Sunday Night,2026-08-02T18:00:00-05:00,0,77.0,Showers And Thunderstorms Likely,"Showers and thunderstorms likely before 1am, then a chance of showers and thunderstorms. Partly cloudy, with a low around 77. Southwest wind 5 to 10 mph."
165,2026-07-29T14:54:09Z,KMSY,Monday,2026-08-03T06:00:00-05:00,1,91.0,Chance Showers And Thunderstorms,"A chance of showers and thunderstorms before 7am, then a chance of showers and thunderstorms. Mostly sunny, with a high near 91. West wind 5 to 10 mph."
166,2026-07-29T14:54:09Z,KMSY,Monday Night,2026-08-03T18:00:00-05:00,0,77.0,Chance Showers And Thunderstorms then Partly Cloudy,"A chance of showers and thunderstorms before 7pm. Partly cloudy, with a low around 77. Southwest wind 5 to 10 mph."
167,2026-07-29T14:54:09Z,KMSY,Tuesday,2026-08-04T06:00:00-05:00,1,92.0,Chance Showers And Thunderstorms,"A chance of showers and thunderstorms after 7am. Mostly sunny, with a high near 92. Southwest wind 5 to 10 mph."
168,2026-07-29T14:54:09Z,KMSY,Tuesday Night,2026-08-04T18:00:00-05:00,0,78.0,Chance Showers And Thunderstorms then Partly Cloudy,"A chance of showers and thunderstorms before 7pm. Partly cloudy, with a low around 78. Southwest wind 5 to 10 mph."
169,2026-07-29T14:54:09Z,KNYC,Today,2026-07-29T06:00:00-04:00,1,79.0,Chance Showers And Thunderstorms,"A chance of showers and thunderstorms before 11am, then a chance of showers and thunderstorms. Partly sunny. High near 79, with temperatures falling to around 77 in the afternoon. Northwest wind around 6 mph. Chance of precipitation is 50%. New rainfall amounts between a quarter and half of an inch possible."
170,2026-07-29T14:54:09Z,KNYC,Tonight,2026-07-29T18:00:00-04:00,0,66.0,Chance Showers And Thunderstorms,"A chance of showers and thunderstorms. Partly cloudy. Low around 66, with temperatures rising to around 68 overnight. Northwest wind around 7 mph. Chance of precipitation is 50%. New rainfall amounts between a tenth and quarter of an inch possible."
171,2026-07-29T14:54:09Z,KNYC,Thursday,2026-07-30T06:00:00-04:00,1,77.0,Chance Showers And Thunderstorms,"A slight chance of rain showers before 2pm, then a chance of showers and thunderstorms. Partly sunny, with a high near 77. Northwest wind around 8 mph. Chance of precipitation is 50%. New rainfall amounts less than a tenth of an inch possible."
172,2026-07-29T14:54:09Z,KNYC,Thursday Night,2026-07-30T18:00:00-04:00,0,67.0,Chance Showers And Thunderstorms then Partly Cloudy,"A chance of showers and thunderstorms before 8pm. Partly cloudy, with a low around 67. North wind around 6 mph. Chance of precipitation is 30%. New rainfall amounts less than a tenth of an inch possible."
173,2026-07-29T14:54:09Z,KNYC,Friday,2026-07-31T06:00:00-04:00,1,82.0,Mostly Sunny,"Mostly sunny, with a high near 82. Northeast wind 0 to 5 mph."
174,2026-07-29T14:54:09Z,KNYC,Friday Night,2026-07-31T18:00:00-04:00,0,69.0,Partly Cloudy,"Partly cloudy, with a low around 69."
175,2026-07-29T14:54:09Z,KNYC,Saturday,2026-08-01T06:00:00-04:00,1,82.0,Mostly Sunny,"Mostly sunny, with a high near 82."
176,2026-07-29T14:54:09Z,KNYC,Saturday Night,2026-08-01T18:00:00-04:00,0,70.0,Mostly Cloudy,"Mostly cloudy, with a low around 70."
177,2026-07-29T14:54:09Z,KNYC,Sunday,2026-08-02T06:00:00-04:00,1,82.0,Chance Rain Showers,"A chance of rain showers between 8am and 2pm, then a chance of showers and thunderstorms. Partly sunny, with a high near 82. Chance of precipitation is 30%."
178,2026-07-29T14:54:09Z,KNYC,Sunday Night,2026-08-02T18:00:00-04:00,0,71.0,Chance Showers And Thunderstorms,"A chance of showers and thunderstorms. Mostly cloudy, with a low around 71. Chance of precipitation is 30%."
179,2026-07-29T14:54:09Z,KNYC,Monday,2026-08-03T06:00:00-04:00,1,84.0,Chance Rain Showers,"A chance of rain showers before 2pm, then a chance of showers and thunderstorms. Mostly cloudy, with a high near 84. Chance of precipitation is 50%."
180,2026-07-29T14:54:09Z,KNYC,Monday Night,2026-08-03T18:00:00-04:00,0,71.0,Chance Showers And Thunderstorms,"A chance of showers and thunderstorms. Mostly cloudy, with a low around 71. Chance of precipitation is 50%."
181,2026-07-29T14:54:09Z,KNYC,Tuesday,2026-08-04T06:00:00-04:00,1,84.0,Chance Showers And Thunderstorms,"A slight chance of rain showers before 2pm, then a chance of showers and thunderstorms. Mostly sunny, with a high near 84. Chance of precipitation is 30%."
182,2026-07-29T14:54:09Z,KNYC,Tuesday Night,2026-08-04T18:00:00-04:00,0,71.0,Chance Showers And Thunderstorms,"A chance of showers and thunderstorms. Partly cloudy, with a low around 71."
183,2026-07-29T14:54:09Z,KOKC,Today,2026-07-29T06:00:00-05:00,1,102.0,Mostly Sunny,"Mostly sunny, with a high near 102. Heat index values as high as 107. South southwest wind 7 to 10 mph."
184,2026-07-29T14:54:09Z,KOKC,Tonight,2026-07-29T18:00:00-05:00,0,77.0,Mostly Clear,"Mostly clear, with a low around 77. Heat index values as high as 104. Southeast wind around 12 mph."
185,2026-07-29T14:54:09Z,KOKC,Thursday,2026-07-30T06:00:00-05:00,1,101.0,Sunny,"Sunny, with a high near 101. Heat index values as high as 106. South wind 8 to 14 mph, with gusts as high as 20 mph."
186,2026-07-29T14:54:09Z,KOKC,Thursday Night,2026-07-30T18:00:00-05:00,0,77.0,Mostly Clear,"Mostly clear, with a low around 77. Heat index values as high as 104. South wind around 14 mph, with gusts as high as 21 mph."
187,2026-07-29T14:54:09Z,KOKC,Friday,2026-07-31T06:00:00-05:00,1,102.0,Slight Chance Rain Showers,"A slight chance of rain showers between 7am and 1pm. Mostly sunny, with a high near 102. West southwest wind around 13 mph, with gusts as high as 20 mph. Chance of precipitation is 20%."
188,2026-07-29T14:54:09Z,KOKC,Friday Night,2026-07-31T18:00:00-05:00,0,74.0,Slight Chance Showers And Thunderstorms,"A slight chance of showers and thunderstorms between 7pm and 1am. Mostly clear, with a low around 74. Chance of precipitation is 20%."
189,2026-07-29T14:54:09Z,KOKC,Saturday,2026-08-01T06:00:00-05:00,1,94.0,Sunny,"Sunny, with a high near 94."
190,2026-07-29T14:54:09Z,KOKC,Saturday Night,2026-08-01T18:00:00-05:00,0,70.0,Clear,"Clear, with a low around 70."
191,2026-07-29T14:54:09Z,KOKC,Sunday,2026-08-02T06:00:00-05:00,1,93.0,Sunny,"Sunny, with a high near 93."
192,2026-07-29T14:54:09Z,KOKC,Sunday Night,2026-08-02T18:00:00-05:00,0,71.0,Clear,"Clear, with a low around 71."
193,2026-07-29T14:54:09Z,KOKC,Monday,2026-08-03T06:00:00-05:00,1,95.0,Sunny,"Sunny, with a high near 95."
194,2026-07-29T14:54:09Z,KOKC,Monday Night,2026-08-03T18:00:00-05:00,0,72.0,Clear,"Clear, with a low around 72."
195,2026-07-29T14:54:09Z,KOKC,Tuesday,2026-08-04T06:00:00-05:00,1,96.0,Sunny,"Sunny, with a high near 96."
196,2026-07-29T14:54:09Z,KOKC,Tuesday Night,2026-08-04T18:00:00-05:00,0,73.0,Mostly Clear,"Mostly clear, with a low around 73."
197,2026-07-29T14:54:09Z,KPHL,Today,2026-07-29T10:00:00-04:00,1,83.0,Partly Sunny,"Partly sunny, with a high near 83. Northwest wind around 15 mph."
198,2026-07-29T14:54:09Z,KPHL,Tonight,2026-07-29T18:00:00-04:00,0,66.0,Partly Cloudy,"Partly cloudy, with a low around 66. Northwest wind 10 to 15 mph."
199,2026-07-29T14:54:09Z,KPHL,Thursday,2026-07-30T06:00:00-04:00,1,82.0,Mostly Sunny then Slight Chance Rain Showers,"A slight chance of rain showers after 2pm. Mostly sunny, with a high near 82. Northwest wind 10 to 15 mph. New rainfall amounts less than a tenth of an inch possible."
200,2026-07-29T14:54:09Z,KPHL,Thursday Night,2026-07-30T18:00:00-04:00,0,67.0,Slight Chance Rain Showers then Partly Cloudy,"A slight chance of rain showers before 7pm. Partly cloudy, with a low around 67. North wind 5 to 10 mph. New rainfall amounts less than a tenth of an inch possible."
201,2026-07-29T14:54:09Z,KPHL,Friday,2026-07-31T06:00:00-04:00,1,85.0,Sunny,"Sunny, with a high near 85. North wind around 5 mph."
202,2026-07-29T14:54:09Z,KPHL,Friday Night,2026-07-31T18:00:00-04:00,0,68.0,Partly Cloudy,"Partly cloudy, with a low around 68."
203,2026-07-29T14:54:09Z,KPHL,Saturday,2026-08-01T06:00:00-04:00,1,86.0,Partly Sunny,"Partly sunny, with a high near 86."
204,2026-07-29T14:54:09Z,KPHL,Saturday Night,2026-08-01T18:00:00-04:00,0,70.0,Mostly Cloudy,"Mostly cloudy, with a low around 70."
205,2026-07-29T14:54:09Z,KPHL,Sunday,2026-08-02T06:00:00-04:00,1,86.0,Partly Sunny then Chance Showers And Thunderstorms,"A chance of showers and thunderstorms after 2pm. Partly sunny, with a high near 86. Chance of precipitation is 30%."
206,2026-07-29T14:54:09Z,KPHL,Sunday Night,2026-08-02T18:00:00-04:00,0,70.0,Chance Showers And Thunderstorms,"A chance of showers and thunderstorms. Mostly cloudy, with a low around 70. Chance of precipitation is 30%."
207,2026-07-29T14:54:09Z,KPHL,Monday,2026-08-03T06:00:00-04:00,1,85.0,Chance Rain Showers then Chance Showers And Thunderstorms,"A chance of rain showers before 2pm, then a chance of showers and thunderstorms. Mostly cloudy, with a high near 85. Chance of precipitation is 50%."
208,2026-07-29T14:54:09Z,KPHL,Monday Night,2026-08-03T18:00:00-04:00,0,70.0,Chance Showers And Thunderstorms,"A chance of showers and thunderstorms before 8pm, then a chance of showers and thunderstorms. Mostly cloudy, with a low around 70. Chance of precipitation is 50%."
209,2026-07-29T14:54:09Z,KPHL,Tuesday,2026-08-04T06:00:00-04:00,1,87.0,Chance Rain Showers,"A chance of rain showers before 2pm, then a chance of showers and thunderstorms. Mostly sunny, with a high near 87. Chance of precipitation is 40%."
210,2026-07-29T14:54:09Z,KPHL,Tuesday Night,2026-08-04T18:00:00-04:00,0,70.0,Chance Showers And Thunderstorms,"A chance of showers and thunderstorms. Mostly cloudy, with a low around 70."
211,2026-07-29T14:54:09Z,KPHX,Today,2026-07-29T07:00:00-07:00,1,111.0,Sunny,"Sunny. High near 111, with temperatures falling to around 109 in the afternoon. Heat index values as high as 111. West southwest wind 5 to 10 mph."
212,2026-07-29T14:54:09Z,KPHX,Tonight,2026-07-29T18:00:00-07:00,0,91.0,Mostly Clear,"Mostly clear, with a low around 91. West wind 5 to 10 mph."
213,2026-07-29T14:54:09Z,KPHX,Thursday,2026-07-30T06:00:00-07:00,1,114.0,Mostly Sunny,"Mostly sunny. High near 114, with temperatures falling to around 111 in the afternoon. Heat index values as high as 111. Southwest wind 5 to 10 mph."
214,2026-07-29T14:54:09Z,KPHX,Thursday Night,2026-07-30T18:00:00-07:00,0,91.0,Mostly Clear,"Mostly clear, with a low around 91. West southwest wind 5 to 10 mph."
215,2026-07-29T14:54:09Z,KPHX,Friday,2026-07-31T06:00:00-07:00,1,116.0,Sunny,"Sunny, with a high near 116. West southwest wind 5 to 15 mph, with gusts as high as 25 mph."
216,2026-07-29T14:54:09Z,KPHX,Friday Night,2026-07-31T18:00:00-07:00,0,92.0,Mostly Clear,"Mostly clear, with a low around 92. West wind 5 to 15 mph, with gusts as high as 20 mph."
217,2026-07-29T14:54:09Z,KPHX,Saturday,2026-08-01T06:00:00-07:00,1,116.0,Mostly Sunny,"Mostly sunny, with a high near 116. Southwest wind 5 to 15 mph, with gusts as high as 20 mph."
218,2026-07-29T14:54:09Z,KPHX,Saturday Night,2026-08-01T18:00:00-07:00,0,93.0,Mostly Clear,"Mostly clear, with a low around 93. Southwest wind 0 to 10 mph."
219,2026-07-29T14:54:09Z,KPHX,Sunday,2026-08-02T06:00:00-07:00,1,116.0,Sunny then Slight Chance Showers And Thunderstorms,"A slight chance of showers and thunderstorms after 5pm. Sunny, with a high near 116. West southwest wind 0 to 10 mph, with gusts as high as 20 mph. Chance of precipitation is 20%. New rainfall amounts less than a tenth of an inch possible."
220,2026-07-29T14:54:09Z,KPHX,Sunday Night,2026-08-02T18:00:00-07:00,0,93.0,Slight Chance Showers And Thunderstorms then Partly Cloudy,"A slight chance of showers and thunderstorms before 11pm. Partly cloudy, with a low around 93. South southwest wind 5 to 10 mph, with gusts as high as 20 mph. Chance of precipitation is 20%. New rainfall amounts less than a tenth of an inch possible."
221,2026-07-29T14:54:09Z,KPHX,Monday,2026-08-03T06:00:00-07:00,1,114.0,Sunny then Slight Chance Showers And Thunderstorms,"A slight chance of showers and thunderstorms after 5pm. Sunny, with a high near 114. South southwest wind 5 to 10 mph, with gusts as high as 20 mph. New rainfall amounts less than a tenth of an inch possible."
222,2026-07-29T14:54:09Z,KPHX,Monday Night,2026-08-03T18:00:00-07:00,0,92.0,Slight Chance Showers And Thunderstorms then Partly Cloudy,"A slight chance of showers and thunderstorms before 11pm. Partly cloudy, with a low around 92. West wind 5 to 10 mph. New rainfall amounts less than a tenth of an inch possible."
223,2026-07-29T14:54:09Z,KPHX,Tuesday,2026-08-04T06:00:00-07:00,1,112.0,Mostly Sunny then Chance Showers And Thunderstorms,"A chance of showers and thunderstorms after 5pm. Mostly sunny, with a high near 112. West southwest wind 5 to 10 mph, with gusts as high as 20 mph. Chance of precipitation is 30%. New rainfall amounts less than a tenth of an inch possible."
224,2026-07-29T14:54:09Z,KPHX,Tuesday Night,2026-08-04T18:00:00-07:00,0,91.0,Chance Showers And Thunderstorms then Mostly Cloudy,"A chance of showers and thunderstorms before 11pm. Mostly cloudy, with a low around 91. South southeast wind around 5 mph, with gusts as high as 20 mph. Chance of precipitation is 30%. New rainfall amounts less than a tenth of an inch possible."
225,2026-07-29T14:54:09Z,KSAT,Today,2026-07-29T07:00:00-05:00,1,99.0,Mostly Sunny,"Mostly sunny, with a high near 99. Heat index values as high as 107. South southeast wind 5 to 10 mph."
226,2026-07-29T14:54:09Z,KSAT,Tonight,2026-07-29T18:00:00-05:00,0,77.0,Mostly Clear,"Mostly clear, with a low around 77. Heat index values as high as 106. South southeast wind 5 to 15 mph, with gusts as high as 25 mph."
227,2026-07-29T14:54:09Z,KSAT,Thursday,2026-07-30T06:00:00-05:00,1,100.0,Mostly Sunny,"Mostly sunny, with a high near 100. Heat index values as high as 107. South wind 5 to 10 mph."
228,2026-07-29T14:54:09Z,KSAT,Thursday Night,2026-07-30T18:00:00-05:00,0,76.0,Mostly Clear,"Mostly clear, with a low around 76. Heat index values as high as 104. South southeast wind 5 to 15 mph, with gusts as high as 25 mph."
229,2026-07-29T14:54:09Z,KSAT,Friday,2026-07-31T06:00:00-05:00,1,102.0,Sunny,"Sunny, with a high near 102. South wind around 5 mph."
230,2026-07-29T14:54:09Z,KSAT,Friday Night,2026-07-31T18:00:00-05:00,0,78.0,Mostly Clear,"Mostly clear, with a low around 78. South wind 5 to 10 mph."
231,2026-07-29T14:54:09Z,KSAT,Saturday,2026-08-01T06:00:00-05:00,1,102.0,Mostly Sunny,"Mostly sunny, with a high near 102. South southwest wind 0 to 5 mph."
232,2026-07-29T14:54:09Z,KSAT,Saturday Night,2026-08-01T18:00:00-05:00,0,79.0,Partly Cloudy,"Partly cloudy, with a low around 79. South southeast wind around 5 mph."
233,2026-07-29T14:54:09Z,KSAT,Sunday,2026-08-02T06:00:00-05:00,1,100.0,Mostly Sunny,"Mostly sunny, with a high near 100. North northwest wind around 5 mph."
234,2026-07-29T14:54:09Z,KSAT,Sunday Night,2026-08-02T18:00:00-05:00,0,79.0,Mostly Clear,"Mostly clear, with a low around 79."
235,2026-07-29T14:54:09Z,KSAT,Monday,2026-08-03T06:00:00-05:00,1,101.0,Sunny,"Sunny, with a high near 101."
236,2026-07-29T14:54:09Z,KSAT,Monday Night,2026-08-03T18:00:00-05:00,0,78.0,Mostly Clear,"Mostly clear, with a low around 78."
237,2026-07-29T14:54:09Z,KSAT,Tuesday,2026-08-04T06:00:00-05:00,1,100.0,Sunny,"Sunny, with a high near 100."
238,2026-07-29T14:54:09Z,KSAT,Tuesday Night,2026-08-04T18:00:00-05:00,0,77.0,Mostly Clear,"Mostly clear, with a low around 77."
239,2026-07-29T14:54:09Z,KSFO,Today,2026-07-29T07:00:00-07:00,1,72.0,Sunny,"Sunny. High near 72, with temperatures falling to around 70 in the afternoon. West wind 10 to 23 mph, with gusts as high as 29 mph."
240,2026-07-29T14:54:09Z,KSFO,Tonight,2026-07-29T18:00:00-07:00,0,58.0,Mostly Clear,"Mostly clear, with a low around 58. West southwest wind 10 to 22 mph, with gusts as high as 28 mph."
241,2026-07-29T14:54:09Z,KSFO,Thursday,2026-07-30T06:00:00-07:00,1,73.0,Mostly Sunny,"Mostly sunny, with a high near 73. West southwest wind 10 to 21 mph, with gusts as high as 26 mph."
242,2026-07-29T14:54:09Z,KSFO,Thursday Night,2026-07-30T18:00:00-07:00,0,57.0,Mostly Clear,"Mostly clear, with a low around 57. West southwest wind 9 to 21 mph, with gusts as high as 26 mph."
243,2026-07-29T14:54:09Z,KSFO,Friday,2026-07-31T06:00:00-07:00,1,76.0,Sunny,"Sunny, with a high near 76. West southwest wind 8 to 22 mph, with gusts as high as 26 mph."
244,2026-07-29T14:54:09Z,KSFO,Friday Night,2026-07-31T18:00:00-07:00,0,58.0,Mostly Clear,"Mostly clear, with a low around 58."
245,2026-07-29T14:54:09Z,KSFO,Saturday,2026-08-01T06:00:00-07:00,1,78.0,Sunny,"Sunny, with a high near 78."
246,2026-07-29T14:54:09Z,KSFO,Saturday Night,2026-08-01T18:00:00-07:00,0,57.0,Mostly Clear,"Mostly clear, with a low around 57."
247,2026-07-29T14:54:09Z,KSFO,Sunday,2026-08-02T06:00:00-07:00,1,77.0,Sunny,"Sunny, with a high near 77."
248,2026-07-29T14:54:09Z,KSFO,Sunday Night,2026-08-02T18:00:00-07:00,0,57.0,Mostly Clear,"Mostly clear, with a low around 57."
249,2026-07-29T14:54:09Z,KSFO,Monday,2026-08-03T06:00:00-07:00,1,76.0,Sunny,"Sunny, with a high near 76."
250,2026-07-29T14:54:09Z,KSFO,Monday Night,2026-08-03T18:00:00-07:00,0,58.0,Mostly Clear,"Mostly clear, with a low around 58."
251,2026-07-29T14:54:09Z,KSFO,Tuesday,2026-08-04T06:00:00-07:00,1,75.0,Sunny,"Sunny, with a high near 75."
252,2026-07-29T14:54:09Z,KSFO,Tuesday Night,2026-08-04T18:00:00-07:00,0,57.0,Mostly Clear,"Mostly clear, with a low around 57."
253,2026-07-29T14:54:09Z,KSEA,Today,2026-07-29T06:00:00-07:00,1,76.0,Mostly Sunny,"Mostly sunny, with a high near 76. North northwest wind 0 to 7 mph."
254,2026-07-29T14:54:09Z,KSEA,Tonight,2026-07-29T18:00:00-07:00,0,55.0,Mostly Clear,"Mostly clear, with a low around 55. North northeast wind 3 to 9 mph."
255,2026-07-29T14:54:09Z,KSEA,Thursday,2026-07-30T06:00:00-07:00,1,77.0,Sunny,"Sunny, with a high near 77. Southwest wind around 7 mph."
256,2026-07-29T14:54:09Z,KSEA,Thursday Night,2026-07-30T18:00:00-07:00,0,56.0,Mostly Clear,"Mostly clear, with a low around 56. West wind 0 to 7 mph."
257,2026-07-29T14:54:09Z,KSEA,Friday,2026-07-31T06:00:00-07:00,1,82.0,Sunny,"Sunny, with a high near 82. Southwest wind 0 to 7 mph."
258,2026-07-29T14:54:09Z,KSEA,Friday Night,2026-07-31T18:00:00-07:00,0,59.0,Partly Cloudy then Chance Light Rain,"A chance of rain after 5am. Partly cloudy, with a low around 59. Chance of precipitation is 30%."
259,2026-07-29T14:54:09Z,KSEA,Saturday,2026-08-01T06:00:00-07:00,1,72.0,Chance Light Rain,"A chance of rain before 5pm. Mostly sunny, with a high near 72."
260,2026-07-29T14:54:09Z,KSEA,Saturday Night,2026-08-01T18:00:00-07:00,0,55.0,Partly Cloudy,"Partly cloudy, with a low around 55."
261,2026-07-29T14:54:09Z,KSEA,Sunday,2026-08-02T06:00:00-07:00,1,71.0,Mostly Sunny,"Mostly sunny, with a high near 71."
262,2026-07-29T14:54:09Z,KSEA,Sunday Night,2026-08-02T18:00:00-07:00,0,54.0,Mostly Clear,"Mostly clear, with a low around 54."
263,2026-07-29T14:54:09Z,KSEA,Monday,2026-08-03T06:00:00-07:00,1,75.0,Sunny,"Sunny, with a high near 75."
264,2026-07-29T14:54:09Z,KSEA,Monday Night,2026-08-03T18:00:00-07:00,0,56.0,Mostly Clear,"Mostly clear, with a low around 56."
265,2026-07-29T14:54:09Z,KSEA,Tuesday,2026-08-04T06:00:00-07:00,1,81.0,Sunny,"Sunny, with a high near 81."
266,2026-07-29T14:54:09Z,KSEA,Tuesday Night,2026-08-04T18:00:00-07:00,0,59.0,Mostly Clear,"Mostly clear, with a low around 59."
267,2026-07-29T14:54:09Z,KDCA,Today,2026-07-29T08:00:00-04:00,1,85.0,Sunny,"Sunny, with a high near 85. Northwest wind 13 to 17 mph, with gusts as high as 25 mph."
268,2026-07-29T14:54:09Z,KDCA,Tonight,2026-07-29T18:00:00-04:00,0,70.0,Mostly Clear,"Mostly clear, with a low around 70. Northwest wind 12 to 16 mph."
269,2026-07-29T14:54:09Z,KDCA,Thursday,2026-07-30T06:00:00-04:00,1,86.0,Sunny,"Sunny, with a high near 86. Northwest wind around 15 mph, with gusts as high as 24 mph."
270,2026-07-29T14:54:09Z,KDCA,Thursday Night,2026-07-30T18:00:00-04:00,0,70.0,Mostly Clear,"Mostly clear, with a low around 70. Northwest wind 8 to 15 mph, with gusts as high as 20 mph."
271,2026-07-29T14:54:09Z,KDCA,Friday,2026-07-31T06:00:00-04:00,1,89.0,Sunny,"Sunny, with a high near 89. North wind around 8 mph."
272,2026-07-29T14:54:09Z,KDCA,Friday Night,2026-07-31T18:00:00-04:00,0,72.0,Partly Cloudy,"Partly cloudy, with a low around 72."
273,2026-07-29T14:54:09Z,KDCA,Saturday,2026-08-01T06:00:00-04:00,1,89.0,Partly Sunny,"Partly sunny, with a high near 89."
274,2026-07-29T14:54:09Z,KDCA,Saturday Night,2026-08-01T18:00:00-04:00,0,72.0,Slight Chance Showers And Thunderstorms,"A slight chance of showers and thunderstorms between 8pm and 2am. Mostly cloudy, with a low around 72. Chance of precipitation is 20%."
275,2026-07-29T14:54:09Z,KDCA,Sunday,2026-08-02T06:00:00-04:00,1,88.0,Chance Showers And Thunderstorms,"A slight chance of rain showers between 8am and 2pm, then a chance of showers and thunderstorms. Mostly cloudy, with a high near 88. Chance of precipitation is 30%."
276,2026-07-29T14:54:09Z,KDCA,Sunday Night,2026-08-02T18:00:00-04:00,0,72.0,Chance Showers And Thunderstorms,"A chance of showers and thunderstorms. Mostly cloudy, with a low around 72. Chance of precipitation is 40%."
277,2026-07-29T14:54:09Z,KDCA,Monday,2026-08-03T06:00:00-04:00,1,88.0,Chance Rain Showers then Chance Showers And Thunderstorms,"A chance of rain showers before 2pm, then a chance of showers and thunderstorms. Mostly cloudy, with a high near 88. Chance of precipitation is 50%."
278,2026-07-29T14:54:09Z,KDCA,Monday Night,2026-08-03T18:00:00-04:00,0,72.0,Chance Showers And Thunderstorms,"A chance of showers and thunderstorms before 8pm, then a chance of showers and thunderstorms. Mostly cloudy, with a low around 72. Chance of precipitation is 50%."
279,2026-07-29T14:54:09Z,KDCA,Tuesday,2026-08-04T06:00:00-04:00,1,89.0,Chance Showers And Thunderstorms,"A slight chance of rain showers before 2pm, then a chance of showers and thunderstorms. Partly sunny, with a high near 89. Chance of precipitation is 40%."
280,2026-07-29T14:54:09Z,KDCA,Tuesday Night,2026-08-04T18:00:00-04:00,0,72.0,Chance Showers And Thunderstorms,"A chance of showers and thunderstorms before 2am. Mostly cloudy, with a low around 72."
1,2026-07-29T16:35:32Z,KATL,Today,2026-07-29T11:00:00-04:00,1,93.0,Mostly Sunny,"Mostly sunny, with a high near 93. Northwest wind around 10 mph, with gusts as high as 20 mph."
2,2026-07-29T16:35:32Z,KATL,Tonight,2026-07-29T18:00:00-04:00,0,72.0,Mostly Clear,"Mostly clear, with a low around 72. North wind 5 to 10 mph, with gusts as high as 20 mph."
3,2026-07-29T16:35:32Z,KATL,Thursday,2026-07-30T06:00:00-04:00,1,91.0,Sunny,"Sunny, with a high near 91. North wind 5 to 10 mph, with gusts as high as 20 mph."
4,2026-07-29T16:35:32Z,KATL,Thursday Night,2026-07-30T18:00:00-04:00,0,69.0,Mostly Clear,"Mostly clear, with a low around 69. Northwest wind 0 to 10 mph, with gusts as high as 20 mph."
5,2026-07-29T16:35:32Z,KATL,Friday,2026-07-31T06:00:00-04:00,1,93.0,Mostly Sunny,"Mostly sunny, with a high near 93. North wind 0 to 5 mph."
6,2026-07-29T16:35:32Z,KATL,Friday Night,2026-07-31T18:00:00-04:00,0,73.0,Partly Cloudy,"Partly cloudy, with a low around 73."
7,2026-07-29T16:35:32Z,KATL,Saturday,2026-08-01T06:00:00-04:00,1,90.0,Chance Showers And Thunderstorms,"A chance of showers and thunderstorms between 8am and 2pm, then a chance of showers and thunderstorms. Mostly cloudy, with a high near 90. Chance of precipitation is 50%."
8,2026-07-29T16:35:32Z,KATL,Saturday Night,2026-08-01T18:00:00-04:00,0,73.0,Chance Showers And Thunderstorms then Showers And Thunderstorms Likely,"A chance of showers and thunderstorms before 8pm, then showers and thunderstorms likely. Mostly cloudy, with a low around 73. Chance of precipitation is 70%."
9,2026-07-29T16:35:32Z,KATL,Sunday,2026-08-02T06:00:00-04:00,1,87.0,Showers And Thunderstorms Likely,"Showers and thunderstorms likely. Mostly cloudy, with a high near 87. Chance of precipitation is 70%."
10,2026-07-29T16:35:32Z,KATL,Sunday Night,2026-08-02T18:00:00-04:00,0,72.0,Showers And Thunderstorms Likely then Chance Showers And Thunderstorms,"Showers and thunderstorms likely before 8pm, then a chance of showers and thunderstorms. Mostly cloudy, with a low around 72. Chance of precipitation is 70%."
11,2026-07-29T16:35:32Z,KATL,Monday,2026-08-03T06:00:00-04:00,1,87.0,Slight Chance Showers And Thunderstorms then Showers And Thunderstorms Likely,"A slight chance of showers and thunderstorms before 8am, then showers and thunderstorms likely. Partly sunny, with a high near 87. Chance of precipitation is 60%."
12,2026-07-29T16:35:32Z,KATL,Monday Night,2026-08-03T18:00:00-04:00,0,72.0,Showers And Thunderstorms Likely,"Showers and thunderstorms likely before 2am. Mostly cloudy, with a low around 72. Chance of precipitation is 60%."
13,2026-07-29T16:35:32Z,KATL,Tuesday,2026-08-04T06:00:00-04:00,1,88.0,Chance Showers And Thunderstorms,"A chance of showers and thunderstorms between 8am and 2pm, then a chance of showers and thunderstorms. Partly sunny, with a high near 88. Chance of precipitation is 50%."
14,2026-07-29T16:35:32Z,KATL,Tuesday Night,2026-08-04T18:00:00-04:00,0,73.0,Chance Showers And Thunderstorms,"A chance of showers and thunderstorms before 2am. Partly cloudy, with a low around 73."
15,2026-07-29T16:35:32Z,KAUS,Today,2026-07-29T09:00:00-05:00,1,99.0,Sunny,"Sunny, with a high near 99. Heat index values as high as 108. South southwest wind 5 to 15 mph."
16,2026-07-29T16:35:32Z,KAUS,Tonight,2026-07-29T18:00:00-05:00,0,77.0,Partly Cloudy,"Partly cloudy, with a low around 77. Heat index values as high as 105. South wind 5 to 10 mph, with gusts as high as 20 mph."
17,2026-07-29T16:35:32Z,KAUS,Thursday,2026-07-30T06:00:00-05:00,1,100.0,Mostly Sunny,"Mostly sunny, with a high near 100. Heat index values as high as 108. South southwest wind 5 to 10 mph."
18,2026-07-29T16:35:32Z,KAUS,Thursday Night,2026-07-30T18:00:00-05:00,0,77.0,Mostly Clear,"Mostly clear, with a low around 77. Heat index values as high as 106. South wind 5 to 10 mph, with gusts as high as 20 mph."
19,2026-07-29T16:35:32Z,KAUS,Friday,2026-07-31T06:00:00-05:00,1,101.0,Sunny,"Sunny, with a high near 101. South southwest wind around 5 mph."
20,2026-07-29T16:35:32Z,KAUS,Friday Night,2026-07-31T18:00:00-05:00,0,79.0,Mostly Clear,"Mostly clear, with a low around 79. South wind 5 to 10 mph, with gusts as high as 20 mph."
21,2026-07-29T16:35:32Z,KAUS,Saturday,2026-08-01T06:00:00-05:00,1,102.0,Mostly Sunny,"Mostly sunny, with a high near 102. Southwest wind around 5 mph."
22,2026-07-29T16:35:32Z,KAUS,Saturday Night,2026-08-01T18:00:00-05:00,0,79.0,Mostly Clear,"Mostly clear, with a low around 79. South wind around 5 mph."
23,2026-07-29T16:35:32Z,KAUS,Sunday,2026-08-02T06:00:00-05:00,1,100.0,Sunny,"Sunny, with a high near 100. North northwest wind around 5 mph."
24,2026-07-29T16:35:32Z,KAUS,Sunday Night,2026-08-02T18:00:00-05:00,0,78.0,Mostly Clear,"Mostly clear, with a low around 78."
25,2026-07-29T16:35:32Z,KAUS,Monday,2026-08-03T06:00:00-05:00,1,102.0,Sunny,"Sunny, with a high near 102."
26,2026-07-29T16:35:32Z,KAUS,Monday Night,2026-08-03T18:00:00-05:00,0,78.0,Mostly Clear,"Mostly clear, with a low around 78."
27,2026-07-29T16:35:32Z,KAUS,Tuesday,2026-08-04T06:00:00-05:00,1,100.0,Sunny,"Sunny, with a high near 100."
28,2026-07-29T16:35:32Z,KAUS,Tuesday Night,2026-08-04T18:00:00-05:00,0,78.0,Mostly Clear,"Mostly clear, with a low around 78."
29,2026-07-29T16:35:32Z,KBOS,Today,2026-07-29T10:00:00-04:00,1,73.0,Patchy Fog,"Rain showers likely before noon, then rain showers likely and patchy fog between noon and 2pm, then patchy fog and showers and thunderstorms between 2pm and 5pm, then patchy fog and showers and thunderstorms. Cloudy, with a high near 73. East wind 14 to 17 mph, with gusts as high as 31 mph. Chance of precipitation is 80%. New rainfall amounts between a half and three quarters of an inch possible."
30,2026-07-29T16:35:32Z,KBOS,Tonight,2026-07-29T18:00:00-04:00,0,64.0,Patchy Fog,"Patchy fog and showers and thunderstorms before 2am, then patchy fog and showers and thunderstorms likely between 2am and 5am, then patchy fog and showers and thunderstorms likely. Cloudy, with a low around 64. East wind around 16 mph, with gusts as high as 29 mph. Chance of precipitation is 90%. New rainfall amounts between a half and three quarters of an inch possible."
31,2026-07-29T16:35:32Z,KBOS,Thursday,2026-07-30T06:00:00-04:00,1,70.0,Patchy Fog,"Patchy fog and showers and thunderstorms likely before 7am, then patchy fog and a chance of showers and thunderstorms between 7am and 8am, then patchy fog and showers and thunderstorms likely. Cloudy, with a high near 70. Northeast wind around 15 mph. Chance of precipitation is 70%. New rainfall amounts between a half and three quarters of an inch possible."
32,2026-07-29T16:35:32Z,KBOS,Thursday Night,2026-07-30T18:00:00-04:00,0,64.0,Patchy Fog,"Patchy fog and showers and thunderstorms likely before 2am. Cloudy, with a low around 64. North wind 7 to 12 mph. Chance of precipitation is 60%. New rainfall amounts between a tenth and quarter of an inch possible."
33,2026-07-29T16:35:32Z,KBOS,Friday,2026-07-31T06:00:00-04:00,1,70.0,Mostly Cloudy then Slight Chance Rain Showers,"A slight chance of rain showers after 4pm. Mostly cloudy, with a high near 70. Northeast wind around 7 mph. Chance of precipitation is 20%."
34,2026-07-29T16:35:32Z,KBOS,Friday Night,2026-07-31T18:00:00-04:00,0,65.0,Slight Chance Rain Showers then Partly Cloudy,"A slight chance of rain showers before 7pm. Partly cloudy, with a low around 65. Southwest wind around 5 mph. Chance of precipitation is 20%."
35,2026-07-29T16:35:32Z,KBOS,Saturday,2026-08-01T06:00:00-04:00,1,81.0,Mostly Sunny,"Mostly sunny, with a high near 81. Southeast wind 2 to 7 mph."
36,2026-07-29T16:35:32Z,KBOS,Saturday Night,2026-08-01T18:00:00-04:00,0,67.0,Partly Cloudy,"Partly cloudy, with a low around 67. South wind around 7 mph."
37,2026-07-29T16:35:32Z,KBOS,Sunday,2026-08-02T06:00:00-04:00,1,81.0,Mostly Sunny,"Mostly sunny, with a high near 81. South wind 6 to 12 mph."
38,2026-07-29T16:35:32Z,KBOS,Sunday Night,2026-08-02T18:00:00-04:00,0,68.0,Chance Rain Showers,"A chance of rain showers after 7pm. Mostly cloudy, with a low around 68. South wind 6 to 12 mph. Chance of precipitation is 30%."
39,2026-07-29T16:35:32Z,KBOS,Monday,2026-08-03T06:00:00-04:00,1,80.0,Chance Rain Showers,"A chance of rain showers before 2pm, then a chance of showers and thunderstorms. Partly sunny, with a high near 80. South wind around 6 mph. Chance of precipitation is 30%."
40,2026-07-29T16:35:32Z,KBOS,Monday Night,2026-08-03T18:00:00-04:00,0,68.0,Chance Showers And Thunderstorms then Slight Chance Showers And Thunderstorms,"A chance of showers and thunderstorms before 7pm, then a slight chance of showers and thunderstorms between 7pm and 1am. Partly cloudy, with a low around 68. West wind around 5 mph. Chance of precipitation is 30%."
41,2026-07-29T16:35:32Z,KBOS,Tuesday,2026-08-04T06:00:00-04:00,1,78.0,Mostly Sunny then Slight Chance Rain Showers,"A slight chance of rain showers after 5pm. Mostly sunny, with a high near 78. North wind 5 to 8 mph."
42,2026-07-29T16:35:32Z,KBOS,Tuesday Night,2026-08-04T18:00:00-04:00,0,67.0,Slight Chance Rain Showers then Mostly Clear,"A slight chance of rain showers before 7pm. Mostly clear, with a low around 67. West wind 3 to 7 mph."
43,2026-07-29T16:35:32Z,KMDW,Today,2026-07-29T10:00:00-05:00,1,80.0,Sunny,"Sunny, with a high near 80. Northeast wind around 10 mph."
44,2026-07-29T16:35:32Z,KMDW,Tonight,2026-07-29T18:00:00-05:00,0,67.0,Mostly Clear,"Mostly clear, with a low around 67. North wind 0 to 10 mph."
45,2026-07-29T16:35:32Z,KMDW,Thursday,2026-07-30T06:00:00-05:00,1,87.0,Mostly Sunny,"Mostly sunny, with a high near 87. North wind 0 to 5 mph."
46,2026-07-29T16:35:32Z,KMDW,Thursday Night,2026-07-30T18:00:00-05:00,0,70.0,Mostly Cloudy,"Mostly cloudy, with a low around 70. South southeast wind around 5 mph."
47,2026-07-29T16:35:32Z,KMDW,Friday,2026-07-31T06:00:00-05:00,1,76.0,Rain Showers Likely,"Rain showers likely between 7am and 4pm, then showers and thunderstorms likely. Mostly cloudy, with a high near 76. South wind 5 to 10 mph, with gusts as high as 20 mph. Chance of precipitation is 60%."
48,2026-07-29T16:35:32Z,KMDW,Friday Night,2026-07-31T18:00:00-05:00,0,67.0,Showers And Thunderstorms Likely then Heavy Rain,"Showers and thunderstorms likely before 7pm, then rain and a chance of thunderstorms. Some of the storms could produce heavy rain. Cloudy, with a low around 67. Chance of precipitation is 80%."
49,2026-07-29T16:35:32Z,KMDW,Saturday,2026-08-01T06:00:00-05:00,1,74.0,Heavy Rain then Showers And Thunderstorms Likely,"Rain and a chance of thunderstorms before 7am, then showers and thunderstorms likely between 7am and 1pm, then a chance of showers and thunderstorms. Some of the storms could produce heavy rain. Mostly cloudy, with a high near 74."
50,2026-07-29T16:35:32Z,KMDW,Saturday Night,2026-08-01T18:00:00-05:00,0,67.0,Chance Showers And Thunderstorms,"A chance of showers and thunderstorms before 1am. Mostly cloudy, with a low around 67."
51,2026-07-29T16:35:32Z,KMDW,Sunday,2026-08-02T06:00:00-05:00,1,76.0,Mostly Sunny,"Mostly sunny, with a high near 76."
52,2026-07-29T16:35:32Z,KMDW,Sunday Night,2026-08-02T18:00:00-05:00,0,67.0,Partly Cloudy,"Partly cloudy, with a low around 67."
53,2026-07-29T16:35:32Z,KMDW,Monday,2026-08-03T06:00:00-05:00,1,80.0,Sunny,"Sunny, with a high near 80."
54,2026-07-29T16:35:32Z,KMDW,Monday Night,2026-08-03T18:00:00-05:00,0,68.0,Mostly Clear,"Mostly clear, with a low around 68."
55,2026-07-29T16:35:32Z,KMDW,Tuesday,2026-08-04T06:00:00-05:00,1,84.0,Mostly Sunny,"Mostly sunny, with a high near 84."
56,2026-07-29T16:35:32Z,KMDW,Tuesday Night,2026-08-04T18:00:00-05:00,0,70.0,Slight Chance Rain Showers,"A slight chance of rain showers after 7pm. Partly cloudy, with a low around 70."
57,2026-07-29T16:35:32Z,KDFW,Today,2026-07-29T09:00:00-05:00,1,102.0,Mostly Sunny,"Mostly sunny, with a high near 102. Heat index values as high as 109. South wind around 5 mph."
58,2026-07-29T16:35:32Z,KDFW,Tonight,2026-07-29T18:00:00-05:00,0,82.0,Mostly Clear,"Mostly clear, with a low around 82. Heat index values as high as 106. South wind 5 to 10 mph."
59,2026-07-29T16:35:32Z,KDFW,Thursday,2026-07-30T06:00:00-05:00,1,103.0,Sunny,"Sunny, with a high near 103. Heat index values as high as 110. South southwest wind around 5 mph."
60,2026-07-29T16:35:32Z,KDFW,Thursday Night,2026-07-30T18:00:00-05:00,0,82.0,Mostly Clear,"Mostly clear. Low around 82, with temperatures rising to around 84 overnight. Heat index values as high as 108. South southeast wind around 10 mph."
61,2026-07-29T16:35:32Z,KDFW,Friday,2026-07-31T06:00:00-05:00,1,104.0,Sunny,"Sunny, with a high near 104. South southwest wind 5 to 10 mph."
62,2026-07-29T16:35:32Z,KDFW,Friday Night,2026-07-31T18:00:00-05:00,0,82.0,Mostly Clear,"Mostly clear. Low around 82, with temperatures rising to around 84 overnight. South southwest wind 5 to 10 mph."
63,2026-07-29T16:35:32Z,KDFW,Saturday,2026-08-01T06:00:00-05:00,1,100.0,Sunny then Slight Chance Showers And Thunderstorms,"A slight chance of showers and thunderstorms after 1pm. Sunny, with a high near 100. Northwest wind around 10 mph, with gusts as high as 20 mph. Chance of precipitation is 20%."
64,2026-07-29T16:35:32Z,KDFW,Saturday Night,2026-08-01T18:00:00-05:00,0,77.0,Slight Chance Showers And Thunderstorms then Mostly Clear,"A slight chance of showers and thunderstorms before 7pm. Mostly clear, with a low around 77. North northeast wind 5 to 10 mph, with gusts as high as 20 mph. Chance of precipitation is 20%."
65,2026-07-29T16:35:32Z,KDFW,Sunday,2026-08-02T06:00:00-05:00,1,97.0,Sunny,"Sunny, with a high near 97. North northeast wind 5 to 10 mph."
66,2026-07-29T16:35:32Z,KDFW,Sunday Night,2026-08-02T18:00:00-05:00,0,77.0,Clear,"Clear, with a low around 77."
67,2026-07-29T16:35:32Z,KDFW,Monday,2026-08-03T06:00:00-05:00,1,100.0,Sunny,"Sunny, with a high near 100."
68,2026-07-29T16:35:32Z,KDFW,Monday Night,2026-08-03T18:00:00-05:00,0,79.0,Clear,"Clear, with a low around 79."
69,2026-07-29T16:35:32Z,KDFW,Tuesday,2026-08-04T06:00:00-05:00,1,101.0,Sunny,"Sunny, with a high near 101."
70,2026-07-29T16:35:32Z,KDFW,Tuesday Night,2026-08-04T18:00:00-05:00,0,80.0,Mostly Clear,"Mostly clear, with a low around 80."
71,2026-07-29T16:35:32Z,KDEN,Today,2026-07-29T08:00:00-06:00,1,91.0,Mostly Sunny then Chance Showers And Thunderstorms,"A chance of showers and thunderstorms between 2pm and 3pm, then a chance of showers and thunderstorms between 3pm and 4pm, then showers and thunderstorms likely. Mostly sunny. High near 91, with temperatures falling to around 84 in the afternoon. East wind 5 to 10 mph, with gusts as high as 16 mph. Chance of precipitation is 70%. New rainfall amounts between a tenth and quarter of an inch possible."
72,2026-07-29T16:35:32Z,KDEN,Tonight,2026-07-29T18:00:00-06:00,0,62.0,Showers And Thunderstorms Likely then Mostly Cloudy,"Showers and thunderstorms likely before 9pm. Mostly cloudy. Low around 62, with temperatures rising to around 66 overnight. South southwest wind 6 to 12 mph, with gusts as high as 18 mph. Chance of precipitation is 60%. New rainfall amounts less than a tenth of an inch possible."
73,2026-07-29T16:35:32Z,KDEN,Thursday,2026-07-30T06:00:00-06:00,1,93.0,Sunny then Chance Showers And Thunderstorms,"A chance of showers and thunderstorms after 4pm. Sunny. High near 93, with temperatures falling to around 89 in the afternoon. Northwest wind around 7 mph, with gusts as high as 17 mph. Chance of precipitation is 30%."
74,2026-07-29T16:35:32Z,KDEN,Thursday Night,2026-07-30T18:00:00-06:00,0,63.0,Slight Chance Showers And Thunderstorms then Mostly Clear,"A slight chance of showers and thunderstorms before midnight. Mostly clear, with a low around 63. West wind 3 to 7 mph. Chance of precipitation is 20%."
75,2026-07-29T16:35:32Z,KDEN,Friday,2026-07-31T06:00:00-06:00,1,92.0,Sunny,"Sunny, with a high near 92. North northwest wind 2 to 8 mph, with gusts as high as 18 mph."
76,2026-07-29T16:35:32Z,KDEN,Friday Night,2026-07-31T18:00:00-06:00,0,61.0,Chance Showers And Thunderstorms then Mostly Clear,"A chance of showers and thunderstorms before 9pm, then a chance of showers and thunderstorms between 9pm and midnight. Mostly clear, with a low around 61. Chance of precipitation is 40%."
77,2026-07-29T16:35:32Z,KDEN,Saturday,2026-08-01T06:00:00-06:00,1,94.0,Sunny,"Sunny, with a high near 94."
78,2026-07-29T16:35:32Z,KDEN,Saturday Night,2026-08-01T18:00:00-06:00,0,67.0,Mostly Clear,"Mostly clear, with a low around 67."
79,2026-07-29T16:35:32Z,KDEN,Sunday,2026-08-02T06:00:00-06:00,1,101.0,Sunny,"Sunny, with a high near 101."
80,2026-07-29T16:35:32Z,KDEN,Sunday Night,2026-08-02T18:00:00-06:00,0,71.0,Mostly Clear,"Mostly clear, with a low around 71."
81,2026-07-29T16:35:32Z,KDEN,Monday,2026-08-03T06:00:00-06:00,1,99.0,Sunny,"Sunny, with a high near 99."
82,2026-07-29T16:35:32Z,KDEN,Monday Night,2026-08-03T18:00:00-06:00,0,66.0,Chance Showers And Thunderstorms then Partly Cloudy,"A chance of showers and thunderstorms before midnight. Partly cloudy, with a low around 66."
83,2026-07-29T16:35:32Z,KDEN,Tuesday,2026-08-04T06:00:00-06:00,1,91.0,Mostly Sunny then Slight Chance Showers And Thunderstorms,"A slight chance of showers and thunderstorms after noon. Mostly sunny, with a high near 91."
84,2026-07-29T16:35:32Z,KDEN,Tuesday Night,2026-08-04T18:00:00-06:00,0,64.0,Chance Showers And Thunderstorms then Partly Cloudy,"A chance of showers and thunderstorms before midnight. Partly cloudy, with a low around 64."
85,2026-07-29T16:35:32Z,KIAH,Today,2026-07-29T09:00:00-05:00,1,99.0,Mostly Sunny then Slight Chance Showers And Thunderstorms,"A slight chance of showers and thunderstorms after 3pm. Mostly sunny, with a high near 99. Heat index values as high as 109. Southwest wind around 5 mph. Chance of precipitation is 20%."
86,2026-07-29T16:35:32Z,KIAH,Tonight,2026-07-29T18:00:00-05:00,0,79.0,Slight Chance Showers And Thunderstorms then Partly Cloudy,"A slight chance of showers and thunderstorms before 7pm. Partly cloudy, with a low around 79. Heat index values as high as 107. South wind 5 to 10 mph. Chance of precipitation is 20%."
87,2026-07-29T16:35:32Z,KIAH,Thursday,2026-07-30T06:00:00-05:00,1,100.0,Mostly Sunny,"Mostly sunny, with a high near 100. Heat index values as high as 107. Southwest wind around 5 mph."
88,2026-07-29T16:35:32Z,KIAH,Thursday Night,2026-07-30T18:00:00-05:00,0,79.0,Partly Cloudy,"Partly cloudy, with a low around 79. Heat index values as high as 106. South wind 5 to 10 mph."
89,2026-07-29T16:35:32Z,KIAH,Friday,2026-07-31T06:00:00-05:00,1,100.0,Mostly Sunny,"Mostly sunny, with a high near 100. Southwest wind around 5 mph."
90,2026-07-29T16:35:32Z,KIAH,Friday Night,2026-07-31T18:00:00-05:00,0,80.0,Mostly Clear,"Mostly clear, with a low around 80."
91,2026-07-29T16:35:32Z,KIAH,Saturday,2026-08-01T06:00:00-05:00,1,101.0,Mostly Sunny,"Mostly sunny, with a high near 101."
92,2026-07-29T16:35:32Z,KIAH,Saturday Night,2026-08-01T18:00:00-05:00,0,80.0,Partly Cloudy then Slight Chance Showers And Thunderstorms,"A slight chance of showers and thunderstorms after 1am. Partly cloudy, with a low around 80. Chance of precipitation is 20%."
93,2026-07-29T16:35:32Z,KIAH,Sunday,2026-08-02T06:00:00-05:00,1,100.0,Slight Chance Showers And Thunderstorms,"A slight chance of showers and thunderstorms. Mostly sunny, with a high near 100. Chance of precipitation is 20%."
94,2026-07-29T16:35:32Z,KIAH,Sunday Night,2026-08-02T18:00:00-05:00,0,79.0,Slight Chance Showers And Thunderstorms then Mostly Clear,"A slight chance of showers and thunderstorms before 7pm. Mostly clear, with a low around 79. Chance of precipitation is 20%."
95,2026-07-29T16:35:32Z,KIAH,Monday,2026-08-03T06:00:00-05:00,1,101.0,Sunny,"Sunny, with a high near 101."
96,2026-07-29T16:35:32Z,KIAH,Monday Night,2026-08-03T18:00:00-05:00,0,79.0,Mostly Clear,"Mostly clear, with a low around 79."
97,2026-07-29T16:35:32Z,KIAH,Tuesday,2026-08-04T06:00:00-05:00,1,100.0,Sunny,"Sunny, with a high near 100."
98,2026-07-29T16:35:32Z,KIAH,Tuesday Night,2026-08-04T18:00:00-05:00,0,79.0,Mostly Clear,"Mostly clear, with a low around 79."
99,2026-07-29T16:35:32Z,KLAS,Today,2026-07-29T07:00:00-07:00,1,110.0,Sunny,"Sunny, with a high near 110. South southwest wind 7 to 12 mph, with gusts as high as 20 mph."
100,2026-07-29T16:35:32Z,KLAS,Tonight,2026-07-29T18:00:00-07:00,0,85.0,Mostly Clear,"Mostly clear. Low around 85, with temperatures rising to around 87 overnight. Southwest wind 6 to 12 mph, with gusts as high as 18 mph."
101,2026-07-29T16:35:32Z,KLAS,Thursday,2026-07-30T06:00:00-07:00,1,111.0,Sunny,"Sunny, with a high near 111. Southeast wind 1 to 7 mph."
102,2026-07-29T16:35:32Z,KLAS,Thursday Night,2026-07-30T18:00:00-07:00,0,87.0,Mostly Clear,"Mostly clear, with a low around 87. Southwest wind around 7 mph."
103,2026-07-29T16:35:32Z,KLAS,Friday,2026-07-31T06:00:00-07:00,1,113.0,Sunny,"Sunny, with a high near 113. South southeast wind around 5 mph."
104,2026-07-29T16:35:32Z,KLAS,Friday Night,2026-07-31T18:00:00-07:00,0,88.0,Clear,"Clear, with a low around 88."
105,2026-07-29T16:35:32Z,KLAS,Saturday,2026-08-01T06:00:00-07:00,1,116.0,Sunny,"Sunny, with a high near 116."
106,2026-07-29T16:35:32Z,KLAS,Saturday Night,2026-08-01T18:00:00-07:00,0,91.0,Clear,"Clear, with a low around 91."
107,2026-07-29T16:35:32Z,KLAS,Sunday,2026-08-02T06:00:00-07:00,1,115.0,Sunny,"Sunny, with a high near 115."
108,2026-07-29T16:35:32Z,KLAS,Sunday Night,2026-08-02T18:00:00-07:00,0,91.0,Clear,"Clear, with a low around 91."
109,2026-07-29T16:35:32Z,KLAS,Monday,2026-08-03T06:00:00-07:00,1,114.0,Sunny,"Sunny, with a high near 114."
110,2026-07-29T16:35:32Z,KLAS,Monday Night,2026-08-03T18:00:00-07:00,0,90.0,Clear,"Clear, with a low around 90."
111,2026-07-29T16:35:32Z,KLAS,Tuesday,2026-08-04T06:00:00-07:00,1,115.0,Sunny,"Sunny, with a high near 115."
112,2026-07-29T16:35:32Z,KLAS,Tuesday Night,2026-08-04T18:00:00-07:00,0,90.0,Mostly Clear,"Mostly clear, with a low around 90."
113,2026-07-29T16:35:32Z,KLAX,Today,2026-07-29T07:00:00-07:00,1,77.0,Patchy Fog then Mostly Sunny,"Patchy fog before 11am. Mostly sunny, with a high near 77. Southwest wind 5 to 10 mph."
114,2026-07-29T16:35:32Z,KLAX,Tonight,2026-07-29T18:00:00-07:00,0,67.0,Patchy Fog,"Patchy fog after 11pm. Mostly cloudy, with a low around 67. South southwest wind 0 to 10 mph."
115,2026-07-29T16:35:32Z,KLAX,Thursday,2026-07-30T06:00:00-07:00,1,78.0,Patchy Fog then Mostly Sunny,"Patchy fog before 11am. Mostly sunny, with a high near 78. South southwest wind 5 to 10 mph."
116,2026-07-29T16:35:32Z,KLAX,Thursday Night,2026-07-30T18:00:00-07:00,0,67.0,Patchy Fog,"Patchy fog after 11pm. Mostly cloudy, with a low around 67. Southwest wind 5 to 10 mph."
117,2026-07-29T16:35:32Z,KLAX,Friday,2026-07-31T06:00:00-07:00,1,81.0,Patchy Fog then Mostly Sunny,"Patchy fog before 11am. Mostly sunny, with a high near 81. Southwest wind 0 to 10 mph."
118,2026-07-29T16:35:32Z,KLAX,Friday Night,2026-07-31T18:00:00-07:00,0,68.0,Partly Cloudy,"Partly cloudy, with a low around 68."
119,2026-07-29T16:35:32Z,KLAX,Saturday,2026-08-01T06:00:00-07:00,1,79.0,Mostly Sunny,"Mostly sunny, with a high near 79."
120,2026-07-29T16:35:32Z,KLAX,Saturday Night,2026-08-01T18:00:00-07:00,0,69.0,Mostly Clear,"Mostly clear, with a low around 69."
121,2026-07-29T16:35:32Z,KLAX,Sunday,2026-08-02T06:00:00-07:00,1,80.0,Sunny,"Sunny, with a high near 80."
122,2026-07-29T16:35:32Z,KLAX,Sunday Night,2026-08-02T18:00:00-07:00,0,68.0,Partly Cloudy,"Partly cloudy, with a low around 68."
123,2026-07-29T16:35:32Z,KLAX,Monday,2026-08-03T06:00:00-07:00,1,78.0,Sunny,"Sunny, with a high near 78."
124,2026-07-29T16:35:32Z,KLAX,Monday Night,2026-08-03T18:00:00-07:00,0,67.0,Partly Cloudy,"Partly cloudy, with a low around 67."
125,2026-07-29T16:35:32Z,KLAX,Tuesday,2026-08-04T06:00:00-07:00,1,78.0,Sunny,"Sunny, with a high near 78."
126,2026-07-29T16:35:32Z,KLAX,Tuesday Night,2026-08-04T18:00:00-07:00,0,67.0,Mostly Clear,"Mostly clear, with a low around 67."
127,2026-07-29T16:35:32Z,KMIA,Today,2026-07-29T10:00:00-04:00,1,94.0,Mostly Sunny then Slight Chance Showers And Thunderstorms,"A slight chance of showers and thunderstorms between 1pm and 4pm. Mostly sunny, with a high near 94. Heat index values as high as 103. Southwest wind 12 to 15 mph, with gusts as high as 25 mph. Chance of precipitation is 20%."
128,2026-07-29T16:35:32Z,KMIA,Tonight,2026-07-29T18:00:00-04:00,0,79.0,Mostly Clear,"Mostly clear, with a low around 79. Heat index values as high as 100. Southwest wind 8 to 15 mph, with gusts as high as 23 mph."
129,2026-07-29T16:35:32Z,KMIA,Thursday,2026-07-30T06:00:00-04:00,1,95.0,Partly Sunny then Slight Chance Showers And Thunderstorms,"A slight chance of showers and thunderstorms between 2pm and 5pm. Partly sunny, with a high near 95. Heat index values as high as 105. Southwest wind 7 to 14 mph, with gusts as high as 22 mph. Chance of precipitation is 20%. New rainfall amounts less than a tenth of an inch possible."
130,2026-07-29T16:35:32Z,KMIA,Thursday Night,2026-07-30T18:00:00-04:00,0,79.0,Partly Cloudy,"Partly cloudy, with a low around 79. Heat index values as high as 100. West wind 3 to 14 mph, with gusts as high as 21 mph."
131,2026-07-29T16:35:32Z,KMIA,Friday,2026-07-31T06:00:00-04:00,1,94.0,Partly Sunny then Slight Chance Showers And Thunderstorms,"A slight chance of showers and thunderstorms after 2pm. Partly sunny, with a high near 94. Southwest wind 0 to 12 mph, with gusts as high as 18 mph. Chance of precipitation is 20%."
132,2026-07-29T16:35:32Z,KMIA,Friday Night,2026-07-31T18:00:00-04:00,0,80.0,Slight Chance Showers And Thunderstorms then Mostly Cloudy,"A slight chance of showers and thunderstorms before 8pm. Mostly cloudy, with a low around 80. Southwest wind 1 to 12 mph. Chance of precipitation is 20%."
133,2026-07-29T16:35:32Z,KMIA,Saturday,2026-08-01T06:00:00-04:00,1,93.0,Partly Sunny then Chance Showers And Thunderstorms,"A chance of showers and thunderstorms after 2pm. Partly sunny, with a high near 93. Southwest wind 0 to 10 mph. Chance of precipitation is 50%."
134,2026-07-29T16:35:32Z,KMIA,Saturday Night,2026-08-01T18:00:00-04:00,0,80.0,Chance Showers And Thunderstorms,"A chance of showers and thunderstorms before 2am. Mostly cloudy, with a low around 80. South wind 5 to 9 mph. Chance of precipitation is 50%."
135,2026-07-29T16:35:32Z,KMIA,Sunday,2026-08-02T06:00:00-04:00,1,92.0,Chance Showers And Thunderstorms,"A chance of showers and thunderstorms after 8am. Partly sunny, with a high near 92. South wind 5 to 12 mph, with gusts as high as 20 mph. Chance of precipitation is 30%."
136,2026-07-29T16:35:32Z,KMIA,Sunday Night,2026-08-02T18:00:00-04:00,0,81.0,Chance Showers And Thunderstorms then Partly Cloudy,"A chance of showers and thunderstorms before 8pm. Partly cloudy, with a low around 81. Chance of precipitation is 30%."
137,2026-07-29T16:35:32Z,KMIA,Monday,2026-08-03T06:00:00-04:00,1,92.0,Chance Showers And Thunderstorms,"A chance of showers and thunderstorms after 8am. Mostly sunny, with a high near 92. Chance of precipitation is 40%."
138,2026-07-29T16:35:32Z,KMIA,Monday Night,2026-08-03T18:00:00-04:00,0,81.0,Chance Showers And Thunderstorms,"A chance of showers and thunderstorms before 2am. Partly cloudy, with a low around 81. Chance of precipitation is 40%."
139,2026-07-29T16:35:32Z,KMIA,Tuesday,2026-08-04T06:00:00-04:00,1,91.0,Chance Showers And Thunderstorms,"A chance of showers and thunderstorms after 8am. Mostly sunny, with a high near 91. Chance of precipitation is 50%."
140,2026-07-29T16:35:32Z,KMIA,Tuesday Night,2026-08-04T18:00:00-04:00,0,80.0,Chance Showers And Thunderstorms,"A chance of showers and thunderstorms before 2am. Partly cloudy, with a low around 80."
141,2026-07-29T16:35:32Z,KMSP,Today,2026-07-29T11:00:00-05:00,1,91.0,Mostly Sunny then Patchy Smoke,"Patchy smoke after 2pm. Mostly sunny, with a high near 91. South wind around 5 mph."
142,2026-07-29T16:35:32Z,KMSP,Tonight,2026-07-29T18:00:00-05:00,0,72.0,Patchy Smoke,"Patchy smoke. Partly cloudy, with a low around 72. South wind around 10 mph."
143,2026-07-29T16:35:32Z,KMSP,Thursday,2026-07-30T06:00:00-05:00,1,89.0,Patchy Smoke,"Patchy smoke. Partly sunny, with a high near 89. South southwest wind 10 to 15 mph."
144,2026-07-29T16:35:32Z,KMSP,Thursday Night,2026-07-30T18:00:00-05:00,0,67.0,Cloudy then Chance Showers And Thunderstorms,"A slight chance of rain showers between midnight and 1am, then a chance of showers and thunderstorms between 1am and 2am, then showers and thunderstorms likely between 2am and 5am, then patchy smoke and a chance of showers and thunderstorms. Cloudy, with a low around 67. South southeast wind 10 to 15 mph. Chance of precipitation is 70%. New rainfall amounts between a half and three quarters of an inch possible."
145,2026-07-29T16:35:32Z,KMSP,Friday,2026-07-31T06:00:00-05:00,1,78.0,Patchy Smoke,"Patchy smoke and showers and thunderstorms. Mostly cloudy, with a high near 78. East wind 10 to 15 mph. Chance of precipitation is 80%. New rainfall amounts between three quarters and one inch possible."
146,2026-07-29T16:35:32Z,KMSP,Friday Night,2026-07-31T18:00:00-05:00,0,65.0,Chance Rain Showers,"A chance of rain showers before 1am. Partly cloudy, with a low around 65. North northeast wind 5 to 15 mph. Chance of precipitation is 50%. New rainfall amounts between a tenth and quarter of an inch possible."
147,2026-07-29T16:35:32Z,KMSP,Saturday,2026-08-01T06:00:00-05:00,1,84.0,Sunny,"Sunny, with a high near 84. North wind 5 to 10 mph."
148,2026-07-29T16:35:32Z,KMSP,Saturday Night,2026-08-01T18:00:00-05:00,0,65.0,Mostly Clear,"Mostly clear, with a low around 65. East northeast wind 0 to 10 mph."
149,2026-07-29T16:35:32Z,KMSP,Sunday,2026-08-02T06:00:00-05:00,1,84.0,Sunny,"Sunny, with a high near 84. East southeast wind 0 to 5 mph."
150,2026-07-29T16:35:32Z,KMSP,Sunday Night,2026-08-02T18:00:00-05:00,0,67.0,Mostly Clear,"Mostly clear, with a low around 67. South southeast wind 5 to 10 mph."
151,2026-07-29T16:35:32Z,KMSP,Monday,2026-08-03T06:00:00-05:00,1,87.0,Sunny,"Sunny, with a high near 87. South wind 5 to 10 mph."
152,2026-07-29T16:35:32Z,KMSP,Monday Night,2026-08-03T18:00:00-05:00,0,69.0,Partly Cloudy then Slight Chance Showers And Thunderstorms,"A slight chance of showers and thunderstorms after 1am. Partly cloudy, with a low around 69. South southwest wind 5 to 10 mph. Chance of precipitation is 20%."
153,2026-07-29T16:35:32Z,KMSP,Tuesday,2026-08-04T06:00:00-05:00,1,85.0,Slight Chance Showers And Thunderstorms then Mostly Sunny,"A slight chance of showers and thunderstorms before 7am. Mostly sunny, with a high near 85. West northwest wind 5 to 10 mph. Chance of precipitation is 20%."
154,2026-07-29T16:35:32Z,KMSP,Tuesday Night,2026-08-04T18:00:00-05:00,0,66.0,Chance Rain Showers,"A chance of rain showers after 7pm. Partly cloudy, with a low around 66. North northwest wind 0 to 10 mph. Chance of precipitation is 30%."
155,2026-07-29T16:35:32Z,KMSY,Today,2026-07-29T09:00:00-05:00,1,97.0,Mostly Sunny,"Mostly sunny, with a high near 97. Heat index values as high as 109. West wind 5 to 10 mph."
156,2026-07-29T16:35:32Z,KMSY,Tonight,2026-07-29T18:00:00-05:00,0,80.0,Partly Cloudy,"Partly cloudy, with a low around 80. Heat index values as high as 107. West wind around 10 mph."
157,2026-07-29T16:35:32Z,KMSY,Thursday,2026-07-30T06:00:00-05:00,1,94.0,Mostly Sunny then Chance Showers And Thunderstorms,"A chance of showers and thunderstorms after 4pm. Mostly sunny. High near 94, with temperatures falling to around 92 in the afternoon. Heat index values as high as 107. West wind 5 to 10 mph. Chance of precipitation is 40%. New rainfall amounts less than a tenth of an inch possible."
158,2026-07-29T16:35:32Z,KMSY,Thursday Night,2026-07-30T18:00:00-05:00,0,79.0,Chance Showers And Thunderstorms,"A chance of showers and thunderstorms before 7pm, then a chance of showers and thunderstorms between 7pm and 1am. Mostly cloudy, with a low around 79. Southwest wind 5 to 10 mph. Chance of precipitation is 30%."
159,2026-07-29T16:35:32Z,KMSY,Friday,2026-07-31T06:00:00-05:00,1,93.0,Mostly Sunny then Chance Showers And Thunderstorms,"A chance of showers and thunderstorms after 1pm. Mostly sunny, with a high near 93. West wind around 10 mph. Chance of precipitation is 50%."
160,2026-07-29T16:35:32Z,KMSY,Friday Night,2026-07-31T18:00:00-05:00,0,79.0,Chance Showers And Thunderstorms then Partly Cloudy,"A chance of showers and thunderstorms before 7pm. Partly cloudy, with a low around 79. Southwest wind around 10 mph. Chance of precipitation is 50%."
161,2026-07-29T16:35:32Z,KMSY,Saturday,2026-08-01T06:00:00-05:00,1,92.0,Chance Showers And Thunderstorms,"A chance of showers and thunderstorms after 7am. Partly sunny, with a high near 92. West wind 10 to 15 mph. Chance of precipitation is 50%."
162,2026-07-29T16:35:32Z,KMSY,Saturday Night,2026-08-01T18:00:00-05:00,0,78.0,Chance Showers And Thunderstorms,"A chance of showers and thunderstorms. Mostly cloudy, with a low around 78. Southwest wind around 10 mph."
163,2026-07-29T16:35:32Z,KMSY,Sunday,2026-08-02T06:00:00-05:00,1,90.0,Chance Showers And Thunderstorms then Showers And Thunderstorms Likely,"A chance of showers and thunderstorms before 7am, then showers and thunderstorms likely between 7am and 1pm, then showers and thunderstorms likely. Partly sunny, with a high near 90. West wind 10 to 15 mph."
164,2026-07-29T16:35:32Z,KMSY,Sunday Night,2026-08-02T18:00:00-05:00,0,77.0,Showers And Thunderstorms Likely,"Showers and thunderstorms likely before 1am, then a chance of showers and thunderstorms. Partly cloudy, with a low around 77. Southwest wind 5 to 10 mph."
165,2026-07-29T16:35:32Z,KMSY,Monday,2026-08-03T06:00:00-05:00,1,91.0,Chance Showers And Thunderstorms,"A chance of showers and thunderstorms before 7am, then a chance of showers and thunderstorms. Mostly sunny, with a high near 91. West wind 5 to 10 mph."
166,2026-07-29T16:35:32Z,KMSY,Monday Night,2026-08-03T18:00:00-05:00,0,77.0,Chance Showers And Thunderstorms then Partly Cloudy,"A chance of showers and thunderstorms before 7pm. Partly cloudy, with a low around 77. Southwest wind 5 to 10 mph."
167,2026-07-29T16:35:32Z,KMSY,Tuesday,2026-08-04T06:00:00-05:00,1,92.0,Chance Showers And Thunderstorms,"A chance of showers and thunderstorms after 7am. Mostly sunny, with a high near 92. Southwest wind 5 to 10 mph."
168,2026-07-29T16:35:32Z,KMSY,Tuesday Night,2026-08-04T18:00:00-05:00,0,78.0,Chance Showers And Thunderstorms then Partly Cloudy,"A chance of showers and thunderstorms before 7pm. Partly cloudy, with a low around 78. Southwest wind 5 to 10 mph."
169,2026-07-29T16:35:32Z,KNYC,Today,2026-07-29T07:00:00-04:00,1,79.0,Chance Showers And Thunderstorms,"A chance of showers and thunderstorms before 11am, then a chance of showers and thunderstorms. Partly sunny. High near 79, with temperatures falling to around 77 in the afternoon. Northwest wind around 6 mph. Chance of precipitation is 50%. New rainfall amounts between a quarter and half of an inch possible."
170,2026-07-29T16:35:32Z,KNYC,Tonight,2026-07-29T18:00:00-04:00,0,66.0,Chance Showers And Thunderstorms,"A chance of showers and thunderstorms. Partly cloudy. Low around 66, with temperatures rising to around 68 overnight. Northwest wind around 7 mph. Chance of precipitation is 50%. New rainfall amounts between a tenth and quarter of an inch possible."
171,2026-07-29T16:35:32Z,KNYC,Thursday,2026-07-30T06:00:00-04:00,1,77.0,Chance Showers And Thunderstorms,"A slight chance of rain showers before 2pm, then a chance of showers and thunderstorms. Partly sunny, with a high near 77. Northwest wind around 8 mph. Chance of precipitation is 50%. New rainfall amounts less than a tenth of an inch possible."
172,2026-07-29T16:35:32Z,KNYC,Thursday Night,2026-07-30T18:00:00-04:00,0,67.0,Chance Showers And Thunderstorms then Partly Cloudy,"A chance of showers and thunderstorms before 8pm. Partly cloudy, with a low around 67. North wind around 6 mph. Chance of precipitation is 30%. New rainfall amounts less than a tenth of an inch possible."
173,2026-07-29T16:35:32Z,KNYC,Friday,2026-07-31T06:00:00-04:00,1,82.0,Mostly Sunny,"Mostly sunny, with a high near 82. Northeast wind 0 to 5 mph."
174,2026-07-29T16:35:32Z,KNYC,Friday Night,2026-07-31T18:00:00-04:00,0,69.0,Partly Cloudy,"Partly cloudy, with a low around 69."
175,2026-07-29T16:35:32Z,KNYC,Saturday,2026-08-01T06:00:00-04:00,1,82.0,Mostly Sunny,"Mostly sunny, with a high near 82."
176,2026-07-29T16:35:32Z,KNYC,Saturday Night,2026-08-01T18:00:00-04:00,0,70.0,Mostly Cloudy,"Mostly cloudy, with a low around 70."
177,2026-07-29T16:35:32Z,KNYC,Sunday,2026-08-02T06:00:00-04:00,1,82.0,Chance Rain Showers,"A chance of rain showers between 8am and 2pm, then a chance of showers and thunderstorms. Partly sunny, with a high near 82. Chance of precipitation is 30%."
178,2026-07-29T16:35:32Z,KNYC,Sunday Night,2026-08-02T18:00:00-04:00,0,71.0,Chance Showers And Thunderstorms,"A chance of showers and thunderstorms. Mostly cloudy, with a low around 71. Chance of precipitation is 30%."
179,2026-07-29T16:35:32Z,KNYC,Monday,2026-08-03T06:00:00-04:00,1,84.0,Chance Rain Showers,"A chance of rain showers before 2pm, then a chance of showers and thunderstorms. Mostly cloudy, with a high near 84. Chance of precipitation is 50%."
180,2026-07-29T16:35:32Z,KNYC,Monday Night,2026-08-03T18:00:00-04:00,0,71.0,Chance Showers And Thunderstorms,"A chance of showers and thunderstorms. Mostly cloudy, with a low around 71. Chance of precipitation is 50%."
181,2026-07-29T16:35:32Z,KNYC,Tuesday,2026-08-04T06:00:00-04:00,1,84.0,Chance Showers And Thunderstorms,"A slight chance of rain showers before 2pm, then a chance of showers and thunderstorms. Mostly sunny, with a high near 84. Chance of precipitation is 30%."
182,2026-07-29T16:35:32Z,KNYC,Tuesday Night,2026-08-04T18:00:00-04:00,0,71.0,Chance Showers And Thunderstorms,"A chance of showers and thunderstorms. Partly cloudy, with a low around 71."
183,2026-07-29T16:35:32Z,KOKC,Today,2026-07-29T10:00:00-05:00,1,102.0,Mostly Sunny,"Mostly sunny, with a high near 102. Heat index values as high as 106. South wind around 10 mph."
184,2026-07-29T16:35:32Z,KOKC,Tonight,2026-07-29T18:00:00-05:00,0,77.0,Mostly Clear,"Mostly clear, with a low around 77. Heat index values as high as 104. Southeast wind around 12 mph."
185,2026-07-29T16:35:32Z,KOKC,Thursday,2026-07-30T06:00:00-05:00,1,101.0,Sunny,"Sunny, with a high near 101. Heat index values as high as 106. South wind 8 to 14 mph, with gusts as high as 20 mph."
186,2026-07-29T16:35:32Z,KOKC,Thursday Night,2026-07-30T18:00:00-05:00,0,77.0,Mostly Clear,"Mostly clear, with a low around 77. Heat index values as high as 104. South wind around 14 mph, with gusts as high as 21 mph."
187,2026-07-29T16:35:32Z,KOKC,Friday,2026-07-31T06:00:00-05:00,1,102.0,Slight Chance Rain Showers,"A slight chance of rain showers between 7am and 1pm. Mostly sunny, with a high near 102. West southwest wind around 13 mph, with gusts as high as 20 mph. Chance of precipitation is 20%."
188,2026-07-29T16:35:32Z,KOKC,Friday Night,2026-07-31T18:00:00-05:00,0,74.0,Slight Chance Showers And Thunderstorms,"A slight chance of showers and thunderstorms between 7pm and 1am. Mostly clear, with a low around 74. Chance of precipitation is 20%."
189,2026-07-29T16:35:32Z,KOKC,Saturday,2026-08-01T06:00:00-05:00,1,94.0,Sunny,"Sunny, with a high near 94."
190,2026-07-29T16:35:32Z,KOKC,Saturday Night,2026-08-01T18:00:00-05:00,0,70.0,Clear,"Clear, with a low around 70."
191,2026-07-29T16:35:32Z,KOKC,Sunday,2026-08-02T06:00:00-05:00,1,93.0,Sunny,"Sunny, with a high near 93."
192,2026-07-29T16:35:32Z,KOKC,Sunday Night,2026-08-02T18:00:00-05:00,0,71.0,Clear,"Clear, with a low around 71."
193,2026-07-29T16:35:32Z,KOKC,Monday,2026-08-03T06:00:00-05:00,1,95.0,Sunny,"Sunny, with a high near 95."
194,2026-07-29T16:35:32Z,KOKC,Monday Night,2026-08-03T18:00:00-05:00,0,72.0,Clear,"Clear, with a low around 72."
195,2026-07-29T16:35:32Z,KOKC,Tuesday,2026-08-04T06:00:00-05:00,1,96.0,Sunny,"Sunny, with a high near 96."
196,2026-07-29T16:35:32Z,KOKC,Tuesday Night,2026-08-04T18:00:00-05:00,0,73.0,Mostly Clear,"Mostly clear, with a low around 73."
197,2026-07-29T16:35:32Z,KPHL,Today,2026-07-29T10:00:00-04:00,1,83.0,Partly Sunny,"Partly sunny, with a high near 83. Northwest wind around 15 mph."
198,2026-07-29T16:35:32Z,KPHL,Tonight,2026-07-29T18:00:00-04:00,0,66.0,Partly Cloudy,"Partly cloudy, with a low around 66. Northwest wind 10 to 15 mph."
199,2026-07-29T16:35:32Z,KPHL,Thursday,2026-07-30T06:00:00-04:00,1,82.0,Mostly Sunny then Slight Chance Rain Showers,"A slight chance of rain showers after 2pm. Mostly sunny, with a high near 82. Northwest wind 10 to 15 mph. New rainfall amounts less than a tenth of an inch possible."
200,2026-07-29T16:35:32Z,KPHL,Thursday Night,2026-07-30T18:00:00-04:00,0,67.0,Slight Chance Rain Showers then Partly Cloudy,"A slight chance of rain showers before 7pm. Partly cloudy, with a low around 67. North wind 5 to 10 mph. New rainfall amounts less than a tenth of an inch possible."
201,2026-07-29T16:35:32Z,KPHL,Friday,2026-07-31T06:00:00-04:00,1,85.0,Sunny,"Sunny, with a high near 85. North wind around 5 mph."
202,2026-07-29T16:35:32Z,KPHL,Friday Night,2026-07-31T18:00:00-04:00,0,68.0,Partly Cloudy,"Partly cloudy, with a low around 68."
203,2026-07-29T16:35:32Z,KPHL,Saturday,2026-08-01T06:00:00-04:00,1,86.0,Partly Sunny,"Partly sunny, with a high near 86."
204,2026-07-29T16:35:32Z,KPHL,Saturday Night,2026-08-01T18:00:00-04:00,0,70.0,Mostly Cloudy,"Mostly cloudy, with a low around 70."
205,2026-07-29T16:35:32Z,KPHL,Sunday,2026-08-02T06:00:00-04:00,1,86.0,Partly Sunny then Chance Showers And Thunderstorms,"A chance of showers and thunderstorms after 2pm. Partly sunny, with a high near 86. Chance of precipitation is 30%."
206,2026-07-29T16:35:32Z,KPHL,Sunday Night,2026-08-02T18:00:00-04:00,0,70.0,Chance Showers And Thunderstorms,"A chance of showers and thunderstorms. Mostly cloudy, with a low around 70. Chance of precipitation is 30%."
207,2026-07-29T16:35:32Z,KPHL,Monday,2026-08-03T06:00:00-04:00,1,85.0,Chance Rain Showers then Chance Showers And Thunderstorms,"A chance of rain showers before 2pm, then a chance of showers and thunderstorms. Mostly cloudy, with a high near 85. Chance of precipitation is 50%."
208,2026-07-29T16:35:32Z,KPHL,Monday Night,2026-08-03T18:00:00-04:00,0,70.0,Chance Showers And Thunderstorms,"A chance of showers and thunderstorms before 8pm, then a chance of showers and thunderstorms. Mostly cloudy, with a low around 70. Chance of precipitation is 50%."
209,2026-07-29T16:35:32Z,KPHL,Tuesday,2026-08-04T06:00:00-04:00,1,87.0,Chance Rain Showers,"A chance of rain showers before 2pm, then a chance of showers and thunderstorms. Mostly sunny, with a high near 87. Chance of precipitation is 40%."
210,2026-07-29T16:35:32Z,KPHL,Tuesday Night,2026-08-04T18:00:00-04:00,0,70.0,Chance Showers And Thunderstorms,"A chance of showers and thunderstorms. Mostly cloudy, with a low around 70."
211,2026-07-29T16:35:32Z,KPHX,Today,2026-07-29T07:00:00-07:00,1,111.0,Sunny,"Sunny. High near 111, with temperatures falling to around 109 in the afternoon. Heat index values as high as 111. West southwest wind 5 to 10 mph."
212,2026-07-29T16:35:32Z,KPHX,Tonight,2026-07-29T18:00:00-07:00,0,91.0,Mostly Clear,"Mostly clear, with a low around 91. West wind 5 to 10 mph."
213,2026-07-29T16:35:32Z,KPHX,Thursday,2026-07-30T06:00:00-07:00,1,114.0,Mostly Sunny,"Mostly sunny. High near 114, with temperatures falling to around 111 in the afternoon. Heat index values as high as 111. Southwest wind 5 to 10 mph."
214,2026-07-29T16:35:32Z,KPHX,Thursday Night,2026-07-30T18:00:00-07:00,0,91.0,Mostly Clear,"Mostly clear, with a low around 91. West southwest wind 5 to 10 mph."
215,2026-07-29T16:35:32Z,KPHX,Friday,2026-07-31T06:00:00-07:00,1,116.0,Sunny,"Sunny, with a high near 116. West southwest wind 5 to 15 mph, with gusts as high as 25 mph."
216,2026-07-29T16:35:32Z,KPHX,Friday Night,2026-07-31T18:00:00-07:00,0,92.0,Mostly Clear,"Mostly clear, with a low around 92. West wind 5 to 15 mph, with gusts as high as 20 mph."
217,2026-07-29T16:35:32Z,KPHX,Saturday,2026-08-01T06:00:00-07:00,1,116.0,Mostly Sunny,"Mostly sunny, with a high near 116. Southwest wind 5 to 15 mph, with gusts as high as 20 mph."
218,2026-07-29T16:35:32Z,KPHX,Saturday Night,2026-08-01T18:00:00-07:00,0,93.0,Mostly Clear,"Mostly clear, with a low around 93. Southwest wind 0 to 10 mph."
219,2026-07-29T16:35:32Z,KPHX,Sunday,2026-08-02T06:00:00-07:00,1,116.0,Sunny then Slight Chance Showers And Thunderstorms,"A slight chance of showers and thunderstorms after 5pm. Sunny, with a high near 116. West southwest wind 0 to 10 mph, with gusts as high as 20 mph. Chance of precipitation is 20%. New rainfall amounts less than a tenth of an inch possible."
220,2026-07-29T16:35:32Z,KPHX,Sunday Night,2026-08-02T18:00:00-07:00,0,93.0,Slight Chance Showers And Thunderstorms then Partly Cloudy,"A slight chance of showers and thunderstorms before 11pm. Partly cloudy, with a low around 93. South southwest wind 5 to 10 mph, with gusts as high as 20 mph. Chance of precipitation is 20%. New rainfall amounts less than a tenth of an inch possible."
221,2026-07-29T16:35:32Z,KPHX,Monday,2026-08-03T06:00:00-07:00,1,114.0,Sunny then Slight Chance Showers And Thunderstorms,"A slight chance of showers and thunderstorms after 5pm. Sunny, with a high near 114. South southwest wind 5 to 10 mph, with gusts as high as 20 mph. New rainfall amounts less than a tenth of an inch possible."
222,2026-07-29T16:35:32Z,KPHX,Monday Night,2026-08-03T18:00:00-07:00,0,92.0,Slight Chance Showers And Thunderstorms then Partly Cloudy,"A slight chance of showers and thunderstorms before 11pm. Partly cloudy, with a low around 92. West wind 5 to 10 mph. New rainfall amounts less than a tenth of an inch possible."
223,2026-07-29T16:35:32Z,KPHX,Tuesday,2026-08-04T06:00:00-07:00,1,112.0,Mostly Sunny then Chance Showers And Thunderstorms,"A chance of showers and thunderstorms after 5pm. Mostly sunny, with a high near 112. West southwest wind 5 to 10 mph, with gusts as high as 20 mph. Chance of precipitation is 30%. New rainfall amounts less than a tenth of an inch possible."
224,2026-07-29T16:35:32Z,KPHX,Tuesday Night,2026-08-04T18:00:00-07:00,0,91.0,Chance Showers And Thunderstorms then Mostly Cloudy,"A chance of showers and thunderstorms before 11pm. Mostly cloudy, with a low around 91. South southeast wind around 5 mph, with gusts as high as 20 mph. Chance of precipitation is 30%. New rainfall amounts less than a tenth of an inch possible."
225,2026-07-29T16:35:32Z,KSAT,Today,2026-07-29T07:00:00-05:00,1,99.0,Mostly Sunny,"Mostly sunny, with a high near 99. Heat index values as high as 107. South southeast wind 5 to 10 mph."
226,2026-07-29T16:35:32Z,KSAT,Tonight,2026-07-29T18:00:00-05:00,0,77.0,Mostly Clear,"Mostly clear, with a low around 77. Heat index values as high as 106. South southeast wind 5 to 15 mph, with gusts as high as 25 mph."
227,2026-07-29T16:35:32Z,KSAT,Thursday,2026-07-30T06:00:00-05:00,1,100.0,Mostly Sunny,"Mostly sunny, with a high near 100. Heat index values as high as 107. South wind 5 to 10 mph."
228,2026-07-29T16:35:32Z,KSAT,Thursday Night,2026-07-30T18:00:00-05:00,0,76.0,Mostly Clear,"Mostly clear, with a low around 76. Heat index values as high as 104. South southeast wind 5 to 15 mph, with gusts as high as 25 mph."
229,2026-07-29T16:35:32Z,KSAT,Friday,2026-07-31T06:00:00-05:00,1,102.0,Sunny,"Sunny, with a high near 102. South wind around 5 mph."
230,2026-07-29T16:35:32Z,KSAT,Friday Night,2026-07-31T18:00:00-05:00,0,78.0,Mostly Clear,"Mostly clear, with a low around 78. South wind 5 to 10 mph."
231,2026-07-29T16:35:32Z,KSAT,Saturday,2026-08-01T06:00:00-05:00,1,102.0,Mostly Sunny,"Mostly sunny, with a high near 102. South southwest wind 0 to 5 mph."
232,2026-07-29T16:35:32Z,KSAT,Saturday Night,2026-08-01T18:00:00-05:00,0,79.0,Partly Cloudy,"Partly cloudy, with a low around 79. South southeast wind around 5 mph."
233,2026-07-29T16:35:32Z,KSAT,Sunday,2026-08-02T06:00:00-05:00,1,100.0,Mostly Sunny,"Mostly sunny, with a high near 100. North northwest wind around 5 mph."
234,2026-07-29T16:35:32Z,KSAT,Sunday Night,2026-08-02T18:00:00-05:00,0,79.0,Mostly Clear,"Mostly clear, with a low around 79."
235,2026-07-29T16:35:32Z,KSAT,Monday,2026-08-03T06:00:00-05:00,1,101.0,Sunny,"Sunny, with a high near 101."
236,2026-07-29T16:35:32Z,KSAT,Monday Night,2026-08-03T18:00:00-05:00,0,78.0,Mostly Clear,"Mostly clear, with a low around 78."
237,2026-07-29T16:35:32Z,KSAT,Tuesday,2026-08-04T06:00:00-05:00,1,100.0,Sunny,"Sunny, with a high near 100."
238,2026-07-29T16:35:32Z,KSAT,Tuesday Night,2026-08-04T18:00:00-05:00,0,77.0,Mostly Clear,"Mostly clear, with a low around 77."
239,2026-07-29T16:35:32Z,KSFO,Today,2026-07-29T09:00:00-07:00,1,72.0,Sunny,"Sunny. High near 72, with temperatures falling to around 70 in the afternoon. West wind 12 to 23 mph, with gusts as high as 29 mph."
240,2026-07-29T16:35:32Z,KSFO,Tonight,2026-07-29T18:00:00-07:00,0,58.0,Mostly Clear,"Mostly clear, with a low around 58. West southwest wind 10 to 22 mph, with gusts as high as 28 mph."
241,2026-07-29T16:35:32Z,KSFO,Thursday,2026-07-30T06:00:00-07:00,1,73.0,Mostly Sunny,"Mostly sunny, with a high near 73. West southwest wind 10 to 21 mph, with gusts as high as 26 mph."
242,2026-07-29T16:35:32Z,KSFO,Thursday Night,2026-07-30T18:00:00-07:00,0,57.0,Mostly Clear,"Mostly clear, with a low around 57. West southwest wind 9 to 21 mph, with gusts as high as 26 mph."
243,2026-07-29T16:35:32Z,KSFO,Friday,2026-07-31T06:00:00-07:00,1,76.0,Sunny,"Sunny, with a high near 76. West southwest wind 8 to 22 mph, with gusts as high as 26 mph."
244,2026-07-29T16:35:32Z,KSFO,Friday Night,2026-07-31T18:00:00-07:00,0,58.0,Mostly Clear,"Mostly clear, with a low around 58."
245,2026-07-29T16:35:32Z,KSFO,Saturday,2026-08-01T06:00:00-07:00,1,78.0,Sunny,"Sunny, with a high near 78."
246,2026-07-29T16:35:32Z,KSFO,Saturday Night,2026-08-01T18:00:00-07:00,0,57.0,Mostly Clear,"Mostly clear, with a low around 57."
247,2026-07-29T16:35:32Z,KSFO,Sunday,2026-08-02T06:00:00-07:00,1,77.0,Sunny,"Sunny, with a high near 77."
248,2026-07-29T16:35:32Z,KSFO,Sunday Night,2026-08-02T18:00:00-07:00,0,57.0,Mostly Clear,"Mostly clear, with a low around 57."
249,2026-07-29T16:35:32Z,KSFO,Monday,2026-08-03T06:00:00-07:00,1,76.0,Sunny,"Sunny, with a high near 76."
250,2026-07-29T16:35:32Z,KSFO,Monday Night,2026-08-03T18:00:00-07:00,0,58.0,Mostly Clear,"Mostly clear, with a low around 58."
251,2026-07-29T16:35:32Z,KSFO,Tuesday,2026-08-04T06:00:00-07:00,1,75.0,Sunny,"Sunny, with a high near 75."
252,2026-07-29T16:35:32Z,KSFO,Tuesday Night,2026-08-04T18:00:00-07:00,0,57.0,Mostly Clear,"Mostly clear, with a low around 57."
253,2026-07-29T16:35:32Z,KSEA,Today,2026-07-29T09:00:00-07:00,1,76.0,Sunny,"Sunny, with a high near 76. North northwest wind 3 to 7 mph."
254,2026-07-29T16:35:32Z,KSEA,Tonight,2026-07-29T18:00:00-07:00,0,55.0,Mostly Clear,"Mostly clear, with a low around 55. North northeast wind 3 to 9 mph."
255,2026-07-29T16:35:32Z,KSEA,Thursday,2026-07-30T06:00:00-07:00,1,77.0,Sunny,"Sunny, with a high near 77. Southwest wind around 7 mph."
256,2026-07-29T16:35:32Z,KSEA,Thursday Night,2026-07-30T18:00:00-07:00,0,56.0,Mostly Clear,"Mostly clear, with a low around 56. West wind 0 to 7 mph."
257,2026-07-29T16:35:32Z,KSEA,Friday,2026-07-31T06:00:00-07:00,1,82.0,Sunny,"Sunny, with a high near 82. Southwest wind 0 to 7 mph."
258,2026-07-29T16:35:32Z,KSEA,Friday Night,2026-07-31T18:00:00-07:00,0,59.0,Partly Cloudy then Chance Light Rain,"A chance of rain after 5am. Partly cloudy, with a low around 59. Chance of precipitation is 30%."
259,2026-07-29T16:35:32Z,KSEA,Saturday,2026-08-01T06:00:00-07:00,1,72.0,Chance Light Rain,"A chance of rain before 5pm. Mostly sunny, with a high near 72."
260,2026-07-29T16:35:32Z,KSEA,Saturday Night,2026-08-01T18:00:00-07:00,0,55.0,Partly Cloudy,"Partly cloudy, with a low around 55."
261,2026-07-29T16:35:32Z,KSEA,Sunday,2026-08-02T06:00:00-07:00,1,71.0,Mostly Sunny,"Mostly sunny, with a high near 71."
262,2026-07-29T16:35:32Z,KSEA,Sunday Night,2026-08-02T18:00:00-07:00,0,54.0,Mostly Clear,"Mostly clear, with a low around 54."
263,2026-07-29T16:35:32Z,KSEA,Monday,2026-08-03T06:00:00-07:00,1,75.0,Sunny,"Sunny, with a high near 75."
264,2026-07-29T16:35:32Z,KSEA,Monday Night,2026-08-03T18:00:00-07:00,0,56.0,Mostly Clear,"Mostly clear, with a low around 56."
265,2026-07-29T16:35:32Z,KSEA,Tuesday,2026-08-04T06:00:00-07:00,1,81.0,Sunny,"Sunny, with a high near 81."
266,2026-07-29T16:35:32Z,KSEA,Tuesday Night,2026-08-04T18:00:00-07:00,0,59.0,Mostly Clear,"Mostly clear, with a low around 59."
267,2026-07-29T16:35:32Z,KDCA,Today,2026-07-29T11:00:00-04:00,1,85.0,Mostly Sunny,"Mostly sunny, with a high near 85. Northwest wind around 17 mph, with gusts as high as 28 mph."
268,2026-07-29T16:35:32Z,KDCA,Tonight,2026-07-29T18:00:00-04:00,0,70.0,Mostly Clear,"Mostly clear, with a low around 70. Northwest wind 12 to 17 mph, with gusts as high as 26 mph."
269,2026-07-29T16:35:32Z,KDCA,Thursday,2026-07-30T06:00:00-04:00,1,86.0,Sunny,"Sunny, with a high near 86. Northwest wind around 15 mph, with gusts as high as 24 mph."
270,2026-07-29T16:35:32Z,KDCA,Thursday Night,2026-07-30T18:00:00-04:00,0,70.0,Mostly Clear,"Mostly clear, with a low around 70. Northwest wind 8 to 15 mph, with gusts as high as 20 mph."
271,2026-07-29T16:35:32Z,KDCA,Friday,2026-07-31T06:00:00-04:00,1,89.0,Sunny,"Sunny, with a high near 89. North wind around 8 mph."
272,2026-07-29T16:35:32Z,KDCA,Friday Night,2026-07-31T18:00:00-04:00,0,72.0,Partly Cloudy,"Partly cloudy, with a low around 72."
273,2026-07-29T16:35:32Z,KDCA,Saturday,2026-08-01T06:00:00-04:00,1,89.0,Partly Sunny,"Partly sunny, with a high near 89."
274,2026-07-29T16:35:32Z,KDCA,Saturday Night,2026-08-01T18:00:00-04:00,0,72.0,Slight Chance Showers And Thunderstorms,"A slight chance of showers and thunderstorms between 8pm and 2am. Mostly cloudy, with a low around 72. Chance of precipitation is 20%."
275,2026-07-29T16:35:32Z,KDCA,Sunday,2026-08-02T06:00:00-04:00,1,88.0,Chance Showers And Thunderstorms,"A slight chance of rain showers between 8am and 2pm, then a chance of showers and thunderstorms. Mostly cloudy, with a high near 88. Chance of precipitation is 30%."
276,2026-07-29T16:35:32Z,KDCA,Sunday Night,2026-08-02T18:00:00-04:00,0,72.0,Chance Showers And Thunderstorms,"A chance of showers and thunderstorms. Mostly cloudy, with a low around 72. Chance of precipitation is 40%."
277,2026-07-29T16:35:32Z,KDCA,Monday,2026-08-03T06:00:00-04:00,1,88.0,Chance Rain Showers then Chance Showers And Thunderstorms,"A chance of rain showers before 2pm, then a chance of showers and thunderstorms. Mostly cloudy, with a high near 88. Chance of precipitation is 50%."
278,2026-07-29T16:35:32Z,KDCA,Monday Night,2026-08-03T18:00:00-04:00,0,72.0,Chance Showers And Thunderstorms,"A chance of showers and thunderstorms before 8pm, then a chance of showers and thunderstorms. Mostly cloudy, with a low around 72. Chance of precipitation is 50%."
279,2026-07-29T16:35:32Z,KDCA,Tuesday,2026-08-04T06:00:00-04:00,1,89.0,Chance Showers And Thunderstorms,"A slight chance of rain showers before 2pm, then a chance of showers and thunderstorms. Partly sunny, with a high near 89. Chance of precipitation is 40%."
280,2026-07-29T16:35:32Z,KDCA,Tuesday Night,2026-08-04T18:00:00-04:00,0,72.0,Chance Showers And Thunderstorms,"A chance of showers and thunderstorms before 2am. Mostly cloudy, with a low around 72."
1,2026-07-29T17:51:30Z,KATL,This Afternoon,2026-07-29T12:00:00-04:00,1,93.0,Mostly Sunny,"Mostly sunny, with a high near 93. Northwest wind around 10 mph, with gusts as high as 20 mph."
2,2026-07-29T17:51:30Z,KATL,Tonight,2026-07-29T18:00:00-04:00,0,72.0,Clear,"Clear, with a low around 72. North wind 0 to 10 mph, with gusts as high as 20 mph."
3,2026-07-29T17:51:30Z,KATL,Thursday,2026-07-30T06:00:00-04:00,1,91.0,Sunny,"Sunny, with a high near 91. North wind 0 to 10 mph."
4,2026-07-29T17:51:30Z,KATL,Thursday Night,2026-07-30T18:00:00-04:00,0,69.0,Mostly Clear,"Mostly clear, with a low around 69. North wind 0 to 10 mph, with gusts as high as 20 mph."
5,2026-07-29T17:51:30Z,KATL,Friday,2026-07-31T06:00:00-04:00,1,93.0,Sunny,"Sunny, with a high near 93. North wind 0 to 5 mph."
6,2026-07-29T17:51:30Z,KATL,Friday Night,2026-07-31T18:00:00-04:00,0,73.0,Partly Cloudy,"Partly cloudy, with a low around 73."
7,2026-07-29T17:51:30Z,KATL,Saturday,2026-08-01T06:00:00-04:00,1,90.0,Showers And Thunderstorms Likely,"A chance of rain showers between 8am and 11am, then showers and thunderstorms likely. Mostly cloudy, with a high near 90. Chance of precipitation is 60%."
8,2026-07-29T17:51:30Z,KATL,Saturday Night,2026-08-01T18:00:00-04:00,0,73.0,Showers And Thunderstorms,"Showers and thunderstorms. Mostly cloudy, with a low around 73. Chance of precipitation is 80%."
9,2026-07-29T17:51:30Z,KATL,Sunday,2026-08-02T06:00:00-04:00,1,87.0,Showers And Thunderstorms,"Showers and thunderstorms. Mostly cloudy, with a high near 87. Chance of precipitation is 90%."
10,2026-07-29T17:51:30Z,KATL,Sunday Night,2026-08-02T18:00:00-04:00,0,72.0,Showers And Thunderstorms then Chance Showers And Thunderstorms,"Showers and thunderstorms before 8pm, then a chance of showers and thunderstorms. Mostly cloudy, with a low around 72. Chance of precipitation is 90%."
11,2026-07-29T17:51:30Z,KATL,Monday,2026-08-03T06:00:00-04:00,1,87.0,Showers And Thunderstorms Likely,"A chance of rain showers before 2pm, then showers and thunderstorms likely. Mostly cloudy, with a high near 87. Chance of precipitation is 70%."
12,2026-07-29T17:51:30Z,KATL,Monday Night,2026-08-03T18:00:00-04:00,0,72.0,Showers And Thunderstorms Likely,"Showers and thunderstorms likely before 2am. Mostly cloudy, with a low around 72. Chance of precipitation is 70%."
13,2026-07-29T17:51:30Z,KATL,Tuesday,2026-08-04T06:00:00-04:00,1,88.0,Chance Rain Showers then Chance Showers And Thunderstorms,"A chance of rain showers between 8am and 2pm, then a chance of showers and thunderstorms. Partly sunny, with a high near 88. Chance of precipitation is 50%."
14,2026-07-29T17:51:30Z,KATL,Tuesday Night,2026-08-04T18:00:00-04:00,0,73.0,Chance Showers And Thunderstorms,"A chance of showers and thunderstorms before 2am. Partly cloudy, with a low around 73."
15,2026-07-29T17:51:30Z,KAUS,This Afternoon,2026-07-29T12:00:00-05:00,1,99.0,Sunny,"Sunny, with a high near 99. Heat index values as high as 106. South southwest wind 5 to 10 mph."
16,2026-07-29T17:51:30Z,KAUS,Tonight,2026-07-29T18:00:00-05:00,0,77.0,Mostly Clear,"Mostly clear, with a low around 77. Heat index values as high as 103. South wind 5 to 10 mph, with gusts as high as 20 mph."
17,2026-07-29T17:51:30Z,KAUS,Thursday,2026-07-30T06:00:00-05:00,1,100.0,Mostly Sunny,"Mostly sunny, with a high near 100. Heat index values as high as 104. South southwest wind 5 to 10 mph."
18,2026-07-29T17:51:30Z,KAUS,Thursday Night,2026-07-30T18:00:00-05:00,0,76.0,Mostly Clear,"Mostly clear, with a low around 76. Heat index values as high as 105. South wind 5 to 10 mph, with gusts as high as 20 mph."
19,2026-07-29T17:51:30Z,KAUS,Friday,2026-07-31T06:00:00-05:00,1,100.0,Mostly Sunny,"Mostly sunny, with a high near 100. South southwest wind 5 to 10 mph."
20,2026-07-29T17:51:30Z,KAUS,Friday Night,2026-07-31T18:00:00-05:00,0,77.0,Mostly Clear,"Mostly clear, with a low around 77. South wind 5 to 10 mph, with gusts as high as 20 mph."
21,2026-07-29T17:51:30Z,KAUS,Saturday,2026-08-01T06:00:00-05:00,1,100.0,Mostly Sunny,"Mostly sunny, with a high near 100. West wind around 5 mph."
22,2026-07-29T17:51:30Z,KAUS,Saturday Night,2026-08-01T18:00:00-05:00,0,78.0,Partly Cloudy then Slight Chance Showers And Thunderstorms,"A slight chance of showers and thunderstorms after 1am. Partly cloudy, with a low around 78. Southwest wind 0 to 5 mph. Chance of precipitation is 20%."
23,2026-07-29T17:51:30Z,KAUS,Sunday,2026-08-02T06:00:00-05:00,1,97.0,Slight Chance Showers And Thunderstorms then Sunny,"A slight chance of showers and thunderstorms before 7am. Sunny, with a high near 97. North northwest wind around 5 mph. Chance of precipitation is 20%."
24,2026-07-29T17:51:30Z,KAUS,Sunday Night,2026-08-02T18:00:00-05:00,0,77.0,Mostly Clear,"Mostly clear, with a low around 77."
25,2026-07-29T17:51:30Z,KAUS,Monday,2026-08-03T06:00:00-05:00,1,98.0,Sunny,"Sunny, with a high near 98."
26,2026-07-29T17:51:30Z,KAUS,Monday Night,2026-08-03T18:00:00-05:00,0,78.0,Mostly Clear,"Mostly clear, with a low around 78."
27,2026-07-29T17:51:30Z,KAUS,Tuesday,2026-08-04T06:00:00-05:00,1,98.0,Sunny,"Sunny, with a high near 98."
28,2026-07-29T17:51:30Z,KAUS,Tuesday Night,2026-08-04T18:00:00-05:00,0,77.0,Partly Cloudy,"Partly cloudy, with a low around 77."
29,2026-07-29T17:51:30Z,KBOS,Today,2026-07-29T08:00:00-04:00,1,73.0,Patchy Fog,"Rain showers likely before noon, then rain showers likely and patchy fog between noon and 2pm, then patchy fog and showers and thunderstorms between 2pm and 5pm, then patchy fog and showers and thunderstorms. Mostly cloudy, with a high near 73. East wind 13 to 17 mph, with gusts as high as 31 mph. Chance of precipitation is 80%. New rainfall amounts between a half and three quarters of an inch possible."
30,2026-07-29T17:51:30Z,KBOS,Tonight,2026-07-29T18:00:00-04:00,0,64.0,Patchy Fog,"Patchy fog and showers and thunderstorms before 2am, then patchy fog and showers and thunderstorms likely between 2am and 5am, then patchy fog and showers and thunderstorms likely. Cloudy, with a low around 64. East wind around 16 mph, with gusts as high as 29 mph. Chance of precipitation is 90%. New rainfall amounts between a half and three quarters of an inch possible."
31,2026-07-29T17:51:30Z,KBOS,Thursday,2026-07-30T06:00:00-04:00,1,70.0,Patchy Fog,"Patchy fog and showers and thunderstorms likely before 7am, then patchy fog and a chance of showers and thunderstorms between 7am and 8am, then patchy fog and showers and thunderstorms likely. Cloudy, with a high near 70. Northeast wind around 15 mph. Chance of precipitation is 70%. New rainfall amounts between a half and three quarters of an inch possible."
32,2026-07-29T17:51:30Z,KBOS,Thursday Night,2026-07-30T18:00:00-04:00,0,64.0,Patchy Fog,"Patchy fog and showers and thunderstorms likely before 2am. Cloudy, with a low around 64. North wind 7 to 12 mph. Chance of precipitation is 60%. New rainfall amounts between a tenth and quarter of an inch possible."
33,2026-07-29T17:51:30Z,KBOS,Friday,2026-07-31T06:00:00-04:00,1,70.0,Mostly Cloudy then Slight Chance Rain Showers,"A slight chance of rain showers after 4pm. Mostly cloudy, with a high near 70. Northeast wind around 7 mph. Chance of precipitation is 20%."
34,2026-07-29T17:51:30Z,KBOS,Friday Night,2026-07-31T18:00:00-04:00,0,65.0,Slight Chance Rain Showers then Partly Cloudy,"A slight chance of rain showers before 7pm. Partly cloudy, with a low around 65. Southwest wind around 5 mph. Chance of precipitation is 20%."
35,2026-07-29T17:51:30Z,KBOS,Saturday,2026-08-01T06:00:00-04:00,1,81.0,Mostly Sunny,"Mostly sunny, with a high near 81. Southeast wind 2 to 7 mph."
36,2026-07-29T17:51:30Z,KBOS,Saturday Night,2026-08-01T18:00:00-04:00,0,67.0,Partly Cloudy,"Partly cloudy, with a low around 67. South wind around 7 mph."
37,2026-07-29T17:51:30Z,KBOS,Sunday,2026-08-02T06:00:00-04:00,1,81.0,Mostly Sunny,"Mostly sunny, with a high near 81. South wind 6 to 12 mph."
38,2026-07-29T17:51:30Z,KBOS,Sunday Night,2026-08-02T18:00:00-04:00,0,68.0,Chance Rain Showers,"A chance of rain showers after 7pm. Mostly cloudy, with a low around 68. South wind 6 to 12 mph. Chance of precipitation is 30%."
39,2026-07-29T17:51:30Z,KBOS,Monday,2026-08-03T06:00:00-04:00,1,80.0,Chance Rain Showers,"A chance of rain showers before 2pm, then a chance of showers and thunderstorms. Partly sunny, with a high near 80. South wind around 6 mph. Chance of precipitation is 30%."
40,2026-07-29T17:51:30Z,KBOS,Monday Night,2026-08-03T18:00:00-04:00,0,68.0,Chance Showers And Thunderstorms then Slight Chance Showers And Thunderstorms,"A chance of showers and thunderstorms before 7pm, then a slight chance of showers and thunderstorms between 7pm and 1am. Partly cloudy, with a low around 68. West wind around 5 mph. Chance of precipitation is 30%."
41,2026-07-29T17:51:30Z,KBOS,Tuesday,2026-08-04T06:00:00-04:00,1,78.0,Mostly Sunny then Slight Chance Rain Showers,"A slight chance of rain showers after 5pm. Mostly sunny, with a high near 78. North wind 5 to 8 mph."
42,2026-07-29T17:51:30Z,KBOS,Tuesday Night,2026-08-04T18:00:00-04:00,0,67.0,Slight Chance Rain Showers then Mostly Clear,"A slight chance of rain showers before 7pm. Mostly clear, with a low around 67. West wind 3 to 7 mph."
43,2026-07-29T17:51:30Z,KMDW,Today,2026-07-29T10:00:00-05:00,1,80.0,Sunny,"Sunny, with a high near 80. Northeast wind around 10 mph."
44,2026-07-29T17:51:30Z,KMDW,Tonight,2026-07-29T18:00:00-05:00,0,67.0,Mostly Clear,"Mostly clear, with a low around 67. North wind 0 to 10 mph."
45,2026-07-29T17:51:30Z,KMDW,Thursday,2026-07-30T06:00:00-05:00,1,87.0,Mostly Sunny,"Mostly sunny, with a high near 87. North wind 0 to 5 mph."
46,2026-07-29T17:51:30Z,KMDW,Thursday Night,2026-07-30T18:00:00-05:00,0,70.0,Mostly Cloudy,"Mostly cloudy, with a low around 70. South southeast wind around 5 mph."
47,2026-07-29T17:51:30Z,KMDW,Friday,2026-07-31T06:00:00-05:00,1,76.0,Rain Showers Likely,"Rain showers likely between 7am and 4pm, then showers and thunderstorms likely. Mostly cloudy, with a high near 76. South wind 5 to 10 mph, with gusts as high as 20 mph. Chance of precipitation is 60%."
48,2026-07-29T17:51:30Z,KMDW,Friday Night,2026-07-31T18:00:00-05:00,0,67.0,Showers And Thunderstorms Likely then Heavy Rain,"Showers and thunderstorms likely before 7pm, then rain and a chance of thunderstorms. Some of the storms could produce heavy rain. Cloudy, with a low around 67. Chance of precipitation is 80%."
49,2026-07-29T17:51:30Z,KMDW,Saturday,2026-08-01T06:00:00-05:00,1,74.0,Heavy Rain then Showers And Thunderstorms Likely,"Rain and a chance of thunderstorms before 7am, then showers and thunderstorms likely between 7am and 1pm, then a chance of showers and thunderstorms. Some of the storms could produce heavy rain. Mostly cloudy, with a high near 74."
50,2026-07-29T17:51:30Z,KMDW,Saturday Night,2026-08-01T18:00:00-05:00,0,67.0,Chance Showers And Thunderstorms,"A chance of showers and thunderstorms before 1am. Mostly cloudy, with a low around 67."
51,2026-07-29T17:51:30Z,KMDW,Sunday,2026-08-02T06:00:00-05:00,1,76.0,Mostly Sunny,"Mostly sunny, with a high near 76."
52,2026-07-29T17:51:30Z,KMDW,Sunday Night,2026-08-02T18:00:00-05:00,0,67.0,Partly Cloudy,"Partly cloudy, with a low around 67."
53,2026-07-29T17:51:30Z,KMDW,Monday,2026-08-03T06:00:00-05:00,1,80.0,Sunny,"Sunny, with a high near 80."
54,2026-07-29T17:51:30Z,KMDW,Monday Night,2026-08-03T18:00:00-05:00,0,68.0,Mostly Clear,"Mostly clear, with a low around 68."
55,2026-07-29T17:51:30Z,KMDW,Tuesday,2026-08-04T06:00:00-05:00,1,84.0,Mostly Sunny,"Mostly sunny, with a high near 84."
56,2026-07-29T17:51:30Z,KMDW,Tuesday Night,2026-08-04T18:00:00-05:00,0,70.0,Slight Chance Rain Showers,"A slight chance of rain showers after 7pm. Partly cloudy, with a low around 70."
57,2026-07-29T17:51:30Z,KDFW,Today,2026-07-29T11:00:00-05:00,1,100.0,Mostly Sunny,"Mostly sunny, with a high near 100. Heat index values as high as 104. South wind around 5 mph."
58,2026-07-29T17:51:30Z,KDFW,Tonight,2026-07-29T18:00:00-05:00,0,80.0,Partly Cloudy,"Partly cloudy, with a low around 80. Heat index values as high as 102. South wind 5 to 10 mph."
59,2026-07-29T17:51:30Z,KDFW,Thursday,2026-07-30T06:00:00-05:00,1,102.0,Sunny,"Sunny, with a high near 102. Heat index values as high as 109. South southwest wind 5 to 10 mph."
60,2026-07-29T17:51:30Z,KDFW,Thursday Night,2026-07-30T18:00:00-05:00,0,80.0,Mostly Clear,"Mostly clear. Low around 80, with temperatures rising to around 82 overnight. Heat index values as high as 106. South wind around 10 mph."
61,2026-07-29T17:51:30Z,KDFW,Friday,2026-07-31T06:00:00-05:00,1,104.0,Sunny,"Sunny, with a high near 104. South southwest wind around 10 mph."
62,2026-07-29T17:51:30Z,KDFW,Friday Night,2026-07-31T18:00:00-05:00,0,80.0,Partly Cloudy,"Partly cloudy. Low around 80, with temperatures rising to around 82 overnight. Southwest wind around 10 mph."
63,2026-07-29T17:51:30Z,KDFW,Saturday,2026-08-01T06:00:00-05:00,1,98.0,Slight Chance Showers And Thunderstorms,"A slight chance of showers and thunderstorms between 7am and 1pm. Sunny, with a high near 98. Northwest wind around 10 mph, with gusts as high as 20 mph. Chance of precipitation is 20%."
64,2026-07-29T17:51:30Z,KDFW,Saturday Night,2026-08-01T18:00:00-05:00,0,77.0,Mostly Clear,"Mostly clear, with a low around 77. North northeast wind 5 to 15 mph."
65,2026-07-29T17:51:30Z,KDFW,Sunday,2026-08-02T06:00:00-05:00,1,97.0,Sunny,"Sunny, with a high near 97. North northeast wind 5 to 10 mph."
66,2026-07-29T17:51:30Z,KDFW,Sunday Night,2026-08-02T18:00:00-05:00,0,77.0,Clear,"Clear, with a low around 77."
67,2026-07-29T17:51:30Z,KDFW,Monday,2026-08-03T06:00:00-05:00,1,100.0,Sunny,"Sunny, with a high near 100."
68,2026-07-29T17:51:30Z,KDFW,Monday Night,2026-08-03T18:00:00-05:00,0,79.0,Clear,"Clear, with a low around 79."
69,2026-07-29T17:51:30Z,KDFW,Tuesday,2026-08-04T06:00:00-05:00,1,101.0,Sunny,"Sunny, with a high near 101."
70,2026-07-29T17:51:30Z,KDFW,Tuesday Night,2026-08-04T18:00:00-05:00,0,80.0,Mostly Clear,"Mostly clear, with a low around 80."
71,2026-07-29T17:51:30Z,KDEN,Today,2026-07-29T06:00:00-06:00,1,91.0,Mostly Sunny then Chance Showers And Thunderstorms,"A chance of showers and thunderstorms between 2pm and 3pm, then a chance of showers and thunderstorms between 3pm and 4pm, then showers and thunderstorms likely. Mostly sunny. High near 91, with temperatures falling to around 84 in the afternoon. South southwest wind 5 to 10 mph, with gusts as high as 16 mph. Chance of precipitation is 70%. New rainfall amounts between a tenth and quarter of an inch possible."
72,2026-07-29T17:51:30Z,KDEN,Tonight,2026-07-29T18:00:00-06:00,0,62.0,Showers And Thunderstorms Likely then Mostly Cloudy,"Showers and thunderstorms likely before 9pm. Mostly cloudy. Low around 62, with temperatures rising to around 66 overnight. South southwest wind 6 to 12 mph, with gusts as high as 18 mph. Chance of precipitation is 60%. New rainfall amounts less than a tenth of an inch possible."
73,2026-07-29T17:51:30Z,KDEN,Thursday,2026-07-30T06:00:00-06:00,1,93.0,Sunny then Chance Showers And Thunderstorms,"A chance of showers and thunderstorms after 4pm. Sunny. High near 93, with temperatures falling to around 89 in the afternoon. Northwest wind around 7 mph, with gusts as high as 17 mph. Chance of precipitation is 30%."
74,2026-07-29T17:51:30Z,KDEN,Thursday Night,2026-07-30T18:00:00-06:00,0,63.0,Slight Chance Showers And Thunderstorms then Mostly Clear,"A slight chance of showers and thunderstorms before midnight. Mostly clear, with a low around 63. West wind 3 to 7 mph. Chance of precipitation is 20%."
75,2026-07-29T17:51:30Z,KDEN,Friday,2026-07-31T06:00:00-06:00,1,92.0,Sunny,"Sunny, with a high near 92. North northwest wind 2 to 8 mph, with gusts as high as 18 mph."
76,2026-07-29T17:51:30Z,KDEN,Friday Night,2026-07-31T18:00:00-06:00,0,61.0,Chance Showers And Thunderstorms then Mostly Clear,"A chance of showers and thunderstorms before 9pm, then a chance of showers and thunderstorms between 9pm and midnight. Mostly clear, with a low around 61. Chance of precipitation is 40%."
77,2026-07-29T17:51:30Z,KDEN,Saturday,2026-08-01T06:00:00-06:00,1,94.0,Sunny,"Sunny, with a high near 94."
78,2026-07-29T17:51:30Z,KDEN,Saturday Night,2026-08-01T18:00:00-06:00,0,67.0,Mostly Clear,"Mostly clear, with a low around 67."
79,2026-07-29T17:51:30Z,KDEN,Sunday,2026-08-02T06:00:00-06:00,1,101.0,Sunny,"Sunny, with a high near 101."
80,2026-07-29T17:51:30Z,KDEN,Sunday Night,2026-08-02T18:00:00-06:00,0,71.0,Mostly Clear,"Mostly clear, with a low around 71."
81,2026-07-29T17:51:30Z,KDEN,Monday,2026-08-03T06:00:00-06:00,1,99.0,Sunny,"Sunny, with a high near 99."
82,2026-07-29T17:51:30Z,KDEN,Monday Night,2026-08-03T18:00:00-06:00,0,66.0,Chance Showers And Thunderstorms then Partly Cloudy,"A chance of showers and thunderstorms before midnight. Partly cloudy, with a low around 66."
83,2026-07-29T17:51:30Z,KDEN,Tuesday,2026-08-04T06:00:00-06:00,1,91.0,Mostly Sunny then Slight Chance Showers And Thunderstorms,"A slight chance of showers and thunderstorms after noon. Mostly sunny, with a high near 91."
84,2026-07-29T17:51:30Z,KDEN,Tuesday Night,2026-08-04T18:00:00-06:00,0,64.0,Chance Showers And Thunderstorms then Partly Cloudy,"A chance of showers and thunderstorms before midnight. Partly cloudy, with a low around 64."
85,2026-07-29T17:51:30Z,KIAH,Today,2026-07-29T11:00:00-05:00,1,99.0,Mostly Sunny then Slight Chance Showers And Thunderstorms,"A slight chance of showers and thunderstorms after 3pm. Mostly sunny, with a high near 99. Heat index values as high as 109. South wind around 5 mph. Chance of precipitation is 20%."
86,2026-07-29T17:51:30Z,KIAH,Tonight,2026-07-29T18:00:00-05:00,0,79.0,Slight Chance Showers And Thunderstorms then Partly Cloudy,"A slight chance of showers and thunderstorms before 7pm. Partly cloudy, with a low around 79. Heat index values as high as 107. South wind 5 to 10 mph. Chance of precipitation is 20%."
87,2026-07-29T17:51:30Z,KIAH,Thursday,2026-07-30T06:00:00-05:00,1,100.0,Mostly Sunny,"Mostly sunny, with a high near 100. Heat index values as high as 107. Southwest wind around 5 mph."
88,2026-07-29T17:51:30Z,KIAH,Thursday Night,2026-07-30T18:00:00-05:00,0,79.0,Partly Cloudy,"Partly cloudy, with a low around 79. Heat index values as high as 106. South wind 5 to 10 mph."
89,2026-07-29T17:51:30Z,KIAH,Friday,2026-07-31T06:00:00-05:00,1,100.0,Mostly Sunny,"Mostly sunny, with a high near 100. Southwest wind around 5 mph."
90,2026-07-29T17:51:30Z,KIAH,Friday Night,2026-07-31T18:00:00-05:00,0,80.0,Mostly Clear,"Mostly clear, with a low around 80."
91,2026-07-29T17:51:30Z,KIAH,Saturday,2026-08-01T06:00:00-05:00,1,101.0,Mostly Sunny,"Mostly sunny, with a high near 101."
92,2026-07-29T17:51:30Z,KIAH,Saturday Night,2026-08-01T18:00:00-05:00,0,80.0,Partly Cloudy then Slight Chance Showers And Thunderstorms,"A slight chance of showers and thunderstorms after 1am. Partly cloudy, with a low around 80. Chance of precipitation is 20%."
93,2026-07-29T17:51:30Z,KIAH,Sunday,2026-08-02T06:00:00-05:00,1,100.0,Slight Chance Showers And Thunderstorms,"A slight chance of showers and thunderstorms. Mostly sunny, with a high near 100. Chance of precipitation is 20%."
94,2026-07-29T17:51:30Z,KIAH,Sunday Night,2026-08-02T18:00:00-05:00,0,79.0,Slight Chance Showers And Thunderstorms then Mostly Clear,"A slight chance of showers and thunderstorms before 7pm. Mostly clear, with a low around 79. Chance of precipitation is 20%."
95,2026-07-29T17:51:30Z,KIAH,Monday,2026-08-03T06:00:00-05:00,1,101.0,Sunny,"Sunny, with a high near 101."
96,2026-07-29T17:51:30Z,KIAH,Monday Night,2026-08-03T18:00:00-05:00,0,79.0,Mostly Clear,"Mostly clear, with a low around 79."
97,2026-07-29T17:51:30Z,KIAH,Tuesday,2026-08-04T06:00:00-05:00,1,100.0,Sunny,"Sunny, with a high near 100."
98,2026-07-29T17:51:30Z,KIAH,Tuesday Night,2026-08-04T18:00:00-05:00,0,79.0,Mostly Clear,"Mostly clear, with a low around 79."
99,2026-07-29T17:51:30Z,KLAS,Today,2026-07-29T06:00:00-07:00,1,110.0,Sunny,"Sunny, with a high near 110. South southwest wind 7 to 12 mph, with gusts as high as 20 mph."
100,2026-07-29T17:51:30Z,KLAS,Tonight,2026-07-29T18:00:00-07:00,0,85.0,Mostly Clear,"Mostly clear. Low around 85, with temperatures rising to around 87 overnight. Southwest wind 6 to 12 mph, with gusts as high as 18 mph."
101,2026-07-29T17:51:30Z,KLAS,Thursday,2026-07-30T06:00:00-07:00,1,111.0,Sunny,"Sunny, with a high near 111. Southeast wind 1 to 7 mph."
102,2026-07-29T17:51:30Z,KLAS,Thursday Night,2026-07-30T18:00:00-07:00,0,87.0,Mostly Clear,"Mostly clear, with a low around 87. Southwest wind around 7 mph."
103,2026-07-29T17:51:30Z,KLAS,Friday,2026-07-31T06:00:00-07:00,1,113.0,Sunny,"Sunny, with a high near 113. South southeast wind around 5 mph."
104,2026-07-29T17:51:30Z,KLAS,Friday Night,2026-07-31T18:00:00-07:00,0,88.0,Clear,"Clear, with a low around 88."
105,2026-07-29T17:51:30Z,KLAS,Saturday,2026-08-01T06:00:00-07:00,1,116.0,Sunny,"Sunny, with a high near 116."
106,2026-07-29T17:51:30Z,KLAS,Saturday Night,2026-08-01T18:00:00-07:00,0,91.0,Clear,"Clear, with a low around 91."
107,2026-07-29T17:51:30Z,KLAS,Sunday,2026-08-02T06:00:00-07:00,1,115.0,Sunny,"Sunny, with a high near 115."
108,2026-07-29T17:51:30Z,KLAS,Sunday Night,2026-08-02T18:00:00-07:00,0,91.0,Clear,"Clear, with a low around 91."
109,2026-07-29T17:51:30Z,KLAS,Monday,2026-08-03T06:00:00-07:00,1,114.0,Sunny,"Sunny, with a high near 114."
110,2026-07-29T17:51:30Z,KLAS,Monday Night,2026-08-03T18:00:00-07:00,0,90.0,Clear,"Clear, with a low around 90."
111,2026-07-29T17:51:30Z,KLAS,Tuesday,2026-08-04T06:00:00-07:00,1,115.0,Sunny,"Sunny, with a high near 115."
112,2026-07-29T17:51:30Z,KLAS,Tuesday Night,2026-08-04T18:00:00-07:00,0,90.0,Mostly Clear,"Mostly clear, with a low around 90."
113,2026-07-29T17:51:30Z,KLAX,Today,2026-07-29T07:00:00-07:00,1,77.0,Patchy Fog then Mostly Sunny,"Patchy fog before 11am. Mostly sunny, with a high near 77. Southwest wind 5 to 10 mph."
114,2026-07-29T17:51:30Z,KLAX,Tonight,2026-07-29T18:00:00-07:00,0,67.0,Patchy Fog,"Patchy fog after 11pm. Mostly cloudy, with a low around 67. South southwest wind 0 to 10 mph."
115,2026-07-29T17:51:30Z,KLAX,Thursday,2026-07-30T06:00:00-07:00,1,78.0,Patchy Fog then Mostly Sunny,"Patchy fog before 11am. Mostly sunny, with a high near 78. South southwest wind 5 to 10 mph."
116,2026-07-29T17:51:30Z,KLAX,Thursday Night,2026-07-30T18:00:00-07:00,0,67.0,Patchy Fog,"Patchy fog after 11pm. Mostly cloudy, with a low around 67. Southwest wind 5 to 10 mph."
117,2026-07-29T17:51:30Z,KLAX,Friday,2026-07-31T06:00:00-07:00,1,81.0,Patchy Fog then Mostly Sunny,"Patchy fog before 11am. Mostly sunny, with a high near 81. Southwest wind 0 to 10 mph."
118,2026-07-29T17:51:30Z,KLAX,Friday Night,2026-07-31T18:00:00-07:00,0,68.0,Partly Cloudy,"Partly cloudy, with a low around 68."
119,2026-07-29T17:51:30Z,KLAX,Saturday,2026-08-01T06:00:00-07:00,1,79.0,Mostly Sunny,"Mostly sunny, with a high near 79."
120,2026-07-29T17:51:30Z,KLAX,Saturday Night,2026-08-01T18:00:00-07:00,0,69.0,Mostly Clear,"Mostly clear, with a low around 69."
121,2026-07-29T17:51:30Z,KLAX,Sunday,2026-08-02T06:00:00-07:00,1,80.0,Sunny,"Sunny, with a high near 80."
122,2026-07-29T17:51:30Z,KLAX,Sunday Night,2026-08-02T18:00:00-07:00,0,68.0,Partly Cloudy,"Partly cloudy, with a low around 68."
123,2026-07-29T17:51:30Z,KLAX,Monday,2026-08-03T06:00:00-07:00,1,78.0,Sunny,"Sunny, with a high near 78."
124,2026-07-29T17:51:30Z,KLAX,Monday Night,2026-08-03T18:00:00-07:00,0,67.0,Partly Cloudy,"Partly cloudy, with a low around 67."
125,2026-07-29T17:51:30Z,KLAX,Tuesday,2026-08-04T06:00:00-07:00,1,78.0,Sunny,"Sunny, with a high near 78."
126,2026-07-29T17:51:30Z,KLAX,Tuesday Night,2026-08-04T18:00:00-07:00,0,67.0,Mostly Clear,"Mostly clear, with a low around 67."
127,2026-07-29T17:51:30Z,KMIA,Today,2026-07-29T10:00:00-04:00,1,94.0,Mostly Sunny then Slight Chance Showers And Thunderstorms,"A slight chance of showers and thunderstorms between 1pm and 4pm. Mostly sunny, with a high near 94. Heat index values as high as 103. Southwest wind 12 to 15 mph, with gusts as high as 25 mph. Chance of precipitation is 20%."
128,2026-07-29T17:51:30Z,KMIA,Tonight,2026-07-29T18:00:00-04:00,0,79.0,Mostly Clear,"Mostly clear, with a low around 79. Heat index values as high as 100. Southwest wind 8 to 15 mph, with gusts as high as 23 mph."
129,2026-07-29T17:51:30Z,KMIA,Thursday,2026-07-30T06:00:00-04:00,1,95.0,Partly Sunny then Slight Chance Showers And Thunderstorms,"A slight chance of showers and thunderstorms between 2pm and 5pm. Partly sunny, with a high near 95. Heat index values as high as 105. Southwest wind 7 to 14 mph, with gusts as high as 22 mph. Chance of precipitation is 20%. New rainfall amounts less than a tenth of an inch possible."
130,2026-07-29T17:51:30Z,KMIA,Thursday Night,2026-07-30T18:00:00-04:00,0,79.0,Partly Cloudy,"Partly cloudy, with a low around 79. Heat index values as high as 100. West wind 3 to 14 mph, with gusts as high as 21 mph."
131,2026-07-29T17:51:30Z,KMIA,Friday,2026-07-31T06:00:00-04:00,1,94.0,Partly Sunny then Slight Chance Showers And Thunderstorms,"A slight chance of showers and thunderstorms after 2pm. Partly sunny, with a high near 94. Southwest wind 0 to 12 mph, with gusts as high as 18 mph. Chance of precipitation is 20%."
132,2026-07-29T17:51:30Z,KMIA,Friday Night,2026-07-31T18:00:00-04:00,0,80.0,Slight Chance Showers And Thunderstorms then Mostly Cloudy,"A slight chance of showers and thunderstorms before 8pm. Mostly cloudy, with a low around 80. Southwest wind 1 to 12 mph. Chance of precipitation is 20%."
133,2026-07-29T17:51:30Z,KMIA,Saturday,2026-08-01T06:00:00-04:00,1,93.0,Partly Sunny then Chance Showers And Thunderstorms,"A chance of showers and thunderstorms after 2pm. Partly sunny, with a high near 93. Southwest wind 0 to 10 mph. Chance of precipitation is 50%."
134,2026-07-29T17:51:30Z,KMIA,Saturday Night,2026-08-01T18:00:00-04:00,0,80.0,Chance Showers And Thunderstorms,"A chance of showers and thunderstorms before 2am. Mostly cloudy, with a low around 80. South wind 5 to 9 mph. Chance of precipitation is 50%."
135,2026-07-29T17:51:30Z,KMIA,Sunday,2026-08-02T06:00:00-04:00,1,92.0,Chance Showers And Thunderstorms,"A chance of showers and thunderstorms after 8am. Partly sunny, with a high near 92. South wind 5 to 12 mph, with gusts as high as 20 mph. Chance of precipitation is 30%."
136,2026-07-29T17:51:30Z,KMIA,Sunday Night,2026-08-02T18:00:00-04:00,0,81.0,Chance Showers And Thunderstorms then Partly Cloudy,"A chance of showers and thunderstorms before 8pm. Partly cloudy, with a low around 81. Chance of precipitation is 30%."
137,2026-07-29T17:51:30Z,KMIA,Monday,2026-08-03T06:00:00-04:00,1,92.0,Chance Showers And Thunderstorms,"A chance of showers and thunderstorms after 8am. Mostly sunny, with a high near 92. Chance of precipitation is 40%."
138,2026-07-29T17:51:30Z,KMIA,Monday Night,2026-08-03T18:00:00-04:00,0,81.0,Chance Showers And Thunderstorms,"A chance of showers and thunderstorms before 2am. Partly cloudy, with a low around 81. Chance of precipitation is 40%."
139,2026-07-29T17:51:30Z,KMIA,Tuesday,2026-08-04T06:00:00-04:00,1,91.0,Chance Showers And Thunderstorms,"A chance of showers and thunderstorms after 8am. Mostly sunny, with a high near 91. Chance of precipitation is 50%."
140,2026-07-29T17:51:30Z,KMIA,Tuesday Night,2026-08-04T18:00:00-04:00,0,80.0,Chance Showers And Thunderstorms,"A chance of showers and thunderstorms before 2am. Partly cloudy, with a low around 80."
141,2026-07-29T17:51:30Z,KMSP,This Afternoon,2026-07-29T12:00:00-05:00,1,91.0,Patchy Smoke,"Patchy smoke after 2pm. Mostly sunny, with a high near 91. South wind around 5 mph."
142,2026-07-29T17:51:30Z,KMSP,Tonight,2026-07-29T18:00:00-05:00,0,72.0,Patchy Smoke,"Patchy smoke. Partly cloudy, with a low around 72. South wind around 10 mph."
143,2026-07-29T17:51:30Z,KMSP,Thursday,2026-07-30T06:00:00-05:00,1,89.0,Patchy Smoke,"Patchy smoke. Partly sunny, with a high near 89. South southwest wind 10 to 15 mph."
144,2026-07-29T17:51:30Z,KMSP,Thursday Night,2026-07-30T18:00:00-05:00,0,67.0,Chance Rain Showers then Chance Showers And Thunderstorms,"A chance of rain showers between 10pm and 1am, then a chance of showers and thunderstorms between 1am and 5am, then patchy smoke and showers and thunderstorms likely. Cloudy, with a low around 67. South southeast wind 10 to 15 mph. Chance of precipitation is 60%. New rainfall amounts between a half and three quarters of an inch possible."
145,2026-07-29T17:51:30Z,KMSP,Friday,2026-07-31T06:00:00-05:00,1,78.0,Patchy Smoke,"Patchy smoke and showers and thunderstorms. Some of the storms could produce heavy rain. Mostly cloudy, with a high near 78. East wind 10 to 15 mph. Chance of precipitation is 80%. New rainfall amounts between three quarters and one inch possible."
146,2026-07-29T17:51:30Z,KMSP,Friday Night,2026-07-31T18:00:00-05:00,0,65.0,Chance Rain Showers,"A chance of rain showers before 1am. Partly cloudy, with a low around 65. North northeast wind 5 to 15 mph. Chance of precipitation is 50%. New rainfall amounts between a tenth and quarter of an inch possible."
147,2026-07-29T17:51:30Z,KMSP,Saturday,2026-08-01T06:00:00-05:00,1,84.0,Sunny,"Sunny, with a high near 84. North wind 5 to 10 mph."
148,2026-07-29T17:51:30Z,KMSP,Saturday Night,2026-08-01T18:00:00-05:00,0,65.0,Mostly Clear,"Mostly clear, with a low around 65. East northeast wind 0 to 10 mph."
149,2026-07-29T17:51:30Z,KMSP,Sunday,2026-08-02T06:00:00-05:00,1,84.0,Sunny,"Sunny, with a high near 84. East southeast wind 0 to 5 mph."
150,2026-07-29T17:51:30Z,KMSP,Sunday Night,2026-08-02T18:00:00-05:00,0,67.0,Mostly Clear,"Mostly clear, with a low around 67. South southeast wind 5 to 10 mph."
151,2026-07-29T17:51:30Z,KMSP,Monday,2026-08-03T06:00:00-05:00,1,87.0,Sunny,"Sunny, with a high near 87. South wind 5 to 10 mph."
152,2026-07-29T17:51:30Z,KMSP,Monday Night,2026-08-03T18:00:00-05:00,0,69.0,Partly Cloudy then Slight Chance Showers And Thunderstorms,"A slight chance of showers and thunderstorms after 1am. Partly cloudy, with a low around 69. South southwest wind 5 to 10 mph. Chance of precipitation is 20%."
153,2026-07-29T17:51:30Z,KMSP,Tuesday,2026-08-04T06:00:00-05:00,1,85.0,Slight Chance Showers And Thunderstorms then Mostly Sunny,"A slight chance of showers and thunderstorms before 7am. Mostly sunny, with a high near 85. West northwest wind 5 to 10 mph. Chance of precipitation is 20%."
154,2026-07-29T17:51:30Z,KMSP,Tuesday Night,2026-08-04T18:00:00-05:00,0,66.0,Chance Rain Showers,"A chance of rain showers after 7pm. Partly cloudy, with a low around 66. North northwest wind 0 to 10 mph. Chance of precipitation is 30%."
155,2026-07-29T17:51:30Z,KMSY,This Afternoon,2026-07-29T12:00:00-05:00,1,97.0,Mostly Sunny,"Mostly sunny, with a high near 97. Heat index values as high as 109. West wind 5 to 10 mph."
156,2026-07-29T17:51:30Z,KMSY,Tonight,2026-07-29T18:00:00-05:00,0,80.0,Partly Cloudy,"Partly cloudy, with a low around 80. Heat index values as high as 107. West wind around 10 mph."
157,2026-07-29T17:51:30Z,KMSY,Thursday,2026-07-30T06:00:00-05:00,1,94.0,Mostly Sunny then Chance Showers And Thunderstorms,"A chance of showers and thunderstorms after 4pm. Mostly sunny. High near 94, with temperatures falling to around 92 in the afternoon. Heat index values as high as 107. West wind 5 to 10 mph. Chance of precipitation is 40%. New rainfall amounts less than a tenth of an inch possible."
158,2026-07-29T17:51:30Z,KMSY,Thursday Night,2026-07-30T18:00:00-05:00,0,79.0,Chance Showers And Thunderstorms,"A chance of showers and thunderstorms before 7pm, then a chance of showers and thunderstorms between 7pm and 1am. Mostly cloudy, with a low around 79. Southwest wind 5 to 10 mph. Chance of precipitation is 30%."
159,2026-07-29T17:51:30Z,KMSY,Friday,2026-07-31T06:00:00-05:00,1,93.0,Mostly Sunny then Chance Showers And Thunderstorms,"A chance of showers and thunderstorms after 1pm. Mostly sunny, with a high near 93. West wind around 10 mph. Chance of precipitation is 50%."
160,2026-07-29T17:51:30Z,KMSY,Friday Night,2026-07-31T18:00:00-05:00,0,79.0,Chance Showers And Thunderstorms then Partly Cloudy,"A chance of showers and thunderstorms before 7pm. Partly cloudy, with a low around 79. Southwest wind around 10 mph. Chance of precipitation is 50%."
161,2026-07-29T17:51:30Z,KMSY,Saturday,2026-08-01T06:00:00-05:00,1,92.0,Chance Showers And Thunderstorms,"A chance of showers and thunderstorms after 7am. Partly sunny, with a high near 92. West wind 10 to 15 mph. Chance of precipitation is 50%."
162,2026-07-29T17:51:30Z,KMSY,Saturday Night,2026-08-01T18:00:00-05:00,0,78.0,Chance Showers And Thunderstorms,"A chance of showers and thunderstorms. Mostly cloudy, with a low around 78. Southwest wind around 10 mph."
163,2026-07-29T17:51:30Z,KMSY,Sunday,2026-08-02T06:00:00-05:00,1,90.0,Chance Showers And Thunderstorms then Showers And Thunderstorms Likely,"A chance of showers and thunderstorms before 7am, then showers and thunderstorms likely between 7am and 1pm, then showers and thunderstorms likely. Partly sunny, with a high near 90. West wind 10 to 15 mph."
164,2026-07-29T17:51:30Z,KMSY,Sunday Night,2026-08-02T18:00:00-05:00,0,77.0,Showers And Thunderstorms Likely,"Showers and thunderstorms likely before 1am, then a chance of showers and thunderstorms. Partly cloudy, with a low around 77. Southwest wind 5 to 10 mph."
165,2026-07-29T17:51:30Z,KMSY,Monday,2026-08-03T06:00:00-05:00,1,91.0,Chance Showers And Thunderstorms,"A chance of showers and thunderstorms before 7am, then a chance of showers and thunderstorms. Mostly sunny, with a high near 91. West wind 5 to 10 mph."
166,2026-07-29T17:51:30Z,KMSY,Monday Night,2026-08-03T18:00:00-05:00,0,77.0,Chance Showers And Thunderstorms then Partly Cloudy,"A chance of showers and thunderstorms before 7pm. Partly cloudy, with a low around 77. Southwest wind 5 to 10 mph."
167,2026-07-29T17:51:30Z,KMSY,Tuesday,2026-08-04T06:00:00-05:00,1,92.0,Chance Showers And Thunderstorms,"A chance of showers and thunderstorms after 7am. Mostly sunny, with a high near 92. Southwest wind 5 to 10 mph."
168,2026-07-29T17:51:30Z,KMSY,Tuesday Night,2026-08-04T18:00:00-05:00,0,78.0,Chance Showers And Thunderstorms then Partly Cloudy,"A chance of showers and thunderstorms before 7pm. Partly cloudy, with a low around 78. Southwest wind 5 to 10 mph."
169,2026-07-29T17:51:30Z,KNYC,Today,2026-07-29T10:00:00-04:00,1,79.0,Chance Showers And Thunderstorms,"A chance of showers and thunderstorms before 11am, then a chance of showers and thunderstorms. Partly sunny. High near 79, with temperatures falling to around 77 in the afternoon. Northwest wind around 6 mph. Chance of precipitation is 50%. New rainfall amounts between a tenth and quarter of an inch possible."
170,2026-07-29T17:51:30Z,KNYC,Tonight,2026-07-29T18:00:00-04:00,0,66.0,Chance Showers And Thunderstorms,"A chance of showers and thunderstorms. Partly cloudy. Low around 66, with temperatures rising to around 68 overnight. Northwest wind around 7 mph. Chance of precipitation is 50%. New rainfall amounts between a tenth and quarter of an inch possible."
171,2026-07-29T17:51:30Z,KNYC,Thursday,2026-07-30T06:00:00-04:00,1,77.0,Chance Showers And Thunderstorms,"A slight chance of rain showers before 2pm, then a chance of showers and thunderstorms. Partly sunny, with a high near 77. Northwest wind around 8 mph. Chance of precipitation is 50%. New rainfall amounts less than a tenth of an inch possible."
172,2026-07-29T17:51:30Z,KNYC,Thursday Night,2026-07-30T18:00:00-04:00,0,67.0,Chance Showers And Thunderstorms then Partly Cloudy,"A chance of showers and thunderstorms before 8pm. Partly cloudy, with a low around 67. North wind around 6 mph. Chance of precipitation is 30%. New rainfall amounts less than a tenth of an inch possible."
173,2026-07-29T17:51:30Z,KNYC,Friday,2026-07-31T06:00:00-04:00,1,82.0,Mostly Sunny,"Mostly sunny, with a high near 82. Northeast wind 0 to 5 mph."
174,2026-07-29T17:51:30Z,KNYC,Friday Night,2026-07-31T18:00:00-04:00,0,69.0,Partly Cloudy,"Partly cloudy, with a low around 69."
175,2026-07-29T17:51:30Z,KNYC,Saturday,2026-08-01T06:00:00-04:00,1,82.0,Mostly Sunny,"Mostly sunny, with a high near 82."
176,2026-07-29T17:51:30Z,KNYC,Saturday Night,2026-08-01T18:00:00-04:00,0,70.0,Mostly Cloudy,"Mostly cloudy, with a low around 70."
177,2026-07-29T17:51:30Z,KNYC,Sunday,2026-08-02T06:00:00-04:00,1,82.0,Chance Rain Showers,"A chance of rain showers between 8am and 2pm, then a chance of showers and thunderstorms. Partly sunny, with a high near 82. Chance of precipitation is 30%."
178,2026-07-29T17:51:30Z,KNYC,Sunday Night,2026-08-02T18:00:00-04:00,0,71.0,Chance Showers And Thunderstorms,"A chance of showers and thunderstorms. Mostly cloudy, with a low around 71. Chance of precipitation is 30%."
179,2026-07-29T17:51:30Z,KNYC,Monday,2026-08-03T06:00:00-04:00,1,84.0,Chance Rain Showers,"A chance of rain showers before 2pm, then a chance of showers and thunderstorms. Mostly cloudy, with a high near 84. Chance of precipitation is 50%."
180,2026-07-29T17:51:30Z,KNYC,Monday Night,2026-08-03T18:00:00-04:00,0,71.0,Chance Showers And Thunderstorms,"A chance of showers and thunderstorms. Mostly cloudy, with a low around 71. Chance of precipitation is 50%."
181,2026-07-29T17:51:30Z,KNYC,Tuesday,2026-08-04T06:00:00-04:00,1,84.0,Chance Showers And Thunderstorms,"A slight chance of rain showers before 2pm, then a chance of showers and thunderstorms. Mostly sunny, with a high near 84. Chance of precipitation is 30%."
182,2026-07-29T17:51:30Z,KNYC,Tuesday Night,2026-08-04T18:00:00-04:00,0,71.0,Chance Showers And Thunderstorms,"A chance of showers and thunderstorms. Partly cloudy, with a low around 71."
183,2026-07-29T17:51:30Z,KOKC,Today,2026-07-29T10:00:00-05:00,1,102.0,Mostly Sunny,"Mostly sunny, with a high near 102. Heat index values as high as 106. South wind around 10 mph."
184,2026-07-29T17:51:30Z,KOKC,Tonight,2026-07-29T18:00:00-05:00,0,77.0,Mostly Clear,"Mostly clear, with a low around 77. Heat index values as high as 104. Southeast wind around 12 mph."
185,2026-07-29T17:51:30Z,KOKC,Thursday,2026-07-30T06:00:00-05:00,1,101.0,Sunny,"Sunny, with a high near 101. Heat index values as high as 106. South wind 8 to 14 mph, with gusts as high as 20 mph."
186,2026-07-29T17:51:30Z,KOKC,Thursday Night,2026-07-30T18:00:00-05:00,0,77.0,Mostly Clear,"Mostly clear, with a low around 77. Heat index values as high as 104. South wind around 14 mph, with gusts as high as 21 mph."
187,2026-07-29T17:51:30Z,KOKC,Friday,2026-07-31T06:00:00-05:00,1,102.0,Slight Chance Rain Showers,"A slight chance of rain showers between 7am and 1pm. Mostly sunny, with a high near 102. West southwest wind around 13 mph, with gusts as high as 20 mph. Chance of precipitation is 20%."
188,2026-07-29T17:51:30Z,KOKC,Friday Night,2026-07-31T18:00:00-05:00,0,74.0,Slight Chance Showers And Thunderstorms,"A slight chance of showers and thunderstorms between 7pm and 1am. Mostly clear, with a low around 74. Chance of precipitation is 20%."
189,2026-07-29T17:51:30Z,KOKC,Saturday,2026-08-01T06:00:00-05:00,1,94.0,Sunny,"Sunny, with a high near 94."
190,2026-07-29T17:51:30Z,KOKC,Saturday Night,2026-08-01T18:00:00-05:00,0,70.0,Clear,"Clear, with a low around 70."
191,2026-07-29T17:51:30Z,KOKC,Sunday,2026-08-02T06:00:00-05:00,1,93.0,Sunny,"Sunny, with a high near 93."
192,2026-07-29T17:51:30Z,KOKC,Sunday Night,2026-08-02T18:00:00-05:00,0,71.0,Clear,"Clear, with a low around 71."
193,2026-07-29T17:51:30Z,KOKC,Monday,2026-08-03T06:00:00-05:00,1,95.0,Sunny,"Sunny, with a high near 95."
194,2026-07-29T17:51:30Z,KOKC,Monday Night,2026-08-03T18:00:00-05:00,0,72.0,Clear,"Clear, with a low around 72."
195,2026-07-29T17:51:30Z,KOKC,Tuesday,2026-08-04T06:00:00-05:00,1,96.0,Sunny,"Sunny, with a high near 96."
196,2026-07-29T17:51:30Z,KOKC,Tuesday Night,2026-08-04T18:00:00-05:00,0,73.0,Mostly Clear,"Mostly clear, with a low around 73."
197,2026-07-29T17:51:30Z,KPHL,Today,2026-07-29T10:00:00-04:00,1,83.0,Partly Sunny,"Partly sunny, with a high near 83. Northwest wind around 15 mph."
198,2026-07-29T17:51:30Z,KPHL,Tonight,2026-07-29T18:00:00-04:00,0,66.0,Partly Cloudy,"Partly cloudy, with a low around 66. Northwest wind 10 to 15 mph."
199,2026-07-29T17:51:30Z,KPHL,Thursday,2026-07-30T06:00:00-04:00,1,82.0,Mostly Sunny then Slight Chance Rain Showers,"A slight chance of rain showers after 2pm. Mostly sunny, with a high near 82. Northwest wind 10 to 15 mph. New rainfall amounts less than a tenth of an inch possible."
200,2026-07-29T17:51:30Z,KPHL,Thursday Night,2026-07-30T18:00:00-04:00,0,67.0,Slight Chance Rain Showers then Partly Cloudy,"A slight chance of rain showers before 7pm. Partly cloudy, with a low around 67. North wind 5 to 10 mph. New rainfall amounts less than a tenth of an inch possible."
201,2026-07-29T17:51:30Z,KPHL,Friday,2026-07-31T06:00:00-04:00,1,85.0,Sunny,"Sunny, with a high near 85. North wind around 5 mph."
202,2026-07-29T17:51:30Z,KPHL,Friday Night,2026-07-31T18:00:00-04:00,0,68.0,Partly Cloudy,"Partly cloudy, with a low around 68."
203,2026-07-29T17:51:30Z,KPHL,Saturday,2026-08-01T06:00:00-04:00,1,86.0,Partly Sunny,"Partly sunny, with a high near 86."
204,2026-07-29T17:51:30Z,KPHL,Saturday Night,2026-08-01T18:00:00-04:00,0,70.0,Mostly Cloudy,"Mostly cloudy, with a low around 70."
205,2026-07-29T17:51:30Z,KPHL,Sunday,2026-08-02T06:00:00-04:00,1,86.0,Partly Sunny then Chance Showers And Thunderstorms,"A chance of showers and thunderstorms after 2pm. Partly sunny, with a high near 86. Chance of precipitation is 30%."
206,2026-07-29T17:51:30Z,KPHL,Sunday Night,2026-08-02T18:00:00-04:00,0,70.0,Chance Showers And Thunderstorms,"A chance of showers and thunderstorms. Mostly cloudy, with a low around 70. Chance of precipitation is 30%."
207,2026-07-29T17:51:30Z,KPHL,Monday,2026-08-03T06:00:00-04:00,1,85.0,Chance Rain Showers then Chance Showers And Thunderstorms,"A chance of rain showers before 2pm, then a chance of showers and thunderstorms. Mostly cloudy, with a high near 85. Chance of precipitation is 50%."
208,2026-07-29T17:51:30Z,KPHL,Monday Night,2026-08-03T18:00:00-04:00,0,70.0,Chance Showers And Thunderstorms,"A chance of showers and thunderstorms before 8pm, then a chance of showers and thunderstorms. Mostly cloudy, with a low around 70. Chance of precipitation is 50%."
209,2026-07-29T17:51:30Z,KPHL,Tuesday,2026-08-04T06:00:00-04:00,1,87.0,Chance Rain Showers,"A chance of rain showers before 2pm, then a chance of showers and thunderstorms. Mostly sunny, with a high near 87. Chance of precipitation is 40%."
210,2026-07-29T17:51:30Z,KPHL,Tuesday Night,2026-08-04T18:00:00-04:00,0,70.0,Chance Showers And Thunderstorms,"A chance of showers and thunderstorms. Mostly cloudy, with a low around 70."
211,2026-07-29T17:51:30Z,KPHX,Today,2026-07-29T10:00:00-07:00,1,111.0,Sunny,"Sunny. High near 111, with temperatures falling to around 109 in the afternoon. Heat index values as high as 111. West wind 5 to 10 mph."
212,2026-07-29T17:51:30Z,KPHX,Tonight,2026-07-29T18:00:00-07:00,0,91.0,Mostly Clear,"Mostly clear, with a low around 91. West wind 5 to 10 mph."
213,2026-07-29T17:51:30Z,KPHX,Thursday,2026-07-30T06:00:00-07:00,1,114.0,Mostly Sunny,"Mostly sunny. High near 114, with temperatures falling to around 111 in the afternoon. Heat index values as high as 111. Southwest wind 5 to 10 mph."
214,2026-07-29T17:51:30Z,KPHX,Thursday Night,2026-07-30T18:00:00-07:00,0,91.0,Mostly Clear,"Mostly clear, with a low around 91. West southwest wind 5 to 10 mph."
215,2026-07-29T17:51:30Z,KPHX,Friday,2026-07-31T06:00:00-07:00,1,116.0,Sunny,"Sunny, with a high near 116. West southwest wind 5 to 15 mph, with gusts as high as 25 mph."
216,2026-07-29T17:51:30Z,KPHX,Friday Night,2026-07-31T18:00:00-07:00,0,92.0,Mostly Clear,"Mostly clear, with a low around 92. West wind 5 to 15 mph, with gusts as high as 20 mph."
217,2026-07-29T17:51:30Z,KPHX,Saturday,2026-08-01T06:00:00-07:00,1,116.0,Mostly Sunny,"Mostly sunny, with a high near 116. Southwest wind 5 to 15 mph, with gusts as high as 20 mph."
218,2026-07-29T17:51:30Z,KPHX,Saturday Night,2026-08-01T18:00:00-07:00,0,93.0,Mostly Clear,"Mostly clear, with a low around 93. Southwest wind 0 to 10 mph."
219,2026-07-29T17:51:30Z,KPHX,Sunday,2026-08-02T06:00:00-07:00,1,116.0,Sunny then Slight Chance Showers And Thunderstorms,"A slight chance of showers and thunderstorms after 5pm. Sunny, with a high near 116. West southwest wind 0 to 10 mph, with gusts as high as 20 mph. Chance of precipitation is 20%. New rainfall amounts less than a tenth of an inch possible."
220,2026-07-29T17:51:30Z,KPHX,Sunday Night,2026-08-02T18:00:00-07:00,0,93.0,Slight Chance Showers And Thunderstorms then Partly Cloudy,"A slight chance of showers and thunderstorms before 11pm. Partly cloudy, with a low around 93. South southwest wind 5 to 10 mph, with gusts as high as 20 mph. Chance of precipitation is 20%. New rainfall amounts less than a tenth of an inch possible."
221,2026-07-29T17:51:30Z,KPHX,Monday,2026-08-03T06:00:00-07:00,1,114.0,Sunny then Slight Chance Showers And Thunderstorms,"A slight chance of showers and thunderstorms after 5pm. Sunny, with a high near 114. South southwest wind 5 to 10 mph, with gusts as high as 20 mph. New rainfall amounts less than a tenth of an inch possible."
222,2026-07-29T17:51:30Z,KPHX,Monday Night,2026-08-03T18:00:00-07:00,0,92.0,Slight Chance Showers And Thunderstorms then Partly Cloudy,"A slight chance of showers and thunderstorms before 11pm. Partly cloudy, with a low around 92. West wind 5 to 10 mph. New rainfall amounts less than a tenth of an inch possible."
223,2026-07-29T17:51:30Z,KPHX,Tuesday,2026-08-04T06:00:00-07:00,1,112.0,Mostly Sunny then Chance Showers And Thunderstorms,"A chance of showers and thunderstorms after 5pm. Mostly sunny, with a high near 112. West southwest wind 5 to 10 mph, with gusts as high as 20 mph. Chance of precipitation is 30%. New rainfall amounts less than a tenth of an inch possible."
224,2026-07-29T17:51:30Z,KPHX,Tuesday Night,2026-08-04T18:00:00-07:00,0,91.0,Chance Showers And Thunderstorms then Mostly Cloudy,"A chance of showers and thunderstorms before 11pm. Mostly cloudy, with a low around 91. South southeast wind around 5 mph, with gusts as high as 20 mph. Chance of precipitation is 30%. New rainfall amounts less than a tenth of an inch possible."
225,2026-07-29T17:51:30Z,KSAT,This Afternoon,2026-07-29T12:00:00-05:00,1,99.0,Sunny,"Sunny, with a high near 99. Heat index values as high as 105. South wind around 10 mph."
226,2026-07-29T17:51:30Z,KSAT,Tonight,2026-07-29T18:00:00-05:00,0,77.0,Partly Cloudy,"Partly cloudy, with a low around 77. Heat index values as high as 105. South southeast wind 5 to 15 mph, with gusts as high as 25 mph."
227,2026-07-29T17:51:30Z,KSAT,Thursday,2026-07-30T06:00:00-05:00,1,101.0,Mostly Sunny,"Mostly sunny, with a high near 101. Heat index values as high as 104. South wind 5 to 10 mph."
228,2026-07-29T17:51:30Z,KSAT,Thursday Night,2026-07-30T18:00:00-05:00,0,75.0,Mostly Clear,"Mostly clear, with a low around 75. Heat index values as high as 105. South southeast wind 5 to 15 mph, with gusts as high as 25 mph."
229,2026-07-29T17:51:30Z,KSAT,Friday,2026-07-31T06:00:00-05:00,1,99.0,Mostly Sunny,"Mostly sunny, with a high near 99. South wind around 5 mph."
230,2026-07-29T17:51:30Z,KSAT,Friday Night,2026-07-31T18:00:00-05:00,0,77.0,Mostly Clear,"Mostly clear, with a low around 77. South wind 5 to 10 mph, with gusts as high as 20 mph."
231,2026-07-29T17:51:30Z,KSAT,Saturday,2026-08-01T06:00:00-05:00,1,100.0,Mostly Sunny,"Mostly sunny, with a high near 100. South wind around 5 mph."
232,2026-07-29T17:51:30Z,KSAT,Saturday Night,2026-08-01T18:00:00-05:00,0,79.0,Partly Cloudy,"Partly cloudy, with a low around 79. Southeast wind around 5 mph."
233,2026-07-29T17:51:30Z,KSAT,Sunday,2026-08-02T06:00:00-05:00,1,97.0,Slight Chance Showers And Thunderstorms,"A slight chance of showers and thunderstorms between 7am and 1pm. Mostly sunny, with a high near 97. North northeast wind around 5 mph. Chance of precipitation is 20%."
234,2026-07-29T17:51:30Z,KSAT,Sunday Night,2026-08-02T18:00:00-05:00,0,77.0,Mostly Clear,"Mostly clear, with a low around 77."
235,2026-07-29T17:51:30Z,KSAT,Monday,2026-08-03T06:00:00-05:00,1,98.0,Sunny,"Sunny, with a high near 98."
236,2026-07-29T17:51:30Z,KSAT,Monday Night,2026-08-03T18:00:00-05:00,0,78.0,Mostly Clear,"Mostly clear, with a low around 78."
237,2026-07-29T17:51:30Z,KSAT,Tuesday,2026-08-04T06:00:00-05:00,1,98.0,Mostly Sunny,"Mostly sunny, with a high near 98."
238,2026-07-29T17:51:30Z,KSAT,Tuesday Night,2026-08-04T18:00:00-05:00,0,77.0,Partly Cloudy,"Partly cloudy, with a low around 77."
239,2026-07-29T17:51:30Z,KSFO,Today,2026-07-29T06:00:00-07:00,1,72.0,Sunny,"Sunny. High near 72, with temperatures falling to around 70 in the afternoon. West wind 10 to 23 mph, with gusts as high as 29 mph."
240,2026-07-29T17:51:30Z,KSFO,Tonight,2026-07-29T18:00:00-07:00,0,58.0,Mostly Clear,"Mostly clear, with a low around 58. West southwest wind 10 to 22 mph, with gusts as high as 28 mph."
241,2026-07-29T17:51:30Z,KSFO,Thursday,2026-07-30T06:00:00-07:00,1,73.0,Mostly Sunny,"Mostly sunny, with a high near 73. West southwest wind 10 to 21 mph, with gusts as high as 26 mph."
242,2026-07-29T17:51:30Z,KSFO,Thursday Night,2026-07-30T18:00:00-07:00,0,57.0,Mostly Clear,"Mostly clear, with a low around 57. West southwest wind 9 to 21 mph, with gusts as high as 26 mph."
243,2026-07-29T17:51:30Z,KSFO,Friday,2026-07-31T06:00:00-07:00,1,76.0,Sunny,"Sunny, with a high near 76. West southwest wind 8 to 22 mph, with gusts as high as 26 mph."
244,2026-07-29T17:51:30Z,KSFO,Friday Night,2026-07-31T18:00:00-07:00,0,58.0,Mostly Clear,"Mostly clear, with a low around 58."
245,2026-07-29T17:51:30Z,KSFO,Saturday,2026-08-01T06:00:00-07:00,1,78.0,Sunny,"Sunny, with a high near 78."
246,2026-07-29T17:51:30Z,KSFO,Saturday Night,2026-08-01T18:00:00-07:00,0,57.0,Mostly Clear,"Mostly clear, with a low around 57."
247,2026-07-29T17:51:30Z,KSFO,Sunday,2026-08-02T06:00:00-07:00,1,77.0,Sunny,"Sunny, with a high near 77."
248,2026-07-29T17:51:30Z,KSFO,Sunday Night,2026-08-02T18:00:00-07:00,0,57.0,Mostly Clear,"Mostly clear, with a low around 57."
249,2026-07-29T17:51:30Z,KSFO,Monday,2026-08-03T06:00:00-07:00,1,76.0,Sunny,"Sunny, with a high near 76."
250,2026-07-29T17:51:30Z,KSFO,Monday Night,2026-08-03T18:00:00-07:00,0,58.0,Mostly Clear,"Mostly clear, with a low around 58."
251,2026-07-29T17:51:30Z,KSFO,Tuesday,2026-08-04T06:00:00-07:00,1,75.0,Sunny,"Sunny, with a high near 75."
252,2026-07-29T17:51:30Z,KSFO,Tuesday Night,2026-08-04T18:00:00-07:00,0,57.0,Mostly Clear,"Mostly clear, with a low around 57."
253,2026-07-29T17:51:30Z,KSEA,Today,2026-07-29T07:00:00-07:00,1,76.0,Sunny,"Sunny, with a high near 76. North northwest wind 1 to 7 mph."
254,2026-07-29T17:51:30Z,KSEA,Tonight,2026-07-29T18:00:00-07:00,0,55.0,Mostly Clear,"Mostly clear, with a low around 55. North northeast wind 3 to 9 mph."
255,2026-07-29T17:51:30Z,KSEA,Thursday,2026-07-30T06:00:00-07:00,1,77.0,Sunny,"Sunny, with a high near 77. Southwest wind around 7 mph."
256,2026-07-29T17:51:30Z,KSEA,Thursday Night,2026-07-30T18:00:00-07:00,0,56.0,Mostly Clear,"Mostly clear, with a low around 56. West wind 0 to 7 mph."
257,2026-07-29T17:51:30Z,KSEA,Friday,2026-07-31T06:00:00-07:00,1,82.0,Sunny,"Sunny, with a high near 82. Southwest wind 0 to 7 mph."
258,2026-07-29T17:51:30Z,KSEA,Friday Night,2026-07-31T18:00:00-07:00,0,59.0,Partly Cloudy then Chance Light Rain,"A chance of rain after 5am. Partly cloudy, with a low around 59. Chance of precipitation is 30%."
259,2026-07-29T17:51:30Z,KSEA,Saturday,2026-08-01T06:00:00-07:00,1,72.0,Chance Light Rain,"A chance of rain before 5pm. Mostly sunny, with a high near 72."
260,2026-07-29T17:51:30Z,KSEA,Saturday Night,2026-08-01T18:00:00-07:00,0,55.0,Partly Cloudy,"Partly cloudy, with a low around 55."
261,2026-07-29T17:51:30Z,KSEA,Sunday,2026-08-02T06:00:00-07:00,1,71.0,Mostly Sunny,"Mostly sunny, with a high near 71."
262,2026-07-29T17:51:30Z,KSEA,Sunday Night,2026-08-02T18:00:00-07:00,0,54.0,Mostly Clear,"Mostly clear, with a low around 54."
263,2026-07-29T17:51:30Z,KSEA,Monday,2026-08-03T06:00:00-07:00,1,75.0,Sunny,"Sunny, with a high near 75."
264,2026-07-29T17:51:30Z,KSEA,Monday Night,2026-08-03T18:00:00-07:00,0,56.0,Mostly Clear,"Mostly clear, with a low around 56."
265,2026-07-29T17:51:30Z,KSEA,Tuesday,2026-08-04T06:00:00-07:00,1,81.0,Sunny,"Sunny, with a high near 81."
266,2026-07-29T17:51:30Z,KSEA,Tuesday Night,2026-08-04T18:00:00-07:00,0,59.0,Mostly Clear,"Mostly clear, with a low around 59."
267,2026-07-29T17:51:30Z,KDCA,Today,2026-07-29T11:00:00-04:00,1,85.0,Mostly Sunny,"Mostly sunny, with a high near 85. Northwest wind around 17 mph, with gusts as high as 28 mph."
268,2026-07-29T17:51:30Z,KDCA,Tonight,2026-07-29T18:00:00-04:00,0,70.0,Mostly Clear,"Mostly clear, with a low around 70. Northwest wind 12 to 17 mph, with gusts as high as 26 mph."
269,2026-07-29T17:51:30Z,KDCA,Thursday,2026-07-30T06:00:00-04:00,1,86.0,Sunny,"Sunny, with a high near 86. Northwest wind around 15 mph, with gusts as high as 24 mph."
270,2026-07-29T17:51:30Z,KDCA,Thursday Night,2026-07-30T18:00:00-04:00,0,70.0,Mostly Clear,"Mostly clear, with a low around 70. Northwest wind 8 to 15 mph, with gusts as high as 20 mph."
271,2026-07-29T17:51:30Z,KDCA,Friday,2026-07-31T06:00:00-04:00,1,89.0,Sunny,"Sunny, with a high near 89. North wind around 8 mph."
272,2026-07-29T17:51:30Z,KDCA,Friday Night,2026-07-31T18:00:00-04:00,0,72.0,Partly Cloudy,"Partly cloudy, with a low around 72."
273,2026-07-29T17:51:30Z,KDCA,Saturday,2026-08-01T06:00:00-04:00,1,89.0,Partly Sunny,"Partly sunny, with a high near 89."
274,2026-07-29T17:51:30Z,KDCA,Saturday Night,2026-08-01T18:00:00-04:00,0,72.0,Slight Chance Showers And Thunderstorms,"A slight chance of showers and thunderstorms between 8pm and 2am. Mostly cloudy, with a low around 72. Chance of precipitation is 20%."
275,2026-07-29T17:51:30Z,KDCA,Sunday,2026-08-02T06:00:00-04:00,1,88.0,Chance Showers And Thunderstorms,"A slight chance of rain showers between 8am and 2pm, then a chance of showers and thunderstorms. Mostly cloudy, with a high near 88. Chance of precipitation is 30%."
276,2026-07-29T17:51:30Z,KDCA,Sunday Night,2026-08-02T18:00:00-04:00,0,72.0,Chance Showers And Thunderstorms,"A chance of showers and thunderstorms. Mostly cloudy, with a low around 72. Chance of precipitation is 40%."
277,2026-07-29T17:51:30Z,KDCA,Monday,2026-08-03T06:00:00-04:00,1,88.0,Chance Rain Showers then Chance Showers And Thunderstorms,"A chance of rain showers before 2pm, then a chance of showers and thunderstorms. Mostly cloudy, with a high near 88. Chance of precipitation is 50%."
278,2026-07-29T17:51:30Z,KDCA,Monday Night,2026-08-03T18:00:00-04:00,0,72.0,Chance Showers And Thunderstorms,"A chance of showers and thunderstorms before 8pm, then a chance of showers and thunderstorms. Mostly cloudy, with a low around 72. Chance of precipitation is 50%."
279,2026-07-29T17:51:30Z,KDCA,Tuesday,2026-08-04T06:00:00-04:00,1,89.0,Chance Showers And Thunderstorms,"A slight chance of rain showers before 2pm, then a chance of showers and thunderstorms. Partly sunny, with a high near 89. Chance of precipitation is 40%."
280,2026-07-29T17:51:30Z,KDCA,Tuesday Night,2026-08-04T18:00:00-04:00,0,72.0,Chance Showers And Thunderstorms,"A chance of showers and thunderstorms before 2am. Mostly cloudy, with a low around 72."
1,2026-07-29T19:36:37Z,KATL,This Afternoon,2026-07-29T15:00:00-04:00,1,93.0,Sunny,"Sunny, with a high near 93. Northwest wind around 10 mph, with gusts as high as 20 mph."
2,2026-07-29T19:36:37Z,KATL,Tonight,2026-07-29T18:00:00-04:00,0,72.0,Clear,"Clear, with a low around 72. North wind 0 to 10 mph, with gusts as high as 20 mph."
3,2026-07-29T19:36:37Z,KATL,Thursday,2026-07-30T06:00:00-04:00,1,91.0,Sunny,"Sunny, with a high near 91. North wind 0 to 10 mph."
4,2026-07-29T19:36:37Z,KATL,Thursday Night,2026-07-30T18:00:00-04:00,0,68.0,Mostly Clear,"Mostly clear, with a low around 68. North wind 0 to 10 mph, with gusts as high as 20 mph."
5,2026-07-29T19:36:37Z,KATL,Friday,2026-07-31T06:00:00-04:00,1,92.0,Sunny,"Sunny, with a high near 92. North wind 0 to 5 mph."
6,2026-07-29T19:36:37Z,KATL,Friday Night,2026-07-31T18:00:00-04:00,0,73.0,Partly Cloudy,"Partly cloudy, with a low around 73."
7,2026-07-29T19:36:37Z,KATL,Saturday,2026-08-01T06:00:00-04:00,1,89.0,Showers And Thunderstorms Likely,"A chance of rain showers between 8am and 11am, then showers and thunderstorms likely. Mostly cloudy, with a high near 89. Chance of precipitation is 60%."
8,2026-07-29T19:36:37Z,KATL,Saturday Night,2026-08-01T18:00:00-04:00,0,72.0,Showers And Thunderstorms,"Showers and thunderstorms. Mostly cloudy, with a low around 72. Chance of precipitation is 80%."
9,2026-07-29T19:36:37Z,KATL,Sunday,2026-08-02T06:00:00-04:00,1,85.0,Showers And Thunderstorms,"Showers and thunderstorms. Mostly cloudy, with a high near 85. Chance of precipitation is 90%."
10,2026-07-29T19:36:37Z,KATL,Sunday Night,2026-08-02T18:00:00-04:00,0,72.0,Showers And Thunderstorms then Chance Showers And Thunderstorms,"Showers and thunderstorms before 8pm, then a chance of showers and thunderstorms. Mostly cloudy, with a low around 72. Chance of precipitation is 90%."
11,2026-07-29T19:36:37Z,KATL,Monday,2026-08-03T06:00:00-04:00,1,86.0,Showers And Thunderstorms Likely,"A chance of rain showers before 2pm, then showers and thunderstorms likely. Mostly cloudy, with a high near 86. Chance of precipitation is 70%."
12,2026-07-29T19:36:37Z,KATL,Monday Night,2026-08-03T18:00:00-04:00,0,73.0,Showers And Thunderstorms Likely,"Showers and thunderstorms likely before 2am. Mostly cloudy, with a low around 73. Chance of precipitation is 70%."
13,2026-07-29T19:36:37Z,KATL,Tuesday,2026-08-04T06:00:00-04:00,1,87.0,Chance Rain Showers then Chance Showers And Thunderstorms,"A chance of rain showers between 8am and 2pm, then a chance of showers and thunderstorms. Partly sunny, with a high near 87. Chance of precipitation is 50%."
14,2026-07-29T19:36:37Z,KATL,Tuesday Night,2026-08-04T18:00:00-04:00,0,73.0,Chance Showers And Thunderstorms,"A chance of showers and thunderstorms before 2am. Mostly cloudy, with a low around 73."
15,2026-07-29T19:36:37Z,KAUS,This Afternoon,2026-07-29T13:00:00-05:00,1,99.0,Sunny,"Sunny, with a high near 99. Heat index values as high as 106. South southwest wind 5 to 10 mph."
16,2026-07-29T19:36:37Z,KAUS,Tonight,2026-07-29T18:00:00-05:00,0,77.0,Mostly Clear,"Mostly clear, with a low around 77. Heat index values as high as 103. South wind 5 to 10 mph, with gusts as high as 20 mph."
17,2026-07-29T19:36:37Z,KAUS,Thursday,2026-07-30T06:00:00-05:00,1,100.0,Mostly Sunny,"Mostly sunny, with a high near 100. Heat index values as high as 104. South southwest wind 5 to 10 mph."
18,2026-07-29T19:36:37Z,KAUS,Thursday Night,2026-07-30T18:00:00-05:00,0,76.0,Mostly Clear,"Mostly clear, with a low around 76. Heat index values as high as 105. South wind 5 to 10 mph, with gusts as high as 20 mph."
19,2026-07-29T19:36:37Z,KAUS,Friday,2026-07-31T06:00:00-05:00,1,100.0,Mostly Sunny,"Mostly sunny, with a high near 100. South southwest wind 5 to 10 mph."
20,2026-07-29T19:36:37Z,KAUS,Friday Night,2026-07-31T18:00:00-05:00,0,77.0,Mostly Clear,"Mostly clear, with a low around 77. South wind 5 to 10 mph, with gusts as high as 20 mph."
21,2026-07-29T19:36:37Z,KAUS,Saturday,2026-08-01T06:00:00-05:00,1,100.0,Mostly Sunny,"Mostly sunny, with a high near 100. West wind around 5 mph."
22,2026-07-29T19:36:37Z,KAUS,Saturday Night,2026-08-01T18:00:00-05:00,0,78.0,Partly Cloudy then Slight Chance Showers And Thunderstorms,"A slight chance of showers and thunderstorms after 1am. Partly cloudy, with a low around 78. Southwest wind 0 to 5 mph. Chance of precipitation is 20%."
23,2026-07-29T19:36:37Z,KAUS,Sunday,2026-08-02T06:00:00-05:00,1,97.0,Slight Chance Showers And Thunderstorms then Mostly Sunny,"A slight chance of showers and thunderstorms before 7am. Mostly sunny, with a high near 97. North northwest wind around 5 mph. Chance of precipitation is 20%."
24,2026-07-29T19:36:37Z,KAUS,Sunday Night,2026-08-02T18:00:00-05:00,0,76.0,Mostly Clear,"Mostly clear, with a low around 76."
25,2026-07-29T19:36:37Z,KAUS,Monday,2026-08-03T06:00:00-05:00,1,98.0,Sunny,"Sunny, with a high near 98."
26,2026-07-29T19:36:37Z,KAUS,Monday Night,2026-08-03T18:00:00-05:00,0,78.0,Mostly Clear,"Mostly clear, with a low around 78."
27,2026-07-29T19:36:37Z,KAUS,Tuesday,2026-08-04T06:00:00-05:00,1,98.0,Sunny,"Sunny, with a high near 98."
28,2026-07-29T19:36:37Z,KAUS,Tuesday Night,2026-08-04T18:00:00-05:00,0,77.0,Mostly Clear,"Mostly clear, with a low around 77."
29,2026-07-29T19:36:37Z,KBOS,This Afternoon,2026-07-29T14:00:00-04:00,1,72.0,Patchy Fog,"Patchy fog and showers and thunderstorms before 5pm, then patchy fog and showers and thunderstorms. Some of the storms could produce heavy rain. Cloudy, with a high near 72. East wind around 17 mph, with gusts as high as 28 mph. Chance of precipitation is 90%. New rainfall amounts between a half and three quarters of an inch possible."
30,2026-07-29T19:36:37Z,KBOS,Tonight,2026-07-29T18:00:00-04:00,0,64.0,Patchy Fog,"Patchy fog and showers and thunderstorms. Some of the storms could produce heavy rain. Cloudy, with a low around 64. East wind 9 to 17 mph, with gusts as high as 29 mph. Chance of precipitation is 90%. New rainfall amounts between three quarters and one inch possible."
31,2026-07-29T19:36:37Z,KBOS,Thursday,2026-07-30T06:00:00-04:00,1,69.0,Rain Showers Likely,"Rain showers likely and patchy fog before 2pm, then patchy fog and a chance of showers and thunderstorms. Cloudy, with a high near 69. Northeast wind 9 to 14 mph. Chance of precipitation is 60%. New rainfall amounts less than a tenth of an inch possible."
32,2026-07-29T19:36:37Z,KBOS,Thursday Night,2026-07-30T18:00:00-04:00,0,63.0,Chance Rain Showers then Patchy Fog,"A chance of rain showers and patchy fog before 9pm, then patchy fog and a slight chance of rain showers between 9pm and 4am. Cloudy, with a low around 63. North wind 6 to 10 mph. Chance of precipitation is 40%."
33,2026-07-29T19:36:37Z,KBOS,Friday,2026-07-31T06:00:00-04:00,1,75.0,Partly Sunny then Slight Chance Rain Showers,"A slight chance of rain showers after 3pm. Partly sunny, with a high near 75. Northeast wind around 6 mph. Chance of precipitation is 20%."
34,2026-07-29T19:36:37Z,KBOS,Friday Night,2026-07-31T18:00:00-04:00,0,65.0,Slight Chance Rain Showers then Partly Cloudy,"A slight chance of rain showers before 7pm. Partly cloudy, with a low around 65. South wind around 5 mph. Chance of precipitation is 20%."
35,2026-07-29T19:36:37Z,KBOS,Saturday,2026-08-01T06:00:00-04:00,1,80.0,Mostly Sunny,"Mostly sunny, with a high near 80. South wind 2 to 7 mph."
36,2026-07-29T19:36:37Z,KBOS,Saturday Night,2026-08-01T18:00:00-04:00,0,68.0,Mostly Cloudy,"Mostly cloudy, with a low around 68. South wind around 7 mph."
37,2026-07-29T19:36:37Z,KBOS,Sunday,2026-08-02T06:00:00-04:00,1,79.0,Partly Sunny then Slight Chance Rain Showers,"A slight chance of rain showers after 5pm. Partly sunny, with a high near 79. South wind 6 to 10 mph."
38,2026-07-29T19:36:37Z,KBOS,Sunday Night,2026-08-02T18:00:00-04:00,0,68.0,Slight Chance Showers And Thunderstorms then Chance Showers And Thunderstorms,"A slight chance of rain showers before 8pm, then a slight chance of showers and thunderstorms between 8pm and 11pm, then a chance of showers and thunderstorms. Mostly cloudy, with a low around 68. South wind 6 to 9 mph. Chance of precipitation is 40%."
39,2026-07-29T19:36:37Z,KBOS,Monday,2026-08-03T06:00:00-04:00,1,78.0,Chance Showers And Thunderstorms,"A chance of showers and thunderstorms. Partly sunny, with a high near 78. Southwest wind around 7 mph. Chance of precipitation is 40%."
40,2026-07-29T19:36:37Z,KBOS,Monday Night,2026-08-03T18:00:00-04:00,0,66.0,Chance Showers And Thunderstorms then Partly Cloudy,"A chance of showers and thunderstorms before 8pm. Partly cloudy, with a low around 66. West wind around 6 mph. Chance of precipitation is 30%."
41,2026-07-29T19:36:37Z,KBOS,Tuesday,2026-08-04T06:00:00-04:00,1,78.0,Sunny,"Sunny, with a high near 78. West wind around 6 mph."
42,2026-07-29T19:36:37Z,KBOS,Tuesday Night,2026-08-04T18:00:00-04:00,0,67.0,Mostly Clear,"Mostly clear, with a low around 67. West wind around 6 mph."
43,2026-07-29T19:36:37Z,KMDW,This Afternoon,2026-07-29T13:00:00-05:00,1,80.0,Sunny,"Sunny. High near 80, with temperatures falling to around 78 in the afternoon. Northeast wind around 10 mph."
44,2026-07-29T19:36:37Z,KMDW,Tonight,2026-07-29T18:00:00-05:00,0,64.0,Mostly Clear,"Mostly clear, with a low around 64. North northwest wind 0 to 10 mph."
45,2026-07-29T19:36:37Z,KMDW,Thursday,2026-07-30T06:00:00-05:00,1,86.0,Sunny,"Sunny, with a high near 86. Southwest wind 0 to 5 mph."
46,2026-07-29T19:36:37Z,KMDW,Thursday Night,2026-07-30T18:00:00-05:00,0,68.0,Mostly Cloudy,"Mostly cloudy, with a low around 68. South southwest wind around 5 mph."
47,2026-07-29T19:36:37Z,KMDW,Friday,2026-07-31T06:00:00-05:00,1,80.0,Showers And Thunderstorms Likely,"A chance of rain showers between 10am and 4pm, then showers and thunderstorms likely. Mostly cloudy, with a high near 80. South wind 5 to 10 mph, with gusts as high as 20 mph. Chance of precipitation is 70%."
48,2026-07-29T19:36:37Z,KMDW,Friday Night,2026-07-31T18:00:00-05:00,0,66.0,Showers And Thunderstorms,"Showers and thunderstorms. Cloudy, with a low around 66. Chance of precipitation is 90%."
49,2026-07-29T19:36:37Z,KMDW,Saturday,2026-08-01T06:00:00-05:00,1,75.0,Showers And Thunderstorms Likely,"Rain showers likely before 7am, then showers and thunderstorms likely. Mostly cloudy, with a high near 75."
50,2026-07-29T19:36:37Z,KMDW,Saturday Night,2026-08-01T18:00:00-05:00,0,66.0,Chance Showers And Thunderstorms,"A chance of showers and thunderstorms before 1am. Partly cloudy, with a low around 66."
51,2026-07-29T19:36:37Z,KMDW,Sunday,2026-08-02T06:00:00-05:00,1,76.0,Mostly Sunny,"Mostly sunny, with a high near 76."
52,2026-07-29T19:36:37Z,KMDW,Sunday Night,2026-08-02T18:00:00-05:00,0,65.0,Partly Cloudy,"Partly cloudy, with a low around 65."
53,2026-07-29T19:36:37Z,KMDW,Monday,2026-08-03T06:00:00-05:00,1,79.0,Sunny,"Sunny, with a high near 79."
54,2026-07-29T19:36:37Z,KMDW,Monday Night,2026-08-03T18:00:00-05:00,0,68.0,Mostly Clear,"Mostly clear, with a low around 68."
55,2026-07-29T19:36:37Z,KMDW,Tuesday,2026-08-04T06:00:00-05:00,1,83.0,Sunny,"Sunny, with a high near 83."
56,2026-07-29T19:36:37Z,KMDW,Tuesday Night,2026-08-04T18:00:00-05:00,0,70.0,Partly Cloudy then Slight Chance Showers And Thunderstorms,"A slight chance of showers and thunderstorms after 1am. Partly cloudy, with a low around 70."
57,2026-07-29T19:36:37Z,KDFW,This Afternoon,2026-07-29T14:00:00-05:00,1,100.0,Mostly Sunny,"Mostly sunny, with a high near 100. Heat index values as high as 104. South southeast wind around 5 mph."
58,2026-07-29T19:36:37Z,KDFW,Tonight,2026-07-29T18:00:00-05:00,0,80.0,Partly Cloudy,"Partly cloudy, with a low around 80. Heat index values as high as 102. South wind 5 to 10 mph."
59,2026-07-29T19:36:37Z,KDFW,Thursday,2026-07-30T06:00:00-05:00,1,102.0,Sunny,"Sunny, with a high near 102. Heat index values as high as 109. South southwest wind 5 to 10 mph."
60,2026-07-29T19:36:37Z,KDFW,Thursday Night,2026-07-30T18:00:00-05:00,0,80.0,Mostly Clear,"Mostly clear. Low around 80, with temperatures rising to around 82 overnight. Heat index values as high as 106. South wind around 10 mph."
61,2026-07-29T19:36:37Z,KDFW,Friday,2026-07-31T06:00:00-05:00,1,104.0,Sunny,"Sunny, with a high near 104. South southwest wind around 10 mph."
62,2026-07-29T19:36:37Z,KDFW,Friday Night,2026-07-31T18:00:00-05:00,0,80.0,Partly Cloudy,"Partly cloudy. Low around 80, with temperatures rising to around 82 overnight. Southwest wind around 10 mph."
63,2026-07-29T19:36:37Z,KDFW,Saturday,2026-08-01T06:00:00-05:00,1,98.0,Slight Chance Showers And Thunderstorms,"A slight chance of showers and thunderstorms between 7am and 1pm. Sunny, with a high near 98. Northwest wind around 10 mph, with gusts as high as 20 mph. Chance of precipitation is 20%."
64,2026-07-29T19:36:37Z,KDFW,Saturday Night,2026-08-01T18:00:00-05:00,0,76.0,Mostly Clear,"Mostly clear, with a low around 76. North northeast wind 5 to 15 mph."
65,2026-07-29T19:36:37Z,KDFW,Sunday,2026-08-02T06:00:00-05:00,1,96.0,Sunny,"Sunny, with a high near 96. North northeast wind 5 to 10 mph."
66,2026-07-29T19:36:37Z,KDFW,Sunday Night,2026-08-02T18:00:00-05:00,0,76.0,Clear,"Clear, with a low around 76."
67,2026-07-29T19:36:37Z,KDFW,Monday,2026-08-03T06:00:00-05:00,1,98.0,Sunny,"Sunny, with a high near 98."
68,2026-07-29T19:36:37Z,KDFW,Monday Night,2026-08-03T18:00:00-05:00,0,78.0,Clear,"Clear, with a low around 78."
69,2026-07-29T19:36:37Z,KDFW,Tuesday,2026-08-04T06:00:00-05:00,1,100.0,Sunny,"Sunny, with a high near 100."
70,2026-07-29T19:36:37Z,KDFW,Tuesday Night,2026-08-04T18:00:00-05:00,0,79.0,Mostly Clear,"Mostly clear, with a low around 79."
71,2026-07-29T19:36:37Z,KDEN,This Afternoon,2026-07-29T12:00:00-06:00,1,91.0,Chance Showers And Thunderstorms,"A chance of showers and thunderstorms between 2pm and 4pm, then showers and thunderstorms likely. Partly sunny. High near 91, with temperatures falling to around 83 in the afternoon. Southeast wind around 8 mph. Chance of precipitation is 70%. New rainfall amounts between a tenth and quarter of an inch possible."
72,2026-07-29T19:36:37Z,KDEN,Tonight,2026-07-29T18:00:00-06:00,0,62.0,Showers And Thunderstorms Likely then Mostly Cloudy,"Showers and thunderstorms likely before midnight. Mostly cloudy. Low around 62, with temperatures rising to around 67 overnight. South southwest wind 6 to 10 mph, with gusts as high as 16 mph. Chance of precipitation is 60%. New rainfall amounts less than a tenth of an inch possible."
73,2026-07-29T19:36:37Z,KDEN,Thursday,2026-07-30T06:00:00-06:00,1,93.0,Mostly Sunny then Slight Chance Showers And Thunderstorms,"A slight chance of showers and thunderstorms after 5pm. Mostly sunny. High near 93, with temperatures falling to around 89 in the afternoon. Northwest wind 5 to 10 mph, with gusts as high as 16 mph. Chance of precipitation is 20%."
74,2026-07-29T19:36:37Z,KDEN,Thursday Night,2026-07-30T18:00:00-06:00,0,64.0,Slight Chance Showers And Thunderstorms then Partly Cloudy,"A slight chance of showers and thunderstorms before 9pm. Partly cloudy, with a low around 64. West wind 6 to 10 mph, with gusts as high as 16 mph. Chance of precipitation is 20%."
75,2026-07-29T19:36:37Z,KDEN,Friday,2026-07-31T06:00:00-06:00,1,90.0,Mostly Sunny then Chance Showers And Thunderstorms,"A chance of showers and thunderstorms between noon and 3pm, then a chance of showers and thunderstorms. Mostly sunny, with a high near 90. Northeast wind 3 to 8 mph. Chance of precipitation is 30%."
76,2026-07-29T19:36:37Z,KDEN,Friday Night,2026-07-31T18:00:00-06:00,0,62.0,Chance Showers And Thunderstorms then Mostly Clear,"A chance of showers and thunderstorms before 9pm, then a chance of showers and thunderstorms between 9pm and midnight. Mostly clear, with a low around 62. Chance of precipitation is 30%."
77,2026-07-29T19:36:37Z,KDEN,Saturday,2026-08-01T06:00:00-06:00,1,94.0,Sunny,"Sunny, with a high near 94."
78,2026-07-29T19:36:37Z,KDEN,Saturday Night,2026-08-01T18:00:00-06:00,0,63.0,Mostly Clear,"Mostly clear, with a low around 63."
79,2026-07-29T19:36:37Z,KDEN,Sunday,2026-08-02T06:00:00-06:00,1,100.0,Sunny,"Sunny, with a high near 100."
80,2026-07-29T19:36:37Z,KDEN,Sunday Night,2026-08-02T18:00:00-06:00,0,67.0,Mostly Clear,"Mostly clear, with a low around 67."
81,2026-07-29T19:36:37Z,KDEN,Monday,2026-08-03T06:00:00-06:00,1,99.0,Sunny,"Sunny, with a high near 99."
82,2026-07-29T19:36:37Z,KDEN,Monday Night,2026-08-03T18:00:00-06:00,0,66.0,Chance Showers And Thunderstorms then Partly Cloudy,"A chance of showers and thunderstorms before midnight. Partly cloudy, with a low around 66."
83,2026-07-29T19:36:37Z,KDEN,Tuesday,2026-08-04T06:00:00-06:00,1,88.0,Mostly Sunny then Slight Chance Showers And Thunderstorms,"A slight chance of showers and thunderstorms after noon. Mostly sunny, with a high near 88."
84,2026-07-29T19:36:37Z,KDEN,Tuesday Night,2026-08-04T18:00:00-06:00,0,62.0,Slight Chance Showers And Thunderstorms then Partly Cloudy,"A slight chance of showers and thunderstorms before midnight. Partly cloudy, with a low around 62."
85,2026-07-29T19:36:37Z,KIAH,This Afternoon,2026-07-29T13:00:00-05:00,1,99.0,Sunny,"Sunny, with a high near 99. Heat index values as high as 109. South wind around 5 mph."
86,2026-07-29T19:36:37Z,KIAH,Tonight,2026-07-29T18:00:00-05:00,0,78.0,Slight Chance Rain Showers then Partly Cloudy,"A slight chance of rain showers before 9pm. Partly cloudy, with a low around 78. Heat index values as high as 106. South wind 5 to 10 mph. Chance of precipitation is 20%."
87,2026-07-29T19:36:37Z,KIAH,Thursday,2026-07-30T06:00:00-05:00,1,99.0,Mostly Sunny then Slight Chance Rain Showers,"A slight chance of rain showers after 4pm. Mostly sunny, with a high near 99. Heat index values as high as 107. Southwest wind around 5 mph. Chance of precipitation is 20%."
88,2026-07-29T19:36:37Z,KIAH,Thursday Night,2026-07-30T18:00:00-05:00,0,78.0,Slight Chance Rain Showers then Partly Cloudy,"A slight chance of rain showers before 7pm. Partly cloudy, with a low around 78. Heat index values as high as 106. South wind 5 to 10 mph. Chance of precipitation is 20%."
89,2026-07-29T19:36:37Z,KIAH,Friday,2026-07-31T06:00:00-05:00,1,99.0,Mostly Sunny,"Mostly sunny, with a high near 99. Southwest wind around 5 mph."
90,2026-07-29T19:36:37Z,KIAH,Friday Night,2026-07-31T18:00:00-05:00,0,79.0,Mostly Clear,"Mostly clear, with a low around 79."
91,2026-07-29T19:36:37Z,KIAH,Saturday,2026-08-01T06:00:00-05:00,1,100.0,Mostly Sunny,"Mostly sunny, with a high near 100."
92,2026-07-29T19:36:37Z,KIAH,Saturday Night,2026-08-01T18:00:00-05:00,0,80.0,Partly Cloudy then Slight Chance Showers And Thunderstorms,"A slight chance of showers and thunderstorms after 1am. Partly cloudy, with a low around 80. Chance of precipitation is 20%."
93,2026-07-29T19:36:37Z,KIAH,Sunday,2026-08-02T06:00:00-05:00,1,96.0,Slight Chance Showers And Thunderstorms,"A slight chance of showers and thunderstorms. Mostly sunny, with a high near 96. Chance of precipitation is 20%."
94,2026-07-29T19:36:37Z,KIAH,Sunday Night,2026-08-02T18:00:00-05:00,0,78.0,Slight Chance Showers And Thunderstorms then Mostly Clear,"A slight chance of showers and thunderstorms before 7pm. Mostly clear, with a low around 78. Chance of precipitation is 20%."
95,2026-07-29T19:36:37Z,KIAH,Monday,2026-08-03T06:00:00-05:00,1,97.0,Sunny,"Sunny, with a high near 97."
96,2026-07-29T19:36:37Z,KIAH,Monday Night,2026-08-03T18:00:00-05:00,0,78.0,Mostly Clear,"Mostly clear, with a low around 78."
97,2026-07-29T19:36:37Z,KIAH,Tuesday,2026-08-04T06:00:00-05:00,1,98.0,Sunny then Slight Chance Showers And Thunderstorms,"A slight chance of showers and thunderstorms after 1pm. Sunny, with a high near 98. Chance of precipitation is 20%."
98,2026-07-29T19:36:37Z,KIAH,Tuesday Night,2026-08-04T18:00:00-05:00,0,79.0,Slight Chance Showers And Thunderstorms,"A slight chance of showers and thunderstorms. Mostly clear, with a low around 79."
99,2026-07-29T19:36:37Z,KLAS,This Afternoon,2026-07-29T12:00:00-07:00,1,110.0,Sunny,"Sunny, with a high near 110. Heat index values as high as 105. South southwest wind around 12 mph, with gusts as high as 20 mph."
100,2026-07-29T19:36:37Z,KLAS,Tonight,2026-07-29T18:00:00-07:00,0,83.0,Mostly Clear,"Mostly clear. Low around 83, with temperatures rising to around 86 overnight. Southwest wind 6 to 12 mph, with gusts as high as 18 mph."
101,2026-07-29T19:36:37Z,KLAS,Thursday,2026-07-30T06:00:00-07:00,1,110.0,Sunny,"Sunny, with a high near 110. South wind 2 to 7 mph."
102,2026-07-29T19:36:37Z,KLAS,Thursday Night,2026-07-30T18:00:00-07:00,0,83.0,Mostly Clear,"Mostly clear, with a low around 83. West southwest wind around 7 mph."
103,2026-07-29T19:36:37Z,KLAS,Friday,2026-07-31T06:00:00-07:00,1,112.0,Sunny,"Sunny, with a high near 112. South southeast wind around 5 mph."
104,2026-07-29T19:36:37Z,KLAS,Friday Night,2026-07-31T18:00:00-07:00,0,86.0,Clear,"Clear, with a low around 86."
105,2026-07-29T19:36:37Z,KLAS,Saturday,2026-08-01T06:00:00-07:00,1,115.0,Sunny,"Sunny, with a high near 115."
106,2026-07-29T19:36:37Z,KLAS,Saturday Night,2026-08-01T18:00:00-07:00,0,87.0,Clear,"Clear, with a low around 87."
107,2026-07-29T19:36:37Z,KLAS,Sunday,2026-08-02T06:00:00-07:00,1,114.0,Sunny,"Sunny, with a high near 114."
108,2026-07-29T19:36:37Z,KLAS,Sunday Night,2026-08-02T18:00:00-07:00,0,87.0,Clear,"Clear, with a low around 87."
109,2026-07-29T19:36:37Z,KLAS,Monday,2026-08-03T06:00:00-07:00,1,113.0,Sunny,"Sunny, with a high near 113."
110,2026-07-29T19:36:37Z,KLAS,Monday Night,2026-08-03T18:00:00-07:00,0,89.0,Clear,"Clear, with a low around 89."
111,2026-07-29T19:36:37Z,KLAS,Tuesday,2026-08-04T06:00:00-07:00,1,113.0,Sunny,"Sunny, with a high near 113."
112,2026-07-29T19:36:37Z,KLAS,Tuesday Night,2026-08-04T18:00:00-07:00,0,88.0,Clear,"Clear, with a low around 88."
113,2026-07-29T19:36:37Z,KLAX,This Afternoon,2026-07-29T12:00:00-07:00,1,79.0,Mostly Sunny,"Mostly sunny, with a high near 79. West southwest wind around 10 mph."
114,2026-07-29T19:36:37Z,KLAX,Tonight,2026-07-29T18:00:00-07:00,0,67.0,Mostly Cloudy,"Mostly cloudy, with a low around 67. South southwest wind 0 to 10 mph."
115,2026-07-29T19:36:37Z,KLAX,Thursday,2026-07-30T06:00:00-07:00,1,79.0,Mostly Sunny,"Mostly sunny, with a high near 79. South southwest wind 5 to 10 mph."
116,2026-07-29T19:36:37Z,KLAX,Thursday Night,2026-07-30T18:00:00-07:00,0,67.0,Partly Cloudy,"Partly cloudy, with a low around 67. Southwest wind 5 to 10 mph."
117,2026-07-29T19:36:37Z,KLAX,Friday,2026-07-31T06:00:00-07:00,1,80.0,Mostly Sunny,"Mostly sunny, with a high near 80. Southwest wind 0 to 10 mph."
118,2026-07-29T19:36:37Z,KLAX,Friday Night,2026-07-31T18:00:00-07:00,0,67.0,Partly Cloudy,"Partly cloudy, with a low around 67."
119,2026-07-29T19:36:37Z,KLAX,Saturday,2026-08-01T06:00:00-07:00,1,81.0,Mostly Sunny,"Mostly sunny, with a high near 81."
120,2026-07-29T19:36:37Z,KLAX,Saturday Night,2026-08-01T18:00:00-07:00,0,67.0,Partly Cloudy,"Partly cloudy, with a low around 67."
121,2026-07-29T19:36:37Z,KLAX,Sunday,2026-08-02T06:00:00-07:00,1,79.0,Mostly Sunny,"Mostly sunny, with a high near 79."
122,2026-07-29T19:36:37Z,KLAX,Sunday Night,2026-08-02T18:00:00-07:00,0,67.0,Mostly Clear,"Mostly clear, with a low around 67."
123,2026-07-29T19:36:37Z,KLAX,Monday,2026-08-03T06:00:00-07:00,1,77.0,Mostly Sunny,"Mostly sunny, with a high near 77."
124,2026-07-29T19:36:37Z,KLAX,Monday Night,2026-08-03T18:00:00-07:00,0,66.0,Partly Cloudy,"Partly cloudy, with a low around 66."
125,2026-07-29T19:36:37Z,KLAX,Tuesday,2026-08-04T06:00:00-07:00,1,77.0,Sunny,"Sunny, with a high near 77."
126,2026-07-29T19:36:37Z,KLAX,Tuesday Night,2026-08-04T18:00:00-07:00,0,66.0,Partly Cloudy,"Partly cloudy, with a low around 66."
127,2026-07-29T19:36:37Z,KMIA,This Afternoon,2026-07-29T15:00:00-04:00,1,94.0,Slight Chance Showers And Thunderstorms,"A slight chance of showers and thunderstorms before 4pm. Mostly sunny, with a high near 94. Heat index values as high as 103. Southwest wind around 15 mph, with gusts as high as 24 mph. Chance of precipitation is 20%. New rainfall amounts less than a tenth of an inch possible."
128,2026-07-29T19:36:37Z,KMIA,Tonight,2026-07-29T18:00:00-04:00,0,79.0,Partly Cloudy,"Partly cloudy, with a low around 79. Southwest wind 7 to 14 mph, with gusts as high as 22 mph. New rainfall amounts less than a tenth of an inch possible."
129,2026-07-29T19:36:37Z,KMIA,Thursday,2026-07-30T06:00:00-04:00,1,95.0,Mostly Sunny then Slight Chance Showers And Thunderstorms,"A slight chance of showers and thunderstorms between 3pm and 4pm. Mostly sunny, with a high near 95. Heat index values as high as 103. Southwest wind 6 to 14 mph, with gusts as high as 22 mph. Chance of precipitation is 20%. New rainfall amounts less than a tenth of an inch possible."
130,2026-07-29T19:36:37Z,KMIA,Thursday Night,2026-07-30T18:00:00-04:00,0,79.0,Partly Cloudy,"Partly cloudy, with a low around 79. Heat index values as high as 101. Southwest wind 3 to 13 mph, with gusts as high as 20 mph."
131,2026-07-29T19:36:37Z,KMIA,Friday,2026-07-31T06:00:00-04:00,1,94.0,Mostly Sunny then Slight Chance Showers And Thunderstorms,"A slight chance of showers and thunderstorms after 2pm. Mostly sunny, with a high near 94. Southwest wind 0 to 12 mph, with gusts as high as 18 mph. Chance of precipitation is 20%."
132,2026-07-29T19:36:37Z,KMIA,Friday Night,2026-07-31T18:00:00-04:00,0,79.0,Slight Chance Showers And Thunderstorms then Mostly Cloudy,"A slight chance of showers and thunderstorms before 8pm. Mostly cloudy, with a low around 79. Southwest wind 1 to 12 mph. Chance of precipitation is 20%."
133,2026-07-29T19:36:37Z,KMIA,Saturday,2026-08-01T06:00:00-04:00,1,93.0,Partly Sunny then Chance Showers And Thunderstorms,"A chance of showers and thunderstorms after 2pm. Partly sunny, with a high near 93. Southwest wind 0 to 10 mph. Chance of precipitation is 50%."
134,2026-07-29T19:36:37Z,KMIA,Saturday Night,2026-08-01T18:00:00-04:00,0,79.0,Chance Showers And Thunderstorms,"A chance of showers and thunderstorms. Mostly cloudy, with a low around 79. South wind 3 to 10 mph. Chance of precipitation is 50%."
135,2026-07-29T19:36:37Z,KMIA,Sunday,2026-08-02T06:00:00-04:00,1,92.0,Chance Showers And Thunderstorms,"A chance of showers and thunderstorms. Mostly sunny, with a high near 92. Southeast wind 3 to 12 mph, with gusts as high as 18 mph. Chance of precipitation is 30%."
136,2026-07-29T19:36:37Z,KMIA,Sunday Night,2026-08-02T18:00:00-04:00,0,81.0,Chance Showers And Thunderstorms,"A chance of showers and thunderstorms before 2am. Partly cloudy, with a low around 81. Chance of precipitation is 30%."
137,2026-07-29T19:36:37Z,KMIA,Monday,2026-08-03T06:00:00-04:00,1,92.0,Chance Showers And Thunderstorms,"A chance of showers and thunderstorms after 8am. Mostly sunny, with a high near 92. Chance of precipitation is 50%."
138,2026-07-29T19:36:37Z,KMIA,Monday Night,2026-08-03T18:00:00-04:00,0,79.0,Chance Showers And Thunderstorms,"A chance of showers and thunderstorms before 2am. Partly cloudy, with a low around 79. Chance of precipitation is 50%."
139,2026-07-29T19:36:37Z,KMIA,Tuesday,2026-08-04T06:00:00-04:00,1,90.0,Chance Showers And Thunderstorms,"A chance of showers and thunderstorms after 8am. Mostly sunny, with a high near 90. Chance of precipitation is 50%."
140,2026-07-29T19:36:37Z,KMIA,Tuesday Night,2026-08-04T18:00:00-04:00,0,79.0,Chance Showers And Thunderstorms,"A chance of showers and thunderstorms. Partly cloudy, with a low around 79."
141,2026-07-29T19:36:37Z,KMSP,This Afternoon,2026-07-29T14:00:00-05:00,1,91.0,Patchy Smoke,"Patchy smoke. Mostly sunny, with a high near 91. South wind around 5 mph."
142,2026-07-29T19:36:37Z,KMSP,Tonight,2026-07-29T18:00:00-05:00,0,72.0,Patchy Smoke,"Patchy smoke. Partly cloudy, with a low around 72. South wind around 10 mph."
143,2026-07-29T19:36:37Z,KMSP,Thursday,2026-07-30T06:00:00-05:00,1,89.0,Patchy Smoke,"Patchy smoke. Partly sunny, with a high near 89. South southwest wind 10 to 15 mph."
144,2026-07-29T19:36:37Z,KMSP,Thursday Night,2026-07-30T18:00:00-05:00,0,67.0,Chance Rain Showers then Chance Showers And Thunderstorms,"A chance of rain showers between 10pm and 1am, then a chance of showers and thunderstorms between 1am and 5am, then patchy smoke and showers and thunderstorms likely. Cloudy, with a low around 67. South southeast wind 10 to 15 mph. Chance of precipitation is 60%. New rainfall amounts between a half and three quarters of an inch possible."
145,2026-07-29T19:36:37Z,KMSP,Friday,2026-07-31T06:00:00-05:00,1,78.0,Patchy Smoke,"Patchy smoke and showers and thunderstorms. Some of the storms could produce heavy rain. Mostly cloudy, with a high near 78. East northeast wind around 10 mph. Chance of precipitation is 80%. New rainfall amounts between three quarters and one inch possible."
146,2026-07-29T19:36:37Z,KMSP,Friday Night,2026-07-31T18:00:00-05:00,0,64.0,Chance Rain Showers,"A chance of rain showers before 1am. Partly cloudy, with a low around 64. North northeast wind 5 to 10 mph. Chance of precipitation is 40%. New rainfall amounts between a tenth and quarter of an inch possible."
147,2026-07-29T19:36:37Z,KMSP,Saturday,2026-08-01T06:00:00-05:00,1,85.0,Sunny,"Sunny, with a high near 85. North wind 5 to 10 mph."
148,2026-07-29T19:36:37Z,KMSP,Saturday Night,2026-08-01T18:00:00-05:00,0,64.0,Mostly Clear,"Mostly clear, with a low around 64. East northeast wind 0 to 10 mph."
149,2026-07-29T19:36:37Z,KMSP,Sunday,2026-08-02T06:00:00-05:00,1,84.0,Sunny,"Sunny, with a high near 84. Southeast wind 0 to 5 mph."
150,2026-07-29T19:36:37Z,KMSP,Sunday Night,2026-08-02T18:00:00-05:00,0,67.0,Mostly Clear,"Mostly clear, with a low around 67. South southeast wind 5 to 10 mph."
151,2026-07-29T19:36:37Z,KMSP,Monday,2026-08-03T06:00:00-05:00,1,86.0,Sunny,"Sunny, with a high near 86. South wind 10 to 15 mph, with gusts as high as 30 mph."
152,2026-07-29T19:36:37Z,KMSP,Monday Night,2026-08-03T18:00:00-05:00,0,70.0,Partly Cloudy then Slight Chance Showers And Thunderstorms,"A slight chance of showers and thunderstorms after 1am. Partly cloudy, with a low around 70. South wind 10 to 15 mph, with gusts as high as 30 mph. Chance of precipitation is 20%."
153,2026-07-29T19:36:37Z,KMSP,Tuesday,2026-08-04T06:00:00-05:00,1,84.0,Slight Chance Showers And Thunderstorms,"A slight chance of showers and thunderstorms before 1pm, then a chance of showers and thunderstorms. Mostly sunny, with a high near 84. West southwest wind 5 to 10 mph. Chance of precipitation is 30%."
154,2026-07-29T19:36:37Z,KMSP,Tuesday Night,2026-08-04T18:00:00-05:00,0,65.0,Chance Showers And Thunderstorms,"A chance of showers and thunderstorms. Mostly cloudy, with a low around 65. North northwest wind 5 to 10 mph. Chance of precipitation is 30%."
155,2026-07-29T19:36:37Z,KMSY,This Afternoon,2026-07-29T14:00:00-05:00,1,97.0,Mostly Sunny,"Mostly sunny, with a high near 97. Heat index values as high as 109. West wind around 10 mph."
156,2026-07-29T19:36:37Z,KMSY,Tonight,2026-07-29T18:00:00-05:00,0,79.0,Partly Cloudy,"Partly cloudy. Low around 79, with temperatures rising to around 81 overnight. Heat index values as high as 106. West wind around 10 mph."
157,2026-07-29T19:36:37Z,KMSY,Thursday,2026-07-30T06:00:00-05:00,1,94.0,Mostly Sunny then Slight Chance Showers And Thunderstorms,"A slight chance of showers and thunderstorms between 1pm and 5pm. Mostly sunny. High near 94, with temperatures falling to around 92 in the afternoon. Heat index values as high as 107. West wind around 10 mph. Chance of precipitation is 20%. New rainfall amounts less than a tenth of an inch possible."
158,2026-07-29T19:36:37Z,KMSY,Thursday Night,2026-07-30T18:00:00-05:00,0,79.0,Slight Chance Showers And Thunderstorms then Partly Cloudy,"A slight chance of showers and thunderstorms before 8pm. Partly cloudy, with a low around 79. Heat index values as high as 105. Southwest wind around 10 mph. Chance of precipitation is 20%."
159,2026-07-29T19:36:37Z,KMSY,Friday,2026-07-31T06:00:00-05:00,1,93.0,Partly Sunny then Chance Showers And Thunderstorms,"A chance of showers and thunderstorms after 1pm. Partly sunny, with a high near 93. West wind around 10 mph. Chance of precipitation is 50%."
160,2026-07-29T19:36:37Z,KMSY,Friday Night,2026-07-31T18:00:00-05:00,0,78.0,Chance Showers And Thunderstorms then Mostly Cloudy,"A chance of showers and thunderstorms before 7pm. Mostly cloudy, with a low around 78. Southwest wind around 10 mph. Chance of precipitation is 50%."
161,2026-07-29T19:36:37Z,KMSY,Saturday,2026-08-01T06:00:00-05:00,1,92.0,Partly Sunny then Chance Showers And Thunderstorms,"A chance of showers and thunderstorms after 1pm. Partly sunny, with a high near 92. West wind around 10 mph. Chance of precipitation is 40%."
162,2026-07-29T19:36:37Z,KMSY,Saturday Night,2026-08-01T18:00:00-05:00,0,77.0,Chance Showers And Thunderstorms,"A chance of showers and thunderstorms before 1am, then showers and thunderstorms likely. Mostly cloudy, with a low around 77. Southwest wind around 10 mph."
163,2026-07-29T19:36:37Z,KMSY,Sunday,2026-08-02T06:00:00-05:00,1,88.0,Showers And Thunderstorms,"Showers and thunderstorms before 1pm, then a chance of showers and thunderstorms. Partly sunny, with a high near 88. West wind around 10 mph."
164,2026-07-29T19:36:37Z,KMSY,Sunday Night,2026-08-02T18:00:00-05:00,0,76.0,Chance Showers And Thunderstorms,"A chance of showers and thunderstorms. Mostly cloudy, with a low around 76. West wind 5 to 10 mph."
165,2026-07-29T19:36:37Z,KMSY,Monday,2026-08-03T06:00:00-05:00,1,90.0,Chance Showers And Thunderstorms,"A chance of showers and thunderstorms. Mostly sunny, with a high near 90. West wind 5 to 10 mph."
166,2026-07-29T19:36:37Z,KMSY,Monday Night,2026-08-03T18:00:00-05:00,0,77.0,Chance Showers And Thunderstorms,"A chance of showers and thunderstorms. Partly cloudy, with a low around 77. Southwest wind 5 to 10 mph."
167,2026-07-29T19:36:37Z,KMSY,Tuesday,2026-08-04T06:00:00-05:00,1,92.0,Chance Showers And Thunderstorms,"A chance of showers and thunderstorms. Mostly sunny, with a high near 92. Southwest wind around 5 mph."
168,2026-07-29T19:36:37Z,KMSY,Tuesday Night,2026-08-04T18:00:00-05:00,0,77.0,Chance Showers And Thunderstorms,"A chance of showers and thunderstorms. Partly cloudy, with a low around 77. South wind around 5 mph."
169,2026-07-29T19:36:37Z,KNYC,This Afternoon,2026-07-29T15:00:00-04:00,1,79.0,Chance Showers And Thunderstorms,"A chance of showers and thunderstorms before 5pm, then a chance of showers and thunderstorms. Partly sunny. High near 79, with temperatures falling to around 76 in the afternoon. Northwest wind around 6 mph. Chance of precipitation is 30%."
170,2026-07-29T19:36:37Z,KNYC,Tonight,2026-07-29T18:00:00-04:00,0,67.0,Chance Showers And Thunderstorms,"A chance of showers and thunderstorms before 11pm, then a chance of showers and thunderstorms. Mostly cloudy, with a low around 67. Northwest wind around 5 mph. Chance of precipitation is 30%. New rainfall amounts less than a tenth of an inch possible."
171,2026-07-29T19:36:37Z,KNYC,Thursday,2026-07-30T06:00:00-04:00,1,77.0,Chance Showers And Thunderstorms,"A chance of rain showers before 8am, then a chance of showers and thunderstorms. Mostly cloudy, with a high near 77. Northwest wind 5 to 9 mph. Chance of precipitation is 30%. New rainfall amounts less than a tenth of an inch possible."
172,2026-07-29T19:36:37Z,KNYC,Thursday Night,2026-07-30T18:00:00-04:00,0,66.0,Chance Showers And Thunderstorms then Partly Cloudy,"A chance of showers and thunderstorms before 8pm. Partly cloudy. Low around 66, with temperatures rising to around 68 overnight. Northwest wind 2 to 7 mph. Chance of precipitation is 30%."
173,2026-07-29T19:36:37Z,KNYC,Friday,2026-07-31T06:00:00-04:00,1,82.0,Sunny,"Sunny, with a high near 82. Northwest wind around 1 mph."
174,2026-07-29T19:36:37Z,KNYC,Friday Night,2026-07-31T18:00:00-04:00,0,69.0,Partly Cloudy,"Partly cloudy, with a low around 69."
175,2026-07-29T19:36:37Z,KNYC,Saturday,2026-08-01T06:00:00-04:00,1,83.0,Partly Sunny,"Partly sunny, with a high near 83."
176,2026-07-29T19:36:37Z,KNYC,Saturday Night,2026-08-01T18:00:00-04:00,0,71.0,Mostly Cloudy,"Mostly cloudy, with a low around 71."
177,2026-07-29T19:36:37Z,KNYC,Sunday,2026-08-02T06:00:00-04:00,1,82.0,Slight Chance Rain Showers then Slight Chance Showers And Thunderstorms,"A slight chance of rain showers between 8am and 2pm, then a slight chance of showers and thunderstorms. Mostly cloudy, with a high near 82."
178,2026-07-29T19:36:37Z,KNYC,Sunday Night,2026-08-02T18:00:00-04:00,0,70.0,Slight Chance Showers And Thunderstorms then Chance Showers And Thunderstorms,"A slight chance of showers and thunderstorms before 8pm, then a chance of showers and thunderstorms. Mostly cloudy, with a low around 70. Chance of precipitation is 50%."
179,2026-07-29T19:36:37Z,KNYC,Monday,2026-08-03T06:00:00-04:00,1,83.0,Chance Rain Showers then Chance Showers And Thunderstorms,"A chance of rain showers before 2pm, then a chance of showers and thunderstorms. Mostly cloudy, with a high near 83. Chance of precipitation is 50%."
180,2026-07-29T19:36:37Z,KNYC,Monday Night,2026-08-03T18:00:00-04:00,0,70.0,Chance Showers And Thunderstorms,"A chance of showers and thunderstorms before 2am. Mostly cloudy, with a low around 70. Chance of precipitation is 40%."
181,2026-07-29T19:36:37Z,KNYC,Tuesday,2026-08-04T06:00:00-04:00,1,85.0,Sunny,"Sunny, with a high near 85."
182,2026-07-29T19:36:37Z,KNYC,Tuesday Night,2026-08-04T18:00:00-04:00,0,70.0,Mostly Clear,"Mostly clear, with a low around 70."
183,2026-07-29T19:36:37Z,KOKC,This Afternoon,2026-07-29T13:00:00-05:00,1,102.0,Mostly Sunny,"Mostly sunny, with a high near 102. Heat index values as high as 107. South southeast wind 7 to 10 mph."
184,2026-07-29T19:36:37Z,KOKC,Tonight,2026-07-29T18:00:00-05:00,0,76.0,Mostly Clear,"Mostly clear, with a low around 76. Heat index values as high as 105. South southeast wind around 12 mph."
185,2026-07-29T19:36:37Z,KOKC,Thursday,2026-07-30T06:00:00-05:00,1,101.0,Slight Chance Rain Showers then Mostly Sunny,"A slight chance of rain showers between 7am and 10am. Mostly sunny, with a high near 101. Heat index values as high as 106. South wind 8 to 14 mph, with gusts as high as 21 mph. Chance of precipitation is 20%."
186,2026-07-29T19:36:37Z,KOKC,Thursday Night,2026-07-30T18:00:00-05:00,0,76.0,Mostly Clear then Slight Chance Showers And Thunderstorms,"A slight chance of showers and thunderstorms after 1am. Mostly clear, with a low around 76. Heat index values as high as 106. South wind around 14 mph, with gusts as high as 21 mph. Chance of precipitation is 20%."
187,2026-07-29T19:36:37Z,KOKC,Friday,2026-07-31T06:00:00-05:00,1,100.0,Slight Chance Showers And Thunderstorms then Chance Showers And Thunderstorms,"A slight chance of showers and thunderstorms before 7am, then a chance of showers and thunderstorms between 7am and 1pm, then a slight chance of showers and thunderstorms. Partly sunny, with a high near 100. West southwest wind 10 to 14 mph, with gusts as high as 21 mph. Chance of precipitation is 40%."
188,2026-07-29T19:36:37Z,KOKC,Friday Night,2026-07-31T18:00:00-05:00,0,72.0,Slight Chance Showers And Thunderstorms then Mostly Clear,"A slight chance of showers and thunderstorms before 7pm. Mostly clear, with a low around 72. Chance of precipitation is 20%."
189,2026-07-29T19:36:37Z,KOKC,Saturday,2026-08-01T06:00:00-05:00,1,91.0,Sunny,"Sunny, with a high near 91."
190,2026-07-29T19:36:37Z,KOKC,Saturday Night,2026-08-01T18:00:00-05:00,0,67.0,Clear,"Clear, with a low around 67."
191,2026-07-29T19:36:37Z,KOKC,Sunday,2026-08-02T06:00:00-05:00,1,91.0,Sunny,"Sunny, with a high near 91."
192,2026-07-29T19:36:37Z,KOKC,Sunday Night,2026-08-02T18:00:00-05:00,0,68.0,Clear,"Clear, with a low around 68."
193,2026-07-29T19:36:37Z,KOKC,Monday,2026-08-03T06:00:00-05:00,1,94.0,Sunny,"Sunny, with a high near 94."
194,2026-07-29T19:36:37Z,KOKC,Monday Night,2026-08-03T18:00:00-05:00,0,71.0,Clear,"Clear, with a low around 71."
195,2026-07-29T19:36:37Z,KOKC,Tuesday,2026-08-04T06:00:00-05:00,1,96.0,Sunny,"Sunny, with a high near 96."
196,2026-07-29T19:36:37Z,KOKC,Tuesday Night,2026-08-04T18:00:00-05:00,0,73.0,Mostly Clear,"Mostly clear, with a low around 73."
197,2026-07-29T19:36:37Z,KPHL,This Afternoon,2026-07-29T15:00:00-04:00,1,84.0,Partly Sunny,"Partly sunny, with a high near 84. Northwest wind around 15 mph."
198,2026-07-29T19:36:37Z,KPHL,Tonight,2026-07-29T18:00:00-04:00,0,67.0,Mostly Cloudy,"Mostly cloudy, with a low around 67. Northwest wind 10 to 15 mph."
199,2026-07-29T19:36:37Z,KPHL,Thursday,2026-07-30T06:00:00-04:00,1,82.0,Partly Sunny,"Partly sunny, with a high near 82. Northwest wind 10 to 15 mph."
200,2026-07-29T19:36:37Z,KPHL,Thursday Night,2026-07-30T18:00:00-04:00,0,67.0,Mostly Clear,"Mostly clear, with a low around 67. Northwest wind 5 to 10 mph."
201,2026-07-29T19:36:37Z,KPHL,Friday,2026-07-31T06:00:00-04:00,1,86.0,Sunny,"Sunny, with a high near 86. Northwest wind 0 to 5 mph."
202,2026-07-29T19:36:37Z,KPHL,Friday Night,2026-07-31T18:00:00-04:00,0,68.0,Partly Cloudy,"Partly cloudy, with a low around 68."
203,2026-07-29T19:36:37Z,KPHL,Saturday,2026-08-01T06:00:00-04:00,1,87.0,Partly Sunny,"Partly sunny, with a high near 87."
204,2026-07-29T19:36:37Z,KPHL,Saturday Night,2026-08-01T18:00:00-04:00,0,70.0,Mostly Cloudy,"Mostly cloudy, with a low around 70."
205,2026-07-29T19:36:37Z,KPHL,Sunday,2026-08-02T06:00:00-04:00,1,84.0,Chance Showers And Thunderstorms,"A slight chance of rain showers between 8am and 2pm, then a chance of showers and thunderstorms. Mostly cloudy, with a high near 84. Chance of precipitation is 40%."
206,2026-07-29T19:36:37Z,KPHL,Sunday Night,2026-08-02T18:00:00-04:00,0,70.0,Chance Showers And Thunderstorms,"A chance of showers and thunderstorms. Mostly cloudy, with a low around 70. Chance of precipitation is 50%."
207,2026-07-29T19:36:37Z,KPHL,Monday,2026-08-03T06:00:00-04:00,1,85.0,Chance Showers And Thunderstorms,"A chance of rain showers before 8am, then a chance of showers and thunderstorms between 8am and 2pm, then a chance of showers and thunderstorms. Mostly cloudy, with a high near 85. Chance of precipitation is 40%."
208,2026-07-29T19:36:37Z,KPHL,Monday Night,2026-08-03T18:00:00-04:00,0,70.0,Chance Showers And Thunderstorms,"A chance of showers and thunderstorms before 2am. Partly cloudy, with a low around 70. Chance of precipitation is 40%."
209,2026-07-29T19:36:37Z,KPHL,Tuesday,2026-08-04T06:00:00-04:00,1,87.0,Mostly Sunny then Slight Chance Showers And Thunderstorms,"A slight chance of showers and thunderstorms after 2pm. Mostly sunny, with a high near 87."
210,2026-07-29T19:36:37Z,KPHL,Tuesday Night,2026-08-04T18:00:00-04:00,0,69.0,Slight Chance Showers And Thunderstorms then Partly Cloudy,"A slight chance of showers and thunderstorms before 8pm. Partly cloudy, with a low around 69."
211,2026-07-29T19:36:37Z,KPHX,This Afternoon,2026-07-29T12:00:00-07:00,1,111.0,Sunny,"Sunny. High near 111, with temperatures falling to around 109 in the afternoon. Heat index values as high as 110. West wind 5 to 10 mph."
212,2026-07-29T19:36:37Z,KPHX,Tonight,2026-07-29T18:00:00-07:00,0,90.0,Partly Cloudy,"Partly cloudy, with a low around 90. West wind 5 to 10 mph."
213,2026-07-29T19:36:37Z,KPHX,Thursday,2026-07-30T06:00:00-07:00,1,113.0,Sunny,"Sunny. High near 113, with temperatures falling to around 111 in the afternoon. Heat index values as high as 110. West southwest wind 5 to 10 mph."
214,2026-07-29T19:36:37Z,KPHX,Thursday Night,2026-07-30T18:00:00-07:00,0,89.0,Mostly Clear,"Mostly clear, with a low around 89. West southwest wind 5 to 10 mph."
215,2026-07-29T19:36:37Z,KPHX,Friday,2026-07-31T06:00:00-07:00,1,115.0,Sunny,"Sunny, with a high near 115. Southwest wind 5 to 15 mph, with gusts as high as 25 mph."
216,2026-07-29T19:36:37Z,KPHX,Friday Night,2026-07-31T18:00:00-07:00,0,91.0,Mostly Clear,"Mostly clear, with a low around 91. West southwest wind 5 to 15 mph."
217,2026-07-29T19:36:37Z,KPHX,Saturday,2026-08-01T06:00:00-07:00,1,115.0,Sunny,"Sunny, with a high near 115. South southwest wind 5 to 15 mph, with gusts as high as 25 mph."
218,2026-07-29T19:36:37Z,KPHX,Saturday Night,2026-08-01T18:00:00-07:00,0,91.0,Mostly Clear,"Mostly clear, with a low around 91. West southwest wind 0 to 10 mph."
219,2026-07-29T19:36:37Z,KPHX,Sunday,2026-08-02T06:00:00-07:00,1,114.0,Sunny,"Sunny, with a high near 114. West wind 0 to 10 mph."
220,2026-07-29T19:36:37Z,KPHX,Sunday Night,2026-08-02T18:00:00-07:00,0,92.0,Mostly Clear,"Mostly clear, with a low around 92. West wind 5 to 10 mph, with gusts as high as 25 mph."
221,2026-07-29T19:36:37Z,KPHX,Monday,2026-08-03T06:00:00-07:00,1,113.0,Sunny,"Sunny, with a high near 113. West wind 0 to 10 mph, with gusts as high as 25 mph."
222,2026-07-29T19:36:37Z,KPHX,Monday Night,2026-08-03T18:00:00-07:00,0,93.0,Partly Cloudy,"Partly cloudy, with a low around 93. Southwest wind 5 to 10 mph, with gusts as high as 25 mph."
223,2026-07-29T19:36:37Z,KPHX,Tuesday,2026-08-04T06:00:00-07:00,1,112.0,Mostly Sunny then Slight Chance Showers And Thunderstorms,"A slight chance of showers and thunderstorms after 5pm. Mostly sunny, with a high near 112. Southwest wind 5 to 10 mph, with gusts as high as 25 mph. Chance of precipitation is 20%."
224,2026-07-29T19:36:37Z,KPHX,Tuesday Night,2026-08-04T18:00:00-07:00,0,90.0,Slight Chance Showers And Thunderstorms,"A slight chance of showers and thunderstorms before 5am. Mostly cloudy, with a low around 90. Southwest wind 5 to 10 mph, with gusts as high as 25 mph. Chance of precipitation is 20%. New rainfall amounts less than a tenth of an inch possible."
225,2026-07-29T19:36:37Z,KSAT,This Afternoon,2026-07-29T13:00:00-05:00,1,99.0,Sunny,"Sunny, with a high near 99. Heat index values as high as 105. South wind around 10 mph."
226,2026-07-29T19:36:37Z,KSAT,Tonight,2026-07-29T18:00:00-05:00,0,77.0,Partly Cloudy,"Partly cloudy, with a low around 77. Heat index values as high as 105. South southeast wind 5 to 15 mph, with gusts as high as 25 mph."
227,2026-07-29T19:36:37Z,KSAT,Thursday,2026-07-30T06:00:00-05:00,1,101.0,Mostly Sunny,"Mostly sunny, with a high near 101. Heat index values as high as 104. South wind 5 to 10 mph."
228,2026-07-29T19:36:37Z,KSAT,Thursday Night,2026-07-30T18:00:00-05:00,0,75.0,Mostly Clear,"Mostly clear, with a low around 75. Heat index values as high as 105. South southeast wind 5 to 15 mph, with gusts as high as 25 mph."
229,2026-07-29T19:36:37Z,KSAT,Friday,2026-07-31T06:00:00-05:00,1,99.0,Mostly Sunny,"Mostly sunny, with a high near 99. South wind around 5 mph."
230,2026-07-29T19:36:37Z,KSAT,Friday Night,2026-07-31T18:00:00-05:00,0,77.0,Mostly Clear,"Mostly clear, with a low around 77. South wind 5 to 10 mph, with gusts as high as 20 mph."
231,2026-07-29T19:36:37Z,KSAT,Saturday,2026-08-01T06:00:00-05:00,1,100.0,Mostly Sunny,"Mostly sunny, with a high near 100. South wind around 5 mph."
232,2026-07-29T19:36:37Z,KSAT,Saturday Night,2026-08-01T18:00:00-05:00,0,79.0,Partly Cloudy,"Partly cloudy, with a low around 79. Southeast wind around 5 mph."
233,2026-07-29T19:36:37Z,KSAT,Sunday,2026-08-02T06:00:00-05:00,1,97.0,Slight Chance Showers And Thunderstorms,"A slight chance of showers and thunderstorms after 7am. Mostly sunny, with a high near 97. North northeast wind around 5 mph. Chance of precipitation is 20%."
234,2026-07-29T19:36:37Z,KSAT,Sunday Night,2026-08-02T18:00:00-05:00,0,77.0,Slight Chance Showers And Thunderstorms then Mostly Clear,"A slight chance of showers and thunderstorms before 7pm. Mostly clear, with a low around 77. Chance of precipitation is 20%."
235,2026-07-29T19:36:37Z,KSAT,Monday,2026-08-03T06:00:00-05:00,1,98.0,Sunny,"Sunny, with a high near 98."
236,2026-07-29T19:36:37Z,KSAT,Monday Night,2026-08-03T18:00:00-05:00,0,78.0,Mostly Clear,"Mostly clear, with a low around 78."
237,2026-07-29T19:36:37Z,KSAT,Tuesday,2026-08-04T06:00:00-05:00,1,98.0,Mostly Sunny,"Mostly sunny, with a high near 98."
238,2026-07-29T19:36:37Z,KSAT,Tuesday Night,2026-08-04T18:00:00-05:00,0,77.0,Mostly Clear,"Mostly clear, with a low around 77."
239,2026-07-29T19:36:37Z,KSFO,This Afternoon,2026-07-29T12:00:00-07:00,1,72.0,Sunny,"Sunny. High near 72, with temperatures falling to around 70 in the afternoon. West wind 16 to 23 mph, with gusts as high as 29 mph."
240,2026-07-29T19:36:37Z,KSFO,Tonight,2026-07-29T18:00:00-07:00,0,57.0,Mostly Clear,"Mostly clear, with a low around 57. West wind 12 to 21 mph, with gusts as high as 28 mph."
241,2026-07-29T19:36:37Z,KSFO,Thursday,2026-07-30T06:00:00-07:00,1,72.0,Sunny,"Sunny, with a high near 72. West southwest wind 10 to 22 mph, with gusts as high as 28 mph."
242,2026-07-29T19:36:37Z,KSFO,Thursday Night,2026-07-30T18:00:00-07:00,0,57.0,Mostly Clear,"Mostly clear, with a low around 57. West wind 9 to 21 mph, with gusts as high as 26 mph."
243,2026-07-29T19:36:37Z,KSFO,Friday,2026-07-31T06:00:00-07:00,1,76.0,Sunny,"Sunny, with a high near 76. West wind 8 to 21 mph, with gusts as high as 25 mph."
244,2026-07-29T19:36:37Z,KSFO,Friday Night,2026-07-31T18:00:00-07:00,0,58.0,Mostly Clear,"Mostly clear, with a low around 58."
245,2026-07-29T19:36:37Z,KSFO,Saturday,2026-08-01T06:00:00-07:00,1,77.0,Sunny,"Sunny, with a high near 77."
246,2026-07-29T19:36:37Z,KSFO,Saturday Night,2026-08-01T18:00:00-07:00,0,57.0,Mostly Clear,"Mostly clear, with a low around 57."
247,2026-07-29T19:36:37Z,KSFO,Sunday,2026-08-02T06:00:00-07:00,1,76.0,Sunny,"Sunny, with a high near 76."
248,2026-07-29T19:36:37Z,KSFO,Sunday Night,2026-08-02T18:00:00-07:00,0,57.0,Mostly Clear,"Mostly clear, with a low around 57."
249,2026-07-29T19:36:37Z,KSFO,Monday,2026-08-03T06:00:00-07:00,1,78.0,Sunny,"Sunny, with a high near 78."
250,2026-07-29T19:36:37Z,KSFO,Monday Night,2026-08-03T18:00:00-07:00,0,57.0,Mostly Clear,"Mostly clear, with a low around 57."
251,2026-07-29T19:36:37Z,KSFO,Tuesday,2026-08-04T06:00:00-07:00,1,76.0,Sunny,"Sunny, with a high near 76."
252,2026-07-29T19:36:37Z,KSFO,Tuesday Night,2026-08-04T18:00:00-07:00,0,58.0,Mostly Clear,"Mostly clear, with a low around 58."
253,2026-07-29T19:36:37Z,KSEA,This Afternoon,2026-07-29T12:00:00-07:00,1,76.0,Sunny,"Sunny, with a high near 76. Northwest wind around 7 mph."
254,2026-07-29T19:36:37Z,KSEA,Tonight,2026-07-29T18:00:00-07:00,0,54.0,Mostly Clear,"Mostly clear, with a low around 54. North northwest wind 3 to 8 mph."
255,2026-07-29T19:36:37Z,KSEA,Thursday,2026-07-30T06:00:00-07:00,1,76.0,Sunny,"Sunny, with a high near 76. South southwest wind around 7 mph."
256,2026-07-29T19:36:37Z,KSEA,Thursday Night,2026-07-30T18:00:00-07:00,0,54.0,Mostly Clear,"Mostly clear, with a low around 54. Southwest wind 0 to 6 mph."
257,2026-07-29T19:36:37Z,KSEA,Friday,2026-07-31T06:00:00-07:00,1,82.0,Sunny,"Sunny, with a high near 82. West wind 0 to 6 mph."
258,2026-07-29T19:36:37Z,KSEA,Friday Night,2026-07-31T18:00:00-07:00,0,59.0,Mostly Clear,"Mostly clear, with a low around 59."
259,2026-07-29T19:36:37Z,KSEA,Saturday,2026-08-01T06:00:00-07:00,1,72.0,Chance Light Rain,"A chance of rain between 11am and 5pm. Partly sunny, with a high near 72."
260,2026-07-29T19:36:37Z,KSEA,Saturday Night,2026-08-01T18:00:00-07:00,0,54.0,Partly Cloudy,"Partly cloudy, with a low around 54."
261,2026-07-29T19:36:37Z,KSEA,Sunday,2026-08-02T06:00:00-07:00,1,71.0,Mostly Sunny,"Mostly sunny, with a high near 71."
262,2026-07-29T19:36:37Z,KSEA,Sunday Night,2026-08-02T18:00:00-07:00,0,53.0,Mostly Clear,"Mostly clear, with a low around 53."
263,2026-07-29T19:36:37Z,KSEA,Monday,2026-08-03T06:00:00-07:00,1,75.0,Sunny,"Sunny, with a high near 75."
264,2026-07-29T19:36:37Z,KSEA,Monday Night,2026-08-03T18:00:00-07:00,0,57.0,Mostly Clear,"Mostly clear, with a low around 57."
265,2026-07-29T19:36:37Z,KSEA,Tuesday,2026-08-04T06:00:00-07:00,1,82.0,Sunny,"Sunny, with a high near 82."
266,2026-07-29T19:36:37Z,KSEA,Tuesday Night,2026-08-04T18:00:00-07:00,0,59.0,Mostly Clear,"Mostly clear, with a low around 59."
267,2026-07-29T19:36:37Z,KDCA,This Afternoon,2026-07-29T15:00:00-04:00,1,85.0,Partly Sunny,"Partly sunny, with a high near 85. Northwest wind around 17 mph, with gusts as high as 28 mph."
268,2026-07-29T19:36:37Z,KDCA,Tonight,2026-07-29T18:00:00-04:00,0,70.0,Partly Cloudy,"Partly cloudy, with a low around 70. Northwest wind 13 to 17 mph, with gusts as high as 26 mph."
269,2026-07-29T19:36:37Z,KDCA,Thursday,2026-07-30T06:00:00-04:00,1,87.0,Mostly Sunny,"Mostly sunny, with a high near 87. Northwest wind around 14 mph, with gusts as high as 22 mph."
270,2026-07-29T19:36:37Z,KDCA,Thursday Night,2026-07-30T18:00:00-04:00,0,71.0,Partly Cloudy,"Partly cloudy, with a low around 71. Northwest wind 7 to 13 mph, with gusts as high as 18 mph."
271,2026-07-29T19:36:37Z,KDCA,Friday,2026-07-31T06:00:00-04:00,1,89.0,Sunny,"Sunny, with a high near 89. Northwest wind around 7 mph."
272,2026-07-29T19:36:37Z,KDCA,Friday Night,2026-07-31T18:00:00-04:00,0,72.0,Partly Cloudy,"Partly cloudy, with a low around 72."
273,2026-07-29T19:36:37Z,KDCA,Saturday,2026-08-01T06:00:00-04:00,1,90.0,Partly Sunny,"Partly sunny, with a high near 90."
274,2026-07-29T19:36:37Z,KDCA,Saturday Night,2026-08-01T18:00:00-04:00,0,73.0,Slight Chance Showers And Thunderstorms,"A slight chance of showers and thunderstorms after 8pm. Mostly cloudy, with a low around 73. Chance of precipitation is 20%."
275,2026-07-29T19:36:37Z,KDCA,Sunday,2026-08-02T06:00:00-04:00,1,86.0,Chance Rain Showers then Chance Showers And Thunderstorms,"A chance of rain showers before 2pm, then a chance of showers and thunderstorms. Mostly cloudy, with a high near 86. Chance of precipitation is 50%."
276,2026-07-29T19:36:37Z,KDCA,Sunday Night,2026-08-02T18:00:00-04:00,0,73.0,Chance Showers And Thunderstorms then Showers And Thunderstorms Likely,"A chance of showers and thunderstorms before 8pm, then showers and thunderstorms likely. Mostly cloudy, with a low around 73. Chance of precipitation is 60%."
277,2026-07-29T19:36:37Z,KDCA,Monday,2026-08-03T06:00:00-04:00,1,84.0,Chance Rain Showers then Chance Showers And Thunderstorms,"A chance of rain showers before 2pm, then a chance of showers and thunderstorms. Mostly cloudy, with a high near 84. Chance of precipitation is 50%."
278,2026-07-29T19:36:37Z,KDCA,Monday Night,2026-08-03T18:00:00-04:00,0,73.0,Chance Showers And Thunderstorms,"A chance of showers and thunderstorms before 8pm, then a chance of showers and thunderstorms between 8pm and 2am. Mostly cloudy, with a low around 73. Chance of precipitation is 50%."
279,2026-07-29T19:36:37Z,KDCA,Tuesday,2026-08-04T06:00:00-04:00,1,87.0,Mostly Sunny then Slight Chance Showers And Thunderstorms,"A slight chance of showers and thunderstorms after 2pm. Mostly sunny, with a high near 87. Chance of precipitation is 20%."
280,2026-07-29T19:36:37Z,KDCA,Tuesday Night,2026-08-04T18:00:00-04:00,0,72.0,Slight Chance Showers And Thunderstorms,"A slight chance of showers and thunderstorms before 2am. Partly cloudy, with a low around 72."
1,2026-07-29T20:33:06Z,KATL,This Afternoon,2026-07-29T15:00:00-04:00,1,93.0,Sunny,"Sunny, with a high near 93. Northwest wind around 10 mph, with gusts as high as 20 mph."
2,2026-07-29T20:33:06Z,KATL,Tonight,2026-07-29T18:00:00-04:00,0,72.0,Clear,"Clear, with a low around 72. North wind 0 to 10 mph, with gusts as high as 20 mph."
3,2026-07-29T20:33:06Z,KATL,Thursday,2026-07-30T06:00:00-04:00,1,91.0,Sunny,"Sunny, with a high near 91. North wind 0 to 10 mph."
4,2026-07-29T20:33:06Z,KATL,Thursday Night,2026-07-30T18:00:00-04:00,0,68.0,Mostly Clear,"Mostly clear, with a low around 68. North wind 0 to 10 mph, with gusts as high as 20 mph."
5,2026-07-29T20:33:06Z,KATL,Friday,2026-07-31T06:00:00-04:00,1,92.0,Sunny,"Sunny, with a high near 92. North wind 0 to 5 mph."
6,2026-07-29T20:33:06Z,KATL,Friday Night,2026-07-31T18:00:00-04:00,0,73.0,Partly Cloudy,"Partly cloudy, with a low around 73."
7,2026-07-29T20:33:06Z,KATL,Saturday,2026-08-01T06:00:00-04:00,1,89.0,Showers And Thunderstorms Likely,"A chance of rain showers between 8am and 11am, then showers and thunderstorms likely. Mostly cloudy, with a high near 89. Chance of precipitation is 60%."
8,2026-07-29T20:33:06Z,KATL,Saturday Night,2026-08-01T18:00:00-04:00,0,72.0,Showers And Thunderstorms,"Showers and thunderstorms. Mostly cloudy, with a low around 72. Chance of precipitation is 80%."
9,2026-07-29T20:33:06Z,KATL,Sunday,2026-08-02T06:00:00-04:00,1,85.0,Showers And Thunderstorms,"Showers and thunderstorms. Mostly cloudy, with a high near 85. Chance of precipitation is 90%."
10,2026-07-29T20:33:06Z,KATL,Sunday Night,2026-08-02T18:00:00-04:00,0,72.0,Showers And Thunderstorms then Chance Showers And Thunderstorms,"Showers and thunderstorms before 8pm, then a chance of showers and thunderstorms. Mostly cloudy, with a low around 72. Chance of precipitation is 90%."
11,2026-07-29T20:33:06Z,KATL,Monday,2026-08-03T06:00:00-04:00,1,86.0,Showers And Thunderstorms Likely,"A chance of rain showers before 2pm, then showers and thunderstorms likely. Mostly cloudy, with a high near 86. Chance of precipitation is 70%."
12,2026-07-29T20:33:06Z,KATL,Monday Night,2026-08-03T18:00:00-04:00,0,73.0,Showers And Thunderstorms Likely,"Showers and thunderstorms likely before 2am. Mostly cloudy, with a low around 73. Chance of precipitation is 70%."
13,2026-07-29T20:33:06Z,KATL,Tuesday,2026-08-04T06:00:00-04:00,1,87.0,Chance Rain Showers then Chance Showers And Thunderstorms,"A chance of rain showers between 8am and 2pm, then a chance of showers and thunderstorms. Partly sunny, with a high near 87. Chance of precipitation is 50%."
14,2026-07-29T20:33:06Z,KATL,Tuesday Night,2026-08-04T18:00:00-04:00,0,73.0,Chance Showers And Thunderstorms,"A chance of showers and thunderstorms before 2am. Mostly cloudy, with a low around 73."
15,2026-07-29T20:33:06Z,KAUS,This Afternoon,2026-07-29T15:00:00-05:00,1,99.0,Sunny,"Sunny, with a high near 99. Heat index values as high as 106. South southwest wind 5 to 10 mph."
16,2026-07-29T20:33:06Z,KAUS,Tonight,2026-07-29T18:00:00-05:00,0,77.0,Mostly Clear,"Mostly clear, with a low around 77. Heat index values as high as 103. South wind 5 to 10 mph, with gusts as high as 20 mph."
17,2026-07-29T20:33:06Z,KAUS,Thursday,2026-07-30T06:00:00-05:00,1,100.0,Mostly Sunny,"Mostly sunny, with a high near 100. Heat index values as high as 104. South southwest wind 5 to 10 mph."
18,2026-07-29T20:33:06Z,KAUS,Thursday Night,2026-07-30T18:00:00-05:00,0,76.0,Mostly Clear,"Mostly clear, with a low around 76. Heat index values as high as 105. South wind 5 to 10 mph, with gusts as high as 20 mph."
19,2026-07-29T20:33:06Z,KAUS,Friday,2026-07-31T06:00:00-05:00,1,100.0,Mostly Sunny,"Mostly sunny, with a high near 100. South southwest wind 5 to 10 mph."
20,2026-07-29T20:33:06Z,KAUS,Friday Night,2026-07-31T18:00:00-05:00,0,77.0,Mostly Clear,"Mostly clear, with a low around 77. South wind 5 to 10 mph, with gusts as high as 20 mph."
21,2026-07-29T20:33:06Z,KAUS,Saturday,2026-08-01T06:00:00-05:00,1,100.0,Mostly Sunny,"Mostly sunny, with a high near 100. West wind around 5 mph."
22,2026-07-29T20:33:06Z,KAUS,Saturday Night,2026-08-01T18:00:00-05:00,0,78.0,Partly Cloudy then Slight Chance Showers And Thunderstorms,"A slight chance of showers and thunderstorms after 1am. Partly cloudy, with a low around 78. Southwest wind 0 to 5 mph. Chance of precipitation is 20%."
23,2026-07-29T20:33:06Z,KAUS,Sunday,2026-08-02T06:00:00-05:00,1,97.0,Slight Chance Showers And Thunderstorms then Mostly Sunny,"A slight chance of showers and thunderstorms before 7am. Mostly sunny, with a high near 97. North northwest wind around 5 mph. Chance of precipitation is 20%."
24,2026-07-29T20:33:06Z,KAUS,Sunday Night,2026-08-02T18:00:00-05:00,0,76.0,Mostly Clear,"Mostly clear, with a low around 76."
25,2026-07-29T20:33:06Z,KAUS,Monday,2026-08-03T06:00:00-05:00,1,98.0,Sunny,"Sunny, with a high near 98."
26,2026-07-29T20:33:06Z,KAUS,Monday Night,2026-08-03T18:00:00-05:00,0,78.0,Mostly Clear,"Mostly clear, with a low around 78."
27,2026-07-29T20:33:06Z,KAUS,Tuesday,2026-08-04T06:00:00-05:00,1,98.0,Sunny,"Sunny, with a high near 98."
28,2026-07-29T20:33:06Z,KAUS,Tuesday Night,2026-08-04T18:00:00-05:00,0,77.0,Mostly Clear,"Mostly clear, with a low around 77."
29,2026-07-29T20:33:06Z,KBOS,This Afternoon,2026-07-29T14:00:00-04:00,1,72.0,Patchy Fog,"Patchy fog and showers and thunderstorms before 5pm, then patchy fog and showers and thunderstorms. Some of the storms could produce heavy rain. Cloudy, with a high near 72. East wind around 17 mph, with gusts as high as 28 mph. Chance of precipitation is 90%. New rainfall amounts between a half and three quarters of an inch possible."
30,2026-07-29T20:33:06Z,KBOS,Tonight,2026-07-29T18:00:00-04:00,0,64.0,Patchy Fog,"Patchy fog and showers and thunderstorms. Some of the storms could produce heavy rain. Cloudy, with a low around 64. East wind 9 to 17 mph, with gusts as high as 29 mph. Chance of precipitation is 90%. New rainfall amounts between three quarters and one inch possible."
31,2026-07-29T20:33:06Z,KBOS,Thursday,2026-07-30T06:00:00-04:00,1,69.0,Rain Showers Likely,"Rain showers likely and patchy fog before 2pm, then patchy fog and a chance of showers and thunderstorms. Cloudy, with a high near 69. Northeast wind 9 to 14 mph. Chance of precipitation is 60%. New rainfall amounts less than a tenth of an inch possible."
32,2026-07-29T20:33:06Z,KBOS,Thursday Night,2026-07-30T18:00:00-04:00,0,63.0,Chance Rain Showers then Patchy Fog,"A chance of rain showers and patchy fog before 9pm, then patchy fog and a slight chance of rain showers between 9pm and 4am. Cloudy, with a low around 63. North wind 6 to 10 mph. Chance of precipitation is 40%."
33,2026-07-29T20:33:06Z,KBOS,Friday,2026-07-31T06:00:00-04:00,1,75.0,Partly Sunny then Slight Chance Rain Showers,"A slight chance of rain showers after 3pm. Partly sunny, with a high near 75. Northeast wind around 6 mph. Chance of precipitation is 20%."
34,2026-07-29T20:33:06Z,KBOS,Friday Night,2026-07-31T18:00:00-04:00,0,65.0,Slight Chance Rain Showers then Partly Cloudy,"A slight chance of rain showers before 7pm. Partly cloudy, with a low around 65. South wind around 5 mph. Chance of precipitation is 20%."
35,2026-07-29T20:33:06Z,KBOS,Saturday,2026-08-01T06:00:00-04:00,1,80.0,Mostly Sunny,"Mostly sunny, with a high near 80. South wind 2 to 7 mph."
36,2026-07-29T20:33:06Z,KBOS,Saturday Night,2026-08-01T18:00:00-04:00,0,68.0,Mostly Cloudy,"Mostly cloudy, with a low around 68. South wind around 7 mph."
37,2026-07-29T20:33:06Z,KBOS,Sunday,2026-08-02T06:00:00-04:00,1,79.0,Partly Sunny then Slight Chance Rain Showers,"A slight chance of rain showers after 5pm. Partly sunny, with a high near 79. South wind 6 to 10 mph."
38,2026-07-29T20:33:06Z,KBOS,Sunday Night,2026-08-02T18:00:00-04:00,0,68.0,Slight Chance Showers And Thunderstorms then Chance Showers And Thunderstorms,"A slight chance of rain showers before 8pm, then a slight chance of showers and thunderstorms between 8pm and 11pm, then a chance of showers and thunderstorms. Mostly cloudy, with a low around 68. South wind 6 to 9 mph. Chance of precipitation is 40%."
39,2026-07-29T20:33:06Z,KBOS,Monday,2026-08-03T06:00:00-04:00,1,78.0,Chance Showers And Thunderstorms,"A chance of showers and thunderstorms. Partly sunny, with a high near 78. Southwest wind around 7 mph. Chance of precipitation is 40%."
40,2026-07-29T20:33:06Z,KBOS,Monday Night,2026-08-03T18:00:00-04:00,0,66.0,Chance Showers And Thunderstorms then Partly Cloudy,"A chance of showers and thunderstorms before 8pm. Partly cloudy, with a low around 66. West wind around 6 mph. Chance of precipitation is 30%."
41,2026-07-29T20:33:06Z,KBOS,Tuesday,2026-08-04T06:00:00-04:00,1,78.0,Sunny,"Sunny, with a high near 78. West wind around 6 mph."
42,2026-07-29T20:33:06Z,KBOS,Tuesday Night,2026-08-04T18:00:00-04:00,0,67.0,Mostly Clear,"Mostly clear, with a low around 67. West wind around 6 mph."
43,2026-07-29T20:33:06Z,KMDW,This Afternoon,2026-07-29T14:00:00-05:00,1,80.0,Sunny,"Sunny. High near 80, with temperatures falling to around 78 in the afternoon. Northeast wind around 10 mph."
44,2026-07-29T20:33:06Z,KMDW,Tonight,2026-07-29T18:00:00-05:00,0,64.0,Mostly Clear,"Mostly clear, with a low around 64. North northwest wind 0 to 10 mph."
45,2026-07-29T20:33:06Z,KMDW,Thursday,2026-07-30T06:00:00-05:00,1,86.0,Sunny,"Sunny, with a high near 86. Southwest wind 0 to 5 mph."
46,2026-07-29T20:33:06Z,KMDW,Thursday Night,2026-07-30T18:00:00-05:00,0,68.0,Mostly Cloudy,"Mostly cloudy, with a low around 68. South southwest wind around 5 mph."
47,2026-07-29T20:33:06Z,KMDW,Friday,2026-07-31T06:00:00-05:00,1,80.0,Showers And Thunderstorms Likely,"A chance of rain showers between 10am and 4pm, then showers and thunderstorms likely. Mostly cloudy, with a high near 80. South wind 5 to 10 mph, with gusts as high as 20 mph. Chance of precipitation is 70%."
48,2026-07-29T20:33:06Z,KMDW,Friday Night,2026-07-31T18:00:00-05:00,0,66.0,Showers And Thunderstorms,"Showers and thunderstorms. Cloudy, with a low around 66. Chance of precipitation is 90%."
49,2026-07-29T20:33:06Z,KMDW,Saturday,2026-08-01T06:00:00-05:00,1,75.0,Showers And Thunderstorms Likely,"Rain showers likely before 7am, then showers and thunderstorms likely. Mostly cloudy, with a high near 75."
50,2026-07-29T20:33:06Z,KMDW,Saturday Night,2026-08-01T18:00:00-05:00,0,66.0,Chance Showers And Thunderstorms,"A chance of showers and thunderstorms before 1am. Partly cloudy, with a low around 66."
51,2026-07-29T20:33:06Z,KMDW,Sunday,2026-08-02T06:00:00-05:00,1,76.0,Mostly Sunny,"Mostly sunny, with a high near 76."
52,2026-07-29T20:33:06Z,KMDW,Sunday Night,2026-08-02T18:00:00-05:00,0,65.0,Partly Cloudy,"Partly cloudy, with a low around 65."
53,2026-07-29T20:33:06Z,KMDW,Monday,2026-08-03T06:00:00-05:00,1,79.0,Sunny,"Sunny, with a high near 79."
54,2026-07-29T20:33:06Z,KMDW,Monday Night,2026-08-03T18:00:00-05:00,0,68.0,Mostly Clear,"Mostly clear, with a low around 68."
55,2026-07-29T20:33:06Z,KMDW,Tuesday,2026-08-04T06:00:00-05:00,1,83.0,Sunny,"Sunny, with a high near 83."
56,2026-07-29T20:33:06Z,KMDW,Tuesday Night,2026-08-04T18:00:00-05:00,0,70.0,Partly Cloudy then Slight Chance Showers And Thunderstorms,"A slight chance of showers and thunderstorms after 1am. Partly cloudy, with a low around 70."
57,2026-07-29T20:33:06Z,KDFW,This Afternoon,2026-07-29T14:00:00-05:00,1,100.0,Mostly Sunny,"Mostly sunny, with a high near 100. Heat index values as high as 104. South southeast wind around 5 mph."
58,2026-07-29T20:33:06Z,KDFW,Tonight,2026-07-29T18:00:00-05:00,0,80.0,Partly Cloudy,"Partly cloudy, with a low around 80. Heat index values as high as 102. South wind 5 to 10 mph."
59,2026-07-29T20:33:06Z,KDFW,Thursday,2026-07-30T06:00:00-05:00,1,102.0,Sunny,"Sunny, with a high near 102. Heat index values as high as 109. South southwest wind 5 to 10 mph."
60,2026-07-29T20:33:06Z,KDFW,Thursday Night,2026-07-30T18:00:00-05:00,0,80.0,Mostly Clear,"Mostly clear. Low around 80, with temperatures rising to around 82 overnight. Heat index values as high as 106. South wind around 10 mph."
61,2026-07-29T20:33:06Z,KDFW,Friday,2026-07-31T06:00:00-05:00,1,104.0,Sunny,"Sunny, with a high near 104. South southwest wind around 10 mph."
62,2026-07-29T20:33:06Z,KDFW,Friday Night,2026-07-31T18:00:00-05:00,0,80.0,Partly Cloudy,"Partly cloudy. Low around 80, with temperatures rising to around 82 overnight. Southwest wind around 10 mph."
63,2026-07-29T20:33:06Z,KDFW,Saturday,2026-08-01T06:00:00-05:00,1,98.0,Slight Chance Showers And Thunderstorms,"A slight chance of showers and thunderstorms between 7am and 1pm. Sunny, with a high near 98. Northwest wind around 10 mph, with gusts as high as 20 mph. Chance of precipitation is 20%."
64,2026-07-29T20:33:06Z,KDFW,Saturday Night,2026-08-01T18:00:00-05:00,0,76.0,Mostly Clear,"Mostly clear, with a low around 76. North northeast wind 5 to 15 mph."
65,2026-07-29T20:33:06Z,KDFW,Sunday,2026-08-02T06:00:00-05:00,1,96.0,Sunny,"Sunny, with a high near 96. North northeast wind 5 to 10 mph."
66,2026-07-29T20:33:06Z,KDFW,Sunday Night,2026-08-02T18:00:00-05:00,0,76.0,Clear,"Clear, with a low around 76."
67,2026-07-29T20:33:06Z,KDFW,Monday,2026-08-03T06:00:00-05:00,1,98.0,Sunny,"Sunny, with a high near 98."
68,2026-07-29T20:33:06Z,KDFW,Monday Night,2026-08-03T18:00:00-05:00,0,78.0,Clear,"Clear, with a low around 78."
69,2026-07-29T20:33:06Z,KDFW,Tuesday,2026-08-04T06:00:00-05:00,1,100.0,Sunny,"Sunny, with a high near 100."
70,2026-07-29T20:33:06Z,KDFW,Tuesday Night,2026-08-04T18:00:00-05:00,0,79.0,Mostly Clear,"Mostly clear, with a low around 79."
71,2026-07-29T20:33:06Z,KDEN,This Afternoon,2026-07-29T12:00:00-06:00,1,91.0,Chance Showers And Thunderstorms,"A chance of showers and thunderstorms between 2pm and 4pm, then showers and thunderstorms likely. Partly sunny. High near 91, with temperatures falling to around 83 in the afternoon. Southeast wind around 8 mph. Chance of precipitation is 70%. New rainfall amounts between a tenth and quarter of an inch possible."
72,2026-07-29T20:33:06Z,KDEN,Tonight,2026-07-29T18:00:00-06:00,0,62.0,Showers And Thunderstorms Likely then Mostly Cloudy,"Showers and thunderstorms likely before midnight. Mostly cloudy. Low around 62, with temperatures rising to around 67 overnight. South southwest wind 6 to 10 mph, with gusts as high as 16 mph. Chance of precipitation is 60%. New rainfall amounts less than a tenth of an inch possible."
73,2026-07-29T20:33:06Z,KDEN,Thursday,2026-07-30T06:00:00-06:00,1,93.0,Mostly Sunny then Slight Chance Showers And Thunderstorms,"A slight chance of showers and thunderstorms after 5pm. Mostly sunny. High near 93, with temperatures falling to around 89 in the afternoon. Northwest wind 5 to 10 mph, with gusts as high as 16 mph. Chance of precipitation is 20%."
74,2026-07-29T20:33:06Z,KDEN,Thursday Night,2026-07-30T18:00:00-06:00,0,64.0,Slight Chance Showers And Thunderstorms then Partly Cloudy,"A slight chance of showers and thunderstorms before 9pm. Partly cloudy, with a low around 64. West wind 6 to 10 mph, with gusts as high as 16 mph. Chance of precipitation is 20%."
75,2026-07-29T20:33:06Z,KDEN,Friday,2026-07-31T06:00:00-06:00,1,90.0,Mostly Sunny then Chance Showers And Thunderstorms,"A chance of showers and thunderstorms between noon and 3pm, then a chance of showers and thunderstorms. Mostly sunny, with a high near 90. Northeast wind 3 to 8 mph. Chance of precipitation is 30%."
76,2026-07-29T20:33:06Z,KDEN,Friday Night,2026-07-31T18:00:00-06:00,0,62.0,Chance Showers And Thunderstorms then Mostly Clear,"A chance of showers and thunderstorms before 9pm, then a chance of showers and thunderstorms between 9pm and midnight. Mostly clear, with a low around 62. Chance of precipitation is 30%."
77,2026-07-29T20:33:06Z,KDEN,Saturday,2026-08-01T06:00:00-06:00,1,94.0,Sunny,"Sunny, with a high near 94."
78,2026-07-29T20:33:06Z,KDEN,Saturday Night,2026-08-01T18:00:00-06:00,0,63.0,Mostly Clear,"Mostly clear, with a low around 63."
79,2026-07-29T20:33:06Z,KDEN,Sunday,2026-08-02T06:00:00-06:00,1,100.0,Sunny,"Sunny, with a high near 100."
80,2026-07-29T20:33:06Z,KDEN,Sunday Night,2026-08-02T18:00:00-06:00,0,67.0,Mostly Clear,"Mostly clear, with a low around 67."
81,2026-07-29T20:33:06Z,KDEN,Monday,2026-08-03T06:00:00-06:00,1,99.0,Sunny,"Sunny, with a high near 99."
82,2026-07-29T20:33:06Z,KDEN,Monday Night,2026-08-03T18:00:00-06:00,0,66.0,Chance Showers And Thunderstorms then Partly Cloudy,"A chance of showers and thunderstorms before midnight. Partly cloudy, with a low around 66."
83,2026-07-29T20:33:06Z,KDEN,Tuesday,2026-08-04T06:00:00-06:00,1,88.0,Mostly Sunny then Slight Chance Showers And Thunderstorms,"A slight chance of showers and thunderstorms after noon. Mostly sunny, with a high near 88."
84,2026-07-29T20:33:06Z,KDEN,Tuesday Night,2026-08-04T18:00:00-06:00,0,62.0,Slight Chance Showers And Thunderstorms then Partly Cloudy,"A slight chance of showers and thunderstorms before midnight. Partly cloudy, with a low around 62."
85,2026-07-29T20:33:06Z,KIAH,This Afternoon,2026-07-29T14:00:00-05:00,1,99.0,Sunny,"Sunny, with a high near 99. Heat index values as high as 109. South wind around 5 mph."
86,2026-07-29T20:33:06Z,KIAH,Tonight,2026-07-29T18:00:00-05:00,0,78.0,Slight Chance Rain Showers then Partly Cloudy,"A slight chance of rain showers before 9pm. Partly cloudy, with a low around 78. Heat index values as high as 106. South wind 5 to 10 mph. Chance of precipitation is 20%."
87,2026-07-29T20:33:06Z,KIAH,Thursday,2026-07-30T06:00:00-05:00,1,99.0,Mostly Sunny then Slight Chance Rain Showers,"A slight chance of rain showers after 4pm. Mostly sunny, with a high near 99. Heat index values as high as 107. Southwest wind around 5 mph. Chance of precipitation is 20%."
88,2026-07-29T20:33:06Z,KIAH,Thursday Night,2026-07-30T18:00:00-05:00,0,78.0,Slight Chance Rain Showers then Partly Cloudy,"A slight chance of rain showers before 7pm. Partly cloudy, with a low around 78. Heat index values as high as 106. South wind 5 to 10 mph. Chance of precipitation is 20%."
89,2026-07-29T20:33:06Z,KIAH,Friday,2026-07-31T06:00:00-05:00,1,99.0,Mostly Sunny,"Mostly sunny, with a high near 99. Southwest wind around 5 mph."
90,2026-07-29T20:33:06Z,KIAH,Friday Night,2026-07-31T18:00:00-05:00,0,79.0,Mostly Clear,"Mostly clear, with a low around 79."
91,2026-07-29T20:33:06Z,KIAH,Saturday,2026-08-01T06:00:00-05:00,1,100.0,Mostly Sunny,"Mostly sunny, with a high near 100."
92,2026-07-29T20:33:06Z,KIAH,Saturday Night,2026-08-01T18:00:00-05:00,0,80.0,Partly Cloudy then Slight Chance Showers And Thunderstorms,"A slight chance of showers and thunderstorms after 1am. Partly cloudy, with a low around 80. Chance of precipitation is 20%."
93,2026-07-29T20:33:06Z,KIAH,Sunday,2026-08-02T06:00:00-05:00,1,96.0,Slight Chance Showers And Thunderstorms,"A slight chance of showers and thunderstorms. Mostly sunny, with a high near 96. Chance of precipitation is 20%."
94,2026-07-29T20:33:06Z,KIAH,Sunday Night,2026-08-02T18:00:00-05:00,0,78.0,Slight Chance Showers And Thunderstorms then Mostly Clear,"A slight chance of showers and thunderstorms before 7pm. Mostly clear, with a low around 78. Chance of precipitation is 20%."
95,2026-07-29T20:33:06Z,KIAH,Monday,2026-08-03T06:00:00-05:00,1,97.0,Sunny,"Sunny, with a high near 97."
96,2026-07-29T20:33:06Z,KIAH,Monday Night,2026-08-03T18:00:00-05:00,0,78.0,Mostly Clear,"Mostly clear, with a low around 78."
97,2026-07-29T20:33:06Z,KIAH,Tuesday,2026-08-04T06:00:00-05:00,1,98.0,Sunny then Slight Chance Showers And Thunderstorms,"A slight chance of showers and thunderstorms after 1pm. Sunny, with a high near 98. Chance of precipitation is 20%."
98,2026-07-29T20:33:06Z,KIAH,Tuesday Night,2026-08-04T18:00:00-05:00,0,79.0,Slight Chance Showers And Thunderstorms,"A slight chance of showers and thunderstorms. Mostly clear, with a low around 79."
99,2026-07-29T20:33:06Z,KLAS,This Afternoon,2026-07-29T12:00:00-07:00,1,110.0,Sunny,"Sunny, with a high near 110. Heat index values as high as 105. South southwest wind around 12 mph, with gusts as high as 20 mph."
100,2026-07-29T20:33:06Z,KLAS,Tonight,2026-07-29T18:00:00-07:00,0,83.0,Mostly Clear,"Mostly clear. Low around 83, with temperatures rising to around 86 overnight. Southwest wind 6 to 12 mph, with gusts as high as 18 mph."
101,2026-07-29T20:33:06Z,KLAS,Thursday,2026-07-30T06:00:00-07:00,1,110.0,Sunny,"Sunny, with a high near 110. South wind 2 to 7 mph."
102,2026-07-29T20:33:06Z,KLAS,Thursday Night,2026-07-30T18:00:00-07:00,0,83.0,Mostly Clear,"Mostly clear, with a low around 83. West southwest wind around 7 mph."
103,2026-07-29T20:33:06Z,KLAS,Friday,2026-07-31T06:00:00-07:00,1,112.0,Sunny,"Sunny, with a high near 112. South southeast wind around 5 mph."
104,2026-07-29T20:33:06Z,KLAS,Friday Night,2026-07-31T18:00:00-07:00,0,86.0,Clear,"Clear, with a low around 86."
105,2026-07-29T20:33:06Z,KLAS,Saturday,2026-08-01T06:00:00-07:00,1,115.0,Sunny,"Sunny, with a high near 115."
106,2026-07-29T20:33:06Z,KLAS,Saturday Night,2026-08-01T18:00:00-07:00,0,87.0,Clear,"Clear, with a low around 87."
107,2026-07-29T20:33:06Z,KLAS,Sunday,2026-08-02T06:00:00-07:00,1,114.0,Sunny,"Sunny, with a high near 114."
108,2026-07-29T20:33:06Z,KLAS,Sunday Night,2026-08-02T18:00:00-07:00,0,87.0,Clear,"Clear, with a low around 87."
109,2026-07-29T20:33:06Z,KLAS,Monday,2026-08-03T06:00:00-07:00,1,113.0,Sunny,"Sunny, with a high near 113."
110,2026-07-29T20:33:06Z,KLAS,Monday Night,2026-08-03T18:00:00-07:00,0,89.0,Clear,"Clear, with a low around 89."
111,2026-07-29T20:33:06Z,KLAS,Tuesday,2026-08-04T06:00:00-07:00,1,113.0,Sunny,"Sunny, with a high near 113."
112,2026-07-29T20:33:06Z,KLAS,Tuesday Night,2026-08-04T18:00:00-07:00,0,88.0,Clear,"Clear, with a low around 88."
113,2026-07-29T20:33:06Z,KLAX,This Afternoon,2026-07-29T13:00:00-07:00,1,79.0,Mostly Sunny,"Mostly sunny, with a high near 79. West southwest wind around 10 mph."
114,2026-07-29T20:33:06Z,KLAX,Tonight,2026-07-29T18:00:00-07:00,0,67.0,Patchy Fog,"Patchy fog after 11pm. Mostly cloudy, with a low around 67. South southwest wind 0 to 10 mph."
115,2026-07-29T20:33:06Z,KLAX,Thursday,2026-07-30T06:00:00-07:00,1,79.0,Patchy Fog then Mostly Sunny,"Patchy fog before 11am. Mostly sunny, with a high near 79. South southwest wind 5 to 10 mph."
116,2026-07-29T20:33:06Z,KLAX,Thursday Night,2026-07-30T18:00:00-07:00,0,67.0,Patchy Fog,"Patchy fog after 11pm. Mostly cloudy, with a low around 67. Southwest wind 5 to 10 mph."
117,2026-07-29T20:33:06Z,KLAX,Friday,2026-07-31T06:00:00-07:00,1,80.0,Patchy Fog then Mostly Sunny,"Patchy fog before 11am. Mostly sunny, with a high near 80. Southwest wind 0 to 10 mph."
118,2026-07-29T20:33:06Z,KLAX,Friday Night,2026-07-31T18:00:00-07:00,0,68.0,Partly Cloudy,"Partly cloudy, with a low around 68."
119,2026-07-29T20:33:06Z,KLAX,Saturday,2026-08-01T06:00:00-07:00,1,81.0,Mostly Sunny,"Mostly sunny, with a high near 81."
120,2026-07-29T20:33:06Z,KLAX,Saturday Night,2026-08-01T18:00:00-07:00,0,67.0,Partly Cloudy,"Partly cloudy, with a low around 67."
121,2026-07-29T20:33:06Z,KLAX,Sunday,2026-08-02T06:00:00-07:00,1,79.0,Mostly Sunny,"Mostly sunny, with a high near 79."
122,2026-07-29T20:33:06Z,KLAX,Sunday Night,2026-08-02T18:00:00-07:00,0,67.0,Mostly Clear,"Mostly clear, with a low around 67."
123,2026-07-29T20:33:06Z,KLAX,Monday,2026-08-03T06:00:00-07:00,1,77.0,Mostly Sunny,"Mostly sunny, with a high near 77."
124,2026-07-29T20:33:06Z,KLAX,Monday Night,2026-08-03T18:00:00-07:00,0,66.0,Partly Cloudy,"Partly cloudy, with a low around 66."
125,2026-07-29T20:33:06Z,KLAX,Tuesday,2026-08-04T06:00:00-07:00,1,77.0,Sunny,"Sunny, with a high near 77."
126,2026-07-29T20:33:06Z,KLAX,Tuesday Night,2026-08-04T18:00:00-07:00,0,66.0,Partly Cloudy,"Partly cloudy, with a low around 66."
127,2026-07-29T20:33:06Z,KMIA,This Afternoon,2026-07-29T16:00:00-04:00,1,94.0,Mostly Sunny,"Mostly sunny, with a high near 94. Heat index values as high as 102. Southwest wind around 15 mph, with gusts as high as 24 mph. New rainfall amounts less than a tenth of an inch possible."
128,2026-07-29T20:33:06Z,KMIA,Tonight,2026-07-29T18:00:00-04:00,0,79.0,Partly Cloudy,"Partly cloudy, with a low around 79. Southwest wind 7 to 14 mph, with gusts as high as 22 mph. New rainfall amounts less than a tenth of an inch possible."
129,2026-07-29T20:33:06Z,KMIA,Thursday,2026-07-30T06:00:00-04:00,1,95.0,Mostly Sunny then Slight Chance Showers And Thunderstorms,"A slight chance of showers and thunderstorms between 3pm and 4pm. Mostly sunny, with a high near 95. Heat index values as high as 103. Southwest wind 6 to 14 mph, with gusts as high as 22 mph. Chance of precipitation is 20%. New rainfall amounts less than a tenth of an inch possible."
130,2026-07-29T20:33:06Z,KMIA,Thursday Night,2026-07-30T18:00:00-04:00,0,79.0,Partly Cloudy,"Partly cloudy, with a low around 79. Heat index values as high as 101. Southwest wind 3 to 13 mph, with gusts as high as 20 mph."
131,2026-07-29T20:33:06Z,KMIA,Friday,2026-07-31T06:00:00-04:00,1,94.0,Mostly Sunny then Slight Chance Showers And Thunderstorms,"A slight chance of showers and thunderstorms after 2pm. Mostly sunny, with a high near 94. Southwest wind 0 to 12 mph, with gusts as high as 18 mph. Chance of precipitation is 20%."
132,2026-07-29T20:33:06Z,KMIA,Friday Night,2026-07-31T18:00:00-04:00,0,79.0,Slight Chance Showers And Thunderstorms then Mostly Cloudy,"A slight chance of showers and thunderstorms before 8pm. Mostly cloudy, with a low around 79. Southwest wind 1 to 12 mph. Chance of precipitation is 20%."
133,2026-07-29T20:33:06Z,KMIA,Saturday,2026-08-01T06:00:00-04:00,1,93.0,Partly Sunny then Chance Showers And Thunderstorms,"A chance of showers and thunderstorms after 2pm. Partly sunny, with a high near 93. Southwest wind 0 to 10 mph. Chance of precipitation is 50%."
134,2026-07-29T20:33:06Z,KMIA,Saturday Night,2026-08-01T18:00:00-04:00,0,79.0,Chance Showers And Thunderstorms,"A chance of showers and thunderstorms. Mostly cloudy, with a low around 79. South wind 3 to 10 mph. Chance of precipitation is 50%."
135,2026-07-29T20:33:06Z,KMIA,Sunday,2026-08-02T06:00:00-04:00,1,92.0,Chance Showers And Thunderstorms,"A chance of showers and thunderstorms. Mostly sunny, with a high near 92. Southeast wind 3 to 12 mph, with gusts as high as 18 mph. Chance of precipitation is 30%."
136,2026-07-29T20:33:06Z,KMIA,Sunday Night,2026-08-02T18:00:00-04:00,0,81.0,Chance Showers And Thunderstorms,"A chance of showers and thunderstorms before 2am. Partly cloudy, with a low around 81. Chance of precipitation is 30%."
137,2026-07-29T20:33:06Z,KMIA,Monday,2026-08-03T06:00:00-04:00,1,92.0,Chance Showers And Thunderstorms,"A chance of showers and thunderstorms after 8am. Mostly sunny, with a high near 92. Chance of precipitation is 50%."
138,2026-07-29T20:33:06Z,KMIA,Monday Night,2026-08-03T18:00:00-04:00,0,79.0,Chance Showers And Thunderstorms,"A chance of showers and thunderstorms before 2am. Partly cloudy, with a low around 79. Chance of precipitation is 50%."
139,2026-07-29T20:33:06Z,KMIA,Tuesday,2026-08-04T06:00:00-04:00,1,90.0,Chance Showers And Thunderstorms,"A chance of showers and thunderstorms after 8am. Mostly sunny, with a high near 90. Chance of precipitation is 50%."
140,2026-07-29T20:33:06Z,KMIA,Tuesday Night,2026-08-04T18:00:00-04:00,0,79.0,Chance Showers And Thunderstorms,"A chance of showers and thunderstorms. Partly cloudy, with a low around 79."
141,2026-07-29T20:33:06Z,KMSP,This Afternoon,2026-07-29T14:00:00-05:00,1,91.0,Patchy Smoke,"Patchy smoke. Mostly sunny, with a high near 91. South wind around 5 mph."
142,2026-07-29T20:33:06Z,KMSP,Tonight,2026-07-29T18:00:00-05:00,0,72.0,Patchy Smoke,"Patchy smoke. Partly cloudy, with a low around 72. South wind around 10 mph."
143,2026-07-29T20:33:06Z,KMSP,Thursday,2026-07-30T06:00:00-05:00,1,89.0,Patchy Smoke,"Patchy smoke. Partly sunny, with a high near 89. South southwest wind 10 to 15 mph."
144,2026-07-29T20:33:06Z,KMSP,Thursday Night,2026-07-30T18:00:00-05:00,0,67.0,Chance Rain Showers then Chance Showers And Thunderstorms,"A chance of rain showers between 10pm and 1am, then a chance of showers and thunderstorms between 1am and 5am, then patchy smoke and showers and thunderstorms likely. Cloudy, with a low around 67. South southeast wind 10 to 15 mph. Chance of precipitation is 60%. New rainfall amounts between a half and three quarters of an inch possible."
145,2026-07-29T20:33:06Z,KMSP,Friday,2026-07-31T06:00:00-05:00,1,78.0,Patchy Smoke,"Patchy smoke and showers and thunderstorms. Some of the storms could produce heavy rain. Mostly cloudy, with a high near 78. East northeast wind around 10 mph. Chance of precipitation is 80%. New rainfall amounts between three quarters and one inch possible."
146,2026-07-29T20:33:06Z,KMSP,Friday Night,2026-07-31T18:00:00-05:00,0,64.0,Chance Rain Showers,"A chance of rain showers before 1am. Partly cloudy, with a low around 64. North northeast wind 5 to 10 mph. Chance of precipitation is 40%. New rainfall amounts between a tenth and quarter of an inch possible."
147,2026-07-29T20:33:06Z,KMSP,Saturday,2026-08-01T06:00:00-05:00,1,85.0,Sunny,"Sunny, with a high near 85. North wind 5 to 10 mph."
148,2026-07-29T20:33:06Z,KMSP,Saturday Night,2026-08-01T18:00:00-05:00,0,64.0,Mostly Clear,"Mostly clear, with a low around 64. East northeast wind 0 to 10 mph."
149,2026-07-29T20:33:06Z,KMSP,Sunday,2026-08-02T06:00:00-05:00,1,84.0,Sunny,"Sunny, with a high near 84. Southeast wind 0 to 5 mph."
150,2026-07-29T20:33:06Z,KMSP,Sunday Night,2026-08-02T18:00:00-05:00,0,67.0,Mostly Clear,"Mostly clear, with a low around 67. South southeast wind 5 to 10 mph."
151,2026-07-29T20:33:06Z,KMSP,Monday,2026-08-03T06:00:00-05:00,1,86.0,Sunny,"Sunny, with a high near 86. South wind 10 to 15 mph, with gusts as high as 30 mph."
152,2026-07-29T20:33:06Z,KMSP,Monday Night,2026-08-03T18:00:00-05:00,0,70.0,Partly Cloudy then Slight Chance Showers And Thunderstorms,"A slight chance of showers and thunderstorms after 1am. Partly cloudy, with a low around 70. South wind 10 to 15 mph, with gusts as high as 30 mph. Chance of precipitation is 20%."
153,2026-07-29T20:33:06Z,KMSP,Tuesday,2026-08-04T06:00:00-05:00,1,84.0,Slight Chance Showers And Thunderstorms,"A slight chance of showers and thunderstorms before 1pm, then a chance of showers and thunderstorms. Mostly sunny, with a high near 84. West southwest wind 5 to 10 mph. Chance of precipitation is 30%."
154,2026-07-29T20:33:06Z,KMSP,Tuesday Night,2026-08-04T18:00:00-05:00,0,65.0,Chance Showers And Thunderstorms,"A chance of showers and thunderstorms. Mostly cloudy, with a low around 65. North northwest wind 5 to 10 mph. Chance of precipitation is 30%."
155,2026-07-29T20:33:06Z,KMSY,This Afternoon,2026-07-29T15:00:00-05:00,1,97.0,Partly Sunny,"Partly sunny, with a high near 97. Heat index values as high as 107. West wind around 10 mph."
156,2026-07-29T20:33:06Z,KMSY,Tonight,2026-07-29T18:00:00-05:00,0,79.0,Partly Cloudy,"Partly cloudy. Low around 79, with temperatures rising to around 81 overnight. Heat index values as high as 106. West wind around 10 mph."
157,2026-07-29T20:33:06Z,KMSY,Thursday,2026-07-30T06:00:00-05:00,1,94.0,Mostly Sunny then Slight Chance Showers And Thunderstorms,"A slight chance of showers and thunderstorms after 1pm. Mostly sunny. High near 94, with temperatures falling to around 92 in the afternoon. Heat index values as high as 107. West wind around 10 mph. Chance of precipitation is 20%. New rainfall amounts less than a tenth of an inch possible."
158,2026-07-29T20:33:06Z,KMSY,Thursday Night,2026-07-30T18:00:00-05:00,0,79.0,Slight Chance Showers And Thunderstorms,"A slight chance of showers and thunderstorms before 1am. Partly cloudy, with a low around 79. Heat index values as high as 105. Southwest wind around 10 mph. Chance of precipitation is 20%."
159,2026-07-29T20:33:06Z,KMSY,Friday,2026-07-31T06:00:00-05:00,1,93.0,Partly Sunny then Chance Showers And Thunderstorms,"A chance of showers and thunderstorms after 1pm. Partly sunny, with a high near 93. West wind around 10 mph. Chance of precipitation is 50%."
160,2026-07-29T20:33:06Z,KMSY,Friday Night,2026-07-31T18:00:00-05:00,0,78.0,Chance Showers And Thunderstorms then Mostly Cloudy,"A chance of showers and thunderstorms before 7pm. Mostly cloudy, with a low around 78. Southwest wind around 10 mph. Chance of precipitation is 50%."
161,2026-07-29T20:33:06Z,KMSY,Saturday,2026-08-01T06:00:00-05:00,1,92.0,Partly Sunny then Chance Showers And Thunderstorms,"A chance of showers and thunderstorms after 1pm. Partly sunny, with a high near 92. West wind around 10 mph. Chance of precipitation is 40%."
162,2026-07-29T20:33:06Z,KMSY,Saturday Night,2026-08-01T18:00:00-05:00,0,77.0,Chance Showers And Thunderstorms,"A chance of showers and thunderstorms before 1am, then showers and thunderstorms likely. Mostly cloudy, with a low around 77. Southwest wind around 10 mph."
163,2026-07-29T20:33:06Z,KMSY,Sunday,2026-08-02T06:00:00-05:00,1,88.0,Showers And Thunderstorms,"Showers and thunderstorms before 1pm, then a chance of showers and thunderstorms. Partly sunny, with a high near 88. West wind around 10 mph."
164,2026-07-29T20:33:06Z,KMSY,Sunday Night,2026-08-02T18:00:00-05:00,0,76.0,Chance Showers And Thunderstorms,"A chance of showers and thunderstorms. Mostly cloudy, with a low around 76. West wind 5 to 10 mph."
165,2026-07-29T20:33:06Z,KMSY,Monday,2026-08-03T06:00:00-05:00,1,90.0,Chance Showers And Thunderstorms,"A chance of rain showers before 7am, then a chance of showers and thunderstorms. Mostly sunny, with a high near 90. West wind 5 to 10 mph."
166,2026-07-29T20:33:06Z,KMSY,Monday Night,2026-08-03T18:00:00-05:00,0,77.0,Chance Showers And Thunderstorms,"A chance of showers and thunderstorms. Partly cloudy, with a low around 77. Southwest wind 5 to 10 mph."
167,2026-07-29T20:33:06Z,KMSY,Tuesday,2026-08-04T06:00:00-05:00,1,92.0,Chance Showers And Thunderstorms,"A slight chance of rain showers before 7am, then a chance of showers and thunderstorms. Mostly sunny, with a high near 92. Southwest wind around 5 mph."
168,2026-07-29T20:33:06Z,KMSY,Tuesday Night,2026-08-04T18:00:00-05:00,0,77.0,Chance Showers And Thunderstorms,"A chance of showers and thunderstorms. Partly cloudy, with a low around 77. South wind around 5 mph."
169,2026-07-29T20:33:06Z,KNYC,This Afternoon,2026-07-29T16:00:00-04:00,1,79.0,Chance Showers And Thunderstorms,"A chance of showers and thunderstorms before 5pm, then a chance of showers and thunderstorms. Partly sunny. High near 79, with temperatures falling to around 76 in the afternoon. Northwest wind around 6 mph. Chance of precipitation is 30%."
170,2026-07-29T20:33:06Z,KNYC,Tonight,2026-07-29T18:00:00-04:00,0,67.0,Chance Showers And Thunderstorms,"A chance of showers and thunderstorms before 11pm, then a chance of showers and thunderstorms. Mostly cloudy, with a low around 67. Northwest wind around 5 mph. Chance of precipitation is 30%. New rainfall amounts less than a tenth of an inch possible."
171,2026-07-29T20:33:06Z,KNYC,Thursday,2026-07-30T06:00:00-04:00,1,77.0,Chance Showers And Thunderstorms,"A chance of rain showers before 11am, then a chance of showers and thunderstorms. Mostly cloudy, with a high near 77. Northwest wind 5 to 9 mph. Chance of precipitation is 30%. New rainfall amounts less than a tenth of an inch possible."
172,2026-07-29T20:33:06Z,KNYC,Thursday Night,2026-07-30T18:00:00-04:00,0,66.0,Chance Showers And Thunderstorms then Partly Cloudy,"A chance of showers and thunderstorms before 8pm. Partly cloudy. Low around 66, with temperatures rising to around 68 overnight. Northwest wind 2 to 7 mph. Chance of precipitation is 30%."
173,2026-07-29T20:33:06Z,KNYC,Friday,2026-07-31T06:00:00-04:00,1,82.0,Sunny,"Sunny, with a high near 82. Northwest wind around 1 mph."
174,2026-07-29T20:33:06Z,KNYC,Friday Night,2026-07-31T18:00:00-04:00,0,69.0,Partly Cloudy,"Partly cloudy, with a low around 69."
175,2026-07-29T20:33:06Z,KNYC,Saturday,2026-08-01T06:00:00-04:00,1,83.0,Partly Sunny,"Partly sunny, with a high near 83."
176,2026-07-29T20:33:06Z,KNYC,Saturday Night,2026-08-01T18:00:00-04:00,0,71.0,Mostly Cloudy,"Mostly cloudy, with a low around 71."
177,2026-07-29T20:33:06Z,KNYC,Sunday,2026-08-02T06:00:00-04:00,1,82.0,Slight Chance Rain Showers then Slight Chance Showers And Thunderstorms,"A slight chance of rain showers between 8am and 2pm, then a slight chance of showers and thunderstorms. Mostly cloudy, with a high near 82."
178,2026-07-29T20:33:06Z,KNYC,Sunday Night,2026-08-02T18:00:00-04:00,0,70.0,Slight Chance Showers And Thunderstorms then Chance Showers And Thunderstorms,"A slight chance of showers and thunderstorms before 8pm, then a chance of showers and thunderstorms. Mostly cloudy, with a low around 70. Chance of precipitation is 50%."
179,2026-07-29T20:33:06Z,KNYC,Monday,2026-08-03T06:00:00-04:00,1,83.0,Chance Rain Showers then Chance Showers And Thunderstorms,"A chance of rain showers before 2pm, then a chance of showers and thunderstorms. Mostly cloudy, with a high near 83. Chance of precipitation is 50%."
180,2026-07-29T20:33:06Z,KNYC,Monday Night,2026-08-03T18:00:00-04:00,0,70.0,Chance Showers And Thunderstorms,"A chance of showers and thunderstorms before 2am. Mostly cloudy, with a low around 70. Chance of precipitation is 40%."
181,2026-07-29T20:33:06Z,KNYC,Tuesday,2026-08-04T06:00:00-04:00,1,85.0,Sunny,"Sunny, with a high near 85."
182,2026-07-29T20:33:06Z,KNYC,Tuesday Night,2026-08-04T18:00:00-04:00,0,70.0,Mostly Clear,"Mostly clear, with a low around 70."
183,2026-07-29T20:33:06Z,KOKC,This Afternoon,2026-07-29T13:00:00-05:00,1,102.0,Mostly Sunny,"Mostly sunny, with a high near 102. Heat index values as high as 107. South southeast wind 7 to 10 mph."
184,2026-07-29T20:33:06Z,KOKC,Tonight,2026-07-29T18:00:00-05:00,0,76.0,Mostly Clear,"Mostly clear, with a low around 76. Heat index values as high as 105. South southeast wind around 12 mph."
185,2026-07-29T20:33:06Z,KOKC,Thursday,2026-07-30T06:00:00-05:00,1,101.0,Slight Chance Rain Showers then Mostly Sunny,"A slight chance of rain showers between 7am and 10am. Mostly sunny, with a high near 101. Heat index values as high as 106. South wind 8 to 14 mph, with gusts as high as 21 mph. Chance of precipitation is 20%."
186,2026-07-29T20:33:06Z,KOKC,Thursday Night,2026-07-30T18:00:00-05:00,0,76.0,Mostly Clear then Slight Chance Showers And Thunderstorms,"A slight chance of showers and thunderstorms after 1am. Mostly clear, with a low around 76. Heat index values as high as 106. South wind around 14 mph, with gusts as high as 21 mph. Chance of precipitation is 20%."
187,2026-07-29T20:33:06Z,KOKC,Friday,2026-07-31T06:00:00-05:00,1,100.0,Slight Chance Showers And Thunderstorms then Chance Showers And Thunderstorms,"A slight chance of showers and thunderstorms before 7am, then a chance of showers and thunderstorms between 7am and 1pm, then a slight chance of showers and thunderstorms. Partly sunny, with a high near 100. West southwest wind 10 to 14 mph, with gusts as high as 21 mph. Chance of precipitation is 40%."
188,2026-07-29T20:33:06Z,KOKC,Friday Night,2026-07-31T18:00:00-05:00,0,72.0,Slight Chance Showers And Thunderstorms then Mostly Clear,"A slight chance of showers and thunderstorms before 7pm. Mostly clear, with a low around 72. Chance of precipitation is 20%."
189,2026-07-29T20:33:06Z,KOKC,Saturday,2026-08-01T06:00:00-05:00,1,91.0,Sunny,"Sunny, with a high near 91."
190,2026-07-29T20:33:06Z,KOKC,Saturday Night,2026-08-01T18:00:00-05:00,0,67.0,Clear,"Clear, with a low around 67."
191,2026-07-29T20:33:06Z,KOKC,Sunday,2026-08-02T06:00:00-05:00,1,91.0,Sunny,"Sunny, with a high near 91."
192,2026-07-29T20:33:06Z,KOKC,Sunday Night,2026-08-02T18:00:00-05:00,0,68.0,Clear,"Clear, with a low around 68."
193,2026-07-29T20:33:06Z,KOKC,Monday,2026-08-03T06:00:00-05:00,1,94.0,Sunny,"Sunny, with a high near 94."
194,2026-07-29T20:33:06Z,KOKC,Monday Night,2026-08-03T18:00:00-05:00,0,71.0,Clear,"Clear, with a low around 71."
195,2026-07-29T20:33:06Z,KOKC,Tuesday,2026-08-04T06:00:00-05:00,1,96.0,Sunny,"Sunny, with a high near 96."
196,2026-07-29T20:33:06Z,KOKC,Tuesday Night,2026-08-04T18:00:00-05:00,0,73.0,Mostly Clear,"Mostly clear, with a low around 73."
197,2026-07-29T20:33:06Z,KPHL,This Afternoon,2026-07-29T16:00:00-04:00,1,84.0,Partly Sunny,"Partly sunny, with a high near 84. Northwest wind around 15 mph."
198,2026-07-29T20:33:06Z,KPHL,Tonight,2026-07-29T18:00:00-04:00,0,67.0,Mostly Cloudy,"Mostly cloudy, with a low around 67. Northwest wind 10 to 15 mph."
199,2026-07-29T20:33:06Z,KPHL,Thursday,2026-07-30T06:00:00-04:00,1,82.0,Partly Sunny,"Partly sunny, with a high near 82. Northwest wind 10 to 15 mph."
200,2026-07-29T20:33:06Z,KPHL,Thursday Night,2026-07-30T18:00:00-04:00,0,67.0,Mostly Clear,"Mostly clear, with a low around 67. Northwest wind 5 to 10 mph."
201,2026-07-29T20:33:06Z,KPHL,Friday,2026-07-31T06:00:00-04:00,1,86.0,Sunny,"Sunny, with a high near 86. Northwest wind 0 to 5 mph."
202,2026-07-29T20:33:06Z,KPHL,Friday Night,2026-07-31T18:00:00-04:00,0,68.0,Partly Cloudy,"Partly cloudy, with a low around 68."
203,2026-07-29T20:33:06Z,KPHL,Saturday,2026-08-01T06:00:00-04:00,1,87.0,Partly Sunny,"Partly sunny, with a high near 87."
204,2026-07-29T20:33:06Z,KPHL,Saturday Night,2026-08-01T18:00:00-04:00,0,70.0,Mostly Cloudy,"Mostly cloudy, with a low around 70."
205,2026-07-29T20:33:06Z,KPHL,Sunday,2026-08-02T06:00:00-04:00,1,84.0,Chance Showers And Thunderstorms,"A slight chance of rain showers between 8am and 2pm, then a chance of showers and thunderstorms. Mostly cloudy, with a high near 84. Chance of precipitation is 40%."
206,2026-07-29T20:33:06Z,KPHL,Sunday Night,2026-08-02T18:00:00-04:00,0,70.0,Chance Showers And Thunderstorms,"A chance of showers and thunderstorms. Mostly cloudy, with a low around 70. Chance of precipitation is 50%."
207,2026-07-29T20:33:06Z,KPHL,Monday,2026-08-03T06:00:00-04:00,1,85.0,Chance Showers And Thunderstorms,"A chance of rain showers before 8am, then a chance of showers and thunderstorms between 8am and 2pm, then a chance of showers and thunderstorms. Mostly cloudy, with a high near 85. Chance of precipitation is 40%."
208,2026-07-29T20:33:06Z,KPHL,Monday Night,2026-08-03T18:00:00-04:00,0,70.0,Chance Showers And Thunderstorms,"A chance of showers and thunderstorms before 2am. Partly cloudy, with a low around 70. Chance of precipitation is 40%."
209,2026-07-29T20:33:06Z,KPHL,Tuesday,2026-08-04T06:00:00-04:00,1,87.0,Mostly Sunny then Slight Chance Showers And Thunderstorms,"A slight chance of showers and thunderstorms after 2pm. Mostly sunny, with a high near 87."
210,2026-07-29T20:33:06Z,KPHL,Tuesday Night,2026-08-04T18:00:00-04:00,0,69.0,Slight Chance Showers And Thunderstorms then Partly Cloudy,"A slight chance of showers and thunderstorms before 8pm. Partly cloudy, with a low around 69."
211,2026-07-29T20:33:06Z,KPHX,This Afternoon,2026-07-29T13:00:00-07:00,1,111.0,Sunny,"Sunny. High near 111, with temperatures falling to around 109 in the afternoon. Heat index values as high as 110. West wind 5 to 10 mph."
212,2026-07-29T20:33:06Z,KPHX,Tonight,2026-07-29T18:00:00-07:00,0,90.0,Partly Cloudy,"Partly cloudy, with a low around 90. West wind 5 to 10 mph."
213,2026-07-29T20:33:06Z,KPHX,Thursday,2026-07-30T06:00:00-07:00,1,113.0,Sunny,"Sunny. High near 113, with temperatures falling to around 111 in the afternoon. Heat index values as high as 110. West southwest wind 5 to 10 mph."
214,2026-07-29T20:33:06Z,KPHX,Thursday Night,2026-07-30T18:00:00-07:00,0,89.0,Mostly Clear,"Mostly clear, with a low around 89. West southwest wind 5 to 10 mph."
215,2026-07-29T20:33:06Z,KPHX,Friday,2026-07-31T06:00:00-07:00,1,115.0,Sunny,"Sunny, with a high near 115. Southwest wind 5 to 15 mph, with gusts as high as 25 mph."
216,2026-07-29T20:33:06Z,KPHX,Friday Night,2026-07-31T18:00:00-07:00,0,91.0,Mostly Clear,"Mostly clear, with a low around 91. West southwest wind 5 to 15 mph."
217,2026-07-29T20:33:06Z,KPHX,Saturday,2026-08-01T06:00:00-07:00,1,115.0,Sunny,"Sunny, with a high near 115. South southwest wind 5 to 15 mph, with gusts as high as 25 mph."
218,2026-07-29T20:33:06Z,KPHX,Saturday Night,2026-08-01T18:00:00-07:00,0,91.0,Mostly Clear,"Mostly clear, with a low around 91. West southwest wind 0 to 10 mph."
219,2026-07-29T20:33:06Z,KPHX,Sunday,2026-08-02T06:00:00-07:00,1,114.0,Sunny,"Sunny, with a high near 114. West wind 0 to 10 mph."
220,2026-07-29T20:33:06Z,KPHX,Sunday Night,2026-08-02T18:00:00-07:00,0,92.0,Mostly Clear,"Mostly clear, with a low around 92. West wind 5 to 10 mph, with gusts as high as 25 mph."
221,2026-07-29T20:33:06Z,KPHX,Monday,2026-08-03T06:00:00-07:00,1,113.0,Sunny,"Sunny, with a high near 113. West wind 0 to 10 mph, with gusts as high as 25 mph."
222,2026-07-29T20:33:06Z,KPHX,Monday Night,2026-08-03T18:00:00-07:00,0,93.0,Partly Cloudy,"Partly cloudy, with a low around 93. Southwest wind 5 to 10 mph, with gusts as high as 25 mph."
223,2026-07-29T20:33:06Z,KPHX,Tuesday,2026-08-04T06:00:00-07:00,1,112.0,Mostly Sunny then Slight Chance Showers And Thunderstorms,"A slight chance of showers and thunderstorms after 5pm. Mostly sunny, with a high near 112. Southwest wind 5 to 10 mph, with gusts as high as 25 mph. Chance of precipitation is 20%."
224,2026-07-29T20:33:06Z,KPHX,Tuesday Night,2026-08-04T18:00:00-07:00,0,90.0,Slight Chance Showers And Thunderstorms,"A slight chance of showers and thunderstorms before 5am. Mostly cloudy, with a low around 90. Southwest wind 5 to 10 mph, with gusts as high as 25 mph. Chance of precipitation is 20%. New rainfall amounts less than a tenth of an inch possible."
225,2026-07-29T20:33:06Z,KSAT,This Afternoon,2026-07-29T15:00:00-05:00,1,99.0,Sunny,"Sunny, with a high near 99. Heat index values as high as 105. South southeast wind around 10 mph."
226,2026-07-29T20:33:06Z,KSAT,Tonight,2026-07-29T18:00:00-05:00,0,77.0,Partly Cloudy,"Partly cloudy, with a low around 77. Heat index values as high as 105. South southeast wind 5 to 15 mph, with gusts as high as 25 mph."
227,2026-07-29T20:33:06Z,KSAT,Thursday,2026-07-30T06:00:00-05:00,1,101.0,Mostly Sunny,"Mostly sunny, with a high near 101. Heat index values as high as 104. South wind 5 to 10 mph."
228,2026-07-29T20:33:06Z,KSAT,Thursday Night,2026-07-30T18:00:00-05:00,0,75.0,Mostly Clear,"Mostly clear, with a low around 75. Heat index values as high as 105. South southeast wind 5 to 15 mph, with gusts as high as 25 mph."
229,2026-07-29T20:33:06Z,KSAT,Friday,2026-07-31T06:00:00-05:00,1,99.0,Mostly Sunny,"Mostly sunny, with a high near 99. South wind around 5 mph."
230,2026-07-29T20:33:06Z,KSAT,Friday Night,2026-07-31T18:00:00-05:00,0,77.0,Mostly Clear,"Mostly clear, with a low around 77. South wind 5 to 10 mph, with gusts as high as 20 mph."
231,2026-07-29T20:33:06Z,KSAT,Saturday,2026-08-01T06:00:00-05:00,1,100.0,Mostly Sunny,"Mostly sunny, with a high near 100. South wind around 5 mph."
232,2026-07-29T20:33:06Z,KSAT,Saturday Night,2026-08-01T18:00:00-05:00,0,79.0,Partly Cloudy,"Partly cloudy, with a low around 79. Southeast wind around 5 mph."
233,2026-07-29T20:33:06Z,KSAT,Sunday,2026-08-02T06:00:00-05:00,1,97.0,Slight Chance Showers And Thunderstorms,"A slight chance of showers and thunderstorms after 7am. Mostly sunny, with a high near 97. North northeast wind around 5 mph. Chance of precipitation is 20%."
234,2026-07-29T20:33:06Z,KSAT,Sunday Night,2026-08-02T18:00:00-05:00,0,77.0,Slight Chance Showers And Thunderstorms then Mostly Clear,"A slight chance of showers and thunderstorms before 7pm. Mostly clear, with a low around 77. Chance of precipitation is 20%."
235,2026-07-29T20:33:06Z,KSAT,Monday,2026-08-03T06:00:00-05:00,1,98.0,Sunny,"Sunny, with a high near 98."
236,2026-07-29T20:33:06Z,KSAT,Monday Night,2026-08-03T18:00:00-05:00,0,78.0,Mostly Clear,"Mostly clear, with a low around 78."
237,2026-07-29T20:33:06Z,KSAT,Tuesday,2026-08-04T06:00:00-05:00,1,98.0,Mostly Sunny,"Mostly sunny, with a high near 98."
238,2026-07-29T20:33:06Z,KSAT,Tuesday Night,2026-08-04T18:00:00-05:00,0,77.0,Mostly Clear,"Mostly clear, with a low around 77."
239,2026-07-29T20:33:06Z,KSFO,This Afternoon,2026-07-29T12:00:00-07:00,1,72.0,Sunny,"Sunny. High near 72, with temperatures falling to around 70 in the afternoon. West wind 16 to 23 mph, with gusts as high as 29 mph."
240,2026-07-29T20:33:06Z,KSFO,Tonight,2026-07-29T18:00:00-07:00,0,57.0,Mostly Clear,"Mostly clear, with a low around 57. West wind 12 to 21 mph, with gusts as high as 28 mph."
241,2026-07-29T20:33:06Z,KSFO,Thursday,2026-07-30T06:00:00-07:00,1,72.0,Sunny,"Sunny, with a high near 72. West southwest wind 10 to 22 mph, with gusts as high as 28 mph."
242,2026-07-29T20:33:06Z,KSFO,Thursday Night,2026-07-30T18:00:00-07:00,0,57.0,Mostly Clear,"Mostly clear, with a low around 57. West wind 9 to 21 mph, with gusts as high as 26 mph."
243,2026-07-29T20:33:06Z,KSFO,Friday,2026-07-31T06:00:00-07:00,1,76.0,Sunny,"Sunny, with a high near 76. West wind 8 to 21 mph, with gusts as high as 25 mph."
244,2026-07-29T20:33:06Z,KSFO,Friday Night,2026-07-31T18:00:00-07:00,0,58.0,Mostly Clear,"Mostly clear, with a low around 58."
245,2026-07-29T20:33:06Z,KSFO,Saturday,2026-08-01T06:00:00-07:00,1,77.0,Sunny,"Sunny, with a high near 77."
246,2026-07-29T20:33:06Z,KSFO,Saturday Night,2026-08-01T18:00:00-07:00,0,57.0,Mostly Clear,"Mostly clear, with a low around 57."
247,2026-07-29T20:33:06Z,KSFO,Sunday,2026-08-02T06:00:00-07:00,1,76.0,Sunny,"Sunny, with a high near 76."
248,2026-07-29T20:33:06Z,KSFO,Sunday Night,2026-08-02T18:00:00-07:00,0,57.0,Mostly Clear,"Mostly clear, with a low around 57."
249,2026-07-29T20:33:06Z,KSFO,Monday,2026-08-03T06:00:00-07:00,1,78.0,Sunny,"Sunny, with a high near 78."
250,2026-07-29T20:33:06Z,KSFO,Monday Night,2026-08-03T18:00:00-07:00,0,57.0,Mostly Clear,"Mostly clear, with a low around 57."
251,2026-07-29T20:33:06Z,KSFO,Tuesday,2026-08-04T06:00:00-07:00,1,76.0,Sunny,"Sunny, with a high near 76."
252,2026-07-29T20:33:06Z,KSFO,Tuesday Night,2026-08-04T18:00:00-07:00,0,58.0,Mostly Clear,"Mostly clear, with a low around 58."
253,2026-07-29T20:33:06Z,KSEA,This Afternoon,2026-07-29T12:00:00-07:00,1,76.0,Sunny,"Sunny, with a high near 76. Northwest wind around 7 mph."
254,2026-07-29T20:33:06Z,KSEA,Tonight,2026-07-29T18:00:00-07:00,0,54.0,Mostly Clear,"Mostly clear, with a low around 54. North northwest wind 3 to 8 mph."
255,2026-07-29T20:33:06Z,KSEA,Thursday,2026-07-30T06:00:00-07:00,1,76.0,Sunny,"Sunny, with a high near 76. South southwest wind around 7 mph."
256,2026-07-29T20:33:06Z,KSEA,Thursday Night,2026-07-30T18:00:00-07:00,0,54.0,Mostly Clear,"Mostly clear, with a low around 54. Southwest wind 0 to 6 mph."
257,2026-07-29T20:33:06Z,KSEA,Friday,2026-07-31T06:00:00-07:00,1,82.0,Sunny,"Sunny, with a high near 82. West wind 0 to 6 mph."
258,2026-07-29T20:33:06Z,KSEA,Friday Night,2026-07-31T18:00:00-07:00,0,59.0,Mostly Clear,"Mostly clear, with a low around 59."
259,2026-07-29T20:33:06Z,KSEA,Saturday,2026-08-01T06:00:00-07:00,1,72.0,Chance Light Rain,"A chance of rain between 11am and 5pm. Partly sunny, with a high near 72."
260,2026-07-29T20:33:06Z,KSEA,Saturday Night,2026-08-01T18:00:00-07:00,0,54.0,Partly Cloudy,"Partly cloudy, with a low around 54."
261,2026-07-29T20:33:06Z,KSEA,Sunday,2026-08-02T06:00:00-07:00,1,71.0,Mostly Sunny,"Mostly sunny, with a high near 71."
262,2026-07-29T20:33:06Z,KSEA,Sunday Night,2026-08-02T18:00:00-07:00,0,53.0,Mostly Clear,"Mostly clear, with a low around 53."
263,2026-07-29T20:33:06Z,KSEA,Monday,2026-08-03T06:00:00-07:00,1,75.0,Sunny,"Sunny, with a high near 75."
264,2026-07-29T20:33:06Z,KSEA,Monday Night,2026-08-03T18:00:00-07:00,0,57.0,Mostly Clear,"Mostly clear, with a low around 57."
265,2026-07-29T20:33:06Z,KSEA,Tuesday,2026-08-04T06:00:00-07:00,1,82.0,Sunny,"Sunny, with a high near 82."
266,2026-07-29T20:33:06Z,KSEA,Tuesday Night,2026-08-04T18:00:00-07:00,0,59.0,Mostly Clear,"Mostly clear, with a low around 59."
267,2026-07-29T20:33:06Z,KDCA,This Afternoon,2026-07-29T16:00:00-04:00,1,85.0,Partly Sunny,"Partly sunny, with a high near 85. Northwest wind around 17 mph, with gusts as high as 28 mph."
268,2026-07-29T20:33:06Z,KDCA,Tonight,2026-07-29T18:00:00-04:00,0,70.0,Partly Cloudy,"Partly cloudy, with a low around 70. Northwest wind 13 to 17 mph, with gusts as high as 26 mph."
269,2026-07-29T20:33:06Z,KDCA,Thursday,2026-07-30T06:00:00-04:00,1,87.0,Mostly Sunny,"Mostly sunny, with a high near 87. Northwest wind around 14 mph, with gusts as high as 22 mph."
270,2026-07-29T20:33:06Z,KDCA,Thursday Night,2026-07-30T18:00:00-04:00,0,71.0,Partly Cloudy,"Partly cloudy, with a low around 71. Northwest wind 7 to 13 mph, with gusts as high as 18 mph."
271,2026-07-29T20:33:06Z,KDCA,Friday,2026-07-31T06:00:00-04:00,1,89.0,Sunny,"Sunny, with a high near 89. Northwest wind around 7 mph."
272,2026-07-29T20:33:06Z,KDCA,Friday Night,2026-07-31T18:00:00-04:00,0,72.0,Partly Cloudy,"Partly cloudy, with a low around 72."
273,2026-07-29T20:33:06Z,KDCA,Saturday,2026-08-01T06:00:00-04:00,1,90.0,Partly Sunny,"Partly sunny, with a high near 90."
274,2026-07-29T20:33:06Z,KDCA,Saturday Night,2026-08-01T18:00:00-04:00,0,73.0,Slight Chance Showers And Thunderstorms,"A slight chance of showers and thunderstorms after 8pm. Mostly cloudy, with a low around 73. Chance of precipitation is 20%."
275,2026-07-29T20:33:06Z,KDCA,Sunday,2026-08-02T06:00:00-04:00,1,86.0,Chance Rain Showers then Chance Showers And Thunderstorms,"A chance of rain showers before 2pm, then a chance of showers and thunderstorms. Mostly cloudy, with a high near 86. Chance of precipitation is 50%."
276,2026-07-29T20:33:06Z,KDCA,Sunday Night,2026-08-02T18:00:00-04:00,0,73.0,Chance Showers And Thunderstorms then Showers And Thunderstorms Likely,"A chance of showers and thunderstorms before 8pm, then showers and thunderstorms likely. Mostly cloudy, with a low around 73. Chance of precipitation is 60%."
277,2026-07-29T20:33:06Z,KDCA,Monday,2026-08-03T06:00:00-04:00,1,84.0,Chance Rain Showers then Chance Showers And Thunderstorms,"A chance of rain showers before 2pm, then a chance of showers and thunderstorms. Mostly cloudy, with a high near 84. Chance of precipitation is 50%."
278,2026-07-29T20:33:06Z,KDCA,Monday Night,2026-08-03T18:00:00-04:00,0,73.0,Chance Showers And Thunderstorms,"A chance of showers and thunderstorms before 8pm, then a chance of showers and thunderstorms between 8pm and 2am. Mostly cloudy, with a low around 73. Chance of precipitation is 50%."
279,2026-07-29T20:33:06Z,KDCA,Tuesday,2026-08-04T06:00:00-04:00,1,87.0,Mostly Sunny then Slight Chance Showers And Thunderstorms,"A slight chance of showers and thunderstorms after 2pm. Mostly sunny, with a high near 87. Chance of precipitation is 20%."
280,2026-07-29T20:33:06Z,KDCA,Tuesday Night,2026-08-04T18:00:00-04:00,0,72.0,Slight Chance Showers And Thunderstorms,"A slight chance of showers and thunderstorms before 2am. Partly cloudy, with a low around 72."
1,2026-07-29T21:29:34Z,KATL,This Afternoon,2026-07-29T16:00:00-04:00,1,93.0,Sunny,"Sunny, with a high near 93. Northwest wind around 10 mph, with gusts as high as 20 mph."
2,2026-07-29T21:29:34Z,KATL,Tonight,2026-07-29T18:00:00-04:00,0,72.0,Clear,"Clear, with a low around 72. North wind 0 to 10 mph, with gusts as high as 20 mph."
3,2026-07-29T21:29:34Z,KATL,Thursday,2026-07-30T06:00:00-04:00,1,91.0,Sunny,"Sunny, with a high near 91. North wind 0 to 10 mph."
4,2026-07-29T21:29:34Z,KATL,Thursday Night,2026-07-30T18:00:00-04:00,0,68.0,Mostly Clear,"Mostly clear, with a low around 68. North wind 0 to 10 mph, with gusts as high as 20 mph."
5,2026-07-29T21:29:34Z,KATL,Friday,2026-07-31T06:00:00-04:00,1,92.0,Sunny,"Sunny, with a high near 92. North wind 0 to 5 mph."
6,2026-07-29T21:29:34Z,KATL,Friday Night,2026-07-31T18:00:00-04:00,0,73.0,Partly Cloudy,"Partly cloudy, with a low around 73."
7,2026-07-29T21:29:34Z,KATL,Saturday,2026-08-01T06:00:00-04:00,1,89.0,Showers And Thunderstorms Likely,"A chance of rain showers between 8am and 11am, then showers and thunderstorms likely. Mostly cloudy, with a high near 89. Chance of precipitation is 60%."
8,2026-07-29T21:29:34Z,KATL,Saturday Night,2026-08-01T18:00:00-04:00,0,72.0,Showers And Thunderstorms,"Showers and thunderstorms. Mostly cloudy, with a low around 72. Chance of precipitation is 80%."
9,2026-07-29T21:29:34Z,KATL,Sunday,2026-08-02T06:00:00-04:00,1,85.0,Showers And Thunderstorms,"Showers and thunderstorms. Mostly cloudy, with a high near 85. Chance of precipitation is 90%."
10,2026-07-29T21:29:34Z,KATL,Sunday Night,2026-08-02T18:00:00-04:00,0,72.0,Showers And Thunderstorms then Chance Showers And Thunderstorms,"Showers and thunderstorms before 8pm, then a chance of showers and thunderstorms. Mostly cloudy, with a low around 72. Chance of precipitation is 90%."
11,2026-07-29T21:29:34Z,KATL,Monday,2026-08-03T06:00:00-04:00,1,86.0,Showers And Thunderstorms Likely,"A chance of rain showers before 2pm, then showers and thunderstorms likely. Mostly cloudy, with a high near 86. Chance of precipitation is 70%."
12,2026-07-29T21:29:34Z,KATL,Monday Night,2026-08-03T18:00:00-04:00,0,73.0,Showers And Thunderstorms Likely,"Showers and thunderstorms likely before 2am. Mostly cloudy, with a low around 73. Chance of precipitation is 70%."
13,2026-07-29T21:29:34Z,KATL,Tuesday,2026-08-04T06:00:00-04:00,1,87.0,Chance Rain Showers then Chance Showers And Thunderstorms,"A chance of rain showers between 8am and 2pm, then a chance of showers and thunderstorms. Partly sunny, with a high near 87. Chance of precipitation is 50%."
14,2026-07-29T21:29:34Z,KATL,Tuesday Night,2026-08-04T18:00:00-04:00,0,73.0,Chance Showers And Thunderstorms,"A chance of showers and thunderstorms before 2am. Mostly cloudy, with a low around 73."
15,2026-07-29T21:29:34Z,KAUS,This Afternoon,2026-07-29T15:00:00-05:00,1,99.0,Sunny,"Sunny, with a high near 99. Heat index values as high as 106. South southwest wind 5 to 10 mph."
16,2026-07-29T21:29:34Z,KAUS,Tonight,2026-07-29T18:00:00-05:00,0,77.0,Mostly Clear,"Mostly clear, with a low around 77. Heat index values as high as 103. South wind 5 to 10 mph, with gusts as high as 20 mph."
17,2026-07-29T21:29:34Z,KAUS,Thursday,2026-07-30T06:00:00-05:00,1,100.0,Mostly Sunny,"Mostly sunny, with a high near 100. Heat index values as high as 104. South southwest wind 5 to 10 mph."
18,2026-07-29T21:29:34Z,KAUS,Thursday Night,2026-07-30T18:00:00-05:00,0,76.0,Mostly Clear,"Mostly clear, with a low around 76. Heat index values as high as 105. South wind 5 to 10 mph, with gusts as high as 20 mph."
19,2026-07-29T21:29:34Z,KAUS,Friday,2026-07-31T06:00:00-05:00,1,100.0,Mostly Sunny,"Mostly sunny, with a high near 100. South southwest wind 5 to 10 mph."
20,2026-07-29T21:29:34Z,KAUS,Friday Night,2026-07-31T18:00:00-05:00,0,77.0,Mostly Clear,"Mostly clear, with a low around 77. South wind 5 to 10 mph, with gusts as high as 20 mph."
21,2026-07-29T21:29:34Z,KAUS,Saturday,2026-08-01T06:00:00-05:00,1,100.0,Mostly Sunny,"Mostly sunny, with a high near 100. West wind around 5 mph."
22,2026-07-29T21:29:34Z,KAUS,Saturday Night,2026-08-01T18:00:00-05:00,0,78.0,Partly Cloudy then Slight Chance Showers And Thunderstorms,"A slight chance of showers and thunderstorms after 1am. Partly cloudy, with a low around 78. Southwest wind 0 to 5 mph. Chance of precipitation is 20%."
23,2026-07-29T21:29:34Z,KAUS,Sunday,2026-08-02T06:00:00-05:00,1,97.0,Slight Chance Showers And Thunderstorms then Mostly Sunny,"A slight chance of showers and thunderstorms before 7am. Mostly sunny, with a high near 97. North northwest wind around 5 mph. Chance of precipitation is 20%."
24,2026-07-29T21:29:34Z,KAUS,Sunday Night,2026-08-02T18:00:00-05:00,0,76.0,Mostly Clear,"Mostly clear, with a low around 76."
25,2026-07-29T21:29:34Z,KAUS,Monday,2026-08-03T06:00:00-05:00,1,98.0,Sunny,"Sunny, with a high near 98."
26,2026-07-29T21:29:34Z,KAUS,Monday Night,2026-08-03T18:00:00-05:00,0,78.0,Mostly Clear,"Mostly clear, with a low around 78."
27,2026-07-29T21:29:34Z,KAUS,Tuesday,2026-08-04T06:00:00-05:00,1,98.0,Sunny,"Sunny, with a high near 98."
28,2026-07-29T21:29:34Z,KAUS,Tuesday Night,2026-08-04T18:00:00-05:00,0,77.0,Mostly Clear,"Mostly clear, with a low around 77."
29,2026-07-29T21:29:34Z,KBOS,This Afternoon,2026-07-29T15:00:00-04:00,1,72.0,Patchy Fog,"Patchy fog and showers and thunderstorms before 5pm, then patchy fog and showers and thunderstorms. Some of the storms could produce heavy rain. Cloudy, with a high near 72. East wind around 17 mph, with gusts as high as 28 mph. Chance of precipitation is 90%. New rainfall amounts between a half and three quarters of an inch possible."
30,2026-07-29T21:29:34Z,KBOS,Tonight,2026-07-29T18:00:00-04:00,0,64.0,Patchy Fog,"Patchy fog and showers and thunderstorms. Some of the storms could produce heavy rain. Cloudy, with a low around 64. East wind 9 to 17 mph, with gusts as high as 29 mph. Chance of precipitation is 90%. New rainfall amounts between three quarters and one inch possible."
31,2026-07-29T21:29:34Z,KBOS,Thursday,2026-07-30T06:00:00-04:00,1,69.0,Rain Showers Likely,"Rain showers likely and patchy fog before 2pm, then patchy fog and a chance of showers and thunderstorms. Cloudy, with a high near 69. Northeast wind 9 to 14 mph. Chance of precipitation is 60%. New rainfall amounts less than a tenth of an inch possible."
32,2026-07-29T21:29:34Z,KBOS,Thursday Night,2026-07-30T18:00:00-04:00,0,63.0,Chance Rain Showers then Patchy Fog,"A chance of rain showers and patchy fog before 9pm, then patchy fog and a slight chance of rain showers between 9pm and 4am. Cloudy, with a low around 63. North wind 6 to 10 mph. Chance of precipitation is 40%."
33,2026-07-29T21:29:34Z,KBOS,Friday,2026-07-31T06:00:00-04:00,1,75.0,Partly Sunny then Slight Chance Rain Showers,"A slight chance of rain showers after 3pm. Partly sunny, with a high near 75. Northeast wind around 6 mph. Chance of precipitation is 20%."
34,2026-07-29T21:29:34Z,KBOS,Friday Night,2026-07-31T18:00:00-04:00,0,65.0,Slight Chance Rain Showers then Partly Cloudy,"A slight chance of rain showers before 7pm. Partly cloudy, with a low around 65. South wind around 5 mph. Chance of precipitation is 20%."
35,2026-07-29T21:29:34Z,KBOS,Saturday,2026-08-01T06:00:00-04:00,1,80.0,Mostly Sunny,"Mostly sunny, with a high near 80. South wind 2 to 7 mph."
36,2026-07-29T21:29:34Z,KBOS,Saturday Night,2026-08-01T18:00:00-04:00,0,68.0,Mostly Cloudy,"Mostly cloudy, with a low around 68. South wind around 7 mph."
37,2026-07-29T21:29:34Z,KBOS,Sunday,2026-08-02T06:00:00-04:00,1,79.0,Partly Sunny then Slight Chance Rain Showers,"A slight chance of rain showers after 5pm. Partly sunny, with a high near 79. South wind 6 to 10 mph."
38,2026-07-29T21:29:34Z,KBOS,Sunday Night,2026-08-02T18:00:00-04:00,0,68.0,Slight Chance Showers And Thunderstorms then Chance Showers And Thunderstorms,"A slight chance of rain showers before 8pm, then a slight chance of showers and thunderstorms between 8pm and 11pm, then a chance of showers and thunderstorms. Mostly cloudy, with a low around 68. South wind 6 to 9 mph. Chance of precipitation is 40%."
39,2026-07-29T21:29:34Z,KBOS,Monday,2026-08-03T06:00:00-04:00,1,78.0,Chance Showers And Thunderstorms,"A chance of showers and thunderstorms. Partly sunny, with a high near 78. Southwest wind around 7 mph. Chance of precipitation is 40%."
40,2026-07-29T21:29:34Z,KBOS,Monday Night,2026-08-03T18:00:00-04:00,0,66.0,Chance Showers And Thunderstorms then Partly Cloudy,"A chance of showers and thunderstorms before 8pm. Partly cloudy, with a low around 66. West wind around 6 mph. Chance of precipitation is 30%."
41,2026-07-29T21:29:34Z,KBOS,Tuesday,2026-08-04T06:00:00-04:00,1,78.0,Sunny,"Sunny, with a high near 78. West wind around 6 mph."
42,2026-07-29T21:29:34Z,KBOS,Tuesday Night,2026-08-04T18:00:00-04:00,0,67.0,Mostly Clear,"Mostly clear, with a low around 67. West wind around 6 mph."
43,2026-07-29T21:29:34Z,KMDW,This Afternoon,2026-07-29T15:00:00-05:00,1,80.0,Sunny,"Sunny. High near 80, with temperatures falling to around 78 in the afternoon. Northeast wind around 10 mph."
44,2026-07-29T21:29:34Z,KMDW,Tonight,2026-07-29T18:00:00-05:00,0,64.0,Mostly Clear,"Mostly clear, with a low around 64. North northwest wind 0 to 10 mph."
45,2026-07-29T21:29:34Z,KMDW,Thursday,2026-07-30T06:00:00-05:00,1,86.0,Sunny,"Sunny, with a high near 86. Southwest wind 0 to 5 mph."
46,2026-07-29T21:29:34Z,KMDW,Thursday Night,2026-07-30T18:00:00-05:00,0,68.0,Mostly Cloudy,"Mostly cloudy, with a low around 68. South southwest wind around 5 mph."
47,2026-07-29T21:29:34Z,KMDW,Friday,2026-07-31T06:00:00-05:00,1,80.0,Showers And Thunderstorms Likely,"A chance of rain showers between 10am and 4pm, then showers and thunderstorms likely. Mostly cloudy, with a high near 80. South wind 5 to 10 mph, with gusts as high as 20 mph. Chance of precipitation is 70%."
48,2026-07-29T21:29:34Z,KMDW,Friday Night,2026-07-31T18:00:00-05:00,0,66.0,Showers And Thunderstorms,"Showers and thunderstorms. Cloudy, with a low around 66. Chance of precipitation is 90%."
49,2026-07-29T21:29:34Z,KMDW,Saturday,2026-08-01T06:00:00-05:00,1,75.0,Showers And Thunderstorms Likely,"Rain showers likely before 7am, then showers and thunderstorms likely. Mostly cloudy, with a high near 75."
50,2026-07-29T21:29:34Z,KMDW,Saturday Night,2026-08-01T18:00:00-05:00,0,66.0,Chance Showers And Thunderstorms,"A chance of showers and thunderstorms before 1am. Partly cloudy, with a low around 66."
51,2026-07-29T21:29:34Z,KMDW,Sunday,2026-08-02T06:00:00-05:00,1,76.0,Mostly Sunny,"Mostly sunny, with a high near 76."
52,2026-07-29T21:29:34Z,KMDW,Sunday Night,2026-08-02T18:00:00-05:00,0,65.0,Partly Cloudy,"Partly cloudy, with a low around 65."
53,2026-07-29T21:29:34Z,KMDW,Monday,2026-08-03T06:00:00-05:00,1,79.0,Sunny,"Sunny, with a high near 79."
54,2026-07-29T21:29:34Z,KMDW,Monday Night,2026-08-03T18:00:00-05:00,0,68.0,Mostly Clear,"Mostly clear, with a low around 68."
55,2026-07-29T21:29:34Z,KMDW,Tuesday,2026-08-04T06:00:00-05:00,1,83.0,Sunny,"Sunny, with a high near 83."
56,2026-07-29T21:29:34Z,KMDW,Tuesday Night,2026-08-04T18:00:00-05:00,0,70.0,Partly Cloudy then Slight Chance Showers And Thunderstorms,"A slight chance of showers and thunderstorms after 1am. Partly cloudy, with a low around 70."
57,2026-07-29T21:29:34Z,KDFW,This Afternoon,2026-07-29T15:00:00-05:00,1,100.0,Mostly Sunny,"Mostly sunny, with a high near 100. Heat index values as high as 104. South southeast wind around 5 mph."
58,2026-07-29T21:29:34Z,KDFW,Tonight,2026-07-29T18:00:00-05:00,0,80.0,Partly Cloudy,"Partly cloudy, with a low around 80. Heat index values as high as 102. South wind 5 to 10 mph."
59,2026-07-29T21:29:34Z,KDFW,Thursday,2026-07-30T06:00:00-05:00,1,102.0,Sunny,"Sunny, with a high near 102. Heat index values as high as 109. South southwest wind 5 to 10 mph."
60,2026-07-29T21:29:34Z,KDFW,Thursday Night,2026-07-30T18:00:00-05:00,0,80.0,Mostly Clear,"Mostly clear. Low around 80, with temperatures rising to around 82 overnight. Heat index values as high as 106. South wind around 10 mph."
61,2026-07-29T21:29:34Z,KDFW,Friday,2026-07-31T06:00:00-05:00,1,104.0,Sunny,"Sunny, with a high near 104. South southwest wind around 10 mph."
62,2026-07-29T21:29:34Z,KDFW,Friday Night,2026-07-31T18:00:00-05:00,0,80.0,Partly Cloudy,"Partly cloudy. Low around 80, with temperatures rising to around 82 overnight. Southwest wind around 10 mph."
63,2026-07-29T21:29:34Z,KDFW,Saturday,2026-08-01T06:00:00-05:00,1,98.0,Slight Chance Showers And Thunderstorms,"A slight chance of showers and thunderstorms between 7am and 1pm. Sunny, with a high near 98. Northwest wind around 10 mph, with gusts as high as 20 mph. Chance of precipitation is 20%."
64,2026-07-29T21:29:34Z,KDFW,Saturday Night,2026-08-01T18:00:00-05:00,0,76.0,Mostly Clear,"Mostly clear, with a low around 76. North northeast wind 5 to 15 mph."
65,2026-07-29T21:29:34Z,KDFW,Sunday,2026-08-02T06:00:00-05:00,1,96.0,Sunny,"Sunny, with a high near 96. North northeast wind 5 to 10 mph."
66,2026-07-29T21:29:34Z,KDFW,Sunday Night,2026-08-02T18:00:00-05:00,0,76.0,Clear,"Clear, with a low around 76."
67,2026-07-29T21:29:34Z,KDFW,Monday,2026-08-03T06:00:00-05:00,1,98.0,Sunny,"Sunny, with a high near 98."
68,2026-07-29T21:29:34Z,KDFW,Monday Night,2026-08-03T18:00:00-05:00,0,78.0,Clear,"Clear, with a low around 78."
69,2026-07-29T21:29:34Z,KDFW,Tuesday,2026-08-04T06:00:00-05:00,1,100.0,Sunny,"Sunny, with a high near 100."
70,2026-07-29T21:29:34Z,KDFW,Tuesday Night,2026-08-04T18:00:00-05:00,0,79.0,Mostly Clear,"Mostly clear, with a low around 79."
71,2026-07-29T21:29:34Z,KDEN,This Afternoon,2026-07-29T13:00:00-06:00,1,91.0,Chance Showers And Thunderstorms,"A chance of showers and thunderstorms between 2pm and 4pm, then showers and thunderstorms likely. Partly sunny. High near 91, with temperatures falling to around 83 in the afternoon. Southeast wind around 8 mph. Chance of precipitation is 70%. New rainfall amounts between a tenth and quarter of an inch possible."
72,2026-07-29T21:29:34Z,KDEN,Tonight,2026-07-29T18:00:00-06:00,0,62.0,Showers And Thunderstorms Likely then Mostly Cloudy,"Showers and thunderstorms likely before midnight. Mostly cloudy. Low around 62, with temperatures rising to around 67 overnight. South southwest wind 6 to 10 mph, with gusts as high as 16 mph. Chance of precipitation is 60%. New rainfall amounts less than a tenth of an inch possible."
73,2026-07-29T21:29:34Z,KDEN,Thursday,2026-07-30T06:00:00-06:00,1,93.0,Mostly Sunny then Slight Chance Showers And Thunderstorms,"A slight chance of showers and thunderstorms after 5pm. Mostly sunny. High near 93, with temperatures falling to around 89 in the afternoon. Northwest wind 5 to 10 mph, with gusts as high as 16 mph. Chance of precipitation is 20%."
74,2026-07-29T21:29:34Z,KDEN,Thursday Night,2026-07-30T18:00:00-06:00,0,64.0,Slight Chance Showers And Thunderstorms then Partly Cloudy,"A slight chance of showers and thunderstorms before 9pm. Partly cloudy, with a low around 64. West wind 6 to 10 mph, with gusts as high as 16 mph. Chance of precipitation is 20%."
75,2026-07-29T21:29:34Z,KDEN,Friday,2026-07-31T06:00:00-06:00,1,90.0,Mostly Sunny then Chance Showers And Thunderstorms,"A chance of showers and thunderstorms between noon and 3pm, then a chance of showers and thunderstorms. Mostly sunny, with a high near 90. Northeast wind 3 to 8 mph. Chance of precipitation is 30%."
76,2026-07-29T21:29:34Z,KDEN,Friday Night,2026-07-31T18:00:00-06:00,0,62.0,Chance Showers And Thunderstorms then Mostly Clear,"A chance of showers and thunderstorms before 9pm, then a chance of showers and thunderstorms between 9pm and midnight. Mostly clear, with a low around 62. Chance of precipitation is 30%."
77,2026-07-29T21:29:34Z,KDEN,Saturday,2026-08-01T06:00:00-06:00,1,94.0,Sunny,"Sunny, with a high near 94."
78,2026-07-29T21:29:34Z,KDEN,Saturday Night,2026-08-01T18:00:00-06:00,0,63.0,Mostly Clear,"Mostly clear, with a low around 63."
79,2026-07-29T21:29:34Z,KDEN,Sunday,2026-08-02T06:00:00-06:00,1,100.0,Sunny,"Sunny, with a high near 100."
80,2026-07-29T21:29:34Z,KDEN,Sunday Night,2026-08-02T18:00:00-06:00,0,67.0,Mostly Clear,"Mostly clear, with a low around 67."
81,2026-07-29T21:29:34Z,KDEN,Monday,2026-08-03T06:00:00-06:00,1,99.0,Sunny,"Sunny, with a high near 99."
82,2026-07-29T21:29:34Z,KDEN,Monday Night,2026-08-03T18:00:00-06:00,0,66.0,Chance Showers And Thunderstorms then Partly Cloudy,"A chance of showers and thunderstorms before midnight. Partly cloudy, with a low around 66."
83,2026-07-29T21:29:34Z,KDEN,Tuesday,2026-08-04T06:00:00-06:00,1,88.0,Mostly Sunny then Slight Chance Showers And Thunderstorms,"A slight chance of showers and thunderstorms after noon. Mostly sunny, with a high near 88."
84,2026-07-29T21:29:34Z,KDEN,Tuesday Night,2026-08-04T18:00:00-06:00,0,62.0,Slight Chance Showers And Thunderstorms then Partly Cloudy,"A slight chance of showers and thunderstorms before midnight. Partly cloudy, with a low around 62."
85,2026-07-29T21:29:34Z,KIAH,This Afternoon,2026-07-29T16:00:00-05:00,1,99.0,Mostly Sunny,"Mostly sunny, with a high near 99. Heat index values as high as 109. South wind around 5 mph."
86,2026-07-29T21:29:34Z,KIAH,Tonight,2026-07-29T18:00:00-05:00,0,78.0,Slight Chance Rain Showers then Partly Cloudy,"A slight chance of rain showers before 9pm. Partly cloudy, with a low around 78. Heat index values as high as 106. South wind 5 to 10 mph. Chance of precipitation is 20%."
87,2026-07-29T21:29:34Z,KIAH,Thursday,2026-07-30T06:00:00-05:00,1,99.0,Mostly Sunny then Slight Chance Rain Showers,"A slight chance of rain showers after 4pm. Mostly sunny, with a high near 99. Heat index values as high as 107. Southwest wind around 5 mph. Chance of precipitation is 20%."
88,2026-07-29T21:29:34Z,KIAH,Thursday Night,2026-07-30T18:00:00-05:00,0,78.0,Slight Chance Rain Showers then Partly Cloudy,"A slight chance of rain showers before 7pm. Partly cloudy, with a low around 78. Heat index values as high as 106. South wind 5 to 10 mph. Chance of precipitation is 20%."
89,2026-07-29T21:29:34Z,KIAH,Friday,2026-07-31T06:00:00-05:00,1,99.0,Mostly Sunny,"Mostly sunny, with a high near 99. Southwest wind around 5 mph."
90,2026-07-29T21:29:34Z,KIAH,Friday Night,2026-07-31T18:00:00-05:00,0,79.0,Mostly Clear,"Mostly clear, with a low around 79."
91,2026-07-29T21:29:34Z,KIAH,Saturday,2026-08-01T06:00:00-05:00,1,100.0,Mostly Sunny,"Mostly sunny, with a high near 100."
92,2026-07-29T21:29:34Z,KIAH,Saturday Night,2026-08-01T18:00:00-05:00,0,80.0,Partly Cloudy then Slight Chance Showers And Thunderstorms,"A slight chance of showers and thunderstorms after 1am. Partly cloudy, with a low around 80. Chance of precipitation is 20%."
93,2026-07-29T21:29:34Z,KIAH,Sunday,2026-08-02T06:00:00-05:00,1,96.0,Slight Chance Showers And Thunderstorms,"A slight chance of showers and thunderstorms. Mostly sunny, with a high near 96. Chance of precipitation is 20%."
94,2026-07-29T21:29:34Z,KIAH,Sunday Night,2026-08-02T18:00:00-05:00,0,78.0,Slight Chance Showers And Thunderstorms then Mostly Clear,"A slight chance of showers and thunderstorms before 7pm. Mostly clear, with a low around 78. Chance of precipitation is 20%."
95,2026-07-29T21:29:34Z,KIAH,Monday,2026-08-03T06:00:00-05:00,1,97.0,Sunny,"Sunny, with a high near 97."
96,2026-07-29T21:29:34Z,KIAH,Monday Night,2026-08-03T18:00:00-05:00,0,78.0,Mostly Clear,"Mostly clear, with a low around 78."
97,2026-07-29T21:29:34Z,KIAH,Tuesday,2026-08-04T06:00:00-05:00,1,98.0,Sunny then Slight Chance Showers And Thunderstorms,"A slight chance of showers and thunderstorms after 1pm. Sunny, with a high near 98. Chance of precipitation is 20%."
98,2026-07-29T21:29:34Z,KIAH,Tuesday Night,2026-08-04T18:00:00-05:00,0,79.0,Slight Chance Showers And Thunderstorms,"A slight chance of showers and thunderstorms. Mostly clear, with a low around 79."
99,2026-07-29T21:29:34Z,KLAS,This Afternoon,2026-07-29T13:00:00-07:00,1,110.0,Sunny,"Sunny, with a high near 110. Heat index values as high as 105. South southwest wind around 12 mph, with gusts as high as 20 mph."
100,2026-07-29T21:29:34Z,KLAS,Tonight,2026-07-29T18:00:00-07:00,0,83.0,Mostly Clear,"Mostly clear. Low around 83, with temperatures rising to around 86 overnight. Southwest wind 6 to 12 mph, with gusts as high as 18 mph."
101,2026-07-29T21:29:34Z,KLAS,Thursday,2026-07-30T06:00:00-07:00,1,110.0,Sunny,"Sunny, with a high near 110. South wind 2 to 7 mph."
102,2026-07-29T21:29:34Z,KLAS,Thursday Night,2026-07-30T18:00:00-07:00,0,83.0,Mostly Clear,"Mostly clear, with a low around 83. West southwest wind around 7 mph."
103,2026-07-29T21:29:34Z,KLAS,Friday,2026-07-31T06:00:00-07:00,1,112.0,Sunny,"Sunny, with a high near 112. South southeast wind around 5 mph."
104,2026-07-29T21:29:34Z,KLAS,Friday Night,2026-07-31T18:00:00-07:00,0,86.0,Clear,"Clear, with a low around 86."
105,2026-07-29T21:29:34Z,KLAS,Saturday,2026-08-01T06:00:00-07:00,1,115.0,Sunny,"Sunny, with a high near 115."
106,2026-07-29T21:29:34Z,KLAS,Saturday Night,2026-08-01T18:00:00-07:00,0,87.0,Clear,"Clear, with a low around 87."
107,2026-07-29T21:29:34Z,KLAS,Sunday,2026-08-02T06:00:00-07:00,1,114.0,Sunny,"Sunny, with a high near 114."
108,2026-07-29T21:29:34Z,KLAS,Sunday Night,2026-08-02T18:00:00-07:00,0,87.0,Clear,"Clear, with a low around 87."
109,2026-07-29T21:29:34Z,KLAS,Monday,2026-08-03T06:00:00-07:00,1,113.0,Sunny,"Sunny, with a high near 113."
110,2026-07-29T21:29:34Z,KLAS,Monday Night,2026-08-03T18:00:00-07:00,0,89.0,Clear,"Clear, with a low around 89."
111,2026-07-29T21:29:34Z,KLAS,Tuesday,2026-08-04T06:00:00-07:00,1,113.0,Sunny,"Sunny, with a high near 113."
112,2026-07-29T21:29:34Z,KLAS,Tuesday Night,2026-08-04T18:00:00-07:00,0,88.0,Clear,"Clear, with a low around 88."
113,2026-07-29T21:29:34Z,KLAX,This Afternoon,2026-07-29T13:00:00-07:00,1,79.0,Mostly Sunny,"Mostly sunny, with a high near 79. West southwest wind around 10 mph."
114,2026-07-29T21:29:34Z,KLAX,Tonight,2026-07-29T18:00:00-07:00,0,67.0,Patchy Fog,"Patchy fog after 11pm. Mostly cloudy, with a low around 67. South southwest wind 0 to 10 mph."
115,2026-07-29T21:29:34Z,KLAX,Thursday,2026-07-30T06:00:00-07:00,1,79.0,Patchy Fog then Mostly Sunny,"Patchy fog before 11am. Mostly sunny, with a high near 79. South southwest wind 5 to 10 mph."
116,2026-07-29T21:29:34Z,KLAX,Thursday Night,2026-07-30T18:00:00-07:00,0,67.0,Patchy Fog,"Patchy fog after 11pm. Mostly cloudy, with a low around 67. Southwest wind 5 to 10 mph."
117,2026-07-29T21:29:34Z,KLAX,Friday,2026-07-31T06:00:00-07:00,1,80.0,Patchy Fog then Mostly Sunny,"Patchy fog before 11am. Mostly sunny, with a high near 80. Southwest wind 0 to 10 mph."
118,2026-07-29T21:29:34Z,KLAX,Friday Night,2026-07-31T18:00:00-07:00,0,68.0,Partly Cloudy,"Partly cloudy, with a low around 68."
119,2026-07-29T21:29:34Z,KLAX,Saturday,2026-08-01T06:00:00-07:00,1,81.0,Mostly Sunny,"Mostly sunny, with a high near 81."
120,2026-07-29T21:29:34Z,KLAX,Saturday Night,2026-08-01T18:00:00-07:00,0,67.0,Partly Cloudy,"Partly cloudy, with a low around 67."
121,2026-07-29T21:29:34Z,KLAX,Sunday,2026-08-02T06:00:00-07:00,1,79.0,Mostly Sunny,"Mostly sunny, with a high near 79."
122,2026-07-29T21:29:34Z,KLAX,Sunday Night,2026-08-02T18:00:00-07:00,0,67.0,Mostly Clear,"Mostly clear, with a low around 67."
123,2026-07-29T21:29:34Z,KLAX,Monday,2026-08-03T06:00:00-07:00,1,77.0,Mostly Sunny,"Mostly sunny, with a high near 77."
124,2026-07-29T21:29:34Z,KLAX,Monday Night,2026-08-03T18:00:00-07:00,0,66.0,Partly Cloudy,"Partly cloudy, with a low around 66."
125,2026-07-29T21:29:34Z,KLAX,Tuesday,2026-08-04T06:00:00-07:00,1,77.0,Sunny,"Sunny, with a high near 77."
126,2026-07-29T21:29:34Z,KLAX,Tuesday Night,2026-08-04T18:00:00-07:00,0,66.0,Partly Cloudy,"Partly cloudy, with a low around 66."
127,2026-07-29T21:29:34Z,KMIA,This Afternoon,2026-07-29T16:00:00-04:00,1,94.0,Mostly Sunny,"Mostly sunny, with a high near 94. Heat index values as high as 102. Southwest wind around 15 mph, with gusts as high as 24 mph. New rainfall amounts less than a tenth of an inch possible."
128,2026-07-29T21:29:34Z,KMIA,Tonight,2026-07-29T18:00:00-04:00,0,79.0,Partly Cloudy,"Partly cloudy, with a low around 79. Southwest wind 7 to 14 mph, with gusts as high as 22 mph. New rainfall amounts less than a tenth of an inch possible."
129,2026-07-29T21:29:34Z,KMIA,Thursday,2026-07-30T06:00:00-04:00,1,95.0,Mostly Sunny then Slight Chance Showers And Thunderstorms,"A slight chance of showers and thunderstorms between 3pm and 4pm. Mostly sunny, with a high near 95. Heat index values as high as 103. Southwest wind 6 to 14 mph, with gusts as high as 22 mph. Chance of precipitation is 20%. New rainfall amounts less than a tenth of an inch possible."
130,2026-07-29T21:29:34Z,KMIA,Thursday Night,2026-07-30T18:00:00-04:00,0,79.0,Partly Cloudy,"Partly cloudy, with a low around 79. Heat index values as high as 101. Southwest wind 3 to 13 mph, with gusts as high as 20 mph."
131,2026-07-29T21:29:34Z,KMIA,Friday,2026-07-31T06:00:00-04:00,1,94.0,Mostly Sunny then Slight Chance Showers And Thunderstorms,"A slight chance of showers and thunderstorms after 2pm. Mostly sunny, with a high near 94. Southwest wind 0 to 12 mph, with gusts as high as 18 mph. Chance of precipitation is 20%."
132,2026-07-29T21:29:34Z,KMIA,Friday Night,2026-07-31T18:00:00-04:00,0,79.0,Slight Chance Showers And Thunderstorms then Mostly Cloudy,"A slight chance of showers and thunderstorms before 8pm. Mostly cloudy, with a low around 79. Southwest wind 1 to 12 mph. Chance of precipitation is 20%."
133,2026-07-29T21:29:34Z,KMIA,Saturday,2026-08-01T06:00:00-04:00,1,93.0,Partly Sunny then Chance Showers And Thunderstorms,"A chance of showers and thunderstorms after 2pm. Partly sunny, with a high near 93. Southwest wind 0 to 10 mph. Chance of precipitation is 50%."
134,2026-07-29T21:29:34Z,KMIA,Saturday Night,2026-08-01T18:00:00-04:00,0,79.0,Chance Showers And Thunderstorms,"A chance of showers and thunderstorms. Mostly cloudy, with a low around 79. South wind 3 to 10 mph. Chance of precipitation is 50%."
135,2026-07-29T21:29:34Z,KMIA,Sunday,2026-08-02T06:00:00-04:00,1,92.0,Chance Showers And Thunderstorms,"A chance of showers and thunderstorms. Mostly sunny, with a high near 92. Southeast wind 3 to 12 mph, with gusts as high as 18 mph. Chance of precipitation is 30%."
136,2026-07-29T21:29:34Z,KMIA,Sunday Night,2026-08-02T18:00:00-04:00,0,81.0,Chance Showers And Thunderstorms,"A chance of showers and thunderstorms before 2am. Partly cloudy, with a low around 81. Chance of precipitation is 30%."
137,2026-07-29T21:29:34Z,KMIA,Monday,2026-08-03T06:00:00-04:00,1,92.0,Chance Showers And Thunderstorms,"A chance of showers and thunderstorms after 8am. Mostly sunny, with a high near 92. Chance of precipitation is 50%."
138,2026-07-29T21:29:34Z,KMIA,Monday Night,2026-08-03T18:00:00-04:00,0,79.0,Chance Showers And Thunderstorms,"A chance of showers and thunderstorms before 2am. Partly cloudy, with a low around 79. Chance of precipitation is 50%."
139,2026-07-29T21:29:34Z,KMIA,Tuesday,2026-08-04T06:00:00-04:00,1,90.0,Chance Showers And Thunderstorms,"A chance of showers and thunderstorms after 8am. Mostly sunny, with a high near 90. Chance of precipitation is 50%."
140,2026-07-29T21:29:34Z,KMIA,Tuesday Night,2026-08-04T18:00:00-04:00,0,79.0,Chance Showers And Thunderstorms,"A chance of showers and thunderstorms. Partly cloudy, with a low around 79."
141,2026-07-29T21:29:34Z,KMSP,This Afternoon,2026-07-29T14:00:00-05:00,1,91.0,Patchy Smoke,"Patchy smoke. Mostly sunny, with a high near 91. South wind around 5 mph."
142,2026-07-29T21:29:34Z,KMSP,Tonight,2026-07-29T18:00:00-05:00,0,72.0,Patchy Smoke,"Patchy smoke. Partly cloudy, with a low around 72. South wind around 10 mph."
143,2026-07-29T21:29:34Z,KMSP,Thursday,2026-07-30T06:00:00-05:00,1,89.0,Patchy Smoke,"Patchy smoke. Partly sunny, with a high near 89. South southwest wind 10 to 15 mph."
144,2026-07-29T21:29:34Z,KMSP,Thursday Night,2026-07-30T18:00:00-05:00,0,67.0,Chance Rain Showers then Chance Showers And Thunderstorms,"A chance of rain showers between 10pm and 1am, then a chance of showers and thunderstorms between 1am and 5am, then patchy smoke and showers and thunderstorms likely. Cloudy, with a low around 67. South southeast wind 10 to 15 mph. Chance of precipitation is 60%. New rainfall amounts between a half and three quarters of an inch possible."
145,2026-07-29T21:29:34Z,KMSP,Friday,2026-07-31T06:00:00-05:00,1,78.0,Patchy Smoke,"Patchy smoke and showers and thunderstorms. Some of the storms could produce heavy rain. Mostly cloudy, with a high near 78. East northeast wind around 10 mph. Chance of precipitation is 80%. New rainfall amounts between three quarters and one inch possible."
146,2026-07-29T21:29:34Z,KMSP,Friday Night,2026-07-31T18:00:00-05:00,0,64.0,Chance Rain Showers,"A chance of rain showers before 1am. Partly cloudy, with a low around 64. North northeast wind 5 to 10 mph. Chance of precipitation is 40%. New rainfall amounts between a tenth and quarter of an inch possible."
147,2026-07-29T21:29:34Z,KMSP,Saturday,2026-08-01T06:00:00-05:00,1,85.0,Sunny,"Sunny, with a high near 85. North wind 5 to 10 mph."
148,2026-07-29T21:29:34Z,KMSP,Saturday Night,2026-08-01T18:00:00-05:00,0,64.0,Mostly Clear,"Mostly clear, with a low around 64. East northeast wind 0 to 10 mph."
149,2026-07-29T21:29:34Z,KMSP,Sunday,2026-08-02T06:00:00-05:00,1,84.0,Sunny,"Sunny, with a high near 84. Southeast wind 0 to 5 mph."
150,2026-07-29T21:29:34Z,KMSP,Sunday Night,2026-08-02T18:00:00-05:00,0,67.0,Mostly Clear,"Mostly clear, with a low around 67. South southeast wind 5 to 10 mph."
151,2026-07-29T21:29:34Z,KMSP,Monday,2026-08-03T06:00:00-05:00,1,86.0,Sunny,"Sunny, with a high near 86. South wind 10 to 15 mph, with gusts as high as 30 mph."
152,2026-07-29T21:29:34Z,KMSP,Monday Night,2026-08-03T18:00:00-05:00,0,70.0,Partly Cloudy then Slight Chance Showers And Thunderstorms,"A slight chance of showers and thunderstorms after 1am. Partly cloudy, with a low around 70. South wind 10 to 15 mph, with gusts as high as 30 mph. Chance of precipitation is 20%."
153,2026-07-29T21:29:34Z,KMSP,Tuesday,2026-08-04T06:00:00-05:00,1,84.0,Slight Chance Showers And Thunderstorms,"A slight chance of showers and thunderstorms before 1pm, then a chance of showers and thunderstorms. Mostly sunny, with a high near 84. West southwest wind 5 to 10 mph. Chance of precipitation is 30%."
154,2026-07-29T21:29:34Z,KMSP,Tuesday Night,2026-08-04T18:00:00-05:00,0,65.0,Chance Showers And Thunderstorms,"A chance of showers and thunderstorms. Mostly cloudy, with a low around 65. North northwest wind 5 to 10 mph. Chance of precipitation is 30%."
155,2026-07-29T21:29:34Z,KMSY,This Afternoon,2026-07-29T14:00:00-05:00,1,97.0,Mostly Sunny,"Mostly sunny, with a high near 97. Heat index values as high as 107. West wind around 10 mph."
156,2026-07-29T21:29:34Z,KMSY,Tonight,2026-07-29T18:00:00-05:00,0,79.0,Partly Cloudy,"Partly cloudy. Low around 79, with temperatures rising to around 81 overnight. Heat index values as high as 106. West wind around 10 mph."
157,2026-07-29T21:29:34Z,KMSY,Thursday,2026-07-30T06:00:00-05:00,1,94.0,Mostly Sunny then Slight Chance Showers And Thunderstorms,"A slight chance of showers and thunderstorms after 1pm. Mostly sunny. High near 94, with temperatures falling to around 92 in the afternoon. Heat index values as high as 107. West wind around 10 mph. Chance of precipitation is 20%. New rainfall amounts less than a tenth of an inch possible."
158,2026-07-29T21:29:34Z,KMSY,Thursday Night,2026-07-30T18:00:00-05:00,0,79.0,Slight Chance Showers And Thunderstorms,"A slight chance of showers and thunderstorms before 1am. Partly cloudy, with a low around 79. Heat index values as high as 105. Southwest wind around 10 mph. Chance of precipitation is 20%."
159,2026-07-29T21:29:34Z,KMSY,Friday,2026-07-31T06:00:00-05:00,1,93.0,Partly Sunny then Chance Showers And Thunderstorms,"A chance of showers and thunderstorms after 1pm. Partly sunny, with a high near 93. West wind around 10 mph. Chance of precipitation is 50%."
160,2026-07-29T21:29:34Z,KMSY,Friday Night,2026-07-31T18:00:00-05:00,0,78.0,Chance Showers And Thunderstorms then Mostly Cloudy,"A chance of showers and thunderstorms before 7pm. Mostly cloudy, with a low around 78. Southwest wind around 10 mph. Chance of precipitation is 50%."
161,2026-07-29T21:29:34Z,KMSY,Saturday,2026-08-01T06:00:00-05:00,1,92.0,Partly Sunny then Chance Showers And Thunderstorms,"A chance of showers and thunderstorms after 1pm. Partly sunny, with a high near 92. West wind around 10 mph. Chance of precipitation is 40%."
162,2026-07-29T21:29:34Z,KMSY,Saturday Night,2026-08-01T18:00:00-05:00,0,77.0,Chance Showers And Thunderstorms,"A chance of showers and thunderstorms before 1am, then showers and thunderstorms likely. Mostly cloudy, with a low around 77. Southwest wind around 10 mph."
163,2026-07-29T21:29:34Z,KMSY,Sunday,2026-08-02T06:00:00-05:00,1,88.0,Showers And Thunderstorms,"Showers and thunderstorms before 1pm, then a chance of showers and thunderstorms. Partly sunny, with a high near 88. West wind around 10 mph."
164,2026-07-29T21:29:34Z,KMSY,Sunday Night,2026-08-02T18:00:00-05:00,0,76.0,Chance Showers And Thunderstorms,"A chance of showers and thunderstorms. Mostly cloudy, with a low around 76. West wind 5 to 10 mph."
165,2026-07-29T21:29:34Z,KMSY,Monday,2026-08-03T06:00:00-05:00,1,90.0,Chance Showers And Thunderstorms,"A chance of rain showers before 7am, then a chance of showers and thunderstorms. Mostly sunny, with a high near 90. West wind 5 to 10 mph."
166,2026-07-29T21:29:34Z,KMSY,Monday Night,2026-08-03T18:00:00-05:00,0,77.0,Chance Showers And Thunderstorms,"A chance of showers and thunderstorms. Partly cloudy, with a low around 77. Southwest wind 5 to 10 mph."
167,2026-07-29T21:29:34Z,KMSY,Tuesday,2026-08-04T06:00:00-05:00,1,92.0,Chance Showers And Thunderstorms,"A slight chance of rain showers before 7am, then a chance of showers and thunderstorms. Mostly sunny, with a high near 92. Southwest wind around 5 mph."
168,2026-07-29T21:29:34Z,KMSY,Tuesday Night,2026-08-04T18:00:00-05:00,0,77.0,Chance Showers And Thunderstorms,"A chance of showers and thunderstorms. Partly cloudy, with a low around 77. South wind around 5 mph."
169,2026-07-29T21:29:34Z,KNYC,This Afternoon,2026-07-29T16:00:00-04:00,1,79.0,Chance Showers And Thunderstorms,"A chance of showers and thunderstorms before 5pm, then a chance of showers and thunderstorms. Partly sunny. High near 79, with temperatures falling to around 76 in the afternoon. Northwest wind around 6 mph. Chance of precipitation is 30%."
170,2026-07-29T21:29:34Z,KNYC,Tonight,2026-07-29T18:00:00-04:00,0,67.0,Chance Showers And Thunderstorms,"A chance of showers and thunderstorms before 11pm, then a chance of showers and thunderstorms. Mostly cloudy, with a low around 67. Northwest wind around 5 mph. Chance of precipitation is 30%. New rainfall amounts less than a tenth of an inch possible."
171,2026-07-29T21:29:34Z,KNYC,Thursday,2026-07-30T06:00:00-04:00,1,77.0,Chance Showers And Thunderstorms,"A chance of rain showers before 11am, then a chance of showers and thunderstorms. Mostly cloudy, with a high near 77. Northwest wind 5 to 9 mph. Chance of precipitation is 30%. New rainfall amounts less than a tenth of an inch possible."
172,2026-07-29T21:29:34Z,KNYC,Thursday Night,2026-07-30T18:00:00-04:00,0,66.0,Chance Showers And Thunderstorms then Partly Cloudy,"A chance of showers and thunderstorms before 8pm. Partly cloudy. Low around 66, with temperatures rising to around 68 overnight. Northwest wind 2 to 7 mph. Chance of precipitation is 30%."
173,2026-07-29T21:29:34Z,KNYC,Friday,2026-07-31T06:00:00-04:00,1,82.0,Sunny,"Sunny, with a high near 82. Northwest wind around 1 mph."
174,2026-07-29T21:29:34Z,KNYC,Friday Night,2026-07-31T18:00:00-04:00,0,69.0,Partly Cloudy,"Partly cloudy, with a low around 69."
175,2026-07-29T21:29:34Z,KNYC,Saturday,2026-08-01T06:00:00-04:00,1,83.0,Partly Sunny,"Partly sunny, with a high near 83."
176,2026-07-29T21:29:34Z,KNYC,Saturday Night,2026-08-01T18:00:00-04:00,0,71.0,Mostly Cloudy,"Mostly cloudy, with a low around 71."
177,2026-07-29T21:29:34Z,KNYC,Sunday,2026-08-02T06:00:00-04:00,1,82.0,Slight Chance Rain Showers then Slight Chance Showers And Thunderstorms,"A slight chance of rain showers between 8am and 2pm, then a slight chance of showers and thunderstorms. Mostly cloudy, with a high near 82."
178,2026-07-29T21:29:34Z,KNYC,Sunday Night,2026-08-02T18:00:00-04:00,0,70.0,Slight Chance Showers And Thunderstorms then Chance Showers And Thunderstorms,"A slight chance of showers and thunderstorms before 8pm, then a chance of showers and thunderstorms. Mostly cloudy, with a low around 70. Chance of precipitation is 50%."
179,2026-07-29T21:29:34Z,KNYC,Monday,2026-08-03T06:00:00-04:00,1,83.0,Chance Rain Showers then Chance Showers And Thunderstorms,"A chance of rain showers before 2pm, then a chance of showers and thunderstorms. Mostly cloudy, with a high near 83. Chance of precipitation is 50%."
180,2026-07-29T21:29:34Z,KNYC,Monday Night,2026-08-03T18:00:00-04:00,0,70.0,Chance Showers And Thunderstorms,"A chance of showers and thunderstorms before 2am. Mostly cloudy, with a low around 70. Chance of precipitation is 40%."
181,2026-07-29T21:29:34Z,KNYC,Tuesday,2026-08-04T06:00:00-04:00,1,85.0,Sunny,"Sunny, with a high near 85."
182,2026-07-29T21:29:34Z,KNYC,Tuesday Night,2026-08-04T18:00:00-04:00,0,70.0,Mostly Clear,"Mostly clear, with a low around 70."
183,2026-07-29T21:29:34Z,KOKC,This Afternoon,2026-07-29T13:00:00-05:00,1,102.0,Mostly Sunny,"Mostly sunny, with a high near 102. Heat index values as high as 107. South southeast wind 7 to 10 mph."
184,2026-07-29T21:29:34Z,KOKC,Tonight,2026-07-29T18:00:00-05:00,0,76.0,Mostly Clear,"Mostly clear, with a low around 76. Heat index values as high as 105. South southeast wind around 12 mph."
185,2026-07-29T21:29:34Z,KOKC,Thursday,2026-07-30T06:00:00-05:00,1,101.0,Slight Chance Rain Showers then Mostly Sunny,"A slight chance of rain showers between 7am and 10am. Mostly sunny, with a high near 101. Heat index values as high as 106. South wind 8 to 14 mph, with gusts as high as 21 mph. Chance of precipitation is 20%."
186,2026-07-29T21:29:34Z,KOKC,Thursday Night,2026-07-30T18:00:00-05:00,0,76.0,Mostly Clear then Slight Chance Showers And Thunderstorms,"A slight chance of showers and thunderstorms after 1am. Mostly clear, with a low around 76. Heat index values as high as 106. South wind around 14 mph, with gusts as high as 21 mph. Chance of precipitation is 20%."
187,2026-07-29T21:29:34Z,KOKC,Friday,2026-07-31T06:00:00-05:00,1,100.0,Slight Chance Showers And Thunderstorms then Chance Showers And Thunderstorms,"A slight chance of showers and thunderstorms before 7am, then a chance of showers and thunderstorms between 7am and 1pm, then a slight chance of showers and thunderstorms. Partly sunny, with a high near 100. West southwest wind 10 to 14 mph, with gusts as high as 21 mph. Chance of precipitation is 40%."
188,2026-07-29T21:29:34Z,KOKC,Friday Night,2026-07-31T18:00:00-05:00,0,72.0,Slight Chance Showers And Thunderstorms then Mostly Clear,"A slight chance of showers and thunderstorms before 7pm. Mostly clear, with a low around 72. Chance of precipitation is 20%."
189,2026-07-29T21:29:34Z,KOKC,Saturday,2026-08-01T06:00:00-05:00,1,91.0,Sunny,"Sunny, with a high near 91."
190,2026-07-29T21:29:34Z,KOKC,Saturday Night,2026-08-01T18:00:00-05:00,0,67.0,Clear,"Clear, with a low around 67."
191,2026-07-29T21:29:34Z,KOKC,Sunday,2026-08-02T06:00:00-05:00,1,91.0,Sunny,"Sunny, with a high near 91."
192,2026-07-29T21:29:34Z,KOKC,Sunday Night,2026-08-02T18:00:00-05:00,0,68.0,Clear,"Clear, with a low around 68."
193,2026-07-29T21:29:34Z,KOKC,Monday,2026-08-03T06:00:00-05:00,1,94.0,Sunny,"Sunny, with a high near 94."
194,2026-07-29T21:29:34Z,KOKC,Monday Night,2026-08-03T18:00:00-05:00,0,71.0,Clear,"Clear, with a low around 71."
195,2026-07-29T21:29:34Z,KOKC,Tuesday,2026-08-04T06:00:00-05:00,1,96.0,Sunny,"Sunny, with a high near 96."
196,2026-07-29T21:29:34Z,KOKC,Tuesday Night,2026-08-04T18:00:00-05:00,0,73.0,Mostly Clear,"Mostly clear, with a low around 73."
197,2026-07-29T21:29:34Z,KPHL,This Afternoon,2026-07-29T16:00:00-04:00,1,84.0,Partly Sunny,"Partly sunny, with a high near 84. Northwest wind around 15 mph."
198,2026-07-29T21:29:34Z,KPHL,Tonight,2026-07-29T18:00:00-04:00,0,67.0,Mostly Cloudy,"Mostly cloudy, with a low around 67. Northwest wind 10 to 15 mph."
199,2026-07-29T21:29:34Z,KPHL,Thursday,2026-07-30T06:00:00-04:00,1,82.0,Partly Sunny,"Partly sunny, with a high near 82. Northwest wind 10 to 15 mph."
200,2026-07-29T21:29:34Z,KPHL,Thursday Night,2026-07-30T18:00:00-04:00,0,67.0,Mostly Clear,"Mostly clear, with a low around 67. Northwest wind 5 to 10 mph."
201,2026-07-29T21:29:34Z,KPHL,Friday,2026-07-31T06:00:00-04:00,1,86.0,Sunny,"Sunny, with a high near 86. Northwest wind 0 to 5 mph."
202,2026-07-29T21:29:34Z,KPHL,Friday Night,2026-07-31T18:00:00-04:00,0,68.0,Partly Cloudy,"Partly cloudy, with a low around 68."
203,2026-07-29T21:29:34Z,KPHL,Saturday,2026-08-01T06:00:00-04:00,1,87.0,Partly Sunny,"Partly sunny, with a high near 87."
204,2026-07-29T21:29:34Z,KPHL,Saturday Night,2026-08-01T18:00:00-04:00,0,70.0,Mostly Cloudy,"Mostly cloudy, with a low around 70."
205,2026-07-29T21:29:34Z,KPHL,Sunday,2026-08-02T06:00:00-04:00,1,84.0,Chance Showers And Thunderstorms,"A slight chance of rain showers between 8am and 2pm, then a chance of showers and thunderstorms. Mostly cloudy, with a high near 84. Chance of precipitation is 40%."
206,2026-07-29T21:29:34Z,KPHL,Sunday Night,2026-08-02T18:00:00-04:00,0,70.0,Chance Showers And Thunderstorms,"A chance of showers and thunderstorms. Mostly cloudy, with a low around 70. Chance of precipitation is 50%."
207,2026-07-29T21:29:34Z,KPHL,Monday,2026-08-03T06:00:00-04:00,1,85.0,Chance Showers And Thunderstorms,"A chance of rain showers before 8am, then a chance of showers and thunderstorms between 8am and 2pm, then a chance of showers and thunderstorms. Mostly cloudy, with a high near 85. Chance of precipitation is 40%."
208,2026-07-29T21:29:34Z,KPHL,Monday Night,2026-08-03T18:00:00-04:00,0,70.0,Chance Showers And Thunderstorms,"A chance of showers and thunderstorms before 2am. Partly cloudy, with a low around 70. Chance of precipitation is 40%."
209,2026-07-29T21:29:34Z,KPHL,Tuesday,2026-08-04T06:00:00-04:00,1,87.0,Mostly Sunny then Slight Chance Showers And Thunderstorms,"A slight chance of showers and thunderstorms after 2pm. Mostly sunny, with a high near 87."
210,2026-07-29T21:29:34Z,KPHL,Tuesday Night,2026-08-04T18:00:00-04:00,0,69.0,Slight Chance Showers And Thunderstorms then Partly Cloudy,"A slight chance of showers and thunderstorms before 8pm. Partly cloudy, with a low around 69."
211,2026-07-29T21:29:34Z,KPHX,This Afternoon,2026-07-29T13:00:00-07:00,1,111.0,Sunny,"Sunny. High near 111, with temperatures falling to around 109 in the afternoon. Heat index values as high as 110. West wind 5 to 10 mph."
212,2026-07-29T21:29:34Z,KPHX,Tonight,2026-07-29T18:00:00-07:00,0,90.0,Partly Cloudy,"Partly cloudy, with a low around 90. West wind 5 to 10 mph."
213,2026-07-29T21:29:34Z,KPHX,Thursday,2026-07-30T06:00:00-07:00,1,113.0,Sunny,"Sunny. High near 113, with temperatures falling to around 111 in the afternoon. Heat index values as high as 110. West southwest wind 5 to 10 mph."
214,2026-07-29T21:29:34Z,KPHX,Thursday Night,2026-07-30T18:00:00-07:00,0,89.0,Mostly Clear,"Mostly clear, with a low around 89. West southwest wind 5 to 10 mph."
215,2026-07-29T21:29:34Z,KPHX,Friday,2026-07-31T06:00:00-07:00,1,115.0,Sunny,"Sunny, with a high near 115. Southwest wind 5 to 15 mph, with gusts as high as 25 mph."
216,2026-07-29T21:29:34Z,KPHX,Friday Night,2026-07-31T18:00:00-07:00,0,91.0,Mostly Clear,"Mostly clear, with a low around 91. West southwest wind 5 to 15 mph."
217,2026-07-29T21:29:34Z,KPHX,Saturday,2026-08-01T06:00:00-07:00,1,115.0,Sunny,"Sunny, with a high near 115. South southwest wind 5 to 15 mph, with gusts as high as 25 mph."
218,2026-07-29T21:29:34Z,KPHX,Saturday Night,2026-08-01T18:00:00-07:00,0,91.0,Mostly Clear,"Mostly clear, with a low around 91. West southwest wind 0 to 10 mph."
219,2026-07-29T21:29:34Z,KPHX,Sunday,2026-08-02T06:00:00-07:00,1,114.0,Sunny,"Sunny, with a high near 114. West wind 0 to 10 mph."
220,2026-07-29T21:29:34Z,KPHX,Sunday Night,2026-08-02T18:00:00-07:00,0,92.0,Mostly Clear,"Mostly clear, with a low around 92. West wind 5 to 10 mph, with gusts as high as 25 mph."
221,2026-07-29T21:29:34Z,KPHX,Monday,2026-08-03T06:00:00-07:00,1,113.0,Sunny,"Sunny, with a high near 113. West wind 0 to 10 mph, with gusts as high as 25 mph."
222,2026-07-29T21:29:34Z,KPHX,Monday Night,2026-08-03T18:00:00-07:00,0,93.0,Partly Cloudy,"Partly cloudy, with a low around 93. Southwest wind 5 to 10 mph, with gusts as high as 25 mph."
223,2026-07-29T21:29:34Z,KPHX,Tuesday,2026-08-04T06:00:00-07:00,1,112.0,Mostly Sunny then Slight Chance Showers And Thunderstorms,"A slight chance of showers and thunderstorms after 5pm. Mostly sunny, with a high near 112. Southwest wind 5 to 10 mph, with gusts as high as 25 mph. Chance of precipitation is 20%."
224,2026-07-29T21:29:34Z,KPHX,Tuesday Night,2026-08-04T18:00:00-07:00,0,90.0,Slight Chance Showers And Thunderstorms,"A slight chance of showers and thunderstorms before 5am. Mostly cloudy, with a low around 90. Southwest wind 5 to 10 mph, with gusts as high as 25 mph. Chance of precipitation is 20%. New rainfall amounts less than a tenth of an inch possible."
225,2026-07-29T21:29:34Z,KSAT,This Afternoon,2026-07-29T15:00:00-05:00,1,99.0,Sunny,"Sunny, with a high near 99. Heat index values as high as 105. South southeast wind around 10 mph."
226,2026-07-29T21:29:34Z,KSAT,Tonight,2026-07-29T18:00:00-05:00,0,77.0,Partly Cloudy,"Partly cloudy, with a low around 77. Heat index values as high as 105. South southeast wind 5 to 15 mph, with gusts as high as 25 mph."
227,2026-07-29T21:29:34Z,KSAT,Thursday,2026-07-30T06:00:00-05:00,1,101.0,Mostly Sunny,"Mostly sunny, with a high near 101. Heat index values as high as 104. South wind 5 to 10 mph."
228,2026-07-29T21:29:34Z,KSAT,Thursday Night,2026-07-30T18:00:00-05:00,0,75.0,Mostly Clear,"Mostly clear, with a low around 75. Heat index values as high as 105. South southeast wind 5 to 15 mph, with gusts as high as 25 mph."
229,2026-07-29T21:29:34Z,KSAT,Friday,2026-07-31T06:00:00-05:00,1,99.0,Mostly Sunny,"Mostly sunny, with a high near 99. South wind around 5 mph."
230,2026-07-29T21:29:34Z,KSAT,Friday Night,2026-07-31T18:00:00-05:00,0,77.0,Mostly Clear,"Mostly clear, with a low around 77. South wind 5 to 10 mph, with gusts as high as 20 mph."
231,2026-07-29T21:29:34Z,KSAT,Saturday,2026-08-01T06:00:00-05:00,1,100.0,Mostly Sunny,"Mostly sunny, with a high near 100. South wind around 5 mph."
232,2026-07-29T21:29:34Z,KSAT,Saturday Night,2026-08-01T18:00:00-05:00,0,79.0,Partly Cloudy,"Partly cloudy, with a low around 79. Southeast wind around 5 mph."
233,2026-07-29T21:29:34Z,KSAT,Sunday,2026-08-02T06:00:00-05:00,1,97.0,Slight Chance Showers And Thunderstorms,"A slight chance of showers and thunderstorms after 7am. Mostly sunny, with a high near 97. North northeast wind around 5 mph. Chance of precipitation is 20%."
234,2026-07-29T21:29:34Z,KSAT,Sunday Night,2026-08-02T18:00:00-05:00,0,77.0,Slight Chance Showers And Thunderstorms then Mostly Clear,"A slight chance of showers and thunderstorms before 7pm. Mostly clear, with a low around 77. Chance of precipitation is 20%."
235,2026-07-29T21:29:34Z,KSAT,Monday,2026-08-03T06:00:00-05:00,1,98.0,Sunny,"Sunny, with a high near 98."
236,2026-07-29T21:29:34Z,KSAT,Monday Night,2026-08-03T18:00:00-05:00,0,78.0,Mostly Clear,"Mostly clear, with a low around 78."
237,2026-07-29T21:29:34Z,KSAT,Tuesday,2026-08-04T06:00:00-05:00,1,98.0,Mostly Sunny,"Mostly sunny, with a high near 98."
238,2026-07-29T21:29:34Z,KSAT,Tuesday Night,2026-08-04T18:00:00-05:00,0,77.0,Mostly Clear,"Mostly clear, with a low around 77."
239,2026-07-29T21:29:34Z,KSFO,This Afternoon,2026-07-29T14:00:00-07:00,1,72.0,Sunny,"Sunny. High near 72, with temperatures falling to around 70 in the afternoon. West wind 20 to 23 mph, with gusts as high as 29 mph."
240,2026-07-29T21:29:34Z,KSFO,Tonight,2026-07-29T18:00:00-07:00,0,57.0,Mostly Clear,"Mostly clear, with a low around 57. West wind 12 to 21 mph, with gusts as high as 28 mph."
241,2026-07-29T21:29:34Z,KSFO,Thursday,2026-07-30T06:00:00-07:00,1,72.0,Sunny,"Sunny, with a high near 72. West southwest wind 10 to 22 mph, with gusts as high as 28 mph."
242,2026-07-29T21:29:34Z,KSFO,Thursday Night,2026-07-30T18:00:00-07:00,0,57.0,Mostly Clear,"Mostly clear, with a low around 57. West wind 9 to 21 mph, with gusts as high as 26 mph."
243,2026-07-29T21:29:34Z,KSFO,Friday,2026-07-31T06:00:00-07:00,1,76.0,Sunny,"Sunny, with a high near 76. West wind 8 to 21 mph, with gusts as high as 25 mph."
244,2026-07-29T21:29:34Z,KSFO,Friday Night,2026-07-31T18:00:00-07:00,0,58.0,Mostly Clear,"Mostly clear, with a low around 58."
245,2026-07-29T21:29:34Z,KSFO,Saturday,2026-08-01T06:00:00-07:00,1,77.0,Sunny,"Sunny, with a high near 77."
246,2026-07-29T21:29:34Z,KSFO,Saturday Night,2026-08-01T18:00:00-07:00,0,57.0,Mostly Clear,"Mostly clear, with a low around 57."
247,2026-07-29T21:29:34Z,KSFO,Sunday,2026-08-02T06:00:00-07:00,1,76.0,Sunny,"Sunny, with a high near 76."
248,2026-07-29T21:29:34Z,KSFO,Sunday Night,2026-08-02T18:00:00-07:00,0,57.0,Mostly Clear,"Mostly clear, with a low around 57."
249,2026-07-29T21:29:34Z,KSFO,Monday,2026-08-03T06:00:00-07:00,1,78.0,Sunny,"Sunny, with a high near 78."
250,2026-07-29T21:29:34Z,KSFO,Monday Night,2026-08-03T18:00:00-07:00,0,57.0,Mostly Clear,"Mostly clear, with a low around 57."
251,2026-07-29T21:29:34Z,KSFO,Tuesday,2026-08-04T06:00:00-07:00,1,76.0,Sunny,"Sunny, with a high near 76."
252,2026-07-29T21:29:34Z,KSFO,Tuesday Night,2026-08-04T18:00:00-07:00,0,58.0,Mostly Clear,"Mostly clear, with a low around 58."
253,2026-07-29T21:29:34Z,KSEA,Today,2026-07-29T11:00:00-07:00,1,76.0,Sunny,"Sunny, with a high near 76. Northwest wind around 7 mph."
254,2026-07-29T21:29:34Z,KSEA,Tonight,2026-07-29T18:00:00-07:00,0,54.0,Mostly Clear,"Mostly clear, with a low around 54. North northwest wind 3 to 8 mph."
255,2026-07-29T21:29:34Z,KSEA,Thursday,2026-07-30T06:00:00-07:00,1,76.0,Sunny,"Sunny, with a high near 76. South southwest wind around 7 mph."
256,2026-07-29T21:29:34Z,KSEA,Thursday Night,2026-07-30T18:00:00-07:00,0,54.0,Mostly Clear,"Mostly clear, with a low around 54. Southwest wind 0 to 6 mph."
257,2026-07-29T21:29:34Z,KSEA,Friday,2026-07-31T06:00:00-07:00,1,82.0,Sunny,"Sunny, with a high near 82. West wind 0 to 6 mph."
258,2026-07-29T21:29:34Z,KSEA,Friday Night,2026-07-31T18:00:00-07:00,0,59.0,Mostly Clear,"Mostly clear, with a low around 59."
259,2026-07-29T21:29:34Z,KSEA,Saturday,2026-08-01T06:00:00-07:00,1,72.0,Chance Light Rain,"A chance of rain between 11am and 5pm. Partly sunny, with a high near 72."
260,2026-07-29T21:29:34Z,KSEA,Saturday Night,2026-08-01T18:00:00-07:00,0,54.0,Partly Cloudy,"Partly cloudy, with a low around 54."
261,2026-07-29T21:29:34Z,KSEA,Sunday,2026-08-02T06:00:00-07:00,1,71.0,Mostly Sunny,"Mostly sunny, with a high near 71."
262,2026-07-29T21:29:34Z,KSEA,Sunday Night,2026-08-02T18:00:00-07:00,0,53.0,Mostly Clear,"Mostly clear, with a low around 53."
263,2026-07-29T21:29:34Z,KSEA,Monday,2026-08-03T06:00:00-07:00,1,75.0,Sunny,"Sunny, with a high near 75."
264,2026-07-29T21:29:34Z,KSEA,Monday Night,2026-08-03T18:00:00-07:00,0,57.0,Mostly Clear,"Mostly clear, with a low around 57."
265,2026-07-29T21:29:34Z,KSEA,Tuesday,2026-08-04T06:00:00-07:00,1,82.0,Sunny,"Sunny, with a high near 82."
266,2026-07-29T21:29:34Z,KSEA,Tuesday Night,2026-08-04T18:00:00-07:00,0,59.0,Mostly Clear,"Mostly clear, with a low around 59."
267,2026-07-29T21:29:34Z,KDCA,This Afternoon,2026-07-29T17:00:00-04:00,1,83.0,Partly Sunny,"Partly sunny, with a high near 83. Northwest wind around 18 mph, with gusts as high as 24 mph."
268,2026-07-29T21:29:34Z,KDCA,Tonight,2026-07-29T18:00:00-04:00,0,70.0,Partly Cloudy,"Partly cloudy, with a low around 70. Northwest wind 13 to 17 mph, with gusts as high as 26 mph."
269,2026-07-29T21:29:34Z,KDCA,Thursday,2026-07-30T06:00:00-04:00,1,87.0,Mostly Sunny,"Mostly sunny, with a high near 87. Northwest wind around 14 mph, with gusts as high as 22 mph."
270,2026-07-29T21:29:34Z,KDCA,Thursday Night,2026-07-30T18:00:00-04:00,0,71.0,Partly Cloudy,"Partly cloudy, with a low around 71. Northwest wind 7 to 13 mph, with gusts as high as 18 mph."
271,2026-07-29T21:29:34Z,KDCA,Friday,2026-07-31T06:00:00-04:00,1,89.0,Sunny,"Sunny, with a high near 89. Northwest wind around 7 mph."
272,2026-07-29T21:29:34Z,KDCA,Friday Night,2026-07-31T18:00:00-04:00,0,72.0,Partly Cloudy,"Partly cloudy, with a low around 72."
273,2026-07-29T21:29:34Z,KDCA,Saturday,2026-08-01T06:00:00-04:00,1,90.0,Partly Sunny,"Partly sunny, with a high near 90."
274,2026-07-29T21:29:34Z,KDCA,Saturday Night,2026-08-01T18:00:00-04:00,0,73.0,Slight Chance Showers And Thunderstorms,"A slight chance of showers and thunderstorms after 8pm. Mostly cloudy, with a low around 73. Chance of precipitation is 20%."
275,2026-07-29T21:29:34Z,KDCA,Sunday,2026-08-02T06:00:00-04:00,1,86.0,Chance Rain Showers then Chance Showers And Thunderstorms,"A chance of rain showers before 2pm, then a chance of showers and thunderstorms. Mostly cloudy, with a high near 86. Chance of precipitation is 50%."
276,2026-07-29T21:29:34Z,KDCA,Sunday Night,2026-08-02T18:00:00-04:00,0,73.0,Chance Showers And Thunderstorms then Showers And Thunderstorms Likely,"A chance of showers and thunderstorms before 8pm, then showers and thunderstorms likely. Mostly cloudy, with a low around 73. Chance of precipitation is 60%."
277,2026-07-29T21:29:34Z,KDCA,Monday,2026-08-03T06:00:00-04:00,1,84.0,Chance Rain Showers then Chance Showers And Thunderstorms,"A chance of rain showers before 2pm, then a chance of showers and thunderstorms. Mostly cloudy, with a high near 84. Chance of precipitation is 50%."
278,2026-07-29T21:29:34Z,KDCA,Monday Night,2026-08-03T18:00:00-04:00,0,73.0,Chance Showers And Thunderstorms,"A chance of showers and thunderstorms before 8pm, then a chance of showers and thunderstorms between 8pm and 2am. Mostly cloudy, with a low around 73. Chance of precipitation is 50%."
279,2026-07-29T21:29:34Z,KDCA,Tuesday,2026-08-04T06:00:00-04:00,1,87.0,Mostly Sunny then Slight Chance Showers And Thunderstorms,"A slight chance of showers and thunderstorms after 2pm. Mostly sunny, with a high near 87. Chance of precipitation is 20%."
280,2026-07-29T21:29:34Z,KDCA,Tuesday Night,2026-08-04T18:00:00-04:00,0,72.0,Slight Chance Showers And Thunderstorms,"A slight chance of showers and thunderstorms before 2am. Partly cloudy, with a low around 72."
1,2026-07-29T22:32:02Z,KATL,This Afternoon,2026-07-29T14:00:00-04:00,1,93.0,Sunny,"Sunny, with a high near 93. Northwest wind around 10 mph, with gusts as high as 20 mph."
2,2026-07-29T22:32:02Z,KATL,Tonight,2026-07-29T18:00:00-04:00,0,72.0,Clear,"Clear, with a low around 72. North wind 0 to 10 mph, with gusts as high as 20 mph."
3,2026-07-29T22:32:02Z,KATL,Thursday,2026-07-30T06:00:00-04:00,1,91.0,Sunny,"Sunny, with a high near 91. North wind 0 to 10 mph."
4,2026-07-29T22:32:02Z,KATL,Thursday Night,2026-07-30T18:00:00-04:00,0,68.0,Mostly Clear,"Mostly clear, with a low around 68. North wind 0 to 10 mph, with gusts as high as 20 mph."
5,2026-07-29T22:32:02Z,KATL,Friday,2026-07-31T06:00:00-04:00,1,92.0,Sunny,"Sunny, with a high near 92. North wind 0 to 5 mph."
6,2026-07-29T22:32:02Z,KATL,Friday Night,2026-07-31T18:00:00-04:00,0,73.0,Partly Cloudy,"Partly cloudy, with a low around 73."
7,2026-07-29T22:32:02Z,KATL,Saturday,2026-08-01T06:00:00-04:00,1,89.0,Showers And Thunderstorms Likely,"A chance of rain showers between 8am and 11am, then showers and thunderstorms likely. Mostly cloudy, with a high near 89. Chance of precipitation is 60%."
8,2026-07-29T22:32:02Z,KATL,Saturday Night,2026-08-01T18:00:00-04:00,0,72.0,Showers And Thunderstorms,"Showers and thunderstorms. Mostly cloudy, with a low around 72. Chance of precipitation is 80%."
9,2026-07-29T22:32:02Z,KATL,Sunday,2026-08-02T06:00:00-04:00,1,85.0,Showers And Thunderstorms,"Showers and thunderstorms. Mostly cloudy, with a high near 85. Chance of precipitation is 90%."
10,2026-07-29T22:32:02Z,KATL,Sunday Night,2026-08-02T18:00:00-04:00,0,72.0,Showers And Thunderstorms then Chance Showers And Thunderstorms,"Showers and thunderstorms before 8pm, then a chance of showers and thunderstorms. Mostly cloudy, with a low around 72. Chance of precipitation is 90%."
11,2026-07-29T22:32:02Z,KATL,Monday,2026-08-03T06:00:00-04:00,1,86.0,Showers And Thunderstorms Likely,"A chance of rain showers before 2pm, then showers and thunderstorms likely. Mostly cloudy, with a high near 86. Chance of precipitation is 70%."
12,2026-07-29T22:32:02Z,KATL,Monday Night,2026-08-03T18:00:00-04:00,0,73.0,Showers And Thunderstorms Likely,"Showers and thunderstorms likely before 2am. Mostly cloudy, with a low around 73. Chance of precipitation is 70%."
13,2026-07-29T22:32:02Z,KATL,Tuesday,2026-08-04T06:00:00-04:00,1,87.0,Chance Rain Showers then Chance Showers And Thunderstorms,"A chance of rain showers between 8am and 2pm, then a chance of showers and thunderstorms. Partly sunny, with a high near 87. Chance of precipitation is 50%."
14,2026-07-29T22:32:02Z,KATL,Tuesday Night,2026-08-04T18:00:00-04:00,0,73.0,Chance Showers And Thunderstorms,"A chance of showers and thunderstorms before 2am. Mostly cloudy, with a low around 73."
15,2026-07-29T22:32:02Z,KAUS,This Afternoon,2026-07-29T15:00:00-05:00,1,99.0,Sunny,"Sunny, with a high near 99. Heat index values as high as 106. South southwest wind 5 to 10 mph."
16,2026-07-29T22:32:02Z,KAUS,Tonight,2026-07-29T18:00:00-05:00,0,77.0,Mostly Clear,"Mostly clear, with a low around 77. Heat index values as high as 103. South wind 5 to 10 mph, with gusts as high as 20 mph."
17,2026-07-29T22:32:02Z,KAUS,Thursday,2026-07-30T06:00:00-05:00,1,100.0,Mostly Sunny,"Mostly sunny, with a high near 100. Heat index values as high as 104. South southwest wind 5 to 10 mph."
18,2026-07-29T22:32:02Z,KAUS,Thursday Night,2026-07-30T18:00:00-05:00,0,76.0,Mostly Clear,"Mostly clear, with a low around 76. Heat index values as high as 105. South wind 5 to 10 mph, with gusts as high as 20 mph."
19,2026-07-29T22:32:02Z,KAUS,Friday,2026-07-31T06:00:00-05:00,1,100.0,Mostly Sunny,"Mostly sunny, with a high near 100. South southwest wind 5 to 10 mph."
20,2026-07-29T22:32:02Z,KAUS,Friday Night,2026-07-31T18:00:00-05:00,0,77.0,Mostly Clear,"Mostly clear, with a low around 77. South wind 5 to 10 mph, with gusts as high as 20 mph."
21,2026-07-29T22:32:02Z,KAUS,Saturday,2026-08-01T06:00:00-05:00,1,100.0,Mostly Sunny,"Mostly sunny, with a high near 100. West wind around 5 mph."
22,2026-07-29T22:32:02Z,KAUS,Saturday Night,2026-08-01T18:00:00-05:00,0,78.0,Partly Cloudy then Slight Chance Showers And Thunderstorms,"A slight chance of showers and thunderstorms after 1am. Partly cloudy, with a low around 78. Southwest wind 0 to 5 mph. Chance of precipitation is 20%."
23,2026-07-29T22:32:02Z,KAUS,Sunday,2026-08-02T06:00:00-05:00,1,97.0,Slight Chance Showers And Thunderstorms then Mostly Sunny,"A slight chance of showers and thunderstorms before 7am. Mostly sunny, with a high near 97. North northwest wind around 5 mph. Chance of precipitation is 20%."
24,2026-07-29T22:32:02Z,KAUS,Sunday Night,2026-08-02T18:00:00-05:00,0,76.0,Mostly Clear,"Mostly clear, with a low around 76."
25,2026-07-29T22:32:02Z,KAUS,Monday,2026-08-03T06:00:00-05:00,1,98.0,Sunny,"Sunny, with a high near 98."
26,2026-07-29T22:32:02Z,KAUS,Monday Night,2026-08-03T18:00:00-05:00,0,78.0,Mostly Clear,"Mostly clear, with a low around 78."
27,2026-07-29T22:32:02Z,KAUS,Tuesday,2026-08-04T06:00:00-05:00,1,98.0,Sunny,"Sunny, with a high near 98."
28,2026-07-29T22:32:02Z,KAUS,Tuesday Night,2026-08-04T18:00:00-05:00,0,77.0,Mostly Clear,"Mostly clear, with a low around 77."
29,2026-07-29T22:32:02Z,KBOS,This Afternoon,2026-07-29T16:00:00-04:00,1,72.0,Patchy Fog,"Patchy fog and showers and thunderstorms before 5pm, then patchy fog and showers and thunderstorms. Some of the storms could produce heavy rain. Cloudy, with a high near 72. East wind around 17 mph, with gusts as high as 28 mph. Chance of precipitation is 90%. New rainfall amounts between a quarter and half of an inch possible."
30,2026-07-29T22:32:02Z,KBOS,Tonight,2026-07-29T18:00:00-04:00,0,64.0,Patchy Fog,"Patchy fog and showers and thunderstorms. Some of the storms could produce heavy rain. Cloudy, with a low around 64. East wind 9 to 17 mph, with gusts as high as 29 mph. Chance of precipitation is 90%. New rainfall amounts between three quarters and one inch possible."
31,2026-07-29T22:32:02Z,KBOS,Thursday,2026-07-30T06:00:00-04:00,1,69.0,Rain Showers Likely,"Rain showers likely and patchy fog before 2pm, then patchy fog and a chance of showers and thunderstorms. Cloudy, with a high near 69. Northeast wind 9 to 14 mph. Chance of precipitation is 60%. New rainfall amounts less than a tenth of an inch possible."
32,2026-07-29T22:32:02Z,KBOS,Thursday Night,2026-07-30T18:00:00-04:00,0,63.0,Chance Rain Showers then Patchy Fog,"A chance of rain showers and patchy fog before 9pm, then patchy fog and a slight chance of rain showers between 9pm and 4am. Cloudy, with a low around 63. North wind 6 to 10 mph. Chance of precipitation is 40%."
33,2026-07-29T22:32:02Z,KBOS,Friday,2026-07-31T06:00:00-04:00,1,75.0,Partly Sunny then Slight Chance Rain Showers,"A slight chance of rain showers after 3pm. Partly sunny, with a high near 75. Northeast wind around 6 mph. Chance of precipitation is 20%."
34,2026-07-29T22:32:02Z,KBOS,Friday Night,2026-07-31T18:00:00-04:00,0,65.0,Slight Chance Rain Showers then Partly Cloudy,"A slight chance of rain showers before 7pm. Partly cloudy, with a low around 65. South wind around 5 mph. Chance of precipitation is 20%."
35,2026-07-29T22:32:02Z,KBOS,Saturday,2026-08-01T06:00:00-04:00,1,80.0,Mostly Sunny,"Mostly sunny, with a high near 80. South wind 2 to 7 mph."
36,2026-07-29T22:32:02Z,KBOS,Saturday Night,2026-08-01T18:00:00-04:00,0,68.0,Mostly Cloudy,"Mostly cloudy, with a low around 68. South wind around 7 mph."
37,2026-07-29T22:32:02Z,KBOS,Sunday,2026-08-02T06:00:00-04:00,1,79.0,Partly Sunny then Slight Chance Rain Showers,"A slight chance of rain showers after 5pm. Partly sunny, with a high near 79. South wind 6 to 10 mph."
38,2026-07-29T22:32:02Z,KBOS,Sunday Night,2026-08-02T18:00:00-04:00,0,68.0,Slight Chance Showers And Thunderstorms then Chance Showers And Thunderstorms,"A slight chance of rain showers before 8pm, then a slight chance of showers and thunderstorms between 8pm and 11pm, then a chance of showers and thunderstorms. Mostly cloudy, with a low around 68. South wind 6 to 9 mph. Chance of precipitation is 40%."
39,2026-07-29T22:32:02Z,KBOS,Monday,2026-08-03T06:00:00-04:00,1,78.0,Chance Showers And Thunderstorms,"A chance of showers and thunderstorms. Partly sunny, with a high near 78. Southwest wind around 7 mph. Chance of precipitation is 40%."
40,2026-07-29T22:32:02Z,KBOS,Monday Night,2026-08-03T18:00:00-04:00,0,66.0,Chance Showers And Thunderstorms then Partly Cloudy,"A chance of showers and thunderstorms before 8pm. Partly cloudy, with a low around 66. West wind around 6 mph. Chance of precipitation is 30%."
41,2026-07-29T22:32:02Z,KBOS,Tuesday,2026-08-04T06:00:00-04:00,1,78.0,Sunny,"Sunny, with a high near 78. West wind around 6 mph."
42,2026-07-29T22:32:02Z,KBOS,Tuesday Night,2026-08-04T18:00:00-04:00,0,67.0,Mostly Clear,"Mostly clear, with a low around 67. West wind around 6 mph."
43,2026-07-29T22:32:02Z,KMDW,This Afternoon,2026-07-29T15:00:00-05:00,1,80.0,Sunny,"Sunny. High near 80, with temperatures falling to around 78 in the afternoon. Northeast wind around 10 mph."
44,2026-07-29T22:32:02Z,KMDW,Tonight,2026-07-29T18:00:00-05:00,0,64.0,Mostly Clear,"Mostly clear, with a low around 64. North northwest wind 0 to 10 mph."
45,2026-07-29T22:32:02Z,KMDW,Thursday,2026-07-30T06:00:00-05:00,1,86.0,Sunny,"Sunny, with a high near 86. Southwest wind 0 to 5 mph."
46,2026-07-29T22:32:02Z,KMDW,Thursday Night,2026-07-30T18:00:00-05:00,0,68.0,Mostly Cloudy,"Mostly cloudy, with a low around 68. South southwest wind around 5 mph."
47,2026-07-29T22:32:02Z,KMDW,Friday,2026-07-31T06:00:00-05:00,1,80.0,Showers And Thunderstorms Likely,"A chance of rain showers between 10am and 4pm, then showers and thunderstorms likely. Mostly cloudy, with a high near 80. South wind 5 to 10 mph, with gusts as high as 20 mph. Chance of precipitation is 70%."
48,2026-07-29T22:32:02Z,KMDW,Friday Night,2026-07-31T18:00:00-05:00,0,66.0,Showers And Thunderstorms,"Showers and thunderstorms. Cloudy, with a low around 66. Chance of precipitation is 90%."
49,2026-07-29T22:32:02Z,KMDW,Saturday,2026-08-01T06:00:00-05:00,1,75.0,Showers And Thunderstorms Likely,"Rain showers likely before 7am, then showers and thunderstorms likely. Mostly cloudy, with a high near 75."
50,2026-07-29T22:32:02Z,KMDW,Saturday Night,2026-08-01T18:00:00-05:00,0,66.0,Chance Showers And Thunderstorms,"A chance of showers and thunderstorms before 1am. Partly cloudy, with a low around 66."
51,2026-07-29T22:32:02Z,KMDW,Sunday,2026-08-02T06:00:00-05:00,1,76.0,Mostly Sunny,"Mostly sunny, with a high near 76."
52,2026-07-29T22:32:02Z,KMDW,Sunday Night,2026-08-02T18:00:00-05:00,0,65.0,Partly Cloudy,"Partly cloudy, with a low around 65."
53,2026-07-29T22:32:02Z,KMDW,Monday,2026-08-03T06:00:00-05:00,1,79.0,Sunny,"Sunny, with a high near 79."
54,2026-07-29T22:32:02Z,KMDW,Monday Night,2026-08-03T18:00:00-05:00,0,68.0,Mostly Clear,"Mostly clear, with a low around 68."
55,2026-07-29T22:32:02Z,KMDW,Tuesday,2026-08-04T06:00:00-05:00,1,83.0,Sunny,"Sunny, with a high near 83."
56,2026-07-29T22:32:02Z,KMDW,Tuesday Night,2026-08-04T18:00:00-05:00,0,70.0,Partly Cloudy then Slight Chance Showers And Thunderstorms,"A slight chance of showers and thunderstorms after 1am. Partly cloudy, with a low around 70."
57,2026-07-29T22:32:02Z,KDFW,This Afternoon,2026-07-29T14:00:00-05:00,1,100.0,Mostly Sunny,"Mostly sunny, with a high near 100. Heat index values as high as 104. South southeast wind around 5 mph."
58,2026-07-29T22:32:02Z,KDFW,Tonight,2026-07-29T18:00:00-05:00,0,80.0,Partly Cloudy,"Partly cloudy, with a low around 80. Heat index values as high as 102. South wind 5 to 10 mph."
59,2026-07-29T22:32:02Z,KDFW,Thursday,2026-07-30T06:00:00-05:00,1,102.0,Sunny,"Sunny, with a high near 102. Heat index values as high as 109. South southwest wind 5 to 10 mph."
60,2026-07-29T22:32:02Z,KDFW,Thursday Night,2026-07-30T18:00:00-05:00,0,80.0,Mostly Clear,"Mostly clear. Low around 80, with temperatures rising to around 82 overnight. Heat index values as high as 106. South wind around 10 mph."
61,2026-07-29T22:32:02Z,KDFW,Friday,2026-07-31T06:00:00-05:00,1,104.0,Sunny,"Sunny, with a high near 104. South southwest wind around 10 mph."
62,2026-07-29T22:32:02Z,KDFW,Friday Night,2026-07-31T18:00:00-05:00,0,80.0,Partly Cloudy,"Partly cloudy. Low around 80, with temperatures rising to around 82 overnight. Southwest wind around 10 mph."
63,2026-07-29T22:32:02Z,KDFW,Saturday,2026-08-01T06:00:00-05:00,1,98.0,Slight Chance Showers And Thunderstorms,"A slight chance of showers and thunderstorms between 7am and 1pm. Sunny, with a high near 98. Northwest wind around 10 mph, with gusts as high as 20 mph. Chance of precipitation is 20%."
64,2026-07-29T22:32:02Z,KDFW,Saturday Night,2026-08-01T18:00:00-05:00,0,76.0,Mostly Clear,"Mostly clear, with a low around 76. North northeast wind 5 to 15 mph."
65,2026-07-29T22:32:02Z,KDFW,Sunday,2026-08-02T06:00:00-05:00,1,96.0,Sunny,"Sunny, with a high near 96. North northeast wind 5 to 10 mph."
66,2026-07-29T22:32:02Z,KDFW,Sunday Night,2026-08-02T18:00:00-05:00,0,76.0,Clear,"Clear, with a low around 76."
67,2026-07-29T22:32:02Z,KDFW,Monday,2026-08-03T06:00:00-05:00,1,98.0,Sunny,"Sunny, with a high near 98."
68,2026-07-29T22:32:02Z,KDFW,Monday Night,2026-08-03T18:00:00-05:00,0,78.0,Clear,"Clear, with a low around 78."
69,2026-07-29T22:32:02Z,KDFW,Tuesday,2026-08-04T06:00:00-05:00,1,100.0,Sunny,"Sunny, with a high near 100."
70,2026-07-29T22:32:02Z,KDFW,Tuesday Night,2026-08-04T18:00:00-05:00,0,79.0,Mostly Clear,"Mostly clear, with a low around 79."
71,2026-07-29T22:32:02Z,KDEN,This Afternoon,2026-07-29T13:00:00-06:00,1,91.0,Chance Showers And Thunderstorms,"A chance of showers and thunderstorms between 2pm and 4pm, then showers and thunderstorms likely. Partly sunny. High near 91, with temperatures falling to around 83 in the afternoon. Southeast wind around 8 mph. Chance of precipitation is 70%. New rainfall amounts between a tenth and quarter of an inch possible."
72,2026-07-29T22:32:02Z,KDEN,Tonight,2026-07-29T18:00:00-06:00,0,62.0,Showers And Thunderstorms Likely then Mostly Cloudy,"Showers and thunderstorms likely before midnight. Mostly cloudy. Low around 62, with temperatures rising to around 67 overnight. South southwest wind 6 to 10 mph, with gusts as high as 16 mph. Chance of precipitation is 60%. New rainfall amounts less than a tenth of an inch possible."
73,2026-07-29T22:32:02Z,KDEN,Thursday,2026-07-30T06:00:00-06:00,1,93.0,Mostly Sunny then Slight Chance Showers And Thunderstorms,"A slight chance of showers and thunderstorms after 5pm. Mostly sunny. High near 93, with temperatures falling to around 89 in the afternoon. Northwest wind 5 to 10 mph, with gusts as high as 16 mph. Chance of precipitation is 20%."
74,2026-07-29T22:32:02Z,KDEN,Thursday Night,2026-07-30T18:00:00-06:00,0,64.0,Slight Chance Showers And Thunderstorms then Partly Cloudy,"A slight chance of showers and thunderstorms before 9pm. Partly cloudy, with a low around 64. West wind 6 to 10 mph, with gusts as high as 16 mph. Chance of precipitation is 20%."
75,2026-07-29T22:32:02Z,KDEN,Friday,2026-07-31T06:00:00-06:00,1,90.0,Mostly Sunny then Chance Showers And Thunderstorms,"A chance of showers and thunderstorms between noon and 3pm, then a chance of showers and thunderstorms. Mostly sunny, with a high near 90. Northeast wind 3 to 8 mph. Chance of precipitation is 30%."
76,2026-07-29T22:32:02Z,KDEN,Friday Night,2026-07-31T18:00:00-06:00,0,62.0,Chance Showers And Thunderstorms then Mostly Clear,"A chance of showers and thunderstorms before 9pm, then a chance of showers and thunderstorms between 9pm and midnight. Mostly clear, with a low around 62. Chance of precipitation is 30%."
77,2026-07-29T22:32:02Z,KDEN,Saturday,2026-08-01T06:00:00-06:00,1,94.0,Sunny,"Sunny, with a high near 94."
78,2026-07-29T22:32:02Z,KDEN,Saturday Night,2026-08-01T18:00:00-06:00,0,63.0,Mostly Clear,"Mostly clear, with a low around 63."
79,2026-07-29T22:32:02Z,KDEN,Sunday,2026-08-02T06:00:00-06:00,1,100.0,Sunny,"Sunny, with a high near 100."
80,2026-07-29T22:32:02Z,KDEN,Sunday Night,2026-08-02T18:00:00-06:00,0,67.0,Mostly Clear,"Mostly clear, with a low around 67."
81,2026-07-29T22:32:02Z,KDEN,Monday,2026-08-03T06:00:00-06:00,1,99.0,Sunny,"Sunny, with a high near 99."
82,2026-07-29T22:32:02Z,KDEN,Monday Night,2026-08-03T18:00:00-06:00,0,66.0,Chance Showers And Thunderstorms then Partly Cloudy,"A chance of showers and thunderstorms before midnight. Partly cloudy, with a low around 66."
83,2026-07-29T22:32:02Z,KDEN,Tuesday,2026-08-04T06:00:00-06:00,1,88.0,Mostly Sunny then Slight Chance Showers And Thunderstorms,"A slight chance of showers and thunderstorms after noon. Mostly sunny, with a high near 88."
84,2026-07-29T22:32:02Z,KDEN,Tuesday Night,2026-08-04T18:00:00-06:00,0,62.0,Slight Chance Showers And Thunderstorms then Partly Cloudy,"A slight chance of showers and thunderstorms before midnight. Partly cloudy, with a low around 62."
85,2026-07-29T22:32:02Z,KIAH,This Afternoon,2026-07-29T17:00:00-05:00,1,99.0,Mostly Sunny,"Mostly sunny, with a high near 99. Heat index values as high as 107. South wind around 5 mph."
86,2026-07-29T22:32:02Z,KIAH,Tonight,2026-07-29T18:00:00-05:00,0,78.0,Slight Chance Rain Showers then Partly Cloudy,"A slight chance of rain showers before 9pm. Partly cloudy, with a low around 78. Heat index values as high as 106. South wind 5 to 10 mph. Chance of precipitation is 20%."
87,2026-07-29T22:32:02Z,KIAH,Thursday,2026-07-30T06:00:00-05:00,1,99.0,Mostly Sunny then Slight Chance Rain Showers,"A slight chance of rain showers after 4pm. Mostly sunny, with a high near 99. Heat index values as high as 107. Southwest wind around 5 mph. Chance of precipitation is 20%."
88,2026-07-29T22:32:02Z,KIAH,Thursday Night,2026-07-30T18:00:00-05:00,0,78.0,Slight Chance Rain Showers then Partly Cloudy,"A slight chance of rain showers before 7pm. Partly cloudy, with a low around 78. Heat index values as high as 106. South wind 5 to 10 mph. Chance of precipitation is 20%."
89,2026-07-29T22:32:02Z,KIAH,Friday,2026-07-31T06:00:00-05:00,1,99.0,Mostly Sunny,"Mostly sunny, with a high near 99. Southwest wind around 5 mph."
90,2026-07-29T22:32:02Z,KIAH,Friday Night,2026-07-31T18:00:00-05:00,0,79.0,Mostly Clear,"Mostly clear, with a low around 79."
91,2026-07-29T22:32:02Z,KIAH,Saturday,2026-08-01T06:00:00-05:00,1,100.0,Mostly Sunny,"Mostly sunny, with a high near 100."
92,2026-07-29T22:32:02Z,KIAH,Saturday Night,2026-08-01T18:00:00-05:00,0,80.0,Partly Cloudy then Slight Chance Showers And Thunderstorms,"A slight chance of showers and thunderstorms after 1am. Partly cloudy, with a low around 80. Chance of precipitation is 20%."
93,2026-07-29T22:32:02Z,KIAH,Sunday,2026-08-02T06:00:00-05:00,1,96.0,Slight Chance Showers And Thunderstorms,"A slight chance of showers and thunderstorms. Mostly sunny, with a high near 96. Chance of precipitation is 20%."
94,2026-07-29T22:32:02Z,KIAH,Sunday Night,2026-08-02T18:00:00-05:00,0,78.0,Slight Chance Showers And Thunderstorms then Mostly Clear,"A slight chance of showers and thunderstorms before 7pm. Mostly clear, with a low around 78. Chance of precipitation is 20%."
95,2026-07-29T22:32:02Z,KIAH,Monday,2026-08-03T06:00:00-05:00,1,97.0,Sunny,"Sunny, with a high near 97."
96,2026-07-29T22:32:02Z,KIAH,Monday Night,2026-08-03T18:00:00-05:00,0,78.0,Mostly Clear,"Mostly clear, with a low around 78."
97,2026-07-29T22:32:02Z,KIAH,Tuesday,2026-08-04T06:00:00-05:00,1,98.0,Sunny then Slight Chance Showers And Thunderstorms,"A slight chance of showers and thunderstorms after 1pm. Sunny, with a high near 98. Chance of precipitation is 20%."
98,2026-07-29T22:32:02Z,KIAH,Tuesday Night,2026-08-04T18:00:00-05:00,0,79.0,Slight Chance Showers And Thunderstorms,"A slight chance of showers and thunderstorms. Mostly clear, with a low around 79."
99,2026-07-29T22:32:02Z,KLAS,This Afternoon,2026-07-29T14:00:00-07:00,1,110.0,Sunny,"Sunny, with a high near 110. Heat index values as high as 105. South southwest wind around 12 mph, with gusts as high as 20 mph."
100,2026-07-29T22:32:02Z,KLAS,Tonight,2026-07-29T18:00:00-07:00,0,83.0,Mostly Clear,"Mostly clear. Low around 83, with temperatures rising to around 86 overnight. Southwest wind 6 to 12 mph, with gusts as high as 18 mph."
101,2026-07-29T22:32:02Z,KLAS,Thursday,2026-07-30T06:00:00-07:00,1,110.0,Sunny,"Sunny, with a high near 110. South wind 2 to 7 mph."
102,2026-07-29T22:32:02Z,KLAS,Thursday Night,2026-07-30T18:00:00-07:00,0,83.0,Mostly Clear,"Mostly clear, with a low around 83. West southwest wind around 7 mph."
103,2026-07-29T22:32:02Z,KLAS,Friday,2026-07-31T06:00:00-07:00,1,112.0,Sunny,"Sunny, with a high near 112. South southeast wind around 5 mph."
104,2026-07-29T22:32:02Z,KLAS,Friday Night,2026-07-31T18:00:00-07:00,0,86.0,Clear,"Clear, with a low around 86."
105,2026-07-29T22:32:02Z,KLAS,Saturday,2026-08-01T06:00:00-07:00,1,115.0,Sunny,"Sunny, with a high near 115."
106,2026-07-29T22:32:02Z,KLAS,Saturday Night,2026-08-01T18:00:00-07:00,0,87.0,Clear,"Clear, with a low around 87."
107,2026-07-29T22:32:02Z,KLAS,Sunday,2026-08-02T06:00:00-07:00,1,114.0,Sunny,"Sunny, with a high near 114."
108,2026-07-29T22:32:02Z,KLAS,Sunday Night,2026-08-02T18:00:00-07:00,0,87.0,Clear,"Clear, with a low around 87."
109,2026-07-29T22:32:02Z,KLAS,Monday,2026-08-03T06:00:00-07:00,1,113.0,Sunny,"Sunny, with a high near 113."
110,2026-07-29T22:32:02Z,KLAS,Monday Night,2026-08-03T18:00:00-07:00,0,89.0,Clear,"Clear, with a low around 89."
111,2026-07-29T22:32:02Z,KLAS,Tuesday,2026-08-04T06:00:00-07:00,1,113.0,Sunny,"Sunny, with a high near 113."
112,2026-07-29T22:32:02Z,KLAS,Tuesday Night,2026-08-04T18:00:00-07:00,0,88.0,Clear,"Clear, with a low around 88."
113,2026-07-29T22:32:02Z,KLAX,This Afternoon,2026-07-29T13:00:00-07:00,1,79.0,Mostly Sunny,"Mostly sunny, with a high near 79. West southwest wind around 10 mph."
114,2026-07-29T22:32:02Z,KLAX,Tonight,2026-07-29T18:00:00-07:00,0,67.0,Patchy Fog,"Patchy fog after 11pm. Mostly cloudy, with a low around 67. South southwest wind 0 to 10 mph."
115,2026-07-29T22:32:02Z,KLAX,Thursday,2026-07-30T06:00:00-07:00,1,79.0,Patchy Fog then Mostly Sunny,"Patchy fog before 11am. Mostly sunny, with a high near 79. South southwest wind 5 to 10 mph."
116,2026-07-29T22:32:02Z,KLAX,Thursday Night,2026-07-30T18:00:00-07:00,0,67.0,Patchy Fog,"Patchy fog after 11pm. Mostly cloudy, with a low around 67. Southwest wind 5 to 10 mph."
117,2026-07-29T22:32:02Z,KLAX,Friday,2026-07-31T06:00:00-07:00,1,80.0,Patchy Fog then Mostly Sunny,"Patchy fog before 11am. Mostly sunny, with a high near 80. Southwest wind 0 to 10 mph."
118,2026-07-29T22:32:02Z,KLAX,Friday Night,2026-07-31T18:00:00-07:00,0,68.0,Partly Cloudy,"Partly cloudy, with a low around 68."
119,2026-07-29T22:32:02Z,KLAX,Saturday,2026-08-01T06:00:00-07:00,1,81.0,Mostly Sunny,"Mostly sunny, with a high near 81."
120,2026-07-29T22:32:02Z,KLAX,Saturday Night,2026-08-01T18:00:00-07:00,0,67.0,Partly Cloudy,"Partly cloudy, with a low around 67."
121,2026-07-29T22:32:02Z,KLAX,Sunday,2026-08-02T06:00:00-07:00,1,79.0,Mostly Sunny,"Mostly sunny, with a high near 79."
122,2026-07-29T22:32:02Z,KLAX,Sunday Night,2026-08-02T18:00:00-07:00,0,67.0,Mostly Clear,"Mostly clear, with a low around 67."
123,2026-07-29T22:32:02Z,KLAX,Monday,2026-08-03T06:00:00-07:00,1,77.0,Mostly Sunny,"Mostly sunny, with a high near 77."
124,2026-07-29T22:32:02Z,KLAX,Monday Night,2026-08-03T18:00:00-07:00,0,66.0,Partly Cloudy,"Partly cloudy, with a low around 66."
125,2026-07-29T22:32:02Z,KLAX,Tuesday,2026-08-04T06:00:00-07:00,1,77.0,Sunny,"Sunny, with a high near 77."
126,2026-07-29T22:32:02Z,KLAX,Tuesday Night,2026-08-04T18:00:00-07:00,0,66.0,Partly Cloudy,"Partly cloudy, with a low around 66."
127,2026-07-29T22:32:02Z,KMIA,This Afternoon,2026-07-29T16:00:00-04:00,1,94.0,Mostly Sunny,"Mostly sunny, with a high near 94. Heat index values as high as 102. Southwest wind around 15 mph, with gusts as high as 24 mph. New rainfall amounts less than a tenth of an inch possible."
128,2026-07-29T22:32:02Z,KMIA,Tonight,2026-07-29T18:00:00-04:00,0,79.0,Partly Cloudy,"Partly cloudy, with a low around 79. Southwest wind 7 to 14 mph, with gusts as high as 22 mph. New rainfall amounts less than a tenth of an inch possible."
129,2026-07-29T22:32:02Z,KMIA,Thursday,2026-07-30T06:00:00-04:00,1,95.0,Mostly Sunny then Slight Chance Showers And Thunderstorms,"A slight chance of showers and thunderstorms between 3pm and 4pm. Mostly sunny, with a high near 95. Heat index values as high as 103. Southwest wind 6 to 14 mph, with gusts as high as 22 mph. Chance of precipitation is 20%. New rainfall amounts less than a tenth of an inch possible."
130,2026-07-29T22:32:02Z,KMIA,Thursday Night,2026-07-30T18:00:00-04:00,0,79.0,Partly Cloudy,"Partly cloudy, with a low around 79. Heat index values as high as 101. Southwest wind 3 to 13 mph, with gusts as high as 20 mph."
131,2026-07-29T22:32:02Z,KMIA,Friday,2026-07-31T06:00:00-04:00,1,94.0,Mostly Sunny then Slight Chance Showers And Thunderstorms,"A slight chance of showers and thunderstorms after 2pm. Mostly sunny, with a high near 94. Southwest wind 0 to 12 mph, with gusts as high as 18 mph. Chance of precipitation is 20%."
132,2026-07-29T22:32:02Z,KMIA,Friday Night,2026-07-31T18:00:00-04:00,0,79.0,Slight Chance Showers And Thunderstorms then Mostly Cloudy,"A slight chance of showers and thunderstorms before 8pm. Mostly cloudy, with a low around 79. Southwest wind 1 to 12 mph. Chance of precipitation is 20%."
133,2026-07-29T22:32:02Z,KMIA,Saturday,2026-08-01T06:00:00-04:00,1,93.0,Partly Sunny then Chance Showers And Thunderstorms,"A chance of showers and thunderstorms after 2pm. Partly sunny, with a high near 93. Southwest wind 0 to 10 mph. Chance of precipitation is 50%."
134,2026-07-29T22:32:02Z,KMIA,Saturday Night,2026-08-01T18:00:00-04:00,0,79.0,Chance Showers And Thunderstorms,"A chance of showers and thunderstorms. Mostly cloudy, with a low around 79. South wind 3 to 10 mph. Chance of precipitation is 50%."
135,2026-07-29T22:32:02Z,KMIA,Sunday,2026-08-02T06:00:00-04:00,1,92.0,Chance Showers And Thunderstorms,"A chance of showers and thunderstorms. Mostly sunny, with a high near 92. Southeast wind 3 to 12 mph, with gusts as high as 18 mph. Chance of precipitation is 30%."
136,2026-07-29T22:32:02Z,KMIA,Sunday Night,2026-08-02T18:00:00-04:00,0,81.0,Chance Showers And Thunderstorms,"A chance of showers and thunderstorms before 2am. Partly cloudy, with a low around 81. Chance of precipitation is 30%."
137,2026-07-29T22:32:02Z,KMIA,Monday,2026-08-03T06:00:00-04:00,1,92.0,Chance Showers And Thunderstorms,"A chance of showers and thunderstorms after 8am. Mostly sunny, with a high near 92. Chance of precipitation is 50%."
138,2026-07-29T22:32:02Z,KMIA,Monday Night,2026-08-03T18:00:00-04:00,0,79.0,Chance Showers And Thunderstorms,"A chance of showers and thunderstorms before 2am. Partly cloudy, with a low around 79. Chance of precipitation is 50%."
139,2026-07-29T22:32:02Z,KMIA,Tuesday,2026-08-04T06:00:00-04:00,1,90.0,Chance Showers And Thunderstorms,"A chance of showers and thunderstorms after 8am. Mostly sunny, with a high near 90. Chance of precipitation is 50%."
140,2026-07-29T22:32:02Z,KMIA,Tuesday Night,2026-08-04T18:00:00-04:00,0,79.0,Chance Showers And Thunderstorms,"A chance of showers and thunderstorms. Partly cloudy, with a low around 79."
141,2026-07-29T22:32:02Z,KMSP,This Afternoon,2026-07-29T16:00:00-05:00,1,91.0,Patchy Smoke,"Patchy smoke. Mostly sunny, with a high near 91. South southwest wind around 5 mph."
142,2026-07-29T22:32:02Z,KMSP,Tonight,2026-07-29T18:00:00-05:00,0,72.0,Patchy Smoke,"Patchy smoke. Partly cloudy, with a low around 72. South wind around 10 mph."
143,2026-07-29T22:32:02Z,KMSP,Thursday,2026-07-30T06:00:00-05:00,1,89.0,Patchy Smoke,"Patchy smoke. Partly sunny, with a high near 89. South southwest wind 10 to 15 mph."
144,2026-07-29T22:32:02Z,KMSP,Thursday Night,2026-07-30T18:00:00-05:00,0,67.0,Chance Rain Showers then Chance Showers And Thunderstorms,"A chance of rain showers between 10pm and 1am, then a chance of showers and thunderstorms between 1am and 5am, then patchy smoke and showers and thunderstorms likely. Cloudy, with a low around 67. South southeast wind 10 to 15 mph. Chance of precipitation is 60%. New rainfall amounts between a half and three quarters of an inch possible."
145,2026-07-29T22:32:02Z,KMSP,Friday,2026-07-31T06:00:00-05:00,1,78.0,Patchy Smoke,"Patchy smoke and showers and thunderstorms. Some of the storms could produce heavy rain. Mostly cloudy, with a high near 78. East northeast wind around 10 mph. Chance of precipitation is 80%. New rainfall amounts between three quarters and one inch possible."
146,2026-07-29T22:32:02Z,KMSP,Friday Night,2026-07-31T18:00:00-05:00,0,64.0,Chance Rain Showers,"A chance of rain showers before 1am. Partly cloudy, with a low around 64. North northeast wind 5 to 10 mph. Chance of precipitation is 40%. New rainfall amounts between a tenth and quarter of an inch possible."
147,2026-07-29T22:32:02Z,KMSP,Saturday,2026-08-01T06:00:00-05:00,1,85.0,Sunny,"Sunny, with a high near 85. North wind 5 to 10 mph."
148,2026-07-29T22:32:02Z,KMSP,Saturday Night,2026-08-01T18:00:00-05:00,0,64.0,Mostly Clear,"Mostly clear, with a low around 64. East northeast wind 0 to 10 mph."
149,2026-07-29T22:32:02Z,KMSP,Sunday,2026-08-02T06:00:00-05:00,1,84.0,Sunny,"Sunny, with a high near 84. Southeast wind 0 to 5 mph."
150,2026-07-29T22:32:02Z,KMSP,Sunday Night,2026-08-02T18:00:00-05:00,0,67.0,Mostly Clear,"Mostly clear, with a low around 67. South southeast wind 5 to 10 mph."
151,2026-07-29T22:32:02Z,KMSP,Monday,2026-08-03T06:00:00-05:00,1,86.0,Sunny,"Sunny, with a high near 86. South wind 10 to 15 mph, with gusts as high as 30 mph."
152,2026-07-29T22:32:02Z,KMSP,Monday Night,2026-08-03T18:00:00-05:00,0,70.0,Partly Cloudy then Slight Chance Showers And Thunderstorms,"A slight chance of showers and thunderstorms after 1am. Partly cloudy, with a low around 70. South wind 10 to 15 mph, with gusts as high as 30 mph. Chance of precipitation is 20%."
153,2026-07-29T22:32:02Z,KMSP,Tuesday,2026-08-04T06:00:00-05:00,1,84.0,Slight Chance Showers And Thunderstorms,"A slight chance of showers and thunderstorms before 1pm, then a chance of showers and thunderstorms. Mostly sunny, with a high near 84. West southwest wind 5 to 10 mph. Chance of precipitation is 30%."
154,2026-07-29T22:32:02Z,KMSP,Tuesday Night,2026-08-04T18:00:00-05:00,0,65.0,Chance Showers And Thunderstorms,"A chance of showers and thunderstorms. Mostly cloudy, with a low around 65. North northwest wind 5 to 10 mph. Chance of precipitation is 30%."
155,2026-07-29T22:32:02Z,KMSY,This Afternoon,2026-07-29T14:00:00-05:00,1,97.0,Mostly Sunny,"Mostly sunny, with a high near 97. Heat index values as high as 107. West wind around 10 mph."
156,2026-07-29T22:32:02Z,KMSY,Tonight,2026-07-29T18:00:00-05:00,0,79.0,Partly Cloudy,"Partly cloudy. Low around 79, with temperatures rising to around 81 overnight. Heat index values as high as 106. West wind around 10 mph."
157,2026-07-29T22:32:02Z,KMSY,Thursday,2026-07-30T06:00:00-05:00,1,94.0,Mostly Sunny then Slight Chance Showers And Thunderstorms,"A slight chance of showers and thunderstorms after 1pm. Mostly sunny. High near 94, with temperatures falling to around 92 in the afternoon. Heat index values as high as 107. West wind around 10 mph. Chance of precipitation is 20%. New rainfall amounts less than a tenth of an inch possible."
158,2026-07-29T22:32:02Z,KMSY,Thursday Night,2026-07-30T18:00:00-05:00,0,79.0,Slight Chance Showers And Thunderstorms,"A slight chance of showers and thunderstorms before 1am. Partly cloudy, with a low around 79. Heat index values as high as 105. Southwest wind around 10 mph. Chance of precipitation is 20%."
159,2026-07-29T22:32:02Z,KMSY,Friday,2026-07-31T06:00:00-05:00,1,93.0,Partly Sunny then Chance Showers And Thunderstorms,"A chance of showers and thunderstorms after 1pm. Partly sunny, with a high near 93. West wind around 10 mph. Chance of precipitation is 50%."
160,2026-07-29T22:32:02Z,KMSY,Friday Night,2026-07-31T18:00:00-05:00,0,78.0,Chance Showers And Thunderstorms then Mostly Cloudy,"A chance of showers and thunderstorms before 7pm. Mostly cloudy, with a low around 78. Southwest wind around 10 mph. Chance of precipitation is 50%."
161,2026-07-29T22:32:02Z,KMSY,Saturday,2026-08-01T06:00:00-05:00,1,92.0,Partly Sunny then Chance Showers And Thunderstorms,"A chance of showers and thunderstorms after 1pm. Partly sunny, with a high near 92. West wind around 10 mph. Chance of precipitation is 40%."
162,2026-07-29T22:32:02Z,KMSY,Saturday Night,2026-08-01T18:00:00-05:00,0,77.0,Chance Showers And Thunderstorms,"A chance of showers and thunderstorms before 1am, then showers and thunderstorms likely. Mostly cloudy, with a low around 77. Southwest wind around 10 mph."
163,2026-07-29T22:32:02Z,KMSY,Sunday,2026-08-02T06:00:00-05:00,1,88.0,Showers And Thunderstorms,"Showers and thunderstorms before 1pm, then a chance of showers and thunderstorms. Partly sunny, with a high near 88. West wind around 10 mph."
164,2026-07-29T22:32:02Z,KMSY,Sunday Night,2026-08-02T18:00:00-05:00,0,76.0,Chance Showers And Thunderstorms,"A chance of showers and thunderstorms. Mostly cloudy, with a low around 76. West wind 5 to 10 mph."
165,2026-07-29T22:32:02Z,KMSY,Monday,2026-08-03T06:00:00-05:00,1,90.0,Chance Showers And Thunderstorms,"A chance of rain showers before 7am, then a chance of showers and thunderstorms. Mostly sunny, with a high near 90. West wind 5 to 10 mph."
166,2026-07-29T22:32:02Z,KMSY,Monday Night,2026-08-03T18:00:00-05:00,0,77.0,Chance Showers And Thunderstorms,"A chance of showers and thunderstorms. Partly cloudy, with a low around 77. Southwest wind 5 to 10 mph."
167,2026-07-29T22:32:02Z,KMSY,Tuesday,2026-08-04T06:00:00-05:00,1,92.0,Chance Showers And Thunderstorms,"A slight chance of rain showers before 7am, then a chance of showers and thunderstorms. Mostly sunny, with a high near 92. Southwest wind around 5 mph."
168,2026-07-29T22:32:02Z,KMSY,Tuesday Night,2026-08-04T18:00:00-05:00,0,77.0,Chance Showers And Thunderstorms,"A chance of showers and thunderstorms. Partly cloudy, with a low around 77. South wind around 5 mph."
169,2026-07-29T22:32:02Z,KNYC,Tonight,2026-07-29T18:00:00-04:00,0,67.0,Chance Showers And Thunderstorms,"A chance of showers and thunderstorms before 11pm, then a chance of showers and thunderstorms. Mostly cloudy, with a low around 67. Northwest wind around 5 mph. Chance of precipitation is 30%. New rainfall amounts less than a tenth of an inch possible."
170,2026-07-29T22:32:02Z,KNYC,Thursday,2026-07-30T06:00:00-04:00,1,77.0,Chance Showers And Thunderstorms,"A chance of rain showers before 11am, then a chance of showers and thunderstorms. Mostly cloudy, with a high near 77. Northwest wind 5 to 9 mph. Chance of precipitation is 30%. New rainfall amounts less than a tenth of an inch possible."
171,2026-07-29T22:32:02Z,KNYC,Thursday Night,2026-07-30T18:00:00-04:00,0,66.0,Chance Showers And Thunderstorms then Partly Cloudy,"A chance of showers and thunderstorms before 8pm. Partly cloudy. Low around 66, with temperatures rising to around 68 overnight. Northwest wind 2 to 7 mph. Chance of precipitation is 30%."
172,2026-07-29T22:32:02Z,KNYC,Friday,2026-07-31T06:00:00-04:00,1,82.0,Sunny,"Sunny, with a high near 82. Northwest wind around 1 mph."
173,2026-07-29T22:32:02Z,KNYC,Friday Night,2026-07-31T18:00:00-04:00,0,69.0,Partly Cloudy,"Partly cloudy, with a low around 69. Wind around 0 mph."
174,2026-07-29T22:32:02Z,KNYC,Saturday,2026-08-01T06:00:00-04:00,1,83.0,Partly Sunny,"Partly sunny, with a high near 83."
175,2026-07-29T22:32:02Z,KNYC,Saturday Night,2026-08-01T18:00:00-04:00,0,71.0,Mostly Cloudy,"Mostly cloudy, with a low around 71."
176,2026-07-29T22:32:02Z,KNYC,Sunday,2026-08-02T06:00:00-04:00,1,82.0,Slight Chance Rain Showers then Slight Chance Showers And Thunderstorms,"A slight chance of rain showers between 8am and 2pm, then a slight chance of showers and thunderstorms. Mostly cloudy, with a high near 82."
177,2026-07-29T22:32:02Z,KNYC,Sunday Night,2026-08-02T18:00:00-04:00,0,70.0,Slight Chance Showers And Thunderstorms then Chance Showers And Thunderstorms,"A slight chance of showers and thunderstorms before 8pm, then a chance of showers and thunderstorms. Mostly cloudy, with a low around 70. Chance of precipitation is 50%."
178,2026-07-29T22:32:02Z,KNYC,Monday,2026-08-03T06:00:00-04:00,1,83.0,Chance Rain Showers then Chance Showers And Thunderstorms,"A chance of rain showers before 2pm, then a chance of showers and thunderstorms. Mostly cloudy, with a high near 83. Chance of precipitation is 50%."
179,2026-07-29T22:32:02Z,KNYC,Monday Night,2026-08-03T18:00:00-04:00,0,70.0,Chance Showers And Thunderstorms,"A chance of showers and thunderstorms before 2am. Mostly cloudy, with a low around 70. Chance of precipitation is 40%."
180,2026-07-29T22:32:02Z,KNYC,Tuesday,2026-08-04T06:00:00-04:00,1,85.0,Sunny,"Sunny, with a high near 85."
181,2026-07-29T22:32:02Z,KNYC,Tuesday Night,2026-08-04T18:00:00-04:00,0,70.0,Mostly Clear,"Mostly clear, with a low around 70."
182,2026-07-29T22:32:02Z,KNYC,Wednesday,2026-08-05T06:00:00-04:00,1,87.0,Sunny,"Sunny, with a high near 87."
183,2026-07-29T22:32:02Z,KOKC,This Afternoon,2026-07-29T13:00:00-05:00,1,102.0,Mostly Sunny,"Mostly sunny, with a high near 102. Heat index values as high as 107. South southeast wind 7 to 10 mph."
184,2026-07-29T22:32:02Z,KOKC,Tonight,2026-07-29T18:00:00-05:00,0,76.0,Mostly Clear,"Mostly clear, with a low around 76. Heat index values as high as 105. South southeast wind around 12 mph."
185,2026-07-29T22:32:02Z,KOKC,Thursday,2026-07-30T06:00:00-05:00,1,101.0,Slight Chance Rain Showers then Mostly Sunny,"A slight chance of rain showers between 7am and 10am. Mostly sunny, with a high near 101. Heat index values as high as 106. South wind 8 to 14 mph, with gusts as high as 21 mph. Chance of precipitation is 20%."
186,2026-07-29T22:32:02Z,KOKC,Thursday Night,2026-07-30T18:00:00-05:00,0,76.0,Mostly Clear then Slight Chance Showers And Thunderstorms,"A slight chance of showers and thunderstorms after 1am. Mostly clear, with a low around 76. Heat index values as high as 106. South wind around 14 mph, with gusts as high as 21 mph. Chance of precipitation is 20%."
187,2026-07-29T22:32:02Z,KOKC,Friday,2026-07-31T06:00:00-05:00,1,100.0,Slight Chance Showers And Thunderstorms then Chance Showers And Thunderstorms,"A slight chance of showers and thunderstorms before 7am, then a chance of showers and thunderstorms between 7am and 1pm, then a slight chance of showers and thunderstorms. Partly sunny, with a high near 100. West southwest wind 10 to 14 mph, with gusts as high as 21 mph. Chance of precipitation is 40%."
188,2026-07-29T22:32:02Z,KOKC,Friday Night,2026-07-31T18:00:00-05:00,0,72.0,Slight Chance Showers And Thunderstorms then Mostly Clear,"A slight chance of showers and thunderstorms before 7pm. Mostly clear, with a low around 72. Chance of precipitation is 20%."
189,2026-07-29T22:32:02Z,KOKC,Saturday,2026-08-01T06:00:00-05:00,1,91.0,Sunny,"Sunny, with a high near 91."
190,2026-07-29T22:32:02Z,KOKC,Saturday Night,2026-08-01T18:00:00-05:00,0,67.0,Clear,"Clear, with a low around 67."
191,2026-07-29T22:32:02Z,KOKC,Sunday,2026-08-02T06:00:00-05:00,1,91.0,Sunny,"Sunny, with a high near 91."
192,2026-07-29T22:32:02Z,KOKC,Sunday Night,2026-08-02T18:00:00-05:00,0,68.0,Clear,"Clear, with a low around 68."
193,2026-07-29T22:32:02Z,KOKC,Monday,2026-08-03T06:00:00-05:00,1,94.0,Sunny,"Sunny, with a high near 94."
194,2026-07-29T22:32:02Z,KOKC,Monday Night,2026-08-03T18:00:00-05:00,0,71.0,Clear,"Clear, with a low around 71."
195,2026-07-29T22:32:02Z,KOKC,Tuesday,2026-08-04T06:00:00-05:00,1,96.0,Sunny,"Sunny, with a high near 96."
196,2026-07-29T22:32:02Z,KOKC,Tuesday Night,2026-08-04T18:00:00-05:00,0,73.0,Mostly Clear,"Mostly clear, with a low around 73."
197,2026-07-29T22:32:02Z,KPHL,This Afternoon,2026-07-29T16:00:00-04:00,1,84.0,Partly Sunny,"Partly sunny, with a high near 84. Northwest wind around 15 mph."
198,2026-07-29T22:32:02Z,KPHL,Tonight,2026-07-29T18:00:00-04:00,0,67.0,Mostly Cloudy,"Mostly cloudy, with a low around 67. Northwest wind 10 to 15 mph."
199,2026-07-29T22:32:02Z,KPHL,Thursday,2026-07-30T06:00:00-04:00,1,82.0,Partly Sunny,"Partly sunny, with a high near 82. Northwest wind 10 to 15 mph."
200,2026-07-29T22:32:02Z,KPHL,Thursday Night,2026-07-30T18:00:00-04:00,0,67.0,Mostly Clear,"Mostly clear, with a low around 67. Northwest wind 5 to 10 mph."
201,2026-07-29T22:32:02Z,KPHL,Friday,2026-07-31T06:00:00-04:00,1,86.0,Sunny,"Sunny, with a high near 86. Northwest wind 0 to 5 mph."
202,2026-07-29T22:32:02Z,KPHL,Friday Night,2026-07-31T18:00:00-04:00,0,68.0,Partly Cloudy,"Partly cloudy, with a low around 68."
203,2026-07-29T22:32:02Z,KPHL,Saturday,2026-08-01T06:00:00-04:00,1,87.0,Partly Sunny,"Partly sunny, with a high near 87."
204,2026-07-29T22:32:02Z,KPHL,Saturday Night,2026-08-01T18:00:00-04:00,0,70.0,Mostly Cloudy,"Mostly cloudy, with a low around 70."
205,2026-07-29T22:32:02Z,KPHL,Sunday,2026-08-02T06:00:00-04:00,1,84.0,Chance Showers And Thunderstorms,"A slight chance of rain showers between 8am and 2pm, then a chance of showers and thunderstorms. Mostly cloudy, with a high near 84. Chance of precipitation is 40%."
206,2026-07-29T22:32:02Z,KPHL,Sunday Night,2026-08-02T18:00:00-04:00,0,70.0,Chance Showers And Thunderstorms,"A chance of showers and thunderstorms. Mostly cloudy, with a low around 70. Chance of precipitation is 50%."
207,2026-07-29T22:32:02Z,KPHL,Monday,2026-08-03T06:00:00-04:00,1,85.0,Chance Showers And Thunderstorms,"A chance of rain showers before 8am, then a chance of showers and thunderstorms between 8am and 2pm, then a chance of showers and thunderstorms. Mostly cloudy, with a high near 85. Chance of precipitation is 40%."
208,2026-07-29T22:32:02Z,KPHL,Monday Night,2026-08-03T18:00:00-04:00,0,70.0,Chance Showers And Thunderstorms,"A chance of showers and thunderstorms before 2am. Partly cloudy, with a low around 70. Chance of precipitation is 40%."
209,2026-07-29T22:32:02Z,KPHL,Tuesday,2026-08-04T06:00:00-04:00,1,87.0,Mostly Sunny then Slight Chance Showers And Thunderstorms,"A slight chance of showers and thunderstorms after 2pm. Mostly sunny, with a high near 87."
210,2026-07-29T22:32:02Z,KPHL,Tuesday Night,2026-08-04T18:00:00-04:00,0,69.0,Slight Chance Showers And Thunderstorms then Partly Cloudy,"A slight chance of showers and thunderstorms before 8pm. Partly cloudy, with a low around 69."
211,2026-07-29T22:32:02Z,KPHX,This Afternoon,2026-07-29T13:00:00-07:00,1,111.0,Sunny,"Sunny. High near 111, with temperatures falling to around 109 in the afternoon. Heat index values as high as 110. West wind 5 to 10 mph."
212,2026-07-29T22:32:02Z,KPHX,Tonight,2026-07-29T18:00:00-07:00,0,90.0,Partly Cloudy,"Partly cloudy, with a low around 90. West wind 5 to 10 mph."
213,2026-07-29T22:32:02Z,KPHX,Thursday,2026-07-30T06:00:00-07:00,1,113.0,Sunny,"Sunny. High near 113, with temperatures falling to around 111 in the afternoon. Heat index values as high as 110. West southwest wind 5 to 10 mph."
214,2026-07-29T22:32:02Z,KPHX,Thursday Night,2026-07-30T18:00:00-07:00,0,89.0,Mostly Clear,"Mostly clear, with a low around 89. West southwest wind 5 to 10 mph."
215,2026-07-29T22:32:02Z,KPHX,Friday,2026-07-31T06:00:00-07:00,1,115.0,Sunny,"Sunny, with a high near 115. Southwest wind 5 to 15 mph, with gusts as high as 25 mph."
216,2026-07-29T22:32:02Z,KPHX,Friday Night,2026-07-31T18:00:00-07:00,0,91.0,Mostly Clear,"Mostly clear, with a low around 91. West southwest wind 5 to 15 mph."
217,2026-07-29T22:32:02Z,KPHX,Saturday,2026-08-01T06:00:00-07:00,1,115.0,Sunny,"Sunny, with a high near 115. South southwest wind 5 to 15 mph, with gusts as high as 25 mph."
218,2026-07-29T22:32:02Z,KPHX,Saturday Night,2026-08-01T18:00:00-07:00,0,91.0,Mostly Clear,"Mostly clear, with a low around 91. West southwest wind 0 to 10 mph."
219,2026-07-29T22:32:02Z,KPHX,Sunday,2026-08-02T06:00:00-07:00,1,114.0,Sunny,"Sunny, with a high near 114. West wind 0 to 10 mph."
220,2026-07-29T22:32:02Z,KPHX,Sunday Night,2026-08-02T18:00:00-07:00,0,92.0,Mostly Clear,"Mostly clear, with a low around 92. West wind 5 to 10 mph, with gusts as high as 25 mph."
221,2026-07-29T22:32:02Z,KPHX,Monday,2026-08-03T06:00:00-07:00,1,113.0,Sunny,"Sunny, with a high near 113. West wind 0 to 10 mph, with gusts as high as 25 mph."
222,2026-07-29T22:32:02Z,KPHX,Monday Night,2026-08-03T18:00:00-07:00,0,93.0,Partly Cloudy,"Partly cloudy, with a low around 93. Southwest wind 5 to 10 mph, with gusts as high as 25 mph."
223,2026-07-29T22:32:02Z,KPHX,Tuesday,2026-08-04T06:00:00-07:00,1,112.0,Mostly Sunny then Slight Chance Showers And Thunderstorms,"A slight chance of showers and thunderstorms after 5pm. Mostly sunny, with a high near 112. Southwest wind 5 to 10 mph, with gusts as high as 25 mph. Chance of precipitation is 20%."
224,2026-07-29T22:32:02Z,KPHX,Tuesday Night,2026-08-04T18:00:00-07:00,0,90.0,Slight Chance Showers And Thunderstorms,"A slight chance of showers and thunderstorms before 5am. Mostly cloudy, with a low around 90. Southwest wind 5 to 10 mph, with gusts as high as 25 mph. Chance of precipitation is 20%. New rainfall amounts less than a tenth of an inch possible."
225,2026-07-29T22:32:02Z,KSAT,This Afternoon,2026-07-29T15:00:00-05:00,1,99.0,Sunny,"Sunny, with a high near 99. Heat index values as high as 105. South southeast wind around 10 mph."
226,2026-07-29T22:32:02Z,KSAT,Tonight,2026-07-29T18:00:00-05:00,0,77.0,Partly Cloudy,"Partly cloudy, with a low around 77. Heat index values as high as 105. South southeast wind 5 to 15 mph, with gusts as high as 25 mph."
227,2026-07-29T22:32:02Z,KSAT,Thursday,2026-07-30T06:00:00-05:00,1,101.0,Mostly Sunny,"Mostly sunny, with a high near 101. Heat index values as high as 104. South wind 5 to 10 mph."
228,2026-07-29T22:32:02Z,KSAT,Thursday Night,2026-07-30T18:00:00-05:00,0,75.0,Mostly Clear,"Mostly clear, with a low around 75. Heat index values as high as 105. South southeast wind 5 to 15 mph, with gusts as high as 25 mph."
229,2026-07-29T22:32:02Z,KSAT,Friday,2026-07-31T06:00:00-05:00,1,99.0,Mostly Sunny,"Mostly sunny, with a high near 99. South wind around 5 mph."
230,2026-07-29T22:32:02Z,KSAT,Friday Night,2026-07-31T18:00:00-05:00,0,77.0,Mostly Clear,"Mostly clear, with a low around 77. South wind 5 to 10 mph, with gusts as high as 20 mph."
231,2026-07-29T22:32:02Z,KSAT,Saturday,2026-08-01T06:00:00-05:00,1,100.0,Mostly Sunny,"Mostly sunny, with a high near 100. South wind around 5 mph."
232,2026-07-29T22:32:02Z,KSAT,Saturday Night,2026-08-01T18:00:00-05:00,0,79.0,Partly Cloudy,"Partly cloudy, with a low around 79. Southeast wind around 5 mph."
233,2026-07-29T22:32:02Z,KSAT,Sunday,2026-08-02T06:00:00-05:00,1,97.0,Slight Chance Showers And Thunderstorms,"A slight chance of showers and thunderstorms after 7am. Mostly sunny, with a high near 97. North northeast wind around 5 mph. Chance of precipitation is 20%."
234,2026-07-29T22:32:02Z,KSAT,Sunday Night,2026-08-02T18:00:00-05:00,0,77.0,Slight Chance Showers And Thunderstorms then Mostly Clear,"A slight chance of showers and thunderstorms before 7pm. Mostly clear, with a low around 77. Chance of precipitation is 20%."
235,2026-07-29T22:32:02Z,KSAT,Monday,2026-08-03T06:00:00-05:00,1,98.0,Sunny,"Sunny, with a high near 98."
236,2026-07-29T22:32:02Z,KSAT,Monday Night,2026-08-03T18:00:00-05:00,0,78.0,Mostly Clear,"Mostly clear, with a low around 78."
237,2026-07-29T22:32:02Z,KSAT,Tuesday,2026-08-04T06:00:00-05:00,1,98.0,Mostly Sunny,"Mostly sunny, with a high near 98."
238,2026-07-29T22:32:02Z,KSAT,Tuesday Night,2026-08-04T18:00:00-05:00,0,77.0,Mostly Clear,"Mostly clear, with a low around 77."
239,2026-07-29T22:32:02Z,KSFO,This Afternoon,2026-07-29T14:00:00-07:00,1,72.0,Sunny,"Sunny. High near 72, with temperatures falling to around 70 in the afternoon. West wind 20 to 23 mph, with gusts as high as 29 mph."
240,2026-07-29T22:32:02Z,KSFO,Tonight,2026-07-29T18:00:00-07:00,0,57.0,Mostly Clear,"Mostly clear, with a low around 57. West wind 12 to 21 mph, with gusts as high as 28 mph."
241,2026-07-29T22:32:02Z,KSFO,Thursday,2026-07-30T06:00:00-07:00,1,72.0,Sunny,"Sunny, with a high near 72. West southwest wind 10 to 22 mph, with gusts as high as 28 mph."
242,2026-07-29T22:32:02Z,KSFO,Thursday Night,2026-07-30T18:00:00-07:00,0,57.0,Mostly Clear,"Mostly clear, with a low around 57. West wind 9 to 21 mph, with gusts as high as 26 mph."
243,2026-07-29T22:32:02Z,KSFO,Friday,2026-07-31T06:00:00-07:00,1,76.0,Sunny,"Sunny, with a high near 76. West wind 8 to 21 mph, with gusts as high as 25 mph."
244,2026-07-29T22:32:02Z,KSFO,Friday Night,2026-07-31T18:00:00-07:00,0,58.0,Mostly Clear,"Mostly clear, with a low around 58."
245,2026-07-29T22:32:02Z,KSFO,Saturday,2026-08-01T06:00:00-07:00,1,77.0,Sunny,"Sunny, with a high near 77."
246,2026-07-29T22:32:02Z,KSFO,Saturday Night,2026-08-01T18:00:00-07:00,0,57.0,Mostly Clear,"Mostly clear, with a low around 57."
247,2026-07-29T22:32:02Z,KSFO,Sunday,2026-08-02T06:00:00-07:00,1,76.0,Sunny,"Sunny, with a high near 76."
248,2026-07-29T22:32:02Z,KSFO,Sunday Night,2026-08-02T18:00:00-07:00,0,57.0,Mostly Clear,"Mostly clear, with a low around 57."
249,2026-07-29T22:32:02Z,KSFO,Monday,2026-08-03T06:00:00-07:00,1,78.0,Sunny,"Sunny, with a high near 78."
250,2026-07-29T22:32:02Z,KSFO,Monday Night,2026-08-03T18:00:00-07:00,0,57.0,Mostly Clear,"Mostly clear, with a low around 57."
251,2026-07-29T22:32:02Z,KSFO,Tuesday,2026-08-04T06:00:00-07:00,1,76.0,Sunny,"Sunny, with a high near 76."
252,2026-07-29T22:32:02Z,KSFO,Tuesday Night,2026-08-04T18:00:00-07:00,0,58.0,Mostly Clear,"Mostly clear, with a low around 58."
253,2026-07-29T22:32:02Z,KSEA,This Afternoon,2026-07-29T14:00:00-07:00,1,76.0,Sunny,"Sunny, with a high near 76. Northwest wind around 7 mph."
254,2026-07-29T22:32:02Z,KSEA,Tonight,2026-07-29T18:00:00-07:00,0,54.0,Mostly Clear,"Mostly clear, with a low around 54. North northwest wind 3 to 8 mph."
255,2026-07-29T22:32:02Z,KSEA,Thursday,2026-07-30T06:00:00-07:00,1,76.0,Sunny,"Sunny, with a high near 76. South southwest wind around 7 mph."
256,2026-07-29T22:32:02Z,KSEA,Thursday Night,2026-07-30T18:00:00-07:00,0,54.0,Mostly Clear,"Mostly clear, with a low around 54. Southwest wind 0 to 6 mph."
257,2026-07-29T22:32:02Z,KSEA,Friday,2026-07-31T06:00:00-07:00,1,82.0,Sunny,"Sunny, with a high near 82. West wind 0 to 6 mph."
258,2026-07-29T22:32:02Z,KSEA,Friday Night,2026-07-31T18:00:00-07:00,0,59.0,Mostly Clear,"Mostly clear, with a low around 59."
259,2026-07-29T22:32:02Z,KSEA,Saturday,2026-08-01T06:00:00-07:00,1,72.0,Chance Light Rain,"A chance of rain between 11am and 5pm. Partly sunny, with a high near 72."
260,2026-07-29T22:32:02Z,KSEA,Saturday Night,2026-08-01T18:00:00-07:00,0,54.0,Partly Cloudy,"Partly cloudy, with a low around 54."
261,2026-07-29T22:32:02Z,KSEA,Sunday,2026-08-02T06:00:00-07:00,1,71.0,Mostly Sunny,"Mostly sunny, with a high near 71."
262,2026-07-29T22:32:02Z,KSEA,Sunday Night,2026-08-02T18:00:00-07:00,0,53.0,Mostly Clear,"Mostly clear, with a low around 53."
263,2026-07-29T22:32:02Z,KSEA,Monday,2026-08-03T06:00:00-07:00,1,75.0,Sunny,"Sunny, with a high near 75."
264,2026-07-29T22:32:02Z,KSEA,Monday Night,2026-08-03T18:00:00-07:00,0,57.0,Mostly Clear,"Mostly clear, with a low around 57."
265,2026-07-29T22:32:02Z,KSEA,Tuesday,2026-08-04T06:00:00-07:00,1,82.0,Sunny,"Sunny, with a high near 82."
266,2026-07-29T22:32:02Z,KSEA,Tuesday Night,2026-08-04T18:00:00-07:00,0,59.0,Mostly Clear,"Mostly clear, with a low around 59."
267,2026-07-29T22:32:02Z,KDCA,Tonight,2026-07-29T18:00:00-04:00,0,70.0,Partly Cloudy,"Partly cloudy, with a low around 70. Northwest wind 13 to 17 mph, with gusts as high as 26 mph."
268,2026-07-29T22:32:02Z,KDCA,Thursday,2026-07-30T06:00:00-04:00,1,87.0,Mostly Sunny,"Mostly sunny, with a high near 87. Northwest wind around 14 mph, with gusts as high as 22 mph."
269,2026-07-29T22:32:02Z,KDCA,Thursday Night,2026-07-30T18:00:00-04:00,0,71.0,Partly Cloudy,"Partly cloudy, with a low around 71. Northwest wind 7 to 13 mph, with gusts as high as 18 mph."
270,2026-07-29T22:32:02Z,KDCA,Friday,2026-07-31T06:00:00-04:00,1,89.0,Sunny,"Sunny, with a high near 89. Northwest wind around 7 mph."
271,2026-07-29T22:32:02Z,KDCA,Friday Night,2026-07-31T18:00:00-04:00,0,72.0,Partly Cloudy,"Partly cloudy, with a low around 72. South wind around 9 mph."
272,2026-07-29T22:32:02Z,KDCA,Saturday,2026-08-01T06:00:00-04:00,1,90.0,Partly Sunny,"Partly sunny, with a high near 90."
273,2026-07-29T22:32:02Z,KDCA,Saturday Night,2026-08-01T18:00:00-04:00,0,73.0,Slight Chance Showers And Thunderstorms,"A slight chance of showers and thunderstorms after 8pm. Mostly cloudy, with a low around 73. Chance of precipitation is 20%."
274,2026-07-29T22:32:02Z,KDCA,Sunday,2026-08-02T06:00:00-04:00,1,86.0,Chance Rain Showers then Chance Showers And Thunderstorms,"A chance of rain showers before 2pm, then a chance of showers and thunderstorms. Mostly cloudy, with a high near 86. Chance of precipitation is 50%."
275,2026-07-29T22:32:02Z,KDCA,Sunday Night,2026-08-02T18:00:00-04:00,0,73.0,Chance Showers And Thunderstorms then Showers And Thunderstorms Likely,"A chance of showers and thunderstorms before 8pm, then showers and thunderstorms likely. Mostly cloudy, with a low around 73. Chance of precipitation is 60%."
276,2026-07-29T22:32:02Z,KDCA,Monday,2026-08-03T06:00:00-04:00,1,84.0,Chance Rain Showers then Chance Showers And Thunderstorms,"A chance of rain showers before 2pm, then a chance of showers and thunderstorms. Mostly cloudy, with a high near 84. Chance of precipitation is 50%."
277,2026-07-29T22:32:02Z,KDCA,Monday Night,2026-08-03T18:00:00-04:00,0,73.0,Chance Showers And Thunderstorms,"A chance of showers and thunderstorms before 8pm, then a chance of showers and thunderstorms between 8pm and 2am. Mostly cloudy, with a low around 73. Chance of precipitation is 50%."
278,2026-07-29T22:32:02Z,KDCA,Tuesday,2026-08-04T06:00:00-04:00,1,87.0,Mostly Sunny then Slight Chance Showers And Thunderstorms,"A slight chance of showers and thunderstorms after 2pm. Mostly sunny, with a high near 87. Chance of precipitation is 20%."
279,2026-07-29T22:32:02Z,KDCA,Tuesday Night,2026-08-04T18:00:00-04:00,0,72.0,Slight Chance Showers And Thunderstorms,"A slight chance of showers and thunderstorms before 2am. Partly cloudy, with a low around 72. Chance of precipitation is 20%."
280,2026-07-29T22:32:02Z,KDCA,Wednesday,2026-08-05T06:00:00-04:00,1,88.0,Chance Showers And Thunderstorms,"A slight chance of rain showers between 8am and 2pm, then a chance of showers and thunderstorms. Mostly sunny, with a high near 88."
1,2026-07-29T23:35:03Z,KATL,Tonight,2026-07-29T18:00:00-04:00,0,72.0,Clear,"Clear, with a low around 72. North wind 0 to 10 mph, with gusts as high as 20 mph."
2,2026-07-29T23:35:03Z,KATL,Thursday,2026-07-30T06:00:00-04:00,1,91.0,Sunny,"Sunny, with a high near 91. North wind 0 to 10 mph."
3,2026-07-29T23:35:03Z,KATL,Thursday Night,2026-07-30T18:00:00-04:00,0,68.0,Mostly Clear,"Mostly clear, with a low around 68. North wind 0 to 10 mph, with gusts as high as 20 mph."
4,2026-07-29T23:35:03Z,KATL,Friday,2026-07-31T06:00:00-04:00,1,92.0,Sunny,"Sunny, with a high near 92. North wind 0 to 5 mph."
5,2026-07-29T23:35:03Z,KATL,Friday Night,2026-07-31T18:00:00-04:00,0,73.0,Partly Cloudy,"Partly cloudy, with a low around 73. Southwest wind 0 to 5 mph."
6,2026-07-29T23:35:03Z,KATL,Saturday,2026-08-01T06:00:00-04:00,1,89.0,Showers And Thunderstorms Likely,"A chance of rain showers between 8am and 11am, then showers and thunderstorms likely. Mostly cloudy, with a high near 89. Chance of precipitation is 60%."
7,2026-07-29T23:35:03Z,KATL,Saturday Night,2026-08-01T18:00:00-04:00,0,72.0,Showers And Thunderstorms,"Showers and thunderstorms. Mostly cloudy, with a low around 72. Chance of precipitation is 80%."
8,2026-07-29T23:35:03Z,KATL,Sunday,2026-08-02T06:00:00-04:00,1,85.0,Showers And Thunderstorms,"Showers and thunderstorms. Mostly cloudy, with a high near 85. Chance of precipitation is 90%."
9,2026-07-29T23:35:03Z,KATL,Sunday Night,2026-08-02T18:00:00-04:00,0,72.0,Showers And Thunderstorms then Chance Showers And Thunderstorms,"Showers and thunderstorms before 8pm, then a chance of showers and thunderstorms. Mostly cloudy, with a low around 72. Chance of precipitation is 90%."
10,2026-07-29T23:35:03Z,KATL,Monday,2026-08-03T06:00:00-04:00,1,86.0,Showers And Thunderstorms Likely,"A chance of rain showers before 2pm, then showers and thunderstorms likely. Mostly cloudy, with a high near 86. Chance of precipitation is 70%."
11,2026-07-29T23:35:03Z,KATL,Monday Night,2026-08-03T18:00:00-04:00,0,73.0,Showers And Thunderstorms Likely,"Showers and thunderstorms likely before 2am. Mostly cloudy, with a low around 73. Chance of precipitation is 70%."
12,2026-07-29T23:35:03Z,KATL,Tuesday,2026-08-04T06:00:00-04:00,1,87.0,Chance Rain Showers then Chance Showers And Thunderstorms,"A chance of rain showers between 8am and 2pm, then a chance of showers and thunderstorms. Partly sunny, with a high near 87. Chance of precipitation is 50%."
13,2026-07-29T23:35:03Z,KATL,Tuesday Night,2026-08-04T18:00:00-04:00,0,73.0,Chance Showers And Thunderstorms,"A chance of showers and thunderstorms before 2am. Mostly cloudy, with a low around 73. Chance of precipitation is 50%."
14,2026-07-29T23:35:03Z,KATL,Wednesday,2026-08-05T06:00:00-04:00,1,89.0,Slight Chance Rain Showers then Chance Showers And Thunderstorms,"A slight chance of rain showers between 8am and 2pm, then a chance of showers and thunderstorms. Mostly sunny, with a high near 89."
15,2026-07-29T23:35:03Z,KAUS,Tonight,2026-07-29T18:00:00-05:00,0,77.0,Mostly Clear,"Mostly clear, with a low around 77. Heat index values as high as 103. South wind 5 to 10 mph, with gusts as high as 20 mph."
16,2026-07-29T23:35:03Z,KAUS,Thursday,2026-07-30T06:00:00-05:00,1,100.0,Mostly Sunny,"Mostly sunny, with a high near 100. Heat index values as high as 104. South southwest wind 5 to 10 mph."
17,2026-07-29T23:35:03Z,KAUS,Thursday Night,2026-07-30T18:00:00-05:00,0,76.0,Mostly Clear,"Mostly clear, with a low around 76. Heat index values as high as 105. South wind 5 to 10 mph, with gusts as high as 20 mph."
18,2026-07-29T23:35:03Z,KAUS,Friday,2026-07-31T06:00:00-05:00,1,100.0,Mostly Sunny,"Mostly sunny, with a high near 100. Heat index values as high as 107. South southwest wind 5 to 10 mph."
19,2026-07-29T23:35:03Z,KAUS,Friday Night,2026-07-31T18:00:00-05:00,0,77.0,Mostly Clear,"Mostly clear, with a low around 77. South wind 5 to 10 mph, with gusts as high as 20 mph."
20,2026-07-29T23:35:03Z,KAUS,Saturday,2026-08-01T06:00:00-05:00,1,100.0,Mostly Sunny,"Mostly sunny, with a high near 100. West wind around 5 mph."
21,2026-07-29T23:35:03Z,KAUS,Saturday Night,2026-08-01T18:00:00-05:00,0,78.0,Partly Cloudy then Slight Chance Showers And Thunderstorms,"A slight chance of showers and thunderstorms after 1am. Partly cloudy, with a low around 78. Southwest wind 0 to 5 mph. Chance of precipitation is 20%."
22,2026-07-29T23:35:03Z,KAUS,Sunday,2026-08-02T06:00:00-05:00,1,97.0,Slight Chance Showers And Thunderstorms then Mostly Sunny,"A slight chance of showers and thunderstorms before 7am. Mostly sunny, with a high near 97. North northwest wind around 5 mph. Chance of precipitation is 20%."
23,2026-07-29T23:35:03Z,KAUS,Sunday Night,2026-08-02T18:00:00-05:00,0,76.0,Mostly Clear,"Mostly clear, with a low around 76. Southeast wind 0 to 5 mph."
24,2026-07-29T23:35:03Z,KAUS,Monday,2026-08-03T06:00:00-05:00,1,98.0,Sunny,"Sunny, with a high near 98."
25,2026-07-29T23:35:03Z,KAUS,Monday Night,2026-08-03T18:00:00-05:00,0,78.0,Mostly Clear,"Mostly clear, with a low around 78."
26,2026-07-29T23:35:03Z,KAUS,Tuesday,2026-08-04T06:00:00-05:00,1,98.0,Sunny,"Sunny, with a high near 98."
27,2026-07-29T23:35:03Z,KAUS,Tuesday Night,2026-08-04T18:00:00-05:00,0,77.0,Mostly Clear,"Mostly clear, with a low around 77."
28,2026-07-29T23:35:03Z,KAUS,Wednesday,2026-08-05T06:00:00-05:00,1,98.0,Mostly Sunny,"Mostly sunny, with a high near 98."
29,2026-07-29T23:35:03Z,KBOS,Tonight,2026-07-29T18:00:00-04:00,0,64.0,Patchy Fog,"Patchy fog and showers and thunderstorms. Some of the storms could produce heavy rain. Cloudy, with a low around 64. East wind 9 to 17 mph, with gusts as high as 29 mph. Chance of precipitation is 90%. New rainfall amounts between three quarters and one inch possible."
30,2026-07-29T23:35:03Z,KBOS,Thursday,2026-07-30T06:00:00-04:00,1,69.0,Rain Showers Likely,"Rain showers likely and patchy fog before 2pm, then patchy fog and a chance of showers and thunderstorms. Cloudy, with a high near 69. Northeast wind 9 to 14 mph. Chance of precipitation is 60%. New rainfall amounts less than a tenth of an inch possible."
31,2026-07-29T23:35:03Z,KBOS,Thursday Night,2026-07-30T18:00:00-04:00,0,63.0,Chance Rain Showers then Patchy Fog,"A chance of rain showers and patchy fog before 9pm, then patchy fog and a slight chance of rain showers between 9pm and 4am. Cloudy, with a low around 63. North wind 6 to 10 mph. Chance of precipitation is 40%."
32,2026-07-29T23:35:03Z,KBOS,Friday,2026-07-31T06:00:00-04:00,1,75.0,Partly Sunny then Slight Chance Rain Showers,"A slight chance of rain showers after 3pm. Partly sunny, with a high near 75. Northeast wind around 6 mph. Chance of precipitation is 20%."
33,2026-07-29T23:35:03Z,KBOS,Friday Night,2026-07-31T18:00:00-04:00,0,65.0,Slight Chance Rain Showers then Partly Cloudy,"A slight chance of rain showers before 7pm. Partly cloudy, with a low around 65. South wind around 5 mph. Chance of precipitation is 20%."
34,2026-07-29T23:35:03Z,KBOS,Saturday,2026-08-01T06:00:00-04:00,1,80.0,Mostly Sunny,"Mostly sunny, with a high near 80. South wind 2 to 7 mph."
35,2026-07-29T23:35:03Z,KBOS,Saturday Night,2026-08-01T18:00:00-04:00,0,68.0,Mostly Cloudy,"Mostly cloudy, with a low around 68. South wind around 7 mph."
36,2026-07-29T23:35:03Z,KBOS,Sunday,2026-08-02T06:00:00-04:00,1,79.0,Partly Sunny then Slight Chance Rain Showers,"A slight chance of rain showers after 5pm. Partly sunny, with a high near 79. South wind 6 to 10 mph."
37,2026-07-29T23:35:03Z,KBOS,Sunday Night,2026-08-02T18:00:00-04:00,0,68.0,Slight Chance Showers And Thunderstorms then Chance Showers And Thunderstorms,"A slight chance of rain showers before 8pm, then a slight chance of showers and thunderstorms between 8pm and 11pm, then a chance of showers and thunderstorms. Mostly cloudy, with a low around 68. South wind 6 to 9 mph. Chance of precipitation is 40%."
38,2026-07-29T23:35:03Z,KBOS,Monday,2026-08-03T06:00:00-04:00,1,78.0,Chance Showers And Thunderstorms,"A chance of showers and thunderstorms. Partly sunny, with a high near 78. Southwest wind around 7 mph. Chance of precipitation is 40%."
39,2026-07-29T23:35:03Z,KBOS,Monday Night,2026-08-03T18:00:00-04:00,0,66.0,Chance Showers And Thunderstorms then Partly Cloudy,"A chance of showers and thunderstorms before 8pm. Partly cloudy, with a low around 66. West wind around 6 mph. Chance of precipitation is 30%."
40,2026-07-29T23:35:03Z,KBOS,Tuesday,2026-08-04T06:00:00-04:00,1,78.0,Sunny,"Sunny, with a high near 78. West wind around 6 mph."
41,2026-07-29T23:35:03Z,KBOS,Tuesday Night,2026-08-04T18:00:00-04:00,0,67.0,Mostly Clear,"Mostly clear, with a low around 67. West wind around 6 mph."
42,2026-07-29T23:35:03Z,KBOS,Wednesday,2026-08-05T06:00:00-04:00,1,79.0,Sunny,"Sunny, with a high near 79. Northeast wind 3 to 7 mph."
43,2026-07-29T23:35:03Z,KMDW,Tonight,2026-07-29T18:00:00-05:00,0,64.0,Mostly Clear,"Mostly clear, with a low around 64. North northwest wind 0 to 10 mph."
44,2026-07-29T23:35:03Z,KMDW,Thursday,2026-07-30T06:00:00-05:00,1,86.0,Sunny,"Sunny, with a high near 86. Southwest wind 0 to 5 mph."
45,2026-07-29T23:35:03Z,KMDW,Thursday Night,2026-07-30T18:00:00-05:00,0,68.0,Mostly Cloudy,"Mostly cloudy, with a low around 68. South southwest wind around 5 mph."
46,2026-07-29T23:35:03Z,KMDW,Friday,2026-07-31T06:00:00-05:00,1,80.0,Showers And Thunderstorms Likely,"A chance of rain showers between 10am and 4pm, then showers and thunderstorms likely. Mostly cloudy, with a high near 80. South wind 5 to 10 mph, with gusts as high as 20 mph. Chance of precipitation is 70%."
47,2026-07-29T23:35:03Z,KMDW,Friday Night,2026-07-31T18:00:00-05:00,0,66.0,Showers And Thunderstorms,"Showers and thunderstorms. Cloudy, with a low around 66. East southeast wind 10 to 15 mph. Chance of precipitation is 90%."
48,2026-07-29T23:35:03Z,KMDW,Saturday,2026-08-01T06:00:00-05:00,1,75.0,Showers And Thunderstorms Likely,"Rain showers likely before 7am, then showers and thunderstorms likely. Mostly cloudy, with a high near 75. Chance of precipitation is 70%."
49,2026-07-29T23:35:03Z,KMDW,Saturday Night,2026-08-01T18:00:00-05:00,0,66.0,Chance Showers And Thunderstorms,"A chance of showers and thunderstorms before 1am. Partly cloudy, with a low around 66."
50,2026-07-29T23:35:03Z,KMDW,Sunday,2026-08-02T06:00:00-05:00,1,76.0,Mostly Sunny,"Mostly sunny, with a high near 76."
51,2026-07-29T23:35:03Z,KMDW,Sunday Night,2026-08-02T18:00:00-05:00,0,65.0,Partly Cloudy,"Partly cloudy, with a low around 65."
52,2026-07-29T23:35:03Z,KMDW,Monday,2026-08-03T06:00:00-05:00,1,79.0,Sunny,"Sunny, with a high near 79."
53,2026-07-29T23:35:03Z,KMDW,Monday Night,2026-08-03T18:00:00-05:00,0,68.0,Mostly Clear,"Mostly clear, with a low around 68."
54,2026-07-29T23:35:03Z,KMDW,Tuesday,2026-08-04T06:00:00-05:00,1,83.0,Sunny,"Sunny, with a high near 83."
55,2026-07-29T23:35:03Z,KMDW,Tuesday Night,2026-08-04T18:00:00-05:00,0,70.0,Partly Cloudy then Slight Chance Showers And Thunderstorms,"A slight chance of showers and thunderstorms after 1am. Partly cloudy, with a low around 70."
56,2026-07-29T23:35:03Z,KMDW,Wednesday,2026-08-05T06:00:00-05:00,1,85.0,Chance Showers And Thunderstorms,"A chance of showers and thunderstorms. Mostly sunny, with a high near 85."
57,2026-07-29T23:35:03Z,KDFW,This Afternoon,2026-07-29T17:00:00-05:00,1,100.0,Mostly Sunny,"Mostly sunny, with a high near 100. Heat index values as high as 104. South southeast wind around 5 mph, with gusts as high as 25 mph."
58,2026-07-29T23:35:03Z,KDFW,Tonight,2026-07-29T18:00:00-05:00,0,80.0,Partly Cloudy,"Partly cloudy, with a low around 80. Heat index values as high as 102. South wind 5 to 10 mph, with gusts as high as 20 mph."
59,2026-07-29T23:35:03Z,KDFW,Thursday,2026-07-30T06:00:00-05:00,1,102.0,Sunny,"Sunny, with a high near 102. Heat index values as high as 109. South southwest wind 5 to 10 mph."
60,2026-07-29T23:35:03Z,KDFW,Thursday Night,2026-07-30T18:00:00-05:00,0,80.0,Mostly Clear,"Mostly clear. Low around 80, with temperatures rising to around 82 overnight. Heat index values as high as 106. South wind around 10 mph."
61,2026-07-29T23:35:03Z,KDFW,Friday,2026-07-31T06:00:00-05:00,1,104.0,Sunny,"Sunny, with a high near 104. South southwest wind around 10 mph."
62,2026-07-29T23:35:03Z,KDFW,Friday Night,2026-07-31T18:00:00-05:00,0,80.0,Partly Cloudy,"Partly cloudy. Low around 80, with temperatures rising to around 82 overnight. Southwest wind around 10 mph."
63,2026-07-29T23:35:03Z,KDFW,Saturday,2026-08-01T06:00:00-05:00,1,98.0,Slight Chance Showers And Thunderstorms,"A slight chance of showers and thunderstorms between 7am and 1pm. Sunny, with a high near 98. Northwest wind around 10 mph, with gusts as high as 20 mph. Chance of precipitation is 20%."
64,2026-07-29T23:35:03Z,KDFW,Saturday Night,2026-08-01T18:00:00-05:00,0,76.0,Mostly Clear,"Mostly clear, with a low around 76. North northeast wind 5 to 15 mph."
65,2026-07-29T23:35:03Z,KDFW,Sunday,2026-08-02T06:00:00-05:00,1,96.0,Sunny,"Sunny, with a high near 96. North northeast wind 5 to 10 mph."
66,2026-07-29T23:35:03Z,KDFW,Sunday Night,2026-08-02T18:00:00-05:00,0,76.0,Clear,"Clear, with a low around 76."
67,2026-07-29T23:35:03Z,KDFW,Monday,2026-08-03T06:00:00-05:00,1,98.0,Sunny,"Sunny, with a high near 98."
68,2026-07-29T23:35:03Z,KDFW,Monday Night,2026-08-03T18:00:00-05:00,0,78.0,Clear,"Clear, with a low around 78."
69,2026-07-29T23:35:03Z,KDFW,Tuesday,2026-08-04T06:00:00-05:00,1,100.0,Sunny,"Sunny, with a high near 100."
70,2026-07-29T23:35:03Z,KDFW,Tuesday Night,2026-08-04T18:00:00-05:00,0,79.0,Mostly Clear,"Mostly clear, with a low around 79."
71,2026-07-29T23:35:03Z,KDEN,This Afternoon,2026-07-29T12:00:00-06:00,1,91.0,Chance Showers And Thunderstorms,"A chance of showers and thunderstorms between 2pm and 4pm, then showers and thunderstorms likely. Partly sunny. High near 91, with temperatures falling to around 83 in the afternoon. Southeast wind around 8 mph. Chance of precipitation is 70%. New rainfall amounts between a tenth and quarter of an inch possible."
72,2026-07-29T23:35:03Z,KDEN,Tonight,2026-07-29T18:00:00-06:00,0,62.0,Showers And Thunderstorms Likely then Mostly Cloudy,"Showers and thunderstorms likely before midnight. Mostly cloudy. Low around 62, with temperatures rising to around 67 overnight. South southwest wind 6 to 10 mph, with gusts as high as 16 mph. Chance of precipitation is 60%. New rainfall amounts less than a tenth of an inch possible."
73,2026-07-29T23:35:03Z,KDEN,Thursday,2026-07-30T06:00:00-06:00,1,93.0,Mostly Sunny then Slight Chance Showers And Thunderstorms,"A slight chance of showers and thunderstorms after 5pm. Mostly sunny. High near 93, with temperatures falling to around 89 in the afternoon. Northwest wind 5 to 10 mph, with gusts as high as 16 mph. Chance of precipitation is 20%."
74,2026-07-29T23:35:03Z,KDEN,Thursday Night,2026-07-30T18:00:00-06:00,0,64.0,Slight Chance Showers And Thunderstorms then Partly Cloudy,"A slight chance of showers and thunderstorms before 9pm. Partly cloudy, with a low around 64. West wind 6 to 10 mph, with gusts as high as 16 mph. Chance of precipitation is 20%."
75,2026-07-29T23:35:03Z,KDEN,Friday,2026-07-31T06:00:00-06:00,1,90.0,Mostly Sunny then Chance Showers And Thunderstorms,"A chance of showers and thunderstorms between noon and 3pm, then a chance of showers and thunderstorms. Mostly sunny, with a high near 90. Northeast wind 3 to 8 mph. Chance of precipitation is 30%."
76,2026-07-29T23:35:03Z,KDEN,Friday Night,2026-07-31T18:00:00-06:00,0,62.0,Chance Showers And Thunderstorms then Mostly Clear,"A chance of showers and thunderstorms before 9pm, then a chance of showers and thunderstorms between 9pm and midnight. Mostly clear, with a low around 62. Chance of precipitation is 30%."
77,2026-07-29T23:35:03Z,KDEN,Saturday,2026-08-01T06:00:00-06:00,1,94.0,Sunny,"Sunny, with a high near 94."
78,2026-07-29T23:35:03Z,KDEN,Saturday Night,2026-08-01T18:00:00-06:00,0,63.0,Mostly Clear,"Mostly clear, with a low around 63."
79,2026-07-29T23:35:03Z,KDEN,Sunday,2026-08-02T06:00:00-06:00,1,100.0,Sunny,"Sunny, with a high near 100."
80,2026-07-29T23:35:03Z,KDEN,Sunday Night,2026-08-02T18:00:00-06:00,0,67.0,Mostly Clear,"Mostly clear, with a low around 67."
81,2026-07-29T23:35:03Z,KDEN,Monday,2026-08-03T06:00:00-06:00,1,99.0,Sunny,"Sunny, with a high near 99."
82,2026-07-29T23:35:03Z,KDEN,Monday Night,2026-08-03T18:00:00-06:00,0,66.0,Chance Showers And Thunderstorms then Partly Cloudy,"A chance of showers and thunderstorms before midnight. Partly cloudy, with a low around 66."
83,2026-07-29T23:35:03Z,KDEN,Tuesday,2026-08-04T06:00:00-06:00,1,88.0,Mostly Sunny then Slight Chance Showers And Thunderstorms,"A slight chance of showers and thunderstorms after noon. Mostly sunny, with a high near 88."
84,2026-07-29T23:35:03Z,KDEN,Tuesday Night,2026-08-04T18:00:00-06:00,0,62.0,Slight Chance Showers And Thunderstorms then Partly Cloudy,"A slight chance of showers and thunderstorms before midnight. Partly cloudy, with a low around 62."
85,2026-07-29T23:35:03Z,KIAH,This Afternoon,2026-07-29T13:00:00-05:00,1,99.0,Sunny,"Sunny, with a high near 99. Heat index values as high as 109. South wind around 5 mph."
86,2026-07-29T23:35:03Z,KIAH,Tonight,2026-07-29T18:00:00-05:00,0,78.0,Slight Chance Rain Showers then Partly Cloudy,"A slight chance of rain showers before 9pm. Partly cloudy, with a low around 78. Heat index values as high as 106. South wind 5 to 10 mph. Chance of precipitation is 20%."
87,2026-07-29T23:35:03Z,KIAH,Thursday,2026-07-30T06:00:00-05:00,1,99.0,Mostly Sunny then Slight Chance Rain Showers,"A slight chance of rain showers after 4pm. Mostly sunny, with a high near 99. Heat index values as high as 107. Southwest wind around 5 mph. Chance of precipitation is 20%."
88,2026-07-29T23:35:03Z,KIAH,Thursday Night,2026-07-30T18:00:00-05:00,0,78.0,Slight Chance Rain Showers then Partly Cloudy,"A slight chance of rain showers before 7pm. Partly cloudy, with a low around 78. Heat index values as high as 106. South wind 5 to 10 mph. Chance of precipitation is 20%."
89,2026-07-29T23:35:03Z,KIAH,Friday,2026-07-31T06:00:00-05:00,1,99.0,Mostly Sunny,"Mostly sunny, with a high near 99. Southwest wind around 5 mph."
90,2026-07-29T23:35:03Z,KIAH,Friday Night,2026-07-31T18:00:00-05:00,0,79.0,Mostly Clear,"Mostly clear, with a low around 79."
91,2026-07-29T23:35:03Z,KIAH,Saturday,2026-08-01T06:00:00-05:00,1,100.0,Mostly Sunny,"Mostly sunny, with a high near 100."
92,2026-07-29T23:35:03Z,KIAH,Saturday Night,2026-08-01T18:00:00-05:00,0,80.0,Partly Cloudy then Slight Chance Showers And Thunderstorms,"A slight chance of showers and thunderstorms after 1am. Partly cloudy, with a low around 80. Chance of precipitation is 20%."
93,2026-07-29T23:35:03Z,KIAH,Sunday,2026-08-02T06:00:00-05:00,1,96.0,Slight Chance Showers And Thunderstorms,"A slight chance of showers and thunderstorms. Mostly sunny, with a high near 96. Chance of precipitation is 20%."
94,2026-07-29T23:35:03Z,KIAH,Sunday Night,2026-08-02T18:00:00-05:00,0,78.0,Slight Chance Showers And Thunderstorms then Mostly Clear,"A slight chance of showers and thunderstorms before 7pm. Mostly clear, with a low around 78. Chance of precipitation is 20%."
95,2026-07-29T23:35:03Z,KIAH,Monday,2026-08-03T06:00:00-05:00,1,97.0,Sunny,"Sunny, with a high near 97."
96,2026-07-29T23:35:03Z,KIAH,Monday Night,2026-08-03T18:00:00-05:00,0,78.0,Mostly Clear,"Mostly clear, with a low around 78."
97,2026-07-29T23:35:03Z,KIAH,Tuesday,2026-08-04T06:00:00-05:00,1,98.0,Sunny then Slight Chance Showers And Thunderstorms,"A slight chance of showers and thunderstorms after 1pm. Sunny, with a high near 98. Chance of precipitation is 20%."
98,2026-07-29T23:35:03Z,KIAH,Tuesday Night,2026-08-04T18:00:00-05:00,0,79.0,Slight Chance Showers And Thunderstorms,"A slight chance of showers and thunderstorms. Mostly clear, with a low around 79."
99,2026-07-29T23:35:03Z,KLAS,This Afternoon,2026-07-29T15:00:00-07:00,1,110.0,Sunny,"Sunny, with a high near 110. Heat index values as high as 105. Southwest wind around 12 mph, with gusts as high as 20 mph."
100,2026-07-29T23:35:03Z,KLAS,Tonight,2026-07-29T18:00:00-07:00,0,83.0,Mostly Clear,"Mostly clear. Low around 83, with temperatures rising to around 86 overnight. Southwest wind 6 to 12 mph, with gusts as high as 18 mph."
101,2026-07-29T23:35:03Z,KLAS,Thursday,2026-07-30T06:00:00-07:00,1,110.0,Sunny,"Sunny, with a high near 110. South wind 2 to 7 mph."
102,2026-07-29T23:35:03Z,KLAS,Thursday Night,2026-07-30T18:00:00-07:00,0,83.0,Mostly Clear,"Mostly clear, with a low around 83. West southwest wind around 7 mph."
103,2026-07-29T23:35:03Z,KLAS,Friday,2026-07-31T06:00:00-07:00,1,112.0,Sunny,"Sunny, with a high near 112. South southeast wind around 5 mph."
104,2026-07-29T23:35:03Z,KLAS,Friday Night,2026-07-31T18:00:00-07:00,0,86.0,Clear,"Clear, with a low around 86."
105,2026-07-29T23:35:03Z,KLAS,Saturday,2026-08-01T06:00:00-07:00,1,115.0,Sunny,"Sunny, with a high near 115."
106,2026-07-29T23:35:03Z,KLAS,Saturday Night,2026-08-01T18:00:00-07:00,0,87.0,Clear,"Clear, with a low around 87."
107,2026-07-29T23:35:03Z,KLAS,Sunday,2026-08-02T06:00:00-07:00,1,114.0,Sunny,"Sunny, with a high near 114."
108,2026-07-29T23:35:03Z,KLAS,Sunday Night,2026-08-02T18:00:00-07:00,0,87.0,Clear,"Clear, with a low around 87."
109,2026-07-29T23:35:03Z,KLAS,Monday,2026-08-03T06:00:00-07:00,1,113.0,Sunny,"Sunny, with a high near 113."
110,2026-07-29T23:35:03Z,KLAS,Monday Night,2026-08-03T18:00:00-07:00,0,89.0,Clear,"Clear, with a low around 89."
111,2026-07-29T23:35:03Z,KLAS,Tuesday,2026-08-04T06:00:00-07:00,1,113.0,Sunny,"Sunny, with a high near 113."
112,2026-07-29T23:35:03Z,KLAS,Tuesday Night,2026-08-04T18:00:00-07:00,0,88.0,Clear,"Clear, with a low around 88."
113,2026-07-29T23:35:03Z,KLAX,This Afternoon,2026-07-29T14:00:00-07:00,1,79.0,Mostly Sunny,"Mostly sunny, with a high near 79. West southwest wind around 10 mph."
114,2026-07-29T23:35:03Z,KLAX,Tonight,2026-07-29T18:00:00-07:00,0,67.0,Patchy Fog,"Patchy fog after 11pm. Mostly cloudy, with a low around 67. South southwest wind 0 to 10 mph."
115,2026-07-29T23:35:03Z,KLAX,Thursday,2026-07-30T06:00:00-07:00,1,79.0,Patchy Fog then Mostly Sunny,"Patchy fog before 11am. Mostly sunny, with a high near 79. South southwest wind 5 to 10 mph."
116,2026-07-29T23:35:03Z,KLAX,Thursday Night,2026-07-30T18:00:00-07:00,0,67.0,Patchy Fog,"Patchy fog after 11pm. Mostly cloudy, with a low around 67. Southwest wind 5 to 10 mph."
117,2026-07-29T23:35:03Z,KLAX,Friday,2026-07-31T06:00:00-07:00,1,80.0,Patchy Fog then Mostly Sunny,"Patchy fog before 11am. Mostly sunny, with a high near 80. Southwest wind 0 to 10 mph."
118,2026-07-29T23:35:03Z,KLAX,Friday Night,2026-07-31T18:00:00-07:00,0,68.0,Partly Cloudy,"Partly cloudy, with a low around 68."
119,2026-07-29T23:35:03Z,KLAX,Saturday,2026-08-01T06:00:00-07:00,1,81.0,Mostly Sunny,"Mostly sunny, with a high near 81."
120,2026-07-29T23:35:03Z,KLAX,Saturday Night,2026-08-01T18:00:00-07:00,0,67.0,Partly Cloudy,"Partly cloudy, with a low around 67."
121,2026-07-29T23:35:03Z,KLAX,Sunday,2026-08-02T06:00:00-07:00,1,79.0,Mostly Sunny,"Mostly sunny, with a high near 79."
122,2026-07-29T23:35:03Z,KLAX,Sunday Night,2026-08-02T18:00:00-07:00,0,67.0,Mostly Clear,"Mostly clear, with a low around 67."
123,2026-07-29T23:35:03Z,KLAX,Monday,2026-08-03T06:00:00-07:00,1,77.0,Mostly Sunny,"Mostly sunny, with a high near 77."
124,2026-07-29T23:35:03Z,KLAX,Monday Night,2026-08-03T18:00:00-07:00,0,66.0,Partly Cloudy,"Partly cloudy, with a low around 66."
125,2026-07-29T23:35:03Z,KLAX,Tuesday,2026-08-04T06:00:00-07:00,1,77.0,Sunny,"Sunny, with a high near 77."
126,2026-07-29T23:35:03Z,KLAX,Tuesday Night,2026-08-04T18:00:00-07:00,0,66.0,Partly Cloudy,"Partly cloudy, with a low around 66."
127,2026-07-29T23:35:03Z,KMIA,Tonight,2026-07-29T18:00:00-04:00,0,79.0,Partly Cloudy,"Partly cloudy, with a low around 79. Southwest wind 7 to 14 mph, with gusts as high as 22 mph. New rainfall amounts less than a tenth of an inch possible."
128,2026-07-29T23:35:03Z,KMIA,Thursday,2026-07-30T06:00:00-04:00,1,95.0,Mostly Sunny then Slight Chance Showers And Thunderstorms,"A slight chance of showers and thunderstorms between 3pm and 4pm. Mostly sunny, with a high near 95. Heat index values as high as 103. Southwest wind 6 to 14 mph, with gusts as high as 22 mph. Chance of precipitation is 20%. New rainfall amounts less than a tenth of an inch possible."
129,2026-07-29T23:35:03Z,KMIA,Thursday Night,2026-07-30T18:00:00-04:00,0,79.0,Partly Cloudy,"Partly cloudy, with a low around 79. Heat index values as high as 101. Southwest wind 3 to 13 mph, with gusts as high as 20 mph. New rainfall amounts less than a tenth of an inch possible."
130,2026-07-29T23:35:03Z,KMIA,Friday,2026-07-31T06:00:00-04:00,1,94.0,Mostly Sunny then Slight Chance Showers And Thunderstorms,"A slight chance of showers and thunderstorms after 2pm. Mostly sunny, with a high near 94. Heat index values as high as 102. Southwest wind 0 to 12 mph, with gusts as high as 18 mph. Chance of precipitation is 20%."
131,2026-07-29T23:35:03Z,KMIA,Friday Night,2026-07-31T18:00:00-04:00,0,79.0,Slight Chance Showers And Thunderstorms then Mostly Cloudy,"A slight chance of showers and thunderstorms before 8pm. Mostly cloudy, with a low around 79. Southwest wind 1 to 12 mph. Chance of precipitation is 20%."
132,2026-07-29T23:35:03Z,KMIA,Saturday,2026-08-01T06:00:00-04:00,1,93.0,Partly Sunny then Chance Showers And Thunderstorms,"A chance of showers and thunderstorms after 2pm. Partly sunny, with a high near 93. Southwest wind 0 to 10 mph. Chance of precipitation is 50%."
133,2026-07-29T23:35:03Z,KMIA,Saturday Night,2026-08-01T18:00:00-04:00,0,79.0,Chance Showers And Thunderstorms,"A chance of showers and thunderstorms. Mostly cloudy, with a low around 79. South wind 3 to 10 mph. Chance of precipitation is 50%."
134,2026-07-29T23:35:03Z,KMIA,Sunday,2026-08-02T06:00:00-04:00,1,92.0,Chance Showers And Thunderstorms,"A chance of showers and thunderstorms. Mostly sunny, with a high near 92. Southeast wind 3 to 12 mph, with gusts as high as 18 mph. Chance of precipitation is 30%."
135,2026-07-29T23:35:03Z,KMIA,Sunday Night,2026-08-02T18:00:00-04:00,0,81.0,Chance Showers And Thunderstorms,"A chance of showers and thunderstorms before 2am. Partly cloudy, with a low around 81. Southeast wind 7 to 10 mph. Chance of precipitation is 30%."
136,2026-07-29T23:35:03Z,KMIA,Monday,2026-08-03T06:00:00-04:00,1,92.0,Chance Showers And Thunderstorms,"A chance of showers and thunderstorms after 8am. Mostly sunny, with a high near 92. Chance of precipitation is 50%."
137,2026-07-29T23:35:03Z,KMIA,Monday Night,2026-08-03T18:00:00-04:00,0,79.0,Chance Showers And Thunderstorms,"A chance of showers and thunderstorms before 2am. Partly cloudy, with a low around 79. Chance of precipitation is 50%."
138,2026-07-29T23:35:03Z,KMIA,Tuesday,2026-08-04T06:00:00-04:00,1,90.0,Chance Showers And Thunderstorms,"A chance of showers and thunderstorms after 8am. Mostly sunny, with a high near 90. Chance of precipitation is 50%."
139,2026-07-29T23:35:03Z,KMIA,Tuesday Night,2026-08-04T18:00:00-04:00,0,79.0,Chance Showers And Thunderstorms,"A chance of showers and thunderstorms. Partly cloudy, with a low around 79. Chance of precipitation is 50%."
140,2026-07-29T23:35:03Z,KMIA,Wednesday,2026-08-05T06:00:00-04:00,1,90.0,Chance Showers And Thunderstorms,"A chance of showers and thunderstorms. Mostly sunny, with a high near 90."
141,2026-07-29T23:35:03Z,KMSP,Tonight,2026-07-29T18:00:00-05:00,0,72.0,Patchy Smoke,"Patchy smoke. Partly cloudy, with a low around 72. South wind around 10 mph."
142,2026-07-29T23:35:03Z,KMSP,Thursday,2026-07-30T06:00:00-05:00,1,89.0,Patchy Smoke,"Patchy smoke. Partly sunny, with a high near 89. South southwest wind 10 to 15 mph."
143,2026-07-29T23:35:03Z,KMSP,Thursday Night,2026-07-30T18:00:00-05:00,0,67.0,Chance Rain Showers then Chance Showers And Thunderstorms,"A chance of rain showers between 10pm and 1am, then a chance of showers and thunderstorms between 1am and 5am, then patchy smoke and showers and thunderstorms likely. Cloudy, with a low around 67. South southeast wind 10 to 15 mph. Chance of precipitation is 60%. New rainfall amounts between a half and three quarters of an inch possible."
144,2026-07-29T23:35:03Z,KMSP,Friday,2026-07-31T06:00:00-05:00,1,78.0,Patchy Smoke,"Patchy smoke and showers and thunderstorms. Some of the storms could produce heavy rain. Mostly cloudy, with a high near 78. East northeast wind around 10 mph. Chance of precipitation is 80%. New rainfall amounts between three quarters and one inch possible."
145,2026-07-29T23:35:03Z,KMSP,Friday Night,2026-07-31T18:00:00-05:00,0,64.0,Chance Rain Showers,"A chance of rain showers before 1am. Partly cloudy, with a low around 64. North northeast wind 5 to 10 mph. Chance of precipitation is 40%. New rainfall amounts between a tenth and quarter of an inch possible."
146,2026-07-29T23:35:03Z,KMSP,Saturday,2026-08-01T06:00:00-05:00,1,85.0,Sunny,"Sunny, with a high near 85. North wind 5 to 10 mph."
147,2026-07-29T23:35:03Z,KMSP,Saturday Night,2026-08-01T18:00:00-05:00,0,64.0,Mostly Clear,"Mostly clear, with a low around 64. East northeast wind 0 to 10 mph."
148,2026-07-29T23:35:03Z,KMSP,Sunday,2026-08-02T06:00:00-05:00,1,84.0,Sunny,"Sunny, with a high near 84. Southeast wind 0 to 5 mph."
149,2026-07-29T23:35:03Z,KMSP,Sunday Night,2026-08-02T18:00:00-05:00,0,67.0,Mostly Clear,"Mostly clear, with a low around 67. South southeast wind 5 to 10 mph."
150,2026-07-29T23:35:03Z,KMSP,Monday,2026-08-03T06:00:00-05:00,1,86.0,Sunny,"Sunny, with a high near 86. South wind 10 to 15 mph, with gusts as high as 30 mph."
151,2026-07-29T23:35:03Z,KMSP,Monday Night,2026-08-03T18:00:00-05:00,0,70.0,Partly Cloudy then Slight Chance Showers And Thunderstorms,"A slight chance of showers and thunderstorms after 1am. Partly cloudy, with a low around 70. South wind 10 to 15 mph, with gusts as high as 30 mph. Chance of precipitation is 20%."
152,2026-07-29T23:35:03Z,KMSP,Tuesday,2026-08-04T06:00:00-05:00,1,84.0,Slight Chance Showers And Thunderstorms,"A slight chance of showers and thunderstorms before 1pm, then a chance of showers and thunderstorms. Mostly sunny, with a high near 84. West southwest wind 5 to 10 mph. Chance of precipitation is 30%."
153,2026-07-29T23:35:03Z,KMSP,Tuesday Night,2026-08-04T18:00:00-05:00,0,65.0,Chance Showers And Thunderstorms,"A chance of showers and thunderstorms. Mostly cloudy, with a low around 65. North northwest wind 5 to 10 mph. Chance of precipitation is 30%."
154,2026-07-29T23:35:03Z,KMSP,Wednesday,2026-08-05T06:00:00-05:00,1,83.0,Chance Rain Showers,"A chance of rain showers. Mostly sunny, with a high near 83. North wind around 5 mph. Chance of precipitation is 30%."
155,2026-07-29T23:35:03Z,KMSY,This Afternoon,2026-07-29T17:00:00-05:00,1,97.0,Partly Sunny,"Partly sunny, with a high near 97. Heat index values as high as 107. West wind around 10 mph."
156,2026-07-29T23:35:03Z,KMSY,Tonight,2026-07-29T18:00:00-05:00,0,79.0,Partly Cloudy,"Partly cloudy. Low around 79, with temperatures rising to around 81 overnight. Heat index values as high as 106. West wind around 10 mph."
157,2026-07-29T23:35:03Z,KMSY,Thursday,2026-07-30T06:00:00-05:00,1,94.0,Mostly Sunny then Slight Chance Showers And Thunderstorms,"A slight chance of showers and thunderstorms after 1pm. Mostly sunny. High near 94, with temperatures falling to around 92 in the afternoon. Heat index values as high as 107. West wind around 10 mph. Chance of precipitation is 20%. New rainfall amounts less than a tenth of an inch possible."
158,2026-07-29T23:35:03Z,KMSY,Thursday Night,2026-07-30T18:00:00-05:00,0,79.0,Slight Chance Showers And Thunderstorms,"A slight chance of showers and thunderstorms before 1am. Partly cloudy, with a low around 79. Heat index values as high as 105. Southwest wind around 10 mph. Chance of precipitation is 20%."
159,2026-07-29T23:35:03Z,KMSY,Friday,2026-07-31T06:00:00-05:00,1,93.0,Partly Sunny then Chance Showers And Thunderstorms,"A chance of showers and thunderstorms after 1pm. Partly sunny, with a high near 93. West wind around 10 mph. Chance of precipitation is 50%."
160,2026-07-29T23:35:03Z,KMSY,Friday Night,2026-07-31T18:00:00-05:00,0,78.0,Chance Showers And Thunderstorms then Mostly Cloudy,"A chance of showers and thunderstorms before 7pm. Mostly cloudy, with a low around 78. Southwest wind around 10 mph. Chance of precipitation is 50%."
161,2026-07-29T23:35:03Z,KMSY,Saturday,2026-08-01T06:00:00-05:00,1,92.0,Partly Sunny then Chance Showers And Thunderstorms,"A chance of showers and thunderstorms after 1pm. Partly sunny, with a high near 92. West wind around 10 mph. Chance of precipitation is 40%."
162,2026-07-29T23:35:03Z,KMSY,Saturday Night,2026-08-01T18:00:00-05:00,0,77.0,Chance Showers And Thunderstorms,"A chance of showers and thunderstorms before 1am, then showers and thunderstorms likely. Mostly cloudy, with a low around 77. Southwest wind around 10 mph."
163,2026-07-29T23:35:03Z,KMSY,Sunday,2026-08-02T06:00:00-05:00,1,88.0,Showers And Thunderstorms,"Showers and thunderstorms before 1pm, then a chance of showers and thunderstorms. Partly sunny, with a high near 88. West wind around 10 mph."
164,2026-07-29T23:35:03Z,KMSY,Sunday Night,2026-08-02T18:00:00-05:00,0,76.0,Chance Showers And Thunderstorms,"A chance of showers and thunderstorms. Mostly cloudy, with a low around 76. West wind 5 to 10 mph."
165,2026-07-29T23:35:03Z,KMSY,Monday,2026-08-03T06:00:00-05:00,1,90.0,Chance Showers And Thunderstorms,"A chance of rain showers before 7am, then a chance of showers and thunderstorms. Mostly sunny, with a high near 90. West wind 5 to 10 mph."
166,2026-07-29T23:35:03Z,KMSY,Monday Night,2026-08-03T18:00:00-05:00,0,77.0,Chance Showers And Thunderstorms,"A chance of showers and thunderstorms. Partly cloudy, with a low around 77. Southwest wind 5 to 10 mph."
167,2026-07-29T23:35:03Z,KMSY,Tuesday,2026-08-04T06:00:00-05:00,1,92.0,Chance Showers And Thunderstorms,"A slight chance of rain showers before 7am, then a chance of showers and thunderstorms. Mostly sunny, with a high near 92. Southwest wind around 5 mph."
168,2026-07-29T23:35:03Z,KMSY,Tuesday Night,2026-08-04T18:00:00-05:00,0,77.0,Chance Showers And Thunderstorms,"A chance of showers and thunderstorms. Partly cloudy, with a low around 77. South wind around 5 mph."
169,2026-07-29T23:35:03Z,KNYC,Tonight,2026-07-29T18:00:00-04:00,0,67.0,Chance Showers And Thunderstorms,"A chance of showers and thunderstorms before 11pm, then a chance of showers and thunderstorms. Mostly cloudy, with a low around 67. Northwest wind around 5 mph. Chance of precipitation is 30%. New rainfall amounts less than a tenth of an inch possible."
170,2026-07-29T23:35:03Z,KNYC,Thursday,2026-07-30T06:00:00-04:00,1,77.0,Chance Showers And Thunderstorms,"A chance of rain showers before 11am, then a chance of showers and thunderstorms. Mostly cloudy, with a high near 77. Northwest wind 5 to 9 mph. Chance of precipitation is 30%. New rainfall amounts less than a tenth of an inch possible."
171,2026-07-29T23:35:03Z,KNYC,Thursday Night,2026-07-30T18:00:00-04:00,0,66.0,Chance Showers And Thunderstorms then Partly Cloudy,"A chance of showers and thunderstorms before 8pm. Partly cloudy. Low around 66, with temperatures rising to around 68 overnight. Northwest wind 2 to 7 mph. Chance of precipitation is 30%."
172,2026-07-29T23:35:03Z,KNYC,Friday,2026-07-31T06:00:00-04:00,1,82.0,Sunny,"Sunny, with a high near 82. Northwest wind around 1 mph."
173,2026-07-29T23:35:03Z,KNYC,Friday Night,2026-07-31T18:00:00-04:00,0,69.0,Partly Cloudy,"Partly cloudy, with a low around 69. Wind around 0 mph."
174,2026-07-29T23:35:03Z,KNYC,Saturday,2026-08-01T06:00:00-04:00,1,83.0,Partly Sunny,"Partly sunny, with a high near 83."
175,2026-07-29T23:35:03Z,KNYC,Saturday Night,2026-08-01T18:00:00-04:00,0,71.0,Mostly Cloudy,"Mostly cloudy, with a low around 71."
176,2026-07-29T23:35:03Z,KNYC,Sunday,2026-08-02T06:00:00-04:00,1,82.0,Slight Chance Rain Showers then Slight Chance Showers And Thunderstorms,"A slight chance of rain showers between 8am and 2pm, then a slight chance of showers and thunderstorms. Mostly cloudy, with a high near 82."
177,2026-07-29T23:35:03Z,KNYC,Sunday Night,2026-08-02T18:00:00-04:00,0,70.0,Slight Chance Showers And Thunderstorms then Chance Showers And Thunderstorms,"A slight chance of showers and thunderstorms before 8pm, then a chance of showers and thunderstorms. Mostly cloudy, with a low around 70. Chance of precipitation is 50%."
178,2026-07-29T23:35:03Z,KNYC,Monday,2026-08-03T06:00:00-04:00,1,83.0,Chance Rain Showers then Chance Showers And Thunderstorms,"A chance of rain showers before 2pm, then a chance of showers and thunderstorms. Mostly cloudy, with a high near 83. Chance of precipitation is 50%."
179,2026-07-29T23:35:03Z,KNYC,Monday Night,2026-08-03T18:00:00-04:00,0,70.0,Chance Showers And Thunderstorms,"A chance of showers and thunderstorms before 2am. Mostly cloudy, with a low around 70. Chance of precipitation is 40%."
180,2026-07-29T23:35:03Z,KNYC,Tuesday,2026-08-04T06:00:00-04:00,1,85.0,Sunny,"Sunny, with a high near 85."
181,2026-07-29T23:35:03Z,KNYC,Tuesday Night,2026-08-04T18:00:00-04:00,0,70.0,Mostly Clear,"Mostly clear, with a low around 70."
182,2026-07-29T23:35:03Z,KNYC,Wednesday,2026-08-05T06:00:00-04:00,1,87.0,Sunny,"Sunny, with a high near 87."
183,2026-07-29T23:35:03Z,KOKC,Tonight,2026-07-29T18:00:00-05:00,0,76.0,Mostly Clear,"Mostly clear, with a low around 76. Heat index values as high as 105. South southeast wind around 12 mph."
184,2026-07-29T23:35:03Z,KOKC,Thursday,2026-07-30T06:00:00-05:00,1,101.0,Slight Chance Rain Showers then Mostly Sunny,"A slight chance of rain showers between 7am and 10am. Mostly sunny, with a high near 101. Heat index values as high as 106. South wind 8 to 14 mph, with gusts as high as 21 mph. Chance of precipitation is 20%."
185,2026-07-29T23:35:03Z,KOKC,Thursday Night,2026-07-30T18:00:00-05:00,0,76.0,Mostly Clear then Slight Chance Showers And Thunderstorms,"A slight chance of showers and thunderstorms after 1am. Mostly clear, with a low around 76. Heat index values as high as 106. South wind around 14 mph, with gusts as high as 21 mph. Chance of precipitation is 20%."
186,2026-07-29T23:35:03Z,KOKC,Friday,2026-07-31T06:00:00-05:00,1,100.0,Slight Chance Showers And Thunderstorms then Chance Showers And Thunderstorms,"A slight chance of showers and thunderstorms before 7am, then a chance of showers and thunderstorms between 7am and 1pm, then a slight chance of showers and thunderstorms. Partly sunny, with a high near 100. Heat index values as high as 106. West southwest wind 10 to 14 mph, with gusts as high as 21 mph. Chance of precipitation is 40%."
187,2026-07-29T23:35:03Z,KOKC,Friday Night,2026-07-31T18:00:00-05:00,0,72.0,Slight Chance Showers And Thunderstorms then Mostly Clear,"A slight chance of showers and thunderstorms before 7pm. Mostly clear, with a low around 72. North wind around 12 mph. Chance of precipitation is 20%."
188,2026-07-29T23:35:03Z,KOKC,Saturday,2026-08-01T06:00:00-05:00,1,91.0,Sunny,"Sunny, with a high near 91."
189,2026-07-29T23:35:03Z,KOKC,Saturday Night,2026-08-01T18:00:00-05:00,0,67.0,Clear,"Clear, with a low around 67."
190,2026-07-29T23:35:03Z,KOKC,Sunday,2026-08-02T06:00:00-05:00,1,91.0,Sunny,"Sunny, with a high near 91."
191,2026-07-29T23:35:03Z,KOKC,Sunday Night,2026-08-02T18:00:00-05:00,0,68.0,Clear,"Clear, with a low around 68."
192,2026-07-29T23:35:03Z,KOKC,Monday,2026-08-03T06:00:00-05:00,1,94.0,Sunny,"Sunny, with a high near 94."
193,2026-07-29T23:35:03Z,KOKC,Monday Night,2026-08-03T18:00:00-05:00,0,71.0,Clear,"Clear, with a low around 71."
194,2026-07-29T23:35:03Z,KOKC,Tuesday,2026-08-04T06:00:00-05:00,1,96.0,Sunny,"Sunny, with a high near 96."
195,2026-07-29T23:35:03Z,KOKC,Tuesday Night,2026-08-04T18:00:00-05:00,0,73.0,Mostly Clear,"Mostly clear, with a low around 73."
196,2026-07-29T23:35:03Z,KOKC,Wednesday,2026-08-05T06:00:00-05:00,1,97.0,Sunny,"Sunny, with a high near 97."
197,2026-07-29T23:35:03Z,KPHL,Tonight,2026-07-29T18:00:00-04:00,0,67.0,Mostly Cloudy,"Mostly cloudy, with a low around 67. Northwest wind 10 to 15 mph."
198,2026-07-29T23:35:03Z,KPHL,Thursday,2026-07-30T06:00:00-04:00,1,82.0,Partly Sunny,"Partly sunny, with a high near 82. Northwest wind 10 to 15 mph."
199,2026-07-29T23:35:03Z,KPHL,Thursday Night,2026-07-30T18:00:00-04:00,0,67.0,Mostly Clear,"Mostly clear, with a low around 67. Northwest wind 5 to 10 mph."
200,2026-07-29T23:35:03Z,KPHL,Friday,2026-07-31T06:00:00-04:00,1,86.0,Sunny,"Sunny, with a high near 86. Northwest wind 0 to 5 mph."
201,2026-07-29T23:35:03Z,KPHL,Friday Night,2026-07-31T18:00:00-04:00,0,68.0,Partly Cloudy,"Partly cloudy, with a low around 68. Southwest wind 0 to 10 mph."
202,2026-07-29T23:35:03Z,KPHL,Saturday,2026-08-01T06:00:00-04:00,1,87.0,Partly Sunny,"Partly sunny, with a high near 87."
203,2026-07-29T23:35:03Z,KPHL,Saturday Night,2026-08-01T18:00:00-04:00,0,70.0,Mostly Cloudy,"Mostly cloudy, with a low around 70."
204,2026-07-29T23:35:03Z,KPHL,Sunday,2026-08-02T06:00:00-04:00,1,84.0,Chance Showers And Thunderstorms,"A slight chance of rain showers between 8am and 2pm, then a chance of showers and thunderstorms. Mostly cloudy, with a high near 84. Chance of precipitation is 40%."
205,2026-07-29T23:35:03Z,KPHL,Sunday Night,2026-08-02T18:00:00-04:00,0,70.0,Chance Showers And Thunderstorms,"A chance of showers and thunderstorms. Mostly cloudy, with a low around 70. Chance of precipitation is 50%."
206,2026-07-29T23:35:03Z,KPHL,Monday,2026-08-03T06:00:00-04:00,1,85.0,Chance Showers And Thunderstorms,"A chance of rain showers before 8am, then a chance of showers and thunderstorms between 8am and 2pm, then a chance of showers and thunderstorms. Mostly cloudy, with a high near 85. Chance of precipitation is 40%."
207,2026-07-29T23:35:03Z,KPHL,Monday Night,2026-08-03T18:00:00-04:00,0,70.0,Chance Showers And Thunderstorms,"A chance of showers and thunderstorms before 2am. Partly cloudy, with a low around 70. Chance of precipitation is 40%."
208,2026-07-29T23:35:03Z,KPHL,Tuesday,2026-08-04T06:00:00-04:00,1,87.0,Mostly Sunny then Slight Chance Showers And Thunderstorms,"A slight chance of showers and thunderstorms after 2pm. Mostly sunny, with a high near 87."
209,2026-07-29T23:35:03Z,KPHL,Tuesday Night,2026-08-04T18:00:00-04:00,0,69.0,Slight Chance Showers And Thunderstorms then Partly Cloudy,"A slight chance of showers and thunderstorms before 8pm. Partly cloudy, with a low around 69."
210,2026-07-29T23:35:03Z,KPHL,Wednesday,2026-08-05T06:00:00-04:00,1,88.0,Mostly Sunny then Slight Chance Showers And Thunderstorms,"A slight chance of showers and thunderstorms after 2pm. Mostly sunny, with a high near 88."
211,2026-07-29T23:35:03Z,KPHX,This Afternoon,2026-07-29T15:00:00-07:00,1,111.0,Sunny,"Sunny. High near 111, with temperatures falling to around 109 in the afternoon. Heat index values as high as 110. West wind 5 to 10 mph."
212,2026-07-29T23:35:03Z,KPHX,Tonight,2026-07-29T18:00:00-07:00,0,90.0,Partly Cloudy,"Partly cloudy, with a low around 90. West wind 5 to 10 mph."
213,2026-07-29T23:35:03Z,KPHX,Thursday,2026-07-30T06:00:00-07:00,1,113.0,Sunny,"Sunny. High near 113, with temperatures falling to around 111 in the afternoon. Heat index values as high as 110. West southwest wind 5 to 10 mph."
214,2026-07-29T23:35:03Z,KPHX,Thursday Night,2026-07-30T18:00:00-07:00,0,89.0,Mostly Clear,"Mostly clear, with a low around 89. West southwest wind 5 to 10 mph."
215,2026-07-29T23:35:03Z,KPHX,Friday,2026-07-31T06:00:00-07:00,1,115.0,Sunny,"Sunny, with a high near 115. Southwest wind 5 to 15 mph, with gusts as high as 25 mph."
216,2026-07-29T23:35:03Z,KPHX,Friday Night,2026-07-31T18:00:00-07:00,0,91.0,Mostly Clear,"Mostly clear, with a low around 91. West southwest wind 5 to 15 mph."
217,2026-07-29T23:35:03Z,KPHX,Saturday,2026-08-01T06:00:00-07:00,1,115.0,Sunny,"Sunny, with a high near 115. South southwest wind 5 to 15 mph, with gusts as high as 25 mph."
218,2026-07-29T23:35:03Z,KPHX,Saturday Night,2026-08-01T18:00:00-07:00,0,91.0,Mostly Clear,"Mostly clear, with a low around 91. West southwest wind 0 to 10 mph."
219,2026-07-29T23:35:03Z,KPHX,Sunday,2026-08-02T06:00:00-07:00,1,114.0,Sunny,"Sunny, with a high near 114. West wind 0 to 10 mph."
220,2026-07-29T23:35:03Z,KPHX,Sunday Night,2026-08-02T18:00:00-07:00,0,92.0,Mostly Clear,"Mostly clear, with a low around 92. West wind 5 to 10 mph, with gusts as high as 25 mph."
221,2026-07-29T23:35:03Z,KPHX,Monday,2026-08-03T06:00:00-07:00,1,113.0,Sunny,"Sunny, with a high near 113. West wind 0 to 10 mph, with gusts as high as 25 mph."
222,2026-07-29T23:35:03Z,KPHX,Monday Night,2026-08-03T18:00:00-07:00,0,93.0,Partly Cloudy,"Partly cloudy, with a low around 93. Southwest wind 5 to 10 mph, with gusts as high as 25 mph."
223,2026-07-29T23:35:03Z,KPHX,Tuesday,2026-08-04T06:00:00-07:00,1,112.0,Mostly Sunny then Slight Chance Showers And Thunderstorms,"A slight chance of showers and thunderstorms after 5pm. Mostly sunny, with a high near 112. Southwest wind 5 to 10 mph, with gusts as high as 25 mph. Chance of precipitation is 20%."
224,2026-07-29T23:35:03Z,KPHX,Tuesday Night,2026-08-04T18:00:00-07:00,0,90.0,Slight Chance Showers And Thunderstorms,"A slight chance of showers and thunderstorms before 5am. Mostly cloudy, with a low around 90. Southwest wind 5 to 10 mph, with gusts as high as 25 mph. Chance of precipitation is 20%. New rainfall amounts less than a tenth of an inch possible."
225,2026-07-29T23:35:03Z,KSAT,Tonight,2026-07-29T18:00:00-05:00,0,77.0,Partly Cloudy,"Partly cloudy, with a low around 77. Heat index values as high as 105. South southeast wind 5 to 15 mph, with gusts as high as 25 mph."
226,2026-07-29T23:35:03Z,KSAT,Thursday,2026-07-30T06:00:00-05:00,1,101.0,Mostly Sunny,"Mostly sunny, with a high near 101. Heat index values as high as 104. South wind 5 to 10 mph."
227,2026-07-29T23:35:03Z,KSAT,Thursday Night,2026-07-30T18:00:00-05:00,0,75.0,Mostly Clear,"Mostly clear, with a low around 75. Heat index values as high as 105. South southeast wind 5 to 15 mph, with gusts as high as 25 mph."
228,2026-07-29T23:35:03Z,KSAT,Friday,2026-07-31T06:00:00-05:00,1,99.0,Mostly Sunny,"Mostly sunny, with a high near 99. Heat index values as high as 106. South wind around 5 mph."
229,2026-07-29T23:35:03Z,KSAT,Friday Night,2026-07-31T18:00:00-05:00,0,77.0,Mostly Clear,"Mostly clear, with a low around 77. South wind 5 to 10 mph, with gusts as high as 20 mph."
230,2026-07-29T23:35:03Z,KSAT,Saturday,2026-08-01T06:00:00-05:00,1,100.0,Mostly Sunny,"Mostly sunny, with a high near 100. South wind around 5 mph."
231,2026-07-29T23:35:03Z,KSAT,Saturday Night,2026-08-01T18:00:00-05:00,0,79.0,Partly Cloudy,"Partly cloudy, with a low around 79. Southeast wind around 5 mph."
232,2026-07-29T23:35:03Z,KSAT,Sunday,2026-08-02T06:00:00-05:00,1,97.0,Slight Chance Showers And Thunderstorms,"A slight chance of showers and thunderstorms after 7am. Mostly sunny, with a high near 97. North northeast wind around 5 mph. Chance of precipitation is 20%."
233,2026-07-29T23:35:03Z,KSAT,Sunday Night,2026-08-02T18:00:00-05:00,0,77.0,Slight Chance Showers And Thunderstorms then Mostly Clear,"A slight chance of showers and thunderstorms before 7pm. Mostly clear, with a low around 77. Southeast wind around 5 mph. Chance of precipitation is 20%."
234,2026-07-29T23:35:03Z,KSAT,Monday,2026-08-03T06:00:00-05:00,1,98.0,Sunny,"Sunny, with a high near 98."
235,2026-07-29T23:35:03Z,KSAT,Monday Night,2026-08-03T18:00:00-05:00,0,78.0,Mostly Clear,"Mostly clear, with a low around 78."
236,2026-07-29T23:35:03Z,KSAT,Tuesday,2026-08-04T06:00:00-05:00,1,98.0,Mostly Sunny,"Mostly sunny, with a high near 98."
237,2026-07-29T23:35:03Z,KSAT,Tuesday Night,2026-08-04T18:00:00-05:00,0,77.0,Mostly Clear,"Mostly clear, with a low around 77."
238,2026-07-29T23:35:03Z,KSAT,Wednesday,2026-08-05T06:00:00-05:00,1,98.0,Mostly Sunny,"Mostly sunny, with a high near 98."
239,2026-07-29T23:35:03Z,KSFO,This Afternoon,2026-07-29T14:00:00-07:00,1,72.0,Sunny,"Sunny. High near 72, with temperatures falling to around 70 in the afternoon. West wind 20 to 23 mph, with gusts as high as 29 mph."
240,2026-07-29T23:35:03Z,KSFO,Tonight,2026-07-29T18:00:00-07:00,0,57.0,Mostly Clear,"Mostly clear, with a low around 57. West wind 12 to 21 mph, with gusts as high as 28 mph."
241,2026-07-29T23:35:03Z,KSFO,Thursday,2026-07-30T06:00:00-07:00,1,72.0,Sunny,"Sunny, with a high near 72. West southwest wind 10 to 22 mph, with gusts as high as 28 mph."
242,2026-07-29T23:35:03Z,KSFO,Thursday Night,2026-07-30T18:00:00-07:00,0,57.0,Mostly Clear,"Mostly clear, with a low around 57. West wind 9 to 21 mph, with gusts as high as 26 mph."
243,2026-07-29T23:35:03Z,KSFO,Friday,2026-07-31T06:00:00-07:00,1,76.0,Sunny,"Sunny, with a high near 76. West wind 8 to 21 mph, with gusts as high as 25 mph."
244,2026-07-29T23:35:03Z,KSFO,Friday Night,2026-07-31T18:00:00-07:00,0,58.0,Mostly Clear,"Mostly clear, with a low around 58."
245,2026-07-29T23:35:03Z,KSFO,Saturday,2026-08-01T06:00:00-07:00,1,77.0,Sunny,"Sunny, with a high near 77."
246,2026-07-29T23:35:03Z,KSFO,Saturday Night,2026-08-01T18:00:00-07:00,0,57.0,Mostly Clear,"Mostly clear, with a low around 57."
247,2026-07-29T23:35:03Z,KSFO,Sunday,2026-08-02T06:00:00-07:00,1,76.0,Sunny,"Sunny, with a high near 76."
248,2026-07-29T23:35:03Z,KSFO,Sunday Night,2026-08-02T18:00:00-07:00,0,57.0,Mostly Clear,"Mostly clear, with a low around 57."
249,2026-07-29T23:35:03Z,KSFO,Monday,2026-08-03T06:00:00-07:00,1,78.0,Sunny,"Sunny, with a high near 78."
250,2026-07-29T23:35:03Z,KSFO,Monday Night,2026-08-03T18:00:00-07:00,0,57.0,Mostly Clear,"Mostly clear, with a low around 57."
251,2026-07-29T23:35:03Z,KSFO,Tuesday,2026-08-04T06:00:00-07:00,1,76.0,Sunny,"Sunny, with a high near 76."
252,2026-07-29T23:35:03Z,KSFO,Tuesday Night,2026-08-04T18:00:00-07:00,0,58.0,Mostly Clear,"Mostly clear, with a low around 58."
253,2026-07-29T23:35:03Z,KSEA,This Afternoon,2026-07-29T14:00:00-07:00,1,76.0,Sunny,"Sunny, with a high near 76. Northwest wind around 7 mph."
254,2026-07-29T23:35:03Z,KSEA,Tonight,2026-07-29T18:00:00-07:00,0,54.0,Mostly Clear,"Mostly clear, with a low around 54. North northwest wind 3 to 8 mph."
255,2026-07-29T23:35:03Z,KSEA,Thursday,2026-07-30T06:00:00-07:00,1,76.0,Sunny,"Sunny, with a high near 76. South southwest wind around 7 mph."
256,2026-07-29T23:35:03Z,KSEA,Thursday Night,2026-07-30T18:00:00-07:00,0,54.0,Mostly Clear,"Mostly clear, with a low around 54. Southwest wind 0 to 6 mph."
257,2026-07-29T23:35:03Z,KSEA,Friday,2026-07-31T06:00:00-07:00,1,82.0,Sunny,"Sunny, with a high near 82. West wind 0 to 6 mph."
258,2026-07-29T23:35:03Z,KSEA,Friday Night,2026-07-31T18:00:00-07:00,0,59.0,Mostly Clear,"Mostly clear, with a low around 59."
259,2026-07-29T23:35:03Z,KSEA,Saturday,2026-08-01T06:00:00-07:00,1,72.0,Chance Light Rain,"A chance of rain between 11am and 5pm. Partly sunny, with a high near 72."
260,2026-07-29T23:35:03Z,KSEA,Saturday Night,2026-08-01T18:00:00-07:00,0,54.0,Partly Cloudy,"Partly cloudy, with a low around 54."
261,2026-07-29T23:35:03Z,KSEA,Sunday,2026-08-02T06:00:00-07:00,1,71.0,Mostly Sunny,"Mostly sunny, with a high near 71."
262,2026-07-29T23:35:03Z,KSEA,Sunday Night,2026-08-02T18:00:00-07:00,0,53.0,Mostly Clear,"Mostly clear, with a low around 53."
263,2026-07-29T23:35:03Z,KSEA,Monday,2026-08-03T06:00:00-07:00,1,75.0,Sunny,"Sunny, with a high near 75."
264,2026-07-29T23:35:03Z,KSEA,Monday Night,2026-08-03T18:00:00-07:00,0,57.0,Mostly Clear,"Mostly clear, with a low around 57."
265,2026-07-29T23:35:03Z,KSEA,Tuesday,2026-08-04T06:00:00-07:00,1,82.0,Sunny,"Sunny, with a high near 82."
266,2026-07-29T23:35:03Z,KSEA,Tuesday Night,2026-08-04T18:00:00-07:00,0,59.0,Mostly Clear,"Mostly clear, with a low around 59."
267,2026-07-29T23:35:03Z,KDCA,Tonight,2026-07-29T18:00:00-04:00,0,70.0,Partly Cloudy,"Partly cloudy, with a low around 70. Northwest wind 13 to 17 mph, with gusts as high as 26 mph."
268,2026-07-29T23:35:03Z,KDCA,Thursday,2026-07-30T06:00:00-04:00,1,87.0,Mostly Sunny,"Mostly sunny, with a high near 87. Northwest wind around 14 mph, with gusts as high as 22 mph."
269,2026-07-29T23:35:03Z,KDCA,Thursday Night,2026-07-30T18:00:00-04:00,0,71.0,Partly Cloudy,"Partly cloudy, with a low around 71. Northwest wind 7 to 13 mph, with gusts as high as 18 mph."
270,2026-07-29T23:35:03Z,KDCA,Friday,2026-07-31T06:00:00-04:00,1,89.0,Sunny,"Sunny, with a high near 89. Northwest wind around 7 mph."
271,2026-07-29T23:35:03Z,KDCA,Friday Night,2026-07-31T18:00:00-04:00,0,72.0,Partly Cloudy,"Partly cloudy, with a low around 72. South wind around 9 mph."
272,2026-07-29T23:35:03Z,KDCA,Saturday,2026-08-01T06:00:00-04:00,1,90.0,Partly Sunny,"Partly sunny, with a high near 90."
273,2026-07-29T23:35:03Z,KDCA,Saturday Night,2026-08-01T18:00:00-04:00,0,73.0,Slight Chance Showers And Thunderstorms,"A slight chance of showers and thunderstorms after 8pm. Mostly cloudy, with a low around 73. Chance of precipitation is 20%."
274,2026-07-29T23:35:03Z,KDCA,Sunday,2026-08-02T06:00:00-04:00,1,86.0,Chance Rain Showers then Chance Showers And Thunderstorms,"A chance of rain showers before 2pm, then a chance of showers and thunderstorms. Mostly cloudy, with a high near 86. Chance of precipitation is 50%."
275,2026-07-29T23:35:03Z,KDCA,Sunday Night,2026-08-02T18:00:00-04:00,0,73.0,Chance Showers And Thunderstorms then Showers And Thunderstorms Likely,"A chance of showers and thunderstorms before 8pm, then showers and thunderstorms likely. Mostly cloudy, with a low around 73. Chance of precipitation is 60%."
276,2026-07-29T23:35:03Z,KDCA,Monday,2026-08-03T06:00:00-04:00,1,84.0,Chance Rain Showers then Chance Showers And Thunderstorms,"A chance of rain showers before 2pm, then a chance of showers and thunderstorms. Mostly cloudy, with a high near 84. Chance of precipitation is 50%."
277,2026-07-29T23:35:03Z,KDCA,Monday Night,2026-08-03T18:00:00-04:00,0,73.0,Chance Showers And Thunderstorms,"A chance of showers and thunderstorms before 8pm, then a chance of showers and thunderstorms between 8pm and 2am. Mostly cloudy, with a low around 73. Chance of precipitation is 50%."
278,2026-07-29T23:35:03Z,KDCA,Tuesday,2026-08-04T06:00:00-04:00,1,87.0,Mostly Sunny then Slight Chance Showers And Thunderstorms,"A slight chance of showers and thunderstorms after 2pm. Mostly sunny, with a high near 87. Chance of precipitation is 20%."
279,2026-07-29T23:35:03Z,KDCA,Tuesday Night,2026-08-04T18:00:00-04:00,0,72.0,Slight Chance Showers And Thunderstorms,"A slight chance of showers and thunderstorms before 2am. Partly cloudy, with a low around 72. Chance of precipitation is 20%."
280,2026-07-29T23:35:03Z,KDCA,Wednesday,2026-08-05T06:00:00-04:00,1,88.0,Chance Showers And Thunderstorms,"A slight chance of rain showers between 8am and 2pm, then a chance of showers and thunderstorms. Mostly sunny, with a high near 88."
