id,run_at,icao,period_name,start_time,is_daytime,temp_f,short_fcst,detailed_fcst
1,2026-07-23T01:04:54Z,KATL,Tonight,2026-07-22T18:00:00-04:00,0,75.0,Chance Showers And Thunderstorms then Mostly Cloudy,"A chance of showers and thunderstorms before midnight. Mostly cloudy, with a low around 75. Heat index values as high as 97. Southwest wind 5 to 10 mph, with gusts as high as 20 mph. Chance of precipitation is 30%."
2,2026-07-23T01:04:54Z,KATL,Thursday,2026-07-23T06:00:00-04:00,1,90.0,Partly Sunny then Chance Showers And Thunderstorms,"A chance of showers and thunderstorms after 2pm. Partly sunny, with a high near 90. Heat index values as high as 97. Southwest wind 5 to 10 mph. Chance of precipitation is 40%."
3,2026-07-23T01:04:54Z,KATL,Thursday Night,2026-07-23T18:00:00-04:00,0,74.0,Chance Showers And Thunderstorms,"A chance of showers and thunderstorms before midnight, then a chance of showers and thunderstorms. Mostly cloudy, with a low around 74. Southwest wind 0 to 5 mph. Chance of precipitation is 40%. New rainfall amounts between a tenth and quarter of an inch possible."
4,2026-07-23T01:04:54Z,KATL,Friday,2026-07-24T06:00:00-04:00,1,87.0,Showers And Thunderstorms,"Showers and thunderstorms. Partly sunny, with a high near 87. West wind 0 to 5 mph. Chance of precipitation is 80%."
5,2026-07-23T01:04:54Z,KATL,Friday Night,2026-07-24T18:00:00-04:00,0,74.0,Showers And Thunderstorms then Chance Showers And Thunderstorms,"Showers and thunderstorms before 8pm, then a chance of showers and thunderstorms. Mostly cloudy, with a low around 74. West wind 0 to 5 mph. Chance of precipitation is 80%."
6,2026-07-23T01:04:54Z,KATL,Saturday,2026-07-25T06:00:00-04:00,1,87.0,Chance Showers And Thunderstorms then Showers And Thunderstorms Likely,"A slight chance of rain showers before 8am, then a chance of showers and thunderstorms between 8am and 11am, then showers and thunderstorms likely. Partly sunny, with a high near 87. Chance of precipitation is 70%."
7,2026-07-23T01:04:54Z,KATL,Saturday Night,2026-07-25T18:00:00-04:00,0,74.0,Showers And Thunderstorms Likely,"Showers and thunderstorms likely. Mostly cloudy, with a low around 74. Chance of precipitation is 70%."
8,2026-07-23T01:04:54Z,KATL,Sunday,2026-07-26T06:00:00-04:00,1,90.0,Chance Showers And Thunderstorms,"A slight chance of rain showers before 8am, then a chance of showers and thunderstorms. Mostly sunny, with a high near 90. Chance of precipitation is 30%."
9,2026-07-23T01:04:54Z,KATL,Sunday Night,2026-07-26T18:00:00-04:00,0,75.0,Chance Showers And Thunderstorms then Mostly Clear,"A chance of showers and thunderstorms before 8pm. Mostly clear, with a low around 75. Chance of precipitation is 30%."
10,2026-07-23T01:04:54Z,KATL,Monday,2026-07-27T06:00:00-04:00,1,93.0,Sunny,"Sunny, with a high near 93."
11,2026-07-23T01:04:54Z,KATL,Monday Night,2026-07-27T18:00:00-04:00,0,76.0,Mostly Clear,"Mostly clear, with a low around 76."
12,2026-07-23T01:04:54Z,KATL,Tuesday,2026-07-28T06:00:00-04:00,1,94.0,Sunny then Slight Chance Showers And Thunderstorms,"A slight chance of showers and thunderstorms after 2pm. Sunny, with a high near 94. Chance of precipitation is 20%."
13,2026-07-23T01:04:54Z,KATL,Tuesday Night,2026-07-28T18:00:00-04:00,0,76.0,Slight Chance Showers And Thunderstorms then Partly Cloudy,"A slight chance of showers and thunderstorms before 8pm. Partly cloudy, with a low around 76. Chance of precipitation is 20%."
14,2026-07-23T01:04:54Z,KATL,Wednesday,2026-07-29T06:00:00-04:00,1,93.0,Mostly Sunny then Slight Chance Showers And Thunderstorms,"A slight chance of showers and thunderstorms after 2pm. Mostly sunny, with a high near 93."
15,2026-07-23T01:04:54Z,KAUS,Tonight,2026-07-22T19:00:00-05:00,0,81.0,Slight Chance Showers And Thunderstorms,"A slight chance of showers and thunderstorms before 1am. Partly cloudy, with a low around 81. Heat index values as high as 111. Northeast wind 0 to 5 mph. Chance of precipitation is 20%."
16,2026-07-23T01:04:54Z,KAUS,Thursday,2026-07-23T06:00:00-05:00,1,99.0,Sunny,"Sunny, with a high near 99. Heat index values as high as 108. Northeast wind 5 to 10 mph, with gusts as high as 25 mph."
17,2026-07-23T01:04:54Z,KAUS,Thursday Night,2026-07-23T18:00:00-05:00,0,80.0,Chance Rain Showers,"A chance of rain showers after 10pm. Partly cloudy, with a low around 80. Heat index values as high as 105. East wind 5 to 15 mph, with gusts as high as 25 mph. Chance of precipitation is 30%."
18,2026-07-23T01:04:54Z,KAUS,Friday,2026-07-24T06:00:00-05:00,1,95.0,Chance Rain Showers then Mostly Sunny,"A chance of rain showers before 7am. Mostly sunny, with a high near 95. Heat index values as high as 103. South southeast wind 5 to 10 mph, with gusts as high as 20 mph. Chance of precipitation is 30%."
19,2026-07-23T01:04:54Z,KAUS,Friday Night,2026-07-24T18:00:00-05:00,0,78.0,Mostly Clear,"Mostly clear, with a low around 78. South wind 5 to 10 mph, with gusts as high as 20 mph."
20,2026-07-23T01:04:54Z,KAUS,Saturday,2026-07-25T06:00:00-05:00,1,96.0,Sunny,"Sunny, with a high near 96. South wind 5 to 10 mph."
21,2026-07-23T01:04:54Z,KAUS,Saturday Night,2026-07-25T18:00:00-05:00,0,76.0,Mostly Clear,"Mostly clear, with a low around 76. South wind 5 to 10 mph."
22,2026-07-23T01:04:54Z,KAUS,Sunday,2026-07-26T06:00:00-05:00,1,97.0,Mostly Sunny,"Mostly sunny, with a high near 97. South wind around 5 mph."
23,2026-07-23T01:04:54Z,KAUS,Sunday Night,2026-07-26T18:00:00-05:00,0,77.0,Mostly Clear,"Mostly clear, with a low around 77. South wind 5 to 10 mph."
24,2026-07-23T01:04:54Z,KAUS,Monday,2026-07-27T06:00:00-05:00,1,98.0,Sunny,"Sunny, with a high near 98."
25,2026-07-23T01:04:54Z,KAUS,Monday Night,2026-07-27T18:00:00-05:00,0,77.0,Mostly Clear,"Mostly clear, with a low around 77."
26,2026-07-23T01:04:54Z,KAUS,Tuesday,2026-07-28T06:00:00-05:00,1,99.0,Sunny,"Sunny, with a high near 99."
27,2026-07-23T01:04:54Z,KAUS,Tuesday Night,2026-07-28T18:00:00-05:00,0,78.0,Mostly Clear,"Mostly clear, with a low around 78."
28,2026-07-23T01:04:54Z,KAUS,Wednesday,2026-07-29T06:00:00-05:00,1,99.0,Sunny,"Sunny, with a high near 99."
29,2026-07-23T01:04:54Z,KBOS,Tonight,2026-07-22T19:00:00-04:00,0,63.0,Slight Chance Rain Showers then Partly Cloudy,"A slight chance of rain showers before 8pm. Partly cloudy, with a low around 63. West wind around 9 mph. Chance of precipitation is 20%. New rainfall amounts less than a tenth of an inch possible."
30,2026-07-23T01:04:54Z,KBOS,Thursday,2026-07-23T06:00:00-04:00,1,78.0,Sunny,"Sunny, with a high near 78. Northeast wind 5 to 9 mph."
31,2026-07-23T01:04:54Z,KBOS,Thursday Night,2026-07-23T18:00:00-04:00,0,62.0,Clear,"Clear, with a low around 62. Southwest wind 2 to 8 mph."
32,2026-07-23T01:04:54Z,KBOS,Friday,2026-07-24T06:00:00-04:00,1,79.0,Sunny,"Sunny, with a high near 79. North wind 1 to 9 mph."
33,2026-07-23T01:04:54Z,KBOS,Friday Night,2026-07-24T18:00:00-04:00,0,64.0,Mostly Clear,"Mostly clear, with a low around 64. South wind 2 to 9 mph."
34,2026-07-23T01:04:54Z,KBOS,Saturday,2026-07-25T06:00:00-04:00,1,78.0,Sunny,"Sunny, with a high near 78. Northeast wind 1 to 10 mph."
35,2026-07-23T01:04:54Z,KBOS,Saturday Night,2026-07-25T18:00:00-04:00,0,63.0,Mostly Clear,"Mostly clear, with a low around 63. Northeast wind 2 to 8 mph."
36,2026-07-23T01:04:54Z,KBOS,Sunday,2026-07-26T06:00:00-04:00,1,75.0,Mostly Sunny,"Mostly sunny, with a high near 75. Northeast wind 2 to 10 mph."
37,2026-07-23T01:04:54Z,KBOS,Sunday Night,2026-07-26T18:00:00-04:00,0,64.0,Partly Cloudy,"Partly cloudy, with a low around 64. South wind 3 to 8 mph."
38,2026-07-23T01:04:54Z,KBOS,Monday,2026-07-27T06:00:00-04:00,1,77.0,Mostly Sunny then Slight Chance Rain Showers,"A slight chance of rain showers after 4pm. Mostly sunny, with a high near 77. South wind 3 to 9 mph."
39,2026-07-23T01:04:54Z,KBOS,Monday Night,2026-07-27T18:00:00-04:00,0,66.0,Chance Rain Showers,"A chance of rain showers. Partly cloudy, with a low around 66. South wind 3 to 8 mph. Chance of precipitation is 30%."
40,2026-07-23T01:04:54Z,KBOS,Tuesday,2026-07-28T06:00:00-04:00,1,79.0,Chance Rain Showers,"A chance of rain showers before 2pm, then a chance of showers and thunderstorms. Partly sunny, with a high near 79. South wind 3 to 12 mph. Chance of precipitation is 40%."
41,2026-07-23T01:04:54Z,KBOS,Tuesday Night,2026-07-28T18:00:00-04:00,0,67.0,Chance Showers And Thunderstorms,"A chance of showers and thunderstorms. Mostly cloudy, with a low around 67. South wind 6 to 12 mph. Chance of precipitation is 40%."
42,2026-07-23T01:04:54Z,KBOS,Wednesday,2026-07-29T06:00:00-04:00,1,77.0,Chance Rain Showers,"A chance of rain showers before 2pm, then a chance of showers and thunderstorms. Partly sunny, with a high near 77. South wind 7 to 10 mph."
43,2026-07-23T01:04:54Z,KMDW,Tonight,2026-07-22T18:00:00-05:00,0,60.0,Mostly Clear,"Mostly clear, with a low around 60. Northwest wind 0 to 10 mph."
44,2026-07-23T01:04:54Z,KMDW,Thursday,2026-07-23T06:00:00-05:00,1,79.0,Sunny,"Sunny, with a high near 79. South wind 0 to 10 mph."
45,2026-07-23T01:04:54Z,KMDW,Thursday Night,2026-07-23T18:00:00-05:00,0,63.0,Mostly Cloudy,"Mostly cloudy, with a low around 63. South southeast wind 0 to 5 mph."
46,2026-07-23T01:04:54Z,KMDW,Friday,2026-07-24T06:00:00-05:00,1,81.0,Mostly Sunny,"Mostly sunny, with a high near 81. South wind 0 to 10 mph."
47,2026-07-23T01:04:54Z,KMDW,Friday Night,2026-07-24T18:00:00-05:00,0,65.0,Partly Cloudy,"Partly cloudy, with a low around 65. South southwest wind 5 to 10 mph."
48,2026-07-23T01:04:54Z,KMDW,Saturday,2026-07-25T06:00:00-05:00,1,85.0,Mostly Sunny,"Mostly sunny, with a high near 85."
49,2026-07-23T01:04:54Z,KMDW,Saturday Night,2026-07-25T18:00:00-05:00,0,72.0,Partly Cloudy then Slight Chance Showers And Thunderstorms,"A slight chance of showers and thunderstorms after 1am. Partly cloudy, with a low around 72."
50,2026-07-23T01:04:54Z,KMDW,Sunday,2026-07-26T06:00:00-05:00,1,91.0,Slight Chance Showers And Thunderstorms then Mostly Sunny,"A slight chance of showers and thunderstorms before 7am. Mostly sunny, with a high near 91."
51,2026-07-23T01:04:54Z,KMDW,Sunday Night,2026-07-26T18:00:00-05:00,0,74.0,Slight Chance Showers And Thunderstorms,"A slight chance of showers and thunderstorms after 7pm. Partly cloudy, with a low around 74."
52,2026-07-23T01:04:54Z,KMDW,Monday,2026-07-27T06:00:00-05:00,1,91.0,Slight Chance Showers And Thunderstorms,"A slight chance of showers and thunderstorms. Mostly sunny, with a high near 91."
53,2026-07-23T01:04:54Z,KMDW,Monday Night,2026-07-27T18:00:00-05:00,0,72.0,Chance Showers And Thunderstorms,"A chance of showers and thunderstorms before 1am. Partly cloudy, with a low around 72."
54,2026-07-23T01:04:54Z,KMDW,Tuesday,2026-07-28T06:00:00-05:00,1,85.0,Mostly Sunny,"Mostly sunny, with a high near 85."
55,2026-07-23T01:04:54Z,KMDW,Tuesday Night,2026-07-28T18:00:00-05:00,0,70.0,Partly Cloudy,"Partly cloudy, with a low around 70."
56,2026-07-23T01:04:54Z,KMDW,Wednesday,2026-07-29T06:00:00-05:00,1,84.0,Mostly Sunny,"Mostly sunny, with a high near 84."
57,2026-07-23T01:04:54Z,KDFW,Tonight,2026-07-22T18:00:00-05:00,0,80.0,Slight Chance Showers And Thunderstorms then Mostly Clear,"A slight chance of showers and thunderstorms before 7pm. Mostly clear. Low around 80, with temperatures rising to around 83 overnight. Heat index values as high as 117. East northeast wind 5 to 10 mph."
58,2026-07-23T01:04:54Z,KDFW,Thursday,2026-07-23T06:00:00-05:00,1,100.0,Sunny,"Sunny, with a high near 100. Heat index values as high as 107. East northeast wind 5 to 10 mph, with gusts as high as 20 mph."
59,2026-07-23T01:04:54Z,KDFW,Thursday Night,2026-07-23T18:00:00-05:00,0,79.0,Mostly Clear,"Mostly clear. Low around 79, with temperatures rising to around 81 overnight. Heat index values as high as 106. East southeast wind 5 to 15 mph."
60,2026-07-23T01:04:54Z,KDFW,Friday,2026-07-24T06:00:00-05:00,1,99.0,Mostly Sunny,"Mostly sunny, with a high near 99. Heat index values as high as 109. South southeast wind 10 to 15 mph, with gusts as high as 25 mph."
61,2026-07-23T01:04:54Z,KDFW,Friday Night,2026-07-24T18:00:00-05:00,0,81.0,Mostly Clear,"Mostly clear, with a low around 81. South wind 10 to 15 mph, with gusts as high as 25 mph."
62,2026-07-23T01:04:54Z,KDFW,Saturday,2026-07-25T06:00:00-05:00,1,100.0,Mostly Sunny,"Mostly sunny, with a high near 100. South southwest wind around 10 mph."
63,2026-07-23T01:04:54Z,KDFW,Saturday Night,2026-07-25T18:00:00-05:00,0,82.0,Partly Cloudy,"Partly cloudy, with a low around 82. South wind around 10 mph."
64,2026-07-23T01:04:54Z,KDFW,Sunday,2026-07-26T06:00:00-05:00,1,102.0,Sunny,"Sunny, with a high near 102. South southwest wind around 10 mph."
65,2026-07-23T01:04:54Z,KDFW,Sunday Night,2026-07-26T18:00:00-05:00,0,82.0,Clear,"Clear, with a low around 82. South wind around 10 mph."
66,2026-07-23T01:04:54Z,KDFW,Monday,2026-07-27T06:00:00-05:00,1,103.0,Sunny,"Sunny, with a high near 103."
67,2026-07-23T01:04:54Z,KDFW,Monday Night,2026-07-27T18:00:00-05:00,0,82.0,Mostly Clear,"Mostly clear, with a low around 82."
68,2026-07-23T01:04:54Z,KDFW,Tuesday,2026-07-28T06:00:00-05:00,1,104.0,Sunny,"Sunny, with a high near 104."
69,2026-07-23T01:04:54Z,KDFW,Tuesday Night,2026-07-28T18:00:00-05:00,0,82.0,Mostly Clear,"Mostly clear, with a low around 82."
70,2026-07-23T01:04:54Z,KDFW,Wednesday,2026-07-29T06:00:00-05:00,1,104.0,Sunny,"Sunny, with a high near 104."
71,2026-07-23T01:04:54Z,KDEN,Tonight,2026-07-22T18:00:00-06:00,0,66.0,Chance Showers And Thunderstorms,"A chance of showers and thunderstorms before 9pm, then a chance of showers and thunderstorms between 9pm and 3am. Mostly cloudy. Low around 66, with temperatures rising to around 70 overnight. Southeast wind 5 to 13 mph, with gusts as high as 21 mph. Chance of precipitation is 50%. New rainfall amounts less than a tenth of an inch possible."
72,2026-07-23T01:04:54Z,KDEN,Thursday,2026-07-23T06:00:00-06:00,1,89.0,Partly Sunny then Chance Showers And Thunderstorms,"A chance of showers and thunderstorms between noon and 3pm, then showers and thunderstorms likely. Partly sunny. High near 89, with temperatures falling to around 84 in the afternoon. North northwest wind 5 to 9 mph. Chance of precipitation is 60%. New rainfall amounts between a tenth and quarter of an inch possible."
73,2026-07-23T01:04:54Z,KDEN,Thursday Night,2026-07-23T18:00:00-06:00,0,65.0,Chance Showers And Thunderstorms then Partly Cloudy,"A chance of showers and thunderstorms before midnight. Partly cloudy. Low around 65, with temperatures rising to around 69 overnight. South wind 3 to 9 mph. Chance of precipitation is 40%."
74,2026-07-23T01:04:54Z,KDEN,Friday,2026-07-24T06:00:00-06:00,1,94.0,Sunny,"Sunny, with a high near 94. West northwest wind around 6 mph, with gusts as high as 17 mph."
75,2026-07-23T01:04:54Z,KDEN,Friday Night,2026-07-24T18:00:00-06:00,0,67.0,Partly Cloudy,"Partly cloudy, with a low around 67. South wind 3 to 7 mph."
76,2026-07-23T01:04:54Z,KDEN,Saturday,2026-07-25T06:00:00-06:00,1,98.0,Mostly Sunny,"Mostly sunny, with a high near 98."
77,2026-07-23T01:04:54Z,KDEN,Saturday Night,2026-07-25T18:00:00-06:00,0,69.0,Partly Cloudy,"Partly cloudy, with a low around 69."
78,2026-07-23T01:04:54Z,KDEN,Sunday,2026-07-26T06:00:00-06:00,1,99.0,Sunny,"Sunny, with a high near 99."
79,2026-07-23T01:04:54Z,KDEN,Sunday Night,2026-07-26T18:00:00-06:00,0,68.0,Chance Showers And Thunderstorms then Partly Cloudy,"A chance of showers and thunderstorms before midnight. Partly cloudy, with a low around 68."
80,2026-07-23T01:04:54Z,KDEN,Monday,2026-07-27T06:00:00-06:00,1,97.0,Partly Sunny then Chance Showers And Thunderstorms,"A chance of showers and thunderstorms after noon. Partly sunny, with a high near 97."
81,2026-07-23T01:04:54Z,KDEN,Monday Night,2026-07-27T18:00:00-06:00,0,65.0,Showers And Thunderstorms Likely,"Showers and thunderstorms likely. Mostly cloudy, with a low around 65."
82,2026-07-23T01:04:54Z,KDEN,Tuesday,2026-07-28T06:00:00-06:00,1,93.0,Partly Sunny then Showers And Thunderstorms Likely,"Showers and thunderstorms likely after noon. Partly sunny, with a high near 93."
83,2026-07-23T01:04:54Z,KDEN,Tuesday Night,2026-07-28T18:00:00-06:00,0,63.0,Chance Showers And Thunderstorms,"A chance of showers and thunderstorms. Mostly cloudy, with a low around 63."
84,2026-07-23T01:04:54Z,KDEN,Wednesday,2026-07-29T06:00:00-06:00,1,92.0,Partly Sunny then Chance Showers And Thunderstorms,"A chance of showers and thunderstorms after noon. Partly sunny, with a high near 92."
85,2026-07-23T01:04:54Z,KIAH,Tonight,2026-07-22T19:00:00-05:00,0,83.0,Chance Showers And Thunderstorms then Partly Cloudy,"A chance of showers and thunderstorms before midnight. Partly cloudy, with a low around 83. Heat index values as high as 115. North wind around 5 mph. Chance of precipitation is 30%. New rainfall amounts less than a tenth of an inch possible."
86,2026-07-23T01:04:54Z,KIAH,Thursday,2026-07-23T06:00:00-05:00,1,96.0,Mostly Sunny then Chance Showers And Thunderstorms,"A chance of showers and thunderstorms after 2pm. Mostly sunny. High near 96, with temperatures falling to around 92 in the afternoon. Heat index values as high as 110. Northeast wind 5 to 20 mph, with gusts as high as 30 mph. Chance of precipitation is 40%. New rainfall amounts less than a tenth of an inch possible."
87,2026-07-23T01:04:54Z,KIAH,Thursday Night,2026-07-23T18:00:00-05:00,0,80.0,Chance Showers And Thunderstorms,"A chance of showers and thunderstorms between 7pm and 9pm, then a chance of showers and thunderstorms. Partly cloudy, with a low around 80. Heat index values as high as 106. East wind 5 to 15 mph, with gusts as high as 25 mph. Chance of precipitation is 50%. New rainfall amounts less than a tenth of an inch possible."
88,2026-07-23T01:04:54Z,KIAH,Friday,2026-07-24T06:00:00-05:00,1,95.0,Sunny then Slight Chance Showers And Thunderstorms,"A slight chance of showers and thunderstorms after 1pm. Sunny, with a high near 95. Heat index values as high as 106. Southeast wind 5 to 10 mph. Chance of precipitation is 20%."
89,2026-07-23T01:04:54Z,KIAH,Friday Night,2026-07-24T18:00:00-05:00,0,79.0,Slight Chance Showers And Thunderstorms then Mostly Clear,"A slight chance of showers and thunderstorms before 7pm. Mostly clear, with a low around 79. South wind 5 to 10 mph. Chance of precipitation is 20%."
90,2026-07-23T01:04:54Z,KIAH,Saturday,2026-07-25T06:00:00-05:00,1,97.0,Sunny,"Sunny, with a high near 97."
91,2026-07-23T01:04:54Z,KIAH,Saturday Night,2026-07-25T18:00:00-05:00,0,78.0,Mostly Clear,"Mostly clear, with a low around 78."
92,2026-07-23T01:04:54Z,KIAH,Sunday,2026-07-26T06:00:00-05:00,1,99.0,Sunny,"Sunny, with a high near 99."
93,2026-07-23T01:04:54Z,KIAH,Sunday Night,2026-07-26T18:00:00-05:00,0,79.0,Mostly Clear,"Mostly clear, with a low around 79."
94,2026-07-23T01:04:54Z,KIAH,Monday,2026-07-27T06:00:00-05:00,1,100.0,Sunny,"Sunny, with a high near 100."
95,2026-07-23T01:04:54Z,KIAH,Monday Night,2026-07-27T18:00:00-05:00,0,79.0,Mostly Clear,"Mostly clear, with a low around 79."
96,2026-07-23T01:04:54Z,KIAH,Tuesday,2026-07-28T06:00:00-05:00,1,101.0,Sunny,"Sunny, with a high near 101."
97,2026-07-23T01:04:54Z,KIAH,Tuesday Night,2026-07-28T18:00:00-05:00,0,80.0,Mostly Clear,"Mostly clear, with a low around 80."
98,2026-07-23T01:04:54Z,KIAH,Wednesday,2026-07-29T06:00:00-05:00,1,101.0,Sunny,"Sunny, with a high near 101."
99,2026-07-23T01:04:54Z,KLAS,Tonight,2026-07-22T18:00:00-07:00,0,88.0,Mostly Clear,"Mostly clear. Low around 88, with temperatures rising to around 91 overnight. Heat index values as high as 105. Southwest wind around 7 mph."
100,2026-07-23T01:04:54Z,KLAS,Thursday,2026-07-23T06:00:00-07:00,1,110.0,Sunny,"Sunny, with a high near 110. Heat index values as high as 107. Southeast wind around 5 mph."
101,2026-07-23T01:04:54Z,KLAS,Thursday Night,2026-07-23T18:00:00-07:00,0,90.0,Mostly Clear,"Mostly clear. Low around 90, with temperatures rising to around 93 overnight. Heat index values as high as 106. South southwest wind around 5 mph."
102,2026-07-23T01:04:54Z,KLAS,Friday,2026-07-24T06:00:00-07:00,1,111.0,Isolated Showers And Thunderstorms,"Isolated showers and thunderstorms after 11am. Sunny, with a high near 111. Heat index values as high as 108. Southeast wind 2 to 8 mph. Chance of precipitation is 20%."
103,2026-07-23T01:04:54Z,KLAS,Friday Night,2026-07-24T18:00:00-07:00,0,91.0,Isolated Showers And Thunderstorms then Mostly Clear,"Isolated showers and thunderstorms before 8pm. Mostly clear, with a low around 91. South southwest wind 3 to 8 mph."
104,2026-07-23T01:04:54Z,KLAS,Saturday,2026-07-25T06:00:00-07:00,1,113.0,Sunny,"Sunny, with a high near 113."
105,2026-07-23T01:04:54Z,KLAS,Saturday Night,2026-07-25T18:00:00-07:00,0,91.0,Mostly Clear,"Mostly clear, with a low around 91."
106,2026-07-23T01:04:54Z,KLAS,Sunday,2026-07-26T06:00:00-07:00,1,113.0,Sunny,"Sunny, with a high near 113."
107,2026-07-23T01:04:54Z,KLAS,Sunday Night,2026-07-26T18:00:00-07:00,0,90.0,Partly Cloudy,"Partly cloudy, with a low around 90."
108,2026-07-23T01:04:54Z,KLAS,Monday,2026-07-27T06:00:00-07:00,1,111.0,Sunny,"Sunny, with a high near 111."
109,2026-07-23T01:04:54Z,KLAS,Monday Night,2026-07-27T18:00:00-07:00,0,88.0,Partly Cloudy,"Partly cloudy, with a low around 88."
110,2026-07-23T01:04:54Z,KLAS,Tuesday,2026-07-28T06:00:00-07:00,1,109.0,Mostly Sunny,"Mostly sunny, with a high near 109."
111,2026-07-23T01:04:54Z,KLAS,Tuesday Night,2026-07-28T18:00:00-07:00,0,88.0,Partly Cloudy,"Partly cloudy, with a low around 88."
112,2026-07-23T01:04:54Z,KLAS,Wednesday,2026-07-29T06:00:00-07:00,1,107.0,Sunny,"Sunny, with a high near 107."
113,2026-07-23T01:04:54Z,KLAX,Tonight,2026-07-22T18:00:00-07:00,0,68.0,Mostly Clear,"Mostly clear, with a low around 68. Southwest wind 5 to 10 mph, with gusts as high as 20 mph."
114,2026-07-23T01:04:54Z,KLAX,Thursday,2026-07-23T06:00:00-07:00,1,81.0,Sunny,"Sunny, with a high near 81. Southwest wind 5 to 15 mph."
115,2026-07-23T01:04:54Z,KLAX,Thursday Night,2026-07-23T18:00:00-07:00,0,69.0,Mostly Clear,"Mostly clear, with a low around 69. South southwest wind 5 to 15 mph."
116,2026-07-23T01:04:54Z,KLAX,Friday,2026-07-24T06:00:00-07:00,1,82.0,Mostly Sunny,"Mostly sunny, with a high near 82. South southwest wind 5 to 10 mph."
117,2026-07-23T01:04:54Z,KLAX,Friday Night,2026-07-24T18:00:00-07:00,0,69.0,Partly Cloudy,"Partly cloudy, with a low around 69. South wind 5 to 10 mph."
118,2026-07-23T01:04:54Z,KLAX,Saturday,2026-07-25T06:00:00-07:00,1,82.0,Sunny,"Sunny, with a high near 82."
119,2026-07-23T01:04:54Z,KLAX,Saturday Night,2026-07-25T18:00:00-07:00,0,69.0,Mostly Clear,"Mostly clear, with a low around 69."
120,2026-07-23T01:04:54Z,KLAX,Sunday,2026-07-26T06:00:00-07:00,1,79.0,Mostly Sunny,"Mostly sunny, with a high near 79."
121,2026-07-23T01:04:54Z,KLAX,Sunday Night,2026-07-26T18:00:00-07:00,0,69.0,Partly Cloudy,"Partly cloudy, with a low around 69."
122,2026-07-23T01:04:54Z,KLAX,Monday,2026-07-27T06:00:00-07:00,1,78.0,Mostly Sunny,"Mostly sunny, with a high near 78."
123,2026-07-23T01:04:54Z,KLAX,Monday Night,2026-07-27T18:00:00-07:00,0,68.0,Partly Cloudy,"Partly cloudy, with a low around 68."
124,2026-07-23T01:04:54Z,KLAX,Tuesday,2026-07-28T06:00:00-07:00,1,77.0,Mostly Sunny,"Mostly sunny, with a high near 77."
125,2026-07-23T01:04:54Z,KLAX,Tuesday Night,2026-07-28T18:00:00-07:00,0,68.0,Partly Cloudy,"Partly cloudy, with a low around 68."
126,2026-07-23T01:04:54Z,KLAX,Wednesday,2026-07-29T06:00:00-07:00,1,77.0,Mostly Sunny,"Mostly sunny, with a high near 77."
127,2026-07-23T01:04:54Z,KMIA,Tonight,2026-07-22T18:00:00-04:00,0,81.0,Mostly Clear,"Mostly clear, with a low around 81. East wind 7 to 12 mph. New rainfall amounts less than a tenth of an inch possible."
128,2026-07-23T01:04:54Z,KMIA,Thursday,2026-07-23T06:00:00-04:00,1,93.0,Slight Chance Showers And Thunderstorms,"A slight chance of showers and thunderstorms after 8am. Sunny, with a high near 93. Heat index values as high as 102. East wind 7 to 15 mph, with gusts as high as 23 mph. Chance of precipitation is 20%. New rainfall amounts less than a tenth of an inch possible."
129,2026-07-23T01:04:54Z,KMIA,Thursday Night,2026-07-23T18:00:00-04:00,0,80.0,Chance Showers And Thunderstorms,"A chance of showers and thunderstorms. Partly cloudy, with a low around 80. Northeast wind 7 to 14 mph, with gusts as high as 21 mph. Chance of precipitation is 40%. New rainfall amounts less than a tenth of an inch possible."
130,2026-07-23T01:04:54Z,KMIA,Friday,2026-07-24T06:00:00-04:00,1,92.0,Chance Showers And Thunderstorms,"A chance of showers and thunderstorms. Mostly sunny, with a high near 92. Heat index values as high as 105. East wind 6 to 12 mph, with gusts as high as 18 mph. Chance of precipitation is 40%."
131,2026-07-23T01:04:54Z,KMIA,Friday Night,2026-07-24T18:00:00-04:00,0,81.0,Chance Showers And Thunderstorms,"A chance of showers and thunderstorms. Partly cloudy, with a low around 81. Southeast wind 3 to 12 mph. Chance of precipitation is 40%."
132,2026-07-23T01:04:54Z,KMIA,Saturday,2026-07-25T06:00:00-04:00,1,93.0,Showers And Thunderstorms Likely,"Showers and thunderstorms likely. Mostly sunny, with a high near 93. Southeast wind 0 to 9 mph. Chance of precipitation is 60%."
133,2026-07-23T01:04:54Z,KMIA,Saturday Night,2026-07-25T18:00:00-04:00,0,80.0,Showers And Thunderstorms Likely,"Showers and thunderstorms likely before 2am. Mostly clear, with a low around 80. South wind 2 to 9 mph. Chance of precipitation is 60%."
134,2026-07-23T01:04:54Z,KMIA,Sunday,2026-07-26T06:00:00-04:00,1,94.0,Mostly Sunny then Showers And Thunderstorms Likely,"Showers and thunderstorms likely after 2pm. Some of the storms could produce heavy rain. Mostly sunny, with a high near 94. Southwest wind 3 to 8 mph. Chance of precipitation is 70%."
135,2026-07-23T01:04:54Z,KMIA,Sunday Night,2026-07-26T18:00:00-04:00,0,79.0,Showers And Thunderstorms Likely,"Showers and thunderstorms likely before 2am. Some of the storms could produce heavy rain. Partly cloudy, with a low around 79. Southwest wind around 7 mph. Chance of precipitation is 70%."
136,2026-07-23T01:04:54Z,KMIA,Monday,2026-07-27T06:00:00-04:00,1,93.0,Showers And Thunderstorms Likely,"Showers and thunderstorms likely after 8am. Mostly sunny, with a high near 93. Chance of precipitation is 70%."
137,2026-07-23T01:04:54Z,KMIA,Monday Night,2026-07-27T18:00:00-04:00,0,79.0,Showers And Thunderstorms Likely,"Showers and thunderstorms likely. Partly cloudy, with a low around 79. Chance of precipitation is 70%."
138,2026-07-23T01:04:54Z,KMIA,Tuesday,2026-07-28T06:00:00-04:00,1,91.0,Showers And Thunderstorms Likely,"Showers and thunderstorms likely. Mostly sunny, with a high near 91. Chance of precipitation is 60%."
139,2026-07-23T01:04:54Z,KMIA,Tuesday Night,2026-07-28T18:00:00-04:00,0,79.0,Showers And Thunderstorms Likely,"Showers and thunderstorms likely before 2am. Mostly cloudy, with a low around 79. Chance of precipitation is 60%."
140,2026-07-23T01:04:54Z,KMIA,Wednesday,2026-07-29T06:00:00-04:00,1,92.0,Chance Showers And Thunderstorms,"A chance of showers and thunderstorms after 8am. Mostly sunny, with a high near 92."
141,2026-07-23T01:04:54Z,KMSP,Tonight,2026-07-22T18:00:00-05:00,0,58.0,Mostly Clear,"Mostly clear, with a low around 58. South southeast wind around 5 mph."
142,2026-07-23T01:04:54Z,KMSP,Thursday,2026-07-23T06:00:00-05:00,1,82.0,Sunny,"Sunny, with a high near 82. South southwest wind 5 to 10 mph."
143,2026-07-23T01:04:54Z,KMSP,Thursday Night,2026-07-23T18:00:00-05:00,0,64.0,Partly Cloudy,"Partly cloudy, with a low around 64. South southwest wind 10 to 15 mph."
144,2026-07-23T01:04:54Z,KMSP,Friday,2026-07-24T06:00:00-05:00,1,83.0,Mostly Sunny,"Mostly sunny, with a high near 83. South southwest wind 10 to 15 mph, with gusts as high as 25 mph."
145,2026-07-23T01:04:54Z,KMSP,Friday Night,2026-07-24T18:00:00-05:00,0,69.0,Partly Cloudy,"Partly cloudy, with a low around 69. South southwest wind around 15 mph, with gusts as high as 25 mph."
146,2026-07-23T01:04:54Z,KMSP,Saturday,2026-07-25T06:00:00-05:00,1,93.0,Sunny,"Sunny, with a high near 93. West southwest wind 10 to 15 mph."
147,2026-07-23T01:04:54Z,KMSP,Saturday Night,2026-07-25T18:00:00-05:00,0,73.0,Mostly Clear,"Mostly clear, with a low around 73. South wind 5 to 10 mph."
148,2026-07-23T01:04:54Z,KMSP,Sunday,2026-07-26T06:00:00-05:00,1,94.0,Mostly Sunny,"Mostly sunny, with a high near 94. South southeast wind 5 to 10 mph."
149,2026-07-23T01:04:54Z,KMSP,Sunday Night,2026-07-26T18:00:00-05:00,0,72.0,Chance Showers And Thunderstorms,"A chance of showers and thunderstorms after 7pm. Mostly clear, with a low around 72. South wind 5 to 10 mph. Chance of precipitation is 30%."
150,2026-07-23T01:04:54Z,KMSP,Monday,2026-07-27T06:00:00-05:00,1,93.0,Chance Showers And Thunderstorms then Sunny,"A chance of showers and thunderstorms before 7am. Sunny, with a high near 93. West northwest wind 5 to 10 mph. Chance of precipitation is 30%."
151,2026-07-23T01:04:54Z,KMSP,Monday Night,2026-07-27T18:00:00-05:00,0,70.0,Mostly Clear,"Mostly clear, with a low around 70. North wind 0 to 10 mph."
152,2026-07-23T01:04:54Z,KMSP,Tuesday,2026-07-28T06:00:00-05:00,1,90.0,Sunny,"Sunny, with a high near 90. North northwest wind 0 to 10 mph."
153,2026-07-23T01:04:54Z,KMSP,Tuesday Night,2026-07-28T18:00:00-05:00,0,68.0,Mostly Clear,"Mostly clear, with a low around 68. North northeast wind 5 to 10 mph."
154,2026-07-23T01:04:54Z,KMSP,Wednesday,2026-07-29T06:00:00-05:00,1,89.0,Sunny,"Sunny, with a high near 89. North northeast wind around 5 mph."
155,2026-07-23T01:04:54Z,KMSY,Tonight,2026-07-22T19:00:00-05:00,0,80.0,Tropical Storm Conditions Possible,"Tropical storm conditions possible. Showers and thunderstorms likely before 8pm, then a chance of showers and thunderstorms between 8pm and 9pm, then showers and thunderstorms likely. Mostly cloudy, with a low around 80. Chance of precipitation is 70%. New rainfall amounts less than a tenth of an inch possible."
156,2026-07-23T01:04:54Z,KMSY,Thursday,2026-07-23T06:00:00-05:00,1,90.0,Tropical Storm Conditions Possible,"Tropical storm conditions possible. A slight chance of showers and thunderstorms before 8am, then a chance of showers and thunderstorms between 8am and 10am, then a chance of showers and thunderstorms. Mostly sunny, with a high near 90. Chance of precipitation is 50%. New rainfall amounts between a quarter and half of an inch possible."
157,2026-07-23T01:04:54Z,KMSY,Thursday Night,2026-07-23T18:00:00-05:00,0,79.0,Mostly Clear,"Mostly clear, with a low around 79. South wind 5 to 15 mph. New rainfall amounts less than a tenth of an inch possible."
158,2026-07-23T01:04:54Z,KMSY,Friday,2026-07-24T06:00:00-05:00,1,93.0,Mostly Sunny,"Mostly sunny, with a high near 93. South wind 5 to 10 mph."
159,2026-07-23T01:04:54Z,KMSY,Friday Night,2026-07-24T18:00:00-05:00,0,77.0,Mostly Clear,"Mostly clear, with a low around 77. Southwest wind 5 to 10 mph."
160,2026-07-23T01:04:54Z,KMSY,Saturday,2026-07-25T06:00:00-05:00,1,95.0,Mostly Sunny,"Mostly sunny, with a high near 95. West wind around 5 mph."
161,2026-07-23T01:04:54Z,KMSY,Saturday Night,2026-07-25T18:00:00-05:00,0,78.0,Partly Cloudy,"Partly cloudy, with a low around 78. Southwest wind 5 to 10 mph."
162,2026-07-23T01:04:54Z,KMSY,Sunday,2026-07-26T06:00:00-05:00,1,95.0,Sunny,"Sunny, with a high near 95. West wind 5 to 10 mph."
163,2026-07-23T01:04:54Z,KMSY,Sunday Night,2026-07-26T18:00:00-05:00,0,79.0,Mostly Clear,"Mostly clear, with a low around 79. West wind around 10 mph."
164,2026-07-23T01:04:54Z,KMSY,Monday,2026-07-27T06:00:00-05:00,1,98.0,Sunny,"Sunny, with a high near 98. West wind around 10 mph."
165,2026-07-23T01:04:54Z,KMSY,Monday Night,2026-07-27T18:00:00-05:00,0,79.0,Mostly Clear,"Mostly clear, with a low around 79. West wind around 10 mph."
166,2026-07-23T01:04:54Z,KMSY,Tuesday,2026-07-28T06:00:00-05:00,1,99.0,Sunny,"Sunny, with a high near 99. West wind around 10 mph."
167,2026-07-23T01:04:54Z,KMSY,Tuesday Night,2026-07-28T18:00:00-05:00,0,79.0,Mostly Clear,"Mostly clear, with a low around 79. Southwest wind around 10 mph."
168,2026-07-23T01:04:54Z,KMSY,Wednesday,2026-07-29T06:00:00-05:00,1,99.0,Mostly Sunny,"Mostly sunny, with a high near 99. West wind around 10 mph."
169,2026-07-23T01:04:54Z,KNYC,Tonight,2026-07-22T20:00:00-04:00,0,65.0,Partly Cloudy,"Partly cloudy, with a low around 65. Northwest wind 5 to 8 mph."
170,2026-07-23T01:04:54Z,KNYC,Thursday,2026-07-23T06:00:00-04:00,1,80.0,Sunny,"Sunny, with a high near 80. North wind 0 to 5 mph."
171,2026-07-23T01:04:54Z,KNYC,Thursday Night,2026-07-23T18:00:00-04:00,0,65.0,Mostly Clear,"Mostly clear, with a low around 65. Wind around 0 mph."
172,2026-07-23T01:04:54Z,KNYC,Friday,2026-07-24T06:00:00-04:00,1,81.0,Sunny,"Sunny, with a high near 81. East wind 0 to 6 mph."
173,2026-07-23T01:04:54Z,KNYC,Friday Night,2026-07-24T18:00:00-04:00,0,66.0,Mostly Clear,"Mostly clear, with a low around 66. East wind 0 to 7 mph."
174,2026-07-23T01:04:54Z,KNYC,Saturday,2026-07-25T06:00:00-04:00,1,82.0,Sunny,"Sunny, with a high near 82."
175,2026-07-23T01:04:54Z,KNYC,Saturday Night,2026-07-25T18:00:00-04:00,0,66.0,Partly Cloudy,"Partly cloudy, with a low around 66."
176,2026-07-23T01:04:54Z,KNYC,Sunday,2026-07-26T06:00:00-04:00,1,83.0,Mostly Sunny,"Mostly sunny, with a high near 83."
177,2026-07-23T01:04:54Z,KNYC,Sunday Night,2026-07-26T18:00:00-04:00,0,68.0,Partly Cloudy,"Partly cloudy, with a low around 68."
178,2026-07-23T01:04:54Z,KNYC,Monday,2026-07-27T06:00:00-04:00,1,86.0,Mostly Sunny then Chance Rain Showers,"A chance of rain showers after 2pm. Mostly sunny, with a high near 86. Chance of precipitation is 30%."
179,2026-07-23T01:04:54Z,KNYC,Monday Night,2026-07-27T18:00:00-04:00,0,70.0,Chance Showers And Thunderstorms,"A chance of rain showers before 8pm, then a chance of showers and thunderstorms. Mostly cloudy, with a low around 70. Chance of precipitation is 40%."
180,2026-07-23T01:04:54Z,KNYC,Tuesday,2026-07-28T06:00:00-04:00,1,84.0,Chance Rain Showers then Chance Showers And Thunderstorms,"A chance of rain showers before 2pm, then a chance of showers and thunderstorms. Partly sunny, with a high near 84. Chance of precipitation is 50%."
181,2026-07-23T01:04:54Z,KNYC,Tuesday Night,2026-07-28T18:00:00-04:00,0,69.0,Chance Showers And Thunderstorms,"A chance of showers and thunderstorms before 8pm, then a chance of showers and thunderstorms. Mostly cloudy, with a low around 69. Chance of precipitation is 50%."
182,2026-07-23T01:04:54Z,KNYC,Wednesday,2026-07-29T06:00:00-04:00,1,84.0,Chance Rain Showers then Chance Showers And Thunderstorms,"A chance of rain showers before 2pm, then a chance of showers and thunderstorms. Partly sunny, with a high near 84."
183,2026-07-23T01:04:54Z,KOKC,Tonight,2026-07-22T19:00:00-05:00,0,72.0,Clear,"Clear, with a low around 72. East wind 8 to 15 mph, with gusts as high as 23 mph."
184,2026-07-23T01:04:54Z,KOKC,Thursday,2026-07-23T06:00:00-05:00,1,96.0,Sunny,"Sunny, with a high near 96. Heat index values as high as 99. East southeast wind 8 to 15 mph, with gusts as high as 23 mph."
185,2026-07-23T01:04:54Z,KOKC,Thursday Night,2026-07-23T18:00:00-05:00,0,75.0,Mostly Clear,"Mostly clear, with a low around 75. Heat index values as high as 98. South southeast wind 12 to 15 mph, with gusts as high as 23 mph."
186,2026-07-23T01:04:54Z,KOKC,Friday,2026-07-24T06:00:00-05:00,1,98.0,Slight Chance Rain Showers,"A slight chance of rain showers between 7am and 1pm. Partly sunny, with a high near 98. Heat index values as high as 104. South wind 13 to 17 mph, with gusts as high as 26 mph. Chance of precipitation is 20%."
187,2026-07-23T01:04:54Z,KOKC,Friday Night,2026-07-24T18:00:00-05:00,0,77.0,Slight Chance Showers And Thunderstorms,"A slight chance of showers and thunderstorms after 7pm. Partly cloudy, with a low around 77. South southeast wind around 16 mph, with gusts as high as 24 mph. Chance of precipitation is 20%."
188,2026-07-23T01:04:54Z,KOKC,Saturday,2026-07-25T06:00:00-05:00,1,99.0,Slight Chance Showers And Thunderstorms,"A slight chance of showers and thunderstorms before 1pm. Mostly sunny, with a high near 99. Chance of precipitation is 20%."
189,2026-07-23T01:04:54Z,KOKC,Saturday Night,2026-07-25T18:00:00-05:00,0,78.0,Mostly Clear,"Mostly clear, with a low around 78."
190,2026-07-23T01:04:54Z,KOKC,Sunday,2026-07-26T06:00:00-05:00,1,101.0,Sunny,"Sunny, with a high near 101."
191,2026-07-23T01:04:54Z,KOKC,Sunday Night,2026-07-26T18:00:00-05:00,0,79.0,Mostly Clear,"Mostly clear, with a low around 79."
192,2026-07-23T01:04:54Z,KOKC,Monday,2026-07-27T06:00:00-05:00,1,102.0,Sunny,"Sunny, with a high near 102."
193,2026-07-23T01:04:54Z,KOKC,Monday Night,2026-07-27T18:00:00-05:00,0,78.0,Mostly Clear,"Mostly clear, with a low around 78."
194,2026-07-23T01:04:54Z,KOKC,Tuesday,2026-07-28T06:00:00-05:00,1,103.0,Sunny,"Sunny, with a high near 103."
195,2026-07-23T01:04:54Z,KOKC,Tuesday Night,2026-07-28T18:00:00-05:00,0,78.0,Mostly Clear,"Mostly clear, with a low around 78."
196,2026-07-23T01:04:54Z,KOKC,Wednesday,2026-07-29T06:00:00-05:00,1,102.0,Mostly Sunny,"Mostly sunny, with a high near 102."
197,2026-07-23T01:04:54Z,KPHL,Tonight,2026-07-22T18:00:00-04:00,0,66.0,Partly Cloudy,"Partly cloudy, with a low around 66. Northwest wind 5 to 10 mph."
198,2026-07-23T01:04:54Z,KPHL,Thursday,2026-07-23T06:00:00-04:00,1,81.0,Sunny,"Sunny, with a high near 81. North wind around 5 mph."
199,2026-07-23T01:04:54Z,KPHL,Thursday Night,2026-07-23T18:00:00-04:00,0,63.0,Mostly Clear,"Mostly clear, with a low around 63. East wind 0 to 5 mph."
200,2026-07-23T01:04:54Z,KPHL,Friday,2026-07-24T06:00:00-04:00,1,84.0,Sunny,"Sunny, with a high near 84. East wind 0 to 5 mph."
201,2026-07-23T01:04:54Z,KPHL,Friday Night,2026-07-24T18:00:00-04:00,0,64.0,Partly Cloudy,"Partly cloudy, with a low around 64. East wind 0 to 5 mph."
202,2026-07-23T01:04:54Z,KPHL,Saturday,2026-07-25T06:00:00-04:00,1,84.0,Mostly Sunny,"Mostly sunny, with a high near 84."
203,2026-07-23T01:04:54Z,KPHL,Saturday Night,2026-07-25T18:00:00-04:00,0,64.0,Partly Cloudy,"Partly cloudy, with a low around 64."
204,2026-07-23T01:04:54Z,KPHL,Sunday,2026-07-26T06:00:00-04:00,1,85.0,Mostly Sunny,"Mostly sunny, with a high near 85."
205,2026-07-23T01:04:54Z,KPHL,Sunday Night,2026-07-26T18:00:00-04:00,0,67.0,Slight Chance Showers And Thunderstorms,"A slight chance of showers and thunderstorms between 8pm and 2am. Partly cloudy, with a low around 67."
206,2026-07-23T01:04:54Z,KPHL,Monday,2026-07-27T06:00:00-04:00,1,87.0,Mostly Sunny then Chance Showers And Thunderstorms,"A chance of showers and thunderstorms after 2pm. Mostly sunny, with a high near 87. Chance of precipitation is 30%."
207,2026-07-23T01:04:54Z,KPHL,Monday Night,2026-07-27T18:00:00-04:00,0,69.0,Chance Showers And Thunderstorms,"A chance of showers and thunderstorms. Mostly cloudy, with a low around 69. Chance of precipitation is 40%."
208,2026-07-23T01:04:54Z,KPHL,Tuesday,2026-07-28T06:00:00-04:00,1,86.0,Chance Rain Showers then Chance Showers And Thunderstorms,"A chance of rain showers before 2pm, then a chance of showers and thunderstorms. Partly sunny, with a high near 86. Chance of precipitation is 50%."
209,2026-07-23T01:04:54Z,KPHL,Tuesday Night,2026-07-28T18:00:00-04:00,0,68.0,Chance Showers And Thunderstorms,"A chance of showers and thunderstorms before 2am, then a chance of showers and thunderstorms. Mostly cloudy, with a low around 68. Chance of precipitation is 50%."
210,2026-07-23T01:04:54Z,KPHL,Wednesday,2026-07-29T06:00:00-04:00,1,85.0,Chance Showers And Thunderstorms,"A chance of showers and thunderstorms before 2pm, then a chance of showers and thunderstorms. Mostly sunny, with a high near 85."
211,2026-07-23T01:04:54Z,KPHX,Tonight,2026-07-22T18:00:00-07:00,0,89.0,Mostly Clear,"Mostly clear. Low around 89, with temperatures rising to around 91 overnight. East southeast wind around 5 mph."
212,2026-07-23T01:04:54Z,KPHX,Thursday,2026-07-23T06:00:00-07:00,1,111.0,Sunny,"Sunny. High near 111, with temperatures falling to around 109 in the afternoon. Heat index values as high as 112. Southeast wind around 5 mph."
213,2026-07-23T01:04:54Z,KPHX,Thursday Night,2026-07-23T18:00:00-07:00,0,93.0,Mostly Clear,"Mostly clear, with a low around 93. Heat index values as high as 111. East northeast wind around 5 mph."
214,2026-07-23T01:04:54Z,KPHX,Friday,2026-07-24T06:00:00-07:00,1,114.0,Sunny,"Sunny, with a high near 114. Heat index values as high as 114. South southeast wind 0 to 10 mph."
215,2026-07-23T01:04:54Z,KPHX,Friday Night,2026-07-24T18:00:00-07:00,0,95.0,Mostly Clear,"Mostly clear, with a low around 95. West northwest wind 5 to 10 mph."
216,2026-07-23T01:04:54Z,KPHX,Saturday,2026-07-25T06:00:00-07:00,1,116.0,Sunny then Slight Chance Showers And Thunderstorms,"A slight chance of showers and thunderstorms after 5pm. Sunny, with a high near 116. South wind 5 to 10 mph."
217,2026-07-23T01:04:54Z,KPHX,Saturday Night,2026-07-25T18:00:00-07:00,0,93.0,Slight Chance Showers And Thunderstorms,"A slight chance of showers and thunderstorms before 5am. Partly cloudy, with a low around 93. Southwest wind around 5 mph."
218,2026-07-23T01:04:54Z,KPHX,Sunday,2026-07-26T06:00:00-07:00,1,111.0,Chance Showers And Thunderstorms,"A chance of showers and thunderstorms after 11am. Partly sunny, with a high near 111. West southwest wind 5 to 10 mph. Chance of precipitation is 40%. New rainfall amounts less than a tenth of an inch possible."
219,2026-07-23T01:04:54Z,KPHX,Sunday Night,2026-07-26T18:00:00-07:00,0,90.0,Chance Showers And Thunderstorms,"A chance of showers and thunderstorms. Mostly cloudy, with a low around 90. West southwest wind around 5 mph. Chance of precipitation is 40%. New rainfall amounts less than a tenth of an inch possible."
220,2026-07-23T01:04:54Z,KPHX,Monday,2026-07-27T06:00:00-07:00,1,106.0,Slight Chance Showers And Thunderstorms,"A slight chance of rain showers before 11am, then a slight chance of showers and thunderstorms. Partly sunny, with a high near 106. Southwest wind around 5 mph. Chance of precipitation is 20%."
221,2026-07-23T01:04:54Z,KPHX,Monday Night,2026-07-27T18:00:00-07:00,0,88.0,Slight Chance Showers And Thunderstorms,"A slight chance of showers and thunderstorms. Mostly cloudy, with a low around 88. Southwest wind around 5 mph. Chance of precipitation is 20%."
222,2026-07-23T01:04:54Z,KPHX,Tuesday,2026-07-28T06:00:00-07:00,1,107.0,Slight Chance Showers And Thunderstorms then Mostly Sunny,"A slight chance of showers and thunderstorms before 11am. Mostly sunny, with a high near 107. Southwest wind around 5 mph."
223,2026-07-23T01:04:54Z,KPHX,Tuesday Night,2026-07-28T18:00:00-07:00,0,89.0,Slight Chance Showers And Thunderstorms,"A slight chance of showers and thunderstorms after 11pm. Partly cloudy, with a low around 89. West southwest wind 0 to 5 mph. Chance of precipitation is 20%. New rainfall amounts between a quarter and half of an inch possible."
224,2026-07-23T01:04:54Z,KPHX,Wednesday,2026-07-29T06:00:00-07:00,1,108.0,Slight Chance Showers And Thunderstorms,"A slight chance of showers and thunderstorms. Mostly sunny, with a high near 108. Southwest wind 0 to 5 mph. Chance of precipitation is 20%. New rainfall amounts between a tenth and quarter of an inch possible."
225,2026-07-23T01:04:54Z,KSAT,Tonight,2026-07-22T20:00:00-05:00,0,82.0,Partly Cloudy,"Partly cloudy, with a low around 82. Heat index values as high as 106. Northeast wind 0 to 5 mph. New rainfall amounts less than a tenth of an inch possible."
226,2026-07-23T01:04:54Z,KSAT,Thursday,2026-07-23T06:00:00-05:00,1,100.0,Mostly Sunny,"Mostly sunny, with a high near 100. Heat index values as high as 108. North northeast wind 5 to 15 mph, with gusts as high as 25 mph."
227,2026-07-23T01:04:54Z,KSAT,Thursday Night,2026-07-23T18:00:00-05:00,0,80.0,Chance Rain Showers,"A chance of rain showers after 10pm. Partly cloudy, with a low around 80. Heat index values as high as 107. East wind 5 to 15 mph, with gusts as high as 25 mph. Chance of precipitation is 30%. New rainfall amounts less than a tenth of an inch possible."
228,2026-07-23T01:04:54Z,KSAT,Friday,2026-07-24T06:00:00-05:00,1,94.0,Slight Chance Rain Showers,"A slight chance of rain showers before 1pm. Mostly sunny, with a high near 94. Heat index values as high as 102. Southeast wind 5 to 15 mph, with gusts as high as 25 mph. Chance of precipitation is 20%."
229,2026-07-23T01:04:54Z,KSAT,Friday Night,2026-07-24T18:00:00-05:00,0,77.0,Mostly Clear,"Mostly clear, with a low around 77. South southeast wind 5 to 15 mph, with gusts as high as 20 mph."
230,2026-07-23T01:04:54Z,KSAT,Saturday,2026-07-25T06:00:00-05:00,1,96.0,Mostly Sunny,"Mostly sunny, with a high near 96. South southeast wind 5 to 10 mph."
231,2026-07-23T01:04:54Z,KSAT,Saturday Night,2026-07-25T18:00:00-05:00,0,75.0,Mostly Clear,"Mostly clear, with a low around 75. South southeast wind 5 to 10 mph, with gusts as high as 20 mph."
232,2026-07-23T01:04:54Z,KSAT,Sunday,2026-07-26T06:00:00-05:00,1,96.0,Mostly Sunny,"Mostly sunny, with a high near 96. South wind around 5 mph."
233,2026-07-23T01:04:54Z,KSAT,Sunday Night,2026-07-26T18:00:00-05:00,0,76.0,Mostly Clear,"Mostly clear, with a low around 76. South southeast wind 5 to 10 mph."
234,2026-07-23T01:04:54Z,KSAT,Monday,2026-07-27T06:00:00-05:00,1,97.0,Sunny,"Sunny, with a high near 97."
235,2026-07-23T01:04:54Z,KSAT,Monday Night,2026-07-27T18:00:00-05:00,0,77.0,Clear,"Clear, with a low around 77."
236,2026-07-23T01:04:54Z,KSAT,Tuesday,2026-07-28T06:00:00-05:00,1,99.0,Sunny,"Sunny, with a high near 99."
237,2026-07-23T01:04:54Z,KSAT,Tuesday Night,2026-07-28T18:00:00-05:00,0,78.0,Mostly Clear,"Mostly clear, with a low around 78."
238,2026-07-23T01:04:54Z,KSAT,Wednesday,2026-07-29T06:00:00-05:00,1,99.0,Mostly Sunny,"Mostly sunny, with a high near 99."
239,2026-07-23T01:04:54Z,KSFO,Tonight,2026-07-22T18:00:00-07:00,0,59.0,Mostly Cloudy,"Mostly cloudy, with a low around 59. West wind 9 to 17 mph, with gusts as high as 21 mph."
240,2026-07-23T01:04:54Z,KSFO,Thursday,2026-07-23T06:00:00-07:00,1,70.0,Mostly Sunny,"Mostly sunny, with a high near 70. West wind 9 to 22 mph, with gusts as high as 29 mph."
241,2026-07-23T01:04:54Z,KSFO,Thursday Night,2026-07-23T18:00:00-07:00,0,58.0,Partly Cloudy,"Partly cloudy, with a low around 58. West wind 13 to 21 mph, with gusts as high as 29 mph."
242,2026-07-23T01:04:54Z,KSFO,Friday,2026-07-24T06:00:00-07:00,1,70.0,Mostly Sunny,"Mostly sunny, with a high near 70. West wind 13 to 23 mph, with gusts as high as 31 mph."
243,2026-07-23T01:04:54Z,KSFO,Friday Night,2026-07-24T18:00:00-07:00,0,58.0,Partly Cloudy,"Partly cloudy, with a low around 58. West wind 13 to 23 mph, with gusts as high as 31 mph."
244,2026-07-23T01:04:54Z,KSFO,Saturday,2026-07-25T06:00:00-07:00,1,72.0,Sunny,"Sunny, with a high near 72."
245,2026-07-23T01:04:54Z,KSFO,Saturday Night,2026-07-25T18:00:00-07:00,0,58.0,Mostly Clear,"Mostly clear, with a low around 58."
246,2026-07-23T01:04:54Z,KSFO,Sunday,2026-07-26T06:00:00-07:00,1,69.0,Mostly Sunny,"Mostly sunny, with a high near 69."
247,2026-07-23T01:04:54Z,KSFO,Sunday Night,2026-07-26T18:00:00-07:00,0,58.0,Mostly Clear,"Mostly clear, with a low around 58."
248,2026-07-23T01:04:54Z,KSFO,Monday,2026-07-27T06:00:00-07:00,1,69.0,Sunny,"Sunny, with a high near 69."
249,2026-07-23T01:04:54Z,KSFO,Monday Night,2026-07-27T18:00:00-07:00,0,58.0,Mostly Clear,"Mostly clear, with a low around 58."
250,2026-07-23T01:04:54Z,KSFO,Tuesday,2026-07-28T06:00:00-07:00,1,69.0,Sunny,"Sunny, with a high near 69."
251,2026-07-23T01:04:54Z,KSFO,Tuesday Night,2026-07-28T18:00:00-07:00,0,58.0,Mostly Clear,"Mostly clear, with a low around 58."
252,2026-07-23T01:04:54Z,KSFO,Wednesday,2026-07-29T06:00:00-07:00,1,70.0,Sunny,"Sunny, with a high near 70."
253,2026-07-23T01:04:54Z,KSEA,Tonight,2026-07-22T18:00:00-07:00,0,64.0,Chance Showers And Thunderstorms,"A chance of rain showers between 8pm and 9pm, then a chance of showers and thunderstorms between 9pm and 3am. Partly cloudy. Low around 64, with temperatures rising to around 66 overnight. West southwest wind 6 to 13 mph, with gusts as high as 29 mph. Chance of precipitation is 30%."
254,2026-07-23T01:04:54Z,KSEA,Thursday,2026-07-23T06:00:00-07:00,1,80.0,Chance Showers And Thunderstorms then Mostly Sunny,"A slight chance of rain showers between 7am and 8am, then a chance of showers and thunderstorms between 8am and 9am, then a slight chance of showers and thunderstorms between 9am and 11am. Mostly sunny, with a high near 80. South southwest wind around 12 mph, with gusts as high as 25 mph. Chance of precipitation is 30%."
255,2026-07-23T01:04:54Z,KSEA,Thursday Night,2026-07-23T18:00:00-07:00,0,60.0,Mostly Clear,"Mostly clear. Low around 60, with temperatures rising to around 62 overnight. Southwest wind 5 to 9 mph."
256,2026-07-23T01:04:54Z,KSEA,Friday,2026-07-24T06:00:00-07:00,1,84.0,Mostly Sunny,"Mostly sunny, with a high near 84. West southwest wind around 7 mph."
257,2026-07-23T01:04:54Z,KSEA,Friday Night,2026-07-24T18:00:00-07:00,0,60.0,Mostly Clear,"Mostly clear, with a low around 60. Southwest wind 7 to 10 mph."
258,2026-07-23T01:04:54Z,KSEA,Saturday,2026-07-25T06:00:00-07:00,1,74.0,Mostly Sunny,"Mostly sunny, with a high near 74."
259,2026-07-23T01:04:54Z,KSEA,Saturday Night,2026-07-25T18:00:00-07:00,0,59.0,Mostly Cloudy,"Mostly cloudy, with a low around 59."
260,2026-07-23T01:04:54Z,KSEA,Sunday,2026-07-26T06:00:00-07:00,1,73.0,Slight Chance Light Rain,"A slight chance of rain between 11am and 5pm. Partly sunny, with a high near 73."
261,2026-07-23T01:04:54Z,KSEA,Sunday Night,2026-07-26T18:00:00-07:00,0,58.0,Mostly Cloudy,"Mostly cloudy, with a low around 58."
262,2026-07-23T01:04:54Z,KSEA,Monday,2026-07-27T06:00:00-07:00,1,76.0,Mostly Sunny,"Mostly sunny, with a high near 76."
263,2026-07-23T01:04:54Z,KSEA,Monday Night,2026-07-27T18:00:00-07:00,0,57.0,Partly Cloudy,"Partly cloudy, with a low around 57."
264,2026-07-23T01:04:54Z,KSEA,Tuesday,2026-07-28T06:00:00-07:00,1,76.0,Mostly Sunny,"Mostly sunny, with a high near 76."
265,2026-07-23T01:04:54Z,KSEA,Tuesday Night,2026-07-28T18:00:00-07:00,0,57.0,Partly Cloudy,"Partly cloudy, with a low around 57."
266,2026-07-23T01:04:54Z,KSEA,Wednesday,2026-07-29T06:00:00-07:00,1,78.0,Sunny,"Sunny, with a high near 78."
267,2026-07-23T01:04:54Z,KDCA,Tonight,2026-07-22T20:00:00-04:00,0,66.0,Scattered Showers And Thunderstorms,"Scattered showers and thunderstorms before 2am. Mostly cloudy, with a low around 66. North wind 7 to 10 mph. Chance of precipitation is 40%. New rainfall amounts less than a tenth of an inch possible."
268,2026-07-23T01:04:54Z,KDCA,Thursday,2026-07-23T06:00:00-04:00,1,81.0,Sunny,"Sunny, with a high near 81. North wind 6 to 10 mph."
269,2026-07-23T01:04:54Z,KDCA,Thursday Night,2026-07-23T18:00:00-04:00,0,64.0,Mostly Clear,"Mostly clear, with a low around 64. Northeast wind 0 to 6 mph."
270,2026-07-23T01:04:54Z,KDCA,Friday,2026-07-24T06:00:00-04:00,1,82.0,Mostly Sunny,"Mostly sunny, with a high near 82. East wind 3 to 10 mph."
271,2026-07-23T01:04:54Z,KDCA,Friday Night,2026-07-24T18:00:00-04:00,0,66.0,Partly Cloudy,"Partly cloudy, with a low around 66. East wind 3 to 10 mph."
272,2026-07-23T01:04:54Z,KDCA,Saturday,2026-07-25T06:00:00-04:00,1,82.0,Mostly Sunny,"Mostly sunny, with a high near 82."
273,2026-07-23T01:04:54Z,KDCA,Saturday Night,2026-07-25T18:00:00-04:00,0,67.0,Partly Cloudy,"Partly cloudy, with a low around 67."
274,2026-07-23T01:04:54Z,KDCA,Sunday,2026-07-26T06:00:00-04:00,1,86.0,Mostly Sunny then Slight Chance Showers And Thunderstorms,"A slight chance of showers and thunderstorms after 2pm. Mostly sunny, with a high near 86. Chance of precipitation is 20%."
275,2026-07-23T01:04:54Z,KDCA,Sunday Night,2026-07-26T18:00:00-04:00,0,70.0,Chance Showers And Thunderstorms,"A chance of showers and thunderstorms before 2am. Partly cloudy, with a low around 70. Chance of precipitation is 30%."
276,2026-07-23T01:04:54Z,KDCA,Monday,2026-07-27T06:00:00-04:00,1,88.0,Mostly Sunny then Chance Showers And Thunderstorms,"A chance of showers and thunderstorms after 2pm. Mostly sunny, with a high near 88. Chance of precipitation is 40%."
277,2026-07-23T01:04:54Z,KDCA,Monday Night,2026-07-27T18:00:00-04:00,0,72.0,Chance Showers And Thunderstorms,"A chance of showers and thunderstorms before 2am, then a chance of showers and thunderstorms. Mostly cloudy, with a low around 72. Chance of precipitation is 40%."
278,2026-07-23T01:04:54Z,KDCA,Tuesday,2026-07-28T06:00:00-04:00,1,89.0,Chance Showers And Thunderstorms,"A chance of showers and thunderstorms before 8am, then a chance of showers and thunderstorms. Partly sunny, with a high near 89. Chance of precipitation is 50%."
279,2026-07-23T01:04:54Z,KDCA,Tuesday Night,2026-07-28T18:00:00-04:00,0,71.0,Chance Showers And Thunderstorms,"A chance of showers and thunderstorms before 2am. Mostly cloudy, with a low around 71. Chance of precipitation is 50%."
280,2026-07-23T01:04:54Z,KDCA,Wednesday,2026-07-29T06:00:00-04:00,1,87.0,Mostly Sunny then Slight Chance Showers And Thunderstorms,"A slight chance of showers and thunderstorms after 2pm. Mostly sunny, with a high near 87."
1,2026-07-23T04:25:18Z,KATL,Overnight,2026-07-23T00:00:00-04:00,0,75.0,Mostly Cloudy,"Mostly cloudy, with a low around 75. Southwest wind around 5 mph."
2,2026-07-23T04:25:18Z,KATL,Thursday,2026-07-23T06:00:00-04:00,1,90.0,Partly Sunny then Chance Showers And Thunderstorms,"A chance of showers and thunderstorms after 2pm. Partly sunny, with a high near 90. Heat index values as high as 97. Southwest wind 5 to 10 mph. Chance of precipitation is 40%."
3,2026-07-23T04:25:18Z,KATL,Thursday Night,2026-07-23T18:00:00-04:00,0,74.0,Chance Showers And Thunderstorms,"A chance of showers and thunderstorms before midnight, then a chance of showers and thunderstorms. Mostly cloudy, with a low around 74. Southwest wind 0 to 5 mph. Chance of precipitation is 40%. New rainfall amounts between a tenth and quarter of an inch possible."
4,2026-07-23T04:25:18Z,KATL,Friday,2026-07-24T06:00:00-04:00,1,87.0,Showers And Thunderstorms,"Showers and thunderstorms. Partly sunny, with a high near 87. West wind 0 to 5 mph. Chance of precipitation is 80%."
5,2026-07-23T04:25:18Z,KATL,Friday Night,2026-07-24T18:00:00-04:00,0,74.0,Showers And Thunderstorms then Chance Showers And Thunderstorms,"Showers and thunderstorms before 8pm, then a chance of showers and thunderstorms. Mostly cloudy, with a low around 74. West wind 0 to 5 mph. Chance of precipitation is 80%."
6,2026-07-23T04:25:18Z,KATL,Saturday,2026-07-25T06:00:00-04:00,1,87.0,Chance Showers And Thunderstorms then Showers And Thunderstorms Likely,"A slight chance of rain showers before 8am, then a chance of showers and thunderstorms between 8am and 11am, then showers and thunderstorms likely. Partly sunny, with a high near 87. Chance of precipitation is 70%."
7,2026-07-23T04:25:18Z,KATL,Saturday Night,2026-07-25T18:00:00-04:00,0,74.0,Showers And Thunderstorms Likely,"Showers and thunderstorms likely. Mostly cloudy, with a low around 74. Chance of precipitation is 70%."
8,2026-07-23T04:25:18Z,KATL,Sunday,2026-07-26T06:00:00-04:00,1,90.0,Chance Showers And Thunderstorms,"A slight chance of rain showers before 8am, then a chance of showers and thunderstorms. Mostly sunny, with a high near 90. Chance of precipitation is 30%."
9,2026-07-23T04:25:18Z,KATL,Sunday Night,2026-07-26T18:00:00-04:00,0,75.0,Chance Showers And Thunderstorms then Mostly Clear,"A chance of showers and thunderstorms before 8pm. Mostly clear, with a low around 75. Chance of precipitation is 30%."
10,2026-07-23T04:25:18Z,KATL,Monday,2026-07-27T06:00:00-04:00,1,93.0,Sunny,"Sunny, with a high near 93."
11,2026-07-23T04:25:18Z,KATL,Monday Night,2026-07-27T18:00:00-04:00,0,76.0,Mostly Clear,"Mostly clear, with a low around 76."
12,2026-07-23T04:25:18Z,KATL,Tuesday,2026-07-28T06:00:00-04:00,1,94.0,Sunny then Slight Chance Showers And Thunderstorms,"A slight chance of showers and thunderstorms after 2pm. Sunny, with a high near 94. Chance of precipitation is 20%."
13,2026-07-23T04:25:18Z,KATL,Tuesday Night,2026-07-28T18:00:00-04:00,0,76.0,Slight Chance Showers And Thunderstorms then Partly Cloudy,"A slight chance of showers and thunderstorms before 8pm. Partly cloudy, with a low around 76. Chance of precipitation is 20%."
14,2026-07-23T04:25:18Z,KATL,Wednesday,2026-07-29T06:00:00-04:00,1,93.0,Mostly Sunny then Slight Chance Showers And Thunderstorms,"A slight chance of showers and thunderstorms after 2pm. Mostly sunny, with a high near 93."
15,2026-07-23T04:25:18Z,KAUS,Tonight,2026-07-22T22:00:00-05:00,0,81.0,Slight Chance Rain Showers,"A slight chance of rain showers before 1am. Partly cloudy, with a low around 81. North northeast wind 0 to 5 mph. Chance of precipitation is 20%."
16,2026-07-23T04:25:18Z,KAUS,Thursday,2026-07-23T06:00:00-05:00,1,99.0,Sunny,"Sunny, with a high near 99. Heat index values as high as 108. Northeast wind 5 to 15 mph, with gusts as high as 25 mph."
17,2026-07-23T04:25:18Z,KAUS,Thursday Night,2026-07-23T18:00:00-05:00,0,80.0,Chance Rain Showers,"A chance of rain showers after 10pm. Partly cloudy, with a low around 80. Heat index values as high as 105. East northeast wind 10 to 25 mph, with gusts as high as 35 mph. Chance of precipitation is 30%."
18,2026-07-23T04:25:18Z,KAUS,Friday,2026-07-24T06:00:00-05:00,1,95.0,Chance Rain Showers then Mostly Sunny,"A chance of rain showers before 7am. Mostly sunny, with a high near 95. Heat index values as high as 103. East southeast wind 10 to 25 mph. Chance of precipitation is 30%."
19,2026-07-23T04:25:18Z,KAUS,Friday Night,2026-07-24T18:00:00-05:00,0,78.0,Mostly Clear,"Mostly clear, with a low around 78. South wind 5 to 10 mph, with gusts as high as 20 mph."
20,2026-07-23T04:25:18Z,KAUS,Saturday,2026-07-25T06:00:00-05:00,1,96.0,Sunny,"Sunny, with a high near 96. South wind 5 to 10 mph."
21,2026-07-23T04:25:18Z,KAUS,Saturday Night,2026-07-25T18:00:00-05:00,0,76.0,Mostly Clear,"Mostly clear, with a low around 76. South wind 5 to 10 mph."
22,2026-07-23T04:25:18Z,KAUS,Sunday,2026-07-26T06:00:00-05:00,1,97.0,Mostly Sunny,"Mostly sunny, with a high near 97. South wind around 5 mph."
23,2026-07-23T04:25:18Z,KAUS,Sunday Night,2026-07-26T18:00:00-05:00,0,77.0,Mostly Clear,"Mostly clear, with a low around 77. South wind 5 to 10 mph."
24,2026-07-23T04:25:18Z,KAUS,Monday,2026-07-27T06:00:00-05:00,1,98.0,Sunny,"Sunny, with a high near 98."
25,2026-07-23T04:25:18Z,KAUS,Monday Night,2026-07-27T18:00:00-05:00,0,77.0,Mostly Clear,"Mostly clear, with a low around 77."
26,2026-07-23T04:25:18Z,KAUS,Tuesday,2026-07-28T06:00:00-05:00,1,99.0,Sunny,"Sunny, with a high near 99."
27,2026-07-23T04:25:18Z,KAUS,Tuesday Night,2026-07-28T18:00:00-05:00,0,78.0,Mostly Clear,"Mostly clear, with a low around 78."
28,2026-07-23T04:25:18Z,KAUS,Wednesday,2026-07-29T06:00:00-05:00,1,99.0,Sunny,"Sunny, with a high near 99."
29,2026-07-23T04:25:18Z,KBOS,Tonight,2026-07-22T22:00:00-04:00,0,63.0,Partly Cloudy,"Partly cloudy, with a low around 63. Northwest wind around 9 mph."
30,2026-07-23T04:25:18Z,KBOS,Thursday,2026-07-23T06:00:00-04:00,1,78.0,Sunny,"Sunny, with a high near 78. Northeast wind 5 to 9 mph."
31,2026-07-23T04:25:18Z,KBOS,Thursday Night,2026-07-23T18:00:00-04:00,0,62.0,Clear,"Clear, with a low around 62. Southwest wind 2 to 8 mph."
32,2026-07-23T04:25:18Z,KBOS,Friday,2026-07-24T06:00:00-04:00,1,79.0,Sunny,"Sunny, with a high near 79. North wind 1 to 9 mph."
33,2026-07-23T04:25:18Z,KBOS,Friday Night,2026-07-24T18:00:00-04:00,0,64.0,Mostly Clear,"Mostly clear, with a low around 64. South wind 2 to 9 mph."
34,2026-07-23T04:25:18Z,KBOS,Saturday,2026-07-25T06:00:00-04:00,1,78.0,Sunny,"Sunny, with a high near 78. Northeast wind 1 to 10 mph."
35,2026-07-23T04:25:18Z,KBOS,Saturday Night,2026-07-25T18:00:00-04:00,0,63.0,Mostly Clear,"Mostly clear, with a low around 63. Northeast wind 2 to 8 mph."
36,2026-07-23T04:25:18Z,KBOS,Sunday,2026-07-26T06:00:00-04:00,1,75.0,Mostly Sunny,"Mostly sunny, with a high near 75. Northeast wind 2 to 10 mph."
37,2026-07-23T04:25:18Z,KBOS,Sunday Night,2026-07-26T18:00:00-04:00,0,64.0,Partly Cloudy,"Partly cloudy, with a low around 64. South wind 3 to 8 mph."
38,2026-07-23T04:25:18Z,KBOS,Monday,2026-07-27T06:00:00-04:00,1,77.0,Mostly Sunny then Slight Chance Rain Showers,"A slight chance of rain showers after 4pm. Mostly sunny, with a high near 77. South wind 3 to 9 mph."
39,2026-07-23T04:25:18Z,KBOS,Monday Night,2026-07-27T18:00:00-04:00,0,66.0,Chance Rain Showers,"A chance of rain showers. Partly cloudy, with a low around 66. South wind 3 to 8 mph. Chance of precipitation is 30%."
40,2026-07-23T04:25:18Z,KBOS,Tuesday,2026-07-28T06:00:00-04:00,1,79.0,Chance Rain Showers,"A chance of rain showers before 2pm, then a chance of showers and thunderstorms. Partly sunny, with a high near 79. South wind 3 to 12 mph. Chance of precipitation is 40%."
41,2026-07-23T04:25:18Z,KBOS,Tuesday Night,2026-07-28T18:00:00-04:00,0,67.0,Chance Showers And Thunderstorms,"A chance of showers and thunderstorms. Mostly cloudy, with a low around 67. South wind 6 to 12 mph. Chance of precipitation is 40%."
42,2026-07-23T04:25:18Z,KBOS,Wednesday,2026-07-29T06:00:00-04:00,1,77.0,Chance Rain Showers,"A chance of rain showers before 2pm, then a chance of showers and thunderstorms. Partly sunny, with a high near 77. South wind 7 to 10 mph."
43,2026-07-23T04:25:18Z,KMDW,Tonight,2026-07-22T22:00:00-05:00,0,60.0,Mostly Clear,"Mostly clear, with a low around 60. West northwest wind 0 to 5 mph."
44,2026-07-23T04:25:18Z,KMDW,Thursday,2026-07-23T06:00:00-05:00,1,79.0,Sunny,"Sunny, with a high near 79. South wind 0 to 10 mph."
45,2026-07-23T04:25:18Z,KMDW,Thursday Night,2026-07-23T18:00:00-05:00,0,63.0,Mostly Cloudy,"Mostly cloudy, with a low around 63. South southeast wind 0 to 5 mph."
46,2026-07-23T04:25:18Z,KMDW,Friday,2026-07-24T06:00:00-05:00,1,81.0,Mostly Sunny,"Mostly sunny, with a high near 81. South wind 0 to 10 mph."
47,2026-07-23T04:25:18Z,KMDW,Friday Night,2026-07-24T18:00:00-05:00,0,65.0,Partly Cloudy,"Partly cloudy, with a low around 65. South southwest wind 5 to 10 mph."
48,2026-07-23T04:25:18Z,KMDW,Saturday,2026-07-25T06:00:00-05:00,1,85.0,Mostly Sunny,"Mostly sunny, with a high near 85."
49,2026-07-23T04:25:18Z,KMDW,Saturday Night,2026-07-25T18:00:00-05:00,0,72.0,Partly Cloudy then Slight Chance Showers And Thunderstorms,"A slight chance of showers and thunderstorms after 1am. Partly cloudy, with a low around 72."
50,2026-07-23T04:25:18Z,KMDW,Sunday,2026-07-26T06:00:00-05:00,1,91.0,Slight Chance Showers And Thunderstorms then Mostly Sunny,"A slight chance of showers and thunderstorms before 7am. Mostly sunny, with a high near 91."
51,2026-07-23T04:25:18Z,KMDW,Sunday Night,2026-07-26T18:00:00-05:00,0,74.0,Slight Chance Showers And Thunderstorms,"A slight chance of showers and thunderstorms after 7pm. Partly cloudy, with a low around 74."
52,2026-07-23T04:25:18Z,KMDW,Monday,2026-07-27T06:00:00-05:00,1,91.0,Slight Chance Showers And Thunderstorms,"A slight chance of showers and thunderstorms. Mostly sunny, with a high near 91."
53,2026-07-23T04:25:18Z,KMDW,Monday Night,2026-07-27T18:00:00-05:00,0,72.0,Chance Showers And Thunderstorms,"A chance of showers and thunderstorms before 1am. Partly cloudy, with a low around 72."
54,2026-07-23T04:25:18Z,KMDW,Tuesday,2026-07-28T06:00:00-05:00,1,85.0,Mostly Sunny,"Mostly sunny, with a high near 85."
55,2026-07-23T04:25:18Z,KMDW,Tuesday Night,2026-07-28T18:00:00-05:00,0,70.0,Partly Cloudy,"Partly cloudy, with a low around 70."
56,2026-07-23T04:25:18Z,KMDW,Wednesday,2026-07-29T06:00:00-05:00,1,84.0,Mostly Sunny,"Mostly sunny, with a high near 84."
57,2026-07-23T04:25:18Z,KDFW,Tonight,2026-07-22T22:00:00-05:00,0,80.0,Mostly Clear,"Mostly clear. Low around 80, with temperatures rising to around 83 overnight. Heat index values as high as 102. East northeast wind 5 to 10 mph."
58,2026-07-23T04:25:18Z,KDFW,Thursday,2026-07-23T06:00:00-05:00,1,100.0,Sunny,"Sunny, with a high near 100. Heat index values as high as 107. East northeast wind 5 to 10 mph, with gusts as high as 20 mph."
59,2026-07-23T04:25:18Z,KDFW,Thursday Night,2026-07-23T18:00:00-05:00,0,79.0,Mostly Clear,"Mostly clear. Low around 79, with temperatures rising to around 81 overnight. Heat index values as high as 106. East southeast wind 5 to 15 mph."
60,2026-07-23T04:25:18Z,KDFW,Friday,2026-07-24T06:00:00-05:00,1,99.0,Mostly Sunny,"Mostly sunny, with a high near 99. Heat index values as high as 109. South southeast wind 10 to 15 mph, with gusts as high as 25 mph."
61,2026-07-23T04:25:18Z,KDFW,Friday Night,2026-07-24T18:00:00-05:00,0,81.0,Mostly Clear,"Mostly clear, with a low around 81. South wind 10 to 15 mph, with gusts as high as 25 mph."
62,2026-07-23T04:25:18Z,KDFW,Saturday,2026-07-25T06:00:00-05:00,1,100.0,Mostly Sunny,"Mostly sunny, with a high near 100. South southwest wind around 10 mph."
63,2026-07-23T04:25:18Z,KDFW,Saturday Night,2026-07-25T18:00:00-05:00,0,82.0,Partly Cloudy,"Partly cloudy, with a low around 82. South wind around 10 mph."
64,2026-07-23T04:25:18Z,KDFW,Sunday,2026-07-26T06:00:00-05:00,1,102.0,Sunny,"Sunny, with a high near 102. South southwest wind around 10 mph."
65,2026-07-23T04:25:18Z,KDFW,Sunday Night,2026-07-26T18:00:00-05:00,0,82.0,Clear,"Clear, with a low around 82. South wind around 10 mph."
66,2026-07-23T04:25:18Z,KDFW,Monday,2026-07-27T06:00:00-05:00,1,103.0,Sunny,"Sunny, with a high near 103."
67,2026-07-23T04:25:18Z,KDFW,Monday Night,2026-07-27T18:00:00-05:00,0,82.0,Mostly Clear,"Mostly clear, with a low around 82."
68,2026-07-23T04:25:18Z,KDFW,Tuesday,2026-07-28T06:00:00-05:00,1,104.0,Sunny,"Sunny, with a high near 104."
69,2026-07-23T04:25:18Z,KDFW,Tuesday Night,2026-07-28T18:00:00-05:00,0,82.0,Mostly Clear,"Mostly clear, with a low around 82."
70,2026-07-23T04:25:18Z,KDFW,Wednesday,2026-07-29T06:00:00-05:00,1,104.0,Sunny,"Sunny, with a high near 104."
71,2026-07-23T04:25:18Z,KDEN,Tonight,2026-07-22T18:00:00-06:00,0,66.0,Chance Showers And Thunderstorms,"A chance of showers and thunderstorms before 9pm, then a chance of showers and thunderstorms between 9pm and 3am. Mostly cloudy. Low around 66, with temperatures rising to around 70 overnight. Southeast wind 5 to 13 mph, with gusts as high as 21 mph. Chance of precipitation is 50%. New rainfall amounts less than a tenth of an inch possible."
72,2026-07-23T04:25:18Z,KDEN,Thursday,2026-07-23T06:00:00-06:00,1,89.0,Partly Sunny then Chance Showers And Thunderstorms,"A chance of showers and thunderstorms between noon and 3pm, then showers and thunderstorms likely. Partly sunny. High near 89, with temperatures falling to around 84 in the afternoon. North northwest wind 5 to 9 mph. Chance of precipitation is 60%. New rainfall amounts between a tenth and quarter of an inch possible."
73,2026-07-23T04:25:18Z,KDEN,Thursday Night,2026-07-23T18:00:00-06:00,0,65.0,Chance Showers And Thunderstorms then Partly Cloudy,"A chance of showers and thunderstorms before midnight. Partly cloudy. Low around 65, with temperatures rising to around 69 overnight. South wind 3 to 9 mph. Chance of precipitation is 40%."
74,2026-07-23T04:25:18Z,KDEN,Friday,2026-07-24T06:00:00-06:00,1,94.0,Sunny,"Sunny, with a high near 94. West northwest wind around 6 mph, with gusts as high as 17 mph."
75,2026-07-23T04:25:18Z,KDEN,Friday Night,2026-07-24T18:00:00-06:00,0,67.0,Partly Cloudy,"Partly cloudy, with a low around 67. South wind 3 to 7 mph."
76,2026-07-23T04:25:18Z,KDEN,Saturday,2026-07-25T06:00:00-06:00,1,98.0,Mostly Sunny,"Mostly sunny, with a high near 98."
77,2026-07-23T04:25:18Z,KDEN,Saturday Night,2026-07-25T18:00:00-06:00,0,69.0,Partly Cloudy,"Partly cloudy, with a low around 69."
78,2026-07-23T04:25:18Z,KDEN,Sunday,2026-07-26T06:00:00-06:00,1,99.0,Sunny,"Sunny, with a high near 99."
79,2026-07-23T04:25:18Z,KDEN,Sunday Night,2026-07-26T18:00:00-06:00,0,68.0,Chance Showers And Thunderstorms then Partly Cloudy,"A chance of showers and thunderstorms before midnight. Partly cloudy, with a low around 68."
80,2026-07-23T04:25:18Z,KDEN,Monday,2026-07-27T06:00:00-06:00,1,97.0,Partly Sunny then Chance Showers And Thunderstorms,"A chance of showers and thunderstorms after noon. Partly sunny, with a high near 97."
81,2026-07-23T04:25:18Z,KDEN,Monday Night,2026-07-27T18:00:00-06:00,0,65.0,Showers And Thunderstorms Likely,"Showers and thunderstorms likely. Mostly cloudy, with a low around 65."
82,2026-07-23T04:25:18Z,KDEN,Tuesday,2026-07-28T06:00:00-06:00,1,93.0,Partly Sunny then Showers And Thunderstorms Likely,"Showers and thunderstorms likely after noon. Partly sunny, with a high near 93."
83,2026-07-23T04:25:18Z,KDEN,Tuesday Night,2026-07-28T18:00:00-06:00,0,63.0,Chance Showers And Thunderstorms,"A chance of showers and thunderstorms. Mostly cloudy, with a low around 63."
84,2026-07-23T04:25:18Z,KDEN,Wednesday,2026-07-29T06:00:00-06:00,1,92.0,Partly Sunny then Chance Showers And Thunderstorms,"A chance of showers and thunderstorms after noon. Partly sunny, with a high near 92."
85,2026-07-23T04:25:18Z,KIAH,Tonight,2026-07-22T20:00:00-05:00,0,83.0,Chance Showers And Thunderstorms then Partly Cloudy,"A chance of showers and thunderstorms before midnight. Partly cloudy, with a low around 83. Heat index values as high as 110. North wind around 5 mph. Chance of precipitation is 30%. New rainfall amounts less than a tenth of an inch possible."
86,2026-07-23T04:25:18Z,KIAH,Thursday,2026-07-23T06:00:00-05:00,1,96.0,Mostly Sunny then Chance Showers And Thunderstorms,"A chance of showers and thunderstorms after 2pm. Mostly sunny. High near 96, with temperatures falling to around 92 in the afternoon. Heat index values as high as 110. Northeast wind 5 to 20 mph, with gusts as high as 30 mph. Chance of precipitation is 40%. New rainfall amounts less than a tenth of an inch possible."
87,2026-07-23T04:25:18Z,KIAH,Thursday Night,2026-07-23T18:00:00-05:00,0,80.0,Chance Showers And Thunderstorms,"A chance of showers and thunderstorms between 7pm and 9pm, then a chance of showers and thunderstorms. Partly cloudy, with a low around 80. Heat index values as high as 106. East wind 5 to 15 mph, with gusts as high as 25 mph. Chance of precipitation is 50%. New rainfall amounts less than a tenth of an inch possible."
88,2026-07-23T04:25:18Z,KIAH,Friday,2026-07-24T06:00:00-05:00,1,95.0,Sunny then Slight Chance Showers And Thunderstorms,"A slight chance of showers and thunderstorms after 1pm. Sunny, with a high near 95. Heat index values as high as 106. Southeast wind 5 to 10 mph. Chance of precipitation is 20%."
89,2026-07-23T04:25:18Z,KIAH,Friday Night,2026-07-24T18:00:00-05:00,0,79.0,Slight Chance Showers And Thunderstorms then Mostly Clear,"A slight chance of showers and thunderstorms before 7pm. Mostly clear, with a low around 79. South wind 5 to 10 mph. Chance of precipitation is 20%."
90,2026-07-23T04:25:18Z,KIAH,Saturday,2026-07-25T06:00:00-05:00,1,97.0,Sunny,"Sunny, with a high near 97."
91,2026-07-23T04:25:18Z,KIAH,Saturday Night,2026-07-25T18:00:00-05:00,0,78.0,Mostly Clear,"Mostly clear, with a low around 78."
92,2026-07-23T04:25:18Z,KIAH,Sunday,2026-07-26T06:00:00-05:00,1,99.0,Sunny,"Sunny, with a high near 99."
93,2026-07-23T04:25:18Z,KIAH,Sunday Night,2026-07-26T18:00:00-05:00,0,79.0,Mostly Clear,"Mostly clear, with a low around 79."
94,2026-07-23T04:25:18Z,KIAH,Monday,2026-07-27T06:00:00-05:00,1,100.0,Sunny,"Sunny, with a high near 100."
95,2026-07-23T04:25:18Z,KIAH,Monday Night,2026-07-27T18:00:00-05:00,0,79.0,Mostly Clear,"Mostly clear, with a low around 79."
96,2026-07-23T04:25:18Z,KIAH,Tuesday,2026-07-28T06:00:00-05:00,1,101.0,Sunny,"Sunny, with a high near 101."
97,2026-07-23T04:25:18Z,KIAH,Tuesday Night,2026-07-28T18:00:00-05:00,0,80.0,Mostly Clear,"Mostly clear, with a low around 80."
98,2026-07-23T04:25:18Z,KIAH,Wednesday,2026-07-29T06:00:00-05:00,1,101.0,Sunny,"Sunny, with a high near 101."
99,2026-07-23T04:25:18Z,KLAS,Tonight,2026-07-22T19:00:00-07:00,0,88.0,Mostly Clear,"Mostly clear. Low around 88, with temperatures rising to around 91 overnight. Southwest wind around 7 mph."
100,2026-07-23T04:25:18Z,KLAS,Thursday,2026-07-23T06:00:00-07:00,1,110.0,Sunny,"Sunny, with a high near 110. Heat index values as high as 107. Southeast wind around 5 mph."
101,2026-07-23T04:25:18Z,KLAS,Thursday Night,2026-07-23T18:00:00-07:00,0,90.0,Mostly Clear,"Mostly clear. Low around 90, with temperatures rising to around 93 overnight. Heat index values as high as 106. South southwest wind around 5 mph."
102,2026-07-23T04:25:18Z,KLAS,Friday,2026-07-24T06:00:00-07:00,1,111.0,Isolated Showers And Thunderstorms,"Isolated showers and thunderstorms after 11am. Sunny, with a high near 111. Heat index values as high as 108. Southeast wind 2 to 8 mph. Chance of precipitation is 20%."
103,2026-07-23T04:25:18Z,KLAS,Friday Night,2026-07-24T18:00:00-07:00,0,91.0,Isolated Showers And Thunderstorms then Mostly Clear,"Isolated showers and thunderstorms before 8pm. Mostly clear, with a low around 91. South southwest wind 3 to 8 mph."
104,2026-07-23T04:25:18Z,KLAS,Saturday,2026-07-25T06:00:00-07:00,1,113.0,Sunny,"Sunny, with a high near 113."
105,2026-07-23T04:25:18Z,KLAS,Saturday Night,2026-07-25T18:00:00-07:00,0,91.0,Mostly Clear,"Mostly clear, with a low around 91."
106,2026-07-23T04:25:18Z,KLAS,Sunday,2026-07-26T06:00:00-07:00,1,113.0,Sunny,"Sunny, with a high near 113."
107,2026-07-23T04:25:18Z,KLAS,Sunday Night,2026-07-26T18:00:00-07:00,0,90.0,Partly Cloudy,"Partly cloudy, with a low around 90."
108,2026-07-23T04:25:18Z,KLAS,Monday,2026-07-27T06:00:00-07:00,1,111.0,Sunny,"Sunny, with a high near 111."
109,2026-07-23T04:25:18Z,KLAS,Monday Night,2026-07-27T18:00:00-07:00,0,88.0,Partly Cloudy,"Partly cloudy, with a low around 88."
110,2026-07-23T04:25:18Z,KLAS,Tuesday,2026-07-28T06:00:00-07:00,1,109.0,Mostly Sunny,"Mostly sunny, with a high near 109."
111,2026-07-23T04:25:18Z,KLAS,Tuesday Night,2026-07-28T18:00:00-07:00,0,88.0,Partly Cloudy,"Partly cloudy, with a low around 88."
112,2026-07-23T04:25:18Z,KLAS,Wednesday,2026-07-29T06:00:00-07:00,1,107.0,Sunny,"Sunny, with a high near 107."
113,2026-07-23T04:25:18Z,KLAX,Tonight,2026-07-22T21:00:00-07:00,0,68.0,Mostly Clear,"Mostly clear, with a low around 68. South southwest wind 5 to 10 mph."
114,2026-07-23T04:25:18Z,KLAX,Thursday,2026-07-23T06:00:00-07:00,1,81.0,Sunny,"Sunny, with a high near 81. Southwest wind 5 to 15 mph."
115,2026-07-23T04:25:18Z,KLAX,Thursday Night,2026-07-23T18:00:00-07:00,0,69.0,Mostly Clear,"Mostly clear, with a low around 69. South southwest wind 5 to 15 mph."
116,2026-07-23T04:25:18Z,KLAX,Friday,2026-07-24T06:00:00-07:00,1,82.0,Mostly Sunny,"Mostly sunny, with a high near 82. South southwest wind 5 to 10 mph."
117,2026-07-23T04:25:18Z,KLAX,Friday Night,2026-07-24T18:00:00-07:00,0,69.0,Partly Cloudy,"Partly cloudy, with a low around 69. South wind 5 to 10 mph."
118,2026-07-23T04:25:18Z,KLAX,Saturday,2026-07-25T06:00:00-07:00,1,82.0,Sunny,"Sunny, with a high near 82."
119,2026-07-23T04:25:18Z,KLAX,Saturday Night,2026-07-25T18:00:00-07:00,0,69.0,Mostly Clear,"Mostly clear, with a low around 69."
120,2026-07-23T04:25:18Z,KLAX,Sunday,2026-07-26T06:00:00-07:00,1,79.0,Mostly Sunny,"Mostly sunny, with a high near 79."
121,2026-07-23T04:25:18Z,KLAX,Sunday Night,2026-07-26T18:00:00-07:00,0,69.0,Partly Cloudy,"Partly cloudy, with a low around 69."
122,2026-07-23T04:25:18Z,KLAX,Monday,2026-07-27T06:00:00-07:00,1,77.0,Mostly Sunny,"Mostly sunny, with a high near 77."
123,2026-07-23T04:25:18Z,KLAX,Monday Night,2026-07-27T18:00:00-07:00,0,68.0,Partly Cloudy,"Partly cloudy, with a low around 68."
124,2026-07-23T04:25:18Z,KLAX,Tuesday,2026-07-28T06:00:00-07:00,1,76.0,Mostly Sunny,"Mostly sunny, with a high near 76."
125,2026-07-23T04:25:18Z,KLAX,Tuesday Night,2026-07-28T18:00:00-07:00,0,68.0,Partly Cloudy,"Partly cloudy, with a low around 68."
126,2026-07-23T04:25:18Z,KLAX,Wednesday,2026-07-29T06:00:00-07:00,1,77.0,Mostly Sunny,"Mostly sunny, with a high near 77."
127,2026-07-23T04:25:18Z,KMIA,Overnight,2026-07-23T00:00:00-04:00,0,81.0,Mostly Clear,"Mostly clear, with a low around 81. East wind around 8 mph. New rainfall amounts less than a tenth of an inch possible."
128,2026-07-23T04:25:18Z,KMIA,Thursday,2026-07-23T06:00:00-04:00,1,93.0,Slight Chance Showers And Thunderstorms,"A slight chance of showers and thunderstorms after 8am. Sunny, with a high near 93. Heat index values as high as 102. East wind 7 to 15 mph, with gusts as high as 23 mph. Chance of precipitation is 20%. New rainfall amounts less than a tenth of an inch possible."
129,2026-07-23T04:25:18Z,KMIA,Thursday Night,2026-07-23T18:00:00-04:00,0,80.0,Chance Showers And Thunderstorms,"A chance of showers and thunderstorms. Partly cloudy, with a low around 80. Northeast wind 7 to 14 mph, with gusts as high as 21 mph. Chance of precipitation is 40%. New rainfall amounts less than a tenth of an inch possible."
130,2026-07-23T04:25:18Z,KMIA,Friday,2026-07-24T06:00:00-04:00,1,92.0,Chance Showers And Thunderstorms,"A chance of showers and thunderstorms. Mostly sunny, with a high near 92. Heat index values as high as 105. East wind 6 to 12 mph, with gusts as high as 18 mph. Chance of precipitation is 40%."
131,2026-07-23T04:25:18Z,KMIA,Friday Night,2026-07-24T18:00:00-04:00,0,81.0,Chance Showers And Thunderstorms,"A chance of showers and thunderstorms. Partly cloudy, with a low around 81. Southeast wind 3 to 12 mph. Chance of precipitation is 40%."
132,2026-07-23T04:25:18Z,KMIA,Saturday,2026-07-25T06:00:00-04:00,1,93.0,Showers And Thunderstorms Likely,"Showers and thunderstorms likely. Mostly sunny, with a high near 93. Southeast wind 0 to 9 mph. Chance of precipitation is 60%."
133,2026-07-23T04:25:18Z,KMIA,Saturday Night,2026-07-25T18:00:00-04:00,0,80.0,Showers And Thunderstorms Likely,"Showers and thunderstorms likely before 2am. Mostly clear, with a low around 80. South wind 2 to 9 mph. Chance of precipitation is 60%."
134,2026-07-23T04:25:18Z,KMIA,Sunday,2026-07-26T06:00:00-04:00,1,94.0,Mostly Sunny then Showers And Thunderstorms Likely,"Showers and thunderstorms likely after 2pm. Some of the storms could produce heavy rain. Mostly sunny, with a high near 94. Southwest wind 3 to 8 mph. Chance of precipitation is 70%."
135,2026-07-23T04:25:18Z,KMIA,Sunday Night,2026-07-26T18:00:00-04:00,0,79.0,Showers And Thunderstorms Likely,"Showers and thunderstorms likely before 2am. Some of the storms could produce heavy rain. Partly cloudy, with a low around 79. Southwest wind around 7 mph. Chance of precipitation is 70%."
136,2026-07-23T04:25:18Z,KMIA,Monday,2026-07-27T06:00:00-04:00,1,93.0,Showers And Thunderstorms Likely,"Showers and thunderstorms likely after 8am. Mostly sunny, with a high near 93. Chance of precipitation is 70%."
137,2026-07-23T04:25:18Z,KMIA,Monday Night,2026-07-27T18:00:00-04:00,0,79.0,Showers And Thunderstorms Likely,"Showers and thunderstorms likely. Partly cloudy, with a low around 79. Chance of precipitation is 70%."
138,2026-07-23T04:25:18Z,KMIA,Tuesday,2026-07-28T06:00:00-04:00,1,91.0,Showers And Thunderstorms Likely,"Showers and thunderstorms likely. Mostly sunny, with a high near 91. Chance of precipitation is 60%."
139,2026-07-23T04:25:18Z,KMIA,Tuesday Night,2026-07-28T18:00:00-04:00,0,79.0,Showers And Thunderstorms Likely,"Showers and thunderstorms likely before 2am. Mostly cloudy, with a low around 79. Chance of precipitation is 60%."
140,2026-07-23T04:25:18Z,KMIA,Wednesday,2026-07-29T06:00:00-04:00,1,92.0,Chance Showers And Thunderstorms,"A chance of showers and thunderstorms after 8am. Mostly sunny, with a high near 92."
141,2026-07-23T04:25:18Z,KMSP,Tonight,2026-07-22T22:00:00-05:00,0,57.0,Clear,"Clear, with a low around 57. South wind around 5 mph."
142,2026-07-23T04:25:18Z,KMSP,Thursday,2026-07-23T06:00:00-05:00,1,82.0,Sunny,"Sunny, with a high near 82. South southwest wind 5 to 10 mph."
143,2026-07-23T04:25:18Z,KMSP,Thursday Night,2026-07-23T18:00:00-05:00,0,64.0,Partly Cloudy,"Partly cloudy, with a low around 64. South wind around 10 mph."
144,2026-07-23T04:25:18Z,KMSP,Friday,2026-07-24T06:00:00-05:00,1,83.0,Mostly Sunny,"Mostly sunny, with a high near 83. South southwest wind 10 to 15 mph, with gusts as high as 25 mph."
145,2026-07-23T04:25:18Z,KMSP,Friday Night,2026-07-24T18:00:00-05:00,0,69.0,Partly Cloudy,"Partly cloudy, with a low around 69. South southwest wind around 15 mph, with gusts as high as 25 mph."
146,2026-07-23T04:25:18Z,KMSP,Saturday,2026-07-25T06:00:00-05:00,1,93.0,Sunny,"Sunny, with a high near 93. West southwest wind 10 to 15 mph."
147,2026-07-23T04:25:18Z,KMSP,Saturday Night,2026-07-25T18:00:00-05:00,0,73.0,Mostly Clear,"Mostly clear, with a low around 73. South wind 5 to 10 mph."
148,2026-07-23T04:25:18Z,KMSP,Sunday,2026-07-26T06:00:00-05:00,1,94.0,Mostly Sunny,"Mostly sunny, with a high near 94. South southeast wind 5 to 10 mph."
149,2026-07-23T04:25:18Z,KMSP,Sunday Night,2026-07-26T18:00:00-05:00,0,72.0,Chance Showers And Thunderstorms,"A chance of showers and thunderstorms after 7pm. Mostly clear, with a low around 72. South wind 5 to 10 mph. Chance of precipitation is 30%."
150,2026-07-23T04:25:18Z,KMSP,Monday,2026-07-27T06:00:00-05:00,1,93.0,Chance Showers And Thunderstorms then Sunny,"A chance of showers and thunderstorms before 7am. Sunny, with a high near 93. West northwest wind 5 to 10 mph. Chance of precipitation is 30%."
151,2026-07-23T04:25:18Z,KMSP,Monday Night,2026-07-27T18:00:00-05:00,0,70.0,Mostly Clear,"Mostly clear, with a low around 70. North wind 0 to 10 mph."
152,2026-07-23T04:25:18Z,KMSP,Tuesday,2026-07-28T06:00:00-05:00,1,90.0,Sunny,"Sunny, with a high near 90. North northwest wind 0 to 10 mph."
153,2026-07-23T04:25:18Z,KMSP,Tuesday Night,2026-07-28T18:00:00-05:00,0,68.0,Mostly Clear,"Mostly clear, with a low around 68. North northeast wind 5 to 10 mph."
154,2026-07-23T04:25:18Z,KMSP,Wednesday,2026-07-29T06:00:00-05:00,1,89.0,Sunny,"Sunny, with a high near 89. North northeast wind around 5 mph."
155,2026-07-23T04:25:18Z,KMSY,Tonight,2026-07-22T22:00:00-05:00,0,80.0,Chance Showers And Thunderstorms,"A chance of showers and thunderstorms before 5am, then a slight chance of showers and thunderstorms. Mostly cloudy, with a low around 80. Southeast wind around 15 mph, with gusts as high as 30 mph. Chance of precipitation is 50%. New rainfall amounts less than a tenth of an inch possible."
156,2026-07-23T04:25:18Z,KMSY,Thursday,2026-07-23T06:00:00-05:00,1,90.0,Tropical Storm Conditions Possible,"Tropical storm conditions possible. A chance of showers and thunderstorms before 10am, then a chance of showers and thunderstorms between 10am and 4pm. Mostly sunny, with a high near 90. Chance of precipitation is 30%. New rainfall amounts between a quarter and half of an inch possible."
157,2026-07-23T04:25:18Z,KMSY,Thursday Night,2026-07-23T18:00:00-05:00,0,79.0,Partly Cloudy,"Partly cloudy, with a low around 79. South wind 5 to 15 mph. New rainfall amounts less than a tenth of an inch possible."
158,2026-07-23T04:25:18Z,KMSY,Friday,2026-07-24T06:00:00-05:00,1,93.0,Sunny,"Sunny, with a high near 93. Southeast wind 5 to 10 mph."
159,2026-07-23T04:25:18Z,KMSY,Friday Night,2026-07-24T18:00:00-05:00,0,77.0,Partly Cloudy,"Partly cloudy, with a low around 77. Southwest wind 5 to 10 mph."
160,2026-07-23T04:25:18Z,KMSY,Saturday,2026-07-25T06:00:00-05:00,1,95.0,Sunny,"Sunny, with a high near 95. Northwest wind 0 to 5 mph."
161,2026-07-23T04:25:18Z,KMSY,Saturday Night,2026-07-25T18:00:00-05:00,0,78.0,Partly Cloudy,"Partly cloudy, with a low around 78. Southwest wind 5 to 10 mph."
162,2026-07-23T04:25:18Z,KMSY,Sunday,2026-07-26T06:00:00-05:00,1,95.0,Sunny,"Sunny, with a high near 95. West wind around 10 mph."
163,2026-07-23T04:25:18Z,KMSY,Sunday Night,2026-07-26T18:00:00-05:00,0,79.0,Mostly Clear,"Mostly clear, with a low around 79. West wind around 10 mph."
164,2026-07-23T04:25:18Z,KMSY,Monday,2026-07-27T06:00:00-05:00,1,98.0,Sunny,"Sunny, with a high near 98. West wind around 10 mph."
165,2026-07-23T04:25:18Z,KMSY,Monday Night,2026-07-27T18:00:00-05:00,0,79.0,Mostly Clear,"Mostly clear, with a low around 79. West wind around 10 mph."
166,2026-07-23T04:25:18Z,KMSY,Tuesday,2026-07-28T06:00:00-05:00,1,99.0,Sunny,"Sunny, with a high near 99. West wind around 10 mph."
167,2026-07-23T04:25:18Z,KMSY,Tuesday Night,2026-07-28T18:00:00-05:00,0,79.0,Mostly Clear,"Mostly clear, with a low around 79. Southwest wind around 10 mph."
168,2026-07-23T04:25:18Z,KMSY,Wednesday,2026-07-29T06:00:00-05:00,1,99.0,Sunny,"Sunny, with a high near 99. West wind around 10 mph."
169,2026-07-23T04:25:18Z,KNYC,Tonight,2026-07-22T19:00:00-04:00,0,65.0,Partly Cloudy,"Partly cloudy, with a low around 65. Northwest wind 5 to 10 mph."
170,2026-07-23T04:25:18Z,KNYC,Thursday,2026-07-23T06:00:00-04:00,1,80.0,Sunny,"Sunny, with a high near 80. North wind 0 to 5 mph."
171,2026-07-23T04:25:18Z,KNYC,Thursday Night,2026-07-23T18:00:00-04:00,0,65.0,Mostly Clear,"Mostly clear, with a low around 65. Wind around 0 mph."
172,2026-07-23T04:25:18Z,KNYC,Friday,2026-07-24T06:00:00-04:00,1,81.0,Sunny,"Sunny, with a high near 81. East wind 0 to 6 mph."
173,2026-07-23T04:25:18Z,KNYC,Friday Night,2026-07-24T18:00:00-04:00,0,66.0,Mostly Clear,"Mostly clear, with a low around 66. East wind 0 to 7 mph."
174,2026-07-23T04:25:18Z,KNYC,Saturday,2026-07-25T06:00:00-04:00,1,82.0,Sunny,"Sunny, with a high near 82."
175,2026-07-23T04:25:18Z,KNYC,Saturday Night,2026-07-25T18:00:00-04:00,0,66.0,Partly Cloudy,"Partly cloudy, with a low around 66."
176,2026-07-23T04:25:18Z,KNYC,Sunday,2026-07-26T06:00:00-04:00,1,83.0,Mostly Sunny,"Mostly sunny, with a high near 83."
177,2026-07-23T04:25:18Z,KNYC,Sunday Night,2026-07-26T18:00:00-04:00,0,68.0,Partly Cloudy,"Partly cloudy, with a low around 68."
178,2026-07-23T04:25:18Z,KNYC,Monday,2026-07-27T06:00:00-04:00,1,86.0,Mostly Sunny then Chance Rain Showers,"A chance of rain showers after 2pm. Mostly sunny, with a high near 86. Chance of precipitation is 30%."
179,2026-07-23T04:25:18Z,KNYC,Monday Night,2026-07-27T18:00:00-04:00,0,70.0,Chance Showers And Thunderstorms,"A chance of rain showers before 8pm, then a chance of showers and thunderstorms. Mostly cloudy, with a low around 70. Chance of precipitation is 40%."
180,2026-07-23T04:25:18Z,KNYC,Tuesday,2026-07-28T06:00:00-04:00,1,84.0,Chance Rain Showers then Chance Showers And Thunderstorms,"A chance of rain showers before 2pm, then a chance of showers and thunderstorms. Partly sunny, with a high near 84. Chance of precipitation is 50%."
181,2026-07-23T04:25:18Z,KNYC,Tuesday Night,2026-07-28T18:00:00-04:00,0,69.0,Chance Showers And Thunderstorms,"A chance of showers and thunderstorms before 8pm, then a chance of showers and thunderstorms. Mostly cloudy, with a low around 69. Chance of precipitation is 50%."
182,2026-07-23T04:25:18Z,KNYC,Wednesday,2026-07-29T06:00:00-04:00,1,84.0,Chance Rain Showers then Chance Showers And Thunderstorms,"A chance of rain showers before 2pm, then a chance of showers and thunderstorms. Partly sunny, with a high near 84."
183,2026-07-23T04:25:18Z,KOKC,Tonight,2026-07-22T21:00:00-05:00,0,72.0,Clear,"Clear, with a low around 72. East wind 8 to 12 mph."
184,2026-07-23T04:25:18Z,KOKC,Thursday,2026-07-23T06:00:00-05:00,1,96.0,Sunny,"Sunny, with a high near 96. Heat index values as high as 99. East southeast wind 8 to 15 mph, with gusts as high as 23 mph."
185,2026-07-23T04:25:18Z,KOKC,Thursday Night,2026-07-23T18:00:00-05:00,0,75.0,Mostly Clear,"Mostly clear, with a low around 75. Heat index values as high as 98. South southeast wind 12 to 15 mph, with gusts as high as 23 mph."
186,2026-07-23T04:25:18Z,KOKC,Friday,2026-07-24T06:00:00-05:00,1,98.0,Slight Chance Rain Showers,"A slight chance of rain showers between 7am and 1pm. Partly sunny, with a high near 98. Heat index values as high as 104. South wind 13 to 17 mph, with gusts as high as 26 mph. Chance of precipitation is 20%."
187,2026-07-23T04:25:18Z,KOKC,Friday Night,2026-07-24T18:00:00-05:00,0,77.0,Slight Chance Showers And Thunderstorms,"A slight chance of showers and thunderstorms after 7pm. Partly cloudy, with a low around 77. South southeast wind around 16 mph, with gusts as high as 24 mph. Chance of precipitation is 20%."
188,2026-07-23T04:25:18Z,KOKC,Saturday,2026-07-25T06:00:00-05:00,1,99.0,Slight Chance Showers And Thunderstorms,"A slight chance of showers and thunderstorms before 1pm. Mostly sunny, with a high near 99. Chance of precipitation is 20%."
189,2026-07-23T04:25:18Z,KOKC,Saturday Night,2026-07-25T18:00:00-05:00,0,78.0,Mostly Clear,"Mostly clear, with a low around 78."
190,2026-07-23T04:25:18Z,KOKC,Sunday,2026-07-26T06:00:00-05:00,1,101.0,Sunny,"Sunny, with a high near 101."
191,2026-07-23T04:25:18Z,KOKC,Sunday Night,2026-07-26T18:00:00-05:00,0,79.0,Mostly Clear,"Mostly clear, with a low around 79."
192,2026-07-23T04:25:18Z,KOKC,Monday,2026-07-27T06:00:00-05:00,1,102.0,Sunny,"Sunny, with a high near 102."
193,2026-07-23T04:25:18Z,KOKC,Monday Night,2026-07-27T18:00:00-05:00,0,78.0,Mostly Clear,"Mostly clear, with a low around 78."
194,2026-07-23T04:25:18Z,KOKC,Tuesday,2026-07-28T06:00:00-05:00,1,103.0,Sunny,"Sunny, with a high near 103."
195,2026-07-23T04:25:18Z,KOKC,Tuesday Night,2026-07-28T18:00:00-05:00,0,78.0,Mostly Clear,"Mostly clear, with a low around 78."
196,2026-07-23T04:25:18Z,KOKC,Wednesday,2026-07-29T06:00:00-05:00,1,102.0,Mostly Sunny,"Mostly sunny, with a high near 102."
197,2026-07-23T04:25:18Z,KPHL,Overnight,2026-07-23T00:00:00-04:00,0,66.0,Mostly Cloudy,"Mostly cloudy, with a low around 66. North wind 5 to 10 mph."
198,2026-07-23T04:25:18Z,KPHL,Thursday,2026-07-23T06:00:00-04:00,1,81.0,Sunny,"Sunny, with a high near 81. Northeast wind 5 to 10 mph."
199,2026-07-23T04:25:18Z,KPHL,Thursday Night,2026-07-23T18:00:00-04:00,0,64.0,Mostly Clear,"Mostly clear, with a low around 64. East wind 0 to 5 mph."
200,2026-07-23T04:25:18Z,KPHL,Friday,2026-07-24T06:00:00-04:00,1,84.0,Sunny,"Sunny, with a high near 84. East wind 0 to 5 mph."
201,2026-07-23T04:25:18Z,KPHL,Friday Night,2026-07-24T18:00:00-04:00,0,64.0,Partly Cloudy,"Partly cloudy, with a low around 64. East wind 0 to 5 mph."
202,2026-07-23T04:25:18Z,KPHL,Saturday,2026-07-25T06:00:00-04:00,1,84.0,Mostly Sunny,"Mostly sunny, with a high near 84."
203,2026-07-23T04:25:18Z,KPHL,Saturday Night,2026-07-25T18:00:00-04:00,0,64.0,Partly Cloudy,"Partly cloudy, with a low around 64."
204,2026-07-23T04:25:18Z,KPHL,Sunday,2026-07-26T06:00:00-04:00,1,85.0,Mostly Sunny,"Mostly sunny, with a high near 85."
205,2026-07-23T04:25:18Z,KPHL,Sunday Night,2026-07-26T18:00:00-04:00,0,67.0,Slight Chance Showers And Thunderstorms,"A slight chance of showers and thunderstorms between 8pm and 2am. Partly cloudy, with a low around 67."
206,2026-07-23T04:25:18Z,KPHL,Monday,2026-07-27T06:00:00-04:00,1,87.0,Mostly Sunny then Chance Showers And Thunderstorms,"A chance of showers and thunderstorms after 2pm. Mostly sunny, with a high near 87. Chance of precipitation is 30%."
207,2026-07-23T04:25:18Z,KPHL,Monday Night,2026-07-27T18:00:00-04:00,0,69.0,Chance Showers And Thunderstorms,"A chance of showers and thunderstorms. Mostly cloudy, with a low around 69. Chance of precipitation is 40%."
208,2026-07-23T04:25:18Z,KPHL,Tuesday,2026-07-28T06:00:00-04:00,1,86.0,Chance Rain Showers then Chance Showers And Thunderstorms,"A chance of rain showers before 2pm, then a chance of showers and thunderstorms. Partly sunny, with a high near 86. Chance of precipitation is 50%."
209,2026-07-23T04:25:18Z,KPHL,Tuesday Night,2026-07-28T18:00:00-04:00,0,68.0,Chance Showers And Thunderstorms,"A chance of showers and thunderstorms before 2am, then a chance of showers and thunderstorms. Mostly cloudy, with a low around 68. Chance of precipitation is 50%."
210,2026-07-23T04:25:18Z,KPHL,Wednesday,2026-07-29T06:00:00-04:00,1,85.0,Chance Showers And Thunderstorms,"A chance of showers and thunderstorms before 2pm, then a chance of showers and thunderstorms. Mostly sunny, with a high near 85."
211,2026-07-23T04:25:18Z,KPHX,Tonight,2026-07-22T18:00:00-07:00,0,89.0,Mostly Clear,"Mostly clear. Low around 89, with temperatures rising to around 91 overnight. East southeast wind around 5 mph."
212,2026-07-23T04:25:18Z,KPHX,Thursday,2026-07-23T06:00:00-07:00,1,111.0,Sunny,"Sunny. High near 111, with temperatures falling to around 109 in the afternoon. Heat index values as high as 112. Southeast wind around 5 mph."
213,2026-07-23T04:25:18Z,KPHX,Thursday Night,2026-07-23T18:00:00-07:00,0,93.0,Mostly Clear,"Mostly clear, with a low around 93. Heat index values as high as 111. East northeast wind around 5 mph."
214,2026-07-23T04:25:18Z,KPHX,Friday,2026-07-24T06:00:00-07:00,1,114.0,Sunny,"Sunny, with a high near 114. Heat index values as high as 114. South southeast wind 0 to 10 mph."
215,2026-07-23T04:25:18Z,KPHX,Friday Night,2026-07-24T18:00:00-07:00,0,95.0,Mostly Clear,"Mostly clear, with a low around 95. West northwest wind 5 to 10 mph."
216,2026-07-23T04:25:18Z,KPHX,Saturday,2026-07-25T06:00:00-07:00,1,116.0,Sunny then Slight Chance Showers And Thunderstorms,"A slight chance of showers and thunderstorms after 5pm. Sunny, with a high near 116. South wind 5 to 10 mph."
217,2026-07-23T04:25:18Z,KPHX,Saturday Night,2026-07-25T18:00:00-07:00,0,93.0,Slight Chance Showers And Thunderstorms,"A slight chance of showers and thunderstorms before 5am. Partly cloudy, with a low around 93. Southwest wind around 5 mph."
218,2026-07-23T04:25:18Z,KPHX,Sunday,2026-07-26T06:00:00-07:00,1,111.0,Chance Showers And Thunderstorms,"A chance of showers and thunderstorms after 11am. Partly sunny, with a high near 111. West southwest wind 5 to 10 mph. Chance of precipitation is 40%. New rainfall amounts less than a tenth of an inch possible."
219,2026-07-23T04:25:18Z,KPHX,Sunday Night,2026-07-26T18:00:00-07:00,0,90.0,Chance Showers And Thunderstorms,"A chance of showers and thunderstorms. Mostly cloudy, with a low around 90. West southwest wind around 5 mph. Chance of precipitation is 40%. New rainfall amounts less than a tenth of an inch possible."
220,2026-07-23T04:25:18Z,KPHX,Monday,2026-07-27T06:00:00-07:00,1,106.0,Slight Chance Showers And Thunderstorms,"A slight chance of rain showers before 11am, then a slight chance of showers and thunderstorms. Partly sunny, with a high near 106. Southwest wind around 5 mph. Chance of precipitation is 20%."
221,2026-07-23T04:25:18Z,KPHX,Monday Night,2026-07-27T18:00:00-07:00,0,88.0,Slight Chance Showers And Thunderstorms,"A slight chance of showers and thunderstorms. Mostly cloudy, with a low around 88. Southwest wind around 5 mph. Chance of precipitation is 20%."
222,2026-07-23T04:25:18Z,KPHX,Tuesday,2026-07-28T06:00:00-07:00,1,107.0,Slight Chance Showers And Thunderstorms then Mostly Sunny,"A slight chance of showers and thunderstorms before 11am. Mostly sunny, with a high near 107. Southwest wind around 5 mph."
223,2026-07-23T04:25:18Z,KPHX,Tuesday Night,2026-07-28T18:00:00-07:00,0,89.0,Slight Chance Showers And Thunderstorms,"A slight chance of showers and thunderstorms after 11pm. Partly cloudy, with a low around 89. West southwest wind 0 to 5 mph. Chance of precipitation is 20%. New rainfall amounts between a quarter and half of an inch possible."
224,2026-07-23T04:25:18Z,KPHX,Wednesday,2026-07-29T06:00:00-07:00,1,108.0,Slight Chance Showers And Thunderstorms,"A slight chance of showers and thunderstorms. Mostly sunny, with a high near 108. Southwest wind 0 to 5 mph. Chance of precipitation is 20%. New rainfall amounts between a tenth and quarter of an inch possible."
225,2026-07-23T04:25:18Z,KSAT,Tonight,2026-07-22T22:00:00-05:00,0,82.0,Partly Cloudy,"Partly cloudy, with a low around 82. Northwest wind 0 to 5 mph. New rainfall amounts less than a tenth of an inch possible."
226,2026-07-23T04:25:18Z,KSAT,Thursday,2026-07-23T06:00:00-05:00,1,100.0,Mostly Sunny,"Mostly sunny, with a high near 100. Heat index values as high as 108. North northeast wind 5 to 15 mph, with gusts as high as 25 mph."
227,2026-07-23T04:25:18Z,KSAT,Thursday Night,2026-07-23T18:00:00-05:00,0,80.0,Chance Rain Showers,"A chance of rain showers after 10pm. Partly cloudy, with a low around 80. Heat index values as high as 107. East northeast wind 5 to 15 mph, with gusts as high as 25 mph. Chance of precipitation is 30%. New rainfall amounts less than a tenth of an inch possible."
228,2026-07-23T04:25:18Z,KSAT,Friday,2026-07-24T06:00:00-05:00,1,94.0,Slight Chance Rain Showers,"A slight chance of rain showers before 1pm. Mostly sunny, with a high near 94. Heat index values as high as 102. East wind 5 to 15 mph, with gusts as high as 25 mph. Chance of precipitation is 20%."
229,2026-07-23T04:25:18Z,KSAT,Friday Night,2026-07-24T18:00:00-05:00,0,77.0,Mostly Clear,"Mostly clear, with a low around 77. South southeast wind 5 to 15 mph, with gusts as high as 20 mph."
230,2026-07-23T04:25:18Z,KSAT,Saturday,2026-07-25T06:00:00-05:00,1,96.0,Mostly Sunny,"Mostly sunny, with a high near 96. South southeast wind 5 to 10 mph."
231,2026-07-23T04:25:18Z,KSAT,Saturday Night,2026-07-25T18:00:00-05:00,0,75.0,Mostly Clear,"Mostly clear, with a low around 75. South southeast wind 5 to 10 mph, with gusts as high as 20 mph."
232,2026-07-23T04:25:18Z,KSAT,Sunday,2026-07-26T06:00:00-05:00,1,96.0,Mostly Sunny,"Mostly sunny, with a high near 96. South wind around 5 mph."
233,2026-07-23T04:25:18Z,KSAT,Sunday Night,2026-07-26T18:00:00-05:00,0,76.0,Mostly Clear,"Mostly clear, with a low around 76. South southeast wind 5 to 10 mph."
234,2026-07-23T04:25:18Z,KSAT,Monday,2026-07-27T06:00:00-05:00,1,97.0,Sunny,"Sunny, with a high near 97."
235,2026-07-23T04:25:18Z,KSAT,Monday Night,2026-07-27T18:00:00-05:00,0,77.0,Clear,"Clear, with a low around 77."
236,2026-07-23T04:25:18Z,KSAT,Tuesday,2026-07-28T06:00:00-05:00,1,99.0,Sunny,"Sunny, with a high near 99."
237,2026-07-23T04:25:18Z,KSAT,Tuesday Night,2026-07-28T18:00:00-05:00,0,78.0,Mostly Clear,"Mostly clear, with a low around 78."
238,2026-07-23T04:25:18Z,KSAT,Wednesday,2026-07-29T06:00:00-05:00,1,99.0,Mostly Sunny,"Mostly sunny, with a high near 99."
239,2026-07-23T04:25:18Z,KSFO,Tonight,2026-07-22T20:00:00-07:00,0,59.0,Mostly Cloudy,"Mostly cloudy, with a low around 59. West wind 9 to 15 mph, with gusts as high as 18 mph."
240,2026-07-23T04:25:18Z,KSFO,Thursday,2026-07-23T06:00:00-07:00,1,70.0,Mostly Sunny,"Mostly sunny, with a high near 70. West wind 9 to 22 mph, with gusts as high as 30 mph."
241,2026-07-23T04:25:18Z,KSFO,Thursday Night,2026-07-23T18:00:00-07:00,0,58.0,Partly Cloudy,"Partly cloudy, with a low around 58. West wind 13 to 22 mph, with gusts as high as 29 mph."
242,2026-07-23T04:25:18Z,KSFO,Friday,2026-07-24T06:00:00-07:00,1,70.0,Mostly Sunny,"Mostly sunny, with a high near 70. West wind 13 to 23 mph, with gusts as high as 30 mph."
243,2026-07-23T04:25:18Z,KSFO,Friday Night,2026-07-24T18:00:00-07:00,0,58.0,Partly Cloudy,"Partly cloudy, with a low around 58. West wind 14 to 23 mph, with gusts as high as 30 mph."
244,2026-07-23T04:25:18Z,KSFO,Saturday,2026-07-25T06:00:00-07:00,1,72.0,Sunny,"Sunny, with a high near 72."
245,2026-07-23T04:25:18Z,KSFO,Saturday Night,2026-07-25T18:00:00-07:00,0,58.0,Mostly Clear,"Mostly clear, with a low around 58."
246,2026-07-23T04:25:18Z,KSFO,Sunday,2026-07-26T06:00:00-07:00,1,69.0,Mostly Sunny,"Mostly sunny, with a high near 69."
247,2026-07-23T04:25:18Z,KSFO,Sunday Night,2026-07-26T18:00:00-07:00,0,58.0,Mostly Clear,"Mostly clear, with a low around 58."
248,2026-07-23T04:25:18Z,KSFO,Monday,2026-07-27T06:00:00-07:00,1,69.0,Sunny,"Sunny, with a high near 69."
249,2026-07-23T04:25:18Z,KSFO,Monday Night,2026-07-27T18:00:00-07:00,0,58.0,Mostly Clear,"Mostly clear, with a low around 58."
250,2026-07-23T04:25:18Z,KSFO,Tuesday,2026-07-28T06:00:00-07:00,1,69.0,Sunny,"Sunny, with a high near 69."
251,2026-07-23T04:25:18Z,KSFO,Tuesday Night,2026-07-28T18:00:00-07:00,0,58.0,Mostly Clear,"Mostly clear, with a low around 58."
252,2026-07-23T04:25:18Z,KSFO,Wednesday,2026-07-29T06:00:00-07:00,1,70.0,Sunny,"Sunny, with a high near 70."
253,2026-07-23T04:25:18Z,KSEA,Tonight,2026-07-22T18:00:00-07:00,0,64.0,Chance Showers And Thunderstorms,"A chance of rain showers between 8pm and 9pm, then a chance of showers and thunderstorms between 9pm and 3am. Partly cloudy. Low around 64, with temperatures rising to around 66 overnight. West southwest wind 6 to 13 mph, with gusts as high as 29 mph. Chance of precipitation is 30%."
254,2026-07-23T04:25:18Z,KSEA,Thursday,2026-07-23T06:00:00-07:00,1,80.0,Chance Showers And Thunderstorms then Mostly Sunny,"A slight chance of rain showers between 7am and 8am, then a chance of showers and thunderstorms between 8am and 9am, then a slight chance of showers and thunderstorms between 9am and 11am. Mostly sunny, with a high near 80. South southwest wind around 12 mph, with gusts as high as 25 mph. Chance of precipitation is 30%."
255,2026-07-23T04:25:18Z,KSEA,Thursday Night,2026-07-23T18:00:00-07:00,0,60.0,Mostly Clear,"Mostly clear. Low around 60, with temperatures rising to around 62 overnight. Southwest wind 5 to 9 mph."
256,2026-07-23T04:25:18Z,KSEA,Friday,2026-07-24T06:00:00-07:00,1,84.0,Mostly Sunny,"Mostly sunny, with a high near 84. West southwest wind around 7 mph."
257,2026-07-23T04:25:18Z,KSEA,Friday Night,2026-07-24T18:00:00-07:00,0,60.0,Mostly Clear,"Mostly clear, with a low around 60. Southwest wind 7 to 10 mph."
258,2026-07-23T04:25:18Z,KSEA,Saturday,2026-07-25T06:00:00-07:00,1,74.0,Mostly Sunny,"Mostly sunny, with a high near 74."
259,2026-07-23T04:25:18Z,KSEA,Saturday Night,2026-07-25T18:00:00-07:00,0,59.0,Mostly Cloudy,"Mostly cloudy, with a low around 59."
260,2026-07-23T04:25:18Z,KSEA,Sunday,2026-07-26T06:00:00-07:00,1,73.0,Slight Chance Light Rain,"A slight chance of rain between 11am and 5pm. Partly sunny, with a high near 73."
261,2026-07-23T04:25:18Z,KSEA,Sunday Night,2026-07-26T18:00:00-07:00,0,58.0,Mostly Cloudy,"Mostly cloudy, with a low around 58."
262,2026-07-23T04:25:18Z,KSEA,Monday,2026-07-27T06:00:00-07:00,1,76.0,Mostly Sunny,"Mostly sunny, with a high near 76."
263,2026-07-23T04:25:18Z,KSEA,Monday Night,2026-07-27T18:00:00-07:00,0,57.0,Partly Cloudy,"Partly cloudy, with a low around 57."
264,2026-07-23T04:25:18Z,KSEA,Tuesday,2026-07-28T06:00:00-07:00,1,76.0,Mostly Sunny,"Mostly sunny, with a high near 76."
265,2026-07-23T04:25:18Z,KSEA,Tuesday Night,2026-07-28T18:00:00-07:00,0,57.0,Partly Cloudy,"Partly cloudy, with a low around 57."
266,2026-07-23T04:25:18Z,KSEA,Wednesday,2026-07-29T06:00:00-07:00,1,78.0,Sunny,"Sunny, with a high near 78."
267,2026-07-23T04:25:18Z,KDCA,Tonight,2026-07-22T23:00:00-04:00,0,66.0,Mostly Cloudy,"Mostly cloudy, with a low around 66. North wind around 10 mph. New rainfall amounts less than a tenth of an inch possible."
268,2026-07-23T04:25:18Z,KDCA,Thursday,2026-07-23T06:00:00-04:00,1,81.0,Sunny,"Sunny, with a high near 81. North wind 6 to 10 mph."
269,2026-07-23T04:25:18Z,KDCA,Thursday Night,2026-07-23T18:00:00-04:00,0,64.0,Mostly Clear,"Mostly clear, with a low around 64. Northeast wind 0 to 6 mph."
270,2026-07-23T04:25:18Z,KDCA,Friday,2026-07-24T06:00:00-04:00,1,82.0,Mostly Sunny,"Mostly sunny, with a high near 82. East wind 3 to 10 mph."
271,2026-07-23T04:25:18Z,KDCA,Friday Night,2026-07-24T18:00:00-04:00,0,66.0,Partly Cloudy,"Partly cloudy, with a low around 66. East wind 3 to 10 mph."
272,2026-07-23T04:25:18Z,KDCA,Saturday,2026-07-25T06:00:00-04:00,1,82.0,Mostly Sunny,"Mostly sunny, with a high near 82."
273,2026-07-23T04:25:18Z,KDCA,Saturday Night,2026-07-25T18:00:00-04:00,0,67.0,Partly Cloudy,"Partly cloudy, with a low around 67."
274,2026-07-23T04:25:18Z,KDCA,Sunday,2026-07-26T06:00:00-04:00,1,86.0,Mostly Sunny then Slight Chance Showers And Thunderstorms,"A slight chance of showers and thunderstorms after 2pm. Mostly sunny, with a high near 86. Chance of precipitation is 20%."
275,2026-07-23T04:25:18Z,KDCA,Sunday Night,2026-07-26T18:00:00-04:00,0,70.0,Chance Showers And Thunderstorms,"A chance of showers and thunderstorms before 2am. Partly cloudy, with a low around 70. Chance of precipitation is 30%."
276,2026-07-23T04:25:18Z,KDCA,Monday,2026-07-27T06:00:00-04:00,1,88.0,Mostly Sunny then Chance Showers And Thunderstorms,"A chance of showers and thunderstorms after 2pm. Mostly sunny, with a high near 88. Chance of precipitation is 40%."
277,2026-07-23T04:25:18Z,KDCA,Monday Night,2026-07-27T18:00:00-04:00,0,72.0,Chance Showers And Thunderstorms,"A chance of showers and thunderstorms before 2am, then a chance of showers and thunderstorms. Mostly cloudy, with a low around 72. Chance of precipitation is 40%."
278,2026-07-23T04:25:18Z,KDCA,Tuesday,2026-07-28T06:00:00-04:00,1,89.0,Chance Showers And Thunderstorms,"A chance of showers and thunderstorms before 8am, then a chance of showers and thunderstorms. Partly sunny, with a high near 89. Chance of precipitation is 50%."
279,2026-07-23T04:25:18Z,KDCA,Tuesday Night,2026-07-28T18:00:00-04:00,0,71.0,Chance Showers And Thunderstorms,"A chance of showers and thunderstorms before 2am. Mostly cloudy, with a low around 71. Chance of precipitation is 50%."
280,2026-07-23T04:25:18Z,KDCA,Wednesday,2026-07-29T06:00:00-04:00,1,87.0,Mostly Sunny then Slight Chance Showers And Thunderstorms,"A slight chance of showers and thunderstorms after 2pm. Mostly sunny, with a high near 87."
1,2026-07-23T07:09:50Z,KATL,Overnight,2026-07-23T01:00:00-04:00,0,75.0,Partly Cloudy,"Partly cloudy, with a low around 75. Southwest wind around 5 mph."
2,2026-07-23T07:09:50Z,KATL,Thursday,2026-07-23T06:00:00-04:00,1,90.0,Partly Sunny then Chance Showers And Thunderstorms,"A chance of showers and thunderstorms after 2pm. Partly sunny, with a high near 90. Heat index values as high as 97. Southwest wind 5 to 10 mph, with gusts as high as 20 mph. Chance of precipitation is 30%."
3,2026-07-23T07:09:50Z,KATL,Thursday Night,2026-07-23T18:00:00-04:00,0,74.0,Chance Showers And Thunderstorms,"A chance of showers and thunderstorms before 2am, then a chance of showers and thunderstorms between 2am and 3am, then a slight chance of showers and thunderstorms between 3am and 4am, then a chance of showers and thunderstorms. Mostly cloudy, with a low around 74. West wind 0 to 5 mph. Chance of precipitation is 40%. New rainfall amounts between a tenth and quarter of an inch possible."
4,2026-07-23T07:09:50Z,KATL,Friday,2026-07-24T06:00:00-04:00,1,87.0,Chance Showers And Thunderstorms then Showers And Thunderstorms Likely,"A chance of showers and thunderstorms before 11am, then showers and thunderstorms likely. Partly sunny, with a high near 87. Southwest wind 0 to 5 mph. Chance of precipitation is 70%."
5,2026-07-23T07:09:50Z,KATL,Friday Night,2026-07-24T18:00:00-04:00,0,74.0,Showers And Thunderstorms Likely,"Showers and thunderstorms likely. Mostly cloudy, with a low around 74. Southwest wind 0 to 5 mph. Chance of precipitation is 60%."
6,2026-07-23T07:09:50Z,KATL,Saturday,2026-07-25T06:00:00-04:00,1,87.0,Chance Showers And Thunderstorms then Showers And Thunderstorms Likely,"A slight chance of rain showers before 8am, then a chance of showers and thunderstorms between 8am and 11am, then showers and thunderstorms likely. Partly sunny, with a high near 87. Chance of precipitation is 70%."
7,2026-07-23T07:09:50Z,KATL,Saturday Night,2026-07-25T18:00:00-04:00,0,74.0,Showers And Thunderstorms Likely,"Showers and thunderstorms likely. Mostly cloudy, with a low around 74. Chance of precipitation is 70%."
8,2026-07-23T07:09:50Z,KATL,Sunday,2026-07-26T06:00:00-04:00,1,90.0,Chance Showers And Thunderstorms,"A slight chance of rain showers before 8am, then a chance of showers and thunderstorms. Mostly sunny, with a high near 90. Chance of precipitation is 30%."
9,2026-07-23T07:09:50Z,KATL,Sunday Night,2026-07-26T18:00:00-04:00,0,75.0,Chance Showers And Thunderstorms then Mostly Clear,"A chance of showers and thunderstorms before 8pm. Mostly clear, with a low around 75. Chance of precipitation is 30%."
10,2026-07-23T07:09:50Z,KATL,Monday,2026-07-27T06:00:00-04:00,1,93.0,Sunny,"Sunny, with a high near 93."
11,2026-07-23T07:09:50Z,KATL,Monday Night,2026-07-27T18:00:00-04:00,0,76.0,Mostly Clear,"Mostly clear, with a low around 76."
12,2026-07-23T07:09:50Z,KATL,Tuesday,2026-07-28T06:00:00-04:00,1,94.0,Sunny then Slight Chance Showers And Thunderstorms,"A slight chance of showers and thunderstorms after 2pm. Sunny, with a high near 94. Chance of precipitation is 20%."
13,2026-07-23T07:09:50Z,KATL,Tuesday Night,2026-07-28T18:00:00-04:00,0,76.0,Slight Chance Showers And Thunderstorms then Partly Cloudy,"A slight chance of showers and thunderstorms before 8pm. Partly cloudy, with a low around 76. Chance of precipitation is 20%."
14,2026-07-23T07:09:50Z,KATL,Wednesday,2026-07-29T06:00:00-04:00,1,93.0,Mostly Sunny then Slight Chance Showers And Thunderstorms,"A slight chance of showers and thunderstorms after 2pm. Mostly sunny, with a high near 93."
15,2026-07-23T07:09:50Z,KAUS,Overnight,2026-07-23T01:00:00-05:00,0,81.0,Partly Cloudy,"Partly cloudy, with a low around 81. North wind 0 to 5 mph."
16,2026-07-23T07:09:50Z,KAUS,Thursday,2026-07-23T06:00:00-05:00,1,100.0,Sunny,"Sunny, with a high near 100. Heat index values as high as 108. Northeast wind 5 to 15 mph, with gusts as high as 25 mph."
17,2026-07-23T07:09:50Z,KAUS,Thursday Night,2026-07-23T18:00:00-05:00,0,79.0,Slight Chance Rain Showers,"A slight chance of rain showers after 10pm. Partly cloudy, with a low around 79. Heat index values as high as 106. East northeast wind 10 to 25 mph, with gusts as high as 35 mph. Chance of precipitation is 20%. New rainfall amounts less than a tenth of an inch possible."
18,2026-07-23T07:09:50Z,KAUS,Friday,2026-07-24T06:00:00-05:00,1,96.0,Slight Chance Rain Showers then Mostly Sunny,"A slight chance of rain showers before 7am. Mostly sunny, with a high near 96. Heat index values as high as 102. East southeast wind 10 to 25 mph. Chance of precipitation is 20%."
19,2026-07-23T07:09:50Z,KAUS,Friday Night,2026-07-24T18:00:00-05:00,0,77.0,Mostly Clear,"Mostly clear, with a low around 77. South wind 5 to 10 mph, with gusts as high as 20 mph."
20,2026-07-23T07:09:50Z,KAUS,Saturday,2026-07-25T06:00:00-05:00,1,97.0,Mostly Sunny,"Mostly sunny, with a high near 97. South wind 5 to 10 mph."
21,2026-07-23T07:09:50Z,KAUS,Saturday Night,2026-07-25T18:00:00-05:00,0,74.0,Mostly Clear,"Mostly clear, with a low around 74. South wind 5 to 10 mph."
22,2026-07-23T07:09:50Z,KAUS,Sunday,2026-07-26T06:00:00-05:00,1,97.0,Sunny,"Sunny, with a high near 97. South wind around 5 mph."
23,2026-07-23T07:09:50Z,KAUS,Sunday Night,2026-07-26T18:00:00-05:00,0,76.0,Mostly Clear,"Mostly clear, with a low around 76. South wind 5 to 10 mph."
24,2026-07-23T07:09:50Z,KAUS,Monday,2026-07-27T06:00:00-05:00,1,98.0,Sunny,"Sunny, with a high near 98."
25,2026-07-23T07:09:50Z,KAUS,Monday Night,2026-07-27T18:00:00-05:00,0,77.0,Mostly Clear,"Mostly clear, with a low around 77."
26,2026-07-23T07:09:50Z,KAUS,Tuesday,2026-07-28T06:00:00-05:00,1,99.0,Sunny,"Sunny, with a high near 99."
27,2026-07-23T07:09:50Z,KAUS,Tuesday Night,2026-07-28T18:00:00-05:00,0,77.0,Mostly Clear,"Mostly clear, with a low around 77."
28,2026-07-23T07:09:50Z,KAUS,Wednesday,2026-07-29T06:00:00-05:00,1,100.0,Sunny,"Sunny, with a high near 100."
29,2026-07-23T07:09:50Z,KBOS,Overnight,2026-07-23T01:00:00-04:00,0,63.0,Partly Cloudy,"Partly cloudy, with a low around 63. Northwest wind around 6 mph."
30,2026-07-23T07:09:50Z,KBOS,Thursday,2026-07-23T06:00:00-04:00,1,78.0,Sunny,"Sunny, with a high near 78. North wind around 7 mph."
31,2026-07-23T07:09:50Z,KBOS,Thursday Night,2026-07-23T18:00:00-04:00,0,63.0,Clear,"Clear, with a low around 63. Southwest wind 2 to 7 mph."
32,2026-07-23T07:09:50Z,KBOS,Friday,2026-07-24T06:00:00-04:00,1,79.0,Sunny,"Sunny, with a high near 79. Northeast wind 1 to 10 mph."
33,2026-07-23T07:09:50Z,KBOS,Friday Night,2026-07-24T18:00:00-04:00,0,64.0,Mostly Clear,"Mostly clear, with a low around 64. South wind 2 to 9 mph."
34,2026-07-23T07:09:50Z,KBOS,Saturday,2026-07-25T06:00:00-04:00,1,78.0,Sunny,"Sunny, with a high near 78. Northeast wind 1 to 10 mph."
35,2026-07-23T07:09:50Z,KBOS,Saturday Night,2026-07-25T18:00:00-04:00,0,63.0,Mostly Clear,"Mostly clear, with a low around 63. Northeast wind 2 to 8 mph."
36,2026-07-23T07:09:50Z,KBOS,Sunday,2026-07-26T06:00:00-04:00,1,75.0,Mostly Sunny,"Mostly sunny, with a high near 75. Northeast wind 2 to 10 mph."
37,2026-07-23T07:09:50Z,KBOS,Sunday Night,2026-07-26T18:00:00-04:00,0,64.0,Partly Cloudy,"Partly cloudy, with a low around 64. South wind 3 to 8 mph."
38,2026-07-23T07:09:50Z,KBOS,Monday,2026-07-27T06:00:00-04:00,1,77.0,Mostly Sunny then Slight Chance Rain Showers,"A slight chance of rain showers after 4pm. Mostly sunny, with a high near 77. South wind 3 to 9 mph."
39,2026-07-23T07:09:50Z,KBOS,Monday Night,2026-07-27T18:00:00-04:00,0,66.0,Chance Rain Showers,"A chance of rain showers. Partly cloudy, with a low around 66. South wind 3 to 8 mph. Chance of precipitation is 30%."
40,2026-07-23T07:09:50Z,KBOS,Tuesday,2026-07-28T06:00:00-04:00,1,79.0,Chance Rain Showers,"A chance of rain showers before 2pm, then a chance of showers and thunderstorms. Partly sunny, with a high near 79. South wind 3 to 12 mph. Chance of precipitation is 40%."
41,2026-07-23T07:09:50Z,KBOS,Tuesday Night,2026-07-28T18:00:00-04:00,0,67.0,Chance Showers And Thunderstorms,"A chance of showers and thunderstorms. Mostly cloudy, with a low around 67. South wind 6 to 12 mph. Chance of precipitation is 40%."
42,2026-07-23T07:09:50Z,KBOS,Wednesday,2026-07-29T06:00:00-04:00,1,77.0,Chance Rain Showers,"A chance of rain showers before 2pm, then a chance of showers and thunderstorms. Partly sunny, with a high near 77. South wind 7 to 10 mph."
43,2026-07-23T07:09:50Z,KMDW,Overnight,2026-07-23T01:00:00-05:00,0,58.0,Mostly Clear,"Mostly clear, with a low around 58. West wind around 0 mph."
44,2026-07-23T07:09:50Z,KMDW,Thursday,2026-07-23T06:00:00-05:00,1,79.0,Mostly Sunny,"Mostly sunny, with a high near 79. South southwest wind 0 to 10 mph."
45,2026-07-23T07:09:50Z,KMDW,Thursday Night,2026-07-23T18:00:00-05:00,0,64.0,Mostly Cloudy,"Mostly cloudy, with a low around 64. South southeast wind 0 to 5 mph, with gusts as high as 10 mph."
46,2026-07-23T07:09:50Z,KMDW,Friday,2026-07-24T06:00:00-05:00,1,80.0,Mostly Sunny,"Mostly sunny, with a high near 80. South wind 0 to 10 mph."
47,2026-07-23T07:09:50Z,KMDW,Friday Night,2026-07-24T18:00:00-05:00,0,64.0,Partly Cloudy,"Partly cloudy, with a low around 64. South southwest wind 5 to 10 mph."
48,2026-07-23T07:09:50Z,KMDW,Saturday,2026-07-25T06:00:00-05:00,1,85.0,Partly Sunny,"Partly sunny, with a high near 85."
49,2026-07-23T07:09:50Z,KMDW,Saturday Night,2026-07-25T18:00:00-05:00,0,71.0,Partly Cloudy,"Partly cloudy, with a low around 71."
50,2026-07-23T07:09:50Z,KMDW,Sunday,2026-07-26T06:00:00-05:00,1,91.0,Mostly Sunny,"Mostly sunny, with a high near 91."
51,2026-07-23T07:09:50Z,KMDW,Sunday Night,2026-07-26T18:00:00-05:00,0,76.0,Partly Cloudy then Chance Showers And Thunderstorms,"A chance of showers and thunderstorms after 1am. Partly cloudy, with a low around 76."
52,2026-07-23T07:09:50Z,KMDW,Monday,2026-07-27T06:00:00-05:00,1,93.0,Chance Showers And Thunderstorms,"A chance of showers and thunderstorms before 1pm, then a chance of showers and thunderstorms. Mostly sunny, with a high near 93."
53,2026-07-23T07:09:50Z,KMDW,Monday Night,2026-07-27T18:00:00-05:00,0,74.0,Chance Showers And Thunderstorms,"A chance of showers and thunderstorms before 1am, then a chance of showers and thunderstorms. Partly cloudy, with a low around 74."
54,2026-07-23T07:09:50Z,KMDW,Tuesday,2026-07-28T06:00:00-05:00,1,86.0,Chance Showers And Thunderstorms then Mostly Sunny,"A chance of showers and thunderstorms before 7am. Mostly sunny, with a high near 86."
55,2026-07-23T07:09:50Z,KMDW,Tuesday Night,2026-07-28T18:00:00-05:00,0,70.0,Partly Cloudy,"Partly cloudy, with a low around 70."
56,2026-07-23T07:09:50Z,KMDW,Wednesday,2026-07-29T06:00:00-05:00,1,82.0,Sunny,"Sunny, with a high near 82."
57,2026-07-23T07:09:50Z,KDFW,Overnight,2026-07-23T01:00:00-05:00,0,80.0,Clear,"Clear. Low around 80, with temperatures rising to around 83 overnight. East wind around 5 mph."
58,2026-07-23T07:09:50Z,KDFW,Thursday,2026-07-23T06:00:00-05:00,1,99.0,Sunny,"Sunny, with a high near 99. Heat index values as high as 106. East northeast wind 5 to 15 mph."
59,2026-07-23T07:09:50Z,KDFW,Thursday Night,2026-07-23T18:00:00-05:00,0,80.0,Mostly Clear,"Mostly clear. Low around 80, with temperatures rising to around 82 overnight. Heat index values as high as 106. East southeast wind 10 to 15 mph."
60,2026-07-23T07:09:50Z,KDFW,Friday,2026-07-24T06:00:00-05:00,1,98.0,Mostly Sunny,"Mostly sunny, with a high near 98. Heat index values as high as 107. South southeast wind 10 to 15 mph, with gusts as high as 25 mph."
61,2026-07-23T07:09:50Z,KDFW,Friday Night,2026-07-24T18:00:00-05:00,0,80.0,Mostly Clear,"Mostly clear. Low around 80, with temperatures rising to around 82 overnight. South wind 10 to 15 mph, with gusts as high as 25 mph."
62,2026-07-23T07:09:50Z,KDFW,Saturday,2026-07-25T06:00:00-05:00,1,100.0,Mostly Sunny,"Mostly sunny, with a high near 100. South southwest wind around 10 mph, with gusts as high as 20 mph."
63,2026-07-23T07:09:50Z,KDFW,Saturday Night,2026-07-25T18:00:00-05:00,0,81.0,Mostly Clear,"Mostly clear, with a low around 81. South wind around 10 mph."
64,2026-07-23T07:09:50Z,KDFW,Sunday,2026-07-26T06:00:00-05:00,1,102.0,Sunny,"Sunny, with a high near 102. South southwest wind around 10 mph."
65,2026-07-23T07:09:50Z,KDFW,Sunday Night,2026-07-26T18:00:00-05:00,0,82.0,Clear,"Clear, with a low around 82. South wind around 10 mph."
66,2026-07-23T07:09:50Z,KDFW,Monday,2026-07-27T06:00:00-05:00,1,102.0,Sunny,"Sunny, with a high near 102."
67,2026-07-23T07:09:50Z,KDFW,Monday Night,2026-07-27T18:00:00-05:00,0,82.0,Clear,"Clear, with a low around 82."
68,2026-07-23T07:09:50Z,KDFW,Tuesday,2026-07-28T06:00:00-05:00,1,102.0,Sunny,"Sunny, with a high near 102."
69,2026-07-23T07:09:50Z,KDFW,Tuesday Night,2026-07-28T18:00:00-05:00,0,82.0,Mostly Clear,"Mostly clear, with a low around 82."
70,2026-07-23T07:09:50Z,KDFW,Wednesday,2026-07-29T06:00:00-05:00,1,103.0,Sunny,"Sunny, with a high near 103."
71,2026-07-23T07:09:50Z,KDEN,Tonight,2026-07-22T18:00:00-06:00,0,66.0,Chance Showers And Thunderstorms,"A chance of showers and thunderstorms before 9pm, then a chance of showers and thunderstorms between 9pm and 3am. Mostly cloudy. Low around 66, with temperatures rising to around 70 overnight. Southeast wind 5 to 13 mph, with gusts as high as 21 mph. Chance of precipitation is 50%. New rainfall amounts less than a tenth of an inch possible."
72,2026-07-23T07:09:50Z,KDEN,Thursday,2026-07-23T06:00:00-06:00,1,89.0,Partly Sunny then Chance Showers And Thunderstorms,"A chance of showers and thunderstorms between noon and 3pm, then showers and thunderstorms likely. Partly sunny. High near 89, with temperatures falling to around 84 in the afternoon. North northwest wind 5 to 9 mph. Chance of precipitation is 60%. New rainfall amounts between a tenth and quarter of an inch possible."
73,2026-07-23T07:09:50Z,KDEN,Thursday Night,2026-07-23T18:00:00-06:00,0,65.0,Chance Showers And Thunderstorms then Partly Cloudy,"A chance of showers and thunderstorms before midnight. Partly cloudy. Low around 65, with temperatures rising to around 69 overnight. South wind 3 to 9 mph. Chance of precipitation is 40%."
74,2026-07-23T07:09:50Z,KDEN,Friday,2026-07-24T06:00:00-06:00,1,94.0,Sunny,"Sunny, with a high near 94. West northwest wind around 6 mph, with gusts as high as 17 mph."
75,2026-07-23T07:09:50Z,KDEN,Friday Night,2026-07-24T18:00:00-06:00,0,67.0,Partly Cloudy,"Partly cloudy, with a low around 67. South wind 3 to 7 mph."
76,2026-07-23T07:09:50Z,KDEN,Saturday,2026-07-25T06:00:00-06:00,1,98.0,Mostly Sunny,"Mostly sunny, with a high near 98."
77,2026-07-23T07:09:50Z,KDEN,Saturday Night,2026-07-25T18:00:00-06:00,0,69.0,Partly Cloudy,"Partly cloudy, with a low around 69."
78,2026-07-23T07:09:50Z,KDEN,Sunday,2026-07-26T06:00:00-06:00,1,99.0,Sunny,"Sunny, with a high near 99."
79,2026-07-23T07:09:50Z,KDEN,Sunday Night,2026-07-26T18:00:00-06:00,0,68.0,Chance Showers And Thunderstorms then Partly Cloudy,"A chance of showers and thunderstorms before midnight. Partly cloudy, with a low around 68."
80,2026-07-23T07:09:50Z,KDEN,Monday,2026-07-27T06:00:00-06:00,1,97.0,Partly Sunny then Chance Showers And Thunderstorms,"A chance of showers and thunderstorms after noon. Partly sunny, with a high near 97."
81,2026-07-23T07:09:50Z,KDEN,Monday Night,2026-07-27T18:00:00-06:00,0,65.0,Showers And Thunderstorms Likely,"Showers and thunderstorms likely. Mostly cloudy, with a low around 65."
82,2026-07-23T07:09:50Z,KDEN,Tuesday,2026-07-28T06:00:00-06:00,1,93.0,Partly Sunny then Showers And Thunderstorms Likely,"Showers and thunderstorms likely after noon. Partly sunny, with a high near 93."
83,2026-07-23T07:09:50Z,KDEN,Tuesday Night,2026-07-28T18:00:00-06:00,0,63.0,Chance Showers And Thunderstorms,"A chance of showers and thunderstorms. Mostly cloudy, with a low around 63."
84,2026-07-23T07:09:50Z,KDEN,Wednesday,2026-07-29T06:00:00-06:00,1,92.0,Partly Sunny then Chance Showers And Thunderstorms,"A chance of showers and thunderstorms after noon. Partly sunny, with a high near 92."
85,2026-07-23T07:09:50Z,KIAH,Overnight,2026-07-23T01:00:00-05:00,0,83.0,Mostly Clear,"Mostly clear, with a low around 83. North wind around 5 mph."
86,2026-07-23T07:09:50Z,KIAH,Thursday,2026-07-23T06:00:00-05:00,1,94.0,Mostly Sunny then Chance Showers And Thunderstorms,"A chance of showers and thunderstorms after 1pm. Mostly sunny. High near 94, with temperatures falling to around 91 in the afternoon. Heat index values as high as 110. Northeast wind 5 to 15 mph, with gusts as high as 30 mph. Chance of precipitation is 50%. New rainfall amounts less than a tenth of an inch possible."
87,2026-07-23T07:09:50Z,KIAH,Thursday Night,2026-07-23T18:00:00-05:00,0,79.0,Chance Showers And Thunderstorms,"A chance of showers and thunderstorms before 1am. Partly cloudy, with a low around 79. Heat index values as high as 105. Southeast wind 5 to 15 mph, with gusts as high as 25 mph. Chance of precipitation is 40%. New rainfall amounts less than a tenth of an inch possible."
88,2026-07-23T07:09:50Z,KIAH,Friday,2026-07-24T06:00:00-05:00,1,95.0,Mostly Sunny,"Mostly sunny, with a high near 95. Heat index values as high as 107. Southeast wind 5 to 10 mph."
89,2026-07-23T07:09:50Z,KIAH,Friday Night,2026-07-24T18:00:00-05:00,0,78.0,Mostly Clear,"Mostly clear, with a low around 78. South wind 5 to 10 mph."
90,2026-07-23T07:09:50Z,KIAH,Saturday,2026-07-25T06:00:00-05:00,1,97.0,Sunny,"Sunny, with a high near 97."
91,2026-07-23T07:09:50Z,KIAH,Saturday Night,2026-07-25T18:00:00-05:00,0,77.0,Mostly Clear,"Mostly clear, with a low around 77."
92,2026-07-23T07:09:50Z,KIAH,Sunday,2026-07-26T06:00:00-05:00,1,99.0,Sunny,"Sunny, with a high near 99."
93,2026-07-23T07:09:50Z,KIAH,Sunday Night,2026-07-26T18:00:00-05:00,0,79.0,Mostly Clear,"Mostly clear, with a low around 79."
94,2026-07-23T07:09:50Z,KIAH,Monday,2026-07-27T06:00:00-05:00,1,100.0,Sunny,"Sunny, with a high near 100."
95,2026-07-23T07:09:50Z,KIAH,Monday Night,2026-07-27T18:00:00-05:00,0,79.0,Mostly Clear,"Mostly clear, with a low around 79."
96,2026-07-23T07:09:50Z,KIAH,Tuesday,2026-07-28T06:00:00-05:00,1,101.0,Sunny,"Sunny, with a high near 101."
97,2026-07-23T07:09:50Z,KIAH,Tuesday Night,2026-07-28T18:00:00-05:00,0,80.0,Mostly Clear,"Mostly clear, with a low around 80."
98,2026-07-23T07:09:50Z,KIAH,Wednesday,2026-07-29T06:00:00-05:00,1,101.0,Sunny,"Sunny, with a high near 101."
99,2026-07-23T07:09:50Z,KLAS,Tonight,2026-07-22T18:00:00-07:00,0,88.0,Mostly Clear,"Mostly clear. Low around 88, with temperatures rising to around 91 overnight. Heat index values as high as 105. Southwest wind around 7 mph."
100,2026-07-23T07:09:50Z,KLAS,Thursday,2026-07-23T06:00:00-07:00,1,110.0,Sunny,"Sunny, with a high near 110. Heat index values as high as 107. Southeast wind around 5 mph."
101,2026-07-23T07:09:50Z,KLAS,Thursday Night,2026-07-23T18:00:00-07:00,0,90.0,Mostly Clear,"Mostly clear. Low around 90, with temperatures rising to around 93 overnight. Heat index values as high as 106. South southwest wind around 5 mph."
102,2026-07-23T07:09:50Z,KLAS,Friday,2026-07-24T06:00:00-07:00,1,111.0,Isolated Showers And Thunderstorms,"Isolated showers and thunderstorms after 11am. Sunny, with a high near 111. Heat index values as high as 108. Southeast wind 2 to 8 mph. Chance of precipitation is 20%."
103,2026-07-23T07:09:50Z,KLAS,Friday Night,2026-07-24T18:00:00-07:00,0,91.0,Isolated Showers And Thunderstorms then Mostly Clear,"Isolated showers and thunderstorms before 8pm. Mostly clear, with a low around 91. South southwest wind 3 to 8 mph."
104,2026-07-23T07:09:50Z,KLAS,Saturday,2026-07-25T06:00:00-07:00,1,113.0,Sunny,"Sunny, with a high near 113."
105,2026-07-23T07:09:50Z,KLAS,Saturday Night,2026-07-25T18:00:00-07:00,0,91.0,Mostly Clear,"Mostly clear, with a low around 91."
106,2026-07-23T07:09:50Z,KLAS,Sunday,2026-07-26T06:00:00-07:00,1,113.0,Sunny,"Sunny, with a high near 113."
107,2026-07-23T07:09:50Z,KLAS,Sunday Night,2026-07-26T18:00:00-07:00,0,90.0,Partly Cloudy,"Partly cloudy, with a low around 90."
108,2026-07-23T07:09:50Z,KLAS,Monday,2026-07-27T06:00:00-07:00,1,111.0,Sunny,"Sunny, with a high near 111."
109,2026-07-23T07:09:50Z,KLAS,Monday Night,2026-07-27T18:00:00-07:00,0,88.0,Partly Cloudy,"Partly cloudy, with a low around 88."
110,2026-07-23T07:09:50Z,KLAS,Tuesday,2026-07-28T06:00:00-07:00,1,109.0,Mostly Sunny,"Mostly sunny, with a high near 109."
111,2026-07-23T07:09:50Z,KLAS,Tuesday Night,2026-07-28T18:00:00-07:00,0,88.0,Partly Cloudy,"Partly cloudy, with a low around 88."
112,2026-07-23T07:09:50Z,KLAS,Wednesday,2026-07-29T06:00:00-07:00,1,107.0,Sunny,"Sunny, with a high near 107."
113,2026-07-23T07:09:50Z,KLAX,Tonight,2026-07-22T23:00:00-07:00,0,68.0,Mostly Clear,"Mostly clear, with a low around 68. South southwest wind around 5 mph."
114,2026-07-23T07:09:50Z,KLAX,Thursday,2026-07-23T06:00:00-07:00,1,81.0,Sunny,"Sunny, with a high near 81. West southwest wind 5 to 15 mph."
115,2026-07-23T07:09:50Z,KLAX,Thursday Night,2026-07-23T18:00:00-07:00,0,69.0,Partly Cloudy,"Partly cloudy, with a low around 69. South wind 5 to 10 mph."
116,2026-07-23T07:09:50Z,KLAX,Friday,2026-07-24T06:00:00-07:00,1,82.0,Mostly Sunny,"Mostly sunny, with a high near 82. South wind 5 to 10 mph."
117,2026-07-23T07:09:50Z,KLAX,Friday Night,2026-07-24T18:00:00-07:00,0,69.0,Mostly Cloudy,"Mostly cloudy, with a low around 69. South wind 5 to 10 mph."
118,2026-07-23T07:09:50Z,KLAX,Saturday,2026-07-25T06:00:00-07:00,1,82.0,Sunny,"Sunny, with a high near 82."
119,2026-07-23T07:09:50Z,KLAX,Saturday Night,2026-07-25T18:00:00-07:00,0,70.0,Partly Cloudy,"Partly cloudy, with a low around 70."
120,2026-07-23T07:09:50Z,KLAX,Sunday,2026-07-26T06:00:00-07:00,1,79.0,Mostly Sunny,"Mostly sunny, with a high near 79."
121,2026-07-23T07:09:50Z,KLAX,Sunday Night,2026-07-26T18:00:00-07:00,0,69.0,Partly Cloudy,"Partly cloudy, with a low around 69."
122,2026-07-23T07:09:50Z,KLAX,Monday,2026-07-27T06:00:00-07:00,1,78.0,Mostly Sunny,"Mostly sunny, with a high near 78."
123,2026-07-23T07:09:50Z,KLAX,Monday Night,2026-07-27T18:00:00-07:00,0,68.0,Partly Cloudy,"Partly cloudy, with a low around 68."
124,2026-07-23T07:09:50Z,KLAX,Tuesday,2026-07-28T06:00:00-07:00,1,76.0,Mostly Sunny,"Mostly sunny, with a high near 76."
125,2026-07-23T07:09:50Z,KLAX,Tuesday Night,2026-07-28T18:00:00-07:00,0,68.0,Partly Cloudy,"Partly cloudy, with a low around 68."
126,2026-07-23T07:09:50Z,KLAX,Wednesday,2026-07-29T06:00:00-07:00,1,77.0,Mostly Sunny,"Mostly sunny, with a high near 77."
127,2026-07-23T07:09:50Z,KMIA,Overnight,2026-07-23T02:00:00-04:00,0,81.0,Mostly Clear,"Mostly clear, with a low around 81. East wind around 7 mph."
128,2026-07-23T07:09:50Z,KMIA,Thursday,2026-07-23T06:00:00-04:00,1,93.0,Chance Showers And Thunderstorms,"A chance of showers and thunderstorms after 9am. Mostly sunny, with a high near 93. Heat index values as high as 101. East wind 7 to 15 mph, with gusts as high as 24 mph. Chance of precipitation is 30%. New rainfall amounts less than a tenth of an inch possible."
129,2026-07-23T07:09:50Z,KMIA,Thursday Night,2026-07-23T18:00:00-04:00,0,80.0,Chance Showers And Thunderstorms,"A chance of showers and thunderstorms. Mostly cloudy, with a low around 80. East wind 7 to 14 mph, with gusts as high as 22 mph. Chance of precipitation is 40%. New rainfall amounts between a tenth and quarter of an inch possible."
130,2026-07-23T07:09:50Z,KMIA,Friday,2026-07-24T06:00:00-04:00,1,92.0,Chance Showers And Thunderstorms,"A chance of showers and thunderstorms. Partly sunny, with a high near 92. Heat index values as high as 102. East wind 6 to 12 mph. Chance of precipitation is 50%."
131,2026-07-23T07:09:50Z,KMIA,Friday Night,2026-07-24T18:00:00-04:00,0,81.0,Chance Showers And Thunderstorms,"A chance of showers and thunderstorms. Partly cloudy, with a low around 81. Southeast wind 2 to 10 mph. Chance of precipitation is 40%."
132,2026-07-23T07:09:50Z,KMIA,Saturday,2026-07-25T06:00:00-04:00,1,93.0,Showers And Thunderstorms Likely,"Showers and thunderstorms likely. Mostly sunny, with a high near 93. Southeast wind 0 to 8 mph. Chance of precipitation is 60%."
133,2026-07-23T07:09:50Z,KMIA,Saturday Night,2026-07-25T18:00:00-04:00,0,80.0,Showers And Thunderstorms Likely then Chance Showers And Thunderstorms,"Showers and thunderstorms likely before 11pm, then a chance of showers and thunderstorms between 11pm and 2am. Partly cloudy, with a low around 80. South wind 0 to 7 mph. Chance of precipitation is 60%."
134,2026-07-23T07:09:50Z,KMIA,Sunday,2026-07-26T06:00:00-04:00,1,94.0,Showers And Thunderstorms Likely,"Showers and thunderstorms likely after 8am. Mostly sunny, with a high near 94. Southwest wind 3 to 9 mph. Chance of precipitation is 70%."
135,2026-07-23T07:09:50Z,KMIA,Sunday Night,2026-07-26T18:00:00-04:00,0,79.0,Showers And Thunderstorms Likely,"Showers and thunderstorms likely before 2am. Mostly cloudy, with a low around 79. Southwest wind around 8 mph. Chance of precipitation is 70%."
136,2026-07-23T07:09:50Z,KMIA,Monday,2026-07-27T06:00:00-04:00,1,93.0,Showers And Thunderstorms Likely,"Showers and thunderstorms likely after 8am. Mostly sunny, with a high near 93. Chance of precipitation is 70%."
137,2026-07-23T07:09:50Z,KMIA,Monday Night,2026-07-27T18:00:00-04:00,0,79.0,Showers And Thunderstorms Likely,"Showers and thunderstorms likely. Mostly cloudy, with a low around 79. Chance of precipitation is 70%."
138,2026-07-23T07:09:50Z,KMIA,Tuesday,2026-07-28T06:00:00-04:00,1,92.0,Showers And Thunderstorms Likely,"Showers and thunderstorms likely. Partly sunny, with a high near 92. Chance of precipitation is 60%."
139,2026-07-23T07:09:50Z,KMIA,Tuesday Night,2026-07-28T18:00:00-04:00,0,79.0,Showers And Thunderstorms Likely,"Showers and thunderstorms likely before 2am. Mostly cloudy, with a low around 79. Chance of precipitation is 60%."
140,2026-07-23T07:09:50Z,KMIA,Wednesday,2026-07-29T06:00:00-04:00,1,94.0,Chance Showers And Thunderstorms,"A chance of showers and thunderstorms after 8am. Mostly sunny, with a high near 94."
141,2026-07-23T07:09:50Z,KMSP,Overnight,2026-07-23T01:00:00-05:00,0,55.0,Clear,"Clear, with a low around 55. South southwest wind around 5 mph."
142,2026-07-23T07:09:50Z,KMSP,Thursday,2026-07-23T06:00:00-05:00,1,81.0,Sunny,"Sunny, with a high near 81. South southwest wind 5 to 10 mph."
143,2026-07-23T07:09:50Z,KMSP,Thursday Night,2026-07-23T18:00:00-05:00,0,65.0,Partly Cloudy,"Partly cloudy, with a low around 65. South wind around 10 mph."
144,2026-07-23T07:09:50Z,KMSP,Friday,2026-07-24T06:00:00-05:00,1,83.0,Mostly Sunny,"Mostly sunny, with a high near 83. South southwest wind 10 to 15 mph, with gusts as high as 25 mph."
145,2026-07-23T07:09:50Z,KMSP,Friday Night,2026-07-24T18:00:00-05:00,0,68.0,Partly Cloudy,"Partly cloudy, with a low around 68. South southwest wind around 15 mph, with gusts as high as 25 mph."
146,2026-07-23T07:09:50Z,KMSP,Saturday,2026-07-25T06:00:00-05:00,1,93.0,Sunny,"Sunny, with a high near 93. West southwest wind around 10 mph."
147,2026-07-23T07:09:50Z,KMSP,Saturday Night,2026-07-25T18:00:00-05:00,0,73.0,Mostly Clear,"Mostly clear, with a low around 73. South southwest wind 5 to 10 mph."
148,2026-07-23T07:09:50Z,KMSP,Sunday,2026-07-26T06:00:00-05:00,1,95.0,Mostly Sunny,"Mostly sunny, with a high near 95. South wind 10 to 15 mph."
149,2026-07-23T07:09:50Z,KMSP,Sunday Night,2026-07-26T18:00:00-05:00,0,74.0,Chance Showers And Thunderstorms,"A chance of showers and thunderstorms after 7pm. Partly cloudy, with a low around 74. South southwest wind 10 to 15 mph. Chance of precipitation is 40%."
150,2026-07-23T07:09:50Z,KMSP,Monday,2026-07-27T06:00:00-05:00,1,95.0,Slight Chance Showers And Thunderstorms then Sunny,"A slight chance of showers and thunderstorms before 7am. Sunny, with a high near 95. West northwest wind 5 to 10 mph. Chance of precipitation is 20%."
151,2026-07-23T07:09:50Z,KMSP,Monday Night,2026-07-27T18:00:00-05:00,0,71.0,Mostly Clear,"Mostly clear, with a low around 71. North northeast wind 0 to 10 mph."
152,2026-07-23T07:09:50Z,KMSP,Tuesday,2026-07-28T06:00:00-05:00,1,91.0,Sunny,"Sunny, with a high near 91. North northeast wind 0 to 5 mph."
153,2026-07-23T07:09:50Z,KMSP,Tuesday Night,2026-07-28T18:00:00-05:00,0,70.0,Mostly Clear,"Mostly clear, with a low around 70. East wind 0 to 10 mph."
154,2026-07-23T07:09:50Z,KMSP,Wednesday,2026-07-29T06:00:00-05:00,1,91.0,Sunny,"Sunny, with a high near 91. East northeast wind 0 to 10 mph."
155,2026-07-23T07:09:50Z,KMSY,Overnight,2026-07-23T02:00:00-05:00,0,80.0,Chance Showers And Thunderstorms,"A chance of showers and thunderstorms before 5am, then a slight chance of showers and thunderstorms. Mostly cloudy, with a low around 80. Southeast wind around 15 mph, with gusts as high as 30 mph. Chance of precipitation is 50%. New rainfall amounts less than a tenth of an inch possible."
156,2026-07-23T07:09:50Z,KMSY,Thursday,2026-07-23T06:00:00-05:00,1,91.0,Tropical Storm Conditions Possible,"Tropical storm conditions possible. A chance of showers and thunderstorms before 10am, then a chance of showers and thunderstorms between 10am and 4pm. Mostly sunny, with a high near 91. Chance of precipitation is 30%. New rainfall amounts between a quarter and half of an inch possible."
157,2026-07-23T07:09:50Z,KMSY,Thursday Night,2026-07-23T18:00:00-05:00,0,78.0,Mostly Clear,"Mostly clear, with a low around 78. South wind 5 to 15 mph. New rainfall amounts less than a tenth of an inch possible."
158,2026-07-23T07:09:50Z,KMSY,Friday,2026-07-24T06:00:00-05:00,1,94.0,Sunny,"Sunny, with a high near 94. Southeast wind 5 to 10 mph."
159,2026-07-23T07:09:50Z,KMSY,Friday Night,2026-07-24T18:00:00-05:00,0,77.0,Partly Cloudy,"Partly cloudy, with a low around 77. Southwest wind 5 to 10 mph."
160,2026-07-23T07:09:50Z,KMSY,Saturday,2026-07-25T06:00:00-05:00,1,95.0,Sunny,"Sunny, with a high near 95. Northwest wind 0 to 5 mph."
161,2026-07-23T07:09:50Z,KMSY,Saturday Night,2026-07-25T18:00:00-05:00,0,78.0,Partly Cloudy,"Partly cloudy, with a low around 78. Southwest wind 5 to 10 mph."
162,2026-07-23T07:09:50Z,KMSY,Sunday,2026-07-26T06:00:00-05:00,1,97.0,Sunny,"Sunny, with a high near 97. West wind around 10 mph."
163,2026-07-23T07:09:50Z,KMSY,Sunday Night,2026-07-26T18:00:00-05:00,0,79.0,Mostly Clear,"Mostly clear, with a low around 79. West wind around 10 mph."
164,2026-07-23T07:09:50Z,KMSY,Monday,2026-07-27T06:00:00-05:00,1,98.0,Sunny,"Sunny, with a high near 98. West wind around 10 mph."
165,2026-07-23T07:09:50Z,KMSY,Monday Night,2026-07-27T18:00:00-05:00,0,80.0,Mostly Clear,"Mostly clear, with a low around 80. West wind around 10 mph."
166,2026-07-23T07:09:50Z,KMSY,Tuesday,2026-07-28T06:00:00-05:00,1,99.0,Sunny,"Sunny, with a high near 99. West wind around 10 mph."
167,2026-07-23T07:09:50Z,KMSY,Tuesday Night,2026-07-28T18:00:00-05:00,0,80.0,Mostly Clear,"Mostly clear, with a low around 80. Southwest wind around 10 mph."
168,2026-07-23T07:09:50Z,KMSY,Wednesday,2026-07-29T06:00:00-05:00,1,99.0,Sunny,"Sunny, with a high near 99. West wind around 10 mph."
169,2026-07-23T07:09:50Z,KNYC,Overnight,2026-07-23T03:00:00-04:00,0,65.0,Partly Cloudy,"Partly cloudy. Low around 65, with temperatures rising to around 67 overnight. North wind around 6 mph."
170,2026-07-23T07:09:50Z,KNYC,Thursday,2026-07-23T06:00:00-04:00,1,80.0,Sunny,"Sunny, with a high near 80. North wind 0 to 6 mph."
171,2026-07-23T07:09:50Z,KNYC,Thursday Night,2026-07-23T18:00:00-04:00,0,65.0,Mostly Clear,"Mostly clear, with a low around 65. Wind around 0 mph."
172,2026-07-23T07:09:50Z,KNYC,Friday,2026-07-24T06:00:00-04:00,1,82.0,Sunny,"Sunny, with a high near 82. East wind 0 to 6 mph."
173,2026-07-23T07:09:50Z,KNYC,Friday Night,2026-07-24T18:00:00-04:00,0,66.0,Mostly Clear,"Mostly clear, with a low around 66. Southeast wind 0 to 6 mph."
174,2026-07-23T07:09:50Z,KNYC,Saturday,2026-07-25T06:00:00-04:00,1,81.0,Sunny,"Sunny, with a high near 81."
175,2026-07-23T07:09:50Z,KNYC,Saturday Night,2026-07-25T18:00:00-04:00,0,66.0,Partly Cloudy,"Partly cloudy, with a low around 66."
176,2026-07-23T07:09:50Z,KNYC,Sunday,2026-07-26T06:00:00-04:00,1,82.0,Mostly Sunny,"Mostly sunny, with a high near 82."
177,2026-07-23T07:09:50Z,KNYC,Sunday Night,2026-07-26T18:00:00-04:00,0,68.0,Partly Cloudy,"Partly cloudy, with a low around 68."
178,2026-07-23T07:09:50Z,KNYC,Monday,2026-07-27T06:00:00-04:00,1,85.0,Mostly Sunny then Slight Chance Showers And Thunderstorms,"A slight chance of showers and thunderstorms after 2pm. Mostly sunny, with a high near 85."
179,2026-07-23T07:09:50Z,KNYC,Monday Night,2026-07-27T18:00:00-04:00,0,71.0,Slight Chance Showers And Thunderstorms then Chance Showers And Thunderstorms,"A slight chance of showers and thunderstorms before 8pm, then a chance of showers and thunderstorms. Mostly cloudy, with a low around 71. Chance of precipitation is 40%."
180,2026-07-23T07:09:50Z,KNYC,Tuesday,2026-07-28T06:00:00-04:00,1,85.0,Showers And Thunderstorms Likely,"A chance of rain showers before 2pm, then showers and thunderstorms likely. Partly sunny, with a high near 85. Chance of precipitation is 60%."
181,2026-07-23T07:09:50Z,KNYC,Tuesday Night,2026-07-28T18:00:00-04:00,0,70.0,Showers And Thunderstorms Likely,"Showers and thunderstorms likely. Mostly cloudy, with a low around 70. Chance of precipitation is 60%."
182,2026-07-23T07:09:50Z,KNYC,Wednesday,2026-07-29T06:00:00-04:00,1,81.0,Chance Rain Showers,"A chance of rain showers before 2pm, then a chance of showers and thunderstorms. Partly sunny, with a high near 81."
183,2026-07-23T07:09:50Z,KOKC,Overnight,2026-07-23T02:00:00-05:00,0,72.0,Clear,"Clear, with a low around 72. East wind around 9 mph."
184,2026-07-23T07:09:50Z,KOKC,Thursday,2026-07-23T06:00:00-05:00,1,96.0,Sunny,"Sunny, with a high near 96. Heat index values as high as 98. East southeast wind 8 to 14 mph, with gusts as high as 21 mph."
185,2026-07-23T07:09:50Z,KOKC,Thursday Night,2026-07-23T18:00:00-05:00,0,75.0,Mostly Clear,"Mostly clear, with a low around 75. South southeast wind 12 to 15 mph, with gusts as high as 23 mph."
186,2026-07-23T07:09:50Z,KOKC,Friday,2026-07-24T06:00:00-05:00,1,97.0,Partly Sunny,"Partly sunny, with a high near 97. Heat index values as high as 104. South wind 12 to 16 mph, with gusts as high as 24 mph."
187,2026-07-23T07:09:50Z,KOKC,Friday Night,2026-07-24T18:00:00-05:00,0,77.0,Partly Cloudy then Slight Chance Showers And Thunderstorms,"A slight chance of showers and thunderstorms after 1am. Partly cloudy, with a low around 77. South wind 13 to 16 mph, with gusts as high as 24 mph. Chance of precipitation is 20%."
188,2026-07-23T07:09:50Z,KOKC,Saturday,2026-07-25T06:00:00-05:00,1,99.0,Slight Chance Showers And Thunderstorms,"A slight chance of showers and thunderstorms before 1pm. Mostly sunny, with a high near 99. Chance of precipitation is 20%."
189,2026-07-23T07:09:50Z,KOKC,Saturday Night,2026-07-25T18:00:00-05:00,0,78.0,Mostly Clear,"Mostly clear, with a low around 78."
190,2026-07-23T07:09:50Z,KOKC,Sunday,2026-07-26T06:00:00-05:00,1,102.0,Sunny,"Sunny, with a high near 102."
191,2026-07-23T07:09:50Z,KOKC,Sunday Night,2026-07-26T18:00:00-05:00,0,78.0,Clear,"Clear, with a low around 78."
192,2026-07-23T07:09:50Z,KOKC,Monday,2026-07-27T06:00:00-05:00,1,103.0,Sunny,"Sunny, with a high near 103."
193,2026-07-23T07:09:50Z,KOKC,Monday Night,2026-07-27T18:00:00-05:00,0,78.0,Clear,"Clear, with a low around 78."
194,2026-07-23T07:09:50Z,KOKC,Tuesday,2026-07-28T06:00:00-05:00,1,103.0,Sunny,"Sunny, with a high near 103."
195,2026-07-23T07:09:50Z,KOKC,Tuesday Night,2026-07-28T18:00:00-05:00,0,78.0,Mostly Clear,"Mostly clear, with a low around 78."
196,2026-07-23T07:09:50Z,KOKC,Wednesday,2026-07-29T06:00:00-05:00,1,102.0,Sunny,"Sunny, with a high near 102."
197,2026-07-23T07:09:50Z,KPHL,Overnight,2026-07-23T01:00:00-04:00,0,66.0,Mostly Cloudy,"Mostly cloudy, with a low around 66. North wind 5 to 10 mph."
198,2026-07-23T07:09:50Z,KPHL,Thursday,2026-07-23T06:00:00-04:00,1,81.0,Sunny,"Sunny, with a high near 81. Northeast wind 5 to 10 mph."
199,2026-07-23T07:09:50Z,KPHL,Thursday Night,2026-07-23T18:00:00-04:00,0,64.0,Mostly Clear,"Mostly clear, with a low around 64. East wind 0 to 5 mph."
200,2026-07-23T07:09:50Z,KPHL,Friday,2026-07-24T06:00:00-04:00,1,84.0,Mostly Sunny,"Mostly sunny, with a high near 84. East wind 0 to 5 mph."
201,2026-07-23T07:09:50Z,KPHL,Friday Night,2026-07-24T18:00:00-04:00,0,64.0,Partly Cloudy,"Partly cloudy, with a low around 64. East wind 0 to 5 mph."
202,2026-07-23T07:09:50Z,KPHL,Saturday,2026-07-25T06:00:00-04:00,1,84.0,Mostly Sunny,"Mostly sunny, with a high near 84."
203,2026-07-23T07:09:50Z,KPHL,Saturday Night,2026-07-25T18:00:00-04:00,0,64.0,Partly Cloudy,"Partly cloudy, with a low around 64."
204,2026-07-23T07:09:50Z,KPHL,Sunday,2026-07-26T06:00:00-04:00,1,85.0,Mostly Sunny,"Mostly sunny, with a high near 85."
205,2026-07-23T07:09:50Z,KPHL,Sunday Night,2026-07-26T18:00:00-04:00,0,67.0,Slight Chance Showers And Thunderstorms,"A slight chance of showers and thunderstorms between 8pm and 2am. Partly cloudy, with a low around 67."
206,2026-07-23T07:09:50Z,KPHL,Monday,2026-07-27T06:00:00-04:00,1,87.0,Mostly Sunny then Chance Showers And Thunderstorms,"A chance of showers and thunderstorms after 2pm. Mostly sunny, with a high near 87. Chance of precipitation is 30%."
207,2026-07-23T07:09:50Z,KPHL,Monday Night,2026-07-27T18:00:00-04:00,0,69.0,Chance Showers And Thunderstorms,"A chance of showers and thunderstorms. Mostly cloudy, with a low around 69. Chance of precipitation is 40%."
208,2026-07-23T07:09:50Z,KPHL,Tuesday,2026-07-28T06:00:00-04:00,1,86.0,Chance Rain Showers then Chance Showers And Thunderstorms,"A chance of rain showers before 2pm, then a chance of showers and thunderstorms. Partly sunny, with a high near 86. Chance of precipitation is 50%."
209,2026-07-23T07:09:50Z,KPHL,Tuesday Night,2026-07-28T18:00:00-04:00,0,68.0,Chance Showers And Thunderstorms,"A chance of showers and thunderstorms before 2am, then a chance of showers and thunderstorms. Mostly cloudy, with a low around 68. Chance of precipitation is 50%."
210,2026-07-23T07:09:50Z,KPHL,Wednesday,2026-07-29T06:00:00-04:00,1,85.0,Chance Showers And Thunderstorms,"A chance of showers and thunderstorms before 2pm, then a chance of showers and thunderstorms. Mostly sunny, with a high near 85."
211,2026-07-23T07:09:50Z,KPHX,Tonight,2026-07-22T22:00:00-07:00,0,89.0,Mostly Clear,"Mostly clear. Low around 89, with temperatures rising to around 91 overnight. East wind around 5 mph."
212,2026-07-23T07:09:50Z,KPHX,Thursday,2026-07-23T06:00:00-07:00,1,111.0,Sunny,"Sunny. High near 111, with temperatures falling to around 109 in the afternoon. Heat index values as high as 112. Southeast wind around 5 mph."
213,2026-07-23T07:09:50Z,KPHX,Thursday Night,2026-07-23T18:00:00-07:00,0,93.0,Mostly Clear,"Mostly clear, with a low around 93. Heat index values as high as 110. South southwest wind around 5 mph."
214,2026-07-23T07:09:50Z,KPHX,Friday,2026-07-24T06:00:00-07:00,1,114.0,Sunny,"Sunny, with a high near 114. Heat index values as high as 114. South wind 0 to 10 mph."
215,2026-07-23T07:09:50Z,KPHX,Friday Night,2026-07-24T18:00:00-07:00,0,94.0,Mostly Clear,"Mostly clear, with a low around 94. West northwest wind 5 to 10 mph."
216,2026-07-23T07:09:50Z,KPHX,Saturday,2026-07-25T06:00:00-07:00,1,116.0,Sunny then Slight Chance Showers And Thunderstorms,"A slight chance of showers and thunderstorms after 5pm. Sunny, with a high near 116. South southeast wind 5 to 10 mph."
217,2026-07-23T07:09:50Z,KPHX,Saturday Night,2026-07-25T18:00:00-07:00,0,93.0,Slight Chance Showers And Thunderstorms,"A slight chance of showers and thunderstorms before 5am. Mostly cloudy, with a low around 93. Southeast wind 10 to 15 mph. Chance of precipitation is 20%."
218,2026-07-23T07:09:50Z,KPHX,Sunday,2026-07-26T06:00:00-07:00,1,111.0,Slight Chance Showers And Thunderstorms,"A slight chance of showers and thunderstorms after 11am. Mostly sunny, with a high near 111. West southwest wind 10 to 15 mph, with gusts as high as 20 mph. Chance of precipitation is 20%."
219,2026-07-23T07:09:50Z,KPHX,Sunday Night,2026-07-26T18:00:00-07:00,0,90.0,Slight Chance Showers And Thunderstorms,"A slight chance of showers and thunderstorms. Mostly cloudy, with a low around 90. West southwest wind 10 to 15 mph. Chance of precipitation is 20%."
220,2026-07-23T07:09:50Z,KPHX,Monday,2026-07-27T06:00:00-07:00,1,107.0,Slight Chance Showers And Thunderstorms,"A slight chance of rain showers before 11am, then a slight chance of showers and thunderstorms. Partly sunny, with a high near 107. West southwest wind around 10 mph. Chance of precipitation is 20%."
221,2026-07-23T07:09:50Z,KPHX,Monday Night,2026-07-27T18:00:00-07:00,0,89.0,Slight Chance Showers And Thunderstorms,"A slight chance of showers and thunderstorms. Mostly cloudy, with a low around 89. Southwest wind 10 to 15 mph. Chance of precipitation is 20%."
222,2026-07-23T07:09:50Z,KPHX,Tuesday,2026-07-28T06:00:00-07:00,1,107.0,Slight Chance Showers And Thunderstorms,"A slight chance of showers and thunderstorms before 5pm. Mostly sunny, with a high near 107. Southwest wind 5 to 10 mph. Chance of precipitation is 20%."
223,2026-07-23T07:09:50Z,KPHX,Tuesday Night,2026-07-28T18:00:00-07:00,0,89.0,Partly Cloudy,"Partly cloudy, with a low around 89. West wind around 10 mph."
224,2026-07-23T07:09:50Z,KPHX,Wednesday,2026-07-29T06:00:00-07:00,1,109.0,Mostly Sunny,"Mostly sunny, with a high near 109. South southwest wind 5 to 10 mph."
225,2026-07-23T07:09:50Z,KSAT,Overnight,2026-07-23T01:00:00-05:00,0,82.0,Partly Cloudy,"Partly cloudy, with a low around 82. Northwest wind 0 to 5 mph."
226,2026-07-23T07:09:50Z,KSAT,Thursday,2026-07-23T06:00:00-05:00,1,101.0,Sunny,"Sunny, with a high near 101. Heat index values as high as 108. North northeast wind 5 to 15 mph, with gusts as high as 25 mph."
227,2026-07-23T07:09:50Z,KSAT,Thursday Night,2026-07-23T18:00:00-05:00,0,80.0,Chance Rain Showers,"A chance of rain showers after 10pm. Mostly cloudy, with a low around 80. Heat index values as high as 106. East northeast wind 5 to 15 mph, with gusts as high as 25 mph. Chance of precipitation is 30%. New rainfall amounts less than a tenth of an inch possible."
228,2026-07-23T07:09:50Z,KSAT,Friday,2026-07-24T06:00:00-05:00,1,95.0,Slight Chance Rain Showers then Mostly Sunny,"A slight chance of rain showers before 7am. Mostly sunny, with a high near 95. Heat index values as high as 101. East wind 5 to 15 mph, with gusts as high as 25 mph. Chance of precipitation is 20%."
229,2026-07-23T07:09:50Z,KSAT,Friday Night,2026-07-24T18:00:00-05:00,0,77.0,Partly Cloudy,"Partly cloudy, with a low around 77. South southeast wind 5 to 15 mph, with gusts as high as 20 mph."
230,2026-07-23T07:09:50Z,KSAT,Saturday,2026-07-25T06:00:00-05:00,1,97.0,Mostly Sunny,"Mostly sunny, with a high near 97. South southeast wind 5 to 10 mph."
231,2026-07-23T07:09:50Z,KSAT,Saturday Night,2026-07-25T18:00:00-05:00,0,76.0,Mostly Clear,"Mostly clear, with a low around 76. South southeast wind 5 to 10 mph, with gusts as high as 20 mph."
232,2026-07-23T07:09:50Z,KSAT,Sunday,2026-07-26T06:00:00-05:00,1,96.0,Sunny,"Sunny, with a high near 96. South wind around 5 mph."
233,2026-07-23T07:09:50Z,KSAT,Sunday Night,2026-07-26T18:00:00-05:00,0,76.0,Mostly Clear,"Mostly clear, with a low around 76. South southeast wind 5 to 10 mph."
234,2026-07-23T07:09:50Z,KSAT,Monday,2026-07-27T06:00:00-05:00,1,97.0,Sunny,"Sunny, with a high near 97."
235,2026-07-23T07:09:50Z,KSAT,Monday Night,2026-07-27T18:00:00-05:00,0,76.0,Clear,"Clear, with a low around 76."
236,2026-07-23T07:09:50Z,KSAT,Tuesday,2026-07-28T06:00:00-05:00,1,99.0,Sunny,"Sunny, with a high near 99."
237,2026-07-23T07:09:50Z,KSAT,Tuesday Night,2026-07-28T18:00:00-05:00,0,77.0,Clear,"Clear, with a low around 77."
238,2026-07-23T07:09:50Z,KSAT,Wednesday,2026-07-29T06:00:00-05:00,1,99.0,Sunny,"Sunny, with a high near 99."
239,2026-07-23T07:09:50Z,KSFO,Tonight,2026-07-22T20:00:00-07:00,0,59.0,Mostly Cloudy,"Mostly cloudy, with a low around 59. West wind 9 to 15 mph, with gusts as high as 18 mph."
240,2026-07-23T07:09:50Z,KSFO,Thursday,2026-07-23T06:00:00-07:00,1,70.0,Mostly Sunny,"Mostly sunny, with a high near 70. West wind 9 to 22 mph, with gusts as high as 30 mph."
241,2026-07-23T07:09:50Z,KSFO,Thursday Night,2026-07-23T18:00:00-07:00,0,58.0,Partly Cloudy,"Partly cloudy, with a low around 58. West wind 13 to 22 mph, with gusts as high as 29 mph."
242,2026-07-23T07:09:50Z,KSFO,Friday,2026-07-24T06:00:00-07:00,1,70.0,Mostly Sunny,"Mostly sunny, with a high near 70. West wind 13 to 23 mph, with gusts as high as 30 mph."
243,2026-07-23T07:09:50Z,KSFO,Friday Night,2026-07-24T18:00:00-07:00,0,58.0,Partly Cloudy,"Partly cloudy, with a low around 58. West wind 14 to 23 mph, with gusts as high as 30 mph."
244,2026-07-23T07:09:50Z,KSFO,Saturday,2026-07-25T06:00:00-07:00,1,72.0,Sunny,"Sunny, with a high near 72."
245,2026-07-23T07:09:50Z,KSFO,Saturday Night,2026-07-25T18:00:00-07:00,0,58.0,Mostly Clear,"Mostly clear, with a low around 58."
246,2026-07-23T07:09:50Z,KSFO,Sunday,2026-07-26T06:00:00-07:00,1,69.0,Mostly Sunny,"Mostly sunny, with a high near 69."
247,2026-07-23T07:09:50Z,KSFO,Sunday Night,2026-07-26T18:00:00-07:00,0,58.0,Mostly Clear,"Mostly clear, with a low around 58."
248,2026-07-23T07:09:50Z,KSFO,Monday,2026-07-27T06:00:00-07:00,1,69.0,Sunny,"Sunny, with a high near 69."
249,2026-07-23T07:09:50Z,KSFO,Monday Night,2026-07-27T18:00:00-07:00,0,58.0,Mostly Clear,"Mostly clear, with a low around 58."
250,2026-07-23T07:09:50Z,KSFO,Tuesday,2026-07-28T06:00:00-07:00,1,69.0,Sunny,"Sunny, with a high near 69."
251,2026-07-23T07:09:50Z,KSFO,Tuesday Night,2026-07-28T18:00:00-07:00,0,58.0,Mostly Clear,"Mostly clear, with a low around 58."
252,2026-07-23T07:09:50Z,KSFO,Wednesday,2026-07-29T06:00:00-07:00,1,70.0,Sunny,"Sunny, with a high near 70."
253,2026-07-23T07:09:50Z,KSEA,Tonight,2026-07-22T23:00:00-07:00,0,64.0,Chance Light Rain,"A chance of rain. Mostly cloudy. Low around 64, with temperatures rising to around 66 overnight. South southwest wind around 13 mph. Chance of precipitation is 40%. New rainfall amounts less than a tenth of an inch possible."
254,2026-07-23T07:09:50Z,KSEA,Thursday,2026-07-23T06:00:00-07:00,1,79.0,Chance Light Rain then Partly Sunny,"A chance of rain before 11am. Partly sunny, with a high near 79. Southwest wind around 10 mph. Chance of precipitation is 30%. New rainfall amounts less than a tenth of an inch possible."
255,2026-07-23T07:09:50Z,KSEA,Thursday Night,2026-07-23T18:00:00-07:00,0,61.0,Partly Cloudy,"Partly cloudy, with a low around 61. South southwest wind 2 to 8 mph."
256,2026-07-23T07:09:50Z,KSEA,Friday,2026-07-24T06:00:00-07:00,1,84.0,Mostly Sunny,"Mostly sunny, with a high near 84. West southwest wind 3 to 8 mph."
257,2026-07-23T07:09:50Z,KSEA,Friday Night,2026-07-24T18:00:00-07:00,0,60.0,Mostly Clear,"Mostly clear, with a low around 60. West southwest wind 8 to 12 mph."
258,2026-07-23T07:09:50Z,KSEA,Saturday,2026-07-25T06:00:00-07:00,1,74.0,Partly Sunny,"Partly sunny, with a high near 74."
259,2026-07-23T07:09:50Z,KSEA,Saturday Night,2026-07-25T18:00:00-07:00,0,59.0,Mostly Cloudy,"Mostly cloudy, with a low around 59."
260,2026-07-23T07:09:50Z,KSEA,Sunday,2026-07-26T06:00:00-07:00,1,75.0,Slight Chance Light Rain,"A slight chance of rain between 11am and 5pm. Partly sunny, with a high near 75."
261,2026-07-23T07:09:50Z,KSEA,Sunday Night,2026-07-26T18:00:00-07:00,0,58.0,Mostly Cloudy,"Mostly cloudy, with a low around 58."
262,2026-07-23T07:09:50Z,KSEA,Monday,2026-07-27T06:00:00-07:00,1,76.0,Mostly Sunny,"Mostly sunny, with a high near 76."
263,2026-07-23T07:09:50Z,KSEA,Monday Night,2026-07-27T18:00:00-07:00,0,58.0,Partly Cloudy,"Partly cloudy, with a low around 58."
264,2026-07-23T07:09:50Z,KSEA,Tuesday,2026-07-28T06:00:00-07:00,1,77.0,Mostly Sunny,"Mostly sunny, with a high near 77."
265,2026-07-23T07:09:50Z,KSEA,Tuesday Night,2026-07-28T18:00:00-07:00,0,57.0,Partly Cloudy,"Partly cloudy, with a low around 57."
266,2026-07-23T07:09:50Z,KSEA,Wednesday,2026-07-29T06:00:00-07:00,1,77.0,Mostly Sunny,"Mostly sunny, with a high near 77."
267,2026-07-23T07:09:50Z,KDCA,Overnight,2026-07-23T02:00:00-04:00,0,66.0,Mostly Cloudy,"Mostly cloudy, with a low around 66. North wind around 10 mph."
268,2026-07-23T07:09:50Z,KDCA,Thursday,2026-07-23T06:00:00-04:00,1,82.0,Mostly Sunny,"Mostly sunny, with a high near 82. North wind 7 to 10 mph."
269,2026-07-23T07:09:50Z,KDCA,Thursday Night,2026-07-23T18:00:00-04:00,0,64.0,Mostly Clear,"Mostly clear, with a low around 64. Northeast wind 0 to 7 mph."
270,2026-07-23T07:09:50Z,KDCA,Friday,2026-07-24T06:00:00-04:00,1,83.0,Mostly Sunny,"Mostly sunny, with a high near 83. Northeast wind 3 to 10 mph."
271,2026-07-23T07:09:50Z,KDCA,Friday Night,2026-07-24T18:00:00-04:00,0,67.0,Mostly Cloudy,"Mostly cloudy, with a low around 67. East wind 5 to 10 mph."
272,2026-07-23T07:09:50Z,KDCA,Saturday,2026-07-25T06:00:00-04:00,1,83.0,Partly Sunny,"Partly sunny, with a high near 83."
273,2026-07-23T07:09:50Z,KDCA,Saturday Night,2026-07-25T18:00:00-04:00,0,68.0,Partly Cloudy,"Partly cloudy, with a low around 68."
274,2026-07-23T07:09:50Z,KDCA,Sunday,2026-07-26T06:00:00-04:00,1,85.0,Mostly Sunny,"Mostly sunny, with a high near 85."
275,2026-07-23T07:09:50Z,KDCA,Sunday Night,2026-07-26T18:00:00-04:00,0,70.0,Slight Chance Showers And Thunderstorms,"A slight chance of showers and thunderstorms between 8pm and 2am. Partly cloudy, with a low around 70. Chance of precipitation is 20%."
276,2026-07-23T07:09:50Z,KDCA,Monday,2026-07-27T06:00:00-04:00,1,90.0,Mostly Sunny then Slight Chance Showers And Thunderstorms,"A slight chance of showers and thunderstorms after 2pm. Mostly sunny, with a high near 90. Chance of precipitation is 20%."
277,2026-07-23T07:09:50Z,KDCA,Monday Night,2026-07-27T18:00:00-04:00,0,73.0,Chance Showers And Thunderstorms,"A chance of showers and thunderstorms. Partly cloudy, with a low around 73. Chance of precipitation is 40%."
278,2026-07-23T07:09:50Z,KDCA,Tuesday,2026-07-28T06:00:00-04:00,1,90.0,Showers And Thunderstorms Likely,"A chance of rain showers before 2pm, then showers and thunderstorms likely. Partly sunny, with a high near 90. Chance of precipitation is 60%."
279,2026-07-23T07:09:50Z,KDCA,Tuesday Night,2026-07-28T18:00:00-04:00,0,72.0,Showers And Thunderstorms Likely,"Showers and thunderstorms likely. Mostly cloudy, with a low around 72. Chance of precipitation is 60%."
280,2026-07-23T07:09:50Z,KDCA,Wednesday,2026-07-29T06:00:00-04:00,1,86.0,Slight Chance Rain Showers then Slight Chance Showers And Thunderstorms,"A slight chance of rain showers before 8am, then a slight chance of showers and thunderstorms. Mostly sunny, with a high near 86."
1,2026-07-23T10:01:46Z,KATL,Overnight,2026-07-23T03:00:00-04:00,0,75.0,Partly Cloudy,"Partly cloudy, with a low around 75. Southwest wind around 5 mph."
2,2026-07-23T10:01:46Z,KATL,Thursday,2026-07-23T06:00:00-04:00,1,91.0,Partly Sunny then Chance Showers And Thunderstorms,"A chance of showers and thunderstorms after 2pm. Partly sunny, with a high near 91. Heat index values as high as 97. Southwest wind 5 to 10 mph, with gusts as high as 20 mph. Chance of precipitation is 30%."
3,2026-07-23T10:01:46Z,KATL,Thursday Night,2026-07-23T18:00:00-04:00,0,75.0,Chance Showers And Thunderstorms,"A chance of showers and thunderstorms before 2am, then a chance of showers and thunderstorms between 2am and 3am, then a slight chance of showers and thunderstorms between 3am and 4am, then a chance of showers and thunderstorms. Mostly cloudy, with a low around 75. West wind 0 to 5 mph. Chance of precipitation is 40%."
4,2026-07-23T10:01:46Z,KATL,Friday,2026-07-24T06:00:00-04:00,1,88.0,Chance Showers And Thunderstorms then Showers And Thunderstorms Likely,"A chance of showers and thunderstorms before 11am, then showers and thunderstorms likely. Partly sunny, with a high near 88. Southwest wind 0 to 5 mph. Chance of precipitation is 70%."
5,2026-07-23T10:01:46Z,KATL,Friday Night,2026-07-24T18:00:00-04:00,0,74.0,Showers And Thunderstorms Likely then Chance Showers And Thunderstorms,"Showers and thunderstorms likely before 11pm, then a chance of showers and thunderstorms between 11pm and 2am. Mostly cloudy, with a low around 74. West wind 0 to 5 mph. Chance of precipitation is 60%."
6,2026-07-23T10:01:46Z,KATL,Saturday,2026-07-25T06:00:00-04:00,1,89.0,Chance Showers And Thunderstorms,"A chance of rain showers between 8am and 11am, then a chance of showers and thunderstorms between 11am and 2pm, then showers and thunderstorms likely. Partly sunny, with a high near 89. Chance of precipitation is 70%."
7,2026-07-23T10:01:46Z,KATL,Saturday Night,2026-07-25T18:00:00-04:00,0,74.0,Showers And Thunderstorms Likely,"Showers and thunderstorms likely. Mostly cloudy, with a low around 74. Chance of precipitation is 70%."
8,2026-07-23T10:01:46Z,KATL,Sunday,2026-07-26T06:00:00-04:00,1,90.0,Chance Showers And Thunderstorms,"A chance of rain showers before 8am, then a chance of showers and thunderstorms between 8am and 2pm, then a chance of showers and thunderstorms. Mostly sunny, with a high near 90. Chance of precipitation is 30%."
9,2026-07-23T10:01:46Z,KATL,Sunday Night,2026-07-26T18:00:00-04:00,0,75.0,Chance Showers And Thunderstorms then Mostly Clear,"A chance of showers and thunderstorms before 8pm. Mostly clear, with a low around 75. Chance of precipitation is 30%."
10,2026-07-23T10:01:46Z,KATL,Monday,2026-07-27T06:00:00-04:00,1,93.0,Sunny,"Sunny, with a high near 93."
11,2026-07-23T10:01:46Z,KATL,Monday Night,2026-07-27T18:00:00-04:00,0,76.0,Mostly Clear,"Mostly clear, with a low around 76."
12,2026-07-23T10:01:46Z,KATL,Tuesday,2026-07-28T06:00:00-04:00,1,95.0,Sunny,"Sunny, with a high near 95."
13,2026-07-23T10:01:46Z,KATL,Tuesday Night,2026-07-28T18:00:00-04:00,0,77.0,Mostly Clear,"Mostly clear, with a low around 77."
14,2026-07-23T10:01:46Z,KATL,Wednesday,2026-07-29T06:00:00-04:00,1,94.0,Mostly Sunny,"Mostly sunny, with a high near 94."
15,2026-07-23T10:01:46Z,KAUS,Overnight,2026-07-23T03:00:00-05:00,0,81.0,Partly Cloudy,"Partly cloudy, with a low around 81. North northeast wind around 5 mph."
16,2026-07-23T10:01:46Z,KAUS,Thursday,2026-07-23T06:00:00-05:00,1,100.0,Sunny,"Sunny, with a high near 100. Heat index values as high as 108. Northeast wind 5 to 10 mph, with gusts as high as 25 mph."
17,2026-07-23T10:01:46Z,KAUS,Thursday Night,2026-07-23T18:00:00-05:00,0,79.0,Slight Chance Rain Showers,"A slight chance of rain showers after 10pm. Partly cloudy, with a low around 79. Heat index values as high as 106. East northeast wind 5 to 30 mph, with gusts as high as 35 mph. Chance of precipitation is 20%. New rainfall amounts less than a tenth of an inch possible."
18,2026-07-23T10:01:46Z,KAUS,Friday,2026-07-24T06:00:00-05:00,1,96.0,Slight Chance Rain Showers then Mostly Sunny,"A slight chance of rain showers before 7am. Mostly sunny, with a high near 96. Heat index values as high as 102. Southeast wind 5 to 25 mph. Chance of precipitation is 20%."
19,2026-07-23T10:01:46Z,KAUS,Friday Night,2026-07-24T18:00:00-05:00,0,77.0,Mostly Clear,"Mostly clear, with a low around 77. South wind 5 to 10 mph, with gusts as high as 20 mph."
20,2026-07-23T10:01:46Z,KAUS,Saturday,2026-07-25T06:00:00-05:00,1,97.0,Mostly Sunny,"Mostly sunny, with a high near 97. South wind 5 to 10 mph."
21,2026-07-23T10:01:46Z,KAUS,Saturday Night,2026-07-25T18:00:00-05:00,0,74.0,Mostly Clear,"Mostly clear, with a low around 74. South wind 5 to 10 mph."
22,2026-07-23T10:01:46Z,KAUS,Sunday,2026-07-26T06:00:00-05:00,1,97.0,Sunny,"Sunny, with a high near 97. South wind around 5 mph."
23,2026-07-23T10:01:46Z,KAUS,Sunday Night,2026-07-26T18:00:00-05:00,0,76.0,Mostly Clear,"Mostly clear, with a low around 76. South wind 5 to 10 mph."
24,2026-07-23T10:01:46Z,KAUS,Monday,2026-07-27T06:00:00-05:00,1,98.0,Sunny,"Sunny, with a high near 98."
25,2026-07-23T10:01:46Z,KAUS,Monday Night,2026-07-27T18:00:00-05:00,0,77.0,Mostly Clear,"Mostly clear, with a low around 77."
26,2026-07-23T10:01:46Z,KAUS,Tuesday,2026-07-28T06:00:00-05:00,1,99.0,Sunny,"Sunny, with a high near 99."
27,2026-07-23T10:01:46Z,KAUS,Tuesday Night,2026-07-28T18:00:00-05:00,0,77.0,Mostly Clear,"Mostly clear, with a low around 77."
28,2026-07-23T10:01:46Z,KAUS,Wednesday,2026-07-29T06:00:00-05:00,1,100.0,Sunny,"Sunny, with a high near 100."
29,2026-07-23T10:01:46Z,KBOS,Today,2026-07-23T06:00:00-04:00,1,78.0,Sunny,"Sunny, with a high near 78. Northeast wind 3 to 7 mph."
30,2026-07-23T10:01:46Z,KBOS,Tonight,2026-07-23T18:00:00-04:00,0,63.0,Clear,"Clear, with a low around 63. Southwest wind 2 to 7 mph."
31,2026-07-23T10:01:46Z,KBOS,Friday,2026-07-24T06:00:00-04:00,1,79.0,Sunny,"Sunny, with a high near 79. Northeast wind 1 to 10 mph."
32,2026-07-23T10:01:46Z,KBOS,Friday Night,2026-07-24T18:00:00-04:00,0,62.0,Mostly Clear,"Mostly clear, with a low around 62. South wind 2 to 9 mph."
33,2026-07-23T10:01:46Z,KBOS,Saturday,2026-07-25T06:00:00-04:00,1,78.0,Sunny,"Sunny, with a high near 78. North wind 2 to 12 mph."
34,2026-07-23T10:01:46Z,KBOS,Saturday Night,2026-07-25T18:00:00-04:00,0,63.0,Mostly Clear,"Mostly clear, with a low around 63. Northeast wind 2 to 9 mph."
35,2026-07-23T10:01:46Z,KBOS,Sunday,2026-07-26T06:00:00-04:00,1,77.0,Mostly Sunny,"Mostly sunny, with a high near 77. Northeast wind 2 to 9 mph."
36,2026-07-23T10:01:46Z,KBOS,Sunday Night,2026-07-26T18:00:00-04:00,0,64.0,Partly Cloudy,"Partly cloudy, with a low around 64. Southeast wind 3 to 8 mph."
37,2026-07-23T10:01:46Z,KBOS,Monday,2026-07-27T06:00:00-04:00,1,77.0,Sunny,"Sunny, with a high near 77. South wind 3 to 9 mph."
38,2026-07-23T10:01:46Z,KBOS,Monday Night,2026-07-27T18:00:00-04:00,0,67.0,Partly Cloudy then Slight Chance Showers And Thunderstorms,"A slight chance of showers and thunderstorms after midnight. Partly cloudy, with a low around 67. South wind around 8 mph."
39,2026-07-23T10:01:46Z,KBOS,Tuesday,2026-07-28T06:00:00-04:00,1,79.0,Chance Showers And Thunderstorms,"A chance of showers and thunderstorms before 2pm, then a chance of showers and thunderstorms. Partly sunny, with a high near 79. South wind 5 to 12 mph. Chance of precipitation is 50%."
40,2026-07-23T10:01:46Z,KBOS,Tuesday Night,2026-07-28T18:00:00-04:00,0,68.0,Chance Showers And Thunderstorms,"A chance of showers and thunderstorms before 8pm, then a chance of showers and thunderstorms. Mostly cloudy, with a low around 68. South wind 7 to 10 mph. Chance of precipitation is 50%."
41,2026-07-23T10:01:46Z,KBOS,Wednesday,2026-07-29T06:00:00-04:00,1,76.0,Showers And Thunderstorms Likely,"Showers and thunderstorms likely. Partly sunny, with a high near 76. Southeast wind around 9 mph. Chance of precipitation is 60%."
42,2026-07-23T10:01:46Z,KBOS,Wednesday Night,2026-07-29T18:00:00-04:00,0,67.0,Chance Showers And Thunderstorms,"A chance of showers and thunderstorms before 2am. Mostly cloudy, with a low around 67. Northeast wind around 8 mph."
43,2026-07-23T10:01:46Z,KMDW,Overnight,2026-07-23T05:00:00-05:00,0,58.0,Clear,"Clear, with a low around 58. West southwest wind around 0 mph."
44,2026-07-23T10:01:46Z,KMDW,Thursday,2026-07-23T06:00:00-05:00,1,79.0,Sunny,"Sunny, with a high near 79. South southwest wind 0 to 10 mph."
45,2026-07-23T10:01:46Z,KMDW,Thursday Night,2026-07-23T18:00:00-05:00,0,64.0,Mostly Cloudy,"Mostly cloudy, with a low around 64. South southeast wind 0 to 5 mph, with gusts as high as 10 mph."
46,2026-07-23T10:01:46Z,KMDW,Friday,2026-07-24T06:00:00-05:00,1,80.0,Mostly Sunny,"Mostly sunny, with a high near 80. South wind 0 to 10 mph."
47,2026-07-23T10:01:46Z,KMDW,Friday Night,2026-07-24T18:00:00-05:00,0,64.0,Partly Cloudy,"Partly cloudy, with a low around 64. South southwest wind 5 to 10 mph."
48,2026-07-23T10:01:46Z,KMDW,Saturday,2026-07-25T06:00:00-05:00,1,85.0,Partly Sunny,"Partly sunny, with a high near 85."
49,2026-07-23T10:01:46Z,KMDW,Saturday Night,2026-07-25T18:00:00-05:00,0,71.0,Partly Cloudy,"Partly cloudy, with a low around 71."
50,2026-07-23T10:01:46Z,KMDW,Sunday,2026-07-26T06:00:00-05:00,1,91.0,Mostly Sunny,"Mostly sunny, with a high near 91."
51,2026-07-23T10:01:46Z,KMDW,Sunday Night,2026-07-26T18:00:00-05:00,0,76.0,Partly Cloudy then Chance Showers And Thunderstorms,"A chance of showers and thunderstorms after 1am. Partly cloudy, with a low around 76."
52,2026-07-23T10:01:46Z,KMDW,Monday,2026-07-27T06:00:00-05:00,1,93.0,Chance Showers And Thunderstorms,"A chance of showers and thunderstorms before 1pm, then a chance of showers and thunderstorms. Mostly sunny, with a high near 93."
53,2026-07-23T10:01:46Z,KMDW,Monday Night,2026-07-27T18:00:00-05:00,0,74.0,Chance Showers And Thunderstorms,"A chance of showers and thunderstorms before 1am, then a chance of showers and thunderstorms. Partly cloudy, with a low around 74."
54,2026-07-23T10:01:46Z,KMDW,Tuesday,2026-07-28T06:00:00-05:00,1,86.0,Chance Showers And Thunderstorms then Mostly Sunny,"A chance of showers and thunderstorms before 7am. Mostly sunny, with a high near 86."
55,2026-07-23T10:01:46Z,KMDW,Tuesday Night,2026-07-28T18:00:00-05:00,0,70.0,Partly Cloudy,"Partly cloudy, with a low around 70."
56,2026-07-23T10:01:46Z,KMDW,Wednesday,2026-07-29T06:00:00-05:00,1,82.0,Sunny,"Sunny, with a high near 82."
57,2026-07-23T10:01:46Z,KDFW,Overnight,2026-07-23T01:00:00-05:00,0,80.0,Clear,"Clear. Low around 80, with temperatures rising to around 83 overnight. East wind around 5 mph."
58,2026-07-23T10:01:46Z,KDFW,Thursday,2026-07-23T06:00:00-05:00,1,99.0,Sunny,"Sunny, with a high near 99. Heat index values as high as 106. East northeast wind 5 to 15 mph."
59,2026-07-23T10:01:46Z,KDFW,Thursday Night,2026-07-23T18:00:00-05:00,0,80.0,Mostly Clear,"Mostly clear. Low around 80, with temperatures rising to around 82 overnight. Heat index values as high as 106. East southeast wind 10 to 15 mph."
60,2026-07-23T10:01:46Z,KDFW,Friday,2026-07-24T06:00:00-05:00,1,98.0,Mostly Sunny,"Mostly sunny, with a high near 98. Heat index values as high as 107. South southeast wind 10 to 15 mph, with gusts as high as 25 mph."
61,2026-07-23T10:01:46Z,KDFW,Friday Night,2026-07-24T18:00:00-05:00,0,80.0,Mostly Clear,"Mostly clear. Low around 80, with temperatures rising to around 82 overnight. South wind 10 to 15 mph, with gusts as high as 25 mph."
62,2026-07-23T10:01:46Z,KDFW,Saturday,2026-07-25T06:00:00-05:00,1,100.0,Mostly Sunny,"Mostly sunny, with a high near 100. South southwest wind around 10 mph, with gusts as high as 20 mph."
63,2026-07-23T10:01:46Z,KDFW,Saturday Night,2026-07-25T18:00:00-05:00,0,81.0,Mostly Clear,"Mostly clear, with a low around 81. South wind around 10 mph."
64,2026-07-23T10:01:46Z,KDFW,Sunday,2026-07-26T06:00:00-05:00,1,102.0,Sunny,"Sunny, with a high near 102. South southwest wind around 10 mph."
65,2026-07-23T10:01:46Z,KDFW,Sunday Night,2026-07-26T18:00:00-05:00,0,82.0,Clear,"Clear, with a low around 82. South wind around 10 mph."
66,2026-07-23T10:01:46Z,KDFW,Monday,2026-07-27T06:00:00-05:00,1,102.0,Sunny,"Sunny, with a high near 102."
67,2026-07-23T10:01:46Z,KDFW,Monday Night,2026-07-27T18:00:00-05:00,0,82.0,Clear,"Clear, with a low around 82."
68,2026-07-23T10:01:46Z,KDFW,Tuesday,2026-07-28T06:00:00-05:00,1,102.0,Sunny,"Sunny, with a high near 102."
69,2026-07-23T10:01:46Z,KDFW,Tuesday Night,2026-07-28T18:00:00-05:00,0,82.0,Mostly Clear,"Mostly clear, with a low around 82."
70,2026-07-23T10:01:46Z,KDFW,Wednesday,2026-07-29T06:00:00-05:00,1,103.0,Sunny,"Sunny, with a high near 103."
71,2026-07-23T10:01:46Z,KDEN,Overnight,2026-07-23T01:00:00-06:00,0,66.0,Slight Chance Rain Showers,"A slight chance of rain showers before 3am. Mostly cloudy. Low around 66, with temperatures rising to around 70 overnight. South wind around 6 mph. Chance of precipitation is 20%."
72,2026-07-23T10:01:46Z,KDEN,Thursday,2026-07-23T06:00:00-06:00,1,89.0,Partly Sunny then Showers And Thunderstorms Likely,"Showers and thunderstorms likely after noon. Partly sunny. High near 89, with temperatures falling to around 83 in the afternoon. North wind 5 to 8 mph. Chance of precipitation is 60%. New rainfall amounts between a tenth and quarter of an inch possible."
73,2026-07-23T10:01:46Z,KDEN,Thursday Night,2026-07-23T18:00:00-06:00,0,64.0,Chance Showers And Thunderstorms then Partly Cloudy,"A chance of showers and thunderstorms before midnight. Partly cloudy. Low around 64, with temperatures rising to around 68 overnight. South wind 5 to 8 mph. Chance of precipitation is 40%."
74,2026-07-23T10:01:46Z,KDEN,Friday,2026-07-24T06:00:00-06:00,1,93.0,Sunny,"Sunny, with a high near 93. North northwest wind 2 to 6 mph, with gusts as high as 16 mph."
75,2026-07-23T10:01:46Z,KDEN,Friday Night,2026-07-24T18:00:00-06:00,0,67.0,Mostly Clear,"Mostly clear, with a low around 67. Southeast wind 5 to 8 mph."
76,2026-07-23T10:01:46Z,KDEN,Saturday,2026-07-25T06:00:00-06:00,1,97.0,Mostly Sunny then Slight Chance Showers And Thunderstorms,"A slight chance of showers and thunderstorms after noon. Mostly sunny, with a high near 97. Chance of precipitation is 20%."
77,2026-07-23T10:01:46Z,KDEN,Saturday Night,2026-07-25T18:00:00-06:00,0,69.0,Partly Cloudy,"Partly cloudy, with a low around 69."
78,2026-07-23T10:01:46Z,KDEN,Sunday,2026-07-26T06:00:00-06:00,1,99.0,Sunny,"Sunny, with a high near 99."
79,2026-07-23T10:01:46Z,KDEN,Sunday Night,2026-07-26T18:00:00-06:00,0,69.0,Slight Chance Showers And Thunderstorms then Partly Cloudy,"A slight chance of showers and thunderstorms before midnight. Partly cloudy, with a low around 69."
80,2026-07-23T10:01:46Z,KDEN,Monday,2026-07-27T06:00:00-06:00,1,97.0,Mostly Sunny then Chance Showers And Thunderstorms,"A chance of showers and thunderstorms after noon. Mostly sunny, with a high near 97."
81,2026-07-23T10:01:46Z,KDEN,Monday Night,2026-07-27T18:00:00-06:00,0,66.0,Chance Showers And Thunderstorms,"A chance of showers and thunderstorms. Mostly cloudy, with a low around 66."
82,2026-07-23T10:01:46Z,KDEN,Tuesday,2026-07-28T06:00:00-06:00,1,93.0,Partly Sunny then Showers And Thunderstorms Likely,"Showers and thunderstorms likely after noon. Partly sunny, with a high near 93."
83,2026-07-23T10:01:46Z,KDEN,Tuesday Night,2026-07-28T18:00:00-06:00,0,64.0,Showers And Thunderstorms Likely,"Showers and thunderstorms likely. Mostly cloudy, with a low around 64."
84,2026-07-23T10:01:46Z,KDEN,Wednesday,2026-07-29T06:00:00-06:00,1,91.0,Partly Sunny then Chance Showers And Thunderstorms,"A chance of showers and thunderstorms after noon. Partly sunny, with a high near 91."
85,2026-07-23T10:01:46Z,KIAH,Overnight,2026-07-23T04:00:00-05:00,0,83.0,Mostly Clear,"Mostly clear, with a low around 83. North wind around 5 mph."
86,2026-07-23T10:01:46Z,KIAH,Thursday,2026-07-23T06:00:00-05:00,1,94.0,Mostly Sunny then Chance Showers And Thunderstorms,"A chance of showers and thunderstorms after 1pm. Mostly sunny. High near 94, with temperatures falling to around 91 in the afternoon. Heat index values as high as 110. Northeast wind 5 to 25 mph, with gusts as high as 30 mph. Chance of precipitation is 50%. New rainfall amounts less than a tenth of an inch possible."
87,2026-07-23T10:01:46Z,KIAH,Thursday Night,2026-07-23T18:00:00-05:00,0,79.0,Chance Showers And Thunderstorms,"A chance of showers and thunderstorms before 1am. Partly cloudy, with a low around 79. Heat index values as high as 105. East wind 5 to 25 mph. Chance of precipitation is 40%. New rainfall amounts less than a tenth of an inch possible."
88,2026-07-23T10:01:46Z,KIAH,Friday,2026-07-24T06:00:00-05:00,1,95.0,Mostly Sunny,"Mostly sunny, with a high near 95. Heat index values as high as 107. South wind 5 to 10 mph."
89,2026-07-23T10:01:46Z,KIAH,Friday Night,2026-07-24T18:00:00-05:00,0,78.0,Mostly Clear,"Mostly clear, with a low around 78. South wind 5 to 10 mph."
90,2026-07-23T10:01:46Z,KIAH,Saturday,2026-07-25T06:00:00-05:00,1,97.0,Sunny,"Sunny, with a high near 97."
91,2026-07-23T10:01:46Z,KIAH,Saturday Night,2026-07-25T18:00:00-05:00,0,77.0,Mostly Clear,"Mostly clear, with a low around 77."
92,2026-07-23T10:01:46Z,KIAH,Sunday,2026-07-26T06:00:00-05:00,1,99.0,Sunny,"Sunny, with a high near 99."
93,2026-07-23T10:01:46Z,KIAH,Sunday Night,2026-07-26T18:00:00-05:00,0,79.0,Mostly Clear,"Mostly clear, with a low around 79."
94,2026-07-23T10:01:46Z,KIAH,Monday,2026-07-27T06:00:00-05:00,1,100.0,Sunny,"Sunny, with a high near 100."
95,2026-07-23T10:01:46Z,KIAH,Monday Night,2026-07-27T18:00:00-05:00,0,79.0,Mostly Clear,"Mostly clear, with a low around 79."
96,2026-07-23T10:01:46Z,KIAH,Tuesday,2026-07-28T06:00:00-05:00,1,101.0,Sunny,"Sunny, with a high near 101."
97,2026-07-23T10:01:46Z,KIAH,Tuesday Night,2026-07-28T18:00:00-05:00,0,80.0,Mostly Clear,"Mostly clear, with a low around 80."
98,2026-07-23T10:01:46Z,KIAH,Wednesday,2026-07-29T06:00:00-05:00,1,101.0,Sunny,"Sunny, with a high near 101."
99,2026-07-23T10:01:46Z,KLAS,Overnight,2026-07-23T00:00:00-07:00,0,88.0,Mostly Clear,"Mostly clear. Low around 88, with temperatures rising to around 91 overnight. Southwest wind around 5 mph."
100,2026-07-23T10:01:46Z,KLAS,Thursday,2026-07-23T06:00:00-07:00,1,110.0,Sunny,"Sunny, with a high near 110. Heat index values as high as 107. East southeast wind around 5 mph."
101,2026-07-23T10:01:46Z,KLAS,Thursday Night,2026-07-23T18:00:00-07:00,0,91.0,Mostly Clear,"Mostly clear. Low around 91, with temperatures rising to around 94 overnight. Heat index values as high as 107. South southwest wind around 5 mph."
102,2026-07-23T10:01:46Z,KLAS,Friday,2026-07-24T06:00:00-07:00,1,111.0,Sunny then Isolated Showers And Thunderstorms,"Isolated showers and thunderstorms between 3pm and 4pm. Sunny, with a high near 111. Heat index values as high as 108. South southeast wind 2 to 8 mph."
103,2026-07-23T10:01:46Z,KLAS,Friday Night,2026-07-24T18:00:00-07:00,0,91.0,Mostly Clear,"Mostly clear, with a low around 91. South southwest wind around 7 mph."
104,2026-07-23T10:01:46Z,KLAS,Saturday,2026-07-25T06:00:00-07:00,1,113.0,Sunny,"Sunny, with a high near 113."
105,2026-07-23T10:01:46Z,KLAS,Saturday Night,2026-07-25T18:00:00-07:00,0,91.0,Mostly Clear,"Mostly clear, with a low around 91."
106,2026-07-23T10:01:46Z,KLAS,Sunday,2026-07-26T06:00:00-07:00,1,113.0,Sunny,"Sunny, with a high near 113."
107,2026-07-23T10:01:46Z,KLAS,Sunday Night,2026-07-26T18:00:00-07:00,0,90.0,Partly Cloudy,"Partly cloudy, with a low around 90."
108,2026-07-23T10:01:46Z,KLAS,Monday,2026-07-27T06:00:00-07:00,1,110.0,Mostly Sunny,"Mostly sunny, with a high near 110."
109,2026-07-23T10:01:46Z,KLAS,Monday Night,2026-07-27T18:00:00-07:00,0,88.0,Partly Cloudy,"Partly cloudy, with a low around 88."
110,2026-07-23T10:01:46Z,KLAS,Tuesday,2026-07-28T06:00:00-07:00,1,109.0,Mostly Sunny,"Mostly sunny, with a high near 109."
111,2026-07-23T10:01:46Z,KLAS,Tuesday Night,2026-07-28T18:00:00-07:00,0,88.0,Partly Cloudy then Slight Chance Showers And Thunderstorms,"A slight chance of showers and thunderstorms after 5am. Partly cloudy, with a low around 88."
112,2026-07-23T10:01:46Z,KLAS,Wednesday,2026-07-29T06:00:00-07:00,1,108.0,Slight Chance Showers And Thunderstorms,"A slight chance of showers and thunderstorms before 5pm. Sunny, with a high near 108."
113,2026-07-23T10:01:46Z,KLAX,Overnight,2026-07-23T02:00:00-07:00,0,68.0,Mostly Clear,"Mostly clear, with a low around 68. South southwest wind around 5 mph."
114,2026-07-23T10:01:46Z,KLAX,Thursday,2026-07-23T06:00:00-07:00,1,81.0,Sunny,"Sunny, with a high near 81. West southwest wind 5 to 15 mph."
115,2026-07-23T10:01:46Z,KLAX,Thursday Night,2026-07-23T18:00:00-07:00,0,69.0,Partly Cloudy,"Partly cloudy, with a low around 69. South wind 5 to 10 mph."
116,2026-07-23T10:01:46Z,KLAX,Friday,2026-07-24T06:00:00-07:00,1,82.0,Mostly Sunny,"Mostly sunny, with a high near 82. South wind 5 to 10 mph."
117,2026-07-23T10:01:46Z,KLAX,Friday Night,2026-07-24T18:00:00-07:00,0,69.0,Mostly Cloudy,"Mostly cloudy, with a low around 69. South wind 5 to 10 mph."
118,2026-07-23T10:01:46Z,KLAX,Saturday,2026-07-25T06:00:00-07:00,1,82.0,Sunny,"Sunny, with a high near 82."
119,2026-07-23T10:01:46Z,KLAX,Saturday Night,2026-07-25T18:00:00-07:00,0,70.0,Partly Cloudy,"Partly cloudy, with a low around 70."
120,2026-07-23T10:01:46Z,KLAX,Sunday,2026-07-26T06:00:00-07:00,1,79.0,Mostly Sunny,"Mostly sunny, with a high near 79."
121,2026-07-23T10:01:46Z,KLAX,Sunday Night,2026-07-26T18:00:00-07:00,0,69.0,Partly Cloudy,"Partly cloudy, with a low around 69."
122,2026-07-23T10:01:46Z,KLAX,Monday,2026-07-27T06:00:00-07:00,1,78.0,Mostly Sunny,"Mostly sunny, with a high near 78."
123,2026-07-23T10:01:46Z,KLAX,Monday Night,2026-07-27T18:00:00-07:00,0,68.0,Partly Cloudy,"Partly cloudy, with a low around 68."
124,2026-07-23T10:01:46Z,KLAX,Tuesday,2026-07-28T06:00:00-07:00,1,76.0,Mostly Sunny,"Mostly sunny, with a high near 76."
125,2026-07-23T10:01:46Z,KLAX,Tuesday Night,2026-07-28T18:00:00-07:00,0,68.0,Partly Cloudy,"Partly cloudy, with a low around 68."
126,2026-07-23T10:01:46Z,KLAX,Wednesday,2026-07-29T06:00:00-07:00,1,77.0,Mostly Sunny,"Mostly sunny, with a high near 77."
127,2026-07-23T10:01:46Z,KMIA,Overnight,2026-07-23T04:00:00-04:00,0,81.0,Mostly Clear,"Mostly clear, with a low around 81. East wind around 7 mph."
128,2026-07-23T10:01:46Z,KMIA,Thursday,2026-07-23T06:00:00-04:00,1,93.0,Chance Showers And Thunderstorms,"A chance of showers and thunderstorms after 9am. Mostly sunny, with a high near 93. Heat index values as high as 101. East wind 7 to 15 mph, with gusts as high as 24 mph. Chance of precipitation is 30%. New rainfall amounts less than a tenth of an inch possible."
129,2026-07-23T10:01:46Z,KMIA,Thursday Night,2026-07-23T18:00:00-04:00,0,80.0,Chance Showers And Thunderstorms,"A chance of showers and thunderstorms. Mostly cloudy, with a low around 80. East wind 7 to 14 mph, with gusts as high as 22 mph. Chance of precipitation is 40%. New rainfall amounts between a tenth and quarter of an inch possible."
130,2026-07-23T10:01:46Z,KMIA,Friday,2026-07-24T06:00:00-04:00,1,92.0,Chance Showers And Thunderstorms,"A chance of showers and thunderstorms. Partly sunny, with a high near 92. Heat index values as high as 102. East wind 6 to 12 mph. Chance of precipitation is 50%."
131,2026-07-23T10:01:46Z,KMIA,Friday Night,2026-07-24T18:00:00-04:00,0,81.0,Chance Showers And Thunderstorms,"A chance of showers and thunderstorms. Partly cloudy, with a low around 81. Southeast wind 2 to 10 mph. Chance of precipitation is 40%."
132,2026-07-23T10:01:46Z,KMIA,Saturday,2026-07-25T06:00:00-04:00,1,93.0,Showers And Thunderstorms Likely,"Showers and thunderstorms likely. Mostly sunny, with a high near 93. Southeast wind 0 to 8 mph. Chance of precipitation is 60%."
133,2026-07-23T10:01:46Z,KMIA,Saturday Night,2026-07-25T18:00:00-04:00,0,80.0,Showers And Thunderstorms Likely then Chance Showers And Thunderstorms,"Showers and thunderstorms likely before 11pm, then a chance of showers and thunderstorms between 11pm and 2am. Partly cloudy, with a low around 80. South wind 0 to 7 mph. Chance of precipitation is 60%."
134,2026-07-23T10:01:46Z,KMIA,Sunday,2026-07-26T06:00:00-04:00,1,94.0,Showers And Thunderstorms Likely,"Showers and thunderstorms likely after 8am. Mostly sunny, with a high near 94. Southwest wind 3 to 9 mph. Chance of precipitation is 70%."
135,2026-07-23T10:01:46Z,KMIA,Sunday Night,2026-07-26T18:00:00-04:00,0,79.0,Showers And Thunderstorms Likely,"Showers and thunderstorms likely before 2am. Mostly cloudy, with a low around 79. Southwest wind around 8 mph. Chance of precipitation is 70%."
136,2026-07-23T10:01:46Z,KMIA,Monday,2026-07-27T06:00:00-04:00,1,93.0,Showers And Thunderstorms Likely,"Showers and thunderstorms likely after 8am. Mostly sunny, with a high near 93. Chance of precipitation is 70%."
137,2026-07-23T10:01:46Z,KMIA,Monday Night,2026-07-27T18:00:00-04:00,0,79.0,Showers And Thunderstorms Likely,"Showers and thunderstorms likely. Mostly cloudy, with a low around 79. Chance of precipitation is 70%."
138,2026-07-23T10:01:46Z,KMIA,Tuesday,2026-07-28T06:00:00-04:00,1,92.0,Showers And Thunderstorms Likely,"Showers and thunderstorms likely. Partly sunny, with a high near 92. Chance of precipitation is 60%."
139,2026-07-23T10:01:46Z,KMIA,Tuesday Night,2026-07-28T18:00:00-04:00,0,79.0,Showers And Thunderstorms Likely,"Showers and thunderstorms likely before 2am. Mostly cloudy, with a low around 79. Chance of precipitation is 60%."
140,2026-07-23T10:01:46Z,KMIA,Wednesday,2026-07-29T06:00:00-04:00,1,94.0,Chance Showers And Thunderstorms,"A chance of showers and thunderstorms after 8am. Mostly sunny, with a high near 94."
141,2026-07-23T10:01:46Z,KMSP,Overnight,2026-07-23T04:00:00-05:00,0,55.0,Clear,"Clear. Low around 55, with temperatures rising to around 58 overnight. South wind 0 to 5 mph."
142,2026-07-23T10:01:46Z,KMSP,Thursday,2026-07-23T06:00:00-05:00,1,81.0,Sunny,"Sunny, with a high near 81. South southwest wind 5 to 10 mph."
143,2026-07-23T10:01:46Z,KMSP,Thursday Night,2026-07-23T18:00:00-05:00,0,65.0,Partly Cloudy,"Partly cloudy, with a low around 65. South wind around 10 mph."
144,2026-07-23T10:01:46Z,KMSP,Friday,2026-07-24T06:00:00-05:00,1,83.0,Mostly Sunny,"Mostly sunny, with a high near 83. South southwest wind 10 to 15 mph, with gusts as high as 25 mph."
145,2026-07-23T10:01:46Z,KMSP,Friday Night,2026-07-24T18:00:00-05:00,0,68.0,Partly Cloudy,"Partly cloudy, with a low around 68. South southwest wind around 15 mph, with gusts as high as 25 mph."
146,2026-07-23T10:01:46Z,KMSP,Saturday,2026-07-25T06:00:00-05:00,1,93.0,Sunny,"Sunny, with a high near 93. West southwest wind around 10 mph."
147,2026-07-23T10:01:46Z,KMSP,Saturday Night,2026-07-25T18:00:00-05:00,0,73.0,Mostly Clear,"Mostly clear, with a low around 73. South southwest wind 5 to 10 mph."
148,2026-07-23T10:01:46Z,KMSP,Sunday,2026-07-26T06:00:00-05:00,1,95.0,Mostly Sunny,"Mostly sunny, with a high near 95. South wind 10 to 15 mph."
149,2026-07-23T10:01:46Z,KMSP,Sunday Night,2026-07-26T18:00:00-05:00,0,74.0,Chance Showers And Thunderstorms,"A chance of showers and thunderstorms after 7pm. Partly cloudy, with a low around 74. South southwest wind 10 to 15 mph. Chance of precipitation is 40%."
150,2026-07-23T10:01:46Z,KMSP,Monday,2026-07-27T06:00:00-05:00,1,95.0,Slight Chance Showers And Thunderstorms then Sunny,"A slight chance of showers and thunderstorms before 7am. Sunny, with a high near 95. West northwest wind 5 to 10 mph. Chance of precipitation is 20%."
151,2026-07-23T10:01:46Z,KMSP,Monday Night,2026-07-27T18:00:00-05:00,0,71.0,Mostly Clear,"Mostly clear, with a low around 71. North northeast wind 0 to 10 mph."
152,2026-07-23T10:01:46Z,KMSP,Tuesday,2026-07-28T06:00:00-05:00,1,91.0,Sunny,"Sunny, with a high near 91. North northeast wind 0 to 5 mph."
153,2026-07-23T10:01:46Z,KMSP,Tuesday Night,2026-07-28T18:00:00-05:00,0,70.0,Mostly Clear,"Mostly clear, with a low around 70. East wind 0 to 10 mph."
154,2026-07-23T10:01:46Z,KMSP,Wednesday,2026-07-29T06:00:00-05:00,1,91.0,Sunny,"Sunny, with a high near 91. East northeast wind 0 to 10 mph."
155,2026-07-23T10:01:46Z,KMSY,Overnight,2026-07-23T04:00:00-05:00,0,80.0,Chance Showers And Thunderstorms,"A chance of showers and thunderstorms before 5am, then a slight chance of showers and thunderstorms. Mostly cloudy, with a low around 80. Southeast wind around 15 mph, with gusts as high as 25 mph. Chance of precipitation is 30%. New rainfall amounts less than a tenth of an inch possible."
156,2026-07-23T10:01:46Z,KMSY,Thursday,2026-07-23T06:00:00-05:00,1,91.0,Chance Showers And Thunderstorms,"A chance of showers and thunderstorms before 10am, then a chance of showers and thunderstorms between 10am and 4pm. Mostly sunny, with a high near 91. South wind around 15 mph, with gusts as high as 30 mph. Chance of precipitation is 30%. New rainfall amounts between a quarter and half of an inch possible."
157,2026-07-23T10:01:46Z,KMSY,Thursday Night,2026-07-23T18:00:00-05:00,0,78.0,Mostly Clear,"Mostly clear, with a low around 78. South wind 5 to 15 mph. New rainfall amounts between a tenth and quarter of an inch possible."
158,2026-07-23T10:01:46Z,KMSY,Friday,2026-07-24T06:00:00-05:00,1,94.0,Mostly Sunny,"Mostly sunny, with a high near 94. Southeast wind 5 to 10 mph."
159,2026-07-23T10:01:46Z,KMSY,Friday Night,2026-07-24T18:00:00-05:00,0,77.0,Mostly Clear,"Mostly clear, with a low around 77. Southwest wind 5 to 10 mph."
160,2026-07-23T10:01:46Z,KMSY,Saturday,2026-07-25T06:00:00-05:00,1,95.0,Sunny,"Sunny, with a high near 95. Northwest wind 0 to 5 mph."
161,2026-07-23T10:01:46Z,KMSY,Saturday Night,2026-07-25T18:00:00-05:00,0,78.0,Partly Cloudy,"Partly cloudy, with a low around 78. Southwest wind 5 to 10 mph."
162,2026-07-23T10:01:46Z,KMSY,Sunday,2026-07-26T06:00:00-05:00,1,97.0,Sunny,"Sunny, with a high near 97. West wind around 10 mph."
163,2026-07-23T10:01:46Z,KMSY,Sunday Night,2026-07-26T18:00:00-05:00,0,79.0,Mostly Clear,"Mostly clear, with a low around 79. West wind around 10 mph."
164,2026-07-23T10:01:46Z,KMSY,Monday,2026-07-27T06:00:00-05:00,1,98.0,Sunny,"Sunny, with a high near 98. West wind around 10 mph."
165,2026-07-23T10:01:46Z,KMSY,Monday Night,2026-07-27T18:00:00-05:00,0,80.0,Mostly Clear,"Mostly clear, with a low around 80. West wind around 10 mph."
166,2026-07-23T10:01:46Z,KMSY,Tuesday,2026-07-28T06:00:00-05:00,1,99.0,Sunny,"Sunny, with a high near 99. West wind around 10 mph."
167,2026-07-23T10:01:46Z,KMSY,Tuesday Night,2026-07-28T18:00:00-05:00,0,80.0,Mostly Clear,"Mostly clear, with a low around 80. Southwest wind around 10 mph."
168,2026-07-23T10:01:46Z,KMSY,Wednesday,2026-07-29T06:00:00-05:00,1,99.0,Sunny,"Sunny, with a high near 99. West wind around 10 mph."
169,2026-07-23T10:01:46Z,KNYC,Overnight,2026-07-23T03:00:00-04:00,0,65.0,Partly Cloudy,"Partly cloudy. Low around 65, with temperatures rising to around 67 overnight. North wind around 6 mph."
170,2026-07-23T10:01:46Z,KNYC,Thursday,2026-07-23T06:00:00-04:00,1,80.0,Sunny,"Sunny, with a high near 80. North wind 0 to 6 mph."
171,2026-07-23T10:01:46Z,KNYC,Thursday Night,2026-07-23T18:00:00-04:00,0,65.0,Mostly Clear,"Mostly clear, with a low around 65. Wind around 0 mph."
172,2026-07-23T10:01:46Z,KNYC,Friday,2026-07-24T06:00:00-04:00,1,82.0,Sunny,"Sunny, with a high near 82. East wind 0 to 6 mph."
173,2026-07-23T10:01:46Z,KNYC,Friday Night,2026-07-24T18:00:00-04:00,0,66.0,Mostly Clear,"Mostly clear, with a low around 66. Southeast wind 0 to 6 mph."
174,2026-07-23T10:01:46Z,KNYC,Saturday,2026-07-25T06:00:00-04:00,1,81.0,Sunny,"Sunny, with a high near 81."
175,2026-07-23T10:01:46Z,KNYC,Saturday Night,2026-07-25T18:00:00-04:00,0,66.0,Partly Cloudy,"Partly cloudy, with a low around 66."
176,2026-07-23T10:01:46Z,KNYC,Sunday,2026-07-26T06:00:00-04:00,1,82.0,Mostly Sunny,"Mostly sunny, with a high near 82."
177,2026-07-23T10:01:46Z,KNYC,Sunday Night,2026-07-26T18:00:00-04:00,0,68.0,Partly Cloudy,"Partly cloudy, with a low around 68."
178,2026-07-23T10:01:46Z,KNYC,Monday,2026-07-27T06:00:00-04:00,1,85.0,Mostly Sunny then Slight Chance Showers And Thunderstorms,"A slight chance of showers and thunderstorms after 2pm. Mostly sunny, with a high near 85."
179,2026-07-23T10:01:46Z,KNYC,Monday Night,2026-07-27T18:00:00-04:00,0,71.0,Slight Chance Showers And Thunderstorms then Chance Showers And Thunderstorms,"A slight chance of showers and thunderstorms before 8pm, then a chance of showers and thunderstorms. Mostly cloudy, with a low around 71. Chance of precipitation is 40%."
180,2026-07-23T10:01:46Z,KNYC,Tuesday,2026-07-28T06:00:00-04:00,1,85.0,Showers And Thunderstorms Likely,"A chance of rain showers before 2pm, then showers and thunderstorms likely. Partly sunny, with a high near 85. Chance of precipitation is 60%."
181,2026-07-23T10:01:46Z,KNYC,Tuesday Night,2026-07-28T18:00:00-04:00,0,70.0,Showers And Thunderstorms Likely,"Showers and thunderstorms likely. Mostly cloudy, with a low around 70. Chance of precipitation is 60%."
182,2026-07-23T10:01:46Z,KNYC,Wednesday,2026-07-29T06:00:00-04:00,1,81.0,Chance Rain Showers,"A chance of rain showers before 2pm, then a chance of showers and thunderstorms. Partly sunny, with a high near 81."
183,2026-07-23T10:01:46Z,KOKC,Overnight,2026-07-23T02:00:00-05:00,0,72.0,Clear,"Clear, with a low around 72. East wind around 9 mph."
184,2026-07-23T10:01:46Z,KOKC,Thursday,2026-07-23T06:00:00-05:00,1,96.0,Sunny,"Sunny, with a high near 96. Heat index values as high as 98. East southeast wind 8 to 14 mph, with gusts as high as 21 mph."
185,2026-07-23T10:01:46Z,KOKC,Thursday Night,2026-07-23T18:00:00-05:00,0,75.0,Mostly Clear,"Mostly clear, with a low around 75. South southeast wind 12 to 15 mph, with gusts as high as 23 mph."
186,2026-07-23T10:01:46Z,KOKC,Friday,2026-07-24T06:00:00-05:00,1,97.0,Partly Sunny,"Partly sunny, with a high near 97. Heat index values as high as 104. South wind 12 to 16 mph, with gusts as high as 24 mph."
187,2026-07-23T10:01:46Z,KOKC,Friday Night,2026-07-24T18:00:00-05:00,0,77.0,Partly Cloudy then Slight Chance Showers And Thunderstorms,"A slight chance of showers and thunderstorms after 1am. Partly cloudy, with a low around 77. South wind 13 to 16 mph, with gusts as high as 24 mph. Chance of precipitation is 20%."
188,2026-07-23T10:01:46Z,KOKC,Saturday,2026-07-25T06:00:00-05:00,1,99.0,Slight Chance Showers And Thunderstorms,"A slight chance of showers and thunderstorms before 1pm. Mostly sunny, with a high near 99. Chance of precipitation is 20%."
189,2026-07-23T10:01:46Z,KOKC,Saturday Night,2026-07-25T18:00:00-05:00,0,78.0,Mostly Clear,"Mostly clear, with a low around 78."
190,2026-07-23T10:01:46Z,KOKC,Sunday,2026-07-26T06:00:00-05:00,1,102.0,Sunny,"Sunny, with a high near 102."
191,2026-07-23T10:01:46Z,KOKC,Sunday Night,2026-07-26T18:00:00-05:00,0,78.0,Clear,"Clear, with a low around 78."
192,2026-07-23T10:01:46Z,KOKC,Monday,2026-07-27T06:00:00-05:00,1,103.0,Sunny,"Sunny, with a high near 103."
193,2026-07-23T10:01:46Z,KOKC,Monday Night,2026-07-27T18:00:00-05:00,0,78.0,Clear,"Clear, with a low around 78."
194,2026-07-23T10:01:46Z,KOKC,Tuesday,2026-07-28T06:00:00-05:00,1,103.0,Sunny,"Sunny, with a high near 103."
195,2026-07-23T10:01:46Z,KOKC,Tuesday Night,2026-07-28T18:00:00-05:00,0,78.0,Mostly Clear,"Mostly clear, with a low around 78."
196,2026-07-23T10:01:46Z,KOKC,Wednesday,2026-07-29T06:00:00-05:00,1,102.0,Sunny,"Sunny, with a high near 102."
197,2026-07-23T10:01:46Z,KPHL,Today,2026-07-23T06:00:00-04:00,1,83.0,Sunny,"Sunny, with a high near 83. Northeast wind 5 to 10 mph."
198,2026-07-23T10:01:46Z,KPHL,Tonight,2026-07-23T18:00:00-04:00,0,64.0,Mostly Clear,"Mostly clear, with a low around 64. East wind 0 to 5 mph."
199,2026-07-23T10:01:46Z,KPHL,Friday,2026-07-24T06:00:00-04:00,1,85.0,Mostly Sunny,"Mostly sunny, with a high near 85. East wind 0 to 5 mph."
200,2026-07-23T10:01:46Z,KPHL,Friday Night,2026-07-24T18:00:00-04:00,0,64.0,Partly Cloudy,"Partly cloudy, with a low around 64. East wind 0 to 5 mph."
201,2026-07-23T10:01:46Z,KPHL,Saturday,2026-07-25T06:00:00-04:00,1,84.0,Sunny,"Sunny, with a high near 84. East wind 5 to 10 mph."
202,2026-07-23T10:01:46Z,KPHL,Saturday Night,2026-07-25T18:00:00-04:00,0,65.0,Partly Cloudy,"Partly cloudy, with a low around 65."
203,2026-07-23T10:01:46Z,KPHL,Sunday,2026-07-26T06:00:00-04:00,1,85.0,Sunny,"Sunny, with a high near 85."
204,2026-07-23T10:01:46Z,KPHL,Sunday Night,2026-07-26T18:00:00-04:00,0,67.0,Partly Cloudy,"Partly cloudy, with a low around 67."
205,2026-07-23T10:01:46Z,KPHL,Monday,2026-07-27T06:00:00-04:00,1,88.0,Mostly Sunny then Slight Chance Showers And Thunderstorms,"A slight chance of showers and thunderstorms after 2pm. Mostly sunny, with a high near 88."
206,2026-07-23T10:01:46Z,KPHL,Monday Night,2026-07-27T18:00:00-04:00,0,70.0,Slight Chance Showers And Thunderstorms then Chance Showers And Thunderstorms,"A slight chance of showers and thunderstorms before 8pm, then a chance of showers and thunderstorms. Partly cloudy, with a low around 70. Chance of precipitation is 40%."
207,2026-07-23T10:01:46Z,KPHL,Tuesday,2026-07-28T06:00:00-04:00,1,87.0,Showers And Thunderstorms Likely,"A chance of rain showers before 2pm, then showers and thunderstorms likely. Partly sunny, with a high near 87. Chance of precipitation is 60%."
208,2026-07-23T10:01:46Z,KPHL,Tuesday Night,2026-07-28T18:00:00-04:00,0,69.0,Showers And Thunderstorms Likely,"Showers and thunderstorms likely. Mostly cloudy, with a low around 69. Chance of precipitation is 60%."
209,2026-07-23T10:01:46Z,KPHL,Wednesday,2026-07-29T06:00:00-04:00,1,84.0,Chance Rain Showers,"A chance of rain showers before 2pm, then a chance of showers and thunderstorms. Partly sunny, with a high near 84. Chance of precipitation is 30%."
210,2026-07-23T10:01:46Z,KPHL,Wednesday Night,2026-07-29T18:00:00-04:00,0,69.0,Chance Showers And Thunderstorms then Slight Chance Showers And Thunderstorms,"A chance of showers and thunderstorms before 8pm, then a slight chance of showers and thunderstorms between 8pm and 2am. Partly cloudy, with a low around 69."
211,2026-07-23T10:01:46Z,KPHX,Overnight,2026-07-23T03:00:00-07:00,0,89.0,Mostly Clear,"Mostly clear. Low around 89, with temperatures rising to around 91 overnight. East wind around 5 mph."
212,2026-07-23T10:01:46Z,KPHX,Thursday,2026-07-23T06:00:00-07:00,1,111.0,Sunny,"Sunny. High near 111, with temperatures falling to around 109 in the afternoon. Heat index values as high as 113. Southeast wind around 5 mph."
213,2026-07-23T10:01:46Z,KPHX,Thursday Night,2026-07-23T18:00:00-07:00,0,93.0,Mostly Clear,"Mostly clear, with a low around 93. Heat index values as high as 110. South southwest wind around 5 mph."
214,2026-07-23T10:01:46Z,KPHX,Friday,2026-07-24T06:00:00-07:00,1,114.0,Sunny,"Sunny, with a high near 114. Heat index values as high as 115. South wind 0 to 10 mph."
215,2026-07-23T10:01:46Z,KPHX,Friday Night,2026-07-24T18:00:00-07:00,0,94.0,Mostly Clear,"Mostly clear, with a low around 94. West northwest wind 5 to 10 mph."
216,2026-07-23T10:01:46Z,KPHX,Saturday,2026-07-25T06:00:00-07:00,1,116.0,Sunny,"Sunny, with a high near 116. South southeast wind 5 to 10 mph."
217,2026-07-23T10:01:46Z,KPHX,Saturday Night,2026-07-25T18:00:00-07:00,0,93.0,Mostly Cloudy,"Mostly cloudy, with a low around 93. Southeast wind 10 to 15 mph."
218,2026-07-23T10:01:46Z,KPHX,Sunday,2026-07-26T06:00:00-07:00,1,111.0,Mostly Sunny then Slight Chance Showers And Thunderstorms,"A slight chance of showers and thunderstorms after 5pm. Mostly sunny, with a high near 111. West southwest wind around 10 mph, with gusts as high as 20 mph. Chance of precipitation is 20%."
219,2026-07-23T10:01:46Z,KPHX,Sunday Night,2026-07-26T18:00:00-07:00,0,90.0,Slight Chance Showers And Thunderstorms,"A slight chance of showers and thunderstorms before 5am. Mostly cloudy, with a low around 90. West southwest wind 5 to 10 mph. Chance of precipitation is 20%."
220,2026-07-23T10:01:46Z,KPHX,Monday,2026-07-27T06:00:00-07:00,1,107.0,Partly Sunny then Slight Chance Showers And Thunderstorms,"A slight chance of showers and thunderstorms after 5pm. Partly sunny, with a high near 107. West southwest wind around 5 mph. Chance of precipitation is 20%."
221,2026-07-23T10:01:46Z,KPHX,Monday Night,2026-07-27T18:00:00-07:00,0,89.0,Slight Chance Showers And Thunderstorms,"A slight chance of showers and thunderstorms before 5am. Mostly cloudy, with a low around 89. Southwest wind around 5 mph. Chance of precipitation is 20%."
222,2026-07-23T10:01:46Z,KPHX,Tuesday,2026-07-28T06:00:00-07:00,1,107.0,Mostly Sunny,"Mostly sunny, with a high near 107. Southwest wind around 5 mph."
223,2026-07-23T10:01:46Z,KPHX,Tuesday Night,2026-07-28T18:00:00-07:00,0,89.0,Partly Cloudy,"Partly cloudy, with a low around 89. West wind 0 to 5 mph."
224,2026-07-23T10:01:46Z,KPHX,Wednesday,2026-07-29T06:00:00-07:00,1,109.0,Mostly Sunny,"Mostly sunny, with a high near 109. South wind 0 to 5 mph."
225,2026-07-23T10:01:46Z,KSAT,Overnight,2026-07-23T04:00:00-05:00,0,82.0,Partly Cloudy,"Partly cloudy, with a low around 82. North northwest wind around 5 mph."
226,2026-07-23T10:01:46Z,KSAT,Thursday,2026-07-23T06:00:00-05:00,1,101.0,Sunny,"Sunny, with a high near 101. Heat index values as high as 108. North northeast wind 5 to 15 mph, with gusts as high as 25 mph."
227,2026-07-23T10:01:46Z,KSAT,Thursday Night,2026-07-23T18:00:00-05:00,0,80.0,Chance Rain Showers,"A chance of rain showers after 10pm. Mostly cloudy, with a low around 80. Heat index values as high as 106. Northeast wind 5 to 15 mph, with gusts as high as 25 mph. Chance of precipitation is 30%. New rainfall amounts less than a tenth of an inch possible."
228,2026-07-23T10:01:46Z,KSAT,Friday,2026-07-24T06:00:00-05:00,1,95.0,Slight Chance Rain Showers then Mostly Sunny,"A slight chance of rain showers before 7am. Mostly sunny, with a high near 95. Heat index values as high as 101. Southeast wind 5 to 15 mph, with gusts as high as 25 mph. Chance of precipitation is 20%."
229,2026-07-23T10:01:46Z,KSAT,Friday Night,2026-07-24T18:00:00-05:00,0,77.0,Partly Cloudy,"Partly cloudy, with a low around 77. South southeast wind 5 to 15 mph, with gusts as high as 25 mph."
230,2026-07-23T10:01:46Z,KSAT,Saturday,2026-07-25T06:00:00-05:00,1,97.0,Mostly Sunny,"Mostly sunny, with a high near 97. South southeast wind 5 to 10 mph."
231,2026-07-23T10:01:46Z,KSAT,Saturday Night,2026-07-25T18:00:00-05:00,0,76.0,Mostly Clear,"Mostly clear, with a low around 76. South southeast wind 5 to 10 mph, with gusts as high as 20 mph."
232,2026-07-23T10:01:46Z,KSAT,Sunday,2026-07-26T06:00:00-05:00,1,96.0,Sunny,"Sunny, with a high near 96. South wind around 5 mph."
233,2026-07-23T10:01:46Z,KSAT,Sunday Night,2026-07-26T18:00:00-05:00,0,76.0,Mostly Clear,"Mostly clear, with a low around 76. South southeast wind 5 to 10 mph."
234,2026-07-23T10:01:46Z,KSAT,Monday,2026-07-27T06:00:00-05:00,1,97.0,Sunny,"Sunny, with a high near 97."
235,2026-07-23T10:01:46Z,KSAT,Monday Night,2026-07-27T18:00:00-05:00,0,76.0,Clear,"Clear, with a low around 76."
236,2026-07-23T10:01:46Z,KSAT,Tuesday,2026-07-28T06:00:00-05:00,1,99.0,Sunny,"Sunny, with a high near 99."
237,2026-07-23T10:01:46Z,KSAT,Tuesday Night,2026-07-28T18:00:00-05:00,0,77.0,Clear,"Clear, with a low around 77."
238,2026-07-23T10:01:46Z,KSAT,Wednesday,2026-07-29T06:00:00-05:00,1,99.0,Sunny,"Sunny, with a high near 99."
239,2026-07-23T10:01:46Z,KSFO,Overnight,2026-07-23T02:00:00-07:00,0,59.0,Mostly Cloudy,"Mostly cloudy, with a low around 59. West wind around 9 mph."
240,2026-07-23T10:01:46Z,KSFO,Thursday,2026-07-23T06:00:00-07:00,1,70.0,Partly Sunny,"Partly sunny, with a high near 70. West wind 9 to 22 mph, with gusts as high as 30 mph."
241,2026-07-23T10:01:46Z,KSFO,Thursday Night,2026-07-23T18:00:00-07:00,0,58.0,Partly Cloudy,"Partly cloudy, with a low around 58. West wind 13 to 22 mph, with gusts as high as 29 mph."
242,2026-07-23T10:01:46Z,KSFO,Friday,2026-07-24T06:00:00-07:00,1,70.0,Mostly Sunny,"Mostly sunny, with a high near 70. West wind 13 to 23 mph, with gusts as high as 30 mph."
243,2026-07-23T10:01:46Z,KSFO,Friday Night,2026-07-24T18:00:00-07:00,0,58.0,Partly Cloudy,"Partly cloudy, with a low around 58. West wind 14 to 23 mph, with gusts as high as 30 mph."
244,2026-07-23T10:01:46Z,KSFO,Saturday,2026-07-25T06:00:00-07:00,1,72.0,Sunny,"Sunny, with a high near 72."
245,2026-07-23T10:01:46Z,KSFO,Saturday Night,2026-07-25T18:00:00-07:00,0,58.0,Mostly Clear,"Mostly clear, with a low around 58."
246,2026-07-23T10:01:46Z,KSFO,Sunday,2026-07-26T06:00:00-07:00,1,72.0,Mostly Sunny,"Mostly sunny, with a high near 72."
247,2026-07-23T10:01:46Z,KSFO,Sunday Night,2026-07-26T18:00:00-07:00,0,58.0,Mostly Clear,"Mostly clear, with a low around 58."
248,2026-07-23T10:01:46Z,KSFO,Monday,2026-07-27T06:00:00-07:00,1,69.0,Sunny,"Sunny, with a high near 69."
249,2026-07-23T10:01:46Z,KSFO,Monday Night,2026-07-27T18:00:00-07:00,0,58.0,Mostly Clear,"Mostly clear, with a low around 58."
250,2026-07-23T10:01:46Z,KSFO,Tuesday,2026-07-28T06:00:00-07:00,1,69.0,Sunny,"Sunny, with a high near 69."
251,2026-07-23T10:01:46Z,KSFO,Tuesday Night,2026-07-28T18:00:00-07:00,0,58.0,Mostly Clear,"Mostly clear, with a low around 58."
252,2026-07-23T10:01:46Z,KSFO,Wednesday,2026-07-29T06:00:00-07:00,1,68.0,Sunny,"Sunny, with a high near 68."
253,2026-07-23T10:01:46Z,KSEA,Tonight,2026-07-22T23:00:00-07:00,0,64.0,Chance Light Rain,"A chance of rain. Mostly cloudy. Low around 64, with temperatures rising to around 66 overnight. South southwest wind around 13 mph. Chance of precipitation is 40%. New rainfall amounts less than a tenth of an inch possible."
254,2026-07-23T10:01:46Z,KSEA,Thursday,2026-07-23T06:00:00-07:00,1,79.0,Chance Light Rain then Partly Sunny,"A chance of rain before 11am. Partly sunny, with a high near 79. Southwest wind around 10 mph. Chance of precipitation is 30%. New rainfall amounts less than a tenth of an inch possible."
255,2026-07-23T10:01:46Z,KSEA,Thursday Night,2026-07-23T18:00:00-07:00,0,61.0,Partly Cloudy,"Partly cloudy, with a low around 61. South southwest wind 2 to 8 mph."
256,2026-07-23T10:01:46Z,KSEA,Friday,2026-07-24T06:00:00-07:00,1,84.0,Mostly Sunny,"Mostly sunny, with a high near 84. West southwest wind 3 to 8 mph."
257,2026-07-23T10:01:46Z,KSEA,Friday Night,2026-07-24T18:00:00-07:00,0,60.0,Mostly Clear,"Mostly clear, with a low around 60. West southwest wind 8 to 12 mph."
258,2026-07-23T10:01:46Z,KSEA,Saturday,2026-07-25T06:00:00-07:00,1,74.0,Partly Sunny,"Partly sunny, with a high near 74."
259,2026-07-23T10:01:46Z,KSEA,Saturday Night,2026-07-25T18:00:00-07:00,0,59.0,Mostly Cloudy,"Mostly cloudy, with a low around 59."
260,2026-07-23T10:01:46Z,KSEA,Sunday,2026-07-26T06:00:00-07:00,1,75.0,Slight Chance Light Rain,"A slight chance of rain between 11am and 5pm. Partly sunny, with a high near 75."
261,2026-07-23T10:01:46Z,KSEA,Sunday Night,2026-07-26T18:00:00-07:00,0,58.0,Mostly Cloudy,"Mostly cloudy, with a low around 58."
262,2026-07-23T10:01:46Z,KSEA,Monday,2026-07-27T06:00:00-07:00,1,76.0,Mostly Sunny,"Mostly sunny, with a high near 76."
263,2026-07-23T10:01:46Z,KSEA,Monday Night,2026-07-27T18:00:00-07:00,0,58.0,Partly Cloudy,"Partly cloudy, with a low around 58."
264,2026-07-23T10:01:46Z,KSEA,Tuesday,2026-07-28T06:00:00-07:00,1,77.0,Mostly Sunny,"Mostly sunny, with a high near 77."
265,2026-07-23T10:01:46Z,KSEA,Tuesday Night,2026-07-28T18:00:00-07:00,0,57.0,Partly Cloudy,"Partly cloudy, with a low around 57."
266,2026-07-23T10:01:46Z,KSEA,Wednesday,2026-07-29T06:00:00-07:00,1,77.0,Mostly Sunny,"Mostly sunny, with a high near 77."
267,2026-07-23T10:01:46Z,KDCA,Overnight,2026-07-23T05:00:00-04:00,0,68.0,Mostly Cloudy,"Mostly cloudy, with a low around 68. North wind around 10 mph."
268,2026-07-23T10:01:46Z,KDCA,Thursday,2026-07-23T06:00:00-04:00,1,82.0,Mostly Sunny,"Mostly sunny, with a high near 82. North wind 7 to 10 mph."
269,2026-07-23T10:01:46Z,KDCA,Thursday Night,2026-07-23T18:00:00-04:00,0,64.0,Mostly Clear,"Mostly clear, with a low around 64. Northeast wind 0 to 7 mph."
270,2026-07-23T10:01:46Z,KDCA,Friday,2026-07-24T06:00:00-04:00,1,83.0,Mostly Sunny,"Mostly sunny, with a high near 83. Northeast wind 3 to 10 mph."
271,2026-07-23T10:01:46Z,KDCA,Friday Night,2026-07-24T18:00:00-04:00,0,67.0,Mostly Cloudy,"Mostly cloudy, with a low around 67. East wind 5 to 10 mph."
272,2026-07-23T10:01:46Z,KDCA,Saturday,2026-07-25T06:00:00-04:00,1,83.0,Partly Sunny,"Partly sunny, with a high near 83."
273,2026-07-23T10:01:46Z,KDCA,Saturday Night,2026-07-25T18:00:00-04:00,0,68.0,Partly Cloudy,"Partly cloudy, with a low around 68."
274,2026-07-23T10:01:46Z,KDCA,Sunday,2026-07-26T06:00:00-04:00,1,85.0,Mostly Sunny,"Mostly sunny, with a high near 85."
275,2026-07-23T10:01:46Z,KDCA,Sunday Night,2026-07-26T18:00:00-04:00,0,70.0,Slight Chance Showers And Thunderstorms,"A slight chance of showers and thunderstorms between 8pm and 2am. Partly cloudy, with a low around 70. Chance of precipitation is 20%."
276,2026-07-23T10:01:46Z,KDCA,Monday,2026-07-27T06:00:00-04:00,1,90.0,Mostly Sunny then Slight Chance Showers And Thunderstorms,"A slight chance of showers and thunderstorms after 2pm. Mostly sunny, with a high near 90. Chance of precipitation is 20%."
277,2026-07-23T10:01:46Z,KDCA,Monday Night,2026-07-27T18:00:00-04:00,0,73.0,Chance Showers And Thunderstorms,"A chance of showers and thunderstorms. Partly cloudy, with a low around 73. Chance of precipitation is 40%."
278,2026-07-23T10:01:46Z,KDCA,Tuesday,2026-07-28T06:00:00-04:00,1,90.0,Showers And Thunderstorms Likely,"A chance of rain showers before 2pm, then showers and thunderstorms likely. Partly sunny, with a high near 90. Chance of precipitation is 60%."
279,2026-07-23T10:01:46Z,KDCA,Tuesday Night,2026-07-28T18:00:00-04:00,0,72.0,Showers And Thunderstorms Likely,"Showers and thunderstorms likely. Mostly cloudy, with a low around 72. Chance of precipitation is 60%."
280,2026-07-23T10:01:46Z,KDCA,Wednesday,2026-07-29T06:00:00-04:00,1,86.0,Slight Chance Rain Showers then Slight Chance Showers And Thunderstorms,"A slight chance of rain showers before 8am, then a slight chance of showers and thunderstorms. Mostly sunny, with a high near 86."
1,2026-07-23T11:56:52Z,KATL,Today,2026-07-23T06:00:00-04:00,1,91.0,Partly Sunny then Chance Showers And Thunderstorms,"A chance of showers and thunderstorms after 2pm. Partly sunny, with a high near 91. Heat index values as high as 97. Southwest wind 5 to 10 mph, with gusts as high as 20 mph. Chance of precipitation is 30%."
2,2026-07-23T11:56:52Z,KATL,Tonight,2026-07-23T18:00:00-04:00,0,75.0,Chance Showers And Thunderstorms,"A chance of showers and thunderstorms before 2am, then a chance of showers and thunderstorms between 2am and 3am, then a slight chance of showers and thunderstorms between 3am and 4am, then a chance of showers and thunderstorms. Mostly cloudy, with a low around 75. West wind 0 to 5 mph. Chance of precipitation is 40%."
3,2026-07-23T11:56:52Z,KATL,Friday,2026-07-24T06:00:00-04:00,1,88.0,Chance Showers And Thunderstorms then Showers And Thunderstorms Likely,"A chance of showers and thunderstorms before 11am, then showers and thunderstorms likely. Partly sunny. High near 88, with temperatures falling to around 84 in the afternoon. Southwest wind 0 to 5 mph. Chance of precipitation is 70%. New rainfall amounts between a half and three quarters of an inch possible."
4,2026-07-23T11:56:52Z,KATL,Friday Night,2026-07-24T18:00:00-04:00,0,74.0,Showers And Thunderstorms Likely then Chance Showers And Thunderstorms,"Showers and thunderstorms likely before 11pm, then a chance of showers and thunderstorms between 11pm and 2am. Mostly cloudy, with a low around 74. West wind 0 to 5 mph. Chance of precipitation is 60%."
5,2026-07-23T11:56:52Z,KATL,Saturday,2026-07-25T06:00:00-04:00,1,89.0,Chance Showers And Thunderstorms,"A chance of rain showers between 8am and 11am, then a chance of showers and thunderstorms between 11am and 2pm, then showers and thunderstorms likely. Partly sunny, with a high near 89. West wind 0 to 5 mph. Chance of precipitation is 70%."
6,2026-07-23T11:56:52Z,KATL,Saturday Night,2026-07-25T18:00:00-04:00,0,74.0,Showers And Thunderstorms Likely,"Showers and thunderstorms likely. Mostly cloudy, with a low around 74. Chance of precipitation is 70%."
7,2026-07-23T11:56:52Z,KATL,Sunday,2026-07-26T06:00:00-04:00,1,90.0,Chance Showers And Thunderstorms,"A chance of rain showers before 8am, then a chance of showers and thunderstorms between 8am and 2pm, then a chance of showers and thunderstorms. Mostly sunny, with a high near 90. Chance of precipitation is 30%."
8,2026-07-23T11:56:52Z,KATL,Sunday Night,2026-07-26T18:00:00-04:00,0,75.0,Chance Showers And Thunderstorms then Mostly Clear,"A chance of showers and thunderstorms before 8pm. Mostly clear, with a low around 75. Chance of precipitation is 30%."
9,2026-07-23T11:56:52Z,KATL,Monday,2026-07-27T06:00:00-04:00,1,93.0,Sunny,"Sunny, with a high near 93."
10,2026-07-23T11:56:52Z,KATL,Monday Night,2026-07-27T18:00:00-04:00,0,76.0,Mostly Clear,"Mostly clear, with a low around 76."
11,2026-07-23T11:56:52Z,KATL,Tuesday,2026-07-28T06:00:00-04:00,1,95.0,Sunny,"Sunny, with a high near 95."
12,2026-07-23T11:56:52Z,KATL,Tuesday Night,2026-07-28T18:00:00-04:00,0,77.0,Mostly Clear,"Mostly clear, with a low around 77."
13,2026-07-23T11:56:52Z,KATL,Wednesday,2026-07-29T06:00:00-04:00,1,94.0,Mostly Sunny,"Mostly sunny, with a high near 94."
14,2026-07-23T11:56:52Z,KATL,Wednesday Night,2026-07-29T18:00:00-04:00,0,75.0,Partly Cloudy,"Partly cloudy, with a low around 75."
15,2026-07-23T11:56:52Z,KAUS,Today,2026-07-23T06:00:00-05:00,1,100.0,Sunny,"Sunny, with a high near 100. Heat index values as high as 108. Northeast wind 5 to 10 mph, with gusts as high as 25 mph."
16,2026-07-23T11:56:52Z,KAUS,Tonight,2026-07-23T18:00:00-05:00,0,79.0,Slight Chance Rain Showers,"A slight chance of rain showers after 10pm. Partly cloudy, with a low around 79. Heat index values as high as 106. East northeast wind 5 to 30 mph, with gusts as high as 35 mph. Chance of precipitation is 20%. New rainfall amounts less than a tenth of an inch possible."
17,2026-07-23T11:56:52Z,KAUS,Friday,2026-07-24T06:00:00-05:00,1,96.0,Slight Chance Rain Showers then Mostly Sunny,"A slight chance of rain showers before 7am. Mostly sunny, with a high near 96. Heat index values as high as 102. Southeast wind 5 to 25 mph. Chance of precipitation is 20%. New rainfall amounts less than a tenth of an inch possible."
18,2026-07-23T11:56:52Z,KAUS,Friday Night,2026-07-24T18:00:00-05:00,0,77.0,Mostly Clear,"Mostly clear, with a low around 77. Heat index values as high as 103. South wind 5 to 10 mph, with gusts as high as 20 mph."
19,2026-07-23T11:56:52Z,KAUS,Saturday,2026-07-25T06:00:00-05:00,1,97.0,Mostly Sunny,"Mostly sunny, with a high near 97. South wind 5 to 10 mph."
20,2026-07-23T11:56:52Z,KAUS,Saturday Night,2026-07-25T18:00:00-05:00,0,74.0,Mostly Clear,"Mostly clear, with a low around 74. South wind 5 to 10 mph."
21,2026-07-23T11:56:52Z,KAUS,Sunday,2026-07-26T06:00:00-05:00,1,97.0,Sunny,"Sunny, with a high near 97. South wind around 5 mph."
22,2026-07-23T11:56:52Z,KAUS,Sunday Night,2026-07-26T18:00:00-05:00,0,76.0,Mostly Clear,"Mostly clear, with a low around 76. South wind 5 to 10 mph."
23,2026-07-23T11:56:52Z,KAUS,Monday,2026-07-27T06:00:00-05:00,1,98.0,Sunny,"Sunny, with a high near 98. South wind around 5 mph."
24,2026-07-23T11:56:52Z,KAUS,Monday Night,2026-07-27T18:00:00-05:00,0,77.0,Mostly Clear,"Mostly clear, with a low around 77."
25,2026-07-23T11:56:52Z,KAUS,Tuesday,2026-07-28T06:00:00-05:00,1,99.0,Sunny,"Sunny, with a high near 99."
26,2026-07-23T11:56:52Z,KAUS,Tuesday Night,2026-07-28T18:00:00-05:00,0,77.0,Mostly Clear,"Mostly clear, with a low around 77."
27,2026-07-23T11:56:52Z,KAUS,Wednesday,2026-07-29T06:00:00-05:00,1,100.0,Sunny,"Sunny, with a high near 100."
28,2026-07-23T11:56:52Z,KAUS,Wednesday Night,2026-07-29T18:00:00-05:00,0,78.0,Mostly Clear,"Mostly clear, with a low around 78."
29,2026-07-23T11:56:52Z,KBOS,Today,2026-07-23T06:00:00-04:00,1,78.0,Sunny,"Sunny, with a high near 78. Northeast wind 3 to 7 mph."
30,2026-07-23T11:56:52Z,KBOS,Tonight,2026-07-23T18:00:00-04:00,0,63.0,Clear,"Clear, with a low around 63. Southwest wind 2 to 7 mph."
31,2026-07-23T11:56:52Z,KBOS,Friday,2026-07-24T06:00:00-04:00,1,79.0,Sunny,"Sunny, with a high near 79. Northeast wind 1 to 10 mph."
32,2026-07-23T11:56:52Z,KBOS,Friday Night,2026-07-24T18:00:00-04:00,0,62.0,Mostly Clear,"Mostly clear, with a low around 62. South wind 2 to 9 mph."
33,2026-07-23T11:56:52Z,KBOS,Saturday,2026-07-25T06:00:00-04:00,1,78.0,Sunny,"Sunny, with a high near 78. North wind 2 to 12 mph."
34,2026-07-23T11:56:52Z,KBOS,Saturday Night,2026-07-25T18:00:00-04:00,0,63.0,Mostly Clear,"Mostly clear, with a low around 63. Northeast wind 2 to 9 mph."
35,2026-07-23T11:56:52Z,KBOS,Sunday,2026-07-26T06:00:00-04:00,1,77.0,Mostly Sunny,"Mostly sunny, with a high near 77. Northeast wind 2 to 9 mph."
36,2026-07-23T11:56:52Z,KBOS,Sunday Night,2026-07-26T18:00:00-04:00,0,64.0,Partly Cloudy,"Partly cloudy, with a low around 64. Southeast wind 3 to 8 mph."
37,2026-07-23T11:56:52Z,KBOS,Monday,2026-07-27T06:00:00-04:00,1,77.0,Sunny,"Sunny, with a high near 77. South wind 3 to 9 mph."
38,2026-07-23T11:56:52Z,KBOS,Monday Night,2026-07-27T18:00:00-04:00,0,67.0,Partly Cloudy then Slight Chance Showers And Thunderstorms,"A slight chance of showers and thunderstorms after midnight. Partly cloudy, with a low around 67. South wind around 8 mph."
39,2026-07-23T11:56:52Z,KBOS,Tuesday,2026-07-28T06:00:00-04:00,1,79.0,Chance Showers And Thunderstorms,"A chance of showers and thunderstorms before 2pm, then a chance of showers and thunderstorms. Partly sunny, with a high near 79. South wind 5 to 12 mph. Chance of precipitation is 50%."
40,2026-07-23T11:56:52Z,KBOS,Tuesday Night,2026-07-28T18:00:00-04:00,0,68.0,Chance Showers And Thunderstorms,"A chance of showers and thunderstorms before 8pm, then a chance of showers and thunderstorms. Mostly cloudy, with a low around 68. South wind 7 to 10 mph. Chance of precipitation is 50%."
41,2026-07-23T11:56:52Z,KBOS,Wednesday,2026-07-29T06:00:00-04:00,1,76.0,Showers And Thunderstorms Likely,"Showers and thunderstorms likely. Partly sunny, with a high near 76. Southeast wind around 9 mph. Chance of precipitation is 60%."
42,2026-07-23T11:56:52Z,KBOS,Wednesday Night,2026-07-29T18:00:00-04:00,0,67.0,Chance Showers And Thunderstorms,"A chance of showers and thunderstorms before 2am. Mostly cloudy, with a low around 67. Northeast wind around 8 mph."
43,2026-07-23T11:56:52Z,KMDW,Today,2026-07-23T06:00:00-05:00,1,79.0,Sunny,"Sunny, with a high near 79. South southwest wind 0 to 10 mph."
44,2026-07-23T11:56:52Z,KMDW,Tonight,2026-07-23T18:00:00-05:00,0,64.0,Mostly Cloudy,"Mostly cloudy, with a low around 64. South southeast wind 0 to 5 mph, with gusts as high as 10 mph."
45,2026-07-23T11:56:52Z,KMDW,Friday,2026-07-24T06:00:00-05:00,1,80.0,Mostly Sunny,"Mostly sunny, with a high near 80. South wind 0 to 10 mph."
46,2026-07-23T11:56:52Z,KMDW,Friday Night,2026-07-24T18:00:00-05:00,0,64.0,Partly Cloudy,"Partly cloudy, with a low around 64. South southwest wind 5 to 10 mph."
47,2026-07-23T11:56:52Z,KMDW,Saturday,2026-07-25T06:00:00-05:00,1,85.0,Partly Sunny,"Partly sunny, with a high near 85. Southwest wind 5 to 10 mph."
48,2026-07-23T11:56:52Z,KMDW,Saturday Night,2026-07-25T18:00:00-05:00,0,71.0,Partly Cloudy,"Partly cloudy, with a low around 71."
49,2026-07-23T11:56:52Z,KMDW,Sunday,2026-07-26T06:00:00-05:00,1,91.0,Mostly Sunny,"Mostly sunny, with a high near 91."
50,2026-07-23T11:56:52Z,KMDW,Sunday Night,2026-07-26T18:00:00-05:00,0,76.0,Partly Cloudy then Chance Showers And Thunderstorms,"A chance of showers and thunderstorms after 1am. Partly cloudy, with a low around 76."
51,2026-07-23T11:56:52Z,KMDW,Monday,2026-07-27T06:00:00-05:00,1,93.0,Chance Showers And Thunderstorms,"A chance of showers and thunderstorms before 1pm, then a chance of showers and thunderstorms. Mostly sunny, with a high near 93."
52,2026-07-23T11:56:52Z,KMDW,Monday Night,2026-07-27T18:00:00-05:00,0,74.0,Chance Showers And Thunderstorms,"A chance of showers and thunderstorms before 1am, then a chance of showers and thunderstorms. Partly cloudy, with a low around 74."
53,2026-07-23T11:56:52Z,KMDW,Tuesday,2026-07-28T06:00:00-05:00,1,86.0,Chance Showers And Thunderstorms then Mostly Sunny,"A chance of showers and thunderstorms before 7am. Mostly sunny, with a high near 86."
54,2026-07-23T11:56:52Z,KMDW,Tuesday Night,2026-07-28T18:00:00-05:00,0,70.0,Partly Cloudy,"Partly cloudy, with a low around 70."
55,2026-07-23T11:56:52Z,KMDW,Wednesday,2026-07-29T06:00:00-05:00,1,82.0,Sunny,"Sunny, with a high near 82."
56,2026-07-23T11:56:52Z,KMDW,Wednesday Night,2026-07-29T18:00:00-05:00,0,70.0,Mostly Clear,"Mostly clear, with a low around 70."
57,2026-07-23T11:56:52Z,KDFW,Today,2026-07-23T06:00:00-05:00,1,99.0,Sunny,"Sunny, with a high near 99. Heat index values as high as 106. East northeast wind 5 to 15 mph."
58,2026-07-23T11:56:52Z,KDFW,Tonight,2026-07-23T18:00:00-05:00,0,80.0,Mostly Clear,"Mostly clear. Low around 80, with temperatures rising to around 82 overnight. Heat index values as high as 106. East southeast wind 10 to 15 mph."
59,2026-07-23T11:56:52Z,KDFW,Friday,2026-07-24T06:00:00-05:00,1,98.0,Mostly Sunny,"Mostly sunny, with a high near 98. Heat index values as high as 107. South southeast wind 10 to 15 mph, with gusts as high as 25 mph."
60,2026-07-23T11:56:52Z,KDFW,Friday Night,2026-07-24T18:00:00-05:00,0,80.0,Mostly Clear,"Mostly clear. Low around 80, with temperatures rising to around 82 overnight. Heat index values as high as 107. South wind 10 to 15 mph, with gusts as high as 25 mph."
61,2026-07-23T11:56:52Z,KDFW,Saturday,2026-07-25T06:00:00-05:00,1,100.0,Mostly Sunny,"Mostly sunny, with a high near 100. South southwest wind around 10 mph, with gusts as high as 20 mph."
62,2026-07-23T11:56:52Z,KDFW,Saturday Night,2026-07-25T18:00:00-05:00,0,81.0,Mostly Clear,"Mostly clear. Low around 81, with temperatures rising to around 83 overnight. South wind around 10 mph."
63,2026-07-23T11:56:52Z,KDFW,Sunday,2026-07-26T06:00:00-05:00,1,102.0,Sunny,"Sunny, with a high near 102. South southwest wind around 10 mph."
64,2026-07-23T11:56:52Z,KDFW,Sunday Night,2026-07-26T18:00:00-05:00,0,82.0,Clear,"Clear, with a low around 82. South wind around 10 mph."
65,2026-07-23T11:56:52Z,KDFW,Monday,2026-07-27T06:00:00-05:00,1,102.0,Sunny,"Sunny, with a high near 102. South southwest wind 5 to 10 mph."
66,2026-07-23T11:56:52Z,KDFW,Monday Night,2026-07-27T18:00:00-05:00,0,82.0,Clear,"Clear, with a low around 82."
67,2026-07-23T11:56:52Z,KDFW,Tuesday,2026-07-28T06:00:00-05:00,1,102.0,Sunny,"Sunny, with a high near 102."
68,2026-07-23T11:56:52Z,KDFW,Tuesday Night,2026-07-28T18:00:00-05:00,0,82.0,Mostly Clear,"Mostly clear, with a low around 82."
69,2026-07-23T11:56:52Z,KDFW,Wednesday,2026-07-29T06:00:00-05:00,1,103.0,Sunny,"Sunny, with a high near 103."
70,2026-07-23T11:56:52Z,KDFW,Wednesday Night,2026-07-29T18:00:00-05:00,0,83.0,Mostly Clear,"Mostly clear, with a low around 83."
71,2026-07-23T11:56:52Z,KDEN,Overnight,2026-07-23T05:00:00-06:00,0,66.0,Partly Cloudy,"Partly cloudy. Low around 66, with temperatures rising to around 70 overnight. West wind around 5 mph."
72,2026-07-23T11:56:52Z,KDEN,Thursday,2026-07-23T06:00:00-06:00,1,89.0,Partly Sunny then Chance Showers And Thunderstorms,"A chance of showers and thunderstorms between noon and 3pm, then showers and thunderstorms likely. Partly sunny. High near 89, with temperatures falling to around 83 in the afternoon. North wind 5 to 8 mph. Chance of precipitation is 60%. New rainfall amounts between a tenth and quarter of an inch possible."
73,2026-07-23T11:56:52Z,KDEN,Thursday Night,2026-07-23T18:00:00-06:00,0,64.0,Chance Showers And Thunderstorms then Partly Cloudy,"A chance of showers and thunderstorms before midnight. Partly cloudy. Low around 64, with temperatures rising to around 68 overnight. South wind 5 to 8 mph. Chance of precipitation is 40%."
74,2026-07-23T11:56:52Z,KDEN,Friday,2026-07-24T06:00:00-06:00,1,95.0,Sunny,"Sunny, with a high near 95. North northwest wind around 6 mph, with gusts as high as 16 mph."
75,2026-07-23T11:56:52Z,KDEN,Friday Night,2026-07-24T18:00:00-06:00,0,67.0,Mostly Clear,"Mostly clear, with a low around 67. Southeast wind 5 to 8 mph."
76,2026-07-23T11:56:52Z,KDEN,Saturday,2026-07-25T06:00:00-06:00,1,99.0,Mostly Sunny,"Mostly sunny, with a high near 99."
77,2026-07-23T11:56:52Z,KDEN,Saturday Night,2026-07-25T18:00:00-06:00,0,69.0,Partly Cloudy,"Partly cloudy, with a low around 69."
78,2026-07-23T11:56:52Z,KDEN,Sunday,2026-07-26T06:00:00-06:00,1,100.0,Sunny,"Sunny, with a high near 100."
79,2026-07-23T11:56:52Z,KDEN,Sunday Night,2026-07-26T18:00:00-06:00,0,69.0,Slight Chance Showers And Thunderstorms then Partly Cloudy,"A slight chance of showers and thunderstorms before midnight. Partly cloudy, with a low around 69."
80,2026-07-23T11:56:52Z,KDEN,Monday,2026-07-27T06:00:00-06:00,1,97.0,Mostly Sunny then Chance Showers And Thunderstorms,"A chance of showers and thunderstorms after noon. Mostly sunny, with a high near 97."
81,2026-07-23T11:56:52Z,KDEN,Monday Night,2026-07-27T18:00:00-06:00,0,66.0,Chance Showers And Thunderstorms,"A chance of showers and thunderstorms. Mostly cloudy, with a low around 66."
82,2026-07-23T11:56:52Z,KDEN,Tuesday,2026-07-28T06:00:00-06:00,1,93.0,Partly Sunny then Showers And Thunderstorms Likely,"Showers and thunderstorms likely after noon. Partly sunny, with a high near 93."
83,2026-07-23T11:56:52Z,KDEN,Tuesday Night,2026-07-28T18:00:00-06:00,0,64.0,Showers And Thunderstorms Likely,"Showers and thunderstorms likely. Mostly cloudy, with a low around 64."
84,2026-07-23T11:56:52Z,KDEN,Wednesday,2026-07-29T06:00:00-06:00,1,91.0,Partly Sunny then Chance Showers And Thunderstorms,"A chance of showers and thunderstorms after noon. Partly sunny, with a high near 91."
85,2026-07-23T11:56:52Z,KIAH,Today,2026-07-23T06:00:00-05:00,1,94.0,Mostly Sunny then Chance Showers And Thunderstorms,"A chance of showers and thunderstorms after 1pm. Mostly sunny. High near 94, with temperatures falling to around 91 in the afternoon. Heat index values as high as 110. Northeast wind 5 to 25 mph, with gusts as high as 30 mph. Chance of precipitation is 50%. New rainfall amounts less than a tenth of an inch possible."
86,2026-07-23T11:56:52Z,KIAH,Tonight,2026-07-23T18:00:00-05:00,0,79.0,Chance Showers And Thunderstorms,"A chance of showers and thunderstorms before 1am. Partly cloudy, with a low around 79. Heat index values as high as 105. East wind 5 to 25 mph. Chance of precipitation is 40%. New rainfall amounts less than a tenth of an inch possible."
87,2026-07-23T11:56:52Z,KIAH,Friday,2026-07-24T06:00:00-05:00,1,95.0,Mostly Sunny,"Mostly sunny, with a high near 95. Heat index values as high as 107. South wind 5 to 10 mph. New rainfall amounts less than a tenth of an inch possible."
88,2026-07-23T11:56:52Z,KIAH,Friday Night,2026-07-24T18:00:00-05:00,0,78.0,Mostly Clear,"Mostly clear, with a low around 78. Heat index values as high as 105. South wind 5 to 10 mph."
89,2026-07-23T11:56:52Z,KIAH,Saturday,2026-07-25T06:00:00-05:00,1,97.0,Sunny,"Sunny, with a high near 97. South wind 0 to 10 mph."
90,2026-07-23T11:56:52Z,KIAH,Saturday Night,2026-07-25T18:00:00-05:00,0,77.0,Mostly Clear,"Mostly clear, with a low around 77."
91,2026-07-23T11:56:52Z,KIAH,Sunday,2026-07-26T06:00:00-05:00,1,99.0,Sunny,"Sunny, with a high near 99."
92,2026-07-23T11:56:52Z,KIAH,Sunday Night,2026-07-26T18:00:00-05:00,0,79.0,Mostly Clear,"Mostly clear, with a low around 79."
93,2026-07-23T11:56:52Z,KIAH,Monday,2026-07-27T06:00:00-05:00,1,100.0,Sunny,"Sunny, with a high near 100."
94,2026-07-23T11:56:52Z,KIAH,Monday Night,2026-07-27T18:00:00-05:00,0,79.0,Mostly Clear,"Mostly clear, with a low around 79."
95,2026-07-23T11:56:52Z,KIAH,Tuesday,2026-07-28T06:00:00-05:00,1,101.0,Sunny,"Sunny, with a high near 101."
96,2026-07-23T11:56:52Z,KIAH,Tuesday Night,2026-07-28T18:00:00-05:00,0,80.0,Mostly Clear,"Mostly clear, with a low around 80."
97,2026-07-23T11:56:52Z,KIAH,Wednesday,2026-07-29T06:00:00-05:00,1,101.0,Sunny,"Sunny, with a high near 101."
98,2026-07-23T11:56:52Z,KIAH,Wednesday Night,2026-07-29T18:00:00-05:00,0,80.0,Mostly Clear,"Mostly clear, with a low around 80."
99,2026-07-23T11:56:52Z,KLAS,Overnight,2026-07-23T03:00:00-07:00,0,88.0,Mostly Clear,"Mostly clear. Low around 88, with temperatures rising to around 91 overnight. West southwest wind around 3 mph."
100,2026-07-23T11:56:52Z,KLAS,Thursday,2026-07-23T06:00:00-07:00,1,110.0,Sunny,"Sunny, with a high near 110. Heat index values as high as 107. East southeast wind around 5 mph."
101,2026-07-23T11:56:52Z,KLAS,Thursday Night,2026-07-23T18:00:00-07:00,0,91.0,Mostly Clear,"Mostly clear. Low around 91, with temperatures rising to around 94 overnight. Heat index values as high as 107. South southwest wind around 5 mph."
102,2026-07-23T11:56:52Z,KLAS,Friday,2026-07-24T06:00:00-07:00,1,111.0,Sunny then Isolated Showers And Thunderstorms,"Isolated showers and thunderstorms between 3pm and 4pm. Sunny, with a high near 111. Heat index values as high as 108. South southeast wind 2 to 8 mph."
103,2026-07-23T11:56:52Z,KLAS,Friday Night,2026-07-24T18:00:00-07:00,0,91.0,Mostly Clear,"Mostly clear, with a low around 91. South southwest wind around 7 mph."
104,2026-07-23T11:56:52Z,KLAS,Saturday,2026-07-25T06:00:00-07:00,1,113.0,Sunny,"Sunny, with a high near 113."
105,2026-07-23T11:56:52Z,KLAS,Saturday Night,2026-07-25T18:00:00-07:00,0,91.0,Mostly Clear,"Mostly clear, with a low around 91."
106,2026-07-23T11:56:52Z,KLAS,Sunday,2026-07-26T06:00:00-07:00,1,113.0,Sunny,"Sunny, with a high near 113."
107,2026-07-23T11:56:52Z,KLAS,Sunday Night,2026-07-26T18:00:00-07:00,0,90.0,Partly Cloudy,"Partly cloudy, with a low around 90."
108,2026-07-23T11:56:52Z,KLAS,Monday,2026-07-27T06:00:00-07:00,1,110.0,Mostly Sunny,"Mostly sunny, with a high near 110."
109,2026-07-23T11:56:52Z,KLAS,Monday Night,2026-07-27T18:00:00-07:00,0,88.0,Partly Cloudy,"Partly cloudy, with a low around 88."
110,2026-07-23T11:56:52Z,KLAS,Tuesday,2026-07-28T06:00:00-07:00,1,109.0,Mostly Sunny,"Mostly sunny, with a high near 109."
111,2026-07-23T11:56:52Z,KLAS,Tuesday Night,2026-07-28T18:00:00-07:00,0,88.0,Partly Cloudy then Slight Chance Showers And Thunderstorms,"A slight chance of showers and thunderstorms after 5am. Partly cloudy, with a low around 88."
112,2026-07-23T11:56:52Z,KLAS,Wednesday,2026-07-29T06:00:00-07:00,1,108.0,Slight Chance Showers And Thunderstorms,"A slight chance of showers and thunderstorms before 5pm. Sunny, with a high near 108."
113,2026-07-23T11:56:52Z,KLAX,Overnight,2026-07-23T02:00:00-07:00,0,68.0,Mostly Clear,"Mostly clear, with a low around 68. South southwest wind around 5 mph."
114,2026-07-23T11:56:52Z,KLAX,Thursday,2026-07-23T06:00:00-07:00,1,81.0,Sunny,"Sunny, with a high near 81. West southwest wind 5 to 15 mph."
115,2026-07-23T11:56:52Z,KLAX,Thursday Night,2026-07-23T18:00:00-07:00,0,69.0,Partly Cloudy,"Partly cloudy, with a low around 69. South wind 5 to 10 mph."
116,2026-07-23T11:56:52Z,KLAX,Friday,2026-07-24T06:00:00-07:00,1,82.0,Mostly Sunny,"Mostly sunny, with a high near 82. South wind 5 to 10 mph."
117,2026-07-23T11:56:52Z,KLAX,Friday Night,2026-07-24T18:00:00-07:00,0,69.0,Mostly Cloudy,"Mostly cloudy, with a low around 69. South wind 5 to 10 mph."
118,2026-07-23T11:56:52Z,KLAX,Saturday,2026-07-25T06:00:00-07:00,1,82.0,Sunny,"Sunny, with a high near 82."
119,2026-07-23T11:56:52Z,KLAX,Saturday Night,2026-07-25T18:00:00-07:00,0,70.0,Partly Cloudy,"Partly cloudy, with a low around 70."
120,2026-07-23T11:56:52Z,KLAX,Sunday,2026-07-26T06:00:00-07:00,1,79.0,Mostly Sunny,"Mostly sunny, with a high near 79."
121,2026-07-23T11:56:52Z,KLAX,Sunday Night,2026-07-26T18:00:00-07:00,0,69.0,Partly Cloudy,"Partly cloudy, with a low around 69."
122,2026-07-23T11:56:52Z,KLAX,Monday,2026-07-27T06:00:00-07:00,1,78.0,Mostly Sunny,"Mostly sunny, with a high near 78."
123,2026-07-23T11:56:52Z,KLAX,Monday Night,2026-07-27T18:00:00-07:00,0,68.0,Partly Cloudy,"Partly cloudy, with a low around 68."
124,2026-07-23T11:56:52Z,KLAX,Tuesday,2026-07-28T06:00:00-07:00,1,76.0,Mostly Sunny,"Mostly sunny, with a high near 76."
125,2026-07-23T11:56:52Z,KLAX,Tuesday Night,2026-07-28T18:00:00-07:00,0,68.0,Partly Cloudy,"Partly cloudy, with a low around 68."
126,2026-07-23T11:56:52Z,KLAX,Wednesday,2026-07-29T06:00:00-07:00,1,77.0,Mostly Sunny,"Mostly sunny, with a high near 77."
127,2026-07-23T11:56:52Z,KMIA,Today,2026-07-23T06:00:00-04:00,1,93.0,Chance Showers And Thunderstorms,"A chance of showers and thunderstorms after 9am. Mostly sunny, with a high near 93. Heat index values as high as 101. East wind 7 to 15 mph, with gusts as high as 24 mph. Chance of precipitation is 30%. New rainfall amounts less than a tenth of an inch possible."
128,2026-07-23T11:56:52Z,KMIA,Tonight,2026-07-23T18:00:00-04:00,0,80.0,Chance Showers And Thunderstorms,"A chance of showers and thunderstorms. Mostly cloudy, with a low around 80. East wind 7 to 14 mph, with gusts as high as 22 mph. Chance of precipitation is 40%. New rainfall amounts between a tenth and quarter of an inch possible."
129,2026-07-23T11:56:52Z,KMIA,Friday,2026-07-24T06:00:00-04:00,1,92.0,Chance Showers And Thunderstorms,"A chance of showers and thunderstorms. Partly sunny, with a high near 92. Heat index values as high as 102. East wind 6 to 12 mph. Chance of precipitation is 50%. New rainfall amounts between a tenth and quarter of an inch possible."
130,2026-07-23T11:56:52Z,KMIA,Friday Night,2026-07-24T18:00:00-04:00,0,81.0,Chance Showers And Thunderstorms,"A chance of showers and thunderstorms. Partly cloudy, with a low around 81. Southeast wind 2 to 10 mph. Chance of precipitation is 40%."
131,2026-07-23T11:56:52Z,KMIA,Saturday,2026-07-25T06:00:00-04:00,1,93.0,Showers And Thunderstorms Likely,"Showers and thunderstorms likely. Mostly sunny, with a high near 93. Southeast wind 0 to 8 mph. Chance of precipitation is 60%."
132,2026-07-23T11:56:52Z,KMIA,Saturday Night,2026-07-25T18:00:00-04:00,0,80.0,Showers And Thunderstorms Likely then Chance Showers And Thunderstorms,"Showers and thunderstorms likely before 11pm, then a chance of showers and thunderstorms between 11pm and 2am. Partly cloudy, with a low around 80. South wind 0 to 7 mph. Chance of precipitation is 60%."
133,2026-07-23T11:56:52Z,KMIA,Sunday,2026-07-26T06:00:00-04:00,1,94.0,Showers And Thunderstorms Likely,"Showers and thunderstorms likely after 8am. Mostly sunny, with a high near 94. Southwest wind 3 to 9 mph. Chance of precipitation is 70%."
134,2026-07-23T11:56:52Z,KMIA,Sunday Night,2026-07-26T18:00:00-04:00,0,79.0,Showers And Thunderstorms Likely,"Showers and thunderstorms likely before 2am. Mostly cloudy, with a low around 79. Southwest wind around 8 mph. Chance of precipitation is 70%."
135,2026-07-23T11:56:52Z,KMIA,Monday,2026-07-27T06:00:00-04:00,1,93.0,Showers And Thunderstorms Likely,"Showers and thunderstorms likely after 8am. Mostly sunny, with a high near 93. Southwest wind 6 to 12 mph, with gusts as high as 18 mph. Chance of precipitation is 70%."
136,2026-07-23T11:56:52Z,KMIA,Monday Night,2026-07-27T18:00:00-04:00,0,79.0,Showers And Thunderstorms Likely,"Showers and thunderstorms likely. Mostly cloudy, with a low around 79. Chance of precipitation is 70%."
137,2026-07-23T11:56:52Z,KMIA,Tuesday,2026-07-28T06:00:00-04:00,1,92.0,Showers And Thunderstorms Likely,"Showers and thunderstorms likely. Partly sunny, with a high near 92. Chance of precipitation is 60%."
138,2026-07-23T11:56:52Z,KMIA,Tuesday Night,2026-07-28T18:00:00-04:00,0,79.0,Showers And Thunderstorms Likely,"Showers and thunderstorms likely before 2am. Mostly cloudy, with a low around 79. Chance of precipitation is 60%."
139,2026-07-23T11:56:52Z,KMIA,Wednesday,2026-07-29T06:00:00-04:00,1,94.0,Chance Showers And Thunderstorms,"A chance of showers and thunderstorms after 8am. Mostly sunny, with a high near 94. Chance of precipitation is 40%."
140,2026-07-23T11:56:52Z,KMIA,Wednesday Night,2026-07-29T18:00:00-04:00,0,80.0,Chance Showers And Thunderstorms then Partly Cloudy,"A chance of showers and thunderstorms before 8pm. Partly cloudy, with a low around 80."
141,2026-07-23T11:56:52Z,KMSP,Today,2026-07-23T06:00:00-05:00,1,81.0,Sunny,"Sunny, with a high near 81. South southwest wind 5 to 10 mph."
142,2026-07-23T11:56:52Z,KMSP,Tonight,2026-07-23T18:00:00-05:00,0,65.0,Partly Cloudy,"Partly cloudy, with a low around 65. South wind around 10 mph."
143,2026-07-23T11:56:52Z,KMSP,Friday,2026-07-24T06:00:00-05:00,1,83.0,Mostly Sunny,"Mostly sunny, with a high near 83. South southwest wind 10 to 15 mph, with gusts as high as 25 mph."
144,2026-07-23T11:56:52Z,KMSP,Friday Night,2026-07-24T18:00:00-05:00,0,68.0,Partly Cloudy,"Partly cloudy, with a low around 68. South southwest wind around 15 mph, with gusts as high as 25 mph."
145,2026-07-23T11:56:52Z,KMSP,Saturday,2026-07-25T06:00:00-05:00,1,93.0,Sunny,"Sunny, with a high near 93. West southwest wind around 10 mph."
146,2026-07-23T11:56:52Z,KMSP,Saturday Night,2026-07-25T18:00:00-05:00,0,73.0,Mostly Clear,"Mostly clear, with a low around 73. South southwest wind 5 to 10 mph."
147,2026-07-23T11:56:52Z,KMSP,Sunday,2026-07-26T06:00:00-05:00,1,95.0,Mostly Sunny,"Mostly sunny, with a high near 95. South wind 10 to 15 mph."
148,2026-07-23T11:56:52Z,KMSP,Sunday Night,2026-07-26T18:00:00-05:00,0,74.0,Chance Showers And Thunderstorms,"A chance of showers and thunderstorms after 7pm. Partly cloudy, with a low around 74. South southwest wind 10 to 15 mph. Chance of precipitation is 40%."
149,2026-07-23T11:56:52Z,KMSP,Monday,2026-07-27T06:00:00-05:00,1,95.0,Slight Chance Showers And Thunderstorms then Sunny,"A slight chance of showers and thunderstorms before 7am. Sunny, with a high near 95. West northwest wind 5 to 10 mph. Chance of precipitation is 20%."
150,2026-07-23T11:56:52Z,KMSP,Monday Night,2026-07-27T18:00:00-05:00,0,71.0,Mostly Clear,"Mostly clear, with a low around 71. North northeast wind 0 to 10 mph."
151,2026-07-23T11:56:52Z,KMSP,Tuesday,2026-07-28T06:00:00-05:00,1,91.0,Sunny,"Sunny, with a high near 91. North northeast wind 0 to 5 mph."
152,2026-07-23T11:56:52Z,KMSP,Tuesday Night,2026-07-28T18:00:00-05:00,0,70.0,Mostly Clear,"Mostly clear, with a low around 70. East wind 0 to 10 mph."
153,2026-07-23T11:56:52Z,KMSP,Wednesday,2026-07-29T06:00:00-05:00,1,91.0,Sunny,"Sunny, with a high near 91. East northeast wind 0 to 10 mph."
154,2026-07-23T11:56:52Z,KMSP,Wednesday Night,2026-07-29T18:00:00-05:00,0,70.0,Mostly Clear,"Mostly clear, with a low around 70. East southeast wind 5 to 10 mph."
155,2026-07-23T11:56:52Z,KMSY,Today,2026-07-23T06:00:00-05:00,1,91.0,Chance Showers And Thunderstorms,"A chance of showers and thunderstorms before 10am, then a chance of showers and thunderstorms between 10am and 4pm. Mostly sunny, with a high near 91. South wind around 15 mph, with gusts as high as 30 mph. Chance of precipitation is 30%. New rainfall amounts between a quarter and half of an inch possible."
156,2026-07-23T11:56:52Z,KMSY,Tonight,2026-07-23T18:00:00-05:00,0,78.0,Mostly Clear,"Mostly clear, with a low around 78. South wind 5 to 15 mph. New rainfall amounts between a tenth and quarter of an inch possible."
157,2026-07-23T11:56:52Z,KMSY,Friday,2026-07-24T06:00:00-05:00,1,94.0,Mostly Sunny,"Mostly sunny, with a high near 94. Southeast wind 5 to 10 mph. New rainfall amounts less than a tenth of an inch possible."
158,2026-07-23T11:56:52Z,KMSY,Friday Night,2026-07-24T18:00:00-05:00,0,77.0,Mostly Clear,"Mostly clear, with a low around 77. Southwest wind 5 to 10 mph."
159,2026-07-23T11:56:52Z,KMSY,Saturday,2026-07-25T06:00:00-05:00,1,95.0,Sunny,"Sunny, with a high near 95. Northwest wind 0 to 5 mph."
160,2026-07-23T11:56:52Z,KMSY,Saturday Night,2026-07-25T18:00:00-05:00,0,78.0,Partly Cloudy,"Partly cloudy, with a low around 78. Southwest wind 5 to 10 mph."
161,2026-07-23T11:56:52Z,KMSY,Sunday,2026-07-26T06:00:00-05:00,1,97.0,Sunny,"Sunny, with a high near 97. West wind around 10 mph."
162,2026-07-23T11:56:52Z,KMSY,Sunday Night,2026-07-26T18:00:00-05:00,0,79.0,Mostly Clear,"Mostly clear, with a low around 79. West wind around 10 mph."
163,2026-07-23T11:56:52Z,KMSY,Monday,2026-07-27T06:00:00-05:00,1,98.0,Sunny,"Sunny, with a high near 98. West wind around 10 mph."
164,2026-07-23T11:56:52Z,KMSY,Monday Night,2026-07-27T18:00:00-05:00,0,80.0,Mostly Clear,"Mostly clear, with a low around 80. West wind around 10 mph."
165,2026-07-23T11:56:52Z,KMSY,Tuesday,2026-07-28T06:00:00-05:00,1,99.0,Sunny,"Sunny, with a high near 99. West wind around 10 mph."
166,2026-07-23T11:56:52Z,KMSY,Tuesday Night,2026-07-28T18:00:00-05:00,0,80.0,Mostly Clear,"Mostly clear, with a low around 80. Southwest wind around 10 mph."
167,2026-07-23T11:56:52Z,KMSY,Wednesday,2026-07-29T06:00:00-05:00,1,99.0,Sunny,"Sunny, with a high near 99. West wind around 10 mph."
168,2026-07-23T11:56:52Z,KMSY,Wednesday Night,2026-07-29T18:00:00-05:00,0,79.0,Partly Cloudy,"Partly cloudy, with a low around 79. Southwest wind around 10 mph."
169,2026-07-23T11:56:52Z,KNYC,Today,2026-07-23T06:00:00-04:00,1,80.0,Sunny,"Sunny, with a high near 80. North wind 0 to 6 mph."
170,2026-07-23T11:56:52Z,KNYC,Tonight,2026-07-23T18:00:00-04:00,0,65.0,Mostly Clear,"Mostly clear, with a low around 65. Wind around 0 mph."
171,2026-07-23T11:56:52Z,KNYC,Friday,2026-07-24T06:00:00-04:00,1,82.0,Sunny,"Sunny, with a high near 82. East wind 0 to 6 mph."
172,2026-07-23T11:56:52Z,KNYC,Friday Night,2026-07-24T18:00:00-04:00,0,66.0,Mostly Clear,"Mostly clear, with a low around 66. Southeast wind 0 to 6 mph."
173,2026-07-23T11:56:52Z,KNYC,Saturday,2026-07-25T06:00:00-04:00,1,81.0,Sunny,"Sunny, with a high near 81. East wind 0 to 7 mph."
174,2026-07-23T11:56:52Z,KNYC,Saturday Night,2026-07-25T18:00:00-04:00,0,66.0,Partly Cloudy,"Partly cloudy, with a low around 66."
175,2026-07-23T11:56:52Z,KNYC,Sunday,2026-07-26T06:00:00-04:00,1,82.0,Mostly Sunny,"Mostly sunny, with a high near 82."
176,2026-07-23T11:56:52Z,KNYC,Sunday Night,2026-07-26T18:00:00-04:00,0,68.0,Partly Cloudy,"Partly cloudy, with a low around 68."
177,2026-07-23T11:56:52Z,KNYC,Monday,2026-07-27T06:00:00-04:00,1,85.0,Mostly Sunny then Slight Chance Showers And Thunderstorms,"A slight chance of showers and thunderstorms after 2pm. Mostly sunny, with a high near 85."
178,2026-07-23T11:56:52Z,KNYC,Monday Night,2026-07-27T18:00:00-04:00,0,71.0,Slight Chance Showers And Thunderstorms then Chance Showers And Thunderstorms,"A slight chance of showers and thunderstorms before 8pm, then a chance of showers and thunderstorms. Mostly cloudy, with a low around 71. Chance of precipitation is 40%."
179,2026-07-23T11:56:52Z,KNYC,Tuesday,2026-07-28T06:00:00-04:00,1,85.0,Showers And Thunderstorms Likely,"A chance of rain showers before 2pm, then showers and thunderstorms likely. Partly sunny, with a high near 85. Chance of precipitation is 60%."
180,2026-07-23T11:56:52Z,KNYC,Tuesday Night,2026-07-28T18:00:00-04:00,0,70.0,Showers And Thunderstorms Likely,"Showers and thunderstorms likely. Mostly cloudy, with a low around 70. Chance of precipitation is 60%."
181,2026-07-23T11:56:52Z,KNYC,Wednesday,2026-07-29T06:00:00-04:00,1,81.0,Chance Rain Showers,"A chance of rain showers before 2pm, then a chance of showers and thunderstorms. Partly sunny, with a high near 81. Chance of precipitation is 40%."
182,2026-07-23T11:56:52Z,KNYC,Wednesday Night,2026-07-29T18:00:00-04:00,0,70.0,Chance Showers And Thunderstorms then Slight Chance Showers And Thunderstorms,"A chance of showers and thunderstorms before 8pm, then a slight chance of showers and thunderstorms between 8pm and 2am. Mostly cloudy, with a low around 70."
183,2026-07-23T11:56:52Z,KOKC,Today,2026-07-23T06:00:00-05:00,1,96.0,Sunny,"Sunny, with a high near 96. Heat index values as high as 98. East southeast wind 8 to 14 mph, with gusts as high as 21 mph."
184,2026-07-23T11:56:52Z,KOKC,Tonight,2026-07-23T18:00:00-05:00,0,75.0,Mostly Clear,"Mostly clear, with a low around 75. South southeast wind 12 to 15 mph, with gusts as high as 23 mph."
185,2026-07-23T11:56:52Z,KOKC,Friday,2026-07-24T06:00:00-05:00,1,97.0,Partly Sunny,"Partly sunny, with a high near 97. Heat index values as high as 104. South wind 12 to 16 mph, with gusts as high as 24 mph."
186,2026-07-23T11:56:52Z,KOKC,Friday Night,2026-07-24T18:00:00-05:00,0,77.0,Partly Cloudy then Slight Chance Showers And Thunderstorms,"A slight chance of showers and thunderstorms after 1am. Partly cloudy, with a low around 77. Heat index values as high as 102. South wind 13 to 16 mph, with gusts as high as 24 mph. Chance of precipitation is 20%."
187,2026-07-23T11:56:52Z,KOKC,Saturday,2026-07-25T06:00:00-05:00,1,99.0,Slight Chance Showers And Thunderstorms,"A slight chance of showers and thunderstorms before 1pm. Mostly sunny, with a high near 99. South southwest wind around 15 mph, with gusts as high as 23 mph. Chance of precipitation is 20%."
188,2026-07-23T11:56:52Z,KOKC,Saturday Night,2026-07-25T18:00:00-05:00,0,78.0,Mostly Clear,"Mostly clear, with a low around 78."
189,2026-07-23T11:56:52Z,KOKC,Sunday,2026-07-26T06:00:00-05:00,1,102.0,Sunny,"Sunny, with a high near 102."
190,2026-07-23T11:56:52Z,KOKC,Sunday Night,2026-07-26T18:00:00-05:00,0,78.0,Clear,"Clear, with a low around 78."
191,2026-07-23T11:56:52Z,KOKC,Monday,2026-07-27T06:00:00-05:00,1,103.0,Sunny,"Sunny, with a high near 103."
192,2026-07-23T11:56:52Z,KOKC,Monday Night,2026-07-27T18:00:00-05:00,0,78.0,Clear,"Clear, with a low around 78."
193,2026-07-23T11:56:52Z,KOKC,Tuesday,2026-07-28T06:00:00-05:00,1,103.0,Sunny,"Sunny, with a high near 103."
194,2026-07-23T11:56:52Z,KOKC,Tuesday Night,2026-07-28T18:00:00-05:00,0,78.0,Mostly Clear,"Mostly clear, with a low around 78."
195,2026-07-23T11:56:52Z,KOKC,Wednesday,2026-07-29T06:00:00-05:00,1,102.0,Sunny,"Sunny, with a high near 102."
196,2026-07-23T11:56:52Z,KOKC,Wednesday Night,2026-07-29T18:00:00-05:00,0,78.0,Mostly Clear,"Mostly clear, with a low around 78."
197,2026-07-23T11:56:52Z,KPHL,Today,2026-07-23T06:00:00-04:00,1,83.0,Sunny,"Sunny, with a high near 83. Northeast wind 5 to 10 mph."
198,2026-07-23T11:56:52Z,KPHL,Tonight,2026-07-23T18:00:00-04:00,0,64.0,Mostly Clear,"Mostly clear, with a low around 64. East wind 0 to 5 mph."
199,2026-07-23T11:56:52Z,KPHL,Friday,2026-07-24T06:00:00-04:00,1,85.0,Mostly Sunny,"Mostly sunny, with a high near 85. East wind 0 to 5 mph."
200,2026-07-23T11:56:52Z,KPHL,Friday Night,2026-07-24T18:00:00-04:00,0,64.0,Partly Cloudy,"Partly cloudy, with a low around 64. East wind 0 to 5 mph."
201,2026-07-23T11:56:52Z,KPHL,Saturday,2026-07-25T06:00:00-04:00,1,84.0,Sunny,"Sunny, with a high near 84. East wind 5 to 10 mph."
202,2026-07-23T11:56:52Z,KPHL,Saturday Night,2026-07-25T18:00:00-04:00,0,65.0,Partly Cloudy,"Partly cloudy, with a low around 65."
203,2026-07-23T11:56:52Z,KPHL,Sunday,2026-07-26T06:00:00-04:00,1,85.0,Sunny,"Sunny, with a high near 85."
204,2026-07-23T11:56:52Z,KPHL,Sunday Night,2026-07-26T18:00:00-04:00,0,67.0,Partly Cloudy,"Partly cloudy, with a low around 67."
205,2026-07-23T11:56:52Z,KPHL,Monday,2026-07-27T06:00:00-04:00,1,88.0,Mostly Sunny then Slight Chance Showers And Thunderstorms,"A slight chance of showers and thunderstorms after 2pm. Mostly sunny, with a high near 88."
206,2026-07-23T11:56:52Z,KPHL,Monday Night,2026-07-27T18:00:00-04:00,0,70.0,Slight Chance Showers And Thunderstorms then Chance Showers And Thunderstorms,"A slight chance of showers and thunderstorms before 8pm, then a chance of showers and thunderstorms. Partly cloudy, with a low around 70. Chance of precipitation is 40%."
207,2026-07-23T11:56:52Z,KPHL,Tuesday,2026-07-28T06:00:00-04:00,1,87.0,Showers And Thunderstorms Likely,"A chance of rain showers before 2pm, then showers and thunderstorms likely. Partly sunny, with a high near 87. Chance of precipitation is 60%."
208,2026-07-23T11:56:52Z,KPHL,Tuesday Night,2026-07-28T18:00:00-04:00,0,69.0,Showers And Thunderstorms Likely,"Showers and thunderstorms likely. Mostly cloudy, with a low around 69. Chance of precipitation is 60%."
209,2026-07-23T11:56:52Z,KPHL,Wednesday,2026-07-29T06:00:00-04:00,1,84.0,Chance Rain Showers,"A chance of rain showers before 2pm, then a chance of showers and thunderstorms. Partly sunny, with a high near 84. Chance of precipitation is 30%."
210,2026-07-23T11:56:52Z,KPHL,Wednesday Night,2026-07-29T18:00:00-04:00,0,69.0,Chance Showers And Thunderstorms then Slight Chance Showers And Thunderstorms,"A chance of showers and thunderstorms before 8pm, then a slight chance of showers and thunderstorms between 8pm and 2am. Partly cloudy, with a low around 69."
211,2026-07-23T11:56:52Z,KPHX,Overnight,2026-07-23T01:00:00-07:00,0,89.0,Mostly Clear,"Mostly clear. Low around 89, with temperatures rising to around 91 overnight. East wind around 5 mph."
212,2026-07-23T11:56:52Z,KPHX,Thursday,2026-07-23T06:00:00-07:00,1,111.0,Sunny,"Sunny. High near 111, with temperatures falling to around 109 in the afternoon. Heat index values as high as 113. Southeast wind around 5 mph."
213,2026-07-23T11:56:52Z,KPHX,Thursday Night,2026-07-23T18:00:00-07:00,0,93.0,Mostly Clear,"Mostly clear, with a low around 93. Heat index values as high as 110. South southwest wind around 5 mph."
214,2026-07-23T11:56:52Z,KPHX,Friday,2026-07-24T06:00:00-07:00,1,114.0,Sunny,"Sunny, with a high near 114. Heat index values as high as 115. South wind 0 to 10 mph."
215,2026-07-23T11:56:52Z,KPHX,Friday Night,2026-07-24T18:00:00-07:00,0,94.0,Mostly Clear,"Mostly clear, with a low around 94. West northwest wind 5 to 10 mph."
216,2026-07-23T11:56:52Z,KPHX,Saturday,2026-07-25T06:00:00-07:00,1,116.0,Sunny,"Sunny, with a high near 116. South southeast wind 5 to 10 mph."
217,2026-07-23T11:56:52Z,KPHX,Saturday Night,2026-07-25T18:00:00-07:00,0,93.0,Mostly Cloudy,"Mostly cloudy, with a low around 93. Southeast wind 10 to 15 mph."
218,2026-07-23T11:56:52Z,KPHX,Sunday,2026-07-26T06:00:00-07:00,1,111.0,Mostly Sunny then Slight Chance Showers And Thunderstorms,"A slight chance of showers and thunderstorms after 5pm. Mostly sunny, with a high near 111. West southwest wind around 10 mph, with gusts as high as 20 mph. Chance of precipitation is 20%."
219,2026-07-23T11:56:52Z,KPHX,Sunday Night,2026-07-26T18:00:00-07:00,0,90.0,Slight Chance Showers And Thunderstorms,"A slight chance of showers and thunderstorms before 5am. Mostly cloudy, with a low around 90. West southwest wind 5 to 10 mph. Chance of precipitation is 20%."
220,2026-07-23T11:56:52Z,KPHX,Monday,2026-07-27T06:00:00-07:00,1,107.0,Partly Sunny then Slight Chance Showers And Thunderstorms,"A slight chance of showers and thunderstorms after 5pm. Partly sunny, with a high near 107. West southwest wind around 5 mph. Chance of precipitation is 20%."
221,2026-07-23T11:56:52Z,KPHX,Monday Night,2026-07-27T18:00:00-07:00,0,89.0,Slight Chance Showers And Thunderstorms,"A slight chance of showers and thunderstorms before 5am. Mostly cloudy, with a low around 89. Southwest wind around 5 mph. Chance of precipitation is 20%."
222,2026-07-23T11:56:52Z,KPHX,Tuesday,2026-07-28T06:00:00-07:00,1,107.0,Mostly Sunny,"Mostly sunny, with a high near 107. Southwest wind around 5 mph."
223,2026-07-23T11:56:52Z,KPHX,Tuesday Night,2026-07-28T18:00:00-07:00,0,89.0,Partly Cloudy,"Partly cloudy, with a low around 89. West wind 0 to 5 mph."
224,2026-07-23T11:56:52Z,KPHX,Wednesday,2026-07-29T06:00:00-07:00,1,109.0,Mostly Sunny,"Mostly sunny, with a high near 109. South wind 0 to 5 mph."
225,2026-07-23T11:56:52Z,KSAT,Today,2026-07-23T06:00:00-05:00,1,101.0,Sunny,"Sunny, with a high near 101. Heat index values as high as 108. North northeast wind 5 to 15 mph, with gusts as high as 25 mph."
226,2026-07-23T11:56:52Z,KSAT,Tonight,2026-07-23T18:00:00-05:00,0,80.0,Chance Rain Showers,"A chance of rain showers after 10pm. Mostly cloudy, with a low around 80. Heat index values as high as 106. Northeast wind 5 to 15 mph, with gusts as high as 25 mph. Chance of precipitation is 30%. New rainfall amounts less than a tenth of an inch possible."
227,2026-07-23T11:56:52Z,KSAT,Friday,2026-07-24T06:00:00-05:00,1,95.0,Slight Chance Rain Showers then Mostly Sunny,"A slight chance of rain showers before 7am. Mostly sunny, with a high near 95. Heat index values as high as 101. Southeast wind 5 to 15 mph, with gusts as high as 25 mph. Chance of precipitation is 20%. New rainfall amounts less than a tenth of an inch possible."
228,2026-07-23T11:56:52Z,KSAT,Friday Night,2026-07-24T18:00:00-05:00,0,77.0,Partly Cloudy,"Partly cloudy, with a low around 77. Heat index values as high as 101. South southeast wind 5 to 15 mph, with gusts as high as 25 mph."
229,2026-07-23T11:56:52Z,KSAT,Saturday,2026-07-25T06:00:00-05:00,1,97.0,Mostly Sunny,"Mostly sunny, with a high near 97. South southeast wind 5 to 10 mph."
230,2026-07-23T11:56:52Z,KSAT,Saturday Night,2026-07-25T18:00:00-05:00,0,76.0,Mostly Clear,"Mostly clear, with a low around 76. South southeast wind 5 to 10 mph, with gusts as high as 20 mph."
231,2026-07-23T11:56:52Z,KSAT,Sunday,2026-07-26T06:00:00-05:00,1,96.0,Sunny,"Sunny, with a high near 96. South wind around 5 mph."
232,2026-07-23T11:56:52Z,KSAT,Sunday Night,2026-07-26T18:00:00-05:00,0,76.0,Mostly Clear,"Mostly clear, with a low around 76. South southeast wind 5 to 10 mph."
233,2026-07-23T11:56:52Z,KSAT,Monday,2026-07-27T06:00:00-05:00,1,97.0,Sunny,"Sunny, with a high near 97. South wind 5 to 10 mph."
234,2026-07-23T11:56:52Z,KSAT,Monday Night,2026-07-27T18:00:00-05:00,0,76.0,Clear,"Clear, with a low around 76."
235,2026-07-23T11:56:52Z,KSAT,Tuesday,2026-07-28T06:00:00-05:00,1,99.0,Sunny,"Sunny, with a high near 99."
236,2026-07-23T11:56:52Z,KSAT,Tuesday Night,2026-07-28T18:00:00-05:00,0,77.0,Clear,"Clear, with a low around 77."
237,2026-07-23T11:56:52Z,KSAT,Wednesday,2026-07-29T06:00:00-05:00,1,99.0,Sunny,"Sunny, with a high near 99."
238,2026-07-23T11:56:52Z,KSAT,Wednesday Night,2026-07-29T18:00:00-05:00,0,78.0,Mostly Clear,"Mostly clear, with a low around 78."
239,2026-07-23T11:56:52Z,KSFO,Overnight,2026-07-23T03:00:00-07:00,0,59.0,Mostly Cloudy,"Mostly cloudy, with a low around 59. West wind around 9 mph."
240,2026-07-23T11:56:52Z,KSFO,Thursday,2026-07-23T06:00:00-07:00,1,70.0,Partly Sunny,"Partly sunny, with a high near 70. West wind 9 to 22 mph, with gusts as high as 30 mph."
241,2026-07-23T11:56:52Z,KSFO,Thursday Night,2026-07-23T18:00:00-07:00,0,58.0,Partly Cloudy,"Partly cloudy, with a low around 58. West wind 13 to 22 mph, with gusts as high as 29 mph."
242,2026-07-23T11:56:52Z,KSFO,Friday,2026-07-24T06:00:00-07:00,1,70.0,Mostly Sunny,"Mostly sunny, with a high near 70. West wind 13 to 23 mph, with gusts as high as 30 mph."
243,2026-07-23T11:56:52Z,KSFO,Friday Night,2026-07-24T18:00:00-07:00,0,58.0,Partly Cloudy,"Partly cloudy, with a low around 58. West wind 14 to 23 mph, with gusts as high as 30 mph."
244,2026-07-23T11:56:52Z,KSFO,Saturday,2026-07-25T06:00:00-07:00,1,72.0,Sunny,"Sunny, with a high near 72."
245,2026-07-23T11:56:52Z,KSFO,Saturday Night,2026-07-25T18:00:00-07:00,0,58.0,Mostly Clear,"Mostly clear, with a low around 58."
246,2026-07-23T11:56:52Z,KSFO,Sunday,2026-07-26T06:00:00-07:00,1,72.0,Mostly Sunny,"Mostly sunny, with a high near 72."
247,2026-07-23T11:56:52Z,KSFO,Sunday Night,2026-07-26T18:00:00-07:00,0,58.0,Mostly Clear,"Mostly clear, with a low around 58."
248,2026-07-23T11:56:52Z,KSFO,Monday,2026-07-27T06:00:00-07:00,1,69.0,Sunny,"Sunny, with a high near 69."
249,2026-07-23T11:56:52Z,KSFO,Monday Night,2026-07-27T18:00:00-07:00,0,58.0,Mostly Clear,"Mostly clear, with a low around 58."
250,2026-07-23T11:56:52Z,KSFO,Tuesday,2026-07-28T06:00:00-07:00,1,69.0,Sunny,"Sunny, with a high near 69."
251,2026-07-23T11:56:52Z,KSFO,Tuesday Night,2026-07-28T18:00:00-07:00,0,58.0,Mostly Clear,"Mostly clear, with a low around 58."
252,2026-07-23T11:56:52Z,KSFO,Wednesday,2026-07-29T06:00:00-07:00,1,68.0,Sunny,"Sunny, with a high near 68."
253,2026-07-23T11:56:52Z,KSEA,Tonight,2026-07-22T23:00:00-07:00,0,64.0,Chance Light Rain,"A chance of rain. Mostly cloudy. Low around 64, with temperatures rising to around 66 overnight. South southwest wind around 13 mph. Chance of precipitation is 40%. New rainfall amounts less than a tenth of an inch possible."
254,2026-07-23T11:56:52Z,KSEA,Thursday,2026-07-23T06:00:00-07:00,1,79.0,Chance Light Rain then Partly Sunny,"A chance of rain before 11am. Partly sunny, with a high near 79. Southwest wind around 10 mph. Chance of precipitation is 30%. New rainfall amounts less than a tenth of an inch possible."
255,2026-07-23T11:56:52Z,KSEA,Thursday Night,2026-07-23T18:00:00-07:00,0,61.0,Partly Cloudy,"Partly cloudy, with a low around 61. South southwest wind 2 to 8 mph."
256,2026-07-23T11:56:52Z,KSEA,Friday,2026-07-24T06:00:00-07:00,1,84.0,Mostly Sunny,"Mostly sunny, with a high near 84. West southwest wind 3 to 8 mph."
257,2026-07-23T11:56:52Z,KSEA,Friday Night,2026-07-24T18:00:00-07:00,0,60.0,Mostly Clear,"Mostly clear, with a low around 60. West southwest wind 8 to 12 mph."
258,2026-07-23T11:56:52Z,KSEA,Saturday,2026-07-25T06:00:00-07:00,1,74.0,Partly Sunny,"Partly sunny, with a high near 74."
259,2026-07-23T11:56:52Z,KSEA,Saturday Night,2026-07-25T18:00:00-07:00,0,59.0,Mostly Cloudy,"Mostly cloudy, with a low around 59."
260,2026-07-23T11:56:52Z,KSEA,Sunday,2026-07-26T06:00:00-07:00,1,75.0,Slight Chance Light Rain,"A slight chance of rain between 11am and 5pm. Partly sunny, with a high near 75."
261,2026-07-23T11:56:52Z,KSEA,Sunday Night,2026-07-26T18:00:00-07:00,0,58.0,Mostly Cloudy,"Mostly cloudy, with a low around 58."
262,2026-07-23T11:56:52Z,KSEA,Monday,2026-07-27T06:00:00-07:00,1,76.0,Mostly Sunny,"Mostly sunny, with a high near 76."
263,2026-07-23T11:56:52Z,KSEA,Monday Night,2026-07-27T18:00:00-07:00,0,58.0,Partly Cloudy,"Partly cloudy, with a low around 58."
264,2026-07-23T11:56:52Z,KSEA,Tuesday,2026-07-28T06:00:00-07:00,1,77.0,Mostly Sunny,"Mostly sunny, with a high near 77."
265,2026-07-23T11:56:52Z,KSEA,Tuesday Night,2026-07-28T18:00:00-07:00,0,57.0,Partly Cloudy,"Partly cloudy, with a low around 57."
266,2026-07-23T11:56:52Z,KSEA,Wednesday,2026-07-29T06:00:00-07:00,1,77.0,Mostly Sunny,"Mostly sunny, with a high near 77."
267,2026-07-23T11:56:52Z,KDCA,Today,2026-07-23T07:00:00-04:00,1,82.0,Mostly Sunny,"Mostly sunny, with a high near 82. North wind 7 to 10 mph."
268,2026-07-23T11:56:52Z,KDCA,Tonight,2026-07-23T18:00:00-04:00,0,64.0,Mostly Clear,"Mostly clear, with a low around 64. Northeast wind 0 to 7 mph."
269,2026-07-23T11:56:52Z,KDCA,Friday,2026-07-24T06:00:00-04:00,1,83.0,Mostly Sunny,"Mostly sunny, with a high near 83. Northeast wind 3 to 10 mph."
270,2026-07-23T11:56:52Z,KDCA,Friday Night,2026-07-24T18:00:00-04:00,0,67.0,Mostly Cloudy,"Mostly cloudy, with a low around 67. East wind 5 to 10 mph."
271,2026-07-23T11:56:52Z,KDCA,Saturday,2026-07-25T06:00:00-04:00,1,83.0,Partly Sunny,"Partly sunny, with a high near 83. East wind 5 to 9 mph."
272,2026-07-23T11:56:52Z,KDCA,Saturday Night,2026-07-25T18:00:00-04:00,0,68.0,Partly Cloudy,"Partly cloudy, with a low around 68."
273,2026-07-23T11:56:52Z,KDCA,Sunday,2026-07-26T06:00:00-04:00,1,85.0,Mostly Sunny,"Mostly sunny, with a high near 85."
274,2026-07-23T11:56:52Z,KDCA,Sunday Night,2026-07-26T18:00:00-04:00,0,70.0,Slight Chance Showers And Thunderstorms,"A slight chance of showers and thunderstorms between 8pm and 2am. Partly cloudy, with a low around 70. Chance of precipitation is 20%."
275,2026-07-23T11:56:52Z,KDCA,Monday,2026-07-27T06:00:00-04:00,1,90.0,Mostly Sunny then Slight Chance Showers And Thunderstorms,"A slight chance of showers and thunderstorms after 2pm. Mostly sunny, with a high near 90. Chance of precipitation is 20%."
276,2026-07-23T11:56:52Z,KDCA,Monday Night,2026-07-27T18:00:00-04:00,0,73.0,Chance Showers And Thunderstorms,"A chance of showers and thunderstorms. Partly cloudy, with a low around 73. Chance of precipitation is 40%."
277,2026-07-23T11:56:52Z,KDCA,Tuesday,2026-07-28T06:00:00-04:00,1,90.0,Showers And Thunderstorms Likely,"A chance of rain showers before 2pm, then showers and thunderstorms likely. Partly sunny, with a high near 90. Chance of precipitation is 60%."
278,2026-07-23T11:56:52Z,KDCA,Tuesday Night,2026-07-28T18:00:00-04:00,0,72.0,Showers And Thunderstorms Likely,"Showers and thunderstorms likely. Mostly cloudy, with a low around 72. Chance of precipitation is 60%."
279,2026-07-23T11:56:52Z,KDCA,Wednesday,2026-07-29T06:00:00-04:00,1,86.0,Slight Chance Rain Showers then Slight Chance Showers And Thunderstorms,"A slight chance of rain showers before 8am, then a slight chance of showers and thunderstorms. Mostly sunny, with a high near 86. Chance of precipitation is 20%."
280,2026-07-23T11:56:52Z,KDCA,Wednesday Night,2026-07-29T18:00:00-04:00,0,71.0,Slight Chance Showers And Thunderstorms,"A slight chance of showers and thunderstorms before 2am. Partly cloudy, with a low around 71."
1,2026-07-23T14:24:48Z,KATL,Today,2026-07-23T06:00:00-04:00,1,91.0,Partly Sunny then Chance Showers And Thunderstorms,"A chance of showers and thunderstorms after 2pm. Partly sunny, with a high near 91. Heat index values as high as 97. Southwest wind 5 to 10 mph, with gusts as high as 20 mph. Chance of precipitation is 30%."
2,2026-07-23T14:24:48Z,KATL,Tonight,2026-07-23T18:00:00-04:00,0,75.0,Chance Showers And Thunderstorms,"A chance of showers and thunderstorms before 2am, then a chance of showers and thunderstorms between 2am and 3am, then a slight chance of showers and thunderstorms between 3am and 4am, then a chance of showers and thunderstorms. Mostly cloudy, with a low around 75. West wind 0 to 5 mph. Chance of precipitation is 40%."
3,2026-07-23T14:24:48Z,KATL,Friday,2026-07-24T06:00:00-04:00,1,88.0,Chance Showers And Thunderstorms then Showers And Thunderstorms Likely,"A chance of showers and thunderstorms before 11am, then showers and thunderstorms likely. Partly sunny. High near 88, with temperatures falling to around 84 in the afternoon. Southwest wind 0 to 5 mph. Chance of precipitation is 70%. New rainfall amounts between a half and three quarters of an inch possible."
4,2026-07-23T14:24:48Z,KATL,Friday Night,2026-07-24T18:00:00-04:00,0,74.0,Showers And Thunderstorms Likely then Chance Showers And Thunderstorms,"Showers and thunderstorms likely before 11pm, then a chance of showers and thunderstorms between 11pm and 2am. Mostly cloudy, with a low around 74. West wind 0 to 5 mph. Chance of precipitation is 60%."
5,2026-07-23T14:24:48Z,KATL,Saturday,2026-07-25T06:00:00-04:00,1,89.0,Chance Showers And Thunderstorms,"A chance of rain showers between 8am and 11am, then a chance of showers and thunderstorms between 11am and 2pm, then showers and thunderstorms likely. Partly sunny, with a high near 89. West wind 0 to 5 mph. Chance of precipitation is 70%."
6,2026-07-23T14:24:48Z,KATL,Saturday Night,2026-07-25T18:00:00-04:00,0,74.0,Showers And Thunderstorms Likely,"Showers and thunderstorms likely. Mostly cloudy, with a low around 74. Chance of precipitation is 70%."
7,2026-07-23T14:24:48Z,KATL,Sunday,2026-07-26T06:00:00-04:00,1,90.0,Chance Showers And Thunderstorms,"A chance of rain showers before 8am, then a chance of showers and thunderstorms between 8am and 2pm, then a chance of showers and thunderstorms. Mostly sunny, with a high near 90. Chance of precipitation is 30%."
8,2026-07-23T14:24:48Z,KATL,Sunday Night,2026-07-26T18:00:00-04:00,0,75.0,Chance Showers And Thunderstorms then Mostly Clear,"A chance of showers and thunderstorms before 8pm. Mostly clear, with a low around 75. Chance of precipitation is 30%."
9,2026-07-23T14:24:48Z,KATL,Monday,2026-07-27T06:00:00-04:00,1,93.0,Sunny,"Sunny, with a high near 93."
10,2026-07-23T14:24:48Z,KATL,Monday Night,2026-07-27T18:00:00-04:00,0,76.0,Mostly Clear,"Mostly clear, with a low around 76."
11,2026-07-23T14:24:48Z,KATL,Tuesday,2026-07-28T06:00:00-04:00,1,95.0,Sunny,"Sunny, with a high near 95."
12,2026-07-23T14:24:48Z,KATL,Tuesday Night,2026-07-28T18:00:00-04:00,0,77.0,Mostly Clear,"Mostly clear, with a low around 77."
13,2026-07-23T14:24:48Z,KATL,Wednesday,2026-07-29T06:00:00-04:00,1,94.0,Mostly Sunny,"Mostly sunny, with a high near 94."
14,2026-07-23T14:24:48Z,KATL,Wednesday Night,2026-07-29T18:00:00-04:00,0,75.0,Partly Cloudy,"Partly cloudy, with a low around 75."
15,2026-07-23T14:24:48Z,KAUS,Today,2026-07-23T07:00:00-05:00,1,100.0,Sunny,"Sunny, with a high near 100. Heat index values as high as 108. Northeast wind 5 to 10 mph, with gusts as high as 25 mph."
16,2026-07-23T14:24:48Z,KAUS,Tonight,2026-07-23T18:00:00-05:00,0,79.0,Slight Chance Rain Showers,"A slight chance of rain showers after 10pm. Partly cloudy, with a low around 79. Heat index values as high as 106. East northeast wind 5 to 30 mph, with gusts as high as 35 mph. Chance of precipitation is 20%. New rainfall amounts less than a tenth of an inch possible."
17,2026-07-23T14:24:48Z,KAUS,Friday,2026-07-24T06:00:00-05:00,1,96.0,Slight Chance Rain Showers then Mostly Sunny,"A slight chance of rain showers before 7am. Mostly sunny, with a high near 96. Heat index values as high as 102. Southeast wind 5 to 25 mph. Chance of precipitation is 20%. New rainfall amounts less than a tenth of an inch possible."
18,2026-07-23T14:24:48Z,KAUS,Friday Night,2026-07-24T18:00:00-05:00,0,77.0,Mostly Clear,"Mostly clear, with a low around 77. Heat index values as high as 103. South wind 5 to 10 mph, with gusts as high as 20 mph."
19,2026-07-23T14:24:48Z,KAUS,Saturday,2026-07-25T06:00:00-05:00,1,97.0,Mostly Sunny,"Mostly sunny, with a high near 97. South wind 5 to 10 mph."
20,2026-07-23T14:24:48Z,KAUS,Saturday Night,2026-07-25T18:00:00-05:00,0,74.0,Mostly Clear,"Mostly clear, with a low around 74. South wind 5 to 10 mph."
21,2026-07-23T14:24:48Z,KAUS,Sunday,2026-07-26T06:00:00-05:00,1,97.0,Sunny,"Sunny, with a high near 97. South wind around 5 mph."
22,2026-07-23T14:24:48Z,KAUS,Sunday Night,2026-07-26T18:00:00-05:00,0,76.0,Mostly Clear,"Mostly clear, with a low around 76. South wind 5 to 10 mph."
23,2026-07-23T14:24:48Z,KAUS,Monday,2026-07-27T06:00:00-05:00,1,98.0,Sunny,"Sunny, with a high near 98. South wind around 5 mph."
24,2026-07-23T14:24:48Z,KAUS,Monday Night,2026-07-27T18:00:00-05:00,0,77.0,Mostly Clear,"Mostly clear, with a low around 77."
25,2026-07-23T14:24:48Z,KAUS,Tuesday,2026-07-28T06:00:00-05:00,1,99.0,Sunny,"Sunny, with a high near 99."
26,2026-07-23T14:24:48Z,KAUS,Tuesday Night,2026-07-28T18:00:00-05:00,0,77.0,Mostly Clear,"Mostly clear, with a low around 77."
27,2026-07-23T14:24:48Z,KAUS,Wednesday,2026-07-29T06:00:00-05:00,1,100.0,Sunny,"Sunny, with a high near 100."
28,2026-07-23T14:24:48Z,KAUS,Wednesday Night,2026-07-29T18:00:00-05:00,0,78.0,Mostly Clear,"Mostly clear, with a low around 78."
29,2026-07-23T14:24:48Z,KBOS,Today,2026-07-23T09:00:00-04:00,1,78.0,Sunny,"Sunny, with a high near 78. Northeast wind 3 to 7 mph."
30,2026-07-23T14:24:48Z,KBOS,Tonight,2026-07-23T18:00:00-04:00,0,63.0,Clear,"Clear, with a low around 63. Southwest wind 2 to 7 mph."
31,2026-07-23T14:24:48Z,KBOS,Friday,2026-07-24T06:00:00-04:00,1,79.0,Sunny,"Sunny, with a high near 79. Northeast wind 1 to 10 mph."
32,2026-07-23T14:24:48Z,KBOS,Friday Night,2026-07-24T18:00:00-04:00,0,62.0,Mostly Clear,"Mostly clear, with a low around 62. South wind 2 to 9 mph."
33,2026-07-23T14:24:48Z,KBOS,Saturday,2026-07-25T06:00:00-04:00,1,78.0,Sunny,"Sunny, with a high near 78. North wind 2 to 12 mph."
34,2026-07-23T14:24:48Z,KBOS,Saturday Night,2026-07-25T18:00:00-04:00,0,63.0,Mostly Clear,"Mostly clear, with a low around 63. Northeast wind 2 to 9 mph."
35,2026-07-23T14:24:48Z,KBOS,Sunday,2026-07-26T06:00:00-04:00,1,77.0,Mostly Sunny,"Mostly sunny, with a high near 77. Northeast wind 2 to 9 mph."
36,2026-07-23T14:24:48Z,KBOS,Sunday Night,2026-07-26T18:00:00-04:00,0,64.0,Partly Cloudy,"Partly cloudy, with a low around 64. Southeast wind 3 to 8 mph."
37,2026-07-23T14:24:48Z,KBOS,Monday,2026-07-27T06:00:00-04:00,1,77.0,Sunny,"Sunny, with a high near 77. South wind 3 to 9 mph."
38,2026-07-23T14:24:48Z,KBOS,Monday Night,2026-07-27T18:00:00-04:00,0,67.0,Partly Cloudy then Slight Chance Showers And Thunderstorms,"A slight chance of showers and thunderstorms after midnight. Partly cloudy, with a low around 67. South wind around 8 mph."
39,2026-07-23T14:24:48Z,KBOS,Tuesday,2026-07-28T06:00:00-04:00,1,79.0,Chance Showers And Thunderstorms,"A chance of showers and thunderstorms before 2pm, then a chance of showers and thunderstorms. Partly sunny, with a high near 79. South wind 5 to 12 mph. Chance of precipitation is 50%."
40,2026-07-23T14:24:48Z,KBOS,Tuesday Night,2026-07-28T18:00:00-04:00,0,68.0,Chance Showers And Thunderstorms,"A chance of showers and thunderstorms before 8pm, then a chance of showers and thunderstorms. Mostly cloudy, with a low around 68. South wind 7 to 10 mph. Chance of precipitation is 50%."
41,2026-07-23T14:24:48Z,KBOS,Wednesday,2026-07-29T06:00:00-04:00,1,76.0,Showers And Thunderstorms Likely,"Showers and thunderstorms likely. Partly sunny, with a high near 76. Southeast wind around 9 mph. Chance of precipitation is 60%."
42,2026-07-23T14:24:48Z,KBOS,Wednesday Night,2026-07-29T18:00:00-04:00,0,67.0,Chance Showers And Thunderstorms,"A chance of showers and thunderstorms before 2am. Mostly cloudy, with a low around 67. Northeast wind around 8 mph."
43,2026-07-23T14:24:48Z,KMDW,Today,2026-07-23T06:00:00-05:00,1,79.0,Sunny,"Sunny, with a high near 79. South southwest wind 0 to 10 mph."
44,2026-07-23T14:24:48Z,KMDW,Tonight,2026-07-23T18:00:00-05:00,0,64.0,Mostly Cloudy,"Mostly cloudy, with a low around 64. South southeast wind 0 to 5 mph, with gusts as high as 10 mph."
45,2026-07-23T14:24:48Z,KMDW,Friday,2026-07-24T06:00:00-05:00,1,80.0,Mostly Sunny,"Mostly sunny, with a high near 80. South wind 0 to 10 mph."
46,2026-07-23T14:24:48Z,KMDW,Friday Night,2026-07-24T18:00:00-05:00,0,64.0,Partly Cloudy,"Partly cloudy, with a low around 64. South southwest wind 5 to 10 mph."
47,2026-07-23T14:24:48Z,KMDW,Saturday,2026-07-25T06:00:00-05:00,1,85.0,Partly Sunny,"Partly sunny, with a high near 85. Southwest wind 5 to 10 mph."
48,2026-07-23T14:24:48Z,KMDW,Saturday Night,2026-07-25T18:00:00-05:00,0,71.0,Partly Cloudy,"Partly cloudy, with a low around 71."
49,2026-07-23T14:24:48Z,KMDW,Sunday,2026-07-26T06:00:00-05:00,1,91.0,Mostly Sunny,"Mostly sunny, with a high near 91."
50,2026-07-23T14:24:48Z,KMDW,Sunday Night,2026-07-26T18:00:00-05:00,0,76.0,Partly Cloudy then Chance Showers And Thunderstorms,"A chance of showers and thunderstorms after 1am. Partly cloudy, with a low around 76."
51,2026-07-23T14:24:48Z,KMDW,Monday,2026-07-27T06:00:00-05:00,1,93.0,Chance Showers And Thunderstorms,"A chance of showers and thunderstorms before 1pm, then a chance of showers and thunderstorms. Mostly sunny, with a high near 93."
52,2026-07-23T14:24:48Z,KMDW,Monday Night,2026-07-27T18:00:00-05:00,0,74.0,Chance Showers And Thunderstorms,"A chance of showers and thunderstorms before 1am, then a chance of showers and thunderstorms. Partly cloudy, with a low around 74."
53,2026-07-23T14:24:48Z,KMDW,Tuesday,2026-07-28T06:00:00-05:00,1,86.0,Chance Showers And Thunderstorms then Mostly Sunny,"A chance of showers and thunderstorms before 7am. Mostly sunny, with a high near 86."
54,2026-07-23T14:24:48Z,KMDW,Tuesday Night,2026-07-28T18:00:00-05:00,0,70.0,Partly Cloudy,"Partly cloudy, with a low around 70."
55,2026-07-23T14:24:48Z,KMDW,Wednesday,2026-07-29T06:00:00-05:00,1,82.0,Sunny,"Sunny, with a high near 82."
56,2026-07-23T14:24:48Z,KMDW,Wednesday Night,2026-07-29T18:00:00-05:00,0,70.0,Mostly Clear,"Mostly clear, with a low around 70."
57,2026-07-23T14:24:48Z,KDFW,Today,2026-07-23T07:00:00-05:00,1,99.0,Sunny,"Sunny, with a high near 99. Heat index values as high as 106. East northeast wind 5 to 15 mph."
58,2026-07-23T14:24:48Z,KDFW,Tonight,2026-07-23T18:00:00-05:00,0,80.0,Mostly Clear,"Mostly clear. Low around 80, with temperatures rising to around 82 overnight. Heat index values as high as 106. East southeast wind 10 to 15 mph."
59,2026-07-23T14:24:48Z,KDFW,Friday,2026-07-24T06:00:00-05:00,1,98.0,Mostly Sunny,"Mostly sunny, with a high near 98. Heat index values as high as 107. South southeast wind 10 to 15 mph, with gusts as high as 25 mph."
60,2026-07-23T14:24:48Z,KDFW,Friday Night,2026-07-24T18:00:00-05:00,0,80.0,Mostly Clear,"Mostly clear. Low around 80, with temperatures rising to around 82 overnight. Heat index values as high as 107. South wind 10 to 15 mph, with gusts as high as 25 mph."
61,2026-07-23T14:24:48Z,KDFW,Saturday,2026-07-25T06:00:00-05:00,1,100.0,Mostly Sunny,"Mostly sunny, with a high near 100. South southwest wind around 10 mph, with gusts as high as 20 mph."
62,2026-07-23T14:24:48Z,KDFW,Saturday Night,2026-07-25T18:00:00-05:00,0,81.0,Mostly Clear,"Mostly clear. Low around 81, with temperatures rising to around 83 overnight. South wind around 10 mph."
63,2026-07-23T14:24:48Z,KDFW,Sunday,2026-07-26T06:00:00-05:00,1,102.0,Sunny,"Sunny, with a high near 102. South southwest wind around 10 mph."
64,2026-07-23T14:24:48Z,KDFW,Sunday Night,2026-07-26T18:00:00-05:00,0,82.0,Clear,"Clear, with a low around 82. South wind around 10 mph."
65,2026-07-23T14:24:48Z,KDFW,Monday,2026-07-27T06:00:00-05:00,1,102.0,Sunny,"Sunny, with a high near 102. South southwest wind 5 to 10 mph."
66,2026-07-23T14:24:48Z,KDFW,Monday Night,2026-07-27T18:00:00-05:00,0,82.0,Clear,"Clear, with a low around 82."
67,2026-07-23T14:24:48Z,KDFW,Tuesday,2026-07-28T06:00:00-05:00,1,102.0,Sunny,"Sunny, with a high near 102."
68,2026-07-23T14:24:48Z,KDFW,Tuesday Night,2026-07-28T18:00:00-05:00,0,82.0,Mostly Clear,"Mostly clear, with a low around 82."
69,2026-07-23T14:24:48Z,KDFW,Wednesday,2026-07-29T06:00:00-05:00,1,103.0,Sunny,"Sunny, with a high near 103."
70,2026-07-23T14:24:48Z,KDFW,Wednesday Night,2026-07-29T18:00:00-05:00,0,83.0,Mostly Clear,"Mostly clear, with a low around 83."
71,2026-07-23T14:24:48Z,KDEN,Today,2026-07-23T06:00:00-06:00,1,89.0,Partly Sunny then Chance Showers And Thunderstorms,"A chance of showers and thunderstorms between noon and 3pm, then showers and thunderstorms likely. Partly sunny. High near 89, with temperatures falling to around 83 in the afternoon. North wind 5 to 8 mph. Chance of precipitation is 60%. New rainfall amounts between a tenth and quarter of an inch possible."
72,2026-07-23T14:24:48Z,KDEN,Tonight,2026-07-23T18:00:00-06:00,0,64.0,Chance Showers And Thunderstorms then Partly Cloudy,"A chance of showers and thunderstorms before midnight. Partly cloudy. Low around 64, with temperatures rising to around 68 overnight. South wind 5 to 8 mph. Chance of precipitation is 40%. New rainfall amounts less than a tenth of an inch possible."
73,2026-07-23T14:24:48Z,KDEN,Friday,2026-07-24T06:00:00-06:00,1,95.0,Sunny,"Sunny, with a high near 95. North northwest wind around 6 mph, with gusts as high as 16 mph."
74,2026-07-23T14:24:48Z,KDEN,Friday Night,2026-07-24T18:00:00-06:00,0,67.0,Mostly Clear,"Mostly clear, with a low around 67. Southeast wind 5 to 8 mph."
75,2026-07-23T14:24:48Z,KDEN,Saturday,2026-07-25T06:00:00-06:00,1,99.0,Mostly Sunny,"Mostly sunny, with a high near 99. South wind 5 to 10 mph, with gusts as high as 20 mph."
76,2026-07-23T14:24:48Z,KDEN,Saturday Night,2026-07-25T18:00:00-06:00,0,69.0,Partly Cloudy,"Partly cloudy, with a low around 69."
77,2026-07-23T14:24:48Z,KDEN,Sunday,2026-07-26T06:00:00-06:00,1,100.0,Sunny,"Sunny, with a high near 100."
78,2026-07-23T14:24:48Z,KDEN,Sunday Night,2026-07-26T18:00:00-06:00,0,69.0,Slight Chance Showers And Thunderstorms then Partly Cloudy,"A slight chance of showers and thunderstorms before midnight. Partly cloudy, with a low around 69."
79,2026-07-23T14:24:48Z,KDEN,Monday,2026-07-27T06:00:00-06:00,1,97.0,Mostly Sunny then Chance Showers And Thunderstorms,"A chance of showers and thunderstorms after noon. Mostly sunny, with a high near 97."
80,2026-07-23T14:24:48Z,KDEN,Monday Night,2026-07-27T18:00:00-06:00,0,66.0,Chance Showers And Thunderstorms,"A chance of showers and thunderstorms. Mostly cloudy, with a low around 66."
81,2026-07-23T14:24:48Z,KDEN,Tuesday,2026-07-28T06:00:00-06:00,1,93.0,Partly Sunny then Showers And Thunderstorms Likely,"Showers and thunderstorms likely after noon. Partly sunny, with a high near 93."
82,2026-07-23T14:24:48Z,KDEN,Tuesday Night,2026-07-28T18:00:00-06:00,0,64.0,Showers And Thunderstorms Likely,"Showers and thunderstorms likely. Mostly cloudy, with a low around 64."
83,2026-07-23T14:24:48Z,KDEN,Wednesday,2026-07-29T06:00:00-06:00,1,91.0,Partly Sunny then Chance Showers And Thunderstorms,"A chance of showers and thunderstorms after noon. Partly sunny, with a high near 91."
84,2026-07-23T14:24:48Z,KDEN,Wednesday Night,2026-07-29T18:00:00-06:00,0,63.0,Chance Showers And Thunderstorms then Mostly Cloudy,"A chance of showers and thunderstorms before midnight. Mostly cloudy, with a low around 63."
85,2026-07-23T14:24:48Z,KIAH,Today,2026-07-23T09:00:00-05:00,1,94.0,Mostly Sunny then Chance Showers And Thunderstorms,"A chance of showers and thunderstorms after 1pm. Mostly sunny. High near 94, with temperatures falling to around 91 in the afternoon. Heat index values as high as 110. Northeast wind 10 to 25 mph, with gusts as high as 30 mph. Chance of precipitation is 50%. New rainfall amounts less than a tenth of an inch possible."
86,2026-07-23T14:24:48Z,KIAH,Tonight,2026-07-23T18:00:00-05:00,0,79.0,Chance Showers And Thunderstorms,"A chance of showers and thunderstorms before 1am. Partly cloudy, with a low around 79. Heat index values as high as 105. East wind 5 to 25 mph. Chance of precipitation is 40%. New rainfall amounts less than a tenth of an inch possible."
87,2026-07-23T14:24:48Z,KIAH,Friday,2026-07-24T06:00:00-05:00,1,95.0,Mostly Sunny,"Mostly sunny, with a high near 95. Heat index values as high as 107. South wind 5 to 10 mph. New rainfall amounts less than a tenth of an inch possible."
88,2026-07-23T14:24:48Z,KIAH,Friday Night,2026-07-24T18:00:00-05:00,0,78.0,Mostly Clear,"Mostly clear, with a low around 78. Heat index values as high as 105. South wind 5 to 10 mph."
89,2026-07-23T14:24:48Z,KIAH,Saturday,2026-07-25T06:00:00-05:00,1,97.0,Sunny,"Sunny, with a high near 97. South wind 0 to 10 mph."
90,2026-07-23T14:24:48Z,KIAH,Saturday Night,2026-07-25T18:00:00-05:00,0,77.0,Mostly Clear,"Mostly clear, with a low around 77."
91,2026-07-23T14:24:48Z,KIAH,Sunday,2026-07-26T06:00:00-05:00,1,99.0,Sunny,"Sunny, with a high near 99."
92,2026-07-23T14:24:48Z,KIAH,Sunday Night,2026-07-26T18:00:00-05:00,0,79.0,Mostly Clear,"Mostly clear, with a low around 79."
93,2026-07-23T14:24:48Z,KIAH,Monday,2026-07-27T06:00:00-05:00,1,100.0,Sunny,"Sunny, with a high near 100."
94,2026-07-23T14:24:48Z,KIAH,Monday Night,2026-07-27T18:00:00-05:00,0,79.0,Mostly Clear,"Mostly clear, with a low around 79."
95,2026-07-23T14:24:48Z,KIAH,Tuesday,2026-07-28T06:00:00-05:00,1,101.0,Sunny,"Sunny, with a high near 101."
96,2026-07-23T14:24:48Z,KIAH,Tuesday Night,2026-07-28T18:00:00-05:00,0,80.0,Mostly Clear,"Mostly clear, with a low around 80."
97,2026-07-23T14:24:48Z,KIAH,Wednesday,2026-07-29T06:00:00-05:00,1,101.0,Sunny,"Sunny, with a high near 101."
98,2026-07-23T14:24:48Z,KIAH,Wednesday Night,2026-07-29T18:00:00-05:00,0,80.0,Mostly Clear,"Mostly clear, with a low around 80."
99,2026-07-23T14:24:48Z,KLAS,Today,2026-07-23T06:00:00-07:00,1,110.0,Sunny,"Sunny, with a high near 110. Heat index values as high as 107. East southeast wind around 5 mph."
100,2026-07-23T14:24:48Z,KLAS,Tonight,2026-07-23T18:00:00-07:00,0,91.0,Mostly Clear,"Mostly clear. Low around 91, with temperatures rising to around 94 overnight. Heat index values as high as 107. South southwest wind around 5 mph."
101,2026-07-23T14:24:48Z,KLAS,Friday,2026-07-24T06:00:00-07:00,1,111.0,Sunny then Isolated Showers And Thunderstorms,"Isolated showers and thunderstorms between 3pm and 4pm. Sunny, with a high near 111. Heat index values as high as 108. South southeast wind 2 to 8 mph."
102,2026-07-23T14:24:48Z,KLAS,Friday Night,2026-07-24T18:00:00-07:00,0,91.0,Mostly Clear,"Mostly clear, with a low around 91. Heat index values as high as 108. South southwest wind around 7 mph."
103,2026-07-23T14:24:48Z,KLAS,Saturday,2026-07-25T06:00:00-07:00,1,113.0,Sunny,"Sunny, with a high near 113. South wind 2 to 10 mph, with gusts as high as 20 mph."
104,2026-07-23T14:24:48Z,KLAS,Saturday Night,2026-07-25T18:00:00-07:00,0,91.0,Mostly Clear,"Mostly clear, with a low around 91."
105,2026-07-23T14:24:48Z,KLAS,Sunday,2026-07-26T06:00:00-07:00,1,113.0,Sunny,"Sunny, with a high near 113."
106,2026-07-23T14:24:48Z,KLAS,Sunday Night,2026-07-26T18:00:00-07:00,0,90.0,Partly Cloudy,"Partly cloudy, with a low around 90."
107,2026-07-23T14:24:48Z,KLAS,Monday,2026-07-27T06:00:00-07:00,1,110.0,Mostly Sunny,"Mostly sunny, with a high near 110."
108,2026-07-23T14:24:48Z,KLAS,Monday Night,2026-07-27T18:00:00-07:00,0,88.0,Partly Cloudy,"Partly cloudy, with a low around 88."
109,2026-07-23T14:24:48Z,KLAS,Tuesday,2026-07-28T06:00:00-07:00,1,109.0,Mostly Sunny,"Mostly sunny, with a high near 109."
110,2026-07-23T14:24:48Z,KLAS,Tuesday Night,2026-07-28T18:00:00-07:00,0,88.0,Partly Cloudy then Slight Chance Showers And Thunderstorms,"A slight chance of showers and thunderstorms after 5am. Partly cloudy, with a low around 88."
111,2026-07-23T14:24:48Z,KLAS,Wednesday,2026-07-29T06:00:00-07:00,1,108.0,Slight Chance Showers And Thunderstorms,"A slight chance of showers and thunderstorms before 5pm. Sunny, with a high near 108."
112,2026-07-23T14:24:48Z,KLAS,Wednesday Night,2026-07-29T18:00:00-07:00,0,88.0,Mostly Clear,"Mostly clear, with a low around 88."
113,2026-07-23T14:24:48Z,KLAX,Today,2026-07-23T06:00:00-07:00,1,81.0,Sunny,"Sunny, with a high near 81. West southwest wind 5 to 15 mph."
114,2026-07-23T14:24:48Z,KLAX,Tonight,2026-07-23T18:00:00-07:00,0,69.0,Partly Cloudy,"Partly cloudy, with a low around 69. South wind 5 to 10 mph."
115,2026-07-23T14:24:48Z,KLAX,Friday,2026-07-24T06:00:00-07:00,1,82.0,Mostly Sunny,"Mostly sunny, with a high near 82. South wind 5 to 10 mph."
116,2026-07-23T14:24:48Z,KLAX,Friday Night,2026-07-24T18:00:00-07:00,0,69.0,Mostly Cloudy,"Mostly cloudy, with a low around 69. South wind 5 to 10 mph."
117,2026-07-23T14:24:48Z,KLAX,Saturday,2026-07-25T06:00:00-07:00,1,82.0,Sunny,"Sunny, with a high near 82. South wind 5 to 10 mph."
118,2026-07-23T14:24:48Z,KLAX,Saturday Night,2026-07-25T18:00:00-07:00,0,70.0,Partly Cloudy,"Partly cloudy, with a low around 70."
119,2026-07-23T14:24:48Z,KLAX,Sunday,2026-07-26T06:00:00-07:00,1,79.0,Mostly Sunny,"Mostly sunny, with a high near 79."
120,2026-07-23T14:24:48Z,KLAX,Sunday Night,2026-07-26T18:00:00-07:00,0,69.0,Partly Cloudy,"Partly cloudy, with a low around 69."
121,2026-07-23T14:24:48Z,KLAX,Monday,2026-07-27T06:00:00-07:00,1,78.0,Mostly Sunny,"Mostly sunny, with a high near 78."
122,2026-07-23T14:24:48Z,KLAX,Monday Night,2026-07-27T18:00:00-07:00,0,68.0,Partly Cloudy,"Partly cloudy, with a low around 68."
123,2026-07-23T14:24:48Z,KLAX,Tuesday,2026-07-28T06:00:00-07:00,1,76.0,Mostly Sunny,"Mostly sunny, with a high near 76."
124,2026-07-23T14:24:48Z,KLAX,Tuesday Night,2026-07-28T18:00:00-07:00,0,68.0,Partly Cloudy,"Partly cloudy, with a low around 68."
125,2026-07-23T14:24:48Z,KLAX,Wednesday,2026-07-29T06:00:00-07:00,1,77.0,Mostly Sunny,"Mostly sunny, with a high near 77."
126,2026-07-23T14:24:48Z,KLAX,Wednesday Night,2026-07-29T18:00:00-07:00,0,68.0,Partly Cloudy,"Partly cloudy, with a low around 68."
127,2026-07-23T14:24:48Z,KMIA,Today,2026-07-23T06:00:00-04:00,1,93.0,Chance Showers And Thunderstorms,"A chance of showers and thunderstorms after 9am. Mostly sunny, with a high near 93. Heat index values as high as 101. East wind 7 to 15 mph, with gusts as high as 24 mph. Chance of precipitation is 30%. New rainfall amounts less than a tenth of an inch possible."
128,2026-07-23T14:24:48Z,KMIA,Tonight,2026-07-23T18:00:00-04:00,0,80.0,Chance Showers And Thunderstorms,"A chance of showers and thunderstorms. Mostly cloudy, with a low around 80. East wind 7 to 14 mph, with gusts as high as 22 mph. Chance of precipitation is 40%. New rainfall amounts between a tenth and quarter of an inch possible."
129,2026-07-23T14:24:48Z,KMIA,Friday,2026-07-24T06:00:00-04:00,1,92.0,Chance Showers And Thunderstorms,"A chance of showers and thunderstorms. Partly sunny, with a high near 92. Heat index values as high as 102. East wind 6 to 12 mph. Chance of precipitation is 50%. New rainfall amounts between a tenth and quarter of an inch possible."
130,2026-07-23T14:24:48Z,KMIA,Friday Night,2026-07-24T18:00:00-04:00,0,81.0,Chance Showers And Thunderstorms,"A chance of showers and thunderstorms. Partly cloudy, with a low around 81. Southeast wind 2 to 10 mph. Chance of precipitation is 40%."
131,2026-07-23T14:24:48Z,KMIA,Saturday,2026-07-25T06:00:00-04:00,1,93.0,Showers And Thunderstorms Likely,"Showers and thunderstorms likely. Mostly sunny, with a high near 93. Southeast wind 0 to 8 mph. Chance of precipitation is 60%."
132,2026-07-23T14:24:48Z,KMIA,Saturday Night,2026-07-25T18:00:00-04:00,0,80.0,Showers And Thunderstorms Likely then Chance Showers And Thunderstorms,"Showers and thunderstorms likely before 11pm, then a chance of showers and thunderstorms between 11pm and 2am. Partly cloudy, with a low around 80. South wind 0 to 7 mph. Chance of precipitation is 60%."
133,2026-07-23T14:24:48Z,KMIA,Sunday,2026-07-26T06:00:00-04:00,1,94.0,Showers And Thunderstorms Likely,"Showers and thunderstorms likely after 8am. Mostly sunny, with a high near 94. Southwest wind 3 to 9 mph. Chance of precipitation is 70%."
134,2026-07-23T14:24:48Z,KMIA,Sunday Night,2026-07-26T18:00:00-04:00,0,79.0,Showers And Thunderstorms Likely,"Showers and thunderstorms likely before 2am. Mostly cloudy, with a low around 79. Southwest wind around 8 mph. Chance of precipitation is 70%."
135,2026-07-23T14:24:48Z,KMIA,Monday,2026-07-27T06:00:00-04:00,1,93.0,Showers And Thunderstorms Likely,"Showers and thunderstorms likely after 8am. Mostly sunny, with a high near 93. Southwest wind 6 to 12 mph, with gusts as high as 18 mph. Chance of precipitation is 70%."
136,2026-07-23T14:24:48Z,KMIA,Monday Night,2026-07-27T18:00:00-04:00,0,79.0,Showers And Thunderstorms Likely,"Showers and thunderstorms likely. Mostly cloudy, with a low around 79. Chance of precipitation is 70%."
137,2026-07-23T14:24:48Z,KMIA,Tuesday,2026-07-28T06:00:00-04:00,1,92.0,Showers And Thunderstorms Likely,"Showers and thunderstorms likely. Partly sunny, with a high near 92. Chance of precipitation is 60%."
138,2026-07-23T14:24:48Z,KMIA,Tuesday Night,2026-07-28T18:00:00-04:00,0,79.0,Showers And Thunderstorms Likely,"Showers and thunderstorms likely before 2am. Mostly cloudy, with a low around 79. Chance of precipitation is 60%."
139,2026-07-23T14:24:48Z,KMIA,Wednesday,2026-07-29T06:00:00-04:00,1,94.0,Chance Showers And Thunderstorms,"A chance of showers and thunderstorms after 8am. Mostly sunny, with a high near 94. Chance of precipitation is 40%."
140,2026-07-23T14:24:48Z,KMIA,Wednesday Night,2026-07-29T18:00:00-04:00,0,80.0,Chance Showers And Thunderstorms then Partly Cloudy,"A chance of showers and thunderstorms before 8pm. Partly cloudy, with a low around 80."
141,2026-07-23T14:24:48Z,KMSP,Today,2026-07-23T06:00:00-05:00,1,81.0,Sunny,"Sunny, with a high near 81. South southwest wind 5 to 10 mph."
142,2026-07-23T14:24:48Z,KMSP,Tonight,2026-07-23T18:00:00-05:00,0,65.0,Partly Cloudy,"Partly cloudy, with a low around 65. South wind around 10 mph."
143,2026-07-23T14:24:48Z,KMSP,Friday,2026-07-24T06:00:00-05:00,1,83.0,Mostly Sunny,"Mostly sunny, with a high near 83. South southwest wind 10 to 15 mph, with gusts as high as 25 mph."
144,2026-07-23T14:24:48Z,KMSP,Friday Night,2026-07-24T18:00:00-05:00,0,68.0,Partly Cloudy,"Partly cloudy, with a low around 68. South southwest wind around 15 mph, with gusts as high as 25 mph."
145,2026-07-23T14:24:48Z,KMSP,Saturday,2026-07-25T06:00:00-05:00,1,93.0,Sunny,"Sunny, with a high near 93. West southwest wind around 10 mph."
146,2026-07-23T14:24:48Z,KMSP,Saturday Night,2026-07-25T18:00:00-05:00,0,73.0,Mostly Clear,"Mostly clear, with a low around 73. South southwest wind 5 to 10 mph."
147,2026-07-23T14:24:48Z,KMSP,Sunday,2026-07-26T06:00:00-05:00,1,95.0,Mostly Sunny,"Mostly sunny, with a high near 95. South wind 10 to 15 mph."
148,2026-07-23T14:24:48Z,KMSP,Sunday Night,2026-07-26T18:00:00-05:00,0,74.0,Chance Showers And Thunderstorms,"A chance of showers and thunderstorms after 7pm. Partly cloudy, with a low around 74. South southwest wind 10 to 15 mph. Chance of precipitation is 40%."
149,2026-07-23T14:24:48Z,KMSP,Monday,2026-07-27T06:00:00-05:00,1,95.0,Slight Chance Showers And Thunderstorms then Sunny,"A slight chance of showers and thunderstorms before 7am. Sunny, with a high near 95. West northwest wind 5 to 10 mph. Chance of precipitation is 20%."
150,2026-07-23T14:24:48Z,KMSP,Monday Night,2026-07-27T18:00:00-05:00,0,71.0,Mostly Clear,"Mostly clear, with a low around 71. North northeast wind 0 to 10 mph."
151,2026-07-23T14:24:48Z,KMSP,Tuesday,2026-07-28T06:00:00-05:00,1,91.0,Sunny,"Sunny, with a high near 91. North northeast wind 0 to 5 mph."
152,2026-07-23T14:24:48Z,KMSP,Tuesday Night,2026-07-28T18:00:00-05:00,0,70.0,Mostly Clear,"Mostly clear, with a low around 70. East wind 0 to 10 mph."
153,2026-07-23T14:24:48Z,KMSP,Wednesday,2026-07-29T06:00:00-05:00,1,91.0,Sunny,"Sunny, with a high near 91. East northeast wind 0 to 10 mph."
154,2026-07-23T14:24:48Z,KMSP,Wednesday Night,2026-07-29T18:00:00-05:00,0,70.0,Mostly Clear,"Mostly clear, with a low around 70. East southeast wind 5 to 10 mph."
155,2026-07-23T14:24:48Z,KMSY,Today,2026-07-23T06:00:00-05:00,1,91.0,Chance Showers And Thunderstorms,"A chance of showers and thunderstorms before 10am, then a chance of showers and thunderstorms between 10am and 4pm. Mostly sunny, with a high near 91. South wind around 15 mph, with gusts as high as 30 mph. Chance of precipitation is 30%. New rainfall amounts between a quarter and half of an inch possible."
156,2026-07-23T14:24:48Z,KMSY,Tonight,2026-07-23T18:00:00-05:00,0,78.0,Mostly Clear,"Mostly clear, with a low around 78. South wind 5 to 15 mph. New rainfall amounts between a tenth and quarter of an inch possible."
157,2026-07-23T14:24:48Z,KMSY,Friday,2026-07-24T06:00:00-05:00,1,94.0,Mostly Sunny,"Mostly sunny, with a high near 94. Southeast wind 5 to 10 mph. New rainfall amounts less than a tenth of an inch possible."
158,2026-07-23T14:24:48Z,KMSY,Friday Night,2026-07-24T18:00:00-05:00,0,77.0,Mostly Clear,"Mostly clear, with a low around 77. Southwest wind 5 to 10 mph."
159,2026-07-23T14:24:48Z,KMSY,Saturday,2026-07-25T06:00:00-05:00,1,95.0,Sunny,"Sunny, with a high near 95. Northwest wind 0 to 5 mph."
160,2026-07-23T14:24:48Z,KMSY,Saturday Night,2026-07-25T18:00:00-05:00,0,78.0,Partly Cloudy,"Partly cloudy, with a low around 78. Southwest wind 5 to 10 mph."
161,2026-07-23T14:24:48Z,KMSY,Sunday,2026-07-26T06:00:00-05:00,1,97.0,Sunny,"Sunny, with a high near 97. West wind around 10 mph."
162,2026-07-23T14:24:48Z,KMSY,Sunday Night,2026-07-26T18:00:00-05:00,0,79.0,Mostly Clear,"Mostly clear, with a low around 79. West wind around 10 mph."
163,2026-07-23T14:24:48Z,KMSY,Monday,2026-07-27T06:00:00-05:00,1,98.0,Sunny,"Sunny, with a high near 98. West wind around 10 mph."
164,2026-07-23T14:24:48Z,KMSY,Monday Night,2026-07-27T18:00:00-05:00,0,80.0,Mostly Clear,"Mostly clear, with a low around 80. West wind around 10 mph."
165,2026-07-23T14:24:48Z,KMSY,Tuesday,2026-07-28T06:00:00-05:00,1,99.0,Sunny,"Sunny, with a high near 99. West wind around 10 mph."
166,2026-07-23T14:24:48Z,KMSY,Tuesday Night,2026-07-28T18:00:00-05:00,0,80.0,Mostly Clear,"Mostly clear, with a low around 80. Southwest wind around 10 mph."
167,2026-07-23T14:24:48Z,KMSY,Wednesday,2026-07-29T06:00:00-05:00,1,99.0,Sunny,"Sunny, with a high near 99. West wind around 10 mph."
168,2026-07-23T14:24:48Z,KMSY,Wednesday Night,2026-07-29T18:00:00-05:00,0,79.0,Partly Cloudy,"Partly cloudy, with a low around 79. Southwest wind around 10 mph."
169,2026-07-23T14:24:48Z,KNYC,Today,2026-07-23T08:00:00-04:00,1,82.0,Sunny,"Sunny, with a high near 82. North wind 0 to 6 mph."
170,2026-07-23T14:24:48Z,KNYC,Tonight,2026-07-23T18:00:00-04:00,0,65.0,Mostly Clear,"Mostly clear, with a low around 65. Wind around 0 mph."
171,2026-07-23T14:24:48Z,KNYC,Friday,2026-07-24T06:00:00-04:00,1,82.0,Sunny,"Sunny, with a high near 82. East wind 0 to 6 mph."
172,2026-07-23T14:24:48Z,KNYC,Friday Night,2026-07-24T18:00:00-04:00,0,66.0,Mostly Clear,"Mostly clear, with a low around 66. Southeast wind 0 to 6 mph."
173,2026-07-23T14:24:48Z,KNYC,Saturday,2026-07-25T06:00:00-04:00,1,81.0,Sunny,"Sunny, with a high near 81. East wind 0 to 7 mph."
174,2026-07-23T14:24:48Z,KNYC,Saturday Night,2026-07-25T18:00:00-04:00,0,66.0,Partly Cloudy,"Partly cloudy, with a low around 66."
175,2026-07-23T14:24:48Z,KNYC,Sunday,2026-07-26T06:00:00-04:00,1,82.0,Mostly Sunny,"Mostly sunny, with a high near 82."
176,2026-07-23T14:24:48Z,KNYC,Sunday Night,2026-07-26T18:00:00-04:00,0,68.0,Partly Cloudy,"Partly cloudy, with a low around 68."
177,2026-07-23T14:24:48Z,KNYC,Monday,2026-07-27T06:00:00-04:00,1,85.0,Mostly Sunny then Slight Chance Showers And Thunderstorms,"A slight chance of showers and thunderstorms after 2pm. Mostly sunny, with a high near 85."
178,2026-07-23T14:24:48Z,KNYC,Monday Night,2026-07-27T18:00:00-04:00,0,71.0,Slight Chance Showers And Thunderstorms then Chance Showers And Thunderstorms,"A slight chance of showers and thunderstorms before 8pm, then a chance of showers and thunderstorms. Mostly cloudy, with a low around 71. Chance of precipitation is 40%."
179,2026-07-23T14:24:48Z,KNYC,Tuesday,2026-07-28T06:00:00-04:00,1,85.0,Showers And Thunderstorms Likely,"A chance of rain showers before 2pm, then showers and thunderstorms likely. Partly sunny, with a high near 85. Chance of precipitation is 60%."
180,2026-07-23T14:24:48Z,KNYC,Tuesday Night,2026-07-28T18:00:00-04:00,0,70.0,Showers And Thunderstorms Likely,"Showers and thunderstorms likely. Mostly cloudy, with a low around 70. Chance of precipitation is 60%."
181,2026-07-23T14:24:48Z,KNYC,Wednesday,2026-07-29T06:00:00-04:00,1,81.0,Chance Rain Showers,"A chance of rain showers before 2pm, then a chance of showers and thunderstorms. Partly sunny, with a high near 81. Chance of precipitation is 40%."
182,2026-07-23T14:24:48Z,KNYC,Wednesday Night,2026-07-29T18:00:00-04:00,0,70.0,Chance Showers And Thunderstorms then Slight Chance Showers And Thunderstorms,"A chance of showers and thunderstorms before 8pm, then a slight chance of showers and thunderstorms between 8pm and 2am. Mostly cloudy, with a low around 70."
183,2026-07-23T14:24:48Z,KOKC,Today,2026-07-23T08:00:00-05:00,1,96.0,Sunny,"Sunny, with a high near 96. Heat index values as high as 98. Southeast wind 8 to 14 mph, with gusts as high as 21 mph."
184,2026-07-23T14:24:48Z,KOKC,Tonight,2026-07-23T18:00:00-05:00,0,75.0,Mostly Clear,"Mostly clear, with a low around 75. Heat index values as high as 98. South southeast wind 12 to 15 mph, with gusts as high as 23 mph."
185,2026-07-23T14:24:48Z,KOKC,Friday,2026-07-24T06:00:00-05:00,1,97.0,Partly Sunny,"Partly sunny, with a high near 97. Heat index values as high as 104. South wind 12 to 16 mph, with gusts as high as 24 mph."
186,2026-07-23T14:24:48Z,KOKC,Friday Night,2026-07-24T18:00:00-05:00,0,77.0,Partly Cloudy then Slight Chance Showers And Thunderstorms,"A slight chance of showers and thunderstorms after 1am. Partly cloudy, with a low around 77. Heat index values as high as 102. South wind 13 to 16 mph, with gusts as high as 24 mph. Chance of precipitation is 20%."
187,2026-07-23T14:24:48Z,KOKC,Saturday,2026-07-25T06:00:00-05:00,1,99.0,Slight Chance Showers And Thunderstorms,"A slight chance of showers and thunderstorms before 1pm. Mostly sunny, with a high near 99. South southwest wind around 15 mph, with gusts as high as 23 mph. Chance of precipitation is 20%."
188,2026-07-23T14:24:48Z,KOKC,Saturday Night,2026-07-25T18:00:00-05:00,0,78.0,Mostly Clear,"Mostly clear, with a low around 78."
189,2026-07-23T14:24:48Z,KOKC,Sunday,2026-07-26T06:00:00-05:00,1,102.0,Sunny,"Sunny, with a high near 102."
190,2026-07-23T14:24:48Z,KOKC,Sunday Night,2026-07-26T18:00:00-05:00,0,78.0,Clear,"Clear, with a low around 78."
191,2026-07-23T14:24:48Z,KOKC,Monday,2026-07-27T06:00:00-05:00,1,103.0,Sunny,"Sunny, with a high near 103."
192,2026-07-23T14:24:48Z,KOKC,Monday Night,2026-07-27T18:00:00-05:00,0,78.0,Clear,"Clear, with a low around 78."
193,2026-07-23T14:24:48Z,KOKC,Tuesday,2026-07-28T06:00:00-05:00,1,103.0,Sunny,"Sunny, with a high near 103."
194,2026-07-23T14:24:48Z,KOKC,Tuesday Night,2026-07-28T18:00:00-05:00,0,78.0,Mostly Clear,"Mostly clear, with a low around 78."
195,2026-07-23T14:24:48Z,KOKC,Wednesday,2026-07-29T06:00:00-05:00,1,102.0,Sunny,"Sunny, with a high near 102."
196,2026-07-23T14:24:48Z,KOKC,Wednesday Night,2026-07-29T18:00:00-05:00,0,78.0,Mostly Clear,"Mostly clear, with a low around 78."
197,2026-07-23T14:24:48Z,KPHL,Today,2026-07-23T06:00:00-04:00,1,83.0,Sunny,"Sunny, with a high near 83. Northeast wind 5 to 10 mph."
198,2026-07-23T14:24:48Z,KPHL,Tonight,2026-07-23T18:00:00-04:00,0,64.0,Mostly Clear,"Mostly clear, with a low around 64. East wind 0 to 5 mph."
199,2026-07-23T14:24:48Z,KPHL,Friday,2026-07-24T06:00:00-04:00,1,85.0,Mostly Sunny,"Mostly sunny, with a high near 85. East wind 0 to 5 mph."
200,2026-07-23T14:24:48Z,KPHL,Friday Night,2026-07-24T18:00:00-04:00,0,64.0,Partly Cloudy,"Partly cloudy, with a low around 64. East wind 0 to 5 mph."
201,2026-07-23T14:24:48Z,KPHL,Saturday,2026-07-25T06:00:00-04:00,1,84.0,Sunny,"Sunny, with a high near 84. East wind 5 to 10 mph."
202,2026-07-23T14:24:48Z,KPHL,Saturday Night,2026-07-25T18:00:00-04:00,0,65.0,Partly Cloudy,"Partly cloudy, with a low around 65."
203,2026-07-23T14:24:48Z,KPHL,Sunday,2026-07-26T06:00:00-04:00,1,85.0,Sunny,"Sunny, with a high near 85."
204,2026-07-23T14:24:48Z,KPHL,Sunday Night,2026-07-26T18:00:00-04:00,0,67.0,Partly Cloudy,"Partly cloudy, with a low around 67."
205,2026-07-23T14:24:48Z,KPHL,Monday,2026-07-27T06:00:00-04:00,1,88.0,Mostly Sunny then Slight Chance Showers And Thunderstorms,"A slight chance of showers and thunderstorms after 2pm. Mostly sunny, with a high near 88."
206,2026-07-23T14:24:48Z,KPHL,Monday Night,2026-07-27T18:00:00-04:00,0,70.0,Slight Chance Showers And Thunderstorms then Chance Showers And Thunderstorms,"A slight chance of showers and thunderstorms before 8pm, then a chance of showers and thunderstorms. Partly cloudy, with a low around 70. Chance of precipitation is 40%."
207,2026-07-23T14:24:48Z,KPHL,Tuesday,2026-07-28T06:00:00-04:00,1,87.0,Showers And Thunderstorms Likely,"A chance of rain showers before 2pm, then showers and thunderstorms likely. Partly sunny, with a high near 87. Chance of precipitation is 60%."
208,2026-07-23T14:24:48Z,KPHL,Tuesday Night,2026-07-28T18:00:00-04:00,0,69.0,Showers And Thunderstorms Likely,"Showers and thunderstorms likely. Mostly cloudy, with a low around 69. Chance of precipitation is 60%."
209,2026-07-23T14:24:48Z,KPHL,Wednesday,2026-07-29T06:00:00-04:00,1,84.0,Chance Rain Showers,"A chance of rain showers before 2pm, then a chance of showers and thunderstorms. Partly sunny, with a high near 84. Chance of precipitation is 30%."
210,2026-07-23T14:24:48Z,KPHL,Wednesday Night,2026-07-29T18:00:00-04:00,0,69.0,Chance Showers And Thunderstorms then Slight Chance Showers And Thunderstorms,"A chance of showers and thunderstorms before 8pm, then a slight chance of showers and thunderstorms between 8pm and 2am. Partly cloudy, with a low around 69."
211,2026-07-23T14:24:48Z,KPHX,Today,2026-07-23T06:00:00-07:00,1,111.0,Sunny,"Sunny. High near 111, with temperatures falling to around 109 in the afternoon. Heat index values as high as 113. Southeast wind around 5 mph."
212,2026-07-23T14:24:48Z,KPHX,Tonight,2026-07-23T18:00:00-07:00,0,93.0,Mostly Clear,"Mostly clear, with a low around 93. Heat index values as high as 110. South southwest wind around 5 mph."
213,2026-07-23T14:24:48Z,KPHX,Friday,2026-07-24T06:00:00-07:00,1,114.0,Sunny,"Sunny. High near 114, with temperatures falling to around 112 in the afternoon. Heat index values as high as 115. South wind 0 to 10 mph."
214,2026-07-23T14:24:48Z,KPHX,Friday Night,2026-07-24T18:00:00-07:00,0,94.0,Mostly Clear,"Mostly clear, with a low around 94. Heat index values as high as 111. West northwest wind 5 to 10 mph."
215,2026-07-23T14:24:48Z,KPHX,Saturday,2026-07-25T06:00:00-07:00,1,116.0,Sunny,"Sunny, with a high near 116. South southeast wind 5 to 10 mph."
216,2026-07-23T14:24:48Z,KPHX,Saturday Night,2026-07-25T18:00:00-07:00,0,93.0,Mostly Cloudy,"Mostly cloudy, with a low around 93. Southeast wind 10 to 15 mph."
217,2026-07-23T14:24:48Z,KPHX,Sunday,2026-07-26T06:00:00-07:00,1,111.0,Mostly Sunny then Slight Chance Showers And Thunderstorms,"A slight chance of showers and thunderstorms after 5pm. Mostly sunny, with a high near 111. West southwest wind around 10 mph, with gusts as high as 20 mph. Chance of precipitation is 20%."
218,2026-07-23T14:24:48Z,KPHX,Sunday Night,2026-07-26T18:00:00-07:00,0,90.0,Slight Chance Showers And Thunderstorms,"A slight chance of showers and thunderstorms before 5am. Mostly cloudy, with a low around 90. West southwest wind 5 to 10 mph. Chance of precipitation is 20%."
219,2026-07-23T14:24:48Z,KPHX,Monday,2026-07-27T06:00:00-07:00,1,107.0,Partly Sunny then Slight Chance Showers And Thunderstorms,"A slight chance of showers and thunderstorms after 5pm. Partly sunny, with a high near 107. West southwest wind around 5 mph. Chance of precipitation is 20%."
220,2026-07-23T14:24:48Z,KPHX,Monday Night,2026-07-27T18:00:00-07:00,0,89.0,Slight Chance Showers And Thunderstorms,"A slight chance of showers and thunderstorms before 5am. Mostly cloudy, with a low around 89. Southwest wind around 5 mph. Chance of precipitation is 20%."
221,2026-07-23T14:24:48Z,KPHX,Tuesday,2026-07-28T06:00:00-07:00,1,107.0,Mostly Sunny,"Mostly sunny, with a high near 107. Southwest wind around 5 mph."
222,2026-07-23T14:24:48Z,KPHX,Tuesday Night,2026-07-28T18:00:00-07:00,0,89.0,Partly Cloudy,"Partly cloudy, with a low around 89. West wind 0 to 5 mph."
223,2026-07-23T14:24:48Z,KPHX,Wednesday,2026-07-29T06:00:00-07:00,1,109.0,Mostly Sunny,"Mostly sunny, with a high near 109. South wind 0 to 5 mph."
224,2026-07-23T14:24:48Z,KPHX,Wednesday Night,2026-07-29T18:00:00-07:00,0,90.0,Partly Cloudy,"Partly cloudy, with a low around 90. West southwest wind 0 to 5 mph."
225,2026-07-23T14:24:48Z,KSAT,Today,2026-07-23T06:00:00-05:00,1,101.0,Sunny,"Sunny, with a high near 101. Heat index values as high as 108. North northeast wind 5 to 15 mph, with gusts as high as 25 mph."
226,2026-07-23T14:24:48Z,KSAT,Tonight,2026-07-23T18:00:00-05:00,0,80.0,Chance Rain Showers,"A chance of rain showers after 10pm. Mostly cloudy, with a low around 80. Heat index values as high as 106. Northeast wind 5 to 15 mph, with gusts as high as 25 mph. Chance of precipitation is 30%. New rainfall amounts less than a tenth of an inch possible."
227,2026-07-23T14:24:48Z,KSAT,Friday,2026-07-24T06:00:00-05:00,1,95.0,Slight Chance Rain Showers then Mostly Sunny,"A slight chance of rain showers before 7am. Mostly sunny, with a high near 95. Heat index values as high as 101. Southeast wind 5 to 15 mph, with gusts as high as 25 mph. Chance of precipitation is 20%. New rainfall amounts less than a tenth of an inch possible."
228,2026-07-23T14:24:48Z,KSAT,Friday Night,2026-07-24T18:00:00-05:00,0,77.0,Partly Cloudy,"Partly cloudy, with a low around 77. Heat index values as high as 101. South southeast wind 5 to 15 mph, with gusts as high as 25 mph."
229,2026-07-23T14:24:48Z,KSAT,Saturday,2026-07-25T06:00:00-05:00,1,97.0,Mostly Sunny,"Mostly sunny, with a high near 97. South southeast wind 5 to 10 mph."
230,2026-07-23T14:24:48Z,KSAT,Saturday Night,2026-07-25T18:00:00-05:00,0,76.0,Mostly Clear,"Mostly clear, with a low around 76. South southeast wind 5 to 10 mph, with gusts as high as 20 mph."
231,2026-07-23T14:24:48Z,KSAT,Sunday,2026-07-26T06:00:00-05:00,1,96.0,Sunny,"Sunny, with a high near 96. South wind around 5 mph."
232,2026-07-23T14:24:48Z,KSAT,Sunday Night,2026-07-26T18:00:00-05:00,0,76.0,Mostly Clear,"Mostly clear, with a low around 76. South southeast wind 5 to 10 mph."
233,2026-07-23T14:24:48Z,KSAT,Monday,2026-07-27T06:00:00-05:00,1,97.0,Sunny,"Sunny, with a high near 97. South wind 5 to 10 mph."
234,2026-07-23T14:24:48Z,KSAT,Monday Night,2026-07-27T18:00:00-05:00,0,76.0,Clear,"Clear, with a low around 76."
235,2026-07-23T14:24:48Z,KSAT,Tuesday,2026-07-28T06:00:00-05:00,1,99.0,Sunny,"Sunny, with a high near 99."
236,2026-07-23T14:24:48Z,KSAT,Tuesday Night,2026-07-28T18:00:00-05:00,0,77.0,Clear,"Clear, with a low around 77."
237,2026-07-23T14:24:48Z,KSAT,Wednesday,2026-07-29T06:00:00-05:00,1,99.0,Sunny,"Sunny, with a high near 99."
238,2026-07-23T14:24:48Z,KSAT,Wednesday Night,2026-07-29T18:00:00-05:00,0,78.0,Mostly Clear,"Mostly clear, with a low around 78."
239,2026-07-23T14:24:48Z,KSFO,Today,2026-07-23T06:00:00-07:00,1,70.0,Partly Sunny,"Partly sunny, with a high near 70. West wind 9 to 22 mph, with gusts as high as 30 mph."
240,2026-07-23T14:24:48Z,KSFO,Tonight,2026-07-23T18:00:00-07:00,0,58.0,Partly Cloudy,"Partly cloudy, with a low around 58. West wind 13 to 22 mph, with gusts as high as 29 mph."
241,2026-07-23T14:24:48Z,KSFO,Friday,2026-07-24T06:00:00-07:00,1,70.0,Mostly Sunny,"Mostly sunny, with a high near 70. West wind 13 to 23 mph, with gusts as high as 30 mph."
242,2026-07-23T14:24:48Z,KSFO,Friday Night,2026-07-24T18:00:00-07:00,0,58.0,Partly Cloudy,"Partly cloudy, with a low around 58. West wind 14 to 23 mph, with gusts as high as 30 mph."
243,2026-07-23T14:24:48Z,KSFO,Saturday,2026-07-25T06:00:00-07:00,1,72.0,Sunny,"Sunny, with a high near 72. West wind 14 to 23 mph, with gusts as high as 30 mph."
244,2026-07-23T14:24:48Z,KSFO,Saturday Night,2026-07-25T18:00:00-07:00,0,58.0,Mostly Clear,"Mostly clear, with a low around 58."
245,2026-07-23T14:24:48Z,KSFO,Sunday,2026-07-26T06:00:00-07:00,1,72.0,Mostly Sunny,"Mostly sunny, with a high near 72."
246,2026-07-23T14:24:48Z,KSFO,Sunday Night,2026-07-26T18:00:00-07:00,0,58.0,Mostly Clear,"Mostly clear, with a low around 58."
247,2026-07-23T14:24:48Z,KSFO,Monday,2026-07-27T06:00:00-07:00,1,69.0,Sunny,"Sunny, with a high near 69."
248,2026-07-23T14:24:48Z,KSFO,Monday Night,2026-07-27T18:00:00-07:00,0,58.0,Mostly Clear,"Mostly clear, with a low around 58."
249,2026-07-23T14:24:48Z,KSFO,Tuesday,2026-07-28T06:00:00-07:00,1,69.0,Sunny,"Sunny, with a high near 69."
250,2026-07-23T14:24:48Z,KSFO,Tuesday Night,2026-07-28T18:00:00-07:00,0,58.0,Mostly Clear,"Mostly clear, with a low around 58."
251,2026-07-23T14:24:48Z,KSFO,Wednesday,2026-07-29T06:00:00-07:00,1,68.0,Sunny,"Sunny, with a high near 68."
252,2026-07-23T14:24:48Z,KSFO,Wednesday Night,2026-07-29T18:00:00-07:00,0,57.0,Partly Cloudy,"Partly cloudy, with a low around 57."
253,2026-07-23T14:24:48Z,KSEA,Today,2026-07-23T06:00:00-07:00,1,79.0,Chance Light Rain then Partly Sunny,"A chance of rain before 11am. Partly sunny, with a high near 79. Southwest wind around 10 mph. Chance of precipitation is 30%. New rainfall amounts less than a tenth of an inch possible."
254,2026-07-23T14:24:48Z,KSEA,Tonight,2026-07-23T18:00:00-07:00,0,61.0,Partly Cloudy,"Partly cloudy, with a low around 61. South southwest wind 2 to 8 mph."
255,2026-07-23T14:24:48Z,KSEA,Friday,2026-07-24T06:00:00-07:00,1,84.0,Mostly Sunny,"Mostly sunny, with a high near 84. West southwest wind 3 to 8 mph."
256,2026-07-23T14:24:48Z,KSEA,Friday Night,2026-07-24T18:00:00-07:00,0,60.0,Mostly Clear,"Mostly clear, with a low around 60. West southwest wind 8 to 12 mph."
257,2026-07-23T14:24:48Z,KSEA,Saturday,2026-07-25T06:00:00-07:00,1,74.0,Partly Sunny,"Partly sunny, with a high near 74. Southwest wind 10 to 14 mph, with gusts as high as 21 mph."
258,2026-07-23T14:24:48Z,KSEA,Saturday Night,2026-07-25T18:00:00-07:00,0,59.0,Mostly Cloudy,"Mostly cloudy, with a low around 59."
259,2026-07-23T14:24:48Z,KSEA,Sunday,2026-07-26T06:00:00-07:00,1,75.0,Slight Chance Light Rain,"A slight chance of rain between 11am and 5pm. Partly sunny, with a high near 75."
260,2026-07-23T14:24:48Z,KSEA,Sunday Night,2026-07-26T18:00:00-07:00,0,58.0,Mostly Cloudy,"Mostly cloudy, with a low around 58."
261,2026-07-23T14:24:48Z,KSEA,Monday,2026-07-27T06:00:00-07:00,1,76.0,Mostly Sunny,"Mostly sunny, with a high near 76."
262,2026-07-23T14:24:48Z,KSEA,Monday Night,2026-07-27T18:00:00-07:00,0,58.0,Partly Cloudy,"Partly cloudy, with a low around 58."
263,2026-07-23T14:24:48Z,KSEA,Tuesday,2026-07-28T06:00:00-07:00,1,77.0,Mostly Sunny,"Mostly sunny, with a high near 77."
264,2026-07-23T14:24:48Z,KSEA,Tuesday Night,2026-07-28T18:00:00-07:00,0,57.0,Partly Cloudy,"Partly cloudy, with a low around 57."
265,2026-07-23T14:24:48Z,KSEA,Wednesday,2026-07-29T06:00:00-07:00,1,77.0,Mostly Sunny,"Mostly sunny, with a high near 77."
266,2026-07-23T14:24:48Z,KSEA,Wednesday Night,2026-07-29T18:00:00-07:00,0,57.0,Mostly Clear,"Mostly clear, with a low around 57."
267,2026-07-23T14:24:48Z,KDCA,Today,2026-07-23T08:00:00-04:00,1,84.0,Sunny,"Sunny, with a high near 84. North wind 7 to 10 mph."
268,2026-07-23T14:24:48Z,KDCA,Tonight,2026-07-23T18:00:00-04:00,0,64.0,Mostly Clear,"Mostly clear, with a low around 64. Northeast wind 0 to 7 mph."
269,2026-07-23T14:24:48Z,KDCA,Friday,2026-07-24T06:00:00-04:00,1,83.0,Mostly Sunny,"Mostly sunny, with a high near 83. Northeast wind 3 to 10 mph."
270,2026-07-23T14:24:48Z,KDCA,Friday Night,2026-07-24T18:00:00-04:00,0,67.0,Mostly Cloudy,"Mostly cloudy, with a low around 67. East wind 5 to 10 mph."
271,2026-07-23T14:24:48Z,KDCA,Saturday,2026-07-25T06:00:00-04:00,1,83.0,Partly Sunny,"Partly sunny, with a high near 83. East wind 5 to 9 mph."
272,2026-07-23T14:24:48Z,KDCA,Saturday Night,2026-07-25T18:00:00-04:00,0,68.0,Partly Cloudy,"Partly cloudy, with a low around 68."
273,2026-07-23T14:24:48Z,KDCA,Sunday,2026-07-26T06:00:00-04:00,1,85.0,Mostly Sunny,"Mostly sunny, with a high near 85."
274,2026-07-23T14:24:48Z,KDCA,Sunday Night,2026-07-26T18:00:00-04:00,0,70.0,Slight Chance Showers And Thunderstorms,"A slight chance of showers and thunderstorms between 8pm and 2am. Partly cloudy, with a low around 70. Chance of precipitation is 20%."
275,2026-07-23T14:24:48Z,KDCA,Monday,2026-07-27T06:00:00-04:00,1,90.0,Mostly Sunny then Slight Chance Showers And Thunderstorms,"A slight chance of showers and thunderstorms after 2pm. Mostly sunny, with a high near 90. Chance of precipitation is 20%."
276,2026-07-23T14:24:48Z,KDCA,Monday Night,2026-07-27T18:00:00-04:00,0,73.0,Chance Showers And Thunderstorms,"A chance of showers and thunderstorms. Partly cloudy, with a low around 73. Chance of precipitation is 40%."
277,2026-07-23T14:24:48Z,KDCA,Tuesday,2026-07-28T06:00:00-04:00,1,90.0,Showers And Thunderstorms Likely,"A chance of rain showers before 2pm, then showers and thunderstorms likely. Partly sunny, with a high near 90. Chance of precipitation is 60%."
278,2026-07-23T14:24:48Z,KDCA,Tuesday Night,2026-07-28T18:00:00-04:00,0,72.0,Showers And Thunderstorms Likely,"Showers and thunderstorms likely. Mostly cloudy, with a low around 72. Chance of precipitation is 60%."
279,2026-07-23T14:24:48Z,KDCA,Wednesday,2026-07-29T06:00:00-04:00,1,86.0,Slight Chance Rain Showers then Slight Chance Showers And Thunderstorms,"A slight chance of rain showers before 8am, then a slight chance of showers and thunderstorms. Mostly sunny, with a high near 86. Chance of precipitation is 20%."
280,2026-07-23T14:24:48Z,KDCA,Wednesday Night,2026-07-29T18:00:00-04:00,0,71.0,Slight Chance Showers And Thunderstorms,"A slight chance of showers and thunderstorms before 2am. Partly cloudy, with a low around 71."
1,2026-07-23T16:09:56Z,KATL,Today,2026-07-23T07:00:00-04:00,1,91.0,Partly Sunny then Chance Showers And Thunderstorms,"A chance of showers and thunderstorms after 2pm. Partly sunny, with a high near 91. Heat index values as high as 97. Southwest wind 5 to 10 mph, with gusts as high as 20 mph. Chance of precipitation is 30%."
2,2026-07-23T16:09:56Z,KATL,Tonight,2026-07-23T18:00:00-04:00,0,75.0,Chance Showers And Thunderstorms,"A chance of showers and thunderstorms before 2am, then a chance of showers and thunderstorms between 2am and 3am, then a slight chance of showers and thunderstorms between 3am and 4am, then a chance of showers and thunderstorms. Mostly cloudy, with a low around 75. West wind 0 to 5 mph. Chance of precipitation is 40%."
3,2026-07-23T16:09:56Z,KATL,Friday,2026-07-24T06:00:00-04:00,1,88.0,Chance Showers And Thunderstorms then Showers And Thunderstorms Likely,"A chance of showers and thunderstorms before 11am, then showers and thunderstorms likely. Partly sunny. High near 88, with temperatures falling to around 84 in the afternoon. Southwest wind 0 to 5 mph. Chance of precipitation is 70%. New rainfall amounts between a half and three quarters of an inch possible."
4,2026-07-23T16:09:56Z,KATL,Friday Night,2026-07-24T18:00:00-04:00,0,74.0,Showers And Thunderstorms Likely then Chance Showers And Thunderstorms,"Showers and thunderstorms likely before 11pm, then a chance of showers and thunderstorms between 11pm and 2am. Mostly cloudy, with a low around 74. West wind 0 to 5 mph. Chance of precipitation is 60%."
5,2026-07-23T16:09:56Z,KATL,Saturday,2026-07-25T06:00:00-04:00,1,89.0,Chance Showers And Thunderstorms,"A chance of rain showers between 8am and 11am, then a chance of showers and thunderstorms between 11am and 2pm, then showers and thunderstorms likely. Partly sunny, with a high near 89. West wind 0 to 5 mph. Chance of precipitation is 70%."
6,2026-07-23T16:09:56Z,KATL,Saturday Night,2026-07-25T18:00:00-04:00,0,74.0,Showers And Thunderstorms Likely,"Showers and thunderstorms likely. Mostly cloudy, with a low around 74. Chance of precipitation is 70%."
7,2026-07-23T16:09:56Z,KATL,Sunday,2026-07-26T06:00:00-04:00,1,90.0,Chance Showers And Thunderstorms,"A chance of rain showers before 8am, then a chance of showers and thunderstorms between 8am and 2pm, then a chance of showers and thunderstorms. Mostly sunny, with a high near 90. Chance of precipitation is 30%."
8,2026-07-23T16:09:56Z,KATL,Sunday Night,2026-07-26T18:00:00-04:00,0,75.0,Chance Showers And Thunderstorms then Mostly Clear,"A chance of showers and thunderstorms before 8pm. Mostly clear, with a low around 75. Chance of precipitation is 30%."
9,2026-07-23T16:09:56Z,KATL,Monday,2026-07-27T06:00:00-04:00,1,93.0,Sunny,"Sunny, with a high near 93."
10,2026-07-23T16:09:56Z,KATL,Monday Night,2026-07-27T18:00:00-04:00,0,76.0,Mostly Clear,"Mostly clear, with a low around 76."
11,2026-07-23T16:09:56Z,KATL,Tuesday,2026-07-28T06:00:00-04:00,1,95.0,Sunny,"Sunny, with a high near 95."
12,2026-07-23T16:09:56Z,KATL,Tuesday Night,2026-07-28T18:00:00-04:00,0,77.0,Mostly Clear,"Mostly clear, with a low around 77."
13,2026-07-23T16:09:56Z,KATL,Wednesday,2026-07-29T06:00:00-04:00,1,94.0,Mostly Sunny,"Mostly sunny, with a high near 94."
14,2026-07-23T16:09:56Z,KATL,Wednesday Night,2026-07-29T18:00:00-04:00,0,75.0,Partly Cloudy,"Partly cloudy, with a low around 75."
15,2026-07-23T16:09:56Z,KAUS,Today,2026-07-23T10:00:00-05:00,1,100.0,Sunny,"Sunny, with a high near 100. Heat index values as high as 108. Northeast wind 5 to 10 mph, with gusts as high as 25 mph."
16,2026-07-23T16:09:56Z,KAUS,Tonight,2026-07-23T18:00:00-05:00,0,79.0,Slight Chance Rain Showers,"A slight chance of rain showers after 10pm. Partly cloudy, with a low around 79. Heat index values as high as 106. North northeast wind 10 to 25 mph, with gusts as high as 35 mph. Chance of precipitation is 40%. New rainfall amounts less than a tenth of an inch possible."
17,2026-07-23T16:09:56Z,KAUS,Friday,2026-07-24T06:00:00-05:00,1,96.0,Slight Chance Rain Showers then Mostly Sunny,"A slight chance of rain showers before 7am. Mostly sunny, with a high near 96. Heat index values as high as 102. South wind 5 to 20 mph, with gusts as high as 35 mph. Chance of precipitation is 40%. New rainfall amounts less than a tenth of an inch possible."
18,2026-07-23T16:09:56Z,KAUS,Friday Night,2026-07-24T18:00:00-05:00,0,77.0,Mostly Clear,"Mostly clear, with a low around 77. Heat index values as high as 103. South wind 5 to 10 mph, with gusts as high as 25 mph."
19,2026-07-23T16:09:56Z,KAUS,Saturday,2026-07-25T06:00:00-05:00,1,97.0,Mostly Sunny,"Mostly sunny, with a high near 97. South wind 5 to 10 mph."
20,2026-07-23T16:09:56Z,KAUS,Saturday Night,2026-07-25T18:00:00-05:00,0,74.0,Mostly Clear,"Mostly clear, with a low around 74. South wind 5 to 10 mph."
21,2026-07-23T16:09:56Z,KAUS,Sunday,2026-07-26T06:00:00-05:00,1,97.0,Sunny,"Sunny, with a high near 97. South wind around 5 mph."
22,2026-07-23T16:09:56Z,KAUS,Sunday Night,2026-07-26T18:00:00-05:00,0,76.0,Mostly Clear,"Mostly clear, with a low around 76. South wind 5 to 10 mph."
23,2026-07-23T16:09:56Z,KAUS,Monday,2026-07-27T06:00:00-05:00,1,98.0,Sunny,"Sunny, with a high near 98. South wind around 5 mph."
24,2026-07-23T16:09:56Z,KAUS,Monday Night,2026-07-27T18:00:00-05:00,0,77.0,Mostly Clear,"Mostly clear, with a low around 77."
25,2026-07-23T16:09:56Z,KAUS,Tuesday,2026-07-28T06:00:00-05:00,1,99.0,Sunny,"Sunny, with a high near 99."
26,2026-07-23T16:09:56Z,KAUS,Tuesday Night,2026-07-28T18:00:00-05:00,0,77.0,Mostly Clear,"Mostly clear, with a low around 77."
27,2026-07-23T16:09:56Z,KAUS,Wednesday,2026-07-29T06:00:00-05:00,1,100.0,Sunny,"Sunny, with a high near 100."
28,2026-07-23T16:09:56Z,KAUS,Wednesday Night,2026-07-29T18:00:00-05:00,0,78.0,Mostly Clear,"Mostly clear, with a low around 78."
29,2026-07-23T16:09:56Z,KBOS,This Afternoon,2026-07-23T12:00:00-04:00,1,78.0,Sunny,"Sunny, with a high near 78. East wind 3 to 7 mph."
30,2026-07-23T16:09:56Z,KBOS,Tonight,2026-07-23T18:00:00-04:00,0,63.0,Clear,"Clear, with a low around 63. Southwest wind 2 to 7 mph."
31,2026-07-23T16:09:56Z,KBOS,Friday,2026-07-24T06:00:00-04:00,1,79.0,Sunny,"Sunny, with a high near 79. Northeast wind 1 to 10 mph."
32,2026-07-23T16:09:56Z,KBOS,Friday Night,2026-07-24T18:00:00-04:00,0,62.0,Mostly Clear,"Mostly clear, with a low around 62. South wind 2 to 9 mph."
33,2026-07-23T16:09:56Z,KBOS,Saturday,2026-07-25T06:00:00-04:00,1,78.0,Sunny,"Sunny, with a high near 78. North wind 2 to 12 mph."
34,2026-07-23T16:09:56Z,KBOS,Saturday Night,2026-07-25T18:00:00-04:00,0,63.0,Mostly Clear,"Mostly clear, with a low around 63. Northeast wind 2 to 9 mph."
35,2026-07-23T16:09:56Z,KBOS,Sunday,2026-07-26T06:00:00-04:00,1,77.0,Mostly Sunny,"Mostly sunny, with a high near 77. Northeast wind 2 to 9 mph."
36,2026-07-23T16:09:56Z,KBOS,Sunday Night,2026-07-26T18:00:00-04:00,0,64.0,Partly Cloudy,"Partly cloudy, with a low around 64. Southeast wind 3 to 8 mph."
37,2026-07-23T16:09:56Z,KBOS,Monday,2026-07-27T06:00:00-04:00,1,77.0,Sunny,"Sunny, with a high near 77. South wind 3 to 9 mph."
38,2026-07-23T16:09:56Z,KBOS,Monday Night,2026-07-27T18:00:00-04:00,0,67.0,Partly Cloudy then Slight Chance Showers And Thunderstorms,"A slight chance of showers and thunderstorms after midnight. Partly cloudy, with a low around 67. South wind around 8 mph."
39,2026-07-23T16:09:56Z,KBOS,Tuesday,2026-07-28T06:00:00-04:00,1,79.0,Chance Showers And Thunderstorms,"A chance of showers and thunderstorms before 2pm, then a chance of showers and thunderstorms. Partly sunny, with a high near 79. South wind 5 to 12 mph. Chance of precipitation is 50%."
40,2026-07-23T16:09:56Z,KBOS,Tuesday Night,2026-07-28T18:00:00-04:00,0,68.0,Chance Showers And Thunderstorms,"A chance of showers and thunderstorms before 8pm, then a chance of showers and thunderstorms. Mostly cloudy, with a low around 68. South wind 7 to 10 mph. Chance of precipitation is 50%."
41,2026-07-23T16:09:56Z,KBOS,Wednesday,2026-07-29T06:00:00-04:00,1,76.0,Showers And Thunderstorms Likely,"Showers and thunderstorms likely. Partly sunny, with a high near 76. Southeast wind around 9 mph. Chance of precipitation is 60%."
42,2026-07-23T16:09:56Z,KBOS,Wednesday Night,2026-07-29T18:00:00-04:00,0,67.0,Chance Showers And Thunderstorms,"A chance of showers and thunderstorms before 2am. Mostly cloudy, with a low around 67. Northeast wind around 8 mph."
43,2026-07-23T16:09:56Z,KMDW,Today,2026-07-23T10:00:00-05:00,1,80.0,Sunny,"Sunny, with a high near 80. Southeast wind 5 to 10 mph."
44,2026-07-23T16:09:56Z,KMDW,Tonight,2026-07-23T18:00:00-05:00,0,64.0,Mostly Cloudy,"Mostly cloudy, with a low around 64. South southeast wind 0 to 5 mph."
45,2026-07-23T16:09:56Z,KMDW,Friday,2026-07-24T06:00:00-05:00,1,80.0,Mostly Sunny,"Mostly sunny, with a high near 80. South wind 0 to 10 mph."
46,2026-07-23T16:09:56Z,KMDW,Friday Night,2026-07-24T18:00:00-05:00,0,64.0,Partly Cloudy,"Partly cloudy, with a low around 64. South southwest wind 5 to 10 mph."
47,2026-07-23T16:09:56Z,KMDW,Saturday,2026-07-25T06:00:00-05:00,1,85.0,Partly Sunny,"Partly sunny, with a high near 85. Southwest wind 5 to 10 mph."
48,2026-07-23T16:09:56Z,KMDW,Saturday Night,2026-07-25T18:00:00-05:00,0,71.0,Partly Cloudy,"Partly cloudy, with a low around 71."
49,2026-07-23T16:09:56Z,KMDW,Sunday,2026-07-26T06:00:00-05:00,1,91.0,Mostly Sunny,"Mostly sunny, with a high near 91."
50,2026-07-23T16:09:56Z,KMDW,Sunday Night,2026-07-26T18:00:00-05:00,0,76.0,Partly Cloudy then Chance Showers And Thunderstorms,"A chance of showers and thunderstorms after 1am. Partly cloudy, with a low around 76."
51,2026-07-23T16:09:56Z,KMDW,Monday,2026-07-27T06:00:00-05:00,1,93.0,Chance Showers And Thunderstorms,"A chance of showers and thunderstorms before 1pm, then a chance of showers and thunderstorms. Mostly sunny, with a high near 93."
52,2026-07-23T16:09:56Z,KMDW,Monday Night,2026-07-27T18:00:00-05:00,0,74.0,Chance Showers And Thunderstorms,"A chance of showers and thunderstorms before 1am, then a chance of showers and thunderstorms. Partly cloudy, with a low around 74."
53,2026-07-23T16:09:56Z,KMDW,Tuesday,2026-07-28T06:00:00-05:00,1,86.0,Chance Showers And Thunderstorms then Mostly Sunny,"A chance of showers and thunderstorms before 7am. Mostly sunny, with a high near 86."
54,2026-07-23T16:09:56Z,KMDW,Tuesday Night,2026-07-28T18:00:00-05:00,0,70.0,Partly Cloudy,"Partly cloudy, with a low around 70."
55,2026-07-23T16:09:56Z,KMDW,Wednesday,2026-07-29T06:00:00-05:00,1,82.0,Sunny,"Sunny, with a high near 82."
56,2026-07-23T16:09:56Z,KMDW,Wednesday Night,2026-07-29T18:00:00-05:00,0,70.0,Mostly Clear,"Mostly clear, with a low around 70."
57,2026-07-23T16:09:56Z,KDFW,Today,2026-07-23T08:00:00-05:00,1,99.0,Sunny,"Sunny, with a high near 99. Heat index values as high as 106. East northeast wind 5 to 15 mph."
58,2026-07-23T16:09:56Z,KDFW,Tonight,2026-07-23T18:00:00-05:00,0,80.0,Mostly Clear,"Mostly clear. Low around 80, with temperatures rising to around 82 overnight. Heat index values as high as 106. East southeast wind 10 to 15 mph."
59,2026-07-23T16:09:56Z,KDFW,Friday,2026-07-24T06:00:00-05:00,1,98.0,Mostly Sunny,"Mostly sunny, with a high near 98. Heat index values as high as 107. South southeast wind 10 to 15 mph, with gusts as high as 25 mph."
60,2026-07-23T16:09:56Z,KDFW,Friday Night,2026-07-24T18:00:00-05:00,0,80.0,Mostly Clear,"Mostly clear. Low around 80, with temperatures rising to around 82 overnight. Heat index values as high as 107. South wind 10 to 15 mph, with gusts as high as 25 mph."
61,2026-07-23T16:09:56Z,KDFW,Saturday,2026-07-25T06:00:00-05:00,1,100.0,Mostly Sunny,"Mostly sunny, with a high near 100. South southwest wind around 10 mph, with gusts as high as 20 mph."
62,2026-07-23T16:09:56Z,KDFW,Saturday Night,2026-07-25T18:00:00-05:00,0,81.0,Mostly Clear,"Mostly clear. Low around 81, with temperatures rising to around 83 overnight. South wind around 10 mph."
63,2026-07-23T16:09:56Z,KDFW,Sunday,2026-07-26T06:00:00-05:00,1,102.0,Sunny,"Sunny, with a high near 102. South southwest wind around 10 mph."
64,2026-07-23T16:09:56Z,KDFW,Sunday Night,2026-07-26T18:00:00-05:00,0,82.0,Clear,"Clear, with a low around 82. South wind around 10 mph."
65,2026-07-23T16:09:56Z,KDFW,Monday,2026-07-27T06:00:00-05:00,1,102.0,Sunny,"Sunny, with a high near 102. South southwest wind 5 to 10 mph."
66,2026-07-23T16:09:56Z,KDFW,Monday Night,2026-07-27T18:00:00-05:00,0,82.0,Clear,"Clear, with a low around 82."
67,2026-07-23T16:09:56Z,KDFW,Tuesday,2026-07-28T06:00:00-05:00,1,102.0,Sunny,"Sunny, with a high near 102."
68,2026-07-23T16:09:56Z,KDFW,Tuesday Night,2026-07-28T18:00:00-05:00,0,82.0,Mostly Clear,"Mostly clear, with a low around 82."
69,2026-07-23T16:09:56Z,KDFW,Wednesday,2026-07-29T06:00:00-05:00,1,103.0,Sunny,"Sunny, with a high near 103."
70,2026-07-23T16:09:56Z,KDFW,Wednesday Night,2026-07-29T18:00:00-05:00,0,83.0,Mostly Clear,"Mostly clear, with a low around 83."
71,2026-07-23T16:09:56Z,KDEN,Today,2026-07-23T06:00:00-06:00,1,89.0,Partly Sunny then Chance Showers And Thunderstorms,"A chance of showers and thunderstorms between noon and 3pm, then showers and thunderstorms likely. Partly sunny. High near 89, with temperatures falling to around 83 in the afternoon. North wind 5 to 8 mph. Chance of precipitation is 60%. New rainfall amounts between a tenth and quarter of an inch possible."
72,2026-07-23T16:09:56Z,KDEN,Tonight,2026-07-23T18:00:00-06:00,0,64.0,Chance Showers And Thunderstorms then Partly Cloudy,"A chance of showers and thunderstorms before midnight. Partly cloudy. Low around 64, with temperatures rising to around 68 overnight. South wind 5 to 8 mph. Chance of precipitation is 40%. New rainfall amounts less than a tenth of an inch possible."
73,2026-07-23T16:09:56Z,KDEN,Friday,2026-07-24T06:00:00-06:00,1,95.0,Sunny,"Sunny, with a high near 95. North northwest wind around 6 mph, with gusts as high as 16 mph."
74,2026-07-23T16:09:56Z,KDEN,Friday Night,2026-07-24T18:00:00-06:00,0,67.0,Mostly Clear,"Mostly clear, with a low around 67. Southeast wind 5 to 8 mph."
75,2026-07-23T16:09:56Z,KDEN,Saturday,2026-07-25T06:00:00-06:00,1,99.0,Mostly Sunny,"Mostly sunny, with a high near 99. South wind 5 to 10 mph, with gusts as high as 20 mph."
76,2026-07-23T16:09:56Z,KDEN,Saturday Night,2026-07-25T18:00:00-06:00,0,69.0,Partly Cloudy,"Partly cloudy, with a low around 69."
77,2026-07-23T16:09:56Z,KDEN,Sunday,2026-07-26T06:00:00-06:00,1,100.0,Sunny,"Sunny, with a high near 100."
78,2026-07-23T16:09:56Z,KDEN,Sunday Night,2026-07-26T18:00:00-06:00,0,69.0,Slight Chance Showers And Thunderstorms then Partly Cloudy,"A slight chance of showers and thunderstorms before midnight. Partly cloudy, with a low around 69."
79,2026-07-23T16:09:56Z,KDEN,Monday,2026-07-27T06:00:00-06:00,1,97.0,Mostly Sunny then Chance Showers And Thunderstorms,"A chance of showers and thunderstorms after noon. Mostly sunny, with a high near 97."
80,2026-07-23T16:09:56Z,KDEN,Monday Night,2026-07-27T18:00:00-06:00,0,66.0,Chance Showers And Thunderstorms,"A chance of showers and thunderstorms. Mostly cloudy, with a low around 66."
81,2026-07-23T16:09:56Z,KDEN,Tuesday,2026-07-28T06:00:00-06:00,1,93.0,Partly Sunny then Showers And Thunderstorms Likely,"Showers and thunderstorms likely after noon. Partly sunny, with a high near 93."
82,2026-07-23T16:09:56Z,KDEN,Tuesday Night,2026-07-28T18:00:00-06:00,0,64.0,Showers And Thunderstorms Likely,"Showers and thunderstorms likely. Mostly cloudy, with a low around 64."
83,2026-07-23T16:09:56Z,KDEN,Wednesday,2026-07-29T06:00:00-06:00,1,91.0,Partly Sunny then Chance Showers And Thunderstorms,"A chance of showers and thunderstorms after noon. Partly sunny, with a high near 91."
84,2026-07-23T16:09:56Z,KDEN,Wednesday Night,2026-07-29T18:00:00-06:00,0,63.0,Chance Showers And Thunderstorms then Mostly Cloudy,"A chance of showers and thunderstorms before midnight. Mostly cloudy, with a low around 63."
85,2026-07-23T16:09:56Z,KIAH,Today,2026-07-23T11:00:00-05:00,1,94.0,Mostly Sunny then Chance Showers And Thunderstorms,"A chance of showers and thunderstorms after 1pm. Mostly sunny. High near 94, with temperatures falling to around 91 in the afternoon. Heat index values as high as 110. Northeast wind 10 to 25 mph, with gusts as high as 30 mph. Chance of precipitation is 50%. New rainfall amounts less than a tenth of an inch possible."
86,2026-07-23T16:09:56Z,KIAH,Tonight,2026-07-23T18:00:00-05:00,0,79.0,Chance Showers And Thunderstorms,"A chance of showers and thunderstorms before 1am. Partly cloudy, with a low around 79. Heat index values as high as 105. East wind 5 to 25 mph. Chance of precipitation is 40%. New rainfall amounts less than a tenth of an inch possible."
87,2026-07-23T16:09:56Z,KIAH,Friday,2026-07-24T06:00:00-05:00,1,95.0,Mostly Sunny,"Mostly sunny, with a high near 95. Heat index values as high as 107. South wind 5 to 10 mph. New rainfall amounts less than a tenth of an inch possible."
88,2026-07-23T16:09:56Z,KIAH,Friday Night,2026-07-24T18:00:00-05:00,0,78.0,Mostly Clear,"Mostly clear, with a low around 78. Heat index values as high as 105. South wind 5 to 10 mph."
89,2026-07-23T16:09:56Z,KIAH,Saturday,2026-07-25T06:00:00-05:00,1,97.0,Sunny,"Sunny, with a high near 97. South wind 0 to 10 mph."
90,2026-07-23T16:09:56Z,KIAH,Saturday Night,2026-07-25T18:00:00-05:00,0,77.0,Mostly Clear,"Mostly clear, with a low around 77."
91,2026-07-23T16:09:56Z,KIAH,Sunday,2026-07-26T06:00:00-05:00,1,99.0,Sunny,"Sunny, with a high near 99."
92,2026-07-23T16:09:56Z,KIAH,Sunday Night,2026-07-26T18:00:00-05:00,0,79.0,Mostly Clear,"Mostly clear, with a low around 79."
93,2026-07-23T16:09:56Z,KIAH,Monday,2026-07-27T06:00:00-05:00,1,100.0,Sunny,"Sunny, with a high near 100."
94,2026-07-23T16:09:56Z,KIAH,Monday Night,2026-07-27T18:00:00-05:00,0,79.0,Mostly Clear,"Mostly clear, with a low around 79."
95,2026-07-23T16:09:56Z,KIAH,Tuesday,2026-07-28T06:00:00-05:00,1,101.0,Sunny,"Sunny, with a high near 101."
96,2026-07-23T16:09:56Z,KIAH,Tuesday Night,2026-07-28T18:00:00-05:00,0,80.0,Mostly Clear,"Mostly clear, with a low around 80."
97,2026-07-23T16:09:56Z,KIAH,Wednesday,2026-07-29T06:00:00-05:00,1,101.0,Sunny,"Sunny, with a high near 101."
98,2026-07-23T16:09:56Z,KIAH,Wednesday Night,2026-07-29T18:00:00-05:00,0,80.0,Mostly Clear,"Mostly clear, with a low around 80."
99,2026-07-23T16:09:56Z,KLAS,Today,2026-07-23T08:00:00-07:00,1,110.0,Sunny,"Sunny, with a high near 110. Heat index values as high as 107. East southeast wind around 5 mph."
100,2026-07-23T16:09:56Z,KLAS,Tonight,2026-07-23T18:00:00-07:00,0,91.0,Mostly Clear,"Mostly clear. Low around 91, with temperatures rising to around 94 overnight. Heat index values as high as 107. South southwest wind around 5 mph."
101,2026-07-23T16:09:56Z,KLAS,Friday,2026-07-24T06:00:00-07:00,1,111.0,Sunny then Isolated Showers And Thunderstorms,"Isolated showers and thunderstorms between 3pm and 4pm. Sunny, with a high near 111. Heat index values as high as 108. South southeast wind 2 to 8 mph."
102,2026-07-23T16:09:56Z,KLAS,Friday Night,2026-07-24T18:00:00-07:00,0,91.0,Mostly Clear,"Mostly clear, with a low around 91. Heat index values as high as 108. South southwest wind around 7 mph."
103,2026-07-23T16:09:56Z,KLAS,Saturday,2026-07-25T06:00:00-07:00,1,113.0,Sunny,"Sunny, with a high near 113. South wind 2 to 10 mph, with gusts as high as 20 mph."
104,2026-07-23T16:09:56Z,KLAS,Saturday Night,2026-07-25T18:00:00-07:00,0,91.0,Mostly Clear,"Mostly clear, with a low around 91."
105,2026-07-23T16:09:56Z,KLAS,Sunday,2026-07-26T06:00:00-07:00,1,113.0,Sunny,"Sunny, with a high near 113."
106,2026-07-23T16:09:56Z,KLAS,Sunday Night,2026-07-26T18:00:00-07:00,0,90.0,Partly Cloudy,"Partly cloudy, with a low around 90."
107,2026-07-23T16:09:56Z,KLAS,Monday,2026-07-27T06:00:00-07:00,1,110.0,Mostly Sunny,"Mostly sunny, with a high near 110."
108,2026-07-23T16:09:56Z,KLAS,Monday Night,2026-07-27T18:00:00-07:00,0,88.0,Partly Cloudy,"Partly cloudy, with a low around 88."
109,2026-07-23T16:09:56Z,KLAS,Tuesday,2026-07-28T06:00:00-07:00,1,109.0,Mostly Sunny,"Mostly sunny, with a high near 109."
110,2026-07-23T16:09:56Z,KLAS,Tuesday Night,2026-07-28T18:00:00-07:00,0,88.0,Partly Cloudy then Slight Chance Showers And Thunderstorms,"A slight chance of showers and thunderstorms after 5am. Partly cloudy, with a low around 88."
111,2026-07-23T16:09:56Z,KLAS,Wednesday,2026-07-29T06:00:00-07:00,1,108.0,Slight Chance Showers And Thunderstorms,"A slight chance of showers and thunderstorms before 5pm. Sunny, with a high near 108."
112,2026-07-23T16:09:56Z,KLAS,Wednesday Night,2026-07-29T18:00:00-07:00,0,88.0,Mostly Clear,"Mostly clear, with a low around 88."
113,2026-07-23T16:09:56Z,KLAX,Today,2026-07-23T08:00:00-07:00,1,81.0,Sunny,"Sunny, with a high near 81. West southwest wind 5 to 15 mph."
114,2026-07-23T16:09:56Z,KLAX,Tonight,2026-07-23T18:00:00-07:00,0,69.0,Partly Cloudy,"Partly cloudy, with a low around 69. South wind 5 to 10 mph."
115,2026-07-23T16:09:56Z,KLAX,Friday,2026-07-24T06:00:00-07:00,1,82.0,Mostly Sunny,"Mostly sunny, with a high near 82. South wind 5 to 10 mph."
116,2026-07-23T16:09:56Z,KLAX,Friday Night,2026-07-24T18:00:00-07:00,0,69.0,Mostly Cloudy,"Mostly cloudy, with a low around 69. South wind 5 to 10 mph."
117,2026-07-23T16:09:56Z,KLAX,Saturday,2026-07-25T06:00:00-07:00,1,82.0,Sunny,"Sunny, with a high near 82. South wind 5 to 10 mph."
118,2026-07-23T16:09:56Z,KLAX,Saturday Night,2026-07-25T18:00:00-07:00,0,70.0,Partly Cloudy,"Partly cloudy, with a low around 70."
119,2026-07-23T16:09:56Z,KLAX,Sunday,2026-07-26T06:00:00-07:00,1,79.0,Mostly Sunny,"Mostly sunny, with a high near 79."
120,2026-07-23T16:09:56Z,KLAX,Sunday Night,2026-07-26T18:00:00-07:00,0,69.0,Partly Cloudy,"Partly cloudy, with a low around 69."
121,2026-07-23T16:09:56Z,KLAX,Monday,2026-07-27T06:00:00-07:00,1,78.0,Mostly Sunny,"Mostly sunny, with a high near 78."
122,2026-07-23T16:09:56Z,KLAX,Monday Night,2026-07-27T18:00:00-07:00,0,68.0,Partly Cloudy,"Partly cloudy, with a low around 68."
123,2026-07-23T16:09:56Z,KLAX,Tuesday,2026-07-28T06:00:00-07:00,1,76.0,Mostly Sunny,"Mostly sunny, with a high near 76."
124,2026-07-23T16:09:56Z,KLAX,Tuesday Night,2026-07-28T18:00:00-07:00,0,68.0,Partly Cloudy,"Partly cloudy, with a low around 68."
125,2026-07-23T16:09:56Z,KLAX,Wednesday,2026-07-29T06:00:00-07:00,1,77.0,Mostly Sunny,"Mostly sunny, with a high near 77."
126,2026-07-23T16:09:56Z,KLAX,Wednesday Night,2026-07-29T18:00:00-07:00,0,68.0,Partly Cloudy,"Partly cloudy, with a low around 68."
127,2026-07-23T16:09:56Z,KMIA,Today,2026-07-23T11:00:00-04:00,1,93.0,Chance Showers And Thunderstorms,"A chance of showers and thunderstorms before 2pm. Mostly sunny, with a high near 93. Heat index values as high as 101. East wind 12 to 15 mph, with gusts as high as 24 mph. Chance of precipitation is 30%."
128,2026-07-23T16:09:56Z,KMIA,Tonight,2026-07-23T18:00:00-04:00,0,80.0,Chance Showers And Thunderstorms,"A chance of showers and thunderstorms after 9pm. Partly cloudy, with a low around 80. Northeast wind 7 to 14 mph, with gusts as high as 22 mph. Chance of precipitation is 50%. New rainfall amounts less than a tenth of an inch possible."
129,2026-07-23T16:09:56Z,KMIA,Friday,2026-07-24T06:00:00-04:00,1,92.0,Chance Showers And Thunderstorms,"A chance of showers and thunderstorms. Mostly sunny, with a high near 92. Heat index values as high as 102. East wind 6 to 10 mph. Chance of precipitation is 50%. New rainfall amounts between a tenth and quarter of an inch possible."
130,2026-07-23T16:09:56Z,KMIA,Friday Night,2026-07-24T18:00:00-04:00,0,80.0,Slight Chance Showers And Thunderstorms,"A slight chance of showers and thunderstorms. Partly cloudy, with a low around 80. Southeast wind 0 to 10 mph. Chance of precipitation is 20%."
131,2026-07-23T16:09:56Z,KMIA,Saturday,2026-07-25T06:00:00-04:00,1,93.0,Showers And Thunderstorms,"Showers and thunderstorms before 5pm, then showers and thunderstorms. Mostly sunny, with a high near 93. South wind 0 to 8 mph. Chance of precipitation is 80%."
132,2026-07-23T16:09:56Z,KMIA,Saturday Night,2026-07-25T18:00:00-04:00,0,79.0,Showers And Thunderstorms then Slight Chance Showers And Thunderstorms,"Showers and thunderstorms before 8pm, then a slight chance of showers and thunderstorms between 8pm and 2am. Partly cloudy, with a low around 79. South wind 3 to 7 mph. Chance of precipitation is 80%."
133,2026-07-23T16:09:56Z,KMIA,Sunday,2026-07-26T06:00:00-04:00,1,93.0,Showers And Thunderstorms,"Showers and thunderstorms after 8am. Mostly sunny, with a high near 93. Southwest wind 3 to 9 mph. Chance of precipitation is 90%."
134,2026-07-23T16:09:56Z,KMIA,Sunday Night,2026-07-26T18:00:00-04:00,0,79.0,Showers And Thunderstorms,"Showers and thunderstorms before 2am. Mostly cloudy, with a low around 79. Southwest wind around 9 mph. Chance of precipitation is 90%."
135,2026-07-23T16:09:56Z,KMIA,Monday,2026-07-27T06:00:00-04:00,1,93.0,Showers And Thunderstorms Likely,"Showers and thunderstorms likely after 8am. Mostly sunny, with a high near 93. Southwest wind 6 to 12 mph, with gusts as high as 18 mph. Chance of precipitation is 70%."
136,2026-07-23T16:09:56Z,KMIA,Monday Night,2026-07-27T18:00:00-04:00,0,79.0,Showers And Thunderstorms Likely,"Showers and thunderstorms likely. Mostly cloudy, with a low around 79. Chance of precipitation is 70%."
137,2026-07-23T16:09:56Z,KMIA,Tuesday,2026-07-28T06:00:00-04:00,1,92.0,Showers And Thunderstorms Likely,"Showers and thunderstorms likely. Partly sunny, with a high near 92. Chance of precipitation is 60%."
138,2026-07-23T16:09:56Z,KMIA,Tuesday Night,2026-07-28T18:00:00-04:00,0,79.0,Showers And Thunderstorms Likely,"Showers and thunderstorms likely before 2am. Mostly cloudy, with a low around 79. Chance of precipitation is 60%."
139,2026-07-23T16:09:56Z,KMIA,Wednesday,2026-07-29T06:00:00-04:00,1,94.0,Chance Showers And Thunderstorms,"A chance of showers and thunderstorms after 8am. Mostly sunny, with a high near 94. Chance of precipitation is 40%."
140,2026-07-23T16:09:56Z,KMIA,Wednesday Night,2026-07-29T18:00:00-04:00,0,80.0,Chance Showers And Thunderstorms then Partly Cloudy,"A chance of showers and thunderstorms before 8pm. Partly cloudy, with a low around 80."
141,2026-07-23T16:09:56Z,KMSP,Today,2026-07-23T09:00:00-05:00,1,81.0,Sunny,"Sunny, with a high near 81. South wind 5 to 10 mph."
142,2026-07-23T16:09:56Z,KMSP,Tonight,2026-07-23T18:00:00-05:00,0,65.0,Mostly Cloudy,"Mostly cloudy, with a low around 65. South wind around 10 mph."
143,2026-07-23T16:09:56Z,KMSP,Friday,2026-07-24T06:00:00-05:00,1,83.0,Mostly Sunny,"Mostly sunny, with a high near 83. South wind 10 to 15 mph, with gusts as high as 25 mph."
144,2026-07-23T16:09:56Z,KMSP,Friday Night,2026-07-24T18:00:00-05:00,0,68.0,Partly Cloudy,"Partly cloudy, with a low around 68. South southwest wind around 15 mph, with gusts as high as 25 mph."
145,2026-07-23T16:09:56Z,KMSP,Saturday,2026-07-25T06:00:00-05:00,1,93.0,Sunny,"Sunny, with a high near 93. West southwest wind around 10 mph."
146,2026-07-23T16:09:56Z,KMSP,Saturday Night,2026-07-25T18:00:00-05:00,0,73.0,Mostly Clear,"Mostly clear, with a low around 73. South southwest wind 5 to 10 mph."
147,2026-07-23T16:09:56Z,KMSP,Sunday,2026-07-26T06:00:00-05:00,1,95.0,Mostly Sunny,"Mostly sunny, with a high near 95. South wind 10 to 15 mph."
148,2026-07-23T16:09:56Z,KMSP,Sunday Night,2026-07-26T18:00:00-05:00,0,74.0,Chance Showers And Thunderstorms,"A chance of showers and thunderstorms after 7pm. Partly cloudy, with a low around 74. South southwest wind 10 to 15 mph. Chance of precipitation is 40%."
149,2026-07-23T16:09:56Z,KMSP,Monday,2026-07-27T06:00:00-05:00,1,95.0,Slight Chance Showers And Thunderstorms then Sunny,"A slight chance of showers and thunderstorms before 7am. Sunny, with a high near 95. West northwest wind 5 to 10 mph. Chance of precipitation is 20%."
150,2026-07-23T16:09:56Z,KMSP,Monday Night,2026-07-27T18:00:00-05:00,0,71.0,Mostly Clear,"Mostly clear, with a low around 71. North northeast wind 0 to 10 mph."
151,2026-07-23T16:09:56Z,KMSP,Tuesday,2026-07-28T06:00:00-05:00,1,91.0,Sunny,"Sunny, with a high near 91. North northeast wind 0 to 5 mph."
152,2026-07-23T16:09:56Z,KMSP,Tuesday Night,2026-07-28T18:00:00-05:00,0,70.0,Mostly Clear,"Mostly clear, with a low around 70. East wind 0 to 10 mph."
153,2026-07-23T16:09:56Z,KMSP,Wednesday,2026-07-29T06:00:00-05:00,1,91.0,Sunny,"Sunny, with a high near 91. East northeast wind 0 to 10 mph."
154,2026-07-23T16:09:56Z,KMSP,Wednesday Night,2026-07-29T18:00:00-05:00,0,70.0,Mostly Clear,"Mostly clear, with a low around 70. East southeast wind 5 to 10 mph."
155,2026-07-23T16:09:56Z,KMSY,Today,2026-07-23T10:00:00-05:00,1,91.0,Chance Showers And Thunderstorms,"A chance of showers and thunderstorms before 4pm. Mostly sunny, with a high near 91. South wind around 15 mph, with gusts as high as 30 mph. Chance of precipitation is 30%. New rainfall amounts between a tenth and quarter of an inch possible."
156,2026-07-23T16:09:56Z,KMSY,Tonight,2026-07-23T18:00:00-05:00,0,78.0,Mostly Clear,"Mostly clear, with a low around 78. South wind 5 to 15 mph. New rainfall amounts between a tenth and quarter of an inch possible."
157,2026-07-23T16:09:56Z,KMSY,Friday,2026-07-24T06:00:00-05:00,1,94.0,Mostly Sunny,"Mostly sunny, with a high near 94. Southeast wind 5 to 10 mph. New rainfall amounts less than a tenth of an inch possible."
158,2026-07-23T16:09:56Z,KMSY,Friday Night,2026-07-24T18:00:00-05:00,0,77.0,Mostly Clear,"Mostly clear, with a low around 77. Southwest wind 5 to 10 mph."
159,2026-07-23T16:09:56Z,KMSY,Saturday,2026-07-25T06:00:00-05:00,1,95.0,Sunny,"Sunny, with a high near 95. Northwest wind 0 to 5 mph."
160,2026-07-23T16:09:56Z,KMSY,Saturday Night,2026-07-25T18:00:00-05:00,0,78.0,Partly Cloudy,"Partly cloudy, with a low around 78. Southwest wind 5 to 10 mph."
161,2026-07-23T16:09:56Z,KMSY,Sunday,2026-07-26T06:00:00-05:00,1,97.0,Sunny,"Sunny, with a high near 97. West wind around 10 mph."
162,2026-07-23T16:09:56Z,KMSY,Sunday Night,2026-07-26T18:00:00-05:00,0,79.0,Mostly Clear,"Mostly clear, with a low around 79. West wind around 10 mph."
163,2026-07-23T16:09:56Z,KMSY,Monday,2026-07-27T06:00:00-05:00,1,98.0,Sunny,"Sunny, with a high near 98. West wind around 10 mph."
164,2026-07-23T16:09:56Z,KMSY,Monday Night,2026-07-27T18:00:00-05:00,0,80.0,Mostly Clear,"Mostly clear, with a low around 80. West wind around 10 mph."
165,2026-07-23T16:09:56Z,KMSY,Tuesday,2026-07-28T06:00:00-05:00,1,99.0,Sunny,"Sunny, with a high near 99. West wind around 10 mph."
166,2026-07-23T16:09:56Z,KMSY,Tuesday Night,2026-07-28T18:00:00-05:00,0,80.0,Mostly Clear,"Mostly clear, with a low around 80. Southwest wind around 10 mph."
167,2026-07-23T16:09:56Z,KMSY,Wednesday,2026-07-29T06:00:00-05:00,1,99.0,Sunny,"Sunny, with a high near 99. West wind around 10 mph."
168,2026-07-23T16:09:56Z,KMSY,Wednesday Night,2026-07-29T18:00:00-05:00,0,79.0,Partly Cloudy,"Partly cloudy, with a low around 79. Southwest wind around 10 mph."
169,2026-07-23T16:09:56Z,KNYC,Today,2026-07-23T08:00:00-04:00,1,82.0,Sunny,"Sunny, with a high near 82. North wind 0 to 6 mph."
170,2026-07-23T16:09:56Z,KNYC,Tonight,2026-07-23T18:00:00-04:00,0,65.0,Mostly Clear,"Mostly clear, with a low around 65. Wind around 0 mph."
171,2026-07-23T16:09:56Z,KNYC,Friday,2026-07-24T06:00:00-04:00,1,82.0,Sunny,"Sunny, with a high near 82. East wind 0 to 6 mph."
172,2026-07-23T16:09:56Z,KNYC,Friday Night,2026-07-24T18:00:00-04:00,0,66.0,Mostly Clear,"Mostly clear, with a low around 66. Southeast wind 0 to 6 mph."
173,2026-07-23T16:09:56Z,KNYC,Saturday,2026-07-25T06:00:00-04:00,1,81.0,Sunny,"Sunny, with a high near 81. East wind 0 to 7 mph."
174,2026-07-23T16:09:56Z,KNYC,Saturday Night,2026-07-25T18:00:00-04:00,0,66.0,Partly Cloudy,"Partly cloudy, with a low around 66."
175,2026-07-23T16:09:56Z,KNYC,Sunday,2026-07-26T06:00:00-04:00,1,82.0,Mostly Sunny,"Mostly sunny, with a high near 82."
176,2026-07-23T16:09:56Z,KNYC,Sunday Night,2026-07-26T18:00:00-04:00,0,68.0,Partly Cloudy,"Partly cloudy, with a low around 68."
177,2026-07-23T16:09:56Z,KNYC,Monday,2026-07-27T06:00:00-04:00,1,85.0,Mostly Sunny then Slight Chance Showers And Thunderstorms,"A slight chance of showers and thunderstorms after 2pm. Mostly sunny, with a high near 85."
178,2026-07-23T16:09:56Z,KNYC,Monday Night,2026-07-27T18:00:00-04:00,0,71.0,Slight Chance Showers And Thunderstorms then Chance Showers And Thunderstorms,"A slight chance of showers and thunderstorms before 8pm, then a chance of showers and thunderstorms. Mostly cloudy, with a low around 71. Chance of precipitation is 40%."
179,2026-07-23T16:09:56Z,KNYC,Tuesday,2026-07-28T06:00:00-04:00,1,85.0,Showers And Thunderstorms Likely,"A chance of rain showers before 2pm, then showers and thunderstorms likely. Partly sunny, with a high near 85. Chance of precipitation is 60%."
180,2026-07-23T16:09:56Z,KNYC,Tuesday Night,2026-07-28T18:00:00-04:00,0,70.0,Showers And Thunderstorms Likely,"Showers and thunderstorms likely. Mostly cloudy, with a low around 70. Chance of precipitation is 60%."
181,2026-07-23T16:09:56Z,KNYC,Wednesday,2026-07-29T06:00:00-04:00,1,81.0,Chance Rain Showers,"A chance of rain showers before 2pm, then a chance of showers and thunderstorms. Partly sunny, with a high near 81. Chance of precipitation is 40%."
182,2026-07-23T16:09:56Z,KNYC,Wednesday Night,2026-07-29T18:00:00-04:00,0,70.0,Chance Showers And Thunderstorms then Slight Chance Showers And Thunderstorms,"A chance of showers and thunderstorms before 8pm, then a slight chance of showers and thunderstorms between 8pm and 2am. Mostly cloudy, with a low around 70."
183,2026-07-23T16:09:56Z,KOKC,Today,2026-07-23T10:00:00-05:00,1,96.0,Sunny,"Sunny, with a high near 96. Heat index values as high as 98. Southeast wind 10 to 14 mph, with gusts as high as 21 mph."
184,2026-07-23T16:09:56Z,KOKC,Tonight,2026-07-23T18:00:00-05:00,0,75.0,Mostly Clear,"Mostly clear, with a low around 75. Heat index values as high as 98. South southeast wind 12 to 15 mph, with gusts as high as 23 mph."
185,2026-07-23T16:09:56Z,KOKC,Friday,2026-07-24T06:00:00-05:00,1,97.0,Partly Sunny,"Partly sunny, with a high near 97. Heat index values as high as 104. South wind 12 to 16 mph, with gusts as high as 24 mph."
186,2026-07-23T16:09:56Z,KOKC,Friday Night,2026-07-24T18:00:00-05:00,0,77.0,Partly Cloudy then Slight Chance Showers And Thunderstorms,"A slight chance of showers and thunderstorms after 1am. Partly cloudy, with a low around 77. Heat index values as high as 102. South wind 13 to 16 mph, with gusts as high as 24 mph. Chance of precipitation is 20%."
187,2026-07-23T16:09:56Z,KOKC,Saturday,2026-07-25T06:00:00-05:00,1,99.0,Slight Chance Showers And Thunderstorms,"A slight chance of showers and thunderstorms before 1pm. Mostly sunny, with a high near 99. South southwest wind around 15 mph, with gusts as high as 23 mph. Chance of precipitation is 20%."
188,2026-07-23T16:09:56Z,KOKC,Saturday Night,2026-07-25T18:00:00-05:00,0,78.0,Mostly Clear,"Mostly clear, with a low around 78."
189,2026-07-23T16:09:56Z,KOKC,Sunday,2026-07-26T06:00:00-05:00,1,102.0,Sunny,"Sunny, with a high near 102."
190,2026-07-23T16:09:56Z,KOKC,Sunday Night,2026-07-26T18:00:00-05:00,0,78.0,Clear,"Clear, with a low around 78."
191,2026-07-23T16:09:56Z,KOKC,Monday,2026-07-27T06:00:00-05:00,1,103.0,Sunny,"Sunny, with a high near 103."
192,2026-07-23T16:09:56Z,KOKC,Monday Night,2026-07-27T18:00:00-05:00,0,78.0,Clear,"Clear, with a low around 78."
193,2026-07-23T16:09:56Z,KOKC,Tuesday,2026-07-28T06:00:00-05:00,1,103.0,Sunny,"Sunny, with a high near 103."
194,2026-07-23T16:09:56Z,KOKC,Tuesday Night,2026-07-28T18:00:00-05:00,0,78.0,Mostly Clear,"Mostly clear, with a low around 78."
195,2026-07-23T16:09:56Z,KOKC,Wednesday,2026-07-29T06:00:00-05:00,1,102.0,Sunny,"Sunny, with a high near 102."
196,2026-07-23T16:09:56Z,KOKC,Wednesday Night,2026-07-29T18:00:00-05:00,0,78.0,Mostly Clear,"Mostly clear, with a low around 78."
197,2026-07-23T16:09:56Z,KPHL,Today,2026-07-23T06:00:00-04:00,1,83.0,Sunny,"Sunny, with a high near 83. Northeast wind 5 to 10 mph."
198,2026-07-23T16:09:56Z,KPHL,Tonight,2026-07-23T18:00:00-04:00,0,64.0,Mostly Clear,"Mostly clear, with a low around 64. East wind 0 to 5 mph."
199,2026-07-23T16:09:56Z,KPHL,Friday,2026-07-24T06:00:00-04:00,1,85.0,Mostly Sunny,"Mostly sunny, with a high near 85. East wind 0 to 5 mph."
200,2026-07-23T16:09:56Z,KPHL,Friday Night,2026-07-24T18:00:00-04:00,0,64.0,Partly Cloudy,"Partly cloudy, with a low around 64. East wind 0 to 5 mph."
201,2026-07-23T16:09:56Z,KPHL,Saturday,2026-07-25T06:00:00-04:00,1,84.0,Sunny,"Sunny, with a high near 84. East wind 5 to 10 mph."
202,2026-07-23T16:09:56Z,KPHL,Saturday Night,2026-07-25T18:00:00-04:00,0,65.0,Partly Cloudy,"Partly cloudy, with a low around 65."
203,2026-07-23T16:09:56Z,KPHL,Sunday,2026-07-26T06:00:00-04:00,1,85.0,Sunny,"Sunny, with a high near 85."
204,2026-07-23T16:09:56Z,KPHL,Sunday Night,2026-07-26T18:00:00-04:00,0,67.0,Partly Cloudy,"Partly cloudy, with a low around 67."
205,2026-07-23T16:09:56Z,KPHL,Monday,2026-07-27T06:00:00-04:00,1,88.0,Mostly Sunny then Slight Chance Showers And Thunderstorms,"A slight chance of showers and thunderstorms after 2pm. Mostly sunny, with a high near 88."
206,2026-07-23T16:09:56Z,KPHL,Monday Night,2026-07-27T18:00:00-04:00,0,70.0,Slight Chance Showers And Thunderstorms then Chance Showers And Thunderstorms,"A slight chance of showers and thunderstorms before 8pm, then a chance of showers and thunderstorms. Partly cloudy, with a low around 70. Chance of precipitation is 40%."
207,2026-07-23T16:09:56Z,KPHL,Tuesday,2026-07-28T06:00:00-04:00,1,87.0,Showers And Thunderstorms Likely,"A chance of rain showers before 2pm, then showers and thunderstorms likely. Partly sunny, with a high near 87. Chance of precipitation is 60%."
208,2026-07-23T16:09:56Z,KPHL,Tuesday Night,2026-07-28T18:00:00-04:00,0,69.0,Showers And Thunderstorms Likely,"Showers and thunderstorms likely. Mostly cloudy, with a low around 69. Chance of precipitation is 60%."
209,2026-07-23T16:09:56Z,KPHL,Wednesday,2026-07-29T06:00:00-04:00,1,84.0,Chance Rain Showers,"A chance of rain showers before 2pm, then a chance of showers and thunderstorms. Partly sunny, with a high near 84. Chance of precipitation is 30%."
210,2026-07-23T16:09:56Z,KPHL,Wednesday Night,2026-07-29T18:00:00-04:00,0,69.0,Chance Showers And Thunderstorms then Slight Chance Showers And Thunderstorms,"A chance of showers and thunderstorms before 8pm, then a slight chance of showers and thunderstorms between 8pm and 2am. Partly cloudy, with a low around 69."
211,2026-07-23T16:09:56Z,KPHX,Today,2026-07-23T06:00:00-07:00,1,111.0,Sunny,"Sunny. High near 111, with temperatures falling to around 109 in the afternoon. Heat index values as high as 113. Southeast wind around 5 mph."
212,2026-07-23T16:09:56Z,KPHX,Tonight,2026-07-23T18:00:00-07:00,0,93.0,Mostly Clear,"Mostly clear, with a low around 93. Heat index values as high as 110. South southwest wind around 5 mph."
213,2026-07-23T16:09:56Z,KPHX,Friday,2026-07-24T06:00:00-07:00,1,114.0,Sunny,"Sunny. High near 114, with temperatures falling to around 112 in the afternoon. Heat index values as high as 115. South wind 0 to 10 mph."
214,2026-07-23T16:09:56Z,KPHX,Friday Night,2026-07-24T18:00:00-07:00,0,94.0,Mostly Clear,"Mostly clear, with a low around 94. Heat index values as high as 111. West northwest wind 5 to 10 mph."
215,2026-07-23T16:09:56Z,KPHX,Saturday,2026-07-25T06:00:00-07:00,1,116.0,Sunny,"Sunny, with a high near 116. South southeast wind 5 to 10 mph."
216,2026-07-23T16:09:56Z,KPHX,Saturday Night,2026-07-25T18:00:00-07:00,0,93.0,Mostly Cloudy,"Mostly cloudy, with a low around 93. Southeast wind 10 to 15 mph."
217,2026-07-23T16:09:56Z,KPHX,Sunday,2026-07-26T06:00:00-07:00,1,111.0,Mostly Sunny then Slight Chance Showers And Thunderstorms,"A slight chance of showers and thunderstorms after 5pm. Mostly sunny, with a high near 111. West southwest wind around 10 mph, with gusts as high as 20 mph. Chance of precipitation is 20%."
218,2026-07-23T16:09:56Z,KPHX,Sunday Night,2026-07-26T18:00:00-07:00,0,90.0,Slight Chance Showers And Thunderstorms,"A slight chance of showers and thunderstorms before 5am. Mostly cloudy, with a low around 90. West southwest wind 5 to 10 mph. Chance of precipitation is 20%."
219,2026-07-23T16:09:56Z,KPHX,Monday,2026-07-27T06:00:00-07:00,1,107.0,Partly Sunny then Slight Chance Showers And Thunderstorms,"A slight chance of showers and thunderstorms after 5pm. Partly sunny, with a high near 107. West southwest wind around 5 mph. Chance of precipitation is 20%."
220,2026-07-23T16:09:56Z,KPHX,Monday Night,2026-07-27T18:00:00-07:00,0,89.0,Slight Chance Showers And Thunderstorms,"A slight chance of showers and thunderstorms before 5am. Mostly cloudy, with a low around 89. Southwest wind around 5 mph. Chance of precipitation is 20%."
221,2026-07-23T16:09:56Z,KPHX,Tuesday,2026-07-28T06:00:00-07:00,1,107.0,Mostly Sunny,"Mostly sunny, with a high near 107. Southwest wind around 5 mph."
222,2026-07-23T16:09:56Z,KPHX,Tuesday Night,2026-07-28T18:00:00-07:00,0,89.0,Partly Cloudy,"Partly cloudy, with a low around 89. West wind 0 to 5 mph."
223,2026-07-23T16:09:56Z,KPHX,Wednesday,2026-07-29T06:00:00-07:00,1,109.0,Mostly Sunny,"Mostly sunny, with a high near 109. South wind 0 to 5 mph."
224,2026-07-23T16:09:56Z,KPHX,Wednesday Night,2026-07-29T18:00:00-07:00,0,90.0,Partly Cloudy,"Partly cloudy, with a low around 90. West southwest wind 0 to 5 mph."
225,2026-07-23T16:09:56Z,KSAT,Today,2026-07-23T10:00:00-05:00,1,101.0,Sunny,"Sunny, with a high near 101. Heat index values as high as 108. Northeast wind 10 to 15 mph, with gusts as high as 25 mph."
226,2026-07-23T16:09:56Z,KSAT,Tonight,2026-07-23T18:00:00-05:00,0,80.0,Chance Rain Showers,"A chance of rain showers after 10pm. Mostly cloudy, with a low around 80. Heat index values as high as 106. East wind 5 to 15 mph, with gusts as high as 25 mph. Chance of precipitation is 30%. New rainfall amounts less than a tenth of an inch possible."
227,2026-07-23T16:09:56Z,KSAT,Friday,2026-07-24T06:00:00-05:00,1,95.0,Slight Chance Rain Showers then Mostly Sunny,"A slight chance of rain showers before 7am. Mostly sunny, with a high near 95. Heat index values as high as 101. South southeast wind 5 to 15 mph, with gusts as high as 25 mph. Chance of precipitation is 20%. New rainfall amounts less than a tenth of an inch possible."
228,2026-07-23T16:09:56Z,KSAT,Friday Night,2026-07-24T18:00:00-05:00,0,77.0,Partly Cloudy,"Partly cloudy, with a low around 77. Heat index values as high as 101. South southeast wind 5 to 15 mph, with gusts as high as 25 mph."
229,2026-07-23T16:09:56Z,KSAT,Saturday,2026-07-25T06:00:00-05:00,1,97.0,Mostly Sunny,"Mostly sunny, with a high near 97. South southeast wind 5 to 10 mph."
230,2026-07-23T16:09:56Z,KSAT,Saturday Night,2026-07-25T18:00:00-05:00,0,76.0,Mostly Clear,"Mostly clear, with a low around 76. South southeast wind 5 to 10 mph, with gusts as high as 20 mph."
231,2026-07-23T16:09:56Z,KSAT,Sunday,2026-07-26T06:00:00-05:00,1,96.0,Sunny,"Sunny, with a high near 96. South wind around 5 mph."
232,2026-07-23T16:09:56Z,KSAT,Sunday Night,2026-07-26T18:00:00-05:00,0,76.0,Mostly Clear,"Mostly clear, with a low around 76. South southeast wind 5 to 10 mph."
233,2026-07-23T16:09:56Z,KSAT,Monday,2026-07-27T06:00:00-05:00,1,97.0,Sunny,"Sunny, with a high near 97. South wind 5 to 10 mph."
234,2026-07-23T16:09:56Z,KSAT,Monday Night,2026-07-27T18:00:00-05:00,0,76.0,Clear,"Clear, with a low around 76."
235,2026-07-23T16:09:56Z,KSAT,Tuesday,2026-07-28T06:00:00-05:00,1,99.0,Sunny,"Sunny, with a high near 99."
236,2026-07-23T16:09:56Z,KSAT,Tuesday Night,2026-07-28T18:00:00-05:00,0,77.0,Clear,"Clear, with a low around 77."
237,2026-07-23T16:09:56Z,KSAT,Wednesday,2026-07-29T06:00:00-05:00,1,99.0,Sunny,"Sunny, with a high near 99."
238,2026-07-23T16:09:56Z,KSAT,Wednesday Night,2026-07-29T18:00:00-05:00,0,78.0,Mostly Clear,"Mostly clear, with a low around 78."
239,2026-07-23T16:09:56Z,KSFO,Today,2026-07-23T08:00:00-07:00,1,70.0,Mostly Sunny,"Mostly sunny, with a high near 70. West wind 12 to 22 mph, with gusts as high as 30 mph."
240,2026-07-23T16:09:56Z,KSFO,Tonight,2026-07-23T18:00:00-07:00,0,58.0,Partly Cloudy,"Partly cloudy, with a low around 58. West wind 13 to 22 mph, with gusts as high as 30 mph."
241,2026-07-23T16:09:56Z,KSFO,Friday,2026-07-24T06:00:00-07:00,1,70.0,Mostly Sunny,"Mostly sunny, with a high near 70. West wind 13 to 23 mph, with gusts as high as 31 mph."
242,2026-07-23T16:09:56Z,KSFO,Friday Night,2026-07-24T18:00:00-07:00,0,58.0,Partly Cloudy,"Partly cloudy, with a low around 58. West wind 14 to 23 mph, with gusts as high as 31 mph."
243,2026-07-23T16:09:56Z,KSFO,Saturday,2026-07-25T06:00:00-07:00,1,72.0,Mostly Sunny,"Mostly sunny, with a high near 72. West wind 14 to 23 mph, with gusts as high as 30 mph."
244,2026-07-23T16:09:56Z,KSFO,Saturday Night,2026-07-25T18:00:00-07:00,0,58.0,Mostly Clear,"Mostly clear, with a low around 58."
245,2026-07-23T16:09:56Z,KSFO,Sunday,2026-07-26T06:00:00-07:00,1,72.0,Mostly Sunny,"Mostly sunny, with a high near 72."
246,2026-07-23T16:09:56Z,KSFO,Sunday Night,2026-07-26T18:00:00-07:00,0,58.0,Mostly Clear,"Mostly clear, with a low around 58."
247,2026-07-23T16:09:56Z,KSFO,Monday,2026-07-27T06:00:00-07:00,1,69.0,Sunny,"Sunny, with a high near 69."
248,2026-07-23T16:09:56Z,KSFO,Monday Night,2026-07-27T18:00:00-07:00,0,58.0,Mostly Clear,"Mostly clear, with a low around 58."
249,2026-07-23T16:09:56Z,KSFO,Tuesday,2026-07-28T06:00:00-07:00,1,69.0,Sunny,"Sunny, with a high near 69."
250,2026-07-23T16:09:56Z,KSFO,Tuesday Night,2026-07-28T18:00:00-07:00,0,58.0,Mostly Clear,"Mostly clear, with a low around 58."
251,2026-07-23T16:09:56Z,KSFO,Wednesday,2026-07-29T06:00:00-07:00,1,68.0,Sunny,"Sunny, with a high near 68."
252,2026-07-23T16:09:56Z,KSFO,Wednesday Night,2026-07-29T18:00:00-07:00,0,57.0,Partly Cloudy,"Partly cloudy, with a low around 57."
253,2026-07-23T16:09:56Z,KSEA,Today,2026-07-23T08:00:00-07:00,1,79.0,Chance Light Rain then Partly Sunny,"A chance of rain before 11am. Partly sunny, with a high near 79. Southwest wind around 10 mph. Chance of precipitation is 30%. New rainfall amounts less than a tenth of an inch possible."
254,2026-07-23T16:09:56Z,KSEA,Tonight,2026-07-23T18:00:00-07:00,0,61.0,Partly Cloudy,"Partly cloudy, with a low around 61. South southwest wind 2 to 8 mph."
255,2026-07-23T16:09:56Z,KSEA,Friday,2026-07-24T06:00:00-07:00,1,84.0,Mostly Sunny,"Mostly sunny, with a high near 84. West southwest wind 3 to 8 mph."
256,2026-07-23T16:09:56Z,KSEA,Friday Night,2026-07-24T18:00:00-07:00,0,60.0,Mostly Clear,"Mostly clear, with a low around 60. West southwest wind 8 to 12 mph."
257,2026-07-23T16:09:56Z,KSEA,Saturday,2026-07-25T06:00:00-07:00,1,74.0,Partly Sunny,"Partly sunny, with a high near 74. Southwest wind 10 to 14 mph, with gusts as high as 21 mph."
258,2026-07-23T16:09:56Z,KSEA,Saturday Night,2026-07-25T18:00:00-07:00,0,59.0,Mostly Cloudy,"Mostly cloudy, with a low around 59."
259,2026-07-23T16:09:56Z,KSEA,Sunday,2026-07-26T06:00:00-07:00,1,75.0,Slight Chance Light Rain,"A slight chance of rain between 11am and 5pm. Partly sunny, with a high near 75."
260,2026-07-23T16:09:56Z,KSEA,Sunday Night,2026-07-26T18:00:00-07:00,0,58.0,Mostly Cloudy,"Mostly cloudy, with a low around 58."
261,2026-07-23T16:09:56Z,KSEA,Monday,2026-07-27T06:00:00-07:00,1,76.0,Mostly Sunny,"Mostly sunny, with a high near 76."
262,2026-07-23T16:09:56Z,KSEA,Monday Night,2026-07-27T18:00:00-07:00,0,58.0,Partly Cloudy,"Partly cloudy, with a low around 58."
263,2026-07-23T16:09:56Z,KSEA,Tuesday,2026-07-28T06:00:00-07:00,1,77.0,Mostly Sunny,"Mostly sunny, with a high near 77."
264,2026-07-23T16:09:56Z,KSEA,Tuesday Night,2026-07-28T18:00:00-07:00,0,57.0,Partly Cloudy,"Partly cloudy, with a low around 57."
265,2026-07-23T16:09:56Z,KSEA,Wednesday,2026-07-29T06:00:00-07:00,1,77.0,Mostly Sunny,"Mostly sunny, with a high near 77."
266,2026-07-23T16:09:56Z,KSEA,Wednesday Night,2026-07-29T18:00:00-07:00,0,57.0,Mostly Clear,"Mostly clear, with a low around 57."
267,2026-07-23T16:09:56Z,KDCA,Today,2026-07-23T11:00:00-04:00,1,84.0,Sunny,"Sunny, with a high near 84. North wind 7 to 10 mph."
268,2026-07-23T16:09:56Z,KDCA,Tonight,2026-07-23T18:00:00-04:00,0,64.0,Mostly Clear,"Mostly clear, with a low around 64. Northeast wind 0 to 7 mph."
269,2026-07-23T16:09:56Z,KDCA,Friday,2026-07-24T06:00:00-04:00,1,83.0,Mostly Sunny,"Mostly sunny, with a high near 83. Northeast wind 3 to 10 mph."
270,2026-07-23T16:09:56Z,KDCA,Friday Night,2026-07-24T18:00:00-04:00,0,67.0,Mostly Cloudy,"Mostly cloudy, with a low around 67. East wind 5 to 10 mph."
271,2026-07-23T16:09:56Z,KDCA,Saturday,2026-07-25T06:00:00-04:00,1,83.0,Partly Sunny,"Partly sunny, with a high near 83. East wind 5 to 9 mph."
272,2026-07-23T16:09:56Z,KDCA,Saturday Night,2026-07-25T18:00:00-04:00,0,68.0,Partly Cloudy,"Partly cloudy, with a low around 68."
273,2026-07-23T16:09:56Z,KDCA,Sunday,2026-07-26T06:00:00-04:00,1,85.0,Mostly Sunny,"Mostly sunny, with a high near 85."
274,2026-07-23T16:09:56Z,KDCA,Sunday Night,2026-07-26T18:00:00-04:00,0,70.0,Slight Chance Showers And Thunderstorms,"A slight chance of showers and thunderstorms between 8pm and 2am. Partly cloudy, with a low around 70. Chance of precipitation is 20%."
275,2026-07-23T16:09:56Z,KDCA,Monday,2026-07-27T06:00:00-04:00,1,90.0,Mostly Sunny then Slight Chance Showers And Thunderstorms,"A slight chance of showers and thunderstorms after 2pm. Mostly sunny, with a high near 90. Chance of precipitation is 20%."
276,2026-07-23T16:09:56Z,KDCA,Monday Night,2026-07-27T18:00:00-04:00,0,73.0,Chance Showers And Thunderstorms,"A chance of showers and thunderstorms. Partly cloudy, with a low around 73. Chance of precipitation is 40%."
277,2026-07-23T16:09:56Z,KDCA,Tuesday,2026-07-28T06:00:00-04:00,1,90.0,Showers And Thunderstorms Likely,"A chance of rain showers before 2pm, then showers and thunderstorms likely. Partly sunny, with a high near 90. Chance of precipitation is 60%."
278,2026-07-23T16:09:56Z,KDCA,Tuesday Night,2026-07-28T18:00:00-04:00,0,72.0,Showers And Thunderstorms Likely,"Showers and thunderstorms likely. Mostly cloudy, with a low around 72. Chance of precipitation is 60%."
279,2026-07-23T16:09:56Z,KDCA,Wednesday,2026-07-29T06:00:00-04:00,1,86.0,Slight Chance Rain Showers then Slight Chance Showers And Thunderstorms,"A slight chance of rain showers before 8am, then a slight chance of showers and thunderstorms. Mostly sunny, with a high near 86. Chance of precipitation is 20%."
280,2026-07-23T16:09:56Z,KDCA,Wednesday Night,2026-07-29T18:00:00-04:00,0,71.0,Slight Chance Showers And Thunderstorms,"A slight chance of showers and thunderstorms before 2am. Partly cloudy, with a low around 71."
1,2026-07-23T17:56:44Z,KATL,This Afternoon,2026-07-23T13:00:00-04:00,1,91.0,Partly Sunny,"Partly sunny, with a high near 91. Heat index values as high as 97. Southwest wind around 10 mph, with gusts as high as 20 mph."
2,2026-07-23T17:56:44Z,KATL,Tonight,2026-07-23T18:00:00-04:00,0,75.0,Chance Showers And Thunderstorms,"A chance of showers and thunderstorms after 7pm. Mostly cloudy, with a low around 75. West wind 0 to 10 mph. Chance of precipitation is 30%."
3,2026-07-23T17:56:44Z,KATL,Friday,2026-07-24T06:00:00-04:00,1,88.0,Showers And Thunderstorms Likely,"A chance of showers and thunderstorms before 8am, then a chance of showers and thunderstorms between 8am and 11am, then showers and thunderstorms likely. Partly sunny. High near 88, with temperatures falling to around 84 in the afternoon. Southwest wind 0 to 5 mph. Chance of precipitation is 60%. New rainfall amounts between a half and three quarters of an inch possible."
4,2026-07-23T17:56:44Z,KATL,Friday Night,2026-07-24T18:00:00-04:00,0,74.0,Chance Showers And Thunderstorms,"A chance of showers and thunderstorms before 5am. Mostly cloudy, with a low around 74. West wind 0 to 5 mph. Chance of precipitation is 40%."
5,2026-07-23T17:56:44Z,KATL,Saturday,2026-07-25T06:00:00-04:00,1,89.0,Chance Showers And Thunderstorms,"A chance of rain showers between 7am and 11am, then a chance of showers and thunderstorms between 11am and 2pm, then showers and thunderstorms likely. Partly sunny, with a high near 89. West wind 0 to 5 mph. Chance of precipitation is 60%."
6,2026-07-23T17:56:44Z,KATL,Saturday Night,2026-07-25T18:00:00-04:00,0,74.0,Showers And Thunderstorms Likely,"Showers and thunderstorms likely. Partly cloudy, with a low around 74. Chance of precipitation is 60%."
7,2026-07-23T17:56:44Z,KATL,Sunday,2026-07-26T06:00:00-04:00,1,90.0,Chance Showers And Thunderstorms,"A chance of rain showers before 11am, then a chance of showers and thunderstorms between 11am and 2pm, then a chance of showers and thunderstorms. Mostly sunny, with a high near 90. Chance of precipitation is 30%."
8,2026-07-23T17:56:44Z,KATL,Sunday Night,2026-07-26T18:00:00-04:00,0,75.0,Chance Showers And Thunderstorms then Mostly Clear,"A chance of showers and thunderstorms before 8pm. Mostly clear, with a low around 75. Chance of precipitation is 30%."
9,2026-07-23T17:56:44Z,KATL,Monday,2026-07-27T06:00:00-04:00,1,93.0,Mostly Sunny,"Mostly sunny, with a high near 93."
10,2026-07-23T17:56:44Z,KATL,Monday Night,2026-07-27T18:00:00-04:00,0,76.0,Mostly Clear,"Mostly clear, with a low around 76."
11,2026-07-23T17:56:44Z,KATL,Tuesday,2026-07-28T06:00:00-04:00,1,95.0,Sunny,"Sunny, with a high near 95."
12,2026-07-23T17:56:44Z,KATL,Tuesday Night,2026-07-28T18:00:00-04:00,0,77.0,Mostly Clear,"Mostly clear, with a low around 77."
13,2026-07-23T17:56:44Z,KATL,Wednesday,2026-07-29T06:00:00-04:00,1,94.0,Mostly Sunny then Slight Chance Showers And Thunderstorms,"A slight chance of showers and thunderstorms after 2pm. Mostly sunny, with a high near 94. Chance of precipitation is 20%."
14,2026-07-23T17:56:44Z,KATL,Wednesday Night,2026-07-29T18:00:00-04:00,0,75.0,Slight Chance Showers And Thunderstorms,"A slight chance of showers and thunderstorms before 2am. Partly cloudy, with a low around 75."
15,2026-07-23T17:56:44Z,KAUS,This Afternoon,2026-07-23T12:00:00-05:00,1,100.0,Sunny,"Sunny, with a high near 100. Heat index values as high as 108. Northeast wind around 10 mph, with gusts as high as 25 mph."
16,2026-07-23T17:56:44Z,KAUS,Tonight,2026-07-23T18:00:00-05:00,0,79.0,Slight Chance Rain Showers,"A slight chance of rain showers after 10pm. Partly cloudy, with a low around 79. Heat index values as high as 106. North northeast wind 10 to 25 mph, with gusts as high as 35 mph. Chance of precipitation is 40%. New rainfall amounts less than a tenth of an inch possible."
17,2026-07-23T17:56:44Z,KAUS,Friday,2026-07-24T06:00:00-05:00,1,96.0,Slight Chance Rain Showers then Mostly Sunny,"A slight chance of rain showers before 7am. Mostly sunny, with a high near 96. Heat index values as high as 102. South wind 5 to 20 mph, with gusts as high as 35 mph. Chance of precipitation is 40%. New rainfall amounts less than a tenth of an inch possible."
18,2026-07-23T17:56:44Z,KAUS,Friday Night,2026-07-24T18:00:00-05:00,0,77.0,Mostly Clear,"Mostly clear, with a low around 77. Heat index values as high as 103. South wind 5 to 10 mph, with gusts as high as 25 mph."
19,2026-07-23T17:56:44Z,KAUS,Saturday,2026-07-25T06:00:00-05:00,1,97.0,Mostly Sunny,"Mostly sunny, with a high near 97. South wind 5 to 10 mph."
20,2026-07-23T17:56:44Z,KAUS,Saturday Night,2026-07-25T18:00:00-05:00,0,74.0,Mostly Clear,"Mostly clear, with a low around 74. South wind 5 to 10 mph."
21,2026-07-23T17:56:44Z,KAUS,Sunday,2026-07-26T06:00:00-05:00,1,97.0,Sunny,"Sunny, with a high near 97. South wind around 5 mph."
22,2026-07-23T17:56:44Z,KAUS,Sunday Night,2026-07-26T18:00:00-05:00,0,76.0,Mostly Clear,"Mostly clear, with a low around 76. South wind 5 to 10 mph."
23,2026-07-23T17:56:44Z,KAUS,Monday,2026-07-27T06:00:00-05:00,1,98.0,Sunny,"Sunny, with a high near 98. South wind around 5 mph."
24,2026-07-23T17:56:44Z,KAUS,Monday Night,2026-07-27T18:00:00-05:00,0,77.0,Mostly Clear,"Mostly clear, with a low around 77."
25,2026-07-23T17:56:44Z,KAUS,Tuesday,2026-07-28T06:00:00-05:00,1,99.0,Sunny,"Sunny, with a high near 99."
26,2026-07-23T17:56:44Z,KAUS,Tuesday Night,2026-07-28T18:00:00-05:00,0,77.0,Mostly Clear,"Mostly clear, with a low around 77."
27,2026-07-23T17:56:44Z,KAUS,Wednesday,2026-07-29T06:00:00-05:00,1,100.0,Sunny,"Sunny, with a high near 100."
28,2026-07-23T17:56:44Z,KAUS,Wednesday Night,2026-07-29T18:00:00-05:00,0,78.0,Mostly Clear,"Mostly clear, with a low around 78."
29,2026-07-23T17:56:44Z,KBOS,Today,2026-07-23T09:00:00-04:00,1,78.0,Sunny,"Sunny, with a high near 78. Northeast wind 3 to 7 mph."
30,2026-07-23T17:56:44Z,KBOS,Tonight,2026-07-23T18:00:00-04:00,0,63.0,Clear,"Clear, with a low around 63. Southwest wind 2 to 7 mph."
31,2026-07-23T17:56:44Z,KBOS,Friday,2026-07-24T06:00:00-04:00,1,79.0,Sunny,"Sunny, with a high near 79. Northeast wind 1 to 10 mph."
32,2026-07-23T17:56:44Z,KBOS,Friday Night,2026-07-24T18:00:00-04:00,0,62.0,Mostly Clear,"Mostly clear, with a low around 62. South wind 2 to 9 mph."
33,2026-07-23T17:56:44Z,KBOS,Saturday,2026-07-25T06:00:00-04:00,1,78.0,Sunny,"Sunny, with a high near 78. North wind 2 to 12 mph."
34,2026-07-23T17:56:44Z,KBOS,Saturday Night,2026-07-25T18:00:00-04:00,0,63.0,Mostly Clear,"Mostly clear, with a low around 63. Northeast wind 2 to 9 mph."
35,2026-07-23T17:56:44Z,KBOS,Sunday,2026-07-26T06:00:00-04:00,1,77.0,Mostly Sunny,"Mostly sunny, with a high near 77. Northeast wind 2 to 9 mph."
36,2026-07-23T17:56:44Z,KBOS,Sunday Night,2026-07-26T18:00:00-04:00,0,64.0,Partly Cloudy,"Partly cloudy, with a low around 64. Southeast wind 3 to 8 mph."
37,2026-07-23T17:56:44Z,KBOS,Monday,2026-07-27T06:00:00-04:00,1,77.0,Sunny,"Sunny, with a high near 77. South wind 3 to 9 mph."
38,2026-07-23T17:56:44Z,KBOS,Monday Night,2026-07-27T18:00:00-04:00,0,67.0,Partly Cloudy then Slight Chance Showers And Thunderstorms,"A slight chance of showers and thunderstorms after midnight. Partly cloudy, with a low around 67. South wind around 8 mph."
39,2026-07-23T17:56:44Z,KBOS,Tuesday,2026-07-28T06:00:00-04:00,1,79.0,Chance Showers And Thunderstorms,"A chance of showers and thunderstorms before 2pm, then a chance of showers and thunderstorms. Partly sunny, with a high near 79. South wind 5 to 12 mph. Chance of precipitation is 50%."
40,2026-07-23T17:56:44Z,KBOS,Tuesday Night,2026-07-28T18:00:00-04:00,0,68.0,Chance Showers And Thunderstorms,"A chance of showers and thunderstorms before 8pm, then a chance of showers and thunderstorms. Mostly cloudy, with a low around 68. South wind 7 to 10 mph. Chance of precipitation is 50%."
41,2026-07-23T17:56:44Z,KBOS,Wednesday,2026-07-29T06:00:00-04:00,1,76.0,Showers And Thunderstorms Likely,"Showers and thunderstorms likely. Partly sunny, with a high near 76. Southeast wind around 9 mph. Chance of precipitation is 60%."
42,2026-07-23T17:56:44Z,KBOS,Wednesday Night,2026-07-29T18:00:00-04:00,0,67.0,Chance Showers And Thunderstorms,"A chance of showers and thunderstorms before 2am. Mostly cloudy, with a low around 67. Northeast wind around 8 mph."
43,2026-07-23T17:56:44Z,KMDW,Today,2026-07-23T09:00:00-05:00,1,80.0,Sunny,"Sunny, with a high near 80. South southeast wind 5 to 10 mph."
44,2026-07-23T17:56:44Z,KMDW,Tonight,2026-07-23T18:00:00-05:00,0,64.0,Mostly Cloudy,"Mostly cloudy, with a low around 64. South southeast wind 0 to 5 mph."
45,2026-07-23T17:56:44Z,KMDW,Friday,2026-07-24T06:00:00-05:00,1,80.0,Mostly Sunny,"Mostly sunny, with a high near 80. South wind 0 to 10 mph."
46,2026-07-23T17:56:44Z,KMDW,Friday Night,2026-07-24T18:00:00-05:00,0,64.0,Partly Cloudy,"Partly cloudy, with a low around 64. South southwest wind 5 to 10 mph."
47,2026-07-23T17:56:44Z,KMDW,Saturday,2026-07-25T06:00:00-05:00,1,85.0,Partly Sunny,"Partly sunny, with a high near 85. Southwest wind 5 to 10 mph."
48,2026-07-23T17:56:44Z,KMDW,Saturday Night,2026-07-25T18:00:00-05:00,0,71.0,Partly Cloudy,"Partly cloudy, with a low around 71."
49,2026-07-23T17:56:44Z,KMDW,Sunday,2026-07-26T06:00:00-05:00,1,91.0,Mostly Sunny,"Mostly sunny, with a high near 91."
50,2026-07-23T17:56:44Z,KMDW,Sunday Night,2026-07-26T18:00:00-05:00,0,76.0,Partly Cloudy then Chance Showers And Thunderstorms,"A chance of showers and thunderstorms after 1am. Partly cloudy, with a low around 76."
51,2026-07-23T17:56:44Z,KMDW,Monday,2026-07-27T06:00:00-05:00,1,93.0,Chance Showers And Thunderstorms,"A chance of showers and thunderstorms before 1pm, then a chance of showers and thunderstorms. Mostly sunny, with a high near 93."
52,2026-07-23T17:56:44Z,KMDW,Monday Night,2026-07-27T18:00:00-05:00,0,74.0,Chance Showers And Thunderstorms,"A chance of showers and thunderstorms before 1am, then a chance of showers and thunderstorms. Partly cloudy, with a low around 74."
53,2026-07-23T17:56:44Z,KMDW,Tuesday,2026-07-28T06:00:00-05:00,1,86.0,Chance Showers And Thunderstorms then Mostly Sunny,"A chance of showers and thunderstorms before 7am. Mostly sunny, with a high near 86."
54,2026-07-23T17:56:44Z,KMDW,Tuesday Night,2026-07-28T18:00:00-05:00,0,70.0,Partly Cloudy,"Partly cloudy, with a low around 70."
55,2026-07-23T17:56:44Z,KMDW,Wednesday,2026-07-29T06:00:00-05:00,1,82.0,Sunny,"Sunny, with a high near 82."
56,2026-07-23T17:56:44Z,KMDW,Wednesday Night,2026-07-29T18:00:00-05:00,0,70.0,Mostly Clear,"Mostly clear, with a low around 70."
57,2026-07-23T17:56:44Z,KDFW,Today,2026-07-23T07:00:00-05:00,1,99.0,Sunny,"Sunny, with a high near 99. Heat index values as high as 106. East northeast wind 5 to 15 mph."
58,2026-07-23T17:56:44Z,KDFW,Tonight,2026-07-23T18:00:00-05:00,0,80.0,Mostly Clear,"Mostly clear. Low around 80, with temperatures rising to around 82 overnight. Heat index values as high as 106. East southeast wind 10 to 15 mph."
59,2026-07-23T17:56:44Z,KDFW,Friday,2026-07-24T06:00:00-05:00,1,98.0,Mostly Sunny,"Mostly sunny, with a high near 98. Heat index values as high as 107. South southeast wind 10 to 15 mph, with gusts as high as 25 mph."
60,2026-07-23T17:56:44Z,KDFW,Friday Night,2026-07-24T18:00:00-05:00,0,80.0,Mostly Clear,"Mostly clear. Low around 80, with temperatures rising to around 82 overnight. Heat index values as high as 107. South wind 10 to 15 mph, with gusts as high as 25 mph."
61,2026-07-23T17:56:44Z,KDFW,Saturday,2026-07-25T06:00:00-05:00,1,100.0,Mostly Sunny,"Mostly sunny, with a high near 100. South southwest wind around 10 mph, with gusts as high as 20 mph."
62,2026-07-23T17:56:44Z,KDFW,Saturday Night,2026-07-25T18:00:00-05:00,0,81.0,Mostly Clear,"Mostly clear. Low around 81, with temperatures rising to around 83 overnight. South wind around 10 mph."
63,2026-07-23T17:56:44Z,KDFW,Sunday,2026-07-26T06:00:00-05:00,1,102.0,Sunny,"Sunny, with a high near 102. South southwest wind around 10 mph."
64,2026-07-23T17:56:44Z,KDFW,Sunday Night,2026-07-26T18:00:00-05:00,0,82.0,Clear,"Clear, with a low around 82. South wind around 10 mph."
65,2026-07-23T17:56:44Z,KDFW,Monday,2026-07-27T06:00:00-05:00,1,102.0,Sunny,"Sunny, with a high near 102. South southwest wind 5 to 10 mph."
66,2026-07-23T17:56:44Z,KDFW,Monday Night,2026-07-27T18:00:00-05:00,0,82.0,Clear,"Clear, with a low around 82."
67,2026-07-23T17:56:44Z,KDFW,Tuesday,2026-07-28T06:00:00-05:00,1,102.0,Sunny,"Sunny, with a high near 102."
68,2026-07-23T17:56:44Z,KDFW,Tuesday Night,2026-07-28T18:00:00-05:00,0,82.0,Mostly Clear,"Mostly clear, with a low around 82."
69,2026-07-23T17:56:44Z,KDFW,Wednesday,2026-07-29T06:00:00-05:00,1,103.0,Sunny,"Sunny, with a high near 103."
70,2026-07-23T17:56:44Z,KDFW,Wednesday Night,2026-07-29T18:00:00-05:00,0,83.0,Mostly Clear,"Mostly clear, with a low around 83."
71,2026-07-23T17:56:44Z,KDEN,Today,2026-07-23T06:00:00-06:00,1,89.0,Partly Sunny then Chance Showers And Thunderstorms,"A chance of showers and thunderstorms between noon and 3pm, then showers and thunderstorms likely. Partly sunny. High near 89, with temperatures falling to around 83 in the afternoon. North wind 5 to 8 mph. Chance of precipitation is 60%. New rainfall amounts between a tenth and quarter of an inch possible."
72,2026-07-23T17:56:44Z,KDEN,Tonight,2026-07-23T18:00:00-06:00,0,64.0,Chance Showers And Thunderstorms then Partly Cloudy,"A chance of showers and thunderstorms before midnight. Partly cloudy. Low around 64, with temperatures rising to around 68 overnight. South wind 5 to 8 mph. Chance of precipitation is 40%. New rainfall amounts less than a tenth of an inch possible."
73,2026-07-23T17:56:44Z,KDEN,Friday,2026-07-24T06:00:00-06:00,1,95.0,Sunny,"Sunny, with a high near 95. North northwest wind around 6 mph, with gusts as high as 16 mph."
74,2026-07-23T17:56:44Z,KDEN,Friday Night,2026-07-24T18:00:00-06:00,0,67.0,Mostly Clear,"Mostly clear, with a low around 67. Southeast wind 5 to 8 mph."
75,2026-07-23T17:56:44Z,KDEN,Saturday,2026-07-25T06:00:00-06:00,1,99.0,Mostly Sunny,"Mostly sunny, with a high near 99. South wind 5 to 10 mph, with gusts as high as 20 mph."
76,2026-07-23T17:56:44Z,KDEN,Saturday Night,2026-07-25T18:00:00-06:00,0,69.0,Partly Cloudy,"Partly cloudy, with a low around 69."
77,2026-07-23T17:56:44Z,KDEN,Sunday,2026-07-26T06:00:00-06:00,1,100.0,Sunny,"Sunny, with a high near 100."
78,2026-07-23T17:56:44Z,KDEN,Sunday Night,2026-07-26T18:00:00-06:00,0,69.0,Slight Chance Showers And Thunderstorms then Partly Cloudy,"A slight chance of showers and thunderstorms before midnight. Partly cloudy, with a low around 69."
79,2026-07-23T17:56:44Z,KDEN,Monday,2026-07-27T06:00:00-06:00,1,97.0,Mostly Sunny then Chance Showers And Thunderstorms,"A chance of showers and thunderstorms after noon. Mostly sunny, with a high near 97."
80,2026-07-23T17:56:44Z,KDEN,Monday Night,2026-07-27T18:00:00-06:00,0,66.0,Chance Showers And Thunderstorms,"A chance of showers and thunderstorms. Mostly cloudy, with a low around 66."
81,2026-07-23T17:56:44Z,KDEN,Tuesday,2026-07-28T06:00:00-06:00,1,93.0,Partly Sunny then Showers And Thunderstorms Likely,"Showers and thunderstorms likely after noon. Partly sunny, with a high near 93."
82,2026-07-23T17:56:44Z,KDEN,Tuesday Night,2026-07-28T18:00:00-06:00,0,64.0,Showers And Thunderstorms Likely,"Showers and thunderstorms likely. Mostly cloudy, with a low around 64."
83,2026-07-23T17:56:44Z,KDEN,Wednesday,2026-07-29T06:00:00-06:00,1,91.0,Partly Sunny then Chance Showers And Thunderstorms,"A chance of showers and thunderstorms after noon. Partly sunny, with a high near 91."
84,2026-07-23T17:56:44Z,KDEN,Wednesday Night,2026-07-29T18:00:00-06:00,0,63.0,Chance Showers And Thunderstorms then Mostly Cloudy,"A chance of showers and thunderstorms before midnight. Mostly cloudy, with a low around 63."
85,2026-07-23T17:56:44Z,KIAH,Today,2026-07-23T11:00:00-05:00,1,94.0,Mostly Sunny then Chance Showers And Thunderstorms,"A chance of showers and thunderstorms after 1pm. Mostly sunny. High near 94, with temperatures falling to around 91 in the afternoon. Heat index values as high as 110. Northeast wind 10 to 25 mph, with gusts as high as 30 mph. Chance of precipitation is 50%. New rainfall amounts less than a tenth of an inch possible."
86,2026-07-23T17:56:44Z,KIAH,Tonight,2026-07-23T18:00:00-05:00,0,79.0,Chance Showers And Thunderstorms,"A chance of showers and thunderstorms before 1am. Partly cloudy, with a low around 79. Heat index values as high as 105. East wind 5 to 25 mph. Chance of precipitation is 40%. New rainfall amounts less than a tenth of an inch possible."
87,2026-07-23T17:56:44Z,KIAH,Friday,2026-07-24T06:00:00-05:00,1,95.0,Mostly Sunny,"Mostly sunny, with a high near 95. Heat index values as high as 107. South wind 5 to 10 mph. New rainfall amounts less than a tenth of an inch possible."
88,2026-07-23T17:56:44Z,KIAH,Friday Night,2026-07-24T18:00:00-05:00,0,78.0,Mostly Clear,"Mostly clear, with a low around 78. Heat index values as high as 105. South wind 5 to 10 mph."
89,2026-07-23T17:56:44Z,KIAH,Saturday,2026-07-25T06:00:00-05:00,1,97.0,Sunny,"Sunny, with a high near 97. South wind 0 to 10 mph."
90,2026-07-23T17:56:44Z,KIAH,Saturday Night,2026-07-25T18:00:00-05:00,0,77.0,Mostly Clear,"Mostly clear, with a low around 77."
91,2026-07-23T17:56:44Z,KIAH,Sunday,2026-07-26T06:00:00-05:00,1,99.0,Sunny,"Sunny, with a high near 99."
92,2026-07-23T17:56:44Z,KIAH,Sunday Night,2026-07-26T18:00:00-05:00,0,79.0,Mostly Clear,"Mostly clear, with a low around 79."
93,2026-07-23T17:56:44Z,KIAH,Monday,2026-07-27T06:00:00-05:00,1,100.0,Sunny,"Sunny, with a high near 100."
94,2026-07-23T17:56:44Z,KIAH,Monday Night,2026-07-27T18:00:00-05:00,0,79.0,Mostly Clear,"Mostly clear, with a low around 79."
95,2026-07-23T17:56:44Z,KIAH,Tuesday,2026-07-28T06:00:00-05:00,1,101.0,Sunny,"Sunny, with a high near 101."
96,2026-07-23T17:56:44Z,KIAH,Tuesday Night,2026-07-28T18:00:00-05:00,0,80.0,Mostly Clear,"Mostly clear, with a low around 80."
97,2026-07-23T17:56:44Z,KIAH,Wednesday,2026-07-29T06:00:00-05:00,1,101.0,Sunny,"Sunny, with a high near 101."
98,2026-07-23T17:56:44Z,KIAH,Wednesday Night,2026-07-29T18:00:00-05:00,0,80.0,Mostly Clear,"Mostly clear, with a low around 80."
99,2026-07-23T17:56:44Z,KLAS,Today,2026-07-23T08:00:00-07:00,1,110.0,Sunny,"Sunny, with a high near 110. Heat index values as high as 107. East southeast wind around 5 mph."
100,2026-07-23T17:56:44Z,KLAS,Tonight,2026-07-23T18:00:00-07:00,0,91.0,Mostly Clear,"Mostly clear. Low around 91, with temperatures rising to around 94 overnight. Heat index values as high as 107. South southwest wind around 5 mph."
101,2026-07-23T17:56:44Z,KLAS,Friday,2026-07-24T06:00:00-07:00,1,111.0,Sunny then Isolated Showers And Thunderstorms,"Isolated showers and thunderstorms between 3pm and 4pm. Sunny, with a high near 111. Heat index values as high as 108. South southeast wind 2 to 8 mph."
102,2026-07-23T17:56:44Z,KLAS,Friday Night,2026-07-24T18:00:00-07:00,0,91.0,Mostly Clear,"Mostly clear, with a low around 91. Heat index values as high as 108. South southwest wind around 7 mph."
103,2026-07-23T17:56:44Z,KLAS,Saturday,2026-07-25T06:00:00-07:00,1,113.0,Sunny,"Sunny, with a high near 113. South wind 2 to 10 mph, with gusts as high as 20 mph."
104,2026-07-23T17:56:44Z,KLAS,Saturday Night,2026-07-25T18:00:00-07:00,0,91.0,Mostly Clear,"Mostly clear, with a low around 91."
105,2026-07-23T17:56:44Z,KLAS,Sunday,2026-07-26T06:00:00-07:00,1,113.0,Sunny,"Sunny, with a high near 113."
106,2026-07-23T17:56:44Z,KLAS,Sunday Night,2026-07-26T18:00:00-07:00,0,90.0,Partly Cloudy,"Partly cloudy, with a low around 90."
107,2026-07-23T17:56:44Z,KLAS,Monday,2026-07-27T06:00:00-07:00,1,110.0,Mostly Sunny,"Mostly sunny, with a high near 110."
108,2026-07-23T17:56:44Z,KLAS,Monday Night,2026-07-27T18:00:00-07:00,0,88.0,Partly Cloudy,"Partly cloudy, with a low around 88."
109,2026-07-23T17:56:44Z,KLAS,Tuesday,2026-07-28T06:00:00-07:00,1,109.0,Mostly Sunny,"Mostly sunny, with a high near 109."
110,2026-07-23T17:56:44Z,KLAS,Tuesday Night,2026-07-28T18:00:00-07:00,0,88.0,Partly Cloudy then Slight Chance Showers And Thunderstorms,"A slight chance of showers and thunderstorms after 5am. Partly cloudy, with a low around 88."
111,2026-07-23T17:56:44Z,KLAS,Wednesday,2026-07-29T06:00:00-07:00,1,108.0,Slight Chance Showers And Thunderstorms,"A slight chance of showers and thunderstorms before 5pm. Sunny, with a high near 108."
112,2026-07-23T17:56:44Z,KLAS,Wednesday Night,2026-07-29T18:00:00-07:00,0,88.0,Mostly Clear,"Mostly clear, with a low around 88."
113,2026-07-23T17:56:44Z,KLAX,Today,2026-07-23T09:00:00-07:00,1,81.0,Sunny,"Sunny, with a high near 81. West southwest wind 5 to 15 mph."
114,2026-07-23T17:56:44Z,KLAX,Tonight,2026-07-23T18:00:00-07:00,0,69.0,Partly Cloudy,"Partly cloudy, with a low around 69. South wind 5 to 10 mph."
115,2026-07-23T17:56:44Z,KLAX,Friday,2026-07-24T06:00:00-07:00,1,82.0,Mostly Sunny,"Mostly sunny, with a high near 82. South wind 5 to 10 mph."
116,2026-07-23T17:56:44Z,KLAX,Friday Night,2026-07-24T18:00:00-07:00,0,69.0,Mostly Cloudy,"Mostly cloudy, with a low around 69. South wind 5 to 10 mph."
117,2026-07-23T17:56:44Z,KLAX,Saturday,2026-07-25T06:00:00-07:00,1,82.0,Sunny,"Sunny, with a high near 82. South wind 5 to 10 mph."
118,2026-07-23T17:56:44Z,KLAX,Saturday Night,2026-07-25T18:00:00-07:00,0,70.0,Partly Cloudy,"Partly cloudy, with a low around 70."
119,2026-07-23T17:56:44Z,KLAX,Sunday,2026-07-26T06:00:00-07:00,1,79.0,Mostly Sunny,"Mostly sunny, with a high near 79."
120,2026-07-23T17:56:44Z,KLAX,Sunday Night,2026-07-26T18:00:00-07:00,0,69.0,Partly Cloudy,"Partly cloudy, with a low around 69."
121,2026-07-23T17:56:44Z,KLAX,Monday,2026-07-27T06:00:00-07:00,1,78.0,Mostly Sunny,"Mostly sunny, with a high near 78."
122,2026-07-23T17:56:44Z,KLAX,Monday Night,2026-07-27T18:00:00-07:00,0,68.0,Partly Cloudy,"Partly cloudy, with a low around 68."
123,2026-07-23T17:56:44Z,KLAX,Tuesday,2026-07-28T06:00:00-07:00,1,76.0,Mostly Sunny,"Mostly sunny, with a high near 76."
124,2026-07-23T17:56:44Z,KLAX,Tuesday Night,2026-07-28T18:00:00-07:00,0,68.0,Partly Cloudy,"Partly cloudy, with a low around 68."
125,2026-07-23T17:56:44Z,KLAX,Wednesday,2026-07-29T06:00:00-07:00,1,77.0,Mostly Sunny,"Mostly sunny, with a high near 77."
126,2026-07-23T17:56:44Z,KLAX,Wednesday Night,2026-07-29T18:00:00-07:00,0,68.0,Partly Cloudy,"Partly cloudy, with a low around 68."
127,2026-07-23T17:56:44Z,KMIA,Today,2026-07-23T11:00:00-04:00,1,93.0,Chance Showers And Thunderstorms,"A chance of showers and thunderstorms before 2pm. Mostly sunny, with a high near 93. Heat index values as high as 101. East wind 12 to 15 mph, with gusts as high as 24 mph. Chance of precipitation is 30%."
128,2026-07-23T17:56:44Z,KMIA,Tonight,2026-07-23T18:00:00-04:00,0,80.0,Chance Showers And Thunderstorms,"A chance of showers and thunderstorms after 9pm. Partly cloudy, with a low around 80. Northeast wind 7 to 14 mph, with gusts as high as 22 mph. Chance of precipitation is 50%. New rainfall amounts less than a tenth of an inch possible."
129,2026-07-23T17:56:44Z,KMIA,Friday,2026-07-24T06:00:00-04:00,1,92.0,Chance Showers And Thunderstorms,"A chance of showers and thunderstorms. Mostly sunny, with a high near 92. Heat index values as high as 102. East wind 6 to 10 mph. Chance of precipitation is 50%. New rainfall amounts between a tenth and quarter of an inch possible."
130,2026-07-23T17:56:44Z,KMIA,Friday Night,2026-07-24T18:00:00-04:00,0,80.0,Slight Chance Showers And Thunderstorms,"A slight chance of showers and thunderstorms. Partly cloudy, with a low around 80. Southeast wind 0 to 10 mph. Chance of precipitation is 20%."
131,2026-07-23T17:56:44Z,KMIA,Saturday,2026-07-25T06:00:00-04:00,1,93.0,Showers And Thunderstorms,"Showers and thunderstorms before 5pm, then showers and thunderstorms. Mostly sunny, with a high near 93. South wind 0 to 8 mph. Chance of precipitation is 80%."
132,2026-07-23T17:56:44Z,KMIA,Saturday Night,2026-07-25T18:00:00-04:00,0,79.0,Showers And Thunderstorms then Slight Chance Showers And Thunderstorms,"Showers and thunderstorms before 8pm, then a slight chance of showers and thunderstorms between 8pm and 2am. Partly cloudy, with a low around 79. South wind 3 to 7 mph. Chance of precipitation is 80%."
133,2026-07-23T17:56:44Z,KMIA,Sunday,2026-07-26T06:00:00-04:00,1,93.0,Showers And Thunderstorms,"Showers and thunderstorms after 8am. Mostly sunny, with a high near 93. Southwest wind 3 to 9 mph. Chance of precipitation is 90%."
134,2026-07-23T17:56:44Z,KMIA,Sunday Night,2026-07-26T18:00:00-04:00,0,79.0,Showers And Thunderstorms,"Showers and thunderstorms before 2am. Mostly cloudy, with a low around 79. Southwest wind around 9 mph. Chance of precipitation is 90%."
135,2026-07-23T17:56:44Z,KMIA,Monday,2026-07-27T06:00:00-04:00,1,93.0,Showers And Thunderstorms Likely,"Showers and thunderstorms likely after 8am. Mostly sunny, with a high near 93. Southwest wind 6 to 12 mph, with gusts as high as 18 mph. Chance of precipitation is 70%."
136,2026-07-23T17:56:44Z,KMIA,Monday Night,2026-07-27T18:00:00-04:00,0,79.0,Showers And Thunderstorms Likely,"Showers and thunderstorms likely. Mostly cloudy, with a low around 79. Chance of precipitation is 70%."
137,2026-07-23T17:56:44Z,KMIA,Tuesday,2026-07-28T06:00:00-04:00,1,92.0,Showers And Thunderstorms Likely,"Showers and thunderstorms likely. Partly sunny, with a high near 92. Chance of precipitation is 60%."
138,2026-07-23T17:56:44Z,KMIA,Tuesday Night,2026-07-28T18:00:00-04:00,0,79.0,Showers And Thunderstorms Likely,"Showers and thunderstorms likely before 2am. Mostly cloudy, with a low around 79. Chance of precipitation is 60%."
139,2026-07-23T17:56:44Z,KMIA,Wednesday,2026-07-29T06:00:00-04:00,1,94.0,Chance Showers And Thunderstorms,"A chance of showers and thunderstorms after 8am. Mostly sunny, with a high near 94. Chance of precipitation is 40%."
140,2026-07-23T17:56:44Z,KMIA,Wednesday Night,2026-07-29T18:00:00-04:00,0,80.0,Chance Showers And Thunderstorms then Partly Cloudy,"A chance of showers and thunderstorms before 8pm. Partly cloudy, with a low around 80."
141,2026-07-23T17:56:44Z,KMSP,Today,2026-07-23T10:00:00-05:00,1,81.0,Sunny,"Sunny, with a high near 81. South wind 5 to 10 mph."
142,2026-07-23T17:56:44Z,KMSP,Tonight,2026-07-23T18:00:00-05:00,0,65.0,Mostly Cloudy,"Mostly cloudy, with a low around 65. South wind around 10 mph."
143,2026-07-23T17:56:44Z,KMSP,Friday,2026-07-24T06:00:00-05:00,1,83.0,Mostly Sunny,"Mostly sunny, with a high near 83. South wind 10 to 15 mph, with gusts as high as 25 mph."
144,2026-07-23T17:56:44Z,KMSP,Friday Night,2026-07-24T18:00:00-05:00,0,68.0,Partly Cloudy,"Partly cloudy, with a low around 68. South southwest wind around 15 mph, with gusts as high as 25 mph."
145,2026-07-23T17:56:44Z,KMSP,Saturday,2026-07-25T06:00:00-05:00,1,93.0,Sunny,"Sunny, with a high near 93. West southwest wind around 10 mph."
146,2026-07-23T17:56:44Z,KMSP,Saturday Night,2026-07-25T18:00:00-05:00,0,73.0,Mostly Clear,"Mostly clear, with a low around 73. South southwest wind 5 to 10 mph."
147,2026-07-23T17:56:44Z,KMSP,Sunday,2026-07-26T06:00:00-05:00,1,95.0,Mostly Sunny,"Mostly sunny, with a high near 95. South wind 10 to 15 mph."
148,2026-07-23T17:56:44Z,KMSP,Sunday Night,2026-07-26T18:00:00-05:00,0,74.0,Chance Showers And Thunderstorms,"A chance of showers and thunderstorms after 7pm. Partly cloudy, with a low around 74. South southwest wind 10 to 15 mph. Chance of precipitation is 40%."
149,2026-07-23T17:56:44Z,KMSP,Monday,2026-07-27T06:00:00-05:00,1,95.0,Slight Chance Showers And Thunderstorms then Sunny,"A slight chance of showers and thunderstorms before 7am. Sunny, with a high near 95. West northwest wind 5 to 10 mph. Chance of precipitation is 20%."
150,2026-07-23T17:56:44Z,KMSP,Monday Night,2026-07-27T18:00:00-05:00,0,71.0,Mostly Clear,"Mostly clear, with a low around 71. North northeast wind 0 to 10 mph."
151,2026-07-23T17:56:44Z,KMSP,Tuesday,2026-07-28T06:00:00-05:00,1,91.0,Sunny,"Sunny, with a high near 91. North northeast wind 0 to 5 mph."
152,2026-07-23T17:56:44Z,KMSP,Tuesday Night,2026-07-28T18:00:00-05:00,0,70.0,Mostly Clear,"Mostly clear, with a low around 70. East wind 0 to 10 mph."
153,2026-07-23T17:56:44Z,KMSP,Wednesday,2026-07-29T06:00:00-05:00,1,91.0,Sunny,"Sunny, with a high near 91. East northeast wind 0 to 10 mph."
154,2026-07-23T17:56:44Z,KMSP,Wednesday Night,2026-07-29T18:00:00-05:00,0,70.0,Mostly Clear,"Mostly clear, with a low around 70. East southeast wind 5 to 10 mph."
155,2026-07-23T17:56:44Z,KMSY,This Afternoon,2026-07-23T12:00:00-05:00,1,91.0,Chance Showers And Thunderstorms,"A chance of showers and thunderstorms. Mostly sunny, with a high near 91. South wind around 15 mph, with gusts as high as 30 mph. Chance of precipitation is 50%. New rainfall amounts between a tenth and quarter of an inch possible."
156,2026-07-23T17:56:44Z,KMSY,Tonight,2026-07-23T18:00:00-05:00,0,78.0,Mostly Clear,"Mostly clear, with a low around 78. South wind 5 to 15 mph. New rainfall amounts between a tenth and quarter of an inch possible."
157,2026-07-23T17:56:44Z,KMSY,Friday,2026-07-24T06:00:00-05:00,1,93.0,Mostly Sunny,"Mostly sunny, with a high near 93. Southeast wind 5 to 10 mph. New rainfall amounts less than a tenth of an inch possible."
158,2026-07-23T17:56:44Z,KMSY,Friday Night,2026-07-24T18:00:00-05:00,0,77.0,Partly Cloudy,"Partly cloudy, with a low around 77. Southwest wind 5 to 10 mph."
159,2026-07-23T17:56:44Z,KMSY,Saturday,2026-07-25T06:00:00-05:00,1,95.0,Mostly Sunny,"Mostly sunny, with a high near 95. Northwest wind 0 to 5 mph."
160,2026-07-23T17:56:44Z,KMSY,Saturday Night,2026-07-25T18:00:00-05:00,0,78.0,Mostly Clear,"Mostly clear, with a low around 78. Southwest wind 5 to 10 mph."
161,2026-07-23T17:56:44Z,KMSY,Sunday,2026-07-26T06:00:00-05:00,1,97.0,Sunny,"Sunny, with a high near 97. West wind around 10 mph."
162,2026-07-23T17:56:44Z,KMSY,Sunday Night,2026-07-26T18:00:00-05:00,0,79.0,Mostly Clear,"Mostly clear, with a low around 79. West wind around 10 mph."
163,2026-07-23T17:56:44Z,KMSY,Monday,2026-07-27T06:00:00-05:00,1,98.0,Sunny,"Sunny, with a high near 98. West wind around 10 mph."
164,2026-07-23T17:56:44Z,KMSY,Monday Night,2026-07-27T18:00:00-05:00,0,79.0,Mostly Clear,"Mostly clear, with a low around 79. West wind around 10 mph."
165,2026-07-23T17:56:44Z,KMSY,Tuesday,2026-07-28T06:00:00-05:00,1,98.0,Sunny,"Sunny, with a high near 98. West wind around 10 mph."
166,2026-07-23T17:56:44Z,KMSY,Tuesday Night,2026-07-28T18:00:00-05:00,0,80.0,Mostly Clear,"Mostly clear, with a low around 80. Southwest wind around 10 mph."
167,2026-07-23T17:56:44Z,KMSY,Wednesday,2026-07-29T06:00:00-05:00,1,99.0,Sunny,"Sunny, with a high near 99. West wind around 10 mph."
168,2026-07-23T17:56:44Z,KMSY,Wednesday Night,2026-07-29T18:00:00-05:00,0,80.0,Partly Cloudy,"Partly cloudy, with a low around 80. Southwest wind around 10 mph."
169,2026-07-23T17:56:44Z,KNYC,This Afternoon,2026-07-23T13:00:00-04:00,1,81.0,Sunny,"Sunny, with a high near 81. Wind around 0 mph."
170,2026-07-23T17:56:44Z,KNYC,Tonight,2026-07-23T18:00:00-04:00,0,65.0,Mostly Clear,"Mostly clear, with a low around 65. South wind around 1 mph."
171,2026-07-23T17:56:44Z,KNYC,Friday,2026-07-24T06:00:00-04:00,1,84.0,Sunny,"Sunny, with a high near 84. East wind 0 to 7 mph."
172,2026-07-23T17:56:44Z,KNYC,Friday Night,2026-07-24T18:00:00-04:00,0,65.0,Partly Cloudy,"Partly cloudy, with a low around 65. East wind 0 to 6 mph."
173,2026-07-23T17:56:44Z,KNYC,Saturday,2026-07-25T06:00:00-04:00,1,83.0,Mostly Sunny,"Mostly sunny, with a high near 83. East wind 1 to 7 mph."
174,2026-07-23T17:56:44Z,KNYC,Saturday Night,2026-07-25T18:00:00-04:00,0,66.0,Partly Cloudy,"Partly cloudy, with a low around 66."
175,2026-07-23T17:56:44Z,KNYC,Sunday,2026-07-26T06:00:00-04:00,1,85.0,Mostly Sunny,"Mostly sunny, with a high near 85."
176,2026-07-23T17:56:44Z,KNYC,Sunday Night,2026-07-26T18:00:00-04:00,0,68.0,Partly Cloudy,"Partly cloudy, with a low around 68."
177,2026-07-23T17:56:44Z,KNYC,Monday,2026-07-27T06:00:00-04:00,1,85.0,Mostly Sunny then Slight Chance Showers And Thunderstorms,"A slight chance of showers and thunderstorms after 2pm. Mostly sunny, with a high near 85."
178,2026-07-23T17:56:44Z,KNYC,Monday Night,2026-07-27T18:00:00-04:00,0,71.0,Slight Chance Showers And Thunderstorms then Chance Showers And Thunderstorms,"A slight chance of showers and thunderstorms before 8pm, then a chance of showers and thunderstorms. Mostly cloudy, with a low around 71. Chance of precipitation is 40%."
179,2026-07-23T17:56:44Z,KNYC,Tuesday,2026-07-28T06:00:00-04:00,1,85.0,Showers And Thunderstorms Likely,"A chance of rain showers before 2pm, then showers and thunderstorms likely. Partly sunny, with a high near 85. Chance of precipitation is 60%."
180,2026-07-23T17:56:44Z,KNYC,Tuesday Night,2026-07-28T18:00:00-04:00,0,70.0,Showers And Thunderstorms Likely,"Showers and thunderstorms likely. Mostly cloudy, with a low around 70. Chance of precipitation is 60%."
181,2026-07-23T17:56:44Z,KNYC,Wednesday,2026-07-29T06:00:00-04:00,1,81.0,Chance Rain Showers,"A chance of rain showers before 2pm, then a chance of showers and thunderstorms. Partly sunny, with a high near 81. Chance of precipitation is 40%."
182,2026-07-23T17:56:44Z,KNYC,Wednesday Night,2026-07-29T18:00:00-04:00,0,70.0,Chance Showers And Thunderstorms then Slight Chance Showers And Thunderstorms,"A chance of showers and thunderstorms before 8pm, then a slight chance of showers and thunderstorms between 8pm and 2am. Mostly cloudy, with a low around 70."
183,2026-07-23T17:56:44Z,KOKC,Today,2026-07-23T11:00:00-05:00,1,96.0,Sunny,"Sunny, with a high near 96. Heat index values as high as 98. Southeast wind around 14 mph, with gusts as high as 21 mph."
184,2026-07-23T17:56:44Z,KOKC,Tonight,2026-07-23T18:00:00-05:00,0,75.0,Mostly Clear,"Mostly clear, with a low around 75. Heat index values as high as 98. South southeast wind 12 to 15 mph, with gusts as high as 23 mph."
185,2026-07-23T17:56:44Z,KOKC,Friday,2026-07-24T06:00:00-05:00,1,97.0,Partly Sunny,"Partly sunny, with a high near 97. Heat index values as high as 104. South wind 12 to 16 mph, with gusts as high as 24 mph."
186,2026-07-23T17:56:44Z,KOKC,Friday Night,2026-07-24T18:00:00-05:00,0,77.0,Partly Cloudy then Slight Chance Showers And Thunderstorms,"A slight chance of showers and thunderstorms after 1am. Partly cloudy, with a low around 77. Heat index values as high as 102. South wind 13 to 16 mph, with gusts as high as 24 mph. Chance of precipitation is 20%."
187,2026-07-23T17:56:44Z,KOKC,Saturday,2026-07-25T06:00:00-05:00,1,99.0,Slight Chance Showers And Thunderstorms,"A slight chance of showers and thunderstorms before 1pm. Mostly sunny, with a high near 99. South southwest wind around 15 mph, with gusts as high as 23 mph. Chance of precipitation is 20%."
188,2026-07-23T17:56:44Z,KOKC,Saturday Night,2026-07-25T18:00:00-05:00,0,78.0,Mostly Clear,"Mostly clear, with a low around 78."
189,2026-07-23T17:56:44Z,KOKC,Sunday,2026-07-26T06:00:00-05:00,1,102.0,Sunny,"Sunny, with a high near 102."
190,2026-07-23T17:56:44Z,KOKC,Sunday Night,2026-07-26T18:00:00-05:00,0,78.0,Clear,"Clear, with a low around 78."
191,2026-07-23T17:56:44Z,KOKC,Monday,2026-07-27T06:00:00-05:00,1,103.0,Sunny,"Sunny, with a high near 103."
192,2026-07-23T17:56:44Z,KOKC,Monday Night,2026-07-27T18:00:00-05:00,0,78.0,Clear,"Clear, with a low around 78."
193,2026-07-23T17:56:44Z,KOKC,Tuesday,2026-07-28T06:00:00-05:00,1,103.0,Sunny,"Sunny, with a high near 103."
194,2026-07-23T17:56:44Z,KOKC,Tuesday Night,2026-07-28T18:00:00-05:00,0,78.0,Mostly Clear,"Mostly clear, with a low around 78."
195,2026-07-23T17:56:44Z,KOKC,Wednesday,2026-07-29T06:00:00-05:00,1,102.0,Sunny,"Sunny, with a high near 102."
196,2026-07-23T17:56:44Z,KOKC,Wednesday Night,2026-07-29T18:00:00-05:00,0,78.0,Mostly Clear,"Mostly clear, with a low around 78."
197,2026-07-23T17:56:44Z,KPHL,Today,2026-07-23T09:00:00-04:00,1,83.0,Sunny,"Sunny, with a high near 83. Northeast wind 5 to 10 mph."
198,2026-07-23T17:56:44Z,KPHL,Tonight,2026-07-23T18:00:00-04:00,0,64.0,Mostly Clear,"Mostly clear, with a low around 64. East wind 0 to 5 mph."
199,2026-07-23T17:56:44Z,KPHL,Friday,2026-07-24T06:00:00-04:00,1,85.0,Mostly Sunny,"Mostly sunny, with a high near 85. East wind 0 to 5 mph."
200,2026-07-23T17:56:44Z,KPHL,Friday Night,2026-07-24T18:00:00-04:00,0,64.0,Partly Cloudy,"Partly cloudy, with a low around 64. East wind 0 to 5 mph."
201,2026-07-23T17:56:44Z,KPHL,Saturday,2026-07-25T06:00:00-04:00,1,84.0,Sunny,"Sunny, with a high near 84. East wind 5 to 10 mph."
202,2026-07-23T17:56:44Z,KPHL,Saturday Night,2026-07-25T18:00:00-04:00,0,65.0,Partly Cloudy,"Partly cloudy, with a low around 65."
203,2026-07-23T17:56:44Z,KPHL,Sunday,2026-07-26T06:00:00-04:00,1,85.0,Sunny,"Sunny, with a high near 85."
204,2026-07-23T17:56:44Z,KPHL,Sunday Night,2026-07-26T18:00:00-04:00,0,67.0,Partly Cloudy,"Partly cloudy, with a low around 67."
205,2026-07-23T17:56:44Z,KPHL,Monday,2026-07-27T06:00:00-04:00,1,88.0,Mostly Sunny then Slight Chance Showers And Thunderstorms,"A slight chance of showers and thunderstorms after 2pm. Mostly sunny, with a high near 88."
206,2026-07-23T17:56:44Z,KPHL,Monday Night,2026-07-27T18:00:00-04:00,0,70.0,Slight Chance Showers And Thunderstorms then Chance Showers And Thunderstorms,"A slight chance of showers and thunderstorms before 8pm, then a chance of showers and thunderstorms. Partly cloudy, with a low around 70. Chance of precipitation is 40%."
207,2026-07-23T17:56:44Z,KPHL,Tuesday,2026-07-28T06:00:00-04:00,1,87.0,Showers And Thunderstorms Likely,"A chance of rain showers before 2pm, then showers and thunderstorms likely. Partly sunny, with a high near 87. Chance of precipitation is 60%."
208,2026-07-23T17:56:44Z,KPHL,Tuesday Night,2026-07-28T18:00:00-04:00,0,69.0,Showers And Thunderstorms Likely,"Showers and thunderstorms likely. Mostly cloudy, with a low around 69. Chance of precipitation is 60%."
209,2026-07-23T17:56:44Z,KPHL,Wednesday,2026-07-29T06:00:00-04:00,1,84.0,Chance Rain Showers,"A chance of rain showers before 2pm, then a chance of showers and thunderstorms. Partly sunny, with a high near 84. Chance of precipitation is 30%."
210,2026-07-23T17:56:44Z,KPHL,Wednesday Night,2026-07-29T18:00:00-04:00,0,69.0,Chance Showers And Thunderstorms then Slight Chance Showers And Thunderstorms,"A chance of showers and thunderstorms before 8pm, then a slight chance of showers and thunderstorms between 8pm and 2am. Partly cloudy, with a low around 69."
211,2026-07-23T17:56:44Z,KPHX,Today,2026-07-23T06:00:00-07:00,1,111.0,Sunny,"Sunny. High near 111, with temperatures falling to around 109 in the afternoon. Heat index values as high as 113. Southeast wind around 5 mph."
212,2026-07-23T17:56:44Z,KPHX,Tonight,2026-07-23T18:00:00-07:00,0,93.0,Mostly Clear,"Mostly clear, with a low around 93. Heat index values as high as 110. South southwest wind around 5 mph."
213,2026-07-23T17:56:44Z,KPHX,Friday,2026-07-24T06:00:00-07:00,1,114.0,Sunny,"Sunny. High near 114, with temperatures falling to around 112 in the afternoon. Heat index values as high as 115. South wind 0 to 10 mph."
214,2026-07-23T17:56:44Z,KPHX,Friday Night,2026-07-24T18:00:00-07:00,0,94.0,Mostly Clear,"Mostly clear, with a low around 94. Heat index values as high as 111. West northwest wind 5 to 10 mph."
215,2026-07-23T17:56:44Z,KPHX,Saturday,2026-07-25T06:00:00-07:00,1,116.0,Sunny,"Sunny, with a high near 116. South southeast wind 5 to 10 mph."
216,2026-07-23T17:56:44Z,KPHX,Saturday Night,2026-07-25T18:00:00-07:00,0,93.0,Mostly Cloudy,"Mostly cloudy, with a low around 93. Southeast wind 10 to 15 mph."
217,2026-07-23T17:56:44Z,KPHX,Sunday,2026-07-26T06:00:00-07:00,1,111.0,Mostly Sunny then Slight Chance Showers And Thunderstorms,"A slight chance of showers and thunderstorms after 5pm. Mostly sunny, with a high near 111. West southwest wind around 10 mph, with gusts as high as 20 mph. Chance of precipitation is 20%."
218,2026-07-23T17:56:44Z,KPHX,Sunday Night,2026-07-26T18:00:00-07:00,0,90.0,Slight Chance Showers And Thunderstorms,"A slight chance of showers and thunderstorms before 5am. Mostly cloudy, with a low around 90. West southwest wind 5 to 10 mph. Chance of precipitation is 20%."
219,2026-07-23T17:56:44Z,KPHX,Monday,2026-07-27T06:00:00-07:00,1,107.0,Partly Sunny then Slight Chance Showers And Thunderstorms,"A slight chance of showers and thunderstorms after 5pm. Partly sunny, with a high near 107. West southwest wind around 5 mph. Chance of precipitation is 20%."
220,2026-07-23T17:56:44Z,KPHX,Monday Night,2026-07-27T18:00:00-07:00,0,89.0,Slight Chance Showers And Thunderstorms,"A slight chance of showers and thunderstorms before 5am. Mostly cloudy, with a low around 89. Southwest wind around 5 mph. Chance of precipitation is 20%."
221,2026-07-23T17:56:44Z,KPHX,Tuesday,2026-07-28T06:00:00-07:00,1,107.0,Mostly Sunny,"Mostly sunny, with a high near 107. Southwest wind around 5 mph."
222,2026-07-23T17:56:44Z,KPHX,Tuesday Night,2026-07-28T18:00:00-07:00,0,89.0,Partly Cloudy,"Partly cloudy, with a low around 89. West wind 0 to 5 mph."
223,2026-07-23T17:56:44Z,KPHX,Wednesday,2026-07-29T06:00:00-07:00,1,109.0,Mostly Sunny,"Mostly sunny, with a high near 109. South wind 0 to 5 mph."
224,2026-07-23T17:56:44Z,KPHX,Wednesday Night,2026-07-29T18:00:00-07:00,0,90.0,Partly Cloudy,"Partly cloudy, with a low around 90. West southwest wind 0 to 5 mph."
225,2026-07-23T17:56:44Z,KSAT,This Afternoon,2026-07-23T12:00:00-05:00,1,101.0,Sunny,"Sunny, with a high near 101. Heat index values as high as 108. Northeast wind 10 to 15 mph, with gusts as high as 25 mph."
226,2026-07-23T17:56:44Z,KSAT,Tonight,2026-07-23T18:00:00-05:00,0,80.0,Chance Rain Showers,"A chance of rain showers after 10pm. Mostly cloudy, with a low around 80. Heat index values as high as 106. East wind 5 to 15 mph, with gusts as high as 25 mph. Chance of precipitation is 40%. New rainfall amounts less than a tenth of an inch possible."
227,2026-07-23T17:56:44Z,KSAT,Friday,2026-07-24T06:00:00-05:00,1,95.0,Slight Chance Rain Showers then Mostly Sunny,"A slight chance of rain showers before 7am. Mostly sunny, with a high near 95. Heat index values as high as 101. South southeast wind 5 to 15 mph, with gusts as high as 25 mph. Chance of precipitation is 30%. New rainfall amounts less than a tenth of an inch possible."
228,2026-07-23T17:56:44Z,KSAT,Friday Night,2026-07-24T18:00:00-05:00,0,77.0,Partly Cloudy,"Partly cloudy, with a low around 77. Heat index values as high as 101. South southeast wind 5 to 15 mph, with gusts as high as 25 mph."
229,2026-07-23T17:56:44Z,KSAT,Saturday,2026-07-25T06:00:00-05:00,1,97.0,Mostly Sunny,"Mostly sunny, with a high near 97. South southeast wind 5 to 10 mph."
230,2026-07-23T17:56:44Z,KSAT,Saturday Night,2026-07-25T18:00:00-05:00,0,76.0,Mostly Clear,"Mostly clear, with a low around 76. South southeast wind 5 to 10 mph, with gusts as high as 20 mph."
231,2026-07-23T17:56:44Z,KSAT,Sunday,2026-07-26T06:00:00-05:00,1,96.0,Sunny,"Sunny, with a high near 96. South wind around 5 mph."
232,2026-07-23T17:56:44Z,KSAT,Sunday Night,2026-07-26T18:00:00-05:00,0,76.0,Mostly Clear,"Mostly clear, with a low around 76. South southeast wind 5 to 10 mph."
233,2026-07-23T17:56:44Z,KSAT,Monday,2026-07-27T06:00:00-05:00,1,97.0,Sunny,"Sunny, with a high near 97. South wind 5 to 10 mph."
234,2026-07-23T17:56:44Z,KSAT,Monday Night,2026-07-27T18:00:00-05:00,0,76.0,Clear,"Clear, with a low around 76."
235,2026-07-23T17:56:44Z,KSAT,Tuesday,2026-07-28T06:00:00-05:00,1,99.0,Sunny,"Sunny, with a high near 99."
236,2026-07-23T17:56:44Z,KSAT,Tuesday Night,2026-07-28T18:00:00-05:00,0,77.0,Clear,"Clear, with a low around 77."
237,2026-07-23T17:56:44Z,KSAT,Wednesday,2026-07-29T06:00:00-05:00,1,99.0,Sunny,"Sunny, with a high near 99."
238,2026-07-23T17:56:44Z,KSAT,Wednesday Night,2026-07-29T18:00:00-05:00,0,78.0,Mostly Clear,"Mostly clear, with a low around 78."
239,2026-07-23T17:56:44Z,KSFO,Today,2026-07-23T08:00:00-07:00,1,70.0,Mostly Sunny,"Mostly sunny, with a high near 70. West wind 12 to 22 mph, with gusts as high as 30 mph."
240,2026-07-23T17:56:44Z,KSFO,Tonight,2026-07-23T18:00:00-07:00,0,58.0,Partly Cloudy,"Partly cloudy, with a low around 58. West wind 13 to 22 mph, with gusts as high as 30 mph."
241,2026-07-23T17:56:44Z,KSFO,Friday,2026-07-24T06:00:00-07:00,1,70.0,Mostly Sunny,"Mostly sunny, with a high near 70. West wind 13 to 23 mph, with gusts as high as 31 mph."
242,2026-07-23T17:56:44Z,KSFO,Friday Night,2026-07-24T18:00:00-07:00,0,58.0,Partly Cloudy,"Partly cloudy, with a low around 58. West wind 14 to 23 mph, with gusts as high as 31 mph."
243,2026-07-23T17:56:44Z,KSFO,Saturday,2026-07-25T06:00:00-07:00,1,72.0,Mostly Sunny,"Mostly sunny, with a high near 72. West wind 14 to 23 mph, with gusts as high as 30 mph."
244,2026-07-23T17:56:44Z,KSFO,Saturday Night,2026-07-25T18:00:00-07:00,0,58.0,Mostly Clear,"Mostly clear, with a low around 58."
245,2026-07-23T17:56:44Z,KSFO,Sunday,2026-07-26T06:00:00-07:00,1,72.0,Mostly Sunny,"Mostly sunny, with a high near 72."
246,2026-07-23T17:56:44Z,KSFO,Sunday Night,2026-07-26T18:00:00-07:00,0,58.0,Mostly Clear,"Mostly clear, with a low around 58."
247,2026-07-23T17:56:44Z,KSFO,Monday,2026-07-27T06:00:00-07:00,1,69.0,Sunny,"Sunny, with a high near 69."
248,2026-07-23T17:56:44Z,KSFO,Monday Night,2026-07-27T18:00:00-07:00,0,58.0,Mostly Clear,"Mostly clear, with a low around 58."
249,2026-07-23T17:56:44Z,KSFO,Tuesday,2026-07-28T06:00:00-07:00,1,69.0,Sunny,"Sunny, with a high near 69."
250,2026-07-23T17:56:44Z,KSFO,Tuesday Night,2026-07-28T18:00:00-07:00,0,58.0,Mostly Clear,"Mostly clear, with a low around 58."
251,2026-07-23T17:56:44Z,KSFO,Wednesday,2026-07-29T06:00:00-07:00,1,68.0,Sunny,"Sunny, with a high near 68."
252,2026-07-23T17:56:44Z,KSFO,Wednesday Night,2026-07-29T18:00:00-07:00,0,57.0,Partly Cloudy,"Partly cloudy, with a low around 57."
253,2026-07-23T17:56:44Z,KSEA,Today,2026-07-23T07:00:00-07:00,1,79.0,Chance Light Rain then Partly Sunny,"A chance of rain before 11am. Partly sunny, with a high near 79. Southwest wind around 10 mph. Chance of precipitation is 30%. New rainfall amounts less than a tenth of an inch possible."
254,2026-07-23T17:56:44Z,KSEA,Tonight,2026-07-23T18:00:00-07:00,0,61.0,Partly Cloudy,"Partly cloudy, with a low around 61. South southwest wind 2 to 8 mph."
255,2026-07-23T17:56:44Z,KSEA,Friday,2026-07-24T06:00:00-07:00,1,84.0,Mostly Sunny,"Mostly sunny, with a high near 84. West southwest wind 3 to 8 mph."
256,2026-07-23T17:56:44Z,KSEA,Friday Night,2026-07-24T18:00:00-07:00,0,60.0,Mostly Clear,"Mostly clear, with a low around 60. West southwest wind 8 to 12 mph."
257,2026-07-23T17:56:44Z,KSEA,Saturday,2026-07-25T06:00:00-07:00,1,74.0,Partly Sunny,"Partly sunny, with a high near 74. Southwest wind 10 to 14 mph, with gusts as high as 21 mph."
258,2026-07-23T17:56:44Z,KSEA,Saturday Night,2026-07-25T18:00:00-07:00,0,59.0,Mostly Cloudy,"Mostly cloudy, with a low around 59."
259,2026-07-23T17:56:44Z,KSEA,Sunday,2026-07-26T06:00:00-07:00,1,75.0,Slight Chance Light Rain,"A slight chance of rain between 11am and 5pm. Partly sunny, with a high near 75."
260,2026-07-23T17:56:44Z,KSEA,Sunday Night,2026-07-26T18:00:00-07:00,0,58.0,Mostly Cloudy,"Mostly cloudy, with a low around 58."
261,2026-07-23T17:56:44Z,KSEA,Monday,2026-07-27T06:00:00-07:00,1,76.0,Mostly Sunny,"Mostly sunny, with a high near 76."
262,2026-07-23T17:56:44Z,KSEA,Monday Night,2026-07-27T18:00:00-07:00,0,58.0,Partly Cloudy,"Partly cloudy, with a low around 58."
263,2026-07-23T17:56:44Z,KSEA,Tuesday,2026-07-28T06:00:00-07:00,1,77.0,Mostly Sunny,"Mostly sunny, with a high near 77."
264,2026-07-23T17:56:44Z,KSEA,Tuesday Night,2026-07-28T18:00:00-07:00,0,57.0,Partly Cloudy,"Partly cloudy, with a low around 57."
265,2026-07-23T17:56:44Z,KSEA,Wednesday,2026-07-29T06:00:00-07:00,1,77.0,Mostly Sunny,"Mostly sunny, with a high near 77."
266,2026-07-23T17:56:44Z,KSEA,Wednesday Night,2026-07-29T18:00:00-07:00,0,57.0,Mostly Clear,"Mostly clear, with a low around 57."
267,2026-07-23T17:56:44Z,KDCA,Today,2026-07-23T11:00:00-04:00,1,84.0,Sunny,"Sunny, with a high near 84. North wind 7 to 10 mph."
268,2026-07-23T17:56:44Z,KDCA,Tonight,2026-07-23T18:00:00-04:00,0,64.0,Mostly Clear,"Mostly clear, with a low around 64. Northeast wind 0 to 7 mph."
269,2026-07-23T17:56:44Z,KDCA,Friday,2026-07-24T06:00:00-04:00,1,83.0,Mostly Sunny,"Mostly sunny, with a high near 83. Northeast wind 3 to 10 mph."
270,2026-07-23T17:56:44Z,KDCA,Friday Night,2026-07-24T18:00:00-04:00,0,67.0,Mostly Cloudy,"Mostly cloudy, with a low around 67. East wind 5 to 10 mph."
271,2026-07-23T17:56:44Z,KDCA,Saturday,2026-07-25T06:00:00-04:00,1,83.0,Partly Sunny,"Partly sunny, with a high near 83. East wind 5 to 9 mph."
272,2026-07-23T17:56:44Z,KDCA,Saturday Night,2026-07-25T18:00:00-04:00,0,68.0,Partly Cloudy,"Partly cloudy, with a low around 68."
273,2026-07-23T17:56:44Z,KDCA,Sunday,2026-07-26T06:00:00-04:00,1,85.0,Mostly Sunny,"Mostly sunny, with a high near 85."
274,2026-07-23T17:56:44Z,KDCA,Sunday Night,2026-07-26T18:00:00-04:00,0,70.0,Slight Chance Showers And Thunderstorms,"A slight chance of showers and thunderstorms between 8pm and 2am. Partly cloudy, with a low around 70. Chance of precipitation is 20%."
275,2026-07-23T17:56:44Z,KDCA,Monday,2026-07-27T06:00:00-04:00,1,90.0,Mostly Sunny then Slight Chance Showers And Thunderstorms,"A slight chance of showers and thunderstorms after 2pm. Mostly sunny, with a high near 90. Chance of precipitation is 20%."
276,2026-07-23T17:56:44Z,KDCA,Monday Night,2026-07-27T18:00:00-04:00,0,73.0,Chance Showers And Thunderstorms,"A chance of showers and thunderstorms. Partly cloudy, with a low around 73. Chance of precipitation is 40%."
277,2026-07-23T17:56:44Z,KDCA,Tuesday,2026-07-28T06:00:00-04:00,1,90.0,Showers And Thunderstorms Likely,"A chance of rain showers before 2pm, then showers and thunderstorms likely. Partly sunny, with a high near 90. Chance of precipitation is 60%."
278,2026-07-23T17:56:44Z,KDCA,Tuesday Night,2026-07-28T18:00:00-04:00,0,72.0,Showers And Thunderstorms Likely,"Showers and thunderstorms likely. Mostly cloudy, with a low around 72. Chance of precipitation is 60%."
279,2026-07-23T17:56:44Z,KDCA,Wednesday,2026-07-29T06:00:00-04:00,1,86.0,Slight Chance Rain Showers then Slight Chance Showers And Thunderstorms,"A slight chance of rain showers before 8am, then a slight chance of showers and thunderstorms. Mostly sunny, with a high near 86. Chance of precipitation is 20%."
280,2026-07-23T17:56:44Z,KDCA,Wednesday Night,2026-07-29T18:00:00-04:00,0,71.0,Slight Chance Showers And Thunderstorms,"A slight chance of showers and thunderstorms before 2am. Partly cloudy, with a low around 71."
