id,run_at,icao,period_name,start_time,is_daytime,temp_f,short_fcst,detailed_fcst
1,2026-09-14T01:31:44Z,KATL,Tonight,2026-09-13T19:00:00-04:00,0,72.0,Mostly Clear,"Mostly clear, with a low around 72. Northwest wind 0 to 5 mph."
2,2026-09-14T01:31:44Z,KATL,Monday,2026-09-14T06:00:00-04:00,1,95.0,Sunny,"Sunny, with a high near 95. Heat index values as high as 98. North wind around 5 mph."
3,2026-09-14T01:31:44Z,KATL,Monday Night,2026-09-14T18:00:00-04:00,0,74.0,Mostly Clear,"Mostly clear, with a low around 74. Heat index values as high as 97. East wind 0 to 5 mph."
4,2026-09-14T01:31:44Z,KATL,Tuesday,2026-09-15T06:00:00-04:00,1,91.0,Sunny,"Sunny, with a high near 91. East wind 5 to 10 mph, with gusts as high as 20 mph."
5,2026-09-14T01:31:44Z,KATL,Tuesday Night,2026-09-15T18:00:00-04:00,0,69.0,Clear,"Clear, with a low around 69. East wind 5 to 10 mph, with gusts as high as 20 mph."
6,2026-09-14T01:31:44Z,KATL,Wednesday,2026-09-16T06:00:00-04:00,1,91.0,Sunny,"Sunny, with a high near 91."
7,2026-09-14T01:31:44Z,KATL,Wednesday Night,2026-09-16T18:00:00-04:00,0,67.0,Clear,"Clear, with a low around 67."
8,2026-09-14T01:31:44Z,KATL,Thursday,2026-09-17T06:00:00-04:00,1,91.0,Sunny,"Sunny, with a high near 91."
9,2026-09-14T01:31:44Z,KATL,Thursday Night,2026-09-17T18:00:00-04:00,0,69.0,Clear,"Clear, with a low around 69."
10,2026-09-14T01:31:44Z,KATL,Friday,2026-09-18T06:00:00-04:00,1,93.0,Sunny,"Sunny, with a high near 93."
11,2026-09-14T01:31:44Z,KATL,Friday Night,2026-09-18T18:00:00-04:00,0,71.0,Mostly Clear,"Mostly clear, with a low around 71."
12,2026-09-14T01:31:44Z,KATL,Saturday,2026-09-19T06:00:00-04:00,1,92.0,Sunny,"Sunny, with a high near 92."
13,2026-09-14T01:31:44Z,KATL,Saturday Night,2026-09-19T18:00:00-04:00,0,71.0,Mostly Clear,"Mostly clear, with a low around 71."
14,2026-09-14T01:31:44Z,KATL,Sunday,2026-09-20T06:00:00-04:00,1,90.0,Mostly Sunny then Slight Chance Showers And Thunderstorms,"A slight chance of showers and thunderstorms after 2pm. Mostly sunny, with a high near 90."
15,2026-09-14T01:31:44Z,KAUS,Tonight,2026-09-13T19:00:00-05:00,0,77.0,Slight Chance Rain Showers then Partly Cloudy,"A slight chance of rain showers before 9pm. Partly cloudy, with a low around 77. Heat index values as high as 101. South southeast wind 5 to 10 mph, with gusts as high as 20 mph. Chance of precipitation is 20%."
16,2026-09-14T01:31:44Z,KAUS,Monday,2026-09-14T06:00:00-05:00,1,100.0,Mostly Sunny,"Mostly sunny, with a high near 100. Heat index values as high as 106. South wind 5 to 10 mph, with gusts as high as 20 mph."
17,2026-09-14T01:31:44Z,KAUS,Monday Night,2026-09-14T18:00:00-05:00,0,77.0,Partly Cloudy,"Partly cloudy, with a low around 77. Heat index values as high as 102. South southeast wind 5 to 10 mph, with gusts as high as 25 mph."
18,2026-09-14T01:31:44Z,KAUS,Tuesday,2026-09-15T06:00:00-05:00,1,101.0,Mostly Sunny,"Mostly sunny, with a high near 101. Heat index values as high as 108. South southeast wind 5 to 10 mph, with gusts as high as 20 mph."
19,2026-09-14T01:31:44Z,KAUS,Tuesday Night,2026-09-15T18:00:00-05:00,0,76.0,Mostly Clear,"Mostly clear, with a low around 76. South southeast wind 0 to 10 mph, with gusts as high as 25 mph."
20,2026-09-14T01:31:44Z,KAUS,Wednesday,2026-09-16T06:00:00-05:00,1,99.0,Mostly Sunny,"Mostly sunny, with a high near 99. Southeast wind 0 to 5 mph."
21,2026-09-14T01:31:44Z,KAUS,Wednesday Night,2026-09-16T18:00:00-05:00,0,77.0,Partly Cloudy,"Partly cloudy, with a low around 77. Southeast wind 0 to 10 mph."
22,2026-09-14T01:31:44Z,KAUS,Thursday,2026-09-17T06:00:00-05:00,1,96.0,Chance Rain Showers then Slight Chance Showers And Thunderstorms,"A chance of rain showers between 7am and 1pm, then a slight chance of showers and thunderstorms. Mostly sunny, with a high near 96. East wind 0 to 10 mph. Chance of precipitation is 30%."
23,2026-09-14T01:31:44Z,KAUS,Thursday Night,2026-09-17T18:00:00-05:00,0,74.0,Slight Chance Showers And Thunderstorms then Partly Cloudy,"A slight chance of showers and thunderstorms before 7pm. Partly cloudy, with a low around 74. Southeast wind 0 to 10 mph. Chance of precipitation is 20%."
24,2026-09-14T01:31:44Z,KAUS,Friday,2026-09-18T06:00:00-05:00,1,97.0,Mostly Sunny,"Mostly sunny, with a high near 97."
25,2026-09-14T01:31:44Z,KAUS,Friday Night,2026-09-18T18:00:00-05:00,0,73.0,Mostly Clear,"Mostly clear, with a low around 73."
26,2026-09-14T01:31:44Z,KAUS,Saturday,2026-09-19T06:00:00-05:00,1,98.0,Sunny,"Sunny, with a high near 98."
27,2026-09-14T01:31:44Z,KAUS,Saturday Night,2026-09-19T18:00:00-05:00,0,74.0,Mostly Clear,"Mostly clear, with a low around 74."
28,2026-09-14T01:31:44Z,KAUS,Sunday,2026-09-20T06:00:00-05:00,1,97.0,Mostly Sunny,"Mostly sunny, with a high near 97."
29,2026-09-14T01:31:44Z,KBOS,Tonight,2026-09-13T19:00:00-04:00,0,65.0,Patchy Fog then Slight Chance Showers And Thunderstorms,"Patchy fog before 4am, then a slight chance of showers and thunderstorms. Mostly cloudy, with a low around 65. Southwest wind 2 to 8 mph. Chance of precipitation is 20%. New rainfall amounts less than a tenth of an inch possible."
30,2026-09-14T01:31:44Z,KBOS,Monday,2026-09-14T06:00:00-04:00,1,70.0,Slight Chance Showers And Thunderstorms then Mostly Sunny,"A slight chance of showers and thunderstorms before 9am. Mostly sunny, with a high near 70. Northwest wind 8 to 14 mph, with gusts as high as 25 mph. Chance of precipitation is 20%. New rainfall amounts less than a tenth of an inch possible."
31,2026-09-14T01:31:44Z,KBOS,Monday Night,2026-09-14T18:00:00-04:00,0,55.0,Clear,"Clear, with a low around 55. North wind 6 to 12 mph, with gusts as high as 22 mph."
32,2026-09-14T01:31:44Z,KBOS,Tuesday,2026-09-15T06:00:00-04:00,1,67.0,Sunny,"Sunny, with a high near 67. Northeast wind around 8 mph."
33,2026-09-14T01:31:44Z,KBOS,Tuesday Night,2026-09-15T18:00:00-04:00,0,55.0,Mostly Clear,"Mostly clear, with a low around 55. South wind 3 to 7 mph."
34,2026-09-14T01:31:44Z,KBOS,Wednesday,2026-09-16T06:00:00-04:00,1,76.0,Sunny,"Sunny, with a high near 76. Southwest wind 3 to 7 mph."
35,2026-09-14T01:31:44Z,KBOS,Wednesday Night,2026-09-16T18:00:00-04:00,0,63.0,Partly Cloudy,"Partly cloudy, with a low around 63. Southwest wind around 6 mph."
36,2026-09-14T01:31:44Z,KBOS,Thursday,2026-09-17T06:00:00-04:00,1,73.0,Mostly Sunny then Slight Chance Rain Showers,"A slight chance of rain showers after 4pm. Mostly sunny, with a high near 73. South wind 3 to 8 mph."
37,2026-09-14T01:31:44Z,KBOS,Thursday Night,2026-09-17T18:00:00-04:00,0,64.0,Chance Rain Showers,"A chance of rain showers. Mostly cloudy, with a low around 64. Southwest wind around 8 mph. Chance of precipitation is 30%."
38,2026-09-14T01:31:44Z,KBOS,Friday,2026-09-18T06:00:00-04:00,1,73.0,Chance Rain Showers then Mostly Sunny,"A chance of rain showers before 11am. Mostly sunny, with a high near 73. North wind 8 to 12 mph. Chance of precipitation is 30%."
39,2026-09-14T01:31:44Z,KBOS,Friday Night,2026-09-18T18:00:00-04:00,0,59.0,Partly Cloudy,"Partly cloudy, with a low around 59. North wind around 8 mph."
40,2026-09-14T01:31:44Z,KBOS,Saturday,2026-09-19T06:00:00-04:00,1,68.0,Mostly Sunny,"Mostly sunny, with a high near 68. East wind around 9 mph."
41,2026-09-14T01:31:44Z,KBOS,Saturday Night,2026-09-19T18:00:00-04:00,0,59.0,Chance Rain Showers,"A chance of rain showers after 7pm. Partly cloudy, with a low around 59. South wind around 9 mph. Chance of precipitation is 30%."
42,2026-09-14T01:31:44Z,KBOS,Sunday,2026-09-20T06:00:00-04:00,1,67.0,Chance Rain Showers,"A chance of rain showers. Partly sunny, with a high near 67. Southwest wind 8 to 12 mph."
43,2026-09-14T01:31:44Z,KMDW,Tonight,2026-09-13T19:00:00-05:00,0,55.0,Mostly Clear,"Mostly clear, with a low around 55. North northwest wind 0 to 10 mph."
44,2026-09-14T01:31:44Z,KMDW,Monday,2026-09-14T06:00:00-05:00,1,76.0,Mostly Sunny,"Mostly sunny. High near 76, with temperatures falling to around 73 in the afternoon. East wind 0 to 15 mph, with gusts as high as 25 mph."
45,2026-09-14T01:31:44Z,KMDW,Monday Night,2026-09-14T18:00:00-05:00,0,68.0,Mostly Cloudy then Chance Showers And Thunderstorms,"A chance of showers and thunderstorms after 4am. Mostly cloudy. Low around 68, with temperatures rising to around 70 overnight. South southeast wind around 15 mph, with gusts as high as 30 mph. Chance of precipitation is 30%. New rainfall amounts less than a tenth of an inch possible."
46,2026-09-14T01:31:44Z,KMDW,Tuesday,2026-09-15T06:00:00-05:00,1,86.0,Chance Showers And Thunderstorms,"A chance of showers and thunderstorms before 1pm, then showers and thunderstorms likely. Partly sunny, with a high near 86. Southwest wind 10 to 15 mph, with gusts as high as 25 mph. Chance of precipitation is 60%."
47,2026-09-14T01:31:44Z,KMDW,Tuesday Night,2026-09-15T18:00:00-05:00,0,67.0,Showers And Thunderstorms Likely,"Showers and thunderstorms likely. Mostly cloudy, with a low around 67. North wind around 10 mph. Chance of precipitation is 70%."
48,2026-09-14T01:31:44Z,KMDW,Wednesday,2026-09-16T06:00:00-05:00,1,75.0,Showers And Thunderstorms Likely,"Showers and thunderstorms likely before 1pm, then a chance of showers and thunderstorms. Mostly cloudy, with a high near 75. Chance of precipitation is 70%."
49,2026-09-14T01:31:44Z,KMDW,Wednesday Night,2026-09-16T18:00:00-05:00,0,68.0,Chance Showers And Thunderstorms then Showers And Thunderstorms Likely,"A chance of showers and thunderstorms before 7pm, then showers and thunderstorms likely. Mostly cloudy, with a low around 68."
50,2026-09-14T01:31:44Z,KMDW,Thursday,2026-09-17T06:00:00-05:00,1,77.0,Rain Showers Likely,"Rain showers likely. Mostly cloudy, with a high near 77."
51,2026-09-14T01:31:44Z,KMDW,Thursday Night,2026-09-17T18:00:00-05:00,0,66.0,Slight Chance Rain Showers,"A slight chance of rain showers. Mostly cloudy, with a low around 66."
52,2026-09-14T01:31:44Z,KMDW,Friday,2026-09-18T06:00:00-05:00,1,76.0,Chance Showers And Thunderstorms,"A slight chance of rain showers before 1pm, then a chance of showers and thunderstorms. Partly sunny, with a high near 76."
53,2026-09-14T01:31:44Z,KMDW,Friday Night,2026-09-18T18:00:00-05:00,0,66.0,Chance Showers And Thunderstorms,"A chance of showers and thunderstorms. Mostly cloudy, with a low around 66."
54,2026-09-14T01:31:44Z,KMDW,Saturday,2026-09-19T06:00:00-05:00,1,79.0,Chance Showers And Thunderstorms,"A chance of showers and thunderstorms. Partly sunny, with a high near 79."
55,2026-09-14T01:31:44Z,KMDW,Saturday Night,2026-09-19T18:00:00-05:00,0,64.0,Chance Rain Showers,"A chance of rain showers. Mostly cloudy, with a low around 64."
56,2026-09-14T01:31:44Z,KMDW,Sunday,2026-09-20T06:00:00-05:00,1,73.0,Chance Rain Showers,"A chance of rain showers. Partly sunny, with a high near 73."
57,2026-09-14T01:31:44Z,KDFW,Tonight,2026-09-13T18:00:00-05:00,0,81.0,Mostly Clear,"Mostly clear, with a low around 81. Heat index values as high as 102. South southeast wind 10 to 15 mph."
58,2026-09-14T01:31:44Z,KDFW,Monday,2026-09-14T06:00:00-05:00,1,101.0,Sunny,"Sunny, with a high near 101. Heat index values as high as 105. South wind 10 to 15 mph, with gusts as high as 25 mph."
59,2026-09-14T01:31:44Z,KDFW,Monday Night,2026-09-14T18:00:00-05:00,0,80.0,Mostly Clear,"Mostly clear. Low around 80, with temperatures rising to around 82 overnight. Heat index values as high as 102. South wind 10 to 15 mph, with gusts as high as 25 mph."
60,2026-09-14T01:31:44Z,KDFW,Tuesday,2026-09-15T06:00:00-05:00,1,100.0,Sunny,"Sunny. High near 100, with temperatures falling to around 98 in the afternoon. Heat index values as high as 102. South wind around 10 mph, with gusts as high as 25 mph."
61,2026-09-14T01:31:44Z,KDFW,Tuesday Night,2026-09-15T18:00:00-05:00,0,80.0,Mostly Clear,"Mostly clear. Low around 80, with temperatures rising to around 82 overnight. South southeast wind 5 to 10 mph, with gusts as high as 20 mph."
62,2026-09-14T01:31:44Z,KDFW,Wednesday,2026-09-16T06:00:00-05:00,1,100.0,Sunny,"Sunny. High near 100, with temperatures falling to around 98 in the afternoon. South southeast wind 5 to 10 mph, with gusts as high as 20 mph."
63,2026-09-14T01:31:44Z,KDFW,Wednesday Night,2026-09-16T18:00:00-05:00,0,80.0,Mostly Clear,"Mostly clear, with a low around 80. South southeast wind 5 to 10 mph, with gusts as high as 20 mph."
64,2026-09-14T01:31:44Z,KDFW,Thursday,2026-09-17T06:00:00-05:00,1,99.0,Sunny,"Sunny, with a high near 99. South southeast wind 5 to 10 mph."
65,2026-09-14T01:31:44Z,KDFW,Thursday Night,2026-09-17T18:00:00-05:00,0,78.0,Mostly Clear,"Mostly clear, with a low around 78. South southeast wind 5 to 10 mph."
66,2026-09-14T01:31:44Z,KDFW,Friday,2026-09-18T06:00:00-05:00,1,99.0,Sunny,"Sunny, with a high near 99."
67,2026-09-14T01:31:44Z,KDFW,Friday Night,2026-09-18T18:00:00-05:00,0,77.0,Mostly Clear,"Mostly clear, with a low around 77."
68,2026-09-14T01:31:44Z,KDFW,Saturday,2026-09-19T06:00:00-05:00,1,98.0,Sunny,"Sunny, with a high near 98."
69,2026-09-14T01:31:44Z,KDFW,Saturday Night,2026-09-19T18:00:00-05:00,0,76.0,Mostly Clear,"Mostly clear, with a low around 76."
70,2026-09-14T01:31:44Z,KDFW,Sunday,2026-09-20T06:00:00-05:00,1,95.0,Slight Chance Rain Showers,"A slight chance of rain showers after 7am. Sunny, with a high near 95. Chance of precipitation is 20%."
71,2026-09-14T01:31:44Z,KDEN,Tonight,2026-09-13T18:00:00-06:00,0,64.0,Chance Showers And Thunderstorms then Mostly Cloudy,"A chance of showers and thunderstorms before midnight. Mostly cloudy. Low around 64, with temperatures rising to around 67 overnight. South wind 10 to 17 mph, with gusts as high as 28 mph. Chance of precipitation is 30%."
72,2026-09-14T01:31:44Z,KDEN,Monday,2026-09-14T06:00:00-06:00,1,87.0,Slight Chance Rain Showers then Slight Chance Showers And Thunderstorms,"A slight chance of rain showers before 3pm, then a slight chance of showers and thunderstorms. Partly sunny. High near 87, with temperatures falling to around 84 in the afternoon. West southwest wind around 9 mph. Chance of precipitation is 20%. New rainfall amounts less than a tenth of an inch possible."
73,2026-09-14T01:31:44Z,KDEN,Monday Night,2026-09-14T18:00:00-06:00,0,56.0,Chance Showers And Thunderstorms,"A chance of showers and thunderstorms. Mostly cloudy. Low around 56, with temperatures rising to around 58 overnight. North northeast wind 7 to 10 mph, with gusts as high as 16 mph. Chance of precipitation is 30%."
74,2026-09-14T01:31:44Z,KDEN,Tuesday,2026-09-15T06:00:00-06:00,1,74.0,Partly Sunny then Slight Chance Rain Showers,"A slight chance of rain showers after noon. Partly sunny, with a high near 74. East northeast wind 6 to 15 mph, with gusts as high as 24 mph. Chance of precipitation is 20%."
75,2026-09-14T01:31:44Z,KDEN,Tuesday Night,2026-09-15T18:00:00-06:00,0,54.0,Chance Rain Showers then Mostly Cloudy,"A chance of rain showers before midnight. Mostly cloudy, with a low around 54. South southeast wind 6 to 15 mph, with gusts as high as 24 mph. Chance of precipitation is 30%."
76,2026-09-14T01:31:44Z,KDEN,Wednesday,2026-09-16T06:00:00-06:00,1,84.0,Mostly Sunny then Slight Chance Showers And Thunderstorms,"A slight chance of showers and thunderstorms after noon. Mostly sunny, with a high near 84. Chance of precipitation is 20%."
77,2026-09-14T01:31:44Z,KDEN,Wednesday Night,2026-09-16T18:00:00-06:00,0,59.0,Chance Showers And Thunderstorms then Mostly Cloudy,"A chance of showers and thunderstorms before midnight. Mostly cloudy, with a low around 59."
78,2026-09-14T01:31:44Z,KDEN,Thursday,2026-09-17T06:00:00-06:00,1,78.0,Partly Sunny then Chance Showers And Thunderstorms,"A chance of showers and thunderstorms after noon. Partly sunny, with a high near 78."
79,2026-09-14T01:31:44Z,KDEN,Thursday Night,2026-09-17T18:00:00-06:00,0,57.0,Showers And Thunderstorms Likely,"Showers and thunderstorms likely. Mostly cloudy, with a low around 57."
80,2026-09-14T01:31:44Z,KDEN,Friday,2026-09-18T06:00:00-06:00,1,80.0,Partly Sunny then Chance Showers And Thunderstorms,"A chance of showers and thunderstorms after noon. Partly sunny, with a high near 80."
81,2026-09-14T01:31:44Z,KDEN,Friday Night,2026-09-18T18:00:00-06:00,0,54.0,Chance Showers And Thunderstorms,"A chance of showers and thunderstorms. Partly cloudy, with a low around 54."
82,2026-09-14T01:31:44Z,KDEN,Saturday,2026-09-19T06:00:00-06:00,1,76.0,Mostly Sunny then Chance Showers And Thunderstorms,"A chance of showers and thunderstorms after noon. Mostly sunny, with a high near 76."
83,2026-09-14T01:31:44Z,KDEN,Saturday Night,2026-09-19T18:00:00-06:00,0,53.0,Chance Showers And Thunderstorms then Partly Cloudy,"A chance of showers and thunderstorms before midnight. Partly cloudy, with a low around 53."
84,2026-09-14T01:31:44Z,KDEN,Sunday,2026-09-20T06:00:00-06:00,1,77.0,Mostly Sunny then Chance Showers And Thunderstorms,"A chance of showers and thunderstorms after noon. Mostly sunny, with a high near 77."
85,2026-09-14T01:31:44Z,KIAH,Tonight,2026-09-13T20:00:00-05:00,0,79.0,Slight Chance Showers And Thunderstorms then Partly Cloudy,"A slight chance of showers and thunderstorms before 10pm. Partly cloudy, with a low around 79. Southeast wind 5 to 10 mph. Chance of precipitation is 20%."
86,2026-09-14T01:31:44Z,KIAH,Monday,2026-09-14T06:00:00-05:00,1,95.0,Chance Showers And Thunderstorms,"A chance of showers and thunderstorms after 7am. Mostly sunny. High near 95, with temperatures falling to around 90 in the afternoon. Heat index values as high as 105. Southeast wind 0 to 10 mph. Chance of precipitation is 30%. New rainfall amounts less than a tenth of an inch possible."
87,2026-09-14T01:31:44Z,KIAH,Monday Night,2026-09-14T18:00:00-05:00,0,79.0,Mostly Clear,"Mostly clear, with a low around 79. South wind 5 to 10 mph. New rainfall amounts less than a tenth of an inch possible."
88,2026-09-14T01:31:44Z,KIAH,Tuesday,2026-09-15T06:00:00-05:00,1,95.0,Mostly Sunny then Slight Chance Showers And Thunderstorms,"A slight chance of showers and thunderstorms after 1pm. Mostly sunny. High near 95, with temperatures falling to around 91 in the afternoon. Heat index values as high as 106. Southeast wind 0 to 10 mph. Chance of precipitation is 20%."
89,2026-09-14T01:31:44Z,KIAH,Tuesday Night,2026-09-15T18:00:00-05:00,0,78.0,Slight Chance Showers And Thunderstorms then Mostly Clear,"A slight chance of showers and thunderstorms before 7pm. Mostly clear, with a low around 78. Southeast wind 0 to 10 mph. Chance of precipitation is 20%."
90,2026-09-14T01:31:44Z,KIAH,Wednesday,2026-09-16T06:00:00-05:00,1,93.0,Mostly Sunny then Slight Chance Showers And Thunderstorms,"A slight chance of showers and thunderstorms after 1pm. Mostly sunny, with a high near 93. Chance of precipitation is 20%."
91,2026-09-14T01:31:44Z,KIAH,Wednesday Night,2026-09-16T18:00:00-05:00,0,79.0,Slight Chance Showers And Thunderstorms then Partly Cloudy,"A slight chance of showers and thunderstorms before 7pm. Partly cloudy, with a low around 79. Chance of precipitation is 20%."
92,2026-09-14T01:31:44Z,KIAH,Thursday,2026-09-17T06:00:00-05:00,1,91.0,Mostly Sunny then Slight Chance Showers And Thunderstorms,"A slight chance of showers and thunderstorms after 1pm. Mostly sunny, with a high near 91. Chance of precipitation is 20%."
93,2026-09-14T01:31:44Z,KIAH,Thursday Night,2026-09-17T18:00:00-05:00,0,76.0,Slight Chance Showers And Thunderstorms then Partly Cloudy,"A slight chance of showers and thunderstorms before 7pm. Partly cloudy, with a low around 76. Chance of precipitation is 20%."
94,2026-09-14T01:31:44Z,KIAH,Friday,2026-09-18T06:00:00-05:00,1,92.0,Sunny,"Sunny, with a high near 92."
95,2026-09-14T01:31:44Z,KIAH,Friday Night,2026-09-18T18:00:00-05:00,0,75.0,Mostly Clear,"Mostly clear, with a low around 75."
96,2026-09-14T01:31:44Z,KIAH,Saturday,2026-09-19T06:00:00-05:00,1,93.0,Sunny,"Sunny, with a high near 93."
97,2026-09-14T01:31:44Z,KIAH,Saturday Night,2026-09-19T18:00:00-05:00,0,77.0,Mostly Clear,"Mostly clear, with a low around 77."
98,2026-09-14T01:31:44Z,KIAH,Sunday,2026-09-20T06:00:00-05:00,1,93.0,Sunny then Slight Chance Showers And Thunderstorms,"A slight chance of showers and thunderstorms after 1pm. Sunny, with a high near 93."
99,2026-09-14T01:31:44Z,KLAS,Tonight,2026-09-13T18:00:00-07:00,0,80.0,Mostly Clear,"Mostly clear, with a low around 80. South southwest wind 8 to 15 mph, with gusts as high as 26 mph."
100,2026-09-14T01:31:44Z,KLAS,Monday,2026-09-14T06:00:00-07:00,1,100.0,Sunny,"Sunny. High near 100, with temperatures falling to around 98 in the afternoon. South southwest wind 5 to 13 mph, with gusts as high as 23 mph."
101,2026-09-14T01:31:44Z,KLAS,Monday Night,2026-09-14T18:00:00-07:00,0,77.0,Mostly Clear,"Mostly clear. Low around 77, with temperatures rising to around 79 overnight. Southwest wind 3 to 12 mph, with gusts as high as 21 mph."
102,2026-09-14T01:31:44Z,KLAS,Tuesday,2026-09-15T06:00:00-07:00,1,99.0,Sunny,"Sunny, with a high near 99. South wind 5 to 17 mph, with gusts as high as 29 mph."
103,2026-09-14T01:31:44Z,KLAS,Tuesday Night,2026-09-15T18:00:00-07:00,0,77.0,Mostly Clear,"Mostly clear, with a low around 77. South southwest wind 6 to 14 mph, with gusts as high as 24 mph."
104,2026-09-14T01:31:44Z,KLAS,Wednesday,2026-09-16T06:00:00-07:00,1,98.0,Sunny,"Sunny, with a high near 98."
105,2026-09-14T01:31:44Z,KLAS,Wednesday Night,2026-09-16T18:00:00-07:00,0,77.0,Mostly Clear,"Mostly clear, with a low around 77."
106,2026-09-14T01:31:44Z,KLAS,Thursday,2026-09-17T06:00:00-07:00,1,98.0,Sunny,"Sunny, with a high near 98."
107,2026-09-14T01:31:44Z,KLAS,Thursday Night,2026-09-17T18:00:00-07:00,0,75.0,Clear,"Clear, with a low around 75."
108,2026-09-14T01:31:44Z,KLAS,Friday,2026-09-18T06:00:00-07:00,1,99.0,Sunny,"Sunny, with a high near 99."
109,2026-09-14T01:31:44Z,KLAS,Friday Night,2026-09-18T18:00:00-07:00,0,75.0,Clear,"Clear, with a low around 75."
110,2026-09-14T01:31:44Z,KLAS,Saturday,2026-09-19T06:00:00-07:00,1,100.0,Sunny,"Sunny, with a high near 100."
111,2026-09-14T01:31:44Z,KLAS,Saturday Night,2026-09-19T18:00:00-07:00,0,76.0,Mostly Clear,"Mostly clear, with a low around 76."
112,2026-09-14T01:31:44Z,KLAS,Sunday,2026-09-20T06:00:00-07:00,1,99.0,Sunny,"Sunny, with a high near 99."
113,2026-09-14T01:31:44Z,KLAX,This Afternoon,2026-09-13T14:00:00-07:00,1,77.0,Sunny,"Sunny, with a high near 77. West southwest wind around 15 mph, with gusts as high as 20 mph."
114,2026-09-14T01:31:44Z,KLAX,Tonight,2026-09-13T18:00:00-07:00,0,67.0,Partly Cloudy then Patchy Fog,"Patchy fog after 5am. Partly cloudy, with a low around 67. South wind 5 to 15 mph, with gusts as high as 20 mph."
115,2026-09-14T01:31:44Z,KLAX,Monday,2026-09-14T06:00:00-07:00,1,78.0,Patchy Fog then Mostly Sunny,"Patchy fog before 11am. Mostly sunny, with a high near 78. South wind 5 to 10 mph."
116,2026-09-14T01:31:44Z,KLAX,Monday Night,2026-09-14T18:00:00-07:00,0,66.0,Patchy Fog,"Patchy fog after 11pm. Mostly cloudy, with a low around 66. South southwest wind 5 to 10 mph."
117,2026-09-14T01:31:44Z,KLAX,Tuesday,2026-09-15T06:00:00-07:00,1,75.0,Patchy Fog then Mostly Sunny,"Patchy fog before 11am. Mostly sunny, with a high near 75. South southwest wind around 10 mph."
118,2026-09-14T01:31:44Z,KLAX,Tuesday Night,2026-09-15T18:00:00-07:00,0,65.0,Patchy Fog,"Patchy fog after 11pm. Mostly cloudy, with a low around 65."
119,2026-09-14T01:31:44Z,KLAX,Wednesday,2026-09-16T06:00:00-07:00,1,73.0,Patchy Fog then Mostly Sunny,"Patchy fog before 11am. Mostly sunny, with a high near 73."
120,2026-09-14T01:31:44Z,KLAX,Wednesday Night,2026-09-16T18:00:00-07:00,0,64.0,Partly Cloudy,"Partly cloudy, with a low around 64."
121,2026-09-14T01:31:44Z,KLAX,Thursday,2026-09-17T06:00:00-07:00,1,73.0,Sunny,"Sunny, with a high near 73."
122,2026-09-14T01:31:44Z,KLAX,Thursday Night,2026-09-17T18:00:00-07:00,0,64.0,Mostly Clear,"Mostly clear, with a low around 64."
123,2026-09-14T01:31:44Z,KLAX,Friday,2026-09-18T06:00:00-07:00,1,75.0,Sunny,"Sunny, with a high near 75."
124,2026-09-14T01:31:44Z,KLAX,Friday Night,2026-09-18T18:00:00-07:00,0,65.0,Mostly Clear,"Mostly clear, with a low around 65."
125,2026-09-14T01:31:44Z,KLAX,Saturday,2026-09-19T06:00:00-07:00,1,77.0,Sunny,"Sunny, with a high near 77."
126,2026-09-14T01:31:44Z,KLAX,Saturday Night,2026-09-19T18:00:00-07:00,0,66.0,Partly Cloudy,"Partly cloudy, with a low around 66."
127,2026-09-14T01:31:44Z,KMIA,Tonight,2026-09-13T18:00:00-04:00,0,78.0,Chance Showers And Thunderstorms then Partly Cloudy,"A chance of showers and thunderstorms before 8pm. Partly cloudy, with a low around 78. Southwest wind 0 to 5 mph. Chance of precipitation is 40%. New rainfall amounts between a half and three quarters of an inch possible."
128,2026-09-14T01:31:44Z,KMIA,Monday,2026-09-14T06:00:00-04:00,1,91.0,Mostly Sunny then Chance Showers And Thunderstorms,"A chance of showers and thunderstorms after 2pm. Mostly sunny. High near 91, with temperatures falling to around 86 in the afternoon. East wind 0 to 7 mph. Chance of precipitation is 40%. New rainfall amounts less than a tenth of an inch possible."
129,2026-09-14T01:31:44Z,KMIA,Monday Night,2026-09-14T18:00:00-04:00,0,79.0,Chance Showers And Thunderstorms then Partly Cloudy,"A chance of showers and thunderstorms before 8pm. Partly cloudy, with a low around 79. Southeast wind 1 to 6 mph. Chance of precipitation is 30%. New rainfall amounts less than a tenth of an inch possible."
130,2026-09-14T01:31:44Z,KMIA,Tuesday,2026-09-15T06:00:00-04:00,1,91.0,Showers And Thunderstorms Likely,"A slight chance of showers and thunderstorms between 7am and 8am, then a chance of showers and thunderstorms between 8am and 11am, then showers and thunderstorms likely. Mostly sunny, with a high near 91. Northeast wind 5 to 12 mph, with gusts as high as 18 mph. Chance of precipitation is 70%."
131,2026-09-14T01:31:44Z,KMIA,Tuesday Night,2026-09-15T18:00:00-04:00,0,79.0,Showers And Thunderstorms Likely,"Showers and thunderstorms likely before 5am, then a chance of showers and thunderstorms. Partly cloudy, with a low around 79. Northeast wind 8 to 12 mph. Chance of precipitation is 70%."
132,2026-09-14T01:31:44Z,KMIA,Wednesday,2026-09-16T06:00:00-04:00,1,90.0,Showers And Thunderstorms Likely,"Showers and thunderstorms likely before 2pm, then showers and thunderstorms. Mostly sunny, with a high near 90. Northeast wind 9 to 16 mph, with gusts as high as 29 mph. Chance of precipitation is 90%."
133,2026-09-14T01:31:44Z,KMIA,Wednesday Night,2026-09-16T18:00:00-04:00,0,77.0,Showers And Thunderstorms then Showers And Thunderstorms Likely,"Showers and thunderstorms before 8pm, then showers and thunderstorms likely between 8pm and 2am, then a chance of showers and thunderstorms. Partly cloudy, with a low around 77. Northeast wind 9 to 15 mph, with gusts as high as 25 mph. Chance of precipitation is 90%."
134,2026-09-14T01:31:44Z,KMIA,Thursday,2026-09-17T06:00:00-04:00,1,89.0,Chance Showers And Thunderstorms then Showers And Thunderstorms Likely,"A chance of showers and thunderstorms before 8am, then showers and thunderstorms likely between 8am and 2pm, then showers and thunderstorms likely. Mostly sunny, with a high near 89. East wind 9 to 13 mph, with gusts as high as 22 mph. Chance of precipitation is 70%."
135,2026-09-14T01:31:44Z,KMIA,Thursday Night,2026-09-17T18:00:00-04:00,0,78.0,Showers And Thunderstorms Likely,"Showers and thunderstorms likely. Mostly cloudy, with a low around 78. East wind 8 to 12 mph. Chance of precipitation is 70%."
136,2026-09-14T01:31:44Z,KMIA,Friday,2026-09-18T06:00:00-04:00,1,89.0,Showers And Thunderstorms,"Showers and thunderstorms. Mostly sunny, with a high near 89. Chance of precipitation is 80%."
137,2026-09-14T01:31:44Z,KMIA,Friday Night,2026-09-18T18:00:00-04:00,0,78.0,Showers And Thunderstorms,"Showers and thunderstorms before 2am, then a chance of showers and thunderstorms. Partly cloudy, with a low around 78. Chance of precipitation is 80%."
138,2026-09-14T01:31:44Z,KMIA,Saturday,2026-09-19T06:00:00-04:00,1,89.0,Showers And Thunderstorms,"Showers and thunderstorms. Mostly sunny, with a high near 89. Chance of precipitation is 80%."
139,2026-09-14T01:31:44Z,KMIA,Saturday Night,2026-09-19T18:00:00-04:00,0,78.0,Showers And Thunderstorms then Chance Showers And Thunderstorms,"Showers and thunderstorms before 8pm, then a chance of showers and thunderstorms. Partly cloudy, with a low around 78. Chance of precipitation is 80%."
140,2026-09-14T01:31:44Z,KMIA,Sunday,2026-09-20T06:00:00-04:00,1,89.0,Chance Showers And Thunderstorms,"A chance of showers and thunderstorms before 2pm, then showers and thunderstorms. Mostly sunny, with a high near 89."
141,2026-09-14T01:31:44Z,KMSP,Tonight,2026-09-13T18:00:00-05:00,0,51.0,Mostly Clear,"Mostly clear, with a low around 51. North northeast wind 5 to 10 mph."
142,2026-09-14T01:31:44Z,KMSP,Monday,2026-09-14T06:00:00-05:00,1,64.0,Rain Showers,"Rain showers between 10am and 1pm, then showers and thunderstorms. Partly sunny. High near 64, with temperatures falling to around 58 in the afternoon. Southeast wind 5 to 20 mph, with gusts as high as 35 mph. Chance of precipitation is 100%. New rainfall amounts between three quarters and one inch possible."
143,2026-09-14T01:31:44Z,KMSP,Monday Night,2026-09-14T18:00:00-05:00,0,58.0,Showers And Thunderstorms then Slight Chance Showers And Thunderstorms,"Showers and thunderstorms before midnight, then a slight chance of showers and thunderstorms between midnight and 1am. Mostly cloudy, with a low around 58. South southwest wind 10 to 20 mph, with gusts as high as 30 mph. Chance of precipitation is 80%. New rainfall amounts between three quarters and one inch possible."
144,2026-09-14T01:31:44Z,KMSP,Tuesday,2026-09-15T06:00:00-05:00,1,71.0,Mostly Sunny,"Mostly sunny, with a high near 71. West northwest wind 10 to 15 mph."
145,2026-09-14T01:31:44Z,KMSP,Tuesday Night,2026-09-15T18:00:00-05:00,0,51.0,Mostly Clear,"Mostly clear, with a low around 51. North wind 0 to 10 mph."
146,2026-09-14T01:31:44Z,KMSP,Wednesday,2026-09-16T06:00:00-05:00,1,70.0,Partly Sunny,"Partly sunny, with a high near 70. East wind 5 to 10 mph."
147,2026-09-14T01:31:44Z,KMSP,Wednesday Night,2026-09-16T18:00:00-05:00,0,56.0,Chance Rain Showers,"A chance of rain showers after 7pm. Mostly cloudy, with a low around 56. East wind 0 to 10 mph. Chance of precipitation is 30%."
148,2026-09-14T01:31:44Z,KMSP,Thursday,2026-09-17T06:00:00-05:00,1,74.0,Slight Chance Rain Showers then Partly Sunny,"A slight chance of rain showers before 7am. Partly sunny, with a high near 74. East wind 0 to 5 mph. Chance of precipitation is 20%."
149,2026-09-14T01:31:44Z,KMSP,Thursday Night,2026-09-17T18:00:00-05:00,0,56.0,Chance Rain Showers,"A chance of rain showers after 7pm. Partly cloudy, with a low around 56. Southeast wind around 5 mph. Chance of precipitation is 30%."
150,2026-09-14T01:31:44Z,KMSP,Friday,2026-09-18T06:00:00-05:00,1,71.0,Rain Showers Likely,"Rain showers likely. Partly sunny, with a high near 71. Southeast wind 5 to 10 mph. Chance of precipitation is 60%."
151,2026-09-14T01:31:44Z,KMSP,Friday Night,2026-09-18T18:00:00-05:00,0,58.0,Rain Showers Likely,"Rain showers likely. Mostly cloudy, with a low around 58. Southeast wind around 5 mph. Chance of precipitation is 60%."
152,2026-09-14T01:31:44Z,KMSP,Saturday,2026-09-19T06:00:00-05:00,1,73.0,Chance Rain Showers,"A chance of rain showers before 1pm. Mostly cloudy, with a high near 73. North northeast wind 5 to 10 mph. Chance of precipitation is 40%."
153,2026-09-14T01:31:44Z,KMSP,Saturday Night,2026-09-19T18:00:00-05:00,0,54.0,Mostly Cloudy,"Mostly cloudy, with a low around 54. North northeast wind 5 to 10 mph."
154,2026-09-14T01:31:44Z,KMSP,Sunday,2026-09-20T06:00:00-05:00,1,71.0,Mostly Sunny,"Mostly sunny, with a high near 71. Northeast wind around 5 mph."
155,2026-09-14T01:31:44Z,KMSY,Tonight,2026-09-13T19:00:00-05:00,0,77.0,Mostly Clear,"Mostly clear, with a low around 77. Southwest wind around 5 mph."
156,2026-09-14T01:31:44Z,KMSY,Monday,2026-09-14T06:00:00-05:00,1,92.0,Sunny then Slight Chance Showers And Thunderstorms,"A slight chance of showers and thunderstorms between 1pm and 5pm. Sunny. High near 92, with temperatures falling to around 90 in the afternoon. Northwest wind around 5 mph. Chance of precipitation is 20%."
157,2026-09-14T01:31:44Z,KMSY,Monday Night,2026-09-14T18:00:00-05:00,0,77.0,Mostly Clear,"Mostly clear, with a low around 77. Southwest wind 0 to 5 mph."
158,2026-09-14T01:31:44Z,KMSY,Tuesday,2026-09-15T06:00:00-05:00,1,92.0,Sunny,"Sunny, with a high near 92. Northeast wind 0 to 10 mph."
159,2026-09-14T01:31:44Z,KMSY,Tuesday Night,2026-09-15T18:00:00-05:00,0,79.0,Mostly Clear,"Mostly clear, with a low around 79. East wind 5 to 10 mph."
160,2026-09-14T01:31:44Z,KMSY,Wednesday,2026-09-16T06:00:00-05:00,1,88.0,Chance Showers And Thunderstorms,"A chance of rain showers between 7am and 10am, then a chance of showers and thunderstorms between 10am and 1pm, then a chance of showers and thunderstorms. Sunny, with a high near 88. East wind 10 to 20 mph. Chance of precipitation is 40%."
161,2026-09-14T01:31:44Z,KMSY,Wednesday Night,2026-09-16T18:00:00-05:00,0,77.0,Chance Showers And Thunderstorms then Mostly Clear,"A chance of showers and thunderstorms before 7pm. Mostly clear, with a low around 77. East wind 5 to 10 mph. Chance of precipitation is 30%."
162,2026-09-14T01:31:44Z,KMSY,Thursday,2026-09-17T06:00:00-05:00,1,88.0,Sunny,"Sunny, with a high near 88. East wind 10 to 15 mph, with gusts as high as 30 mph."
163,2026-09-14T01:31:44Z,KMSY,Thursday Night,2026-09-17T18:00:00-05:00,0,74.0,Mostly Clear,"Mostly clear, with a low around 74. East wind 0 to 10 mph."
164,2026-09-14T01:31:44Z,KMSY,Friday,2026-09-18T06:00:00-05:00,1,89.0,Sunny,"Sunny, with a high near 89. Northeast wind around 10 mph."
165,2026-09-14T01:31:44Z,KMSY,Friday Night,2026-09-18T18:00:00-05:00,0,75.0,Slight Chance Rain Showers,"A slight chance of rain showers after 7pm. Mostly clear, with a low around 75. Southeast wind 5 to 10 mph."
166,2026-09-14T01:31:44Z,KMSY,Saturday,2026-09-19T06:00:00-05:00,1,89.0,Chance Showers And Thunderstorms,"A slight chance of rain showers before 7am, then a chance of showers and thunderstorms. Sunny, with a high near 89. East wind 5 to 10 mph."
167,2026-09-14T01:31:44Z,KMSY,Saturday Night,2026-09-19T18:00:00-05:00,0,75.0,Chance Showers And Thunderstorms,"A chance of showers and thunderstorms. Mostly clear, with a low around 75. Southeast wind around 5 mph."
168,2026-09-14T01:31:44Z,KMSY,Sunday,2026-09-20T06:00:00-05:00,1,88.0,Chance Showers And Thunderstorms,"A slight chance of rain showers before 7am, then a chance of showers and thunderstorms. Sunny, with a high near 88. East wind 5 to 10 mph."
169,2026-09-14T01:31:44Z,KNYC,Tonight,2026-09-13T21:00:00-04:00,0,68.0,Partly Cloudy then Isolated Rain Showers,"Isolated rain showers after 2am. Partly cloudy. Low around 68, with temperatures rising to around 70 overnight. West wind 0 to 8 mph. Chance of precipitation is 20%."
170,2026-09-14T01:31:44Z,KNYC,Monday,2026-09-14T06:00:00-04:00,1,74.0,Isolated Rain Showers then Mostly Sunny,"Isolated rain showers before 8am. Mostly sunny, with a high near 74. North wind 8 to 12 mph, with gusts as high as 22 mph. Chance of precipitation is 20%."
171,2026-09-14T01:31:44Z,KNYC,Monday Night,2026-09-14T18:00:00-04:00,0,58.0,Clear,"Clear, with a low around 58. North wind 6 to 10 mph."
172,2026-09-14T01:31:44Z,KNYC,Tuesday,2026-09-15T06:00:00-04:00,1,72.0,Sunny,"Sunny, with a high near 72. East wind 0 to 6 mph."
173,2026-09-14T01:31:44Z,KNYC,Tuesday Night,2026-09-15T18:00:00-04:00,0,60.0,Mostly Clear,"Mostly clear, with a low around 60. South wind 0 to 3 mph."
174,2026-09-14T01:31:44Z,KNYC,Wednesday,2026-09-16T06:00:00-04:00,1,78.0,Sunny,"Sunny, with a high near 78."
175,2026-09-14T01:31:44Z,KNYC,Wednesday Night,2026-09-16T18:00:00-04:00,0,65.0,Mostly Clear,"Mostly clear, with a low around 65."
176,2026-09-14T01:31:44Z,KNYC,Thursday,2026-09-17T06:00:00-04:00,1,83.0,Mostly Sunny,"Mostly sunny, with a high near 83."
177,2026-09-14T01:31:44Z,KNYC,Thursday Night,2026-09-17T18:00:00-04:00,0,67.0,Slight Chance Rain Showers,"A slight chance of rain showers after 8pm. Mostly cloudy, with a low around 67."
178,2026-09-14T01:31:44Z,KNYC,Friday,2026-09-18T06:00:00-04:00,1,80.0,Slight Chance Rain Showers,"A slight chance of rain showers before 2pm. Partly sunny, with a high near 80."
179,2026-09-14T01:31:44Z,KNYC,Friday Night,2026-09-18T18:00:00-04:00,0,63.0,Partly Cloudy,"Partly cloudy, with a low around 63."
180,2026-09-14T01:31:44Z,KNYC,Saturday,2026-09-19T06:00:00-04:00,1,76.0,Slight Chance Rain Showers,"A slight chance of rain showers after 8am. Mostly sunny, with a high near 76."
181,2026-09-14T01:31:44Z,KNYC,Saturday Night,2026-09-19T18:00:00-04:00,0,63.0,Chance Rain Showers,"A chance of rain showers. Mostly cloudy, with a low around 63. Chance of precipitation is 40%."
182,2026-09-14T01:31:44Z,KNYC,Sunday,2026-09-20T06:00:00-04:00,1,77.0,Chance Rain Showers,"A chance of rain showers. Partly sunny, with a high near 77."
183,2026-09-14T01:31:44Z,KOKC,Tonight,2026-09-13T18:00:00-05:00,0,76.0,Mostly Clear,"Mostly clear, with a low around 76. Heat index values as high as 101. South southeast wind 12 to 15 mph, with gusts as high as 23 mph."
184,2026-09-14T01:31:44Z,KOKC,Monday,2026-09-14T06:00:00-05:00,1,98.0,Sunny,"Sunny, with a high near 98. Heat index values as high as 100. South wind 13 to 20 mph, with gusts as high as 30 mph."
185,2026-09-14T01:31:44Z,KOKC,Monday Night,2026-09-14T18:00:00-05:00,0,76.0,Clear,"Clear, with a low around 76. Heat index values as high as 98. South wind 15 to 20 mph, with gusts as high as 30 mph."
186,2026-09-14T01:31:44Z,KOKC,Tuesday,2026-09-15T06:00:00-05:00,1,99.0,Sunny,"Sunny, with a high near 99. Heat index values as high as 102. South wind around 17 mph, with gusts as high as 26 mph."
187,2026-09-14T01:31:44Z,KOKC,Tuesday Night,2026-09-15T18:00:00-05:00,0,75.0,Mostly Clear,"Mostly clear, with a low around 75. South southeast wind 12 to 15 mph, with gusts as high as 23 mph."
188,2026-09-14T01:31:44Z,KOKC,Wednesday,2026-09-16T06:00:00-05:00,1,95.0,Sunny,"Sunny, with a high near 95."
189,2026-09-14T01:31:44Z,KOKC,Wednesday Night,2026-09-16T18:00:00-05:00,0,74.0,Mostly Clear,"Mostly clear, with a low around 74."
190,2026-09-14T01:31:44Z,KOKC,Thursday,2026-09-17T06:00:00-05:00,1,94.0,Sunny,"Sunny, with a high near 94."
191,2026-09-14T01:31:44Z,KOKC,Thursday Night,2026-09-17T18:00:00-05:00,0,73.0,Mostly Clear,"Mostly clear, with a low around 73."
192,2026-09-14T01:31:44Z,KOKC,Friday,2026-09-18T06:00:00-05:00,1,92.0,Sunny,"Sunny, with a high near 92."
193,2026-09-14T01:31:44Z,KOKC,Friday Night,2026-09-18T18:00:00-05:00,0,69.0,Slight Chance Showers And Thunderstorms,"A slight chance of showers and thunderstorms after 7pm. Mostly clear, with a low around 69. Chance of precipitation is 20%."
194,2026-09-14T01:31:44Z,KOKC,Saturday,2026-09-19T06:00:00-05:00,1,88.0,Chance Showers And Thunderstorms,"A chance of showers and thunderstorms. Sunny, with a high near 88. Chance of precipitation is 30%."
195,2026-09-14T01:31:44Z,KOKC,Saturday Night,2026-09-19T18:00:00-05:00,0,66.0,Chance Showers And Thunderstorms,"A chance of showers and thunderstorms. Partly cloudy, with a low around 66. Chance of precipitation is 30%."
196,2026-09-14T01:31:44Z,KOKC,Sunday,2026-09-20T06:00:00-05:00,1,85.0,Chance Showers And Thunderstorms,"A chance of showers and thunderstorms. Mostly sunny, with a high near 85."
197,2026-09-14T01:31:44Z,KPHL,Tonight,2026-09-13T19:00:00-04:00,0,69.0,Patchy Fog,"Patchy fog after 11pm. Mostly clear, with a low around 69. West wind around 5 mph."
198,2026-09-14T01:31:44Z,KPHL,Monday,2026-09-14T06:00:00-04:00,1,78.0,Sunny,"Sunny, with a high near 78. North wind around 10 mph."
199,2026-09-14T01:31:44Z,KPHL,Monday Night,2026-09-14T18:00:00-04:00,0,56.0,Clear,"Clear, with a low around 56. North wind 5 to 10 mph."
200,2026-09-14T01:31:44Z,KPHL,Tuesday,2026-09-15T06:00:00-04:00,1,78.0,Sunny,"Sunny, with a high near 78. East wind 0 to 5 mph."
201,2026-09-14T01:31:44Z,KPHL,Tuesday Night,2026-09-15T18:00:00-04:00,0,58.0,Mostly Clear,"Mostly clear, with a low around 58. Southeast wind 0 to 5 mph."
202,2026-09-14T01:31:44Z,KPHL,Wednesday,2026-09-16T06:00:00-04:00,1,82.0,Sunny,"Sunny, with a high near 82."
203,2026-09-14T01:31:44Z,KPHL,Wednesday Night,2026-09-16T18:00:00-04:00,0,64.0,Mostly Clear,"Mostly clear, with a low around 64."
204,2026-09-14T01:31:44Z,KPHL,Thursday,2026-09-17T06:00:00-04:00,1,85.0,Mostly Sunny,"Mostly sunny, with a high near 85."
205,2026-09-14T01:31:44Z,KPHL,Thursday Night,2026-09-17T18:00:00-04:00,0,67.0,Partly Cloudy,"Partly cloudy, with a low around 67."
206,2026-09-14T01:31:44Z,KPHL,Friday,2026-09-18T06:00:00-04:00,1,83.0,Mostly Sunny then Slight Chance Rain Showers,"A slight chance of rain showers after 2pm. Mostly sunny, with a high near 83."
207,2026-09-14T01:31:44Z,KPHL,Friday Night,2026-09-18T18:00:00-04:00,0,65.0,Slight Chance Rain Showers then Partly Cloudy,"A slight chance of rain showers before 8pm. Partly cloudy, with a low around 65."
208,2026-09-14T01:31:44Z,KPHL,Saturday,2026-09-19T06:00:00-04:00,1,80.0,Mostly Sunny then Slight Chance Rain Showers,"A slight chance of rain showers after 2pm. Mostly sunny, with a high near 80."
209,2026-09-14T01:31:44Z,KPHL,Saturday Night,2026-09-19T18:00:00-04:00,0,65.0,Chance Rain Showers,"A chance of rain showers. Mostly cloudy, with a low around 65. Chance of precipitation is 40%."
210,2026-09-14T01:31:44Z,KPHL,Sunday,2026-09-20T06:00:00-04:00,1,80.0,Chance Rain Showers,"A chance of rain showers. Partly sunny, with a high near 80."
211,2026-09-14T01:31:44Z,KPHX,This Afternoon,2026-09-13T15:00:00-07:00,1,103.0,Slight Chance Showers And Thunderstorms,"A slight chance of showers and thunderstorms after 4pm. Mostly sunny, with a high near 103. Southwest wind around 5 mph."
212,2026-09-14T01:31:44Z,KPHX,Tonight,2026-09-13T18:00:00-07:00,0,86.0,Slight Chance Showers And Thunderstorms,"A slight chance of showers and thunderstorms before 3am, then a chance of showers and thunderstorms. Partly cloudy, with a low around 86. South wind 5 to 10 mph. Chance of precipitation is 30%. New rainfall amounts less than a tenth of an inch possible."
213,2026-09-14T01:31:44Z,KPHX,Monday,2026-09-14T06:00:00-07:00,1,102.0,Slight Chance Showers And Thunderstorms,"A slight chance of showers and thunderstorms before 9am, then a chance of showers and thunderstorms between 9am and 10am, then a slight chance of showers and thunderstorms. Mostly sunny. High near 102, with temperatures falling to around 100 in the afternoon. Southeast wind around 10 mph, with gusts as high as 20 mph. Chance of precipitation is 30%."
214,2026-09-14T01:31:44Z,KPHX,Monday Night,2026-09-14T18:00:00-07:00,0,84.0,Chance Showers And Thunderstorms,"A chance of showers and thunderstorms before 11pm, then a chance of showers and thunderstorms between 11pm and 2am, then a slight chance of showers and thunderstorms. Mostly cloudy, with a low around 84. Southeast wind around 10 mph. Chance of precipitation is 40%. New rainfall amounts less than a tenth of an inch possible."
215,2026-09-14T01:31:44Z,KPHX,Tuesday,2026-09-15T06:00:00-07:00,1,101.0,Slight Chance Showers And Thunderstorms,"A slight chance of showers and thunderstorms. Sunny, with a high near 101. Southeast wind around 10 mph."
216,2026-09-14T01:31:44Z,KPHX,Tuesday Night,2026-09-15T18:00:00-07:00,0,83.0,Slight Chance Showers And Thunderstorms then Chance Showers And Thunderstorms,"A slight chance of showers and thunderstorms before 11pm, then a chance of showers and thunderstorms. Partly cloudy, with a low around 83. South southwest wind around 10 mph. Chance of precipitation is 40%. New rainfall amounts between a tenth and quarter of an inch possible."
217,2026-09-14T01:31:44Z,KPHX,Wednesday,2026-09-16T06:00:00-07:00,1,100.0,Chance Showers And Thunderstorms,"A chance of showers and thunderstorms before 11am, then a chance of showers and thunderstorms. Mostly sunny, with a high near 100. Southeast wind 5 to 10 mph. Chance of precipitation is 40%. New rainfall amounts less than a tenth of an inch possible."
218,2026-09-14T01:31:44Z,KPHX,Wednesday Night,2026-09-16T18:00:00-07:00,0,82.0,Chance Showers And Thunderstorms,"A chance of showers and thunderstorms. Mostly cloudy, with a low around 82. Southeast wind 5 to 10 mph. Chance of precipitation is 50%. New rainfall amounts between a tenth and quarter of an inch possible."
219,2026-09-14T01:31:44Z,KPHX,Thursday,2026-09-17T06:00:00-07:00,1,101.0,Slight Chance Showers And Thunderstorms then Mostly Sunny,"A slight chance of showers and thunderstorms before 11am. Mostly sunny, with a high near 101. East southeast wind 5 to 10 mph. Chance of precipitation is 20%. New rainfall amounts less than a tenth of an inch possible."
220,2026-09-14T01:31:44Z,KPHX,Thursday Night,2026-09-17T18:00:00-07:00,0,83.0,Partly Cloudy,"Partly cloudy, with a low around 83. East southeast wind 0 to 5 mph."
221,2026-09-14T01:31:44Z,KPHX,Friday,2026-09-18T06:00:00-07:00,1,104.0,Sunny,"Sunny, with a high near 104. South southeast wind around 5 mph."
222,2026-09-14T01:31:44Z,KPHX,Friday Night,2026-09-18T18:00:00-07:00,0,83.0,Mostly Clear,"Mostly clear, with a low around 83. South southeast wind 0 to 5 mph."
223,2026-09-14T01:31:44Z,KPHX,Saturday,2026-09-19T06:00:00-07:00,1,105.0,Sunny,"Sunny, with a high near 105. South southeast wind around 5 mph."
224,2026-09-14T01:31:44Z,KPHX,Saturday Night,2026-09-19T18:00:00-07:00,0,83.0,Mostly Clear,"Mostly clear, with a low around 83. South southeast wind 0 to 5 mph."
225,2026-09-14T01:31:44Z,KSAT,Tonight,2026-09-13T19:00:00-05:00,0,78.0,Slight Chance Rain Showers then Partly Cloudy,"A slight chance of rain showers before 9pm. Partly cloudy, with a low around 78. Heat index values as high as 104. South southeast wind 5 to 15 mph, with gusts as high as 25 mph. Chance of precipitation is 20%. New rainfall amounts less than a tenth of an inch possible."
226,2026-09-14T01:31:44Z,KSAT,Monday,2026-09-14T06:00:00-05:00,1,99.0,Mostly Sunny,"Mostly sunny, with a high near 99. Heat index values as high as 105. South southeast wind 5 to 15 mph, with gusts as high as 25 mph."
227,2026-09-14T01:31:44Z,KSAT,Monday Night,2026-09-14T18:00:00-05:00,0,78.0,Partly Cloudy,"Partly cloudy, with a low around 78. Heat index values as high as 102. South southeast wind 5 to 15 mph, with gusts as high as 25 mph."
228,2026-09-14T01:31:44Z,KSAT,Tuesday,2026-09-15T06:00:00-05:00,1,100.0,Mostly Sunny,"Mostly sunny, with a high near 100. Heat index values as high as 106. South southeast wind 5 to 15 mph, with gusts as high as 20 mph."
229,2026-09-14T01:31:44Z,KSAT,Tuesday Night,2026-09-15T18:00:00-05:00,0,77.0,Mostly Clear,"Mostly clear, with a low around 77. Southeast wind 5 to 15 mph, with gusts as high as 25 mph."
230,2026-09-14T01:31:44Z,KSAT,Wednesday,2026-09-16T06:00:00-05:00,1,97.0,Mostly Sunny,"Mostly sunny, with a high near 97. Southeast wind 5 to 10 mph."
231,2026-09-14T01:31:44Z,KSAT,Wednesday Night,2026-09-16T18:00:00-05:00,0,77.0,Partly Cloudy,"Partly cloudy, with a low around 77. East southeast wind 5 to 10 mph."
232,2026-09-14T01:31:44Z,KSAT,Thursday,2026-09-17T06:00:00-05:00,1,94.0,Chance Showers And Thunderstorms,"A chance of showers and thunderstorms between 7am and 1pm, then a slight chance of showers and thunderstorms. Partly sunny, with a high near 94. East northeast wind 5 to 10 mph. Chance of precipitation is 30%."
233,2026-09-14T01:31:44Z,KSAT,Thursday Night,2026-09-17T18:00:00-05:00,0,75.0,Slight Chance Showers And Thunderstorms then Partly Cloudy,"A slight chance of showers and thunderstorms before 7pm. Partly cloudy, with a low around 75. East southeast wind 0 to 10 mph. Chance of precipitation is 20%."
234,2026-09-14T01:31:44Z,KSAT,Friday,2026-09-18T06:00:00-05:00,1,96.0,Mostly Sunny,"Mostly sunny, with a high near 96."
235,2026-09-14T01:31:44Z,KSAT,Friday Night,2026-09-18T18:00:00-05:00,0,75.0,Mostly Clear,"Mostly clear, with a low around 75."
236,2026-09-14T01:31:44Z,KSAT,Saturday,2026-09-19T06:00:00-05:00,1,96.0,Sunny,"Sunny, with a high near 96."
237,2026-09-14T01:31:44Z,KSAT,Saturday Night,2026-09-19T18:00:00-05:00,0,75.0,Mostly Clear,"Mostly clear, with a low around 75."
238,2026-09-14T01:31:44Z,KSAT,Sunday,2026-09-20T06:00:00-05:00,1,96.0,Mostly Sunny,"Mostly sunny, with a high near 96."
239,2026-09-14T01:31:44Z,KSFO,Tonight,2026-09-13T18:00:00-07:00,0,56.0,Mostly Clear,"Mostly clear, with a low around 56. West wind 3 to 28 mph, with gusts as high as 36 mph."
240,2026-09-14T01:31:44Z,KSFO,Monday,2026-09-14T06:00:00-07:00,1,75.0,Sunny,"Sunny. High near 75, with temperatures falling to around 72 in the afternoon. West southwest wind 3 to 18 mph, with gusts as high as 24 mph."
241,2026-09-14T01:31:44Z,KSFO,Monday Night,2026-09-14T18:00:00-07:00,0,57.0,Partly Cloudy,"Partly cloudy, with a low around 57. West southwest wind 8 to 17 mph, with gusts as high as 24 mph."
242,2026-09-14T01:31:44Z,KSFO,Tuesday,2026-09-15T06:00:00-07:00,1,73.0,Mostly Sunny,"Mostly sunny, with a high near 73. West southwest wind 8 to 17 mph."
243,2026-09-14T01:31:44Z,KSFO,Tuesday Night,2026-09-15T18:00:00-07:00,0,58.0,Partly Cloudy,"Partly cloudy, with a low around 58. Southwest wind 10 to 17 mph."
244,2026-09-14T01:31:44Z,KSFO,Wednesday,2026-09-16T06:00:00-07:00,1,71.0,Mostly Sunny,"Mostly sunny, with a high near 71."
245,2026-09-14T01:31:44Z,KSFO,Wednesday Night,2026-09-16T18:00:00-07:00,0,58.0,Partly Cloudy,"Partly cloudy, with a low around 58."
246,2026-09-14T01:31:44Z,KSFO,Thursday,2026-09-17T06:00:00-07:00,1,71.0,Mostly Sunny,"Mostly sunny, with a high near 71."
247,2026-09-14T01:31:44Z,KSFO,Thursday Night,2026-09-17T18:00:00-07:00,0,58.0,Mostly Clear,"Mostly clear, with a low around 58."
248,2026-09-14T01:31:44Z,KSFO,Friday,2026-09-18T06:00:00-07:00,1,71.0,Sunny,"Sunny, with a high near 71."
249,2026-09-14T01:31:44Z,KSFO,Friday Night,2026-09-18T18:00:00-07:00,0,58.0,Partly Cloudy,"Partly cloudy, with a low around 58."
250,2026-09-14T01:31:44Z,KSFO,Saturday,2026-09-19T06:00:00-07:00,1,68.0,Mostly Sunny,"Mostly sunny, with a high near 68."
251,2026-09-14T01:31:44Z,KSFO,Saturday Night,2026-09-19T18:00:00-07:00,0,58.0,Partly Cloudy,"Partly cloudy, with a low around 58."
252,2026-09-14T01:31:44Z,KSFO,Sunday,2026-09-20T06:00:00-07:00,1,68.0,Mostly Sunny,"Mostly sunny, with a high near 68."
253,2026-09-14T01:31:44Z,KSEA,Tonight,2026-09-13T18:00:00-07:00,0,55.0,Mostly Cloudy,"Mostly cloudy, with a low around 55. South southwest wind 10 to 15 mph, with gusts as high as 22 mph."
254,2026-09-14T01:31:44Z,KSEA,Monday,2026-09-14T06:00:00-07:00,1,68.0,Mostly Cloudy,"Mostly cloudy, with a high near 68. South southwest wind 3 to 9 mph."
255,2026-09-14T01:31:44Z,KSEA,Monday Night,2026-09-14T18:00:00-07:00,0,54.0,Mostly Cloudy,"Mostly cloudy, with a low around 54. North wind around 3 mph."
256,2026-09-14T01:31:44Z,KSEA,Tuesday,2026-09-15T06:00:00-07:00,1,68.0,Partly Sunny,"Partly sunny, with a high near 68. North northeast wind 2 to 9 mph."
257,2026-09-14T01:31:44Z,KSEA,Tuesday Night,2026-09-15T18:00:00-07:00,0,52.0,Mostly Clear,"Mostly clear, with a low around 52. North northeast wind 5 to 9 mph."
258,2026-09-14T01:31:44Z,KSEA,Wednesday,2026-09-16T06:00:00-07:00,1,74.0,Sunny,"Sunny, with a high near 74."
259,2026-09-14T01:31:44Z,KSEA,Wednesday Night,2026-09-16T18:00:00-07:00,0,54.0,Mostly Clear,"Mostly clear, with a low around 54."
260,2026-09-14T01:31:44Z,KSEA,Thursday,2026-09-17T06:00:00-07:00,1,75.0,Sunny,"Sunny, with a high near 75."
261,2026-09-14T01:31:44Z,KSEA,Thursday Night,2026-09-17T18:00:00-07:00,0,55.0,Mostly Clear,"Mostly clear, with a low around 55."
262,2026-09-14T01:31:44Z,KSEA,Friday,2026-09-18T06:00:00-07:00,1,76.0,Sunny,"Sunny, with a high near 76."
263,2026-09-14T01:31:44Z,KSEA,Friday Night,2026-09-18T18:00:00-07:00,0,55.0,Mostly Clear,"Mostly clear, with a low around 55."
264,2026-09-14T01:31:44Z,KSEA,Saturday,2026-09-19T06:00:00-07:00,1,73.0,Mostly Sunny,"Mostly sunny, with a high near 73."
265,2026-09-14T01:31:44Z,KSEA,Saturday Night,2026-09-19T18:00:00-07:00,0,55.0,Partly Cloudy,"Partly cloudy, with a low around 55."
266,2026-09-14T01:31:44Z,KSEA,Sunday,2026-09-20T06:00:00-07:00,1,72.0,Mostly Sunny,"Mostly sunny, with a high near 72."
267,2026-09-14T01:31:44Z,KDCA,Tonight,2026-09-13T20:00:00-04:00,0,70.0,Isolated Rain Showers then Partly Cloudy,"Isolated rain showers before 9pm. Partly cloudy, with a low around 70. West wind 3 to 9 mph. Chance of precipitation is 20%."
268,2026-09-14T01:31:44Z,KDCA,Monday,2026-09-14T06:00:00-04:00,1,80.0,Sunny,"Sunny, with a high near 80. North wind around 14 mph, with gusts as high as 22 mph."
269,2026-09-14T01:31:44Z,KDCA,Monday Night,2026-09-14T18:00:00-04:00,0,58.0,Clear,"Clear, with a low around 58. North wind 8 to 12 mph, with gusts as high as 18 mph."
270,2026-09-14T01:31:44Z,KDCA,Tuesday,2026-09-15T06:00:00-04:00,1,81.0,Sunny,"Sunny, with a high near 81. East wind 6 to 9 mph."
271,2026-09-14T01:31:44Z,KDCA,Tuesday Night,2026-09-15T18:00:00-04:00,0,61.0,Mostly Clear,"Mostly clear, with a low around 61. South wind 5 to 9 mph."
272,2026-09-14T01:31:44Z,KDCA,Wednesday,2026-09-16T06:00:00-04:00,1,85.0,Sunny,"Sunny, with a high near 85."
273,2026-09-14T01:31:44Z,KDCA,Wednesday Night,2026-09-16T18:00:00-04:00,0,66.0,Mostly Clear,"Mostly clear, with a low around 66."
274,2026-09-14T01:31:44Z,KDCA,Thursday,2026-09-17T06:00:00-04:00,1,86.0,Sunny,"Sunny, with a high near 86."
275,2026-09-14T01:31:44Z,KDCA,Thursday Night,2026-09-17T18:00:00-04:00,0,69.0,Partly Cloudy,"Partly cloudy, with a low around 69."
276,2026-09-14T01:31:44Z,KDCA,Friday,2026-09-18T06:00:00-04:00,1,85.0,Mostly Sunny then Slight Chance Rain Showers,"A slight chance of rain showers after 2pm. Mostly sunny, with a high near 85. Chance of precipitation is 20%."
277,2026-09-14T01:31:44Z,KDCA,Friday Night,2026-09-18T18:00:00-04:00,0,68.0,Slight Chance Rain Showers then Partly Cloudy,"A slight chance of rain showers before 8pm. Partly cloudy, with a low around 68. Chance of precipitation is 20%."
278,2026-09-14T01:31:44Z,KDCA,Saturday,2026-09-19T06:00:00-04:00,1,82.0,Mostly Sunny then Slight Chance Rain Showers,"A slight chance of rain showers after 2pm. Mostly sunny, with a high near 82. Chance of precipitation is 20%."
279,2026-09-14T01:31:44Z,KDCA,Saturday Night,2026-09-19T18:00:00-04:00,0,68.0,Chance Rain Showers,"A chance of rain showers. Partly cloudy, with a low around 68. Chance of precipitation is 30%."
280,2026-09-14T01:31:44Z,KDCA,Sunday,2026-09-20T06:00:00-04:00,1,84.0,Chance Rain Showers,"A chance of rain showers. Mostly sunny, with a high near 84."
1,2026-09-14T06:55:46Z,KATL,Overnight,2026-09-14T02:00:00-04:00,0,72.0,Clear,"Clear, with a low around 72. Northwest wind 0 to 5 mph."
2,2026-09-14T06:55:46Z,KATL,Monday,2026-09-14T06:00:00-04:00,1,95.0,Sunny,"Sunny, with a high near 95. Heat index values as high as 98. North wind around 5 mph."
3,2026-09-14T06:55:46Z,KATL,Monday Night,2026-09-14T18:00:00-04:00,0,74.0,Mostly Clear,"Mostly clear, with a low around 74. Heat index values as high as 97. Northeast wind 0 to 5 mph."
4,2026-09-14T06:55:46Z,KATL,Tuesday,2026-09-15T06:00:00-04:00,1,92.0,Sunny,"Sunny, with a high near 92. Heat index values as high as 97. East wind 5 to 10 mph, with gusts as high as 20 mph."
5,2026-09-14T06:55:46Z,KATL,Tuesday Night,2026-09-15T18:00:00-04:00,0,70.0,Mostly Clear,"Mostly clear, with a low around 70. East wind 5 to 10 mph, with gusts as high as 20 mph."
6,2026-09-14T06:55:46Z,KATL,Wednesday,2026-09-16T06:00:00-04:00,1,91.0,Sunny,"Sunny, with a high near 91."
7,2026-09-14T06:55:46Z,KATL,Wednesday Night,2026-09-16T18:00:00-04:00,0,67.0,Clear,"Clear, with a low around 67."
8,2026-09-14T06:55:46Z,KATL,Thursday,2026-09-17T06:00:00-04:00,1,91.0,Sunny,"Sunny, with a high near 91."
9,2026-09-14T06:55:46Z,KATL,Thursday Night,2026-09-17T18:00:00-04:00,0,69.0,Mostly Clear,"Mostly clear, with a low around 69."
10,2026-09-14T06:55:46Z,KATL,Friday,2026-09-18T06:00:00-04:00,1,93.0,Sunny,"Sunny, with a high near 93."
11,2026-09-14T06:55:46Z,KATL,Friday Night,2026-09-18T18:00:00-04:00,0,71.0,Mostly Clear,"Mostly clear, with a low around 71."
12,2026-09-14T06:55:46Z,KATL,Saturday,2026-09-19T06:00:00-04:00,1,93.0,Sunny,"Sunny, with a high near 93."
13,2026-09-14T06:55:46Z,KATL,Saturday Night,2026-09-19T18:00:00-04:00,0,71.0,Mostly Clear,"Mostly clear, with a low around 71."
14,2026-09-14T06:55:46Z,KATL,Sunday,2026-09-20T06:00:00-04:00,1,92.0,Sunny then Slight Chance Showers And Thunderstorms,"A slight chance of showers and thunderstorms after 2pm. Sunny, with a high near 92."
15,2026-09-14T06:55:46Z,KAUS,Overnight,2026-09-14T01:00:00-05:00,0,77.0,Partly Cloudy,"Partly cloudy, with a low around 77. South wind around 5 mph."
16,2026-09-14T06:55:46Z,KAUS,Monday,2026-09-14T06:00:00-05:00,1,100.0,Mostly Sunny,"Mostly sunny, with a high near 100. Heat index values as high as 108. South wind 5 to 10 mph, with gusts as high as 20 mph."
17,2026-09-14T06:55:46Z,KAUS,Monday Night,2026-09-14T18:00:00-05:00,0,77.0,Mostly Clear,"Mostly clear, with a low around 77. Heat index values as high as 104. South southeast wind 5 to 10 mph, with gusts as high as 25 mph."
18,2026-09-14T06:55:46Z,KAUS,Tuesday,2026-09-15T06:00:00-05:00,1,101.0,Mostly Sunny,"Mostly sunny, with a high near 101. Heat index values as high as 107. South wind 5 to 10 mph."
19,2026-09-14T06:55:46Z,KAUS,Tuesday Night,2026-09-15T18:00:00-05:00,0,76.0,Mostly Clear,"Mostly clear, with a low around 76. South southeast wind 0 to 10 mph, with gusts as high as 25 mph."
20,2026-09-14T06:55:46Z,KAUS,Wednesday,2026-09-16T06:00:00-05:00,1,100.0,Mostly Sunny,"Mostly sunny, with a high near 100. Southeast wind 0 to 5 mph."
21,2026-09-14T06:55:46Z,KAUS,Wednesday Night,2026-09-16T18:00:00-05:00,0,76.0,Mostly Clear,"Mostly clear, with a low around 76. Southeast wind 0 to 10 mph."
22,2026-09-14T06:55:46Z,KAUS,Thursday,2026-09-17T06:00:00-05:00,1,97.0,Mostly Sunny then Chance Showers And Thunderstorms,"A chance of showers and thunderstorms after 1pm. Mostly sunny, with a high near 97. East wind 0 to 10 mph. Chance of precipitation is 30%."
23,2026-09-14T06:55:46Z,KAUS,Thursday Night,2026-09-17T18:00:00-05:00,0,75.0,Chance Showers And Thunderstorms then Partly Cloudy,"A chance of showers and thunderstorms before 7pm. Partly cloudy, with a low around 75. Southeast wind 0 to 10 mph. Chance of precipitation is 30%."
24,2026-09-14T06:55:46Z,KAUS,Friday,2026-09-18T06:00:00-05:00,1,97.0,Mostly Sunny,"Mostly sunny, with a high near 97."
25,2026-09-14T06:55:46Z,KAUS,Friday Night,2026-09-18T18:00:00-05:00,0,73.0,Mostly Clear,"Mostly clear, with a low around 73."
26,2026-09-14T06:55:46Z,KAUS,Saturday,2026-09-19T06:00:00-05:00,1,98.0,Sunny,"Sunny, with a high near 98."
27,2026-09-14T06:55:46Z,KAUS,Saturday Night,2026-09-19T18:00:00-05:00,0,74.0,Partly Cloudy,"Partly cloudy, with a low around 74."
28,2026-09-14T06:55:46Z,KAUS,Sunday,2026-09-20T06:00:00-05:00,1,97.0,Mostly Sunny,"Mostly sunny, with a high near 97."
29,2026-09-14T06:55:46Z,KBOS,Overnight,2026-09-14T02:00:00-04:00,0,63.0,Patchy Fog,"Patchy fog before 5am. Mostly cloudy, with a low around 63. West wind around 9 mph."
30,2026-09-14T06:55:46Z,KBOS,Monday,2026-09-14T06:00:00-04:00,1,77.0,Chance Rain Showers then Mostly Sunny,"A chance of rain showers before 8am. Mostly sunny, with a high near 77. Northwest wind 10 to 18 mph, with gusts as high as 30 mph. Chance of precipitation is 40%."
31,2026-09-14T06:55:46Z,KBOS,Monday Night,2026-09-14T18:00:00-04:00,0,54.0,Mostly Clear,"Mostly clear, with a low around 54. North wind 9 to 14 mph, with gusts as high as 24 mph."
32,2026-09-14T06:55:46Z,KBOS,Tuesday,2026-09-15T06:00:00-04:00,1,65.0,Sunny,"Sunny, with a high near 65. Northeast wind around 10 mph."
33,2026-09-14T06:55:46Z,KBOS,Tuesday Night,2026-09-15T18:00:00-04:00,0,57.0,Mostly Clear,"Mostly clear, with a low around 57. South wind 5 to 10 mph."
34,2026-09-14T06:55:46Z,KBOS,Wednesday,2026-09-16T06:00:00-04:00,1,76.0,Sunny,"Sunny, with a high near 76. South wind 6 to 9 mph."
35,2026-09-14T06:55:46Z,KBOS,Wednesday Night,2026-09-16T18:00:00-04:00,0,63.0,Partly Cloudy,"Partly cloudy, with a low around 63. Southwest wind 3 to 7 mph."
36,2026-09-14T06:55:46Z,KBOS,Thursday,2026-09-17T06:00:00-04:00,1,73.0,Mostly Sunny then Slight Chance Rain Showers,"A slight chance of rain showers after 4pm. Mostly sunny, with a high near 73. South wind 3 to 8 mph."
37,2026-09-14T06:55:46Z,KBOS,Thursday Night,2026-09-17T18:00:00-04:00,0,64.0,Chance Rain Showers,"A chance of rain showers. Mostly cloudy, with a low around 64. Southwest wind around 8 mph. Chance of precipitation is 30%."
38,2026-09-14T06:55:46Z,KBOS,Friday,2026-09-18T06:00:00-04:00,1,73.0,Chance Rain Showers then Mostly Sunny,"A chance of rain showers before 11am. Mostly sunny, with a high near 73. North wind 8 to 12 mph. Chance of precipitation is 30%."
39,2026-09-14T06:55:46Z,KBOS,Friday Night,2026-09-18T18:00:00-04:00,0,59.0,Partly Cloudy,"Partly cloudy, with a low around 59. North wind around 8 mph."
40,2026-09-14T06:55:46Z,KBOS,Saturday,2026-09-19T06:00:00-04:00,1,68.0,Mostly Sunny,"Mostly sunny, with a high near 68. East wind around 9 mph."
41,2026-09-14T06:55:46Z,KBOS,Saturday Night,2026-09-19T18:00:00-04:00,0,59.0,Chance Rain Showers,"A chance of rain showers after 7pm. Partly cloudy, with a low around 59. South wind around 9 mph. Chance of precipitation is 30%."
42,2026-09-14T06:55:46Z,KBOS,Sunday,2026-09-20T06:00:00-04:00,1,67.0,Chance Rain Showers,"A chance of rain showers. Partly sunny, with a high near 67. Southwest wind 8 to 12 mph."
43,2026-09-14T06:55:46Z,KMDW,Overnight,2026-09-14T01:00:00-05:00,0,55.0,Clear,"Clear, with a low around 55. North northwest wind 0 to 5 mph."
44,2026-09-14T06:55:46Z,KMDW,Monday,2026-09-14T06:00:00-05:00,1,74.0,Mostly Sunny,"Mostly sunny, with a high near 74. East wind 0 to 15 mph, with gusts as high as 25 mph."
45,2026-09-14T06:55:46Z,KMDW,Monday Night,2026-09-14T18:00:00-05:00,0,67.0,Mostly Cloudy then Slight Chance Showers And Thunderstorms,"A slight chance of showers and thunderstorms after 4am. Mostly cloudy, with a low around 67. South southeast wind around 15 mph, with gusts as high as 25 mph. Chance of precipitation is 20%."
46,2026-09-14T06:55:46Z,KMDW,Tuesday,2026-09-15T06:00:00-05:00,1,82.0,Chance Showers And Thunderstorms then Showers And Thunderstorms Likely,"A chance of showers and thunderstorms before 7am, then showers and thunderstorms likely. Partly sunny, with a high near 82. Southwest wind 10 to 15 mph, with gusts as high as 25 mph. Chance of precipitation is 60%."
47,2026-09-14T06:55:46Z,KMDW,Tuesday Night,2026-09-15T18:00:00-05:00,0,66.0,Showers And Thunderstorms Likely,"Showers and thunderstorms likely. Mostly cloudy, with a low around 66. North wind 5 to 10 mph. Chance of precipitation is 70%."
48,2026-09-14T06:55:46Z,KMDW,Wednesday,2026-09-16T06:00:00-05:00,1,74.0,Showers And Thunderstorms Likely,"Showers and thunderstorms likely. Cloudy, with a high near 74. Chance of precipitation is 70%."
49,2026-09-14T06:55:46Z,KMDW,Wednesday Night,2026-09-16T18:00:00-05:00,0,68.0,Showers And Thunderstorms Likely then Slight Chance Showers And Thunderstorms,"Showers and thunderstorms likely before 7pm, then a slight chance of showers and thunderstorms between 7pm and 1am, then showers and thunderstorms likely. Mostly cloudy, with a low around 68."
50,2026-09-14T06:55:46Z,KMDW,Thursday,2026-09-17T06:00:00-05:00,1,78.0,Showers And Thunderstorms Likely,"Showers and thunderstorms likely. Mostly cloudy, with a high near 78."
51,2026-09-14T06:55:46Z,KMDW,Thursday Night,2026-09-17T18:00:00-05:00,0,66.0,Slight Chance Rain Showers,"A slight chance of rain showers. Mostly cloudy, with a low around 66."
52,2026-09-14T06:55:46Z,KMDW,Friday,2026-09-18T06:00:00-05:00,1,78.0,Chance Rain Showers,"A chance of rain showers. Partly sunny, with a high near 78."
53,2026-09-14T06:55:46Z,KMDW,Friday Night,2026-09-18T18:00:00-05:00,0,66.0,Chance Rain Showers,"A chance of rain showers. Mostly cloudy, with a low around 66."
54,2026-09-14T06:55:46Z,KMDW,Saturday,2026-09-19T06:00:00-05:00,1,77.0,Rain Showers Likely,"Rain showers likely before 1pm, then showers and thunderstorms likely. Partly sunny, with a high near 77."
55,2026-09-14T06:55:46Z,KMDW,Saturday Night,2026-09-19T18:00:00-05:00,0,63.0,Showers And Thunderstorms Likely,"Showers and thunderstorms likely. Mostly cloudy, with a low around 63."
56,2026-09-14T06:55:46Z,KMDW,Sunday,2026-09-20T06:00:00-05:00,1,74.0,Chance Showers And Thunderstorms,"A chance of showers and thunderstorms. Mostly cloudy, with a high near 74."
57,2026-09-14T06:55:46Z,KDFW,Tonight,2026-09-13T23:00:00-05:00,0,81.0,Mostly Clear,"Mostly clear, with a low around 81. South wind 10 to 15 mph."
58,2026-09-14T06:55:46Z,KDFW,Monday,2026-09-14T06:00:00-05:00,1,101.0,Sunny,"Sunny, with a high near 101. Heat index values as high as 105. South wind 10 to 15 mph, with gusts as high as 25 mph."
59,2026-09-14T06:55:46Z,KDFW,Monday Night,2026-09-14T18:00:00-05:00,0,80.0,Mostly Clear,"Mostly clear. Low around 80, with temperatures rising to around 82 overnight. Heat index values as high as 102. South wind 10 to 15 mph, with gusts as high as 25 mph."
60,2026-09-14T06:55:46Z,KDFW,Tuesday,2026-09-15T06:00:00-05:00,1,100.0,Sunny,"Sunny. High near 100, with temperatures falling to around 98 in the afternoon. Heat index values as high as 102. South wind around 10 mph, with gusts as high as 25 mph."
61,2026-09-14T06:55:46Z,KDFW,Tuesday Night,2026-09-15T18:00:00-05:00,0,80.0,Mostly Clear,"Mostly clear. Low around 80, with temperatures rising to around 82 overnight. South southeast wind 5 to 10 mph, with gusts as high as 20 mph."
62,2026-09-14T06:55:46Z,KDFW,Wednesday,2026-09-16T06:00:00-05:00,1,100.0,Sunny,"Sunny. High near 100, with temperatures falling to around 98 in the afternoon. South southeast wind 5 to 10 mph, with gusts as high as 20 mph."
63,2026-09-14T06:55:46Z,KDFW,Wednesday Night,2026-09-16T18:00:00-05:00,0,80.0,Mostly Clear,"Mostly clear, with a low around 80. South southeast wind 5 to 10 mph, with gusts as high as 20 mph."
64,2026-09-14T06:55:46Z,KDFW,Thursday,2026-09-17T06:00:00-05:00,1,99.0,Sunny,"Sunny, with a high near 99. South southeast wind 5 to 10 mph."
65,2026-09-14T06:55:46Z,KDFW,Thursday Night,2026-09-17T18:00:00-05:00,0,78.0,Mostly Clear,"Mostly clear, with a low around 78. South southeast wind 5 to 10 mph."
66,2026-09-14T06:55:46Z,KDFW,Friday,2026-09-18T06:00:00-05:00,1,99.0,Sunny,"Sunny, with a high near 99."
67,2026-09-14T06:55:46Z,KDFW,Friday Night,2026-09-18T18:00:00-05:00,0,77.0,Mostly Clear,"Mostly clear, with a low around 77."
68,2026-09-14T06:55:46Z,KDFW,Saturday,2026-09-19T06:00:00-05:00,1,98.0,Sunny,"Sunny, with a high near 98."
69,2026-09-14T06:55:46Z,KDFW,Saturday Night,2026-09-19T18:00:00-05:00,0,76.0,Mostly Clear,"Mostly clear, with a low around 76."
70,2026-09-14T06:55:46Z,KDFW,Sunday,2026-09-20T06:00:00-05:00,1,95.0,Slight Chance Rain Showers,"A slight chance of rain showers after 7am. Sunny, with a high near 95. Chance of precipitation is 20%."
71,2026-09-14T06:55:46Z,KDEN,Tonight,2026-09-13T22:00:00-06:00,0,64.0,Slight Chance Rain Showers then Partly Cloudy,"A slight chance of rain showers before midnight. Partly cloudy. Low around 64, with temperatures rising to around 67 overnight. South wind 10 to 14 mph, with gusts as high as 22 mph. Chance of precipitation is 20%."
72,2026-09-14T06:55:46Z,KDEN,Monday,2026-09-14T06:00:00-06:00,1,87.0,Slight Chance Rain Showers then Slight Chance Showers And Thunderstorms,"A slight chance of rain showers before 3pm, then a slight chance of showers and thunderstorms. Partly sunny. High near 87, with temperatures falling to around 84 in the afternoon. West southwest wind around 9 mph. Chance of precipitation is 20%. New rainfall amounts less than a tenth of an inch possible."
73,2026-09-14T06:55:46Z,KDEN,Monday Night,2026-09-14T18:00:00-06:00,0,56.0,Chance Showers And Thunderstorms,"A chance of showers and thunderstorms. Mostly cloudy. Low around 56, with temperatures rising to around 58 overnight. North northeast wind 7 to 10 mph, with gusts as high as 16 mph. Chance of precipitation is 30%."
74,2026-09-14T06:55:46Z,KDEN,Tuesday,2026-09-15T06:00:00-06:00,1,74.0,Partly Sunny then Slight Chance Rain Showers,"A slight chance of rain showers after noon. Partly sunny, with a high near 74. East northeast wind 6 to 15 mph, with gusts as high as 24 mph. Chance of precipitation is 20%."
75,2026-09-14T06:55:46Z,KDEN,Tuesday Night,2026-09-15T18:00:00-06:00,0,54.0,Chance Rain Showers then Mostly Cloudy,"A chance of rain showers before midnight. Mostly cloudy, with a low around 54. South southeast wind 6 to 15 mph, with gusts as high as 24 mph. Chance of precipitation is 30%."
76,2026-09-14T06:55:46Z,KDEN,Wednesday,2026-09-16T06:00:00-06:00,1,84.0,Mostly Sunny then Slight Chance Showers And Thunderstorms,"A slight chance of showers and thunderstorms after noon. Mostly sunny, with a high near 84. Chance of precipitation is 20%."
77,2026-09-14T06:55:46Z,KDEN,Wednesday Night,2026-09-16T18:00:00-06:00,0,59.0,Chance Showers And Thunderstorms then Mostly Cloudy,"A chance of showers and thunderstorms before midnight. Mostly cloudy, with a low around 59."
78,2026-09-14T06:55:46Z,KDEN,Thursday,2026-09-17T06:00:00-06:00,1,78.0,Partly Sunny then Chance Showers And Thunderstorms,"A chance of showers and thunderstorms after noon. Partly sunny, with a high near 78."
79,2026-09-14T06:55:46Z,KDEN,Thursday Night,2026-09-17T18:00:00-06:00,0,57.0,Showers And Thunderstorms Likely,"Showers and thunderstorms likely. Mostly cloudy, with a low around 57."
80,2026-09-14T06:55:46Z,KDEN,Friday,2026-09-18T06:00:00-06:00,1,80.0,Partly Sunny then Chance Showers And Thunderstorms,"A chance of showers and thunderstorms after noon. Partly sunny, with a high near 80."
81,2026-09-14T06:55:46Z,KDEN,Friday Night,2026-09-18T18:00:00-06:00,0,54.0,Chance Showers And Thunderstorms,"A chance of showers and thunderstorms. Partly cloudy, with a low around 54."
82,2026-09-14T06:55:46Z,KDEN,Saturday,2026-09-19T06:00:00-06:00,1,76.0,Mostly Sunny then Chance Showers And Thunderstorms,"A chance of showers and thunderstorms after noon. Mostly sunny, with a high near 76."
83,2026-09-14T06:55:46Z,KDEN,Saturday Night,2026-09-19T18:00:00-06:00,0,53.0,Chance Showers And Thunderstorms then Partly Cloudy,"A chance of showers and thunderstorms before midnight. Partly cloudy, with a low around 53."
84,2026-09-14T06:55:46Z,KDEN,Sunday,2026-09-20T06:00:00-06:00,1,77.0,Mostly Sunny then Chance Showers And Thunderstorms,"A chance of showers and thunderstorms after noon. Mostly sunny, with a high near 77."
85,2026-09-14T06:55:46Z,KIAH,Overnight,2026-09-14T01:00:00-05:00,0,79.0,Partly Cloudy,"Partly cloudy, with a low around 79. Southeast wind 0 to 5 mph."
86,2026-09-14T06:55:46Z,KIAH,Monday,2026-09-14T06:00:00-05:00,1,95.0,Mostly Sunny then Chance Showers And Thunderstorms,"A chance of showers and thunderstorms after noon. Mostly sunny. High near 95, with temperatures falling to around 91 in the afternoon. Heat index values as high as 107. Southeast wind 0 to 10 mph. Chance of precipitation is 40%. New rainfall amounts between a quarter and half of an inch possible."
87,2026-09-14T06:55:46Z,KIAH,Monday Night,2026-09-14T18:00:00-05:00,0,78.0,Slight Chance Showers And Thunderstorms then Partly Cloudy,"A slight chance of showers and thunderstorms between 7pm and 8pm. Partly cloudy, with a low around 78. Heat index values as high as 102. Southeast wind 0 to 10 mph. Chance of precipitation is 20%. New rainfall amounts between a quarter and half of an inch possible."
88,2026-09-14T06:55:46Z,KIAH,Tuesday,2026-09-15T06:00:00-05:00,1,95.0,Mostly Sunny then Slight Chance Showers And Thunderstorms,"A slight chance of showers and thunderstorms after 1pm. Mostly sunny, with a high near 95. Heat index values as high as 107. Southeast wind 0 to 10 mph. Chance of precipitation is 20%."
89,2026-09-14T06:55:46Z,KIAH,Tuesday Night,2026-09-15T18:00:00-05:00,0,78.0,Slight Chance Showers And Thunderstorms then Mostly Clear,"A slight chance of showers and thunderstorms before 7pm. Mostly clear, with a low around 78. Southeast wind 0 to 10 mph. Chance of precipitation is 20%."
90,2026-09-14T06:55:46Z,KIAH,Wednesday,2026-09-16T06:00:00-05:00,1,93.0,Mostly Sunny then Slight Chance Showers And Thunderstorms,"A slight chance of showers and thunderstorms after 1pm. Mostly sunny, with a high near 93. Chance of precipitation is 20%."
91,2026-09-14T06:55:46Z,KIAH,Wednesday Night,2026-09-16T18:00:00-05:00,0,78.0,Slight Chance Showers And Thunderstorms,"A slight chance of showers and thunderstorms. Partly cloudy, with a low around 78. Chance of precipitation is 20%."
92,2026-09-14T06:55:46Z,KIAH,Thursday,2026-09-17T06:00:00-05:00,1,91.0,Chance Showers And Thunderstorms,"A chance of showers and thunderstorms. Mostly sunny, with a high near 91. Chance of precipitation is 30%."
93,2026-09-14T06:55:46Z,KIAH,Thursday Night,2026-09-17T18:00:00-05:00,0,76.0,Chance Showers And Thunderstorms then Partly Cloudy,"A chance of showers and thunderstorms before 7pm. Partly cloudy, with a low around 76. Chance of precipitation is 30%."
94,2026-09-14T06:55:46Z,KIAH,Friday,2026-09-18T06:00:00-05:00,1,92.0,Sunny,"Sunny, with a high near 92."
95,2026-09-14T06:55:46Z,KIAH,Friday Night,2026-09-18T18:00:00-05:00,0,75.0,Mostly Clear,"Mostly clear, with a low around 75."
96,2026-09-14T06:55:46Z,KIAH,Saturday,2026-09-19T06:00:00-05:00,1,93.0,Sunny,"Sunny, with a high near 93."
97,2026-09-14T06:55:46Z,KIAH,Saturday Night,2026-09-19T18:00:00-05:00,0,77.0,Partly Cloudy,"Partly cloudy, with a low around 77."
98,2026-09-14T06:55:46Z,KIAH,Sunday,2026-09-20T06:00:00-05:00,1,93.0,Mostly Sunny then Slight Chance Showers And Thunderstorms,"A slight chance of showers and thunderstorms after 1pm. Mostly sunny, with a high near 93."
99,2026-09-14T06:55:46Z,KLAS,Tonight,2026-09-13T18:00:00-07:00,0,80.0,Mostly Clear,"Mostly clear, with a low around 80. South southwest wind 8 to 15 mph, with gusts as high as 26 mph."
100,2026-09-14T06:55:46Z,KLAS,Monday,2026-09-14T06:00:00-07:00,1,100.0,Sunny,"Sunny. High near 100, with temperatures falling to around 98 in the afternoon. South southwest wind 5 to 13 mph, with gusts as high as 23 mph."
101,2026-09-14T06:55:46Z,KLAS,Monday Night,2026-09-14T18:00:00-07:00,0,77.0,Mostly Clear,"Mostly clear. Low around 77, with temperatures rising to around 79 overnight. Southwest wind 3 to 12 mph, with gusts as high as 21 mph."
102,2026-09-14T06:55:46Z,KLAS,Tuesday,2026-09-15T06:00:00-07:00,1,99.0,Sunny,"Sunny, with a high near 99. South wind 5 to 17 mph, with gusts as high as 29 mph."
103,2026-09-14T06:55:46Z,KLAS,Tuesday Night,2026-09-15T18:00:00-07:00,0,77.0,Mostly Clear,"Mostly clear, with a low around 77. South southwest wind 6 to 14 mph, with gusts as high as 24 mph."
104,2026-09-14T06:55:46Z,KLAS,Wednesday,2026-09-16T06:00:00-07:00,1,98.0,Sunny,"Sunny, with a high near 98."
105,2026-09-14T06:55:46Z,KLAS,Wednesday Night,2026-09-16T18:00:00-07:00,0,77.0,Mostly Clear,"Mostly clear, with a low around 77."
106,2026-09-14T06:55:46Z,KLAS,Thursday,2026-09-17T06:00:00-07:00,1,98.0,Sunny,"Sunny, with a high near 98."
107,2026-09-14T06:55:46Z,KLAS,Thursday Night,2026-09-17T18:00:00-07:00,0,75.0,Clear,"Clear, with a low around 75."
108,2026-09-14T06:55:46Z,KLAS,Friday,2026-09-18T06:00:00-07:00,1,99.0,Sunny,"Sunny, with a high near 99."
109,2026-09-14T06:55:46Z,KLAS,Friday Night,2026-09-18T18:00:00-07:00,0,75.0,Clear,"Clear, with a low around 75."
110,2026-09-14T06:55:46Z,KLAS,Saturday,2026-09-19T06:00:00-07:00,1,100.0,Sunny,"Sunny, with a high near 100."
111,2026-09-14T06:55:46Z,KLAS,Saturday Night,2026-09-19T18:00:00-07:00,0,76.0,Mostly Clear,"Mostly clear, with a low around 76."
112,2026-09-14T06:55:46Z,KLAS,Sunday,2026-09-20T06:00:00-07:00,1,99.0,Sunny,"Sunny, with a high near 99."
113,2026-09-14T06:55:46Z,KLAX,Tonight,2026-09-13T22:00:00-07:00,0,67.0,Partly Cloudy then Patchy Fog,"Patchy fog after 5am. Partly cloudy, with a low around 67. South wind 5 to 10 mph."
114,2026-09-14T06:55:46Z,KLAX,Monday,2026-09-14T06:00:00-07:00,1,78.0,Patchy Fog then Mostly Sunny,"Patchy fog before 11am. Mostly sunny, with a high near 78. South wind 5 to 10 mph."
115,2026-09-14T06:55:46Z,KLAX,Monday Night,2026-09-14T18:00:00-07:00,0,66.0,Patchy Fog,"Patchy fog after 11pm. Mostly cloudy, with a low around 66. South southwest wind 5 to 10 mph."
116,2026-09-14T06:55:46Z,KLAX,Tuesday,2026-09-15T06:00:00-07:00,1,75.0,Patchy Fog then Mostly Sunny,"Patchy fog before 11am. Mostly sunny, with a high near 75. South southwest wind around 10 mph."
117,2026-09-14T06:55:46Z,KLAX,Tuesday Night,2026-09-15T18:00:00-07:00,0,65.0,Patchy Fog,"Patchy fog after 11pm. Mostly cloudy, with a low around 65. South southeast wind 5 to 10 mph."
118,2026-09-14T06:55:46Z,KLAX,Wednesday,2026-09-16T06:00:00-07:00,1,73.0,Patchy Fog then Mostly Sunny,"Patchy fog before 11am. Mostly sunny, with a high near 73."
119,2026-09-14T06:55:46Z,KLAX,Wednesday Night,2026-09-16T18:00:00-07:00,0,64.0,Partly Cloudy,"Partly cloudy, with a low around 64."
120,2026-09-14T06:55:46Z,KLAX,Thursday,2026-09-17T06:00:00-07:00,1,73.0,Sunny,"Sunny, with a high near 73."
121,2026-09-14T06:55:46Z,KLAX,Thursday Night,2026-09-17T18:00:00-07:00,0,64.0,Mostly Clear,"Mostly clear, with a low around 64."
122,2026-09-14T06:55:46Z,KLAX,Friday,2026-09-18T06:00:00-07:00,1,75.0,Sunny,"Sunny, with a high near 75."
123,2026-09-14T06:55:46Z,KLAX,Friday Night,2026-09-18T18:00:00-07:00,0,65.0,Mostly Clear,"Mostly clear, with a low around 65."
124,2026-09-14T06:55:46Z,KLAX,Saturday,2026-09-19T06:00:00-07:00,1,77.0,Sunny,"Sunny, with a high near 77."
125,2026-09-14T06:55:46Z,KLAX,Saturday Night,2026-09-19T18:00:00-07:00,0,66.0,Partly Cloudy,"Partly cloudy, with a low around 66."
126,2026-09-14T06:55:46Z,KLAX,Sunday,2026-09-20T06:00:00-07:00,1,75.0,Mostly Sunny,"Mostly sunny, with a high near 75."
127,2026-09-14T06:55:46Z,KMIA,Tonight,2026-09-13T19:00:00-04:00,0,78.0,Chance Showers And Thunderstorms then Partly Cloudy,"A chance of showers and thunderstorms before 8pm. Partly cloudy, with a low around 78. Southwest wind 0 to 3 mph. Chance of precipitation is 30%. New rainfall amounts between a half and three quarters of an inch possible."
128,2026-09-14T06:55:46Z,KMIA,Monday,2026-09-14T06:00:00-04:00,1,91.0,Mostly Sunny then Chance Showers And Thunderstorms,"A chance of showers and thunderstorms after 2pm. Mostly sunny. High near 91, with temperatures falling to around 86 in the afternoon. East wind 0 to 7 mph. Chance of precipitation is 40%. New rainfall amounts less than a tenth of an inch possible."
129,2026-09-14T06:55:46Z,KMIA,Monday Night,2026-09-14T18:00:00-04:00,0,79.0,Chance Showers And Thunderstorms then Partly Cloudy,"A chance of showers and thunderstorms before 8pm. Partly cloudy, with a low around 79. Southeast wind 1 to 6 mph. Chance of precipitation is 30%. New rainfall amounts less than a tenth of an inch possible."
130,2026-09-14T06:55:46Z,KMIA,Tuesday,2026-09-15T06:00:00-04:00,1,91.0,Showers And Thunderstorms Likely,"A slight chance of showers and thunderstorms between 7am and 8am, then a chance of showers and thunderstorms between 8am and 11am, then showers and thunderstorms likely. Mostly sunny, with a high near 91. Northeast wind 5 to 12 mph, with gusts as high as 18 mph. Chance of precipitation is 70%."
131,2026-09-14T06:55:46Z,KMIA,Tuesday Night,2026-09-15T18:00:00-04:00,0,79.0,Showers And Thunderstorms Likely,"Showers and thunderstorms likely before 5am, then a chance of showers and thunderstorms. Partly cloudy, with a low around 79. Northeast wind 8 to 12 mph. Chance of precipitation is 70%."
132,2026-09-14T06:55:46Z,KMIA,Wednesday,2026-09-16T06:00:00-04:00,1,90.0,Showers And Thunderstorms Likely,"Showers and thunderstorms likely before 2pm, then showers and thunderstorms. Mostly sunny, with a high near 90. Northeast wind 9 to 16 mph, with gusts as high as 29 mph. Chance of precipitation is 90%."
133,2026-09-14T06:55:46Z,KMIA,Wednesday Night,2026-09-16T18:00:00-04:00,0,77.0,Showers And Thunderstorms then Showers And Thunderstorms Likely,"Showers and thunderstorms before 8pm, then showers and thunderstorms likely between 8pm and 2am, then a chance of showers and thunderstorms. Partly cloudy, with a low around 77. Northeast wind 9 to 15 mph, with gusts as high as 25 mph. Chance of precipitation is 90%."
134,2026-09-14T06:55:46Z,KMIA,Thursday,2026-09-17T06:00:00-04:00,1,89.0,Chance Showers And Thunderstorms then Showers And Thunderstorms Likely,"A chance of showers and thunderstorms before 8am, then showers and thunderstorms likely between 8am and 2pm, then showers and thunderstorms likely. Mostly sunny, with a high near 89. East wind 9 to 13 mph, with gusts as high as 22 mph. Chance of precipitation is 70%."
135,2026-09-14T06:55:46Z,KMIA,Thursday Night,2026-09-17T18:00:00-04:00,0,78.0,Showers And Thunderstorms Likely,"Showers and thunderstorms likely. Mostly cloudy, with a low around 78. East wind 8 to 12 mph. Chance of precipitation is 70%."
136,2026-09-14T06:55:46Z,KMIA,Friday,2026-09-18T06:00:00-04:00,1,89.0,Showers And Thunderstorms,"Showers and thunderstorms. Mostly sunny, with a high near 89. Chance of precipitation is 80%."
137,2026-09-14T06:55:46Z,KMIA,Friday Night,2026-09-18T18:00:00-04:00,0,78.0,Showers And Thunderstorms,"Showers and thunderstorms before 2am, then a chance of showers and thunderstorms. Partly cloudy, with a low around 78. Chance of precipitation is 80%."
138,2026-09-14T06:55:46Z,KMIA,Saturday,2026-09-19T06:00:00-04:00,1,89.0,Showers And Thunderstorms,"Showers and thunderstorms. Mostly sunny, with a high near 89. Chance of precipitation is 80%."
139,2026-09-14T06:55:46Z,KMIA,Saturday Night,2026-09-19T18:00:00-04:00,0,78.0,Showers And Thunderstorms then Chance Showers And Thunderstorms,"Showers and thunderstorms before 8pm, then a chance of showers and thunderstorms. Partly cloudy, with a low around 78. Chance of precipitation is 80%."
140,2026-09-14T06:55:46Z,KMIA,Sunday,2026-09-20T06:00:00-04:00,1,89.0,Chance Showers And Thunderstorms,"A chance of showers and thunderstorms before 2pm, then showers and thunderstorms. Mostly sunny, with a high near 89."
141,2026-09-14T06:55:46Z,KMSP,Overnight,2026-09-14T01:00:00-05:00,0,51.0,Mostly Clear,"Mostly clear, with a low around 51. East southeast wind 5 to 10 mph."
142,2026-09-14T06:55:46Z,KMSP,Monday,2026-09-14T06:00:00-05:00,1,65.0,Showers And Thunderstorms,"Rain showers likely between 10am and 1pm, then showers and thunderstorms. Some of the storms could produce heavy rain. Partly sunny. High near 65, with temperatures falling to around 60 in the afternoon. Southeast wind 10 to 25 mph, with gusts as high as 40 mph. Chance of precipitation is 100%. New rainfall amounts between 1 and 2 inches possible."
143,2026-09-14T06:55:46Z,KMSP,Monday Night,2026-09-14T18:00:00-05:00,0,58.0,Showers And Thunderstorms then Mostly Cloudy,"Showers and thunderstorms before midnight. Some of the storms could produce heavy rain. Mostly cloudy, with a low around 58. South southwest wind 10 to 20 mph, with gusts as high as 40 mph. Chance of precipitation is 80%. New rainfall amounts between 1 and 2 inches possible."
144,2026-09-14T06:55:46Z,KMSP,Tuesday,2026-09-15T06:00:00-05:00,1,71.0,Mostly Sunny,"Mostly sunny, with a high near 71. West northwest wind 10 to 15 mph."
145,2026-09-14T06:55:46Z,KMSP,Tuesday Night,2026-09-15T18:00:00-05:00,0,51.0,Mostly Clear,"Mostly clear, with a low around 51. North wind 0 to 10 mph."
146,2026-09-14T06:55:46Z,KMSP,Wednesday,2026-09-16T06:00:00-05:00,1,70.0,Partly Sunny,"Partly sunny, with a high near 70. East wind 5 to 10 mph."
147,2026-09-14T06:55:46Z,KMSP,Wednesday Night,2026-09-16T18:00:00-05:00,0,56.0,Chance Rain Showers,"A chance of rain showers after 7pm. Mostly cloudy, with a low around 56. East wind 0 to 10 mph. Chance of precipitation is 30%."
148,2026-09-14T06:55:46Z,KMSP,Thursday,2026-09-17T06:00:00-05:00,1,74.0,Slight Chance Rain Showers then Partly Sunny,"A slight chance of rain showers before 7am. Partly sunny, with a high near 74. East wind 0 to 5 mph. Chance of precipitation is 20%."
149,2026-09-14T06:55:46Z,KMSP,Thursday Night,2026-09-17T18:00:00-05:00,0,56.0,Chance Rain Showers,"A chance of rain showers after 7pm. Partly cloudy, with a low around 56. Southeast wind around 5 mph. Chance of precipitation is 30%."
150,2026-09-14T06:55:46Z,KMSP,Friday,2026-09-18T06:00:00-05:00,1,71.0,Rain Showers Likely,"Rain showers likely. Partly sunny, with a high near 71. Southeast wind 5 to 10 mph. Chance of precipitation is 60%."
151,2026-09-14T06:55:46Z,KMSP,Friday Night,2026-09-18T18:00:00-05:00,0,58.0,Rain Showers Likely,"Rain showers likely. Mostly cloudy, with a low around 58. Southeast wind around 5 mph. Chance of precipitation is 60%."
152,2026-09-14T06:55:46Z,KMSP,Saturday,2026-09-19T06:00:00-05:00,1,73.0,Chance Rain Showers,"A chance of rain showers before 1pm. Mostly cloudy, with a high near 73. North northeast wind 5 to 10 mph. Chance of precipitation is 40%."
153,2026-09-14T06:55:46Z,KMSP,Saturday Night,2026-09-19T18:00:00-05:00,0,54.0,Mostly Cloudy,"Mostly cloudy, with a low around 54. North northeast wind 5 to 10 mph."
154,2026-09-14T06:55:46Z,KMSP,Sunday,2026-09-20T06:00:00-05:00,1,71.0,Mostly Sunny,"Mostly sunny, with a high near 71. Northeast wind around 5 mph."
155,2026-09-14T06:55:46Z,KMSY,Overnight,2026-09-14T00:00:00-05:00,0,77.0,Mostly Clear,"Mostly clear, with a low around 77. West wind around 5 mph."
156,2026-09-14T06:55:46Z,KMSY,Monday,2026-09-14T06:00:00-05:00,1,92.0,Sunny then Slight Chance Showers And Thunderstorms,"A slight chance of showers and thunderstorms after 3pm. Sunny. High near 92, with temperatures falling to around 90 in the afternoon. North wind around 5 mph. Chance of precipitation is 20%."
157,2026-09-14T06:55:46Z,KMSY,Monday Night,2026-09-14T18:00:00-05:00,0,77.0,Mostly Clear,"Mostly clear, with a low around 77. Southwest wind 0 to 5 mph."
158,2026-09-14T06:55:46Z,KMSY,Tuesday,2026-09-15T06:00:00-05:00,1,92.0,Sunny,"Sunny, with a high near 92. Northeast wind 5 to 10 mph."
159,2026-09-14T06:55:46Z,KMSY,Tuesday Night,2026-09-15T18:00:00-05:00,0,79.0,Mostly Clear,"Mostly clear, with a low around 79. East wind 5 to 10 mph."
160,2026-09-14T06:55:46Z,KMSY,Wednesday,2026-09-16T06:00:00-05:00,1,88.0,Chance Showers And Thunderstorms,"A chance of rain showers between 7am and 10am, then a chance of showers and thunderstorms between 10am and 1pm, then a chance of showers and thunderstorms. Sunny, with a high near 88. East wind 10 to 20 mph. Chance of precipitation is 40%."
161,2026-09-14T06:55:46Z,KMSY,Wednesday Night,2026-09-16T18:00:00-05:00,0,77.0,Chance Showers And Thunderstorms then Mostly Clear,"A chance of showers and thunderstorms before 7pm. Mostly clear, with a low around 77. East wind 5 to 10 mph. Chance of precipitation is 30%."
162,2026-09-14T06:55:46Z,KMSY,Thursday,2026-09-17T06:00:00-05:00,1,88.0,Sunny,"Sunny, with a high near 88. East wind 10 to 15 mph, with gusts as high as 30 mph."
163,2026-09-14T06:55:46Z,KMSY,Thursday Night,2026-09-17T18:00:00-05:00,0,74.0,Mostly Clear,"Mostly clear, with a low around 74. East wind 0 to 10 mph."
164,2026-09-14T06:55:46Z,KMSY,Friday,2026-09-18T06:00:00-05:00,1,89.0,Sunny,"Sunny, with a high near 89. Northeast wind around 10 mph."
165,2026-09-14T06:55:46Z,KMSY,Friday Night,2026-09-18T18:00:00-05:00,0,75.0,Slight Chance Rain Showers,"A slight chance of rain showers after 7pm. Mostly clear, with a low around 75. Southeast wind 5 to 10 mph."
166,2026-09-14T06:55:46Z,KMSY,Saturday,2026-09-19T06:00:00-05:00,1,89.0,Chance Showers And Thunderstorms,"A slight chance of rain showers before 7am, then a chance of showers and thunderstorms. Sunny, with a high near 89. East wind 5 to 10 mph."
167,2026-09-14T06:55:46Z,KMSY,Saturday Night,2026-09-19T18:00:00-05:00,0,75.0,Chance Showers And Thunderstorms,"A chance of showers and thunderstorms. Mostly clear, with a low around 75. Southeast wind around 5 mph."
168,2026-09-14T06:55:46Z,KMSY,Sunday,2026-09-20T06:00:00-05:00,1,88.0,Chance Showers And Thunderstorms,"A slight chance of rain showers before 7am, then a chance of showers and thunderstorms. Sunny, with a high near 88. East wind 5 to 10 mph."
169,2026-09-14T06:55:46Z,KNYC,Overnight,2026-09-14T02:00:00-04:00,0,68.0,Slight Chance Rain Showers,"A slight chance of rain showers before 5am. Mostly cloudy. Low around 68, with temperatures rising to around 70 overnight. Northwest wind around 8 mph. Chance of precipitation is 20%."
170,2026-09-14T06:55:46Z,KNYC,Monday,2026-09-14T06:00:00-04:00,1,75.0,Sunny,"Sunny, with a high near 75. North wind around 10 mph, with gusts as high as 23 mph."
171,2026-09-14T06:55:46Z,KNYC,Monday Night,2026-09-14T18:00:00-04:00,0,58.0,Clear,"Clear. Low around 58, with temperatures rising to around 60 overnight. North wind around 8 mph, with gusts as high as 22 mph."
172,2026-09-14T06:55:46Z,KNYC,Tuesday,2026-09-15T06:00:00-04:00,1,72.0,Sunny,"Sunny, with a high near 72. Southeast wind 0 to 6 mph."
173,2026-09-14T06:55:46Z,KNYC,Tuesday Night,2026-09-15T18:00:00-04:00,0,61.0,Mostly Clear,"Mostly clear, with a low around 61. South wind 0 to 3 mph."
174,2026-09-14T06:55:46Z,KNYC,Wednesday,2026-09-16T06:00:00-04:00,1,79.0,Sunny,"Sunny, with a high near 79."
175,2026-09-14T06:55:46Z,KNYC,Wednesday Night,2026-09-16T18:00:00-04:00,0,66.0,Partly Cloudy,"Partly cloudy, with a low around 66."
176,2026-09-14T06:55:46Z,KNYC,Thursday,2026-09-17T06:00:00-04:00,1,80.0,Mostly Sunny,"Mostly sunny, with a high near 80."
177,2026-09-14T06:55:46Z,KNYC,Thursday Night,2026-09-17T18:00:00-04:00,0,68.0,Partly Cloudy,"Partly cloudy, with a low around 68."
178,2026-09-14T06:55:46Z,KNYC,Friday,2026-09-18T06:00:00-04:00,1,82.0,Partly Sunny,"Partly sunny, with a high near 82."
179,2026-09-14T06:55:46Z,KNYC,Friday Night,2026-09-18T18:00:00-04:00,0,65.0,Slight Chance Rain Showers,"A slight chance of rain showers between 8pm and 2am. Partly cloudy, with a low around 65."
180,2026-09-14T06:55:46Z,KNYC,Saturday,2026-09-19T06:00:00-04:00,1,78.0,Partly Sunny,"Partly sunny, with a high near 78."
181,2026-09-14T06:55:46Z,KNYC,Saturday Night,2026-09-19T18:00:00-04:00,0,64.0,Chance Rain Showers,"A chance of rain showers after 8pm. Mostly cloudy, with a low around 64. Chance of precipitation is 30%."
182,2026-09-14T06:55:46Z,KNYC,Sunday,2026-09-20T06:00:00-04:00,1,76.0,Chance Rain Showers,"A chance of rain showers. Partly sunny, with a high near 76."
183,2026-09-14T06:55:46Z,KOKC,Overnight,2026-09-14T01:00:00-05:00,0,76.0,Mostly Clear,"Mostly clear, with a low around 76. South wind 7 to 13 mph, with gusts as high as 20 mph."
184,2026-09-14T06:55:46Z,KOKC,Monday,2026-09-14T06:00:00-05:00,1,98.0,Sunny,"Sunny, with a high near 98. Heat index values as high as 100. South wind 13 to 20 mph, with gusts as high as 30 mph."
185,2026-09-14T06:55:46Z,KOKC,Monday Night,2026-09-14T18:00:00-05:00,0,76.0,Clear,"Clear, with a low around 76. Heat index values as high as 100. South wind 15 to 20 mph, with gusts as high as 30 mph."
186,2026-09-14T06:55:46Z,KOKC,Tuesday,2026-09-15T06:00:00-05:00,1,99.0,Sunny,"Sunny, with a high near 99. Heat index values as high as 101. South wind around 17 mph, with gusts as high as 25 mph."
187,2026-09-14T06:55:46Z,KOKC,Tuesday Night,2026-09-15T18:00:00-05:00,0,75.0,Clear,"Clear, with a low around 75. South wind 12 to 16 mph, with gusts as high as 23 mph."
188,2026-09-14T06:55:46Z,KOKC,Wednesday,2026-09-16T06:00:00-05:00,1,96.0,Sunny,"Sunny, with a high near 96."
189,2026-09-14T06:55:46Z,KOKC,Wednesday Night,2026-09-16T18:00:00-05:00,0,74.0,Clear,"Clear, with a low around 74."
190,2026-09-14T06:55:46Z,KOKC,Thursday,2026-09-17T06:00:00-05:00,1,94.0,Sunny,"Sunny, with a high near 94."
191,2026-09-14T06:55:46Z,KOKC,Thursday Night,2026-09-17T18:00:00-05:00,0,73.0,Mostly Clear,"Mostly clear, with a low around 73."
192,2026-09-14T06:55:46Z,KOKC,Friday,2026-09-18T06:00:00-05:00,1,92.0,Sunny,"Sunny, with a high near 92."
193,2026-09-14T06:55:46Z,KOKC,Friday Night,2026-09-18T18:00:00-05:00,0,71.0,Mostly Clear,"Mostly clear, with a low around 71."
194,2026-09-14T06:55:46Z,KOKC,Saturday,2026-09-19T06:00:00-05:00,1,91.0,Slight Chance Rain Showers,"A slight chance of rain showers after 7am. Sunny, with a high near 91. Chance of precipitation is 20%."
195,2026-09-14T06:55:46Z,KOKC,Saturday Night,2026-09-19T18:00:00-05:00,0,67.0,Chance Rain Showers,"A chance of rain showers. Partly cloudy, with a low around 67. Chance of precipitation is 30%."
196,2026-09-14T06:55:46Z,KOKC,Sunday,2026-09-20T06:00:00-05:00,1,87.0,Chance Rain Showers,"A chance of rain showers. Mostly sunny, with a high near 87."
197,2026-09-14T06:55:46Z,KPHL,Overnight,2026-09-14T01:00:00-04:00,0,69.0,Patchy Fog,"Patchy fog. Partly cloudy, with a low around 69. West wind around 5 mph."
198,2026-09-14T06:55:46Z,KPHL,Monday,2026-09-14T06:00:00-04:00,1,78.0,Sunny,"Sunny, with a high near 78. North wind around 10 mph."
199,2026-09-14T06:55:46Z,KPHL,Monday Night,2026-09-14T18:00:00-04:00,0,56.0,Clear,"Clear, with a low around 56. North wind 5 to 10 mph."
200,2026-09-14T06:55:46Z,KPHL,Tuesday,2026-09-15T06:00:00-04:00,1,78.0,Sunny,"Sunny, with a high near 78. East wind 0 to 5 mph."
201,2026-09-14T06:55:46Z,KPHL,Tuesday Night,2026-09-15T18:00:00-04:00,0,58.0,Mostly Clear,"Mostly clear, with a low around 58. Southeast wind 0 to 5 mph."
202,2026-09-14T06:55:46Z,KPHL,Wednesday,2026-09-16T06:00:00-04:00,1,82.0,Sunny,"Sunny, with a high near 82."
203,2026-09-14T06:55:46Z,KPHL,Wednesday Night,2026-09-16T18:00:00-04:00,0,64.0,Mostly Clear,"Mostly clear, with a low around 64."
204,2026-09-14T06:55:46Z,KPHL,Thursday,2026-09-17T06:00:00-04:00,1,85.0,Mostly Sunny,"Mostly sunny, with a high near 85."
205,2026-09-14T06:55:46Z,KPHL,Thursday Night,2026-09-17T18:00:00-04:00,0,67.0,Partly Cloudy,"Partly cloudy, with a low around 67."
206,2026-09-14T06:55:46Z,KPHL,Friday,2026-09-18T06:00:00-04:00,1,83.0,Mostly Sunny then Slight Chance Rain Showers,"A slight chance of rain showers after 2pm. Mostly sunny, with a high near 83."
207,2026-09-14T06:55:46Z,KPHL,Friday Night,2026-09-18T18:00:00-04:00,0,65.0,Slight Chance Rain Showers then Partly Cloudy,"A slight chance of rain showers before 8pm. Partly cloudy, with a low around 65."
208,2026-09-14T06:55:46Z,KPHL,Saturday,2026-09-19T06:00:00-04:00,1,80.0,Mostly Sunny then Slight Chance Rain Showers,"A slight chance of rain showers after 2pm. Mostly sunny, with a high near 80."
209,2026-09-14T06:55:46Z,KPHL,Saturday Night,2026-09-19T18:00:00-04:00,0,65.0,Chance Rain Showers,"A chance of rain showers. Mostly cloudy, with a low around 65. Chance of precipitation is 40%."
210,2026-09-14T06:55:46Z,KPHL,Sunday,2026-09-20T06:00:00-04:00,1,80.0,Chance Rain Showers,"A chance of rain showers. Partly sunny, with a high near 80."
211,2026-09-14T06:55:46Z,KPHX,Tonight,2026-09-13T23:00:00-07:00,0,86.0,Slight Chance Showers And Thunderstorms,"A slight chance of showers and thunderstorms before 3am, then a chance of showers and thunderstorms. Partly cloudy, with a low around 86. West wind around 10 mph. Chance of precipitation is 30%. New rainfall amounts less than a tenth of an inch possible."
212,2026-09-14T06:55:46Z,KPHX,Monday,2026-09-14T06:00:00-07:00,1,102.0,Chance Showers And Thunderstorms then Slight Chance Showers And Thunderstorms,"A chance of showers and thunderstorms before 8am, then a slight chance of showers and thunderstorms. Mostly sunny. High near 102, with temperatures falling to around 100 in the afternoon. Southeast wind 10 to 15 mph. Chance of precipitation is 30%. New rainfall amounts less than a tenth of an inch possible."
213,2026-09-14T06:55:46Z,KPHX,Monday Night,2026-09-14T18:00:00-07:00,0,83.0,Chance Showers And Thunderstorms,"A chance of showers and thunderstorms before 2am, then a chance of showers and thunderstorms between 2am and 4am, then a slight chance of showers and thunderstorms between 4am and 5am, then a chance of showers and thunderstorms. Mostly cloudy, with a low around 83. East southeast wind around 10 mph. Chance of precipitation is 50%. New rainfall amounts less than a tenth of an inch possible."
214,2026-09-14T06:55:46Z,KPHX,Tuesday,2026-09-15T06:00:00-07:00,1,100.0,Slight Chance Showers And Thunderstorms,"A slight chance of showers and thunderstorms. Mostly sunny, with a high near 100. Southeast wind around 10 mph. Chance of precipitation is 20%. New rainfall amounts less than a tenth of an inch possible."
215,2026-09-14T06:55:46Z,KPHX,Tuesday Night,2026-09-15T18:00:00-07:00,0,83.0,Slight Chance Showers And Thunderstorms then Chance Showers And Thunderstorms,"A slight chance of showers and thunderstorms before 11pm, then a chance of showers and thunderstorms between 11pm and 2am, then a chance of showers and thunderstorms between 2am and 5am, then a chance of showers and thunderstorms. Mostly cloudy, with a low around 83. South southeast wind around 10 mph. Chance of precipitation is 50%. New rainfall amounts between a tenth and quarter of an inch possible."
216,2026-09-14T06:55:46Z,KPHX,Wednesday,2026-09-16T06:00:00-07:00,1,99.0,Chance Showers And Thunderstorms,"A chance of showers and thunderstorms before 11am, then a chance of showers and thunderstorms. Mostly sunny, with a high near 99. East wind around 10 mph. Chance of precipitation is 40%. New rainfall amounts less than a tenth of an inch possible."
217,2026-09-14T06:55:46Z,KPHX,Wednesday Night,2026-09-16T18:00:00-07:00,0,82.0,Chance Showers And Thunderstorms,"A chance of showers and thunderstorms before 8pm, then a chance of showers and thunderstorms between 8pm and 5am, then a slight chance of showers and thunderstorms. Mostly cloudy, with a low around 82. East wind around 10 mph. Chance of precipitation is 40%. New rainfall amounts less than a tenth of an inch possible."
218,2026-09-14T06:55:46Z,KPHX,Thursday,2026-09-17T06:00:00-07:00,1,101.0,Slight Chance Showers And Thunderstorms then Sunny,"A slight chance of showers and thunderstorms before 11am. Sunny, with a high near 101. East southeast wind 5 to 10 mph. Chance of precipitation is 20%. New rainfall amounts less than a tenth of an inch possible."
219,2026-09-14T06:55:46Z,KPHX,Thursday Night,2026-09-17T18:00:00-07:00,0,83.0,Mostly Clear,"Mostly clear, with a low around 83. East southeast wind 0 to 5 mph."
220,2026-09-14T06:55:46Z,KPHX,Friday,2026-09-18T06:00:00-07:00,1,104.0,Sunny,"Sunny, with a high near 104. Southeast wind around 5 mph."
221,2026-09-14T06:55:46Z,KPHX,Friday Night,2026-09-18T18:00:00-07:00,0,83.0,Clear,"Clear, with a low around 83. Southeast wind 0 to 5 mph."
222,2026-09-14T06:55:46Z,KPHX,Saturday,2026-09-19T06:00:00-07:00,1,105.0,Sunny,"Sunny, with a high near 105. South southeast wind around 5 mph."
223,2026-09-14T06:55:46Z,KPHX,Saturday Night,2026-09-19T18:00:00-07:00,0,83.0,Mostly Clear,"Mostly clear, with a low around 83. South southeast wind 0 to 5 mph."
224,2026-09-14T06:55:46Z,KPHX,Sunday,2026-09-20T06:00:00-07:00,1,104.0,Sunny,"Sunny, with a high near 104. South southeast wind around 5 mph."
225,2026-09-14T06:55:46Z,KSAT,Overnight,2026-09-14T01:00:00-05:00,0,78.0,Partly Cloudy,"Partly cloudy, with a low around 78. South southeast wind 5 to 10 mph."
226,2026-09-14T06:55:46Z,KSAT,Monday,2026-09-14T06:00:00-05:00,1,99.0,Mostly Sunny,"Mostly sunny, with a high near 99. Heat index values as high as 107. South southeast wind 5 to 15 mph, with gusts as high as 25 mph."
227,2026-09-14T06:55:46Z,KSAT,Monday Night,2026-09-14T18:00:00-05:00,0,77.0,Partly Cloudy,"Partly cloudy, with a low around 77. Heat index values as high as 104. South southeast wind 5 to 15 mph, with gusts as high as 25 mph."
228,2026-09-14T06:55:46Z,KSAT,Tuesday,2026-09-15T06:00:00-05:00,1,100.0,Mostly Sunny,"Mostly sunny, with a high near 100. Heat index values as high as 106. South southeast wind 5 to 10 mph, with gusts as high as 20 mph."
229,2026-09-14T06:55:46Z,KSAT,Tuesday Night,2026-09-15T18:00:00-05:00,0,76.0,Mostly Clear,"Mostly clear, with a low around 76. Southeast wind 5 to 15 mph, with gusts as high as 25 mph."
230,2026-09-14T06:55:46Z,KSAT,Wednesday,2026-09-16T06:00:00-05:00,1,98.0,Mostly Sunny,"Mostly sunny, with a high near 98. Southeast wind 5 to 10 mph."
231,2026-09-14T06:55:46Z,KSAT,Wednesday Night,2026-09-16T18:00:00-05:00,0,77.0,Partly Cloudy,"Partly cloudy, with a low around 77. East southeast wind 5 to 10 mph."
232,2026-09-14T06:55:46Z,KSAT,Thursday,2026-09-17T06:00:00-05:00,1,95.0,Chance Showers And Thunderstorms,"A chance of showers and thunderstorms after 7am. Partly sunny, with a high near 95. East northeast wind 5 to 10 mph. Chance of precipitation is 30%."
233,2026-09-14T06:55:46Z,KSAT,Thursday Night,2026-09-17T18:00:00-05:00,0,75.0,Chance Showers And Thunderstorms then Mostly Cloudy,"A chance of showers and thunderstorms before 7pm. Mostly cloudy, with a low around 75. East wind 5 to 10 mph, with gusts as high as 20 mph. Chance of precipitation is 30%."
234,2026-09-14T06:55:46Z,KSAT,Friday,2026-09-18T06:00:00-05:00,1,95.0,Slight Chance Rain Showers,"A slight chance of rain showers between 7am and 1pm. Mostly sunny, with a high near 95. Chance of precipitation is 20%."
235,2026-09-14T06:55:46Z,KSAT,Friday Night,2026-09-18T18:00:00-05:00,0,73.0,Mostly Clear,"Mostly clear, with a low around 73."
236,2026-09-14T06:55:46Z,KSAT,Saturday,2026-09-19T06:00:00-05:00,1,96.0,Sunny,"Sunny, with a high near 96."
237,2026-09-14T06:55:46Z,KSAT,Saturday Night,2026-09-19T18:00:00-05:00,0,74.0,Mostly Clear,"Mostly clear, with a low around 74."
238,2026-09-14T06:55:46Z,KSAT,Sunday,2026-09-20T06:00:00-05:00,1,96.0,Mostly Sunny,"Mostly sunny, with a high near 96."
239,2026-09-14T06:55:46Z,KSFO,Tonight,2026-09-13T23:00:00-07:00,0,56.0,Mostly Clear,"Mostly clear, with a low around 56. West wind 3 to 16 mph."
240,2026-09-14T06:55:46Z,KSFO,Monday,2026-09-14T06:00:00-07:00,1,75.0,Sunny,"Sunny. High near 75, with temperatures falling to around 71 in the afternoon. West wind 2 to 20 mph."
241,2026-09-14T06:55:46Z,KSFO,Monday Night,2026-09-14T18:00:00-07:00,0,57.0,Mostly Clear,"Mostly clear, with a low around 57. West southwest wind 8 to 18 mph."
242,2026-09-14T06:55:46Z,KSFO,Tuesday,2026-09-15T06:00:00-07:00,1,72.0,Mostly Sunny,"Mostly sunny, with a high near 72. West southwest wind 7 to 16 mph."
243,2026-09-14T06:55:46Z,KSFO,Tuesday Night,2026-09-15T18:00:00-07:00,0,58.0,Partly Cloudy,"Partly cloudy, with a low around 58. West southwest wind 12 to 16 mph."
244,2026-09-14T06:55:46Z,KSFO,Wednesday,2026-09-16T06:00:00-07:00,1,70.0,Mostly Sunny,"Mostly sunny, with a high near 70."
245,2026-09-14T06:55:46Z,KSFO,Wednesday Night,2026-09-16T18:00:00-07:00,0,59.0,Partly Cloudy,"Partly cloudy, with a low around 59."
246,2026-09-14T06:55:46Z,KSFO,Thursday,2026-09-17T06:00:00-07:00,1,74.0,Mostly Sunny,"Mostly sunny, with a high near 74."
247,2026-09-14T06:55:46Z,KSFO,Thursday Night,2026-09-17T18:00:00-07:00,0,59.0,Mostly Clear,"Mostly clear, with a low around 59."
248,2026-09-14T06:55:46Z,KSFO,Friday,2026-09-18T06:00:00-07:00,1,74.0,Sunny,"Sunny, with a high near 74."
249,2026-09-14T06:55:46Z,KSFO,Friday Night,2026-09-18T18:00:00-07:00,0,59.0,Partly Cloudy,"Partly cloudy, with a low around 59."
250,2026-09-14T06:55:46Z,KSFO,Saturday,2026-09-19T06:00:00-07:00,1,72.0,Mostly Sunny,"Mostly sunny, with a high near 72."
251,2026-09-14T06:55:46Z,KSFO,Saturday Night,2026-09-19T18:00:00-07:00,0,59.0,Partly Cloudy,"Partly cloudy, with a low around 59."
252,2026-09-14T06:55:46Z,KSFO,Sunday,2026-09-20T06:00:00-07:00,1,73.0,Mostly Sunny,"Mostly sunny, with a high near 73."
253,2026-09-14T06:55:46Z,KSEA,Tonight,2026-09-13T22:00:00-07:00,0,55.0,Mostly Cloudy,"Mostly cloudy, with a low around 55. South southwest wind 10 to 15 mph, with gusts as high as 22 mph."
254,2026-09-14T06:55:46Z,KSEA,Monday,2026-09-14T06:00:00-07:00,1,68.0,Mostly Cloudy,"Mostly cloudy, with a high near 68. South southwest wind 3 to 9 mph."
255,2026-09-14T06:55:46Z,KSEA,Monday Night,2026-09-14T18:00:00-07:00,0,54.0,Mostly Cloudy,"Mostly cloudy, with a low around 54. North wind around 3 mph."
256,2026-09-14T06:55:46Z,KSEA,Tuesday,2026-09-15T06:00:00-07:00,1,68.0,Partly Sunny,"Partly sunny, with a high near 68. North northeast wind 2 to 9 mph."
257,2026-09-14T06:55:46Z,KSEA,Tuesday Night,2026-09-15T18:00:00-07:00,0,52.0,Mostly Clear,"Mostly clear, with a low around 52. North northeast wind 5 to 9 mph."
258,2026-09-14T06:55:46Z,KSEA,Wednesday,2026-09-16T06:00:00-07:00,1,74.0,Sunny,"Sunny, with a high near 74."
259,2026-09-14T06:55:46Z,KSEA,Wednesday Night,2026-09-16T18:00:00-07:00,0,54.0,Mostly Clear,"Mostly clear, with a low around 54."
260,2026-09-14T06:55:46Z,KSEA,Thursday,2026-09-17T06:00:00-07:00,1,75.0,Sunny,"Sunny, with a high near 75."
261,2026-09-14T06:55:46Z,KSEA,Thursday Night,2026-09-17T18:00:00-07:00,0,55.0,Mostly Clear,"Mostly clear, with a low around 55."
262,2026-09-14T06:55:46Z,KSEA,Friday,2026-09-18T06:00:00-07:00,1,76.0,Sunny,"Sunny, with a high near 76."
263,2026-09-14T06:55:46Z,KSEA,Friday Night,2026-09-18T18:00:00-07:00,0,55.0,Mostly Clear,"Mostly clear, with a low around 55."
264,2026-09-14T06:55:46Z,KSEA,Saturday,2026-09-19T06:00:00-07:00,1,73.0,Mostly Sunny,"Mostly sunny, with a high near 73."
265,2026-09-14T06:55:46Z,KSEA,Saturday Night,2026-09-19T18:00:00-07:00,0,55.0,Partly Cloudy,"Partly cloudy, with a low around 55."
266,2026-09-14T06:55:46Z,KSEA,Sunday,2026-09-20T06:00:00-07:00,1,72.0,Mostly Sunny,"Mostly sunny, with a high near 72."
267,2026-09-14T06:55:46Z,KDCA,Overnight,2026-09-14T02:00:00-04:00,0,70.0,Partly Cloudy,"Partly cloudy, with a low around 70. Northwest wind 6 to 9 mph."
268,2026-09-14T06:55:46Z,KDCA,Monday,2026-09-14T06:00:00-04:00,1,82.0,Sunny,"Sunny, with a high near 82. North wind around 13 mph, with gusts as high as 20 mph."
269,2026-09-14T06:55:46Z,KDCA,Monday Night,2026-09-14T18:00:00-04:00,0,58.0,Mostly Clear,"Mostly clear, with a low around 58. North wind 6 to 10 mph."
270,2026-09-14T06:55:46Z,KDCA,Tuesday,2026-09-15T06:00:00-04:00,1,82.0,Sunny,"Sunny, with a high near 82. East wind 6 to 9 mph."
271,2026-09-14T06:55:46Z,KDCA,Tuesday Night,2026-09-15T18:00:00-04:00,0,62.0,Mostly Clear,"Mostly clear, with a low around 62. South wind 5 to 9 mph."
272,2026-09-14T06:55:46Z,KDCA,Wednesday,2026-09-16T06:00:00-04:00,1,86.0,Sunny,"Sunny, with a high near 86."
273,2026-09-14T06:55:46Z,KDCA,Wednesday Night,2026-09-16T18:00:00-04:00,0,67.0,Mostly Clear,"Mostly clear, with a low around 67."
274,2026-09-14T06:55:46Z,KDCA,Thursday,2026-09-17T06:00:00-04:00,1,88.0,Sunny,"Sunny, with a high near 88."
275,2026-09-14T06:55:46Z,KDCA,Thursday Night,2026-09-17T18:00:00-04:00,0,70.0,Partly Cloudy,"Partly cloudy, with a low around 70."
276,2026-09-14T06:55:46Z,KDCA,Friday,2026-09-18T06:00:00-04:00,1,89.0,Mostly Sunny then Slight Chance Rain Showers,"A slight chance of rain showers after 2pm. Mostly sunny, with a high near 89. Chance of precipitation is 20%."
277,2026-09-14T06:55:46Z,KDCA,Friday Night,2026-09-18T18:00:00-04:00,0,69.0,Chance Rain Showers,"A chance of rain showers before 2am. Partly cloudy, with a low around 69. Chance of precipitation is 30%."
278,2026-09-14T06:55:46Z,KDCA,Saturday,2026-09-19T06:00:00-04:00,1,86.0,Partly Sunny then Slight Chance Rain Showers,"A slight chance of rain showers after 2pm. Partly sunny, with a high near 86. Chance of precipitation is 20%."
279,2026-09-14T06:55:46Z,KDCA,Saturday Night,2026-09-19T18:00:00-04:00,0,69.0,Slight Chance Rain Showers,"A slight chance of rain showers. Mostly cloudy, with a low around 69. Chance of precipitation is 20%."
280,2026-09-14T06:55:46Z,KDCA,Sunday,2026-09-20T06:00:00-04:00,1,84.0,Chance Rain Showers,"A chance of rain showers. Partly sunny, with a high near 84."
