id,run_at,icao,period_name,start_time,is_daytime,temp_f,short_fcst,detailed_fcst
1,2026-07-22T00:59:45Z,KATL,Tonight,2026-07-21T19:00:00-04:00,0,75.0,Mostly Cloudy,"Mostly cloudy, with a low around 75. South wind 5 to 10 mph, with gusts as high as 20 mph."
2,2026-07-22T00:59:45Z,KATL,Wednesday,2026-07-22T06:00:00-04:00,1,90.0,Partly Sunny then Chance Showers And Thunderstorms,"A chance of showers and thunderstorms after 2pm. Partly sunny, with a high near 90. Heat index values as high as 98. South wind 5 to 10 mph, with gusts as high as 20 mph. Chance of precipitation is 50%."
3,2026-07-22T00:59:45Z,KATL,Wednesday Night,2026-07-22T18:00:00-04:00,0,75.0,Chance Showers And Thunderstorms then Partly Cloudy,"A chance of showers and thunderstorms before midnight. Partly cloudy, with a low around 75. South wind 5 to 10 mph, with gusts as high as 20 mph. Chance of precipitation is 50%."
4,2026-07-22T00:59:45Z,KATL,Thursday,2026-07-23T06:00:00-04:00,1,88.0,Showers And Thunderstorms Likely,"A slight chance of rain showers before 11am, then showers and thunderstorms likely. Partly sunny, with a high near 88. Southwest wind around 5 mph. Chance of precipitation is 70%."
5,2026-07-22T00:59:45Z,KATL,Thursday Night,2026-07-23T18:00:00-04:00,0,73.0,Showers And Thunderstorms Likely then Showers And Thunderstorms,"Showers and thunderstorms likely before 8pm, then showers and thunderstorms. Mostly cloudy, with a low around 73. North wind 0 to 5 mph. Chance of precipitation is 80%."
6,2026-07-22T00:59:45Z,KATL,Friday,2026-07-24T06:00:00-04:00,1,85.0,Showers And Thunderstorms Likely,"Showers and thunderstorms likely before 2pm, then showers and thunderstorms. Mostly cloudy, with a high near 85. Chance of precipitation is 80%."
7,2026-07-22T00:59:45Z,KATL,Friday Night,2026-07-24T18:00:00-04:00,0,73.0,Showers And Thunderstorms then Showers And Thunderstorms Likely,"Showers and thunderstorms before 8pm, then showers and thunderstorms likely. Mostly cloudy, with a low around 73. Chance of precipitation is 80%."
8,2026-07-22T00:59:45Z,KATL,Saturday,2026-07-25T06:00:00-04:00,1,82.0,Showers And Thunderstorms,"Showers and thunderstorms. Mostly cloudy, with a high near 82. Chance of precipitation is 80%."
9,2026-07-22T00:59:45Z,KATL,Saturday Night,2026-07-25T18:00:00-04:00,0,73.0,Showers And Thunderstorms then Chance Showers And Thunderstorms,"Showers and thunderstorms before 8pm, then a chance of showers and thunderstorms. Mostly cloudy, with a low around 73. Chance of precipitation is 80%."
10,2026-07-22T00:59:45Z,KATL,Sunday,2026-07-26T06:00:00-04:00,1,89.0,Chance Showers And Thunderstorms,"A chance of rain showers before 8am, then a chance of showers and thunderstorms. Mostly sunny, with a high near 89. Chance of precipitation is 30%."
11,2026-07-22T00:59:45Z,KATL,Sunday Night,2026-07-26T18:00:00-04:00,0,74.0,Chance Showers And Thunderstorms then Mostly Clear,"A chance of showers and thunderstorms before 8pm. Mostly clear, with a low around 74. Chance of precipitation is 30%."
12,2026-07-22T00:59:45Z,KATL,Monday,2026-07-27T06:00:00-04:00,1,92.0,Sunny then Slight Chance Showers And Thunderstorms,"A slight chance of showers and thunderstorms after 2pm. Sunny, with a high near 92. Chance of precipitation is 20%."
13,2026-07-22T00:59:45Z,KATL,Monday Night,2026-07-27T18:00:00-04:00,0,76.0,Slight Chance Showers And Thunderstorms then Partly Cloudy,"A slight chance of showers and thunderstorms before 8pm. Partly cloudy, with a low around 76. Chance of precipitation is 20%."
14,2026-07-22T00:59:45Z,KATL,Tuesday,2026-07-28T06:00:00-04:00,1,93.0,Mostly Sunny then Slight Chance Showers And Thunderstorms,"A slight chance of showers and thunderstorms after 2pm. Mostly sunny, with a high near 93."
15,2026-07-22T00:59:45Z,KAUS,Tonight,2026-07-21T19:00:00-05:00,0,80.0,Mostly Clear,"Mostly clear, with a low around 80. Heat index values as high as 102. South southwest wind 0 to 5 mph."
16,2026-07-22T00:59:45Z,KAUS,Wednesday,2026-07-22T06:00:00-05:00,1,102.0,Sunny,"Sunny, with a high near 102. Heat index values as high as 111. North northwest wind 0 to 5 mph."
17,2026-07-22T00:59:45Z,KAUS,Wednesday Night,2026-07-22T18:00:00-05:00,0,83.0,Mostly Clear,"Mostly clear, with a low around 83. Heat index values as high as 109. East northeast wind 0 to 5 mph."
18,2026-07-22T00:59:45Z,KAUS,Thursday,2026-07-23T06:00:00-05:00,1,99.0,Sunny,"Sunny, with a high near 99. Heat index values as high as 108. Northeast wind 5 to 10 mph."
19,2026-07-22T00:59:45Z,KAUS,Thursday Night,2026-07-23T18:00:00-05:00,0,81.0,Mostly Clear,"Mostly clear, with a low around 81. East southeast wind 5 to 10 mph."
20,2026-07-22T00:59:45Z,KAUS,Friday,2026-07-24T06:00:00-05:00,1,98.0,Sunny,"Sunny, with a high near 98. South wind 5 to 10 mph."
21,2026-07-22T00:59:45Z,KAUS,Friday Night,2026-07-24T18:00:00-05:00,0,79.0,Mostly Clear,"Mostly clear, with a low around 79. South wind 5 to 10 mph."
22,2026-07-22T00:59:45Z,KAUS,Saturday,2026-07-25T06:00:00-05:00,1,98.0,Sunny,"Sunny, with a high near 98. South wind 5 to 10 mph."
23,2026-07-22T00:59:45Z,KAUS,Saturday Night,2026-07-25T18:00:00-05:00,0,78.0,Mostly Clear,"Mostly clear, with a low around 78. South wind around 10 mph, with gusts as high as 20 mph."
24,2026-07-22T00:59:45Z,KAUS,Sunday,2026-07-26T06:00:00-05:00,1,97.0,Mostly Sunny,"Mostly sunny, with a high near 97."
25,2026-07-22T00:59:45Z,KAUS,Sunday Night,2026-07-26T18:00:00-05:00,0,76.0,Mostly Clear,"Mostly clear, with a low around 76."
26,2026-07-22T00:59:45Z,KAUS,Monday,2026-07-27T06:00:00-05:00,1,97.0,Sunny,"Sunny, with a high near 97."
27,2026-07-22T00:59:45Z,KAUS,Monday Night,2026-07-27T18:00:00-05:00,0,76.0,Mostly Clear,"Mostly clear, with a low around 76."
28,2026-07-22T00:59:45Z,KAUS,Tuesday,2026-07-28T06:00:00-05:00,1,98.0,Sunny,"Sunny, with a high near 98."
29,2026-07-22T00:59:45Z,KBOS,Tonight,2026-07-21T18:00:00-04:00,0,69.0,Showers And Thunderstorms,"Showers and thunderstorms before 4am, then patchy fog and a chance of showers and thunderstorms. Some of the storms could produce heavy rain. Cloudy, with a low around 69. South wind 9 to 14 mph. Chance of precipitation is 90%. New rainfall amounts between 1 and 2 inches possible."
30,2026-07-22T00:59:45Z,KBOS,Wednesday,2026-07-22T06:00:00-04:00,1,83.0,Patchy Fog then Chance Showers And Thunderstorms,"Patchy fog and a chance of showers and thunderstorms before 10am, then a chance of showers and thunderstorms between 10am and 5pm, then a chance of showers and thunderstorms. Partly sunny, with a high near 83. Southwest wind around 13 mph. Chance of precipitation is 40%. New rainfall amounts between a tenth and quarter of an inch possible."
31,2026-07-22T00:59:45Z,KBOS,Wednesday Night,2026-07-22T18:00:00-04:00,0,64.0,Chance Showers And Thunderstorms then Partly Cloudy,"A chance of showers and thunderstorms before midnight. Partly cloudy, with a low around 64. West wind 6 to 12 mph. Chance of precipitation is 40%. New rainfall amounts between a tenth and quarter of an inch possible."
32,2026-07-22T00:59:45Z,KBOS,Thursday,2026-07-23T06:00:00-04:00,1,78.0,Sunny,"Sunny, with a high near 78. North wind around 7 mph."
33,2026-07-22T00:59:45Z,KBOS,Thursday Night,2026-07-23T18:00:00-04:00,0,63.0,Clear,"Clear, with a low around 63. Southwest wind around 5 mph."
34,2026-07-22T00:59:45Z,KBOS,Friday,2026-07-24T06:00:00-04:00,1,78.0,Sunny,"Sunny, with a high near 78. North wind 2 to 9 mph."
35,2026-07-22T00:59:45Z,KBOS,Friday Night,2026-07-24T18:00:00-04:00,0,63.0,Mostly Clear,"Mostly clear, with a low around 63. South wind 2 to 8 mph."
36,2026-07-22T00:59:45Z,KBOS,Saturday,2026-07-25T06:00:00-04:00,1,72.0,Sunny,"Sunny, with a high near 72. Northeast wind 2 to 10 mph."
37,2026-07-22T00:59:45Z,KBOS,Saturday Night,2026-07-25T18:00:00-04:00,0,64.0,Partly Cloudy,"Partly cloudy, with a low around 64. Northeast wind 2 to 8 mph."
38,2026-07-22T00:59:45Z,KBOS,Sunday,2026-07-26T06:00:00-04:00,1,75.0,Mostly Sunny,"Mostly sunny, with a high near 75. Northeast wind 3 to 9 mph."
39,2026-07-22T00:59:45Z,KBOS,Sunday Night,2026-07-26T18:00:00-04:00,0,65.0,Partly Cloudy,"Partly cloudy, with a low around 65. South wind 5 to 8 mph."
40,2026-07-22T00:59:45Z,KBOS,Monday,2026-07-27T06:00:00-04:00,1,79.0,Chance Showers And Thunderstorms,"A slight chance of rain showers between 8am and 2pm, then a chance of showers and thunderstorms. Mostly sunny, with a high near 79. South wind 5 to 9 mph. Chance of precipitation is 40%."
41,2026-07-22T00:59:45Z,KBOS,Monday Night,2026-07-27T18:00:00-04:00,0,66.0,Chance Showers And Thunderstorms,"A chance of showers and thunderstorms before 2am, then a slight chance of showers and thunderstorms. Mostly cloudy, with a low around 66. Southwest wind 5 to 8 mph. Chance of precipitation is 40%."
42,2026-07-22T00:59:45Z,KBOS,Tuesday,2026-07-28T06:00:00-04:00,1,79.0,Slight Chance Showers And Thunderstorms,"A slight chance of showers and thunderstorms before 2pm, then a chance of showers and thunderstorms. Mostly sunny, with a high near 79. South wind 5 to 9 mph."
43,2026-07-22T00:59:45Z,KMDW,Tonight,2026-07-21T19:00:00-05:00,0,61.0,Scattered Rain Showers,"Scattered rain showers before 1am. Mostly cloudy, with a low around 61. North wind 10 to 15 mph, with gusts as high as 30 mph. Chance of precipitation is 40%. New rainfall amounts less than a tenth of an inch possible."
44,2026-07-22T00:59:45Z,KMDW,Wednesday,2026-07-22T06:00:00-05:00,1,74.0,Mostly Sunny,"Mostly sunny. High near 74, with temperatures falling to around 72 in the afternoon. North wind 10 to 15 mph."
45,2026-07-22T00:59:45Z,KMDW,Wednesday Night,2026-07-22T18:00:00-05:00,0,60.0,Mostly Clear,"Mostly clear, with a low around 60. North northwest wind 0 to 10 mph."
46,2026-07-22T00:59:45Z,KMDW,Thursday,2026-07-23T06:00:00-05:00,1,80.0,Sunny,"Sunny, with a high near 80. South southwest wind 0 to 10 mph."
47,2026-07-22T00:59:45Z,KMDW,Thursday Night,2026-07-23T18:00:00-05:00,0,64.0,Partly Cloudy,"Partly cloudy, with a low around 64. South wind 0 to 10 mph."
48,2026-07-22T00:59:45Z,KMDW,Friday,2026-07-24T06:00:00-05:00,1,82.0,Mostly Sunny,"Mostly sunny, with a high near 82."
49,2026-07-22T00:59:45Z,KMDW,Friday Night,2026-07-24T18:00:00-05:00,0,65.0,Mostly Clear,"Mostly clear, with a low around 65."
50,2026-07-22T00:59:45Z,KMDW,Saturday,2026-07-25T06:00:00-05:00,1,83.0,Sunny,"Sunny, with a high near 83."
51,2026-07-22T00:59:45Z,KMDW,Saturday Night,2026-07-25T18:00:00-05:00,0,71.0,Partly Cloudy then Slight Chance Showers And Thunderstorms,"A slight chance of showers and thunderstorms after 1am. Partly cloudy, with a low around 71."
52,2026-07-22T00:59:45Z,KMDW,Sunday,2026-07-26T06:00:00-05:00,1,91.0,Slight Chance Showers And Thunderstorms then Mostly Sunny,"A slight chance of showers and thunderstorms before 7am. Mostly sunny, with a high near 91."
53,2026-07-22T00:59:45Z,KMDW,Sunday Night,2026-07-26T18:00:00-05:00,0,75.0,Chance Showers And Thunderstorms,"A chance of showers and thunderstorms after 7pm. Partly cloudy, with a low around 75."
54,2026-07-22T00:59:45Z,KMDW,Monday,2026-07-27T06:00:00-05:00,1,90.0,Slight Chance Showers And Thunderstorms,"A chance of rain showers before 7am, then a slight chance of showers and thunderstorms. Mostly sunny, with a high near 90."
55,2026-07-22T00:59:45Z,KMDW,Monday Night,2026-07-27T18:00:00-05:00,0,73.0,Slight Chance Showers And Thunderstorms,"A slight chance of showers and thunderstorms. Partly cloudy, with a low around 73."
56,2026-07-22T00:59:45Z,KMDW,Tuesday,2026-07-28T06:00:00-05:00,1,86.0,Slight Chance Showers And Thunderstorms then Mostly Sunny,"A slight chance of showers and thunderstorms before 7am. Mostly sunny, with a high near 86."
57,2026-07-22T00:59:45Z,KDFW,Tonight,2026-07-21T19:00:00-05:00,0,84.0,Clear,"Clear. Low around 84, with temperatures rising to around 86 overnight. Heat index values as high as 110. South southeast wind 0 to 5 mph."
58,2026-07-22T00:59:45Z,KDFW,Wednesday,2026-07-22T06:00:00-05:00,1,104.0,Sunny,"Sunny, with a high near 104. Heat index values as high as 114. Northeast wind 0 to 10 mph."
59,2026-07-22T00:59:45Z,KDFW,Wednesday Night,2026-07-22T18:00:00-05:00,0,81.0,Mostly Clear,"Mostly clear. Low around 81, with temperatures rising to around 83 overnight. Heat index values as high as 112. East northeast wind 5 to 10 mph."
60,2026-07-22T00:59:45Z,KDFW,Thursday,2026-07-23T06:00:00-05:00,1,100.0,Sunny,"Sunny, with a high near 100. Heat index values as high as 106. East wind 5 to 10 mph."
61,2026-07-22T00:59:45Z,KDFW,Thursday Night,2026-07-23T18:00:00-05:00,0,81.0,Mostly Clear,"Mostly clear. Low around 81, with temperatures rising to around 83 overnight. East southeast wind 5 to 10 mph."
62,2026-07-22T00:59:45Z,KDFW,Friday,2026-07-24T06:00:00-05:00,1,102.0,Sunny,"Sunny, with a high near 102. South southeast wind around 10 mph."
63,2026-07-22T00:59:45Z,KDFW,Friday Night,2026-07-24T18:00:00-05:00,0,82.0,Mostly Clear,"Mostly clear, with a low around 82. South wind around 10 mph."
64,2026-07-22T00:59:45Z,KDFW,Saturday,2026-07-25T06:00:00-05:00,1,102.0,Mostly Sunny,"Mostly sunny, with a high near 102. South wind around 10 mph."
65,2026-07-22T00:59:45Z,KDFW,Saturday Night,2026-07-25T18:00:00-05:00,0,82.0,Partly Cloudy,"Partly cloudy, with a low around 82. South wind around 10 mph, with gusts as high as 20 mph."
66,2026-07-22T00:59:45Z,KDFW,Sunday,2026-07-26T06:00:00-05:00,1,102.0,Sunny,"Sunny, with a high near 102."
67,2026-07-22T00:59:45Z,KDFW,Sunday Night,2026-07-26T18:00:00-05:00,0,82.0,Clear,"Clear, with a low around 82."
68,2026-07-22T00:59:45Z,KDFW,Monday,2026-07-27T06:00:00-05:00,1,104.0,Sunny,"Sunny, with a high near 104."
69,2026-07-22T00:59:45Z,KDFW,Monday Night,2026-07-27T18:00:00-05:00,0,82.0,Mostly Clear,"Mostly clear, with a low around 82."
70,2026-07-22T00:59:45Z,KDFW,Tuesday,2026-07-28T06:00:00-05:00,1,105.0,Sunny,"Sunny, with a high near 105."
71,2026-07-22T00:59:45Z,KDEN,Tonight,2026-07-21T19:00:00-06:00,0,69.0,Chance Showers And Thunderstorms,"A chance of showers and thunderstorms before 3am. Partly cloudy. Low around 69, with temperatures rising to around 73 overnight. South southeast wind 13 to 18 mph, with gusts as high as 30 mph. Chance of precipitation is 30%. New rainfall amounts less than a tenth of an inch possible."
72,2026-07-22T00:59:45Z,KDEN,Wednesday,2026-07-22T06:00:00-06:00,1,94.0,Mostly Sunny then Chance Showers And Thunderstorms,"A chance of showers and thunderstorms between noon and 3pm, then a chance of showers and thunderstorms. Mostly sunny. High near 94, with temperatures falling to around 88 in the afternoon. West northwest wind 6 to 13 mph, with gusts as high as 21 mph. Chance of precipitation is 50%. New rainfall amounts less than a tenth of an inch possible."
73,2026-07-22T00:59:45Z,KDEN,Wednesday Night,2026-07-22T18:00:00-06:00,0,65.0,Chance Showers And Thunderstorms,"A chance of showers and thunderstorms before 9pm, then a chance of showers and thunderstorms between 9pm and 3am. Mostly cloudy. Low around 65, with temperatures rising to around 68 overnight. Northwest wind 3 to 12 mph, with gusts as high as 18 mph. Chance of precipitation is 40%."
74,2026-07-22T00:59:45Z,KDEN,Thursday,2026-07-23T06:00:00-06:00,1,89.0,Partly Sunny then Showers And Thunderstorms Likely,"Showers and thunderstorms likely after noon. Partly sunny, with a high near 89. North northwest wind around 5 mph. Chance of precipitation is 70%."
75,2026-07-22T00:59:45Z,KDEN,Thursday Night,2026-07-23T18:00:00-06:00,0,63.0,Chance Showers And Thunderstorms then Partly Cloudy,"A chance of showers and thunderstorms before 9pm, then a chance of showers and thunderstorms between 9pm and midnight. Partly cloudy, with a low around 63. South wind around 5 mph. Chance of precipitation is 50%."
76,2026-07-22T00:59:45Z,KDEN,Friday,2026-07-24T06:00:00-06:00,1,93.0,Sunny,"Sunny, with a high near 93."
77,2026-07-22T00:59:45Z,KDEN,Friday Night,2026-07-24T18:00:00-06:00,0,67.0,Partly Cloudy,"Partly cloudy, with a low around 67."
78,2026-07-22T00:59:45Z,KDEN,Saturday,2026-07-25T06:00:00-06:00,1,98.0,Sunny,"Sunny, with a high near 98."
79,2026-07-22T00:59:45Z,KDEN,Saturday Night,2026-07-25T18:00:00-06:00,0,68.0,Slight Chance Showers And Thunderstorms then Partly Cloudy,"A slight chance of showers and thunderstorms before midnight. Partly cloudy, with a low around 68."
80,2026-07-22T00:59:45Z,KDEN,Sunday,2026-07-26T06:00:00-06:00,1,98.0,Sunny,"Sunny, with a high near 98."
81,2026-07-22T00:59:45Z,KDEN,Sunday Night,2026-07-26T18:00:00-06:00,0,70.0,Chance Showers And Thunderstorms then Partly Cloudy,"A chance of showers and thunderstorms before midnight. Partly cloudy, with a low around 70."
82,2026-07-22T00:59:45Z,KDEN,Monday,2026-07-27T06:00:00-06:00,1,98.0,Mostly Sunny then Chance Showers And Thunderstorms,"A chance of showers and thunderstorms after noon. Mostly sunny, with a high near 98."
83,2026-07-22T00:59:45Z,KDEN,Monday Night,2026-07-27T18:00:00-06:00,0,68.0,Chance Showers And Thunderstorms then Mostly Cloudy,"A chance of showers and thunderstorms before midnight. Mostly cloudy, with a low around 68."
84,2026-07-22T00:59:45Z,KDEN,Tuesday,2026-07-28T06:00:00-06:00,1,96.0,Mostly Sunny then Chance Showers And Thunderstorms,"A chance of showers and thunderstorms after noon. Mostly sunny, with a high near 96."
85,2026-07-22T00:59:45Z,KIAH,Tonight,2026-07-21T19:00:00-05:00,0,80.0,Mostly Clear,"Mostly clear, with a low around 80. Heat index values as high as 106. West wind 5 to 10 mph."
86,2026-07-22T00:59:45Z,KIAH,Wednesday,2026-07-22T06:00:00-05:00,1,104.0,Sunny,"Sunny, with a high near 104. Heat index values as high as 118. Northwest wind around 5 mph."
87,2026-07-22T00:59:45Z,KIAH,Wednesday Night,2026-07-22T18:00:00-05:00,0,82.0,Partly Cloudy,"Partly cloudy, with a low around 82. Heat index values as high as 116. North wind around 5 mph."
88,2026-07-22T00:59:45Z,KIAH,Thursday,2026-07-23T06:00:00-05:00,1,100.0,Sunny,"Sunny, with a high near 100. Heat index values as high as 112. Northeast wind around 5 mph."
89,2026-07-22T00:59:45Z,KIAH,Thursday Night,2026-07-23T18:00:00-05:00,0,82.0,Partly Cloudy,"Partly cloudy, with a low around 82. Southeast wind 5 to 15 mph, with gusts as high as 25 mph."
90,2026-07-22T00:59:45Z,KIAH,Friday,2026-07-24T06:00:00-05:00,1,98.0,Mostly Sunny,"Mostly sunny, with a high near 98."
91,2026-07-22T00:59:45Z,KIAH,Friday Night,2026-07-24T18:00:00-05:00,0,81.0,Partly Cloudy,"Partly cloudy, with a low around 81."
92,2026-07-22T00:59:45Z,KIAH,Saturday,2026-07-25T06:00:00-05:00,1,98.0,Mostly Sunny,"Mostly sunny, with a high near 98."
93,2026-07-22T00:59:45Z,KIAH,Saturday Night,2026-07-25T18:00:00-05:00,0,80.0,Partly Cloudy,"Partly cloudy, with a low around 80."
94,2026-07-22T00:59:45Z,KIAH,Sunday,2026-07-26T06:00:00-05:00,1,98.0,Sunny,"Sunny, with a high near 98."
95,2026-07-22T00:59:45Z,KIAH,Sunday Night,2026-07-26T18:00:00-05:00,0,79.0,Mostly Clear,"Mostly clear, with a low around 79."
96,2026-07-22T00:59:45Z,KIAH,Monday,2026-07-27T06:00:00-05:00,1,99.0,Sunny,"Sunny, with a high near 99."
97,2026-07-22T00:59:45Z,KIAH,Monday Night,2026-07-27T18:00:00-05:00,0,79.0,Mostly Clear,"Mostly clear, with a low around 79."
98,2026-07-22T00:59:45Z,KIAH,Tuesday,2026-07-28T06:00:00-05:00,1,100.0,Sunny,"Sunny, with a high near 100."
99,2026-07-22T00:59:45Z,KLAS,This Afternoon,2026-07-21T17:00:00-07:00,1,105.0,Mostly Sunny,"Mostly sunny. High near 105, with temperatures falling to around 103 in the afternoon. South wind around 8 mph."
100,2026-07-22T00:59:45Z,KLAS,Tonight,2026-07-21T18:00:00-07:00,0,88.0,Partly Cloudy,"Partly cloudy. Low around 88, with temperatures rising to around 90 overnight. Southwest wind 3 to 8 mph."
101,2026-07-22T00:59:45Z,KLAS,Wednesday,2026-07-22T06:00:00-07:00,1,107.0,Sunny,"Sunny, with a high near 107. Heat index values as high as 105. East wind 2 to 6 mph."
102,2026-07-22T00:59:45Z,KLAS,Wednesday Night,2026-07-22T18:00:00-07:00,0,89.0,Mostly Clear,"Mostly clear, with a low around 89. Southwest wind around 7 mph."
103,2026-07-22T00:59:45Z,KLAS,Thursday,2026-07-23T06:00:00-07:00,1,109.0,Sunny,"Sunny, with a high near 109. South southeast wind 2 to 6 mph."
104,2026-07-22T00:59:45Z,KLAS,Thursday Night,2026-07-23T18:00:00-07:00,0,91.0,Mostly Clear,"Mostly clear, with a low around 91."
105,2026-07-22T00:59:45Z,KLAS,Friday,2026-07-24T06:00:00-07:00,1,110.0,Slight Chance Showers And Thunderstorms,"A slight chance of showers and thunderstorms after 11am. Sunny, with a high near 110."
106,2026-07-22T00:59:45Z,KLAS,Friday Night,2026-07-24T18:00:00-07:00,0,91.0,Slight Chance Showers And Thunderstorms then Mostly Clear,"A slight chance of showers and thunderstorms before 11pm. Mostly clear, with a low around 91."
107,2026-07-22T00:59:45Z,KLAS,Saturday,2026-07-25T06:00:00-07:00,1,111.0,Sunny,"Sunny, with a high near 111."
108,2026-07-22T00:59:45Z,KLAS,Saturday Night,2026-07-25T18:00:00-07:00,0,91.0,Mostly Clear,"Mostly clear, with a low around 91."
109,2026-07-22T00:59:45Z,KLAS,Sunday,2026-07-26T06:00:00-07:00,1,111.0,Sunny,"Sunny, with a high near 111."
110,2026-07-22T00:59:45Z,KLAS,Sunday Night,2026-07-26T18:00:00-07:00,0,92.0,Mostly Clear,"Mostly clear, with a low around 92."
111,2026-07-22T00:59:45Z,KLAS,Monday,2026-07-27T06:00:00-07:00,1,111.0,Sunny,"Sunny, with a high near 111."
112,2026-07-22T00:59:45Z,KLAS,Monday Night,2026-07-27T18:00:00-07:00,0,90.0,Mostly Clear,"Mostly clear, with a low around 90."
113,2026-07-22T00:59:45Z,KLAX,This Afternoon,2026-07-21T15:00:00-07:00,1,81.0,Sunny,"Sunny, with a high near 81. West southwest wind around 15 mph, with gusts as high as 20 mph."
114,2026-07-22T00:59:45Z,KLAX,Tonight,2026-07-21T18:00:00-07:00,0,68.0,Patchy Fog,"Patchy fog after 11pm. Mostly cloudy, with a low around 68. Southwest wind 5 to 15 mph, with gusts as high as 20 mph."
115,2026-07-22T00:59:45Z,KLAX,Wednesday,2026-07-22T06:00:00-07:00,1,79.0,Patchy Fog then Mostly Sunny,"Patchy fog before 11am. Mostly sunny, with a high near 79. South southwest wind 0 to 15 mph, with gusts as high as 25 mph."
116,2026-07-22T00:59:45Z,KLAX,Wednesday Night,2026-07-22T18:00:00-07:00,0,67.0,Partly Cloudy,"Partly cloudy, with a low around 67. South wind 5 to 15 mph."
117,2026-07-22T00:59:45Z,KLAX,Thursday,2026-07-23T06:00:00-07:00,1,81.0,Sunny,"Sunny, with a high near 81. Southwest wind 5 to 15 mph, with gusts as high as 20 mph."
118,2026-07-22T00:59:45Z,KLAX,Thursday Night,2026-07-23T18:00:00-07:00,0,69.0,Patchy Fog,"Patchy fog after 11pm. Mostly cloudy, with a low around 69."
119,2026-07-22T00:59:45Z,KLAX,Friday,2026-07-24T06:00:00-07:00,1,81.0,Patchy Fog then Mostly Sunny,"Patchy fog before 11am. Mostly sunny, with a high near 81."
120,2026-07-22T00:59:45Z,KLAX,Friday Night,2026-07-24T18:00:00-07:00,0,69.0,Partly Cloudy,"Partly cloudy, with a low around 69."
121,2026-07-22T00:59:45Z,KLAX,Saturday,2026-07-25T06:00:00-07:00,1,78.0,Sunny,"Sunny, with a high near 78."
122,2026-07-22T00:59:45Z,KLAX,Saturday Night,2026-07-25T18:00:00-07:00,0,68.0,Partly Cloudy,"Partly cloudy, with a low around 68."
123,2026-07-22T00:59:45Z,KLAX,Sunday,2026-07-26T06:00:00-07:00,1,78.0,Sunny,"Sunny, with a high near 78."
124,2026-07-22T00:59:45Z,KLAX,Sunday Night,2026-07-26T18:00:00-07:00,0,70.0,Partly Cloudy,"Partly cloudy, with a low around 70."
125,2026-07-22T00:59:45Z,KLAX,Monday,2026-07-27T06:00:00-07:00,1,79.0,Mostly Sunny,"Mostly sunny, with a high near 79."
126,2026-07-22T00:59:45Z,KLAX,Monday Night,2026-07-27T18:00:00-07:00,0,69.0,Partly Cloudy,"Partly cloudy, with a low around 69."
127,2026-07-22T00:59:45Z,KMIA,Tonight,2026-07-21T21:00:00-04:00,0,81.0,Mostly Clear then Slight Chance Showers And Thunderstorms,"A slight chance of showers and thunderstorms after 4am. Mostly clear, with a low around 81. Southeast wind 6 to 9 mph. Chance of precipitation is 20%. New rainfall amounts less than a tenth of an inch possible."
128,2026-07-22T00:59:45Z,KMIA,Wednesday,2026-07-22T06:00:00-04:00,1,93.0,Chance Showers And Thunderstorms,"A chance of showers and thunderstorms before 2pm. Mostly sunny, with a high near 93. Heat index values as high as 101. Southeast wind 7 to 14 mph, with gusts as high as 21 mph. Chance of precipitation is 30%. New rainfall amounts less than a tenth of an inch possible."
129,2026-07-22T00:59:45Z,KMIA,Wednesday Night,2026-07-22T18:00:00-04:00,0,81.0,Mostly Clear,"Mostly clear, with a low around 81. East wind 7 to 12 mph."
130,2026-07-22T00:59:45Z,KMIA,Thursday,2026-07-23T06:00:00-04:00,1,94.0,Slight Chance Showers And Thunderstorms then Sunny,"A slight chance of showers and thunderstorms between 9am and 11am. Sunny, with a high near 94. Heat index values as high as 101. East wind 7 to 14 mph, with gusts as high as 22 mph. Chance of precipitation is 20%."
131,2026-07-22T00:59:45Z,KMIA,Thursday Night,2026-07-23T18:00:00-04:00,0,81.0,Chance Showers And Thunderstorms,"A chance of showers and thunderstorms after 8pm. Partly cloudy, with a low around 81. East wind 7 to 14 mph, with gusts as high as 21 mph. Chance of precipitation is 30%."
132,2026-07-22T00:59:45Z,KMIA,Friday,2026-07-24T06:00:00-04:00,1,93.0,Chance Showers And Thunderstorms,"A chance of showers and thunderstorms. Mostly sunny, with a high near 93. East wind 7 to 12 mph. Chance of precipitation is 40%."
133,2026-07-22T00:59:45Z,KMIA,Friday Night,2026-07-24T18:00:00-04:00,0,81.0,Chance Showers And Thunderstorms,"A chance of showers and thunderstorms. Partly cloudy, with a low around 81. Southeast wind 3 to 12 mph. Chance of precipitation is 40%."
134,2026-07-22T00:59:45Z,KMIA,Saturday,2026-07-25T06:00:00-04:00,1,94.0,Chance Showers And Thunderstorms,"A chance of showers and thunderstorms. Mostly sunny, with a high near 94. Southeast wind 0 to 10 mph. Chance of precipitation is 50%."
135,2026-07-22T00:59:45Z,KMIA,Saturday Night,2026-07-25T18:00:00-04:00,0,80.0,Chance Showers And Thunderstorms then Partly Cloudy,"A chance of showers and thunderstorms before 8pm. Partly cloudy, with a low around 80. South wind 1 to 9 mph. Chance of precipitation is 50%."
136,2026-07-22T00:59:45Z,KMIA,Sunday,2026-07-26T06:00:00-04:00,1,94.0,Mostly Sunny then Showers And Thunderstorms Likely,"Showers and thunderstorms likely after 2pm. Mostly sunny, with a high near 94. Chance of precipitation is 70%."
137,2026-07-22T00:59:45Z,KMIA,Sunday Night,2026-07-26T18:00:00-04:00,0,79.0,Showers And Thunderstorms Likely,"Showers and thunderstorms likely before 2am. Partly cloudy, with a low around 79. Chance of precipitation is 70%."
138,2026-07-22T00:59:45Z,KMIA,Monday,2026-07-27T06:00:00-04:00,1,94.0,Showers And Thunderstorms Likely,"Showers and thunderstorms likely after 8am. Mostly sunny, with a high near 94. Chance of precipitation is 60%."
139,2026-07-22T00:59:45Z,KMIA,Monday Night,2026-07-27T18:00:00-04:00,0,79.0,Showers And Thunderstorms Likely then Partly Cloudy,"Showers and thunderstorms likely before 8pm. Partly cloudy, with a low around 79. Chance of precipitation is 60%."
140,2026-07-22T00:59:45Z,KMIA,Tuesday,2026-07-28T06:00:00-04:00,1,93.0,Chance Showers And Thunderstorms,"A chance of showers and thunderstorms after 8am. Mostly sunny, with a high near 93."
141,2026-07-22T00:59:45Z,KMSP,Tonight,2026-07-21T19:00:00-05:00,0,59.0,Mostly Clear,"Mostly clear, with a low around 59. North wind 0 to 15 mph."
142,2026-07-22T00:59:45Z,KMSP,Wednesday,2026-07-22T06:00:00-05:00,1,79.0,Sunny,"Sunny, with a high near 79. North northwest wind 0 to 5 mph."
143,2026-07-22T00:59:45Z,KMSP,Wednesday Night,2026-07-22T18:00:00-05:00,0,60.0,Clear,"Clear, with a low around 60. South southwest wind around 5 mph."
144,2026-07-22T00:59:45Z,KMSP,Thursday,2026-07-23T06:00:00-05:00,1,84.0,Sunny,"Sunny, with a high near 84. Southwest wind 5 to 10 mph."
145,2026-07-22T00:59:45Z,KMSP,Thursday Night,2026-07-23T18:00:00-05:00,0,66.0,Partly Cloudy,"Partly cloudy, with a low around 66. South southwest wind 10 to 15 mph."
146,2026-07-22T00:59:45Z,KMSP,Friday,2026-07-24T06:00:00-05:00,1,85.0,Sunny,"Sunny, with a high near 85. South southwest wind 10 to 15 mph."
147,2026-07-22T00:59:45Z,KMSP,Friday Night,2026-07-24T18:00:00-05:00,0,67.0,Mostly Clear,"Mostly clear, with a low around 67. South southwest wind 10 to 15 mph."
148,2026-07-22T00:59:45Z,KMSP,Saturday,2026-07-25T06:00:00-05:00,1,93.0,Sunny,"Sunny, with a high near 93. Southwest wind around 10 mph."
149,2026-07-22T00:59:45Z,KMSP,Saturday Night,2026-07-25T18:00:00-05:00,0,73.0,Slight Chance Showers And Thunderstorms,"A slight chance of showers and thunderstorms after 7pm. Mostly clear, with a low around 73. Southwest wind 5 to 10 mph. Chance of precipitation is 20%."
150,2026-07-22T00:59:45Z,KMSP,Sunday,2026-07-26T06:00:00-05:00,1,95.0,Slight Chance Showers And Thunderstorms then Sunny,"A slight chance of showers and thunderstorms before 7am. Sunny, with a high near 95. South southwest wind 5 to 10 mph. Chance of precipitation is 20%."
151,2026-07-22T00:59:45Z,KMSP,Sunday Night,2026-07-26T18:00:00-05:00,0,72.0,Slight Chance Showers And Thunderstorms,"A slight chance of showers and thunderstorms after 7pm. Mostly clear, with a low around 72. South southwest wind 5 to 10 mph. Chance of precipitation is 20%."
152,2026-07-22T00:59:45Z,KMSP,Monday,2026-07-27T06:00:00-05:00,1,94.0,Slight Chance Showers And Thunderstorms then Sunny,"A slight chance of showers and thunderstorms before 7am. Sunny, with a high near 94. Northwest wind 5 to 10 mph. Chance of precipitation is 20%."
153,2026-07-22T00:59:45Z,KMSP,Monday Night,2026-07-27T18:00:00-05:00,0,68.0,Mostly Clear,"Mostly clear, with a low around 68. North northeast wind 5 to 10 mph."
154,2026-07-22T00:59:45Z,KMSP,Tuesday,2026-07-28T06:00:00-05:00,1,91.0,Sunny,"Sunny, with a high near 91. North northeast wind around 5 mph."
155,2026-07-22T00:59:45Z,KMSY,Tonight,2026-07-21T18:00:00-05:00,0,81.0,Chance Showers And Thunderstorms then Mostly Clear,"A chance of showers and thunderstorms before 10pm. Mostly clear, with a low around 81. Heat index values as high as 107. North wind around 10 mph. Chance of precipitation is 50%. New rainfall amounts less than a tenth of an inch possible."
156,2026-07-22T00:59:45Z,KMSY,Wednesday,2026-07-22T06:00:00-05:00,1,96.0,Mostly Sunny then Slight Chance Showers And Thunderstorms,"A slight chance of showers and thunderstorms after noon. Mostly sunny. High near 96, with temperatures falling to around 94 in the afternoon. Heat index values as high as 111. North wind 10 to 15 mph. Chance of precipitation is 20%. New rainfall amounts less than a tenth of an inch possible."
157,2026-07-22T00:59:45Z,KMSY,Wednesday Night,2026-07-22T18:00:00-05:00,0,81.0,Chance Showers And Thunderstorms then Showers And Thunderstorms Likely,"A chance of showers and thunderstorms before 10pm, then showers and thunderstorms likely. Mostly cloudy, with a low around 81. Heat index values as high as 109. East wind around 15 mph, with gusts as high as 35 mph. Chance of precipitation is 60%. New rainfall amounts less than a tenth of an inch possible."
158,2026-07-22T00:59:45Z,KMSY,Thursday,2026-07-23T06:00:00-05:00,1,92.0,Showers And Thunderstorms Likely,"Showers and thunderstorms likely before 1pm, then a chance of showers and thunderstorms. Mostly sunny, with a high near 92. Heat index values as high as 105. Southeast wind around 15 mph, with gusts as high as 35 mph. Chance of precipitation is 60%."
159,2026-07-22T00:59:45Z,KMSY,Thursday Night,2026-07-23T18:00:00-05:00,0,80.0,Chance Showers And Thunderstorms,"A chance of showers and thunderstorms. Partly cloudy, with a low around 80. South wind 10 to 15 mph. Chance of precipitation is 50%."
160,2026-07-22T00:59:45Z,KMSY,Friday,2026-07-24T06:00:00-05:00,1,92.0,Chance Showers And Thunderstorms,"A chance of showers and thunderstorms before 10am, then a chance of showers and thunderstorms. Mostly sunny, with a high near 92. Southwest wind 5 to 10 mph. Chance of precipitation is 40%."
161,2026-07-22T00:59:45Z,KMSY,Friday Night,2026-07-24T18:00:00-05:00,0,78.0,Chance Showers And Thunderstorms then Partly Cloudy,"A chance of showers and thunderstorms before 7pm. Partly cloudy, with a low around 78. Southwest wind 5 to 10 mph. Chance of precipitation is 40%."
162,2026-07-22T00:59:45Z,KMSY,Saturday,2026-07-25T06:00:00-05:00,1,93.0,Mostly Sunny then Chance Showers And Thunderstorms,"A chance of showers and thunderstorms after 1pm. Mostly sunny, with a high near 93. Southwest wind 5 to 10 mph."
163,2026-07-22T00:59:45Z,KMSY,Saturday Night,2026-07-25T18:00:00-05:00,0,78.0,Chance Showers And Thunderstorms then Partly Cloudy,"A chance of showers and thunderstorms before 7pm. Partly cloudy, with a low around 78. Southwest wind around 10 mph."
164,2026-07-22T00:59:45Z,KMSY,Sunday,2026-07-26T06:00:00-05:00,1,93.0,Mostly Sunny then Slight Chance Showers And Thunderstorms,"A slight chance of showers and thunderstorms after 1pm. Mostly sunny, with a high near 93. West wind around 10 mph."
165,2026-07-22T00:59:45Z,KMSY,Sunday Night,2026-07-26T18:00:00-05:00,0,78.0,Slight Chance Showers And Thunderstorms then Mostly Clear,"A slight chance of showers and thunderstorms before 7pm. Mostly clear, with a low around 78. West wind around 10 mph."
166,2026-07-22T00:59:45Z,KMSY,Monday,2026-07-27T06:00:00-05:00,1,96.0,Sunny then Slight Chance Showers And Thunderstorms,"A slight chance of showers and thunderstorms after 1pm. Sunny, with a high near 96. West wind around 10 mph."
167,2026-07-22T00:59:45Z,KMSY,Monday Night,2026-07-27T18:00:00-05:00,0,79.0,Slight Chance Showers And Thunderstorms then Mostly Clear,"A slight chance of showers and thunderstorms before 7pm. Mostly clear, with a low around 79. West wind around 10 mph."
168,2026-07-22T00:59:45Z,KMSY,Tuesday,2026-07-28T06:00:00-05:00,1,98.0,Sunny,"Sunny, with a high near 98. West wind around 10 mph."
169,2026-07-22T00:59:45Z,KNYC,Tonight,2026-07-21T20:00:00-04:00,0,72.0,Showers And Thunderstorms Likely,"Showers and thunderstorms likely. Mostly cloudy, with a low around 72. Southwest wind 5 to 10 mph, with gusts as high as 21 mph. Chance of precipitation is 70%. New rainfall amounts between a tenth and quarter of an inch possible."
170,2026-07-22T00:59:45Z,KNYC,Wednesday,2026-07-22T06:00:00-04:00,1,84.0,Slight Chance Rain Showers then Slight Chance Showers And Thunderstorms,"A slight chance of rain showers before 2pm, then a slight chance of showers and thunderstorms. Mostly sunny, with a high near 84. West wind around 6 mph. Chance of precipitation is 20%. New rainfall amounts less than a tenth of an inch possible."
171,2026-07-22T00:59:45Z,KNYC,Wednesday Night,2026-07-22T18:00:00-04:00,0,64.0,Slight Chance Showers And Thunderstorms then Partly Cloudy,"A slight chance of showers and thunderstorms before 8pm. Partly cloudy, with a low around 64. Northwest wind around 7 mph. Chance of precipitation is 20%."
172,2026-07-22T00:59:45Z,KNYC,Thursday,2026-07-23T06:00:00-04:00,1,80.0,Sunny,"Sunny, with a high near 80. Northeast wind around 5 mph."
173,2026-07-22T00:59:45Z,KNYC,Thursday Night,2026-07-23T18:00:00-04:00,0,65.0,Mostly Clear,"Mostly clear, with a low around 65. East wind around 2 mph."
174,2026-07-22T00:59:45Z,KNYC,Friday,2026-07-24T06:00:00-04:00,1,81.0,Sunny,"Sunny, with a high near 81."
175,2026-07-22T00:59:45Z,KNYC,Friday Night,2026-07-24T18:00:00-04:00,0,66.0,Partly Cloudy,"Partly cloudy, with a low around 66."
176,2026-07-22T00:59:45Z,KNYC,Saturday,2026-07-25T06:00:00-04:00,1,80.0,Mostly Sunny,"Mostly sunny, with a high near 80."
177,2026-07-22T00:59:45Z,KNYC,Saturday Night,2026-07-25T18:00:00-04:00,0,66.0,Partly Cloudy,"Partly cloudy, with a low around 66."
178,2026-07-22T00:59:45Z,KNYC,Sunday,2026-07-26T06:00:00-04:00,1,83.0,Mostly Sunny,"Mostly sunny, with a high near 83."
179,2026-07-22T00:59:45Z,KNYC,Sunday Night,2026-07-26T18:00:00-04:00,0,70.0,Chance Rain Showers,"A chance of rain showers after 8pm. Partly cloudy, with a low around 70. Chance of precipitation is 30%."
180,2026-07-22T00:59:45Z,KNYC,Monday,2026-07-27T06:00:00-04:00,1,86.0,Chance Rain Showers then Chance Showers And Thunderstorms,"A chance of rain showers before 8am, then a chance of showers and thunderstorms. Mostly sunny, with a high near 86. Chance of precipitation is 30%."
181,2026-07-22T00:59:45Z,KNYC,Monday Night,2026-07-27T18:00:00-04:00,0,71.0,Chance Showers And Thunderstorms,"A chance of showers and thunderstorms before 8pm, then a chance of showers and thunderstorms. Mostly cloudy, with a low around 71. Chance of precipitation is 40%."
182,2026-07-22T00:59:45Z,KNYC,Tuesday,2026-07-28T06:00:00-04:00,1,84.0,Chance Showers And Thunderstorms,"A chance of showers and thunderstorms. Partly sunny, with a high near 84."
183,2026-07-22T00:59:45Z,KOKC,Tonight,2026-07-21T19:00:00-05:00,0,77.0,Mostly Clear,"Mostly clear, with a low around 77. Heat index values as high as 105. East northeast wind around 10 mph."
184,2026-07-22T00:59:45Z,KOKC,Wednesday,2026-07-22T06:00:00-05:00,1,97.0,Sunny,"Sunny, with a high near 97. Heat index values as high as 98. East northeast wind 10 to 14 mph, with gusts as high as 20 mph."
185,2026-07-22T00:59:45Z,KOKC,Wednesday Night,2026-07-22T18:00:00-05:00,0,74.0,Clear,"Clear, with a low around 74. East wind 9 to 14 mph, with gusts as high as 20 mph."
186,2026-07-22T00:59:45Z,KOKC,Thursday,2026-07-23T06:00:00-05:00,1,98.0,Sunny,"Sunny, with a high near 98. Heat index values as high as 101. Southeast wind 9 to 15 mph, with gusts as high as 22 mph."
187,2026-07-22T00:59:45Z,KOKC,Thursday Night,2026-07-23T18:00:00-05:00,0,76.0,Mostly Clear,"Mostly clear, with a low around 76. South southeast wind around 16 mph, with gusts as high as 23 mph."
188,2026-07-22T00:59:45Z,KOKC,Friday,2026-07-24T06:00:00-05:00,1,101.0,Mostly Sunny,"Mostly sunny, with a high near 101."
189,2026-07-22T00:59:45Z,KOKC,Friday Night,2026-07-24T18:00:00-05:00,0,78.0,Partly Cloudy,"Partly cloudy, with a low around 78."
190,2026-07-22T00:59:45Z,KOKC,Saturday,2026-07-25T06:00:00-05:00,1,102.0,Mostly Sunny,"Mostly sunny, with a high near 102."
191,2026-07-22T00:59:45Z,KOKC,Saturday Night,2026-07-25T18:00:00-05:00,0,79.0,Mostly Clear,"Mostly clear, with a low around 79."
192,2026-07-22T00:59:45Z,KOKC,Sunday,2026-07-26T06:00:00-05:00,1,104.0,Sunny,"Sunny, with a high near 104."
193,2026-07-22T00:59:45Z,KOKC,Sunday Night,2026-07-26T18:00:00-05:00,0,80.0,Mostly Clear,"Mostly clear, with a low around 80."
194,2026-07-22T00:59:45Z,KOKC,Monday,2026-07-27T06:00:00-05:00,1,104.0,Sunny,"Sunny, with a high near 104."
195,2026-07-22T00:59:45Z,KOKC,Monday Night,2026-07-27T18:00:00-05:00,0,80.0,Mostly Clear,"Mostly clear, with a low around 80."
196,2026-07-22T00:59:45Z,KOKC,Tuesday,2026-07-28T06:00:00-05:00,1,103.0,Mostly Sunny,"Mostly sunny, with a high near 103."
197,2026-07-22T00:59:45Z,KPHL,Tonight,2026-07-21T19:00:00-04:00,0,71.0,Showers And Thunderstorms Likely,"Showers and thunderstorms likely before 8pm, then showers and thunderstorms between 8pm and 10pm, then a chance of showers and thunderstorms between 10pm and 5am. Some of the storms could be severe and produce heavy rain. Mostly cloudy, with a low around 71. Southwest wind around 10 mph. Chance of precipitation is 80%. New rainfall amounts between 1 and 2 inches possible."
198,2026-07-22T00:59:45Z,KPHL,Wednesday,2026-07-22T06:00:00-04:00,1,85.0,Slight Chance Showers And Thunderstorms,"A chance of rain showers between 8am and 11am, then a slight chance of showers and thunderstorms between 11am and 5pm, then a chance of showers and thunderstorms. Mostly sunny, with a high near 85. West wind 5 to 10 mph. Chance of precipitation is 40%. New rainfall amounts less than a tenth of an inch possible."
199,2026-07-22T00:59:45Z,KPHL,Wednesday Night,2026-07-22T18:00:00-04:00,0,66.0,Chance Showers And Thunderstorms,"A chance of showers and thunderstorms before 7pm, then a chance of showers and thunderstorms between 7pm and 3am. Partly cloudy, with a low around 66. Northwest wind around 5 mph. Chance of precipitation is 40%. New rainfall amounts less than a tenth of an inch possible."
200,2026-07-22T00:59:45Z,KPHL,Thursday,2026-07-23T06:00:00-04:00,1,81.0,Sunny,"Sunny, with a high near 81. North wind around 5 mph."
201,2026-07-22T00:59:45Z,KPHL,Thursday Night,2026-07-23T18:00:00-04:00,0,63.0,Clear,"Clear, with a low around 63. East wind 0 to 5 mph."
202,2026-07-22T00:59:45Z,KPHL,Friday,2026-07-24T06:00:00-04:00,1,83.0,Sunny,"Sunny, with a high near 83."
203,2026-07-22T00:59:45Z,KPHL,Friday Night,2026-07-24T18:00:00-04:00,0,64.0,Partly Cloudy,"Partly cloudy, with a low around 64."
204,2026-07-22T00:59:45Z,KPHL,Saturday,2026-07-25T06:00:00-04:00,1,82.0,Mostly Sunny then Slight Chance Rain Showers,"A slight chance of rain showers after 2pm. Mostly sunny, with a high near 82."
205,2026-07-22T00:59:45Z,KPHL,Saturday Night,2026-07-25T18:00:00-04:00,0,65.0,Slight Chance Rain Showers then Partly Cloudy,"A slight chance of rain showers before 8pm. Partly cloudy, with a low around 65."
206,2026-07-22T00:59:45Z,KPHL,Sunday,2026-07-26T06:00:00-04:00,1,84.0,Mostly Sunny,"Mostly sunny, with a high near 84."
207,2026-07-22T00:59:45Z,KPHL,Sunday Night,2026-07-26T18:00:00-04:00,0,68.0,Chance Rain Showers,"A chance of rain showers after 8pm. Partly cloudy, with a low around 68. Chance of precipitation is 30%."
208,2026-07-22T00:59:45Z,KPHL,Monday,2026-07-27T06:00:00-04:00,1,88.0,Slight Chance Rain Showers then Chance Showers And Thunderstorms,"A slight chance of rain showers before 8am, then a chance of showers and thunderstorms. Partly sunny, with a high near 88. Chance of precipitation is 50%."
209,2026-07-22T00:59:45Z,KPHL,Monday Night,2026-07-27T18:00:00-04:00,0,68.0,Chance Showers And Thunderstorms,"A chance of showers and thunderstorms before 8pm, then a chance of showers and thunderstorms. Mostly cloudy, with a low around 68. Chance of precipitation is 50%."
210,2026-07-22T00:59:45Z,KPHL,Tuesday,2026-07-28T06:00:00-04:00,1,86.0,Chance Rain Showers,"A chance of rain showers. Mostly sunny, with a high near 86."
211,2026-07-22T00:59:45Z,KPHX,Tonight,2026-07-21T18:00:00-07:00,0,86.0,Chance Showers And Thunderstorms,"A chance of showers and thunderstorms before 8pm, then a chance of showers and thunderstorms between 8pm and 9pm, then a slight chance of showers and thunderstorms between 9pm and 5am. Mostly cloudy. Low around 86, with temperatures rising to around 88 overnight. Northeast wind 5 to 10 mph. Chance of precipitation is 50%. New rainfall amounts less than a tenth of an inch possible."
212,2026-07-22T00:59:45Z,KPHX,Wednesday,2026-07-22T06:00:00-07:00,1,105.0,Sunny,"Sunny, with a high near 105. North northeast wind 0 to 5 mph."
213,2026-07-22T00:59:45Z,KPHX,Wednesday Night,2026-07-22T18:00:00-07:00,0,90.0,Mostly Clear,"Mostly clear. Low around 90, with temperatures rising to around 92 overnight. Northeast wind around 5 mph."
214,2026-07-22T00:59:45Z,KPHX,Thursday,2026-07-23T06:00:00-07:00,1,111.0,Sunny,"Sunny, with a high near 111. Heat index values as high as 113. East wind 0 to 10 mph."
215,2026-07-22T00:59:45Z,KPHX,Thursday Night,2026-07-23T18:00:00-07:00,0,93.0,Mostly Clear,"Mostly clear, with a low around 93. North wind 5 to 10 mph."
216,2026-07-22T00:59:45Z,KPHX,Friday,2026-07-24T06:00:00-07:00,1,113.0,Sunny,"Sunny, with a high near 113. South wind around 5 mph."
217,2026-07-22T00:59:45Z,KPHX,Friday Night,2026-07-24T18:00:00-07:00,0,94.0,Mostly Clear,"Mostly clear, with a low around 94. West wind around 5 mph."
218,2026-07-22T00:59:45Z,KPHX,Saturday,2026-07-25T06:00:00-07:00,1,114.0,Sunny then Slight Chance Showers And Thunderstorms,"A slight chance of showers and thunderstorms after 5pm. Sunny, with a high near 114. West southwest wind 0 to 5 mph."
219,2026-07-22T00:59:45Z,KPHX,Saturday Night,2026-07-25T18:00:00-07:00,0,92.0,Slight Chance Showers And Thunderstorms then Partly Cloudy,"A slight chance of showers and thunderstorms before 11pm. Partly cloudy, with a low around 92. South southwest wind around 5 mph."
220,2026-07-22T00:59:45Z,KPHX,Sunday,2026-07-26T06:00:00-07:00,1,113.0,Mostly Sunny then Slight Chance Showers And Thunderstorms,"A slight chance of showers and thunderstorms after 5pm. Mostly sunny, with a high near 113. West southwest wind around 5 mph. Chance of precipitation is 20%."
221,2026-07-22T00:59:45Z,KPHX,Sunday Night,2026-07-26T18:00:00-07:00,0,92.0,Slight Chance Showers And Thunderstorms then Mostly Cloudy,"A slight chance of showers and thunderstorms before 11pm. Mostly cloudy, with a low around 92. West southwest wind around 5 mph. Chance of precipitation is 20%."
222,2026-07-22T00:59:45Z,KPHX,Monday,2026-07-27T06:00:00-07:00,1,109.0,Mostly Sunny then Chance Showers And Thunderstorms,"A chance of showers and thunderstorms after 5pm. Mostly sunny, with a high near 109. West southwest wind 5 to 10 mph. Chance of precipitation is 30%. New rainfall amounts less than a tenth of an inch possible."
223,2026-07-22T00:59:45Z,KPHX,Monday Night,2026-07-27T18:00:00-07:00,0,89.0,Chance Showers And Thunderstorms,"A chance of showers and thunderstorms before 11pm, then a chance of showers and thunderstorms between 11pm and 5am, then a slight chance of showers and thunderstorms. Mostly cloudy, with a low around 89. Southwest wind 5 to 10 mph. Chance of precipitation is 30%. New rainfall amounts less than a tenth of an inch possible."
224,2026-07-22T00:59:45Z,KPHX,Tuesday,2026-07-28T06:00:00-07:00,1,105.0,Slight Chance Showers And Thunderstorms,"A slight chance of showers and thunderstorms. Mostly sunny, with a high near 105. West southwest wind around 5 mph. Chance of precipitation is 20%."
225,2026-07-22T00:59:45Z,KSAT,Tonight,2026-07-21T19:00:00-05:00,0,79.0,Mostly Clear,"Mostly clear, with a low around 79. Heat index values as high as 100. South southeast wind 0 to 5 mph."
226,2026-07-22T00:59:45Z,KSAT,Wednesday,2026-07-22T06:00:00-05:00,1,101.0,Sunny,"Sunny, with a high near 101. Heat index values as high as 109. North northwest wind around 5 mph."
227,2026-07-22T00:59:45Z,KSAT,Wednesday Night,2026-07-22T18:00:00-05:00,0,83.0,Mostly Clear,"Mostly clear, with a low around 83. Heat index values as high as 108. East southeast wind 0 to 5 mph."
228,2026-07-22T00:59:45Z,KSAT,Thursday,2026-07-23T06:00:00-05:00,1,99.0,Sunny,"Sunny, with a high near 99. Heat index values as high as 107. Northeast wind 5 to 10 mph."
229,2026-07-22T00:59:45Z,KSAT,Thursday Night,2026-07-23T18:00:00-05:00,0,82.0,Mostly Clear,"Mostly clear, with a low around 82. East southeast wind 5 to 10 mph."
230,2026-07-22T00:59:45Z,KSAT,Friday,2026-07-24T06:00:00-05:00,1,97.0,Sunny,"Sunny, with a high near 97. South southeast wind 5 to 10 mph."
231,2026-07-22T00:59:45Z,KSAT,Friday Night,2026-07-24T18:00:00-05:00,0,79.0,Mostly Clear,"Mostly clear, with a low around 79. South southeast wind 5 to 10 mph, with gusts as high as 20 mph."
232,2026-07-22T00:59:45Z,KSAT,Saturday,2026-07-25T06:00:00-05:00,1,97.0,Sunny,"Sunny, with a high near 97. South southeast wind around 5 mph."
233,2026-07-22T00:59:45Z,KSAT,Saturday Night,2026-07-25T18:00:00-05:00,0,77.0,Mostly Clear,"Mostly clear, with a low around 77. South southeast wind 5 to 15 mph, with gusts as high as 25 mph."
234,2026-07-22T00:59:45Z,KSAT,Sunday,2026-07-26T06:00:00-05:00,1,96.0,Mostly Sunny,"Mostly sunny, with a high near 96."
235,2026-07-22T00:59:45Z,KSAT,Sunday Night,2026-07-26T18:00:00-05:00,0,77.0,Mostly Clear,"Mostly clear, with a low around 77."
236,2026-07-22T00:59:45Z,KSAT,Monday,2026-07-27T06:00:00-05:00,1,97.0,Sunny,"Sunny, with a high near 97."
237,2026-07-22T00:59:45Z,KSAT,Monday Night,2026-07-27T18:00:00-05:00,0,77.0,Mostly Clear,"Mostly clear, with a low around 77."
238,2026-07-22T00:59:45Z,KSAT,Tuesday,2026-07-28T06:00:00-05:00,1,98.0,Sunny,"Sunny, with a high near 98."
239,2026-07-22T00:59:45Z,KSFO,This Afternoon,2026-07-21T13:00:00-07:00,1,86.0,Sunny,"Sunny, with a high near 86. West wind 8 to 15 mph, with gusts as high as 18 mph."
240,2026-07-22T00:59:45Z,KSFO,Tonight,2026-07-21T18:00:00-07:00,0,65.0,Partly Cloudy,"Partly cloudy, with a low around 65. West southwest wind 10 to 15 mph, with gusts as high as 20 mph."
241,2026-07-22T00:59:45Z,KSFO,Wednesday,2026-07-22T06:00:00-07:00,1,76.0,Mostly Sunny,"Mostly sunny. High near 76, with temperatures falling to around 74 in the afternoon. Southwest wind 10 to 18 mph, with gusts as high as 23 mph."
242,2026-07-22T00:59:45Z,KSFO,Wednesday Night,2026-07-22T18:00:00-07:00,0,60.0,Mostly Cloudy,"Mostly cloudy, with a low around 60. West wind 9 to 17 mph, with gusts as high as 21 mph."
243,2026-07-22T00:59:45Z,KSFO,Thursday,2026-07-23T06:00:00-07:00,1,70.0,Mostly Sunny,"Mostly sunny, with a high near 70. West wind 9 to 22 mph, with gusts as high as 29 mph."
244,2026-07-22T00:59:45Z,KSFO,Thursday Night,2026-07-23T18:00:00-07:00,0,57.0,Partly Cloudy,"Partly cloudy, with a low around 57."
245,2026-07-22T00:59:45Z,KSFO,Friday,2026-07-24T06:00:00-07:00,1,70.0,Mostly Sunny,"Mostly sunny, with a high near 70."
246,2026-07-22T00:59:45Z,KSFO,Friday Night,2026-07-24T18:00:00-07:00,0,58.0,Mostly Clear,"Mostly clear, with a low around 58."
247,2026-07-22T00:59:45Z,KSFO,Saturday,2026-07-25T06:00:00-07:00,1,68.0,Sunny,"Sunny, with a high near 68."
248,2026-07-22T00:59:45Z,KSFO,Saturday Night,2026-07-25T18:00:00-07:00,0,58.0,Partly Cloudy,"Partly cloudy, with a low around 58."
249,2026-07-22T00:59:45Z,KSFO,Sunday,2026-07-26T06:00:00-07:00,1,68.0,Mostly Sunny,"Mostly sunny, with a high near 68."
250,2026-07-22T00:59:45Z,KSFO,Sunday Night,2026-07-26T18:00:00-07:00,0,58.0,Mostly Clear,"Mostly clear, with a low around 58."
251,2026-07-22T00:59:45Z,KSFO,Monday,2026-07-27T06:00:00-07:00,1,68.0,Sunny,"Sunny, with a high near 68."
252,2026-07-22T00:59:45Z,KSFO,Monday Night,2026-07-27T18:00:00-07:00,0,58.0,Mostly Clear,"Mostly clear, with a low around 58."
253,2026-07-22T00:59:45Z,KSEA,This Afternoon,2026-07-21T17:00:00-07:00,1,92.0,Sunny,"Sunny, with a high near 92. North northwest wind around 8 mph."
254,2026-07-22T00:59:45Z,KSEA,Tonight,2026-07-21T18:00:00-07:00,0,65.0,Mostly Clear,"Mostly clear. Low around 65, with temperatures rising to around 67 overnight. North wind 3 to 8 mph."
255,2026-07-22T00:59:45Z,KSEA,Wednesday,2026-07-22T06:00:00-07:00,1,94.0,Sunny,"Sunny, with a high near 94. North wind 3 to 9 mph."
256,2026-07-22T00:59:45Z,KSEA,Wednesday Night,2026-07-22T18:00:00-07:00,0,65.0,Mostly Cloudy then Slight Chance Light Rain,"A slight chance of rain after 5am. Mostly cloudy, with a low around 65. West wind 6 to 12 mph. Chance of precipitation is 20%."
257,2026-07-22T00:59:45Z,KSEA,Thursday,2026-07-23T06:00:00-07:00,1,81.0,Slight Chance Light Rain then Mostly Sunny,"A slight chance of rain before 11am. Mostly sunny, with a high near 81. Southwest wind around 12 mph. Chance of precipitation is 20%."
258,2026-07-22T00:59:45Z,KSEA,Thursday Night,2026-07-23T18:00:00-07:00,0,61.0,Partly Cloudy,"Partly cloudy, with a low around 61."
259,2026-07-22T00:59:45Z,KSEA,Friday,2026-07-24T06:00:00-07:00,1,82.0,Mostly Sunny,"Mostly sunny, with a high near 82."
260,2026-07-22T00:59:45Z,KSEA,Friday Night,2026-07-24T18:00:00-07:00,0,59.0,Partly Cloudy,"Partly cloudy, with a low around 59."
261,2026-07-22T00:59:45Z,KSEA,Saturday,2026-07-25T06:00:00-07:00,1,72.0,Partly Sunny,"Partly sunny, with a high near 72."
262,2026-07-22T00:59:45Z,KSEA,Saturday Night,2026-07-25T18:00:00-07:00,0,58.0,Mostly Cloudy,"Mostly cloudy, with a low around 58."
263,2026-07-22T00:59:45Z,KSEA,Sunday,2026-07-26T06:00:00-07:00,1,75.0,Partly Sunny,"Partly sunny, with a high near 75."
264,2026-07-22T00:59:45Z,KSEA,Sunday Night,2026-07-26T18:00:00-07:00,0,57.0,Partly Cloudy,"Partly cloudy, with a low around 57."
265,2026-07-22T00:59:45Z,KSEA,Monday,2026-07-27T06:00:00-07:00,1,74.0,Mostly Sunny,"Mostly sunny, with a high near 74."
266,2026-07-22T00:59:45Z,KSEA,Monday Night,2026-07-27T18:00:00-07:00,0,57.0,Partly Cloudy,"Partly cloudy, with a low around 57."
267,2026-07-22T00:59:45Z,KDCA,Tonight,2026-07-21T20:00:00-04:00,0,73.0,Patchy Fog then Scattered Showers And Thunderstorms,"Patchy fog and showers and thunderstorms before midnight, then scattered showers and thunderstorms between midnight and 1am, then a chance of showers and thunderstorms. Some of the storms could be severe. Mostly cloudy, with a low around 73. Southwest wind around 9 mph, with gusts as high as 21 mph. Chance of precipitation is 100%. New rainfall amounts less than a tenth of an inch possible."
268,2026-07-22T00:59:45Z,KDCA,Wednesday,2026-07-22T06:00:00-04:00,1,86.0,Showers And Thunderstorms Likely,"A slight chance of rain showers between 11am and 2pm, then showers and thunderstorms likely. Partly sunny, with a high near 86. West wind 6 to 12 mph. Chance of precipitation is 60%. New rainfall amounts between a half and three quarters of an inch possible."
269,2026-07-22T00:59:45Z,KDCA,Wednesday Night,2026-07-22T18:00:00-04:00,0,66.0,Showers And Thunderstorms Likely then Mostly Cloudy,"Showers and thunderstorms likely before 9pm. Mostly cloudy, with a low around 66. Northwest wind 7 to 10 mph. Chance of precipitation is 60%. New rainfall amounts between a half and three quarters of an inch possible."
270,2026-07-22T00:59:45Z,KDCA,Thursday,2026-07-23T06:00:00-04:00,1,81.0,Mostly Sunny,"Mostly sunny, with a high near 81. Northeast wind 7 to 12 mph."
271,2026-07-22T00:59:45Z,KDCA,Thursday Night,2026-07-23T18:00:00-04:00,0,65.0,Partly Cloudy,"Partly cloudy, with a low around 65. East wind around 6 mph."
272,2026-07-22T00:59:45Z,KDCA,Friday,2026-07-24T06:00:00-04:00,1,82.0,Sunny,"Sunny, with a high near 82."
273,2026-07-22T00:59:45Z,KDCA,Friday Night,2026-07-24T18:00:00-04:00,0,67.0,Partly Cloudy then Slight Chance Rain Showers,"A slight chance of rain showers after 2am. Partly cloudy, with a low around 67. Chance of precipitation is 20%."
274,2026-07-22T00:59:45Z,KDCA,Saturday,2026-07-25T06:00:00-04:00,1,81.0,Slight Chance Rain Showers,"A slight chance of rain showers. Partly sunny, with a high near 81. Chance of precipitation is 20%."
275,2026-07-22T00:59:45Z,KDCA,Saturday Night,2026-07-25T18:00:00-04:00,0,68.0,Slight Chance Rain Showers then Partly Cloudy,"A slight chance of rain showers before 8pm. Partly cloudy, with a low around 68. Chance of precipitation is 20%."
276,2026-07-22T00:59:45Z,KDCA,Sunday,2026-07-26T06:00:00-04:00,1,86.0,Mostly Sunny then Slight Chance Showers And Thunderstorms,"A slight chance of showers and thunderstorms after 2pm. Mostly sunny, with a high near 86. Chance of precipitation is 20%."
277,2026-07-22T00:59:45Z,KDCA,Sunday Night,2026-07-26T18:00:00-04:00,0,71.0,Slight Chance Showers And Thunderstorms then Chance Showers And Thunderstorms,"A slight chance of showers and thunderstorms before 8pm, then a chance of showers and thunderstorms. Partly cloudy, with a low around 71. Chance of precipitation is 30%."
278,2026-07-22T00:59:45Z,KDCA,Monday,2026-07-27T06:00:00-04:00,1,89.0,Slight Chance Rain Showers then Chance Showers And Thunderstorms,"A slight chance of rain showers before 8am, then a chance of showers and thunderstorms. Mostly sunny, with a high near 89. Chance of precipitation is 30%."
279,2026-07-22T00:59:45Z,KDCA,Monday Night,2026-07-27T18:00:00-04:00,0,73.0,Chance Showers And Thunderstorms,"A chance of showers and thunderstorms before 8pm, then a chance of showers and thunderstorms. Mostly cloudy, with a low around 73. Chance of precipitation is 40%."
280,2026-07-22T00:59:45Z,KDCA,Tuesday,2026-07-28T06:00:00-04:00,1,88.0,Chance Rain Showers,"A chance of rain showers before 2pm, then a chance of showers and thunderstorms. Partly sunny, with a high near 88."
1,2026-07-22T04:24:17Z,KATL,Tonight,2026-07-21T18:00:00-04:00,0,75.0,Slight Chance Showers And Thunderstorms then Mostly Cloudy,"A slight chance of showers and thunderstorms before 7pm. Mostly cloudy, with a low around 75. Heat index values as high as 98. South wind 5 to 15 mph, with gusts as high as 25 mph. Chance of precipitation is 20%."
2,2026-07-22T04:24:17Z,KATL,Wednesday,2026-07-22T06:00:00-04:00,1,90.0,Partly Sunny then Chance Showers And Thunderstorms,"A chance of showers and thunderstorms after 2pm. Partly sunny, with a high near 90. Heat index values as high as 98. South wind 5 to 10 mph, with gusts as high as 20 mph. Chance of precipitation is 50%."
3,2026-07-22T04:24:17Z,KATL,Wednesday Night,2026-07-22T18:00:00-04:00,0,75.0,Chance Showers And Thunderstorms then Partly Cloudy,"A chance of showers and thunderstorms before midnight. Partly cloudy, with a low around 75. South wind 5 to 10 mph, with gusts as high as 20 mph. Chance of precipitation is 50%."
4,2026-07-22T04:24:17Z,KATL,Thursday,2026-07-23T06:00:00-04:00,1,88.0,Showers And Thunderstorms Likely,"A slight chance of rain showers before 11am, then showers and thunderstorms likely. Partly sunny, with a high near 88. Southwest wind around 5 mph. Chance of precipitation is 70%."
5,2026-07-22T04:24:17Z,KATL,Thursday Night,2026-07-23T18:00:00-04:00,0,73.0,Showers And Thunderstorms Likely then Showers And Thunderstorms,"Showers and thunderstorms likely before 8pm, then showers and thunderstorms. Mostly cloudy, with a low around 73. North wind 0 to 5 mph. Chance of precipitation is 80%."
6,2026-07-22T04:24:17Z,KATL,Friday,2026-07-24T06:00:00-04:00,1,85.0,Showers And Thunderstorms Likely,"Showers and thunderstorms likely before 2pm, then showers and thunderstorms. Mostly cloudy, with a high near 85. Chance of precipitation is 80%."
7,2026-07-22T04:24:17Z,KATL,Friday Night,2026-07-24T18:00:00-04:00,0,73.0,Showers And Thunderstorms then Showers And Thunderstorms Likely,"Showers and thunderstorms before 8pm, then showers and thunderstorms likely. Mostly cloudy, with a low around 73. Chance of precipitation is 80%."
8,2026-07-22T04:24:17Z,KATL,Saturday,2026-07-25T06:00:00-04:00,1,82.0,Showers And Thunderstorms,"Showers and thunderstorms. Mostly cloudy, with a high near 82. Chance of precipitation is 80%."
9,2026-07-22T04:24:17Z,KATL,Saturday Night,2026-07-25T18:00:00-04:00,0,73.0,Showers And Thunderstorms then Chance Showers And Thunderstorms,"Showers and thunderstorms before 8pm, then a chance of showers and thunderstorms. Mostly cloudy, with a low around 73. Chance of precipitation is 80%."
10,2026-07-22T04:24:17Z,KATL,Sunday,2026-07-26T06:00:00-04:00,1,89.0,Chance Showers And Thunderstorms,"A chance of rain showers before 8am, then a chance of showers and thunderstorms. Mostly sunny, with a high near 89. Chance of precipitation is 30%."
11,2026-07-22T04:24:17Z,KATL,Sunday Night,2026-07-26T18:00:00-04:00,0,74.0,Chance Showers And Thunderstorms then Mostly Clear,"A chance of showers and thunderstorms before 8pm. Mostly clear, with a low around 74. Chance of precipitation is 30%."
12,2026-07-22T04:24:17Z,KATL,Monday,2026-07-27T06:00:00-04:00,1,92.0,Sunny then Slight Chance Showers And Thunderstorms,"A slight chance of showers and thunderstorms after 2pm. Sunny, with a high near 92. Chance of precipitation is 20%."
13,2026-07-22T04:24:17Z,KATL,Monday Night,2026-07-27T18:00:00-04:00,0,76.0,Slight Chance Showers And Thunderstorms then Partly Cloudy,"A slight chance of showers and thunderstorms before 8pm. Partly cloudy, with a low around 76. Chance of precipitation is 20%."
14,2026-07-22T04:24:17Z,KATL,Tuesday,2026-07-28T06:00:00-04:00,1,93.0,Mostly Sunny then Slight Chance Showers And Thunderstorms,"A slight chance of showers and thunderstorms after 2pm. Mostly sunny, with a high near 93."
15,2026-07-22T04:24:17Z,KAUS,Tonight,2026-07-21T19:00:00-05:00,0,80.0,Mostly Clear,"Mostly clear, with a low around 80. Heat index values as high as 102. South southwest wind 0 to 5 mph."
16,2026-07-22T04:24:17Z,KAUS,Wednesday,2026-07-22T06:00:00-05:00,1,102.0,Sunny,"Sunny, with a high near 102. Heat index values as high as 111. North northwest wind 0 to 5 mph."
17,2026-07-22T04:24:17Z,KAUS,Wednesday Night,2026-07-22T18:00:00-05:00,0,83.0,Mostly Clear,"Mostly clear, with a low around 83. Heat index values as high as 109. East northeast wind 0 to 5 mph."
18,2026-07-22T04:24:17Z,KAUS,Thursday,2026-07-23T06:00:00-05:00,1,99.0,Sunny,"Sunny, with a high near 99. Heat index values as high as 108. Northeast wind 5 to 10 mph."
19,2026-07-22T04:24:17Z,KAUS,Thursday Night,2026-07-23T18:00:00-05:00,0,81.0,Mostly Clear,"Mostly clear, with a low around 81. East southeast wind 5 to 10 mph."
20,2026-07-22T04:24:17Z,KAUS,Friday,2026-07-24T06:00:00-05:00,1,98.0,Sunny,"Sunny, with a high near 98. South wind 5 to 10 mph."
21,2026-07-22T04:24:17Z,KAUS,Friday Night,2026-07-24T18:00:00-05:00,0,79.0,Mostly Clear,"Mostly clear, with a low around 79. South wind 5 to 10 mph."
22,2026-07-22T04:24:17Z,KAUS,Saturday,2026-07-25T06:00:00-05:00,1,98.0,Sunny,"Sunny, with a high near 98. South wind 5 to 10 mph."
23,2026-07-22T04:24:17Z,KAUS,Saturday Night,2026-07-25T18:00:00-05:00,0,78.0,Mostly Clear,"Mostly clear, with a low around 78. South wind around 10 mph, with gusts as high as 20 mph."
24,2026-07-22T04:24:17Z,KAUS,Sunday,2026-07-26T06:00:00-05:00,1,97.0,Mostly Sunny,"Mostly sunny, with a high near 97."
25,2026-07-22T04:24:17Z,KAUS,Sunday Night,2026-07-26T18:00:00-05:00,0,76.0,Mostly Clear,"Mostly clear, with a low around 76."
26,2026-07-22T04:24:17Z,KAUS,Monday,2026-07-27T06:00:00-05:00,1,97.0,Sunny,"Sunny, with a high near 97."
27,2026-07-22T04:24:17Z,KAUS,Monday Night,2026-07-27T18:00:00-05:00,0,76.0,Mostly Clear,"Mostly clear, with a low around 76."
28,2026-07-22T04:24:17Z,KAUS,Tuesday,2026-07-28T06:00:00-05:00,1,98.0,Sunny,"Sunny, with a high near 98."
29,2026-07-22T04:24:17Z,KBOS,Tonight,2026-07-21T18:00:00-04:00,0,69.0,Showers And Thunderstorms,"Showers and thunderstorms before 4am, then patchy fog and a chance of showers and thunderstorms. Some of the storms could produce heavy rain. Cloudy, with a low around 69. South wind 9 to 14 mph. Chance of precipitation is 90%. New rainfall amounts between 1 and 2 inches possible."
30,2026-07-22T04:24:17Z,KBOS,Wednesday,2026-07-22T06:00:00-04:00,1,83.0,Patchy Fog then Chance Showers And Thunderstorms,"Patchy fog and a chance of showers and thunderstorms before 10am, then a chance of showers and thunderstorms between 10am and 5pm, then a chance of showers and thunderstorms. Partly sunny, with a high near 83. Southwest wind around 13 mph. Chance of precipitation is 40%. New rainfall amounts between a tenth and quarter of an inch possible."
31,2026-07-22T04:24:17Z,KBOS,Wednesday Night,2026-07-22T18:00:00-04:00,0,64.0,Chance Showers And Thunderstorms then Partly Cloudy,"A chance of showers and thunderstorms before midnight. Partly cloudy, with a low around 64. West wind 6 to 12 mph. Chance of precipitation is 40%. New rainfall amounts between a tenth and quarter of an inch possible."
32,2026-07-22T04:24:17Z,KBOS,Thursday,2026-07-23T06:00:00-04:00,1,78.0,Sunny,"Sunny, with a high near 78. North wind around 7 mph."
33,2026-07-22T04:24:17Z,KBOS,Thursday Night,2026-07-23T18:00:00-04:00,0,63.0,Clear,"Clear, with a low around 63. Southwest wind around 5 mph."
34,2026-07-22T04:24:17Z,KBOS,Friday,2026-07-24T06:00:00-04:00,1,78.0,Sunny,"Sunny, with a high near 78. North wind 2 to 9 mph."
35,2026-07-22T04:24:17Z,KBOS,Friday Night,2026-07-24T18:00:00-04:00,0,63.0,Mostly Clear,"Mostly clear, with a low around 63. South wind 2 to 8 mph."
36,2026-07-22T04:24:17Z,KBOS,Saturday,2026-07-25T06:00:00-04:00,1,72.0,Sunny,"Sunny, with a high near 72. Northeast wind 2 to 10 mph."
37,2026-07-22T04:24:17Z,KBOS,Saturday Night,2026-07-25T18:00:00-04:00,0,64.0,Partly Cloudy,"Partly cloudy, with a low around 64. Northeast wind 2 to 8 mph."
38,2026-07-22T04:24:17Z,KBOS,Sunday,2026-07-26T06:00:00-04:00,1,75.0,Mostly Sunny,"Mostly sunny, with a high near 75. Northeast wind 3 to 9 mph."
39,2026-07-22T04:24:17Z,KBOS,Sunday Night,2026-07-26T18:00:00-04:00,0,65.0,Partly Cloudy,"Partly cloudy, with a low around 65. South wind 5 to 8 mph."
40,2026-07-22T04:24:17Z,KBOS,Monday,2026-07-27T06:00:00-04:00,1,79.0,Chance Showers And Thunderstorms,"A slight chance of rain showers between 8am and 2pm, then a chance of showers and thunderstorms. Mostly sunny, with a high near 79. South wind 5 to 9 mph. Chance of precipitation is 40%."
41,2026-07-22T04:24:17Z,KBOS,Monday Night,2026-07-27T18:00:00-04:00,0,66.0,Chance Showers And Thunderstorms,"A chance of showers and thunderstorms before 2am, then a slight chance of showers and thunderstorms. Mostly cloudy, with a low around 66. Southwest wind 5 to 8 mph. Chance of precipitation is 40%."
42,2026-07-22T04:24:17Z,KBOS,Tuesday,2026-07-28T06:00:00-04:00,1,79.0,Slight Chance Showers And Thunderstorms,"A slight chance of showers and thunderstorms before 2pm, then a chance of showers and thunderstorms. Mostly sunny, with a high near 79. South wind 5 to 9 mph."
43,2026-07-22T04:24:17Z,KMDW,Tonight,2026-07-21T21:00:00-05:00,0,61.0,Slight Chance Rain Showers,"A slight chance of rain showers before 1am. Mostly cloudy, with a low around 61. North wind 10 to 15 mph, with gusts as high as 25 mph. Chance of precipitation is 20%."
44,2026-07-22T04:24:17Z,KMDW,Wednesday,2026-07-22T06:00:00-05:00,1,74.0,Mostly Sunny,"Mostly sunny. High near 74, with temperatures falling to around 72 in the afternoon. North wind 10 to 15 mph."
45,2026-07-22T04:24:17Z,KMDW,Wednesday Night,2026-07-22T18:00:00-05:00,0,60.0,Mostly Clear,"Mostly clear, with a low around 60. North northwest wind 0 to 10 mph."
46,2026-07-22T04:24:17Z,KMDW,Thursday,2026-07-23T06:00:00-05:00,1,80.0,Sunny,"Sunny, with a high near 80. South southwest wind 0 to 10 mph."
47,2026-07-22T04:24:17Z,KMDW,Thursday Night,2026-07-23T18:00:00-05:00,0,64.0,Partly Cloudy,"Partly cloudy, with a low around 64. South wind 0 to 10 mph."
48,2026-07-22T04:24:17Z,KMDW,Friday,2026-07-24T06:00:00-05:00,1,82.0,Mostly Sunny,"Mostly sunny, with a high near 82."
49,2026-07-22T04:24:17Z,KMDW,Friday Night,2026-07-24T18:00:00-05:00,0,65.0,Mostly Clear,"Mostly clear, with a low around 65."
50,2026-07-22T04:24:17Z,KMDW,Saturday,2026-07-25T06:00:00-05:00,1,83.0,Sunny,"Sunny, with a high near 83."
51,2026-07-22T04:24:17Z,KMDW,Saturday Night,2026-07-25T18:00:00-05:00,0,71.0,Partly Cloudy then Slight Chance Showers And Thunderstorms,"A slight chance of showers and thunderstorms after 1am. Partly cloudy, with a low around 71."
52,2026-07-22T04:24:17Z,KMDW,Sunday,2026-07-26T06:00:00-05:00,1,91.0,Slight Chance Showers And Thunderstorms then Mostly Sunny,"A slight chance of showers and thunderstorms before 7am. Mostly sunny, with a high near 91."
53,2026-07-22T04:24:17Z,KMDW,Sunday Night,2026-07-26T18:00:00-05:00,0,75.0,Chance Showers And Thunderstorms,"A chance of showers and thunderstorms after 7pm. Partly cloudy, with a low around 75."
54,2026-07-22T04:24:17Z,KMDW,Monday,2026-07-27T06:00:00-05:00,1,90.0,Slight Chance Showers And Thunderstorms,"A chance of rain showers before 7am, then a slight chance of showers and thunderstorms. Mostly sunny, with a high near 90."
55,2026-07-22T04:24:17Z,KMDW,Monday Night,2026-07-27T18:00:00-05:00,0,73.0,Slight Chance Showers And Thunderstorms,"A slight chance of showers and thunderstorms. Partly cloudy, with a low around 73."
56,2026-07-22T04:24:17Z,KMDW,Tuesday,2026-07-28T06:00:00-05:00,1,86.0,Slight Chance Showers And Thunderstorms then Mostly Sunny,"A slight chance of showers and thunderstorms before 7am. Mostly sunny, with a high near 86."
57,2026-07-22T04:24:17Z,KDFW,Tonight,2026-07-21T19:00:00-05:00,0,84.0,Clear,"Clear. Low around 84, with temperatures rising to around 86 overnight. Heat index values as high as 110. South southeast wind 0 to 5 mph."
58,2026-07-22T04:24:17Z,KDFW,Wednesday,2026-07-22T06:00:00-05:00,1,104.0,Sunny,"Sunny, with a high near 104. Heat index values as high as 114. Northeast wind 0 to 10 mph."
59,2026-07-22T04:24:17Z,KDFW,Wednesday Night,2026-07-22T18:00:00-05:00,0,81.0,Mostly Clear,"Mostly clear. Low around 81, with temperatures rising to around 83 overnight. Heat index values as high as 112. East northeast wind 5 to 10 mph."
60,2026-07-22T04:24:17Z,KDFW,Thursday,2026-07-23T06:00:00-05:00,1,100.0,Sunny,"Sunny, with a high near 100. Heat index values as high as 106. East wind 5 to 10 mph."
61,2026-07-22T04:24:17Z,KDFW,Thursday Night,2026-07-23T18:00:00-05:00,0,81.0,Mostly Clear,"Mostly clear. Low around 81, with temperatures rising to around 83 overnight. East southeast wind 5 to 10 mph."
62,2026-07-22T04:24:17Z,KDFW,Friday,2026-07-24T06:00:00-05:00,1,102.0,Sunny,"Sunny, with a high near 102. South southeast wind around 10 mph."
63,2026-07-22T04:24:17Z,KDFW,Friday Night,2026-07-24T18:00:00-05:00,0,82.0,Mostly Clear,"Mostly clear, with a low around 82. South wind around 10 mph."
64,2026-07-22T04:24:17Z,KDFW,Saturday,2026-07-25T06:00:00-05:00,1,102.0,Mostly Sunny,"Mostly sunny, with a high near 102. South wind around 10 mph."
65,2026-07-22T04:24:17Z,KDFW,Saturday Night,2026-07-25T18:00:00-05:00,0,82.0,Partly Cloudy,"Partly cloudy, with a low around 82. South wind around 10 mph, with gusts as high as 20 mph."
66,2026-07-22T04:24:17Z,KDFW,Sunday,2026-07-26T06:00:00-05:00,1,102.0,Sunny,"Sunny, with a high near 102."
67,2026-07-22T04:24:17Z,KDFW,Sunday Night,2026-07-26T18:00:00-05:00,0,82.0,Clear,"Clear, with a low around 82."
68,2026-07-22T04:24:17Z,KDFW,Monday,2026-07-27T06:00:00-05:00,1,104.0,Sunny,"Sunny, with a high near 104."
69,2026-07-22T04:24:17Z,KDFW,Monday Night,2026-07-27T18:00:00-05:00,0,82.0,Mostly Clear,"Mostly clear, with a low around 82."
70,2026-07-22T04:24:17Z,KDFW,Tuesday,2026-07-28T06:00:00-05:00,1,105.0,Sunny,"Sunny, with a high near 105."
71,2026-07-22T04:24:17Z,KDEN,Tonight,2026-07-21T18:00:00-06:00,0,69.0,Chance Showers And Thunderstorms,"A chance of showers and thunderstorms before 3am. Partly cloudy. Low around 69, with temperatures rising to around 73 overnight. South southeast wind 13 to 18 mph, with gusts as high as 30 mph. Chance of precipitation is 30%. New rainfall amounts less than a tenth of an inch possible."
72,2026-07-22T04:24:17Z,KDEN,Wednesday,2026-07-22T06:00:00-06:00,1,94.0,Mostly Sunny then Chance Showers And Thunderstorms,"A chance of showers and thunderstorms between noon and 3pm, then a chance of showers and thunderstorms. Mostly sunny. High near 94, with temperatures falling to around 88 in the afternoon. West northwest wind 6 to 13 mph, with gusts as high as 21 mph. Chance of precipitation is 50%. New rainfall amounts less than a tenth of an inch possible."
73,2026-07-22T04:24:17Z,KDEN,Wednesday Night,2026-07-22T18:00:00-06:00,0,65.0,Chance Showers And Thunderstorms,"A chance of showers and thunderstorms before 9pm, then a chance of showers and thunderstorms between 9pm and 3am. Mostly cloudy. Low around 65, with temperatures rising to around 68 overnight. Northwest wind 3 to 12 mph, with gusts as high as 18 mph. Chance of precipitation is 40%."
74,2026-07-22T04:24:17Z,KDEN,Thursday,2026-07-23T06:00:00-06:00,1,89.0,Partly Sunny then Showers And Thunderstorms Likely,"Showers and thunderstorms likely after noon. Partly sunny, with a high near 89. North northwest wind around 5 mph. Chance of precipitation is 70%."
75,2026-07-22T04:24:17Z,KDEN,Thursday Night,2026-07-23T18:00:00-06:00,0,63.0,Chance Showers And Thunderstorms then Partly Cloudy,"A chance of showers and thunderstorms before 9pm, then a chance of showers and thunderstorms between 9pm and midnight. Partly cloudy, with a low around 63. South wind around 5 mph. Chance of precipitation is 50%."
76,2026-07-22T04:24:17Z,KDEN,Friday,2026-07-24T06:00:00-06:00,1,93.0,Sunny,"Sunny, with a high near 93."
77,2026-07-22T04:24:17Z,KDEN,Friday Night,2026-07-24T18:00:00-06:00,0,67.0,Partly Cloudy,"Partly cloudy, with a low around 67."
78,2026-07-22T04:24:17Z,KDEN,Saturday,2026-07-25T06:00:00-06:00,1,98.0,Sunny,"Sunny, with a high near 98."
79,2026-07-22T04:24:17Z,KDEN,Saturday Night,2026-07-25T18:00:00-06:00,0,68.0,Slight Chance Showers And Thunderstorms then Partly Cloudy,"A slight chance of showers and thunderstorms before midnight. Partly cloudy, with a low around 68."
80,2026-07-22T04:24:17Z,KDEN,Sunday,2026-07-26T06:00:00-06:00,1,98.0,Sunny,"Sunny, with a high near 98."
81,2026-07-22T04:24:17Z,KDEN,Sunday Night,2026-07-26T18:00:00-06:00,0,70.0,Chance Showers And Thunderstorms then Partly Cloudy,"A chance of showers and thunderstorms before midnight. Partly cloudy, with a low around 70."
82,2026-07-22T04:24:17Z,KDEN,Monday,2026-07-27T06:00:00-06:00,1,98.0,Mostly Sunny then Chance Showers And Thunderstorms,"A chance of showers and thunderstorms after noon. Mostly sunny, with a high near 98."
83,2026-07-22T04:24:17Z,KDEN,Monday Night,2026-07-27T18:00:00-06:00,0,68.0,Chance Showers And Thunderstorms then Mostly Cloudy,"A chance of showers and thunderstorms before midnight. Mostly cloudy, with a low around 68."
84,2026-07-22T04:24:17Z,KDEN,Tuesday,2026-07-28T06:00:00-06:00,1,96.0,Mostly Sunny then Chance Showers And Thunderstorms,"A chance of showers and thunderstorms after noon. Mostly sunny, with a high near 96."
85,2026-07-22T04:24:17Z,KIAH,Tonight,2026-07-21T20:00:00-05:00,0,80.0,Mostly Clear,"Mostly clear, with a low around 80. Heat index values as high as 104. Southwest wind 5 to 10 mph."
86,2026-07-22T04:24:17Z,KIAH,Wednesday,2026-07-22T06:00:00-05:00,1,104.0,Sunny,"Sunny, with a high near 104. Heat index values as high as 118. Northwest wind around 5 mph."
87,2026-07-22T04:24:17Z,KIAH,Wednesday Night,2026-07-22T18:00:00-05:00,0,82.0,Partly Cloudy,"Partly cloudy, with a low around 82. Heat index values as high as 116. North wind around 5 mph."
88,2026-07-22T04:24:17Z,KIAH,Thursday,2026-07-23T06:00:00-05:00,1,100.0,Sunny,"Sunny, with a high near 100. Heat index values as high as 112. Northeast wind around 5 mph."
89,2026-07-22T04:24:17Z,KIAH,Thursday Night,2026-07-23T18:00:00-05:00,0,82.0,Partly Cloudy,"Partly cloudy, with a low around 82. Southeast wind 5 to 15 mph, with gusts as high as 25 mph."
90,2026-07-22T04:24:17Z,KIAH,Friday,2026-07-24T06:00:00-05:00,1,98.0,Mostly Sunny,"Mostly sunny, with a high near 98."
91,2026-07-22T04:24:17Z,KIAH,Friday Night,2026-07-24T18:00:00-05:00,0,81.0,Partly Cloudy,"Partly cloudy, with a low around 81."
92,2026-07-22T04:24:17Z,KIAH,Saturday,2026-07-25T06:00:00-05:00,1,98.0,Mostly Sunny,"Mostly sunny, with a high near 98."
93,2026-07-22T04:24:17Z,KIAH,Saturday Night,2026-07-25T18:00:00-05:00,0,80.0,Partly Cloudy,"Partly cloudy, with a low around 80."
94,2026-07-22T04:24:17Z,KIAH,Sunday,2026-07-26T06:00:00-05:00,1,98.0,Sunny,"Sunny, with a high near 98."
95,2026-07-22T04:24:17Z,KIAH,Sunday Night,2026-07-26T18:00:00-05:00,0,79.0,Mostly Clear,"Mostly clear, with a low around 79."
96,2026-07-22T04:24:17Z,KIAH,Monday,2026-07-27T06:00:00-05:00,1,99.0,Sunny,"Sunny, with a high near 99."
97,2026-07-22T04:24:17Z,KIAH,Monday Night,2026-07-27T18:00:00-05:00,0,79.0,Mostly Clear,"Mostly clear, with a low around 79."
98,2026-07-22T04:24:17Z,KIAH,Tuesday,2026-07-28T06:00:00-05:00,1,100.0,Sunny,"Sunny, with a high near 100."
99,2026-07-22T04:24:17Z,KLAS,Tonight,2026-07-21T18:00:00-07:00,0,88.0,Partly Cloudy,"Partly cloudy. Low around 88, with temperatures rising to around 90 overnight. Southwest wind 3 to 8 mph."
100,2026-07-22T04:24:17Z,KLAS,Wednesday,2026-07-22T06:00:00-07:00,1,107.0,Sunny,"Sunny, with a high near 107. Heat index values as high as 105. East wind 2 to 6 mph."
101,2026-07-22T04:24:17Z,KLAS,Wednesday Night,2026-07-22T18:00:00-07:00,0,89.0,Mostly Clear,"Mostly clear. Low around 89, with temperatures rising to around 91 overnight. Southwest wind around 7 mph."
102,2026-07-22T04:24:17Z,KLAS,Thursday,2026-07-23T06:00:00-07:00,1,109.0,Sunny,"Sunny, with a high near 109. Heat index values as high as 106. South southeast wind 2 to 6 mph."
103,2026-07-22T04:24:17Z,KLAS,Thursday Night,2026-07-23T18:00:00-07:00,0,91.0,Mostly Clear,"Mostly clear, with a low around 91. South southwest wind 3 to 7 mph."
104,2026-07-22T04:24:17Z,KLAS,Friday,2026-07-24T06:00:00-07:00,1,110.0,Slight Chance Showers And Thunderstorms,"A slight chance of showers and thunderstorms after 11am. Sunny, with a high near 110."
105,2026-07-22T04:24:17Z,KLAS,Friday Night,2026-07-24T18:00:00-07:00,0,91.0,Slight Chance Showers And Thunderstorms then Mostly Clear,"A slight chance of showers and thunderstorms before 11pm. Mostly clear, with a low around 91."
106,2026-07-22T04:24:17Z,KLAS,Saturday,2026-07-25T06:00:00-07:00,1,111.0,Sunny,"Sunny, with a high near 111."
107,2026-07-22T04:24:17Z,KLAS,Saturday Night,2026-07-25T18:00:00-07:00,0,91.0,Mostly Clear,"Mostly clear, with a low around 91."
108,2026-07-22T04:24:17Z,KLAS,Sunday,2026-07-26T06:00:00-07:00,1,111.0,Sunny,"Sunny, with a high near 111."
109,2026-07-22T04:24:17Z,KLAS,Sunday Night,2026-07-26T18:00:00-07:00,0,92.0,Mostly Clear,"Mostly clear, with a low around 92."
110,2026-07-22T04:24:17Z,KLAS,Monday,2026-07-27T06:00:00-07:00,1,111.0,Sunny,"Sunny, with a high near 111."
111,2026-07-22T04:24:17Z,KLAS,Monday Night,2026-07-27T18:00:00-07:00,0,90.0,Mostly Clear,"Mostly clear, with a low around 90."
112,2026-07-22T04:24:17Z,KLAS,Tuesday,2026-07-28T06:00:00-07:00,1,108.0,Mostly Sunny,"Mostly sunny, with a high near 108."
113,2026-07-22T04:24:17Z,KLAX,Tonight,2026-07-21T19:00:00-07:00,0,68.0,Patchy Fog,"Patchy fog after 11pm. Mostly cloudy, with a low around 68. Southwest wind 5 to 15 mph, with gusts as high as 20 mph."
114,2026-07-22T04:24:17Z,KLAX,Wednesday,2026-07-22T06:00:00-07:00,1,79.0,Patchy Fog then Mostly Sunny,"Patchy fog before 11am. Mostly sunny, with a high near 79. South southwest wind 0 to 15 mph, with gusts as high as 25 mph."
115,2026-07-22T04:24:17Z,KLAX,Wednesday Night,2026-07-22T18:00:00-07:00,0,67.0,Partly Cloudy,"Partly cloudy, with a low around 67. South wind 5 to 15 mph."
116,2026-07-22T04:24:17Z,KLAX,Thursday,2026-07-23T06:00:00-07:00,1,81.0,Sunny,"Sunny, with a high near 81. Southwest wind 5 to 15 mph, with gusts as high as 20 mph."
117,2026-07-22T04:24:17Z,KLAX,Thursday Night,2026-07-23T18:00:00-07:00,0,69.0,Patchy Fog,"Patchy fog after 11pm. Mostly cloudy, with a low around 69. South wind 5 to 15 mph, with gusts as high as 20 mph."
118,2026-07-22T04:24:17Z,KLAX,Friday,2026-07-24T06:00:00-07:00,1,81.0,Patchy Fog then Mostly Sunny,"Patchy fog before 11am. Mostly sunny, with a high near 81."
119,2026-07-22T04:24:17Z,KLAX,Friday Night,2026-07-24T18:00:00-07:00,0,69.0,Partly Cloudy,"Partly cloudy, with a low around 69."
120,2026-07-22T04:24:17Z,KLAX,Saturday,2026-07-25T06:00:00-07:00,1,78.0,Sunny,"Sunny, with a high near 78."
121,2026-07-22T04:24:17Z,KLAX,Saturday Night,2026-07-25T18:00:00-07:00,0,68.0,Partly Cloudy,"Partly cloudy, with a low around 68."
122,2026-07-22T04:24:17Z,KLAX,Sunday,2026-07-26T06:00:00-07:00,1,78.0,Sunny,"Sunny, with a high near 78."
123,2026-07-22T04:24:17Z,KLAX,Sunday Night,2026-07-26T18:00:00-07:00,0,70.0,Partly Cloudy,"Partly cloudy, with a low around 70."
124,2026-07-22T04:24:17Z,KLAX,Monday,2026-07-27T06:00:00-07:00,1,79.0,Mostly Sunny,"Mostly sunny, with a high near 79."
125,2026-07-22T04:24:17Z,KLAX,Monday Night,2026-07-27T18:00:00-07:00,0,69.0,Partly Cloudy,"Partly cloudy, with a low around 69."
126,2026-07-22T04:24:17Z,KLAX,Tuesday,2026-07-28T06:00:00-07:00,1,78.0,Mostly Sunny,"Mostly sunny, with a high near 78."
127,2026-07-22T04:24:17Z,KMIA,Tonight,2026-07-21T20:00:00-04:00,0,81.0,Mostly Clear then Slight Chance Showers And Thunderstorms,"A slight chance of showers and thunderstorms after 4am. Mostly clear, with a low around 81. Southeast wind 6 to 10 mph. Chance of precipitation is 20%. New rainfall amounts less than a tenth of an inch possible."
128,2026-07-22T04:24:17Z,KMIA,Wednesday,2026-07-22T06:00:00-04:00,1,93.0,Chance Showers And Thunderstorms,"A chance of showers and thunderstorms before 2pm. Mostly sunny, with a high near 93. Heat index values as high as 101. Southeast wind 7 to 14 mph, with gusts as high as 21 mph. Chance of precipitation is 30%. New rainfall amounts less than a tenth of an inch possible."
129,2026-07-22T04:24:17Z,KMIA,Wednesday Night,2026-07-22T18:00:00-04:00,0,81.0,Mostly Clear,"Mostly clear, with a low around 81. East wind 7 to 12 mph."
130,2026-07-22T04:24:17Z,KMIA,Thursday,2026-07-23T06:00:00-04:00,1,94.0,Slight Chance Showers And Thunderstorms then Sunny,"A slight chance of showers and thunderstorms between 9am and 11am. Sunny, with a high near 94. Heat index values as high as 101. East wind 7 to 14 mph, with gusts as high as 22 mph. Chance of precipitation is 20%."
131,2026-07-22T04:24:17Z,KMIA,Thursday Night,2026-07-23T18:00:00-04:00,0,81.0,Chance Showers And Thunderstorms,"A chance of showers and thunderstorms after 8pm. Partly cloudy, with a low around 81. East wind 7 to 14 mph, with gusts as high as 21 mph. Chance of precipitation is 30%."
132,2026-07-22T04:24:17Z,KMIA,Friday,2026-07-24T06:00:00-04:00,1,93.0,Chance Showers And Thunderstorms,"A chance of showers and thunderstorms. Mostly sunny, with a high near 93. East wind 7 to 12 mph. Chance of precipitation is 40%."
133,2026-07-22T04:24:17Z,KMIA,Friday Night,2026-07-24T18:00:00-04:00,0,81.0,Chance Showers And Thunderstorms,"A chance of showers and thunderstorms. Partly cloudy, with a low around 81. Southeast wind 3 to 12 mph. Chance of precipitation is 40%."
134,2026-07-22T04:24:17Z,KMIA,Saturday,2026-07-25T06:00:00-04:00,1,94.0,Chance Showers And Thunderstorms,"A chance of showers and thunderstorms. Mostly sunny, with a high near 94. Southeast wind 0 to 10 mph. Chance of precipitation is 50%."
135,2026-07-22T04:24:17Z,KMIA,Saturday Night,2026-07-25T18:00:00-04:00,0,80.0,Chance Showers And Thunderstorms then Partly Cloudy,"A chance of showers and thunderstorms before 8pm. Partly cloudy, with a low around 80. South wind 1 to 9 mph. Chance of precipitation is 50%."
136,2026-07-22T04:24:17Z,KMIA,Sunday,2026-07-26T06:00:00-04:00,1,94.0,Mostly Sunny then Showers And Thunderstorms Likely,"Showers and thunderstorms likely after 2pm. Mostly sunny, with a high near 94. Chance of precipitation is 70%."
137,2026-07-22T04:24:17Z,KMIA,Sunday Night,2026-07-26T18:00:00-04:00,0,79.0,Showers And Thunderstorms Likely,"Showers and thunderstorms likely before 2am. Partly cloudy, with a low around 79. Chance of precipitation is 70%."
138,2026-07-22T04:24:17Z,KMIA,Monday,2026-07-27T06:00:00-04:00,1,94.0,Showers And Thunderstorms Likely,"Showers and thunderstorms likely after 8am. Mostly sunny, with a high near 94. Chance of precipitation is 60%."
139,2026-07-22T04:24:17Z,KMIA,Monday Night,2026-07-27T18:00:00-04:00,0,79.0,Showers And Thunderstorms Likely then Partly Cloudy,"Showers and thunderstorms likely before 8pm. Partly cloudy, with a low around 79. Chance of precipitation is 60%."
140,2026-07-22T04:24:17Z,KMIA,Tuesday,2026-07-28T06:00:00-04:00,1,93.0,Chance Showers And Thunderstorms,"A chance of showers and thunderstorms after 8am. Mostly sunny, with a high near 93."
141,2026-07-22T04:24:17Z,KMSP,Tonight,2026-07-21T22:00:00-05:00,0,59.0,Partly Cloudy,"Partly cloudy, with a low around 59. North northeast wind 0 to 10 mph."
142,2026-07-22T04:24:17Z,KMSP,Wednesday,2026-07-22T06:00:00-05:00,1,79.0,Sunny,"Sunny, with a high near 79. North northwest wind 0 to 5 mph."
143,2026-07-22T04:24:17Z,KMSP,Wednesday Night,2026-07-22T18:00:00-05:00,0,60.0,Clear,"Clear, with a low around 60. South wind around 5 mph."
144,2026-07-22T04:24:17Z,KMSP,Thursday,2026-07-23T06:00:00-05:00,1,84.0,Sunny,"Sunny, with a high near 84. Southwest wind 5 to 10 mph."
145,2026-07-22T04:24:17Z,KMSP,Thursday Night,2026-07-23T18:00:00-05:00,0,66.0,Partly Cloudy,"Partly cloudy, with a low around 66. South southwest wind 10 to 15 mph."
146,2026-07-22T04:24:17Z,KMSP,Friday,2026-07-24T06:00:00-05:00,1,85.0,Sunny,"Sunny, with a high near 85. South southwest wind 10 to 15 mph."
147,2026-07-22T04:24:17Z,KMSP,Friday Night,2026-07-24T18:00:00-05:00,0,67.0,Mostly Clear,"Mostly clear, with a low around 67. South southwest wind 10 to 15 mph."
148,2026-07-22T04:24:17Z,KMSP,Saturday,2026-07-25T06:00:00-05:00,1,93.0,Sunny,"Sunny, with a high near 93. Southwest wind around 10 mph."
149,2026-07-22T04:24:17Z,KMSP,Saturday Night,2026-07-25T18:00:00-05:00,0,73.0,Slight Chance Showers And Thunderstorms,"A slight chance of showers and thunderstorms after 7pm. Mostly clear, with a low around 73. Southwest wind 5 to 10 mph. Chance of precipitation is 20%."
150,2026-07-22T04:24:17Z,KMSP,Sunday,2026-07-26T06:00:00-05:00,1,95.0,Slight Chance Showers And Thunderstorms then Sunny,"A slight chance of showers and thunderstorms before 7am. Sunny, with a high near 95. South southwest wind 5 to 10 mph. Chance of precipitation is 20%."
151,2026-07-22T04:24:17Z,KMSP,Sunday Night,2026-07-26T18:00:00-05:00,0,72.0,Slight Chance Showers And Thunderstorms,"A slight chance of showers and thunderstorms after 7pm. Mostly clear, with a low around 72. South southwest wind 5 to 10 mph. Chance of precipitation is 20%."
152,2026-07-22T04:24:17Z,KMSP,Monday,2026-07-27T06:00:00-05:00,1,94.0,Slight Chance Showers And Thunderstorms then Sunny,"A slight chance of showers and thunderstorms before 7am. Sunny, with a high near 94. Northwest wind 5 to 10 mph. Chance of precipitation is 20%."
153,2026-07-22T04:24:17Z,KMSP,Monday Night,2026-07-27T18:00:00-05:00,0,68.0,Mostly Clear,"Mostly clear, with a low around 68. North northeast wind 5 to 10 mph."
154,2026-07-22T04:24:17Z,KMSP,Tuesday,2026-07-28T06:00:00-05:00,1,91.0,Sunny,"Sunny, with a high near 91. North northeast wind around 5 mph."
155,2026-07-22T04:24:17Z,KMSY,Tonight,2026-07-21T22:00:00-05:00,0,81.0,Mostly Clear,"Mostly clear, with a low around 81. North wind around 10 mph, with gusts as high as 25 mph. New rainfall amounts less than a tenth of an inch possible."
156,2026-07-22T04:24:17Z,KMSY,Wednesday,2026-07-22T06:00:00-05:00,1,96.0,Mostly Sunny then Slight Chance Showers And Thunderstorms,"A slight chance of showers and thunderstorms after noon. Mostly sunny. High near 96, with temperatures falling to around 94 in the afternoon. Heat index values as high as 111. North wind 10 to 20 mph, with gusts as high as 40 mph. Chance of precipitation is 20%. New rainfall amounts less than a tenth of an inch possible."
157,2026-07-22T04:24:17Z,KMSY,Wednesday Night,2026-07-22T18:00:00-05:00,0,81.0,Chance Showers And Thunderstorms then Showers And Thunderstorms Likely,"A chance of showers and thunderstorms before 10pm, then showers and thunderstorms likely. Mostly cloudy, with a low around 81. Heat index values as high as 109. East wind 10 to 20 mph, with gusts as high as 40 mph. Chance of precipitation is 60%. New rainfall amounts less than a tenth of an inch possible."
158,2026-07-22T04:24:17Z,KMSY,Thursday,2026-07-23T06:00:00-05:00,1,92.0,Showers And Thunderstorms Likely,"Showers and thunderstorms likely before 1pm, then a chance of showers and thunderstorms. Mostly sunny, with a high near 92. Heat index values as high as 105. Southeast wind around 15 mph, with gusts as high as 35 mph. Chance of precipitation is 60%."
159,2026-07-22T04:24:17Z,KMSY,Thursday Night,2026-07-23T18:00:00-05:00,0,80.0,Chance Showers And Thunderstorms,"A chance of showers and thunderstorms. Partly cloudy, with a low around 80. South wind 10 to 15 mph. Chance of precipitation is 50%."
160,2026-07-22T04:24:17Z,KMSY,Friday,2026-07-24T06:00:00-05:00,1,92.0,Chance Showers And Thunderstorms,"A chance of showers and thunderstorms before 10am, then a chance of showers and thunderstorms. Mostly sunny, with a high near 92. South wind 5 to 10 mph. Chance of precipitation is 40%."
161,2026-07-22T04:24:17Z,KMSY,Friday Night,2026-07-24T18:00:00-05:00,0,78.0,Chance Showers And Thunderstorms then Partly Cloudy,"A chance of showers and thunderstorms before 7pm. Partly cloudy, with a low around 78. Southwest wind 5 to 10 mph. Chance of precipitation is 40%."
162,2026-07-22T04:24:17Z,KMSY,Saturday,2026-07-25T06:00:00-05:00,1,93.0,Mostly Sunny then Chance Showers And Thunderstorms,"A chance of showers and thunderstorms after 1pm. Mostly sunny, with a high near 93. Southwest wind around 5 mph."
163,2026-07-22T04:24:17Z,KMSY,Saturday Night,2026-07-25T18:00:00-05:00,0,78.0,Chance Showers And Thunderstorms then Partly Cloudy,"A chance of showers and thunderstorms before 7pm. Partly cloudy, with a low around 78. Southwest wind 5 to 10 mph."
164,2026-07-22T04:24:17Z,KMSY,Sunday,2026-07-26T06:00:00-05:00,1,93.0,Mostly Sunny then Slight Chance Showers And Thunderstorms,"A slight chance of showers and thunderstorms after 1pm. Mostly sunny, with a high near 93. West wind 5 to 10 mph."
165,2026-07-22T04:24:17Z,KMSY,Sunday Night,2026-07-26T18:00:00-05:00,0,78.0,Slight Chance Showers And Thunderstorms then Mostly Clear,"A slight chance of showers and thunderstorms before 7pm. Mostly clear, with a low around 78. Southwest wind around 10 mph."
166,2026-07-22T04:24:17Z,KMSY,Monday,2026-07-27T06:00:00-05:00,1,96.0,Sunny then Slight Chance Showers And Thunderstorms,"A slight chance of showers and thunderstorms after 1pm. Sunny, with a high near 96. West wind around 10 mph."
167,2026-07-22T04:24:17Z,KMSY,Monday Night,2026-07-27T18:00:00-05:00,0,79.0,Slight Chance Showers And Thunderstorms then Mostly Clear,"A slight chance of showers and thunderstorms before 7pm. Mostly clear, with a low around 79. West wind around 10 mph."
168,2026-07-22T04:24:17Z,KMSY,Tuesday,2026-07-28T06:00:00-05:00,1,98.0,Sunny,"Sunny, with a high near 98. West wind around 10 mph."
169,2026-07-22T04:24:17Z,KNYC,Tonight,2026-07-21T20:00:00-04:00,0,72.0,Showers And Thunderstorms Likely,"Showers and thunderstorms likely. Mostly cloudy, with a low around 72. Southwest wind 5 to 10 mph, with gusts as high as 21 mph. Chance of precipitation is 70%. New rainfall amounts between a tenth and quarter of an inch possible."
170,2026-07-22T04:24:17Z,KNYC,Wednesday,2026-07-22T06:00:00-04:00,1,84.0,Slight Chance Rain Showers then Slight Chance Showers And Thunderstorms,"A slight chance of rain showers before 2pm, then a slight chance of showers and thunderstorms. Mostly sunny, with a high near 84. West wind around 6 mph. Chance of precipitation is 20%. New rainfall amounts less than a tenth of an inch possible."
171,2026-07-22T04:24:17Z,KNYC,Wednesday Night,2026-07-22T18:00:00-04:00,0,64.0,Slight Chance Showers And Thunderstorms then Partly Cloudy,"A slight chance of showers and thunderstorms before 8pm. Partly cloudy, with a low around 64. Northwest wind around 7 mph. Chance of precipitation is 20%."
172,2026-07-22T04:24:17Z,KNYC,Thursday,2026-07-23T06:00:00-04:00,1,80.0,Sunny,"Sunny, with a high near 80. Northeast wind around 5 mph."
173,2026-07-22T04:24:17Z,KNYC,Thursday Night,2026-07-23T18:00:00-04:00,0,65.0,Mostly Clear,"Mostly clear, with a low around 65. East wind around 2 mph."
174,2026-07-22T04:24:17Z,KNYC,Friday,2026-07-24T06:00:00-04:00,1,81.0,Sunny,"Sunny, with a high near 81."
175,2026-07-22T04:24:17Z,KNYC,Friday Night,2026-07-24T18:00:00-04:00,0,66.0,Partly Cloudy,"Partly cloudy, with a low around 66."
176,2026-07-22T04:24:17Z,KNYC,Saturday,2026-07-25T06:00:00-04:00,1,80.0,Mostly Sunny,"Mostly sunny, with a high near 80."
177,2026-07-22T04:24:17Z,KNYC,Saturday Night,2026-07-25T18:00:00-04:00,0,66.0,Partly Cloudy,"Partly cloudy, with a low around 66."
178,2026-07-22T04:24:17Z,KNYC,Sunday,2026-07-26T06:00:00-04:00,1,83.0,Mostly Sunny,"Mostly sunny, with a high near 83."
179,2026-07-22T04:24:17Z,KNYC,Sunday Night,2026-07-26T18:00:00-04:00,0,70.0,Chance Rain Showers,"A chance of rain showers after 8pm. Partly cloudy, with a low around 70. Chance of precipitation is 30%."
180,2026-07-22T04:24:17Z,KNYC,Monday,2026-07-27T06:00:00-04:00,1,86.0,Chance Rain Showers then Chance Showers And Thunderstorms,"A chance of rain showers before 8am, then a chance of showers and thunderstorms. Mostly sunny, with a high near 86. Chance of precipitation is 30%."
181,2026-07-22T04:24:17Z,KNYC,Monday Night,2026-07-27T18:00:00-04:00,0,71.0,Chance Showers And Thunderstorms,"A chance of showers and thunderstorms before 8pm, then a chance of showers and thunderstorms. Mostly cloudy, with a low around 71. Chance of precipitation is 40%."
182,2026-07-22T04:24:17Z,KNYC,Tuesday,2026-07-28T06:00:00-04:00,1,84.0,Chance Showers And Thunderstorms,"A chance of showers and thunderstorms. Partly sunny, with a high near 84."
183,2026-07-22T04:24:17Z,KOKC,Tonight,2026-07-21T21:00:00-05:00,0,77.0,Clear,"Clear, with a low around 77. Heat index values as high as 97. East northeast wind around 10 mph."
184,2026-07-22T04:24:17Z,KOKC,Wednesday,2026-07-22T06:00:00-05:00,1,97.0,Sunny,"Sunny, with a high near 97. Heat index values as high as 98. East northeast wind 10 to 14 mph, with gusts as high as 20 mph."
185,2026-07-22T04:24:17Z,KOKC,Wednesday Night,2026-07-22T18:00:00-05:00,0,74.0,Clear,"Clear, with a low around 74. East wind 9 to 14 mph, with gusts as high as 20 mph."
186,2026-07-22T04:24:17Z,KOKC,Thursday,2026-07-23T06:00:00-05:00,1,98.0,Sunny,"Sunny, with a high near 98. Heat index values as high as 101. Southeast wind 9 to 15 mph, with gusts as high as 22 mph."
187,2026-07-22T04:24:17Z,KOKC,Thursday Night,2026-07-23T18:00:00-05:00,0,76.0,Mostly Clear,"Mostly clear, with a low around 76. South southeast wind around 16 mph, with gusts as high as 23 mph."
188,2026-07-22T04:24:17Z,KOKC,Friday,2026-07-24T06:00:00-05:00,1,101.0,Mostly Sunny,"Mostly sunny, with a high near 101."
189,2026-07-22T04:24:17Z,KOKC,Friday Night,2026-07-24T18:00:00-05:00,0,78.0,Partly Cloudy,"Partly cloudy, with a low around 78."
190,2026-07-22T04:24:17Z,KOKC,Saturday,2026-07-25T06:00:00-05:00,1,102.0,Mostly Sunny,"Mostly sunny, with a high near 102."
191,2026-07-22T04:24:17Z,KOKC,Saturday Night,2026-07-25T18:00:00-05:00,0,79.0,Mostly Clear,"Mostly clear, with a low around 79."
192,2026-07-22T04:24:17Z,KOKC,Sunday,2026-07-26T06:00:00-05:00,1,104.0,Sunny,"Sunny, with a high near 104."
193,2026-07-22T04:24:17Z,KOKC,Sunday Night,2026-07-26T18:00:00-05:00,0,80.0,Mostly Clear,"Mostly clear, with a low around 80."
194,2026-07-22T04:24:17Z,KOKC,Monday,2026-07-27T06:00:00-05:00,1,104.0,Sunny,"Sunny, with a high near 104."
195,2026-07-22T04:24:17Z,KOKC,Monday Night,2026-07-27T18:00:00-05:00,0,80.0,Mostly Clear,"Mostly clear, with a low around 80."
196,2026-07-22T04:24:17Z,KOKC,Tuesday,2026-07-28T06:00:00-05:00,1,103.0,Mostly Sunny,"Mostly sunny, with a high near 103."
197,2026-07-22T04:24:17Z,KPHL,Tonight,2026-07-21T22:00:00-04:00,0,71.0,Chance Showers And Thunderstorms,"A chance of showers and thunderstorms before 5am. Some of the storms could produce heavy rain. Mostly cloudy, with a low around 71. Southwest wind around 10 mph. Chance of precipitation is 50%. New rainfall amounts between a half and three quarters of an inch possible."
198,2026-07-22T04:24:17Z,KPHL,Wednesday,2026-07-22T06:00:00-04:00,1,85.0,Slight Chance Showers And Thunderstorms,"A chance of rain showers between 8am and 11am, then a slight chance of showers and thunderstorms between 11am and 5pm, then a chance of showers and thunderstorms. Mostly sunny, with a high near 85. West wind 5 to 10 mph. Chance of precipitation is 40%. New rainfall amounts less than a tenth of an inch possible."
199,2026-07-22T04:24:17Z,KPHL,Wednesday Night,2026-07-22T18:00:00-04:00,0,66.0,Chance Showers And Thunderstorms,"A chance of showers and thunderstorms before 7pm, then a chance of showers and thunderstorms between 7pm and 3am. Mostly cloudy, with a low around 66. Northwest wind around 5 mph. Chance of precipitation is 40%. New rainfall amounts less than a tenth of an inch possible."
200,2026-07-22T04:24:17Z,KPHL,Thursday,2026-07-23T06:00:00-04:00,1,81.0,Sunny,"Sunny, with a high near 81. North wind around 5 mph."
201,2026-07-22T04:24:17Z,KPHL,Thursday Night,2026-07-23T18:00:00-04:00,0,63.0,Clear,"Clear, with a low around 63. East wind 0 to 5 mph."
202,2026-07-22T04:24:17Z,KPHL,Friday,2026-07-24T06:00:00-04:00,1,83.0,Sunny,"Sunny, with a high near 83."
203,2026-07-22T04:24:17Z,KPHL,Friday Night,2026-07-24T18:00:00-04:00,0,64.0,Partly Cloudy,"Partly cloudy, with a low around 64."
204,2026-07-22T04:24:17Z,KPHL,Saturday,2026-07-25T06:00:00-04:00,1,82.0,Mostly Sunny then Slight Chance Rain Showers,"A slight chance of rain showers after 2pm. Mostly sunny, with a high near 82."
205,2026-07-22T04:24:17Z,KPHL,Saturday Night,2026-07-25T18:00:00-04:00,0,65.0,Slight Chance Rain Showers then Partly Cloudy,"A slight chance of rain showers before 8pm. Partly cloudy, with a low around 65."
206,2026-07-22T04:24:17Z,KPHL,Sunday,2026-07-26T06:00:00-04:00,1,84.0,Mostly Sunny,"Mostly sunny, with a high near 84."
207,2026-07-22T04:24:17Z,KPHL,Sunday Night,2026-07-26T18:00:00-04:00,0,68.0,Chance Rain Showers,"A chance of rain showers after 8pm. Partly cloudy, with a low around 68. Chance of precipitation is 30%."
208,2026-07-22T04:24:17Z,KPHL,Monday,2026-07-27T06:00:00-04:00,1,88.0,Slight Chance Rain Showers then Chance Showers And Thunderstorms,"A slight chance of rain showers before 8am, then a chance of showers and thunderstorms. Partly sunny, with a high near 88. Chance of precipitation is 50%."
209,2026-07-22T04:24:17Z,KPHL,Monday Night,2026-07-27T18:00:00-04:00,0,68.0,Chance Showers And Thunderstorms,"A chance of showers and thunderstorms before 8pm, then a chance of showers and thunderstorms. Mostly cloudy, with a low around 68. Chance of precipitation is 50%."
210,2026-07-22T04:24:17Z,KPHL,Tuesday,2026-07-28T06:00:00-04:00,1,86.0,Chance Rain Showers,"A chance of rain showers. Mostly sunny, with a high near 86."
211,2026-07-22T04:24:17Z,KPHX,Tonight,2026-07-21T18:00:00-07:00,0,86.0,Chance Showers And Thunderstorms,"A chance of showers and thunderstorms before 8pm, then a chance of showers and thunderstorms between 8pm and 9pm, then a slight chance of showers and thunderstorms between 9pm and 5am. Mostly cloudy. Low around 86, with temperatures rising to around 88 overnight. Northeast wind 5 to 10 mph. Chance of precipitation is 50%. New rainfall amounts less than a tenth of an inch possible."
212,2026-07-22T04:24:17Z,KPHX,Wednesday,2026-07-22T06:00:00-07:00,1,105.0,Sunny,"Sunny, with a high near 105. North northeast wind 0 to 5 mph."
213,2026-07-22T04:24:17Z,KPHX,Wednesday Night,2026-07-22T18:00:00-07:00,0,90.0,Mostly Clear,"Mostly clear. Low around 90, with temperatures rising to around 92 overnight. Northeast wind around 5 mph."
214,2026-07-22T04:24:17Z,KPHX,Thursday,2026-07-23T06:00:00-07:00,1,111.0,Sunny,"Sunny, with a high near 111. Heat index values as high as 113. East wind 0 to 10 mph."
215,2026-07-22T04:24:17Z,KPHX,Thursday Night,2026-07-23T18:00:00-07:00,0,93.0,Mostly Clear,"Mostly clear, with a low around 93. North wind 5 to 10 mph."
216,2026-07-22T04:24:17Z,KPHX,Friday,2026-07-24T06:00:00-07:00,1,113.0,Sunny,"Sunny, with a high near 113. South wind around 5 mph."
217,2026-07-22T04:24:17Z,KPHX,Friday Night,2026-07-24T18:00:00-07:00,0,94.0,Mostly Clear,"Mostly clear, with a low around 94. West wind around 5 mph."
218,2026-07-22T04:24:17Z,KPHX,Saturday,2026-07-25T06:00:00-07:00,1,114.0,Sunny then Slight Chance Showers And Thunderstorms,"A slight chance of showers and thunderstorms after 5pm. Sunny, with a high near 114. West southwest wind 0 to 5 mph."
219,2026-07-22T04:24:17Z,KPHX,Saturday Night,2026-07-25T18:00:00-07:00,0,92.0,Slight Chance Showers And Thunderstorms then Partly Cloudy,"A slight chance of showers and thunderstorms before 11pm. Partly cloudy, with a low around 92. South southwest wind around 5 mph."
220,2026-07-22T04:24:17Z,KPHX,Sunday,2026-07-26T06:00:00-07:00,1,113.0,Mostly Sunny then Slight Chance Showers And Thunderstorms,"A slight chance of showers and thunderstorms after 5pm. Mostly sunny, with a high near 113. West southwest wind around 5 mph. Chance of precipitation is 20%."
221,2026-07-22T04:24:17Z,KPHX,Sunday Night,2026-07-26T18:00:00-07:00,0,92.0,Slight Chance Showers And Thunderstorms then Mostly Cloudy,"A slight chance of showers and thunderstorms before 11pm. Mostly cloudy, with a low around 92. West southwest wind around 5 mph. Chance of precipitation is 20%."
222,2026-07-22T04:24:17Z,KPHX,Monday,2026-07-27T06:00:00-07:00,1,109.0,Mostly Sunny then Chance Showers And Thunderstorms,"A chance of showers and thunderstorms after 5pm. Mostly sunny, with a high near 109. West southwest wind 5 to 10 mph. Chance of precipitation is 30%. New rainfall amounts less than a tenth of an inch possible."
223,2026-07-22T04:24:17Z,KPHX,Monday Night,2026-07-27T18:00:00-07:00,0,89.0,Chance Showers And Thunderstorms,"A chance of showers and thunderstorms before 11pm, then a chance of showers and thunderstorms between 11pm and 5am, then a slight chance of showers and thunderstorms. Mostly cloudy, with a low around 89. Southwest wind 5 to 10 mph. Chance of precipitation is 30%. New rainfall amounts less than a tenth of an inch possible."
224,2026-07-22T04:24:17Z,KPHX,Tuesday,2026-07-28T06:00:00-07:00,1,105.0,Slight Chance Showers And Thunderstorms,"A slight chance of showers and thunderstorms. Mostly sunny, with a high near 105. West southwest wind around 5 mph. Chance of precipitation is 20%."
225,2026-07-22T04:24:17Z,KSAT,Tonight,2026-07-21T19:00:00-05:00,0,79.0,Mostly Clear,"Mostly clear, with a low around 79. Heat index values as high as 100. South southeast wind 0 to 5 mph."
226,2026-07-22T04:24:17Z,KSAT,Wednesday,2026-07-22T06:00:00-05:00,1,101.0,Sunny,"Sunny, with a high near 101. Heat index values as high as 109. North northwest wind around 5 mph."
227,2026-07-22T04:24:17Z,KSAT,Wednesday Night,2026-07-22T18:00:00-05:00,0,83.0,Mostly Clear,"Mostly clear, with a low around 83. Heat index values as high as 108. East southeast wind 0 to 5 mph."
228,2026-07-22T04:24:17Z,KSAT,Thursday,2026-07-23T06:00:00-05:00,1,99.0,Sunny,"Sunny, with a high near 99. Heat index values as high as 107. Northeast wind 5 to 10 mph."
229,2026-07-22T04:24:17Z,KSAT,Thursday Night,2026-07-23T18:00:00-05:00,0,82.0,Mostly Clear,"Mostly clear, with a low around 82. East southeast wind 5 to 10 mph."
230,2026-07-22T04:24:17Z,KSAT,Friday,2026-07-24T06:00:00-05:00,1,97.0,Sunny,"Sunny, with a high near 97. South southeast wind 5 to 10 mph."
231,2026-07-22T04:24:17Z,KSAT,Friday Night,2026-07-24T18:00:00-05:00,0,79.0,Mostly Clear,"Mostly clear, with a low around 79. South southeast wind 5 to 10 mph, with gusts as high as 20 mph."
232,2026-07-22T04:24:17Z,KSAT,Saturday,2026-07-25T06:00:00-05:00,1,97.0,Sunny,"Sunny, with a high near 97. South southeast wind around 5 mph."
233,2026-07-22T04:24:17Z,KSAT,Saturday Night,2026-07-25T18:00:00-05:00,0,77.0,Mostly Clear,"Mostly clear, with a low around 77. South southeast wind 5 to 15 mph, with gusts as high as 25 mph."
234,2026-07-22T04:24:17Z,KSAT,Sunday,2026-07-26T06:00:00-05:00,1,96.0,Mostly Sunny,"Mostly sunny, with a high near 96."
235,2026-07-22T04:24:17Z,KSAT,Sunday Night,2026-07-26T18:00:00-05:00,0,77.0,Mostly Clear,"Mostly clear, with a low around 77."
236,2026-07-22T04:24:17Z,KSAT,Monday,2026-07-27T06:00:00-05:00,1,97.0,Sunny,"Sunny, with a high near 97."
237,2026-07-22T04:24:17Z,KSAT,Monday Night,2026-07-27T18:00:00-05:00,0,77.0,Mostly Clear,"Mostly clear, with a low around 77."
238,2026-07-22T04:24:17Z,KSAT,Tuesday,2026-07-28T06:00:00-05:00,1,98.0,Sunny,"Sunny, with a high near 98."
239,2026-07-22T04:24:17Z,KSFO,Tonight,2026-07-21T21:00:00-07:00,0,65.0,Partly Cloudy,"Partly cloudy, with a low around 65. South southwest wind 13 to 23 mph, with gusts as high as 28 mph."
240,2026-07-22T04:24:17Z,KSFO,Wednesday,2026-07-22T06:00:00-07:00,1,76.0,Mostly Sunny,"Mostly sunny. High near 76, with temperatures falling to around 74 in the afternoon. Southwest wind 12 to 18 mph."
241,2026-07-22T04:24:17Z,KSFO,Wednesday Night,2026-07-22T18:00:00-07:00,0,60.0,Mostly Cloudy,"Mostly cloudy, with a low around 60. West wind 9 to 17 mph, with gusts as high as 21 mph."
242,2026-07-22T04:24:17Z,KSFO,Thursday,2026-07-23T06:00:00-07:00,1,70.0,Mostly Sunny,"Mostly sunny, with a high near 70. West wind 9 to 21 mph, with gusts as high as 29 mph."
243,2026-07-22T04:24:17Z,KSFO,Thursday Night,2026-07-23T18:00:00-07:00,0,57.0,Partly Cloudy,"Partly cloudy, with a low around 57. West wind 12 to 21 mph, with gusts as high as 29 mph."
244,2026-07-22T04:24:17Z,KSFO,Friday,2026-07-24T06:00:00-07:00,1,70.0,Mostly Sunny,"Mostly sunny, with a high near 70."
245,2026-07-22T04:24:17Z,KSFO,Friday Night,2026-07-24T18:00:00-07:00,0,58.0,Mostly Clear,"Mostly clear, with a low around 58."
246,2026-07-22T04:24:17Z,KSFO,Saturday,2026-07-25T06:00:00-07:00,1,68.0,Sunny,"Sunny, with a high near 68."
247,2026-07-22T04:24:17Z,KSFO,Saturday Night,2026-07-25T18:00:00-07:00,0,58.0,Partly Cloudy,"Partly cloudy, with a low around 58."
248,2026-07-22T04:24:17Z,KSFO,Sunday,2026-07-26T06:00:00-07:00,1,68.0,Mostly Sunny,"Mostly sunny, with a high near 68."
249,2026-07-22T04:24:17Z,KSFO,Sunday Night,2026-07-26T18:00:00-07:00,0,58.0,Mostly Clear,"Mostly clear, with a low around 58."
250,2026-07-22T04:24:17Z,KSFO,Monday,2026-07-27T06:00:00-07:00,1,68.0,Sunny,"Sunny, with a high near 68."
251,2026-07-22T04:24:17Z,KSFO,Monday Night,2026-07-27T18:00:00-07:00,0,58.0,Mostly Clear,"Mostly clear, with a low around 58."
252,2026-07-22T04:24:17Z,KSFO,Tuesday,2026-07-28T06:00:00-07:00,1,68.0,Sunny,"Sunny, with a high near 68."
253,2026-07-22T04:24:17Z,KSEA,Tonight,2026-07-21T19:00:00-07:00,0,65.0,Mostly Clear,"Mostly clear. Low around 65, with temperatures rising to around 67 overnight. North wind 3 to 8 mph."
254,2026-07-22T04:24:17Z,KSEA,Wednesday,2026-07-22T06:00:00-07:00,1,94.0,Sunny,"Sunny, with a high near 94. North wind 3 to 9 mph."
255,2026-07-22T04:24:17Z,KSEA,Wednesday Night,2026-07-22T18:00:00-07:00,0,65.0,Mostly Cloudy then Slight Chance Light Rain,"A slight chance of rain after 5am. Mostly cloudy. Low around 65, with temperatures rising to around 67 overnight. West wind 6 to 12 mph. Chance of precipitation is 20%."
256,2026-07-22T04:24:17Z,KSEA,Thursday,2026-07-23T06:00:00-07:00,1,81.0,Slight Chance Light Rain then Mostly Sunny,"A slight chance of rain before 11am. Mostly sunny, with a high near 81. Southwest wind around 12 mph. Chance of precipitation is 20%."
257,2026-07-22T04:24:17Z,KSEA,Thursday Night,2026-07-23T18:00:00-07:00,0,61.0,Partly Cloudy,"Partly cloudy, with a low around 61. Southwest wind 7 to 12 mph."
258,2026-07-22T04:24:17Z,KSEA,Friday,2026-07-24T06:00:00-07:00,1,82.0,Mostly Sunny,"Mostly sunny, with a high near 82."
259,2026-07-22T04:24:17Z,KSEA,Friday Night,2026-07-24T18:00:00-07:00,0,59.0,Partly Cloudy,"Partly cloudy, with a low around 59."
260,2026-07-22T04:24:17Z,KSEA,Saturday,2026-07-25T06:00:00-07:00,1,72.0,Partly Sunny,"Partly sunny, with a high near 72."
261,2026-07-22T04:24:17Z,KSEA,Saturday Night,2026-07-25T18:00:00-07:00,0,58.0,Mostly Cloudy,"Mostly cloudy, with a low around 58."
262,2026-07-22T04:24:17Z,KSEA,Sunday,2026-07-26T06:00:00-07:00,1,75.0,Partly Sunny,"Partly sunny, with a high near 75."
263,2026-07-22T04:24:17Z,KSEA,Sunday Night,2026-07-26T18:00:00-07:00,0,57.0,Partly Cloudy,"Partly cloudy, with a low around 57."
264,2026-07-22T04:24:17Z,KSEA,Monday,2026-07-27T06:00:00-07:00,1,74.0,Mostly Sunny,"Mostly sunny, with a high near 74."
265,2026-07-22T04:24:17Z,KSEA,Monday Night,2026-07-27T18:00:00-07:00,0,57.0,Partly Cloudy,"Partly cloudy, with a low around 57."
266,2026-07-22T04:24:17Z,KSEA,Tuesday,2026-07-28T06:00:00-07:00,1,73.0,Mostly Sunny,"Mostly sunny, with a high near 73."
267,2026-07-22T04:24:17Z,KDCA,Tonight,2026-07-21T23:00:00-04:00,0,73.0,Chance Showers And Thunderstorms then Scattered Showers And Thunderstorms,"A chance of showers and thunderstorms before midnight, then scattered showers and thunderstorms between midnight and 1am, then a chance of showers and thunderstorms. Mostly cloudy, with a low around 73. Southwest wind around 9 mph, with gusts as high as 18 mph. Chance of precipitation is 70%. New rainfall amounts less than a tenth of an inch possible."
268,2026-07-22T04:24:17Z,KDCA,Wednesday,2026-07-22T06:00:00-04:00,1,86.0,Showers And Thunderstorms Likely,"A slight chance of rain showers between 11am and 2pm, then showers and thunderstorms likely. Partly sunny, with a high near 86. West wind 6 to 12 mph. Chance of precipitation is 60%. New rainfall amounts between a half and three quarters of an inch possible."
269,2026-07-22T04:24:17Z,KDCA,Wednesday Night,2026-07-22T18:00:00-04:00,0,66.0,Showers And Thunderstorms Likely then Mostly Cloudy,"Showers and thunderstorms likely before 9pm. Mostly cloudy, with a low around 66. Northwest wind 7 to 10 mph. Chance of precipitation is 60%. New rainfall amounts between a half and three quarters of an inch possible."
270,2026-07-22T04:24:17Z,KDCA,Thursday,2026-07-23T06:00:00-04:00,1,81.0,Mostly Sunny,"Mostly sunny, with a high near 81. Northeast wind 7 to 12 mph."
271,2026-07-22T04:24:17Z,KDCA,Thursday Night,2026-07-23T18:00:00-04:00,0,65.0,Partly Cloudy,"Partly cloudy, with a low around 65. East wind around 6 mph."
272,2026-07-22T04:24:17Z,KDCA,Friday,2026-07-24T06:00:00-04:00,1,82.0,Sunny,"Sunny, with a high near 82."
273,2026-07-22T04:24:17Z,KDCA,Friday Night,2026-07-24T18:00:00-04:00,0,67.0,Partly Cloudy then Slight Chance Rain Showers,"A slight chance of rain showers after 2am. Partly cloudy, with a low around 67. Chance of precipitation is 20%."
274,2026-07-22T04:24:17Z,KDCA,Saturday,2026-07-25T06:00:00-04:00,1,81.0,Slight Chance Rain Showers,"A slight chance of rain showers. Partly sunny, with a high near 81. Chance of precipitation is 20%."
275,2026-07-22T04:24:17Z,KDCA,Saturday Night,2026-07-25T18:00:00-04:00,0,68.0,Slight Chance Rain Showers then Partly Cloudy,"A slight chance of rain showers before 8pm. Partly cloudy, with a low around 68. Chance of precipitation is 20%."
276,2026-07-22T04:24:17Z,KDCA,Sunday,2026-07-26T06:00:00-04:00,1,86.0,Mostly Sunny then Slight Chance Showers And Thunderstorms,"A slight chance of showers and thunderstorms after 2pm. Mostly sunny, with a high near 86. Chance of precipitation is 20%."
277,2026-07-22T04:24:17Z,KDCA,Sunday Night,2026-07-26T18:00:00-04:00,0,71.0,Slight Chance Showers And Thunderstorms then Chance Showers And Thunderstorms,"A slight chance of showers and thunderstorms before 8pm, then a chance of showers and thunderstorms. Partly cloudy, with a low around 71. Chance of precipitation is 30%."
278,2026-07-22T04:24:17Z,KDCA,Monday,2026-07-27T06:00:00-04:00,1,89.0,Slight Chance Rain Showers then Chance Showers And Thunderstorms,"A slight chance of rain showers before 8am, then a chance of showers and thunderstorms. Mostly sunny, with a high near 89. Chance of precipitation is 30%."
279,2026-07-22T04:24:17Z,KDCA,Monday Night,2026-07-27T18:00:00-04:00,0,73.0,Chance Showers And Thunderstorms,"A chance of showers and thunderstorms before 8pm, then a chance of showers and thunderstorms. Mostly cloudy, with a low around 73. Chance of precipitation is 40%."
280,2026-07-22T04:24:17Z,KDCA,Tuesday,2026-07-28T06:00:00-04:00,1,88.0,Chance Rain Showers,"A chance of rain showers before 2pm, then a chance of showers and thunderstorms. Partly sunny, with a high near 88."
