id,run_at,icao,period_name,start_time,is_daytime,temp_f,short_fcst,detailed_fcst
1,2026-06-21T00:01:28Z,KATL,Tonight,2026-06-20T19:00:00-04:00,0,69.0,Chance Showers And Thunderstorms then Mostly Cloudy,"A chance of showers and thunderstorms before 8pm. Mostly cloudy, with a low around 69. West wind 0 to 5 mph. Chance of precipitation is 30%."
2,2026-06-21T00:01:28Z,KATL,Sunday,2026-06-21T06:00:00-04:00,1,89.0,Mostly Sunny then Slight Chance Showers And Thunderstorms,"A slight chance of showers and thunderstorms after 5pm. Mostly sunny, with a high near 89. West wind around 5 mph. Chance of precipitation is 20%."
3,2026-06-21T00:01:28Z,KATL,Sunday Night,2026-06-21T18:00:00-04:00,0,73.0,Chance Showers And Thunderstorms then Mostly Clear,"A chance of showers and thunderstorms before 7pm, then a chance of showers and thunderstorms between 7pm and 8pm, then a slight chance of showers and thunderstorms between 8pm and 9pm. Mostly clear, with a low around 73. Southwest wind around 5 mph. Chance of precipitation is 40%."
4,2026-06-21T00:01:28Z,KATL,Monday,2026-06-22T06:00:00-04:00,1,89.0,Mostly Sunny then Showers And Thunderstorms Likely,"Showers and thunderstorms likely between 2pm and 5pm, then showers and thunderstorms likely. Mostly sunny, with a high near 89. Southwest wind 5 to 15 mph, with gusts as high as 25 mph. Chance of precipitation is 60%."
5,2026-06-21T00:01:28Z,KATL,Monday Night,2026-06-22T18:00:00-04:00,0,73.0,Showers And Thunderstorms Likely,"Showers and thunderstorms likely before 8pm, then showers and thunderstorms likely between 8pm and 2am, then a slight chance of showers and thunderstorms. Partly cloudy, with a low around 73. West wind 5 to 10 mph, with gusts as high as 25 mph. Chance of precipitation is 60%."
6,2026-06-21T00:01:28Z,KATL,Tuesday,2026-06-23T06:00:00-04:00,1,87.0,Showers And Thunderstorms Likely,"A slight chance of rain showers before 11am, then showers and thunderstorms likely. Partly sunny, with a high near 87. Chance of precipitation is 60%."
7,2026-06-21T00:01:28Z,KATL,Tuesday Night,2026-06-23T18:00:00-04:00,0,70.0,Showers And Thunderstorms Likely,"Showers and thunderstorms likely before 2am. Partly cloudy, with a low around 70. Chance of precipitation is 60%."
8,2026-06-21T00:01:28Z,KATL,Wednesday,2026-06-24T06:00:00-04:00,1,87.0,Mostly Sunny then Chance Showers And Thunderstorms,"A chance of showers and thunderstorms after 2pm. Mostly sunny, with a high near 87. Chance of precipitation is 40%."
9,2026-06-21T00:01:28Z,KATL,Wednesday Night,2026-06-24T18:00:00-04:00,0,70.0,Chance Showers And Thunderstorms,"A chance of showers and thunderstorms before 2am. Partly cloudy, with a low around 70. Chance of precipitation is 40%."
10,2026-06-21T00:01:28Z,KATL,Thursday,2026-06-25T06:00:00-04:00,1,87.0,Mostly Sunny then Chance Showers And Thunderstorms,"A chance of showers and thunderstorms after 2pm. Mostly sunny, with a high near 87. Chance of precipitation is 30%."
11,2026-06-21T00:01:28Z,KATL,Thursday Night,2026-06-25T18:00:00-04:00,0,70.0,Chance Showers And Thunderstorms,"A chance of showers and thunderstorms before 2am. Partly cloudy, with a low around 70. Chance of precipitation is 30%."
12,2026-06-21T00:01:28Z,KATL,Friday,2026-06-26T06:00:00-04:00,1,87.0,Partly Sunny then Chance Showers And Thunderstorms,"A chance of showers and thunderstorms after 2pm. Partly sunny, with a high near 87. Chance of precipitation is 30%."
13,2026-06-21T00:01:28Z,KATL,Friday Night,2026-06-26T18:00:00-04:00,0,71.0,Chance Showers And Thunderstorms then Partly Cloudy,"A chance of showers and thunderstorms before 8pm. Partly cloudy, with a low around 71. Chance of precipitation is 30%."
14,2026-06-21T00:01:28Z,KATL,Saturday,2026-06-27T06:00:00-04:00,1,88.0,Chance Showers And Thunderstorms,"A chance of showers and thunderstorms after 8am. Mostly sunny, with a high near 88."
15,2026-06-21T00:01:28Z,KAUS,Tonight,2026-06-20T18:00:00-05:00,0,77.0,Chance Showers And Thunderstorms then Partly Cloudy,"A chance of showers and thunderstorms before 10pm. Partly cloudy, with a low around 77. South southeast wind around 5 mph. Chance of precipitation is 50%. New rainfall amounts less than a tenth of an inch possible."
16,2026-06-21T00:01:28Z,KAUS,Sunday,2026-06-21T06:00:00-05:00,1,92.0,Slight Chance Showers And Thunderstorms,"A slight chance of rain showers between 7am and 10am, then a slight chance of showers and thunderstorms. Partly sunny, with a high near 92. Heat index values as high as 105. South wind 5 to 15 mph, with gusts as high as 25 mph. Chance of precipitation is 20%."
17,2026-06-21T00:01:28Z,KAUS,Sunday Night,2026-06-21T18:00:00-05:00,0,79.0,Slight Chance Rain Showers then Mostly Cloudy,"A slight chance of rain showers before 7pm. Mostly cloudy, with a low around 79. Heat index values as high as 103. South wind 10 to 15 mph, with gusts as high as 25 mph. Chance of precipitation is 20%."
18,2026-06-21T00:01:28Z,KAUS,Monday,2026-06-22T06:00:00-05:00,1,94.0,Mostly Sunny,"Mostly sunny, with a high near 94. Heat index values as high as 104. South wind 10 to 15 mph, with gusts as high as 25 mph."
19,2026-06-21T00:01:28Z,KAUS,Monday Night,2026-06-22T18:00:00-05:00,0,79.0,Partly Cloudy,"Partly cloudy, with a low around 79. South wind 10 to 15 mph, with gusts as high as 25 mph."
20,2026-06-21T00:01:28Z,KAUS,Tuesday,2026-06-23T06:00:00-05:00,1,95.0,Mostly Sunny,"Mostly sunny, with a high near 95. South wind around 10 mph, with gusts as high as 20 mph."
21,2026-06-21T00:01:28Z,KAUS,Tuesday Night,2026-06-23T18:00:00-05:00,0,77.0,Mostly Clear,"Mostly clear, with a low around 77. South wind 10 to 15 mph, with gusts as high as 20 mph."
22,2026-06-21T00:01:28Z,KAUS,Wednesday,2026-06-24T06:00:00-05:00,1,95.0,Mostly Sunny,"Mostly sunny, with a high near 95. South wind 5 to 10 mph."
23,2026-06-21T00:01:28Z,KAUS,Wednesday Night,2026-06-24T18:00:00-05:00,0,75.0,Mostly Clear,"Mostly clear, with a low around 75. South wind 5 to 10 mph, with gusts as high as 20 mph."
24,2026-06-21T00:01:28Z,KAUS,Thursday,2026-06-25T06:00:00-05:00,1,95.0,Mostly Sunny,"Mostly sunny, with a high near 95."
25,2026-06-21T00:01:28Z,KAUS,Thursday Night,2026-06-25T18:00:00-05:00,0,76.0,Mostly Clear,"Mostly clear, with a low around 76."
26,2026-06-21T00:01:28Z,KAUS,Friday,2026-06-26T06:00:00-05:00,1,96.0,Mostly Sunny,"Mostly sunny, with a high near 96."
27,2026-06-21T00:01:28Z,KAUS,Friday Night,2026-06-26T18:00:00-05:00,0,77.0,Mostly Clear,"Mostly clear, with a low around 77."
28,2026-06-21T00:01:28Z,KAUS,Saturday,2026-06-27T06:00:00-05:00,1,97.0,Mostly Sunny,"Mostly sunny, with a high near 97."
29,2026-06-21T00:01:28Z,KBOS,Tonight,2026-06-20T18:00:00-04:00,0,62.0,Slight Chance Showers And Thunderstorms then Mostly Clear,"A slight chance of showers and thunderstorms before 8pm. Mostly clear, with a low around 62. West wind 5 to 13 mph, with gusts as high as 25 mph. Chance of precipitation is 20%."
30,2026-06-21T00:01:28Z,KBOS,Sunday,2026-06-21T06:00:00-04:00,1,83.0,Sunny then Slight Chance Showers And Thunderstorms,"A slight chance of showers and thunderstorms between 2pm and 3pm, then a chance of showers and thunderstorms. Sunny, with a high near 83. West wind around 7 mph. Chance of precipitation is 30%. New rainfall amounts less than a tenth of an inch possible."
31,2026-06-21T00:01:28Z,KBOS,Sunday Night,2026-06-21T18:00:00-04:00,0,62.0,Chance Showers And Thunderstorms then Partly Cloudy,"A chance of showers and thunderstorms before 7pm, then a slight chance of showers and thunderstorms between 7pm and 8pm. Partly cloudy, with a low around 62. Northwest wind around 3 mph. Chance of precipitation is 30%. New rainfall amounts less than a tenth of an inch possible."
32,2026-06-21T00:01:28Z,KBOS,Monday,2026-06-22T06:00:00-04:00,1,79.0,Rain Showers Likely,"Rain showers likely between 8am and 5pm, then showers and thunderstorms likely. Partly sunny, with a high near 79. South wind 1 to 10 mph. Chance of precipitation is 70%. New rainfall amounts between a half and three quarters of an inch possible."
33,2026-06-21T00:01:28Z,KBOS,Monday Night,2026-06-22T18:00:00-04:00,0,63.0,Showers And Thunderstorms,"Showers and thunderstorms. Mostly cloudy, with a low around 63. South wind 8 to 12 mph. Chance of precipitation is 90%."
34,2026-06-21T00:01:28Z,KBOS,Tuesday,2026-06-23T06:00:00-04:00,1,82.0,Chance Rain Showers then Mostly Sunny,"A chance of rain showers before 10am. Mostly sunny, with a high near 82. Northwest wind around 8 mph. Chance of precipitation is 50%."
35,2026-06-21T00:01:28Z,KBOS,Tuesday Night,2026-06-23T18:00:00-04:00,0,63.0,Mostly Clear,"Mostly clear, with a low around 63. West wind around 6 mph."
36,2026-06-21T00:01:28Z,KBOS,Wednesday,2026-06-24T06:00:00-04:00,1,83.0,Sunny,"Sunny, with a high near 83. North wind 5 to 8 mph."
37,2026-06-21T00:01:28Z,KBOS,Wednesday Night,2026-06-24T18:00:00-04:00,0,64.0,Mostly Clear,"Mostly clear, with a low around 64. Southwest wind 3 to 8 mph."
38,2026-06-21T00:01:28Z,KBOS,Thursday,2026-06-25T06:00:00-04:00,1,82.0,Mostly Sunny then Slight Chance Rain Showers,"A slight chance of rain showers after 4pm. Mostly sunny, with a high near 82. South wind 2 to 9 mph."
39,2026-06-21T00:01:28Z,KBOS,Thursday Night,2026-06-25T18:00:00-04:00,0,64.0,Slight Chance Rain Showers,"A slight chance of rain showers. Partly cloudy, with a low around 64. South wind 3 to 9 mph."
40,2026-06-21T00:01:28Z,KBOS,Friday,2026-06-26T06:00:00-04:00,1,82.0,Chance Rain Showers,"A chance of rain showers before 2pm, then a chance of showers and thunderstorms. Partly sunny, with a high near 82. Southeast wind 3 to 10 mph. Chance of precipitation is 50%."
41,2026-06-21T00:01:28Z,KBOS,Friday Night,2026-06-26T18:00:00-04:00,0,65.0,Chance Showers And Thunderstorms,"A chance of showers and thunderstorms. Mostly cloudy, with a low around 65. South wind 5 to 8 mph. Chance of precipitation is 40%."
42,2026-06-21T00:01:28Z,KBOS,Saturday,2026-06-27T06:00:00-04:00,1,85.0,Chance Rain Showers,"A chance of rain showers. Partly sunny, with a high near 85. Southwest wind 5 to 9 mph."
43,2026-06-21T00:01:28Z,KMDW,Tonight,2026-06-20T18:00:00-05:00,0,60.0,Partly Cloudy,"Partly cloudy, with a low around 60. East southeast wind 0 to 10 mph."
44,2026-06-21T00:01:28Z,KMDW,Sunday,2026-06-21T06:00:00-05:00,1,72.0,Rain Showers,"Rain showers after 11am. Mostly cloudy. High near 72, with temperatures falling to around 64 in the afternoon. East wind 5 to 15 mph, with gusts as high as 30 mph. Chance of precipitation is 80%. New rainfall amounts between a half and three quarters of an inch possible."
45,2026-06-21T00:01:28Z,KMDW,Sunday Night,2026-06-21T18:00:00-05:00,0,59.0,Showers And Thunderstorms,"Showers and thunderstorms. Cloudy, with a low around 59. Northeast wind around 15 mph, with gusts as high as 30 mph. Chance of precipitation is 90%. New rainfall amounts between 1 and 2 inches possible."
46,2026-06-21T00:01:28Z,KMDW,Monday,2026-06-22T06:00:00-05:00,1,71.0,Slight Chance Rain Showers then Partly Sunny,"A slight chance of rain showers before 10am. Partly sunny, with a high near 71. North northeast wind around 15 mph, with gusts as high as 25 mph. Chance of precipitation is 20%."
47,2026-06-21T00:01:28Z,KMDW,Monday Night,2026-06-22T18:00:00-05:00,0,56.0,Mostly Clear,"Mostly clear, with a low around 56. North wind 5 to 15 mph."
48,2026-06-21T00:01:28Z,KMDW,Tuesday,2026-06-23T06:00:00-05:00,1,75.0,Mostly Sunny,"Mostly sunny, with a high near 75."
49,2026-06-21T00:01:28Z,KMDW,Tuesday Night,2026-06-23T18:00:00-05:00,0,60.0,Partly Cloudy then Chance Showers And Thunderstorms,"A chance of showers and thunderstorms after 1am. Partly cloudy, with a low around 60."
50,2026-06-21T00:01:28Z,KMDW,Wednesday,2026-06-24T06:00:00-05:00,1,77.0,Showers And Thunderstorms Likely,"Showers and thunderstorms likely. Mostly sunny, with a high near 77."
51,2026-06-21T00:01:28Z,KMDW,Wednesday Night,2026-06-24T18:00:00-05:00,0,60.0,Showers And Thunderstorms Likely then Slight Chance Showers And Thunderstorms,"Showers and thunderstorms likely before 7pm, then a slight chance of showers and thunderstorms between 7pm and 1am. Partly cloudy, with a low around 60."
52,2026-06-21T00:01:28Z,KMDW,Thursday,2026-06-25T06:00:00-05:00,1,76.0,Mostly Sunny then Slight Chance Showers And Thunderstorms,"A slight chance of showers and thunderstorms after 1pm. Mostly sunny, with a high near 76."
53,2026-06-21T00:01:28Z,KMDW,Thursday Night,2026-06-25T18:00:00-05:00,0,60.0,Slight Chance Showers And Thunderstorms then Partly Cloudy,"A slight chance of showers and thunderstorms before 7pm. Partly cloudy, with a low around 60."
54,2026-06-21T00:01:28Z,KMDW,Friday,2026-06-26T06:00:00-05:00,1,77.0,Mostly Sunny,"Mostly sunny, with a high near 77."
55,2026-06-21T00:01:28Z,KMDW,Friday Night,2026-06-26T18:00:00-05:00,0,62.0,Slight Chance Showers And Thunderstorms,"A slight chance of showers and thunderstorms after 7pm. Partly cloudy, with a low around 62."
56,2026-06-21T00:01:28Z,KMDW,Saturday,2026-06-27T06:00:00-05:00,1,82.0,Slight Chance Rain Showers then Slight Chance Showers And Thunderstorms,"A slight chance of rain showers before 1pm, then a slight chance of showers and thunderstorms. Mostly sunny, with a high near 82."
57,2026-06-21T00:01:28Z,KDFW,Tonight,2026-06-20T18:00:00-05:00,0,76.0,Slight Chance Showers And Thunderstorms then Mostly Clear,"A slight chance of showers and thunderstorms before 7pm. Mostly clear, with a low around 76. Heat index values as high as 98. South southeast wind around 10 mph. Chance of precipitation is 20%."
58,2026-06-21T00:01:28Z,KDFW,Sunday,2026-06-21T06:00:00-05:00,1,94.0,Mostly Sunny,"Mostly sunny, with a high near 94. Heat index values as high as 102. South wind 10 to 15 mph, with gusts as high as 30 mph."
59,2026-06-21T00:01:28Z,KDFW,Sunday Night,2026-06-21T18:00:00-05:00,0,79.0,Partly Cloudy then Slight Chance Showers And Thunderstorms,"A slight chance of rain showers between 1am and 4am, then a slight chance of showers and thunderstorms. Partly cloudy, with a low around 79. Heat index values as high as 101. South wind 10 to 15 mph, with gusts as high as 30 mph. Chance of precipitation is 20%."
60,2026-06-21T00:01:28Z,KDFW,Monday,2026-06-22T06:00:00-05:00,1,94.0,Slight Chance Showers And Thunderstorms,"A slight chance of showers and thunderstorms before 1pm. Partly sunny, with a high near 94. Heat index values as high as 101. South wind 10 to 15 mph, with gusts as high as 25 mph. Chance of precipitation is 20%. New rainfall amounts less than a tenth of an inch possible."
61,2026-06-21T00:01:28Z,KDFW,Monday Night,2026-06-22T18:00:00-05:00,0,78.0,Partly Cloudy,"Partly cloudy, with a low around 78. South wind 10 to 15 mph, with gusts as high as 25 mph."
62,2026-06-21T00:01:28Z,KDFW,Tuesday,2026-06-23T06:00:00-05:00,1,97.0,Mostly Sunny,"Mostly sunny, with a high near 97. South wind around 10 mph."
63,2026-06-21T00:01:28Z,KDFW,Tuesday Night,2026-06-23T18:00:00-05:00,0,78.0,Partly Cloudy then Slight Chance Showers And Thunderstorms,"A slight chance of showers and thunderstorms after 1am. Partly cloudy, with a low around 78. South wind 5 to 10 mph. Chance of precipitation is 20%."
64,2026-06-21T00:01:28Z,KDFW,Wednesday,2026-06-24T06:00:00-05:00,1,94.0,Chance Showers And Thunderstorms,"A chance of showers and thunderstorms. Mostly sunny, with a high near 94. South southwest wind around 5 mph. Chance of precipitation is 30%."
65,2026-06-21T00:01:28Z,KDFW,Wednesday Night,2026-06-24T18:00:00-05:00,0,76.0,Chance Showers And Thunderstorms,"A chance of showers and thunderstorms. Partly cloudy, with a low around 76. South southeast wind 5 to 10 mph. Chance of precipitation is 30%."
66,2026-06-21T00:01:28Z,KDFW,Thursday,2026-06-25T06:00:00-05:00,1,94.0,Chance Showers And Thunderstorms then Mostly Sunny,"A chance of showers and thunderstorms before 7am. Mostly sunny, with a high near 94. Chance of precipitation is 30%."
67,2026-06-21T00:01:28Z,KDFW,Thursday Night,2026-06-25T18:00:00-05:00,0,77.0,Partly Cloudy,"Partly cloudy, with a low around 77."
68,2026-06-21T00:01:28Z,KDFW,Friday,2026-06-26T06:00:00-05:00,1,96.0,Mostly Sunny,"Mostly sunny, with a high near 96."
69,2026-06-21T00:01:28Z,KDFW,Friday Night,2026-06-26T18:00:00-05:00,0,78.0,Partly Cloudy,"Partly cloudy, with a low around 78."
70,2026-06-21T00:01:28Z,KDFW,Saturday,2026-06-27T06:00:00-05:00,1,98.0,Mostly Sunny,"Mostly sunny, with a high near 98."
71,2026-06-21T00:01:28Z,KDEN,This Afternoon,2026-06-20T14:00:00-06:00,1,92.0,Slight Chance Showers And Thunderstorms,"A slight chance of showers and thunderstorms. Partly sunny. High near 92, with temperatures falling to around 89 in the afternoon. West southwest wind 7 to 12 mph, with gusts as high as 18 mph. Chance of precipitation is 20%."
72,2026-06-21T00:01:28Z,KDEN,Tonight,2026-06-20T18:00:00-06:00,0,58.0,Partly Cloudy,"Partly cloudy. Low around 58, with temperatures rising to around 62 overnight. West northwest wind 5 to 14 mph, with gusts as high as 22 mph."
73,2026-06-21T00:01:28Z,KDEN,Sunday,2026-06-21T06:00:00-06:00,1,90.0,Sunny,"Sunny. High near 90, with temperatures falling to around 85 in the afternoon. West northwest wind 3 to 15 mph, with gusts as high as 24 mph."
74,2026-06-21T00:01:28Z,KDEN,Sunday Night,2026-06-21T18:00:00-06:00,0,54.0,Mostly Clear,"Mostly clear, with a low around 54. Northeast wind 3 to 16 mph, with gusts as high as 25 mph."
75,2026-06-21T00:01:28Z,KDEN,Monday,2026-06-22T06:00:00-06:00,1,88.0,Sunny then Chance Showers And Thunderstorms,"A chance of showers and thunderstorms between noon and 3pm, then a chance of showers and thunderstorms. Sunny, with a high near 88. East southeast wind 7 to 10 mph, with gusts as high as 20 mph. Chance of precipitation is 30%."
76,2026-06-21T00:01:28Z,KDEN,Monday Night,2026-06-22T18:00:00-06:00,0,55.0,Mostly Clear,"Mostly clear, with a low around 55."
77,2026-06-21T00:01:28Z,KDEN,Tuesday,2026-06-23T06:00:00-06:00,1,79.0,Mostly Sunny then Slight Chance Showers And Thunderstorms,"A slight chance of showers and thunderstorms after noon. Mostly sunny, with a high near 79."
78,2026-06-21T00:01:28Z,KDEN,Tuesday Night,2026-06-23T18:00:00-06:00,0,55.0,Chance Showers And Thunderstorms then Partly Cloudy,"A chance of showers and thunderstorms before midnight. Partly cloudy, with a low around 55."
79,2026-06-21T00:01:28Z,KDEN,Wednesday,2026-06-24T06:00:00-06:00,1,85.0,Mostly Sunny then Slight Chance Showers And Thunderstorms,"A slight chance of showers and thunderstorms after noon. Mostly sunny, with a high near 85."
80,2026-06-21T00:01:28Z,KDEN,Wednesday Night,2026-06-24T18:00:00-06:00,0,56.0,Chance Showers And Thunderstorms then Partly Cloudy,"A chance of showers and thunderstorms before midnight. Partly cloudy, with a low around 56."
81,2026-06-21T00:01:28Z,KDEN,Thursday,2026-06-25T06:00:00-06:00,1,86.0,Mostly Sunny then Chance Showers And Thunderstorms,"A chance of showers and thunderstorms after noon. Mostly sunny, with a high near 86."
82,2026-06-21T00:01:28Z,KDEN,Thursday Night,2026-06-25T18:00:00-06:00,0,57.0,Chance Showers And Thunderstorms then Partly Cloudy,"A chance of showers and thunderstorms before midnight. Partly cloudy, with a low around 57."
83,2026-06-21T00:01:28Z,KDEN,Friday,2026-06-26T06:00:00-06:00,1,91.0,Mostly Sunny then Slight Chance Showers And Thunderstorms,"A slight chance of showers and thunderstorms after noon. Mostly sunny, with a high near 91."
84,2026-06-21T00:01:28Z,KDEN,Friday Night,2026-06-26T18:00:00-06:00,0,59.0,Partly Cloudy,"Partly cloudy, with a low around 59."
85,2026-06-21T00:01:28Z,KIAH,Tonight,2026-06-20T18:00:00-05:00,0,78.0,Chance Showers And Thunderstorms,"A chance of showers and thunderstorms. Mostly cloudy, with a low around 78. Heat index values as high as 103. Southeast wind around 5 mph. Chance of precipitation is 30%. New rainfall amounts between a tenth and quarter of an inch possible."
86,2026-06-21T00:01:28Z,KIAH,Sunday,2026-06-21T06:00:00-05:00,1,92.0,Slight Chance Showers And Thunderstorms,"A slight chance of showers and thunderstorms before 2pm. Partly sunny, with a high near 92. Heat index values as high as 105. South wind 5 to 15 mph, with gusts as high as 20 mph. Chance of precipitation is 20%. New rainfall amounts between a tenth and quarter of an inch possible."
87,2026-06-21T00:01:28Z,KIAH,Sunday Night,2026-06-21T18:00:00-05:00,0,80.0,Mostly Cloudy,"Mostly cloudy, with a low around 80. Heat index values as high as 103. South wind 10 to 15 mph, with gusts as high as 20 mph."
88,2026-06-21T00:01:28Z,KIAH,Monday,2026-06-22T06:00:00-05:00,1,94.0,Mostly Sunny,"Mostly sunny, with a high near 94. Heat index values as high as 107. South wind around 10 mph, with gusts as high as 20 mph."
89,2026-06-21T00:01:28Z,KIAH,Monday Night,2026-06-22T18:00:00-05:00,0,79.0,Mostly Clear,"Mostly clear, with a low around 79. South wind 5 to 10 mph."
90,2026-06-21T00:01:28Z,KIAH,Tuesday,2026-06-23T06:00:00-05:00,1,95.0,Mostly Sunny,"Mostly sunny, with a high near 95."
91,2026-06-21T00:01:28Z,KIAH,Tuesday Night,2026-06-23T18:00:00-05:00,0,78.0,Mostly Clear,"Mostly clear, with a low around 78."
92,2026-06-21T00:01:28Z,KIAH,Wednesday,2026-06-24T06:00:00-05:00,1,95.0,Mostly Sunny,"Mostly sunny, with a high near 95."
93,2026-06-21T00:01:28Z,KIAH,Wednesday Night,2026-06-24T18:00:00-05:00,0,76.0,Mostly Clear,"Mostly clear, with a low around 76."
94,2026-06-21T00:01:28Z,KIAH,Thursday,2026-06-25T06:00:00-05:00,1,94.0,Mostly Sunny,"Mostly sunny, with a high near 94."
95,2026-06-21T00:01:28Z,KIAH,Thursday Night,2026-06-25T18:00:00-05:00,0,77.0,Mostly Clear,"Mostly clear, with a low around 77."
96,2026-06-21T00:01:28Z,KIAH,Friday,2026-06-26T06:00:00-05:00,1,94.0,Mostly Sunny,"Mostly sunny, with a high near 94."
97,2026-06-21T00:01:28Z,KIAH,Friday Night,2026-06-26T18:00:00-05:00,0,78.0,Mostly Clear,"Mostly clear, with a low around 78."
98,2026-06-21T00:01:28Z,KIAH,Saturday,2026-06-27T06:00:00-05:00,1,94.0,Mostly Sunny,"Mostly sunny, with a high near 94."
99,2026-06-21T00:01:28Z,KLAS,This Afternoon,2026-06-20T15:00:00-07:00,1,102.0,Sunny,"Sunny, with a high near 102. Southwest wind around 14 mph, with gusts as high as 24 mph."
100,2026-06-21T00:01:28Z,KLAS,Tonight,2026-06-20T18:00:00-07:00,0,75.0,Clear,"Clear. Low around 75, with temperatures rising to around 77 overnight. Southwest wind 6 to 14 mph, with gusts as high as 22 mph."
101,2026-06-21T00:01:28Z,KLAS,Sunday,2026-06-21T06:00:00-07:00,1,104.0,Sunny,"Sunny, with a high near 104. Southeast wind 2 to 9 mph."
102,2026-06-21T00:01:28Z,KLAS,Sunday Night,2026-06-21T18:00:00-07:00,0,76.0,Mostly Clear,"Mostly clear, with a low around 76. South southwest wind 5 to 10 mph."
103,2026-06-21T00:01:28Z,KLAS,Monday,2026-06-22T06:00:00-07:00,1,106.0,Sunny,"Sunny, with a high near 106. East southeast wind 1 to 9 mph."
104,2026-06-21T00:01:28Z,KLAS,Monday Night,2026-06-22T18:00:00-07:00,0,79.0,Clear,"Clear, with a low around 79."
105,2026-06-21T00:01:28Z,KLAS,Tuesday,2026-06-23T06:00:00-07:00,1,109.0,Sunny,"Sunny, with a high near 109."
106,2026-06-21T00:01:28Z,KLAS,Tuesday Night,2026-06-23T18:00:00-07:00,0,83.0,Slight Chance Showers And Thunderstorms,"A slight chance of showers and thunderstorms after 11pm. Mostly clear, with a low around 83."
107,2026-06-21T00:01:28Z,KLAS,Wednesday,2026-06-24T06:00:00-07:00,1,109.0,Slight Chance Showers And Thunderstorms,"A slight chance of rain showers before 11am, then a slight chance of showers and thunderstorms between 11am and 5pm. Sunny, with a high near 109."
108,2026-06-21T00:01:28Z,KLAS,Wednesday Night,2026-06-24T18:00:00-07:00,0,84.0,Mostly Clear,"Mostly clear, with a low around 84."
109,2026-06-21T00:01:28Z,KLAS,Thursday,2026-06-25T06:00:00-07:00,1,109.0,Sunny,"Sunny, with a high near 109."
110,2026-06-21T00:01:28Z,KLAS,Thursday Night,2026-06-25T18:00:00-07:00,0,84.0,Clear,"Clear, with a low around 84."
111,2026-06-21T00:01:28Z,KLAS,Friday,2026-06-26T06:00:00-07:00,1,108.0,Sunny,"Sunny, with a high near 108."
112,2026-06-21T00:01:28Z,KLAS,Friday Night,2026-06-26T18:00:00-07:00,0,80.0,Clear,"Clear, with a low around 80."
113,2026-06-21T00:01:28Z,KLAX,Today,2026-06-20T11:00:00-07:00,1,69.0,Mostly Sunny,"Mostly sunny, with a high near 69. West southwest wind 10 to 15 mph, with gusts as high as 20 mph."
114,2026-06-21T00:01:28Z,KLAX,Tonight,2026-06-20T18:00:00-07:00,0,60.0,Mostly Cloudy,"Mostly cloudy, with a low around 60. West southwest wind 0 to 15 mph, with gusts as high as 20 mph."
115,2026-06-21T00:01:28Z,KLAX,Sunday,2026-06-21T06:00:00-07:00,1,69.0,Partly Sunny then Patchy Fog,"Patchy fog after 5pm. Partly sunny, with a high near 69. Southwest wind 0 to 15 mph."
116,2026-06-21T00:01:28Z,KLAX,Sunday Night,2026-06-21T18:00:00-07:00,0,60.0,Patchy Fog,"Patchy fog. Mostly cloudy, with a low around 60. Southwest wind 5 to 10 mph."
117,2026-06-21T00:01:28Z,KLAX,Monday,2026-06-22T06:00:00-07:00,1,70.0,Patchy Fog then Mostly Sunny,"Patchy fog before 11am. Mostly sunny, with a high near 70. Southwest wind 5 to 15 mph."
118,2026-06-21T00:01:28Z,KLAX,Monday Night,2026-06-22T18:00:00-07:00,0,61.0,Patchy Fog,"Patchy fog after 11pm. Mostly cloudy, with a low around 61."
119,2026-06-21T00:01:28Z,KLAX,Tuesday,2026-06-23T06:00:00-07:00,1,72.0,Patchy Fog then Mostly Sunny,"Patchy fog before 11am. Mostly sunny, with a high near 72."
120,2026-06-21T00:01:28Z,KLAX,Tuesday Night,2026-06-23T18:00:00-07:00,0,61.0,Partly Cloudy then Slight Chance Rain Showers,"A slight chance of rain showers after 5am. Partly cloudy, with a low around 61."
121,2026-06-21T00:01:28Z,KLAX,Wednesday,2026-06-24T06:00:00-07:00,1,70.0,Slight Chance Rain Showers then Mostly Sunny,"A slight chance of rain showers before 11am. Mostly sunny, with a high near 70."
122,2026-06-21T00:01:28Z,KLAX,Wednesday Night,2026-06-24T18:00:00-07:00,0,62.0,Partly Cloudy,"Partly cloudy, with a low around 62."
123,2026-06-21T00:01:28Z,KLAX,Thursday,2026-06-25T06:00:00-07:00,1,70.0,Mostly Sunny,"Mostly sunny, with a high near 70."
124,2026-06-21T00:01:28Z,KLAX,Thursday Night,2026-06-25T18:00:00-07:00,0,61.0,Partly Cloudy,"Partly cloudy, with a low around 61."
125,2026-06-21T00:01:28Z,KLAX,Friday,2026-06-26T06:00:00-07:00,1,70.0,Mostly Sunny,"Mostly sunny, with a high near 70."
126,2026-06-21T00:01:28Z,KLAX,Friday Night,2026-06-26T18:00:00-07:00,0,61.0,Partly Cloudy,"Partly cloudy, with a low around 61."
127,2026-06-21T00:01:28Z,KMIA,Tonight,2026-06-20T18:00:00-04:00,0,78.0,Patchy Smoke,"Patchy smoke and a chance of showers and thunderstorms before 10pm, then patchy smoke and a slight chance of showers and thunderstorms between 10pm and midnight, then patchy smoke and a chance of showers and thunderstorms between midnight and 1am, then patchy smoke and a slight chance of showers and thunderstorms between 1am and 4am. Mostly cloudy, with a low around 78. West wind 0 to 7 mph. Chance of precipitation is 50%. New rainfall amounts between a quarter and half of an inch possible."
128,2026-06-21T00:01:28Z,KMIA,Sunday,2026-06-21T06:00:00-04:00,1,93.0,Mostly Sunny then Showers And Thunderstorms Likely,"Showers and thunderstorms likely after 2pm. Mostly sunny, with a high near 93. Heat index values as high as 105. South wind 0 to 7 mph. Chance of precipitation is 60%. New rainfall amounts between a quarter and half of an inch possible."
129,2026-06-21T00:01:28Z,KMIA,Sunday Night,2026-06-21T18:00:00-04:00,0,79.0,Patchy Smoke then Partly Cloudy,"Patchy smoke and a chance of showers and thunderstorms before midnight. Partly cloudy, with a low around 79. South wind 0 to 7 mph. Chance of precipitation is 40%. New rainfall amounts between a quarter and half of an inch possible."
130,2026-06-21T00:01:28Z,KMIA,Monday,2026-06-22T06:00:00-04:00,1,93.0,Mostly Sunny then Slight Chance Showers And Thunderstorms,"A slight chance of showers and thunderstorms after 2pm. Mostly sunny, with a high near 93. Heat index values as high as 103. Southeast wind 0 to 9 mph. Chance of precipitation is 20%."
131,2026-06-21T00:01:28Z,KMIA,Monday Night,2026-06-22T18:00:00-04:00,0,80.0,Slight Chance Showers And Thunderstorms then Partly Cloudy,"A slight chance of showers and thunderstorms before 8pm. Partly cloudy, with a low around 80. Southeast wind 0 to 9 mph. Chance of precipitation is 20%."
132,2026-06-21T00:01:28Z,KMIA,Tuesday,2026-06-23T06:00:00-04:00,1,93.0,Mostly Sunny then Chance Showers And Thunderstorms,"A chance of showers and thunderstorms after 2pm. Mostly sunny, with a high near 93. Southeast wind 0 to 8 mph. Chance of precipitation is 40%."
133,2026-06-21T00:01:28Z,KMIA,Tuesday Night,2026-06-23T18:00:00-04:00,0,79.0,Chance Showers And Thunderstorms then Mostly Cloudy,"A chance of showers and thunderstorms before 8pm. Mostly cloudy, with a low around 79. Southeast wind 0 to 8 mph. Chance of precipitation is 40%."
134,2026-06-21T00:01:28Z,KMIA,Wednesday,2026-06-24T06:00:00-04:00,1,93.0,Mostly Sunny then Chance Showers And Thunderstorms,"A chance of showers and thunderstorms after 2pm. Mostly sunny, with a high near 93. Southeast wind 0 to 9 mph. Chance of precipitation is 40%."
135,2026-06-21T00:01:28Z,KMIA,Wednesday Night,2026-06-24T18:00:00-04:00,0,79.0,Chance Showers And Thunderstorms,"A chance of showers and thunderstorms before 2am. Partly cloudy, with a low around 79. Southeast wind 0 to 9 mph. Chance of precipitation is 40%."
136,2026-06-21T00:01:28Z,KMIA,Thursday,2026-06-25T06:00:00-04:00,1,92.0,Chance Showers And Thunderstorms,"A chance of showers and thunderstorms after 8am. Mostly sunny, with a high near 92. Chance of precipitation is 30%."
137,2026-06-21T00:01:28Z,KMIA,Thursday Night,2026-06-25T18:00:00-04:00,0,80.0,Chance Showers And Thunderstorms then Partly Cloudy,"A chance of showers and thunderstorms before 8pm. Partly cloudy, with a low around 80. Chance of precipitation is 30%."
138,2026-06-21T00:01:28Z,KMIA,Friday,2026-06-26T06:00:00-04:00,1,93.0,Mostly Sunny then Chance Showers And Thunderstorms,"A chance of showers and thunderstorms after 2pm. Mostly sunny, with a high near 93. Chance of precipitation is 30%."
139,2026-06-21T00:01:28Z,KMIA,Friday Night,2026-06-26T18:00:00-04:00,0,80.0,Chance Showers And Thunderstorms then Partly Cloudy,"A chance of showers and thunderstorms before 8pm. Partly cloudy, with a low around 80. Chance of precipitation is 30%."
140,2026-06-21T00:01:28Z,KMIA,Saturday,2026-06-27T06:00:00-04:00,1,94.0,Mostly Sunny then Chance Showers And Thunderstorms,"A chance of showers and thunderstorms after 2pm. Mostly sunny, with a high near 94."
141,2026-06-21T00:01:28Z,KMSP,Tonight,2026-06-20T18:00:00-05:00,0,55.0,Partly Cloudy,"Partly cloudy, with a low around 55. Northeast wind 0 to 10 mph."
142,2026-06-21T00:01:28Z,KMSP,Sunday,2026-06-21T06:00:00-05:00,1,75.0,Partly Sunny,"Partly sunny, with a high near 75. East wind 5 to 10 mph."
143,2026-06-21T00:01:28Z,KMSP,Sunday Night,2026-06-21T18:00:00-05:00,0,55.0,Partly Cloudy,"Partly cloudy, with a low around 55. Northeast wind 5 to 10 mph."
144,2026-06-21T00:01:28Z,KMSP,Monday,2026-06-22T06:00:00-05:00,1,77.0,Sunny,"Sunny, with a high near 77. Northeast wind around 5 mph."
145,2026-06-21T00:01:28Z,KMSP,Monday Night,2026-06-22T18:00:00-05:00,0,56.0,Mostly Cloudy,"Mostly cloudy, with a low around 56. East wind 5 to 10 mph."
146,2026-06-21T00:01:28Z,KMSP,Tuesday,2026-06-23T06:00:00-05:00,1,74.0,Showers And Thunderstorms,"A chance of rain showers between 7am and 1pm, then showers and thunderstorms. Partly sunny. High near 74, with temperatures falling to around 70 in the afternoon. South wind 5 to 10 mph. Chance of precipitation is 80%. New rainfall amounts between a tenth and quarter of an inch possible."
147,2026-06-21T00:01:28Z,KMSP,Tuesday Night,2026-06-23T18:00:00-05:00,0,55.0,Showers And Thunderstorms,"Showers and thunderstorms. Mostly cloudy, with a low around 55. Southwest wind 5 to 10 mph. Chance of precipitation is 80%. New rainfall amounts between a quarter and half of an inch possible."
148,2026-06-21T00:01:28Z,KMSP,Wednesday,2026-06-24T06:00:00-05:00,1,72.0,Chance Rain Showers then Chance Showers And Thunderstorms,"A chance of rain showers before 1pm, then a chance of showers and thunderstorms. Mostly sunny, with a high near 72. Northwest wind 5 to 10 mph. Chance of precipitation is 30%."
149,2026-06-21T00:01:28Z,KMSP,Wednesday Night,2026-06-24T18:00:00-05:00,0,54.0,Chance Showers And Thunderstorms,"A chance of showers and thunderstorms before 1am. Partly cloudy, with a low around 54. North wind 0 to 10 mph. Chance of precipitation is 30%."
150,2026-06-21T00:01:28Z,KMSP,Thursday,2026-06-25T06:00:00-05:00,1,75.0,Mostly Sunny,"Mostly sunny, with a high near 75. North northwest wind 0 to 5 mph."
151,2026-06-21T00:01:28Z,KMSP,Thursday Night,2026-06-25T18:00:00-05:00,0,56.0,Partly Cloudy,"Partly cloudy, with a low around 56. Northeast wind 0 to 5 mph."
152,2026-06-21T00:01:28Z,KMSP,Friday,2026-06-26T06:00:00-05:00,1,79.0,Mostly Sunny,"Mostly sunny, with a high near 79. Southeast wind 0 to 5 mph."
153,2026-06-21T00:01:28Z,KMSP,Friday Night,2026-06-26T18:00:00-05:00,0,60.0,Chance Showers And Thunderstorms,"A chance of showers and thunderstorms after 7pm. Partly cloudy, with a low around 60. Southeast wind around 5 mph. Chance of precipitation is 30%."
154,2026-06-21T00:01:28Z,KMSP,Saturday,2026-06-27T06:00:00-05:00,1,81.0,Chance Rain Showers then Slight Chance Showers And Thunderstorms,"A chance of rain showers before 1pm, then a slight chance of showers and thunderstorms. Mostly sunny, with a high near 81. Southeast wind 5 to 10 mph. Chance of precipitation is 30%."
155,2026-06-21T00:01:28Z,KMSY,Tonight,2026-06-20T18:00:00-05:00,0,79.0,Chance Showers And Thunderstorms,"A chance of showers and thunderstorms before 7pm, then a chance of showers and thunderstorms. Mostly cloudy, with a low around 79. Southeast wind 5 to 10 mph. Chance of precipitation is 50%. New rainfall amounts between a half and three quarters of an inch possible."
156,2026-06-21T00:01:28Z,KMSY,Sunday,2026-06-21T06:00:00-05:00,1,90.0,Slight Chance Rain Showers,"A slight chance of rain showers before 2pm. Partly sunny. High near 90, with temperatures falling to around 88 in the afternoon. South wind 5 to 15 mph. Chance of precipitation is 20%. New rainfall amounts less than a tenth of an inch possible."
157,2026-06-21T00:01:28Z,KMSY,Sunday Night,2026-06-21T18:00:00-05:00,0,80.0,Mostly Cloudy,"Mostly cloudy, with a low around 80. South wind 10 to 15 mph."
158,2026-06-21T00:01:28Z,KMSY,Monday,2026-06-22T06:00:00-05:00,1,92.0,Mostly Sunny,"Mostly sunny, with a high near 92. Southwest wind 10 to 15 mph."
159,2026-06-21T00:01:28Z,KMSY,Monday Night,2026-06-22T18:00:00-05:00,0,79.0,Mostly Clear,"Mostly clear, with a low around 79. Southwest wind 5 to 10 mph."
160,2026-06-21T00:01:28Z,KMSY,Tuesday,2026-06-23T06:00:00-05:00,1,93.0,Sunny,"Sunny, with a high near 93. Southwest wind 5 to 10 mph."
161,2026-06-21T00:01:28Z,KMSY,Tuesday Night,2026-06-23T18:00:00-05:00,0,77.0,Mostly Clear,"Mostly clear, with a low around 77. Southwest wind 5 to 10 mph."
162,2026-06-21T00:01:28Z,KMSY,Wednesday,2026-06-24T06:00:00-05:00,1,92.0,Mostly Sunny then Slight Chance Showers And Thunderstorms,"A slight chance of showers and thunderstorms after 1pm. Mostly sunny, with a high near 92. West wind 5 to 10 mph."
163,2026-06-21T00:01:28Z,KMSY,Wednesday Night,2026-06-24T18:00:00-05:00,0,77.0,Slight Chance Showers And Thunderstorms then Partly Cloudy,"A slight chance of showers and thunderstorms before 7pm. Partly cloudy, with a low around 77. West wind 5 to 10 mph."
164,2026-06-21T00:01:28Z,KMSY,Thursday,2026-06-25T06:00:00-05:00,1,91.0,Mostly Sunny then Chance Showers And Thunderstorms,"A chance of showers and thunderstorms after 1pm. Mostly sunny, with a high near 91. West wind around 5 mph."
165,2026-06-21T00:01:28Z,KMSY,Thursday Night,2026-06-25T18:00:00-05:00,0,77.0,Chance Showers And Thunderstorms then Partly Cloudy,"A chance of showers and thunderstorms before 7pm. Partly cloudy, with a low around 77. Southwest wind around 5 mph."
166,2026-06-21T00:01:28Z,KMSY,Friday,2026-06-26T06:00:00-05:00,1,91.0,Mostly Sunny then Slight Chance Showers And Thunderstorms,"A slight chance of showers and thunderstorms after 1pm. Mostly sunny, with a high near 91. Southwest wind 5 to 10 mph."
167,2026-06-21T00:01:28Z,KMSY,Friday Night,2026-06-26T18:00:00-05:00,0,78.0,Slight Chance Showers And Thunderstorms then Mostly Clear,"A slight chance of showers and thunderstorms before 7pm. Mostly clear, with a low around 78. South wind 5 to 10 mph."
168,2026-06-21T00:01:28Z,KMSY,Saturday,2026-06-27T06:00:00-05:00,1,91.0,Sunny then Slight Chance Showers And Thunderstorms,"A slight chance of showers and thunderstorms after 1pm. Sunny, with a high near 91. South wind 5 to 10 mph."
169,2026-06-21T00:01:28Z,KNYC,Tonight,2026-06-20T18:00:00-04:00,0,65.0,Mostly Clear,"Mostly clear, with a low around 65. Northwest wind 0 to 13 mph, with gusts as high as 24 mph."
170,2026-06-21T00:01:28Z,KNYC,Sunday,2026-06-21T06:00:00-04:00,1,83.0,Mostly Sunny then Slight Chance Showers And Thunderstorms,"A slight chance of showers and thunderstorms between 2pm and 5pm. Mostly sunny, with a high near 83. West wind 0 to 7 mph. Chance of precipitation is 20%."
171,2026-06-21T00:01:28Z,KNYC,Sunday Night,2026-06-21T18:00:00-04:00,0,66.0,Partly Cloudy,"Partly cloudy. Low around 66, with temperatures rising to around 68 overnight. Northwest wind 0 to 6 mph."
172,2026-06-21T00:01:28Z,KNYC,Monday,2026-06-22T06:00:00-04:00,1,77.0,Showers And Thunderstorms,"A chance of rain showers between 8am and 2pm, then showers and thunderstorms. Mostly cloudy. High near 77, with temperatures falling to around 75 in the afternoon. East wind 0 to 8 mph, with gusts as high as 21 mph. Chance of precipitation is 90%. New rainfall amounts between 1 and 2 inches possible."
173,2026-06-21T00:01:28Z,KNYC,Monday Night,2026-06-22T18:00:00-04:00,0,67.0,Showers And Thunderstorms,"Showers and thunderstorms. Cloudy, with a low around 67. South wind around 8 mph. Chance of precipitation is 90%. New rainfall amounts between 1 and 2 inches possible."
174,2026-06-21T00:01:28Z,KNYC,Tuesday,2026-06-23T06:00:00-04:00,1,80.0,Rain Showers Likely,"Rain showers likely. Partly sunny, with a high near 80. Chance of precipitation is 70%. New rainfall amounts between a tenth and quarter of an inch possible."
175,2026-06-21T00:01:28Z,KNYC,Tuesday Night,2026-06-23T18:00:00-04:00,0,65.0,Slight Chance Rain Showers then Partly Cloudy,"A slight chance of rain showers before 8pm. Partly cloudy, with a low around 65."
176,2026-06-21T00:01:28Z,KNYC,Wednesday,2026-06-24T06:00:00-04:00,1,84.0,Sunny,"Sunny, with a high near 84."
177,2026-06-21T00:01:28Z,KNYC,Wednesday Night,2026-06-24T18:00:00-04:00,0,67.0,Mostly Clear,"Mostly clear, with a low around 67."
178,2026-06-21T00:01:28Z,KNYC,Thursday,2026-06-25T06:00:00-04:00,1,80.0,Chance Showers And Thunderstorms,"A slight chance of rain showers between 8am and 2pm, then a chance of showers and thunderstorms. Mostly sunny, with a high near 80. Chance of precipitation is 30%."
179,2026-06-21T00:01:28Z,KNYC,Thursday Night,2026-06-25T18:00:00-04:00,0,68.0,Chance Showers And Thunderstorms,"A chance of showers and thunderstorms. Mostly cloudy, with a low around 68. Chance of precipitation is 50%."
180,2026-06-21T00:01:28Z,KNYC,Friday,2026-06-26T06:00:00-04:00,1,83.0,Chance Rain Showers,"A chance of rain showers before 2pm, then a chance of showers and thunderstorms. Partly sunny, with a high near 83. Chance of precipitation is 50%."
181,2026-06-21T00:01:28Z,KNYC,Friday Night,2026-06-26T18:00:00-04:00,0,68.0,Chance Showers And Thunderstorms,"A chance of showers and thunderstorms. Partly cloudy, with a low around 68. Chance of precipitation is 30%."
182,2026-06-21T00:01:28Z,KNYC,Saturday,2026-06-27T06:00:00-04:00,1,85.0,Slight Chance Rain Showers then Slight Chance Showers And Thunderstorms,"A slight chance of rain showers before 8am, then a slight chance of showers and thunderstorms. Mostly sunny, with a high near 85."
183,2026-06-21T00:01:28Z,KOKC,Tonight,2026-06-20T18:00:00-05:00,0,73.0,Mostly Clear,"Mostly clear, with a low around 73. South southeast wind 13 to 16 mph, with gusts as high as 24 mph."
184,2026-06-21T00:01:28Z,KOKC,Sunday,2026-06-21T06:00:00-05:00,1,95.0,Sunny,"Sunny, with a high near 95. Heat index values as high as 101. South wind 16 to 22 mph, with gusts as high as 33 mph."
185,2026-06-21T00:01:28Z,KOKC,Sunday Night,2026-06-21T18:00:00-05:00,0,72.0,Showers And Thunderstorms Likely,"Showers and thunderstorms likely between 7pm and 4am, then showers and thunderstorms likely. Partly cloudy, with a low around 72. Heat index values as high as 103. Southeast wind 10 to 18 mph, with gusts as high as 28 mph. Chance of precipitation is 70%. New rainfall amounts between a half and three quarters of an inch possible."
186,2026-06-21T00:01:28Z,KOKC,Monday,2026-06-22T06:00:00-05:00,1,87.0,Showers And Thunderstorms Likely then Chance Showers And Thunderstorms,"Showers and thunderstorms likely before 7am, then a chance of showers and thunderstorms. Partly sunny, with a high near 87. East southeast wind around 13 mph, with gusts as high as 20 mph. Chance of precipitation is 70%."
187,2026-06-21T00:01:28Z,KOKC,Monday Night,2026-06-22T18:00:00-05:00,0,68.0,Chance Showers And Thunderstorms then Showers And Thunderstorms,"A chance of showers and thunderstorms before 7pm, then showers and thunderstorms. Mostly cloudy, with a low around 68. East northeast wind 8 to 13 mph, with gusts as high as 20 mph. Chance of precipitation is 90%."
188,2026-06-21T00:01:28Z,KOKC,Tuesday,2026-06-23T06:00:00-05:00,1,86.0,Showers And Thunderstorms,"Showers and thunderstorms before 1pm, then a slight chance of showers and thunderstorms. Mostly cloudy, with a high near 86. Chance of precipitation is 90%."
189,2026-06-21T00:01:28Z,KOKC,Tuesday Night,2026-06-23T18:00:00-05:00,0,68.0,Slight Chance Showers And Thunderstorms then Showers And Thunderstorms Likely,"A slight chance of showers and thunderstorms before 7pm, then showers and thunderstorms likely. Mostly cloudy, with a low around 68. Chance of precipitation is 60%."
190,2026-06-21T00:01:28Z,KOKC,Wednesday,2026-06-24T06:00:00-05:00,1,84.0,Showers And Thunderstorms Likely then Chance Showers And Thunderstorms,"Showers and thunderstorms likely before 7am, then a chance of showers and thunderstorms. Mostly cloudy, with a high near 84. Chance of precipitation is 60%."
191,2026-06-21T00:01:28Z,KOKC,Wednesday Night,2026-06-24T18:00:00-05:00,0,67.0,Chance Showers And Thunderstorms then Showers And Thunderstorms Likely,"A chance of showers and thunderstorms before 7pm, then showers and thunderstorms likely. Mostly cloudy, with a low around 67. Chance of precipitation is 60%."
192,2026-06-21T00:01:28Z,KOKC,Thursday,2026-06-25T06:00:00-05:00,1,84.0,Showers And Thunderstorms Likely,"Showers and thunderstorms likely before 1pm, then a slight chance of showers and thunderstorms. Partly sunny, with a high near 84. Chance of precipitation is 60%."
193,2026-06-21T00:01:28Z,KOKC,Thursday Night,2026-06-25T18:00:00-05:00,0,69.0,Chance Showers And Thunderstorms,"A chance of showers and thunderstorms. Partly cloudy, with a low around 69. Chance of precipitation is 40%."
194,2026-06-21T00:01:28Z,KOKC,Friday,2026-06-26T06:00:00-05:00,1,88.0,Chance Showers And Thunderstorms,"A chance of showers and thunderstorms. Partly sunny, with a high near 88. Chance of precipitation is 40%."
195,2026-06-21T00:01:28Z,KOKC,Friday Night,2026-06-26T18:00:00-05:00,0,73.0,Chance Showers And Thunderstorms,"A chance of showers and thunderstorms. Partly cloudy, with a low around 73. Chance of precipitation is 30%."
196,2026-06-21T00:01:28Z,KOKC,Saturday,2026-06-27T06:00:00-05:00,1,92.0,Chance Showers And Thunderstorms then Mostly Sunny,"A chance of showers and thunderstorms before 7am. Mostly sunny, with a high near 92."
197,2026-06-21T00:01:28Z,KPHL,Tonight,2026-06-20T19:00:00-04:00,0,64.0,Isolated Rain Showers then Mostly Clear,"Isolated rain showers before 9pm. Mostly clear, with a low around 64. West wind 0 to 15 mph. Chance of precipitation is 20%."
198,2026-06-21T00:01:28Z,KPHL,Sunday,2026-06-21T06:00:00-04:00,1,86.0,Sunny,"Sunny, with a high near 86. West wind 0 to 15 mph."
199,2026-06-21T00:01:28Z,KPHL,Sunday Night,2026-06-21T18:00:00-04:00,0,65.0,Mostly Cloudy,"Mostly cloudy, with a low around 65. North wind 0 to 10 mph."
200,2026-06-21T00:01:28Z,KPHL,Monday,2026-06-22T06:00:00-04:00,1,87.0,Showers And Thunderstorms,"A chance of rain showers between 7am and 2pm, then showers and thunderstorms. Some of the storms could produce heavy rain. Mostly cloudy, with a high near 87. Southeast wind 0 to 10 mph, with gusts as high as 25 mph. Chance of precipitation is 90%. New rainfall amounts between three quarters and one inch possible."
201,2026-06-21T00:01:28Z,KPHL,Monday Night,2026-06-22T18:00:00-04:00,0,67.0,Showers And Thunderstorms,"Showers and thunderstorms. Some of the storms could produce heavy rain. Mostly cloudy, with a low around 67. Southwest wind 5 to 10 mph. Chance of precipitation is 90%. New rainfall amounts between three quarters and one inch possible."
202,2026-06-21T00:01:28Z,KPHL,Tuesday,2026-06-23T06:00:00-04:00,1,82.0,Chance Showers And Thunderstorms,"A chance of rain showers before 8am, then a chance of showers and thunderstorms between 8am and 2pm, then a chance of showers and thunderstorms. Partly sunny, with a high near 82. Chance of precipitation is 50%. New rainfall amounts less than a tenth of an inch possible."
203,2026-06-21T00:01:28Z,KPHL,Tuesday Night,2026-06-23T18:00:00-04:00,0,63.0,Chance Showers And Thunderstorms then Partly Cloudy,"A chance of showers and thunderstorms before 8pm. Partly cloudy, with a low around 63. Chance of precipitation is 40%."
204,2026-06-21T00:01:28Z,KPHL,Wednesday,2026-06-24T06:00:00-04:00,1,85.0,Sunny,"Sunny, with a high near 85."
205,2026-06-21T00:01:28Z,KPHL,Wednesday Night,2026-06-24T18:00:00-04:00,0,64.0,Mostly Clear,"Mostly clear, with a low around 64."
206,2026-06-21T00:01:28Z,KPHL,Thursday,2026-06-25T06:00:00-04:00,1,85.0,Chance Rain Showers,"A chance of rain showers between 8am and 2pm, then a chance of showers and thunderstorms. Mostly sunny, with a high near 85. Chance of precipitation is 40%."
207,2026-06-21T00:01:28Z,KPHL,Thursday Night,2026-06-25T18:00:00-04:00,0,66.0,Chance Showers And Thunderstorms,"A chance of showers and thunderstorms before 8pm, then a chance of showers and thunderstorms between 8pm and 2am, then a chance of showers and thunderstorms. Mostly cloudy, with a low around 66. Chance of precipitation is 50%."
208,2026-06-21T00:01:28Z,KPHL,Friday,2026-06-26T06:00:00-04:00,1,85.0,Chance Showers And Thunderstorms,"A chance of showers and thunderstorms before 2pm, then a chance of showers and thunderstorms. Partly sunny, with a high near 85. Chance of precipitation is 50%."
209,2026-06-21T00:01:28Z,KPHL,Friday Night,2026-06-26T18:00:00-04:00,0,66.0,Chance Showers And Thunderstorms,"A chance of showers and thunderstorms before 2am. Partly cloudy, with a low around 66. Chance of precipitation is 40%."
210,2026-06-21T00:01:28Z,KPHL,Saturday,2026-06-27T06:00:00-04:00,1,86.0,Slight Chance Rain Showers then Slight Chance Showers And Thunderstorms,"A slight chance of rain showers between 8am and 2pm, then a slight chance of showers and thunderstorms. Mostly sunny, with a high near 86."
211,2026-06-21T00:01:28Z,KPHX,This Afternoon,2026-06-20T15:00:00-07:00,1,106.0,Sunny,"Sunny, with a high near 106. West wind 5 to 10 mph."
212,2026-06-21T00:01:28Z,KPHX,Tonight,2026-06-20T18:00:00-07:00,0,79.0,Clear,"Clear, with a low around 79. West northwest wind 5 to 10 mph."
213,2026-06-21T00:01:28Z,KPHX,Sunday,2026-06-21T06:00:00-07:00,1,106.0,Sunny,"Sunny. High near 106, with temperatures falling to around 104 in the afternoon. South wind 0 to 10 mph."
214,2026-06-21T00:01:28Z,KPHX,Sunday Night,2026-06-21T18:00:00-07:00,0,80.0,Mostly Clear,"Mostly clear, with a low around 80. West northwest wind 5 to 10 mph."
215,2026-06-21T00:01:28Z,KPHX,Monday,2026-06-22T06:00:00-07:00,1,109.0,Sunny,"Sunny, with a high near 109. South wind 5 to 10 mph."
216,2026-06-21T00:01:28Z,KPHX,Monday Night,2026-06-22T18:00:00-07:00,0,84.0,Mostly Clear,"Mostly clear, with a low around 84. West wind 5 to 10 mph."
217,2026-06-21T00:01:28Z,KPHX,Tuesday,2026-06-23T06:00:00-07:00,1,111.0,Sunny,"Sunny, with a high near 111. West wind 5 to 15 mph, with gusts as high as 20 mph."
218,2026-06-21T00:01:28Z,KPHX,Tuesday Night,2026-06-23T18:00:00-07:00,0,86.0,Mostly Clear,"Mostly clear, with a low around 86. West wind 0 to 10 mph."
219,2026-06-21T00:01:28Z,KPHX,Wednesday,2026-06-24T06:00:00-07:00,1,112.0,Sunny,"Sunny, with a high near 112. West wind 0 to 10 mph, with gusts as high as 25 mph."
220,2026-06-21T00:01:28Z,KPHX,Wednesday Night,2026-06-24T18:00:00-07:00,0,88.0,Mostly Clear,"Mostly clear, with a low around 88. Southwest wind 0 to 10 mph, with gusts as high as 20 mph."
221,2026-06-21T00:01:28Z,KPHX,Thursday,2026-06-25T06:00:00-07:00,1,113.0,Sunny,"Sunny, with a high near 113. South southwest wind 0 to 10 mph, with gusts as high as 25 mph."
222,2026-06-21T00:01:28Z,KPHX,Thursday Night,2026-06-25T18:00:00-07:00,0,89.0,Mostly Clear,"Mostly clear, with a low around 89. South southwest wind 0 to 10 mph, with gusts as high as 25 mph."
223,2026-06-21T00:01:28Z,KPHX,Friday,2026-06-26T06:00:00-07:00,1,112.0,Sunny,"Sunny, with a high near 112. South southwest wind 0 to 10 mph, with gusts as high as 30 mph."
224,2026-06-21T00:01:28Z,KPHX,Friday Night,2026-06-26T18:00:00-07:00,0,86.0,Mostly Clear,"Mostly clear, with a low around 86. South southwest wind 0 to 10 mph, with gusts as high as 30 mph."
225,2026-06-21T00:01:28Z,KSAT,Tonight,2026-06-20T18:00:00-05:00,0,76.0,Slight Chance Showers And Thunderstorms,"A slight chance of showers and thunderstorms before 4am, then a chance of showers and thunderstorms. Mostly cloudy, with a low around 76. Southeast wind 5 to 10 mph. Chance of precipitation is 30%. New rainfall amounts less than a tenth of an inch possible."
226,2026-06-21T00:01:28Z,KSAT,Sunday,2026-06-21T06:00:00-05:00,1,92.0,Chance Showers And Thunderstorms then Slight Chance Showers And Thunderstorms,"A chance of showers and thunderstorms before 10am, then a slight chance of showers and thunderstorms between 10am and 4pm. Partly sunny, with a high near 92. Heat index values as high as 105. South wind 5 to 15 mph, with gusts as high as 25 mph. Chance of precipitation is 30%. New rainfall amounts less than a tenth of an inch possible."
227,2026-06-21T00:01:28Z,KSAT,Sunday Night,2026-06-21T18:00:00-05:00,0,78.0,Partly Cloudy,"Partly cloudy, with a low around 78. Heat index values as high as 100. South southeast wind 10 to 15 mph, with gusts as high as 25 mph. New rainfall amounts less than a tenth of an inch possible."
228,2026-06-21T00:01:28Z,KSAT,Monday,2026-06-22T06:00:00-05:00,1,93.0,Mostly Sunny,"Mostly sunny, with a high near 93. Heat index values as high as 102. South wind 10 to 15 mph, with gusts as high as 25 mph."
229,2026-06-21T00:01:28Z,KSAT,Monday Night,2026-06-22T18:00:00-05:00,0,77.0,Partly Cloudy,"Partly cloudy, with a low around 77. South southeast wind 10 to 15 mph, with gusts as high as 25 mph."
230,2026-06-21T00:01:28Z,KSAT,Tuesday,2026-06-23T06:00:00-05:00,1,94.0,Mostly Sunny,"Mostly sunny, with a high near 94. South southeast wind around 10 mph, with gusts as high as 20 mph."
231,2026-06-21T00:01:28Z,KSAT,Tuesday Night,2026-06-23T18:00:00-05:00,0,76.0,Mostly Clear,"Mostly clear, with a low around 76. South southeast wind 5 to 15 mph, with gusts as high as 20 mph."
232,2026-06-21T00:01:28Z,KSAT,Wednesday,2026-06-24T06:00:00-05:00,1,95.0,Mostly Sunny,"Mostly sunny, with a high near 95. South wind 5 to 10 mph."
233,2026-06-21T00:01:28Z,KSAT,Wednesday Night,2026-06-24T18:00:00-05:00,0,74.0,Mostly Clear,"Mostly clear, with a low around 74. South southeast wind 5 to 10 mph."
234,2026-06-21T00:01:28Z,KSAT,Thursday,2026-06-25T06:00:00-05:00,1,94.0,Mostly Sunny,"Mostly sunny, with a high near 94."
235,2026-06-21T00:01:28Z,KSAT,Thursday Night,2026-06-25T18:00:00-05:00,0,75.0,Mostly Clear,"Mostly clear, with a low around 75."
236,2026-06-21T00:01:28Z,KSAT,Friday,2026-06-26T06:00:00-05:00,1,95.0,Mostly Sunny,"Mostly sunny, with a high near 95."
237,2026-06-21T00:01:28Z,KSAT,Friday Night,2026-06-26T18:00:00-05:00,0,76.0,Mostly Clear,"Mostly clear, with a low around 76."
238,2026-06-21T00:01:28Z,KSAT,Saturday,2026-06-27T06:00:00-05:00,1,96.0,Mostly Sunny,"Mostly sunny, with a high near 96."
239,2026-06-21T00:01:28Z,KSFO,This Afternoon,2026-06-20T13:00:00-07:00,1,68.0,Sunny,"Sunny, with a high near 68. West wind 13 to 16 mph."
240,2026-06-21T00:01:28Z,KSFO,Tonight,2026-06-20T18:00:00-07:00,0,54.0,Partly Cloudy,"Partly cloudy, with a low around 54. West wind 6 to 16 mph."
241,2026-06-21T00:01:28Z,KSFO,Sunday,2026-06-21T06:00:00-07:00,1,69.0,Mostly Sunny,"Mostly sunny. High near 69, with temperatures falling to around 67 in the afternoon. West southwest wind 5 to 17 mph, with gusts as high as 21 mph."
242,2026-06-21T00:01:28Z,KSFO,Sunday Night,2026-06-21T18:00:00-07:00,0,54.0,Partly Cloudy,"Partly cloudy, with a low around 54. West southwest wind 7 to 16 mph."
243,2026-06-21T00:01:28Z,KSFO,Monday,2026-06-22T06:00:00-07:00,1,71.0,Mostly Sunny,"Mostly sunny, with a high near 71. West southwest wind 6 to 16 mph."
244,2026-06-21T00:01:28Z,KSFO,Monday Night,2026-06-22T18:00:00-07:00,0,55.0,Partly Cloudy,"Partly cloudy, with a low around 55."
245,2026-06-21T00:01:28Z,KSFO,Tuesday,2026-06-23T06:00:00-07:00,1,72.0,Mostly Sunny,"Mostly sunny, with a high near 72."
246,2026-06-21T00:01:28Z,KSFO,Tuesday Night,2026-06-23T18:00:00-07:00,0,55.0,Partly Cloudy,"Partly cloudy, with a low around 55."
247,2026-06-21T00:01:28Z,KSFO,Wednesday,2026-06-24T06:00:00-07:00,1,73.0,Mostly Sunny,"Mostly sunny, with a high near 73."
248,2026-06-21T00:01:28Z,KSFO,Wednesday Night,2026-06-24T18:00:00-07:00,0,56.0,Partly Cloudy,"Partly cloudy, with a low around 56."
249,2026-06-21T00:01:28Z,KSFO,Thursday,2026-06-25T06:00:00-07:00,1,72.0,Mostly Sunny,"Mostly sunny, with a high near 72."
250,2026-06-21T00:01:28Z,KSFO,Thursday Night,2026-06-25T18:00:00-07:00,0,56.0,Mostly Clear,"Mostly clear, with a low around 56."
251,2026-06-21T00:01:28Z,KSFO,Friday,2026-06-26T06:00:00-07:00,1,70.0,Mostly Sunny,"Mostly sunny, with a high near 70."
252,2026-06-21T00:01:28Z,KSFO,Friday Night,2026-06-26T18:00:00-07:00,0,56.0,Mostly Clear,"Mostly clear, with a low around 56."
253,2026-06-21T00:01:28Z,KSEA,This Afternoon,2026-06-20T13:00:00-07:00,1,75.0,Sunny,"Sunny, with a high near 75. Southwest wind around 10 mph."
254,2026-06-21T00:01:28Z,KSEA,Tonight,2026-06-20T18:00:00-07:00,0,53.0,Mostly Clear,"Mostly clear, with a low around 53. South southwest wind 6 to 12 mph."
255,2026-06-21T00:01:28Z,KSEA,Sunday,2026-06-21T06:00:00-07:00,1,79.0,Sunny,"Sunny, with a high near 79. West wind 3 to 9 mph."
256,2026-06-21T00:01:28Z,KSEA,Sunday Night,2026-06-21T18:00:00-07:00,0,57.0,Mostly Clear,"Mostly clear, with a low around 57. North northeast wind 5 to 9 mph."
257,2026-06-21T00:01:28Z,KSEA,Monday,2026-06-22T06:00:00-07:00,1,86.0,Sunny,"Sunny, with a high near 86. North wind 5 to 12 mph."
258,2026-06-21T00:01:28Z,KSEA,Monday Night,2026-06-22T18:00:00-07:00,0,62.0,Mostly Clear,"Mostly clear, with a low around 62."
259,2026-06-21T00:01:28Z,KSEA,Tuesday,2026-06-23T06:00:00-07:00,1,90.0,Mostly Sunny,"Mostly sunny, with a high near 90."
260,2026-06-21T00:01:28Z,KSEA,Tuesday Night,2026-06-23T18:00:00-07:00,0,62.0,Mostly Clear,"Mostly clear, with a low around 62."
261,2026-06-21T00:01:28Z,KSEA,Wednesday,2026-06-24T06:00:00-07:00,1,87.0,Sunny,"Sunny, with a high near 87."
262,2026-06-21T00:01:28Z,KSEA,Wednesday Night,2026-06-24T18:00:00-07:00,0,58.0,Mostly Clear,"Mostly clear, with a low around 58."
263,2026-06-21T00:01:28Z,KSEA,Thursday,2026-06-25T06:00:00-07:00,1,76.0,Mostly Sunny,"Mostly sunny, with a high near 76."
264,2026-06-21T00:01:28Z,KSEA,Thursday Night,2026-06-25T18:00:00-07:00,0,56.0,Chance Light Rain,"A chance of rain after 11pm. Mostly cloudy, with a low around 56."
265,2026-06-21T00:01:28Z,KSEA,Friday,2026-06-26T06:00:00-07:00,1,67.0,Chance Light Rain,"A chance of rain. Mostly cloudy, with a high near 67."
266,2026-06-21T00:01:28Z,KSEA,Friday Night,2026-06-26T18:00:00-07:00,0,54.0,Chance Light Rain,"A chance of rain. Mostly cloudy, with a low around 54."
267,2026-06-21T00:01:28Z,KDCA,Tonight,2026-06-20T19:00:00-04:00,0,67.0,Partly Cloudy,"Partly cloudy, with a low around 67. Northwest wind 6 to 13 mph, with gusts as high as 21 mph."
268,2026-06-21T00:01:28Z,KDCA,Sunday,2026-06-21T06:00:00-04:00,1,89.0,Sunny,"Sunny, with a high near 89. West wind 7 to 13 mph, with gusts as high as 18 mph."
269,2026-06-21T00:01:28Z,KDCA,Sunday Night,2026-06-21T18:00:00-04:00,0,69.0,Partly Cloudy,"Partly cloudy, with a low around 69. Northeast wind 5 to 12 mph."
270,2026-06-21T00:01:28Z,KDCA,Monday,2026-06-22T06:00:00-04:00,1,93.0,Showers And Thunderstorms,"A slight chance of rain showers between 8am and 2pm, then showers and thunderstorms. Partly sunny, with a high near 93. South wind 9 to 20 mph, with gusts as high as 29 mph. Chance of precipitation is 80%. New rainfall amounts between a half and three quarters of an inch possible."
271,2026-06-21T00:01:28Z,KDCA,Monday Night,2026-06-22T18:00:00-04:00,0,70.0,Showers And Thunderstorms,"Showers and thunderstorms. Mostly cloudy, with a low around 70. Southwest wind 12 to 17 mph, with gusts as high as 23 mph. Chance of precipitation is 80%."
272,2026-06-21T00:01:28Z,KDCA,Tuesday,2026-06-23T06:00:00-04:00,1,86.0,Slight Chance Rain Showers then Slight Chance Showers And Thunderstorms,"A slight chance of rain showers before 2pm, then a slight chance of showers and thunderstorms. Mostly sunny, with a high near 86. Chance of precipitation is 20%."
273,2026-06-21T00:01:28Z,KDCA,Tuesday Night,2026-06-23T18:00:00-04:00,0,66.0,Slight Chance Showers And Thunderstorms then Partly Cloudy,"A slight chance of showers and thunderstorms before 8pm. Partly cloudy, with a low around 66. Chance of precipitation is 20%."
274,2026-06-21T00:01:28Z,KDCA,Wednesday,2026-06-24T06:00:00-04:00,1,86.0,Sunny,"Sunny, with a high near 86."
275,2026-06-21T00:01:28Z,KDCA,Wednesday Night,2026-06-24T18:00:00-04:00,0,67.0,Partly Cloudy then Slight Chance Showers And Thunderstorms,"A slight chance of showers and thunderstorms after 2am. Partly cloudy, with a low around 67. Chance of precipitation is 20%."
276,2026-06-21T00:01:28Z,KDCA,Thursday,2026-06-25T06:00:00-04:00,1,87.0,Chance Showers And Thunderstorms,"A chance of showers and thunderstorms before 2pm, then a chance of showers and thunderstorms. Partly sunny, with a high near 87. Chance of precipitation is 50%."
277,2026-06-21T00:01:28Z,KDCA,Thursday Night,2026-06-25T18:00:00-04:00,0,68.0,Chance Showers And Thunderstorms,"A chance of showers and thunderstorms. Mostly cloudy, with a low around 68. Chance of precipitation is 50%."
278,2026-06-21T00:01:28Z,KDCA,Friday,2026-06-26T06:00:00-04:00,1,87.0,Slight Chance Rain Showers then Chance Showers And Thunderstorms,"A slight chance of rain showers before 2pm, then a chance of showers and thunderstorms. Partly sunny, with a high near 87. Chance of precipitation is 30%."
279,2026-06-21T00:01:28Z,KDCA,Friday Night,2026-06-26T18:00:00-04:00,0,68.0,Chance Showers And Thunderstorms,"A chance of showers and thunderstorms before 2am. Partly cloudy, with a low around 68. Chance of precipitation is 30%."
280,2026-06-21T00:01:28Z,KDCA,Saturday,2026-06-27T06:00:00-04:00,1,89.0,Mostly Sunny then Chance Showers And Thunderstorms,"A chance of showers and thunderstorms after 2pm. Mostly sunny, with a high near 89."
1,2026-06-21T01:27:28Z,KATL,Tonight,2026-06-20T19:00:00-04:00,0,69.0,Chance Showers And Thunderstorms then Mostly Cloudy,"A chance of showers and thunderstorms before 8pm. Mostly cloudy, with a low around 69. West wind 0 to 5 mph. Chance of precipitation is 30%."
2,2026-06-21T01:27:28Z,KATL,Sunday,2026-06-21T06:00:00-04:00,1,89.0,Mostly Sunny then Slight Chance Showers And Thunderstorms,"A slight chance of showers and thunderstorms after 5pm. Mostly sunny, with a high near 89. West wind around 5 mph. Chance of precipitation is 20%."
3,2026-06-21T01:27:28Z,KATL,Sunday Night,2026-06-21T18:00:00-04:00,0,73.0,Chance Showers And Thunderstorms then Mostly Clear,"A chance of showers and thunderstorms before 7pm, then a chance of showers and thunderstorms between 7pm and 8pm, then a slight chance of showers and thunderstorms between 8pm and 9pm. Mostly clear, with a low around 73. Southwest wind around 5 mph. Chance of precipitation is 40%."
4,2026-06-21T01:27:28Z,KATL,Monday,2026-06-22T06:00:00-04:00,1,89.0,Mostly Sunny then Showers And Thunderstorms Likely,"Showers and thunderstorms likely between 2pm and 5pm, then showers and thunderstorms likely. Mostly sunny, with a high near 89. Southwest wind 5 to 15 mph, with gusts as high as 25 mph. Chance of precipitation is 60%."
5,2026-06-21T01:27:28Z,KATL,Monday Night,2026-06-22T18:00:00-04:00,0,73.0,Showers And Thunderstorms Likely,"Showers and thunderstorms likely before 8pm, then showers and thunderstorms likely between 8pm and 2am, then a slight chance of showers and thunderstorms. Partly cloudy, with a low around 73. West wind 5 to 10 mph, with gusts as high as 25 mph. Chance of precipitation is 60%."
6,2026-06-21T01:27:28Z,KATL,Tuesday,2026-06-23T06:00:00-04:00,1,87.0,Showers And Thunderstorms Likely,"A slight chance of rain showers before 11am, then showers and thunderstorms likely. Partly sunny, with a high near 87. Chance of precipitation is 60%."
7,2026-06-21T01:27:28Z,KATL,Tuesday Night,2026-06-23T18:00:00-04:00,0,70.0,Showers And Thunderstorms Likely,"Showers and thunderstorms likely before 2am. Partly cloudy, with a low around 70. Chance of precipitation is 60%."
8,2026-06-21T01:27:28Z,KATL,Wednesday,2026-06-24T06:00:00-04:00,1,87.0,Mostly Sunny then Chance Showers And Thunderstorms,"A chance of showers and thunderstorms after 2pm. Mostly sunny, with a high near 87. Chance of precipitation is 40%."
9,2026-06-21T01:27:28Z,KATL,Wednesday Night,2026-06-24T18:00:00-04:00,0,70.0,Chance Showers And Thunderstorms,"A chance of showers and thunderstorms before 2am. Partly cloudy, with a low around 70. Chance of precipitation is 40%."
10,2026-06-21T01:27:28Z,KATL,Thursday,2026-06-25T06:00:00-04:00,1,87.0,Mostly Sunny then Chance Showers And Thunderstorms,"A chance of showers and thunderstorms after 2pm. Mostly sunny, with a high near 87. Chance of precipitation is 30%."
11,2026-06-21T01:27:28Z,KATL,Thursday Night,2026-06-25T18:00:00-04:00,0,70.0,Chance Showers And Thunderstorms,"A chance of showers and thunderstorms before 2am. Partly cloudy, with a low around 70. Chance of precipitation is 30%."
12,2026-06-21T01:27:28Z,KATL,Friday,2026-06-26T06:00:00-04:00,1,87.0,Partly Sunny then Chance Showers And Thunderstorms,"A chance of showers and thunderstorms after 2pm. Partly sunny, with a high near 87. Chance of precipitation is 30%."
13,2026-06-21T01:27:28Z,KATL,Friday Night,2026-06-26T18:00:00-04:00,0,71.0,Chance Showers And Thunderstorms then Partly Cloudy,"A chance of showers and thunderstorms before 8pm. Partly cloudy, with a low around 71. Chance of precipitation is 30%."
14,2026-06-21T01:27:28Z,KATL,Saturday,2026-06-27T06:00:00-04:00,1,88.0,Chance Showers And Thunderstorms,"A chance of showers and thunderstorms after 8am. Mostly sunny, with a high near 88."
15,2026-06-21T01:27:28Z,KAUS,Tonight,2026-06-20T20:00:00-05:00,0,77.0,Slight Chance Showers And Thunderstorms then Partly Cloudy,"A slight chance of showers and thunderstorms before 10pm. Partly cloudy, with a low around 77. South wind around 5 mph. Chance of precipitation is 20%. New rainfall amounts less than a tenth of an inch possible."
16,2026-06-21T01:27:28Z,KAUS,Sunday,2026-06-21T06:00:00-05:00,1,92.0,Slight Chance Showers And Thunderstorms,"A slight chance of rain showers between 7am and 10am, then a slight chance of showers and thunderstorms. Partly sunny, with a high near 92. Heat index values as high as 105. South wind 5 to 15 mph, with gusts as high as 25 mph. Chance of precipitation is 20%."
17,2026-06-21T01:27:28Z,KAUS,Sunday Night,2026-06-21T18:00:00-05:00,0,79.0,Slight Chance Rain Showers then Mostly Cloudy,"A slight chance of rain showers before 7pm. Mostly cloudy, with a low around 79. Heat index values as high as 103. South wind 10 to 15 mph, with gusts as high as 25 mph. Chance of precipitation is 20%."
18,2026-06-21T01:27:28Z,KAUS,Monday,2026-06-22T06:00:00-05:00,1,94.0,Mostly Sunny,"Mostly sunny, with a high near 94. Heat index values as high as 104. South wind 10 to 15 mph, with gusts as high as 25 mph."
19,2026-06-21T01:27:28Z,KAUS,Monday Night,2026-06-22T18:00:00-05:00,0,79.0,Partly Cloudy,"Partly cloudy, with a low around 79. South wind 10 to 15 mph, with gusts as high as 25 mph."
20,2026-06-21T01:27:28Z,KAUS,Tuesday,2026-06-23T06:00:00-05:00,1,95.0,Mostly Sunny,"Mostly sunny, with a high near 95. South wind around 10 mph, with gusts as high as 20 mph."
21,2026-06-21T01:27:28Z,KAUS,Tuesday Night,2026-06-23T18:00:00-05:00,0,77.0,Mostly Clear,"Mostly clear, with a low around 77. South wind 10 to 15 mph, with gusts as high as 20 mph."
22,2026-06-21T01:27:28Z,KAUS,Wednesday,2026-06-24T06:00:00-05:00,1,95.0,Mostly Sunny,"Mostly sunny, with a high near 95. South wind 5 to 10 mph."
23,2026-06-21T01:27:28Z,KAUS,Wednesday Night,2026-06-24T18:00:00-05:00,0,75.0,Mostly Clear,"Mostly clear, with a low around 75. South wind 5 to 10 mph, with gusts as high as 20 mph."
24,2026-06-21T01:27:28Z,KAUS,Thursday,2026-06-25T06:00:00-05:00,1,95.0,Mostly Sunny,"Mostly sunny, with a high near 95."
25,2026-06-21T01:27:28Z,KAUS,Thursday Night,2026-06-25T18:00:00-05:00,0,76.0,Mostly Clear,"Mostly clear, with a low around 76."
26,2026-06-21T01:27:28Z,KAUS,Friday,2026-06-26T06:00:00-05:00,1,96.0,Mostly Sunny,"Mostly sunny, with a high near 96."
27,2026-06-21T01:27:28Z,KAUS,Friday Night,2026-06-26T18:00:00-05:00,0,77.0,Mostly Clear,"Mostly clear, with a low around 77."
28,2026-06-21T01:27:28Z,KAUS,Saturday,2026-06-27T06:00:00-05:00,1,97.0,Mostly Sunny,"Mostly sunny, with a high near 97."
29,2026-06-21T01:27:28Z,KBOS,Tonight,2026-06-20T18:00:00-04:00,0,62.0,Slight Chance Showers And Thunderstorms then Mostly Clear,"A slight chance of showers and thunderstorms before 8pm. Mostly clear, with a low around 62. West wind 5 to 13 mph, with gusts as high as 25 mph. Chance of precipitation is 20%."
30,2026-06-21T01:27:28Z,KBOS,Sunday,2026-06-21T06:00:00-04:00,1,83.0,Sunny then Slight Chance Showers And Thunderstorms,"A slight chance of showers and thunderstorms between 2pm and 3pm, then a chance of showers and thunderstorms. Sunny, with a high near 83. West wind around 7 mph. Chance of precipitation is 30%. New rainfall amounts less than a tenth of an inch possible."
31,2026-06-21T01:27:28Z,KBOS,Sunday Night,2026-06-21T18:00:00-04:00,0,62.0,Chance Showers And Thunderstorms then Partly Cloudy,"A chance of showers and thunderstorms before 7pm, then a slight chance of showers and thunderstorms between 7pm and 8pm. Partly cloudy, with a low around 62. Northwest wind around 3 mph. Chance of precipitation is 30%. New rainfall amounts less than a tenth of an inch possible."
32,2026-06-21T01:27:28Z,KBOS,Monday,2026-06-22T06:00:00-04:00,1,79.0,Rain Showers Likely,"Rain showers likely between 8am and 5pm, then showers and thunderstorms likely. Partly sunny, with a high near 79. South wind 1 to 10 mph. Chance of precipitation is 70%. New rainfall amounts between a half and three quarters of an inch possible."
33,2026-06-21T01:27:28Z,KBOS,Monday Night,2026-06-22T18:00:00-04:00,0,63.0,Showers And Thunderstorms,"Showers and thunderstorms. Mostly cloudy, with a low around 63. South wind 8 to 12 mph. Chance of precipitation is 90%."
34,2026-06-21T01:27:28Z,KBOS,Tuesday,2026-06-23T06:00:00-04:00,1,82.0,Chance Rain Showers then Mostly Sunny,"A chance of rain showers before 10am. Mostly sunny, with a high near 82. Northwest wind around 8 mph. Chance of precipitation is 50%."
35,2026-06-21T01:27:28Z,KBOS,Tuesday Night,2026-06-23T18:00:00-04:00,0,63.0,Mostly Clear,"Mostly clear, with a low around 63. West wind around 6 mph."
36,2026-06-21T01:27:28Z,KBOS,Wednesday,2026-06-24T06:00:00-04:00,1,83.0,Sunny,"Sunny, with a high near 83. North wind 5 to 8 mph."
37,2026-06-21T01:27:28Z,KBOS,Wednesday Night,2026-06-24T18:00:00-04:00,0,64.0,Mostly Clear,"Mostly clear, with a low around 64. Southwest wind 3 to 8 mph."
38,2026-06-21T01:27:28Z,KBOS,Thursday,2026-06-25T06:00:00-04:00,1,82.0,Mostly Sunny then Slight Chance Rain Showers,"A slight chance of rain showers after 4pm. Mostly sunny, with a high near 82. South wind 2 to 9 mph."
39,2026-06-21T01:27:28Z,KBOS,Thursday Night,2026-06-25T18:00:00-04:00,0,64.0,Slight Chance Rain Showers,"A slight chance of rain showers. Partly cloudy, with a low around 64. South wind 3 to 9 mph."
40,2026-06-21T01:27:28Z,KBOS,Friday,2026-06-26T06:00:00-04:00,1,82.0,Chance Rain Showers,"A chance of rain showers before 2pm, then a chance of showers and thunderstorms. Partly sunny, with a high near 82. Southeast wind 3 to 10 mph. Chance of precipitation is 50%."
41,2026-06-21T01:27:28Z,KBOS,Friday Night,2026-06-26T18:00:00-04:00,0,65.0,Chance Showers And Thunderstorms,"A chance of showers and thunderstorms. Mostly cloudy, with a low around 65. South wind 5 to 8 mph. Chance of precipitation is 40%."
42,2026-06-21T01:27:28Z,KBOS,Saturday,2026-06-27T06:00:00-04:00,1,85.0,Chance Rain Showers,"A chance of rain showers. Partly sunny, with a high near 85. Southwest wind 5 to 9 mph."
43,2026-06-21T01:27:28Z,KMDW,Tonight,2026-06-20T18:00:00-05:00,0,60.0,Partly Cloudy,"Partly cloudy, with a low around 60. East southeast wind 0 to 10 mph."
44,2026-06-21T01:27:28Z,KMDW,Sunday,2026-06-21T06:00:00-05:00,1,72.0,Rain Showers,"Rain showers after 11am. Mostly cloudy. High near 72, with temperatures falling to around 64 in the afternoon. East wind 5 to 15 mph, with gusts as high as 30 mph. Chance of precipitation is 80%. New rainfall amounts between a half and three quarters of an inch possible."
45,2026-06-21T01:27:28Z,KMDW,Sunday Night,2026-06-21T18:00:00-05:00,0,59.0,Showers And Thunderstorms,"Showers and thunderstorms. Cloudy, with a low around 59. Northeast wind around 15 mph, with gusts as high as 30 mph. Chance of precipitation is 90%. New rainfall amounts between 1 and 2 inches possible."
46,2026-06-21T01:27:28Z,KMDW,Monday,2026-06-22T06:00:00-05:00,1,71.0,Slight Chance Rain Showers then Partly Sunny,"A slight chance of rain showers before 10am. Partly sunny, with a high near 71. North northeast wind around 15 mph, with gusts as high as 25 mph. Chance of precipitation is 20%."
47,2026-06-21T01:27:28Z,KMDW,Monday Night,2026-06-22T18:00:00-05:00,0,56.0,Mostly Clear,"Mostly clear, with a low around 56. North wind 5 to 15 mph."
48,2026-06-21T01:27:28Z,KMDW,Tuesday,2026-06-23T06:00:00-05:00,1,75.0,Mostly Sunny,"Mostly sunny, with a high near 75."
49,2026-06-21T01:27:28Z,KMDW,Tuesday Night,2026-06-23T18:00:00-05:00,0,60.0,Partly Cloudy then Chance Showers And Thunderstorms,"A chance of showers and thunderstorms after 1am. Partly cloudy, with a low around 60."
50,2026-06-21T01:27:28Z,KMDW,Wednesday,2026-06-24T06:00:00-05:00,1,77.0,Showers And Thunderstorms Likely,"Showers and thunderstorms likely. Mostly sunny, with a high near 77."
51,2026-06-21T01:27:28Z,KMDW,Wednesday Night,2026-06-24T18:00:00-05:00,0,60.0,Showers And Thunderstorms Likely then Slight Chance Showers And Thunderstorms,"Showers and thunderstorms likely before 7pm, then a slight chance of showers and thunderstorms between 7pm and 1am. Partly cloudy, with a low around 60."
52,2026-06-21T01:27:28Z,KMDW,Thursday,2026-06-25T06:00:00-05:00,1,76.0,Mostly Sunny then Slight Chance Showers And Thunderstorms,"A slight chance of showers and thunderstorms after 1pm. Mostly sunny, with a high near 76."
53,2026-06-21T01:27:28Z,KMDW,Thursday Night,2026-06-25T18:00:00-05:00,0,60.0,Slight Chance Showers And Thunderstorms then Partly Cloudy,"A slight chance of showers and thunderstorms before 7pm. Partly cloudy, with a low around 60."
54,2026-06-21T01:27:28Z,KMDW,Friday,2026-06-26T06:00:00-05:00,1,77.0,Mostly Sunny,"Mostly sunny, with a high near 77."
55,2026-06-21T01:27:28Z,KMDW,Friday Night,2026-06-26T18:00:00-05:00,0,62.0,Slight Chance Showers And Thunderstorms,"A slight chance of showers and thunderstorms after 7pm. Partly cloudy, with a low around 62."
56,2026-06-21T01:27:28Z,KMDW,Saturday,2026-06-27T06:00:00-05:00,1,82.0,Slight Chance Rain Showers then Slight Chance Showers And Thunderstorms,"A slight chance of rain showers before 1pm, then a slight chance of showers and thunderstorms. Mostly sunny, with a high near 82."
57,2026-06-21T01:27:28Z,KDFW,Tonight,2026-06-20T18:00:00-05:00,0,76.0,Slight Chance Showers And Thunderstorms then Mostly Clear,"A slight chance of showers and thunderstorms before 7pm. Mostly clear, with a low around 76. Heat index values as high as 98. South southeast wind around 10 mph. Chance of precipitation is 20%."
58,2026-06-21T01:27:28Z,KDFW,Sunday,2026-06-21T06:00:00-05:00,1,94.0,Mostly Sunny,"Mostly sunny, with a high near 94. Heat index values as high as 102. South wind 10 to 15 mph, with gusts as high as 30 mph."
59,2026-06-21T01:27:28Z,KDFW,Sunday Night,2026-06-21T18:00:00-05:00,0,79.0,Partly Cloudy then Slight Chance Showers And Thunderstorms,"A slight chance of rain showers between 1am and 4am, then a slight chance of showers and thunderstorms. Partly cloudy, with a low around 79. Heat index values as high as 101. South wind 10 to 15 mph, with gusts as high as 30 mph. Chance of precipitation is 20%."
60,2026-06-21T01:27:28Z,KDFW,Monday,2026-06-22T06:00:00-05:00,1,94.0,Slight Chance Showers And Thunderstorms,"A slight chance of showers and thunderstorms before 1pm. Partly sunny, with a high near 94. Heat index values as high as 101. South wind 10 to 15 mph, with gusts as high as 25 mph. Chance of precipitation is 20%. New rainfall amounts less than a tenth of an inch possible."
61,2026-06-21T01:27:28Z,KDFW,Monday Night,2026-06-22T18:00:00-05:00,0,78.0,Partly Cloudy,"Partly cloudy, with a low around 78. South wind 10 to 15 mph, with gusts as high as 25 mph."
62,2026-06-21T01:27:28Z,KDFW,Tuesday,2026-06-23T06:00:00-05:00,1,97.0,Mostly Sunny,"Mostly sunny, with a high near 97. South wind around 10 mph."
63,2026-06-21T01:27:28Z,KDFW,Tuesday Night,2026-06-23T18:00:00-05:00,0,78.0,Partly Cloudy then Slight Chance Showers And Thunderstorms,"A slight chance of showers and thunderstorms after 1am. Partly cloudy, with a low around 78. South wind 5 to 10 mph. Chance of precipitation is 20%."
64,2026-06-21T01:27:28Z,KDFW,Wednesday,2026-06-24T06:00:00-05:00,1,94.0,Chance Showers And Thunderstorms,"A chance of showers and thunderstorms. Mostly sunny, with a high near 94. South southwest wind around 5 mph. Chance of precipitation is 30%."
65,2026-06-21T01:27:28Z,KDFW,Wednesday Night,2026-06-24T18:00:00-05:00,0,76.0,Chance Showers And Thunderstorms,"A chance of showers and thunderstorms. Partly cloudy, with a low around 76. South southeast wind 5 to 10 mph. Chance of precipitation is 30%."
66,2026-06-21T01:27:28Z,KDFW,Thursday,2026-06-25T06:00:00-05:00,1,94.0,Chance Showers And Thunderstorms then Mostly Sunny,"A chance of showers and thunderstorms before 7am. Mostly sunny, with a high near 94. Chance of precipitation is 30%."
67,2026-06-21T01:27:28Z,KDFW,Thursday Night,2026-06-25T18:00:00-05:00,0,77.0,Partly Cloudy,"Partly cloudy, with a low around 77."
68,2026-06-21T01:27:28Z,KDFW,Friday,2026-06-26T06:00:00-05:00,1,96.0,Mostly Sunny,"Mostly sunny, with a high near 96."
69,2026-06-21T01:27:28Z,KDFW,Friday Night,2026-06-26T18:00:00-05:00,0,78.0,Partly Cloudy,"Partly cloudy, with a low around 78."
70,2026-06-21T01:27:28Z,KDFW,Saturday,2026-06-27T06:00:00-05:00,1,98.0,Mostly Sunny,"Mostly sunny, with a high near 98."
71,2026-06-21T01:27:28Z,KDEN,Tonight,2026-06-20T18:00:00-06:00,0,58.0,Partly Cloudy,"Partly cloudy. Low around 58, with temperatures rising to around 62 overnight. West northwest wind 5 to 14 mph, with gusts as high as 22 mph."
72,2026-06-21T01:27:28Z,KDEN,Sunday,2026-06-21T06:00:00-06:00,1,90.0,Sunny,"Sunny. High near 90, with temperatures falling to around 85 in the afternoon. West northwest wind 3 to 15 mph, with gusts as high as 24 mph."
73,2026-06-21T01:27:28Z,KDEN,Sunday Night,2026-06-21T18:00:00-06:00,0,54.0,Mostly Clear,"Mostly clear. Low around 54, with temperatures rising to around 58 overnight. Northeast wind 3 to 16 mph, with gusts as high as 25 mph."
74,2026-06-21T01:27:28Z,KDEN,Monday,2026-06-22T06:00:00-06:00,1,88.0,Sunny then Chance Showers And Thunderstorms,"A chance of showers and thunderstorms between noon and 3pm, then a chance of showers and thunderstorms. Sunny, with a high near 88. East southeast wind 7 to 10 mph, with gusts as high as 20 mph. Chance of precipitation is 30%."
75,2026-06-21T01:27:28Z,KDEN,Monday Night,2026-06-22T18:00:00-06:00,0,55.0,Mostly Clear,"Mostly clear, with a low around 55. South southeast wind 7 to 12 mph, with gusts as high as 21 mph."
76,2026-06-21T01:27:28Z,KDEN,Tuesday,2026-06-23T06:00:00-06:00,1,79.0,Mostly Sunny then Slight Chance Showers And Thunderstorms,"A slight chance of showers and thunderstorms after noon. Mostly sunny, with a high near 79. Chance of precipitation is 20%."
77,2026-06-21T01:27:28Z,KDEN,Tuesday Night,2026-06-23T18:00:00-06:00,0,55.0,Chance Showers And Thunderstorms then Partly Cloudy,"A chance of showers and thunderstorms before midnight. Partly cloudy, with a low around 55."
78,2026-06-21T01:27:28Z,KDEN,Wednesday,2026-06-24T06:00:00-06:00,1,85.0,Mostly Sunny then Slight Chance Showers And Thunderstorms,"A slight chance of showers and thunderstorms after noon. Mostly sunny, with a high near 85."
79,2026-06-21T01:27:28Z,KDEN,Wednesday Night,2026-06-24T18:00:00-06:00,0,56.0,Chance Showers And Thunderstorms then Partly Cloudy,"A chance of showers and thunderstorms before midnight. Partly cloudy, with a low around 56."
80,2026-06-21T01:27:28Z,KDEN,Thursday,2026-06-25T06:00:00-06:00,1,86.0,Mostly Sunny then Chance Showers And Thunderstorms,"A chance of showers and thunderstorms after noon. Mostly sunny, with a high near 86."
81,2026-06-21T01:27:28Z,KDEN,Thursday Night,2026-06-25T18:00:00-06:00,0,57.0,Chance Showers And Thunderstorms then Partly Cloudy,"A chance of showers and thunderstorms before midnight. Partly cloudy, with a low around 57."
82,2026-06-21T01:27:28Z,KDEN,Friday,2026-06-26T06:00:00-06:00,1,91.0,Mostly Sunny then Slight Chance Showers And Thunderstorms,"A slight chance of showers and thunderstorms after noon. Mostly sunny, with a high near 91."
83,2026-06-21T01:27:28Z,KDEN,Friday Night,2026-06-26T18:00:00-06:00,0,59.0,Partly Cloudy,"Partly cloudy, with a low around 59."
84,2026-06-21T01:27:28Z,KDEN,Saturday,2026-06-27T06:00:00-06:00,1,95.0,Sunny,"Sunny, with a high near 95."
85,2026-06-21T01:27:28Z,KIAH,Tonight,2026-06-20T19:00:00-05:00,0,78.0,Slight Chance Showers And Thunderstorms,"A slight chance of showers and thunderstorms. Mostly cloudy, with a low around 78. Southeast wind around 5 mph. Chance of precipitation is 20%. New rainfall amounts less than a tenth of an inch possible."
86,2026-06-21T01:27:28Z,KIAH,Sunday,2026-06-21T06:00:00-05:00,1,92.0,Slight Chance Showers And Thunderstorms,"A slight chance of showers and thunderstorms before 2pm. Partly sunny, with a high near 92. Heat index values as high as 105. South wind 5 to 15 mph, with gusts as high as 20 mph. Chance of precipitation is 20%. New rainfall amounts between a tenth and quarter of an inch possible."
87,2026-06-21T01:27:28Z,KIAH,Sunday Night,2026-06-21T18:00:00-05:00,0,80.0,Mostly Cloudy,"Mostly cloudy, with a low around 80. Heat index values as high as 103. South wind 10 to 15 mph, with gusts as high as 20 mph."
88,2026-06-21T01:27:28Z,KIAH,Monday,2026-06-22T06:00:00-05:00,1,94.0,Mostly Sunny,"Mostly sunny, with a high near 94. Heat index values as high as 107. South wind around 10 mph, with gusts as high as 20 mph."
89,2026-06-21T01:27:28Z,KIAH,Monday Night,2026-06-22T18:00:00-05:00,0,79.0,Mostly Clear,"Mostly clear, with a low around 79. South wind 5 to 10 mph."
90,2026-06-21T01:27:28Z,KIAH,Tuesday,2026-06-23T06:00:00-05:00,1,95.0,Mostly Sunny,"Mostly sunny, with a high near 95."
91,2026-06-21T01:27:28Z,KIAH,Tuesday Night,2026-06-23T18:00:00-05:00,0,78.0,Mostly Clear,"Mostly clear, with a low around 78."
92,2026-06-21T01:27:28Z,KIAH,Wednesday,2026-06-24T06:00:00-05:00,1,95.0,Mostly Sunny,"Mostly sunny, with a high near 95."
93,2026-06-21T01:27:28Z,KIAH,Wednesday Night,2026-06-24T18:00:00-05:00,0,76.0,Mostly Clear,"Mostly clear, with a low around 76."
94,2026-06-21T01:27:28Z,KIAH,Thursday,2026-06-25T06:00:00-05:00,1,94.0,Mostly Sunny,"Mostly sunny, with a high near 94."
95,2026-06-21T01:27:28Z,KIAH,Thursday Night,2026-06-25T18:00:00-05:00,0,77.0,Mostly Clear,"Mostly clear, with a low around 77."
96,2026-06-21T01:27:28Z,KIAH,Friday,2026-06-26T06:00:00-05:00,1,94.0,Mostly Sunny,"Mostly sunny, with a high near 94."
97,2026-06-21T01:27:28Z,KIAH,Friday Night,2026-06-26T18:00:00-05:00,0,78.0,Mostly Clear,"Mostly clear, with a low around 78."
98,2026-06-21T01:27:28Z,KIAH,Saturday,2026-06-27T06:00:00-05:00,1,94.0,Mostly Sunny,"Mostly sunny, with a high near 94."
99,2026-06-21T01:27:28Z,KLAS,This Afternoon,2026-06-20T12:00:00-07:00,1,102.0,Sunny,"Sunny, with a high near 102. South southwest wind 9 to 14 mph, with gusts as high as 24 mph."
100,2026-06-21T01:27:28Z,KLAS,Tonight,2026-06-20T18:00:00-07:00,0,75.0,Clear,"Clear. Low around 75, with temperatures rising to around 77 overnight. Southwest wind 6 to 14 mph, with gusts as high as 22 mph."
101,2026-06-21T01:27:28Z,KLAS,Sunday,2026-06-21T06:00:00-07:00,1,104.0,Sunny,"Sunny, with a high near 104. Southeast wind 2 to 9 mph."
102,2026-06-21T01:27:28Z,KLAS,Sunday Night,2026-06-21T18:00:00-07:00,0,76.0,Mostly Clear,"Mostly clear, with a low around 76. South southwest wind 5 to 10 mph."
103,2026-06-21T01:27:28Z,KLAS,Monday,2026-06-22T06:00:00-07:00,1,106.0,Sunny,"Sunny, with a high near 106. East southeast wind 1 to 9 mph."
104,2026-06-21T01:27:28Z,KLAS,Monday Night,2026-06-22T18:00:00-07:00,0,79.0,Clear,"Clear, with a low around 79."
105,2026-06-21T01:27:28Z,KLAS,Tuesday,2026-06-23T06:00:00-07:00,1,109.0,Sunny,"Sunny, with a high near 109."
106,2026-06-21T01:27:28Z,KLAS,Tuesday Night,2026-06-23T18:00:00-07:00,0,83.0,Slight Chance Showers And Thunderstorms,"A slight chance of showers and thunderstorms after 11pm. Mostly clear, with a low around 83."
107,2026-06-21T01:27:28Z,KLAS,Wednesday,2026-06-24T06:00:00-07:00,1,109.0,Slight Chance Showers And Thunderstorms,"A slight chance of rain showers before 11am, then a slight chance of showers and thunderstorms between 11am and 5pm. Sunny, with a high near 109."
108,2026-06-21T01:27:28Z,KLAS,Wednesday Night,2026-06-24T18:00:00-07:00,0,84.0,Mostly Clear,"Mostly clear, with a low around 84."
109,2026-06-21T01:27:28Z,KLAS,Thursday,2026-06-25T06:00:00-07:00,1,109.0,Sunny,"Sunny, with a high near 109."
110,2026-06-21T01:27:28Z,KLAS,Thursday Night,2026-06-25T18:00:00-07:00,0,84.0,Clear,"Clear, with a low around 84."
111,2026-06-21T01:27:28Z,KLAS,Friday,2026-06-26T06:00:00-07:00,1,108.0,Sunny,"Sunny, with a high near 108."
112,2026-06-21T01:27:28Z,KLAS,Friday Night,2026-06-26T18:00:00-07:00,0,80.0,Clear,"Clear, with a low around 80."
113,2026-06-21T01:27:28Z,KLAX,Tonight,2026-06-20T18:00:00-07:00,0,60.0,Mostly Cloudy,"Mostly cloudy, with a low around 60. West southwest wind 0 to 15 mph, with gusts as high as 20 mph."
114,2026-06-21T01:27:28Z,KLAX,Sunday,2026-06-21T06:00:00-07:00,1,69.0,Partly Sunny then Patchy Fog,"Patchy fog after 5pm. Partly sunny, with a high near 69. Southwest wind 0 to 15 mph."
115,2026-06-21T01:27:28Z,KLAX,Sunday Night,2026-06-21T18:00:00-07:00,0,60.0,Patchy Fog,"Patchy fog. Mostly cloudy, with a low around 60. Southwest wind 5 to 10 mph."
116,2026-06-21T01:27:28Z,KLAX,Monday,2026-06-22T06:00:00-07:00,1,70.0,Patchy Fog then Mostly Sunny,"Patchy fog before 11am. Mostly sunny, with a high near 70. Southwest wind 5 to 15 mph."
117,2026-06-21T01:27:28Z,KLAX,Monday Night,2026-06-22T18:00:00-07:00,0,61.0,Patchy Fog,"Patchy fog after 11pm. Mostly cloudy, with a low around 61. Southwest wind 0 to 10 mph."
118,2026-06-21T01:27:28Z,KLAX,Tuesday,2026-06-23T06:00:00-07:00,1,72.0,Patchy Fog then Mostly Sunny,"Patchy fog before 11am. Mostly sunny, with a high near 72."
119,2026-06-21T01:27:28Z,KLAX,Tuesday Night,2026-06-23T18:00:00-07:00,0,61.0,Partly Cloudy then Slight Chance Rain Showers,"A slight chance of rain showers after 5am. Partly cloudy, with a low around 61."
120,2026-06-21T01:27:28Z,KLAX,Wednesday,2026-06-24T06:00:00-07:00,1,70.0,Slight Chance Rain Showers then Mostly Sunny,"A slight chance of rain showers before 11am. Mostly sunny, with a high near 70."
121,2026-06-21T01:27:28Z,KLAX,Wednesday Night,2026-06-24T18:00:00-07:00,0,62.0,Partly Cloudy,"Partly cloudy, with a low around 62."
122,2026-06-21T01:27:28Z,KLAX,Thursday,2026-06-25T06:00:00-07:00,1,70.0,Mostly Sunny,"Mostly sunny, with a high near 70."
123,2026-06-21T01:27:28Z,KLAX,Thursday Night,2026-06-25T18:00:00-07:00,0,61.0,Partly Cloudy,"Partly cloudy, with a low around 61."
124,2026-06-21T01:27:28Z,KLAX,Friday,2026-06-26T06:00:00-07:00,1,70.0,Mostly Sunny,"Mostly sunny, with a high near 70."
125,2026-06-21T01:27:28Z,KLAX,Friday Night,2026-06-26T18:00:00-07:00,0,61.0,Partly Cloudy,"Partly cloudy, with a low around 61."
126,2026-06-21T01:27:28Z,KLAX,Saturday,2026-06-27T06:00:00-07:00,1,70.0,Mostly Sunny,"Mostly sunny, with a high near 70."
127,2026-06-21T01:27:28Z,KMIA,Tonight,2026-06-20T18:00:00-04:00,0,78.0,Patchy Smoke,"Patchy smoke and a chance of showers and thunderstorms before 10pm, then patchy smoke and a slight chance of showers and thunderstorms between 10pm and midnight, then patchy smoke and a chance of showers and thunderstorms between midnight and 1am, then patchy smoke and a slight chance of showers and thunderstorms between 1am and 4am. Mostly cloudy, with a low around 78. West wind 0 to 7 mph. Chance of precipitation is 50%. New rainfall amounts between a quarter and half of an inch possible."
128,2026-06-21T01:27:28Z,KMIA,Sunday,2026-06-21T06:00:00-04:00,1,93.0,Mostly Sunny then Showers And Thunderstorms Likely,"Showers and thunderstorms likely after 2pm. Mostly sunny, with a high near 93. Heat index values as high as 105. South wind 0 to 7 mph. Chance of precipitation is 60%. New rainfall amounts between a quarter and half of an inch possible."
129,2026-06-21T01:27:28Z,KMIA,Sunday Night,2026-06-21T18:00:00-04:00,0,79.0,Patchy Smoke then Partly Cloudy,"Patchy smoke and a chance of showers and thunderstorms before midnight. Partly cloudy, with a low around 79. South wind 0 to 7 mph. Chance of precipitation is 40%. New rainfall amounts between a quarter and half of an inch possible."
130,2026-06-21T01:27:28Z,KMIA,Monday,2026-06-22T06:00:00-04:00,1,93.0,Mostly Sunny then Slight Chance Showers And Thunderstorms,"A slight chance of showers and thunderstorms after 2pm. Mostly sunny, with a high near 93. Heat index values as high as 103. Southeast wind 0 to 9 mph. Chance of precipitation is 20%."
131,2026-06-21T01:27:28Z,KMIA,Monday Night,2026-06-22T18:00:00-04:00,0,80.0,Slight Chance Showers And Thunderstorms then Partly Cloudy,"A slight chance of showers and thunderstorms before 8pm. Partly cloudy, with a low around 80. Southeast wind 0 to 9 mph. Chance of precipitation is 20%."
132,2026-06-21T01:27:28Z,KMIA,Tuesday,2026-06-23T06:00:00-04:00,1,93.0,Mostly Sunny then Chance Showers And Thunderstorms,"A chance of showers and thunderstorms after 2pm. Mostly sunny, with a high near 93. Southeast wind 0 to 8 mph. Chance of precipitation is 40%."
133,2026-06-21T01:27:28Z,KMIA,Tuesday Night,2026-06-23T18:00:00-04:00,0,79.0,Chance Showers And Thunderstorms then Mostly Cloudy,"A chance of showers and thunderstorms before 8pm. Mostly cloudy, with a low around 79. Southeast wind 0 to 8 mph. Chance of precipitation is 40%."
134,2026-06-21T01:27:28Z,KMIA,Wednesday,2026-06-24T06:00:00-04:00,1,93.0,Mostly Sunny then Chance Showers And Thunderstorms,"A chance of showers and thunderstorms after 2pm. Mostly sunny, with a high near 93. Southeast wind 0 to 9 mph. Chance of precipitation is 40%."
135,2026-06-21T01:27:28Z,KMIA,Wednesday Night,2026-06-24T18:00:00-04:00,0,79.0,Chance Showers And Thunderstorms,"A chance of showers and thunderstorms before 2am. Partly cloudy, with a low around 79. Southeast wind 0 to 9 mph. Chance of precipitation is 40%."
136,2026-06-21T01:27:28Z,KMIA,Thursday,2026-06-25T06:00:00-04:00,1,92.0,Chance Showers And Thunderstorms,"A chance of showers and thunderstorms after 8am. Mostly sunny, with a high near 92. Chance of precipitation is 30%."
137,2026-06-21T01:27:28Z,KMIA,Thursday Night,2026-06-25T18:00:00-04:00,0,80.0,Chance Showers And Thunderstorms then Partly Cloudy,"A chance of showers and thunderstorms before 8pm. Partly cloudy, with a low around 80. Chance of precipitation is 30%."
138,2026-06-21T01:27:28Z,KMIA,Friday,2026-06-26T06:00:00-04:00,1,93.0,Mostly Sunny then Chance Showers And Thunderstorms,"A chance of showers and thunderstorms after 2pm. Mostly sunny, with a high near 93. Chance of precipitation is 30%."
139,2026-06-21T01:27:28Z,KMIA,Friday Night,2026-06-26T18:00:00-04:00,0,80.0,Chance Showers And Thunderstorms then Partly Cloudy,"A chance of showers and thunderstorms before 8pm. Partly cloudy, with a low around 80. Chance of precipitation is 30%."
140,2026-06-21T01:27:28Z,KMIA,Saturday,2026-06-27T06:00:00-04:00,1,94.0,Mostly Sunny then Chance Showers And Thunderstorms,"A chance of showers and thunderstorms after 2pm. Mostly sunny, with a high near 94."
141,2026-06-21T01:27:28Z,KMSP,Tonight,2026-06-20T18:00:00-05:00,0,55.0,Partly Cloudy,"Partly cloudy, with a low around 55. Northeast wind 0 to 10 mph."
142,2026-06-21T01:27:28Z,KMSP,Sunday,2026-06-21T06:00:00-05:00,1,75.0,Partly Sunny,"Partly sunny, with a high near 75. East wind 5 to 10 mph."
143,2026-06-21T01:27:28Z,KMSP,Sunday Night,2026-06-21T18:00:00-05:00,0,55.0,Partly Cloudy,"Partly cloudy, with a low around 55. Northeast wind 5 to 10 mph."
144,2026-06-21T01:27:28Z,KMSP,Monday,2026-06-22T06:00:00-05:00,1,77.0,Sunny,"Sunny, with a high near 77. Northeast wind around 5 mph."
145,2026-06-21T01:27:28Z,KMSP,Monday Night,2026-06-22T18:00:00-05:00,0,56.0,Mostly Cloudy,"Mostly cloudy, with a low around 56. East wind 5 to 10 mph."
146,2026-06-21T01:27:28Z,KMSP,Tuesday,2026-06-23T06:00:00-05:00,1,74.0,Showers And Thunderstorms,"A chance of rain showers between 7am and 1pm, then showers and thunderstorms. Partly sunny. High near 74, with temperatures falling to around 70 in the afternoon. South wind 5 to 10 mph. Chance of precipitation is 80%. New rainfall amounts between a tenth and quarter of an inch possible."
147,2026-06-21T01:27:28Z,KMSP,Tuesday Night,2026-06-23T18:00:00-05:00,0,55.0,Showers And Thunderstorms,"Showers and thunderstorms. Mostly cloudy, with a low around 55. Southwest wind 5 to 10 mph. Chance of precipitation is 80%. New rainfall amounts between a quarter and half of an inch possible."
148,2026-06-21T01:27:28Z,KMSP,Wednesday,2026-06-24T06:00:00-05:00,1,72.0,Chance Rain Showers then Chance Showers And Thunderstorms,"A chance of rain showers before 1pm, then a chance of showers and thunderstorms. Mostly sunny, with a high near 72. Northwest wind 5 to 10 mph. Chance of precipitation is 30%."
149,2026-06-21T01:27:28Z,KMSP,Wednesday Night,2026-06-24T18:00:00-05:00,0,54.0,Chance Showers And Thunderstorms,"A chance of showers and thunderstorms before 1am. Partly cloudy, with a low around 54. North wind 0 to 10 mph. Chance of precipitation is 30%."
150,2026-06-21T01:27:28Z,KMSP,Thursday,2026-06-25T06:00:00-05:00,1,75.0,Mostly Sunny,"Mostly sunny, with a high near 75. North northwest wind 0 to 5 mph."
151,2026-06-21T01:27:28Z,KMSP,Thursday Night,2026-06-25T18:00:00-05:00,0,56.0,Partly Cloudy,"Partly cloudy, with a low around 56. Northeast wind 0 to 5 mph."
152,2026-06-21T01:27:28Z,KMSP,Friday,2026-06-26T06:00:00-05:00,1,79.0,Mostly Sunny,"Mostly sunny, with a high near 79. Southeast wind 0 to 5 mph."
153,2026-06-21T01:27:28Z,KMSP,Friday Night,2026-06-26T18:00:00-05:00,0,60.0,Chance Showers And Thunderstorms,"A chance of showers and thunderstorms after 7pm. Partly cloudy, with a low around 60. Southeast wind around 5 mph. Chance of precipitation is 30%."
154,2026-06-21T01:27:28Z,KMSP,Saturday,2026-06-27T06:00:00-05:00,1,81.0,Chance Rain Showers then Slight Chance Showers And Thunderstorms,"A chance of rain showers before 1pm, then a slight chance of showers and thunderstorms. Mostly sunny, with a high near 81. Southeast wind 5 to 10 mph. Chance of precipitation is 30%."
155,2026-06-21T01:27:28Z,KMSY,Tonight,2026-06-20T18:00:00-05:00,0,79.0,Chance Showers And Thunderstorms,"A chance of showers and thunderstorms before 7pm, then a chance of showers and thunderstorms. Mostly cloudy, with a low around 79. Southeast wind 5 to 10 mph. Chance of precipitation is 50%. New rainfall amounts between a half and three quarters of an inch possible."
156,2026-06-21T01:27:28Z,KMSY,Sunday,2026-06-21T06:00:00-05:00,1,90.0,Slight Chance Rain Showers,"A slight chance of rain showers before 2pm. Partly sunny. High near 90, with temperatures falling to around 88 in the afternoon. South wind 5 to 15 mph. Chance of precipitation is 20%. New rainfall amounts less than a tenth of an inch possible."
157,2026-06-21T01:27:28Z,KMSY,Sunday Night,2026-06-21T18:00:00-05:00,0,80.0,Mostly Cloudy,"Mostly cloudy, with a low around 80. South wind 10 to 15 mph."
158,2026-06-21T01:27:28Z,KMSY,Monday,2026-06-22T06:00:00-05:00,1,92.0,Mostly Sunny,"Mostly sunny, with a high near 92. Southwest wind 10 to 15 mph."
159,2026-06-21T01:27:28Z,KMSY,Monday Night,2026-06-22T18:00:00-05:00,0,79.0,Mostly Clear,"Mostly clear, with a low around 79. Southwest wind 5 to 10 mph."
160,2026-06-21T01:27:28Z,KMSY,Tuesday,2026-06-23T06:00:00-05:00,1,93.0,Sunny,"Sunny, with a high near 93. Southwest wind 5 to 10 mph."
161,2026-06-21T01:27:28Z,KMSY,Tuesday Night,2026-06-23T18:00:00-05:00,0,77.0,Mostly Clear,"Mostly clear, with a low around 77. Southwest wind 5 to 10 mph."
162,2026-06-21T01:27:28Z,KMSY,Wednesday,2026-06-24T06:00:00-05:00,1,92.0,Mostly Sunny then Slight Chance Showers And Thunderstorms,"A slight chance of showers and thunderstorms after 1pm. Mostly sunny, with a high near 92. West wind 5 to 10 mph."
163,2026-06-21T01:27:28Z,KMSY,Wednesday Night,2026-06-24T18:00:00-05:00,0,77.0,Slight Chance Showers And Thunderstorms then Partly Cloudy,"A slight chance of showers and thunderstorms before 7pm. Partly cloudy, with a low around 77. West wind 5 to 10 mph."
164,2026-06-21T01:27:28Z,KMSY,Thursday,2026-06-25T06:00:00-05:00,1,91.0,Mostly Sunny then Chance Showers And Thunderstorms,"A chance of showers and thunderstorms after 1pm. Mostly sunny, with a high near 91. West wind around 5 mph."
165,2026-06-21T01:27:28Z,KMSY,Thursday Night,2026-06-25T18:00:00-05:00,0,77.0,Chance Showers And Thunderstorms then Partly Cloudy,"A chance of showers and thunderstorms before 7pm. Partly cloudy, with a low around 77. Southwest wind around 5 mph."
166,2026-06-21T01:27:28Z,KMSY,Friday,2026-06-26T06:00:00-05:00,1,91.0,Mostly Sunny then Slight Chance Showers And Thunderstorms,"A slight chance of showers and thunderstorms after 1pm. Mostly sunny, with a high near 91. Southwest wind 5 to 10 mph."
167,2026-06-21T01:27:28Z,KMSY,Friday Night,2026-06-26T18:00:00-05:00,0,78.0,Slight Chance Showers And Thunderstorms then Mostly Clear,"A slight chance of showers and thunderstorms before 7pm. Mostly clear, with a low around 78. South wind 5 to 10 mph."
168,2026-06-21T01:27:28Z,KMSY,Saturday,2026-06-27T06:00:00-05:00,1,91.0,Sunny then Slight Chance Showers And Thunderstorms,"A slight chance of showers and thunderstorms after 1pm. Sunny, with a high near 91. South wind 5 to 10 mph."
169,2026-06-21T01:27:28Z,KNYC,Tonight,2026-06-20T18:00:00-04:00,0,65.0,Mostly Clear,"Mostly clear, with a low around 65. Northwest wind 0 to 13 mph, with gusts as high as 24 mph."
170,2026-06-21T01:27:28Z,KNYC,Sunday,2026-06-21T06:00:00-04:00,1,83.0,Mostly Sunny then Slight Chance Showers And Thunderstorms,"A slight chance of showers and thunderstorms between 2pm and 5pm. Mostly sunny, with a high near 83. West wind 0 to 7 mph. Chance of precipitation is 20%."
171,2026-06-21T01:27:28Z,KNYC,Sunday Night,2026-06-21T18:00:00-04:00,0,66.0,Partly Cloudy,"Partly cloudy. Low around 66, with temperatures rising to around 68 overnight. Northwest wind 0 to 6 mph."
172,2026-06-21T01:27:28Z,KNYC,Monday,2026-06-22T06:00:00-04:00,1,77.0,Showers And Thunderstorms,"A chance of rain showers between 8am and 2pm, then showers and thunderstorms. Mostly cloudy. High near 77, with temperatures falling to around 75 in the afternoon. East wind 0 to 8 mph, with gusts as high as 21 mph. Chance of precipitation is 90%. New rainfall amounts between 1 and 2 inches possible."
173,2026-06-21T01:27:28Z,KNYC,Monday Night,2026-06-22T18:00:00-04:00,0,67.0,Showers And Thunderstorms,"Showers and thunderstorms. Cloudy, with a low around 67. South wind around 8 mph. Chance of precipitation is 90%. New rainfall amounts between 1 and 2 inches possible."
174,2026-06-21T01:27:28Z,KNYC,Tuesday,2026-06-23T06:00:00-04:00,1,80.0,Rain Showers Likely,"Rain showers likely. Partly sunny, with a high near 80. Chance of precipitation is 70%. New rainfall amounts between a tenth and quarter of an inch possible."
175,2026-06-21T01:27:28Z,KNYC,Tuesday Night,2026-06-23T18:00:00-04:00,0,65.0,Slight Chance Rain Showers then Partly Cloudy,"A slight chance of rain showers before 8pm. Partly cloudy, with a low around 65."
176,2026-06-21T01:27:28Z,KNYC,Wednesday,2026-06-24T06:00:00-04:00,1,84.0,Sunny,"Sunny, with a high near 84."
177,2026-06-21T01:27:28Z,KNYC,Wednesday Night,2026-06-24T18:00:00-04:00,0,67.0,Mostly Clear,"Mostly clear, with a low around 67."
178,2026-06-21T01:27:28Z,KNYC,Thursday,2026-06-25T06:00:00-04:00,1,80.0,Chance Showers And Thunderstorms,"A slight chance of rain showers between 8am and 2pm, then a chance of showers and thunderstorms. Mostly sunny, with a high near 80. Chance of precipitation is 30%."
179,2026-06-21T01:27:28Z,KNYC,Thursday Night,2026-06-25T18:00:00-04:00,0,68.0,Chance Showers And Thunderstorms,"A chance of showers and thunderstorms. Mostly cloudy, with a low around 68. Chance of precipitation is 50%."
180,2026-06-21T01:27:28Z,KNYC,Friday,2026-06-26T06:00:00-04:00,1,83.0,Chance Rain Showers,"A chance of rain showers before 2pm, then a chance of showers and thunderstorms. Partly sunny, with a high near 83. Chance of precipitation is 50%."
181,2026-06-21T01:27:28Z,KNYC,Friday Night,2026-06-26T18:00:00-04:00,0,68.0,Chance Showers And Thunderstorms,"A chance of showers and thunderstorms. Partly cloudy, with a low around 68. Chance of precipitation is 30%."
182,2026-06-21T01:27:28Z,KNYC,Saturday,2026-06-27T06:00:00-04:00,1,85.0,Slight Chance Rain Showers then Slight Chance Showers And Thunderstorms,"A slight chance of rain showers before 8am, then a slight chance of showers and thunderstorms. Mostly sunny, with a high near 85."
183,2026-06-21T01:27:28Z,KOKC,Tonight,2026-06-20T18:00:00-05:00,0,73.0,Mostly Clear,"Mostly clear, with a low around 73. South southeast wind 13 to 16 mph, with gusts as high as 24 mph."
184,2026-06-21T01:27:28Z,KOKC,Sunday,2026-06-21T06:00:00-05:00,1,95.0,Sunny,"Sunny, with a high near 95. Heat index values as high as 101. South wind 16 to 22 mph, with gusts as high as 33 mph."
185,2026-06-21T01:27:28Z,KOKC,Sunday Night,2026-06-21T18:00:00-05:00,0,72.0,Showers And Thunderstorms Likely,"Showers and thunderstorms likely between 7pm and 4am, then showers and thunderstorms likely. Partly cloudy, with a low around 72. Heat index values as high as 103. Southeast wind 10 to 18 mph, with gusts as high as 28 mph. Chance of precipitation is 70%. New rainfall amounts between a half and three quarters of an inch possible."
186,2026-06-21T01:27:28Z,KOKC,Monday,2026-06-22T06:00:00-05:00,1,87.0,Showers And Thunderstorms Likely then Chance Showers And Thunderstorms,"Showers and thunderstorms likely before 7am, then a chance of showers and thunderstorms. Partly sunny, with a high near 87. East southeast wind around 13 mph, with gusts as high as 20 mph. Chance of precipitation is 70%."
187,2026-06-21T01:27:28Z,KOKC,Monday Night,2026-06-22T18:00:00-05:00,0,68.0,Chance Showers And Thunderstorms then Showers And Thunderstorms,"A chance of showers and thunderstorms before 7pm, then showers and thunderstorms. Mostly cloudy, with a low around 68. East northeast wind 8 to 13 mph, with gusts as high as 20 mph. Chance of precipitation is 90%."
188,2026-06-21T01:27:28Z,KOKC,Tuesday,2026-06-23T06:00:00-05:00,1,86.0,Showers And Thunderstorms,"Showers and thunderstorms before 1pm, then a slight chance of showers and thunderstorms. Mostly cloudy, with a high near 86. Chance of precipitation is 90%."
189,2026-06-21T01:27:28Z,KOKC,Tuesday Night,2026-06-23T18:00:00-05:00,0,68.0,Slight Chance Showers And Thunderstorms then Showers And Thunderstorms Likely,"A slight chance of showers and thunderstorms before 7pm, then showers and thunderstorms likely. Mostly cloudy, with a low around 68. Chance of precipitation is 60%."
190,2026-06-21T01:27:28Z,KOKC,Wednesday,2026-06-24T06:00:00-05:00,1,84.0,Showers And Thunderstorms Likely then Chance Showers And Thunderstorms,"Showers and thunderstorms likely before 7am, then a chance of showers and thunderstorms. Mostly cloudy, with a high near 84. Chance of precipitation is 60%."
191,2026-06-21T01:27:28Z,KOKC,Wednesday Night,2026-06-24T18:00:00-05:00,0,67.0,Chance Showers And Thunderstorms then Showers And Thunderstorms Likely,"A chance of showers and thunderstorms before 7pm, then showers and thunderstorms likely. Mostly cloudy, with a low around 67. Chance of precipitation is 60%."
192,2026-06-21T01:27:28Z,KOKC,Thursday,2026-06-25T06:00:00-05:00,1,84.0,Showers And Thunderstorms Likely,"Showers and thunderstorms likely before 1pm, then a slight chance of showers and thunderstorms. Partly sunny, with a high near 84. Chance of precipitation is 60%."
193,2026-06-21T01:27:28Z,KOKC,Thursday Night,2026-06-25T18:00:00-05:00,0,69.0,Chance Showers And Thunderstorms,"A chance of showers and thunderstorms. Partly cloudy, with a low around 69. Chance of precipitation is 40%."
194,2026-06-21T01:27:28Z,KOKC,Friday,2026-06-26T06:00:00-05:00,1,88.0,Chance Showers And Thunderstorms,"A chance of showers and thunderstorms. Partly sunny, with a high near 88. Chance of precipitation is 40%."
195,2026-06-21T01:27:28Z,KOKC,Friday Night,2026-06-26T18:00:00-05:00,0,73.0,Chance Showers And Thunderstorms,"A chance of showers and thunderstorms. Partly cloudy, with a low around 73. Chance of precipitation is 30%."
196,2026-06-21T01:27:28Z,KOKC,Saturday,2026-06-27T06:00:00-05:00,1,92.0,Chance Showers And Thunderstorms then Mostly Sunny,"A chance of showers and thunderstorms before 7am. Mostly sunny, with a high near 92."
197,2026-06-21T01:27:28Z,KPHL,Tonight,2026-06-20T19:00:00-04:00,0,64.0,Isolated Rain Showers then Mostly Clear,"Isolated rain showers before 9pm. Mostly clear, with a low around 64. West wind 0 to 15 mph. Chance of precipitation is 20%."
198,2026-06-21T01:27:28Z,KPHL,Sunday,2026-06-21T06:00:00-04:00,1,86.0,Sunny,"Sunny, with a high near 86. West wind 0 to 15 mph."
199,2026-06-21T01:27:28Z,KPHL,Sunday Night,2026-06-21T18:00:00-04:00,0,65.0,Mostly Cloudy,"Mostly cloudy, with a low around 65. North wind 0 to 10 mph."
200,2026-06-21T01:27:28Z,KPHL,Monday,2026-06-22T06:00:00-04:00,1,87.0,Showers And Thunderstorms,"A chance of rain showers between 7am and 2pm, then showers and thunderstorms. Some of the storms could produce heavy rain. Mostly cloudy, with a high near 87. Southeast wind 0 to 10 mph, with gusts as high as 25 mph. Chance of precipitation is 90%. New rainfall amounts between three quarters and one inch possible."
201,2026-06-21T01:27:28Z,KPHL,Monday Night,2026-06-22T18:00:00-04:00,0,67.0,Showers And Thunderstorms,"Showers and thunderstorms. Some of the storms could produce heavy rain. Mostly cloudy, with a low around 67. Southwest wind 5 to 10 mph. Chance of precipitation is 90%. New rainfall amounts between three quarters and one inch possible."
202,2026-06-21T01:27:28Z,KPHL,Tuesday,2026-06-23T06:00:00-04:00,1,82.0,Chance Showers And Thunderstorms,"A chance of rain showers before 8am, then a chance of showers and thunderstorms between 8am and 2pm, then a chance of showers and thunderstorms. Partly sunny, with a high near 82. Chance of precipitation is 50%. New rainfall amounts less than a tenth of an inch possible."
203,2026-06-21T01:27:28Z,KPHL,Tuesday Night,2026-06-23T18:00:00-04:00,0,63.0,Chance Showers And Thunderstorms then Partly Cloudy,"A chance of showers and thunderstorms before 8pm. Partly cloudy, with a low around 63. Chance of precipitation is 40%."
204,2026-06-21T01:27:28Z,KPHL,Wednesday,2026-06-24T06:00:00-04:00,1,85.0,Sunny,"Sunny, with a high near 85."
205,2026-06-21T01:27:28Z,KPHL,Wednesday Night,2026-06-24T18:00:00-04:00,0,64.0,Mostly Clear,"Mostly clear, with a low around 64."
206,2026-06-21T01:27:28Z,KPHL,Thursday,2026-06-25T06:00:00-04:00,1,85.0,Chance Rain Showers,"A chance of rain showers between 8am and 2pm, then a chance of showers and thunderstorms. Mostly sunny, with a high near 85. Chance of precipitation is 40%."
207,2026-06-21T01:27:28Z,KPHL,Thursday Night,2026-06-25T18:00:00-04:00,0,66.0,Chance Showers And Thunderstorms,"A chance of showers and thunderstorms before 8pm, then a chance of showers and thunderstorms between 8pm and 2am, then a chance of showers and thunderstorms. Mostly cloudy, with a low around 66. Chance of precipitation is 50%."
208,2026-06-21T01:27:28Z,KPHL,Friday,2026-06-26T06:00:00-04:00,1,85.0,Chance Showers And Thunderstorms,"A chance of showers and thunderstorms before 2pm, then a chance of showers and thunderstorms. Partly sunny, with a high near 85. Chance of precipitation is 50%."
209,2026-06-21T01:27:28Z,KPHL,Friday Night,2026-06-26T18:00:00-04:00,0,66.0,Chance Showers And Thunderstorms,"A chance of showers and thunderstorms before 2am. Partly cloudy, with a low around 66. Chance of precipitation is 40%."
210,2026-06-21T01:27:28Z,KPHL,Saturday,2026-06-27T06:00:00-04:00,1,86.0,Slight Chance Rain Showers then Slight Chance Showers And Thunderstorms,"A slight chance of rain showers between 8am and 2pm, then a slight chance of showers and thunderstorms. Mostly sunny, with a high near 86."
211,2026-06-21T01:27:28Z,KPHX,Tonight,2026-06-20T18:00:00-07:00,0,79.0,Clear,"Clear, with a low around 79. West northwest wind 5 to 10 mph."
212,2026-06-21T01:27:28Z,KPHX,Sunday,2026-06-21T06:00:00-07:00,1,106.0,Sunny,"Sunny. High near 106, with temperatures falling to around 104 in the afternoon. South wind 0 to 10 mph."
213,2026-06-21T01:27:28Z,KPHX,Sunday Night,2026-06-21T18:00:00-07:00,0,80.0,Mostly Clear,"Mostly clear, with a low around 80. West northwest wind 5 to 10 mph."
214,2026-06-21T01:27:28Z,KPHX,Monday,2026-06-22T06:00:00-07:00,1,109.0,Sunny,"Sunny, with a high near 109. South wind 5 to 10 mph."
215,2026-06-21T01:27:28Z,KPHX,Monday Night,2026-06-22T18:00:00-07:00,0,84.0,Mostly Clear,"Mostly clear, with a low around 84. West wind 5 to 10 mph."
216,2026-06-21T01:27:28Z,KPHX,Tuesday,2026-06-23T06:00:00-07:00,1,111.0,Sunny,"Sunny, with a high near 111. West wind 5 to 15 mph, with gusts as high as 20 mph."
217,2026-06-21T01:27:28Z,KPHX,Tuesday Night,2026-06-23T18:00:00-07:00,0,86.0,Mostly Clear,"Mostly clear, with a low around 86. West wind 0 to 10 mph."
218,2026-06-21T01:27:28Z,KPHX,Wednesday,2026-06-24T06:00:00-07:00,1,112.0,Sunny,"Sunny, with a high near 112. West wind 0 to 10 mph, with gusts as high as 25 mph."
219,2026-06-21T01:27:28Z,KPHX,Wednesday Night,2026-06-24T18:00:00-07:00,0,88.0,Mostly Clear,"Mostly clear, with a low around 88. Southwest wind 0 to 10 mph, with gusts as high as 20 mph."
220,2026-06-21T01:27:28Z,KPHX,Thursday,2026-06-25T06:00:00-07:00,1,113.0,Sunny,"Sunny, with a high near 113. South southwest wind 0 to 10 mph, with gusts as high as 25 mph."
221,2026-06-21T01:27:28Z,KPHX,Thursday Night,2026-06-25T18:00:00-07:00,0,89.0,Mostly Clear,"Mostly clear, with a low around 89. South southwest wind 0 to 10 mph, with gusts as high as 25 mph."
222,2026-06-21T01:27:28Z,KPHX,Friday,2026-06-26T06:00:00-07:00,1,112.0,Sunny,"Sunny, with a high near 112. South southwest wind 0 to 10 mph, with gusts as high as 30 mph."
223,2026-06-21T01:27:28Z,KPHX,Friday Night,2026-06-26T18:00:00-07:00,0,86.0,Mostly Clear,"Mostly clear, with a low around 86. South southwest wind 0 to 10 mph, with gusts as high as 30 mph."
224,2026-06-21T01:27:28Z,KPHX,Saturday,2026-06-27T06:00:00-07:00,1,110.0,Sunny,"Sunny, with a high near 110. South southwest wind 0 to 10 mph, with gusts as high as 30 mph."
225,2026-06-21T01:27:28Z,KSAT,Tonight,2026-06-20T19:00:00-05:00,0,76.0,Slight Chance Showers And Thunderstorms,"A slight chance of showers and thunderstorms before 4am, then a chance of showers and thunderstorms. Mostly cloudy, with a low around 76. Southeast wind 5 to 10 mph. Chance of precipitation is 30%. New rainfall amounts less than a tenth of an inch possible."
226,2026-06-21T01:27:28Z,KSAT,Sunday,2026-06-21T06:00:00-05:00,1,92.0,Chance Showers And Thunderstorms then Slight Chance Showers And Thunderstorms,"A chance of showers and thunderstorms before 10am, then a slight chance of showers and thunderstorms between 10am and 4pm. Partly sunny, with a high near 92. Heat index values as high as 105. South wind 5 to 15 mph, with gusts as high as 25 mph. Chance of precipitation is 30%. New rainfall amounts less than a tenth of an inch possible."
227,2026-06-21T01:27:28Z,KSAT,Sunday Night,2026-06-21T18:00:00-05:00,0,78.0,Partly Cloudy,"Partly cloudy, with a low around 78. Heat index values as high as 100. South southeast wind 10 to 15 mph, with gusts as high as 25 mph. New rainfall amounts less than a tenth of an inch possible."
228,2026-06-21T01:27:28Z,KSAT,Monday,2026-06-22T06:00:00-05:00,1,93.0,Mostly Sunny,"Mostly sunny, with a high near 93. Heat index values as high as 102. South wind 10 to 15 mph, with gusts as high as 25 mph."
229,2026-06-21T01:27:28Z,KSAT,Monday Night,2026-06-22T18:00:00-05:00,0,77.0,Partly Cloudy,"Partly cloudy, with a low around 77. South southeast wind 10 to 15 mph, with gusts as high as 25 mph."
230,2026-06-21T01:27:28Z,KSAT,Tuesday,2026-06-23T06:00:00-05:00,1,94.0,Mostly Sunny,"Mostly sunny, with a high near 94. South southeast wind around 10 mph, with gusts as high as 20 mph."
231,2026-06-21T01:27:28Z,KSAT,Tuesday Night,2026-06-23T18:00:00-05:00,0,76.0,Mostly Clear,"Mostly clear, with a low around 76. South southeast wind 5 to 15 mph, with gusts as high as 20 mph."
232,2026-06-21T01:27:28Z,KSAT,Wednesday,2026-06-24T06:00:00-05:00,1,95.0,Mostly Sunny,"Mostly sunny, with a high near 95. South wind 5 to 10 mph."
233,2026-06-21T01:27:28Z,KSAT,Wednesday Night,2026-06-24T18:00:00-05:00,0,74.0,Mostly Clear,"Mostly clear, with a low around 74. South southeast wind 5 to 10 mph."
234,2026-06-21T01:27:28Z,KSAT,Thursday,2026-06-25T06:00:00-05:00,1,94.0,Mostly Sunny,"Mostly sunny, with a high near 94."
235,2026-06-21T01:27:28Z,KSAT,Thursday Night,2026-06-25T18:00:00-05:00,0,75.0,Mostly Clear,"Mostly clear, with a low around 75."
236,2026-06-21T01:27:28Z,KSAT,Friday,2026-06-26T06:00:00-05:00,1,95.0,Mostly Sunny,"Mostly sunny, with a high near 95."
237,2026-06-21T01:27:28Z,KSAT,Friday Night,2026-06-26T18:00:00-05:00,0,76.0,Mostly Clear,"Mostly clear, with a low around 76."
238,2026-06-21T01:27:28Z,KSAT,Saturday,2026-06-27T06:00:00-05:00,1,96.0,Mostly Sunny,"Mostly sunny, with a high near 96."
239,2026-06-21T01:27:28Z,KSFO,This Afternoon,2026-06-20T13:00:00-07:00,1,68.0,Sunny,"Sunny, with a high near 68. West wind 13 to 16 mph."
240,2026-06-21T01:27:28Z,KSFO,Tonight,2026-06-20T18:00:00-07:00,0,54.0,Partly Cloudy,"Partly cloudy, with a low around 54. West wind 6 to 16 mph."
241,2026-06-21T01:27:28Z,KSFO,Sunday,2026-06-21T06:00:00-07:00,1,69.0,Mostly Sunny,"Mostly sunny. High near 69, with temperatures falling to around 67 in the afternoon. West southwest wind 5 to 17 mph, with gusts as high as 21 mph."
242,2026-06-21T01:27:28Z,KSFO,Sunday Night,2026-06-21T18:00:00-07:00,0,54.0,Partly Cloudy,"Partly cloudy, with a low around 54. West southwest wind 7 to 16 mph."
243,2026-06-21T01:27:28Z,KSFO,Monday,2026-06-22T06:00:00-07:00,1,71.0,Mostly Sunny,"Mostly sunny, with a high near 71. West southwest wind 6 to 16 mph."
244,2026-06-21T01:27:28Z,KSFO,Monday Night,2026-06-22T18:00:00-07:00,0,55.0,Partly Cloudy,"Partly cloudy, with a low around 55."
245,2026-06-21T01:27:28Z,KSFO,Tuesday,2026-06-23T06:00:00-07:00,1,72.0,Mostly Sunny,"Mostly sunny, with a high near 72."
246,2026-06-21T01:27:28Z,KSFO,Tuesday Night,2026-06-23T18:00:00-07:00,0,55.0,Partly Cloudy,"Partly cloudy, with a low around 55."
247,2026-06-21T01:27:28Z,KSFO,Wednesday,2026-06-24T06:00:00-07:00,1,73.0,Mostly Sunny,"Mostly sunny, with a high near 73."
248,2026-06-21T01:27:28Z,KSFO,Wednesday Night,2026-06-24T18:00:00-07:00,0,56.0,Partly Cloudy,"Partly cloudy, with a low around 56."
249,2026-06-21T01:27:28Z,KSFO,Thursday,2026-06-25T06:00:00-07:00,1,72.0,Mostly Sunny,"Mostly sunny, with a high near 72."
250,2026-06-21T01:27:28Z,KSFO,Thursday Night,2026-06-25T18:00:00-07:00,0,56.0,Mostly Clear,"Mostly clear, with a low around 56."
251,2026-06-21T01:27:28Z,KSFO,Friday,2026-06-26T06:00:00-07:00,1,70.0,Mostly Sunny,"Mostly sunny, with a high near 70."
252,2026-06-21T01:27:28Z,KSFO,Friday Night,2026-06-26T18:00:00-07:00,0,56.0,Mostly Clear,"Mostly clear, with a low around 56."
253,2026-06-21T01:27:28Z,KSEA,Tonight,2026-06-20T18:00:00-07:00,0,53.0,Mostly Clear,"Mostly clear, with a low around 53. South southwest wind 6 to 12 mph."
254,2026-06-21T01:27:28Z,KSEA,Sunday,2026-06-21T06:00:00-07:00,1,79.0,Sunny,"Sunny, with a high near 79. West wind 3 to 9 mph."
255,2026-06-21T01:27:28Z,KSEA,Sunday Night,2026-06-21T18:00:00-07:00,0,57.0,Mostly Clear,"Mostly clear, with a low around 57. North northeast wind 5 to 9 mph."
256,2026-06-21T01:27:28Z,KSEA,Monday,2026-06-22T06:00:00-07:00,1,86.0,Sunny,"Sunny, with a high near 86. North wind 5 to 12 mph."
257,2026-06-21T01:27:28Z,KSEA,Monday Night,2026-06-22T18:00:00-07:00,0,62.0,Mostly Clear,"Mostly clear, with a low around 62. North wind 5 to 12 mph."
258,2026-06-21T01:27:28Z,KSEA,Tuesday,2026-06-23T06:00:00-07:00,1,90.0,Mostly Sunny,"Mostly sunny, with a high near 90."
259,2026-06-21T01:27:28Z,KSEA,Tuesday Night,2026-06-23T18:00:00-07:00,0,62.0,Mostly Clear,"Mostly clear, with a low around 62."
260,2026-06-21T01:27:28Z,KSEA,Wednesday,2026-06-24T06:00:00-07:00,1,87.0,Sunny,"Sunny, with a high near 87."
261,2026-06-21T01:27:28Z,KSEA,Wednesday Night,2026-06-24T18:00:00-07:00,0,58.0,Mostly Clear,"Mostly clear, with a low around 58."
262,2026-06-21T01:27:28Z,KSEA,Thursday,2026-06-25T06:00:00-07:00,1,76.0,Mostly Sunny,"Mostly sunny, with a high near 76."
263,2026-06-21T01:27:28Z,KSEA,Thursday Night,2026-06-25T18:00:00-07:00,0,56.0,Chance Light Rain,"A chance of rain after 11pm. Mostly cloudy, with a low around 56."
264,2026-06-21T01:27:28Z,KSEA,Friday,2026-06-26T06:00:00-07:00,1,67.0,Chance Light Rain,"A chance of rain. Mostly cloudy, with a high near 67."
265,2026-06-21T01:27:28Z,KSEA,Friday Night,2026-06-26T18:00:00-07:00,0,54.0,Chance Light Rain,"A chance of rain. Mostly cloudy, with a low around 54."
266,2026-06-21T01:27:28Z,KSEA,Saturday,2026-06-27T06:00:00-07:00,1,67.0,Chance Light Rain,"A chance of rain. Mostly cloudy, with a high near 67."
267,2026-06-21T01:27:28Z,KDCA,Tonight,2026-06-20T20:00:00-04:00,0,67.0,Partly Cloudy,"Partly cloudy, with a low around 67. Northwest wind 6 to 13 mph."
268,2026-06-21T01:27:28Z,KDCA,Sunday,2026-06-21T06:00:00-04:00,1,89.0,Sunny,"Sunny, with a high near 89. West wind 7 to 13 mph, with gusts as high as 18 mph."
269,2026-06-21T01:27:28Z,KDCA,Sunday Night,2026-06-21T18:00:00-04:00,0,69.0,Partly Cloudy,"Partly cloudy, with a low around 69. Northeast wind 5 to 12 mph."
270,2026-06-21T01:27:28Z,KDCA,Monday,2026-06-22T06:00:00-04:00,1,93.0,Showers And Thunderstorms,"A slight chance of rain showers between 8am and 2pm, then showers and thunderstorms. Partly sunny, with a high near 93. South wind 9 to 20 mph, with gusts as high as 29 mph. Chance of precipitation is 80%. New rainfall amounts between a half and three quarters of an inch possible."
271,2026-06-21T01:27:28Z,KDCA,Monday Night,2026-06-22T18:00:00-04:00,0,70.0,Showers And Thunderstorms,"Showers and thunderstorms. Mostly cloudy, with a low around 70. Southwest wind 12 to 17 mph, with gusts as high as 23 mph. Chance of precipitation is 80%."
272,2026-06-21T01:27:28Z,KDCA,Tuesday,2026-06-23T06:00:00-04:00,1,86.0,Slight Chance Rain Showers then Slight Chance Showers And Thunderstorms,"A slight chance of rain showers before 2pm, then a slight chance of showers and thunderstorms. Mostly sunny, with a high near 86. Chance of precipitation is 20%."
273,2026-06-21T01:27:28Z,KDCA,Tuesday Night,2026-06-23T18:00:00-04:00,0,66.0,Slight Chance Showers And Thunderstorms then Partly Cloudy,"A slight chance of showers and thunderstorms before 8pm. Partly cloudy, with a low around 66. Chance of precipitation is 20%."
274,2026-06-21T01:27:28Z,KDCA,Wednesday,2026-06-24T06:00:00-04:00,1,86.0,Sunny,"Sunny, with a high near 86."
275,2026-06-21T01:27:28Z,KDCA,Wednesday Night,2026-06-24T18:00:00-04:00,0,67.0,Partly Cloudy then Slight Chance Showers And Thunderstorms,"A slight chance of showers and thunderstorms after 2am. Partly cloudy, with a low around 67. Chance of precipitation is 20%."
276,2026-06-21T01:27:28Z,KDCA,Thursday,2026-06-25T06:00:00-04:00,1,87.0,Chance Showers And Thunderstorms,"A chance of showers and thunderstorms before 2pm, then a chance of showers and thunderstorms. Partly sunny, with a high near 87. Chance of precipitation is 50%."
277,2026-06-21T01:27:28Z,KDCA,Thursday Night,2026-06-25T18:00:00-04:00,0,68.0,Chance Showers And Thunderstorms,"A chance of showers and thunderstorms. Mostly cloudy, with a low around 68. Chance of precipitation is 50%."
278,2026-06-21T01:27:28Z,KDCA,Friday,2026-06-26T06:00:00-04:00,1,87.0,Slight Chance Rain Showers then Chance Showers And Thunderstorms,"A slight chance of rain showers before 2pm, then a chance of showers and thunderstorms. Partly sunny, with a high near 87. Chance of precipitation is 30%."
279,2026-06-21T01:27:28Z,KDCA,Friday Night,2026-06-26T18:00:00-04:00,0,68.0,Chance Showers And Thunderstorms,"A chance of showers and thunderstorms before 2am. Partly cloudy, with a low around 68. Chance of precipitation is 30%."
280,2026-06-21T01:27:28Z,KDCA,Saturday,2026-06-27T06:00:00-04:00,1,89.0,Mostly Sunny then Chance Showers And Thunderstorms,"A chance of showers and thunderstorms after 2pm. Mostly sunny, with a high near 89."
1,2026-06-21T02:28:06Z,KATL,Tonight,2026-06-20T19:00:00-04:00,0,69.0,Chance Showers And Thunderstorms then Mostly Cloudy,"A chance of showers and thunderstorms before 8pm. Mostly cloudy, with a low around 69. West wind 0 to 5 mph. Chance of precipitation is 30%."
2,2026-06-21T02:28:06Z,KATL,Sunday,2026-06-21T06:00:00-04:00,1,89.0,Mostly Sunny then Slight Chance Showers And Thunderstorms,"A slight chance of showers and thunderstorms after 5pm. Mostly sunny, with a high near 89. West wind around 5 mph. Chance of precipitation is 20%."
3,2026-06-21T02:28:06Z,KATL,Sunday Night,2026-06-21T18:00:00-04:00,0,73.0,Chance Showers And Thunderstorms then Mostly Clear,"A chance of showers and thunderstorms before 7pm, then a chance of showers and thunderstorms between 7pm and 8pm, then a slight chance of showers and thunderstorms between 8pm and 9pm. Mostly clear, with a low around 73. Southwest wind around 5 mph. Chance of precipitation is 40%."
4,2026-06-21T02:28:06Z,KATL,Monday,2026-06-22T06:00:00-04:00,1,89.0,Mostly Sunny then Showers And Thunderstorms Likely,"Showers and thunderstorms likely between 2pm and 5pm, then showers and thunderstorms likely. Mostly sunny, with a high near 89. Southwest wind 5 to 15 mph, with gusts as high as 25 mph. Chance of precipitation is 60%."
5,2026-06-21T02:28:06Z,KATL,Monday Night,2026-06-22T18:00:00-04:00,0,73.0,Showers And Thunderstorms Likely,"Showers and thunderstorms likely before 8pm, then showers and thunderstorms likely between 8pm and 2am, then a slight chance of showers and thunderstorms. Partly cloudy, with a low around 73. West wind 5 to 10 mph, with gusts as high as 25 mph. Chance of precipitation is 60%."
6,2026-06-21T02:28:06Z,KATL,Tuesday,2026-06-23T06:00:00-04:00,1,87.0,Showers And Thunderstorms Likely,"A slight chance of rain showers before 11am, then showers and thunderstorms likely. Partly sunny, with a high near 87. Chance of precipitation is 60%."
7,2026-06-21T02:28:06Z,KATL,Tuesday Night,2026-06-23T18:00:00-04:00,0,70.0,Showers And Thunderstorms Likely,"Showers and thunderstorms likely before 2am. Partly cloudy, with a low around 70. Chance of precipitation is 60%."
8,2026-06-21T02:28:06Z,KATL,Wednesday,2026-06-24T06:00:00-04:00,1,87.0,Mostly Sunny then Chance Showers And Thunderstorms,"A chance of showers and thunderstorms after 2pm. Mostly sunny, with a high near 87. Chance of precipitation is 40%."
9,2026-06-21T02:28:06Z,KATL,Wednesday Night,2026-06-24T18:00:00-04:00,0,70.0,Chance Showers And Thunderstorms,"A chance of showers and thunderstorms before 2am. Partly cloudy, with a low around 70. Chance of precipitation is 40%."
10,2026-06-21T02:28:06Z,KATL,Thursday,2026-06-25T06:00:00-04:00,1,87.0,Mostly Sunny then Chance Showers And Thunderstorms,"A chance of showers and thunderstorms after 2pm. Mostly sunny, with a high near 87. Chance of precipitation is 30%."
11,2026-06-21T02:28:06Z,KATL,Thursday Night,2026-06-25T18:00:00-04:00,0,70.0,Chance Showers And Thunderstorms,"A chance of showers and thunderstorms before 2am. Partly cloudy, with a low around 70. Chance of precipitation is 30%."
12,2026-06-21T02:28:06Z,KATL,Friday,2026-06-26T06:00:00-04:00,1,87.0,Partly Sunny then Chance Showers And Thunderstorms,"A chance of showers and thunderstorms after 2pm. Partly sunny, with a high near 87. Chance of precipitation is 30%."
13,2026-06-21T02:28:06Z,KATL,Friday Night,2026-06-26T18:00:00-04:00,0,71.0,Chance Showers And Thunderstorms then Partly Cloudy,"A chance of showers and thunderstorms before 8pm. Partly cloudy, with a low around 71. Chance of precipitation is 30%."
14,2026-06-21T02:28:06Z,KATL,Saturday,2026-06-27T06:00:00-04:00,1,88.0,Chance Showers And Thunderstorms,"A chance of showers and thunderstorms after 8am. Mostly sunny, with a high near 88."
15,2026-06-21T02:28:06Z,KAUS,Tonight,2026-06-20T20:00:00-05:00,0,77.0,Slight Chance Showers And Thunderstorms then Partly Cloudy,"A slight chance of showers and thunderstorms before 10pm. Partly cloudy, with a low around 77. South wind around 5 mph. Chance of precipitation is 20%. New rainfall amounts less than a tenth of an inch possible."
16,2026-06-21T02:28:06Z,KAUS,Sunday,2026-06-21T06:00:00-05:00,1,92.0,Slight Chance Showers And Thunderstorms,"A slight chance of rain showers between 7am and 10am, then a slight chance of showers and thunderstorms. Partly sunny, with a high near 92. Heat index values as high as 105. South wind 5 to 15 mph, with gusts as high as 25 mph. Chance of precipitation is 20%."
17,2026-06-21T02:28:06Z,KAUS,Sunday Night,2026-06-21T18:00:00-05:00,0,79.0,Slight Chance Rain Showers then Mostly Cloudy,"A slight chance of rain showers before 7pm. Mostly cloudy, with a low around 79. Heat index values as high as 103. South wind 10 to 15 mph, with gusts as high as 25 mph. Chance of precipitation is 20%."
18,2026-06-21T02:28:06Z,KAUS,Monday,2026-06-22T06:00:00-05:00,1,94.0,Mostly Sunny,"Mostly sunny, with a high near 94. Heat index values as high as 104. South wind 10 to 15 mph, with gusts as high as 25 mph."
19,2026-06-21T02:28:06Z,KAUS,Monday Night,2026-06-22T18:00:00-05:00,0,79.0,Partly Cloudy,"Partly cloudy, with a low around 79. South wind 10 to 15 mph, with gusts as high as 25 mph."
20,2026-06-21T02:28:06Z,KAUS,Tuesday,2026-06-23T06:00:00-05:00,1,95.0,Mostly Sunny,"Mostly sunny, with a high near 95. South wind around 10 mph, with gusts as high as 20 mph."
21,2026-06-21T02:28:06Z,KAUS,Tuesday Night,2026-06-23T18:00:00-05:00,0,77.0,Mostly Clear,"Mostly clear, with a low around 77. South wind 10 to 15 mph, with gusts as high as 20 mph."
22,2026-06-21T02:28:06Z,KAUS,Wednesday,2026-06-24T06:00:00-05:00,1,95.0,Mostly Sunny,"Mostly sunny, with a high near 95. South wind 5 to 10 mph."
23,2026-06-21T02:28:06Z,KAUS,Wednesday Night,2026-06-24T18:00:00-05:00,0,75.0,Mostly Clear,"Mostly clear, with a low around 75. South wind 5 to 10 mph, with gusts as high as 20 mph."
24,2026-06-21T02:28:06Z,KAUS,Thursday,2026-06-25T06:00:00-05:00,1,95.0,Mostly Sunny,"Mostly sunny, with a high near 95."
25,2026-06-21T02:28:06Z,KAUS,Thursday Night,2026-06-25T18:00:00-05:00,0,76.0,Mostly Clear,"Mostly clear, with a low around 76."
26,2026-06-21T02:28:06Z,KAUS,Friday,2026-06-26T06:00:00-05:00,1,96.0,Mostly Sunny,"Mostly sunny, with a high near 96."
27,2026-06-21T02:28:06Z,KAUS,Friday Night,2026-06-26T18:00:00-05:00,0,77.0,Mostly Clear,"Mostly clear, with a low around 77."
28,2026-06-21T02:28:06Z,KAUS,Saturday,2026-06-27T06:00:00-05:00,1,97.0,Mostly Sunny,"Mostly sunny, with a high near 97."
29,2026-06-21T02:28:06Z,KBOS,Tonight,2026-06-20T18:00:00-04:00,0,62.0,Slight Chance Showers And Thunderstorms then Mostly Clear,"A slight chance of showers and thunderstorms before 8pm. Mostly clear, with a low around 62. West wind 5 to 13 mph, with gusts as high as 25 mph. Chance of precipitation is 20%."
30,2026-06-21T02:28:06Z,KBOS,Sunday,2026-06-21T06:00:00-04:00,1,83.0,Sunny then Slight Chance Showers And Thunderstorms,"A slight chance of showers and thunderstorms between 2pm and 3pm, then a chance of showers and thunderstorms. Sunny, with a high near 83. West wind around 7 mph. Chance of precipitation is 30%. New rainfall amounts less than a tenth of an inch possible."
31,2026-06-21T02:28:06Z,KBOS,Sunday Night,2026-06-21T18:00:00-04:00,0,62.0,Chance Showers And Thunderstorms then Partly Cloudy,"A chance of showers and thunderstorms before 7pm, then a slight chance of showers and thunderstorms between 7pm and 8pm. Partly cloudy, with a low around 62. Northwest wind around 3 mph. Chance of precipitation is 30%. New rainfall amounts less than a tenth of an inch possible."
32,2026-06-21T02:28:06Z,KBOS,Monday,2026-06-22T06:00:00-04:00,1,79.0,Rain Showers Likely,"Rain showers likely between 8am and 5pm, then showers and thunderstorms likely. Partly sunny, with a high near 79. South wind 1 to 10 mph. Chance of precipitation is 70%. New rainfall amounts between a half and three quarters of an inch possible."
33,2026-06-21T02:28:06Z,KBOS,Monday Night,2026-06-22T18:00:00-04:00,0,63.0,Showers And Thunderstorms,"Showers and thunderstorms. Mostly cloudy, with a low around 63. South wind 8 to 12 mph. Chance of precipitation is 90%."
34,2026-06-21T02:28:06Z,KBOS,Tuesday,2026-06-23T06:00:00-04:00,1,82.0,Chance Rain Showers then Mostly Sunny,"A chance of rain showers before 10am. Mostly sunny, with a high near 82. Northwest wind around 8 mph. Chance of precipitation is 50%."
35,2026-06-21T02:28:06Z,KBOS,Tuesday Night,2026-06-23T18:00:00-04:00,0,63.0,Mostly Clear,"Mostly clear, with a low around 63. West wind around 6 mph."
36,2026-06-21T02:28:06Z,KBOS,Wednesday,2026-06-24T06:00:00-04:00,1,83.0,Sunny,"Sunny, with a high near 83. North wind 5 to 8 mph."
37,2026-06-21T02:28:06Z,KBOS,Wednesday Night,2026-06-24T18:00:00-04:00,0,64.0,Mostly Clear,"Mostly clear, with a low around 64. Southwest wind 3 to 8 mph."
38,2026-06-21T02:28:06Z,KBOS,Thursday,2026-06-25T06:00:00-04:00,1,82.0,Mostly Sunny then Slight Chance Rain Showers,"A slight chance of rain showers after 4pm. Mostly sunny, with a high near 82. South wind 2 to 9 mph."
39,2026-06-21T02:28:06Z,KBOS,Thursday Night,2026-06-25T18:00:00-04:00,0,64.0,Slight Chance Rain Showers,"A slight chance of rain showers. Partly cloudy, with a low around 64. South wind 3 to 9 mph."
40,2026-06-21T02:28:06Z,KBOS,Friday,2026-06-26T06:00:00-04:00,1,82.0,Chance Rain Showers,"A chance of rain showers before 2pm, then a chance of showers and thunderstorms. Partly sunny, with a high near 82. Southeast wind 3 to 10 mph. Chance of precipitation is 50%."
41,2026-06-21T02:28:06Z,KBOS,Friday Night,2026-06-26T18:00:00-04:00,0,65.0,Chance Showers And Thunderstorms,"A chance of showers and thunderstorms. Mostly cloudy, with a low around 65. South wind 5 to 8 mph. Chance of precipitation is 40%."
42,2026-06-21T02:28:06Z,KBOS,Saturday,2026-06-27T06:00:00-04:00,1,85.0,Chance Rain Showers,"A chance of rain showers. Partly sunny, with a high near 85. Southwest wind 5 to 9 mph."
43,2026-06-21T02:28:06Z,KMDW,Tonight,2026-06-20T21:00:00-05:00,0,60.0,Partly Cloudy,"Partly cloudy, with a low around 60. South southeast wind 0 to 5 mph."
44,2026-06-21T02:28:06Z,KMDW,Sunday,2026-06-21T06:00:00-05:00,1,72.0,Rain Showers,"Rain showers after 11am. Mostly cloudy. High near 72, with temperatures falling to around 64 in the afternoon. East wind 5 to 15 mph, with gusts as high as 30 mph. Chance of precipitation is 80%. New rainfall amounts between a half and three quarters of an inch possible."
45,2026-06-21T02:28:06Z,KMDW,Sunday Night,2026-06-21T18:00:00-05:00,0,59.0,Showers And Thunderstorms,"Showers and thunderstorms. Cloudy, with a low around 59. Northeast wind around 15 mph, with gusts as high as 30 mph. Chance of precipitation is 90%. New rainfall amounts between 1 and 2 inches possible."
46,2026-06-21T02:28:06Z,KMDW,Monday,2026-06-22T06:00:00-05:00,1,71.0,Slight Chance Rain Showers then Partly Sunny,"A slight chance of rain showers before 10am. Partly sunny, with a high near 71. North northeast wind around 15 mph, with gusts as high as 25 mph. Chance of precipitation is 20%."
47,2026-06-21T02:28:06Z,KMDW,Monday Night,2026-06-22T18:00:00-05:00,0,56.0,Mostly Clear,"Mostly clear, with a low around 56. North wind 5 to 15 mph."
48,2026-06-21T02:28:06Z,KMDW,Tuesday,2026-06-23T06:00:00-05:00,1,75.0,Mostly Sunny,"Mostly sunny, with a high near 75."
49,2026-06-21T02:28:06Z,KMDW,Tuesday Night,2026-06-23T18:00:00-05:00,0,60.0,Partly Cloudy then Chance Showers And Thunderstorms,"A chance of showers and thunderstorms after 1am. Partly cloudy, with a low around 60."
50,2026-06-21T02:28:06Z,KMDW,Wednesday,2026-06-24T06:00:00-05:00,1,77.0,Showers And Thunderstorms Likely,"Showers and thunderstorms likely. Mostly sunny, with a high near 77."
51,2026-06-21T02:28:06Z,KMDW,Wednesday Night,2026-06-24T18:00:00-05:00,0,60.0,Showers And Thunderstorms Likely then Slight Chance Showers And Thunderstorms,"Showers and thunderstorms likely before 7pm, then a slight chance of showers and thunderstorms between 7pm and 1am. Partly cloudy, with a low around 60."
52,2026-06-21T02:28:06Z,KMDW,Thursday,2026-06-25T06:00:00-05:00,1,76.0,Mostly Sunny then Slight Chance Showers And Thunderstorms,"A slight chance of showers and thunderstorms after 1pm. Mostly sunny, with a high near 76."
53,2026-06-21T02:28:06Z,KMDW,Thursday Night,2026-06-25T18:00:00-05:00,0,60.0,Slight Chance Showers And Thunderstorms then Partly Cloudy,"A slight chance of showers and thunderstorms before 7pm. Partly cloudy, with a low around 60."
54,2026-06-21T02:28:06Z,KMDW,Friday,2026-06-26T06:00:00-05:00,1,77.0,Mostly Sunny,"Mostly sunny, with a high near 77."
55,2026-06-21T02:28:06Z,KMDW,Friday Night,2026-06-26T18:00:00-05:00,0,62.0,Slight Chance Showers And Thunderstorms,"A slight chance of showers and thunderstorms after 7pm. Partly cloudy, with a low around 62."
56,2026-06-21T02:28:06Z,KMDW,Saturday,2026-06-27T06:00:00-05:00,1,82.0,Slight Chance Rain Showers then Slight Chance Showers And Thunderstorms,"A slight chance of rain showers before 1pm, then a slight chance of showers and thunderstorms. Mostly sunny, with a high near 82."
57,2026-06-21T02:28:06Z,KDFW,Tonight,2026-06-20T18:00:00-05:00,0,76.0,Slight Chance Showers And Thunderstorms then Mostly Clear,"A slight chance of showers and thunderstorms before 7pm. Mostly clear, with a low around 76. Heat index values as high as 98. South southeast wind around 10 mph. Chance of precipitation is 20%."
58,2026-06-21T02:28:06Z,KDFW,Sunday,2026-06-21T06:00:00-05:00,1,94.0,Mostly Sunny,"Mostly sunny, with a high near 94. Heat index values as high as 102. South wind 10 to 15 mph, with gusts as high as 30 mph."
59,2026-06-21T02:28:06Z,KDFW,Sunday Night,2026-06-21T18:00:00-05:00,0,79.0,Partly Cloudy then Slight Chance Showers And Thunderstorms,"A slight chance of rain showers between 1am and 4am, then a slight chance of showers and thunderstorms. Partly cloudy, with a low around 79. Heat index values as high as 101. South wind 10 to 15 mph, with gusts as high as 30 mph. Chance of precipitation is 20%."
60,2026-06-21T02:28:06Z,KDFW,Monday,2026-06-22T06:00:00-05:00,1,94.0,Slight Chance Showers And Thunderstorms,"A slight chance of showers and thunderstorms before 1pm. Partly sunny, with a high near 94. Heat index values as high as 101. South wind 10 to 15 mph, with gusts as high as 25 mph. Chance of precipitation is 20%. New rainfall amounts less than a tenth of an inch possible."
61,2026-06-21T02:28:06Z,KDFW,Monday Night,2026-06-22T18:00:00-05:00,0,78.0,Partly Cloudy,"Partly cloudy, with a low around 78. South wind 10 to 15 mph, with gusts as high as 25 mph."
62,2026-06-21T02:28:06Z,KDFW,Tuesday,2026-06-23T06:00:00-05:00,1,97.0,Mostly Sunny,"Mostly sunny, with a high near 97. South wind around 10 mph."
63,2026-06-21T02:28:06Z,KDFW,Tuesday Night,2026-06-23T18:00:00-05:00,0,78.0,Partly Cloudy then Slight Chance Showers And Thunderstorms,"A slight chance of showers and thunderstorms after 1am. Partly cloudy, with a low around 78. South wind 5 to 10 mph. Chance of precipitation is 20%."
64,2026-06-21T02:28:06Z,KDFW,Wednesday,2026-06-24T06:00:00-05:00,1,94.0,Chance Showers And Thunderstorms,"A chance of showers and thunderstorms. Mostly sunny, with a high near 94. South southwest wind around 5 mph. Chance of precipitation is 30%."
65,2026-06-21T02:28:06Z,KDFW,Wednesday Night,2026-06-24T18:00:00-05:00,0,76.0,Chance Showers And Thunderstorms,"A chance of showers and thunderstorms. Partly cloudy, with a low around 76. South southeast wind 5 to 10 mph. Chance of precipitation is 30%."
66,2026-06-21T02:28:06Z,KDFW,Thursday,2026-06-25T06:00:00-05:00,1,94.0,Chance Showers And Thunderstorms then Mostly Sunny,"A chance of showers and thunderstorms before 7am. Mostly sunny, with a high near 94. Chance of precipitation is 30%."
67,2026-06-21T02:28:06Z,KDFW,Thursday Night,2026-06-25T18:00:00-05:00,0,77.0,Partly Cloudy,"Partly cloudy, with a low around 77."
68,2026-06-21T02:28:06Z,KDFW,Friday,2026-06-26T06:00:00-05:00,1,96.0,Mostly Sunny,"Mostly sunny, with a high near 96."
69,2026-06-21T02:28:06Z,KDFW,Friday Night,2026-06-26T18:00:00-05:00,0,78.0,Partly Cloudy,"Partly cloudy, with a low around 78."
70,2026-06-21T02:28:06Z,KDFW,Saturday,2026-06-27T06:00:00-05:00,1,98.0,Mostly Sunny,"Mostly sunny, with a high near 98."
71,2026-06-21T02:28:06Z,KDEN,Tonight,2026-06-20T18:00:00-06:00,0,58.0,Partly Cloudy,"Partly cloudy. Low around 58, with temperatures rising to around 62 overnight. West northwest wind 5 to 14 mph, with gusts as high as 22 mph."
72,2026-06-21T02:28:06Z,KDEN,Sunday,2026-06-21T06:00:00-06:00,1,90.0,Sunny,"Sunny. High near 90, with temperatures falling to around 85 in the afternoon. West northwest wind 3 to 15 mph, with gusts as high as 24 mph."
73,2026-06-21T02:28:06Z,KDEN,Sunday Night,2026-06-21T18:00:00-06:00,0,54.0,Mostly Clear,"Mostly clear. Low around 54, with temperatures rising to around 58 overnight. Northeast wind 3 to 16 mph, with gusts as high as 25 mph."
74,2026-06-21T02:28:06Z,KDEN,Monday,2026-06-22T06:00:00-06:00,1,88.0,Sunny then Chance Showers And Thunderstorms,"A chance of showers and thunderstorms between noon and 3pm, then a chance of showers and thunderstorms. Sunny, with a high near 88. East southeast wind 7 to 10 mph, with gusts as high as 20 mph. Chance of precipitation is 30%."
75,2026-06-21T02:28:06Z,KDEN,Monday Night,2026-06-22T18:00:00-06:00,0,55.0,Mostly Clear,"Mostly clear, with a low around 55. South southeast wind 7 to 12 mph, with gusts as high as 21 mph."
76,2026-06-21T02:28:06Z,KDEN,Tuesday,2026-06-23T06:00:00-06:00,1,79.0,Mostly Sunny then Slight Chance Showers And Thunderstorms,"A slight chance of showers and thunderstorms after noon. Mostly sunny, with a high near 79. Chance of precipitation is 20%."
77,2026-06-21T02:28:06Z,KDEN,Tuesday Night,2026-06-23T18:00:00-06:00,0,55.0,Chance Showers And Thunderstorms then Partly Cloudy,"A chance of showers and thunderstorms before midnight. Partly cloudy, with a low around 55."
78,2026-06-21T02:28:06Z,KDEN,Wednesday,2026-06-24T06:00:00-06:00,1,85.0,Mostly Sunny then Slight Chance Showers And Thunderstorms,"A slight chance of showers and thunderstorms after noon. Mostly sunny, with a high near 85."
79,2026-06-21T02:28:06Z,KDEN,Wednesday Night,2026-06-24T18:00:00-06:00,0,56.0,Chance Showers And Thunderstorms then Partly Cloudy,"A chance of showers and thunderstorms before midnight. Partly cloudy, with a low around 56."
80,2026-06-21T02:28:06Z,KDEN,Thursday,2026-06-25T06:00:00-06:00,1,86.0,Mostly Sunny then Chance Showers And Thunderstorms,"A chance of showers and thunderstorms after noon. Mostly sunny, with a high near 86."
81,2026-06-21T02:28:06Z,KDEN,Thursday Night,2026-06-25T18:00:00-06:00,0,57.0,Chance Showers And Thunderstorms then Partly Cloudy,"A chance of showers and thunderstorms before midnight. Partly cloudy, with a low around 57."
82,2026-06-21T02:28:06Z,KDEN,Friday,2026-06-26T06:00:00-06:00,1,91.0,Mostly Sunny then Slight Chance Showers And Thunderstorms,"A slight chance of showers and thunderstorms after noon. Mostly sunny, with a high near 91."
83,2026-06-21T02:28:06Z,KDEN,Friday Night,2026-06-26T18:00:00-06:00,0,59.0,Partly Cloudy,"Partly cloudy, with a low around 59."
84,2026-06-21T02:28:06Z,KDEN,Saturday,2026-06-27T06:00:00-06:00,1,95.0,Sunny,"Sunny, with a high near 95."
85,2026-06-21T02:28:06Z,KIAH,Tonight,2026-06-20T19:00:00-05:00,0,78.0,Slight Chance Showers And Thunderstorms,"A slight chance of showers and thunderstorms. Mostly cloudy, with a low around 78. Southeast wind around 5 mph. Chance of precipitation is 20%. New rainfall amounts less than a tenth of an inch possible."
86,2026-06-21T02:28:06Z,KIAH,Sunday,2026-06-21T06:00:00-05:00,1,92.0,Slight Chance Showers And Thunderstorms,"A slight chance of showers and thunderstorms before 2pm. Partly sunny, with a high near 92. Heat index values as high as 105. South wind 5 to 15 mph, with gusts as high as 20 mph. Chance of precipitation is 20%. New rainfall amounts between a tenth and quarter of an inch possible."
87,2026-06-21T02:28:06Z,KIAH,Sunday Night,2026-06-21T18:00:00-05:00,0,80.0,Mostly Cloudy,"Mostly cloudy, with a low around 80. Heat index values as high as 103. South wind 10 to 15 mph, with gusts as high as 20 mph."
88,2026-06-21T02:28:06Z,KIAH,Monday,2026-06-22T06:00:00-05:00,1,94.0,Mostly Sunny,"Mostly sunny, with a high near 94. Heat index values as high as 107. South wind around 10 mph, with gusts as high as 20 mph."
89,2026-06-21T02:28:06Z,KIAH,Monday Night,2026-06-22T18:00:00-05:00,0,79.0,Mostly Clear,"Mostly clear, with a low around 79. South wind 5 to 10 mph."
90,2026-06-21T02:28:06Z,KIAH,Tuesday,2026-06-23T06:00:00-05:00,1,95.0,Mostly Sunny,"Mostly sunny, with a high near 95."
91,2026-06-21T02:28:06Z,KIAH,Tuesday Night,2026-06-23T18:00:00-05:00,0,78.0,Mostly Clear,"Mostly clear, with a low around 78."
92,2026-06-21T02:28:06Z,KIAH,Wednesday,2026-06-24T06:00:00-05:00,1,95.0,Mostly Sunny,"Mostly sunny, with a high near 95."
93,2026-06-21T02:28:06Z,KIAH,Wednesday Night,2026-06-24T18:00:00-05:00,0,76.0,Mostly Clear,"Mostly clear, with a low around 76."
94,2026-06-21T02:28:06Z,KIAH,Thursday,2026-06-25T06:00:00-05:00,1,94.0,Mostly Sunny,"Mostly sunny, with a high near 94."
95,2026-06-21T02:28:06Z,KIAH,Thursday Night,2026-06-25T18:00:00-05:00,0,77.0,Mostly Clear,"Mostly clear, with a low around 77."
96,2026-06-21T02:28:06Z,KIAH,Friday,2026-06-26T06:00:00-05:00,1,94.0,Mostly Sunny,"Mostly sunny, with a high near 94."
97,2026-06-21T02:28:06Z,KIAH,Friday Night,2026-06-26T18:00:00-05:00,0,78.0,Mostly Clear,"Mostly clear, with a low around 78."
98,2026-06-21T02:28:06Z,KIAH,Saturday,2026-06-27T06:00:00-05:00,1,94.0,Mostly Sunny,"Mostly sunny, with a high near 94."
99,2026-06-21T02:28:06Z,KLAS,Tonight,2026-06-20T18:00:00-07:00,0,75.0,Clear,"Clear. Low around 75, with temperatures rising to around 77 overnight. Southwest wind 6 to 14 mph, with gusts as high as 22 mph."
100,2026-06-21T02:28:06Z,KLAS,Sunday,2026-06-21T06:00:00-07:00,1,104.0,Sunny,"Sunny, with a high near 104. Southeast wind 2 to 9 mph."
101,2026-06-21T02:28:06Z,KLAS,Sunday Night,2026-06-21T18:00:00-07:00,0,76.0,Mostly Clear,"Mostly clear. Low around 76, with temperatures rising to around 78 overnight. South southwest wind 5 to 10 mph."
102,2026-06-21T02:28:06Z,KLAS,Monday,2026-06-22T06:00:00-07:00,1,106.0,Sunny,"Sunny, with a high near 106. East southeast wind 1 to 9 mph."
103,2026-06-21T02:28:06Z,KLAS,Monday Night,2026-06-22T18:00:00-07:00,0,79.0,Clear,"Clear, with a low around 79. South southwest wind 3 to 10 mph."
104,2026-06-21T02:28:06Z,KLAS,Tuesday,2026-06-23T06:00:00-07:00,1,109.0,Sunny,"Sunny, with a high near 109."
105,2026-06-21T02:28:06Z,KLAS,Tuesday Night,2026-06-23T18:00:00-07:00,0,83.0,Slight Chance Showers And Thunderstorms,"A slight chance of showers and thunderstorms after 11pm. Mostly clear, with a low around 83."
106,2026-06-21T02:28:06Z,KLAS,Wednesday,2026-06-24T06:00:00-07:00,1,109.0,Slight Chance Showers And Thunderstorms,"A slight chance of rain showers before 11am, then a slight chance of showers and thunderstorms between 11am and 5pm. Sunny, with a high near 109."
107,2026-06-21T02:28:06Z,KLAS,Wednesday Night,2026-06-24T18:00:00-07:00,0,84.0,Mostly Clear,"Mostly clear, with a low around 84."
108,2026-06-21T02:28:06Z,KLAS,Thursday,2026-06-25T06:00:00-07:00,1,109.0,Sunny,"Sunny, with a high near 109."
109,2026-06-21T02:28:06Z,KLAS,Thursday Night,2026-06-25T18:00:00-07:00,0,84.0,Clear,"Clear, with a low around 84."
110,2026-06-21T02:28:06Z,KLAS,Friday,2026-06-26T06:00:00-07:00,1,108.0,Sunny,"Sunny, with a high near 108."
111,2026-06-21T02:28:06Z,KLAS,Friday Night,2026-06-26T18:00:00-07:00,0,80.0,Clear,"Clear, with a low around 80."
112,2026-06-21T02:28:06Z,KLAS,Saturday,2026-06-27T06:00:00-07:00,1,105.0,Sunny,"Sunny, with a high near 105."
113,2026-06-21T02:28:06Z,KLAX,Tonight,2026-06-20T18:00:00-07:00,0,60.0,Mostly Cloudy,"Mostly cloudy, with a low around 60. West southwest wind 0 to 15 mph, with gusts as high as 20 mph."
114,2026-06-21T02:28:06Z,KLAX,Sunday,2026-06-21T06:00:00-07:00,1,69.0,Partly Sunny then Patchy Fog,"Patchy fog after 5pm. Partly sunny, with a high near 69. Southwest wind 0 to 15 mph."
115,2026-06-21T02:28:06Z,KLAX,Sunday Night,2026-06-21T18:00:00-07:00,0,60.0,Patchy Fog,"Patchy fog. Mostly cloudy, with a low around 60. Southwest wind 5 to 10 mph."
116,2026-06-21T02:28:06Z,KLAX,Monday,2026-06-22T06:00:00-07:00,1,70.0,Patchy Fog then Mostly Sunny,"Patchy fog before 11am. Mostly sunny, with a high near 70. Southwest wind 5 to 15 mph."
117,2026-06-21T02:28:06Z,KLAX,Monday Night,2026-06-22T18:00:00-07:00,0,61.0,Patchy Fog,"Patchy fog after 11pm. Mostly cloudy, with a low around 61. Southwest wind 0 to 10 mph."
118,2026-06-21T02:28:06Z,KLAX,Tuesday,2026-06-23T06:00:00-07:00,1,72.0,Patchy Fog then Mostly Sunny,"Patchy fog before 11am. Mostly sunny, with a high near 72."
119,2026-06-21T02:28:06Z,KLAX,Tuesday Night,2026-06-23T18:00:00-07:00,0,61.0,Partly Cloudy then Slight Chance Rain Showers,"A slight chance of rain showers after 5am. Partly cloudy, with a low around 61."
120,2026-06-21T02:28:06Z,KLAX,Wednesday,2026-06-24T06:00:00-07:00,1,70.0,Slight Chance Rain Showers then Mostly Sunny,"A slight chance of rain showers before 11am. Mostly sunny, with a high near 70."
121,2026-06-21T02:28:06Z,KLAX,Wednesday Night,2026-06-24T18:00:00-07:00,0,62.0,Partly Cloudy,"Partly cloudy, with a low around 62."
122,2026-06-21T02:28:06Z,KLAX,Thursday,2026-06-25T06:00:00-07:00,1,70.0,Mostly Sunny,"Mostly sunny, with a high near 70."
123,2026-06-21T02:28:06Z,KLAX,Thursday Night,2026-06-25T18:00:00-07:00,0,61.0,Partly Cloudy,"Partly cloudy, with a low around 61."
124,2026-06-21T02:28:06Z,KLAX,Friday,2026-06-26T06:00:00-07:00,1,70.0,Mostly Sunny,"Mostly sunny, with a high near 70."
125,2026-06-21T02:28:06Z,KLAX,Friday Night,2026-06-26T18:00:00-07:00,0,61.0,Partly Cloudy,"Partly cloudy, with a low around 61."
126,2026-06-21T02:28:06Z,KLAX,Saturday,2026-06-27T06:00:00-07:00,1,70.0,Mostly Sunny,"Mostly sunny, with a high near 70."
127,2026-06-21T02:28:06Z,KMIA,Tonight,2026-06-20T18:00:00-04:00,0,78.0,Patchy Smoke,"Patchy smoke and a chance of showers and thunderstorms before 10pm, then patchy smoke and a slight chance of showers and thunderstorms between 10pm and midnight, then patchy smoke and a chance of showers and thunderstorms between midnight and 1am, then patchy smoke and a slight chance of showers and thunderstorms between 1am and 4am. Mostly cloudy, with a low around 78. West wind 0 to 7 mph. Chance of precipitation is 50%. New rainfall amounts between a quarter and half of an inch possible."
128,2026-06-21T02:28:06Z,KMIA,Sunday,2026-06-21T06:00:00-04:00,1,93.0,Mostly Sunny then Showers And Thunderstorms Likely,"Showers and thunderstorms likely after 2pm. Mostly sunny, with a high near 93. Heat index values as high as 105. South wind 0 to 7 mph. Chance of precipitation is 60%. New rainfall amounts between a quarter and half of an inch possible."
129,2026-06-21T02:28:06Z,KMIA,Sunday Night,2026-06-21T18:00:00-04:00,0,79.0,Patchy Smoke then Partly Cloudy,"Patchy smoke and a chance of showers and thunderstorms before midnight. Partly cloudy, with a low around 79. South wind 0 to 7 mph. Chance of precipitation is 40%. New rainfall amounts between a quarter and half of an inch possible."
130,2026-06-21T02:28:06Z,KMIA,Monday,2026-06-22T06:00:00-04:00,1,93.0,Mostly Sunny then Slight Chance Showers And Thunderstorms,"A slight chance of showers and thunderstorms after 2pm. Mostly sunny, with a high near 93. Heat index values as high as 103. Southeast wind 0 to 9 mph. Chance of precipitation is 20%."
131,2026-06-21T02:28:06Z,KMIA,Monday Night,2026-06-22T18:00:00-04:00,0,80.0,Slight Chance Showers And Thunderstorms then Partly Cloudy,"A slight chance of showers and thunderstorms before 8pm. Partly cloudy, with a low around 80. Southeast wind 0 to 9 mph. Chance of precipitation is 20%."
132,2026-06-21T02:28:06Z,KMIA,Tuesday,2026-06-23T06:00:00-04:00,1,93.0,Mostly Sunny then Chance Showers And Thunderstorms,"A chance of showers and thunderstorms after 2pm. Mostly sunny, with a high near 93. Southeast wind 0 to 8 mph. Chance of precipitation is 40%."
133,2026-06-21T02:28:06Z,KMIA,Tuesday Night,2026-06-23T18:00:00-04:00,0,79.0,Chance Showers And Thunderstorms then Mostly Cloudy,"A chance of showers and thunderstorms before 8pm. Mostly cloudy, with a low around 79. Southeast wind 0 to 8 mph. Chance of precipitation is 40%."
134,2026-06-21T02:28:06Z,KMIA,Wednesday,2026-06-24T06:00:00-04:00,1,93.0,Mostly Sunny then Chance Showers And Thunderstorms,"A chance of showers and thunderstorms after 2pm. Mostly sunny, with a high near 93. Southeast wind 0 to 9 mph. Chance of precipitation is 40%."
135,2026-06-21T02:28:06Z,KMIA,Wednesday Night,2026-06-24T18:00:00-04:00,0,79.0,Chance Showers And Thunderstorms,"A chance of showers and thunderstorms before 2am. Partly cloudy, with a low around 79. Southeast wind 0 to 9 mph. Chance of precipitation is 40%."
136,2026-06-21T02:28:06Z,KMIA,Thursday,2026-06-25T06:00:00-04:00,1,92.0,Chance Showers And Thunderstorms,"A chance of showers and thunderstorms after 8am. Mostly sunny, with a high near 92. Chance of precipitation is 30%."
137,2026-06-21T02:28:06Z,KMIA,Thursday Night,2026-06-25T18:00:00-04:00,0,80.0,Chance Showers And Thunderstorms then Partly Cloudy,"A chance of showers and thunderstorms before 8pm. Partly cloudy, with a low around 80. Chance of precipitation is 30%."
138,2026-06-21T02:28:06Z,KMIA,Friday,2026-06-26T06:00:00-04:00,1,93.0,Mostly Sunny then Chance Showers And Thunderstorms,"A chance of showers and thunderstorms after 2pm. Mostly sunny, with a high near 93. Chance of precipitation is 30%."
139,2026-06-21T02:28:06Z,KMIA,Friday Night,2026-06-26T18:00:00-04:00,0,80.0,Chance Showers And Thunderstorms then Partly Cloudy,"A chance of showers and thunderstorms before 8pm. Partly cloudy, with a low around 80. Chance of precipitation is 30%."
140,2026-06-21T02:28:06Z,KMIA,Saturday,2026-06-27T06:00:00-04:00,1,94.0,Mostly Sunny then Chance Showers And Thunderstorms,"A chance of showers and thunderstorms after 2pm. Mostly sunny, with a high near 94."
141,2026-06-21T02:28:06Z,KMSP,Tonight,2026-06-20T18:00:00-05:00,0,55.0,Partly Cloudy,"Partly cloudy, with a low around 55. Northeast wind 0 to 10 mph."
142,2026-06-21T02:28:06Z,KMSP,Sunday,2026-06-21T06:00:00-05:00,1,75.0,Partly Sunny,"Partly sunny, with a high near 75. East wind 5 to 10 mph."
143,2026-06-21T02:28:06Z,KMSP,Sunday Night,2026-06-21T18:00:00-05:00,0,55.0,Partly Cloudy,"Partly cloudy, with a low around 55. Northeast wind 5 to 10 mph."
144,2026-06-21T02:28:06Z,KMSP,Monday,2026-06-22T06:00:00-05:00,1,77.0,Sunny,"Sunny, with a high near 77. Northeast wind around 5 mph."
145,2026-06-21T02:28:06Z,KMSP,Monday Night,2026-06-22T18:00:00-05:00,0,56.0,Mostly Cloudy,"Mostly cloudy, with a low around 56. East wind 5 to 10 mph."
146,2026-06-21T02:28:06Z,KMSP,Tuesday,2026-06-23T06:00:00-05:00,1,74.0,Showers And Thunderstorms,"A chance of rain showers between 7am and 1pm, then showers and thunderstorms. Partly sunny. High near 74, with temperatures falling to around 70 in the afternoon. South wind 5 to 10 mph. Chance of precipitation is 80%. New rainfall amounts between a tenth and quarter of an inch possible."
147,2026-06-21T02:28:06Z,KMSP,Tuesday Night,2026-06-23T18:00:00-05:00,0,55.0,Showers And Thunderstorms,"Showers and thunderstorms. Mostly cloudy, with a low around 55. Southwest wind 5 to 10 mph. Chance of precipitation is 80%. New rainfall amounts between a quarter and half of an inch possible."
148,2026-06-21T02:28:06Z,KMSP,Wednesday,2026-06-24T06:00:00-05:00,1,72.0,Chance Rain Showers then Chance Showers And Thunderstorms,"A chance of rain showers before 1pm, then a chance of showers and thunderstorms. Mostly sunny, with a high near 72. Northwest wind 5 to 10 mph. Chance of precipitation is 30%."
149,2026-06-21T02:28:06Z,KMSP,Wednesday Night,2026-06-24T18:00:00-05:00,0,54.0,Chance Showers And Thunderstorms,"A chance of showers and thunderstorms before 1am. Partly cloudy, with a low around 54. North wind 0 to 10 mph. Chance of precipitation is 30%."
150,2026-06-21T02:28:06Z,KMSP,Thursday,2026-06-25T06:00:00-05:00,1,75.0,Mostly Sunny,"Mostly sunny, with a high near 75. North northwest wind 0 to 5 mph."
151,2026-06-21T02:28:06Z,KMSP,Thursday Night,2026-06-25T18:00:00-05:00,0,56.0,Partly Cloudy,"Partly cloudy, with a low around 56. Northeast wind 0 to 5 mph."
152,2026-06-21T02:28:06Z,KMSP,Friday,2026-06-26T06:00:00-05:00,1,79.0,Mostly Sunny,"Mostly sunny, with a high near 79. Southeast wind 0 to 5 mph."
153,2026-06-21T02:28:06Z,KMSP,Friday Night,2026-06-26T18:00:00-05:00,0,60.0,Chance Showers And Thunderstorms,"A chance of showers and thunderstorms after 7pm. Partly cloudy, with a low around 60. Southeast wind around 5 mph. Chance of precipitation is 30%."
154,2026-06-21T02:28:06Z,KMSP,Saturday,2026-06-27T06:00:00-05:00,1,81.0,Chance Rain Showers then Slight Chance Showers And Thunderstorms,"A chance of rain showers before 1pm, then a slight chance of showers and thunderstorms. Mostly sunny, with a high near 81. Southeast wind 5 to 10 mph. Chance of precipitation is 30%."
155,2026-06-21T02:28:06Z,KMSY,Tonight,2026-06-20T18:00:00-05:00,0,79.0,Chance Showers And Thunderstorms,"A chance of showers and thunderstorms before 7pm, then a chance of showers and thunderstorms. Mostly cloudy, with a low around 79. Southeast wind 5 to 10 mph. Chance of precipitation is 50%. New rainfall amounts between a half and three quarters of an inch possible."
156,2026-06-21T02:28:06Z,KMSY,Sunday,2026-06-21T06:00:00-05:00,1,90.0,Slight Chance Rain Showers,"A slight chance of rain showers before 2pm. Partly sunny. High near 90, with temperatures falling to around 88 in the afternoon. South wind 5 to 15 mph. Chance of precipitation is 20%. New rainfall amounts less than a tenth of an inch possible."
157,2026-06-21T02:28:06Z,KMSY,Sunday Night,2026-06-21T18:00:00-05:00,0,80.0,Mostly Cloudy,"Mostly cloudy, with a low around 80. South wind 10 to 15 mph."
158,2026-06-21T02:28:06Z,KMSY,Monday,2026-06-22T06:00:00-05:00,1,92.0,Mostly Sunny,"Mostly sunny, with a high near 92. Southwest wind 10 to 15 mph."
159,2026-06-21T02:28:06Z,KMSY,Monday Night,2026-06-22T18:00:00-05:00,0,79.0,Mostly Clear,"Mostly clear, with a low around 79. Southwest wind 5 to 10 mph."
160,2026-06-21T02:28:06Z,KMSY,Tuesday,2026-06-23T06:00:00-05:00,1,93.0,Sunny,"Sunny, with a high near 93. Southwest wind 5 to 10 mph."
161,2026-06-21T02:28:06Z,KMSY,Tuesday Night,2026-06-23T18:00:00-05:00,0,77.0,Mostly Clear,"Mostly clear, with a low around 77. Southwest wind 5 to 10 mph."
162,2026-06-21T02:28:06Z,KMSY,Wednesday,2026-06-24T06:00:00-05:00,1,92.0,Mostly Sunny then Slight Chance Showers And Thunderstorms,"A slight chance of showers and thunderstorms after 1pm. Mostly sunny, with a high near 92. West wind 5 to 10 mph."
163,2026-06-21T02:28:06Z,KMSY,Wednesday Night,2026-06-24T18:00:00-05:00,0,77.0,Slight Chance Showers And Thunderstorms then Partly Cloudy,"A slight chance of showers and thunderstorms before 7pm. Partly cloudy, with a low around 77. West wind 5 to 10 mph."
164,2026-06-21T02:28:06Z,KMSY,Thursday,2026-06-25T06:00:00-05:00,1,91.0,Mostly Sunny then Chance Showers And Thunderstorms,"A chance of showers and thunderstorms after 1pm. Mostly sunny, with a high near 91. West wind around 5 mph."
165,2026-06-21T02:28:06Z,KMSY,Thursday Night,2026-06-25T18:00:00-05:00,0,77.0,Chance Showers And Thunderstorms then Partly Cloudy,"A chance of showers and thunderstorms before 7pm. Partly cloudy, with a low around 77. Southwest wind around 5 mph."
166,2026-06-21T02:28:06Z,KMSY,Friday,2026-06-26T06:00:00-05:00,1,91.0,Mostly Sunny then Slight Chance Showers And Thunderstorms,"A slight chance of showers and thunderstorms after 1pm. Mostly sunny, with a high near 91. Southwest wind 5 to 10 mph."
167,2026-06-21T02:28:06Z,KMSY,Friday Night,2026-06-26T18:00:00-05:00,0,78.0,Slight Chance Showers And Thunderstorms then Mostly Clear,"A slight chance of showers and thunderstorms before 7pm. Mostly clear, with a low around 78. South wind 5 to 10 mph."
168,2026-06-21T02:28:06Z,KMSY,Saturday,2026-06-27T06:00:00-05:00,1,91.0,Sunny then Slight Chance Showers And Thunderstorms,"A slight chance of showers and thunderstorms after 1pm. Sunny, with a high near 91. South wind 5 to 10 mph."
169,2026-06-21T02:28:06Z,KNYC,Tonight,2026-06-20T22:00:00-04:00,0,65.0,Mostly Clear,"Mostly clear, with a low around 65. West wind around 3 mph."
170,2026-06-21T02:28:06Z,KNYC,Sunday,2026-06-21T06:00:00-04:00,1,83.0,Mostly Sunny then Slight Chance Showers And Thunderstorms,"A slight chance of showers and thunderstorms between 2pm and 5pm. Mostly sunny, with a high near 83. West wind 2 to 7 mph. Chance of precipitation is 20%."
171,2026-06-21T02:28:06Z,KNYC,Sunday Night,2026-06-21T18:00:00-04:00,0,66.0,Partly Cloudy,"Partly cloudy. Low around 66, with temperatures rising to around 68 overnight. Northwest wind 0 to 6 mph."
172,2026-06-21T02:28:06Z,KNYC,Monday,2026-06-22T06:00:00-04:00,1,77.0,Showers And Thunderstorms,"A chance of rain showers between 8am and 2pm, then showers and thunderstorms. Mostly cloudy. High near 77, with temperatures falling to around 75 in the afternoon. East wind 0 to 8 mph, with gusts as high as 21 mph. Chance of precipitation is 90%. New rainfall amounts between 1 and 2 inches possible."
173,2026-06-21T02:28:06Z,KNYC,Monday Night,2026-06-22T18:00:00-04:00,0,67.0,Showers And Thunderstorms,"Showers and thunderstorms. Cloudy, with a low around 67. South wind around 8 mph. Chance of precipitation is 90%. New rainfall amounts between 1 and 2 inches possible."
174,2026-06-21T02:28:06Z,KNYC,Tuesday,2026-06-23T06:00:00-04:00,1,80.0,Rain Showers Likely,"Rain showers likely. Partly sunny, with a high near 80. Chance of precipitation is 70%. New rainfall amounts between a tenth and quarter of an inch possible."
175,2026-06-21T02:28:06Z,KNYC,Tuesday Night,2026-06-23T18:00:00-04:00,0,65.0,Slight Chance Rain Showers then Partly Cloudy,"A slight chance of rain showers before 8pm. Partly cloudy, with a low around 65."
176,2026-06-21T02:28:06Z,KNYC,Wednesday,2026-06-24T06:00:00-04:00,1,84.0,Sunny,"Sunny, with a high near 84."
177,2026-06-21T02:28:06Z,KNYC,Wednesday Night,2026-06-24T18:00:00-04:00,0,67.0,Mostly Clear,"Mostly clear, with a low around 67."
178,2026-06-21T02:28:06Z,KNYC,Thursday,2026-06-25T06:00:00-04:00,1,80.0,Chance Showers And Thunderstorms,"A slight chance of rain showers between 8am and 2pm, then a chance of showers and thunderstorms. Mostly sunny, with a high near 80. Chance of precipitation is 30%."
179,2026-06-21T02:28:06Z,KNYC,Thursday Night,2026-06-25T18:00:00-04:00,0,68.0,Chance Showers And Thunderstorms,"A chance of showers and thunderstorms. Mostly cloudy, with a low around 68. Chance of precipitation is 50%."
180,2026-06-21T02:28:06Z,KNYC,Friday,2026-06-26T06:00:00-04:00,1,83.0,Chance Rain Showers,"A chance of rain showers before 2pm, then a chance of showers and thunderstorms. Partly sunny, with a high near 83. Chance of precipitation is 50%."
181,2026-06-21T02:28:06Z,KNYC,Friday Night,2026-06-26T18:00:00-04:00,0,68.0,Chance Showers And Thunderstorms,"A chance of showers and thunderstorms. Partly cloudy, with a low around 68. Chance of precipitation is 30%."
182,2026-06-21T02:28:06Z,KNYC,Saturday,2026-06-27T06:00:00-04:00,1,85.0,Slight Chance Rain Showers then Slight Chance Showers And Thunderstorms,"A slight chance of rain showers before 8am, then a slight chance of showers and thunderstorms. Mostly sunny, with a high near 85."
183,2026-06-21T02:28:06Z,KOKC,Tonight,2026-06-20T18:00:00-05:00,0,73.0,Mostly Clear,"Mostly clear, with a low around 73. South southeast wind 13 to 16 mph, with gusts as high as 24 mph."
184,2026-06-21T02:28:06Z,KOKC,Sunday,2026-06-21T06:00:00-05:00,1,95.0,Sunny,"Sunny, with a high near 95. Heat index values as high as 101. South wind 16 to 22 mph, with gusts as high as 33 mph."
185,2026-06-21T02:28:06Z,KOKC,Sunday Night,2026-06-21T18:00:00-05:00,0,72.0,Showers And Thunderstorms Likely,"Showers and thunderstorms likely between 7pm and 4am, then showers and thunderstorms likely. Partly cloudy, with a low around 72. Heat index values as high as 103. Southeast wind 10 to 18 mph, with gusts as high as 28 mph. Chance of precipitation is 70%. New rainfall amounts between a half and three quarters of an inch possible."
186,2026-06-21T02:28:06Z,KOKC,Monday,2026-06-22T06:00:00-05:00,1,87.0,Showers And Thunderstorms Likely then Chance Showers And Thunderstorms,"Showers and thunderstorms likely before 7am, then a chance of showers and thunderstorms. Partly sunny, with a high near 87. East southeast wind around 13 mph, with gusts as high as 20 mph. Chance of precipitation is 70%."
187,2026-06-21T02:28:06Z,KOKC,Monday Night,2026-06-22T18:00:00-05:00,0,68.0,Chance Showers And Thunderstorms then Showers And Thunderstorms,"A chance of showers and thunderstorms before 7pm, then showers and thunderstorms. Mostly cloudy, with a low around 68. East northeast wind 8 to 13 mph, with gusts as high as 20 mph. Chance of precipitation is 90%."
188,2026-06-21T02:28:06Z,KOKC,Tuesday,2026-06-23T06:00:00-05:00,1,86.0,Showers And Thunderstorms,"Showers and thunderstorms before 1pm, then a slight chance of showers and thunderstorms. Mostly cloudy, with a high near 86. Chance of precipitation is 90%."
189,2026-06-21T02:28:06Z,KOKC,Tuesday Night,2026-06-23T18:00:00-05:00,0,68.0,Slight Chance Showers And Thunderstorms then Showers And Thunderstorms Likely,"A slight chance of showers and thunderstorms before 7pm, then showers and thunderstorms likely. Mostly cloudy, with a low around 68. Chance of precipitation is 60%."
190,2026-06-21T02:28:06Z,KOKC,Wednesday,2026-06-24T06:00:00-05:00,1,84.0,Showers And Thunderstorms Likely then Chance Showers And Thunderstorms,"Showers and thunderstorms likely before 7am, then a chance of showers and thunderstorms. Mostly cloudy, with a high near 84. Chance of precipitation is 60%."
191,2026-06-21T02:28:06Z,KOKC,Wednesday Night,2026-06-24T18:00:00-05:00,0,67.0,Chance Showers And Thunderstorms then Showers And Thunderstorms Likely,"A chance of showers and thunderstorms before 7pm, then showers and thunderstorms likely. Mostly cloudy, with a low around 67. Chance of precipitation is 60%."
192,2026-06-21T02:28:06Z,KOKC,Thursday,2026-06-25T06:00:00-05:00,1,84.0,Showers And Thunderstorms Likely,"Showers and thunderstorms likely before 1pm, then a slight chance of showers and thunderstorms. Partly sunny, with a high near 84. Chance of precipitation is 60%."
193,2026-06-21T02:28:06Z,KOKC,Thursday Night,2026-06-25T18:00:00-05:00,0,69.0,Chance Showers And Thunderstorms,"A chance of showers and thunderstorms. Partly cloudy, with a low around 69. Chance of precipitation is 40%."
194,2026-06-21T02:28:06Z,KOKC,Friday,2026-06-26T06:00:00-05:00,1,88.0,Chance Showers And Thunderstorms,"A chance of showers and thunderstorms. Partly sunny, with a high near 88. Chance of precipitation is 40%."
195,2026-06-21T02:28:06Z,KOKC,Friday Night,2026-06-26T18:00:00-05:00,0,73.0,Chance Showers And Thunderstorms,"A chance of showers and thunderstorms. Partly cloudy, with a low around 73. Chance of precipitation is 30%."
196,2026-06-21T02:28:06Z,KOKC,Saturday,2026-06-27T06:00:00-05:00,1,92.0,Chance Showers And Thunderstorms then Mostly Sunny,"A chance of showers and thunderstorms before 7am. Mostly sunny, with a high near 92."
197,2026-06-21T02:28:06Z,KPHL,Tonight,2026-06-20T22:00:00-04:00,0,64.0,Chance Rain Showers then Partly Cloudy,"A chance of rain showers before midnight. Partly cloudy, with a low around 64. West wind around 0 mph."
198,2026-06-21T02:28:06Z,KPHL,Sunday,2026-06-21T06:00:00-04:00,1,86.0,Mostly Sunny,"Mostly sunny, with a high near 86. West wind 0 to 15 mph."
199,2026-06-21T02:28:06Z,KPHL,Sunday Night,2026-06-21T18:00:00-04:00,0,65.0,Mostly Cloudy,"Mostly cloudy, with a low around 65. North wind 0 to 10 mph."
200,2026-06-21T02:28:06Z,KPHL,Monday,2026-06-22T06:00:00-04:00,1,87.0,Showers And Thunderstorms,"A chance of rain showers between 7am and 2pm, then showers and thunderstorms. Some of the storms could produce heavy rain. Mostly cloudy, with a high near 87. Southeast wind 0 to 10 mph, with gusts as high as 25 mph. Chance of precipitation is 90%. New rainfall amounts between three quarters and one inch possible."
201,2026-06-21T02:28:06Z,KPHL,Monday Night,2026-06-22T18:00:00-04:00,0,67.0,Showers And Thunderstorms,"Showers and thunderstorms. Some of the storms could produce heavy rain. Mostly cloudy, with a low around 67. Southwest wind 5 to 10 mph. Chance of precipitation is 90%. New rainfall amounts between three quarters and one inch possible."
202,2026-06-21T02:28:06Z,KPHL,Tuesday,2026-06-23T06:00:00-04:00,1,82.0,Chance Showers And Thunderstorms,"A chance of rain showers before 8am, then a chance of showers and thunderstorms between 8am and 2pm, then a chance of showers and thunderstorms. Partly sunny, with a high near 82. Chance of precipitation is 50%. New rainfall amounts less than a tenth of an inch possible."
203,2026-06-21T02:28:06Z,KPHL,Tuesday Night,2026-06-23T18:00:00-04:00,0,63.0,Chance Showers And Thunderstorms then Partly Cloudy,"A chance of showers and thunderstorms before 8pm. Partly cloudy, with a low around 63. Chance of precipitation is 40%."
204,2026-06-21T02:28:06Z,KPHL,Wednesday,2026-06-24T06:00:00-04:00,1,85.0,Sunny,"Sunny, with a high near 85."
205,2026-06-21T02:28:06Z,KPHL,Wednesday Night,2026-06-24T18:00:00-04:00,0,64.0,Mostly Clear,"Mostly clear, with a low around 64."
206,2026-06-21T02:28:06Z,KPHL,Thursday,2026-06-25T06:00:00-04:00,1,85.0,Chance Rain Showers,"A chance of rain showers between 8am and 2pm, then a chance of showers and thunderstorms. Mostly sunny, with a high near 85. Chance of precipitation is 40%."
207,2026-06-21T02:28:06Z,KPHL,Thursday Night,2026-06-25T18:00:00-04:00,0,66.0,Chance Showers And Thunderstorms,"A chance of showers and thunderstorms before 8pm, then a chance of showers and thunderstorms between 8pm and 2am, then a chance of showers and thunderstorms. Mostly cloudy, with a low around 66. Chance of precipitation is 50%."
208,2026-06-21T02:28:06Z,KPHL,Friday,2026-06-26T06:00:00-04:00,1,85.0,Chance Showers And Thunderstorms,"A chance of showers and thunderstorms before 2pm, then a chance of showers and thunderstorms. Partly sunny, with a high near 85. Chance of precipitation is 50%."
209,2026-06-21T02:28:06Z,KPHL,Friday Night,2026-06-26T18:00:00-04:00,0,66.0,Chance Showers And Thunderstorms,"A chance of showers and thunderstorms before 2am. Partly cloudy, with a low around 66. Chance of precipitation is 40%."
210,2026-06-21T02:28:06Z,KPHL,Saturday,2026-06-27T06:00:00-04:00,1,86.0,Slight Chance Rain Showers then Slight Chance Showers And Thunderstorms,"A slight chance of rain showers between 8am and 2pm, then a slight chance of showers and thunderstorms. Mostly sunny, with a high near 86."
211,2026-06-21T02:28:06Z,KPHX,Tonight,2026-06-20T18:00:00-07:00,0,79.0,Clear,"Clear, with a low around 79. West northwest wind 5 to 10 mph."
212,2026-06-21T02:28:06Z,KPHX,Sunday,2026-06-21T06:00:00-07:00,1,106.0,Sunny,"Sunny. High near 106, with temperatures falling to around 104 in the afternoon. South wind 0 to 10 mph."
213,2026-06-21T02:28:06Z,KPHX,Sunday Night,2026-06-21T18:00:00-07:00,0,80.0,Mostly Clear,"Mostly clear, with a low around 80. West northwest wind 5 to 10 mph."
214,2026-06-21T02:28:06Z,KPHX,Monday,2026-06-22T06:00:00-07:00,1,109.0,Sunny,"Sunny, with a high near 109. South wind 5 to 10 mph."
215,2026-06-21T02:28:06Z,KPHX,Monday Night,2026-06-22T18:00:00-07:00,0,84.0,Mostly Clear,"Mostly clear, with a low around 84. West wind 5 to 10 mph."
216,2026-06-21T02:28:06Z,KPHX,Tuesday,2026-06-23T06:00:00-07:00,1,111.0,Sunny,"Sunny, with a high near 111. West wind 5 to 15 mph, with gusts as high as 20 mph."
217,2026-06-21T02:28:06Z,KPHX,Tuesday Night,2026-06-23T18:00:00-07:00,0,86.0,Mostly Clear,"Mostly clear, with a low around 86. West wind 0 to 10 mph."
218,2026-06-21T02:28:06Z,KPHX,Wednesday,2026-06-24T06:00:00-07:00,1,112.0,Sunny,"Sunny, with a high near 112. West wind 0 to 10 mph, with gusts as high as 25 mph."
219,2026-06-21T02:28:06Z,KPHX,Wednesday Night,2026-06-24T18:00:00-07:00,0,88.0,Mostly Clear,"Mostly clear, with a low around 88. Southwest wind 0 to 10 mph, with gusts as high as 20 mph."
220,2026-06-21T02:28:06Z,KPHX,Thursday,2026-06-25T06:00:00-07:00,1,113.0,Sunny,"Sunny, with a high near 113. South southwest wind 0 to 10 mph, with gusts as high as 25 mph."
221,2026-06-21T02:28:06Z,KPHX,Thursday Night,2026-06-25T18:00:00-07:00,0,89.0,Mostly Clear,"Mostly clear, with a low around 89. South southwest wind 0 to 10 mph, with gusts as high as 25 mph."
222,2026-06-21T02:28:06Z,KPHX,Friday,2026-06-26T06:00:00-07:00,1,112.0,Sunny,"Sunny, with a high near 112. South southwest wind 0 to 10 mph, with gusts as high as 30 mph."
223,2026-06-21T02:28:06Z,KPHX,Friday Night,2026-06-26T18:00:00-07:00,0,86.0,Mostly Clear,"Mostly clear, with a low around 86. South southwest wind 0 to 10 mph, with gusts as high as 30 mph."
224,2026-06-21T02:28:06Z,KPHX,Saturday,2026-06-27T06:00:00-07:00,1,110.0,Sunny,"Sunny, with a high near 110. South southwest wind 0 to 10 mph, with gusts as high as 30 mph."
225,2026-06-21T02:28:06Z,KSAT,Tonight,2026-06-20T19:00:00-05:00,0,76.0,Slight Chance Showers And Thunderstorms,"A slight chance of showers and thunderstorms before 4am, then a chance of showers and thunderstorms. Mostly cloudy, with a low around 76. Southeast wind 5 to 10 mph. Chance of precipitation is 30%. New rainfall amounts less than a tenth of an inch possible."
226,2026-06-21T02:28:06Z,KSAT,Sunday,2026-06-21T06:00:00-05:00,1,92.0,Chance Showers And Thunderstorms then Slight Chance Showers And Thunderstorms,"A chance of showers and thunderstorms before 10am, then a slight chance of showers and thunderstorms between 10am and 4pm. Partly sunny, with a high near 92. Heat index values as high as 105. South wind 5 to 15 mph, with gusts as high as 25 mph. Chance of precipitation is 30%. New rainfall amounts less than a tenth of an inch possible."
227,2026-06-21T02:28:06Z,KSAT,Sunday Night,2026-06-21T18:00:00-05:00,0,78.0,Partly Cloudy,"Partly cloudy, with a low around 78. Heat index values as high as 100. South southeast wind 10 to 15 mph, with gusts as high as 25 mph. New rainfall amounts less than a tenth of an inch possible."
228,2026-06-21T02:28:06Z,KSAT,Monday,2026-06-22T06:00:00-05:00,1,93.0,Mostly Sunny,"Mostly sunny, with a high near 93. Heat index values as high as 102. South wind 10 to 15 mph, with gusts as high as 25 mph."
229,2026-06-21T02:28:06Z,KSAT,Monday Night,2026-06-22T18:00:00-05:00,0,77.0,Partly Cloudy,"Partly cloudy, with a low around 77. South southeast wind 10 to 15 mph, with gusts as high as 25 mph."
230,2026-06-21T02:28:06Z,KSAT,Tuesday,2026-06-23T06:00:00-05:00,1,94.0,Mostly Sunny,"Mostly sunny, with a high near 94. South southeast wind around 10 mph, with gusts as high as 20 mph."
231,2026-06-21T02:28:06Z,KSAT,Tuesday Night,2026-06-23T18:00:00-05:00,0,76.0,Mostly Clear,"Mostly clear, with a low around 76. South southeast wind 5 to 15 mph, with gusts as high as 20 mph."
232,2026-06-21T02:28:06Z,KSAT,Wednesday,2026-06-24T06:00:00-05:00,1,95.0,Mostly Sunny,"Mostly sunny, with a high near 95. South wind 5 to 10 mph."
233,2026-06-21T02:28:06Z,KSAT,Wednesday Night,2026-06-24T18:00:00-05:00,0,74.0,Mostly Clear,"Mostly clear, with a low around 74. South southeast wind 5 to 10 mph."
234,2026-06-21T02:28:06Z,KSAT,Thursday,2026-06-25T06:00:00-05:00,1,94.0,Mostly Sunny,"Mostly sunny, with a high near 94."
235,2026-06-21T02:28:06Z,KSAT,Thursday Night,2026-06-25T18:00:00-05:00,0,75.0,Mostly Clear,"Mostly clear, with a low around 75."
236,2026-06-21T02:28:06Z,KSAT,Friday,2026-06-26T06:00:00-05:00,1,95.0,Mostly Sunny,"Mostly sunny, with a high near 95."
237,2026-06-21T02:28:06Z,KSAT,Friday Night,2026-06-26T18:00:00-05:00,0,76.0,Mostly Clear,"Mostly clear, with a low around 76."
238,2026-06-21T02:28:06Z,KSAT,Saturday,2026-06-27T06:00:00-05:00,1,96.0,Mostly Sunny,"Mostly sunny, with a high near 96."
239,2026-06-21T02:28:06Z,KSFO,Tonight,2026-06-20T18:00:00-07:00,0,54.0,Partly Cloudy,"Partly cloudy, with a low around 54. West wind 6 to 16 mph."
240,2026-06-21T02:28:06Z,KSFO,Sunday,2026-06-21T06:00:00-07:00,1,69.0,Mostly Sunny,"Mostly sunny. High near 69, with temperatures falling to around 67 in the afternoon. West southwest wind 5 to 17 mph, with gusts as high as 21 mph."
241,2026-06-21T02:28:06Z,KSFO,Sunday Night,2026-06-21T18:00:00-07:00,0,54.0,Partly Cloudy,"Partly cloudy, with a low around 54. West southwest wind 7 to 16 mph."
242,2026-06-21T02:28:06Z,KSFO,Monday,2026-06-22T06:00:00-07:00,1,71.0,Mostly Sunny,"Mostly sunny, with a high near 71. West southwest wind 6 to 16 mph."
243,2026-06-21T02:28:06Z,KSFO,Monday Night,2026-06-22T18:00:00-07:00,0,55.0,Partly Cloudy,"Partly cloudy, with a low around 55. West southwest wind 6 to 16 mph."
244,2026-06-21T02:28:06Z,KSFO,Tuesday,2026-06-23T06:00:00-07:00,1,72.0,Mostly Sunny,"Mostly sunny, with a high near 72."
245,2026-06-21T02:28:06Z,KSFO,Tuesday Night,2026-06-23T18:00:00-07:00,0,55.0,Partly Cloudy,"Partly cloudy, with a low around 55."
246,2026-06-21T02:28:06Z,KSFO,Wednesday,2026-06-24T06:00:00-07:00,1,73.0,Mostly Sunny,"Mostly sunny, with a high near 73."
247,2026-06-21T02:28:06Z,KSFO,Wednesday Night,2026-06-24T18:00:00-07:00,0,56.0,Partly Cloudy,"Partly cloudy, with a low around 56."
248,2026-06-21T02:28:06Z,KSFO,Thursday,2026-06-25T06:00:00-07:00,1,72.0,Mostly Sunny,"Mostly sunny, with a high near 72."
249,2026-06-21T02:28:06Z,KSFO,Thursday Night,2026-06-25T18:00:00-07:00,0,56.0,Mostly Clear,"Mostly clear, with a low around 56."
250,2026-06-21T02:28:06Z,KSFO,Friday,2026-06-26T06:00:00-07:00,1,70.0,Mostly Sunny,"Mostly sunny, with a high near 70."
251,2026-06-21T02:28:06Z,KSFO,Friday Night,2026-06-26T18:00:00-07:00,0,56.0,Mostly Clear,"Mostly clear, with a low around 56."
252,2026-06-21T02:28:06Z,KSFO,Saturday,2026-06-27T06:00:00-07:00,1,70.0,Mostly Sunny,"Mostly sunny, with a high near 70."
253,2026-06-21T02:28:06Z,KSEA,Tonight,2026-06-20T18:00:00-07:00,0,53.0,Mostly Clear,"Mostly clear, with a low around 53. South southwest wind 6 to 12 mph."
254,2026-06-21T02:28:06Z,KSEA,Sunday,2026-06-21T06:00:00-07:00,1,79.0,Sunny,"Sunny, with a high near 79. West wind 3 to 9 mph."
255,2026-06-21T02:28:06Z,KSEA,Sunday Night,2026-06-21T18:00:00-07:00,0,57.0,Mostly Clear,"Mostly clear, with a low around 57. North northeast wind 5 to 9 mph."
256,2026-06-21T02:28:06Z,KSEA,Monday,2026-06-22T06:00:00-07:00,1,86.0,Sunny,"Sunny, with a high near 86. North wind 5 to 12 mph."
257,2026-06-21T02:28:06Z,KSEA,Monday Night,2026-06-22T18:00:00-07:00,0,62.0,Mostly Clear,"Mostly clear, with a low around 62. North wind 5 to 12 mph."
258,2026-06-21T02:28:06Z,KSEA,Tuesday,2026-06-23T06:00:00-07:00,1,90.0,Mostly Sunny,"Mostly sunny, with a high near 90."
259,2026-06-21T02:28:06Z,KSEA,Tuesday Night,2026-06-23T18:00:00-07:00,0,62.0,Mostly Clear,"Mostly clear, with a low around 62."
260,2026-06-21T02:28:06Z,KSEA,Wednesday,2026-06-24T06:00:00-07:00,1,87.0,Sunny,"Sunny, with a high near 87."
261,2026-06-21T02:28:06Z,KSEA,Wednesday Night,2026-06-24T18:00:00-07:00,0,58.0,Mostly Clear,"Mostly clear, with a low around 58."
262,2026-06-21T02:28:06Z,KSEA,Thursday,2026-06-25T06:00:00-07:00,1,76.0,Mostly Sunny,"Mostly sunny, with a high near 76."
263,2026-06-21T02:28:06Z,KSEA,Thursday Night,2026-06-25T18:00:00-07:00,0,56.0,Chance Light Rain,"A chance of rain after 11pm. Mostly cloudy, with a low around 56."
264,2026-06-21T02:28:06Z,KSEA,Friday,2026-06-26T06:00:00-07:00,1,67.0,Chance Light Rain,"A chance of rain. Mostly cloudy, with a high near 67."
265,2026-06-21T02:28:06Z,KSEA,Friday Night,2026-06-26T18:00:00-07:00,0,54.0,Chance Light Rain,"A chance of rain. Mostly cloudy, with a low around 54."
266,2026-06-21T02:28:06Z,KSEA,Saturday,2026-06-27T06:00:00-07:00,1,67.0,Chance Light Rain,"A chance of rain. Mostly cloudy, with a high near 67."
267,2026-06-21T02:28:06Z,KDCA,Tonight,2026-06-20T20:00:00-04:00,0,67.0,Partly Cloudy,"Partly cloudy, with a low around 67. Northwest wind 6 to 13 mph."
268,2026-06-21T02:28:06Z,KDCA,Sunday,2026-06-21T06:00:00-04:00,1,89.0,Sunny,"Sunny, with a high near 89. West wind 7 to 13 mph, with gusts as high as 18 mph."
269,2026-06-21T02:28:06Z,KDCA,Sunday Night,2026-06-21T18:00:00-04:00,0,69.0,Partly Cloudy,"Partly cloudy, with a low around 69. Northeast wind 5 to 12 mph."
270,2026-06-21T02:28:06Z,KDCA,Monday,2026-06-22T06:00:00-04:00,1,93.0,Showers And Thunderstorms,"A slight chance of rain showers between 8am and 2pm, then showers and thunderstorms. Partly sunny, with a high near 93. South wind 9 to 20 mph, with gusts as high as 29 mph. Chance of precipitation is 80%. New rainfall amounts between a half and three quarters of an inch possible."
271,2026-06-21T02:28:06Z,KDCA,Monday Night,2026-06-22T18:00:00-04:00,0,70.0,Showers And Thunderstorms,"Showers and thunderstorms. Mostly cloudy, with a low around 70. Southwest wind 12 to 17 mph, with gusts as high as 23 mph. Chance of precipitation is 80%."
272,2026-06-21T02:28:06Z,KDCA,Tuesday,2026-06-23T06:00:00-04:00,1,86.0,Slight Chance Rain Showers then Slight Chance Showers And Thunderstorms,"A slight chance of rain showers before 2pm, then a slight chance of showers and thunderstorms. Mostly sunny, with a high near 86. Chance of precipitation is 20%."
273,2026-06-21T02:28:06Z,KDCA,Tuesday Night,2026-06-23T18:00:00-04:00,0,66.0,Slight Chance Showers And Thunderstorms then Partly Cloudy,"A slight chance of showers and thunderstorms before 8pm. Partly cloudy, with a low around 66. Chance of precipitation is 20%."
274,2026-06-21T02:28:06Z,KDCA,Wednesday,2026-06-24T06:00:00-04:00,1,86.0,Sunny,"Sunny, with a high near 86."
275,2026-06-21T02:28:06Z,KDCA,Wednesday Night,2026-06-24T18:00:00-04:00,0,67.0,Partly Cloudy then Slight Chance Showers And Thunderstorms,"A slight chance of showers and thunderstorms after 2am. Partly cloudy, with a low around 67. Chance of precipitation is 20%."
276,2026-06-21T02:28:06Z,KDCA,Thursday,2026-06-25T06:00:00-04:00,1,87.0,Chance Showers And Thunderstorms,"A chance of showers and thunderstorms before 2pm, then a chance of showers and thunderstorms. Partly sunny, with a high near 87. Chance of precipitation is 50%."
277,2026-06-21T02:28:06Z,KDCA,Thursday Night,2026-06-25T18:00:00-04:00,0,68.0,Chance Showers And Thunderstorms,"A chance of showers and thunderstorms. Mostly cloudy, with a low around 68. Chance of precipitation is 50%."
278,2026-06-21T02:28:06Z,KDCA,Friday,2026-06-26T06:00:00-04:00,1,87.0,Slight Chance Rain Showers then Chance Showers And Thunderstorms,"A slight chance of rain showers before 2pm, then a chance of showers and thunderstorms. Partly sunny, with a high near 87. Chance of precipitation is 30%."
279,2026-06-21T02:28:06Z,KDCA,Friday Night,2026-06-26T18:00:00-04:00,0,68.0,Chance Showers And Thunderstorms,"A chance of showers and thunderstorms before 2am. Partly cloudy, with a low around 68. Chance of precipitation is 30%."
280,2026-06-21T02:28:06Z,KDCA,Saturday,2026-06-27T06:00:00-04:00,1,89.0,Mostly Sunny then Chance Showers And Thunderstorms,"A chance of showers and thunderstorms after 2pm. Mostly sunny, with a high near 89."
1,2026-06-21T03:56:29Z,KATL,Tonight,2026-06-20T19:00:00-04:00,0,69.0,Chance Showers And Thunderstorms then Mostly Cloudy,"A chance of showers and thunderstorms before 8pm. Mostly cloudy, with a low around 69. West wind 0 to 5 mph. Chance of precipitation is 30%."
2,2026-06-21T03:56:29Z,KATL,Sunday,2026-06-21T06:00:00-04:00,1,89.0,Mostly Sunny then Slight Chance Showers And Thunderstorms,"A slight chance of showers and thunderstorms after 5pm. Mostly sunny, with a high near 89. West wind around 5 mph. Chance of precipitation is 20%."
3,2026-06-21T03:56:29Z,KATL,Sunday Night,2026-06-21T18:00:00-04:00,0,73.0,Chance Showers And Thunderstorms then Mostly Clear,"A chance of showers and thunderstorms before 7pm, then a chance of showers and thunderstorms between 7pm and 8pm, then a slight chance of showers and thunderstorms between 8pm and 9pm. Mostly clear, with a low around 73. Southwest wind around 5 mph. Chance of precipitation is 40%."
4,2026-06-21T03:56:29Z,KATL,Monday,2026-06-22T06:00:00-04:00,1,89.0,Mostly Sunny then Showers And Thunderstorms Likely,"Showers and thunderstorms likely between 2pm and 5pm, then showers and thunderstorms likely. Mostly sunny, with a high near 89. Southwest wind 5 to 15 mph, with gusts as high as 25 mph. Chance of precipitation is 60%."
5,2026-06-21T03:56:29Z,KATL,Monday Night,2026-06-22T18:00:00-04:00,0,73.0,Showers And Thunderstorms Likely,"Showers and thunderstorms likely before 8pm, then showers and thunderstorms likely between 8pm and 2am, then a slight chance of showers and thunderstorms. Partly cloudy, with a low around 73. West wind 5 to 10 mph, with gusts as high as 25 mph. Chance of precipitation is 60%."
6,2026-06-21T03:56:29Z,KATL,Tuesday,2026-06-23T06:00:00-04:00,1,87.0,Showers And Thunderstorms Likely,"A slight chance of rain showers before 11am, then showers and thunderstorms likely. Partly sunny, with a high near 87. Chance of precipitation is 60%."
7,2026-06-21T03:56:29Z,KATL,Tuesday Night,2026-06-23T18:00:00-04:00,0,70.0,Showers And Thunderstorms Likely,"Showers and thunderstorms likely before 2am. Partly cloudy, with a low around 70. Chance of precipitation is 60%."
8,2026-06-21T03:56:29Z,KATL,Wednesday,2026-06-24T06:00:00-04:00,1,87.0,Mostly Sunny then Chance Showers And Thunderstorms,"A chance of showers and thunderstorms after 2pm. Mostly sunny, with a high near 87. Chance of precipitation is 40%."
9,2026-06-21T03:56:29Z,KATL,Wednesday Night,2026-06-24T18:00:00-04:00,0,70.0,Chance Showers And Thunderstorms,"A chance of showers and thunderstorms before 2am. Partly cloudy, with a low around 70. Chance of precipitation is 40%."
10,2026-06-21T03:56:29Z,KATL,Thursday,2026-06-25T06:00:00-04:00,1,87.0,Mostly Sunny then Chance Showers And Thunderstorms,"A chance of showers and thunderstorms after 2pm. Mostly sunny, with a high near 87. Chance of precipitation is 30%."
11,2026-06-21T03:56:29Z,KATL,Thursday Night,2026-06-25T18:00:00-04:00,0,70.0,Chance Showers And Thunderstorms,"A chance of showers and thunderstorms before 2am. Partly cloudy, with a low around 70. Chance of precipitation is 30%."
12,2026-06-21T03:56:29Z,KATL,Friday,2026-06-26T06:00:00-04:00,1,87.0,Partly Sunny then Chance Showers And Thunderstorms,"A chance of showers and thunderstorms after 2pm. Partly sunny, with a high near 87. Chance of precipitation is 30%."
13,2026-06-21T03:56:29Z,KATL,Friday Night,2026-06-26T18:00:00-04:00,0,71.0,Chance Showers And Thunderstorms then Partly Cloudy,"A chance of showers and thunderstorms before 8pm. Partly cloudy, with a low around 71. Chance of precipitation is 30%."
14,2026-06-21T03:56:29Z,KATL,Saturday,2026-06-27T06:00:00-04:00,1,88.0,Chance Showers And Thunderstorms,"A chance of showers and thunderstorms after 8am. Mostly sunny, with a high near 88."
15,2026-06-21T03:56:29Z,KAUS,Tonight,2026-06-20T21:00:00-05:00,0,77.0,Slight Chance Showers And Thunderstorms then Partly Cloudy,"A slight chance of showers and thunderstorms before 10pm. Partly cloudy, with a low around 77. South wind around 5 mph. Chance of precipitation is 20%. New rainfall amounts less than a tenth of an inch possible."
16,2026-06-21T03:56:29Z,KAUS,Sunday,2026-06-21T06:00:00-05:00,1,92.0,Slight Chance Showers And Thunderstorms,"A slight chance of rain showers between 7am and 10am, then a slight chance of showers and thunderstorms. Partly sunny, with a high near 92. Heat index values as high as 105. South wind 5 to 15 mph, with gusts as high as 25 mph. Chance of precipitation is 20%."
17,2026-06-21T03:56:29Z,KAUS,Sunday Night,2026-06-21T18:00:00-05:00,0,79.0,Slight Chance Rain Showers then Mostly Cloudy,"A slight chance of rain showers before 7pm. Mostly cloudy, with a low around 79. Heat index values as high as 103. South wind 10 to 15 mph, with gusts as high as 25 mph. Chance of precipitation is 20%."
18,2026-06-21T03:56:29Z,KAUS,Monday,2026-06-22T06:00:00-05:00,1,94.0,Mostly Sunny,"Mostly sunny, with a high near 94. Heat index values as high as 104. South wind 10 to 15 mph, with gusts as high as 25 mph."
19,2026-06-21T03:56:29Z,KAUS,Monday Night,2026-06-22T18:00:00-05:00,0,79.0,Partly Cloudy,"Partly cloudy, with a low around 79. South wind 10 to 15 mph, with gusts as high as 25 mph."
20,2026-06-21T03:56:29Z,KAUS,Tuesday,2026-06-23T06:00:00-05:00,1,95.0,Mostly Sunny,"Mostly sunny, with a high near 95. South wind around 10 mph, with gusts as high as 20 mph."
21,2026-06-21T03:56:29Z,KAUS,Tuesday Night,2026-06-23T18:00:00-05:00,0,77.0,Mostly Clear,"Mostly clear, with a low around 77. South wind 10 to 15 mph, with gusts as high as 20 mph."
22,2026-06-21T03:56:29Z,KAUS,Wednesday,2026-06-24T06:00:00-05:00,1,95.0,Mostly Sunny,"Mostly sunny, with a high near 95. South wind 5 to 10 mph."
23,2026-06-21T03:56:29Z,KAUS,Wednesday Night,2026-06-24T18:00:00-05:00,0,75.0,Mostly Clear,"Mostly clear, with a low around 75. South wind 5 to 10 mph, with gusts as high as 20 mph."
24,2026-06-21T03:56:29Z,KAUS,Thursday,2026-06-25T06:00:00-05:00,1,95.0,Mostly Sunny,"Mostly sunny, with a high near 95."
25,2026-06-21T03:56:29Z,KAUS,Thursday Night,2026-06-25T18:00:00-05:00,0,76.0,Mostly Clear,"Mostly clear, with a low around 76."
26,2026-06-21T03:56:29Z,KAUS,Friday,2026-06-26T06:00:00-05:00,1,96.0,Mostly Sunny,"Mostly sunny, with a high near 96."
27,2026-06-21T03:56:29Z,KAUS,Friday Night,2026-06-26T18:00:00-05:00,0,77.0,Mostly Clear,"Mostly clear, with a low around 77."
28,2026-06-21T03:56:29Z,KAUS,Saturday,2026-06-27T06:00:00-05:00,1,97.0,Mostly Sunny,"Mostly sunny, with a high near 97."
29,2026-06-21T03:56:29Z,KBOS,Tonight,2026-06-20T22:00:00-04:00,0,61.0,Mostly Clear,"Mostly clear, with a low around 61. West wind around 6 mph."
30,2026-06-21T03:56:29Z,KBOS,Sunday,2026-06-21T06:00:00-04:00,1,80.0,Sunny then Slight Chance Showers And Thunderstorms,"A slight chance of showers and thunderstorms between 2pm and 3pm, then a chance of showers and thunderstorms. Sunny, with a high near 80. West wind around 7 mph. Chance of precipitation is 30%. New rainfall amounts less than a tenth of an inch possible."
31,2026-06-21T03:56:29Z,KBOS,Sunday Night,2026-06-21T18:00:00-04:00,0,62.0,Chance Showers And Thunderstorms then Partly Cloudy,"A chance of showers and thunderstorms before 7pm, then a slight chance of showers and thunderstorms between 7pm and 8pm. Partly cloudy, with a low around 62. Northwest wind around 3 mph. Chance of precipitation is 30%. New rainfall amounts less than a tenth of an inch possible."
32,2026-06-21T03:56:29Z,KBOS,Monday,2026-06-22T06:00:00-04:00,1,81.0,Partly Sunny then Chance Rain Showers,"A chance of rain showers after 1pm. Partly sunny, with a high near 81. Southwest wind 1 to 8 mph. Chance of precipitation is 50%. New rainfall amounts between a quarter and half of an inch possible."
33,2026-06-21T03:56:29Z,KBOS,Monday Night,2026-06-22T18:00:00-04:00,0,62.0,Showers And Thunderstorms,"Rain showers likely before 8pm, then showers and thunderstorms. Cloudy, with a low around 62. Southeast wind around 9 mph. Chance of precipitation is 100%."
34,2026-06-21T03:56:29Z,KBOS,Tuesday,2026-06-23T06:00:00-04:00,1,79.0,Showers And Thunderstorms,"Showers and thunderstorms before 2pm, then a slight chance of showers and thunderstorms between 2pm and 5pm. Mostly cloudy, with a high near 79. Northeast wind around 8 mph. Chance of precipitation is 90%."
35,2026-06-21T03:56:29Z,KBOS,Tuesday Night,2026-06-23T18:00:00-04:00,0,63.0,Partly Cloudy,"Partly cloudy, with a low around 63. Northwest wind around 6 mph."
36,2026-06-21T03:56:29Z,KBOS,Wednesday,2026-06-24T06:00:00-04:00,1,84.0,Sunny,"Sunny, with a high near 84. Northeast wind 3 to 7 mph."
37,2026-06-21T03:56:29Z,KBOS,Wednesday Night,2026-06-24T18:00:00-04:00,0,64.0,Mostly Clear,"Mostly clear, with a low around 64. South wind 3 to 7 mph."
38,2026-06-21T03:56:29Z,KBOS,Thursday,2026-06-25T06:00:00-04:00,1,84.0,Sunny then Slight Chance Rain Showers,"A slight chance of rain showers after 4pm. Sunny, with a high near 84. South wind 2 to 10 mph."
39,2026-06-21T03:56:29Z,KBOS,Thursday Night,2026-06-25T18:00:00-04:00,0,65.0,Chance Rain Showers,"A chance of rain showers. Partly cloudy, with a low around 65. South wind 5 to 10 mph. Chance of precipitation is 30%."
40,2026-06-21T03:56:29Z,KBOS,Friday,2026-06-26T06:00:00-04:00,1,84.0,Chance Rain Showers,"A chance of rain showers before 2pm, then a chance of showers and thunderstorms. Partly sunny, with a high near 84. South wind 5 to 9 mph. Chance of precipitation is 40%."
41,2026-06-21T03:56:29Z,KBOS,Friday Night,2026-06-26T18:00:00-04:00,0,65.0,Chance Showers And Thunderstorms,"A chance of showers and thunderstorms before 4am. Mostly cloudy, with a low around 65. South wind 5 to 8 mph. Chance of precipitation is 40%."
42,2026-06-21T03:56:29Z,KBOS,Saturday,2026-06-27T06:00:00-04:00,1,87.0,Mostly Sunny then Slight Chance Showers And Thunderstorms,"A slight chance of rain showers between 1pm and 2pm, then a slight chance of showers and thunderstorms. Mostly sunny, with a high near 87. Southwest wind 5 to 8 mph."
43,2026-06-21T03:56:29Z,KMDW,Tonight,2026-06-20T21:00:00-05:00,0,60.0,Partly Cloudy,"Partly cloudy, with a low around 60. South southeast wind 0 to 5 mph."
44,2026-06-21T03:56:29Z,KMDW,Sunday,2026-06-21T06:00:00-05:00,1,72.0,Rain Showers,"Rain showers after 11am. Mostly cloudy. High near 72, with temperatures falling to around 64 in the afternoon. East wind 5 to 15 mph, with gusts as high as 30 mph. Chance of precipitation is 80%. New rainfall amounts between a half and three quarters of an inch possible."
45,2026-06-21T03:56:29Z,KMDW,Sunday Night,2026-06-21T18:00:00-05:00,0,59.0,Showers And Thunderstorms,"Showers and thunderstorms. Cloudy, with a low around 59. Northeast wind around 15 mph, with gusts as high as 30 mph. Chance of precipitation is 90%. New rainfall amounts between 1 and 2 inches possible."
46,2026-06-21T03:56:29Z,KMDW,Monday,2026-06-22T06:00:00-05:00,1,71.0,Slight Chance Rain Showers then Partly Sunny,"A slight chance of rain showers before 10am. Partly sunny, with a high near 71. North northeast wind around 15 mph, with gusts as high as 25 mph. Chance of precipitation is 20%."
47,2026-06-21T03:56:29Z,KMDW,Monday Night,2026-06-22T18:00:00-05:00,0,56.0,Mostly Clear,"Mostly clear, with a low around 56. North wind 5 to 15 mph."
48,2026-06-21T03:56:29Z,KMDW,Tuesday,2026-06-23T06:00:00-05:00,1,75.0,Mostly Sunny,"Mostly sunny, with a high near 75."
49,2026-06-21T03:56:29Z,KMDW,Tuesday Night,2026-06-23T18:00:00-05:00,0,60.0,Partly Cloudy then Chance Showers And Thunderstorms,"A chance of showers and thunderstorms after 1am. Partly cloudy, with a low around 60."
50,2026-06-21T03:56:29Z,KMDW,Wednesday,2026-06-24T06:00:00-05:00,1,77.0,Showers And Thunderstorms Likely,"Showers and thunderstorms likely. Mostly sunny, with a high near 77."
51,2026-06-21T03:56:29Z,KMDW,Wednesday Night,2026-06-24T18:00:00-05:00,0,60.0,Showers And Thunderstorms Likely then Slight Chance Showers And Thunderstorms,"Showers and thunderstorms likely before 7pm, then a slight chance of showers and thunderstorms between 7pm and 1am. Partly cloudy, with a low around 60."
52,2026-06-21T03:56:29Z,KMDW,Thursday,2026-06-25T06:00:00-05:00,1,76.0,Mostly Sunny then Slight Chance Showers And Thunderstorms,"A slight chance of showers and thunderstorms after 1pm. Mostly sunny, with a high near 76."
53,2026-06-21T03:56:29Z,KMDW,Thursday Night,2026-06-25T18:00:00-05:00,0,60.0,Slight Chance Showers And Thunderstorms then Partly Cloudy,"A slight chance of showers and thunderstorms before 7pm. Partly cloudy, with a low around 60."
54,2026-06-21T03:56:29Z,KMDW,Friday,2026-06-26T06:00:00-05:00,1,77.0,Mostly Sunny,"Mostly sunny, with a high near 77."
55,2026-06-21T03:56:29Z,KMDW,Friday Night,2026-06-26T18:00:00-05:00,0,62.0,Slight Chance Showers And Thunderstorms,"A slight chance of showers and thunderstorms after 7pm. Partly cloudy, with a low around 62."
56,2026-06-21T03:56:29Z,KMDW,Saturday,2026-06-27T06:00:00-05:00,1,82.0,Slight Chance Rain Showers then Slight Chance Showers And Thunderstorms,"A slight chance of rain showers before 1pm, then a slight chance of showers and thunderstorms. Mostly sunny, with a high near 82."
57,2026-06-21T03:56:29Z,KDFW,Tonight,2026-06-20T18:00:00-05:00,0,76.0,Slight Chance Showers And Thunderstorms then Mostly Clear,"A slight chance of showers and thunderstorms before 7pm. Mostly clear, with a low around 76. Heat index values as high as 98. South southeast wind around 10 mph. Chance of precipitation is 20%."
58,2026-06-21T03:56:29Z,KDFW,Sunday,2026-06-21T06:00:00-05:00,1,94.0,Mostly Sunny,"Mostly sunny, with a high near 94. Heat index values as high as 102. South wind 10 to 15 mph, with gusts as high as 30 mph."
59,2026-06-21T03:56:29Z,KDFW,Sunday Night,2026-06-21T18:00:00-05:00,0,79.0,Partly Cloudy then Slight Chance Showers And Thunderstorms,"A slight chance of rain showers between 1am and 4am, then a slight chance of showers and thunderstorms. Partly cloudy, with a low around 79. Heat index values as high as 101. South wind 10 to 15 mph, with gusts as high as 30 mph. Chance of precipitation is 20%."
60,2026-06-21T03:56:29Z,KDFW,Monday,2026-06-22T06:00:00-05:00,1,94.0,Slight Chance Showers And Thunderstorms,"A slight chance of showers and thunderstorms before 1pm. Partly sunny, with a high near 94. Heat index values as high as 101. South wind 10 to 15 mph, with gusts as high as 25 mph. Chance of precipitation is 20%. New rainfall amounts less than a tenth of an inch possible."
61,2026-06-21T03:56:29Z,KDFW,Monday Night,2026-06-22T18:00:00-05:00,0,78.0,Partly Cloudy,"Partly cloudy, with a low around 78. South wind 10 to 15 mph, with gusts as high as 25 mph."
62,2026-06-21T03:56:29Z,KDFW,Tuesday,2026-06-23T06:00:00-05:00,1,97.0,Mostly Sunny,"Mostly sunny, with a high near 97. South wind around 10 mph."
63,2026-06-21T03:56:29Z,KDFW,Tuesday Night,2026-06-23T18:00:00-05:00,0,78.0,Partly Cloudy then Slight Chance Showers And Thunderstorms,"A slight chance of showers and thunderstorms after 1am. Partly cloudy, with a low around 78. South wind 5 to 10 mph. Chance of precipitation is 20%."
64,2026-06-21T03:56:29Z,KDFW,Wednesday,2026-06-24T06:00:00-05:00,1,94.0,Chance Showers And Thunderstorms,"A chance of showers and thunderstorms. Mostly sunny, with a high near 94. South southwest wind around 5 mph. Chance of precipitation is 30%."
65,2026-06-21T03:56:29Z,KDFW,Wednesday Night,2026-06-24T18:00:00-05:00,0,76.0,Chance Showers And Thunderstorms,"A chance of showers and thunderstorms. Partly cloudy, with a low around 76. South southeast wind 5 to 10 mph. Chance of precipitation is 30%."
66,2026-06-21T03:56:29Z,KDFW,Thursday,2026-06-25T06:00:00-05:00,1,94.0,Chance Showers And Thunderstorms then Mostly Sunny,"A chance of showers and thunderstorms before 7am. Mostly sunny, with a high near 94. Chance of precipitation is 30%."
67,2026-06-21T03:56:29Z,KDFW,Thursday Night,2026-06-25T18:00:00-05:00,0,77.0,Partly Cloudy,"Partly cloudy, with a low around 77."
68,2026-06-21T03:56:29Z,KDFW,Friday,2026-06-26T06:00:00-05:00,1,96.0,Mostly Sunny,"Mostly sunny, with a high near 96."
69,2026-06-21T03:56:29Z,KDFW,Friday Night,2026-06-26T18:00:00-05:00,0,78.0,Partly Cloudy,"Partly cloudy, with a low around 78."
70,2026-06-21T03:56:29Z,KDFW,Saturday,2026-06-27T06:00:00-05:00,1,98.0,Mostly Sunny,"Mostly sunny, with a high near 98."
71,2026-06-21T03:56:29Z,KDEN,Tonight,2026-06-20T18:00:00-06:00,0,58.0,Partly Cloudy,"Partly cloudy. Low around 58, with temperatures rising to around 62 overnight. West northwest wind 5 to 14 mph, with gusts as high as 22 mph."
72,2026-06-21T03:56:29Z,KDEN,Sunday,2026-06-21T06:00:00-06:00,1,90.0,Sunny,"Sunny. High near 90, with temperatures falling to around 85 in the afternoon. West northwest wind 3 to 15 mph, with gusts as high as 24 mph."
73,2026-06-21T03:56:29Z,KDEN,Sunday Night,2026-06-21T18:00:00-06:00,0,54.0,Mostly Clear,"Mostly clear. Low around 54, with temperatures rising to around 58 overnight. Northeast wind 3 to 16 mph, with gusts as high as 25 mph."
74,2026-06-21T03:56:29Z,KDEN,Monday,2026-06-22T06:00:00-06:00,1,88.0,Sunny then Chance Showers And Thunderstorms,"A chance of showers and thunderstorms between noon and 3pm, then a chance of showers and thunderstorms. Sunny, with a high near 88. East southeast wind 7 to 10 mph, with gusts as high as 20 mph. Chance of precipitation is 30%."
75,2026-06-21T03:56:29Z,KDEN,Monday Night,2026-06-22T18:00:00-06:00,0,55.0,Mostly Clear,"Mostly clear, with a low around 55. South southeast wind 7 to 12 mph, with gusts as high as 21 mph."
76,2026-06-21T03:56:29Z,KDEN,Tuesday,2026-06-23T06:00:00-06:00,1,79.0,Mostly Sunny then Slight Chance Showers And Thunderstorms,"A slight chance of showers and thunderstorms after noon. Mostly sunny, with a high near 79. Chance of precipitation is 20%."
77,2026-06-21T03:56:29Z,KDEN,Tuesday Night,2026-06-23T18:00:00-06:00,0,55.0,Chance Showers And Thunderstorms then Partly Cloudy,"A chance of showers and thunderstorms before midnight. Partly cloudy, with a low around 55."
78,2026-06-21T03:56:29Z,KDEN,Wednesday,2026-06-24T06:00:00-06:00,1,85.0,Mostly Sunny then Slight Chance Showers And Thunderstorms,"A slight chance of showers and thunderstorms after noon. Mostly sunny, with a high near 85."
79,2026-06-21T03:56:29Z,KDEN,Wednesday Night,2026-06-24T18:00:00-06:00,0,56.0,Chance Showers And Thunderstorms then Partly Cloudy,"A chance of showers and thunderstorms before midnight. Partly cloudy, with a low around 56."
80,2026-06-21T03:56:29Z,KDEN,Thursday,2026-06-25T06:00:00-06:00,1,86.0,Mostly Sunny then Chance Showers And Thunderstorms,"A chance of showers and thunderstorms after noon. Mostly sunny, with a high near 86."
81,2026-06-21T03:56:29Z,KDEN,Thursday Night,2026-06-25T18:00:00-06:00,0,57.0,Chance Showers And Thunderstorms then Partly Cloudy,"A chance of showers and thunderstorms before midnight. Partly cloudy, with a low around 57."
82,2026-06-21T03:56:29Z,KDEN,Friday,2026-06-26T06:00:00-06:00,1,91.0,Mostly Sunny then Slight Chance Showers And Thunderstorms,"A slight chance of showers and thunderstorms after noon. Mostly sunny, with a high near 91."
83,2026-06-21T03:56:29Z,KDEN,Friday Night,2026-06-26T18:00:00-06:00,0,59.0,Partly Cloudy,"Partly cloudy, with a low around 59."
84,2026-06-21T03:56:29Z,KDEN,Saturday,2026-06-27T06:00:00-06:00,1,95.0,Sunny,"Sunny, with a high near 95."
85,2026-06-21T03:56:29Z,KIAH,Tonight,2026-06-20T22:00:00-05:00,0,78.0,Slight Chance Rain Showers then Slight Chance Showers And Thunderstorms,"A slight chance of rain showers between 11pm and 1am, then a slight chance of showers and thunderstorms. Mostly cloudy, with a low around 78. Southeast wind around 5 mph. Chance of precipitation is 20%. New rainfall amounts less than a tenth of an inch possible."
86,2026-06-21T03:56:29Z,KIAH,Sunday,2026-06-21T06:00:00-05:00,1,92.0,Slight Chance Showers And Thunderstorms,"A slight chance of showers and thunderstorms before 2pm. Partly sunny, with a high near 92. Heat index values as high as 105. South wind 5 to 15 mph, with gusts as high as 20 mph. Chance of precipitation is 20%. New rainfall amounts between a tenth and quarter of an inch possible."
87,2026-06-21T03:56:29Z,KIAH,Sunday Night,2026-06-21T18:00:00-05:00,0,80.0,Mostly Cloudy,"Mostly cloudy, with a low around 80. Heat index values as high as 103. South wind 10 to 15 mph, with gusts as high as 20 mph."
88,2026-06-21T03:56:29Z,KIAH,Monday,2026-06-22T06:00:00-05:00,1,94.0,Mostly Sunny,"Mostly sunny, with a high near 94. Heat index values as high as 107. South wind around 10 mph, with gusts as high as 20 mph."
89,2026-06-21T03:56:29Z,KIAH,Monday Night,2026-06-22T18:00:00-05:00,0,79.0,Mostly Clear,"Mostly clear, with a low around 79. South wind 5 to 10 mph."
90,2026-06-21T03:56:29Z,KIAH,Tuesday,2026-06-23T06:00:00-05:00,1,95.0,Mostly Sunny,"Mostly sunny, with a high near 95."
91,2026-06-21T03:56:29Z,KIAH,Tuesday Night,2026-06-23T18:00:00-05:00,0,78.0,Mostly Clear,"Mostly clear, with a low around 78."
92,2026-06-21T03:56:29Z,KIAH,Wednesday,2026-06-24T06:00:00-05:00,1,95.0,Mostly Sunny,"Mostly sunny, with a high near 95."
93,2026-06-21T03:56:29Z,KIAH,Wednesday Night,2026-06-24T18:00:00-05:00,0,76.0,Mostly Clear,"Mostly clear, with a low around 76."
94,2026-06-21T03:56:29Z,KIAH,Thursday,2026-06-25T06:00:00-05:00,1,94.0,Mostly Sunny,"Mostly sunny, with a high near 94."
95,2026-06-21T03:56:29Z,KIAH,Thursday Night,2026-06-25T18:00:00-05:00,0,77.0,Mostly Clear,"Mostly clear, with a low around 77."
96,2026-06-21T03:56:29Z,KIAH,Friday,2026-06-26T06:00:00-05:00,1,94.0,Mostly Sunny,"Mostly sunny, with a high near 94."
97,2026-06-21T03:56:29Z,KIAH,Friday Night,2026-06-26T18:00:00-05:00,0,78.0,Mostly Clear,"Mostly clear, with a low around 78."
98,2026-06-21T03:56:29Z,KIAH,Saturday,2026-06-27T06:00:00-05:00,1,94.0,Mostly Sunny,"Mostly sunny, with a high near 94."
99,2026-06-21T03:56:29Z,KLAS,Tonight,2026-06-20T20:00:00-07:00,0,75.0,Clear,"Clear. Low around 75, with temperatures rising to around 77 overnight. Southwest wind 6 to 12 mph, with gusts as high as 18 mph."
100,2026-06-21T03:56:29Z,KLAS,Sunday,2026-06-21T06:00:00-07:00,1,104.0,Sunny,"Sunny, with a high near 104. Southeast wind 2 to 9 mph."
101,2026-06-21T03:56:29Z,KLAS,Sunday Night,2026-06-21T18:00:00-07:00,0,76.0,Mostly Clear,"Mostly clear. Low around 76, with temperatures rising to around 78 overnight. South southwest wind 5 to 10 mph."
102,2026-06-21T03:56:29Z,KLAS,Monday,2026-06-22T06:00:00-07:00,1,106.0,Sunny,"Sunny, with a high near 106. East southeast wind 1 to 9 mph."
103,2026-06-21T03:56:29Z,KLAS,Monday Night,2026-06-22T18:00:00-07:00,0,79.0,Clear,"Clear, with a low around 79. South southwest wind 3 to 10 mph."
104,2026-06-21T03:56:29Z,KLAS,Tuesday,2026-06-23T06:00:00-07:00,1,109.0,Sunny,"Sunny, with a high near 109."
105,2026-06-21T03:56:29Z,KLAS,Tuesday Night,2026-06-23T18:00:00-07:00,0,83.0,Slight Chance Showers And Thunderstorms,"A slight chance of showers and thunderstorms after 11pm. Mostly clear, with a low around 83."
106,2026-06-21T03:56:29Z,KLAS,Wednesday,2026-06-24T06:00:00-07:00,1,109.0,Slight Chance Showers And Thunderstorms,"A slight chance of rain showers before 11am, then a slight chance of showers and thunderstorms between 11am and 5pm. Sunny, with a high near 109."
107,2026-06-21T03:56:29Z,KLAS,Wednesday Night,2026-06-24T18:00:00-07:00,0,84.0,Mostly Clear,"Mostly clear, with a low around 84."
108,2026-06-21T03:56:29Z,KLAS,Thursday,2026-06-25T06:00:00-07:00,1,109.0,Sunny,"Sunny, with a high near 109."
109,2026-06-21T03:56:29Z,KLAS,Thursday Night,2026-06-25T18:00:00-07:00,0,84.0,Clear,"Clear, with a low around 84."
110,2026-06-21T03:56:29Z,KLAS,Friday,2026-06-26T06:00:00-07:00,1,108.0,Sunny,"Sunny, with a high near 108."
111,2026-06-21T03:56:29Z,KLAS,Friday Night,2026-06-26T18:00:00-07:00,0,80.0,Clear,"Clear, with a low around 80."
112,2026-06-21T03:56:29Z,KLAS,Saturday,2026-06-27T06:00:00-07:00,1,105.0,Sunny,"Sunny, with a high near 105."
113,2026-06-21T03:56:29Z,KLAX,Tonight,2026-06-20T18:00:00-07:00,0,60.0,Mostly Cloudy,"Mostly cloudy, with a low around 60. West southwest wind 0 to 15 mph, with gusts as high as 20 mph."
114,2026-06-21T03:56:29Z,KLAX,Sunday,2026-06-21T06:00:00-07:00,1,69.0,Partly Sunny then Patchy Fog,"Patchy fog after 5pm. Partly sunny, with a high near 69. Southwest wind 0 to 15 mph."
115,2026-06-21T03:56:29Z,KLAX,Sunday Night,2026-06-21T18:00:00-07:00,0,60.0,Patchy Fog,"Patchy fog. Mostly cloudy, with a low around 60. Southwest wind 5 to 10 mph."
116,2026-06-21T03:56:29Z,KLAX,Monday,2026-06-22T06:00:00-07:00,1,70.0,Patchy Fog then Mostly Sunny,"Patchy fog before 11am. Mostly sunny, with a high near 70. Southwest wind 5 to 15 mph."
117,2026-06-21T03:56:29Z,KLAX,Monday Night,2026-06-22T18:00:00-07:00,0,61.0,Patchy Fog,"Patchy fog after 11pm. Mostly cloudy, with a low around 61. Southwest wind 0 to 10 mph."
118,2026-06-21T03:56:29Z,KLAX,Tuesday,2026-06-23T06:00:00-07:00,1,72.0,Patchy Fog then Mostly Sunny,"Patchy fog before 11am. Mostly sunny, with a high near 72."
119,2026-06-21T03:56:29Z,KLAX,Tuesday Night,2026-06-23T18:00:00-07:00,0,61.0,Partly Cloudy then Slight Chance Rain Showers,"A slight chance of rain showers after 5am. Partly cloudy, with a low around 61."
120,2026-06-21T03:56:29Z,KLAX,Wednesday,2026-06-24T06:00:00-07:00,1,70.0,Slight Chance Rain Showers then Mostly Sunny,"A slight chance of rain showers before 11am. Mostly sunny, with a high near 70."
121,2026-06-21T03:56:29Z,KLAX,Wednesday Night,2026-06-24T18:00:00-07:00,0,62.0,Partly Cloudy,"Partly cloudy, with a low around 62."
122,2026-06-21T03:56:29Z,KLAX,Thursday,2026-06-25T06:00:00-07:00,1,70.0,Mostly Sunny,"Mostly sunny, with a high near 70."
123,2026-06-21T03:56:29Z,KLAX,Thursday Night,2026-06-25T18:00:00-07:00,0,61.0,Partly Cloudy,"Partly cloudy, with a low around 61."
124,2026-06-21T03:56:29Z,KLAX,Friday,2026-06-26T06:00:00-07:00,1,70.0,Mostly Sunny,"Mostly sunny, with a high near 70."
125,2026-06-21T03:56:29Z,KLAX,Friday Night,2026-06-26T18:00:00-07:00,0,61.0,Partly Cloudy,"Partly cloudy, with a low around 61."
126,2026-06-21T03:56:29Z,KLAX,Saturday,2026-06-27T06:00:00-07:00,1,70.0,Mostly Sunny,"Mostly sunny, with a high near 70."
127,2026-06-21T03:56:29Z,KMIA,Tonight,2026-06-20T23:00:00-04:00,0,78.0,Patchy Smoke,"A slight chance of showers and thunderstorms before midnight, then patchy smoke and a chance of showers and thunderstorms between midnight and 1am, then patchy smoke and a slight chance of showers and thunderstorms between 1am and 4am. Partly cloudy, with a low around 78. West wind around 2 mph. Chance of precipitation is 30%. New rainfall amounts between a tenth and quarter of an inch possible."
128,2026-06-21T03:56:29Z,KMIA,Sunday,2026-06-21T06:00:00-04:00,1,93.0,Mostly Sunny then Showers And Thunderstorms Likely,"Showers and thunderstorms likely after 2pm. Mostly sunny, with a high near 93. Heat index values as high as 105. South wind 0 to 7 mph. Chance of precipitation is 60%. New rainfall amounts between a quarter and half of an inch possible."
129,2026-06-21T03:56:29Z,KMIA,Sunday Night,2026-06-21T18:00:00-04:00,0,79.0,Patchy Smoke then Partly Cloudy,"Patchy smoke and a chance of showers and thunderstorms before midnight. Partly cloudy, with a low around 79. South wind 0 to 7 mph. Chance of precipitation is 40%. New rainfall amounts between a quarter and half of an inch possible."
130,2026-06-21T03:56:29Z,KMIA,Monday,2026-06-22T06:00:00-04:00,1,93.0,Mostly Sunny then Slight Chance Showers And Thunderstorms,"A slight chance of showers and thunderstorms after 2pm. Mostly sunny, with a high near 93. Heat index values as high as 103. Southeast wind 0 to 9 mph. Chance of precipitation is 20%."
131,2026-06-21T03:56:29Z,KMIA,Monday Night,2026-06-22T18:00:00-04:00,0,80.0,Slight Chance Showers And Thunderstorms then Partly Cloudy,"A slight chance of showers and thunderstorms before 8pm. Partly cloudy, with a low around 80. Southeast wind 0 to 9 mph. Chance of precipitation is 20%."
132,2026-06-21T03:56:29Z,KMIA,Tuesday,2026-06-23T06:00:00-04:00,1,93.0,Mostly Sunny then Chance Showers And Thunderstorms,"A chance of showers and thunderstorms after 2pm. Mostly sunny, with a high near 93. Southeast wind 0 to 8 mph. Chance of precipitation is 40%."
133,2026-06-21T03:56:29Z,KMIA,Tuesday Night,2026-06-23T18:00:00-04:00,0,79.0,Chance Showers And Thunderstorms then Mostly Cloudy,"A chance of showers and thunderstorms before 8pm. Mostly cloudy, with a low around 79. Southeast wind 0 to 8 mph. Chance of precipitation is 40%."
134,2026-06-21T03:56:29Z,KMIA,Wednesday,2026-06-24T06:00:00-04:00,1,93.0,Mostly Sunny then Chance Showers And Thunderstorms,"A chance of showers and thunderstorms after 2pm. Mostly sunny, with a high near 93. Southeast wind 0 to 9 mph. Chance of precipitation is 40%."
135,2026-06-21T03:56:29Z,KMIA,Wednesday Night,2026-06-24T18:00:00-04:00,0,79.0,Chance Showers And Thunderstorms,"A chance of showers and thunderstorms before 2am. Partly cloudy, with a low around 79. Southeast wind 0 to 9 mph. Chance of precipitation is 40%."
136,2026-06-21T03:56:29Z,KMIA,Thursday,2026-06-25T06:00:00-04:00,1,92.0,Chance Showers And Thunderstorms,"A chance of showers and thunderstorms after 8am. Mostly sunny, with a high near 92. Chance of precipitation is 30%."
137,2026-06-21T03:56:29Z,KMIA,Thursday Night,2026-06-25T18:00:00-04:00,0,80.0,Chance Showers And Thunderstorms then Partly Cloudy,"A chance of showers and thunderstorms before 8pm. Partly cloudy, with a low around 80. Chance of precipitation is 30%."
138,2026-06-21T03:56:29Z,KMIA,Friday,2026-06-26T06:00:00-04:00,1,93.0,Mostly Sunny then Chance Showers And Thunderstorms,"A chance of showers and thunderstorms after 2pm. Mostly sunny, with a high near 93. Chance of precipitation is 30%."
139,2026-06-21T03:56:29Z,KMIA,Friday Night,2026-06-26T18:00:00-04:00,0,80.0,Chance Showers And Thunderstorms then Partly Cloudy,"A chance of showers and thunderstorms before 8pm. Partly cloudy, with a low around 80. Chance of precipitation is 30%."
140,2026-06-21T03:56:29Z,KMIA,Saturday,2026-06-27T06:00:00-04:00,1,94.0,Mostly Sunny then Chance Showers And Thunderstorms,"A chance of showers and thunderstorms after 2pm. Mostly sunny, with a high near 94."
141,2026-06-21T03:56:29Z,KMSP,Tonight,2026-06-20T21:00:00-05:00,0,55.0,Partly Cloudy,"Partly cloudy, with a low around 55. East northeast wind 0 to 5 mph."
142,2026-06-21T03:56:29Z,KMSP,Sunday,2026-06-21T06:00:00-05:00,1,75.0,Partly Sunny,"Partly sunny, with a high near 75. East wind 5 to 10 mph."
143,2026-06-21T03:56:29Z,KMSP,Sunday Night,2026-06-21T18:00:00-05:00,0,55.0,Partly Cloudy,"Partly cloudy, with a low around 55. Northeast wind 5 to 10 mph."
144,2026-06-21T03:56:29Z,KMSP,Monday,2026-06-22T06:00:00-05:00,1,77.0,Sunny,"Sunny, with a high near 77. Northeast wind around 5 mph."
145,2026-06-21T03:56:29Z,KMSP,Monday Night,2026-06-22T18:00:00-05:00,0,56.0,Mostly Cloudy,"Mostly cloudy, with a low around 56. East wind 5 to 10 mph."
146,2026-06-21T03:56:29Z,KMSP,Tuesday,2026-06-23T06:00:00-05:00,1,74.0,Showers And Thunderstorms,"A chance of rain showers between 7am and 1pm, then showers and thunderstorms. Partly sunny. High near 74, with temperatures falling to around 70 in the afternoon. South wind 5 to 10 mph. Chance of precipitation is 80%. New rainfall amounts between a tenth and quarter of an inch possible."
147,2026-06-21T03:56:29Z,KMSP,Tuesday Night,2026-06-23T18:00:00-05:00,0,55.0,Showers And Thunderstorms,"Showers and thunderstorms. Mostly cloudy, with a low around 55. Southwest wind 5 to 10 mph. Chance of precipitation is 80%. New rainfall amounts between a quarter and half of an inch possible."
148,2026-06-21T03:56:29Z,KMSP,Wednesday,2026-06-24T06:00:00-05:00,1,72.0,Chance Rain Showers then Chance Showers And Thunderstorms,"A chance of rain showers before 1pm, then a chance of showers and thunderstorms. Mostly sunny, with a high near 72. Northwest wind 5 to 10 mph. Chance of precipitation is 30%."
149,2026-06-21T03:56:29Z,KMSP,Wednesday Night,2026-06-24T18:00:00-05:00,0,54.0,Chance Showers And Thunderstorms,"A chance of showers and thunderstorms before 1am. Partly cloudy, with a low around 54. North wind 0 to 10 mph. Chance of precipitation is 30%."
150,2026-06-21T03:56:29Z,KMSP,Thursday,2026-06-25T06:00:00-05:00,1,75.0,Mostly Sunny,"Mostly sunny, with a high near 75. North northwest wind 0 to 5 mph."
151,2026-06-21T03:56:29Z,KMSP,Thursday Night,2026-06-25T18:00:00-05:00,0,56.0,Partly Cloudy,"Partly cloudy, with a low around 56. Northeast wind 0 to 5 mph."
152,2026-06-21T03:56:29Z,KMSP,Friday,2026-06-26T06:00:00-05:00,1,79.0,Mostly Sunny,"Mostly sunny, with a high near 79. Southeast wind 0 to 5 mph."
153,2026-06-21T03:56:29Z,KMSP,Friday Night,2026-06-26T18:00:00-05:00,0,60.0,Chance Showers And Thunderstorms,"A chance of showers and thunderstorms after 7pm. Partly cloudy, with a low around 60. Southeast wind around 5 mph. Chance of precipitation is 30%."
154,2026-06-21T03:56:29Z,KMSP,Saturday,2026-06-27T06:00:00-05:00,1,81.0,Chance Rain Showers then Slight Chance Showers And Thunderstorms,"A chance of rain showers before 1pm, then a slight chance of showers and thunderstorms. Mostly sunny, with a high near 81. Southeast wind 5 to 10 mph. Chance of precipitation is 30%."
155,2026-06-21T03:56:29Z,KMSY,Tonight,2026-06-20T20:00:00-05:00,0,79.0,Chance Rain Showers,"A chance of rain showers. Mostly cloudy, with a low around 79. Southeast wind 5 to 10 mph. Chance of precipitation is 30%. New rainfall amounts between a tenth and quarter of an inch possible."
156,2026-06-21T03:56:29Z,KMSY,Sunday,2026-06-21T06:00:00-05:00,1,90.0,Slight Chance Rain Showers,"A slight chance of rain showers before 2pm. Partly sunny. High near 90, with temperatures falling to around 88 in the afternoon. South wind 5 to 15 mph. Chance of precipitation is 20%. New rainfall amounts less than a tenth of an inch possible."
157,2026-06-21T03:56:29Z,KMSY,Sunday Night,2026-06-21T18:00:00-05:00,0,80.0,Mostly Cloudy,"Mostly cloudy, with a low around 80. South wind 10 to 15 mph."
158,2026-06-21T03:56:29Z,KMSY,Monday,2026-06-22T06:00:00-05:00,1,92.0,Mostly Sunny,"Mostly sunny, with a high near 92. Southwest wind 10 to 15 mph."
159,2026-06-21T03:56:29Z,KMSY,Monday Night,2026-06-22T18:00:00-05:00,0,79.0,Mostly Clear,"Mostly clear, with a low around 79. Southwest wind 5 to 10 mph."
160,2026-06-21T03:56:29Z,KMSY,Tuesday,2026-06-23T06:00:00-05:00,1,93.0,Sunny,"Sunny, with a high near 93. Southwest wind 5 to 10 mph."
161,2026-06-21T03:56:29Z,KMSY,Tuesday Night,2026-06-23T18:00:00-05:00,0,77.0,Mostly Clear,"Mostly clear, with a low around 77. Southwest wind 5 to 10 mph."
162,2026-06-21T03:56:29Z,KMSY,Wednesday,2026-06-24T06:00:00-05:00,1,92.0,Mostly Sunny then Slight Chance Showers And Thunderstorms,"A slight chance of showers and thunderstorms after 1pm. Mostly sunny, with a high near 92. West wind 5 to 10 mph."
163,2026-06-21T03:56:29Z,KMSY,Wednesday Night,2026-06-24T18:00:00-05:00,0,77.0,Slight Chance Showers And Thunderstorms then Partly Cloudy,"A slight chance of showers and thunderstorms before 7pm. Partly cloudy, with a low around 77. West wind 5 to 10 mph."
164,2026-06-21T03:56:29Z,KMSY,Thursday,2026-06-25T06:00:00-05:00,1,91.0,Mostly Sunny then Chance Showers And Thunderstorms,"A chance of showers and thunderstorms after 1pm. Mostly sunny, with a high near 91. West wind around 5 mph."
165,2026-06-21T03:56:29Z,KMSY,Thursday Night,2026-06-25T18:00:00-05:00,0,77.0,Chance Showers And Thunderstorms then Partly Cloudy,"A chance of showers and thunderstorms before 7pm. Partly cloudy, with a low around 77. Southwest wind around 5 mph."
166,2026-06-21T03:56:29Z,KMSY,Friday,2026-06-26T06:00:00-05:00,1,91.0,Mostly Sunny then Slight Chance Showers And Thunderstorms,"A slight chance of showers and thunderstorms after 1pm. Mostly sunny, with a high near 91. Southwest wind 5 to 10 mph."
167,2026-06-21T03:56:29Z,KMSY,Friday Night,2026-06-26T18:00:00-05:00,0,78.0,Slight Chance Showers And Thunderstorms then Mostly Clear,"A slight chance of showers and thunderstorms before 7pm. Mostly clear, with a low around 78. South wind 5 to 10 mph."
168,2026-06-21T03:56:29Z,KMSY,Saturday,2026-06-27T06:00:00-05:00,1,91.0,Sunny then Slight Chance Showers And Thunderstorms,"A slight chance of showers and thunderstorms after 1pm. Sunny, with a high near 91. South wind 5 to 10 mph."
169,2026-06-21T03:56:29Z,KNYC,Tonight,2026-06-20T22:00:00-04:00,0,65.0,Mostly Clear,"Mostly clear, with a low around 65. West wind around 3 mph."
170,2026-06-21T03:56:29Z,KNYC,Sunday,2026-06-21T06:00:00-04:00,1,83.0,Mostly Sunny then Slight Chance Showers And Thunderstorms,"A slight chance of showers and thunderstorms between 2pm and 5pm. Mostly sunny, with a high near 83. West wind 2 to 7 mph. Chance of precipitation is 20%."
171,2026-06-21T03:56:29Z,KNYC,Sunday Night,2026-06-21T18:00:00-04:00,0,66.0,Partly Cloudy,"Partly cloudy. Low around 66, with temperatures rising to around 68 overnight. Northwest wind 0 to 6 mph."
172,2026-06-21T03:56:29Z,KNYC,Monday,2026-06-22T06:00:00-04:00,1,77.0,Showers And Thunderstorms,"A chance of rain showers between 8am and 2pm, then showers and thunderstorms. Mostly cloudy. High near 77, with temperatures falling to around 75 in the afternoon. East wind 0 to 8 mph, with gusts as high as 21 mph. Chance of precipitation is 90%. New rainfall amounts between 1 and 2 inches possible."
173,2026-06-21T03:56:29Z,KNYC,Monday Night,2026-06-22T18:00:00-04:00,0,67.0,Showers And Thunderstorms,"Showers and thunderstorms. Cloudy, with a low around 67. South wind around 8 mph. Chance of precipitation is 90%. New rainfall amounts between 1 and 2 inches possible."
174,2026-06-21T03:56:29Z,KNYC,Tuesday,2026-06-23T06:00:00-04:00,1,80.0,Rain Showers Likely,"Rain showers likely. Partly sunny, with a high near 80. Chance of precipitation is 70%. New rainfall amounts between a tenth and quarter of an inch possible."
175,2026-06-21T03:56:29Z,KNYC,Tuesday Night,2026-06-23T18:00:00-04:00,0,65.0,Slight Chance Rain Showers then Partly Cloudy,"A slight chance of rain showers before 8pm. Partly cloudy, with a low around 65."
176,2026-06-21T03:56:29Z,KNYC,Wednesday,2026-06-24T06:00:00-04:00,1,84.0,Sunny,"Sunny, with a high near 84."
177,2026-06-21T03:56:29Z,KNYC,Wednesday Night,2026-06-24T18:00:00-04:00,0,67.0,Mostly Clear,"Mostly clear, with a low around 67."
178,2026-06-21T03:56:29Z,KNYC,Thursday,2026-06-25T06:00:00-04:00,1,80.0,Chance Showers And Thunderstorms,"A slight chance of rain showers between 8am and 2pm, then a chance of showers and thunderstorms. Mostly sunny, with a high near 80. Chance of precipitation is 30%."
179,2026-06-21T03:56:29Z,KNYC,Thursday Night,2026-06-25T18:00:00-04:00,0,68.0,Chance Showers And Thunderstorms,"A chance of showers and thunderstorms. Mostly cloudy, with a low around 68. Chance of precipitation is 50%."
180,2026-06-21T03:56:29Z,KNYC,Friday,2026-06-26T06:00:00-04:00,1,83.0,Chance Rain Showers,"A chance of rain showers before 2pm, then a chance of showers and thunderstorms. Partly sunny, with a high near 83. Chance of precipitation is 50%."
181,2026-06-21T03:56:29Z,KNYC,Friday Night,2026-06-26T18:00:00-04:00,0,68.0,Chance Showers And Thunderstorms,"A chance of showers and thunderstorms. Partly cloudy, with a low around 68. Chance of precipitation is 30%."
182,2026-06-21T03:56:29Z,KNYC,Saturday,2026-06-27T06:00:00-04:00,1,85.0,Slight Chance Rain Showers then Slight Chance Showers And Thunderstorms,"A slight chance of rain showers before 8am, then a slight chance of showers and thunderstorms. Mostly sunny, with a high near 85."
183,2026-06-21T03:56:29Z,KOKC,Tonight,2026-06-20T18:00:00-05:00,0,73.0,Mostly Clear,"Mostly clear, with a low around 73. South southeast wind 13 to 16 mph, with gusts as high as 24 mph."
184,2026-06-21T03:56:29Z,KOKC,Sunday,2026-06-21T06:00:00-05:00,1,95.0,Sunny,"Sunny, with a high near 95. Heat index values as high as 101. South wind 16 to 22 mph, with gusts as high as 33 mph."
185,2026-06-21T03:56:29Z,KOKC,Sunday Night,2026-06-21T18:00:00-05:00,0,72.0,Showers And Thunderstorms Likely,"Showers and thunderstorms likely between 7pm and 4am, then showers and thunderstorms likely. Partly cloudy, with a low around 72. Heat index values as high as 103. Southeast wind 10 to 18 mph, with gusts as high as 28 mph. Chance of precipitation is 70%. New rainfall amounts between a half and three quarters of an inch possible."
186,2026-06-21T03:56:29Z,KOKC,Monday,2026-06-22T06:00:00-05:00,1,87.0,Showers And Thunderstorms Likely then Chance Showers And Thunderstorms,"Showers and thunderstorms likely before 7am, then a chance of showers and thunderstorms. Partly sunny, with a high near 87. East southeast wind around 13 mph, with gusts as high as 20 mph. Chance of precipitation is 70%."
187,2026-06-21T03:56:29Z,KOKC,Monday Night,2026-06-22T18:00:00-05:00,0,68.0,Chance Showers And Thunderstorms then Showers And Thunderstorms,"A chance of showers and thunderstorms before 7pm, then showers and thunderstorms. Mostly cloudy, with a low around 68. East northeast wind 8 to 13 mph, with gusts as high as 20 mph. Chance of precipitation is 90%."
188,2026-06-21T03:56:29Z,KOKC,Tuesday,2026-06-23T06:00:00-05:00,1,86.0,Showers And Thunderstorms,"Showers and thunderstorms before 1pm, then a slight chance of showers and thunderstorms. Mostly cloudy, with a high near 86. Chance of precipitation is 90%."
189,2026-06-21T03:56:29Z,KOKC,Tuesday Night,2026-06-23T18:00:00-05:00,0,68.0,Slight Chance Showers And Thunderstorms then Showers And Thunderstorms Likely,"A slight chance of showers and thunderstorms before 7pm, then showers and thunderstorms likely. Mostly cloudy, with a low around 68. Chance of precipitation is 60%."
190,2026-06-21T03:56:29Z,KOKC,Wednesday,2026-06-24T06:00:00-05:00,1,84.0,Showers And Thunderstorms Likely then Chance Showers And Thunderstorms,"Showers and thunderstorms likely before 7am, then a chance of showers and thunderstorms. Mostly cloudy, with a high near 84. Chance of precipitation is 60%."
191,2026-06-21T03:56:29Z,KOKC,Wednesday Night,2026-06-24T18:00:00-05:00,0,67.0,Chance Showers And Thunderstorms then Showers And Thunderstorms Likely,"A chance of showers and thunderstorms before 7pm, then showers and thunderstorms likely. Mostly cloudy, with a low around 67. Chance of precipitation is 60%."
192,2026-06-21T03:56:29Z,KOKC,Thursday,2026-06-25T06:00:00-05:00,1,84.0,Showers And Thunderstorms Likely,"Showers and thunderstorms likely before 1pm, then a slight chance of showers and thunderstorms. Partly sunny, with a high near 84. Chance of precipitation is 60%."
193,2026-06-21T03:56:29Z,KOKC,Thursday Night,2026-06-25T18:00:00-05:00,0,69.0,Chance Showers And Thunderstorms,"A chance of showers and thunderstorms. Partly cloudy, with a low around 69. Chance of precipitation is 40%."
194,2026-06-21T03:56:29Z,KOKC,Friday,2026-06-26T06:00:00-05:00,1,88.0,Chance Showers And Thunderstorms,"A chance of showers and thunderstorms. Partly sunny, with a high near 88. Chance of precipitation is 40%."
195,2026-06-21T03:56:29Z,KOKC,Friday Night,2026-06-26T18:00:00-05:00,0,73.0,Chance Showers And Thunderstorms,"A chance of showers and thunderstorms. Partly cloudy, with a low around 73. Chance of precipitation is 30%."
196,2026-06-21T03:56:29Z,KOKC,Saturday,2026-06-27T06:00:00-05:00,1,92.0,Chance Showers And Thunderstorms then Mostly Sunny,"A chance of showers and thunderstorms before 7am. Mostly sunny, with a high near 92."
197,2026-06-21T03:56:29Z,KPHL,Tonight,2026-06-20T23:00:00-04:00,0,64.0,Chance Rain Showers then Mostly Clear,"A chance of rain showers before midnight. Mostly clear, with a low around 64. West wind around 0 mph."
198,2026-06-21T03:56:29Z,KPHL,Sunday,2026-06-21T06:00:00-04:00,1,86.0,Mostly Sunny,"Mostly sunny, with a high near 86. West wind 0 to 15 mph."
199,2026-06-21T03:56:29Z,KPHL,Sunday Night,2026-06-21T18:00:00-04:00,0,65.0,Mostly Cloudy,"Mostly cloudy, with a low around 65. North wind 0 to 10 mph."
200,2026-06-21T03:56:29Z,KPHL,Monday,2026-06-22T06:00:00-04:00,1,87.0,Showers And Thunderstorms,"A chance of rain showers between 7am and 2pm, then showers and thunderstorms. Some of the storms could produce heavy rain. Mostly cloudy, with a high near 87. Southeast wind 0 to 10 mph, with gusts as high as 25 mph. Chance of precipitation is 90%. New rainfall amounts between three quarters and one inch possible."
201,2026-06-21T03:56:29Z,KPHL,Monday Night,2026-06-22T18:00:00-04:00,0,67.0,Showers And Thunderstorms,"Showers and thunderstorms. Some of the storms could produce heavy rain. Mostly cloudy, with a low around 67. Southwest wind 5 to 10 mph. Chance of precipitation is 90%. New rainfall amounts between three quarters and one inch possible."
202,2026-06-21T03:56:29Z,KPHL,Tuesday,2026-06-23T06:00:00-04:00,1,82.0,Chance Showers And Thunderstorms,"A chance of rain showers before 8am, then a chance of showers and thunderstorms between 8am and 2pm, then a chance of showers and thunderstorms. Partly sunny, with a high near 82. Chance of precipitation is 50%. New rainfall amounts less than a tenth of an inch possible."
203,2026-06-21T03:56:29Z,KPHL,Tuesday Night,2026-06-23T18:00:00-04:00,0,63.0,Chance Showers And Thunderstorms then Partly Cloudy,"A chance of showers and thunderstorms before 8pm. Partly cloudy, with a low around 63. Chance of precipitation is 40%."
204,2026-06-21T03:56:29Z,KPHL,Wednesday,2026-06-24T06:00:00-04:00,1,85.0,Sunny,"Sunny, with a high near 85."
205,2026-06-21T03:56:29Z,KPHL,Wednesday Night,2026-06-24T18:00:00-04:00,0,64.0,Mostly Clear,"Mostly clear, with a low around 64."
206,2026-06-21T03:56:29Z,KPHL,Thursday,2026-06-25T06:00:00-04:00,1,85.0,Chance Rain Showers,"A chance of rain showers between 8am and 2pm, then a chance of showers and thunderstorms. Mostly sunny, with a high near 85. Chance of precipitation is 40%."
207,2026-06-21T03:56:29Z,KPHL,Thursday Night,2026-06-25T18:00:00-04:00,0,66.0,Chance Showers And Thunderstorms,"A chance of showers and thunderstorms before 8pm, then a chance of showers and thunderstorms between 8pm and 2am, then a chance of showers and thunderstorms. Mostly cloudy, with a low around 66. Chance of precipitation is 50%."
208,2026-06-21T03:56:29Z,KPHL,Friday,2026-06-26T06:00:00-04:00,1,85.0,Chance Showers And Thunderstorms,"A chance of showers and thunderstorms before 2pm, then a chance of showers and thunderstorms. Partly sunny, with a high near 85. Chance of precipitation is 50%."
209,2026-06-21T03:56:29Z,KPHL,Friday Night,2026-06-26T18:00:00-04:00,0,66.0,Chance Showers And Thunderstorms,"A chance of showers and thunderstorms before 2am. Partly cloudy, with a low around 66. Chance of precipitation is 40%."
210,2026-06-21T03:56:29Z,KPHL,Saturday,2026-06-27T06:00:00-04:00,1,86.0,Slight Chance Rain Showers then Slight Chance Showers And Thunderstorms,"A slight chance of rain showers between 8am and 2pm, then a slight chance of showers and thunderstorms. Mostly sunny, with a high near 86."
211,2026-06-21T03:56:29Z,KPHX,Tonight,2026-06-20T20:00:00-07:00,0,79.0,Clear,"Clear, with a low around 79. West northwest wind 5 to 10 mph."
212,2026-06-21T03:56:29Z,KPHX,Sunday,2026-06-21T06:00:00-07:00,1,106.0,Sunny,"Sunny. High near 106, with temperatures falling to around 104 in the afternoon. South wind 0 to 10 mph."
213,2026-06-21T03:56:29Z,KPHX,Sunday Night,2026-06-21T18:00:00-07:00,0,80.0,Mostly Clear,"Mostly clear, with a low around 80. West northwest wind 5 to 10 mph."
214,2026-06-21T03:56:29Z,KPHX,Monday,2026-06-22T06:00:00-07:00,1,109.0,Sunny,"Sunny, with a high near 109. South wind 5 to 10 mph."
215,2026-06-21T03:56:29Z,KPHX,Monday Night,2026-06-22T18:00:00-07:00,0,84.0,Mostly Clear,"Mostly clear, with a low around 84. West wind 5 to 10 mph."
216,2026-06-21T03:56:29Z,KPHX,Tuesday,2026-06-23T06:00:00-07:00,1,111.0,Sunny,"Sunny, with a high near 111. West wind 5 to 15 mph, with gusts as high as 20 mph."
217,2026-06-21T03:56:29Z,KPHX,Tuesday Night,2026-06-23T18:00:00-07:00,0,86.0,Mostly Clear,"Mostly clear, with a low around 86. West wind 0 to 10 mph."
218,2026-06-21T03:56:29Z,KPHX,Wednesday,2026-06-24T06:00:00-07:00,1,112.0,Sunny,"Sunny, with a high near 112. West wind 0 to 10 mph, with gusts as high as 25 mph."
219,2026-06-21T03:56:29Z,KPHX,Wednesday Night,2026-06-24T18:00:00-07:00,0,88.0,Mostly Clear,"Mostly clear, with a low around 88. Southwest wind 0 to 10 mph, with gusts as high as 20 mph."
220,2026-06-21T03:56:29Z,KPHX,Thursday,2026-06-25T06:00:00-07:00,1,113.0,Sunny,"Sunny, with a high near 113. South southwest wind 0 to 10 mph, with gusts as high as 25 mph."
221,2026-06-21T03:56:29Z,KPHX,Thursday Night,2026-06-25T18:00:00-07:00,0,89.0,Mostly Clear,"Mostly clear, with a low around 89. South southwest wind 0 to 10 mph, with gusts as high as 25 mph."
222,2026-06-21T03:56:29Z,KPHX,Friday,2026-06-26T06:00:00-07:00,1,112.0,Sunny,"Sunny, with a high near 112. South southwest wind 0 to 10 mph, with gusts as high as 30 mph."
223,2026-06-21T03:56:29Z,KPHX,Friday Night,2026-06-26T18:00:00-07:00,0,86.0,Mostly Clear,"Mostly clear, with a low around 86. South southwest wind 0 to 10 mph, with gusts as high as 30 mph."
224,2026-06-21T03:56:29Z,KPHX,Saturday,2026-06-27T06:00:00-07:00,1,110.0,Sunny,"Sunny, with a high near 110. South southwest wind 0 to 10 mph, with gusts as high as 30 mph."
225,2026-06-21T03:56:29Z,KSAT,Tonight,2026-06-20T23:00:00-05:00,0,76.0,Mostly Cloudy then Chance Showers And Thunderstorms,"A slight chance of rain showers between 1am and 4am, then a chance of showers and thunderstorms. Mostly cloudy, with a low around 76. South southeast wind around 5 mph. Chance of precipitation is 30%. New rainfall amounts less than a tenth of an inch possible."
226,2026-06-21T03:56:29Z,KSAT,Sunday,2026-06-21T06:00:00-05:00,1,92.0,Chance Showers And Thunderstorms then Slight Chance Showers And Thunderstorms,"A chance of showers and thunderstorms before 10am, then a slight chance of showers and thunderstorms between 10am and 4pm. Partly sunny, with a high near 92. Heat index values as high as 105. South wind 5 to 15 mph, with gusts as high as 25 mph. Chance of precipitation is 30%. New rainfall amounts less than a tenth of an inch possible."
227,2026-06-21T03:56:29Z,KSAT,Sunday Night,2026-06-21T18:00:00-05:00,0,78.0,Partly Cloudy,"Partly cloudy, with a low around 78. Heat index values as high as 100. South southeast wind 10 to 15 mph, with gusts as high as 25 mph. New rainfall amounts less than a tenth of an inch possible."
228,2026-06-21T03:56:29Z,KSAT,Monday,2026-06-22T06:00:00-05:00,1,93.0,Mostly Sunny,"Mostly sunny, with a high near 93. Heat index values as high as 102. South wind 10 to 15 mph, with gusts as high as 25 mph."
229,2026-06-21T03:56:29Z,KSAT,Monday Night,2026-06-22T18:00:00-05:00,0,77.0,Partly Cloudy,"Partly cloudy, with a low around 77. South southeast wind 10 to 15 mph, with gusts as high as 25 mph."
230,2026-06-21T03:56:29Z,KSAT,Tuesday,2026-06-23T06:00:00-05:00,1,94.0,Mostly Sunny,"Mostly sunny, with a high near 94. South southeast wind around 10 mph, with gusts as high as 20 mph."
231,2026-06-21T03:56:29Z,KSAT,Tuesday Night,2026-06-23T18:00:00-05:00,0,76.0,Mostly Clear,"Mostly clear, with a low around 76. South southeast wind 5 to 15 mph, with gusts as high as 20 mph."
232,2026-06-21T03:56:29Z,KSAT,Wednesday,2026-06-24T06:00:00-05:00,1,95.0,Mostly Sunny,"Mostly sunny, with a high near 95. South wind 5 to 10 mph."
233,2026-06-21T03:56:29Z,KSAT,Wednesday Night,2026-06-24T18:00:00-05:00,0,74.0,Mostly Clear,"Mostly clear, with a low around 74. South southeast wind 5 to 10 mph."
234,2026-06-21T03:56:29Z,KSAT,Thursday,2026-06-25T06:00:00-05:00,1,94.0,Mostly Sunny,"Mostly sunny, with a high near 94."
235,2026-06-21T03:56:29Z,KSAT,Thursday Night,2026-06-25T18:00:00-05:00,0,75.0,Mostly Clear,"Mostly clear, with a low around 75."
236,2026-06-21T03:56:29Z,KSAT,Friday,2026-06-26T06:00:00-05:00,1,95.0,Mostly Sunny,"Mostly sunny, with a high near 95."
237,2026-06-21T03:56:29Z,KSAT,Friday Night,2026-06-26T18:00:00-05:00,0,76.0,Mostly Clear,"Mostly clear, with a low around 76."
238,2026-06-21T03:56:29Z,KSAT,Saturday,2026-06-27T06:00:00-05:00,1,96.0,Mostly Sunny,"Mostly sunny, with a high near 96."
239,2026-06-21T03:56:29Z,KSFO,Tonight,2026-06-20T20:00:00-07:00,0,54.0,Mostly Cloudy,"Mostly cloudy, with a low around 54. West wind 6 to 15 mph."
240,2026-06-21T03:56:29Z,KSFO,Sunday,2026-06-21T06:00:00-07:00,1,69.0,Mostly Sunny,"Mostly sunny. High near 69, with temperatures falling to around 67 in the afternoon. West southwest wind 5 to 17 mph, with gusts as high as 21 mph."
241,2026-06-21T03:56:29Z,KSFO,Sunday Night,2026-06-21T18:00:00-07:00,0,54.0,Partly Cloudy,"Partly cloudy, with a low around 54. West southwest wind 7 to 16 mph."
242,2026-06-21T03:56:29Z,KSFO,Monday,2026-06-22T06:00:00-07:00,1,71.0,Mostly Sunny,"Mostly sunny, with a high near 71. West southwest wind 6 to 16 mph."
243,2026-06-21T03:56:29Z,KSFO,Monday Night,2026-06-22T18:00:00-07:00,0,55.0,Partly Cloudy,"Partly cloudy, with a low around 55. West southwest wind 6 to 16 mph."
244,2026-06-21T03:56:29Z,KSFO,Tuesday,2026-06-23T06:00:00-07:00,1,72.0,Mostly Sunny,"Mostly sunny, with a high near 72."
245,2026-06-21T03:56:29Z,KSFO,Tuesday Night,2026-06-23T18:00:00-07:00,0,55.0,Partly Cloudy,"Partly cloudy, with a low around 55."
246,2026-06-21T03:56:29Z,KSFO,Wednesday,2026-06-24T06:00:00-07:00,1,73.0,Mostly Sunny,"Mostly sunny, with a high near 73."
247,2026-06-21T03:56:29Z,KSFO,Wednesday Night,2026-06-24T18:00:00-07:00,0,56.0,Partly Cloudy,"Partly cloudy, with a low around 56."
248,2026-06-21T03:56:29Z,KSFO,Thursday,2026-06-25T06:00:00-07:00,1,72.0,Mostly Sunny,"Mostly sunny, with a high near 72."
249,2026-06-21T03:56:29Z,KSFO,Thursday Night,2026-06-25T18:00:00-07:00,0,56.0,Mostly Clear,"Mostly clear, with a low around 56."
250,2026-06-21T03:56:29Z,KSFO,Friday,2026-06-26T06:00:00-07:00,1,70.0,Mostly Sunny,"Mostly sunny, with a high near 70."
251,2026-06-21T03:56:29Z,KSFO,Friday Night,2026-06-26T18:00:00-07:00,0,56.0,Mostly Clear,"Mostly clear, with a low around 56."
252,2026-06-21T03:56:29Z,KSFO,Saturday,2026-06-27T06:00:00-07:00,1,70.0,Mostly Sunny,"Mostly sunny, with a high near 70."
253,2026-06-21T03:56:29Z,KSEA,Tonight,2026-06-20T18:00:00-07:00,0,53.0,Mostly Clear,"Mostly clear, with a low around 53. South southwest wind 6 to 12 mph."
254,2026-06-21T03:56:29Z,KSEA,Sunday,2026-06-21T06:00:00-07:00,1,79.0,Sunny,"Sunny, with a high near 79. West wind 3 to 9 mph."
255,2026-06-21T03:56:29Z,KSEA,Sunday Night,2026-06-21T18:00:00-07:00,0,57.0,Mostly Clear,"Mostly clear, with a low around 57. North northeast wind 5 to 9 mph."
256,2026-06-21T03:56:29Z,KSEA,Monday,2026-06-22T06:00:00-07:00,1,86.0,Sunny,"Sunny, with a high near 86. North wind 5 to 12 mph."
257,2026-06-21T03:56:29Z,KSEA,Monday Night,2026-06-22T18:00:00-07:00,0,62.0,Mostly Clear,"Mostly clear, with a low around 62. North wind 5 to 12 mph."
258,2026-06-21T03:56:29Z,KSEA,Tuesday,2026-06-23T06:00:00-07:00,1,90.0,Mostly Sunny,"Mostly sunny, with a high near 90."
259,2026-06-21T03:56:29Z,KSEA,Tuesday Night,2026-06-23T18:00:00-07:00,0,62.0,Mostly Clear,"Mostly clear, with a low around 62."
260,2026-06-21T03:56:29Z,KSEA,Wednesday,2026-06-24T06:00:00-07:00,1,87.0,Sunny,"Sunny, with a high near 87."
261,2026-06-21T03:56:29Z,KSEA,Wednesday Night,2026-06-24T18:00:00-07:00,0,58.0,Mostly Clear,"Mostly clear, with a low around 58."
262,2026-06-21T03:56:29Z,KSEA,Thursday,2026-06-25T06:00:00-07:00,1,76.0,Mostly Sunny,"Mostly sunny, with a high near 76."
263,2026-06-21T03:56:29Z,KSEA,Thursday Night,2026-06-25T18:00:00-07:00,0,56.0,Chance Light Rain,"A chance of rain after 11pm. Mostly cloudy, with a low around 56."
264,2026-06-21T03:56:29Z,KSEA,Friday,2026-06-26T06:00:00-07:00,1,67.0,Chance Light Rain,"A chance of rain. Mostly cloudy, with a high near 67."
265,2026-06-21T03:56:29Z,KSEA,Friday Night,2026-06-26T18:00:00-07:00,0,54.0,Chance Light Rain,"A chance of rain. Mostly cloudy, with a low around 54."
266,2026-06-21T03:56:29Z,KSEA,Saturday,2026-06-27T06:00:00-07:00,1,67.0,Chance Light Rain,"A chance of rain. Mostly cloudy, with a high near 67."
267,2026-06-21T03:56:29Z,KDCA,Tonight,2026-06-20T23:00:00-04:00,0,67.0,Partly Cloudy,"Partly cloudy, with a low around 67. West wind around 8 mph."
268,2026-06-21T03:56:29Z,KDCA,Sunday,2026-06-21T06:00:00-04:00,1,89.0,Sunny,"Sunny, with a high near 89. West wind 7 to 13 mph, with gusts as high as 18 mph."
269,2026-06-21T03:56:29Z,KDCA,Sunday Night,2026-06-21T18:00:00-04:00,0,69.0,Partly Cloudy,"Partly cloudy, with a low around 69. Northeast wind 5 to 12 mph."
270,2026-06-21T03:56:29Z,KDCA,Monday,2026-06-22T06:00:00-04:00,1,93.0,Showers And Thunderstorms,"A slight chance of rain showers between 8am and 2pm, then showers and thunderstorms. Partly sunny, with a high near 93. South wind 9 to 20 mph, with gusts as high as 29 mph. Chance of precipitation is 80%. New rainfall amounts between a half and three quarters of an inch possible."
271,2026-06-21T03:56:29Z,KDCA,Monday Night,2026-06-22T18:00:00-04:00,0,70.0,Showers And Thunderstorms,"Showers and thunderstorms. Mostly cloudy, with a low around 70. Southwest wind 12 to 17 mph, with gusts as high as 23 mph. Chance of precipitation is 80%."
272,2026-06-21T03:56:29Z,KDCA,Tuesday,2026-06-23T06:00:00-04:00,1,86.0,Slight Chance Rain Showers then Slight Chance Showers And Thunderstorms,"A slight chance of rain showers before 2pm, then a slight chance of showers and thunderstorms. Mostly sunny, with a high near 86. Chance of precipitation is 20%."
273,2026-06-21T03:56:29Z,KDCA,Tuesday Night,2026-06-23T18:00:00-04:00,0,66.0,Slight Chance Showers And Thunderstorms then Partly Cloudy,"A slight chance of showers and thunderstorms before 8pm. Partly cloudy, with a low around 66. Chance of precipitation is 20%."
274,2026-06-21T03:56:29Z,KDCA,Wednesday,2026-06-24T06:00:00-04:00,1,86.0,Sunny,"Sunny, with a high near 86."
275,2026-06-21T03:56:29Z,KDCA,Wednesday Night,2026-06-24T18:00:00-04:00,0,67.0,Partly Cloudy then Slight Chance Showers And Thunderstorms,"A slight chance of showers and thunderstorms after 2am. Partly cloudy, with a low around 67. Chance of precipitation is 20%."
276,2026-06-21T03:56:29Z,KDCA,Thursday,2026-06-25T06:00:00-04:00,1,87.0,Chance Showers And Thunderstorms,"A chance of showers and thunderstorms before 2pm, then a chance of showers and thunderstorms. Partly sunny, with a high near 87. Chance of precipitation is 50%."
277,2026-06-21T03:56:29Z,KDCA,Thursday Night,2026-06-25T18:00:00-04:00,0,68.0,Chance Showers And Thunderstorms,"A chance of showers and thunderstorms. Mostly cloudy, with a low around 68. Chance of precipitation is 50%."
278,2026-06-21T03:56:29Z,KDCA,Friday,2026-06-26T06:00:00-04:00,1,87.0,Slight Chance Rain Showers then Chance Showers And Thunderstorms,"A slight chance of rain showers before 2pm, then a chance of showers and thunderstorms. Partly sunny, with a high near 87. Chance of precipitation is 30%."
279,2026-06-21T03:56:29Z,KDCA,Friday Night,2026-06-26T18:00:00-04:00,0,68.0,Chance Showers And Thunderstorms,"A chance of showers and thunderstorms before 2am. Partly cloudy, with a low around 68. Chance of precipitation is 30%."
280,2026-06-21T03:56:29Z,KDCA,Saturday,2026-06-27T06:00:00-04:00,1,89.0,Mostly Sunny then Chance Showers And Thunderstorms,"A chance of showers and thunderstorms after 2pm. Mostly sunny, with a high near 89."
1,2026-06-21T05:48:51Z,KATL,Tonight,2026-06-20T19:00:00-04:00,0,69.0,Chance Showers And Thunderstorms then Mostly Cloudy,"A chance of showers and thunderstorms before 8pm. Mostly cloudy, with a low around 69. West wind 0 to 5 mph. Chance of precipitation is 30%."
2,2026-06-21T05:48:51Z,KATL,Sunday,2026-06-21T06:00:00-04:00,1,89.0,Mostly Sunny then Slight Chance Showers And Thunderstorms,"A slight chance of showers and thunderstorms after 5pm. Mostly sunny, with a high near 89. West wind around 5 mph. Chance of precipitation is 20%."
3,2026-06-21T05:48:51Z,KATL,Sunday Night,2026-06-21T18:00:00-04:00,0,73.0,Chance Showers And Thunderstorms then Mostly Clear,"A chance of showers and thunderstorms before 7pm, then a chance of showers and thunderstorms between 7pm and 8pm, then a slight chance of showers and thunderstorms between 8pm and 9pm. Mostly clear, with a low around 73. Southwest wind around 5 mph. Chance of precipitation is 40%."
4,2026-06-21T05:48:51Z,KATL,Monday,2026-06-22T06:00:00-04:00,1,89.0,Mostly Sunny then Showers And Thunderstorms Likely,"Showers and thunderstorms likely between 2pm and 5pm, then showers and thunderstorms likely. Mostly sunny, with a high near 89. Southwest wind 5 to 15 mph, with gusts as high as 25 mph. Chance of precipitation is 60%."
5,2026-06-21T05:48:51Z,KATL,Monday Night,2026-06-22T18:00:00-04:00,0,73.0,Showers And Thunderstorms Likely,"Showers and thunderstorms likely before 8pm, then showers and thunderstorms likely between 8pm and 2am, then a slight chance of showers and thunderstorms. Partly cloudy, with a low around 73. West wind 5 to 10 mph, with gusts as high as 25 mph. Chance of precipitation is 60%."
6,2026-06-21T05:48:51Z,KATL,Tuesday,2026-06-23T06:00:00-04:00,1,87.0,Showers And Thunderstorms Likely,"A slight chance of rain showers before 11am, then showers and thunderstorms likely. Partly sunny, with a high near 87. Chance of precipitation is 60%."
7,2026-06-21T05:48:51Z,KATL,Tuesday Night,2026-06-23T18:00:00-04:00,0,70.0,Showers And Thunderstorms Likely,"Showers and thunderstorms likely before 2am. Partly cloudy, with a low around 70. Chance of precipitation is 60%."
8,2026-06-21T05:48:51Z,KATL,Wednesday,2026-06-24T06:00:00-04:00,1,87.0,Mostly Sunny then Chance Showers And Thunderstorms,"A chance of showers and thunderstorms after 2pm. Mostly sunny, with a high near 87. Chance of precipitation is 40%."
9,2026-06-21T05:48:51Z,KATL,Wednesday Night,2026-06-24T18:00:00-04:00,0,70.0,Chance Showers And Thunderstorms,"A chance of showers and thunderstorms before 2am. Partly cloudy, with a low around 70. Chance of precipitation is 40%."
10,2026-06-21T05:48:51Z,KATL,Thursday,2026-06-25T06:00:00-04:00,1,87.0,Mostly Sunny then Chance Showers And Thunderstorms,"A chance of showers and thunderstorms after 2pm. Mostly sunny, with a high near 87. Chance of precipitation is 30%."
11,2026-06-21T05:48:51Z,KATL,Thursday Night,2026-06-25T18:00:00-04:00,0,70.0,Chance Showers And Thunderstorms,"A chance of showers and thunderstorms before 2am. Partly cloudy, with a low around 70. Chance of precipitation is 30%."
12,2026-06-21T05:48:51Z,KATL,Friday,2026-06-26T06:00:00-04:00,1,87.0,Partly Sunny then Chance Showers And Thunderstorms,"A chance of showers and thunderstorms after 2pm. Partly sunny, with a high near 87. Chance of precipitation is 30%."
13,2026-06-21T05:48:51Z,KATL,Friday Night,2026-06-26T18:00:00-04:00,0,71.0,Chance Showers And Thunderstorms then Partly Cloudy,"A chance of showers and thunderstorms before 8pm. Partly cloudy, with a low around 71. Chance of precipitation is 30%."
14,2026-06-21T05:48:51Z,KATL,Saturday,2026-06-27T06:00:00-04:00,1,88.0,Chance Showers And Thunderstorms,"A chance of showers and thunderstorms after 8am. Mostly sunny, with a high near 88."
15,2026-06-21T05:48:51Z,KAUS,Overnight,2026-06-21T00:00:00-05:00,0,77.0,Partly Cloudy,"Partly cloudy, with a low around 77. South southeast wind around 5 mph. New rainfall amounts less than a tenth of an inch possible."
16,2026-06-21T05:48:51Z,KAUS,Sunday,2026-06-21T06:00:00-05:00,1,91.0,Chance Showers And Thunderstorms,"A slight chance of rain showers between 7am and 10am, then a chance of showers and thunderstorms between 10am and 1pm, then a slight chance of showers and thunderstorms between 1pm and 4pm. Partly sunny, with a high near 91. Heat index values as high as 102. South wind 5 to 15 mph, with gusts as high as 25 mph. Chance of precipitation is 30%. New rainfall amounts less than a tenth of an inch possible."
17,2026-06-21T05:48:51Z,KAUS,Sunday Night,2026-06-21T18:00:00-05:00,0,79.0,Partly Cloudy,"Partly cloudy, with a low around 79. Heat index values as high as 103. South wind 10 to 15 mph, with gusts as high as 25 mph."
18,2026-06-21T05:48:51Z,KAUS,Monday,2026-06-22T06:00:00-05:00,1,95.0,Mostly Sunny,"Mostly sunny, with a high near 95. Heat index values as high as 107. South wind 10 to 15 mph, with gusts as high as 25 mph."
19,2026-06-21T05:48:51Z,KAUS,Monday Night,2026-06-22T18:00:00-05:00,0,79.0,Partly Cloudy,"Partly cloudy, with a low around 79. South wind 10 to 15 mph, with gusts as high as 25 mph."
20,2026-06-21T05:48:51Z,KAUS,Tuesday,2026-06-23T06:00:00-05:00,1,95.0,Mostly Sunny,"Mostly sunny, with a high near 95. South wind 5 to 10 mph, with gusts as high as 20 mph."
21,2026-06-21T05:48:51Z,KAUS,Tuesday Night,2026-06-23T18:00:00-05:00,0,77.0,Mostly Clear,"Mostly clear, with a low around 77. South wind 5 to 10 mph, with gusts as high as 20 mph."
22,2026-06-21T05:48:51Z,KAUS,Wednesday,2026-06-24T06:00:00-05:00,1,96.0,Sunny,"Sunny, with a high near 96. South wind 5 to 10 mph, with gusts as high as 25 mph."
23,2026-06-21T05:48:51Z,KAUS,Wednesday Night,2026-06-24T18:00:00-05:00,0,75.0,Mostly Clear,"Mostly clear, with a low around 75. South wind 10 to 15 mph, with gusts as high as 25 mph."
24,2026-06-21T05:48:51Z,KAUS,Thursday,2026-06-25T06:00:00-05:00,1,96.0,Mostly Sunny,"Mostly sunny, with a high near 96."
25,2026-06-21T05:48:51Z,KAUS,Thursday Night,2026-06-25T18:00:00-05:00,0,76.0,Partly Cloudy,"Partly cloudy, with a low around 76."
26,2026-06-21T05:48:51Z,KAUS,Friday,2026-06-26T06:00:00-05:00,1,97.0,Mostly Sunny,"Mostly sunny, with a high near 97."
27,2026-06-21T05:48:51Z,KAUS,Friday Night,2026-06-26T18:00:00-05:00,0,77.0,Partly Cloudy,"Partly cloudy, with a low around 77."
28,2026-06-21T05:48:51Z,KAUS,Saturday,2026-06-27T06:00:00-05:00,1,98.0,Mostly Sunny,"Mostly sunny, with a high near 98."
29,2026-06-21T05:48:51Z,KBOS,Tonight,2026-06-20T22:00:00-04:00,0,61.0,Mostly Clear,"Mostly clear, with a low around 61. West wind around 6 mph."
30,2026-06-21T05:48:51Z,KBOS,Sunday,2026-06-21T06:00:00-04:00,1,80.0,Sunny then Slight Chance Showers And Thunderstorms,"A slight chance of showers and thunderstorms between 2pm and 3pm, then a chance of showers and thunderstorms. Sunny, with a high near 80. West wind around 7 mph. Chance of precipitation is 30%. New rainfall amounts less than a tenth of an inch possible."
31,2026-06-21T05:48:51Z,KBOS,Sunday Night,2026-06-21T18:00:00-04:00,0,62.0,Chance Showers And Thunderstorms then Partly Cloudy,"A chance of showers and thunderstorms before 7pm, then a slight chance of showers and thunderstorms between 7pm and 8pm. Partly cloudy, with a low around 62. Northwest wind around 3 mph. Chance of precipitation is 30%. New rainfall amounts less than a tenth of an inch possible."
32,2026-06-21T05:48:51Z,KBOS,Monday,2026-06-22T06:00:00-04:00,1,81.0,Partly Sunny then Chance Rain Showers,"A chance of rain showers after 1pm. Partly sunny, with a high near 81. Southwest wind 1 to 8 mph. Chance of precipitation is 50%. New rainfall amounts between a quarter and half of an inch possible."
33,2026-06-21T05:48:51Z,KBOS,Monday Night,2026-06-22T18:00:00-04:00,0,62.0,Showers And Thunderstorms,"Rain showers likely before 8pm, then showers and thunderstorms. Cloudy, with a low around 62. Southeast wind around 9 mph. Chance of precipitation is 100%."
34,2026-06-21T05:48:51Z,KBOS,Tuesday,2026-06-23T06:00:00-04:00,1,79.0,Showers And Thunderstorms,"Showers and thunderstorms before 2pm, then a slight chance of showers and thunderstorms between 2pm and 5pm. Mostly cloudy, with a high near 79. Northeast wind around 8 mph. Chance of precipitation is 90%."
35,2026-06-21T05:48:51Z,KBOS,Tuesday Night,2026-06-23T18:00:00-04:00,0,63.0,Partly Cloudy,"Partly cloudy, with a low around 63. Northwest wind around 6 mph."
36,2026-06-21T05:48:51Z,KBOS,Wednesday,2026-06-24T06:00:00-04:00,1,84.0,Sunny,"Sunny, with a high near 84. Northeast wind 3 to 7 mph."
37,2026-06-21T05:48:51Z,KBOS,Wednesday Night,2026-06-24T18:00:00-04:00,0,64.0,Mostly Clear,"Mostly clear, with a low around 64. South wind 3 to 7 mph."
38,2026-06-21T05:48:51Z,KBOS,Thursday,2026-06-25T06:00:00-04:00,1,84.0,Sunny then Slight Chance Rain Showers,"A slight chance of rain showers after 4pm. Sunny, with a high near 84. South wind 2 to 10 mph."
39,2026-06-21T05:48:51Z,KBOS,Thursday Night,2026-06-25T18:00:00-04:00,0,65.0,Chance Rain Showers,"A chance of rain showers. Partly cloudy, with a low around 65. South wind 5 to 10 mph. Chance of precipitation is 30%."
40,2026-06-21T05:48:51Z,KBOS,Friday,2026-06-26T06:00:00-04:00,1,84.0,Chance Rain Showers,"A chance of rain showers before 2pm, then a chance of showers and thunderstorms. Partly sunny, with a high near 84. South wind 5 to 9 mph. Chance of precipitation is 40%."
41,2026-06-21T05:48:51Z,KBOS,Friday Night,2026-06-26T18:00:00-04:00,0,65.0,Chance Showers And Thunderstorms,"A chance of showers and thunderstorms before 4am. Mostly cloudy, with a low around 65. South wind 5 to 8 mph. Chance of precipitation is 40%."
42,2026-06-21T05:48:51Z,KBOS,Saturday,2026-06-27T06:00:00-04:00,1,87.0,Mostly Sunny then Slight Chance Showers And Thunderstorms,"A slight chance of rain showers between 1pm and 2pm, then a slight chance of showers and thunderstorms. Mostly sunny, with a high near 87. Southwest wind 5 to 8 mph."
43,2026-06-21T05:48:51Z,KMDW,Tonight,2026-06-20T21:00:00-05:00,0,60.0,Partly Cloudy,"Partly cloudy, with a low around 60. South southeast wind 0 to 5 mph."
44,2026-06-21T05:48:51Z,KMDW,Sunday,2026-06-21T06:00:00-05:00,1,72.0,Rain Showers,"Rain showers after 11am. Mostly cloudy. High near 72, with temperatures falling to around 64 in the afternoon. East wind 5 to 15 mph, with gusts as high as 30 mph. Chance of precipitation is 80%. New rainfall amounts between a half and three quarters of an inch possible."
45,2026-06-21T05:48:51Z,KMDW,Sunday Night,2026-06-21T18:00:00-05:00,0,59.0,Showers And Thunderstorms,"Showers and thunderstorms. Cloudy, with a low around 59. Northeast wind around 15 mph, with gusts as high as 30 mph. Chance of precipitation is 90%. New rainfall amounts between 1 and 2 inches possible."
46,2026-06-21T05:48:51Z,KMDW,Monday,2026-06-22T06:00:00-05:00,1,71.0,Slight Chance Rain Showers then Partly Sunny,"A slight chance of rain showers before 10am. Partly sunny, with a high near 71. North northeast wind around 15 mph, with gusts as high as 25 mph. Chance of precipitation is 20%."
47,2026-06-21T05:48:51Z,KMDW,Monday Night,2026-06-22T18:00:00-05:00,0,56.0,Mostly Clear,"Mostly clear, with a low around 56. North wind 5 to 15 mph."
48,2026-06-21T05:48:51Z,KMDW,Tuesday,2026-06-23T06:00:00-05:00,1,75.0,Mostly Sunny,"Mostly sunny, with a high near 75."
49,2026-06-21T05:48:51Z,KMDW,Tuesday Night,2026-06-23T18:00:00-05:00,0,60.0,Partly Cloudy then Chance Showers And Thunderstorms,"A chance of showers and thunderstorms after 1am. Partly cloudy, with a low around 60."
50,2026-06-21T05:48:51Z,KMDW,Wednesday,2026-06-24T06:00:00-05:00,1,77.0,Showers And Thunderstorms Likely,"Showers and thunderstorms likely. Mostly sunny, with a high near 77."
51,2026-06-21T05:48:51Z,KMDW,Wednesday Night,2026-06-24T18:00:00-05:00,0,60.0,Showers And Thunderstorms Likely then Slight Chance Showers And Thunderstorms,"Showers and thunderstorms likely before 7pm, then a slight chance of showers and thunderstorms between 7pm and 1am. Partly cloudy, with a low around 60."
52,2026-06-21T05:48:51Z,KMDW,Thursday,2026-06-25T06:00:00-05:00,1,76.0,Mostly Sunny then Slight Chance Showers And Thunderstorms,"A slight chance of showers and thunderstorms after 1pm. Mostly sunny, with a high near 76."
53,2026-06-21T05:48:51Z,KMDW,Thursday Night,2026-06-25T18:00:00-05:00,0,60.0,Slight Chance Showers And Thunderstorms then Partly Cloudy,"A slight chance of showers and thunderstorms before 7pm. Partly cloudy, with a low around 60."
54,2026-06-21T05:48:51Z,KMDW,Friday,2026-06-26T06:00:00-05:00,1,77.0,Mostly Sunny,"Mostly sunny, with a high near 77."
55,2026-06-21T05:48:51Z,KMDW,Friday Night,2026-06-26T18:00:00-05:00,0,62.0,Slight Chance Showers And Thunderstorms,"A slight chance of showers and thunderstorms after 7pm. Partly cloudy, with a low around 62."
56,2026-06-21T05:48:51Z,KMDW,Saturday,2026-06-27T06:00:00-05:00,1,82.0,Slight Chance Rain Showers then Slight Chance Showers And Thunderstorms,"A slight chance of rain showers before 1pm, then a slight chance of showers and thunderstorms. Mostly sunny, with a high near 82."
57,2026-06-21T05:48:51Z,KDFW,Tonight,2026-06-20T18:00:00-05:00,0,76.0,Slight Chance Showers And Thunderstorms then Mostly Clear,"A slight chance of showers and thunderstorms before 7pm. Mostly clear, with a low around 76. Heat index values as high as 98. South southeast wind around 10 mph. Chance of precipitation is 20%."
58,2026-06-21T05:48:51Z,KDFW,Sunday,2026-06-21T06:00:00-05:00,1,94.0,Mostly Sunny,"Mostly sunny, with a high near 94. Heat index values as high as 102. South wind 10 to 15 mph, with gusts as high as 30 mph."
59,2026-06-21T05:48:51Z,KDFW,Sunday Night,2026-06-21T18:00:00-05:00,0,79.0,Partly Cloudy then Slight Chance Showers And Thunderstorms,"A slight chance of rain showers between 1am and 4am, then a slight chance of showers and thunderstorms. Partly cloudy, with a low around 79. Heat index values as high as 101. South wind 10 to 15 mph, with gusts as high as 30 mph. Chance of precipitation is 20%."
60,2026-06-21T05:48:51Z,KDFW,Monday,2026-06-22T06:00:00-05:00,1,94.0,Slight Chance Showers And Thunderstorms,"A slight chance of showers and thunderstorms before 1pm. Partly sunny, with a high near 94. Heat index values as high as 101. South wind 10 to 15 mph, with gusts as high as 25 mph. Chance of precipitation is 20%. New rainfall amounts less than a tenth of an inch possible."
61,2026-06-21T05:48:51Z,KDFW,Monday Night,2026-06-22T18:00:00-05:00,0,78.0,Partly Cloudy,"Partly cloudy, with a low around 78. South wind 10 to 15 mph, with gusts as high as 25 mph."
62,2026-06-21T05:48:51Z,KDFW,Tuesday,2026-06-23T06:00:00-05:00,1,97.0,Mostly Sunny,"Mostly sunny, with a high near 97. South wind around 10 mph."
63,2026-06-21T05:48:51Z,KDFW,Tuesday Night,2026-06-23T18:00:00-05:00,0,78.0,Partly Cloudy then Slight Chance Showers And Thunderstorms,"A slight chance of showers and thunderstorms after 1am. Partly cloudy, with a low around 78. South wind 5 to 10 mph. Chance of precipitation is 20%."
64,2026-06-21T05:48:51Z,KDFW,Wednesday,2026-06-24T06:00:00-05:00,1,94.0,Chance Showers And Thunderstorms,"A chance of showers and thunderstorms. Mostly sunny, with a high near 94. South southwest wind around 5 mph. Chance of precipitation is 30%."
65,2026-06-21T05:48:51Z,KDFW,Wednesday Night,2026-06-24T18:00:00-05:00,0,76.0,Chance Showers And Thunderstorms,"A chance of showers and thunderstorms. Partly cloudy, with a low around 76. South southeast wind 5 to 10 mph. Chance of precipitation is 30%."
66,2026-06-21T05:48:51Z,KDFW,Thursday,2026-06-25T06:00:00-05:00,1,94.0,Chance Showers And Thunderstorms then Mostly Sunny,"A chance of showers and thunderstorms before 7am. Mostly sunny, with a high near 94. Chance of precipitation is 30%."
67,2026-06-21T05:48:51Z,KDFW,Thursday Night,2026-06-25T18:00:00-05:00,0,77.0,Partly Cloudy,"Partly cloudy, with a low around 77."
68,2026-06-21T05:48:51Z,KDFW,Friday,2026-06-26T06:00:00-05:00,1,96.0,Mostly Sunny,"Mostly sunny, with a high near 96."
69,2026-06-21T05:48:51Z,KDFW,Friday Night,2026-06-26T18:00:00-05:00,0,78.0,Partly Cloudy,"Partly cloudy, with a low around 78."
70,2026-06-21T05:48:51Z,KDFW,Saturday,2026-06-27T06:00:00-05:00,1,98.0,Mostly Sunny,"Mostly sunny, with a high near 98."
71,2026-06-21T05:48:51Z,KDEN,Tonight,2026-06-20T18:00:00-06:00,0,58.0,Partly Cloudy,"Partly cloudy. Low around 58, with temperatures rising to around 62 overnight. West northwest wind 5 to 14 mph, with gusts as high as 22 mph."
72,2026-06-21T05:48:51Z,KDEN,Sunday,2026-06-21T06:00:00-06:00,1,90.0,Sunny,"Sunny. High near 90, with temperatures falling to around 85 in the afternoon. West northwest wind 3 to 15 mph, with gusts as high as 24 mph."
73,2026-06-21T05:48:51Z,KDEN,Sunday Night,2026-06-21T18:00:00-06:00,0,54.0,Mostly Clear,"Mostly clear. Low around 54, with temperatures rising to around 58 overnight. Northeast wind 3 to 16 mph, with gusts as high as 25 mph."
74,2026-06-21T05:48:51Z,KDEN,Monday,2026-06-22T06:00:00-06:00,1,88.0,Sunny then Chance Showers And Thunderstorms,"A chance of showers and thunderstorms between noon and 3pm, then a chance of showers and thunderstorms. Sunny, with a high near 88. East southeast wind 7 to 10 mph, with gusts as high as 20 mph. Chance of precipitation is 30%."
75,2026-06-21T05:48:51Z,KDEN,Monday Night,2026-06-22T18:00:00-06:00,0,55.0,Mostly Clear,"Mostly clear, with a low around 55. South southeast wind 7 to 12 mph, with gusts as high as 21 mph."
76,2026-06-21T05:48:51Z,KDEN,Tuesday,2026-06-23T06:00:00-06:00,1,79.0,Mostly Sunny then Slight Chance Showers And Thunderstorms,"A slight chance of showers and thunderstorms after noon. Mostly sunny, with a high near 79. Chance of precipitation is 20%."
77,2026-06-21T05:48:51Z,KDEN,Tuesday Night,2026-06-23T18:00:00-06:00,0,55.0,Chance Showers And Thunderstorms then Partly Cloudy,"A chance of showers and thunderstorms before midnight. Partly cloudy, with a low around 55."
78,2026-06-21T05:48:51Z,KDEN,Wednesday,2026-06-24T06:00:00-06:00,1,85.0,Mostly Sunny then Slight Chance Showers And Thunderstorms,"A slight chance of showers and thunderstorms after noon. Mostly sunny, with a high near 85."
79,2026-06-21T05:48:51Z,KDEN,Wednesday Night,2026-06-24T18:00:00-06:00,0,56.0,Chance Showers And Thunderstorms then Partly Cloudy,"A chance of showers and thunderstorms before midnight. Partly cloudy, with a low around 56."
80,2026-06-21T05:48:51Z,KDEN,Thursday,2026-06-25T06:00:00-06:00,1,86.0,Mostly Sunny then Chance Showers And Thunderstorms,"A chance of showers and thunderstorms after noon. Mostly sunny, with a high near 86."
81,2026-06-21T05:48:51Z,KDEN,Thursday Night,2026-06-25T18:00:00-06:00,0,57.0,Chance Showers And Thunderstorms then Partly Cloudy,"A chance of showers and thunderstorms before midnight. Partly cloudy, with a low around 57."
82,2026-06-21T05:48:51Z,KDEN,Friday,2026-06-26T06:00:00-06:00,1,91.0,Mostly Sunny then Slight Chance Showers And Thunderstorms,"A slight chance of showers and thunderstorms after noon. Mostly sunny, with a high near 91."
83,2026-06-21T05:48:51Z,KDEN,Friday Night,2026-06-26T18:00:00-06:00,0,59.0,Partly Cloudy,"Partly cloudy, with a low around 59."
84,2026-06-21T05:48:51Z,KDEN,Saturday,2026-06-27T06:00:00-06:00,1,95.0,Sunny,"Sunny, with a high near 95."
85,2026-06-21T05:48:51Z,KIAH,Overnight,2026-06-21T00:00:00-05:00,0,78.0,Slight Chance Showers And Thunderstorms,"A slight chance of showers and thunderstorms after 5am. Partly cloudy, with a low around 78. Southeast wind around 5 mph. Chance of precipitation is 20%. New rainfall amounts between a tenth and quarter of an inch possible."
86,2026-06-21T05:48:51Z,KIAH,Sunday,2026-06-21T06:00:00-05:00,1,91.0,Chance Showers And Thunderstorms,"A chance of showers and thunderstorms before 4pm. Partly sunny, with a high near 91. Heat index values as high as 106. South wind 5 to 15 mph, with gusts as high as 20 mph. Chance of precipitation is 50%. New rainfall amounts between a quarter and half of an inch possible."
87,2026-06-21T05:48:51Z,KIAH,Sunday Night,2026-06-21T18:00:00-05:00,0,80.0,Partly Cloudy,"Partly cloudy, with a low around 80. Heat index values as high as 104. South wind 10 to 15 mph, with gusts as high as 20 mph. New rainfall amounts less than a tenth of an inch possible."
88,2026-06-21T05:48:51Z,KIAH,Monday,2026-06-22T06:00:00-05:00,1,94.0,Mostly Sunny,"Mostly sunny, with a high near 94. Heat index values as high as 107. South wind around 10 mph, with gusts as high as 20 mph."
89,2026-06-21T05:48:51Z,KIAH,Monday Night,2026-06-22T18:00:00-05:00,0,80.0,Partly Cloudy,"Partly cloudy, with a low around 80. South wind 5 to 10 mph."
90,2026-06-21T05:48:51Z,KIAH,Tuesday,2026-06-23T06:00:00-05:00,1,95.0,Mostly Sunny,"Mostly sunny, with a high near 95."
91,2026-06-21T05:48:51Z,KIAH,Tuesday Night,2026-06-23T18:00:00-05:00,0,78.0,Mostly Clear,"Mostly clear, with a low around 78."
92,2026-06-21T05:48:51Z,KIAH,Wednesday,2026-06-24T06:00:00-05:00,1,95.0,Sunny,"Sunny, with a high near 95."
93,2026-06-21T05:48:51Z,KIAH,Wednesday Night,2026-06-24T18:00:00-05:00,0,76.0,Mostly Clear,"Mostly clear, with a low around 76."
94,2026-06-21T05:48:51Z,KIAH,Thursday,2026-06-25T06:00:00-05:00,1,94.0,Mostly Sunny,"Mostly sunny, with a high near 94."
95,2026-06-21T05:48:51Z,KIAH,Thursday Night,2026-06-25T18:00:00-05:00,0,77.0,Partly Cloudy,"Partly cloudy, with a low around 77."
96,2026-06-21T05:48:51Z,KIAH,Friday,2026-06-26T06:00:00-05:00,1,94.0,Mostly Sunny,"Mostly sunny, with a high near 94."
97,2026-06-21T05:48:51Z,KIAH,Friday Night,2026-06-26T18:00:00-05:00,0,78.0,Mostly Clear,"Mostly clear, with a low around 78."
98,2026-06-21T05:48:51Z,KIAH,Saturday,2026-06-27T06:00:00-05:00,1,94.0,Mostly Sunny,"Mostly sunny, with a high near 94."
99,2026-06-21T05:48:51Z,KLAS,Tonight,2026-06-20T22:00:00-07:00,0,75.0,Clear,"Clear. Low around 75, with temperatures rising to around 77 overnight. Southwest wind 6 to 10 mph."
100,2026-06-21T05:48:51Z,KLAS,Sunday,2026-06-21T06:00:00-07:00,1,104.0,Sunny,"Sunny, with a high near 104. Southeast wind 2 to 9 mph."
101,2026-06-21T05:48:51Z,KLAS,Sunday Night,2026-06-21T18:00:00-07:00,0,76.0,Mostly Clear,"Mostly clear. Low around 76, with temperatures rising to around 78 overnight. South southwest wind 5 to 10 mph."
102,2026-06-21T05:48:51Z,KLAS,Monday,2026-06-22T06:00:00-07:00,1,106.0,Sunny,"Sunny, with a high near 106. East southeast wind 1 to 9 mph."
103,2026-06-21T05:48:51Z,KLAS,Monday Night,2026-06-22T18:00:00-07:00,0,79.0,Clear,"Clear, with a low around 79. South southwest wind 3 to 10 mph."
104,2026-06-21T05:48:51Z,KLAS,Tuesday,2026-06-23T06:00:00-07:00,1,109.0,Sunny,"Sunny, with a high near 109."
105,2026-06-21T05:48:51Z,KLAS,Tuesday Night,2026-06-23T18:00:00-07:00,0,83.0,Slight Chance Showers And Thunderstorms,"A slight chance of showers and thunderstorms after 11pm. Mostly clear, with a low around 83."
106,2026-06-21T05:48:51Z,KLAS,Wednesday,2026-06-24T06:00:00-07:00,1,109.0,Slight Chance Showers And Thunderstorms,"A slight chance of rain showers before 11am, then a slight chance of showers and thunderstorms between 11am and 5pm. Sunny, with a high near 109."
107,2026-06-21T05:48:51Z,KLAS,Wednesday Night,2026-06-24T18:00:00-07:00,0,84.0,Mostly Clear,"Mostly clear, with a low around 84."
108,2026-06-21T05:48:51Z,KLAS,Thursday,2026-06-25T06:00:00-07:00,1,109.0,Sunny,"Sunny, with a high near 109."
109,2026-06-21T05:48:51Z,KLAS,Thursday Night,2026-06-25T18:00:00-07:00,0,84.0,Clear,"Clear, with a low around 84."
110,2026-06-21T05:48:51Z,KLAS,Friday,2026-06-26T06:00:00-07:00,1,108.0,Sunny,"Sunny, with a high near 108."
111,2026-06-21T05:48:51Z,KLAS,Friday Night,2026-06-26T18:00:00-07:00,0,80.0,Clear,"Clear, with a low around 80."
112,2026-06-21T05:48:51Z,KLAS,Saturday,2026-06-27T06:00:00-07:00,1,105.0,Sunny,"Sunny, with a high near 105."
113,2026-06-21T05:48:51Z,KLAX,Tonight,2026-06-20T18:00:00-07:00,0,60.0,Mostly Cloudy,"Mostly cloudy, with a low around 60. West southwest wind 0 to 15 mph, with gusts as high as 20 mph."
114,2026-06-21T05:48:51Z,KLAX,Sunday,2026-06-21T06:00:00-07:00,1,69.0,Partly Sunny then Patchy Fog,"Patchy fog after 5pm. Partly sunny, with a high near 69. Southwest wind 0 to 15 mph."
115,2026-06-21T05:48:51Z,KLAX,Sunday Night,2026-06-21T18:00:00-07:00,0,60.0,Patchy Fog,"Patchy fog. Mostly cloudy, with a low around 60. Southwest wind 5 to 10 mph."
116,2026-06-21T05:48:51Z,KLAX,Monday,2026-06-22T06:00:00-07:00,1,70.0,Patchy Fog then Mostly Sunny,"Patchy fog before 11am. Mostly sunny, with a high near 70. Southwest wind 5 to 15 mph."
117,2026-06-21T05:48:51Z,KLAX,Monday Night,2026-06-22T18:00:00-07:00,0,61.0,Patchy Fog,"Patchy fog after 11pm. Mostly cloudy, with a low around 61. Southwest wind 0 to 10 mph."
118,2026-06-21T05:48:51Z,KLAX,Tuesday,2026-06-23T06:00:00-07:00,1,72.0,Patchy Fog then Mostly Sunny,"Patchy fog before 11am. Mostly sunny, with a high near 72."
119,2026-06-21T05:48:51Z,KLAX,Tuesday Night,2026-06-23T18:00:00-07:00,0,61.0,Partly Cloudy then Slight Chance Rain Showers,"A slight chance of rain showers after 5am. Partly cloudy, with a low around 61."
120,2026-06-21T05:48:51Z,KLAX,Wednesday,2026-06-24T06:00:00-07:00,1,70.0,Slight Chance Rain Showers then Mostly Sunny,"A slight chance of rain showers before 11am. Mostly sunny, with a high near 70."
121,2026-06-21T05:48:51Z,KLAX,Wednesday Night,2026-06-24T18:00:00-07:00,0,62.0,Partly Cloudy,"Partly cloudy, with a low around 62."
122,2026-06-21T05:48:51Z,KLAX,Thursday,2026-06-25T06:00:00-07:00,1,70.0,Mostly Sunny,"Mostly sunny, with a high near 70."
123,2026-06-21T05:48:51Z,KLAX,Thursday Night,2026-06-25T18:00:00-07:00,0,61.0,Partly Cloudy,"Partly cloudy, with a low around 61."
124,2026-06-21T05:48:51Z,KLAX,Friday,2026-06-26T06:00:00-07:00,1,70.0,Mostly Sunny,"Mostly sunny, with a high near 70."
125,2026-06-21T05:48:51Z,KLAX,Friday Night,2026-06-26T18:00:00-07:00,0,61.0,Partly Cloudy,"Partly cloudy, with a low around 61."
126,2026-06-21T05:48:51Z,KLAX,Saturday,2026-06-27T06:00:00-07:00,1,70.0,Mostly Sunny,"Mostly sunny, with a high near 70."
127,2026-06-21T05:48:51Z,KMIA,Overnight,2026-06-21T00:00:00-04:00,0,78.0,Patchy Smoke,"Patchy smoke and a chance of showers and thunderstorms before 1am, then patchy smoke and a slight chance of showers and thunderstorms between 1am and 4am. Partly cloudy, with a low around 78. Wind around 0 mph. Chance of precipitation is 30%. New rainfall amounts between a tenth and quarter of an inch possible."
128,2026-06-21T05:48:51Z,KMIA,Sunday,2026-06-21T06:00:00-04:00,1,93.0,Mostly Sunny then Showers And Thunderstorms Likely,"Showers and thunderstorms likely after 2pm. Mostly sunny, with a high near 93. Heat index values as high as 105. South wind 0 to 7 mph. Chance of precipitation is 60%. New rainfall amounts between a quarter and half of an inch possible."
129,2026-06-21T05:48:51Z,KMIA,Sunday Night,2026-06-21T18:00:00-04:00,0,79.0,Patchy Smoke then Partly Cloudy,"Patchy smoke and a chance of showers and thunderstorms before midnight. Partly cloudy, with a low around 79. South wind 0 to 7 mph. Chance of precipitation is 40%. New rainfall amounts between a quarter and half of an inch possible."
130,2026-06-21T05:48:51Z,KMIA,Monday,2026-06-22T06:00:00-04:00,1,93.0,Mostly Sunny then Slight Chance Showers And Thunderstorms,"A slight chance of showers and thunderstorms after 2pm. Mostly sunny, with a high near 93. Heat index values as high as 103. Southeast wind 0 to 9 mph. Chance of precipitation is 20%."
131,2026-06-21T05:48:51Z,KMIA,Monday Night,2026-06-22T18:00:00-04:00,0,80.0,Slight Chance Showers And Thunderstorms then Partly Cloudy,"A slight chance of showers and thunderstorms before 8pm. Partly cloudy, with a low around 80. Southeast wind 0 to 9 mph. Chance of precipitation is 20%."
132,2026-06-21T05:48:51Z,KMIA,Tuesday,2026-06-23T06:00:00-04:00,1,93.0,Mostly Sunny then Chance Showers And Thunderstorms,"A chance of showers and thunderstorms after 2pm. Mostly sunny, with a high near 93. Southeast wind 0 to 8 mph. Chance of precipitation is 40%."
133,2026-06-21T05:48:51Z,KMIA,Tuesday Night,2026-06-23T18:00:00-04:00,0,79.0,Chance Showers And Thunderstorms then Mostly Cloudy,"A chance of showers and thunderstorms before 8pm. Mostly cloudy, with a low around 79. Southeast wind 0 to 8 mph. Chance of precipitation is 40%."
134,2026-06-21T05:48:51Z,KMIA,Wednesday,2026-06-24T06:00:00-04:00,1,93.0,Mostly Sunny then Chance Showers And Thunderstorms,"A chance of showers and thunderstorms after 2pm. Mostly sunny, with a high near 93. Southeast wind 0 to 9 mph. Chance of precipitation is 40%."
135,2026-06-21T05:48:51Z,KMIA,Wednesday Night,2026-06-24T18:00:00-04:00,0,79.0,Chance Showers And Thunderstorms,"A chance of showers and thunderstorms before 2am. Partly cloudy, with a low around 79. Southeast wind 0 to 9 mph. Chance of precipitation is 40%."
136,2026-06-21T05:48:51Z,KMIA,Thursday,2026-06-25T06:00:00-04:00,1,92.0,Chance Showers And Thunderstorms,"A chance of showers and thunderstorms after 8am. Mostly sunny, with a high near 92. Chance of precipitation is 30%."
137,2026-06-21T05:48:51Z,KMIA,Thursday Night,2026-06-25T18:00:00-04:00,0,80.0,Chance Showers And Thunderstorms then Partly Cloudy,"A chance of showers and thunderstorms before 8pm. Partly cloudy, with a low around 80. Chance of precipitation is 30%."
138,2026-06-21T05:48:51Z,KMIA,Friday,2026-06-26T06:00:00-04:00,1,93.0,Mostly Sunny then Chance Showers And Thunderstorms,"A chance of showers and thunderstorms after 2pm. Mostly sunny, with a high near 93. Chance of precipitation is 30%."
139,2026-06-21T05:48:51Z,KMIA,Friday Night,2026-06-26T18:00:00-04:00,0,80.0,Chance Showers And Thunderstorms then Partly Cloudy,"A chance of showers and thunderstorms before 8pm. Partly cloudy, with a low around 80. Chance of precipitation is 30%."
140,2026-06-21T05:48:51Z,KMIA,Saturday,2026-06-27T06:00:00-04:00,1,94.0,Mostly Sunny then Chance Showers And Thunderstorms,"A chance of showers and thunderstorms after 2pm. Mostly sunny, with a high near 94."
141,2026-06-21T05:48:51Z,KMSP,Overnight,2026-06-21T00:00:00-05:00,0,55.0,Mostly Cloudy,"Mostly cloudy, with a low around 55. East wind 0 to 5 mph."
142,2026-06-21T05:48:51Z,KMSP,Sunday,2026-06-21T06:00:00-05:00,1,75.0,Partly Sunny,"Partly sunny, with a high near 75. East wind 5 to 10 mph."
143,2026-06-21T05:48:51Z,KMSP,Sunday Night,2026-06-21T18:00:00-05:00,0,55.0,Partly Cloudy,"Partly cloudy, with a low around 55. Northeast wind 5 to 10 mph."
144,2026-06-21T05:48:51Z,KMSP,Monday,2026-06-22T06:00:00-05:00,1,77.0,Sunny,"Sunny, with a high near 77. Northeast wind around 5 mph."
145,2026-06-21T05:48:51Z,KMSP,Monday Night,2026-06-22T18:00:00-05:00,0,56.0,Mostly Cloudy,"Mostly cloudy, with a low around 56. East wind 5 to 10 mph."
146,2026-06-21T05:48:51Z,KMSP,Tuesday,2026-06-23T06:00:00-05:00,1,74.0,Showers And Thunderstorms,"A chance of rain showers between 7am and 1pm, then showers and thunderstorms. Partly sunny. High near 74, with temperatures falling to around 70 in the afternoon. South wind 5 to 10 mph. Chance of precipitation is 80%. New rainfall amounts between a tenth and quarter of an inch possible."
147,2026-06-21T05:48:51Z,KMSP,Tuesday Night,2026-06-23T18:00:00-05:00,0,55.0,Showers And Thunderstorms,"Showers and thunderstorms. Mostly cloudy, with a low around 55. Southwest wind 5 to 10 mph. Chance of precipitation is 80%. New rainfall amounts between a quarter and half of an inch possible."
148,2026-06-21T05:48:51Z,KMSP,Wednesday,2026-06-24T06:00:00-05:00,1,72.0,Chance Rain Showers then Chance Showers And Thunderstorms,"A chance of rain showers before 1pm, then a chance of showers and thunderstorms. Mostly sunny, with a high near 72. Northwest wind 5 to 10 mph. Chance of precipitation is 30%."
149,2026-06-21T05:48:51Z,KMSP,Wednesday Night,2026-06-24T18:00:00-05:00,0,54.0,Chance Showers And Thunderstorms,"A chance of showers and thunderstorms before 1am. Partly cloudy, with a low around 54. North wind 0 to 10 mph. Chance of precipitation is 30%."
150,2026-06-21T05:48:51Z,KMSP,Thursday,2026-06-25T06:00:00-05:00,1,75.0,Mostly Sunny,"Mostly sunny, with a high near 75. North northwest wind 0 to 5 mph."
151,2026-06-21T05:48:51Z,KMSP,Thursday Night,2026-06-25T18:00:00-05:00,0,56.0,Partly Cloudy,"Partly cloudy, with a low around 56. Northeast wind 0 to 5 mph."
152,2026-06-21T05:48:51Z,KMSP,Friday,2026-06-26T06:00:00-05:00,1,79.0,Mostly Sunny,"Mostly sunny, with a high near 79. Southeast wind 0 to 5 mph."
153,2026-06-21T05:48:51Z,KMSP,Friday Night,2026-06-26T18:00:00-05:00,0,60.0,Chance Showers And Thunderstorms,"A chance of showers and thunderstorms after 7pm. Partly cloudy, with a low around 60. Southeast wind around 5 mph. Chance of precipitation is 30%."
154,2026-06-21T05:48:51Z,KMSP,Saturday,2026-06-27T06:00:00-05:00,1,81.0,Chance Rain Showers then Slight Chance Showers And Thunderstorms,"A chance of rain showers before 1pm, then a slight chance of showers and thunderstorms. Mostly sunny, with a high near 81. Southeast wind 5 to 10 mph. Chance of precipitation is 30%."
155,2026-06-21T05:48:51Z,KMSY,Overnight,2026-06-21T00:00:00-05:00,0,79.0,Slight Chance Rain Showers,"A slight chance of rain showers. Mostly cloudy, with a low around 79. South wind 5 to 10 mph. Chance of precipitation is 20%. New rainfall amounts between a tenth and quarter of an inch possible."
156,2026-06-21T05:48:51Z,KMSY,Sunday,2026-06-21T06:00:00-05:00,1,90.0,Slight Chance Rain Showers,"A slight chance of rain showers before 2pm. Partly sunny. High near 90, with temperatures falling to around 88 in the afternoon. South wind 5 to 15 mph. Chance of precipitation is 20%. New rainfall amounts less than a tenth of an inch possible."
157,2026-06-21T05:48:51Z,KMSY,Sunday Night,2026-06-21T18:00:00-05:00,0,80.0,Mostly Cloudy,"Mostly cloudy, with a low around 80. South wind 10 to 15 mph."
158,2026-06-21T05:48:51Z,KMSY,Monday,2026-06-22T06:00:00-05:00,1,92.0,Mostly Sunny,"Mostly sunny, with a high near 92. Southwest wind 10 to 15 mph."
159,2026-06-21T05:48:51Z,KMSY,Monday Night,2026-06-22T18:00:00-05:00,0,79.0,Mostly Clear,"Mostly clear, with a low around 79. Southwest wind 5 to 10 mph."
160,2026-06-21T05:48:51Z,KMSY,Tuesday,2026-06-23T06:00:00-05:00,1,93.0,Sunny,"Sunny, with a high near 93. Southwest wind 5 to 10 mph."
161,2026-06-21T05:48:51Z,KMSY,Tuesday Night,2026-06-23T18:00:00-05:00,0,77.0,Mostly Clear,"Mostly clear, with a low around 77. Southwest wind 5 to 10 mph."
162,2026-06-21T05:48:51Z,KMSY,Wednesday,2026-06-24T06:00:00-05:00,1,92.0,Mostly Sunny then Slight Chance Showers And Thunderstorms,"A slight chance of showers and thunderstorms after 1pm. Mostly sunny, with a high near 92. West wind 5 to 10 mph."
163,2026-06-21T05:48:51Z,KMSY,Wednesday Night,2026-06-24T18:00:00-05:00,0,77.0,Slight Chance Showers And Thunderstorms then Partly Cloudy,"A slight chance of showers and thunderstorms before 7pm. Partly cloudy, with a low around 77. West wind 5 to 10 mph."
164,2026-06-21T05:48:51Z,KMSY,Thursday,2026-06-25T06:00:00-05:00,1,91.0,Mostly Sunny then Chance Showers And Thunderstorms,"A chance of showers and thunderstorms after 1pm. Mostly sunny, with a high near 91. West wind around 5 mph."
165,2026-06-21T05:48:51Z,KMSY,Thursday Night,2026-06-25T18:00:00-05:00,0,77.0,Chance Showers And Thunderstorms then Partly Cloudy,"A chance of showers and thunderstorms before 7pm. Partly cloudy, with a low around 77. Southwest wind around 5 mph."
166,2026-06-21T05:48:51Z,KMSY,Friday,2026-06-26T06:00:00-05:00,1,91.0,Mostly Sunny then Slight Chance Showers And Thunderstorms,"A slight chance of showers and thunderstorms after 1pm. Mostly sunny, with a high near 91. Southwest wind 5 to 10 mph."
167,2026-06-21T05:48:51Z,KMSY,Friday Night,2026-06-26T18:00:00-05:00,0,78.0,Slight Chance Showers And Thunderstorms then Mostly Clear,"A slight chance of showers and thunderstorms before 7pm. Mostly clear, with a low around 78. South wind 5 to 10 mph."
168,2026-06-21T05:48:51Z,KMSY,Saturday,2026-06-27T06:00:00-05:00,1,91.0,Sunny then Slight Chance Showers And Thunderstorms,"A slight chance of showers and thunderstorms after 1pm. Sunny, with a high near 91. South wind 5 to 10 mph."
169,2026-06-21T05:48:51Z,KNYC,Overnight,2026-06-21T01:00:00-04:00,0,65.0,Mostly Clear,"Mostly clear, with a low around 65. West wind around 3 mph."
170,2026-06-21T05:48:51Z,KNYC,Sunday,2026-06-21T06:00:00-04:00,1,83.0,Mostly Sunny then Slight Chance Showers And Thunderstorms,"A slight chance of showers and thunderstorms between 2pm and 5pm. Mostly sunny, with a high near 83. West wind 2 to 7 mph. Chance of precipitation is 20%."
171,2026-06-21T05:48:51Z,KNYC,Sunday Night,2026-06-21T18:00:00-04:00,0,66.0,Partly Cloudy,"Partly cloudy. Low around 66, with temperatures rising to around 68 overnight. Northwest wind 0 to 6 mph."
172,2026-06-21T05:48:51Z,KNYC,Monday,2026-06-22T06:00:00-04:00,1,77.0,Showers And Thunderstorms,"A chance of rain showers between 8am and 2pm, then showers and thunderstorms. Mostly cloudy. High near 77, with temperatures falling to around 75 in the afternoon. East wind 0 to 8 mph, with gusts as high as 21 mph. Chance of precipitation is 90%. New rainfall amounts between 1 and 2 inches possible."
173,2026-06-21T05:48:51Z,KNYC,Monday Night,2026-06-22T18:00:00-04:00,0,67.0,Showers And Thunderstorms,"Showers and thunderstorms. Cloudy, with a low around 67. South wind around 8 mph. Chance of precipitation is 90%. New rainfall amounts between 1 and 2 inches possible."
174,2026-06-21T05:48:51Z,KNYC,Tuesday,2026-06-23T06:00:00-04:00,1,80.0,Rain Showers Likely,"Rain showers likely. Partly sunny, with a high near 80. Chance of precipitation is 70%. New rainfall amounts between a tenth and quarter of an inch possible."
175,2026-06-21T05:48:51Z,KNYC,Tuesday Night,2026-06-23T18:00:00-04:00,0,65.0,Slight Chance Rain Showers then Partly Cloudy,"A slight chance of rain showers before 8pm. Partly cloudy, with a low around 65."
176,2026-06-21T05:48:51Z,KNYC,Wednesday,2026-06-24T06:00:00-04:00,1,84.0,Sunny,"Sunny, with a high near 84."
177,2026-06-21T05:48:51Z,KNYC,Wednesday Night,2026-06-24T18:00:00-04:00,0,67.0,Mostly Clear,"Mostly clear, with a low around 67."
178,2026-06-21T05:48:51Z,KNYC,Thursday,2026-06-25T06:00:00-04:00,1,80.0,Chance Showers And Thunderstorms,"A slight chance of rain showers between 8am and 2pm, then a chance of showers and thunderstorms. Mostly sunny, with a high near 80. Chance of precipitation is 30%."
179,2026-06-21T05:48:51Z,KNYC,Thursday Night,2026-06-25T18:00:00-04:00,0,68.0,Chance Showers And Thunderstorms,"A chance of showers and thunderstorms. Mostly cloudy, with a low around 68. Chance of precipitation is 50%."
180,2026-06-21T05:48:51Z,KNYC,Friday,2026-06-26T06:00:00-04:00,1,83.0,Chance Rain Showers,"A chance of rain showers before 2pm, then a chance of showers and thunderstorms. Partly sunny, with a high near 83. Chance of precipitation is 50%."
181,2026-06-21T05:48:51Z,KNYC,Friday Night,2026-06-26T18:00:00-04:00,0,68.0,Chance Showers And Thunderstorms,"A chance of showers and thunderstorms. Partly cloudy, with a low around 68. Chance of precipitation is 30%."
182,2026-06-21T05:48:51Z,KNYC,Saturday,2026-06-27T06:00:00-04:00,1,85.0,Slight Chance Rain Showers then Slight Chance Showers And Thunderstorms,"A slight chance of rain showers before 8am, then a slight chance of showers and thunderstorms. Mostly sunny, with a high near 85."
183,2026-06-21T05:48:51Z,KOKC,Tonight,2026-06-20T18:00:00-05:00,0,73.0,Mostly Clear,"Mostly clear, with a low around 73. South southeast wind 13 to 16 mph, with gusts as high as 24 mph."
184,2026-06-21T05:48:51Z,KOKC,Sunday,2026-06-21T06:00:00-05:00,1,95.0,Sunny,"Sunny, with a high near 95. Heat index values as high as 101. South wind 16 to 22 mph, with gusts as high as 33 mph."
185,2026-06-21T05:48:51Z,KOKC,Sunday Night,2026-06-21T18:00:00-05:00,0,72.0,Showers And Thunderstorms Likely,"Showers and thunderstorms likely between 7pm and 4am, then showers and thunderstorms likely. Partly cloudy, with a low around 72. Heat index values as high as 103. Southeast wind 10 to 18 mph, with gusts as high as 28 mph. Chance of precipitation is 70%. New rainfall amounts between a half and three quarters of an inch possible."
186,2026-06-21T05:48:51Z,KOKC,Monday,2026-06-22T06:00:00-05:00,1,87.0,Showers And Thunderstorms Likely then Chance Showers And Thunderstorms,"Showers and thunderstorms likely before 7am, then a chance of showers and thunderstorms. Partly sunny, with a high near 87. East southeast wind around 13 mph, with gusts as high as 20 mph. Chance of precipitation is 70%."
187,2026-06-21T05:48:51Z,KOKC,Monday Night,2026-06-22T18:00:00-05:00,0,68.0,Chance Showers And Thunderstorms then Showers And Thunderstorms,"A chance of showers and thunderstorms before 7pm, then showers and thunderstorms. Mostly cloudy, with a low around 68. East northeast wind 8 to 13 mph, with gusts as high as 20 mph. Chance of precipitation is 90%."
188,2026-06-21T05:48:51Z,KOKC,Tuesday,2026-06-23T06:00:00-05:00,1,86.0,Showers And Thunderstorms,"Showers and thunderstorms before 1pm, then a slight chance of showers and thunderstorms. Mostly cloudy, with a high near 86. Chance of precipitation is 90%."
189,2026-06-21T05:48:51Z,KOKC,Tuesday Night,2026-06-23T18:00:00-05:00,0,68.0,Slight Chance Showers And Thunderstorms then Showers And Thunderstorms Likely,"A slight chance of showers and thunderstorms before 7pm, then showers and thunderstorms likely. Mostly cloudy, with a low around 68. Chance of precipitation is 60%."
190,2026-06-21T05:48:51Z,KOKC,Wednesday,2026-06-24T06:00:00-05:00,1,84.0,Showers And Thunderstorms Likely then Chance Showers And Thunderstorms,"Showers and thunderstorms likely before 7am, then a chance of showers and thunderstorms. Mostly cloudy, with a high near 84. Chance of precipitation is 60%."
191,2026-06-21T05:48:51Z,KOKC,Wednesday Night,2026-06-24T18:00:00-05:00,0,67.0,Chance Showers And Thunderstorms then Showers And Thunderstorms Likely,"A chance of showers and thunderstorms before 7pm, then showers and thunderstorms likely. Mostly cloudy, with a low around 67. Chance of precipitation is 60%."
192,2026-06-21T05:48:51Z,KOKC,Thursday,2026-06-25T06:00:00-05:00,1,84.0,Showers And Thunderstorms Likely,"Showers and thunderstorms likely before 1pm, then a slight chance of showers and thunderstorms. Partly sunny, with a high near 84. Chance of precipitation is 60%."
193,2026-06-21T05:48:51Z,KOKC,Thursday Night,2026-06-25T18:00:00-05:00,0,69.0,Chance Showers And Thunderstorms,"A chance of showers and thunderstorms. Partly cloudy, with a low around 69. Chance of precipitation is 40%."
194,2026-06-21T05:48:51Z,KOKC,Friday,2026-06-26T06:00:00-05:00,1,88.0,Chance Showers And Thunderstorms,"A chance of showers and thunderstorms. Partly sunny, with a high near 88. Chance of precipitation is 40%."
195,2026-06-21T05:48:51Z,KOKC,Friday Night,2026-06-26T18:00:00-05:00,0,73.0,Chance Showers And Thunderstorms,"A chance of showers and thunderstorms. Partly cloudy, with a low around 73. Chance of precipitation is 30%."
196,2026-06-21T05:48:51Z,KOKC,Saturday,2026-06-27T06:00:00-05:00,1,92.0,Chance Showers And Thunderstorms then Mostly Sunny,"A chance of showers and thunderstorms before 7am. Mostly sunny, with a high near 92."
197,2026-06-21T05:48:51Z,KPHL,Tonight,2026-06-20T22:00:00-04:00,0,64.0,Chance Rain Showers then Partly Cloudy,"A chance of rain showers before midnight. Partly cloudy, with a low around 64. West wind around 0 mph."
198,2026-06-21T05:48:51Z,KPHL,Sunday,2026-06-21T06:00:00-04:00,1,86.0,Mostly Sunny,"Mostly sunny, with a high near 86. West wind 0 to 15 mph."
199,2026-06-21T05:48:51Z,KPHL,Sunday Night,2026-06-21T18:00:00-04:00,0,65.0,Mostly Cloudy,"Mostly cloudy, with a low around 65. North wind 0 to 10 mph."
200,2026-06-21T05:48:51Z,KPHL,Monday,2026-06-22T06:00:00-04:00,1,87.0,Showers And Thunderstorms,"A chance of rain showers between 7am and 2pm, then showers and thunderstorms. Some of the storms could produce heavy rain. Mostly cloudy, with a high near 87. Southeast wind 0 to 10 mph, with gusts as high as 25 mph. Chance of precipitation is 90%. New rainfall amounts between three quarters and one inch possible."
201,2026-06-21T05:48:51Z,KPHL,Monday Night,2026-06-22T18:00:00-04:00,0,67.0,Showers And Thunderstorms,"Showers and thunderstorms. Some of the storms could produce heavy rain. Mostly cloudy, with a low around 67. Southwest wind 5 to 10 mph. Chance of precipitation is 90%. New rainfall amounts between three quarters and one inch possible."
202,2026-06-21T05:48:51Z,KPHL,Tuesday,2026-06-23T06:00:00-04:00,1,82.0,Chance Showers And Thunderstorms,"A chance of rain showers before 8am, then a chance of showers and thunderstorms between 8am and 2pm, then a chance of showers and thunderstorms. Partly sunny, with a high near 82. Chance of precipitation is 50%. New rainfall amounts less than a tenth of an inch possible."
203,2026-06-21T05:48:51Z,KPHL,Tuesday Night,2026-06-23T18:00:00-04:00,0,63.0,Chance Showers And Thunderstorms then Partly Cloudy,"A chance of showers and thunderstorms before 8pm. Partly cloudy, with a low around 63. Chance of precipitation is 40%."
204,2026-06-21T05:48:51Z,KPHL,Wednesday,2026-06-24T06:00:00-04:00,1,85.0,Sunny,"Sunny, with a high near 85."
205,2026-06-21T05:48:51Z,KPHL,Wednesday Night,2026-06-24T18:00:00-04:00,0,64.0,Mostly Clear,"Mostly clear, with a low around 64."
206,2026-06-21T05:48:51Z,KPHL,Thursday,2026-06-25T06:00:00-04:00,1,85.0,Chance Rain Showers,"A chance of rain showers between 8am and 2pm, then a chance of showers and thunderstorms. Mostly sunny, with a high near 85. Chance of precipitation is 40%."
207,2026-06-21T05:48:51Z,KPHL,Thursday Night,2026-06-25T18:00:00-04:00,0,66.0,Chance Showers And Thunderstorms,"A chance of showers and thunderstorms before 8pm, then a chance of showers and thunderstorms between 8pm and 2am, then a chance of showers and thunderstorms. Mostly cloudy, with a low around 66. Chance of precipitation is 50%."
208,2026-06-21T05:48:51Z,KPHL,Friday,2026-06-26T06:00:00-04:00,1,85.0,Chance Showers And Thunderstorms,"A chance of showers and thunderstorms before 2pm, then a chance of showers and thunderstorms. Partly sunny, with a high near 85. Chance of precipitation is 50%."
209,2026-06-21T05:48:51Z,KPHL,Friday Night,2026-06-26T18:00:00-04:00,0,66.0,Chance Showers And Thunderstorms,"A chance of showers and thunderstorms before 2am. Partly cloudy, with a low around 66. Chance of precipitation is 40%."
210,2026-06-21T05:48:51Z,KPHL,Saturday,2026-06-27T06:00:00-04:00,1,86.0,Slight Chance Rain Showers then Slight Chance Showers And Thunderstorms,"A slight chance of rain showers between 8am and 2pm, then a slight chance of showers and thunderstorms. Mostly sunny, with a high near 86."
211,2026-06-21T05:48:51Z,KPHX,Tonight,2026-06-20T22:00:00-07:00,0,79.0,Clear,"Clear, with a low around 79. West wind 5 to 10 mph."
212,2026-06-21T05:48:51Z,KPHX,Sunday,2026-06-21T06:00:00-07:00,1,106.0,Sunny,"Sunny. High near 106, with temperatures falling to around 104 in the afternoon. South southwest wind 0 to 10 mph."
213,2026-06-21T05:48:51Z,KPHX,Sunday Night,2026-06-21T18:00:00-07:00,0,80.0,Mostly Clear,"Mostly clear, with a low around 80. North northwest wind 5 to 10 mph."
214,2026-06-21T05:48:51Z,KPHX,Monday,2026-06-22T06:00:00-07:00,1,109.0,Sunny,"Sunny, with a high near 109. South southwest wind 0 to 10 mph."
215,2026-06-21T05:48:51Z,KPHX,Monday Night,2026-06-22T18:00:00-07:00,0,84.0,Mostly Clear,"Mostly clear, with a low around 84. West wind 5 to 10 mph."
216,2026-06-21T05:48:51Z,KPHX,Tuesday,2026-06-23T06:00:00-07:00,1,111.0,Sunny,"Sunny, with a high near 111. West wind 5 to 10 mph."
217,2026-06-21T05:48:51Z,KPHX,Tuesday Night,2026-06-23T18:00:00-07:00,0,87.0,Mostly Clear,"Mostly clear, with a low around 87. West wind 5 to 15 mph."
218,2026-06-21T05:48:51Z,KPHX,Wednesday,2026-06-24T06:00:00-07:00,1,112.0,Sunny,"Sunny, with a high near 112. West wind 5 to 15 mph, with gusts as high as 25 mph."
219,2026-06-21T05:48:51Z,KPHX,Wednesday Night,2026-06-24T18:00:00-07:00,0,89.0,Mostly Clear,"Mostly clear, with a low around 89. Southwest wind 5 to 15 mph, with gusts as high as 20 mph."
220,2026-06-21T05:48:51Z,KPHX,Thursday,2026-06-25T06:00:00-07:00,1,113.0,Sunny,"Sunny, with a high near 113. South wind 5 to 15 mph, with gusts as high as 25 mph."
221,2026-06-21T05:48:51Z,KPHX,Thursday Night,2026-06-25T18:00:00-07:00,0,89.0,Mostly Clear,"Mostly clear, with a low around 89. South southwest wind 5 to 15 mph, with gusts as high as 25 mph."
222,2026-06-21T05:48:51Z,KPHX,Friday,2026-06-26T06:00:00-07:00,1,112.0,Sunny,"Sunny, with a high near 112. South southwest wind 5 to 20 mph, with gusts as high as 30 mph."
223,2026-06-21T05:48:51Z,KPHX,Friday Night,2026-06-26T18:00:00-07:00,0,86.0,Mostly Clear,"Mostly clear, with a low around 86. West wind 5 to 20 mph, with gusts as high as 30 mph."
224,2026-06-21T05:48:51Z,KPHX,Saturday,2026-06-27T06:00:00-07:00,1,109.0,Sunny,"Sunny, with a high near 109. South southwest wind 5 to 20 mph, with gusts as high as 30 mph."
225,2026-06-21T05:48:51Z,KSAT,Overnight,2026-06-21T00:00:00-05:00,0,76.0,Slight Chance Rain Showers,"A slight chance of rain showers between 1am and 4am. Mostly cloudy, with a low around 76. South southeast wind around 5 mph. Chance of precipitation is 20%. New rainfall amounts less than a tenth of an inch possible."
226,2026-06-21T05:48:51Z,KSAT,Sunday,2026-06-21T06:00:00-05:00,1,90.0,Slight Chance Rain Showers then Slight Chance Showers And Thunderstorms,"A slight chance of rain showers between 7am and 10am, then a slight chance of showers and thunderstorms between 1pm and 4pm. Partly sunny, with a high near 90. Heat index values as high as 101. South southeast wind 5 to 15 mph, with gusts as high as 25 mph. Chance of precipitation is 20%. New rainfall amounts between a tenth and quarter of an inch possible."
227,2026-06-21T05:48:51Z,KSAT,Sunday Night,2026-06-21T18:00:00-05:00,0,77.0,Mostly Cloudy,"Mostly cloudy, with a low around 77. South southeast wind 10 to 15 mph, with gusts as high as 25 mph. New rainfall amounts less than a tenth of an inch possible."
228,2026-06-21T05:48:51Z,KSAT,Monday,2026-06-22T06:00:00-05:00,1,93.0,Mostly Sunny,"Mostly sunny, with a high near 93. Heat index values as high as 104. South southeast wind 10 to 15 mph, with gusts as high as 25 mph."
229,2026-06-21T05:48:51Z,KSAT,Monday Night,2026-06-22T18:00:00-05:00,0,77.0,Partly Cloudy,"Partly cloudy, with a low around 77. South southeast wind 10 to 15 mph, with gusts as high as 25 mph."
230,2026-06-21T05:48:51Z,KSAT,Tuesday,2026-06-23T06:00:00-05:00,1,94.0,Mostly Sunny,"Mostly sunny, with a high near 94. South southeast wind around 10 mph, with gusts as high as 20 mph."
231,2026-06-21T05:48:51Z,KSAT,Tuesday Night,2026-06-23T18:00:00-05:00,0,76.0,Mostly Clear,"Mostly clear, with a low around 76. South southeast wind 5 to 15 mph, with gusts as high as 20 mph."
232,2026-06-21T05:48:51Z,KSAT,Wednesday,2026-06-24T06:00:00-05:00,1,94.0,Sunny,"Sunny, with a high near 94. South wind 5 to 15 mph, with gusts as high as 20 mph."
233,2026-06-21T05:48:51Z,KSAT,Wednesday Night,2026-06-24T18:00:00-05:00,0,74.0,Mostly Clear,"Mostly clear, with a low around 74. South southeast wind 5 to 15 mph, with gusts as high as 20 mph."
234,2026-06-21T05:48:51Z,KSAT,Thursday,2026-06-25T06:00:00-05:00,1,94.0,Mostly Sunny,"Mostly sunny, with a high near 94."
235,2026-06-21T05:48:51Z,KSAT,Thursday Night,2026-06-25T18:00:00-05:00,0,75.0,Mostly Clear,"Mostly clear, with a low around 75."
236,2026-06-21T05:48:51Z,KSAT,Friday,2026-06-26T06:00:00-05:00,1,95.0,Mostly Sunny,"Mostly sunny, with a high near 95."
237,2026-06-21T05:48:51Z,KSAT,Friday Night,2026-06-26T18:00:00-05:00,0,76.0,Mostly Clear,"Mostly clear, with a low around 76."
238,2026-06-21T05:48:51Z,KSAT,Saturday,2026-06-27T06:00:00-05:00,1,96.0,Mostly Sunny,"Mostly sunny, with a high near 96."
239,2026-06-21T05:48:51Z,KSFO,Tonight,2026-06-20T18:00:00-07:00,0,54.0,Partly Cloudy,"Partly cloudy, with a low around 54. West wind 6 to 16 mph."
240,2026-06-21T05:48:51Z,KSFO,Sunday,2026-06-21T06:00:00-07:00,1,69.0,Mostly Sunny,"Mostly sunny. High near 69, with temperatures falling to around 67 in the afternoon. West southwest wind 5 to 17 mph, with gusts as high as 21 mph."
241,2026-06-21T05:48:51Z,KSFO,Sunday Night,2026-06-21T18:00:00-07:00,0,54.0,Partly Cloudy,"Partly cloudy, with a low around 54. West southwest wind 7 to 16 mph."
242,2026-06-21T05:48:51Z,KSFO,Monday,2026-06-22T06:00:00-07:00,1,71.0,Mostly Sunny,"Mostly sunny, with a high near 71. West southwest wind 6 to 16 mph."
243,2026-06-21T05:48:51Z,KSFO,Monday Night,2026-06-22T18:00:00-07:00,0,55.0,Partly Cloudy,"Partly cloudy, with a low around 55. West southwest wind 6 to 16 mph."
244,2026-06-21T05:48:51Z,KSFO,Tuesday,2026-06-23T06:00:00-07:00,1,72.0,Mostly Sunny,"Mostly sunny, with a high near 72."
245,2026-06-21T05:48:51Z,KSFO,Tuesday Night,2026-06-23T18:00:00-07:00,0,55.0,Partly Cloudy,"Partly cloudy, with a low around 55."
246,2026-06-21T05:48:51Z,KSFO,Wednesday,2026-06-24T06:00:00-07:00,1,73.0,Mostly Sunny,"Mostly sunny, with a high near 73."
247,2026-06-21T05:48:51Z,KSFO,Wednesday Night,2026-06-24T18:00:00-07:00,0,56.0,Partly Cloudy,"Partly cloudy, with a low around 56."
248,2026-06-21T05:48:51Z,KSFO,Thursday,2026-06-25T06:00:00-07:00,1,72.0,Mostly Sunny,"Mostly sunny, with a high near 72."
249,2026-06-21T05:48:51Z,KSFO,Thursday Night,2026-06-25T18:00:00-07:00,0,56.0,Mostly Clear,"Mostly clear, with a low around 56."
250,2026-06-21T05:48:51Z,KSFO,Friday,2026-06-26T06:00:00-07:00,1,70.0,Mostly Sunny,"Mostly sunny, with a high near 70."
251,2026-06-21T05:48:51Z,KSFO,Friday Night,2026-06-26T18:00:00-07:00,0,56.0,Mostly Clear,"Mostly clear, with a low around 56."
252,2026-06-21T05:48:51Z,KSFO,Saturday,2026-06-27T06:00:00-07:00,1,70.0,Mostly Sunny,"Mostly sunny, with a high near 70."
253,2026-06-21T05:48:51Z,KSEA,Tonight,2026-06-20T18:00:00-07:00,0,53.0,Mostly Clear,"Mostly clear, with a low around 53. South southwest wind 6 to 12 mph."
254,2026-06-21T05:48:51Z,KSEA,Sunday,2026-06-21T06:00:00-07:00,1,79.0,Sunny,"Sunny, with a high near 79. West wind 3 to 9 mph."
255,2026-06-21T05:48:51Z,KSEA,Sunday Night,2026-06-21T18:00:00-07:00,0,57.0,Mostly Clear,"Mostly clear, with a low around 57. North northeast wind 5 to 9 mph."
256,2026-06-21T05:48:51Z,KSEA,Monday,2026-06-22T06:00:00-07:00,1,86.0,Sunny,"Sunny, with a high near 86. North wind 5 to 12 mph."
257,2026-06-21T05:48:51Z,KSEA,Monday Night,2026-06-22T18:00:00-07:00,0,62.0,Mostly Clear,"Mostly clear, with a low around 62. North wind 5 to 12 mph."
258,2026-06-21T05:48:51Z,KSEA,Tuesday,2026-06-23T06:00:00-07:00,1,90.0,Mostly Sunny,"Mostly sunny, with a high near 90."
259,2026-06-21T05:48:51Z,KSEA,Tuesday Night,2026-06-23T18:00:00-07:00,0,62.0,Mostly Clear,"Mostly clear, with a low around 62."
260,2026-06-21T05:48:51Z,KSEA,Wednesday,2026-06-24T06:00:00-07:00,1,87.0,Sunny,"Sunny, with a high near 87."
261,2026-06-21T05:48:51Z,KSEA,Wednesday Night,2026-06-24T18:00:00-07:00,0,58.0,Mostly Clear,"Mostly clear, with a low around 58."
262,2026-06-21T05:48:51Z,KSEA,Thursday,2026-06-25T06:00:00-07:00,1,76.0,Mostly Sunny,"Mostly sunny, with a high near 76."
263,2026-06-21T05:48:51Z,KSEA,Thursday Night,2026-06-25T18:00:00-07:00,0,56.0,Chance Light Rain,"A chance of rain after 11pm. Mostly cloudy, with a low around 56."
264,2026-06-21T05:48:51Z,KSEA,Friday,2026-06-26T06:00:00-07:00,1,67.0,Chance Light Rain,"A chance of rain. Mostly cloudy, with a high near 67."
265,2026-06-21T05:48:51Z,KSEA,Friday Night,2026-06-26T18:00:00-07:00,0,54.0,Chance Light Rain,"A chance of rain. Mostly cloudy, with a low around 54."
266,2026-06-21T05:48:51Z,KSEA,Saturday,2026-06-27T06:00:00-07:00,1,67.0,Chance Light Rain,"A chance of rain. Mostly cloudy, with a high near 67."
267,2026-06-21T05:48:51Z,KDCA,Tonight,2026-06-20T23:00:00-04:00,0,67.0,Partly Cloudy,"Partly cloudy, with a low around 67. West wind around 8 mph."
268,2026-06-21T05:48:51Z,KDCA,Sunday,2026-06-21T06:00:00-04:00,1,89.0,Sunny,"Sunny, with a high near 89. West wind 7 to 13 mph, with gusts as high as 18 mph."
269,2026-06-21T05:48:51Z,KDCA,Sunday Night,2026-06-21T18:00:00-04:00,0,69.0,Partly Cloudy,"Partly cloudy, with a low around 69. Northeast wind 5 to 12 mph."
270,2026-06-21T05:48:51Z,KDCA,Monday,2026-06-22T06:00:00-04:00,1,93.0,Showers And Thunderstorms,"A slight chance of rain showers between 8am and 2pm, then showers and thunderstorms. Partly sunny, with a high near 93. South wind 9 to 20 mph, with gusts as high as 29 mph. Chance of precipitation is 80%. New rainfall amounts between a half and three quarters of an inch possible."
271,2026-06-21T05:48:51Z,KDCA,Monday Night,2026-06-22T18:00:00-04:00,0,70.0,Showers And Thunderstorms,"Showers and thunderstorms. Mostly cloudy, with a low around 70. Southwest wind 12 to 17 mph, with gusts as high as 23 mph. Chance of precipitation is 80%."
272,2026-06-21T05:48:51Z,KDCA,Tuesday,2026-06-23T06:00:00-04:00,1,86.0,Slight Chance Rain Showers then Slight Chance Showers And Thunderstorms,"A slight chance of rain showers before 2pm, then a slight chance of showers and thunderstorms. Mostly sunny, with a high near 86. Chance of precipitation is 20%."
273,2026-06-21T05:48:51Z,KDCA,Tuesday Night,2026-06-23T18:00:00-04:00,0,66.0,Slight Chance Showers And Thunderstorms then Partly Cloudy,"A slight chance of showers and thunderstorms before 8pm. Partly cloudy, with a low around 66. Chance of precipitation is 20%."
274,2026-06-21T05:48:51Z,KDCA,Wednesday,2026-06-24T06:00:00-04:00,1,86.0,Sunny,"Sunny, with a high near 86."
275,2026-06-21T05:48:51Z,KDCA,Wednesday Night,2026-06-24T18:00:00-04:00,0,67.0,Partly Cloudy then Slight Chance Showers And Thunderstorms,"A slight chance of showers and thunderstorms after 2am. Partly cloudy, with a low around 67. Chance of precipitation is 20%."
276,2026-06-21T05:48:51Z,KDCA,Thursday,2026-06-25T06:00:00-04:00,1,87.0,Chance Showers And Thunderstorms,"A chance of showers and thunderstorms before 2pm, then a chance of showers and thunderstorms. Partly sunny, with a high near 87. Chance of precipitation is 50%."
277,2026-06-21T05:48:51Z,KDCA,Thursday Night,2026-06-25T18:00:00-04:00,0,68.0,Chance Showers And Thunderstorms,"A chance of showers and thunderstorms. Mostly cloudy, with a low around 68. Chance of precipitation is 50%."
278,2026-06-21T05:48:51Z,KDCA,Friday,2026-06-26T06:00:00-04:00,1,87.0,Slight Chance Rain Showers then Chance Showers And Thunderstorms,"A slight chance of rain showers before 2pm, then a chance of showers and thunderstorms. Partly sunny, with a high near 87. Chance of precipitation is 30%."
279,2026-06-21T05:48:51Z,KDCA,Friday Night,2026-06-26T18:00:00-04:00,0,68.0,Chance Showers And Thunderstorms,"A chance of showers and thunderstorms before 2am. Partly cloudy, with a low around 68. Chance of precipitation is 30%."
280,2026-06-21T05:48:51Z,KDCA,Saturday,2026-06-27T06:00:00-04:00,1,89.0,Mostly Sunny then Chance Showers And Thunderstorms,"A chance of showers and thunderstorms after 2pm. Mostly sunny, with a high near 89."
