id,run_at,icao,period_name,start_time,is_daytime,temp_f,short_fcst,detailed_fcst
1,2026-09-29T05:33:58Z,KATL,Tonight,2026-09-28T21:00:00-04:00,0,58.0,Clear,"Clear, with a low around 58. Northeast wind around 0 mph."
2,2026-09-29T05:33:58Z,KATL,Tuesday,2026-09-29T06:00:00-04:00,1,85.0,Sunny,"Sunny, with a high near 85. East wind 0 to 5 mph."
3,2026-09-29T05:33:58Z,KATL,Tuesday Night,2026-09-29T18:00:00-04:00,0,62.0,Clear,"Clear, with a low around 62. East wind 0 to 5 mph."
4,2026-09-29T05:33:58Z,KATL,Wednesday,2026-09-30T06:00:00-04:00,1,88.0,Sunny,"Sunny, with a high near 88. East wind around 5 mph."
5,2026-09-29T05:33:58Z,KATL,Wednesday Night,2026-09-30T18:00:00-04:00,0,66.0,Mostly Clear,"Mostly clear, with a low around 66. Southeast wind around 5 mph."
6,2026-09-29T05:33:58Z,KATL,Thursday,2026-10-01T06:00:00-04:00,1,88.0,Sunny,"Sunny, with a high near 88."
7,2026-09-29T05:33:58Z,KATL,Thursday Night,2026-10-01T18:00:00-04:00,0,70.0,Mostly Clear,"Mostly clear, with a low around 70."
8,2026-09-29T05:33:58Z,KATL,Friday,2026-10-02T06:00:00-04:00,1,88.0,Mostly Sunny then Chance Showers And Thunderstorms,"A chance of showers and thunderstorms after 2pm. Mostly sunny, with a high near 88. Chance of precipitation is 40%."
9,2026-09-29T05:33:58Z,KATL,Friday Night,2026-10-02T18:00:00-04:00,0,71.0,Chance Showers And Thunderstorms,"A chance of showers and thunderstorms. Mostly cloudy, with a low around 71. Chance of precipitation is 40%."
10,2026-09-29T05:33:58Z,KATL,Saturday,2026-10-03T06:00:00-04:00,1,84.0,Rain Showers Likely,"Rain showers likely. Partly sunny, with a high near 84. Chance of precipitation is 70%."
11,2026-09-29T05:33:58Z,KATL,Saturday Night,2026-10-03T18:00:00-04:00,0,70.0,Rain Showers Likely,"Rain showers likely. Mostly cloudy, with a low around 70. Chance of precipitation is 70%."
12,2026-09-29T05:33:58Z,KATL,Sunday,2026-10-04T06:00:00-04:00,1,79.0,Rain Showers Likely,"Rain showers likely. Mostly cloudy, with a high near 79. Chance of precipitation is 70%."
13,2026-09-29T05:33:58Z,KATL,Sunday Night,2026-10-04T18:00:00-04:00,0,67.0,Rain Showers Likely,"Rain showers likely. Mostly cloudy, with a low around 67. Chance of precipitation is 70%."
14,2026-09-29T05:33:58Z,KATL,Monday,2026-10-05T06:00:00-04:00,1,75.0,Chance Rain Showers,"A chance of rain showers. Mostly cloudy, with a high near 75."
15,2026-09-29T05:33:58Z,KAUS,Tonight,2026-09-28T23:00:00-05:00,0,73.0,Partly Cloudy,"Partly cloudy, with a low around 73. South southeast wind around 5 mph."
16,2026-09-29T05:33:58Z,KAUS,Tuesday,2026-09-29T06:00:00-05:00,1,97.0,Partly Sunny then Slight Chance Showers And Thunderstorms,"A slight chance of showers and thunderstorms after 1pm. Partly sunny. High near 97, with temperatures falling to around 93 in the afternoon. Heat index values as high as 104. Southeast wind 5 to 10 mph, with gusts as high as 25 mph. Chance of precipitation is 20%."
17,2026-09-29T05:33:58Z,KAUS,Tuesday Night,2026-09-29T18:00:00-05:00,0,75.0,Slight Chance Showers And Thunderstorms,"A slight chance of showers and thunderstorms. Mostly cloudy, with a low around 75. Heat index values as high as 100. Southeast wind around 10 mph, with gusts as high as 25 mph. Chance of precipitation is 20%."
18,2026-09-29T05:33:58Z,KAUS,Wednesday,2026-09-30T06:00:00-05:00,1,97.0,Chance Rain Showers then Chance Showers And Thunderstorms,"A chance of rain showers before 4pm, then a chance of showers and thunderstorms. Partly sunny, with a high near 97. Heat index values as high as 106. South southeast wind 10 to 15 mph, with gusts as high as 30 mph. Chance of precipitation is 50%."
19,2026-09-29T05:33:58Z,KAUS,Wednesday Night,2026-09-30T18:00:00-05:00,0,75.0,Chance Showers And Thunderstorms then Showers And Thunderstorms Likely,"A chance of showers and thunderstorms before 7pm, then showers and thunderstorms likely. Mostly cloudy, with a low around 75. South southeast wind 10 to 15 mph, with gusts as high as 30 mph. Chance of precipitation is 70%."
20,2026-09-29T05:33:58Z,KAUS,Thursday,2026-10-01T06:00:00-05:00,1,91.0,Showers And Thunderstorms,"Showers and thunderstorms. Mostly cloudy, with a high near 91. South southeast wind 5 to 10 mph, with gusts as high as 25 mph. Chance of precipitation is 100%."
21,2026-09-29T05:33:58Z,KAUS,Thursday Night,2026-10-01T18:00:00-05:00,0,71.0,Showers And Thunderstorms,"Showers and thunderstorms. Cloudy, with a low around 71. Southeast wind 0 to 5 mph. Chance of precipitation is 100%."
22,2026-09-29T05:33:58Z,KAUS,Friday,2026-10-02T06:00:00-05:00,1,83.0,Showers And Thunderstorms,"Showers and thunderstorms. Mostly cloudy, with a high near 83. Northeast wind around 5 mph. Chance of precipitation is 90%."
23,2026-09-29T05:33:58Z,KAUS,Friday Night,2026-10-02T18:00:00-05:00,0,69.0,Showers And Thunderstorms Likely,"Rain showers likely before 7pm, then showers and thunderstorms likely. Mostly cloudy, with a low around 69. North northeast wind 0 to 5 mph. Chance of precipitation is 70%."
24,2026-09-29T05:33:58Z,KAUS,Saturday,2026-10-03T06:00:00-05:00,1,83.0,Rain Showers Likely,"Rain showers likely before 1pm, then showers and thunderstorms likely. Mostly cloudy, with a high near 83. Chance of precipitation is 60%."
25,2026-09-29T05:33:58Z,KAUS,Saturday Night,2026-10-03T18:00:00-05:00,0,69.0,Showers And Thunderstorms Likely,"Showers and thunderstorms likely. Mostly cloudy, with a low around 69. Chance of precipitation is 60%."
26,2026-09-29T05:33:58Z,KAUS,Sunday,2026-10-04T06:00:00-05:00,1,82.0,Chance Rain Showers,"A chance of rain showers. Mostly cloudy, with a high near 82. Chance of precipitation is 50%."
27,2026-09-29T05:33:58Z,KAUS,Sunday Night,2026-10-04T18:00:00-05:00,0,67.0,Chance Rain Showers,"A chance of rain showers. Mostly cloudy, with a low around 67. Chance of precipitation is 50%."
28,2026-09-29T05:33:58Z,KAUS,Monday,2026-10-05T06:00:00-05:00,1,80.0,Chance Rain Showers,"A chance of rain showers. Partly sunny, with a high near 80."
29,2026-09-29T05:33:58Z,KBOS,Tonight,2026-09-28T22:00:00-04:00,0,55.0,Chance Rain Showers,"A chance of rain showers and patchy fog before 2am, then patchy fog and a slight chance of rain showers. Cloudy, with a low around 55. North wind around 9 mph. Chance of precipitation is 50%. New rainfall amounts less than a tenth of an inch possible."
30,2026-09-29T05:33:58Z,KBOS,Tuesday,2026-09-29T06:00:00-04:00,1,66.0,Patchy Fog then Mostly Cloudy,"Patchy fog before 11am. Mostly cloudy, with a high near 66. North wind 3 to 8 mph."
31,2026-09-29T05:33:58Z,KBOS,Tuesday Night,2026-09-29T18:00:00-04:00,0,57.0,Mostly Cloudy,"Mostly cloudy, with a low around 57. North wind around 2 mph."
32,2026-09-29T05:33:58Z,KBOS,Wednesday,2026-09-30T06:00:00-04:00,1,68.0,Partly Sunny,"Partly sunny, with a high near 68. South wind around 5 mph."
33,2026-09-29T05:33:58Z,KBOS,Wednesday Night,2026-09-30T18:00:00-04:00,0,59.0,Mostly Cloudy,"Mostly cloudy, with a low around 59. South wind around 5 mph."
34,2026-09-29T05:33:58Z,KBOS,Thursday,2026-10-01T06:00:00-04:00,1,76.0,Mostly Sunny,"Mostly sunny, with a high near 76. Southwest wind 5 to 9 mph."
35,2026-09-29T05:33:58Z,KBOS,Thursday Night,2026-10-01T18:00:00-04:00,0,66.0,Partly Cloudy,"Partly cloudy, with a low around 66. Southwest wind around 9 mph."
36,2026-09-29T05:33:58Z,KBOS,Friday,2026-10-02T06:00:00-04:00,1,76.0,Mostly Sunny,"Mostly sunny, with a high near 76. Southwest wind around 8 mph."
37,2026-09-29T05:33:58Z,KBOS,Friday Night,2026-10-02T18:00:00-04:00,0,59.0,Chance Rain Showers,"A chance of rain showers. Mostly cloudy, with a low around 59. Northwest wind around 6 mph. Chance of precipitation is 30%."
38,2026-09-29T05:33:58Z,KBOS,Saturday,2026-10-03T06:00:00-04:00,1,65.0,Mostly Sunny,"Mostly sunny, with a high near 65. Northeast wind around 8 mph."
39,2026-09-29T05:33:58Z,KBOS,Saturday Night,2026-10-03T18:00:00-04:00,0,54.0,Mostly Cloudy then Slight Chance Rain Showers,"A slight chance of rain showers after 2am. Mostly cloudy, with a low around 54. East wind around 6 mph."
40,2026-09-29T05:33:58Z,KBOS,Sunday,2026-10-04T06:00:00-04:00,1,64.0,Chance Rain Showers,"A chance of rain showers. Partly sunny, with a high near 64. East wind 5 to 10 mph. Chance of precipitation is 40%."
41,2026-09-29T05:33:58Z,KBOS,Sunday Night,2026-10-04T18:00:00-04:00,0,56.0,Chance Rain Showers,"A chance of rain showers. Mostly cloudy, with a low around 56. South wind around 9 mph. Chance of precipitation is 40%."
42,2026-09-29T05:33:58Z,KBOS,Monday,2026-10-05T06:00:00-04:00,1,64.0,Chance Rain Showers,"A chance of rain showers before 2pm. Partly sunny, with a high near 64. Northwest wind 8 to 13 mph."
43,2026-09-29T05:33:58Z,KMDW,Tonight,2026-09-28T22:00:00-05:00,0,55.0,Partly Cloudy then Patchy Fog,"Patchy fog after 1am. Partly cloudy, with a low around 55. East wind around 0 mph."
44,2026-09-29T05:33:58Z,KMDW,Tuesday,2026-09-29T06:00:00-05:00,1,77.0,Patchy Fog then Mostly Sunny,"Patchy fog before 9am. Mostly sunny. High near 77, with temperatures falling to around 75 in the afternoon. South wind 0 to 10 mph."
45,2026-09-29T05:33:58Z,KMDW,Tuesday Night,2026-09-29T18:00:00-05:00,0,63.0,Mostly Cloudy,"Mostly cloudy, with a low around 63. South southeast wind 5 to 10 mph."
46,2026-09-29T05:33:58Z,KMDW,Wednesday,2026-09-30T06:00:00-05:00,1,75.0,Chance Rain Showers,"A chance of rain showers after 7am. Mostly cloudy, with a high near 75. South southwest wind around 10 mph, with gusts as high as 20 mph. Chance of precipitation is 30%."
47,2026-09-29T05:33:58Z,KMDW,Wednesday Night,2026-09-30T18:00:00-05:00,0,68.0,Chance Rain Showers,"A chance of rain showers. Cloudy, with a low around 68. South wind around 10 mph, with gusts as high as 20 mph. Chance of precipitation is 50%."
48,2026-09-29T05:33:58Z,KMDW,Thursday,2026-10-01T06:00:00-05:00,1,73.0,Showers And Thunderstorms,"A chance of rain showers before 7am, then showers and thunderstorms. Cloudy, with a high near 73. Chance of precipitation is 80%."
49,2026-09-29T05:33:58Z,KMDW,Thursday Night,2026-10-01T18:00:00-05:00,0,59.0,Showers And Thunderstorms,"Showers and thunderstorms. Cloudy, with a low around 59."
50,2026-09-29T05:33:58Z,KMDW,Friday,2026-10-02T06:00:00-05:00,1,64.0,Showers And Thunderstorms Likely,"Showers and thunderstorms likely before 1pm. Mostly cloudy, with a high near 64."
51,2026-09-29T05:33:58Z,KMDW,Friday Night,2026-10-02T18:00:00-05:00,0,54.0,Slight Chance Rain Showers,"A slight chance of rain showers after 7pm. Mostly cloudy, with a low around 54."
52,2026-09-29T05:33:58Z,KMDW,Saturday,2026-10-03T06:00:00-05:00,1,64.0,Chance Rain Showers,"A chance of rain showers. Partly sunny, with a high near 64."
53,2026-09-29T05:33:58Z,KMDW,Saturday Night,2026-10-03T18:00:00-05:00,0,55.0,Chance Rain Showers,"A chance of rain showers. Mostly cloudy, with a low around 55."
54,2026-09-29T05:33:58Z,KMDW,Sunday,2026-10-04T06:00:00-05:00,1,65.0,Slight Chance Rain Showers then Partly Sunny,"A slight chance of rain showers before 7am. Partly sunny, with a high near 65."
55,2026-09-29T05:33:58Z,KMDW,Sunday Night,2026-10-04T18:00:00-05:00,0,51.0,Partly Cloudy,"Partly cloudy, with a low around 51."
56,2026-09-29T05:33:58Z,KMDW,Monday,2026-10-05T06:00:00-05:00,1,60.0,Sunny,"Sunny, with a high near 60."
57,2026-09-29T05:33:58Z,KDFW,Tonight,2026-09-28T22:00:00-05:00,0,75.0,Partly Cloudy,"Partly cloudy. Low around 75, with temperatures rising to around 77 overnight. Southeast wind around 10 mph."
58,2026-09-29T05:33:58Z,KDFW,Tuesday,2026-09-29T06:00:00-05:00,1,94.0,Mostly Sunny,"Mostly sunny, with a high near 94. South southeast wind 5 to 15 mph, with gusts as high as 30 mph."
59,2026-09-29T05:33:58Z,KDFW,Tuesday Night,2026-09-29T18:00:00-05:00,0,76.0,Partly Cloudy,"Partly cloudy, with a low around 76. South southeast wind around 15 mph, with gusts as high as 30 mph."
60,2026-09-29T05:33:58Z,KDFW,Wednesday,2026-09-30T06:00:00-05:00,1,94.0,Mostly Cloudy then Chance Showers And Thunderstorms,"A chance of showers and thunderstorms between 1pm and 4pm, then a chance of showers and thunderstorms. Mostly cloudy. High near 94, with temperatures falling to around 92 in the afternoon. Heat index values as high as 103. South southeast wind 15 to 20 mph, with gusts as high as 35 mph. Chance of precipitation is 50%. New rainfall amounts between a tenth and quarter of an inch possible."
61,2026-09-29T05:33:58Z,KDFW,Wednesday Night,2026-09-30T18:00:00-05:00,0,75.0,Chance Showers And Thunderstorms then Showers And Thunderstorms,"A chance of showers and thunderstorms before 7pm, then showers and thunderstorms. Some of the storms could produce heavy rain. Mostly cloudy, with a low around 75. South wind around 15 mph, with gusts as high as 30 mph. Chance of precipitation is 90%."
62,2026-09-29T05:33:58Z,KDFW,Thursday,2026-10-01T06:00:00-05:00,1,84.0,Showers And Thunderstorms,"Showers and thunderstorms. Some of the storms could produce heavy rain. Cloudy. High near 84, with temperatures falling to around 81 in the afternoon. South southeast wind 10 to 15 mph, with gusts as high as 25 mph. Chance of precipitation is 90%."
63,2026-09-29T05:33:58Z,KDFW,Thursday Night,2026-10-01T18:00:00-05:00,0,70.0,Showers And Thunderstorms,"Showers and thunderstorms. Mostly cloudy, with a low around 70. East northeast wind 5 to 10 mph. Chance of precipitation is 90%."
64,2026-09-29T05:33:58Z,KDFW,Friday,2026-10-02T06:00:00-05:00,1,80.0,Showers And Thunderstorms,"Showers and thunderstorms before 1pm, then a chance of showers and thunderstorms. Mostly cloudy, with a high near 80. North northeast wind 5 to 10 mph. Chance of precipitation is 80%."
65,2026-09-29T05:33:58Z,KDFW,Friday Night,2026-10-02T18:00:00-05:00,0,67.0,Chance Showers And Thunderstorms,"A chance of showers and thunderstorms before 7pm, then a chance of showers and thunderstorms. Mostly cloudy, with a low around 67. North northeast wind 5 to 10 mph. Chance of precipitation is 50%."
66,2026-09-29T05:33:58Z,KDFW,Saturday,2026-10-03T06:00:00-05:00,1,80.0,Chance Showers And Thunderstorms,"A chance of rain showers before 7am, then a chance of showers and thunderstorms. Mostly cloudy, with a high near 80. Chance of precipitation is 50%."
67,2026-09-29T05:33:58Z,KDFW,Saturday Night,2026-10-03T18:00:00-05:00,0,68.0,Chance Rain Showers,"A chance of rain showers. Mostly cloudy, with a low around 68. Chance of precipitation is 40%."
68,2026-09-29T05:33:58Z,KDFW,Sunday,2026-10-04T06:00:00-05:00,1,79.0,Chance Rain Showers,"A chance of rain showers. Partly sunny, with a high near 79. Chance of precipitation is 40%."
69,2026-09-29T05:33:58Z,KDFW,Sunday Night,2026-10-04T18:00:00-05:00,0,64.0,Slight Chance Rain Showers then Partly Cloudy,"A slight chance of rain showers before 7pm. Partly cloudy, with a low around 64. Chance of precipitation is 20%."
70,2026-09-29T05:33:58Z,KDFW,Monday,2026-10-05T06:00:00-05:00,1,79.0,Mostly Sunny,"Mostly sunny, with a high near 79."
71,2026-09-29T05:33:58Z,KDEN,Tonight,2026-09-28T21:00:00-06:00,0,56.0,Chance Rain Showers,"A chance of rain showers. Mostly cloudy. Low around 56, with temperatures rising to around 58 overnight. Southwest wind 5 to 8 mph. Chance of precipitation is 40%. New rainfall amounts less than a tenth of an inch possible."
72,2026-09-29T05:33:58Z,KDEN,Tuesday,2026-09-29T06:00:00-06:00,1,67.0,Chance Rain Showers,"A chance of rain showers. Cloudy. High near 67, with temperatures falling to around 65 in the afternoon. North northwest wind around 8 mph. Chance of precipitation is 30%. New rainfall amounts less than a tenth of an inch possible."
73,2026-09-29T05:33:58Z,KDEN,Tuesday Night,2026-09-29T18:00:00-06:00,0,54.0,Rain Showers Likely,"Rain showers likely. Cloudy. Low around 54, with temperatures rising to around 56 overnight. North wind 5 to 9 mph. Chance of precipitation is 70%."
74,2026-09-29T05:33:58Z,KDEN,Wednesday,2026-09-30T06:00:00-06:00,1,64.0,Rain Showers Likely,"Rain showers likely before 3pm, then showers and thunderstorms likely. Mostly cloudy, with a high near 64. North wind 8 to 14 mph, with gusts as high as 22 mph. Chance of precipitation is 70%."
75,2026-09-29T05:33:58Z,KDEN,Wednesday Night,2026-09-30T18:00:00-06:00,0,49.0,Showers And Thunderstorms Likely,"Showers and thunderstorms likely. Mostly cloudy, with a low around 49. North wind 8 to 14 mph, with gusts as high as 22 mph. Chance of precipitation is 60%."
76,2026-09-29T05:33:58Z,KDEN,Thursday,2026-10-01T06:00:00-06:00,1,65.0,Chance Rain Showers then Partly Sunny,"A chance of rain showers before noon. Partly sunny, with a high near 65. Chance of precipitation is 40%."
77,2026-09-29T05:33:58Z,KDEN,Thursday Night,2026-10-01T18:00:00-06:00,0,46.0,Mostly Clear,"Mostly clear, with a low around 46."
78,2026-09-29T05:33:58Z,KDEN,Friday,2026-10-02T06:00:00-06:00,1,76.0,Sunny,"Sunny, with a high near 76."
79,2026-09-29T05:33:58Z,KDEN,Friday Night,2026-10-02T18:00:00-06:00,0,50.0,Mostly Clear,"Mostly clear, with a low around 50."
80,2026-09-29T05:33:58Z,KDEN,Saturday,2026-10-03T06:00:00-06:00,1,75.0,Sunny,"Sunny, with a high near 75."
81,2026-09-29T05:33:58Z,KDEN,Saturday Night,2026-10-03T18:00:00-06:00,0,48.0,Partly Cloudy,"Partly cloudy, with a low around 48."
82,2026-09-29T05:33:58Z,KDEN,Sunday,2026-10-04T06:00:00-06:00,1,72.0,Sunny,"Sunny, with a high near 72."
83,2026-09-29T05:33:58Z,KDEN,Sunday Night,2026-10-04T18:00:00-06:00,0,49.0,Mostly Clear,"Mostly clear, with a low around 49."
84,2026-09-29T05:33:58Z,KDEN,Monday,2026-10-05T06:00:00-06:00,1,79.0,Sunny,"Sunny, with a high near 79."
85,2026-09-29T05:33:58Z,KIAH,Overnight,2026-09-29T00:00:00-05:00,0,75.0,Mostly Clear,"Mostly clear, with a low around 75. Southeast wind 0 to 5 mph."
86,2026-09-29T05:33:58Z,KIAH,Tuesday,2026-09-29T06:00:00-05:00,1,93.0,Mostly Sunny,"Mostly sunny. High near 93, with temperatures falling to around 90 in the afternoon. East wind 5 to 15 mph, with gusts as high as 25 mph."
87,2026-09-29T05:33:58Z,KIAH,Tuesday Night,2026-09-29T18:00:00-05:00,0,78.0,Mostly Clear,"Mostly clear, with a low around 78. Southeast wind 10 to 15 mph, with gusts as high as 25 mph."
88,2026-09-29T05:33:58Z,KIAH,Wednesday,2026-09-30T06:00:00-05:00,1,93.0,Chance Showers And Thunderstorms,"A chance of showers and thunderstorms between 11am and 5pm. Mostly sunny, with a high near 93. Heat index values as high as 104. Southeast wind 10 to 15 mph, with gusts as high as 30 mph. Chance of precipitation is 50%."
89,2026-09-29T05:33:58Z,KIAH,Wednesday Night,2026-09-30T18:00:00-05:00,0,79.0,Chance Showers And Thunderstorms then Mostly Cloudy,"A chance of showers and thunderstorms before 7pm. Mostly cloudy, with a low around 79. Southeast wind 10 to 15 mph, with gusts as high as 30 mph. Chance of precipitation is 30%."
90,2026-09-29T05:33:58Z,KIAH,Thursday,2026-10-01T06:00:00-05:00,1,92.0,Showers And Thunderstorms Likely,"Rain showers likely between 7am and 10am, then showers and thunderstorms likely. Partly sunny, with a high near 92. Chance of precipitation is 70%."
91,2026-09-29T05:33:58Z,KIAH,Thursday Night,2026-10-01T18:00:00-05:00,0,76.0,Showers And Thunderstorms Likely,"Showers and thunderstorms likely before 1am, then a chance of showers and thunderstorms. Mostly cloudy, with a low around 76. Chance of precipitation is 70%."
92,2026-09-29T05:33:58Z,KIAH,Friday,2026-10-02T06:00:00-05:00,1,88.0,Chance Showers And Thunderstorms then Showers And Thunderstorms,"A chance of showers and thunderstorms before 7am, then showers and thunderstorms. Mostly cloudy, with a high near 88. Chance of precipitation is 80%."
93,2026-09-29T05:33:58Z,KIAH,Friday Night,2026-10-02T18:00:00-05:00,0,74.0,Showers And Thunderstorms,"Showers and thunderstorms. Mostly cloudy, with a low around 74. Chance of precipitation is 80%."
94,2026-09-29T05:33:58Z,KIAH,Saturday,2026-10-03T06:00:00-05:00,1,87.0,Showers And Thunderstorms Likely,"A chance of rain showers before 7am, then showers and thunderstorms likely. Mostly cloudy, with a high near 87. Chance of precipitation is 70%."
95,2026-09-29T05:33:58Z,KIAH,Saturday Night,2026-10-03T18:00:00-05:00,0,74.0,Showers And Thunderstorms Likely,"Showers and thunderstorms likely. Mostly cloudy, with a low around 74. Chance of precipitation is 70%."
96,2026-09-29T05:33:58Z,KIAH,Sunday,2026-10-04T06:00:00-05:00,1,85.0,Showers And Thunderstorms Likely,"A chance of rain showers before 1pm, then showers and thunderstorms likely. Mostly cloudy, with a high near 85. Chance of precipitation is 60%."
97,2026-09-29T05:33:58Z,KIAH,Sunday Night,2026-10-04T18:00:00-05:00,0,72.0,Showers And Thunderstorms Likely,"Showers and thunderstorms likely. Mostly cloudy, with a low around 72. Chance of precipitation is 60%."
98,2026-09-29T05:33:58Z,KIAH,Monday,2026-10-05T06:00:00-05:00,1,82.0,Chance Rain Showers,"A chance of rain showers before 1pm, then a chance of showers and thunderstorms. Mostly cloudy, with a high near 82."
99,2026-09-29T05:33:58Z,KLAS,Tonight,2026-09-28T21:00:00-07:00,0,66.0,Chance Showers And Thunderstorms,"A chance of showers and thunderstorms. Partly cloudy. Low around 66, with temperatures rising to around 68 overnight. Northeast wind 2 to 6 mph. Chance of precipitation is 40%."
100,2026-09-29T05:33:58Z,KLAS,Tuesday,2026-09-29T06:00:00-07:00,1,83.0,Slight Chance Showers And Thunderstorms,"A chance of rain showers before 11am, then a slight chance of showers and thunderstorms between 11am and 1pm, then a chance of showers and thunderstorms between 1pm and 2pm, then a slight chance of showers and thunderstorms between 2pm and 5pm. Partly sunny, with a high near 83. North wind 9 to 18 mph, with gusts as high as 29 mph. Chance of precipitation is 40%."
101,2026-09-29T05:33:58Z,KLAS,Tuesday Night,2026-09-29T18:00:00-07:00,0,69.0,Mostly Clear,"Mostly clear. Low around 69, with temperatures rising to around 71 overnight. North northwest wind 3 to 9 mph."
102,2026-09-29T05:33:58Z,KLAS,Wednesday,2026-09-30T06:00:00-07:00,1,92.0,Sunny,"Sunny, with a high near 92. North wind 3 to 13 mph, with gusts as high as 18 mph."
103,2026-09-29T05:33:58Z,KLAS,Wednesday Night,2026-09-30T18:00:00-07:00,0,70.0,Clear,"Clear, with a low around 70. West wind around 3 mph."
104,2026-09-29T05:33:58Z,KLAS,Thursday,2026-10-01T06:00:00-07:00,1,92.0,Sunny,"Sunny, with a high near 92."
105,2026-09-29T05:33:58Z,KLAS,Thursday Night,2026-10-01T18:00:00-07:00,0,72.0,Clear,"Clear, with a low around 72."
106,2026-09-29T05:33:58Z,KLAS,Friday,2026-10-02T06:00:00-07:00,1,94.0,Sunny,"Sunny, with a high near 94."
107,2026-09-29T05:33:58Z,KLAS,Friday Night,2026-10-02T18:00:00-07:00,0,73.0,Mostly Clear,"Mostly clear, with a low around 73."
108,2026-09-29T05:33:58Z,KLAS,Saturday,2026-10-03T06:00:00-07:00,1,94.0,Sunny,"Sunny, with a high near 94."
109,2026-09-29T05:33:58Z,KLAS,Saturday Night,2026-10-03T18:00:00-07:00,0,73.0,Clear,"Clear, with a low around 73."
110,2026-09-29T05:33:58Z,KLAS,Sunday,2026-10-04T06:00:00-07:00,1,95.0,Sunny,"Sunny, with a high near 95."
111,2026-09-29T05:33:58Z,KLAS,Sunday Night,2026-10-04T18:00:00-07:00,0,74.0,Clear,"Clear, with a low around 74."
112,2026-09-29T05:33:58Z,KLAS,Monday,2026-10-05T06:00:00-07:00,1,94.0,Sunny,"Sunny, with a high near 94."
113,2026-09-29T05:33:58Z,KLAX,Tonight,2026-09-28T21:00:00-07:00,0,67.0,Mostly Clear,"Mostly clear, with a low around 67. North wind 5 to 10 mph."
114,2026-09-29T05:33:58Z,KLAX,Tuesday,2026-09-29T06:00:00-07:00,1,82.0,Sunny,"Sunny, with a high near 82. West northwest wind 5 to 15 mph, with gusts as high as 25 mph."
115,2026-09-29T05:33:58Z,KLAX,Tuesday Night,2026-09-29T18:00:00-07:00,0,68.0,Partly Cloudy then Patchy Fog,"Patchy fog after 5am. Partly cloudy, with a low around 68. Southeast wind 5 to 15 mph, with gusts as high as 20 mph."
116,2026-09-29T05:33:58Z,KLAX,Wednesday,2026-09-30T06:00:00-07:00,1,80.0,Patchy Fog then Mostly Sunny,"Patchy fog before 11am. Mostly sunny, with a high near 80. South southeast wind 5 to 10 mph."
117,2026-09-29T05:33:58Z,KLAX,Wednesday Night,2026-09-30T18:00:00-07:00,0,67.0,Patchy Fog,"Patchy fog after 11pm. Mostly cloudy, with a low around 67. South wind 0 to 10 mph."
118,2026-09-29T05:33:58Z,KLAX,Thursday,2026-10-01T06:00:00-07:00,1,81.0,Patchy Fog then Mostly Sunny,"Patchy fog before 11am. Mostly sunny, with a high near 81."
119,2026-09-29T05:33:58Z,KLAX,Thursday Night,2026-10-01T18:00:00-07:00,0,68.0,Partly Cloudy,"Partly cloudy, with a low around 68."
120,2026-09-29T05:33:58Z,KLAX,Friday,2026-10-02T06:00:00-07:00,1,83.0,Sunny,"Sunny, with a high near 83."
121,2026-09-29T05:33:58Z,KLAX,Friday Night,2026-10-02T18:00:00-07:00,0,70.0,Mostly Clear,"Mostly clear, with a low around 70."
122,2026-09-29T05:33:58Z,KLAX,Saturday,2026-10-03T06:00:00-07:00,1,87.0,Sunny,"Sunny, with a high near 87."
123,2026-09-29T05:33:58Z,KLAX,Saturday Night,2026-10-03T18:00:00-07:00,0,74.0,Mostly Clear,"Mostly clear, with a low around 74."
124,2026-09-29T05:33:58Z,KLAX,Sunday,2026-10-04T06:00:00-07:00,1,89.0,Sunny,"Sunny, with a high near 89."
125,2026-09-29T05:33:58Z,KLAX,Sunday Night,2026-10-04T18:00:00-07:00,0,75.0,Mostly Clear,"Mostly clear, with a low around 75."
126,2026-09-29T05:33:58Z,KLAX,Monday,2026-10-05T06:00:00-07:00,1,89.0,Sunny,"Sunny, with a high near 89."
127,2026-09-29T05:33:58Z,KMIA,Tonight,2026-09-28T22:00:00-04:00,0,75.0,Partly Cloudy,"Partly cloudy, with a low around 75. West wind 0 to 6 mph."
128,2026-09-29T05:33:58Z,KMIA,Tuesday,2026-09-29T06:00:00-04:00,1,87.0,Chance Showers And Thunderstorms,"A chance of showers and thunderstorms after 8am. Mostly cloudy. High near 87, with temperatures falling to around 82 in the afternoon. West wind 0 to 6 mph. Chance of precipitation is 50%. New rainfall amounts between a tenth and quarter of an inch possible."
129,2026-09-29T05:33:58Z,KMIA,Tuesday Night,2026-09-29T18:00:00-04:00,0,76.0,Chance Showers And Thunderstorms,"A chance of showers and thunderstorms. Mostly cloudy, with a low around 76. East wind 0 to 6 mph. Chance of precipitation is 40%. New rainfall amounts between a tenth and quarter of an inch possible."
130,2026-09-29T05:33:58Z,KMIA,Wednesday,2026-09-30T06:00:00-04:00,1,86.0,Chance Showers And Thunderstorms,"A chance of showers and thunderstorms before 8am, then a chance of showers and thunderstorms between 8am and 11am, then a chance of showers and thunderstorms between 11am and 2pm, then showers and thunderstorms likely. Partly sunny, with a high near 86. East wind 6 to 9 mph. Chance of precipitation is 60%."
131,2026-09-29T05:33:58Z,KMIA,Wednesday Night,2026-09-30T18:00:00-04:00,0,77.0,Showers And Thunderstorms Likely,"Showers and thunderstorms likely. Mostly cloudy, with a low around 77. East wind around 12 mph, with gusts as high as 18 mph. Chance of precipitation is 70%."
132,2026-09-29T05:33:58Z,KMIA,Thursday,2026-10-01T06:00:00-04:00,1,87.0,Showers And Thunderstorms,"Showers and thunderstorms. Mostly cloudy, with a high near 87. East wind 12 to 16 mph, with gusts as high as 35 mph. Chance of precipitation is 80%."
133,2026-09-29T05:33:58Z,KMIA,Thursday Night,2026-10-01T18:00:00-04:00,0,79.0,Showers And Thunderstorms,"Showers and thunderstorms. Mostly cloudy, with a low around 79. East wind around 14 mph, with gusts as high as 26 mph. Chance of precipitation is 80%."
134,2026-09-29T05:33:58Z,KMIA,Friday,2026-10-02T06:00:00-04:00,1,89.0,Chance Showers And Thunderstorms then Showers And Thunderstorms Likely,"A chance of showers and thunderstorms before 8am, then showers and thunderstorms likely. Mostly cloudy, with a high near 89. East wind 13 to 17 mph, with gusts as high as 35 mph. Chance of precipitation is 70%."
135,2026-09-29T05:33:58Z,KMIA,Friday Night,2026-10-02T18:00:00-04:00,0,79.0,Showers And Thunderstorms Likely,"Showers and thunderstorms likely before 2am. Mostly cloudy, with a low around 79. East wind around 13 mph, with gusts as high as 23 mph. Chance of precipitation is 70%."
136,2026-09-29T05:33:58Z,KMIA,Saturday,2026-10-03T06:00:00-04:00,1,90.0,Chance Showers And Thunderstorms,"A chance of showers and thunderstorms after 8am. Partly sunny, with a high near 90. Chance of precipitation is 40%."
137,2026-09-29T05:33:58Z,KMIA,Saturday Night,2026-10-03T18:00:00-04:00,0,78.0,Chance Showers And Thunderstorms,"A chance of showers and thunderstorms before 2am. Partly cloudy, with a low around 78. Chance of precipitation is 40%."
138,2026-09-29T05:33:58Z,KMIA,Sunday,2026-10-04T06:00:00-04:00,1,89.0,Chance Showers And Thunderstorms,"A chance of showers and thunderstorms after 8am. Mostly sunny, with a high near 89. Chance of precipitation is 40%."
139,2026-09-29T05:33:58Z,KMIA,Sunday Night,2026-10-04T18:00:00-04:00,0,78.0,Chance Showers And Thunderstorms,"A chance of showers and thunderstorms before 2am. Partly cloudy, with a low around 78. Chance of precipitation is 40%."
140,2026-09-29T05:33:58Z,KMIA,Monday,2026-10-05T06:00:00-04:00,1,89.0,Chance Showers And Thunderstorms,"A chance of showers and thunderstorms after 8am. Mostly sunny, with a high near 89."
141,2026-09-29T05:33:58Z,KMSP,Tonight,2026-09-28T22:00:00-05:00,0,62.0,Mostly Cloudy,"Mostly cloudy, with a low around 62. South southeast wind 5 to 10 mph."
142,2026-09-29T05:33:58Z,KMSP,Tuesday,2026-09-29T06:00:00-05:00,1,68.0,Showers And Thunderstorms,"Rain showers likely between 10am and 1pm, then showers and thunderstorms. Mostly cloudy. High near 68, with temperatures falling to around 64 in the afternoon. South wind 10 to 15 mph. Chance of precipitation is 100%. New rainfall amounts between a quarter and half of an inch possible."
143,2026-09-29T05:33:58Z,KMSP,Tuesday Night,2026-09-29T18:00:00-05:00,0,61.0,Chance Showers And Thunderstorms,"A chance of showers and thunderstorms before 1am, then patchy fog and a slight chance of rain showers. Mostly cloudy, with a low around 61. South southwest wind 5 to 15 mph. Chance of precipitation is 40%. New rainfall amounts between a quarter and half of an inch possible."
144,2026-09-29T05:33:58Z,KMSP,Wednesday,2026-09-30T06:00:00-05:00,1,73.0,Chance Rain Showers,"A chance of rain showers. Mostly cloudy, with a high near 73. South southwest wind around 5 mph. Chance of precipitation is 40%. New rainfall amounts between a tenth and quarter of an inch possible."
145,2026-09-29T05:33:58Z,KMSP,Wednesday Night,2026-09-30T18:00:00-05:00,0,57.0,Chance Rain Showers then Mostly Cloudy,"A chance of rain showers before 7pm. Mostly cloudy, with a low around 57. West wind 5 to 10 mph. Chance of precipitation is 30%. New rainfall amounts less than a tenth of an inch possible."
146,2026-09-29T05:33:58Z,KMSP,Thursday,2026-10-01T06:00:00-05:00,1,66.0,Partly Sunny,"Partly sunny, with a high near 66. North northwest wind 10 to 15 mph."
147,2026-09-29T05:33:58Z,KMSP,Thursday Night,2026-10-01T18:00:00-05:00,0,47.0,Partly Cloudy,"Partly cloudy, with a low around 47. North northwest wind 0 to 10 mph."
148,2026-09-29T05:33:58Z,KMSP,Friday,2026-10-02T06:00:00-05:00,1,65.0,Sunny,"Sunny, with a high near 65. North northeast wind 0 to 5 mph."
149,2026-09-29T05:33:58Z,KMSP,Friday Night,2026-10-02T18:00:00-05:00,0,48.0,Partly Cloudy,"Partly cloudy, with a low around 48. East southeast wind 0 to 5 mph."
150,2026-09-29T05:33:58Z,KMSP,Saturday,2026-10-03T06:00:00-05:00,1,65.0,Mostly Sunny,"Mostly sunny, with a high near 65. South wind 5 to 10 mph."
151,2026-09-29T05:33:58Z,KMSP,Saturday Night,2026-10-03T18:00:00-05:00,0,49.0,Partly Cloudy,"Partly cloudy, with a low around 49. West wind around 5 mph."
152,2026-09-29T05:33:58Z,KMSP,Sunday,2026-10-04T06:00:00-05:00,1,61.0,Sunny,"Sunny, with a high near 61. Northwest wind 5 to 10 mph."
153,2026-09-29T05:33:58Z,KMSP,Sunday Night,2026-10-04T18:00:00-05:00,0,43.0,Mostly Clear,"Mostly clear, with a low around 43. Northwest wind 0 to 5 mph."
154,2026-09-29T05:33:58Z,KMSP,Monday,2026-10-05T06:00:00-05:00,1,61.0,Sunny,"Sunny, with a high near 61. West southwest wind 0 to 5 mph."
155,2026-09-29T05:33:58Z,KMSY,Tonight,2026-09-28T22:00:00-05:00,0,73.0,Clear,"Clear, with a low around 73. South wind 0 to 5 mph."
156,2026-09-29T05:33:58Z,KMSY,Tuesday,2026-09-29T06:00:00-05:00,1,90.0,Sunny,"Sunny. High near 90, with temperatures falling to around 88 in the afternoon. Northeast wind 0 to 10 mph."
157,2026-09-29T05:33:58Z,KMSY,Tuesday Night,2026-09-29T18:00:00-05:00,0,73.0,Clear,"Clear, with a low around 73. Southeast wind 5 to 10 mph."
158,2026-09-29T05:33:58Z,KMSY,Wednesday,2026-09-30T06:00:00-05:00,1,90.0,Sunny,"Sunny, with a high near 90. Southeast wind 5 to 15 mph."
159,2026-09-29T05:33:58Z,KMSY,Wednesday Night,2026-09-30T18:00:00-05:00,0,76.0,Mostly Clear,"Mostly clear, with a low around 76. Southeast wind around 10 mph."
160,2026-09-29T05:33:58Z,KMSY,Thursday,2026-10-01T06:00:00-05:00,1,90.0,Mostly Sunny then Showers And Thunderstorms Likely,"Showers and thunderstorms likely after 1pm. Mostly sunny, with a high near 90. Southeast wind 10 to 15 mph. Chance of precipitation is 60%."
161,2026-09-29T05:33:58Z,KMSY,Thursday Night,2026-10-01T18:00:00-05:00,0,76.0,Showers And Thunderstorms Likely then Slight Chance Showers And Thunderstorms,"Showers and thunderstorms likely before 7pm, then a slight chance of showers and thunderstorms between 7pm and 1am. Partly cloudy, with a low around 76. Southeast wind 5 to 15 mph. Chance of precipitation is 60%."
162,2026-09-29T05:33:58Z,KMSY,Friday,2026-10-02T06:00:00-05:00,1,88.0,Showers And Thunderstorms Likely,"Showers and thunderstorms likely after 7am. Mostly sunny, with a high near 88. East wind 5 to 15 mph."
163,2026-09-29T05:33:58Z,KMSY,Friday Night,2026-10-02T18:00:00-05:00,0,75.0,Showers And Thunderstorms Likely then Chance Showers And Thunderstorms,"Showers and thunderstorms likely before 7pm, then a chance of showers and thunderstorms. Mostly cloudy, with a low around 75. East wind 5 to 10 mph."
164,2026-09-29T05:33:58Z,KMSY,Saturday,2026-10-03T06:00:00-05:00,1,87.0,Chance Showers And Thunderstorms then Showers And Thunderstorms Likely,"A chance of showers and thunderstorms before 7am, then showers and thunderstorms likely. Partly sunny, with a high near 87. East wind around 10 mph."
165,2026-09-29T05:33:58Z,KMSY,Saturday Night,2026-10-03T18:00:00-05:00,0,75.0,Showers And Thunderstorms Likely,"Showers and thunderstorms likely. Mostly cloudy, with a low around 75. East wind 5 to 10 mph."
166,2026-09-29T05:33:58Z,KMSY,Sunday,2026-10-04T06:00:00-05:00,1,86.0,Showers And Thunderstorms,"A chance of rain showers before 7am, then showers and thunderstorms. Partly sunny, with a high near 86. East wind 5 to 10 mph."
167,2026-09-29T05:33:58Z,KMSY,Sunday Night,2026-10-04T18:00:00-05:00,0,74.0,Showers And Thunderstorms,"Showers and thunderstorms. Mostly cloudy, with a low around 74. Northeast wind 5 to 10 mph."
168,2026-09-29T05:33:58Z,KMSY,Monday,2026-10-05T06:00:00-05:00,1,83.0,Showers And Thunderstorms Likely,"A chance of rain showers before 1pm, then showers and thunderstorms likely. Mostly cloudy, with a high near 83. Northeast wind 10 to 15 mph."
169,2026-09-29T05:33:58Z,KNYC,Tonight,2026-09-28T23:00:00-04:00,0,57.0,Mostly Cloudy,"Mostly cloudy, with a low around 57. Wind around 0 mph."
170,2026-09-29T05:33:58Z,KNYC,Tuesday,2026-09-29T06:00:00-04:00,1,71.0,Mostly Cloudy,"Mostly cloudy, with a high near 71. Northwest wind 0 to 3 mph."
171,2026-09-29T05:33:58Z,KNYC,Tuesday Night,2026-09-29T18:00:00-04:00,0,59.0,Mostly Cloudy,"Mostly cloudy, with a low around 59. Wind around 0 mph."
172,2026-09-29T05:33:58Z,KNYC,Wednesday,2026-09-30T06:00:00-04:00,1,74.0,Mostly Sunny,"Mostly sunny, with a high near 74. Wind around 0 mph."
173,2026-09-29T05:33:58Z,KNYC,Wednesday Night,2026-09-30T18:00:00-04:00,0,62.0,Partly Cloudy,"Partly cloudy, with a low around 62. Wind around 0 mph."
174,2026-09-29T05:33:58Z,KNYC,Thursday,2026-10-01T06:00:00-04:00,1,78.0,Mostly Sunny,"Mostly sunny, with a high near 78."
175,2026-09-29T05:33:58Z,KNYC,Thursday Night,2026-10-01T18:00:00-04:00,0,68.0,Partly Cloudy,"Partly cloudy, with a low around 68."
176,2026-09-29T05:33:58Z,KNYC,Friday,2026-10-02T06:00:00-04:00,1,81.0,Mostly Sunny,"Mostly sunny, with a high near 81."
177,2026-09-29T05:33:58Z,KNYC,Friday Night,2026-10-02T18:00:00-04:00,0,63.0,Chance Rain Showers,"A chance of rain showers after 8pm. Mostly cloudy, with a low around 63. Chance of precipitation is 30%."
178,2026-09-29T05:33:58Z,KNYC,Saturday,2026-10-03T06:00:00-04:00,1,70.0,Slight Chance Rain Showers then Partly Sunny,"A slight chance of rain showers before 8am. Partly sunny, with a high near 70."
179,2026-09-29T05:33:58Z,KNYC,Saturday Night,2026-10-03T18:00:00-04:00,0,60.0,Chance Rain Showers,"A chance of rain showers after 8pm. Mostly cloudy, with a low around 60. Chance of precipitation is 40%."
180,2026-09-29T05:33:58Z,KNYC,Sunday,2026-10-04T06:00:00-04:00,1,69.0,Chance Rain Showers,"A chance of rain showers. Mostly cloudy, with a high near 69. Chance of precipitation is 50%."
181,2026-09-29T05:33:58Z,KNYC,Sunday Night,2026-10-04T18:00:00-04:00,0,58.0,Chance Rain Showers,"A chance of rain showers. Mostly cloudy, with a low around 58. Chance of precipitation is 50%."
182,2026-09-29T05:33:58Z,KNYC,Monday,2026-10-05T06:00:00-04:00,1,68.0,Chance Rain Showers,"A chance of rain showers before 2pm. Partly sunny, with a high near 68."
183,2026-09-29T05:33:58Z,KOKC,Tonight,2026-09-28T23:00:00-05:00,0,70.0,Partly Cloudy,"Partly cloudy, with a low around 70. Southeast wind around 12 mph."
184,2026-09-29T05:33:58Z,KOKC,Tuesday,2026-09-29T06:00:00-05:00,1,90.0,Chance Rain Showers,"A chance of rain showers between 7am and 1pm. Partly sunny, with a high near 90. South southeast wind 13 to 18 mph, with gusts as high as 28 mph. Chance of precipitation is 30%. New rainfall amounts between a tenth and quarter of an inch possible."
185,2026-09-29T05:33:58Z,KOKC,Tuesday Night,2026-09-29T18:00:00-05:00,0,72.0,Partly Cloudy,"Partly cloudy, with a low around 72. South southeast wind 15 to 18 mph, with gusts as high as 28 mph."
186,2026-09-29T05:33:58Z,KOKC,Wednesday,2026-09-30T06:00:00-05:00,1,87.0,Showers And Thunderstorms,"A chance of rain showers between 7am and 1pm, then showers and thunderstorms. Mostly cloudy, with a high near 87. South wind 17 to 23 mph, with gusts as high as 35 mph. Chance of precipitation is 80%."
187,2026-09-29T05:33:58Z,KOKC,Wednesday Night,2026-09-30T18:00:00-05:00,0,68.0,Showers And Thunderstorms,"Showers and thunderstorms. Mostly cloudy, with a low around 68. South wind 13 to 18 mph, with gusts as high as 28 mph. Chance of precipitation is 80%."
188,2026-09-29T05:33:58Z,KOKC,Thursday,2026-10-01T06:00:00-05:00,1,80.0,Showers And Thunderstorms Likely,"Rain showers likely before 7am, then showers and thunderstorms likely between 7am and 1pm, then a chance of showers and thunderstorms. Mostly cloudy, with a high near 80. Chance of precipitation is 70%."
189,2026-09-29T05:33:58Z,KOKC,Thursday Night,2026-10-01T18:00:00-05:00,0,61.0,Chance Showers And Thunderstorms then Showers And Thunderstorms Likely,"A chance of showers and thunderstorms before 7pm, then showers and thunderstorms likely. Mostly cloudy, with a low around 61. Chance of precipitation is 60%."
190,2026-09-29T05:33:58Z,KOKC,Friday,2026-10-02T06:00:00-05:00,1,72.0,Chance Rain Showers,"A chance of rain showers. Partly sunny, with a high near 72. Chance of precipitation is 50%."
191,2026-09-29T05:33:58Z,KOKC,Friday Night,2026-10-02T18:00:00-05:00,0,59.0,Chance Rain Showers,"A chance of rain showers. Mostly cloudy, with a low around 59. Chance of precipitation is 30%."
192,2026-09-29T05:33:58Z,KOKC,Saturday,2026-10-03T06:00:00-05:00,1,76.0,Chance Showers And Thunderstorms,"A chance of rain showers before 7am, then a chance of showers and thunderstorms between 7am and 1pm, then a slight chance of showers and thunderstorms. Partly sunny, with a high near 76. Chance of precipitation is 30%."
193,2026-09-29T05:33:58Z,KOKC,Saturday Night,2026-10-03T18:00:00-05:00,0,61.0,Slight Chance Showers And Thunderstorms,"A slight chance of showers and thunderstorms. Mostly cloudy, with a low around 61. Chance of precipitation is 20%."
194,2026-09-29T05:33:58Z,KOKC,Sunday,2026-10-04T06:00:00-05:00,1,76.0,Slight Chance Rain Showers,"A slight chance of rain showers before 1pm. Mostly sunny, with a high near 76. Chance of precipitation is 20%."
195,2026-09-29T05:33:58Z,KOKC,Sunday Night,2026-10-04T18:00:00-05:00,0,55.0,Partly Cloudy,"Partly cloudy, with a low around 55."
196,2026-09-29T05:33:58Z,KOKC,Monday,2026-10-05T06:00:00-05:00,1,78.0,Sunny,"Sunny, with a high near 78."
197,2026-09-29T05:33:58Z,KPHL,Tonight,2026-09-28T18:00:00-04:00,0,59.0,Slight Chance Rain Showers then Mostly Cloudy,"A slight chance of rain showers between 8pm and 9pm. Mostly cloudy, with a low around 59. Northwest wind around 5 mph. Chance of precipitation is 20%."
198,2026-09-29T05:33:58Z,KPHL,Tuesday,2026-09-29T06:00:00-04:00,1,75.0,Partly Sunny,"Partly sunny, with a high near 75. Northwest wind 5 to 10 mph."
199,2026-09-29T05:33:58Z,KPHL,Tuesday Night,2026-09-29T18:00:00-04:00,0,59.0,Partly Cloudy,"Partly cloudy, with a low around 59. Northwest wind 0 to 5 mph."
200,2026-09-29T05:33:58Z,KPHL,Wednesday,2026-09-30T06:00:00-04:00,1,79.0,Mostly Sunny,"Mostly sunny, with a high near 79. Northwest wind 0 to 5 mph."
201,2026-09-29T05:33:58Z,KPHL,Wednesday Night,2026-09-30T18:00:00-04:00,0,63.0,Partly Cloudy,"Partly cloudy, with a low around 63. Southwest wind around 0 mph."
202,2026-09-29T05:33:58Z,KPHL,Thursday,2026-10-01T06:00:00-04:00,1,82.0,Mostly Sunny,"Mostly sunny, with a high near 82."
203,2026-09-29T05:33:58Z,KPHL,Thursday Night,2026-10-01T18:00:00-04:00,0,66.0,Partly Cloudy,"Partly cloudy, with a low around 66."
204,2026-09-29T05:33:58Z,KPHL,Friday,2026-10-02T06:00:00-04:00,1,84.0,Mostly Sunny,"Mostly sunny, with a high near 84."
205,2026-09-29T05:33:58Z,KPHL,Friday Night,2026-10-02T18:00:00-04:00,0,64.0,Chance Rain Showers,"A chance of rain showers after 8pm. Mostly cloudy, with a low around 64. Chance of precipitation is 30%."
206,2026-09-29T05:33:58Z,KPHL,Saturday,2026-10-03T06:00:00-04:00,1,71.0,Slight Chance Rain Showers,"A slight chance of rain showers. Partly sunny, with a high near 71."
207,2026-09-29T05:33:58Z,KPHL,Saturday Night,2026-10-03T18:00:00-04:00,0,61.0,Chance Rain Showers,"A chance of rain showers. Mostly cloudy, with a low around 61. Chance of precipitation is 40%."
208,2026-09-29T05:33:58Z,KPHL,Sunday,2026-10-04T06:00:00-04:00,1,70.0,Chance Rain Showers,"A chance of rain showers. Mostly cloudy, with a high near 70. Chance of precipitation is 50%."
209,2026-09-29T05:33:58Z,KPHL,Sunday Night,2026-10-04T18:00:00-04:00,0,57.0,Chance Rain Showers,"A chance of rain showers. Mostly cloudy, with a low around 57. Chance of precipitation is 50%."
210,2026-09-29T05:33:58Z,KPHL,Monday,2026-10-05T06:00:00-04:00,1,69.0,Slight Chance Rain Showers,"A slight chance of rain showers before 2pm. Partly sunny, with a high near 69."
211,2026-09-29T05:33:58Z,KPHX,Tonight,2026-09-28T21:00:00-07:00,0,72.0,Chance Showers And Thunderstorms then Showers And Thunderstorms,"A chance of showers and thunderstorms before 11pm, then showers and thunderstorms. Mostly cloudy, with a low around 72. East northeast wind around 10 mph. Chance of precipitation is 80%. New rainfall amounts between a quarter and half of an inch possible."
212,2026-09-29T05:33:58Z,KPHX,Tuesday,2026-09-29T06:00:00-07:00,1,80.0,Showers And Thunderstorms,"Showers and thunderstorms before 2pm, then a chance of showers and thunderstorms between 2pm and 5pm, then a chance of showers and thunderstorms. Mostly cloudy. High near 80, with temperatures falling to around 77 in the afternoon. Northwest wind around 10 mph, with gusts as high as 20 mph. Chance of precipitation is 90%. New rainfall amounts between a tenth and quarter of an inch possible."
213,2026-09-29T05:33:58Z,KPHX,Tuesday Night,2026-09-29T18:00:00-07:00,0,68.0,Chance Showers And Thunderstorms,"A chance of showers and thunderstorms before 7pm, then a slight chance of showers and thunderstorms between 8pm and 10pm, then a chance of showers and thunderstorms between 10pm and 2am. Partly cloudy, with a low around 68. East southeast wind 5 to 10 mph. Chance of precipitation is 30%. New rainfall amounts less than a tenth of an inch possible."
214,2026-09-29T05:33:58Z,KPHX,Wednesday,2026-09-30T06:00:00-07:00,1,83.0,Sunny,"Sunny, with a high near 83. South wind 0 to 10 mph."
215,2026-09-29T05:33:58Z,KPHX,Wednesday Night,2026-09-30T18:00:00-07:00,0,69.0,Clear,"Clear, with a low around 69. Southeast wind around 5 mph."
216,2026-09-29T05:33:58Z,KPHX,Thursday,2026-10-01T06:00:00-07:00,1,88.0,Sunny,"Sunny, with a high near 88. East southeast wind 0 to 5 mph."
217,2026-09-29T05:33:58Z,KPHX,Thursday Night,2026-10-01T18:00:00-07:00,0,72.0,Clear,"Clear, with a low around 72. East wind 0 to 5 mph."
218,2026-09-29T05:33:58Z,KPHX,Friday,2026-10-02T06:00:00-07:00,1,91.0,Sunny,"Sunny, with a high near 91. East wind 5 to 10 mph, with gusts as high as 20 mph."
219,2026-09-29T05:33:58Z,KPHX,Friday Night,2026-10-02T18:00:00-07:00,0,74.0,Clear,"Clear, with a low around 74. East wind 5 to 10 mph, with gusts as high as 20 mph."
220,2026-09-29T05:33:58Z,KPHX,Saturday,2026-10-03T06:00:00-07:00,1,93.0,Sunny,"Sunny, with a high near 93. East wind 5 to 10 mph, with gusts as high as 25 mph."
221,2026-09-29T05:33:58Z,KPHX,Saturday Night,2026-10-03T18:00:00-07:00,0,75.0,Clear,"Clear, with a low around 75. East wind 5 to 10 mph, with gusts as high as 20 mph."
222,2026-09-29T05:33:58Z,KPHX,Sunday,2026-10-04T06:00:00-07:00,1,96.0,Sunny,"Sunny, with a high near 96. East wind 10 to 15 mph, with gusts as high as 35 mph."
223,2026-09-29T05:33:58Z,KPHX,Sunday Night,2026-10-04T18:00:00-07:00,0,77.0,Mostly Clear,"Mostly clear, with a low around 77. East wind around 10 mph, with gusts as high as 25 mph."
224,2026-09-29T05:33:58Z,KPHX,Monday,2026-10-05T06:00:00-07:00,1,95.0,Sunny,"Sunny, with a high near 95. East wind 10 to 15 mph, with gusts as high as 30 mph."
225,2026-09-29T05:33:58Z,KSAT,Overnight,2026-09-29T00:00:00-05:00,0,75.0,Mostly Cloudy,"Mostly cloudy, with a low around 75. Southeast wind 5 to 10 mph."
226,2026-09-29T05:33:58Z,KSAT,Tuesday,2026-09-29T06:00:00-05:00,1,93.0,Slight Chance Rain Showers,"A slight chance of rain showers between 10am and 1pm. Partly sunny, with a high near 93. Heat index values as high as 101. Southeast wind 5 to 15 mph, with gusts as high as 25 mph. Chance of precipitation is 20%."
227,2026-09-29T05:33:58Z,KSAT,Tuesday Night,2026-09-29T18:00:00-05:00,0,76.0,Mostly Cloudy then Chance Showers And Thunderstorms,"A slight chance of rain showers between 1am and 4am, then a chance of showers and thunderstorms. Mostly cloudy, with a low around 76. Heat index values as high as 100. Southeast wind around 15 mph, with gusts as high as 25 mph. Chance of precipitation is 30%."
228,2026-09-29T05:33:58Z,KSAT,Wednesday,2026-09-30T06:00:00-05:00,1,95.0,Chance Showers And Thunderstorms,"A chance of showers and thunderstorms before 1pm, then a chance of showers and thunderstorms. Mostly cloudy, with a high near 95. Heat index values as high as 106. South southeast wind 10 to 15 mph, with gusts as high as 30 mph. Chance of precipitation is 40%."
229,2026-09-29T05:33:58Z,KSAT,Wednesday Night,2026-09-30T18:00:00-05:00,0,76.0,Chance Showers And Thunderstorms then Showers And Thunderstorms,"A chance of showers and thunderstorms before 10pm, then showers and thunderstorms. Mostly cloudy, with a low around 76. Southeast wind around 15 mph, with gusts as high as 30 mph. Chance of precipitation is 80%."
230,2026-09-29T05:33:58Z,KSAT,Thursday,2026-10-01T06:00:00-05:00,1,88.0,Showers And Thunderstorms,"Rain showers before 10am, then showers and thunderstorms. Some of the storms could produce heavy rain. Cloudy, with a high near 88. Southeast wind 5 to 15 mph, with gusts as high as 25 mph. Chance of precipitation is 100%."
231,2026-09-29T05:33:58Z,KSAT,Thursday Night,2026-10-01T18:00:00-05:00,0,72.0,Showers And Thunderstorms,"Showers and thunderstorms. Some of the storms could produce heavy rain. Cloudy, with a low around 72. East wind around 5 mph. Chance of precipitation is 100%."
232,2026-09-29T05:33:58Z,KSAT,Friday,2026-10-02T06:00:00-05:00,1,81.0,Showers And Thunderstorms,"Showers and thunderstorms. Some of the storms could produce heavy rain. Cloudy, with a high near 81. East northeast wind 5 to 10 mph. Chance of precipitation is 90%."
233,2026-09-29T05:33:58Z,KSAT,Friday Night,2026-10-02T18:00:00-05:00,0,70.0,Showers And Thunderstorms Likely,"Showers and thunderstorms likely. Mostly cloudy, with a low around 70. North northeast wind 5 to 15 mph, with gusts as high as 20 mph. Chance of precipitation is 70%."
234,2026-09-29T05:33:58Z,KSAT,Saturday,2026-10-03T06:00:00-05:00,1,82.0,Showers And Thunderstorms Likely,"Showers and thunderstorms likely. Mostly cloudy, with a high near 82. Chance of precipitation is 70%."
235,2026-09-29T05:33:58Z,KSAT,Saturday Night,2026-10-03T18:00:00-05:00,0,70.0,Showers And Thunderstorms Likely,"Showers and thunderstorms likely. Mostly cloudy, with a low around 70. Chance of precipitation is 60%."
236,2026-09-29T05:33:58Z,KSAT,Sunday,2026-10-04T06:00:00-05:00,1,82.0,Chance Rain Showers,"A chance of rain showers. Mostly cloudy, with a high near 82. Chance of precipitation is 40%."
237,2026-09-29T05:33:58Z,KSAT,Sunday Night,2026-10-04T18:00:00-05:00,0,69.0,Chance Rain Showers,"A chance of rain showers. Mostly cloudy, with a low around 69. Chance of precipitation is 40%."
238,2026-09-29T05:33:58Z,KSAT,Monday,2026-10-05T06:00:00-05:00,1,80.0,Chance Rain Showers,"A chance of rain showers. Partly sunny, with a high near 80."
239,2026-09-29T05:33:58Z,KSFO,Tonight,2026-09-28T21:00:00-07:00,0,54.0,Mostly Clear,"Mostly clear, with a low around 54. West southwest wind 3 to 12 mph."
240,2026-09-29T05:33:58Z,KSFO,Tuesday,2026-09-29T06:00:00-07:00,1,77.0,Sunny,"Sunny. High near 77, with temperatures falling to around 73 in the afternoon. West northwest wind 0 to 18 mph, with gusts as high as 22 mph."
241,2026-09-29T05:33:58Z,KSFO,Tuesday Night,2026-09-29T18:00:00-07:00,0,56.0,Mostly Clear,"Mostly clear, with a low around 56. West wind 3 to 16 mph, with gusts as high as 20 mph."
242,2026-09-29T05:33:58Z,KSFO,Wednesday,2026-09-30T06:00:00-07:00,1,80.0,Sunny,"Sunny, with a high near 80. West southwest wind 1 to 14 mph."
243,2026-09-29T05:33:58Z,KSFO,Wednesday Night,2026-09-30T18:00:00-07:00,0,56.0,Mostly Clear,"Mostly clear, with a low around 56. West southwest wind 3 to 14 mph."
244,2026-09-29T05:33:58Z,KSFO,Thursday,2026-10-01T06:00:00-07:00,1,78.0,Sunny,"Sunny, with a high near 78."
245,2026-09-29T05:33:58Z,KSFO,Thursday Night,2026-10-01T18:00:00-07:00,0,58.0,Partly Cloudy,"Partly cloudy, with a low around 58."
246,2026-09-29T05:33:58Z,KSFO,Friday,2026-10-02T06:00:00-07:00,1,75.0,Mostly Sunny,"Mostly sunny, with a high near 75."
247,2026-09-29T05:33:58Z,KSFO,Friday Night,2026-10-02T18:00:00-07:00,0,59.0,Partly Cloudy,"Partly cloudy, with a low around 59."
248,2026-09-29T05:33:58Z,KSFO,Saturday,2026-10-03T06:00:00-07:00,1,75.0,Sunny,"Sunny, with a high near 75."
249,2026-09-29T05:33:58Z,KSFO,Saturday Night,2026-10-03T18:00:00-07:00,0,60.0,Mostly Clear,"Mostly clear, with a low around 60."
250,2026-09-29T05:33:58Z,KSFO,Sunday,2026-10-04T06:00:00-07:00,1,75.0,Sunny,"Sunny, with a high near 75."
251,2026-09-29T05:33:58Z,KSFO,Sunday Night,2026-10-04T18:00:00-07:00,0,60.0,Mostly Clear,"Mostly clear, with a low around 60."
252,2026-09-29T05:33:58Z,KSFO,Monday,2026-10-05T06:00:00-07:00,1,75.0,Sunny,"Sunny, with a high near 75."
253,2026-09-29T05:33:58Z,KSEA,Tonight,2026-09-28T20:00:00-07:00,0,55.0,Mostly Cloudy then Light Rain Likely,"Rain likely after 2am. Mostly cloudy, with a low around 55. South southwest wind 13 to 16 mph, with gusts as high as 24 mph. Chance of precipitation is 60%. New rainfall amounts less than a tenth of an inch possible."
254,2026-09-29T05:33:58Z,KSEA,Tuesday,2026-09-29T06:00:00-07:00,1,62.0,Light Rain Likely,"Rain likely. Cloudy. High near 62, with temperatures falling to around 60 in the afternoon. South southwest wind 10 to 16 mph, with gusts as high as 26 mph. Chance of precipitation is 70%. New rainfall amounts less than a tenth of an inch possible."
255,2026-09-29T05:33:58Z,KSEA,Tuesday Night,2026-09-29T18:00:00-07:00,0,51.0,Chance Light Rain then Mostly Cloudy,"A chance of rain before 10pm. Mostly cloudy, with a low around 51. East wind 3 to 10 mph. Chance of precipitation is 40%. New rainfall amounts less than a tenth of an inch possible."
256,2026-09-29T05:33:58Z,KSEA,Wednesday,2026-09-30T06:00:00-07:00,1,64.0,Mostly Sunny,"Mostly sunny, with a high near 64. North northeast wind 3 to 9 mph."
257,2026-09-29T05:33:58Z,KSEA,Wednesday Night,2026-09-30T18:00:00-07:00,0,50.0,Mostly Cloudy,"Mostly cloudy, with a low around 50. North wind 5 to 8 mph."
258,2026-09-29T05:33:58Z,KSEA,Thursday,2026-10-01T06:00:00-07:00,1,65.0,Partly Sunny,"Partly sunny, with a high near 65."
259,2026-09-29T05:33:58Z,KSEA,Thursday Night,2026-10-01T18:00:00-07:00,0,53.0,Slight Chance Light Rain,"A slight chance of rain between 11pm and 5am. Mostly cloudy, with a low around 53."
260,2026-09-29T05:33:58Z,KSEA,Friday,2026-10-02T06:00:00-07:00,1,65.0,Partly Sunny,"Partly sunny, with a high near 65."
261,2026-09-29T05:33:58Z,KSEA,Friday Night,2026-10-02T18:00:00-07:00,0,51.0,Partly Cloudy,"Partly cloudy, with a low around 51."
262,2026-09-29T05:33:58Z,KSEA,Saturday,2026-10-03T06:00:00-07:00,1,66.0,Mostly Sunny,"Mostly sunny, with a high near 66."
263,2026-09-29T05:33:58Z,KSEA,Saturday Night,2026-10-03T18:00:00-07:00,0,52.0,Partly Cloudy,"Partly cloudy, with a low around 52."
264,2026-09-29T05:33:58Z,KSEA,Sunday,2026-10-04T06:00:00-07:00,1,69.0,Mostly Sunny,"Mostly sunny, with a high near 69."
265,2026-09-29T05:33:58Z,KSEA,Sunday Night,2026-10-04T18:00:00-07:00,0,52.0,Partly Cloudy,"Partly cloudy, with a low around 52."
266,2026-09-29T05:33:58Z,KSEA,Monday,2026-10-05T06:00:00-07:00,1,67.0,Mostly Sunny,"Mostly sunny, with a high near 67."
267,2026-09-29T05:33:58Z,KDCA,Tonight,2026-09-28T23:00:00-04:00,0,62.0,Mostly Cloudy,"Mostly cloudy, with a low around 62. West wind around 6 mph."
268,2026-09-29T05:33:58Z,KDCA,Tuesday,2026-09-29T06:00:00-04:00,1,77.0,Mostly Sunny,"Mostly sunny, with a high near 77. Northwest wind 5 to 8 mph."
269,2026-09-29T05:33:58Z,KDCA,Tuesday Night,2026-09-29T18:00:00-04:00,0,61.0,Partly Cloudy,"Partly cloudy, with a low around 61. West wind 0 to 5 mph."
270,2026-09-29T05:33:58Z,KDCA,Wednesday,2026-09-30T06:00:00-04:00,1,82.0,Mostly Sunny,"Mostly sunny, with a high near 82. Southwest wind 0 to 7 mph."
271,2026-09-29T05:33:58Z,KDCA,Wednesday Night,2026-09-30T18:00:00-04:00,0,64.0,Partly Cloudy,"Partly cloudy, with a low around 64. South wind around 9 mph."
272,2026-09-29T05:33:58Z,KDCA,Thursday,2026-10-01T06:00:00-04:00,1,86.0,Mostly Sunny,"Mostly sunny, with a high near 86."
273,2026-09-29T05:33:58Z,KDCA,Thursday Night,2026-10-01T18:00:00-04:00,0,67.0,Mostly Clear,"Mostly clear, with a low around 67."
274,2026-09-29T05:33:58Z,KDCA,Friday,2026-10-02T06:00:00-04:00,1,87.0,Mostly Sunny,"Mostly sunny, with a high near 87."
275,2026-09-29T05:33:58Z,KDCA,Friday Night,2026-10-02T18:00:00-04:00,0,66.0,Slight Chance Rain Showers,"A slight chance of rain showers after 8pm. Mostly cloudy, with a low around 66. Chance of precipitation is 20%."
276,2026-09-29T05:33:58Z,KDCA,Saturday,2026-10-03T06:00:00-04:00,1,73.0,Slight Chance Rain Showers,"A slight chance of rain showers. Partly sunny, with a high near 73. Chance of precipitation is 20%."
277,2026-09-29T05:33:58Z,KDCA,Saturday Night,2026-10-03T18:00:00-04:00,0,64.0,Chance Rain Showers,"A chance of rain showers. Mostly cloudy, with a low around 64. Chance of precipitation is 40%."
278,2026-09-29T05:33:58Z,KDCA,Sunday,2026-10-04T06:00:00-04:00,1,70.0,Chance Rain Showers,"A chance of rain showers. Mostly cloudy, with a high near 70. Chance of precipitation is 50%."
279,2026-09-29T05:33:58Z,KDCA,Sunday Night,2026-10-04T18:00:00-04:00,0,58.0,Chance Rain Showers,"A chance of rain showers. Mostly cloudy, with a low around 58. Chance of precipitation is 50%."
280,2026-09-29T05:33:58Z,KDCA,Monday,2026-10-05T06:00:00-04:00,1,70.0,Slight Chance Rain Showers,"A slight chance of rain showers. Partly sunny, with a high near 70."
1,2026-09-29T11:31:36Z,KATL,Today,2026-09-29T06:00:00-04:00,1,84.0,Sunny,"Sunny, with a high near 84. East wind 0 to 5 mph."
2,2026-09-29T11:31:36Z,KATL,Tonight,2026-09-29T18:00:00-04:00,0,62.0,Clear,"Clear, with a low around 62. East wind 0 to 5 mph."
3,2026-09-29T11:31:36Z,KATL,Wednesday,2026-09-30T06:00:00-04:00,1,87.0,Sunny,"Sunny, with a high near 87. East wind around 5 mph."
4,2026-09-29T11:31:36Z,KATL,Wednesday Night,2026-09-30T18:00:00-04:00,0,66.0,Mostly Clear,"Mostly clear, with a low around 66. East wind around 5 mph."
5,2026-09-29T11:31:36Z,KATL,Thursday,2026-10-01T06:00:00-04:00,1,87.0,Sunny,"Sunny, with a high near 87. Southeast wind 5 to 10 mph."
6,2026-09-29T11:31:36Z,KATL,Thursday Night,2026-10-01T18:00:00-04:00,0,69.0,Mostly Clear,"Mostly clear, with a low around 69."
7,2026-09-29T11:31:36Z,KATL,Friday,2026-10-02T06:00:00-04:00,1,87.0,Mostly Sunny then Chance Showers And Thunderstorms,"A chance of showers and thunderstorms after 2pm. Mostly sunny, with a high near 87. Chance of precipitation is 40%."
8,2026-09-29T11:31:36Z,KATL,Friday Night,2026-10-02T18:00:00-04:00,0,71.0,Chance Showers And Thunderstorms,"A chance of showers and thunderstorms. Mostly cloudy, with a low around 71. Chance of precipitation is 50%."
9,2026-09-29T11:31:36Z,KATL,Saturday,2026-10-03T06:00:00-04:00,1,83.0,Showers And Thunderstorms Likely,"A chance of rain showers before 8am, then showers and thunderstorms likely. Mostly cloudy, with a high near 83. Chance of precipitation is 70%."
10,2026-09-29T11:31:36Z,KATL,Saturday Night,2026-10-03T18:00:00-04:00,0,70.0,Showers And Thunderstorms Likely,"Showers and thunderstorms likely. Mostly cloudy, with a low around 70. Chance of precipitation is 70%."
11,2026-09-29T11:31:36Z,KATL,Sunday,2026-10-04T06:00:00-04:00,1,78.0,Showers And Thunderstorms,"Showers and thunderstorms. Mostly cloudy, with a high near 78. Chance of precipitation is 80%."
12,2026-09-29T11:31:36Z,KATL,Sunday Night,2026-10-04T18:00:00-04:00,0,67.0,Showers And Thunderstorms,"Showers and thunderstorms. Mostly cloudy, with a low around 67. Chance of precipitation is 80%."
13,2026-09-29T11:31:36Z,KATL,Monday,2026-10-05T06:00:00-04:00,1,75.0,Chance Rain Showers,"A chance of rain showers. Mostly cloudy, with a high near 75. Chance of precipitation is 50%."
14,2026-09-29T11:31:36Z,KATL,Monday Night,2026-10-05T18:00:00-04:00,0,61.0,Chance Rain Showers,"A chance of rain showers. Mostly cloudy, with a low around 61."
15,2026-09-29T11:31:36Z,KAUS,Overnight,2026-09-29T05:00:00-05:00,0,73.0,Mostly Cloudy,"Mostly cloudy, with a low around 73. Southeast wind around 5 mph."
16,2026-09-29T11:31:36Z,KAUS,Tuesday,2026-09-29T06:00:00-05:00,1,97.0,Partly Sunny then Slight Chance Showers And Thunderstorms,"A slight chance of showers and thunderstorms after 1pm. Partly sunny. High near 97, with temperatures falling to around 93 in the afternoon. Heat index values as high as 104. Southeast wind 5 to 10 mph, with gusts as high as 25 mph. Chance of precipitation is 20%."
17,2026-09-29T11:31:36Z,KAUS,Tuesday Night,2026-09-29T18:00:00-05:00,0,75.0,Slight Chance Showers And Thunderstorms,"A slight chance of showers and thunderstorms. Mostly cloudy, with a low around 75. Heat index values as high as 100. Southeast wind around 10 mph, with gusts as high as 25 mph. Chance of precipitation is 20%."
18,2026-09-29T11:31:36Z,KAUS,Wednesday,2026-09-30T06:00:00-05:00,1,97.0,Chance Rain Showers then Chance Showers And Thunderstorms,"A chance of rain showers before 4pm, then a chance of showers and thunderstorms. Partly sunny, with a high near 97. Heat index values as high as 106. South southeast wind 10 to 15 mph, with gusts as high as 30 mph. Chance of precipitation is 50%."
19,2026-09-29T11:31:36Z,KAUS,Wednesday Night,2026-09-30T18:00:00-05:00,0,75.0,Chance Showers And Thunderstorms then Showers And Thunderstorms Likely,"A chance of showers and thunderstorms before 7pm, then showers and thunderstorms likely. Mostly cloudy, with a low around 75. South southeast wind 10 to 15 mph, with gusts as high as 30 mph. Chance of precipitation is 70%."
20,2026-09-29T11:31:36Z,KAUS,Thursday,2026-10-01T06:00:00-05:00,1,91.0,Showers And Thunderstorms,"Showers and thunderstorms. Mostly cloudy, with a high near 91. South southeast wind 5 to 10 mph, with gusts as high as 25 mph. Chance of precipitation is 100%."
21,2026-09-29T11:31:36Z,KAUS,Thursday Night,2026-10-01T18:00:00-05:00,0,71.0,Showers And Thunderstorms,"Showers and thunderstorms. Cloudy, with a low around 71. Southeast wind 0 to 5 mph. Chance of precipitation is 100%."
22,2026-09-29T11:31:36Z,KAUS,Friday,2026-10-02T06:00:00-05:00,1,83.0,Showers And Thunderstorms,"Showers and thunderstorms. Mostly cloudy, with a high near 83. Northeast wind around 5 mph. Chance of precipitation is 90%."
23,2026-09-29T11:31:36Z,KAUS,Friday Night,2026-10-02T18:00:00-05:00,0,68.0,Rain Showers Likely,"Rain showers likely. Mostly cloudy, with a low around 68. North northeast wind 0 to 5 mph. Chance of precipitation is 70%."
24,2026-09-29T11:31:36Z,KAUS,Saturday,2026-10-03T06:00:00-05:00,1,82.0,Rain Showers Likely,"Rain showers likely before 1pm, then showers and thunderstorms likely. Mostly cloudy, with a high near 82. Chance of precipitation is 60%."
25,2026-09-29T11:31:36Z,KAUS,Saturday Night,2026-10-03T18:00:00-05:00,0,68.0,Showers And Thunderstorms Likely,"Showers and thunderstorms likely. Mostly cloudy, with a low around 68. Chance of precipitation is 60%."
26,2026-09-29T11:31:36Z,KAUS,Sunday,2026-10-04T06:00:00-05:00,1,81.0,Chance Rain Showers,"A chance of rain showers before 1pm, then a chance of showers and thunderstorms. Mostly cloudy, with a high near 81. Chance of precipitation is 50%."
27,2026-09-29T11:31:36Z,KAUS,Sunday Night,2026-10-04T18:00:00-05:00,0,67.0,Chance Showers And Thunderstorms then Slight Chance Showers And Thunderstorms,"A chance of showers and thunderstorms before 7pm, then a slight chance of showers and thunderstorms. Mostly cloudy, with a low around 67. Chance of precipitation is 50%."
28,2026-09-29T11:31:36Z,KAUS,Monday,2026-10-05T06:00:00-05:00,1,80.0,Chance Rain Showers,"A chance of rain showers. Mostly cloudy, with a high near 80."
29,2026-09-29T11:31:36Z,KBOS,Today,2026-09-29T07:00:00-04:00,1,67.0,Patchy Fog then Partly Sunny,"Patchy fog before 9am. Partly sunny, with a high near 67. Northwest wind 3 to 8 mph."
30,2026-09-29T11:31:36Z,KBOS,Tonight,2026-09-29T18:00:00-04:00,0,56.0,Mostly Cloudy,"Mostly cloudy, with a low around 56. Northwest wind around 2 mph."
31,2026-09-29T11:31:36Z,KBOS,Wednesday,2026-09-30T06:00:00-04:00,1,68.0,Partly Sunny,"Partly sunny, with a high near 68. West wind 1 to 5 mph."
32,2026-09-29T11:31:36Z,KBOS,Wednesday Night,2026-09-30T18:00:00-04:00,0,58.0,Mostly Cloudy,"Mostly cloudy, with a low around 58. South wind around 5 mph."
33,2026-09-29T11:31:36Z,KBOS,Thursday,2026-10-01T06:00:00-04:00,1,77.0,Mostly Sunny,"Mostly sunny, with a high near 77. Southwest wind 5 to 10 mph."
34,2026-09-29T11:31:36Z,KBOS,Thursday Night,2026-10-01T18:00:00-04:00,0,65.0,Partly Cloudy,"Partly cloudy, with a low around 65. Southwest wind around 9 mph."
35,2026-09-29T11:31:36Z,KBOS,Friday,2026-10-02T06:00:00-04:00,1,79.0,Mostly Sunny,"Mostly sunny, with a high near 79. Southwest wind around 8 mph."
36,2026-09-29T11:31:36Z,KBOS,Friday Night,2026-10-02T18:00:00-04:00,0,59.0,Chance Rain Showers,"A chance of rain showers after 9pm. Mostly cloudy, with a low around 59. Northwest wind around 8 mph. Chance of precipitation is 30%."
37,2026-09-29T11:31:36Z,KBOS,Saturday,2026-10-03T06:00:00-04:00,1,65.0,Slight Chance Rain Showers then Partly Sunny,"A slight chance of rain showers before 9am. Partly sunny, with a high near 65. Northeast wind around 9 mph."
38,2026-09-29T11:31:36Z,KBOS,Saturday Night,2026-10-03T18:00:00-04:00,0,53.0,Mostly Cloudy then Chance Rain Showers,"A chance of rain showers after midnight. Mostly cloudy, with a low around 53. East wind 3 to 7 mph. Chance of precipitation is 30%."
39,2026-09-29T11:31:36Z,KBOS,Sunday,2026-10-04T06:00:00-04:00,1,62.0,Chance Rain Showers,"A chance of rain showers. Mostly cloudy, with a high near 62. East wind 7 to 10 mph. Chance of precipitation is 50%."
40,2026-09-29T11:31:36Z,KBOS,Sunday Night,2026-10-04T18:00:00-04:00,0,53.0,Chance Rain Showers,"A chance of rain showers. Mostly cloudy, with a low around 53. Southwest wind around 8 mph. Chance of precipitation is 50%."
41,2026-09-29T11:31:36Z,KBOS,Monday,2026-10-05T06:00:00-04:00,1,62.0,Chance Rain Showers then Partly Sunny,"A chance of rain showers before 8am. Partly sunny, with a high near 62. Northwest wind 8 to 13 mph. Chance of precipitation is 30%."
42,2026-09-29T11:31:36Z,KBOS,Monday Night,2026-10-05T18:00:00-04:00,0,47.0,Partly Cloudy,"Partly cloudy, with a low around 47. Northwest wind around 9 mph."
43,2026-09-29T11:31:36Z,KMDW,Today,2026-09-29T06:00:00-05:00,1,76.0,Areas Of Fog then Mostly Sunny,"Areas of fog before 10am. Mostly sunny, with a high near 76. South wind 0 to 5 mph, with gusts as high as 15 mph."
44,2026-09-29T11:31:36Z,KMDW,Tonight,2026-09-29T18:00:00-05:00,0,64.0,Mostly Cloudy,"Mostly cloudy, with a low around 64. South wind 5 to 10 mph."
45,2026-09-29T11:31:36Z,KMDW,Wednesday,2026-09-30T06:00:00-05:00,1,72.0,Rain Showers Likely,"Rain showers likely. Cloudy. High near 72, with temperatures falling to around 69 in the afternoon. South southwest wind around 10 mph, with gusts as high as 20 mph. Chance of precipitation is 60%. New rainfall amounts between a tenth and quarter of an inch possible."
46,2026-09-29T11:31:36Z,KMDW,Wednesday Night,2026-09-30T18:00:00-05:00,0,67.0,Chance Rain Showers,"A chance of rain showers. Cloudy, with a low around 67. South southwest wind around 10 mph, with gusts as high as 20 mph. Chance of precipitation is 50%."
47,2026-09-29T11:31:36Z,KMDW,Thursday,2026-10-01T06:00:00-05:00,1,74.0,Showers And Thunderstorms,"Rain showers likely before 1pm, then showers and thunderstorms. Cloudy, with a high near 74. West southwest wind around 10 mph. Chance of precipitation is 80%."
48,2026-09-29T11:31:36Z,KMDW,Thursday Night,2026-10-01T18:00:00-05:00,0,60.0,Showers And Thunderstorms,"Showers and thunderstorms. Cloudy, with a low around 60. Chance of precipitation is 90%."
49,2026-09-29T11:31:36Z,KMDW,Friday,2026-10-02T06:00:00-05:00,1,64.0,Rain Showers,"Rain showers. Mostly cloudy, with a high near 64."
50,2026-09-29T11:31:36Z,KMDW,Friday Night,2026-10-02T18:00:00-05:00,0,53.0,Chance Rain Showers then Partly Cloudy,"A chance of rain showers before 7pm. Partly cloudy, with a low around 53."
51,2026-09-29T11:31:36Z,KMDW,Saturday,2026-10-03T06:00:00-05:00,1,63.0,Mostly Sunny,"Mostly sunny, with a high near 63."
52,2026-09-29T11:31:36Z,KMDW,Saturday Night,2026-10-03T18:00:00-05:00,0,53.0,Mostly Cloudy,"Mostly cloudy, with a low around 53."
53,2026-09-29T11:31:36Z,KMDW,Sunday,2026-10-04T06:00:00-05:00,1,64.0,Mostly Sunny,"Mostly sunny, with a high near 64."
54,2026-09-29T11:31:36Z,KMDW,Sunday Night,2026-10-04T18:00:00-05:00,0,50.0,Mostly Clear,"Mostly clear, with a low around 50."
55,2026-09-29T11:31:36Z,KMDW,Monday,2026-10-05T06:00:00-05:00,1,61.0,Sunny,"Sunny, with a high near 61."
56,2026-09-29T11:31:36Z,KMDW,Monday Night,2026-10-05T18:00:00-05:00,0,48.0,Mostly Clear,"Mostly clear, with a low around 48."
57,2026-09-29T11:31:36Z,KDFW,Overnight,2026-09-29T04:00:00-05:00,0,75.0,Partly Cloudy,"Partly cloudy. Low around 75, with temperatures rising to around 77 overnight. South wind around 10 mph."
58,2026-09-29T11:31:36Z,KDFW,Tuesday,2026-09-29T06:00:00-05:00,1,92.0,Mostly Sunny,"Mostly sunny, with a high near 92. South wind 5 to 15 mph, with gusts as high as 30 mph."
59,2026-09-29T11:31:36Z,KDFW,Tuesday Night,2026-09-29T18:00:00-05:00,0,76.0,Partly Cloudy,"Partly cloudy, with a low around 76. South southeast wind 10 to 15 mph, with gusts as high as 25 mph."
60,2026-09-29T11:31:36Z,KDFW,Wednesday,2026-09-30T06:00:00-05:00,1,94.0,Mostly Cloudy then Chance Showers And Thunderstorms,"A chance of showers and thunderstorms after 1pm. Mostly cloudy, with a high near 94. Heat index values as high as 102. South southeast wind 15 to 20 mph, with gusts as high as 35 mph. Chance of precipitation is 40%. New rainfall amounts less than a tenth of an inch possible."
61,2026-09-29T11:31:36Z,KDFW,Wednesday Night,2026-09-30T18:00:00-05:00,0,74.0,Showers And Thunderstorms,"Showers and thunderstorms. Mostly cloudy. Low around 74, with temperatures rising to around 76 overnight. South southeast wind around 15 mph, with gusts as high as 35 mph. Chance of precipitation is 80%."
62,2026-09-29T11:31:36Z,KDFW,Thursday,2026-10-01T06:00:00-05:00,1,79.0,Showers And Thunderstorms,"Showers and thunderstorms. Some of the storms could produce heavy rain. Cloudy. High near 79, with temperatures falling to around 77 in the afternoon. South southeast wind 10 to 15 mph, with gusts as high as 25 mph. Chance of precipitation is 100%."
63,2026-09-29T11:31:36Z,KDFW,Thursday Night,2026-10-01T18:00:00-05:00,0,69.0,Showers And Thunderstorms,"Showers and thunderstorms. Mostly cloudy, with a low around 69. South southeast wind 5 to 10 mph. Chance of precipitation is 100%."
64,2026-09-29T11:31:36Z,KDFW,Friday,2026-10-02T06:00:00-05:00,1,80.0,Showers And Thunderstorms,"Showers and thunderstorms. Cloudy, with a high near 80. East northeast wind 5 to 10 mph. Chance of precipitation is 90%."
65,2026-09-29T11:31:36Z,KDFW,Friday Night,2026-10-02T18:00:00-05:00,0,66.0,Showers And Thunderstorms Likely,"Showers and thunderstorms likely before 7pm, then showers and thunderstorms likely. Mostly cloudy, with a low around 66. North wind 5 to 10 mph. Chance of precipitation is 70%."
66,2026-09-29T11:31:36Z,KDFW,Saturday,2026-10-03T06:00:00-05:00,1,78.0,Showers And Thunderstorms Likely,"Showers and thunderstorms likely. Mostly cloudy, with a high near 78. Chance of precipitation is 60%."
67,2026-09-29T11:31:36Z,KDFW,Saturday Night,2026-10-03T18:00:00-05:00,0,66.0,Chance Showers And Thunderstorms,"A chance of showers and thunderstorms. Mostly cloudy, with a low around 66. Chance of precipitation is 40%."
68,2026-09-29T11:31:36Z,KDFW,Sunday,2026-10-04T06:00:00-05:00,1,79.0,Chance Rain Showers,"A chance of rain showers. Partly sunny, with a high near 79. Chance of precipitation is 40%."
69,2026-09-29T11:31:36Z,KDFW,Sunday Night,2026-10-04T18:00:00-05:00,0,64.0,Slight Chance Rain Showers,"A slight chance of rain showers. Mostly cloudy, with a low around 64. Chance of precipitation is 20%."
70,2026-09-29T11:31:36Z,KDFW,Monday,2026-10-05T06:00:00-05:00,1,79.0,Slight Chance Rain Showers then Mostly Sunny,"A slight chance of rain showers before 7am. Mostly sunny, with a high near 79. Chance of precipitation is 20%."
71,2026-09-29T11:31:36Z,KDEN,Overnight,2026-09-29T03:00:00-06:00,0,56.0,Slight Chance Rain Showers,"A slight chance of rain showers. Cloudy. Low around 56, with temperatures rising to around 58 overnight. West northwest wind around 6 mph. Chance of precipitation is 20%."
72,2026-09-29T11:31:36Z,KDEN,Tuesday,2026-09-29T06:00:00-06:00,1,68.0,Slight Chance Rain Showers then Slight Chance Showers And Thunderstorms,"A slight chance of rain showers before 3pm, then a slight chance of showers and thunderstorms. Cloudy, with a high near 68. North northwest wind 5 to 8 mph. Chance of precipitation is 20%."
73,2026-09-29T11:31:36Z,KDEN,Tuesday Night,2026-09-29T18:00:00-06:00,0,55.0,Rain Showers Likely,"Rain showers likely. Mostly cloudy. Low around 55, with temperatures rising to around 58 overnight. North northeast wind around 6 mph. Chance of precipitation is 70%."
74,2026-09-29T11:31:36Z,KDEN,Wednesday,2026-09-30T06:00:00-06:00,1,63.0,Rain Showers Likely,"Rain showers likely before 3pm, then showers and thunderstorms likely. Cloudy, with a high near 63. North wind 5 to 13 mph, with gusts as high as 21 mph. Chance of precipitation is 70%."
75,2026-09-29T11:31:36Z,KDEN,Wednesday Night,2026-09-30T18:00:00-06:00,0,49.0,Showers And Thunderstorms Likely,"Showers and thunderstorms likely. Mostly cloudy, with a low around 49. North northeast wind around 12 mph, with gusts as high as 18 mph. Chance of precipitation is 70%."
76,2026-09-29T11:31:36Z,KDEN,Thursday,2026-10-01T06:00:00-06:00,1,63.0,Chance Rain Showers then Partly Sunny,"A chance of rain showers before noon. Partly sunny, with a high near 63. Chance of precipitation is 50%."
77,2026-09-29T11:31:36Z,KDEN,Thursday Night,2026-10-01T18:00:00-06:00,0,44.0,Mostly Clear,"Mostly clear, with a low around 44."
78,2026-09-29T11:31:36Z,KDEN,Friday,2026-10-02T06:00:00-06:00,1,74.0,Sunny,"Sunny, with a high near 74."
79,2026-09-29T11:31:36Z,KDEN,Friday Night,2026-10-02T18:00:00-06:00,0,48.0,Mostly Clear,"Mostly clear, with a low around 48."
80,2026-09-29T11:31:36Z,KDEN,Saturday,2026-10-03T06:00:00-06:00,1,76.0,Sunny,"Sunny, with a high near 76."
81,2026-09-29T11:31:36Z,KDEN,Saturday Night,2026-10-03T18:00:00-06:00,0,49.0,Mostly Clear,"Mostly clear, with a low around 49."
82,2026-09-29T11:31:36Z,KDEN,Sunday,2026-10-04T06:00:00-06:00,1,75.0,Sunny,"Sunny, with a high near 75."
83,2026-09-29T11:31:36Z,KDEN,Sunday Night,2026-10-04T18:00:00-06:00,0,50.0,Mostly Clear,"Mostly clear, with a low around 50."
84,2026-09-29T11:31:36Z,KDEN,Monday,2026-10-05T06:00:00-06:00,1,79.0,Sunny,"Sunny, with a high near 79."
85,2026-09-29T11:31:36Z,KIAH,Overnight,2026-09-29T04:00:00-05:00,0,74.0,Partly Cloudy,"Partly cloudy, with a low around 74. Southeast wind around 5 mph."
86,2026-09-29T11:31:36Z,KIAH,Tuesday,2026-09-29T06:00:00-05:00,1,93.0,Mostly Sunny then Slight Chance Showers And Thunderstorms,"A slight chance of showers and thunderstorms after 1pm. Mostly sunny. High near 93, with temperatures falling to around 90 in the afternoon. East wind 5 to 15 mph, with gusts as high as 25 mph. Chance of precipitation is 20%."
87,2026-09-29T11:31:36Z,KIAH,Tuesday Night,2026-09-29T18:00:00-05:00,0,78.0,Partly Cloudy,"Partly cloudy, with a low around 78. Southeast wind 10 to 15 mph, with gusts as high as 20 mph."
88,2026-09-29T11:31:36Z,KIAH,Wednesday,2026-09-30T06:00:00-05:00,1,93.0,Chance Showers And Thunderstorms,"A chance of showers and thunderstorms between 11am and 5pm. Partly sunny, with a high near 93. Heat index values as high as 105. Southeast wind 10 to 15 mph, with gusts as high as 25 mph. Chance of precipitation is 50%."
89,2026-09-29T11:31:36Z,KIAH,Wednesday Night,2026-09-30T18:00:00-05:00,0,79.0,Chance Showers And Thunderstorms then Mostly Cloudy,"A chance of showers and thunderstorms before 7pm. Mostly cloudy, with a low around 79. Southeast wind 10 to 15 mph, with gusts as high as 25 mph. Chance of precipitation is 30%."
90,2026-09-29T11:31:36Z,KIAH,Thursday,2026-10-01T06:00:00-05:00,1,92.0,Showers And Thunderstorms Likely,"Rain showers likely between 7am and 10am, then showers and thunderstorms likely. Partly sunny, with a high near 92. Chance of precipitation is 70%."
91,2026-09-29T11:31:36Z,KIAH,Thursday Night,2026-10-01T18:00:00-05:00,0,76.0,Showers And Thunderstorms Likely,"Showers and thunderstorms likely before 1am, then a chance of showers and thunderstorms. Mostly cloudy, with a low around 76. Chance of precipitation is 70%."
92,2026-09-29T11:31:36Z,KIAH,Friday,2026-10-02T06:00:00-05:00,1,88.0,Chance Showers And Thunderstorms then Showers And Thunderstorms,"A chance of showers and thunderstorms before 7am, then showers and thunderstorms. Mostly cloudy, with a high near 88. Chance of precipitation is 80%."
93,2026-09-29T11:31:36Z,KIAH,Friday Night,2026-10-02T18:00:00-05:00,0,74.0,Showers And Thunderstorms,"Showers and thunderstorms. Mostly cloudy, with a low around 74. Chance of precipitation is 80%."
94,2026-09-29T11:31:36Z,KIAH,Saturday,2026-10-03T06:00:00-05:00,1,86.0,Showers And Thunderstorms,"Showers and thunderstorms. Mostly cloudy, with a high near 86. Chance of precipitation is 80%."
95,2026-09-29T11:31:36Z,KIAH,Saturday Night,2026-10-03T18:00:00-05:00,0,73.0,Showers And Thunderstorms,"Showers and thunderstorms. Mostly cloudy, with a low around 73. Chance of precipitation is 80%."
96,2026-09-29T11:31:36Z,KIAH,Sunday,2026-10-04T06:00:00-05:00,1,84.0,Showers And Thunderstorms Likely,"A chance of rain showers before 7am, then showers and thunderstorms likely. Mostly cloudy, with a high near 84. Chance of precipitation is 70%."
97,2026-09-29T11:31:36Z,KIAH,Sunday Night,2026-10-04T18:00:00-05:00,0,72.0,Showers And Thunderstorms Likely,"Showers and thunderstorms likely. Mostly cloudy, with a low around 72. Chance of precipitation is 70%."
98,2026-09-29T11:31:36Z,KIAH,Monday,2026-10-05T06:00:00-05:00,1,82.0,Chance Showers And Thunderstorms,"A chance of rain showers before 7am, then a chance of showers and thunderstorms. Partly sunny, with a high near 82."
99,2026-09-29T11:31:36Z,KLAS,Overnight,2026-09-29T02:00:00-07:00,0,66.0,Scattered Showers And Thunderstorms,"Scattered showers and thunderstorms. Mostly cloudy. Low around 66, with temperatures rising to around 68 overnight. North northwest wind around 6 mph. Chance of precipitation is 40%."
100,2026-09-29T11:31:36Z,KLAS,Tuesday,2026-09-29T06:00:00-07:00,1,84.0,Scattered Showers And Thunderstorms,"Scattered rain showers before 11am, then scattered showers and thunderstorms between 11am and 1pm, then isolated showers and thunderstorms between 1pm and 2pm. Mostly sunny. High near 84, with temperatures falling to around 82 in the afternoon. North wind 9 to 17 mph, with gusts as high as 28 mph. Chance of precipitation is 30%."
101,2026-09-29T11:31:36Z,KLAS,Tuesday Night,2026-09-29T18:00:00-07:00,0,68.0,Partly Cloudy,"Partly cloudy. Low around 68, with temperatures rising to around 71 overnight. North northwest wind 5 to 10 mph."
102,2026-09-29T11:31:36Z,KLAS,Wednesday,2026-09-30T06:00:00-07:00,1,92.0,Sunny,"Sunny, with a high near 92. North wind 3 to 14 mph, with gusts as high as 21 mph."
103,2026-09-29T11:31:36Z,KLAS,Wednesday Night,2026-09-30T18:00:00-07:00,0,71.0,Clear,"Clear, with a low around 71. West southwest wind around 3 mph."
104,2026-09-29T11:31:36Z,KLAS,Thursday,2026-10-01T06:00:00-07:00,1,93.0,Sunny,"Sunny, with a high near 93."
105,2026-09-29T11:31:36Z,KLAS,Thursday Night,2026-10-01T18:00:00-07:00,0,72.0,Clear,"Clear, with a low around 72."
106,2026-09-29T11:31:36Z,KLAS,Friday,2026-10-02T06:00:00-07:00,1,94.0,Sunny,"Sunny, with a high near 94."
107,2026-09-29T11:31:36Z,KLAS,Friday Night,2026-10-02T18:00:00-07:00,0,73.0,Mostly Clear,"Mostly clear, with a low around 73."
108,2026-09-29T11:31:36Z,KLAS,Saturday,2026-10-03T06:00:00-07:00,1,95.0,Sunny,"Sunny, with a high near 95."
109,2026-09-29T11:31:36Z,KLAS,Saturday Night,2026-10-03T18:00:00-07:00,0,74.0,Mostly Clear,"Mostly clear, with a low around 74."
110,2026-09-29T11:31:36Z,KLAS,Sunday,2026-10-04T06:00:00-07:00,1,95.0,Sunny,"Sunny, with a high near 95."
111,2026-09-29T11:31:36Z,KLAS,Sunday Night,2026-10-04T18:00:00-07:00,0,73.0,Clear,"Clear, with a low around 73."
112,2026-09-29T11:31:36Z,KLAS,Monday,2026-10-05T06:00:00-07:00,1,94.0,Sunny,"Sunny, with a high near 94."
113,2026-09-29T11:31:36Z,KLAX,Overnight,2026-09-29T02:00:00-07:00,0,67.0,Mostly Clear,"Mostly clear, with a low around 67. Northeast wind 5 to 10 mph."
114,2026-09-29T11:31:36Z,KLAX,Tuesday,2026-09-29T06:00:00-07:00,1,82.0,Sunny,"Sunny, with a high near 82. West northwest wind 5 to 15 mph, with gusts as high as 25 mph."
115,2026-09-29T11:31:36Z,KLAX,Tuesday Night,2026-09-29T18:00:00-07:00,0,68.0,Partly Cloudy then Patchy Fog,"Patchy fog after 5am. Partly cloudy, with a low around 68. Southeast wind 5 to 15 mph, with gusts as high as 20 mph."
116,2026-09-29T11:31:36Z,KLAX,Wednesday,2026-09-30T06:00:00-07:00,1,80.0,Patchy Fog then Mostly Sunny,"Patchy fog before 11am. Mostly sunny, with a high near 80. South southeast wind 5 to 10 mph."
117,2026-09-29T11:31:36Z,KLAX,Wednesday Night,2026-09-30T18:00:00-07:00,0,67.0,Mostly Cloudy then Patchy Fog,"Patchy fog after 5am. Mostly cloudy, with a low around 67. South wind 0 to 10 mph."
118,2026-09-29T11:31:36Z,KLAX,Thursday,2026-10-01T06:00:00-07:00,1,81.0,Patchy Fog then Mostly Sunny,"Patchy fog before 11am. Mostly sunny, with a high near 81."
119,2026-09-29T11:31:36Z,KLAX,Thursday Night,2026-10-01T18:00:00-07:00,0,68.0,Partly Cloudy,"Partly cloudy, with a low around 68."
120,2026-09-29T11:31:36Z,KLAX,Friday,2026-10-02T06:00:00-07:00,1,83.0,Sunny,"Sunny, with a high near 83."
121,2026-09-29T11:31:36Z,KLAX,Friday Night,2026-10-02T18:00:00-07:00,0,69.0,Mostly Clear,"Mostly clear, with a low around 69."
122,2026-09-29T11:31:36Z,KLAX,Saturday,2026-10-03T06:00:00-07:00,1,87.0,Sunny,"Sunny, with a high near 87."
123,2026-09-29T11:31:36Z,KLAX,Saturday Night,2026-10-03T18:00:00-07:00,0,72.0,Mostly Clear,"Mostly clear, with a low around 72."
124,2026-09-29T11:31:36Z,KLAX,Sunday,2026-10-04T06:00:00-07:00,1,89.0,Sunny,"Sunny, with a high near 89."
125,2026-09-29T11:31:36Z,KLAX,Sunday Night,2026-10-04T18:00:00-07:00,0,73.0,Mostly Clear,"Mostly clear, with a low around 73."
126,2026-09-29T11:31:36Z,KLAX,Monday,2026-10-05T06:00:00-07:00,1,89.0,Sunny,"Sunny, with a high near 89."
127,2026-09-29T11:31:36Z,KMIA,Today,2026-09-29T06:00:00-04:00,1,86.0,Chance Showers And Thunderstorms,"A chance of showers and thunderstorms between 8am and 2pm, then showers and thunderstorms likely between 2pm and 4pm, then a chance of showers and thunderstorms. Partly sunny. High near 86, with temperatures falling to around 81 in the afternoon. Southeast wind 0 to 8 mph. Chance of precipitation is 70%. New rainfall amounts between a tenth and quarter of an inch possible."
128,2026-09-29T11:31:36Z,KMIA,Tonight,2026-09-29T18:00:00-04:00,0,76.0,Chance Showers And Thunderstorms,"A chance of showers and thunderstorms before 7pm, then a chance of showers and thunderstorms between 7pm and 8pm, then a chance of showers and thunderstorms between 8pm and 1am, then a chance of showers and thunderstorms between 1am and 2am, then a chance of showers and thunderstorms between 2am and 5am, then a chance of showers and thunderstorms. Mostly cloudy, with a low around 76. East wind 0 to 5 mph. Chance of precipitation is 40%. New rainfall amounts between a tenth and quarter of an inch possible."
129,2026-09-29T11:31:36Z,KMIA,Wednesday,2026-09-30T06:00:00-04:00,1,87.0,Chance Showers And Thunderstorms,"A chance of showers and thunderstorms before 8am, then a chance of showers and thunderstorms between 8am and 2pm, then showers and thunderstorms likely between 2pm and 5pm, then a chance of showers and thunderstorms. Partly sunny. High near 87, with temperatures falling to around 83 in the afternoon. East wind 6 to 10 mph. Chance of precipitation is 60%. New rainfall amounts between a tenth and quarter of an inch possible."
130,2026-09-29T11:31:36Z,KMIA,Wednesday Night,2026-09-30T18:00:00-04:00,0,77.0,Chance Showers And Thunderstorms then Showers And Thunderstorms Likely,"A chance of showers and thunderstorms before 8pm, then showers and thunderstorms likely. Mostly cloudy, with a low around 77. East wind 8 to 12 mph, with gusts as high as 20 mph. Chance of precipitation is 60%."
131,2026-09-29T11:31:36Z,KMIA,Thursday,2026-10-01T06:00:00-04:00,1,88.0,Showers And Thunderstorms Likely,"Showers and thunderstorms likely before 2pm, then showers and thunderstorms likely between 2pm and 5pm, then showers and thunderstorms likely. Mostly cloudy, with a high near 88. East wind 12 to 15 mph, with gusts as high as 31 mph. Chance of precipitation is 70%."
132,2026-09-29T11:31:36Z,KMIA,Thursday Night,2026-10-01T18:00:00-04:00,0,79.0,Showers And Thunderstorms Likely,"Showers and thunderstorms likely. Mostly cloudy, with a low around 79. East wind around 14 mph, with gusts as high as 24 mph. Chance of precipitation is 70%."
133,2026-09-29T11:31:36Z,KMIA,Friday,2026-10-02T06:00:00-04:00,1,90.0,Chance Showers And Thunderstorms,"A chance of showers and thunderstorms before 8am, then a chance of showers and thunderstorms. Partly sunny, with a high near 90. East wind 13 to 17 mph, with gusts as high as 35 mph. Chance of precipitation is 50%."
134,2026-09-29T11:31:36Z,KMIA,Friday Night,2026-10-02T18:00:00-04:00,0,79.0,Chance Showers And Thunderstorms,"A chance of showers and thunderstorms before 2am. Mostly cloudy, with a low around 79. East wind around 14 mph, with gusts as high as 24 mph. Chance of precipitation is 50%."
135,2026-09-29T11:31:36Z,KMIA,Saturday,2026-10-03T06:00:00-04:00,1,89.0,Chance Showers And Thunderstorms,"A chance of showers and thunderstorms after 8am. Partly sunny, with a high near 89. East wind 12 to 16 mph, with gusts as high as 32 mph. Chance of precipitation is 40%."
136,2026-09-29T11:31:36Z,KMIA,Saturday Night,2026-10-03T18:00:00-04:00,0,78.0,Chance Showers And Thunderstorms then Partly Cloudy,"A chance of showers and thunderstorms before 8pm. Partly cloudy, with a low around 78. Chance of precipitation is 40%."
137,2026-09-29T11:31:36Z,KMIA,Sunday,2026-10-04T06:00:00-04:00,1,89.0,Chance Showers And Thunderstorms,"A chance of showers and thunderstorms after 8am. Mostly sunny, with a high near 89. Chance of precipitation is 40%."
138,2026-09-29T11:31:36Z,KMIA,Sunday Night,2026-10-04T18:00:00-04:00,0,78.0,Chance Showers And Thunderstorms then Partly Cloudy,"A chance of showers and thunderstorms before 8pm. Partly cloudy, with a low around 78. Chance of precipitation is 40%."
139,2026-09-29T11:31:36Z,KMIA,Monday,2026-10-05T06:00:00-04:00,1,89.0,Chance Showers And Thunderstorms,"A chance of showers and thunderstorms after 8am. Mostly sunny, with a high near 89. Chance of precipitation is 50%."
140,2026-09-29T11:31:36Z,KMIA,Monday Night,2026-10-05T18:00:00-04:00,0,77.0,Chance Showers And Thunderstorms,"A chance of showers and thunderstorms. Partly cloudy, with a low around 77."
141,2026-09-29T11:31:36Z,KMSP,Overnight,2026-09-29T04:00:00-05:00,0,62.0,Mostly Cloudy,"Mostly cloudy, with a low around 62. South wind around 10 mph."
142,2026-09-29T11:31:36Z,KMSP,Tuesday,2026-09-29T06:00:00-05:00,1,69.0,Showers And Thunderstorms,"A chance of rain showers between 11am and 1pm, then showers and thunderstorms. Mostly cloudy. High near 69, with temperatures falling to around 65 in the afternoon. South wind 10 to 15 mph. Chance of precipitation is 100%. New rainfall amounts between a quarter and half of an inch possible."
143,2026-09-29T11:31:36Z,KMSP,Tuesday Night,2026-09-29T18:00:00-05:00,0,61.0,Chance Showers And Thunderstorms then Patchy Fog,"A chance of showers and thunderstorms before 8pm, then patchy fog. Mostly cloudy, with a low around 61. Southwest wind 5 to 15 mph. Chance of precipitation is 40%. New rainfall amounts between a quarter and half of an inch possible."
144,2026-09-29T11:31:36Z,KMSP,Wednesday,2026-09-30T06:00:00-05:00,1,74.0,Patchy Fog then Mostly Cloudy,"Patchy fog before 11am. Mostly cloudy, with a high near 74. Southwest wind around 5 mph."
145,2026-09-29T11:31:36Z,KMSP,Wednesday Night,2026-09-30T18:00:00-05:00,0,58.0,Mostly Cloudy,"Mostly cloudy, with a low around 58. West wind 5 to 10 mph."
146,2026-09-29T11:31:36Z,KMSP,Thursday,2026-10-01T06:00:00-05:00,1,66.0,Partly Sunny,"Partly sunny, with a high near 66. North northwest wind around 10 mph."
147,2026-09-29T11:31:36Z,KMSP,Thursday Night,2026-10-01T18:00:00-05:00,0,48.0,Partly Cloudy,"Partly cloudy, with a low around 48. North northwest wind 5 to 10 mph."
148,2026-09-29T11:31:36Z,KMSP,Friday,2026-10-02T06:00:00-05:00,1,64.0,Mostly Sunny,"Mostly sunny, with a high near 64. North wind around 5 mph."
149,2026-09-29T11:31:36Z,KMSP,Friday Night,2026-10-02T18:00:00-05:00,0,48.0,Partly Cloudy,"Partly cloudy, with a low around 48. East southeast wind 0 to 5 mph."
150,2026-09-29T11:31:36Z,KMSP,Saturday,2026-10-03T06:00:00-05:00,1,65.0,Partly Sunny,"Partly sunny, with a high near 65. South wind 5 to 10 mph."
151,2026-09-29T11:31:36Z,KMSP,Saturday Night,2026-10-03T18:00:00-05:00,0,49.0,Partly Cloudy,"Partly cloudy, with a low around 49. West wind 5 to 10 mph."
152,2026-09-29T11:31:36Z,KMSP,Sunday,2026-10-04T06:00:00-05:00,1,63.0,Sunny,"Sunny, with a high near 63. Northwest wind 5 to 10 mph."
153,2026-09-29T11:31:36Z,KMSP,Sunday Night,2026-10-04T18:00:00-05:00,0,45.0,Mostly Clear,"Mostly clear, with a low around 45. North wind 0 to 5 mph."
154,2026-09-29T11:31:36Z,KMSP,Monday,2026-10-05T06:00:00-05:00,1,62.0,Sunny,"Sunny, with a high near 62. South southeast wind 0 to 5 mph."
155,2026-09-29T11:31:36Z,KMSY,Overnight,2026-09-29T04:00:00-05:00,0,73.0,Clear,"Clear, with a low around 73. Wind around 0 mph."
156,2026-09-29T11:31:36Z,KMSY,Tuesday,2026-09-29T06:00:00-05:00,1,90.0,Sunny,"Sunny. High near 90, with temperatures falling to around 88 in the afternoon. East wind 0 to 10 mph. New rainfall amounts less than a tenth of an inch possible."
157,2026-09-29T11:31:36Z,KMSY,Tuesday Night,2026-09-29T18:00:00-05:00,0,72.0,Clear,"Clear. Low around 72, with temperatures rising to around 74 overnight. Southeast wind 5 to 10 mph. New rainfall amounts less than a tenth of an inch possible."
158,2026-09-29T11:31:36Z,KMSY,Wednesday,2026-09-30T06:00:00-05:00,1,90.0,Sunny,"Sunny, with a high near 90. East wind 5 to 15 mph."
159,2026-09-29T11:31:36Z,KMSY,Wednesday Night,2026-09-30T18:00:00-05:00,0,74.0,Mostly Clear,"Mostly clear, with a low around 74. Southeast wind 10 to 15 mph."
160,2026-09-29T11:31:36Z,KMSY,Thursday,2026-10-01T06:00:00-05:00,1,89.0,Sunny then Showers And Thunderstorms Likely,"Showers and thunderstorms likely after 1pm. Sunny, with a high near 89. Southeast wind 10 to 15 mph. Chance of precipitation is 60%."
161,2026-09-29T11:31:36Z,KMSY,Thursday Night,2026-10-01T18:00:00-05:00,0,75.0,Showers And Thunderstorms Likely then Slight Chance Showers And Thunderstorms,"Showers and thunderstorms likely before 7pm, then a slight chance of showers and thunderstorms. Mostly clear, with a low around 75. Southeast wind 5 to 10 mph. Chance of precipitation is 60%."
162,2026-09-29T11:31:36Z,KMSY,Friday,2026-10-02T06:00:00-05:00,1,87.0,Slight Chance Showers And Thunderstorms then Showers And Thunderstorms,"A slight chance of showers and thunderstorms before 7am, then showers and thunderstorms. Mostly sunny, with a high near 87. East wind 5 to 15 mph."
163,2026-09-29T11:31:36Z,KMSY,Friday Night,2026-10-02T18:00:00-05:00,0,74.0,Showers And Thunderstorms,"Showers and thunderstorms. Mostly cloudy, with a low around 74. Southeast wind 5 to 10 mph."
164,2026-09-29T11:31:36Z,KMSY,Saturday,2026-10-03T06:00:00-05:00,1,86.0,Showers And Thunderstorms,"A chance of rain showers before 7am, then showers and thunderstorms. Partly sunny, with a high near 86. Southeast wind 5 to 15 mph."
165,2026-09-29T11:31:36Z,KMSY,Saturday Night,2026-10-03T18:00:00-05:00,0,74.0,Showers And Thunderstorms,"Showers and thunderstorms. Mostly cloudy, with a low around 74. Southeast wind 5 to 10 mph."
166,2026-09-29T11:31:36Z,KMSY,Sunday,2026-10-04T06:00:00-05:00,1,85.0,Showers And Thunderstorms,"Rain showers likely before 7am, then showers and thunderstorms. Mostly cloudy, with a high near 85. East wind 5 to 10 mph."
167,2026-09-29T11:31:36Z,KMSY,Sunday Night,2026-10-04T18:00:00-05:00,0,72.0,Showers And Thunderstorms,"Showers and thunderstorms. Mostly cloudy, with a low around 72. Northeast wind 5 to 10 mph."
168,2026-09-29T11:31:36Z,KMSY,Monday,2026-10-05T06:00:00-05:00,1,82.0,Showers And Thunderstorms Likely,"A chance of rain showers before 1pm, then showers and thunderstorms likely. Mostly cloudy, with a high near 82. Northeast wind 10 to 15 mph."
169,2026-09-29T11:31:36Z,KNYC,Today,2026-09-29T06:00:00-04:00,1,71.0,Patchy Fog then Partly Sunny,"Patchy fog before 10am. Partly sunny, with a high near 71. Northwest wind 0 to 3 mph."
170,2026-09-29T11:31:36Z,KNYC,Tonight,2026-09-29T18:00:00-04:00,0,58.0,Partly Cloudy,"Partly cloudy. Low around 58, with temperatures rising to around 60 overnight. Wind around 0 mph."
171,2026-09-29T11:31:36Z,KNYC,Wednesday,2026-09-30T06:00:00-04:00,1,75.0,Mostly Sunny,"Mostly sunny, with a high near 75. Wind around 0 mph."
172,2026-09-29T11:31:36Z,KNYC,Wednesday Night,2026-09-30T18:00:00-04:00,0,62.0,Mostly Cloudy,"Mostly cloudy. Low around 62, with temperatures rising to around 64 overnight. Southwest wind around 2 mph."
173,2026-09-29T11:31:36Z,KNYC,Thursday,2026-10-01T06:00:00-04:00,1,78.0,Mostly Sunny,"Mostly sunny, with a high near 78. Southwest wind 2 to 6 mph."
174,2026-09-29T11:31:36Z,KNYC,Thursday Night,2026-10-01T18:00:00-04:00,0,66.0,Partly Cloudy,"Partly cloudy. Low around 66, with temperatures rising to around 68 overnight."
175,2026-09-29T11:31:36Z,KNYC,Friday,2026-10-02T06:00:00-04:00,1,81.0,Mostly Sunny,"Mostly sunny, with a high near 81."
176,2026-09-29T11:31:36Z,KNYC,Friday Night,2026-10-02T18:00:00-04:00,0,63.0,Slight Chance Rain Showers,"A slight chance of rain showers after 8pm. Mostly cloudy, with a low around 63."
177,2026-09-29T11:31:36Z,KNYC,Saturday,2026-10-03T06:00:00-04:00,1,72.0,Slight Chance Rain Showers,"A slight chance of rain showers. Partly sunny, with a high near 72."
178,2026-09-29T11:31:36Z,KNYC,Saturday Night,2026-10-03T18:00:00-04:00,0,58.0,Chance Rain Showers,"A chance of rain showers. Mostly cloudy, with a low around 58. Chance of precipitation is 50%."
179,2026-09-29T11:31:36Z,KNYC,Sunday,2026-10-04T06:00:00-04:00,1,68.0,Rain Showers Likely,"Rain showers likely. Mostly cloudy, with a high near 68. Chance of precipitation is 60%."
180,2026-09-29T11:31:36Z,KNYC,Sunday Night,2026-10-04T18:00:00-04:00,0,57.0,Rain Showers Likely,"Rain showers likely. Mostly cloudy, with a low around 57. Chance of precipitation is 60%."
181,2026-09-29T11:31:36Z,KNYC,Monday,2026-10-05T06:00:00-04:00,1,68.0,Chance Rain Showers then Partly Sunny,"A chance of rain showers before 8am. Partly sunny, with a high near 68. Chance of precipitation is 30%."
182,2026-09-29T11:31:36Z,KNYC,Monday Night,2026-10-05T18:00:00-04:00,0,50.0,Slight Chance Rain Showers,"A slight chance of rain showers between 8pm and 2am. Partly cloudy, with a low around 50."
183,2026-09-29T11:31:36Z,KOKC,Overnight,2026-09-29T05:00:00-05:00,0,70.0,Slight Chance Rain Showers,"A slight chance of rain showers. Mostly cloudy, with a low around 70. South southeast wind around 12 mph. Chance of precipitation is 20%. New rainfall amounts less than a tenth of an inch possible."
184,2026-09-29T11:31:36Z,KOKC,Tuesday,2026-09-29T06:00:00-05:00,1,91.0,Chance Rain Showers,"A chance of rain showers before 1pm. Mostly cloudy, with a high near 91. South southeast wind 13 to 20 mph, with gusts as high as 30 mph. Chance of precipitation is 30%. New rainfall amounts less than a tenth of an inch possible."
185,2026-09-29T11:31:36Z,KOKC,Tuesday Night,2026-09-29T18:00:00-05:00,0,72.0,Mostly Cloudy,"Mostly cloudy, with a low around 72. South southeast wind 15 to 18 mph, with gusts as high as 28 mph."
186,2026-09-29T11:31:36Z,KOKC,Wednesday,2026-09-30T06:00:00-05:00,1,86.0,Showers And Thunderstorms Likely,"A slight chance of rain showers between 7am and 1pm, then showers and thunderstorms likely. Partly sunny, with a high near 86. South wind 17 to 23 mph, with gusts as high as 35 mph. Chance of precipitation is 60%."
187,2026-09-29T11:31:36Z,KOKC,Wednesday Night,2026-09-30T18:00:00-05:00,0,68.0,Showers And Thunderstorms,"Showers and thunderstorms. Some of the storms could produce heavy rain. Mostly cloudy, with a low around 68. South wind 13 to 20 mph, with gusts as high as 30 mph. Chance of precipitation is 100%."
188,2026-09-29T11:31:36Z,KOKC,Thursday,2026-10-01T06:00:00-05:00,1,80.0,Showers And Thunderstorms,"Showers and thunderstorms. Some of the storms could produce heavy rain. Mostly cloudy, with a high near 80. Chance of precipitation is 100%."
189,2026-09-29T11:31:36Z,KOKC,Thursday Night,2026-10-01T18:00:00-05:00,0,61.0,Showers And Thunderstorms Likely,"Showers and thunderstorms likely. Mostly cloudy, with a low around 61. Chance of precipitation is 60%."
190,2026-09-29T11:31:36Z,KOKC,Friday,2026-10-02T06:00:00-05:00,1,72.0,Chance Rain Showers,"A chance of rain showers. Mostly cloudy, with a high near 72. Chance of precipitation is 50%."
191,2026-09-29T11:31:36Z,KOKC,Friday Night,2026-10-02T18:00:00-05:00,0,59.0,Chance Rain Showers,"A chance of rain showers. Mostly cloudy, with a low around 59. Chance of precipitation is 40%."
192,2026-09-29T11:31:36Z,KOKC,Saturday,2026-10-03T06:00:00-05:00,1,76.0,Chance Showers And Thunderstorms,"A chance of rain showers before 7am, then a chance of showers and thunderstorms between 7am and 1pm, then a slight chance of showers and thunderstorms. Partly sunny, with a high near 76. Chance of precipitation is 30%."
193,2026-09-29T11:31:36Z,KOKC,Saturday Night,2026-10-03T18:00:00-05:00,0,61.0,Slight Chance Showers And Thunderstorms,"A slight chance of showers and thunderstorms. Mostly cloudy, with a low around 61. Chance of precipitation is 20%."
194,2026-09-29T11:31:36Z,KOKC,Sunday,2026-10-04T06:00:00-05:00,1,76.0,Slight Chance Rain Showers,"A slight chance of rain showers before 1pm. Mostly sunny, with a high near 76. Chance of precipitation is 20%."
195,2026-09-29T11:31:36Z,KOKC,Sunday Night,2026-10-04T18:00:00-05:00,0,55.0,Partly Cloudy,"Partly cloudy, with a low around 55."
196,2026-09-29T11:31:36Z,KOKC,Monday,2026-10-05T06:00:00-05:00,1,78.0,Sunny,"Sunny, with a high near 78."
197,2026-09-29T11:31:36Z,KPHL,Today,2026-09-29T06:00:00-04:00,1,75.0,Partly Sunny,"Partly sunny, with a high near 75. Northwest wind 0 to 5 mph."
198,2026-09-29T11:31:36Z,KPHL,Tonight,2026-09-29T18:00:00-04:00,0,59.0,Partly Cloudy,"Partly cloudy, with a low around 59. Northwest wind 0 to 5 mph."
199,2026-09-29T11:31:36Z,KPHL,Wednesday,2026-09-30T06:00:00-04:00,1,79.0,Mostly Sunny,"Mostly sunny, with a high near 79. Northwest wind 0 to 5 mph."
200,2026-09-29T11:31:36Z,KPHL,Wednesday Night,2026-09-30T18:00:00-04:00,0,63.0,Mostly Cloudy,"Mostly cloudy, with a low around 63. Southwest wind 0 to 5 mph."
201,2026-09-29T11:31:36Z,KPHL,Thursday,2026-10-01T06:00:00-04:00,1,82.0,Mostly Sunny,"Mostly sunny, with a high near 82. Southwest wind around 5 mph."
202,2026-09-29T11:31:36Z,KPHL,Thursday Night,2026-10-01T18:00:00-04:00,0,66.0,Mostly Clear,"Mostly clear, with a low around 66."
203,2026-09-29T11:31:36Z,KPHL,Friday,2026-10-02T06:00:00-04:00,1,84.0,Mostly Sunny,"Mostly sunny, with a high near 84."
204,2026-09-29T11:31:36Z,KPHL,Friday Night,2026-10-02T18:00:00-04:00,0,64.0,Slight Chance Rain Showers,"A slight chance of rain showers after 8pm. Partly cloudy, with a low around 64."
205,2026-09-29T11:31:36Z,KPHL,Saturday,2026-10-03T06:00:00-04:00,1,74.0,Slight Chance Rain Showers,"A slight chance of rain showers. Mostly cloudy, with a high near 74."
206,2026-09-29T11:31:36Z,KPHL,Saturday Night,2026-10-03T18:00:00-04:00,0,59.0,Chance Rain Showers,"A chance of rain showers before 2am, then a chance of showers and thunderstorms. Mostly cloudy, with a low around 59. Chance of precipitation is 50%."
207,2026-09-29T11:31:36Z,KPHL,Sunday,2026-10-04T06:00:00-04:00,1,69.0,Showers And Thunderstorms Likely,"Showers and thunderstorms likely. Mostly cloudy, with a high near 69. Chance of precipitation is 60%."
208,2026-09-29T11:31:36Z,KPHL,Sunday Night,2026-10-04T18:00:00-04:00,0,57.0,Rain Showers Likely,"Rain showers likely. Mostly cloudy, with a low around 57. Chance of precipitation is 60%."
209,2026-09-29T11:31:36Z,KPHL,Monday,2026-10-05T06:00:00-04:00,1,68.0,Chance Rain Showers then Partly Sunny,"A chance of rain showers before 8am. Partly sunny, with a high near 68. Chance of precipitation is 30%."
210,2026-09-29T11:31:36Z,KPHL,Monday Night,2026-10-05T18:00:00-04:00,0,49.0,Partly Cloudy,"Partly cloudy, with a low around 49."
211,2026-09-29T11:31:36Z,KPHX,Overnight,2026-09-29T03:00:00-07:00,0,72.0,Showers And Thunderstorms,"Showers and thunderstorms. Cloudy, with a low around 72. North wind around 10 mph. Chance of precipitation is 100%. New rainfall amounts between a half and three quarters of an inch possible."
212,2026-09-29T11:31:36Z,KPHX,Tuesday,2026-09-29T06:00:00-07:00,1,81.0,Showers And Thunderstorms then Slight Chance Showers And Thunderstorms,"Showers and thunderstorms before 9am, then a slight chance of showers and thunderstorms. Partly sunny. High near 81, with temperatures falling to around 78 in the afternoon. West northwest wind around 10 mph. Chance of precipitation is 90%. New rainfall amounts between a tenth and quarter of an inch possible."
213,2026-09-29T11:31:36Z,KPHX,Tuesday Night,2026-09-29T18:00:00-07:00,0,67.0,Slight Chance Showers And Thunderstorms then Partly Cloudy,"A slight chance of showers and thunderstorms before 11pm. Partly cloudy. Low around 67, with temperatures rising to around 69 overnight. Southeast wind 5 to 10 mph. Chance of precipitation is 20%."
214,2026-09-29T11:31:36Z,KPHX,Wednesday,2026-09-30T06:00:00-07:00,1,82.0,Mostly Sunny,"Mostly sunny, with a high near 82. South southeast wind 0 to 10 mph."
215,2026-09-29T11:31:36Z,KPHX,Wednesday Night,2026-09-30T18:00:00-07:00,0,68.0,Mostly Clear,"Mostly clear, with a low around 68. East southeast wind 0 to 5 mph."
216,2026-09-29T11:31:36Z,KPHX,Thursday,2026-10-01T06:00:00-07:00,1,88.0,Sunny,"Sunny, with a high near 88. North northwest wind 0 to 5 mph."
217,2026-09-29T11:31:36Z,KPHX,Thursday Night,2026-10-01T18:00:00-07:00,0,71.0,Clear,"Clear, with a low around 71. East southeast wind 0 to 10 mph."
218,2026-09-29T11:31:36Z,KPHX,Friday,2026-10-02T06:00:00-07:00,1,91.0,Sunny,"Sunny, with a high near 91. East wind 5 to 15 mph."
219,2026-09-29T11:31:36Z,KPHX,Friday Night,2026-10-02T18:00:00-07:00,0,73.0,Clear,"Clear, with a low around 73. East wind 5 to 10 mph, with gusts as high as 20 mph."
220,2026-09-29T11:31:36Z,KPHX,Saturday,2026-10-03T06:00:00-07:00,1,93.0,Sunny,"Sunny, with a high near 93. East wind 5 to 10 mph, with gusts as high as 25 mph."
221,2026-09-29T11:31:36Z,KPHX,Saturday Night,2026-10-03T18:00:00-07:00,0,75.0,Clear,"Clear, with a low around 75. East wind 5 to 10 mph, with gusts as high as 20 mph."
222,2026-09-29T11:31:36Z,KPHX,Sunday,2026-10-04T06:00:00-07:00,1,95.0,Sunny,"Sunny, with a high near 95. East wind 10 to 15 mph, with gusts as high as 35 mph."
223,2026-09-29T11:31:36Z,KPHX,Sunday Night,2026-10-04T18:00:00-07:00,0,77.0,Clear,"Clear, with a low around 77. East wind 10 to 15 mph, with gusts as high as 30 mph."
224,2026-09-29T11:31:36Z,KPHX,Monday,2026-10-05T06:00:00-07:00,1,95.0,Sunny,"Sunny, with a high near 95. East wind 10 to 15 mph, with gusts as high as 30 mph."
225,2026-09-29T11:31:36Z,KSAT,Overnight,2026-09-29T05:00:00-05:00,0,75.0,Mostly Cloudy,"Mostly cloudy, with a low around 75. Southeast wind around 5 mph."
226,2026-09-29T11:31:36Z,KSAT,Tuesday,2026-09-29T06:00:00-05:00,1,93.0,Slight Chance Rain Showers,"A slight chance of rain showers between 10am and 1pm. Partly sunny, with a high near 93. Heat index values as high as 101. Southeast wind 5 to 15 mph, with gusts as high as 25 mph. Chance of precipitation is 20%."
227,2026-09-29T11:31:36Z,KSAT,Tuesday Night,2026-09-29T18:00:00-05:00,0,76.0,Mostly Cloudy then Chance Showers And Thunderstorms,"A slight chance of rain showers between 1am and 4am, then a chance of showers and thunderstorms. Mostly cloudy, with a low around 76. Heat index values as high as 100. Southeast wind around 15 mph, with gusts as high as 25 mph. Chance of precipitation is 30%."
228,2026-09-29T11:31:36Z,KSAT,Wednesday,2026-09-30T06:00:00-05:00,1,95.0,Chance Showers And Thunderstorms,"A chance of showers and thunderstorms before 1pm, then a chance of showers and thunderstorms. Mostly cloudy, with a high near 95. Heat index values as high as 106. South southeast wind 10 to 15 mph, with gusts as high as 30 mph. Chance of precipitation is 40%."
229,2026-09-29T11:31:36Z,KSAT,Wednesday Night,2026-09-30T18:00:00-05:00,0,76.0,Chance Showers And Thunderstorms then Showers And Thunderstorms,"A chance of showers and thunderstorms before 10pm, then showers and thunderstorms. Mostly cloudy, with a low around 76. Southeast wind around 15 mph, with gusts as high as 30 mph. Chance of precipitation is 80%."
230,2026-09-29T11:31:36Z,KSAT,Thursday,2026-10-01T06:00:00-05:00,1,88.0,Showers And Thunderstorms,"Rain showers before 10am, then showers and thunderstorms. Some of the storms could produce heavy rain. Cloudy, with a high near 88. Southeast wind 5 to 15 mph, with gusts as high as 25 mph. Chance of precipitation is 100%."
231,2026-09-29T11:31:36Z,KSAT,Thursday Night,2026-10-01T18:00:00-05:00,0,72.0,Showers And Thunderstorms,"Showers and thunderstorms. Some of the storms could produce heavy rain. Cloudy, with a low around 72. East wind around 5 mph. Chance of precipitation is 100%."
232,2026-09-29T11:31:36Z,KSAT,Friday,2026-10-02T06:00:00-05:00,1,81.0,Showers And Thunderstorms,"Showers and thunderstorms. Some of the storms could produce heavy rain. Cloudy, with a high near 81. East northeast wind 5 to 10 mph. Chance of precipitation is 90%."
233,2026-09-29T11:31:36Z,KSAT,Friday Night,2026-10-02T18:00:00-05:00,0,69.0,Showers And Thunderstorms Likely,"Showers and thunderstorms likely. Mostly cloudy, with a low around 69. North northeast wind 5 to 15 mph, with gusts as high as 25 mph. Chance of precipitation is 70%."
234,2026-09-29T11:31:36Z,KSAT,Saturday,2026-10-03T06:00:00-05:00,1,82.0,Rain Showers Likely,"Rain showers likely before 1pm, then a chance of showers and thunderstorms. Mostly cloudy, with a high near 82. Chance of precipitation is 60%."
235,2026-09-29T11:31:36Z,KSAT,Saturday Night,2026-10-03T18:00:00-05:00,0,70.0,Chance Showers And Thunderstorms,"A chance of showers and thunderstorms. Mostly cloudy, with a low around 70. Chance of precipitation is 50%."
236,2026-09-29T11:31:36Z,KSAT,Sunday,2026-10-04T06:00:00-05:00,1,82.0,Chance Rain Showers,"A chance of rain showers before 1pm, then a chance of showers and thunderstorms. Mostly cloudy, with a high near 82. Chance of precipitation is 40%."
237,2026-09-29T11:31:36Z,KSAT,Sunday Night,2026-10-04T18:00:00-05:00,0,69.0,Chance Showers And Thunderstorms then Slight Chance Showers And Thunderstorms,"A chance of showers and thunderstorms before 7pm, then a slight chance of showers and thunderstorms. Mostly cloudy, with a low around 69. Chance of precipitation is 40%."
238,2026-09-29T11:31:36Z,KSAT,Monday,2026-10-05T06:00:00-05:00,1,80.0,Slight Chance Rain Showers,"A slight chance of rain showers. Mostly cloudy, with a high near 80."
239,2026-09-29T11:31:36Z,KSFO,Overnight,2026-09-29T03:00:00-07:00,0,54.0,Mostly Clear,"Mostly clear, with a low around 54. West wind around 6 mph."
240,2026-09-29T11:31:36Z,KSFO,Tuesday,2026-09-29T06:00:00-07:00,1,78.0,Sunny,"Sunny. High near 78, with temperatures falling to around 73 in the afternoon. West northwest wind 0 to 18 mph, with gusts as high as 22 mph."
241,2026-09-29T11:31:36Z,KSFO,Tuesday Night,2026-09-29T18:00:00-07:00,0,56.0,Mostly Clear,"Mostly clear, with a low around 56. West wind 5 to 16 mph, with gusts as high as 20 mph."
242,2026-09-29T11:31:36Z,KSFO,Wednesday,2026-09-30T06:00:00-07:00,1,80.0,Sunny,"Sunny, with a high near 80. West southwest wind 0 to 14 mph."
243,2026-09-29T11:31:36Z,KSFO,Wednesday Night,2026-09-30T18:00:00-07:00,0,56.0,Mostly Clear,"Mostly clear, with a low around 56. West southwest wind 3 to 14 mph."
244,2026-09-29T11:31:36Z,KSFO,Thursday,2026-10-01T06:00:00-07:00,1,79.0,Sunny,"Sunny, with a high near 79."
245,2026-09-29T11:31:36Z,KSFO,Thursday Night,2026-10-01T18:00:00-07:00,0,58.0,Partly Cloudy,"Partly cloudy, with a low around 58."
246,2026-09-29T11:31:36Z,KSFO,Friday,2026-10-02T06:00:00-07:00,1,79.0,Mostly Sunny,"Mostly sunny, with a high near 79."
247,2026-09-29T11:31:36Z,KSFO,Friday Night,2026-10-02T18:00:00-07:00,0,59.0,Partly Cloudy,"Partly cloudy, with a low around 59."
248,2026-09-29T11:31:36Z,KSFO,Saturday,2026-10-03T06:00:00-07:00,1,80.0,Mostly Sunny,"Mostly sunny, with a high near 80."
249,2026-09-29T11:31:36Z,KSFO,Saturday Night,2026-10-03T18:00:00-07:00,0,60.0,Mostly Clear,"Mostly clear, with a low around 60."
250,2026-09-29T11:31:36Z,KSFO,Sunday,2026-10-04T06:00:00-07:00,1,79.0,Sunny,"Sunny, with a high near 79."
251,2026-09-29T11:31:36Z,KSFO,Sunday Night,2026-10-04T18:00:00-07:00,0,60.0,Mostly Clear,"Mostly clear, with a low around 60."
252,2026-09-29T11:31:36Z,KSFO,Monday,2026-10-05T06:00:00-07:00,1,79.0,Sunny,"Sunny, with a high near 79."
253,2026-09-29T11:31:36Z,KSEA,Tonight,2026-09-28T23:00:00-07:00,0,55.0,Cloudy then Light Rain Likely,"Rain likely after midnight. Cloudy, with a low around 55. South southwest wind around 14 mph, with gusts as high as 22 mph. Chance of precipitation is 60%. New rainfall amounts less than a tenth of an inch possible."
254,2026-09-29T11:31:36Z,KSEA,Tuesday,2026-09-29T06:00:00-07:00,1,61.0,Light Rain,"Rain. Cloudy. High near 61, with temperatures falling to around 59 in the afternoon. Southwest wind 6 to 15 mph, with gusts as high as 22 mph. Chance of precipitation is 80%. New rainfall amounts less than a tenth of an inch possible."
255,2026-09-29T11:31:36Z,KSEA,Tuesday Night,2026-09-29T18:00:00-07:00,0,50.0,Chance Light Rain then Mostly Cloudy,"A chance of rain before 10pm. Mostly cloudy. Low around 50, with temperatures rising to around 52 overnight. East northeast wind 1 to 7 mph. Chance of precipitation is 50%. New rainfall amounts less than a tenth of an inch possible."
256,2026-09-29T11:31:36Z,KSEA,Wednesday,2026-09-30T06:00:00-07:00,1,63.0,Mostly Sunny,"Mostly sunny, with a high near 63. North northeast wind 5 to 8 mph."
257,2026-09-29T11:31:36Z,KSEA,Wednesday Night,2026-09-30T18:00:00-07:00,0,50.0,Mostly Cloudy,"Mostly cloudy, with a low around 50. North wind around 8 mph."
258,2026-09-29T11:31:36Z,KSEA,Thursday,2026-10-01T06:00:00-07:00,1,64.0,Mostly Cloudy,"Mostly cloudy, with a high near 64."
259,2026-09-29T11:31:36Z,KSEA,Thursday Night,2026-10-01T18:00:00-07:00,0,52.0,Mostly Cloudy,"Mostly cloudy, with a low around 52."
260,2026-09-29T11:31:36Z,KSEA,Friday,2026-10-02T06:00:00-07:00,1,66.0,Partly Sunny,"Partly sunny, with a high near 66."
261,2026-09-29T11:31:36Z,KSEA,Friday Night,2026-10-02T18:00:00-07:00,0,51.0,Partly Cloudy,"Partly cloudy, with a low around 51."
262,2026-09-29T11:31:36Z,KSEA,Saturday,2026-10-03T06:00:00-07:00,1,66.0,Mostly Sunny,"Mostly sunny, with a high near 66."
263,2026-09-29T11:31:36Z,KSEA,Saturday Night,2026-10-03T18:00:00-07:00,0,52.0,Partly Cloudy,"Partly cloudy, with a low around 52."
264,2026-09-29T11:31:36Z,KSEA,Sunday,2026-10-04T06:00:00-07:00,1,70.0,Mostly Sunny,"Mostly sunny, with a high near 70."
265,2026-09-29T11:31:36Z,KSEA,Sunday Night,2026-10-04T18:00:00-07:00,0,53.0,Partly Cloudy,"Partly cloudy, with a low around 53."
266,2026-09-29T11:31:36Z,KSEA,Monday,2026-10-05T06:00:00-07:00,1,68.0,Mostly Sunny,"Mostly sunny, with a high near 68."
267,2026-09-29T11:31:36Z,KDCA,Today,2026-09-29T06:00:00-04:00,1,75.0,Mostly Cloudy,"Mostly cloudy, with a high near 75. Northwest wind around 6 mph."
268,2026-09-29T11:31:36Z,KDCA,Tonight,2026-09-29T18:00:00-04:00,0,61.0,Partly Cloudy,"Partly cloudy, with a low around 61. West wind 0 to 5 mph."
269,2026-09-29T11:31:36Z,KDCA,Wednesday,2026-09-30T06:00:00-04:00,1,82.0,Mostly Sunny,"Mostly sunny, with a high near 82. Southwest wind 0 to 7 mph."
270,2026-09-29T11:31:36Z,KDCA,Wednesday Night,2026-09-30T18:00:00-04:00,0,65.0,Partly Cloudy,"Partly cloudy, with a low around 65. South wind around 9 mph."
271,2026-09-29T11:31:36Z,KDCA,Thursday,2026-10-01T06:00:00-04:00,1,86.0,Mostly Sunny,"Mostly sunny, with a high near 86. Southwest wind around 9 mph."
272,2026-09-29T11:31:36Z,KDCA,Thursday Night,2026-10-01T18:00:00-04:00,0,65.0,Mostly Clear,"Mostly clear, with a low around 65."
273,2026-09-29T11:31:36Z,KDCA,Friday,2026-10-02T06:00:00-04:00,1,87.0,Mostly Sunny,"Mostly sunny, with a high near 87."
274,2026-09-29T11:31:36Z,KDCA,Friday Night,2026-10-02T18:00:00-04:00,0,65.0,Mostly Cloudy then Slight Chance Rain Showers,"A slight chance of rain showers after 2am. Mostly cloudy, with a low around 65. Chance of precipitation is 20%."
275,2026-09-29T11:31:36Z,KDCA,Saturday,2026-10-03T06:00:00-04:00,1,74.0,Chance Rain Showers,"A chance of rain showers. Mostly cloudy, with a high near 74. Chance of precipitation is 40%."
276,2026-09-29T11:31:36Z,KDCA,Saturday Night,2026-10-03T18:00:00-04:00,0,62.0,Rain Showers Likely,"Rain showers likely. Mostly cloudy, with a low around 62. Chance of precipitation is 60%."
277,2026-09-29T11:31:36Z,KDCA,Sunday,2026-10-04T06:00:00-04:00,1,70.0,Rain Showers Likely,"Rain showers likely. Mostly cloudy, with a high near 70. Chance of precipitation is 70%."
278,2026-09-29T11:31:36Z,KDCA,Sunday Night,2026-10-04T18:00:00-04:00,0,58.0,Rain Showers Likely,"Rain showers likely. Mostly cloudy, with a low around 58. Chance of precipitation is 70%."
279,2026-09-29T11:31:36Z,KDCA,Monday,2026-10-05T06:00:00-04:00,1,67.0,Chance Rain Showers,"A chance of rain showers before 2pm. Partly sunny, with a high near 67. Chance of precipitation is 30%."
280,2026-09-29T11:31:36Z,KDCA,Monday Night,2026-10-05T18:00:00-04:00,0,50.0,Partly Cloudy,"Partly cloudy, with a low around 50."
1,2026-09-29T16:58:50Z,KATL,Today,2026-09-29T06:00:00-04:00,1,84.0,Sunny,"Sunny, with a high near 84. East wind 0 to 5 mph."
2,2026-09-29T16:58:50Z,KATL,Tonight,2026-09-29T18:00:00-04:00,0,62.0,Clear,"Clear, with a low around 62. East wind 0 to 5 mph."
3,2026-09-29T16:58:50Z,KATL,Wednesday,2026-09-30T06:00:00-04:00,1,87.0,Sunny,"Sunny, with a high near 87. East wind around 5 mph."
4,2026-09-29T16:58:50Z,KATL,Wednesday Night,2026-09-30T18:00:00-04:00,0,66.0,Mostly Clear,"Mostly clear, with a low around 66. East wind around 5 mph."
5,2026-09-29T16:58:50Z,KATL,Thursday,2026-10-01T06:00:00-04:00,1,87.0,Sunny,"Sunny, with a high near 87. Southeast wind 5 to 10 mph."
6,2026-09-29T16:58:50Z,KATL,Thursday Night,2026-10-01T18:00:00-04:00,0,69.0,Mostly Clear,"Mostly clear, with a low around 69."
7,2026-09-29T16:58:50Z,KATL,Friday,2026-10-02T06:00:00-04:00,1,87.0,Mostly Sunny then Chance Showers And Thunderstorms,"A chance of showers and thunderstorms after 2pm. Mostly sunny, with a high near 87. Chance of precipitation is 40%."
8,2026-09-29T16:58:50Z,KATL,Friday Night,2026-10-02T18:00:00-04:00,0,71.0,Chance Showers And Thunderstorms,"A chance of showers and thunderstorms. Mostly cloudy, with a low around 71. Chance of precipitation is 50%."
9,2026-09-29T16:58:50Z,KATL,Saturday,2026-10-03T06:00:00-04:00,1,83.0,Showers And Thunderstorms Likely,"A chance of rain showers before 8am, then showers and thunderstorms likely. Mostly cloudy, with a high near 83. Chance of precipitation is 70%."
10,2026-09-29T16:58:50Z,KATL,Saturday Night,2026-10-03T18:00:00-04:00,0,70.0,Showers And Thunderstorms Likely,"Showers and thunderstorms likely. Mostly cloudy, with a low around 70. Chance of precipitation is 70%."
11,2026-09-29T16:58:50Z,KATL,Sunday,2026-10-04T06:00:00-04:00,1,78.0,Showers And Thunderstorms,"Showers and thunderstorms. Mostly cloudy, with a high near 78. Chance of precipitation is 80%."
12,2026-09-29T16:58:50Z,KATL,Sunday Night,2026-10-04T18:00:00-04:00,0,67.0,Showers And Thunderstorms,"Showers and thunderstorms. Mostly cloudy, with a low around 67. Chance of precipitation is 80%."
13,2026-09-29T16:58:50Z,KATL,Monday,2026-10-05T06:00:00-04:00,1,75.0,Chance Rain Showers,"A chance of rain showers. Mostly cloudy, with a high near 75. Chance of precipitation is 50%."
14,2026-09-29T16:58:50Z,KATL,Monday Night,2026-10-05T18:00:00-04:00,0,61.0,Chance Rain Showers,"A chance of rain showers. Mostly cloudy, with a low around 61."
15,2026-09-29T16:58:50Z,KAUS,Today,2026-09-29T11:00:00-05:00,1,97.0,Partly Sunny then Slight Chance Showers And Thunderstorms,"A slight chance of showers and thunderstorms after 1pm. Partly sunny. High near 97, with temperatures falling to around 93 in the afternoon. Heat index values as high as 104. South southeast wind around 10 mph, with gusts as high as 25 mph. Chance of precipitation is 20%."
16,2026-09-29T16:58:50Z,KAUS,Tonight,2026-09-29T18:00:00-05:00,0,75.0,Slight Chance Showers And Thunderstorms,"A slight chance of showers and thunderstorms. Mostly cloudy, with a low around 75. Heat index values as high as 100. Southeast wind around 10 mph, with gusts as high as 25 mph. Chance of precipitation is 20%."
17,2026-09-29T16:58:50Z,KAUS,Wednesday,2026-09-30T06:00:00-05:00,1,97.0,Chance Rain Showers then Chance Showers And Thunderstorms,"A chance of rain showers before 4pm, then a chance of showers and thunderstorms. Partly sunny, with a high near 97. Heat index values as high as 106. South southeast wind 10 to 15 mph, with gusts as high as 30 mph. Chance of precipitation is 50%. New rainfall amounts less than a tenth of an inch possible."
18,2026-09-29T16:58:50Z,KAUS,Wednesday Night,2026-09-30T18:00:00-05:00,0,75.0,Chance Showers And Thunderstorms then Showers And Thunderstorms Likely,"A chance of showers and thunderstorms before 7pm, then showers and thunderstorms likely. Mostly cloudy, with a low around 75. Heat index values as high as 102. South southeast wind 10 to 15 mph, with gusts as high as 30 mph. Chance of precipitation is 70%."
19,2026-09-29T16:58:50Z,KAUS,Thursday,2026-10-01T06:00:00-05:00,1,91.0,Showers And Thunderstorms,"Showers and thunderstorms. Mostly cloudy, with a high near 91. South southeast wind 5 to 10 mph, with gusts as high as 25 mph. Chance of precipitation is 100%."
20,2026-09-29T16:58:50Z,KAUS,Thursday Night,2026-10-01T18:00:00-05:00,0,71.0,Showers And Thunderstorms,"Showers and thunderstorms. Cloudy, with a low around 71. Southeast wind 0 to 5 mph. Chance of precipitation is 100%."
21,2026-09-29T16:58:50Z,KAUS,Friday,2026-10-02T06:00:00-05:00,1,83.0,Showers And Thunderstorms,"Showers and thunderstorms. Mostly cloudy, with a high near 83. Northeast wind around 5 mph. Chance of precipitation is 90%."
22,2026-09-29T16:58:50Z,KAUS,Friday Night,2026-10-02T18:00:00-05:00,0,68.0,Rain Showers Likely,"Rain showers likely. Mostly cloudy, with a low around 68. North northeast wind 0 to 5 mph. Chance of precipitation is 70%."
23,2026-09-29T16:58:50Z,KAUS,Saturday,2026-10-03T06:00:00-05:00,1,82.0,Rain Showers Likely,"Rain showers likely before 1pm, then showers and thunderstorms likely. Mostly cloudy, with a high near 82. North northeast wind 5 to 10 mph, with gusts as high as 20 mph. Chance of precipitation is 60%."
24,2026-09-29T16:58:50Z,KAUS,Saturday Night,2026-10-03T18:00:00-05:00,0,68.0,Showers And Thunderstorms Likely,"Showers and thunderstorms likely. Mostly cloudy, with a low around 68. Chance of precipitation is 60%."
25,2026-09-29T16:58:50Z,KAUS,Sunday,2026-10-04T06:00:00-05:00,1,81.0,Chance Rain Showers,"A chance of rain showers before 1pm, then a chance of showers and thunderstorms. Mostly cloudy, with a high near 81. Chance of precipitation is 50%."
26,2026-09-29T16:58:50Z,KAUS,Sunday Night,2026-10-04T18:00:00-05:00,0,67.0,Chance Showers And Thunderstorms then Slight Chance Showers And Thunderstorms,"A chance of showers and thunderstorms before 7pm, then a slight chance of showers and thunderstorms. Mostly cloudy, with a low around 67. Chance of precipitation is 50%."
27,2026-09-29T16:58:50Z,KAUS,Monday,2026-10-05T06:00:00-05:00,1,80.0,Chance Rain Showers,"A chance of rain showers. Mostly cloudy, with a high near 80. Chance of precipitation is 30%."
28,2026-09-29T16:58:50Z,KAUS,Monday Night,2026-10-05T18:00:00-05:00,0,65.0,Chance Rain Showers then Mostly Cloudy,"A chance of rain showers before 7pm. Mostly cloudy, with a low around 65."
29,2026-09-29T16:58:50Z,KBOS,Today,2026-09-29T09:00:00-04:00,1,67.0,Mostly Cloudy,"Mostly cloudy, with a high near 67. Northwest wind 5 to 8 mph."
30,2026-09-29T16:58:50Z,KBOS,Tonight,2026-09-29T18:00:00-04:00,0,56.0,Mostly Cloudy,"Mostly cloudy, with a low around 56. Northwest wind around 5 mph."
31,2026-09-29T16:58:50Z,KBOS,Wednesday,2026-09-30T06:00:00-04:00,1,68.0,Partly Sunny,"Partly sunny, with a high near 68. Northeast wind around 6 mph."
32,2026-09-29T16:58:50Z,KBOS,Wednesday Night,2026-09-30T18:00:00-04:00,0,58.0,Mostly Cloudy,"Mostly cloudy, with a low around 58. South wind around 6 mph."
33,2026-09-29T16:58:50Z,KBOS,Thursday,2026-10-01T06:00:00-04:00,1,77.0,Mostly Sunny,"Mostly sunny, with a high near 77. Southwest wind 5 to 10 mph."
34,2026-09-29T16:58:50Z,KBOS,Thursday Night,2026-10-01T18:00:00-04:00,0,65.0,Partly Cloudy,"Partly cloudy, with a low around 65. Southwest wind around 9 mph."
35,2026-09-29T16:58:50Z,KBOS,Friday,2026-10-02T06:00:00-04:00,1,79.0,Mostly Sunny,"Mostly sunny, with a high near 79. Southwest wind around 8 mph."
36,2026-09-29T16:58:50Z,KBOS,Friday Night,2026-10-02T18:00:00-04:00,0,59.0,Chance Rain Showers,"A chance of rain showers after 9pm. Mostly cloudy, with a low around 59. Northwest wind around 8 mph. Chance of precipitation is 30%."
37,2026-09-29T16:58:50Z,KBOS,Saturday,2026-10-03T06:00:00-04:00,1,65.0,Slight Chance Rain Showers then Partly Sunny,"A slight chance of rain showers before 9am. Partly sunny, with a high near 65. Northeast wind around 9 mph."
38,2026-09-29T16:58:50Z,KBOS,Saturday Night,2026-10-03T18:00:00-04:00,0,53.0,Mostly Cloudy then Chance Rain Showers,"A chance of rain showers after midnight. Mostly cloudy, with a low around 53. East wind 3 to 7 mph. Chance of precipitation is 30%."
39,2026-09-29T16:58:50Z,KBOS,Sunday,2026-10-04T06:00:00-04:00,1,62.0,Chance Rain Showers,"A chance of rain showers. Mostly cloudy, with a high near 62. East wind 7 to 10 mph. Chance of precipitation is 50%."
40,2026-09-29T16:58:50Z,KBOS,Sunday Night,2026-10-04T18:00:00-04:00,0,53.0,Chance Rain Showers,"A chance of rain showers. Mostly cloudy, with a low around 53. Southwest wind around 8 mph. Chance of precipitation is 50%."
41,2026-09-29T16:58:50Z,KBOS,Monday,2026-10-05T06:00:00-04:00,1,62.0,Chance Rain Showers then Partly Sunny,"A chance of rain showers before 8am. Partly sunny, with a high near 62. Northwest wind 8 to 13 mph. Chance of precipitation is 30%."
42,2026-09-29T16:58:50Z,KBOS,Monday Night,2026-10-05T18:00:00-04:00,0,47.0,Partly Cloudy,"Partly cloudy, with a low around 47. Northwest wind around 9 mph."
43,2026-09-29T16:58:50Z,KMDW,Today,2026-09-29T09:00:00-05:00,1,76.0,Patchy Fog then Mostly Sunny,"Patchy fog before 10am. Mostly sunny, with a high near 76. South southwest wind around 5 mph, with gusts as high as 15 mph."
44,2026-09-29T16:58:50Z,KMDW,Tonight,2026-09-29T18:00:00-05:00,0,64.0,Mostly Cloudy,"Mostly cloudy, with a low around 64. South wind 5 to 10 mph."
45,2026-09-29T16:58:50Z,KMDW,Wednesday,2026-09-30T06:00:00-05:00,1,72.0,Rain Showers Likely,"Rain showers likely. Cloudy. High near 72, with temperatures falling to around 69 in the afternoon. South southwest wind around 10 mph, with gusts as high as 20 mph. Chance of precipitation is 60%. New rainfall amounts between a tenth and quarter of an inch possible."
46,2026-09-29T16:58:50Z,KMDW,Wednesday Night,2026-09-30T18:00:00-05:00,0,67.0,Chance Rain Showers,"A chance of rain showers. Cloudy, with a low around 67. South southwest wind around 10 mph, with gusts as high as 20 mph. Chance of precipitation is 50%."
47,2026-09-29T16:58:50Z,KMDW,Thursday,2026-10-01T06:00:00-05:00,1,74.0,Showers And Thunderstorms,"Rain showers likely before 1pm, then showers and thunderstorms. Cloudy, with a high near 74. West southwest wind around 10 mph. Chance of precipitation is 80%."
48,2026-09-29T16:58:50Z,KMDW,Thursday Night,2026-10-01T18:00:00-05:00,0,60.0,Showers And Thunderstorms,"Showers and thunderstorms. Cloudy, with a low around 60. Chance of precipitation is 90%."
49,2026-09-29T16:58:50Z,KMDW,Friday,2026-10-02T06:00:00-05:00,1,64.0,Rain Showers,"Rain showers. Mostly cloudy, with a high near 64."
50,2026-09-29T16:58:50Z,KMDW,Friday Night,2026-10-02T18:00:00-05:00,0,53.0,Chance Rain Showers then Partly Cloudy,"A chance of rain showers before 7pm. Partly cloudy, with a low around 53."
51,2026-09-29T16:58:50Z,KMDW,Saturday,2026-10-03T06:00:00-05:00,1,63.0,Mostly Sunny,"Mostly sunny, with a high near 63."
52,2026-09-29T16:58:50Z,KMDW,Saturday Night,2026-10-03T18:00:00-05:00,0,53.0,Mostly Cloudy,"Mostly cloudy, with a low around 53."
53,2026-09-29T16:58:50Z,KMDW,Sunday,2026-10-04T06:00:00-05:00,1,64.0,Mostly Sunny,"Mostly sunny, with a high near 64."
54,2026-09-29T16:58:50Z,KMDW,Sunday Night,2026-10-04T18:00:00-05:00,0,50.0,Mostly Clear,"Mostly clear, with a low around 50."
55,2026-09-29T16:58:50Z,KMDW,Monday,2026-10-05T06:00:00-05:00,1,61.0,Sunny,"Sunny, with a high near 61."
56,2026-09-29T16:58:50Z,KMDW,Monday Night,2026-10-05T18:00:00-05:00,0,48.0,Mostly Clear,"Mostly clear, with a low around 48."
57,2026-09-29T16:58:50Z,KDFW,Today,2026-09-29T07:00:00-05:00,1,92.0,Mostly Sunny,"Mostly sunny, with a high near 92. South wind 5 to 15 mph, with gusts as high as 30 mph."
58,2026-09-29T16:58:50Z,KDFW,Tonight,2026-09-29T18:00:00-05:00,0,76.0,Partly Cloudy,"Partly cloudy, with a low around 76. South southeast wind 10 to 15 mph, with gusts as high as 25 mph."
59,2026-09-29T16:58:50Z,KDFW,Wednesday,2026-09-30T06:00:00-05:00,1,94.0,Mostly Cloudy then Chance Showers And Thunderstorms,"A chance of showers and thunderstorms after 1pm. Mostly cloudy, with a high near 94. Heat index values as high as 102. South southeast wind 15 to 20 mph, with gusts as high as 35 mph. Chance of precipitation is 30%. New rainfall amounts less than a tenth of an inch possible."
60,2026-09-29T16:58:50Z,KDFW,Wednesday Night,2026-09-30T18:00:00-05:00,0,74.0,Showers And Thunderstorms,"Showers and thunderstorms. Mostly cloudy. Low around 74, with temperatures rising to around 76 overnight. Heat index values as high as 98. South southeast wind around 15 mph, with gusts as high as 35 mph. Chance of precipitation is 80%. New rainfall amounts between 1 and 2 inches possible."
61,2026-09-29T16:58:50Z,KDFW,Thursday,2026-10-01T06:00:00-05:00,1,83.0,Showers And Thunderstorms,"Showers and thunderstorms. Some of the storms could produce heavy rain. Cloudy. High near 83, with temperatures falling to around 79 in the afternoon. South southeast wind 10 to 15 mph, with gusts as high as 25 mph. Chance of precipitation is 100%."
62,2026-09-29T16:58:50Z,KDFW,Thursday Night,2026-10-01T18:00:00-05:00,0,69.0,Showers And Thunderstorms,"Showers and thunderstorms. Mostly cloudy, with a low around 69. South southeast wind 5 to 10 mph. Chance of precipitation is 100%."
63,2026-09-29T16:58:50Z,KDFW,Friday,2026-10-02T06:00:00-05:00,1,80.0,Showers And Thunderstorms,"Showers and thunderstorms. Cloudy, with a high near 80. East northeast wind 5 to 10 mph. Chance of precipitation is 90%."
64,2026-09-29T16:58:50Z,KDFW,Friday Night,2026-10-02T18:00:00-05:00,0,66.0,Showers And Thunderstorms Likely,"Showers and thunderstorms likely before 7pm, then showers and thunderstorms likely. Mostly cloudy, with a low around 66. North wind 5 to 10 mph. Chance of precipitation is 70%."
65,2026-09-29T16:58:50Z,KDFW,Saturday,2026-10-03T06:00:00-05:00,1,78.0,Showers And Thunderstorms Likely,"Showers and thunderstorms likely. Mostly cloudy, with a high near 78. North wind 5 to 10 mph. Chance of precipitation is 60%."
66,2026-09-29T16:58:50Z,KDFW,Saturday Night,2026-10-03T18:00:00-05:00,0,66.0,Chance Showers And Thunderstorms,"A chance of showers and thunderstorms. Mostly cloudy, with a low around 66. Chance of precipitation is 40%."
67,2026-09-29T16:58:50Z,KDFW,Sunday,2026-10-04T06:00:00-05:00,1,79.0,Chance Rain Showers,"A chance of rain showers. Partly sunny, with a high near 79. Chance of precipitation is 40%."
68,2026-09-29T16:58:50Z,KDFW,Sunday Night,2026-10-04T18:00:00-05:00,0,64.0,Slight Chance Rain Showers,"A slight chance of rain showers. Mostly cloudy, with a low around 64. Chance of precipitation is 20%."
69,2026-09-29T16:58:50Z,KDFW,Monday,2026-10-05T06:00:00-05:00,1,79.0,Slight Chance Rain Showers then Mostly Sunny,"A slight chance of rain showers before 7am. Mostly sunny, with a high near 79. Chance of precipitation is 20%."
70,2026-09-29T16:58:50Z,KDFW,Monday Night,2026-10-05T18:00:00-05:00,0,62.0,Partly Cloudy,"Partly cloudy, with a low around 62."
71,2026-09-29T16:58:50Z,KDEN,Today,2026-09-29T06:00:00-06:00,1,68.0,Slight Chance Rain Showers then Slight Chance Showers And Thunderstorms,"A slight chance of rain showers before 3pm, then a slight chance of showers and thunderstorms. Cloudy, with a high near 68. North northwest wind 5 to 8 mph. Chance of precipitation is 20%."
72,2026-09-29T16:58:50Z,KDEN,Tonight,2026-09-29T18:00:00-06:00,0,55.0,Rain Showers Likely,"Rain showers likely. Mostly cloudy. Low around 55, with temperatures rising to around 58 overnight. North northeast wind around 6 mph. Chance of precipitation is 70%. New rainfall amounts less than a tenth of an inch possible."
73,2026-09-29T16:58:50Z,KDEN,Wednesday,2026-09-30T06:00:00-06:00,1,63.0,Rain Showers Likely,"Rain showers likely before 3pm, then showers and thunderstorms likely. Cloudy. High near 63, with temperatures falling to around 61 in the afternoon. North wind 5 to 13 mph, with gusts as high as 21 mph. Chance of precipitation is 70%."
74,2026-09-29T16:58:50Z,KDEN,Wednesday Night,2026-09-30T18:00:00-06:00,0,49.0,Showers And Thunderstorms Likely,"Showers and thunderstorms likely. Mostly cloudy, with a low around 49. North northeast wind around 12 mph, with gusts as high as 18 mph. Chance of precipitation is 70%."
75,2026-09-29T16:58:50Z,KDEN,Thursday,2026-10-01T06:00:00-06:00,1,63.0,Chance Rain Showers then Partly Sunny,"A chance of rain showers before noon. Partly sunny, with a high near 63. Northeast wind 7 to 10 mph, with gusts as high as 16 mph. Chance of precipitation is 50%."
76,2026-09-29T16:58:50Z,KDEN,Thursday Night,2026-10-01T18:00:00-06:00,0,44.0,Mostly Clear,"Mostly clear, with a low around 44."
77,2026-09-29T16:58:50Z,KDEN,Friday,2026-10-02T06:00:00-06:00,1,74.0,Sunny,"Sunny, with a high near 74."
78,2026-09-29T16:58:50Z,KDEN,Friday Night,2026-10-02T18:00:00-06:00,0,48.0,Mostly Clear,"Mostly clear, with a low around 48."
79,2026-09-29T16:58:50Z,KDEN,Saturday,2026-10-03T06:00:00-06:00,1,76.0,Sunny,"Sunny, with a high near 76."
80,2026-09-29T16:58:50Z,KDEN,Saturday Night,2026-10-03T18:00:00-06:00,0,49.0,Mostly Clear,"Mostly clear, with a low around 49."
81,2026-09-29T16:58:50Z,KDEN,Sunday,2026-10-04T06:00:00-06:00,1,75.0,Sunny,"Sunny, with a high near 75."
82,2026-09-29T16:58:50Z,KDEN,Sunday Night,2026-10-04T18:00:00-06:00,0,50.0,Mostly Clear,"Mostly clear, with a low around 50."
83,2026-09-29T16:58:50Z,KDEN,Monday,2026-10-05T06:00:00-06:00,1,79.0,Sunny,"Sunny, with a high near 79."
84,2026-09-29T16:58:50Z,KDEN,Monday Night,2026-10-05T18:00:00-06:00,0,53.0,Partly Cloudy,"Partly cloudy, with a low around 53."
85,2026-09-29T16:58:50Z,KIAH,This Afternoon,2026-09-29T12:00:00-05:00,1,93.0,Slight Chance Showers And Thunderstorms,"A slight chance of showers and thunderstorms after 1pm. Partly sunny. High near 93, with temperatures falling to around 90 in the afternoon. Southeast wind 10 to 15 mph, with gusts as high as 25 mph. Chance of precipitation is 20%."
86,2026-09-29T16:58:50Z,KIAH,Tonight,2026-09-29T18:00:00-05:00,0,78.0,Partly Cloudy,"Partly cloudy, with a low around 78. Southeast wind 10 to 15 mph, with gusts as high as 20 mph."
87,2026-09-29T16:58:50Z,KIAH,Wednesday,2026-09-30T06:00:00-05:00,1,93.0,Chance Showers And Thunderstorms,"A chance of showers and thunderstorms between 11am and 5pm. Partly sunny, with a high near 93. Heat index values as high as 105. Southeast wind 10 to 15 mph, with gusts as high as 25 mph. Chance of precipitation is 50%. New rainfall amounts less than a tenth of an inch possible."
88,2026-09-29T16:58:50Z,KIAH,Wednesday Night,2026-09-30T18:00:00-05:00,0,79.0,Chance Showers And Thunderstorms then Mostly Cloudy,"A chance of showers and thunderstorms before 7pm. Mostly cloudy, with a low around 79. Heat index values as high as 102. Southeast wind 10 to 15 mph, with gusts as high as 25 mph. Chance of precipitation is 30%."
89,2026-09-29T16:58:50Z,KIAH,Thursday,2026-10-01T06:00:00-05:00,1,92.0,Showers And Thunderstorms Likely,"Rain showers likely between 7am and 10am, then showers and thunderstorms likely. Partly sunny, with a high near 92. Southeast wind 10 to 15 mph, with gusts as high as 20 mph. Chance of precipitation is 70%."
90,2026-09-29T16:58:50Z,KIAH,Thursday Night,2026-10-01T18:00:00-05:00,0,76.0,Showers And Thunderstorms Likely,"Showers and thunderstorms likely before 1am, then a chance of showers and thunderstorms. Mostly cloudy, with a low around 76. Chance of precipitation is 70%."
91,2026-09-29T16:58:50Z,KIAH,Friday,2026-10-02T06:00:00-05:00,1,88.0,Chance Showers And Thunderstorms then Showers And Thunderstorms,"A chance of showers and thunderstorms before 7am, then showers and thunderstorms. Mostly cloudy, with a high near 88. Chance of precipitation is 80%."
92,2026-09-29T16:58:50Z,KIAH,Friday Night,2026-10-02T18:00:00-05:00,0,74.0,Showers And Thunderstorms,"Showers and thunderstorms. Mostly cloudy, with a low around 74. Chance of precipitation is 80%."
93,2026-09-29T16:58:50Z,KIAH,Saturday,2026-10-03T06:00:00-05:00,1,86.0,Showers And Thunderstorms,"Showers and thunderstorms. Mostly cloudy, with a high near 86. Chance of precipitation is 80%."
94,2026-09-29T16:58:50Z,KIAH,Saturday Night,2026-10-03T18:00:00-05:00,0,73.0,Showers And Thunderstorms,"Showers and thunderstorms. Mostly cloudy, with a low around 73. Chance of precipitation is 80%."
95,2026-09-29T16:58:50Z,KIAH,Sunday,2026-10-04T06:00:00-05:00,1,84.0,Showers And Thunderstorms Likely,"A chance of rain showers before 7am, then showers and thunderstorms likely. Mostly cloudy, with a high near 84. Chance of precipitation is 70%."
96,2026-09-29T16:58:50Z,KIAH,Sunday Night,2026-10-04T18:00:00-05:00,0,72.0,Showers And Thunderstorms Likely,"Showers and thunderstorms likely. Mostly cloudy, with a low around 72. Chance of precipitation is 70%."
97,2026-09-29T16:58:50Z,KIAH,Monday,2026-10-05T06:00:00-05:00,1,82.0,Chance Showers And Thunderstorms,"A chance of rain showers before 7am, then a chance of showers and thunderstorms. Partly sunny, with a high near 82. Chance of precipitation is 40%."
98,2026-09-29T16:58:50Z,KIAH,Monday Night,2026-10-05T18:00:00-05:00,0,69.0,Chance Showers And Thunderstorms,"A chance of showers and thunderstorms before 1am. Mostly cloudy, with a low around 69."
99,2026-09-29T16:58:50Z,KLAS,Today,2026-09-29T07:00:00-07:00,1,84.0,Scattered Showers And Thunderstorms,"Scattered rain showers before 11am, then scattered showers and thunderstorms between 11am and 1pm, then isolated showers and thunderstorms between 1pm and 2pm. Mostly sunny. High near 84, with temperatures falling to around 82 in the afternoon. North wind 12 to 17 mph, with gusts as high as 28 mph. Chance of precipitation is 30%."
100,2026-09-29T16:58:50Z,KLAS,Tonight,2026-09-29T18:00:00-07:00,0,68.0,Partly Cloudy,"Partly cloudy. Low around 68, with temperatures rising to around 71 overnight. North northwest wind 5 to 10 mph."
101,2026-09-29T16:58:50Z,KLAS,Wednesday,2026-09-30T06:00:00-07:00,1,92.0,Sunny,"Sunny, with a high near 92. North wind 3 to 14 mph, with gusts as high as 21 mph."
102,2026-09-29T16:58:50Z,KLAS,Wednesday Night,2026-09-30T18:00:00-07:00,0,71.0,Clear,"Clear, with a low around 71. West southwest wind around 3 mph."
103,2026-09-29T16:58:50Z,KLAS,Thursday,2026-10-01T06:00:00-07:00,1,93.0,Sunny,"Sunny, with a high near 93. North northeast wind 1 to 5 mph."
104,2026-09-29T16:58:50Z,KLAS,Thursday Night,2026-10-01T18:00:00-07:00,0,72.0,Clear,"Clear, with a low around 72."
105,2026-09-29T16:58:50Z,KLAS,Friday,2026-10-02T06:00:00-07:00,1,94.0,Sunny,"Sunny, with a high near 94."
106,2026-09-29T16:58:50Z,KLAS,Friday Night,2026-10-02T18:00:00-07:00,0,73.0,Mostly Clear,"Mostly clear, with a low around 73."
107,2026-09-29T16:58:50Z,KLAS,Saturday,2026-10-03T06:00:00-07:00,1,95.0,Sunny,"Sunny, with a high near 95."
108,2026-09-29T16:58:50Z,KLAS,Saturday Night,2026-10-03T18:00:00-07:00,0,74.0,Mostly Clear,"Mostly clear, with a low around 74."
109,2026-09-29T16:58:50Z,KLAS,Sunday,2026-10-04T06:00:00-07:00,1,95.0,Sunny,"Sunny, with a high near 95."
110,2026-09-29T16:58:50Z,KLAS,Sunday Night,2026-10-04T18:00:00-07:00,0,73.0,Clear,"Clear, with a low around 73."
111,2026-09-29T16:58:50Z,KLAS,Monday,2026-10-05T06:00:00-07:00,1,94.0,Sunny,"Sunny, with a high near 94."
112,2026-09-29T16:58:50Z,KLAS,Monday Night,2026-10-05T18:00:00-07:00,0,73.0,Clear,"Clear, with a low around 73."
113,2026-09-29T16:58:50Z,KLAX,Today,2026-09-29T06:00:00-07:00,1,82.0,Sunny,"Sunny, with a high near 82. West northwest wind 5 to 15 mph, with gusts as high as 25 mph."
114,2026-09-29T16:58:50Z,KLAX,Tonight,2026-09-29T18:00:00-07:00,0,68.0,Partly Cloudy then Patchy Fog,"Patchy fog after 5am. Partly cloudy, with a low around 68. Southeast wind 5 to 15 mph, with gusts as high as 20 mph."
115,2026-09-29T16:58:50Z,KLAX,Wednesday,2026-09-30T06:00:00-07:00,1,80.0,Patchy Fog then Mostly Sunny,"Patchy fog before 11am. Mostly sunny, with a high near 80. South southeast wind 5 to 10 mph."
116,2026-09-29T16:58:50Z,KLAX,Wednesday Night,2026-09-30T18:00:00-07:00,0,67.0,Mostly Cloudy then Patchy Fog,"Patchy fog after 5am. Mostly cloudy, with a low around 67. South wind 0 to 10 mph."
117,2026-09-29T16:58:50Z,KLAX,Thursday,2026-10-01T06:00:00-07:00,1,81.0,Patchy Fog then Mostly Sunny,"Patchy fog before 11am. Mostly sunny, with a high near 81. South southwest wind 0 to 10 mph."
118,2026-09-29T16:58:50Z,KLAX,Thursday Night,2026-10-01T18:00:00-07:00,0,68.0,Partly Cloudy,"Partly cloudy, with a low around 68."
119,2026-09-29T16:58:50Z,KLAX,Friday,2026-10-02T06:00:00-07:00,1,83.0,Sunny,"Sunny, with a high near 83."
120,2026-09-29T16:58:50Z,KLAX,Friday Night,2026-10-02T18:00:00-07:00,0,69.0,Mostly Clear,"Mostly clear, with a low around 69."
121,2026-09-29T16:58:50Z,KLAX,Saturday,2026-10-03T06:00:00-07:00,1,87.0,Sunny,"Sunny, with a high near 87."
122,2026-09-29T16:58:50Z,KLAX,Saturday Night,2026-10-03T18:00:00-07:00,0,72.0,Mostly Clear,"Mostly clear, with a low around 72."
123,2026-09-29T16:58:50Z,KLAX,Sunday,2026-10-04T06:00:00-07:00,1,89.0,Sunny,"Sunny, with a high near 89."
124,2026-09-29T16:58:50Z,KLAX,Sunday Night,2026-10-04T18:00:00-07:00,0,73.0,Mostly Clear,"Mostly clear, with a low around 73."
125,2026-09-29T16:58:50Z,KLAX,Monday,2026-10-05T06:00:00-07:00,1,89.0,Sunny,"Sunny, with a high near 89."
126,2026-09-29T16:58:50Z,KLAX,Monday Night,2026-10-05T18:00:00-07:00,0,72.0,Mostly Clear,"Mostly clear, with a low around 72."
127,2026-09-29T16:58:50Z,KMIA,Today,2026-09-29T11:00:00-04:00,1,86.0,Chance Showers And Thunderstorms,"A chance of showers and thunderstorms before 2pm, then showers and thunderstorms likely between 2pm and 4pm, then a chance of showers and thunderstorms. Partly sunny. High near 86, with temperatures falling to around 81 in the afternoon. South wind 3 to 8 mph. Chance of precipitation is 70%. New rainfall amounts between a tenth and quarter of an inch possible."
128,2026-09-29T16:58:50Z,KMIA,Tonight,2026-09-29T18:00:00-04:00,0,76.0,Chance Showers And Thunderstorms,"A chance of showers and thunderstorms before 7pm, then a chance of showers and thunderstorms between 7pm and 8pm, then a chance of showers and thunderstorms between 8pm and 1am, then a chance of showers and thunderstorms between 1am and 2am, then a chance of showers and thunderstorms between 2am and 5am, then a chance of showers and thunderstorms. Mostly cloudy, with a low around 76. East wind 0 to 5 mph. Chance of precipitation is 40%. New rainfall amounts between a tenth and quarter of an inch possible."
129,2026-09-29T16:58:50Z,KMIA,Wednesday,2026-09-30T06:00:00-04:00,1,87.0,Chance Showers And Thunderstorms,"A chance of showers and thunderstorms before 8am, then a chance of showers and thunderstorms between 8am and 2pm, then showers and thunderstorms likely between 2pm and 5pm, then a chance of showers and thunderstorms. Partly sunny. High near 87, with temperatures falling to around 83 in the afternoon. East wind 6 to 10 mph. Chance of precipitation is 60%. New rainfall amounts between a tenth and quarter of an inch possible."
130,2026-09-29T16:58:50Z,KMIA,Wednesday Night,2026-09-30T18:00:00-04:00,0,77.0,Chance Showers And Thunderstorms then Showers And Thunderstorms Likely,"A chance of showers and thunderstorms before 8pm, then showers and thunderstorms likely. Mostly cloudy, with a low around 77. East wind 8 to 12 mph, with gusts as high as 20 mph. Chance of precipitation is 60%."
131,2026-09-29T16:58:50Z,KMIA,Thursday,2026-10-01T06:00:00-04:00,1,88.0,Showers And Thunderstorms Likely,"Showers and thunderstorms likely before 2pm, then showers and thunderstorms likely between 2pm and 5pm, then showers and thunderstorms likely. Mostly cloudy, with a high near 88. East wind 12 to 15 mph, with gusts as high as 31 mph. Chance of precipitation is 70%."
132,2026-09-29T16:58:50Z,KMIA,Thursday Night,2026-10-01T18:00:00-04:00,0,79.0,Showers And Thunderstorms Likely,"Showers and thunderstorms likely. Mostly cloudy, with a low around 79. East wind around 14 mph, with gusts as high as 24 mph. Chance of precipitation is 70%."
133,2026-09-29T16:58:50Z,KMIA,Friday,2026-10-02T06:00:00-04:00,1,90.0,Chance Showers And Thunderstorms,"A chance of showers and thunderstorms before 8am, then a chance of showers and thunderstorms. Partly sunny, with a high near 90. East wind 13 to 17 mph, with gusts as high as 35 mph. Chance of precipitation is 50%."
134,2026-09-29T16:58:50Z,KMIA,Friday Night,2026-10-02T18:00:00-04:00,0,79.0,Chance Showers And Thunderstorms,"A chance of showers and thunderstorms before 2am. Mostly cloudy, with a low around 79. East wind around 14 mph, with gusts as high as 24 mph. Chance of precipitation is 50%."
135,2026-09-29T16:58:50Z,KMIA,Saturday,2026-10-03T06:00:00-04:00,1,89.0,Chance Showers And Thunderstorms,"A chance of showers and thunderstorms after 8am. Partly sunny, with a high near 89. East wind 12 to 16 mph, with gusts as high as 32 mph. Chance of precipitation is 40%."
136,2026-09-29T16:58:50Z,KMIA,Saturday Night,2026-10-03T18:00:00-04:00,0,78.0,Chance Showers And Thunderstorms then Partly Cloudy,"A chance of showers and thunderstorms before 8pm. Partly cloudy, with a low around 78. Chance of precipitation is 40%."
137,2026-09-29T16:58:50Z,KMIA,Sunday,2026-10-04T06:00:00-04:00,1,89.0,Chance Showers And Thunderstorms,"A chance of showers and thunderstorms after 8am. Mostly sunny, with a high near 89. Chance of precipitation is 40%."
138,2026-09-29T16:58:50Z,KMIA,Sunday Night,2026-10-04T18:00:00-04:00,0,78.0,Chance Showers And Thunderstorms then Partly Cloudy,"A chance of showers and thunderstorms before 8pm. Partly cloudy, with a low around 78. Chance of precipitation is 40%."
139,2026-09-29T16:58:50Z,KMIA,Monday,2026-10-05T06:00:00-04:00,1,89.0,Chance Showers And Thunderstorms,"A chance of showers and thunderstorms after 8am. Mostly sunny, with a high near 89. Chance of precipitation is 50%."
140,2026-09-29T16:58:50Z,KMIA,Monday Night,2026-10-05T18:00:00-04:00,0,77.0,Chance Showers And Thunderstorms,"A chance of showers and thunderstorms. Partly cloudy, with a low around 77."
141,2026-09-29T16:58:50Z,KMSP,Today,2026-09-29T09:00:00-05:00,1,66.0,Showers And Thunderstorms,"A chance of rain showers between 11am and 1pm, then showers and thunderstorms. Cloudy, with a high near 66. South wind around 15 mph, with gusts as high as 25 mph. Chance of precipitation is 100%. New rainfall amounts between a tenth and quarter of an inch possible."
142,2026-09-29T16:58:50Z,KMSP,Tonight,2026-09-29T18:00:00-05:00,0,62.0,Showers And Thunderstorms Likely then Patchy Fog,"Showers and thunderstorms likely before 10pm, then patchy fog. Mostly cloudy, with a low around 62. South southwest wind 5 to 15 mph. Chance of precipitation is 60%. New rainfall amounts between a tenth and quarter of an inch possible."
143,2026-09-29T16:58:50Z,KMSP,Wednesday,2026-09-30T06:00:00-05:00,1,74.0,Areas Of Fog then Partly Sunny,"Areas of fog before 10am. Partly sunny, with a high near 74. Southwest wind around 5 mph."
144,2026-09-29T16:58:50Z,KMSP,Wednesday Night,2026-09-30T18:00:00-05:00,0,58.0,Mostly Cloudy,"Mostly cloudy, with a low around 58. West wind 5 to 10 mph."
145,2026-09-29T16:58:50Z,KMSP,Thursday,2026-10-01T06:00:00-05:00,1,66.0,Partly Sunny,"Partly sunny, with a high near 66. North northwest wind around 10 mph."
146,2026-09-29T16:58:50Z,KMSP,Thursday Night,2026-10-01T18:00:00-05:00,0,48.0,Partly Cloudy,"Partly cloudy, with a low around 48. North northwest wind 5 to 10 mph."
147,2026-09-29T16:58:50Z,KMSP,Friday,2026-10-02T06:00:00-05:00,1,64.0,Mostly Sunny,"Mostly sunny, with a high near 64. North wind around 5 mph."
148,2026-09-29T16:58:50Z,KMSP,Friday Night,2026-10-02T18:00:00-05:00,0,48.0,Partly Cloudy,"Partly cloudy, with a low around 48. East southeast wind 0 to 5 mph."
149,2026-09-29T16:58:50Z,KMSP,Saturday,2026-10-03T06:00:00-05:00,1,65.0,Partly Sunny,"Partly sunny, with a high near 65. South wind 5 to 10 mph."
150,2026-09-29T16:58:50Z,KMSP,Saturday Night,2026-10-03T18:00:00-05:00,0,49.0,Partly Cloudy,"Partly cloudy, with a low around 49. West wind 5 to 10 mph."
151,2026-09-29T16:58:50Z,KMSP,Sunday,2026-10-04T06:00:00-05:00,1,63.0,Sunny,"Sunny, with a high near 63. Northwest wind 5 to 10 mph."
152,2026-09-29T16:58:50Z,KMSP,Sunday Night,2026-10-04T18:00:00-05:00,0,45.0,Mostly Clear,"Mostly clear, with a low around 45. North wind 0 to 5 mph."
153,2026-09-29T16:58:50Z,KMSP,Monday,2026-10-05T06:00:00-05:00,1,62.0,Sunny,"Sunny, with a high near 62. South southeast wind 0 to 5 mph."
154,2026-09-29T16:58:50Z,KMSP,Monday Night,2026-10-05T18:00:00-05:00,0,50.0,Mostly Clear,"Mostly clear, with a low around 50. South wind around 5 mph."
155,2026-09-29T16:58:50Z,KMSY,Today,2026-09-29T06:00:00-05:00,1,90.0,Sunny,"Sunny. High near 90, with temperatures falling to around 88 in the afternoon. East wind 0 to 10 mph. New rainfall amounts less than a tenth of an inch possible."
156,2026-09-29T16:58:50Z,KMSY,Tonight,2026-09-29T18:00:00-05:00,0,72.0,Clear,"Clear. Low around 72, with temperatures rising to around 74 overnight. Southeast wind 5 to 10 mph. New rainfall amounts less than a tenth of an inch possible."
157,2026-09-29T16:58:50Z,KMSY,Wednesday,2026-09-30T06:00:00-05:00,1,90.0,Sunny,"Sunny. High near 90, with temperatures falling to around 88 in the afternoon. East wind 5 to 15 mph."
158,2026-09-29T16:58:50Z,KMSY,Wednesday Night,2026-09-30T18:00:00-05:00,0,74.0,Mostly Clear,"Mostly clear, with a low around 74. Southeast wind 10 to 15 mph."
159,2026-09-29T16:58:50Z,KMSY,Thursday,2026-10-01T06:00:00-05:00,1,89.0,Sunny then Showers And Thunderstorms Likely,"Showers and thunderstorms likely after 1pm. Sunny, with a high near 89. Southeast wind 10 to 15 mph. Chance of precipitation is 60%."
160,2026-09-29T16:58:50Z,KMSY,Thursday Night,2026-10-01T18:00:00-05:00,0,75.0,Showers And Thunderstorms Likely then Slight Chance Showers And Thunderstorms,"Showers and thunderstorms likely before 7pm, then a slight chance of showers and thunderstorms. Mostly clear, with a low around 75. Southeast wind 5 to 10 mph. Chance of precipitation is 60%."
161,2026-09-29T16:58:50Z,KMSY,Friday,2026-10-02T06:00:00-05:00,1,87.0,Slight Chance Showers And Thunderstorms then Showers And Thunderstorms,"A slight chance of showers and thunderstorms before 7am, then showers and thunderstorms. Mostly sunny, with a high near 87. East wind 5 to 15 mph. Chance of precipitation is 80%."
162,2026-09-29T16:58:50Z,KMSY,Friday Night,2026-10-02T18:00:00-05:00,0,74.0,Showers And Thunderstorms,"Showers and thunderstorms. Mostly cloudy, with a low around 74. Southeast wind 5 to 10 mph."
163,2026-09-29T16:58:50Z,KMSY,Saturday,2026-10-03T06:00:00-05:00,1,86.0,Showers And Thunderstorms,"A chance of rain showers before 7am, then showers and thunderstorms. Partly sunny, with a high near 86. Southeast wind 5 to 15 mph."
164,2026-09-29T16:58:50Z,KMSY,Saturday Night,2026-10-03T18:00:00-05:00,0,74.0,Showers And Thunderstorms,"Showers and thunderstorms. Mostly cloudy, with a low around 74. Southeast wind 5 to 10 mph."
165,2026-09-29T16:58:50Z,KMSY,Sunday,2026-10-04T06:00:00-05:00,1,85.0,Showers And Thunderstorms,"Rain showers likely before 7am, then showers and thunderstorms. Mostly cloudy, with a high near 85. East wind 5 to 10 mph."
166,2026-09-29T16:58:50Z,KMSY,Sunday Night,2026-10-04T18:00:00-05:00,0,72.0,Showers And Thunderstorms,"Showers and thunderstorms. Mostly cloudy, with a low around 72. Northeast wind 5 to 10 mph."
167,2026-09-29T16:58:50Z,KMSY,Monday,2026-10-05T06:00:00-05:00,1,82.0,Showers And Thunderstorms Likely,"A chance of rain showers before 1pm, then showers and thunderstorms likely. Mostly cloudy, with a high near 82. Northeast wind 10 to 15 mph."
168,2026-09-29T16:58:50Z,KMSY,Monday Night,2026-10-05T18:00:00-05:00,0,70.0,Showers And Thunderstorms Likely,"Showers and thunderstorms likely. Mostly cloudy, with a low around 70. Northeast wind around 10 mph."
169,2026-09-29T16:58:50Z,KNYC,Today,2026-09-29T06:00:00-04:00,1,71.0,Patchy Fog then Partly Sunny,"Patchy fog before 10am. Partly sunny, with a high near 71. Northwest wind 0 to 3 mph."
170,2026-09-29T16:58:50Z,KNYC,Tonight,2026-09-29T18:00:00-04:00,0,58.0,Partly Cloudy,"Partly cloudy. Low around 58, with temperatures rising to around 60 overnight. Wind around 0 mph."
171,2026-09-29T16:58:50Z,KNYC,Wednesday,2026-09-30T06:00:00-04:00,1,75.0,Mostly Sunny,"Mostly sunny, with a high near 75. Wind around 0 mph."
172,2026-09-29T16:58:50Z,KNYC,Wednesday Night,2026-09-30T18:00:00-04:00,0,62.0,Mostly Cloudy,"Mostly cloudy. Low around 62, with temperatures rising to around 64 overnight. Southwest wind around 2 mph."
173,2026-09-29T16:58:50Z,KNYC,Thursday,2026-10-01T06:00:00-04:00,1,78.0,Mostly Sunny,"Mostly sunny, with a high near 78. Southwest wind 2 to 6 mph."
174,2026-09-29T16:58:50Z,KNYC,Thursday Night,2026-10-01T18:00:00-04:00,0,66.0,Partly Cloudy,"Partly cloudy. Low around 66, with temperatures rising to around 68 overnight."
175,2026-09-29T16:58:50Z,KNYC,Friday,2026-10-02T06:00:00-04:00,1,81.0,Mostly Sunny,"Mostly sunny, with a high near 81."
176,2026-09-29T16:58:50Z,KNYC,Friday Night,2026-10-02T18:00:00-04:00,0,63.0,Slight Chance Rain Showers,"A slight chance of rain showers after 8pm. Mostly cloudy, with a low around 63."
177,2026-09-29T16:58:50Z,KNYC,Saturday,2026-10-03T06:00:00-04:00,1,72.0,Slight Chance Rain Showers,"A slight chance of rain showers. Partly sunny, with a high near 72."
178,2026-09-29T16:58:50Z,KNYC,Saturday Night,2026-10-03T18:00:00-04:00,0,58.0,Chance Rain Showers,"A chance of rain showers. Mostly cloudy, with a low around 58. Chance of precipitation is 50%."
179,2026-09-29T16:58:50Z,KNYC,Sunday,2026-10-04T06:00:00-04:00,1,68.0,Rain Showers Likely,"Rain showers likely. Mostly cloudy, with a high near 68. Chance of precipitation is 60%."
180,2026-09-29T16:58:50Z,KNYC,Sunday Night,2026-10-04T18:00:00-04:00,0,57.0,Rain Showers Likely,"Rain showers likely. Mostly cloudy, with a low around 57. Chance of precipitation is 60%."
181,2026-09-29T16:58:50Z,KNYC,Monday,2026-10-05T06:00:00-04:00,1,68.0,Chance Rain Showers then Partly Sunny,"A chance of rain showers before 8am. Partly sunny, with a high near 68. Chance of precipitation is 30%."
182,2026-09-29T16:58:50Z,KNYC,Monday Night,2026-10-05T18:00:00-04:00,0,50.0,Slight Chance Rain Showers,"A slight chance of rain showers between 8pm and 2am. Partly cloudy, with a low around 50."
183,2026-09-29T16:58:50Z,KPHL,Today,2026-09-29T06:00:00-04:00,1,75.0,Partly Sunny,"Partly sunny, with a high near 75. Northwest wind 0 to 5 mph."
184,2026-09-29T16:58:50Z,KPHL,Tonight,2026-09-29T18:00:00-04:00,0,59.0,Partly Cloudy,"Partly cloudy, with a low around 59. Northwest wind 0 to 5 mph."
185,2026-09-29T16:58:50Z,KPHL,Wednesday,2026-09-30T06:00:00-04:00,1,79.0,Mostly Sunny,"Mostly sunny, with a high near 79. Northwest wind 0 to 5 mph."
186,2026-09-29T16:58:50Z,KPHL,Wednesday Night,2026-09-30T18:00:00-04:00,0,63.0,Mostly Cloudy,"Mostly cloudy, with a low around 63. Southwest wind 0 to 5 mph."
187,2026-09-29T16:58:50Z,KPHL,Thursday,2026-10-01T06:00:00-04:00,1,82.0,Mostly Sunny,"Mostly sunny, with a high near 82. Southwest wind around 5 mph."
188,2026-09-29T16:58:50Z,KPHL,Thursday Night,2026-10-01T18:00:00-04:00,0,66.0,Mostly Clear,"Mostly clear, with a low around 66."
189,2026-09-29T16:58:50Z,KPHL,Friday,2026-10-02T06:00:00-04:00,1,84.0,Mostly Sunny,"Mostly sunny, with a high near 84."
190,2026-09-29T16:58:50Z,KPHL,Friday Night,2026-10-02T18:00:00-04:00,0,64.0,Slight Chance Rain Showers,"A slight chance of rain showers after 8pm. Partly cloudy, with a low around 64."
191,2026-09-29T16:58:50Z,KPHL,Saturday,2026-10-03T06:00:00-04:00,1,74.0,Slight Chance Rain Showers,"A slight chance of rain showers. Mostly cloudy, with a high near 74."
192,2026-09-29T16:58:50Z,KPHL,Saturday Night,2026-10-03T18:00:00-04:00,0,59.0,Chance Rain Showers,"A chance of rain showers before 2am, then a chance of showers and thunderstorms. Mostly cloudy, with a low around 59. Chance of precipitation is 50%."
193,2026-09-29T16:58:50Z,KPHL,Sunday,2026-10-04T06:00:00-04:00,1,69.0,Showers And Thunderstorms Likely,"Showers and thunderstorms likely. Mostly cloudy, with a high near 69. Chance of precipitation is 60%."
194,2026-09-29T16:58:50Z,KPHL,Sunday Night,2026-10-04T18:00:00-04:00,0,57.0,Rain Showers Likely,"Rain showers likely. Mostly cloudy, with a low around 57. Chance of precipitation is 60%."
195,2026-09-29T16:58:50Z,KPHL,Monday,2026-10-05T06:00:00-04:00,1,68.0,Chance Rain Showers then Partly Sunny,"A chance of rain showers before 8am. Partly sunny, with a high near 68. Chance of precipitation is 30%."
196,2026-09-29T16:58:50Z,KPHL,Monday Night,2026-10-05T18:00:00-04:00,0,49.0,Partly Cloudy,"Partly cloudy, with a low around 49."
197,2026-09-29T16:58:50Z,KPHX,Today,2026-09-29T10:00:00-07:00,1,81.0,Slight Chance Showers And Thunderstorms,"A slight chance of showers and thunderstorms. Partly sunny. High near 81, with temperatures falling to around 78 in the afternoon. West wind around 10 mph. Chance of precipitation is 20%. New rainfall amounts between a tenth and quarter of an inch possible."
198,2026-09-29T16:58:50Z,KPHX,Tonight,2026-09-29T18:00:00-07:00,0,67.0,Slight Chance Showers And Thunderstorms then Partly Cloudy,"A slight chance of showers and thunderstorms before 11pm. Partly cloudy. Low around 67, with temperatures rising to around 69 overnight. Southeast wind 5 to 10 mph. Chance of precipitation is 20%."
199,2026-09-29T16:58:50Z,KPHX,Wednesday,2026-09-30T06:00:00-07:00,1,82.0,Mostly Sunny,"Mostly sunny. High near 82, with temperatures falling to around 80 in the afternoon. South southeast wind 0 to 10 mph."
200,2026-09-29T16:58:50Z,KPHX,Wednesday Night,2026-09-30T18:00:00-07:00,0,68.0,Mostly Clear,"Mostly clear, with a low around 68. East southeast wind 0 to 5 mph."
201,2026-09-29T16:58:50Z,KPHX,Thursday,2026-10-01T06:00:00-07:00,1,88.0,Sunny,"Sunny, with a high near 88. North northwest wind 0 to 5 mph."
202,2026-09-29T16:58:50Z,KPHX,Thursday Night,2026-10-01T18:00:00-07:00,0,71.0,Clear,"Clear, with a low around 71. East southeast wind 0 to 10 mph."
203,2026-09-29T16:58:50Z,KPHX,Friday,2026-10-02T06:00:00-07:00,1,91.0,Sunny,"Sunny, with a high near 91. East wind 5 to 15 mph."
204,2026-09-29T16:58:50Z,KPHX,Friday Night,2026-10-02T18:00:00-07:00,0,73.0,Clear,"Clear, with a low around 73. East wind 5 to 10 mph, with gusts as high as 20 mph."
205,2026-09-29T16:58:50Z,KPHX,Saturday,2026-10-03T06:00:00-07:00,1,93.0,Sunny,"Sunny, with a high near 93. East wind 5 to 10 mph, with gusts as high as 25 mph."
206,2026-09-29T16:58:50Z,KPHX,Saturday Night,2026-10-03T18:00:00-07:00,0,75.0,Clear,"Clear, with a low around 75. East wind 5 to 10 mph, with gusts as high as 20 mph."
207,2026-09-29T16:58:50Z,KPHX,Sunday,2026-10-04T06:00:00-07:00,1,95.0,Sunny,"Sunny, with a high near 95. East wind 10 to 15 mph, with gusts as high as 35 mph."
208,2026-09-29T16:58:50Z,KPHX,Sunday Night,2026-10-04T18:00:00-07:00,0,77.0,Clear,"Clear, with a low around 77. East wind 10 to 15 mph, with gusts as high as 30 mph."
209,2026-09-29T16:58:50Z,KPHX,Monday,2026-10-05T06:00:00-07:00,1,95.0,Sunny,"Sunny, with a high near 95. East wind 10 to 15 mph, with gusts as high as 30 mph."
210,2026-09-29T16:58:50Z,KPHX,Monday Night,2026-10-05T18:00:00-07:00,0,76.0,Mostly Clear,"Mostly clear, with a low around 76. East wind around 10 mph, with gusts as high as 25 mph."
211,2026-09-29T16:58:50Z,KSAT,Today,2026-09-29T11:00:00-05:00,1,93.0,Slight Chance Rain Showers,"A slight chance of rain showers before 1pm. Partly sunny, with a high near 93. Heat index values as high as 101. Southeast wind 10 to 15 mph, with gusts as high as 25 mph. Chance of precipitation is 20%."
212,2026-09-29T16:58:50Z,KSAT,Tonight,2026-09-29T18:00:00-05:00,0,76.0,Mostly Cloudy then Chance Showers And Thunderstorms,"A slight chance of rain showers between 1am and 4am, then a chance of showers and thunderstorms. Mostly cloudy, with a low around 76. Heat index values as high as 100. Southeast wind around 15 mph, with gusts as high as 25 mph. Chance of precipitation is 30%."
213,2026-09-29T16:58:50Z,KSAT,Wednesday,2026-09-30T06:00:00-05:00,1,95.0,Chance Showers And Thunderstorms,"A chance of showers and thunderstorms before 1pm, then a chance of showers and thunderstorms. Mostly cloudy, with a high near 95. Heat index values as high as 106. South southeast wind 10 to 15 mph, with gusts as high as 30 mph. Chance of precipitation is 40%. New rainfall amounts less than a tenth of an inch possible."
214,2026-09-29T16:58:50Z,KSAT,Wednesday Night,2026-09-30T18:00:00-05:00,0,76.0,Chance Showers And Thunderstorms then Showers And Thunderstorms,"A chance of showers and thunderstorms before 10pm, then showers and thunderstorms. Mostly cloudy, with a low around 76. Heat index values as high as 105. Southeast wind around 15 mph, with gusts as high as 30 mph. Chance of precipitation is 80%."
215,2026-09-29T16:58:50Z,KSAT,Thursday,2026-10-01T06:00:00-05:00,1,88.0,Showers And Thunderstorms,"Rain showers before 10am, then showers and thunderstorms. Some of the storms could produce heavy rain. Cloudy, with a high near 88. Southeast wind 5 to 15 mph, with gusts as high as 25 mph. Chance of precipitation is 100%."
216,2026-09-29T16:58:50Z,KSAT,Thursday Night,2026-10-01T18:00:00-05:00,0,72.0,Showers And Thunderstorms,"Showers and thunderstorms. Some of the storms could produce heavy rain. Cloudy, with a low around 72. East wind around 5 mph. Chance of precipitation is 100%."
217,2026-09-29T16:58:50Z,KSAT,Friday,2026-10-02T06:00:00-05:00,1,81.0,Showers And Thunderstorms,"Showers and thunderstorms. Some of the storms could produce heavy rain. Cloudy, with a high near 81. East northeast wind 5 to 10 mph. Chance of precipitation is 90%."
218,2026-09-29T16:58:50Z,KSAT,Friday Night,2026-10-02T18:00:00-05:00,0,69.0,Showers And Thunderstorms Likely,"Showers and thunderstorms likely. Mostly cloudy, with a low around 69. North northeast wind 5 to 15 mph, with gusts as high as 25 mph. Chance of precipitation is 70%."
219,2026-09-29T16:58:50Z,KSAT,Saturday,2026-10-03T06:00:00-05:00,1,82.0,Rain Showers Likely,"Rain showers likely before 1pm, then a chance of showers and thunderstorms. Mostly cloudy, with a high near 82. North northeast wind 10 to 15 mph, with gusts as high as 25 mph. Chance of precipitation is 60%."
220,2026-09-29T16:58:50Z,KSAT,Saturday Night,2026-10-03T18:00:00-05:00,0,70.0,Chance Showers And Thunderstorms,"A chance of showers and thunderstorms. Mostly cloudy, with a low around 70. Chance of precipitation is 50%."
221,2026-09-29T16:58:50Z,KSAT,Sunday,2026-10-04T06:00:00-05:00,1,82.0,Chance Rain Showers,"A chance of rain showers before 1pm, then a chance of showers and thunderstorms. Mostly cloudy, with a high near 82. Chance of precipitation is 40%."
222,2026-09-29T16:58:50Z,KSAT,Sunday Night,2026-10-04T18:00:00-05:00,0,69.0,Chance Showers And Thunderstorms then Slight Chance Showers And Thunderstorms,"A chance of showers and thunderstorms before 7pm, then a slight chance of showers and thunderstorms. Mostly cloudy, with a low around 69. Chance of precipitation is 40%."
223,2026-09-29T16:58:50Z,KSAT,Monday,2026-10-05T06:00:00-05:00,1,80.0,Slight Chance Rain Showers,"A slight chance of rain showers. Mostly cloudy, with a high near 80. Chance of precipitation is 20%."
224,2026-09-29T16:58:50Z,KSAT,Monday Night,2026-10-05T18:00:00-05:00,0,67.0,Slight Chance Rain Showers then Mostly Cloudy,"A slight chance of rain showers before 7pm. Mostly cloudy, with a low around 67."
225,2026-09-29T16:58:50Z,KSFO,Today,2026-09-29T09:00:00-07:00,1,78.0,Sunny,"Sunny. High near 78, with temperatures falling to around 73 in the afternoon. West northwest wind 0 to 18 mph, with gusts as high as 22 mph."
226,2026-09-29T16:58:50Z,KSFO,Tonight,2026-09-29T18:00:00-07:00,0,56.0,Mostly Clear,"Mostly clear, with a low around 56. West wind 5 to 16 mph, with gusts as high as 20 mph."
227,2026-09-29T16:58:50Z,KSFO,Wednesday,2026-09-30T06:00:00-07:00,1,80.0,Sunny,"Sunny. High near 80, with temperatures falling to around 75 in the afternoon. West southwest wind 0 to 14 mph."
228,2026-09-29T16:58:50Z,KSFO,Wednesday Night,2026-09-30T18:00:00-07:00,0,56.0,Mostly Clear,"Mostly clear, with a low around 56. West southwest wind 3 to 14 mph."
229,2026-09-29T16:58:50Z,KSFO,Thursday,2026-10-01T06:00:00-07:00,1,79.0,Sunny,"Sunny, with a high near 79. West southwest wind 1 to 12 mph."
230,2026-09-29T16:58:50Z,KSFO,Thursday Night,2026-10-01T18:00:00-07:00,0,58.0,Partly Cloudy,"Partly cloudy, with a low around 58."
231,2026-09-29T16:58:50Z,KSFO,Friday,2026-10-02T06:00:00-07:00,1,79.0,Mostly Sunny,"Mostly sunny, with a high near 79."
232,2026-09-29T16:58:50Z,KSFO,Friday Night,2026-10-02T18:00:00-07:00,0,59.0,Partly Cloudy,"Partly cloudy, with a low around 59."
233,2026-09-29T16:58:50Z,KSFO,Saturday,2026-10-03T06:00:00-07:00,1,80.0,Mostly Sunny,"Mostly sunny, with a high near 80."
234,2026-09-29T16:58:50Z,KSFO,Saturday Night,2026-10-03T18:00:00-07:00,0,60.0,Mostly Clear,"Mostly clear, with a low around 60."
235,2026-09-29T16:58:50Z,KSFO,Sunday,2026-10-04T06:00:00-07:00,1,79.0,Sunny,"Sunny, with a high near 79."
236,2026-09-29T16:58:50Z,KSFO,Sunday Night,2026-10-04T18:00:00-07:00,0,60.0,Mostly Clear,"Mostly clear, with a low around 60."
237,2026-09-29T16:58:50Z,KSFO,Monday,2026-10-05T06:00:00-07:00,1,79.0,Sunny,"Sunny, with a high near 79."
238,2026-09-29T16:58:50Z,KSFO,Monday Night,2026-10-05T18:00:00-07:00,0,60.0,Mostly Clear,"Mostly clear, with a low around 60."
239,2026-09-29T16:58:50Z,KSEA,Today,2026-09-29T09:00:00-07:00,1,61.0,Light Rain,"Rain. Cloudy, with a high near 61. Southwest wind 12 to 16 mph, with gusts as high as 26 mph. Chance of precipitation is 80%. New rainfall amounts less than a tenth of an inch possible."
240,2026-09-29T16:58:50Z,KSEA,Tonight,2026-09-29T18:00:00-07:00,0,52.0,Chance Light Rain then Mostly Cloudy,"A chance of rain before midnight. Mostly cloudy, with a low around 52. Northeast wind 3 to 9 mph. Chance of precipitation is 40%. New rainfall amounts less than a tenth of an inch possible."
241,2026-09-29T16:58:50Z,KSEA,Wednesday,2026-09-30T06:00:00-07:00,1,63.0,Mostly Sunny,"Mostly sunny. High near 63, with temperatures falling to around 61 in the afternoon. North northeast wind 5 to 9 mph."
242,2026-09-29T16:58:50Z,KSEA,Wednesday Night,2026-09-30T18:00:00-07:00,0,51.0,Mostly Cloudy,"Mostly cloudy, with a low around 51. North wind around 8 mph."
243,2026-09-29T16:58:50Z,KSEA,Thursday,2026-10-01T06:00:00-07:00,1,65.0,Partly Sunny,"Partly sunny, with a high near 65. North wind around 8 mph."
244,2026-09-29T16:58:50Z,KSEA,Thursday Night,2026-10-01T18:00:00-07:00,0,51.0,Mostly Cloudy,"Mostly cloudy, with a low around 51."
245,2026-09-29T16:58:50Z,KSEA,Friday,2026-10-02T06:00:00-07:00,1,67.0,Mostly Sunny,"Mostly sunny, with a high near 67."
246,2026-09-29T16:58:50Z,KSEA,Friday Night,2026-10-02T18:00:00-07:00,0,52.0,Mostly Clear,"Mostly clear, with a low around 52."
247,2026-09-29T16:58:50Z,KSEA,Saturday,2026-10-03T06:00:00-07:00,1,67.0,Mostly Sunny,"Mostly sunny, with a high near 67."
248,2026-09-29T16:58:50Z,KSEA,Saturday Night,2026-10-03T18:00:00-07:00,0,52.0,Partly Cloudy,"Partly cloudy, with a low around 52."
249,2026-09-29T16:58:50Z,KSEA,Sunday,2026-10-04T06:00:00-07:00,1,71.0,Mostly Sunny,"Mostly sunny, with a high near 71."
250,2026-09-29T16:58:50Z,KSEA,Sunday Night,2026-10-04T18:00:00-07:00,0,53.0,Partly Cloudy,"Partly cloudy, with a low around 53."
251,2026-09-29T16:58:50Z,KSEA,Monday,2026-10-05T06:00:00-07:00,1,68.0,Partly Sunny,"Partly sunny, with a high near 68."
252,2026-09-29T16:58:50Z,KSEA,Monday Night,2026-10-05T18:00:00-07:00,0,53.0,Partly Cloudy,"Partly cloudy, with a low around 53."
253,2026-09-29T16:58:50Z,KDCA,This Afternoon,2026-09-29T12:00:00-04:00,1,75.0,Slight Chance Rain Showers,"A slight chance of rain showers between 1pm and 2pm. Mostly cloudy, with a high near 75. Northwest wind around 8 mph. Chance of precipitation is 20%."
254,2026-09-29T16:58:50Z,KDCA,Tonight,2026-09-29T18:00:00-04:00,0,61.0,Partly Cloudy,"Partly cloudy, with a low around 61. West wind 0 to 5 mph."
255,2026-09-29T16:58:50Z,KDCA,Wednesday,2026-09-30T06:00:00-04:00,1,82.0,Mostly Sunny,"Mostly sunny, with a high near 82. Southwest wind 0 to 7 mph."
256,2026-09-29T16:58:50Z,KDCA,Wednesday Night,2026-09-30T18:00:00-04:00,0,65.0,Partly Cloudy,"Partly cloudy, with a low around 65. South wind around 9 mph."
257,2026-09-29T16:58:50Z,KDCA,Thursday,2026-10-01T06:00:00-04:00,1,86.0,Mostly Sunny,"Mostly sunny, with a high near 86. Southwest wind around 9 mph."
258,2026-09-29T16:58:50Z,KDCA,Thursday Night,2026-10-01T18:00:00-04:00,0,65.0,Mostly Clear,"Mostly clear, with a low around 65."
259,2026-09-29T16:58:50Z,KDCA,Friday,2026-10-02T06:00:00-04:00,1,87.0,Mostly Sunny,"Mostly sunny, with a high near 87."
260,2026-09-29T16:58:50Z,KDCA,Friday Night,2026-10-02T18:00:00-04:00,0,65.0,Mostly Cloudy then Slight Chance Rain Showers,"A slight chance of rain showers after 2am. Mostly cloudy, with a low around 65. Chance of precipitation is 20%."
261,2026-09-29T16:58:50Z,KDCA,Saturday,2026-10-03T06:00:00-04:00,1,74.0,Chance Rain Showers,"A chance of rain showers. Mostly cloudy, with a high near 74. Chance of precipitation is 40%."
262,2026-09-29T16:58:50Z,KDCA,Saturday Night,2026-10-03T18:00:00-04:00,0,62.0,Rain Showers Likely,"Rain showers likely. Mostly cloudy, with a low around 62. Chance of precipitation is 60%."
263,2026-09-29T16:58:50Z,KDCA,Sunday,2026-10-04T06:00:00-04:00,1,70.0,Rain Showers Likely,"Rain showers likely. Mostly cloudy, with a high near 70. Chance of precipitation is 70%."
264,2026-09-29T16:58:50Z,KDCA,Sunday Night,2026-10-04T18:00:00-04:00,0,58.0,Rain Showers Likely,"Rain showers likely. Mostly cloudy, with a low around 58. Chance of precipitation is 70%."
265,2026-09-29T16:58:50Z,KDCA,Monday,2026-10-05T06:00:00-04:00,1,67.0,Chance Rain Showers,"A chance of rain showers before 2pm. Partly sunny, with a high near 67. Chance of precipitation is 30%."
266,2026-09-29T16:58:50Z,KDCA,Monday Night,2026-10-05T18:00:00-04:00,0,50.0,Partly Cloudy,"Partly cloudy, with a low around 50."
1,2026-09-29T21:21:08Z,KATL,This Afternoon,2026-09-29T15:00:00-04:00,1,85.0,Sunny,"Sunny, with a high near 85. East wind around 5 mph."
2,2026-09-29T21:21:08Z,KATL,Tonight,2026-09-29T18:00:00-04:00,0,60.0,Clear,"Clear, with a low around 60. East wind 0 to 5 mph."
3,2026-09-29T21:21:08Z,KATL,Wednesday,2026-09-30T06:00:00-04:00,1,88.0,Sunny,"Sunny, with a high near 88. East wind around 5 mph."
4,2026-09-29T21:21:08Z,KATL,Wednesday Night,2026-09-30T18:00:00-04:00,0,66.0,Mostly Clear,"Mostly clear, with a low around 66. Southeast wind around 5 mph."
5,2026-09-29T21:21:08Z,KATL,Thursday,2026-10-01T06:00:00-04:00,1,88.0,Mostly Sunny,"Mostly sunny, with a high near 88. Southeast wind 5 to 10 mph."
6,2026-09-29T21:21:08Z,KATL,Thursday Night,2026-10-01T18:00:00-04:00,0,68.0,Mostly Clear,"Mostly clear, with a low around 68."
7,2026-09-29T21:21:08Z,KATL,Friday,2026-10-02T06:00:00-04:00,1,89.0,Mostly Sunny then Chance Rain Showers,"A chance of rain showers after 2pm. Mostly sunny, with a high near 89. Chance of precipitation is 30%."
8,2026-09-29T21:21:08Z,KATL,Friday Night,2026-10-02T18:00:00-04:00,0,71.0,Chance Rain Showers,"A chance of rain showers. Mostly cloudy, with a low around 71. Chance of precipitation is 40%."
9,2026-09-29T21:21:08Z,KATL,Saturday,2026-10-03T06:00:00-04:00,1,87.0,Showers And Thunderstorms Likely,"A chance of rain showers before 2pm, then showers and thunderstorms likely. Partly sunny, with a high near 87. Chance of precipitation is 70%."
10,2026-09-29T21:21:08Z,KATL,Saturday Night,2026-10-03T18:00:00-04:00,0,70.0,Showers And Thunderstorms Likely,"Showers and thunderstorms likely. Mostly cloudy, with a low around 70. Chance of precipitation is 70%."
11,2026-09-29T21:21:08Z,KATL,Sunday,2026-10-04T06:00:00-04:00,1,77.0,Showers And Thunderstorms,"Showers and thunderstorms. Mostly cloudy, with a high near 77. Chance of precipitation is 80%."
12,2026-09-29T21:21:08Z,KATL,Sunday Night,2026-10-04T18:00:00-04:00,0,66.0,Showers And Thunderstorms,"Showers and thunderstorms. Mostly cloudy, with a low around 66. Chance of precipitation is 80%."
13,2026-09-29T21:21:08Z,KATL,Monday,2026-10-05T06:00:00-04:00,1,76.0,Chance Rain Showers,"A chance of rain showers. Mostly cloudy, with a high near 76. Chance of precipitation is 40%."
14,2026-09-29T21:21:08Z,KATL,Monday Night,2026-10-05T18:00:00-04:00,0,59.0,Chance Rain Showers,"A chance of rain showers. Mostly cloudy, with a low around 59."
15,2026-09-29T21:21:08Z,KAUS,This Afternoon,2026-09-29T15:00:00-05:00,1,96.0,Slight Chance Showers And Thunderstorms,"A slight chance of showers and thunderstorms after 4pm. Partly sunny, with a high near 96. Heat index values as high as 103. South southeast wind around 10 mph, with gusts as high as 25 mph. Chance of precipitation is 20%."
16,2026-09-29T21:21:08Z,KAUS,Tonight,2026-09-29T18:00:00-05:00,0,75.0,Slight Chance Showers And Thunderstorms then Mostly Cloudy,"A slight chance of showers and thunderstorms before 7pm. Mostly cloudy, with a low around 75. Southeast wind around 10 mph, with gusts as high as 25 mph. Chance of precipitation is 20%."
17,2026-09-29T21:21:08Z,KAUS,Wednesday,2026-09-30T06:00:00-05:00,1,95.0,Partly Sunny then Slight Chance Showers And Thunderstorms,"A slight chance of showers and thunderstorms after 1pm. Partly sunny, with a high near 95. Heat index values as high as 106. South southeast wind 10 to 15 mph, with gusts as high as 30 mph. Chance of precipitation is 20%. New rainfall amounts less than a tenth of an inch possible."
18,2026-09-29T21:21:08Z,KAUS,Wednesday Night,2026-09-30T18:00:00-05:00,0,76.0,Slight Chance Showers And Thunderstorms then Chance Showers And Thunderstorms,"A slight chance of showers and thunderstorms before 7pm, then a chance of showers and thunderstorms. Mostly cloudy, with a low around 76. Heat index values as high as 102. South southeast wind 10 to 15 mph, with gusts as high as 30 mph. Chance of precipitation is 40%."
19,2026-09-29T21:21:08Z,KAUS,Thursday,2026-10-01T06:00:00-05:00,1,91.0,Showers And Thunderstorms,"Showers and thunderstorms. Mostly cloudy, with a high near 91. South southeast wind 5 to 10 mph, with gusts as high as 25 mph. Chance of precipitation is 90%."
20,2026-09-29T21:21:08Z,KAUS,Thursday Night,2026-10-01T18:00:00-05:00,0,73.0,Showers And Thunderstorms,"Showers and thunderstorms. Some of the storms could produce heavy rain. Cloudy, with a low around 73. South southeast wind 0 to 5 mph. Chance of precipitation is 100%."
21,2026-09-29T21:21:08Z,KAUS,Friday,2026-10-02T06:00:00-05:00,1,83.0,Showers And Thunderstorms,"Rain showers before 7am, then showers and thunderstorms. Cloudy, with a high near 83. East wind around 5 mph. Chance of precipitation is 100%."
22,2026-09-29T21:21:08Z,KAUS,Friday Night,2026-10-02T18:00:00-05:00,0,70.0,Showers And Thunderstorms,"Showers and thunderstorms. Mostly cloudy, with a low around 70. North northeast wind 0 to 5 mph. Chance of precipitation is 80%."
23,2026-09-29T21:21:08Z,KAUS,Saturday,2026-10-03T06:00:00-05:00,1,81.0,Showers And Thunderstorms Likely,"Showers and thunderstorms likely. Mostly cloudy, with a high near 81. North northeast wind 5 to 10 mph. Chance of precipitation is 70%."
24,2026-09-29T21:21:08Z,KAUS,Saturday Night,2026-10-03T18:00:00-05:00,0,69.0,Showers And Thunderstorms Likely,"Showers and thunderstorms likely. Mostly cloudy, with a low around 69. Chance of precipitation is 60%."
25,2026-09-29T21:21:08Z,KAUS,Sunday,2026-10-04T06:00:00-05:00,1,81.0,Chance Rain Showers,"A chance of rain showers before 1pm, then a chance of showers and thunderstorms. Mostly cloudy, with a high near 81. Chance of precipitation is 50%."
26,2026-09-29T21:21:08Z,KAUS,Sunday Night,2026-10-04T18:00:00-05:00,0,67.0,Chance Showers And Thunderstorms,"A chance of showers and thunderstorms before 1am. Mostly cloudy, with a low around 67. Chance of precipitation is 50%."
27,2026-09-29T21:21:08Z,KAUS,Monday,2026-10-05T06:00:00-05:00,1,81.0,Slight Chance Rain Showers then Slight Chance Showers And Thunderstorms,"A slight chance of rain showers between 7am and 1pm, then a slight chance of showers and thunderstorms. Mostly cloudy, with a high near 81. Chance of precipitation is 20%."
28,2026-09-29T21:21:08Z,KAUS,Monday Night,2026-10-05T18:00:00-05:00,0,65.0,Slight Chance Showers And Thunderstorms then Mostly Cloudy,"A slight chance of showers and thunderstorms before 7pm. Mostly cloudy, with a low around 65."
29,2026-09-29T21:21:08Z,KBOS,This Afternoon,2026-09-29T15:00:00-04:00,1,66.0,Mostly Cloudy,"Mostly cloudy, with a high near 66. North wind around 5 mph."
30,2026-09-29T21:21:08Z,KBOS,Tonight,2026-09-29T18:00:00-04:00,0,57.0,Mostly Cloudy,"Mostly cloudy, with a low around 57. North wind around 2 mph."
31,2026-09-29T21:21:08Z,KBOS,Wednesday,2026-09-30T06:00:00-04:00,1,68.0,Partly Sunny,"Partly sunny, with a high near 68. North wind around 5 mph."
32,2026-09-29T21:21:08Z,KBOS,Wednesday Night,2026-09-30T18:00:00-04:00,0,59.0,Patchy Fog,"Patchy fog after 10pm. Mostly cloudy, with a low around 59. South wind around 5 mph."
33,2026-09-29T21:21:08Z,KBOS,Thursday,2026-10-01T06:00:00-04:00,1,76.0,Patchy Fog then Mostly Sunny,"Patchy fog before 9am. Mostly sunny, with a high near 76. Southwest wind 5 to 10 mph."
34,2026-09-29T21:21:08Z,KBOS,Thursday Night,2026-10-01T18:00:00-04:00,0,66.0,Partly Cloudy,"Partly cloudy, with a low around 66. Southwest wind 7 to 10 mph."
35,2026-09-29T21:21:08Z,KBOS,Friday,2026-10-02T06:00:00-04:00,1,79.0,Mostly Sunny,"Mostly sunny, with a high near 79. Southwest wind 6 to 10 mph."
36,2026-09-29T21:21:08Z,KBOS,Friday Night,2026-10-02T18:00:00-04:00,0,61.0,Chance Rain Showers,"A chance of rain showers after 8pm. Mostly cloudy, with a low around 61. West wind around 10 mph. Chance of precipitation is 40%."
37,2026-09-29T21:21:08Z,KBOS,Saturday,2026-10-03T06:00:00-04:00,1,66.0,Slight Chance Rain Showers then Mostly Sunny,"A slight chance of rain showers before 8am. Mostly sunny, with a high near 66. North wind around 8 mph."
38,2026-09-29T21:21:08Z,KBOS,Saturday Night,2026-10-03T18:00:00-04:00,0,53.0,Partly Cloudy,"Partly cloudy, with a low around 53. Northeast wind around 5 mph."
39,2026-09-29T21:21:08Z,KBOS,Sunday,2026-10-04T06:00:00-04:00,1,62.0,Chance Rain Showers,"A chance of rain showers after 8am. Partly sunny, with a high near 62. East wind 5 to 8 mph. Chance of precipitation is 30%."
40,2026-09-29T21:21:08Z,KBOS,Sunday Night,2026-10-04T18:00:00-04:00,0,53.0,Chance Rain Showers,"A chance of rain showers. Mostly cloudy, with a low around 53. Southwest wind around 7 mph. Chance of precipitation is 40%."
41,2026-09-29T21:21:08Z,KBOS,Monday,2026-10-05T06:00:00-04:00,1,63.0,Chance Rain Showers then Mostly Sunny,"A chance of rain showers before 8am. Mostly sunny, with a high near 63. West wind 5 to 10 mph. Chance of precipitation is 30%."
42,2026-09-29T21:21:08Z,KBOS,Monday Night,2026-10-05T18:00:00-04:00,0,47.0,Mostly Clear,"Mostly clear, with a low around 47. Northwest wind around 9 mph."
43,2026-09-29T21:21:08Z,KMDW,This Afternoon,2026-09-29T15:00:00-05:00,1,79.0,Mostly Cloudy,"Mostly cloudy. High near 79, with temperatures falling to around 77 in the afternoon. South southwest wind 5 to 10 mph."
44,2026-09-29T21:21:08Z,KMDW,Tonight,2026-09-29T18:00:00-05:00,0,64.0,Mostly Cloudy,"Mostly cloudy, with a low around 64. South wind 5 to 10 mph."
45,2026-09-29T21:21:08Z,KMDW,Wednesday,2026-09-30T06:00:00-05:00,1,68.0,Rain Showers,"Rain showers. Cloudy. High near 68, with temperatures falling to around 66 in the afternoon. South southwest wind 10 to 15 mph, with gusts as high as 25 mph. Chance of precipitation is 80%. New rainfall amounts between a quarter and half of an inch possible."
46,2026-09-29T21:21:08Z,KMDW,Wednesday Night,2026-09-30T18:00:00-05:00,0,66.0,Showers And Thunderstorms Likely,"Rain showers likely before 7pm, then showers and thunderstorms likely. Cloudy, with a low around 66. South southwest wind 5 to 15 mph. Chance of precipitation is 60%."
47,2026-09-29T21:21:08Z,KMDW,Thursday,2026-10-01T06:00:00-05:00,1,72.0,Showers And Thunderstorms,"Showers and thunderstorms. Mostly cloudy, with a high near 72. Southwest wind 5 to 10 mph. Chance of precipitation is 90%."
48,2026-09-29T21:21:08Z,KMDW,Thursday Night,2026-10-01T18:00:00-05:00,0,59.0,Showers And Thunderstorms,"Showers and thunderstorms. Cloudy, with a low around 59. Chance of precipitation is 90%."
49,2026-09-29T21:21:08Z,KMDW,Friday,2026-10-02T06:00:00-05:00,1,65.0,Rain Showers Likely,"Rain showers likely before 1pm. Partly sunny, with a high near 65."
50,2026-09-29T21:21:08Z,KMDW,Friday Night,2026-10-02T18:00:00-05:00,0,51.0,Mostly Clear,"Mostly clear, with a low around 51."
51,2026-09-29T21:21:08Z,KMDW,Saturday,2026-10-03T06:00:00-05:00,1,64.0,Sunny,"Sunny, with a high near 64."
52,2026-09-29T21:21:08Z,KMDW,Saturday Night,2026-10-03T18:00:00-05:00,0,50.0,Partly Cloudy,"Partly cloudy, with a low around 50."
53,2026-09-29T21:21:08Z,KMDW,Sunday,2026-10-04T06:00:00-05:00,1,66.0,Mostly Sunny,"Mostly sunny, with a high near 66."
54,2026-09-29T21:21:08Z,KMDW,Sunday Night,2026-10-04T18:00:00-05:00,0,49.0,Mostly Clear,"Mostly clear, with a low around 49."
55,2026-09-29T21:21:08Z,KMDW,Monday,2026-10-05T06:00:00-05:00,1,61.0,Sunny,"Sunny, with a high near 61."
56,2026-09-29T21:21:08Z,KMDW,Monday Night,2026-10-05T18:00:00-05:00,0,47.0,Mostly Clear,"Mostly clear, with a low around 47."
57,2026-09-29T21:21:08Z,KDFW,This Afternoon,2026-09-29T14:00:00-05:00,1,95.0,Partly Sunny,"Partly sunny, with a high near 95. Heat index values as high as 97. South southeast wind around 15 mph, with gusts as high as 25 mph."
58,2026-09-29T21:21:08Z,KDFW,Tonight,2026-09-29T18:00:00-05:00,0,78.0,Partly Cloudy,"Partly cloudy, with a low around 78. South southeast wind 10 to 15 mph, with gusts as high as 25 mph."
59,2026-09-29T21:21:08Z,KDFW,Wednesday,2026-09-30T06:00:00-05:00,1,95.0,Mostly Cloudy then Chance Showers And Thunderstorms,"A slight chance of rain showers between 1pm and 4pm, then a chance of showers and thunderstorms. Mostly cloudy. High near 95, with temperatures falling to around 93 in the afternoon. Heat index values as high as 102. South wind 15 to 20 mph, with gusts as high as 35 mph. Chance of precipitation is 30%. New rainfall amounts less than a tenth of an inch possible."
60,2026-09-29T21:21:08Z,KDFW,Wednesday Night,2026-09-30T18:00:00-05:00,0,75.0,Chance Showers And Thunderstorms,"A chance of showers and thunderstorms before 1am, then showers and thunderstorms. Mostly cloudy. Low around 75, with temperatures rising to around 77 overnight. Heat index values as high as 97. South southeast wind around 15 mph, with gusts as high as 35 mph. Chance of precipitation is 80%. New rainfall amounts between a half and three quarters of an inch possible."
61,2026-09-29T21:21:08Z,KDFW,Thursday,2026-10-01T06:00:00-05:00,1,81.0,Showers And Thunderstorms,"Showers and thunderstorms. Some of the storms could produce heavy rain. Cloudy. High near 81, with temperatures falling to around 75 in the afternoon. South wind 10 to 15 mph, with gusts as high as 25 mph. Chance of precipitation is 100%."
62,2026-09-29T21:21:08Z,KDFW,Thursday Night,2026-10-01T18:00:00-05:00,0,71.0,Showers And Thunderstorms,"Showers and thunderstorms. Mostly cloudy, with a low around 71. South southeast wind around 5 mph. Chance of precipitation is 90%."
63,2026-09-29T21:21:08Z,KDFW,Friday,2026-10-02T06:00:00-05:00,1,80.0,Showers And Thunderstorms,"Showers and thunderstorms. Cloudy, with a high near 80. East northeast wind around 5 mph. Chance of precipitation is 80%."
64,2026-09-29T21:21:08Z,KDFW,Friday Night,2026-10-02T18:00:00-05:00,0,67.0,Showers And Thunderstorms Likely,"Showers and thunderstorms likely. Mostly cloudy, with a low around 67. North northeast wind 5 to 10 mph. Chance of precipitation is 60%."
65,2026-09-29T21:21:08Z,KDFW,Saturday,2026-10-03T06:00:00-05:00,1,78.0,Showers And Thunderstorms Likely,"Showers and thunderstorms likely. Mostly cloudy, with a high near 78. North northeast wind 5 to 10 mph. Chance of precipitation is 70%."
66,2026-09-29T21:21:08Z,KDFW,Saturday Night,2026-10-03T18:00:00-05:00,0,66.0,Showers And Thunderstorms Likely,"Showers and thunderstorms likely. Mostly cloudy, with a low around 66. Chance of precipitation is 60%."
67,2026-09-29T21:21:08Z,KDFW,Sunday,2026-10-04T06:00:00-05:00,1,79.0,Chance Rain Showers,"A chance of rain showers. Mostly cloudy, with a high near 79. Chance of precipitation is 40%."
68,2026-09-29T21:21:08Z,KDFW,Sunday Night,2026-10-04T18:00:00-05:00,0,64.0,Chance Rain Showers then Mostly Cloudy,"A chance of rain showers before 7pm. Mostly cloudy, with a low around 64. Chance of precipitation is 30%."
69,2026-09-29T21:21:08Z,KDFW,Monday,2026-10-05T06:00:00-05:00,1,79.0,Slight Chance Rain Showers,"A slight chance of rain showers between 7am and 1pm. Mostly sunny, with a high near 79. Chance of precipitation is 20%."
70,2026-09-29T21:21:08Z,KDFW,Monday Night,2026-10-05T18:00:00-05:00,0,61.0,Mostly Clear,"Mostly clear, with a low around 61."
71,2026-09-29T21:21:08Z,KDEN,This Afternoon,2026-09-29T13:00:00-06:00,1,70.0,Mostly Cloudy,"Mostly cloudy, with a high near 70. North northeast wind around 7 mph."
72,2026-09-29T21:21:08Z,KDEN,Tonight,2026-09-29T18:00:00-06:00,0,55.0,Mostly Cloudy then Chance Rain Showers,"A chance of rain showers after midnight. Mostly cloudy. Low around 55, with temperatures rising to around 58 overnight. East wind around 6 mph. Chance of precipitation is 40%. New rainfall amounts less than a tenth of an inch possible."
73,2026-09-29T21:21:08Z,KDEN,Wednesday,2026-09-30T06:00:00-06:00,1,62.0,Rain Showers Likely,"Rain showers likely before noon, then showers and thunderstorms likely. Cloudy. High near 62, with temperatures falling to around 60 in the afternoon. North wind 6 to 12 mph, with gusts as high as 18 mph. Chance of precipitation is 70%."
74,2026-09-29T21:21:08Z,KDEN,Wednesday Night,2026-09-30T18:00:00-06:00,0,50.0,Rain Showers Likely,"Rain showers likely. Cloudy, with a low around 50. North northwest wind around 9 mph. Chance of precipitation is 60%."
75,2026-09-29T21:21:08Z,KDEN,Thursday,2026-10-01T06:00:00-06:00,1,67.0,Chance Rain Showers then Partly Sunny,"A chance of rain showers before noon. Partly sunny, with a high near 67. North northeast wind around 9 mph, with gusts as high as 18 mph. Chance of precipitation is 50%."
76,2026-09-29T21:21:08Z,KDEN,Thursday Night,2026-10-01T18:00:00-06:00,0,47.0,Mostly Clear,"Mostly clear, with a low around 47."
77,2026-09-29T21:21:08Z,KDEN,Friday,2026-10-02T06:00:00-06:00,1,76.0,Sunny,"Sunny, with a high near 76."
78,2026-09-29T21:21:08Z,KDEN,Friday Night,2026-10-02T18:00:00-06:00,0,50.0,Mostly Clear,"Mostly clear, with a low around 50."
79,2026-09-29T21:21:08Z,KDEN,Saturday,2026-10-03T06:00:00-06:00,1,78.0,Sunny,"Sunny, with a high near 78."
80,2026-09-29T21:21:08Z,KDEN,Saturday Night,2026-10-03T18:00:00-06:00,0,50.0,Mostly Clear,"Mostly clear, with a low around 50."
81,2026-09-29T21:21:08Z,KDEN,Sunday,2026-10-04T06:00:00-06:00,1,77.0,Sunny,"Sunny, with a high near 77."
82,2026-09-29T21:21:08Z,KDEN,Sunday Night,2026-10-04T18:00:00-06:00,0,51.0,Mostly Clear,"Mostly clear, with a low around 51."
83,2026-09-29T21:21:08Z,KDEN,Monday,2026-10-05T06:00:00-06:00,1,82.0,Sunny,"Sunny, with a high near 82."
84,2026-09-29T21:21:08Z,KDEN,Monday Night,2026-10-05T18:00:00-06:00,0,54.0,Partly Cloudy,"Partly cloudy, with a low around 54."
85,2026-09-29T21:21:08Z,KIAH,This Afternoon,2026-09-29T16:00:00-05:00,1,93.0,Mostly Sunny,"Mostly sunny, with a high near 93. Southeast wind around 15 mph, with gusts as high as 25 mph."
86,2026-09-29T21:21:08Z,KIAH,Tonight,2026-09-29T18:00:00-05:00,0,78.0,Partly Cloudy,"Partly cloudy, with a low around 78. Southeast wind 5 to 15 mph, with gusts as high as 25 mph."
87,2026-09-29T21:21:08Z,KIAH,Wednesday,2026-09-30T06:00:00-05:00,1,93.0,Slight Chance Showers And Thunderstorms then Chance Showers And Thunderstorms,"A slight chance of showers and thunderstorms between 11am and noon, then a chance of showers and thunderstorms between noon and 1pm, then a chance of showers and thunderstorms. Partly sunny. High near 93, with temperatures falling to around 90 in the afternoon. Heat index values as high as 101. Southeast wind 5 to 15 mph, with gusts as high as 30 mph. Chance of precipitation is 40%. New rainfall amounts less than a tenth of an inch possible."
88,2026-09-29T21:21:08Z,KIAH,Wednesday Night,2026-09-30T18:00:00-05:00,0,79.0,Slight Chance Rain Showers,"A slight chance of rain showers after 7pm. Partly cloudy, with a low around 79. Southeast wind 10 to 15 mph, with gusts as high as 30 mph. Chance of precipitation is 20%."
89,2026-09-29T21:21:08Z,KIAH,Thursday,2026-10-01T06:00:00-05:00,1,92.0,Showers And Thunderstorms Likely,"A chance of rain showers before 10am, then showers and thunderstorms likely. Partly sunny. High near 92, with temperatures falling to around 88 in the afternoon. Southeast wind 10 to 15 mph, with gusts as high as 25 mph. Chance of precipitation is 70%."
90,2026-09-29T21:21:08Z,KIAH,Thursday Night,2026-10-01T18:00:00-05:00,0,77.0,Showers And Thunderstorms Likely,"Showers and thunderstorms likely. Mostly cloudy, with a low around 77. Chance of precipitation is 70%."
91,2026-09-29T21:21:08Z,KIAH,Friday,2026-10-02T06:00:00-05:00,1,89.0,Showers And Thunderstorms Likely,"Rain showers likely before 10am, then showers and thunderstorms likely. Mostly cloudy, with a high near 89. Chance of precipitation is 70%."
92,2026-09-29T21:21:08Z,KIAH,Friday Night,2026-10-02T18:00:00-05:00,0,75.0,Showers And Thunderstorms Likely,"Showers and thunderstorms likely. Mostly cloudy, with a low around 75. Chance of precipitation is 70%."
93,2026-09-29T21:21:08Z,KIAH,Saturday,2026-10-03T06:00:00-05:00,1,87.0,Showers And Thunderstorms,"Showers and thunderstorms. Mostly cloudy, with a high near 87. Chance of precipitation is 80%."
94,2026-09-29T21:21:08Z,KIAH,Saturday Night,2026-10-03T18:00:00-05:00,0,73.0,Showers And Thunderstorms,"Showers and thunderstorms. Mostly cloudy, with a low around 73. Chance of precipitation is 80%."
95,2026-09-29T21:21:08Z,KIAH,Sunday,2026-10-04T06:00:00-05:00,1,83.0,Showers And Thunderstorms Likely,"A chance of rain showers before 7am, then showers and thunderstorms likely. Mostly cloudy, with a high near 83. Chance of precipitation is 70%."
96,2026-09-29T21:21:08Z,KIAH,Sunday Night,2026-10-04T18:00:00-05:00,0,72.0,Showers And Thunderstorms Likely,"Showers and thunderstorms likely. Mostly cloudy, with a low around 72. Chance of precipitation is 70%."
97,2026-09-29T21:21:08Z,KIAH,Monday,2026-10-05T06:00:00-05:00,1,82.0,Chance Showers And Thunderstorms,"A slight chance of rain showers before 7am, then a chance of showers and thunderstorms between 7am and 1pm, then a chance of showers and thunderstorms. Mostly cloudy, with a high near 82. Chance of precipitation is 30%."
98,2026-09-29T21:21:08Z,KIAH,Monday Night,2026-10-05T18:00:00-05:00,0,69.0,Chance Showers And Thunderstorms then Mostly Cloudy,"A chance of showers and thunderstorms before 7pm. Mostly cloudy, with a low around 69."
99,2026-09-29T21:21:08Z,KLAS,This Afternoon,2026-09-29T12:00:00-07:00,1,84.0,Isolated Showers And Thunderstorms,"Isolated showers and thunderstorms before 5pm. Mostly sunny. High near 84, with temperatures falling to around 82 in the afternoon. North northeast wind 12 to 15 mph, with gusts as high as 28 mph. Chance of precipitation is 20%."
100,2026-09-29T21:21:08Z,KLAS,Tonight,2026-09-29T18:00:00-07:00,0,70.0,Mostly Clear,"Mostly clear. Low around 70, with temperatures rising to around 72 overnight. Northwest wind 6 to 9 mph."
101,2026-09-29T21:21:08Z,KLAS,Wednesday,2026-09-30T06:00:00-07:00,1,93.0,Sunny,"Sunny, with a high near 93. North northwest wind 3 to 12 mph, with gusts as high as 18 mph."
102,2026-09-29T21:21:08Z,KLAS,Wednesday Night,2026-09-30T18:00:00-07:00,0,72.0,Mostly Clear,"Mostly clear, with a low around 72. Southwest wind around 3 mph."
103,2026-09-29T21:21:08Z,KLAS,Thursday,2026-10-01T06:00:00-07:00,1,94.0,Sunny,"Sunny, with a high near 94. North northeast wind around 3 mph."
104,2026-09-29T21:21:08Z,KLAS,Thursday Night,2026-10-01T18:00:00-07:00,0,73.0,Clear,"Clear, with a low around 73."
105,2026-09-29T21:21:08Z,KLAS,Friday,2026-10-02T06:00:00-07:00,1,95.0,Sunny,"Sunny, with a high near 95."
106,2026-09-29T21:21:08Z,KLAS,Friday Night,2026-10-02T18:00:00-07:00,0,75.0,Mostly Clear,"Mostly clear, with a low around 75."
107,2026-09-29T21:21:08Z,KLAS,Saturday,2026-10-03T06:00:00-07:00,1,96.0,Sunny,"Sunny, with a high near 96."
108,2026-09-29T21:21:08Z,KLAS,Saturday Night,2026-10-03T18:00:00-07:00,0,75.0,Clear,"Clear, with a low around 75."
109,2026-09-29T21:21:08Z,KLAS,Sunday,2026-10-04T06:00:00-07:00,1,96.0,Sunny,"Sunny, with a high near 96."
110,2026-09-29T21:21:08Z,KLAS,Sunday Night,2026-10-04T18:00:00-07:00,0,75.0,Clear,"Clear, with a low around 75."
111,2026-09-29T21:21:08Z,KLAS,Monday,2026-10-05T06:00:00-07:00,1,95.0,Sunny,"Sunny, with a high near 95."
112,2026-09-29T21:21:08Z,KLAS,Monday Night,2026-10-05T18:00:00-07:00,0,73.0,Clear,"Clear, with a low around 73."
113,2026-09-29T21:21:08Z,KLAX,Today,2026-09-29T11:00:00-07:00,1,82.0,Sunny,"Sunny, with a high near 82. West southwest wind around 15 mph, with gusts as high as 25 mph."
114,2026-09-29T21:21:08Z,KLAX,Tonight,2026-09-29T18:00:00-07:00,0,65.0,Partly Cloudy then Patchy Fog,"Patchy fog after 5am. Partly cloudy, with a low around 65. East southeast wind 10 to 15 mph, with gusts as high as 25 mph."
115,2026-09-29T21:21:08Z,KLAX,Wednesday,2026-09-30T06:00:00-07:00,1,80.0,Patchy Fog then Partly Sunny,"Patchy fog before 11am. Partly sunny, with a high near 80. South southeast wind around 10 mph."
116,2026-09-29T21:21:08Z,KLAX,Wednesday Night,2026-09-30T18:00:00-07:00,0,65.0,Mostly Cloudy then Patchy Fog,"Patchy fog after 5am. Mostly cloudy, with a low around 65. Southeast wind 0 to 10 mph."
117,2026-09-29T21:21:08Z,KLAX,Thursday,2026-10-01T06:00:00-07:00,1,81.0,Patchy Fog then Mostly Sunny,"Patchy fog before 11am. Mostly sunny, with a high near 81. Southwest wind 0 to 10 mph."
118,2026-09-29T21:21:08Z,KLAX,Thursday Night,2026-10-01T18:00:00-07:00,0,66.0,Partly Cloudy,"Partly cloudy, with a low around 66."
119,2026-09-29T21:21:08Z,KLAX,Friday,2026-10-02T06:00:00-07:00,1,84.0,Mostly Sunny,"Mostly sunny, with a high near 84."
120,2026-09-29T21:21:08Z,KLAX,Friday Night,2026-10-02T18:00:00-07:00,0,71.0,Mostly Clear,"Mostly clear, with a low around 71."
121,2026-09-29T21:21:08Z,KLAX,Saturday,2026-10-03T06:00:00-07:00,1,88.0,Sunny,"Sunny, with a high near 88."
122,2026-09-29T21:21:08Z,KLAX,Saturday Night,2026-10-03T18:00:00-07:00,0,73.0,Mostly Clear,"Mostly clear, with a low around 73."
123,2026-09-29T21:21:08Z,KLAX,Sunday,2026-10-04T06:00:00-07:00,1,88.0,Sunny,"Sunny, with a high near 88."
124,2026-09-29T21:21:08Z,KLAX,Sunday Night,2026-10-04T18:00:00-07:00,0,74.0,Mostly Clear,"Mostly clear, with a low around 74."
125,2026-09-29T21:21:08Z,KLAX,Monday,2026-10-05T06:00:00-07:00,1,88.0,Sunny,"Sunny, with a high near 88."
126,2026-09-29T21:21:08Z,KLAX,Monday Night,2026-10-05T18:00:00-07:00,0,73.0,Mostly Clear,"Mostly clear, with a low around 73."
127,2026-09-29T21:21:08Z,KMIA,This Afternoon,2026-09-29T16:00:00-04:00,1,86.0,Showers And Thunderstorms Likely,"Showers and thunderstorms likely. Mostly cloudy. High near 86, with temperatures falling to around 81 in the afternoon. Southwest wind around 7 mph. Chance of precipitation is 60%. New rainfall amounts between a quarter and half of an inch possible."
128,2026-09-29T21:21:08Z,KMIA,Tonight,2026-09-29T18:00:00-04:00,0,76.0,Chance Showers And Thunderstorms,"A chance of showers and thunderstorms. Mostly cloudy, with a low around 76. Southeast wind 0 to 5 mph. Chance of precipitation is 40%. New rainfall amounts between a quarter and half of an inch possible."
129,2026-09-29T21:21:08Z,KMIA,Wednesday,2026-09-30T06:00:00-04:00,1,87.0,Chance Showers And Thunderstorms,"A chance of showers and thunderstorms before 9am, then a chance of showers and thunderstorms between 9am and 11am, then a chance of showers and thunderstorms. Partly sunny, with a high near 87. East wind 5 to 10 mph, with gusts as high as 20 mph. Chance of precipitation is 50%. New rainfall amounts less than a tenth of an inch possible."
130,2026-09-29T21:21:08Z,KMIA,Wednesday Night,2026-09-30T18:00:00-04:00,0,78.0,Chance Showers And Thunderstorms,"A chance of showers and thunderstorms. Partly cloudy, with a low around 78. East wind around 10 mph. Chance of precipitation is 50%."
131,2026-09-29T21:21:08Z,KMIA,Thursday,2026-10-01T06:00:00-04:00,1,87.0,Chance Showers And Thunderstorms then Showers And Thunderstorms Likely,"A chance of showers and thunderstorms before 8am, then showers and thunderstorms likely between 8am and 2pm, then showers and thunderstorms likely between 2pm and 5pm, then showers and thunderstorms likely. Mostly cloudy, with a high near 87. East wind 12 to 15 mph, with gusts as high as 29 mph. Chance of precipitation is 70%."
132,2026-09-29T21:21:08Z,KMIA,Thursday Night,2026-10-01T18:00:00-04:00,0,79.0,Showers And Thunderstorms Likely,"Showers and thunderstorms likely. Mostly cloudy, with a low around 79. East wind around 13 mph, with gusts as high as 23 mph. Chance of precipitation is 70%."
133,2026-09-29T21:21:08Z,KMIA,Friday,2026-10-02T06:00:00-04:00,1,89.0,Chance Showers And Thunderstorms,"A chance of showers and thunderstorms before 11am, then a chance of showers and thunderstorms. Mostly cloudy, with a high near 89. East wind 12 to 16 mph, with gusts as high as 31 mph. Chance of precipitation is 50%."
134,2026-09-29T21:21:08Z,KMIA,Friday Night,2026-10-02T18:00:00-04:00,0,79.0,Chance Showers And Thunderstorms,"A chance of showers and thunderstorms before 2am. Mostly cloudy, with a low around 79. East wind around 12 mph, with gusts as high as 22 mph. Chance of precipitation is 50%."
135,2026-09-29T21:21:08Z,KMIA,Saturday,2026-10-03T06:00:00-04:00,1,90.0,Chance Showers And Thunderstorms,"A chance of showers and thunderstorms after 8am. Partly sunny, with a high near 90. East wind 10 to 15 mph, with gusts as high as 28 mph. Chance of precipitation is 40%."
136,2026-09-29T21:21:08Z,KMIA,Saturday Night,2026-10-03T18:00:00-04:00,0,78.0,Chance Showers And Thunderstorms then Partly Cloudy,"A chance of showers and thunderstorms before 8pm. Partly cloudy, with a low around 78. Chance of precipitation is 40%."
137,2026-09-29T21:21:08Z,KMIA,Sunday,2026-10-04T06:00:00-04:00,1,90.0,Mostly Sunny then Chance Showers And Thunderstorms,"A chance of showers and thunderstorms after 2pm. Mostly sunny, with a high near 90. Chance of precipitation is 30%."
138,2026-09-29T21:21:08Z,KMIA,Sunday Night,2026-10-04T18:00:00-04:00,0,78.0,Chance Showers And Thunderstorms then Partly Cloudy,"A chance of showers and thunderstorms before 8pm. Partly cloudy, with a low around 78. Chance of precipitation is 30%."
139,2026-09-29T21:21:08Z,KMIA,Monday,2026-10-05T06:00:00-04:00,1,89.0,Chance Showers And Thunderstorms,"A chance of showers and thunderstorms after 8am. Mostly sunny, with a high near 89. Chance of precipitation is 50%."
140,2026-09-29T21:21:08Z,KMIA,Monday Night,2026-10-05T18:00:00-04:00,0,77.0,Chance Showers And Thunderstorms,"A chance of showers and thunderstorms before 2am. Partly cloudy, with a low around 77."
141,2026-09-29T21:21:08Z,KMSP,This Afternoon,2026-09-29T13:00:00-05:00,1,66.0,Rain Showers,"Rain showers. Cloudy, with a high near 66. South wind 10 to 15 mph, with gusts as high as 25 mph. Chance of precipitation is 100%. New rainfall amounts between a tenth and quarter of an inch possible."
142,2026-09-29T21:21:08Z,KMSP,Tonight,2026-09-29T18:00:00-05:00,0,61.0,Rain Showers Likely then Areas Of Fog,"Rain showers likely before 10pm, then areas of fog. Mostly cloudy, with a low around 61. South southwest wind 5 to 15 mph. Chance of precipitation is 60%. New rainfall amounts between a tenth and quarter of an inch possible."
143,2026-09-29T21:21:08Z,KMSP,Wednesday,2026-09-30T06:00:00-05:00,1,77.0,Areas Of Fog then Partly Sunny,"Areas of fog before 10am. Partly sunny, with a high near 77. Southwest wind 5 to 10 mph."
144,2026-09-29T21:21:08Z,KMSP,Wednesday Night,2026-09-30T18:00:00-05:00,0,58.0,Mostly Cloudy,"Mostly cloudy, with a low around 58. West southwest wind 5 to 10 mph."
145,2026-09-29T21:21:08Z,KMSP,Thursday,2026-10-01T06:00:00-05:00,1,65.0,Mostly Cloudy,"Mostly cloudy, with a high near 65. North northwest wind around 10 mph."
146,2026-09-29T21:21:08Z,KMSP,Thursday Night,2026-10-01T18:00:00-05:00,0,48.0,Partly Cloudy,"Partly cloudy, with a low around 48. North northwest wind 5 to 10 mph."
147,2026-09-29T21:21:08Z,KMSP,Friday,2026-10-02T06:00:00-05:00,1,63.0,Sunny,"Sunny, with a high near 63. North northwest wind around 5 mph."
148,2026-09-29T21:21:08Z,KMSP,Friday Night,2026-10-02T18:00:00-05:00,0,48.0,Partly Cloudy,"Partly cloudy, with a low around 48. West southwest wind 0 to 5 mph."
149,2026-09-29T21:21:08Z,KMSP,Saturday,2026-10-03T06:00:00-05:00,1,63.0,Partly Sunny then Chance Rain Showers,"A chance of rain showers after 1pm. Partly sunny, with a high near 63. South wind 5 to 10 mph. Chance of precipitation is 30%."
150,2026-09-29T21:21:08Z,KMSP,Saturday Night,2026-10-03T18:00:00-05:00,0,49.0,Chance Rain Showers then Partly Cloudy,"A chance of rain showers before 7pm. Partly cloudy, with a low around 49. West wind around 5 mph. Chance of precipitation is 30%."
151,2026-09-29T21:21:08Z,KMSP,Sunday,2026-10-04T06:00:00-05:00,1,62.0,Sunny,"Sunny, with a high near 62. Northwest wind 5 to 10 mph."
152,2026-09-29T21:21:08Z,KMSP,Sunday Night,2026-10-04T18:00:00-05:00,0,44.0,Mostly Clear,"Mostly clear, with a low around 44. North wind 0 to 5 mph."
153,2026-09-29T21:21:08Z,KMSP,Monday,2026-10-05T06:00:00-05:00,1,61.0,Sunny,"Sunny, with a high near 61. East southeast wind 0 to 5 mph."
154,2026-09-29T21:21:08Z,KMSP,Monday Night,2026-10-05T18:00:00-05:00,0,50.0,Partly Cloudy,"Partly cloudy, with a low around 50. South southeast wind 5 to 10 mph."
155,2026-09-29T21:21:08Z,KMSY,This Afternoon,2026-09-29T14:00:00-05:00,1,90.0,Sunny,"Sunny. High near 90, with temperatures falling to around 88 in the afternoon. Northeast wind around 10 mph."
156,2026-09-29T21:21:08Z,KMSY,Tonight,2026-09-29T18:00:00-05:00,0,73.0,Clear,"Clear. Low around 73, with temperatures rising to around 75 overnight. Southeast wind 5 to 10 mph."
157,2026-09-29T21:21:08Z,KMSY,Wednesday,2026-09-30T06:00:00-05:00,1,90.0,Sunny,"Sunny. High near 90, with temperatures falling to around 88 in the afternoon. Southeast wind 5 to 15 mph."
158,2026-09-29T21:21:08Z,KMSY,Wednesday Night,2026-09-30T18:00:00-05:00,0,75.0,Mostly Clear,"Mostly clear, with a low around 75. Southeast wind 5 to 10 mph."
159,2026-09-29T21:21:08Z,KMSY,Thursday,2026-10-01T06:00:00-05:00,1,90.0,Showers And Thunderstorms Likely,"A slight chance of rain showers between 7am and 1pm, then showers and thunderstorms likely. Sunny, with a high near 90. Southeast wind 5 to 15 mph. Chance of precipitation is 60%."
160,2026-09-29T21:21:08Z,KMSY,Thursday Night,2026-10-01T18:00:00-05:00,0,76.0,Showers And Thunderstorms Likely,"Showers and thunderstorms likely before 4am, then a slight chance of showers and thunderstorms. Mostly clear, with a low around 76. Southeast wind 5 to 10 mph. Chance of precipitation is 60%."
161,2026-09-29T21:21:08Z,KMSY,Friday,2026-10-02T06:00:00-05:00,1,88.0,Slight Chance Showers And Thunderstorms then Showers And Thunderstorms,"A slight chance of showers and thunderstorms before 7am, then showers and thunderstorms. Mostly sunny, with a high near 88. East wind 5 to 10 mph. Chance of precipitation is 80%."
162,2026-09-29T21:21:08Z,KMSY,Friday Night,2026-10-02T18:00:00-05:00,0,75.0,Showers And Thunderstorms then Chance Showers And Thunderstorms,"Showers and thunderstorms before 7pm, then a chance of showers and thunderstorms. Partly cloudy, with a low around 75. Southeast wind 5 to 10 mph."
163,2026-09-29T21:21:08Z,KMSY,Saturday,2026-10-03T06:00:00-05:00,1,86.0,Chance Showers And Thunderstorms then Showers And Thunderstorms,"A chance of showers and thunderstorms before 7am, then showers and thunderstorms. Partly sunny, with a high near 86. East wind 5 to 10 mph."
164,2026-09-29T21:21:08Z,KMSY,Saturday Night,2026-10-03T18:00:00-05:00,0,74.0,Showers And Thunderstorms,"Showers and thunderstorms. Mostly cloudy, with a low around 74. East wind 5 to 10 mph."
165,2026-09-29T21:21:08Z,KMSY,Sunday,2026-10-04T06:00:00-05:00,1,84.0,Showers And Thunderstorms,"Showers and thunderstorms. Mostly cloudy, with a high near 84. East wind 5 to 10 mph."
166,2026-09-29T21:21:08Z,KMSY,Sunday Night,2026-10-04T18:00:00-05:00,0,73.0,Showers And Thunderstorms,"Showers and thunderstorms. Mostly cloudy, with a low around 73. Northeast wind 5 to 10 mph."
167,2026-09-29T21:21:08Z,KMSY,Monday,2026-10-05T06:00:00-05:00,1,82.0,Showers And Thunderstorms Likely,"A chance of rain showers before 7am, then showers and thunderstorms likely. Mostly cloudy, with a high near 82. Northeast wind 10 to 15 mph."
168,2026-09-29T21:21:08Z,KMSY,Monday Night,2026-10-05T18:00:00-05:00,0,71.0,Showers And Thunderstorms Likely,"Showers and thunderstorms likely. Mostly cloudy, with a low around 71. Northeast wind around 10 mph."
169,2026-09-29T21:21:08Z,KNYC,This Afternoon,2026-09-29T14:00:00-04:00,1,71.0,Partly Sunny,"Partly sunny, with a high near 71. West wind around 1 mph."
170,2026-09-29T21:21:08Z,KNYC,Tonight,2026-09-29T18:00:00-04:00,0,59.0,Mostly Cloudy,"Mostly cloudy, with a low around 59. Wind around 0 mph."
171,2026-09-29T21:21:08Z,KNYC,Wednesday,2026-09-30T06:00:00-04:00,1,75.0,Mostly Sunny,"Mostly sunny, with a high near 75. Wind around 0 mph."
172,2026-09-29T21:21:08Z,KNYC,Wednesday Night,2026-09-30T18:00:00-04:00,0,63.0,Mostly Cloudy,"Mostly cloudy, with a low around 63. Southwest wind around 2 mph."
173,2026-09-29T21:21:08Z,KNYC,Thursday,2026-10-01T06:00:00-04:00,1,75.0,Partly Sunny,"Partly sunny, with a high near 75. Southwest wind 2 to 6 mph."
174,2026-09-29T21:21:08Z,KNYC,Thursday Night,2026-10-01T18:00:00-04:00,0,66.0,Partly Cloudy,"Partly cloudy. Low around 66, with temperatures rising to around 68 overnight."
175,2026-09-29T21:21:08Z,KNYC,Friday,2026-10-02T06:00:00-04:00,1,80.0,Mostly Sunny,"Mostly sunny, with a high near 80."
176,2026-09-29T21:21:08Z,KNYC,Friday Night,2026-10-02T18:00:00-04:00,0,63.0,Chance Showers And Thunderstorms,"A chance of showers and thunderstorms after 8pm. Mostly cloudy, with a low around 63. Chance of precipitation is 40%."
177,2026-09-29T21:21:08Z,KNYC,Saturday,2026-10-03T06:00:00-04:00,1,70.0,Slight Chance Rain Showers then Mostly Sunny,"A slight chance of rain showers before 8am. Mostly sunny, with a high near 70."
178,2026-09-29T21:21:08Z,KNYC,Saturday Night,2026-10-03T18:00:00-04:00,0,56.0,Mostly Cloudy then Chance Rain Showers,"A chance of rain showers after 2am. Mostly cloudy, with a low around 56. Chance of precipitation is 30%."
179,2026-09-29T21:21:08Z,KNYC,Sunday,2026-10-04T06:00:00-04:00,1,66.0,Chance Rain Showers,"A chance of rain showers. Mostly cloudy, with a high near 66. Chance of precipitation is 50%."
180,2026-09-29T21:21:08Z,KNYC,Sunday Night,2026-10-04T18:00:00-04:00,0,55.0,Chance Rain Showers,"A chance of rain showers. Mostly cloudy, with a low around 55. Chance of precipitation is 50%."
181,2026-09-29T21:21:08Z,KNYC,Monday,2026-10-05T06:00:00-04:00,1,66.0,Slight Chance Rain Showers then Mostly Sunny,"A slight chance of rain showers before 8am. Mostly sunny, with a high near 66."
182,2026-09-29T21:21:08Z,KNYC,Monday Night,2026-10-05T18:00:00-04:00,0,49.0,Mostly Clear,"Mostly clear, with a low around 49."
183,2026-09-29T21:21:08Z,KOKC,This Afternoon,2026-09-29T14:00:00-05:00,1,88.0,Slight Chance Showers And Thunderstorms,"A slight chance of showers and thunderstorms before 4pm. Mostly cloudy, with a high near 88. South wind 13 to 16 mph, with gusts as high as 24 mph. Chance of precipitation is 20%."
184,2026-09-29T21:21:08Z,KOKC,Tonight,2026-09-29T18:00:00-05:00,0,73.0,Mostly Cloudy,"Mostly cloudy, with a low around 73. South southeast wind 12 to 16 mph, with gusts as high as 23 mph."
185,2026-09-29T21:21:08Z,KOKC,Wednesday,2026-09-30T06:00:00-05:00,1,88.0,Showers And Thunderstorms Likely,"A slight chance of rain showers between 10am and 1pm, then showers and thunderstorms likely. Mostly cloudy. High near 88, with temperatures falling to around 84 in the afternoon. South wind 16 to 23 mph, with gusts as high as 35 mph. Chance of precipitation is 70%. New rainfall amounts between a quarter and half of an inch possible."
186,2026-09-29T21:21:08Z,KOKC,Wednesday Night,2026-09-30T18:00:00-05:00,0,69.0,Showers And Thunderstorms,"Showers and thunderstorms. Some of the storms could produce heavy rain. Mostly cloudy, with a low around 69. South wind 13 to 18 mph, with gusts as high as 30 mph. Chance of precipitation is 100%."
187,2026-09-29T21:21:08Z,KOKC,Thursday,2026-10-01T06:00:00-05:00,1,81.0,Showers And Thunderstorms,"Showers and thunderstorms. Some of the storms could produce heavy rain. Mostly cloudy, with a high near 81. South wind 9 to 13 mph, with gusts as high as 22 mph. Chance of precipitation is 100%."
188,2026-09-29T21:21:08Z,KOKC,Thursday Night,2026-10-01T18:00:00-05:00,0,63.0,Chance Showers And Thunderstorms,"Rain showers likely before 7pm, then a chance of showers and thunderstorms between 7pm and 1am, then a slight chance of showers and thunderstorms. Mostly cloudy, with a low around 63. Chance of precipitation is 60%."
189,2026-09-29T21:21:08Z,KOKC,Friday,2026-10-02T06:00:00-05:00,1,73.0,Chance Rain Showers,"A chance of rain showers. Mostly cloudy, with a high near 73. Chance of precipitation is 40%."
190,2026-09-29T21:21:08Z,KOKC,Friday Night,2026-10-02T18:00:00-05:00,0,59.0,Chance Rain Showers,"A chance of rain showers. Mostly cloudy, with a low around 59. Chance of precipitation is 40%."
191,2026-09-29T21:21:08Z,KOKC,Saturday,2026-10-03T06:00:00-05:00,1,73.0,Slight Chance Rain Showers,"A slight chance of rain showers before 1pm. Mostly cloudy, with a high near 73. Chance of precipitation is 20%."
192,2026-09-29T21:21:08Z,KOKC,Saturday Night,2026-10-03T18:00:00-05:00,0,59.0,Mostly Cloudy,"Mostly cloudy, with a low around 59."
193,2026-09-29T21:21:08Z,KOKC,Sunday,2026-10-04T06:00:00-05:00,1,77.0,Mostly Sunny,"Mostly sunny, with a high near 77."
194,2026-09-29T21:21:08Z,KOKC,Sunday Night,2026-10-04T18:00:00-05:00,0,56.0,Mostly Clear,"Mostly clear, with a low around 56."
195,2026-09-29T21:21:08Z,KOKC,Monday,2026-10-05T06:00:00-05:00,1,79.0,Sunny,"Sunny, with a high near 79."
196,2026-09-29T21:21:08Z,KOKC,Monday Night,2026-10-05T18:00:00-05:00,0,55.0,Clear,"Clear, with a low around 55."
197,2026-09-29T21:21:08Z,KPHL,This Afternoon,2026-09-29T16:00:00-04:00,1,75.0,Mostly Cloudy,"Mostly cloudy, with a high near 75. Northwest wind around 5 mph."
198,2026-09-29T21:21:08Z,KPHL,Tonight,2026-09-29T18:00:00-04:00,0,61.0,Mostly Cloudy then Patchy Fog,"Patchy fog after 2am. Mostly cloudy, with a low around 61. West wind 0 to 5 mph."
199,2026-09-29T21:21:08Z,KPHL,Wednesday,2026-09-30T06:00:00-04:00,1,78.0,Patchy Fog then Mostly Sunny,"Patchy fog before 9am. Mostly sunny, with a high near 78. West wind 0 to 5 mph."
200,2026-09-29T21:21:08Z,KPHL,Wednesday Night,2026-09-30T18:00:00-04:00,0,64.0,Mostly Cloudy,"Mostly cloudy, with a low around 64. Southwest wind 0 to 5 mph."
201,2026-09-29T21:21:08Z,KPHL,Thursday,2026-10-01T06:00:00-04:00,1,81.0,Partly Sunny,"Partly sunny, with a high near 81. Southwest wind 0 to 5 mph."
202,2026-09-29T21:21:08Z,KPHL,Thursday Night,2026-10-01T18:00:00-04:00,0,67.0,Partly Cloudy,"Partly cloudy, with a low around 67."
203,2026-09-29T21:21:08Z,KPHL,Friday,2026-10-02T06:00:00-04:00,1,84.0,Mostly Sunny,"Mostly sunny, with a high near 84."
204,2026-09-29T21:21:08Z,KPHL,Friday Night,2026-10-02T18:00:00-04:00,0,64.0,Chance Rain Showers,"A chance of rain showers after 8pm. Mostly cloudy, with a low around 64. Chance of precipitation is 30%."
205,2026-09-29T21:21:08Z,KPHL,Saturday,2026-10-03T06:00:00-04:00,1,72.0,Chance Rain Showers,"A chance of rain showers. Mostly cloudy, with a high near 72. Chance of precipitation is 30%."
206,2026-09-29T21:21:08Z,KPHL,Saturday Night,2026-10-03T18:00:00-04:00,0,58.0,Chance Rain Showers,"A chance of rain showers. Mostly cloudy, with a low around 58. Chance of precipitation is 40%."
207,2026-09-29T21:21:08Z,KPHL,Sunday,2026-10-04T06:00:00-04:00,1,68.0,Rain Showers Likely,"Rain showers likely. Mostly cloudy, with a high near 68. Chance of precipitation is 60%."
208,2026-09-29T21:21:08Z,KPHL,Sunday Night,2026-10-04T18:00:00-04:00,0,57.0,Chance Rain Showers,"A chance of rain showers. Mostly cloudy, with a low around 57. Chance of precipitation is 50%."
209,2026-09-29T21:21:08Z,KPHL,Monday,2026-10-05T06:00:00-04:00,1,67.0,Slight Chance Rain Showers then Mostly Sunny,"A slight chance of rain showers before 8am. Mostly sunny, with a high near 67."
210,2026-09-29T21:21:08Z,KPHL,Monday Night,2026-10-05T18:00:00-04:00,0,49.0,Mostly Clear,"Mostly clear, with a low around 49."
211,2026-09-29T21:21:08Z,KPHX,This Afternoon,2026-09-29T13:00:00-07:00,1,81.0,Chance Showers And Thunderstorms,"A chance of showers and thunderstorms. Partly sunny. High near 81, with temperatures falling to around 77 in the afternoon. West wind around 10 mph. Chance of precipitation is 30%. New rainfall amounts less than a tenth of an inch possible."
212,2026-09-29T21:21:08Z,KPHX,Tonight,2026-09-29T18:00:00-07:00,0,68.0,Chance Showers And Thunderstorms then Slight Chance Showers And Thunderstorms,"A chance of showers and thunderstorms before 7pm, then a slight chance of showers and thunderstorms between 7pm and 2am. Partly cloudy. Low around 68, with temperatures rising to around 70 overnight. East southeast wind 5 to 10 mph. Chance of precipitation is 30%. New rainfall amounts less than a tenth of an inch possible."
213,2026-09-29T21:21:08Z,KPHX,Wednesday,2026-09-30T06:00:00-07:00,1,82.0,Mostly Sunny,"Mostly sunny. High near 82, with temperatures falling to around 80 in the afternoon. South southeast wind 0 to 10 mph."
214,2026-09-29T21:21:08Z,KPHX,Wednesday Night,2026-09-30T18:00:00-07:00,0,69.0,Mostly Clear,"Mostly clear, with a low around 69. East wind around 5 mph."
215,2026-09-29T21:21:08Z,KPHX,Thursday,2026-10-01T06:00:00-07:00,1,88.0,Sunny,"Sunny, with a high near 88. East northeast wind 0 to 5 mph."
216,2026-09-29T21:21:08Z,KPHX,Thursday Night,2026-10-01T18:00:00-07:00,0,72.0,Clear,"Clear, with a low around 72. South southeast wind 0 to 10 mph."
217,2026-09-29T21:21:08Z,KPHX,Friday,2026-10-02T06:00:00-07:00,1,93.0,Sunny,"Sunny, with a high near 93. East wind 5 to 10 mph."
218,2026-09-29T21:21:08Z,KPHX,Friday Night,2026-10-02T18:00:00-07:00,0,74.0,Clear,"Clear, with a low around 74. East wind 5 to 10 mph, with gusts as high as 20 mph."
219,2026-09-29T21:21:08Z,KPHX,Saturday,2026-10-03T06:00:00-07:00,1,94.0,Sunny,"Sunny, with a high near 94. East wind 5 to 10 mph, with gusts as high as 25 mph."
220,2026-09-29T21:21:08Z,KPHX,Saturday Night,2026-10-03T18:00:00-07:00,0,75.0,Clear,"Clear, with a low around 75. East wind 5 to 10 mph, with gusts as high as 20 mph."
221,2026-09-29T21:21:08Z,KPHX,Sunday,2026-10-04T06:00:00-07:00,1,96.0,Sunny,"Sunny, with a high near 96. East wind 10 to 15 mph, with gusts as high as 30 mph."
222,2026-09-29T21:21:08Z,KPHX,Sunday Night,2026-10-04T18:00:00-07:00,0,77.0,Clear,"Clear, with a low around 77. East wind around 10 mph, with gusts as high as 30 mph."
223,2026-09-29T21:21:08Z,KPHX,Monday,2026-10-05T06:00:00-07:00,1,96.0,Sunny,"Sunny, with a high near 96. East wind 10 to 15 mph, with gusts as high as 30 mph."
224,2026-09-29T21:21:08Z,KPHX,Monday Night,2026-10-05T18:00:00-07:00,0,77.0,Mostly Clear,"Mostly clear, with a low around 77. East wind around 10 mph, with gusts as high as 20 mph."
225,2026-09-29T21:21:08Z,KSAT,This Afternoon,2026-09-29T15:00:00-05:00,1,94.0,Mostly Sunny,"Mostly sunny, with a high near 94. Heat index values as high as 103. Southeast wind 10 to 15 mph, with gusts as high as 25 mph. New rainfall amounts less than a tenth of an inch possible."
226,2026-09-29T21:21:08Z,KSAT,Tonight,2026-09-29T18:00:00-05:00,0,76.0,Mostly Cloudy,"Mostly cloudy, with a low around 76. Heat index values as high as 101. Southeast wind around 15 mph, with gusts as high as 25 mph. New rainfall amounts less than a tenth of an inch possible."
227,2026-09-29T21:21:08Z,KSAT,Wednesday,2026-09-30T06:00:00-05:00,1,95.0,Mostly Cloudy then Slight Chance Showers And Thunderstorms,"A slight chance of showers and thunderstorms after 1pm. Mostly cloudy, with a high near 95. Heat index values as high as 107. South southeast wind 10 to 15 mph, with gusts as high as 30 mph. Chance of precipitation is 20%. New rainfall amounts less than a tenth of an inch possible."
228,2026-09-29T21:21:08Z,KSAT,Wednesday Night,2026-09-30T18:00:00-05:00,0,77.0,Slight Chance Showers And Thunderstorms,"A slight chance of showers and thunderstorms before 1am, then a chance of showers and thunderstorms. Mostly cloudy, with a low around 77. Heat index values as high as 105. South southeast wind around 15 mph, with gusts as high as 30 mph. Chance of precipitation is 50%."
229,2026-09-29T21:21:08Z,KSAT,Thursday,2026-10-01T06:00:00-05:00,1,88.0,Showers And Thunderstorms,"Showers and thunderstorms. Cloudy, with a high near 88. South southeast wind 5 to 15 mph, with gusts as high as 25 mph. Chance of precipitation is 90%."
230,2026-09-29T21:21:08Z,KSAT,Thursday Night,2026-10-01T18:00:00-05:00,0,74.0,Showers And Thunderstorms,"Showers and thunderstorms. Some of the storms could produce heavy rain. Cloudy, with a low around 74. East southeast wind around 5 mph. Chance of precipitation is 100%."
231,2026-09-29T21:21:08Z,KSAT,Friday,2026-10-02T06:00:00-05:00,1,82.0,Showers And Thunderstorms,"Rain showers before 7am, then showers and thunderstorms. Cloudy, with a high near 82. East northeast wind around 5 mph. Chance of precipitation is 100%."
232,2026-09-29T21:21:08Z,KSAT,Friday Night,2026-10-02T18:00:00-05:00,0,71.0,Showers And Thunderstorms,"Showers and thunderstorms. Mostly cloudy, with a low around 71. Northeast wind 5 to 15 mph, with gusts as high as 20 mph. Chance of precipitation is 80%."
233,2026-09-29T21:21:08Z,KSAT,Saturday,2026-10-03T06:00:00-05:00,1,81.0,Showers And Thunderstorms,"Showers and thunderstorms. Mostly cloudy, with a high near 81. North northeast wind 10 to 15 mph, with gusts as high as 25 mph. Chance of precipitation is 80%."
234,2026-09-29T21:21:08Z,KSAT,Saturday Night,2026-10-03T18:00:00-05:00,0,70.0,Showers And Thunderstorms Likely,"Showers and thunderstorms likely. Mostly cloudy, with a low around 70. Chance of precipitation is 60%."
235,2026-09-29T21:21:08Z,KSAT,Sunday,2026-10-04T06:00:00-05:00,1,82.0,Chance Rain Showers,"A chance of rain showers before 1pm, then a chance of showers and thunderstorms. Mostly cloudy, with a high near 82. Chance of precipitation is 50%."
236,2026-09-29T21:21:08Z,KSAT,Sunday Night,2026-10-04T18:00:00-05:00,0,69.0,Chance Showers And Thunderstorms,"A chance of showers and thunderstorms. Mostly cloudy, with a low around 69. Chance of precipitation is 50%."
237,2026-09-29T21:21:08Z,KSAT,Monday,2026-10-05T06:00:00-05:00,1,81.0,Chance Showers And Thunderstorms,"A slight chance of rain showers before 1pm, then a chance of showers and thunderstorms. Mostly cloudy, with a high near 81. Chance of precipitation is 30%."
238,2026-09-29T21:21:08Z,KSAT,Monday Night,2026-10-05T18:00:00-05:00,0,67.0,Chance Showers And Thunderstorms then Mostly Cloudy,"A chance of showers and thunderstorms before 7pm. Mostly cloudy, with a low around 67."
239,2026-09-29T21:21:08Z,KSFO,This Afternoon,2026-09-29T14:00:00-07:00,1,78.0,Sunny,"Sunny. High near 78, with temperatures falling to around 73 in the afternoon. West wind 14 to 18 mph, with gusts as high as 22 mph."
240,2026-09-29T21:21:08Z,KSFO,Tonight,2026-09-29T18:00:00-07:00,0,56.0,Mostly Clear,"Mostly clear, with a low around 56. West wind 6 to 17 mph, with gusts as high as 21 mph."
241,2026-09-29T21:21:08Z,KSFO,Wednesday,2026-09-30T06:00:00-07:00,1,78.0,Sunny,"Sunny. High near 78, with temperatures falling to around 74 in the afternoon. West wind 1 to 15 mph."
242,2026-09-29T21:21:08Z,KSFO,Wednesday Night,2026-09-30T18:00:00-07:00,0,56.0,Mostly Clear,"Mostly clear, with a low around 56. West southwest wind 2 to 13 mph."
243,2026-09-29T21:21:08Z,KSFO,Thursday,2026-10-01T06:00:00-07:00,1,79.0,Sunny,"Sunny, with a high near 79. West southwest wind 2 to 12 mph."
244,2026-09-29T21:21:08Z,KSFO,Thursday Night,2026-10-01T18:00:00-07:00,0,58.0,Partly Cloudy,"Partly cloudy, with a low around 58."
245,2026-09-29T21:21:08Z,KSFO,Friday,2026-10-02T06:00:00-07:00,1,80.0,Mostly Sunny,"Mostly sunny, with a high near 80."
246,2026-09-29T21:21:08Z,KSFO,Friday Night,2026-10-02T18:00:00-07:00,0,60.0,Partly Cloudy,"Partly cloudy, with a low around 60."
247,2026-09-29T21:21:08Z,KSFO,Saturday,2026-10-03T06:00:00-07:00,1,76.0,Mostly Sunny,"Mostly sunny, with a high near 76."
248,2026-09-29T21:21:08Z,KSFO,Saturday Night,2026-10-03T18:00:00-07:00,0,60.0,Mostly Clear,"Mostly clear, with a low around 60."
249,2026-09-29T21:21:08Z,KSFO,Sunday,2026-10-04T06:00:00-07:00,1,75.0,Sunny,"Sunny, with a high near 75."
250,2026-09-29T21:21:08Z,KSFO,Sunday Night,2026-10-04T18:00:00-07:00,0,60.0,Mostly Clear,"Mostly clear, with a low around 60."
251,2026-09-29T21:21:08Z,KSFO,Monday,2026-10-05T06:00:00-07:00,1,74.0,Sunny,"Sunny, with a high near 74."
252,2026-09-29T21:21:08Z,KSFO,Monday Night,2026-10-05T18:00:00-07:00,0,60.0,Mostly Clear,"Mostly clear, with a low around 60."
253,2026-09-29T21:21:08Z,KSEA,This Afternoon,2026-09-29T14:00:00-07:00,1,61.0,Light Rain Likely,"Rain likely. Cloudy, with a high near 61. Southwest wind 12 to 15 mph, with gusts as high as 24 mph. Chance of precipitation is 70%. New rainfall amounts less than a tenth of an inch possible."
254,2026-09-29T21:21:08Z,KSEA,Tonight,2026-09-29T18:00:00-07:00,0,52.0,Chance Light Rain then Mostly Cloudy,"A chance of rain before midnight. Mostly cloudy, with a low around 52. Northeast wind 3 to 9 mph. Chance of precipitation is 40%. New rainfall amounts less than a tenth of an inch possible."
255,2026-09-29T21:21:08Z,KSEA,Wednesday,2026-09-30T06:00:00-07:00,1,63.0,Mostly Sunny,"Mostly sunny. High near 63, with temperatures falling to around 61 in the afternoon. North northeast wind 5 to 9 mph."
256,2026-09-29T21:21:08Z,KSEA,Wednesday Night,2026-09-30T18:00:00-07:00,0,51.0,Mostly Cloudy,"Mostly cloudy, with a low around 51. North wind around 8 mph."
257,2026-09-29T21:21:08Z,KSEA,Thursday,2026-10-01T06:00:00-07:00,1,65.0,Partly Sunny,"Partly sunny, with a high near 65. North wind around 8 mph."
258,2026-09-29T21:21:08Z,KSEA,Thursday Night,2026-10-01T18:00:00-07:00,0,51.0,Mostly Cloudy,"Mostly cloudy, with a low around 51."
259,2026-09-29T21:21:08Z,KSEA,Friday,2026-10-02T06:00:00-07:00,1,67.0,Mostly Sunny,"Mostly sunny, with a high near 67."
260,2026-09-29T21:21:08Z,KSEA,Friday Night,2026-10-02T18:00:00-07:00,0,52.0,Partly Cloudy,"Partly cloudy, with a low around 52."
261,2026-09-29T21:21:08Z,KSEA,Saturday,2026-10-03T06:00:00-07:00,1,67.0,Sunny,"Sunny, with a high near 67."
262,2026-09-29T21:21:08Z,KSEA,Saturday Night,2026-10-03T18:00:00-07:00,0,52.0,Partly Cloudy,"Partly cloudy, with a low around 52."
263,2026-09-29T21:21:08Z,KSEA,Sunday,2026-10-04T06:00:00-07:00,1,71.0,Mostly Sunny,"Mostly sunny, with a high near 71."
264,2026-09-29T21:21:08Z,KSEA,Sunday Night,2026-10-04T18:00:00-07:00,0,53.0,Partly Cloudy,"Partly cloudy, with a low around 53."
265,2026-09-29T21:21:08Z,KSEA,Monday,2026-10-05T06:00:00-07:00,1,68.0,Mostly Sunny,"Mostly sunny, with a high near 68."
266,2026-09-29T21:21:08Z,KSEA,Monday Night,2026-10-05T18:00:00-07:00,0,52.0,Partly Cloudy,"Partly cloudy, with a low around 52."
267,2026-09-29T21:21:08Z,KDCA,This Afternoon,2026-09-29T15:00:00-04:00,1,75.0,Slight Chance Rain Showers,"A slight chance of rain showers. Mostly cloudy, with a high near 75. Northwest wind around 7 mph. Chance of precipitation is 20%."
268,2026-09-29T21:21:08Z,KDCA,Tonight,2026-09-29T18:00:00-04:00,0,61.0,Partly Cloudy,"Partly cloudy, with a low around 61. West wind 0 to 5 mph."
269,2026-09-29T21:21:08Z,KDCA,Wednesday,2026-09-30T06:00:00-04:00,1,81.0,Mostly Sunny,"Mostly sunny, with a high near 81. Southwest wind 0 to 7 mph."
270,2026-09-29T21:21:08Z,KDCA,Wednesday Night,2026-09-30T18:00:00-04:00,0,65.0,Mostly Cloudy,"Mostly cloudy, with a low around 65. South wind around 10 mph."
271,2026-09-29T21:21:08Z,KDCA,Thursday,2026-10-01T06:00:00-04:00,1,84.0,Mostly Sunny,"Mostly sunny, with a high near 84. Southwest wind around 8 mph."
272,2026-09-29T21:21:08Z,KDCA,Thursday Night,2026-10-01T18:00:00-04:00,0,67.0,Mostly Clear,"Mostly clear, with a low around 67."
273,2026-09-29T21:21:08Z,KDCA,Friday,2026-10-02T06:00:00-04:00,1,87.0,Mostly Sunny,"Mostly sunny, with a high near 87."
274,2026-09-29T21:21:08Z,KDCA,Friday Night,2026-10-02T18:00:00-04:00,0,65.0,Chance Rain Showers,"A chance of rain showers after 8pm. Mostly cloudy, with a low around 65. Chance of precipitation is 30%."
275,2026-09-29T21:21:08Z,KDCA,Saturday,2026-10-03T06:00:00-04:00,1,73.0,Chance Rain Showers,"A chance of rain showers. Mostly cloudy, with a high near 73. Chance of precipitation is 40%."
276,2026-09-29T21:21:08Z,KDCA,Saturday Night,2026-10-03T18:00:00-04:00,0,61.0,Rain Showers Likely,"Rain showers likely. Mostly cloudy, with a low around 61. Chance of precipitation is 60%."
277,2026-09-29T21:21:08Z,KDCA,Sunday,2026-10-04T06:00:00-04:00,1,68.0,Rain Showers Likely,"Rain showers likely. Mostly cloudy, with a high near 68. Chance of precipitation is 60%."
278,2026-09-29T21:21:08Z,KDCA,Sunday Night,2026-10-04T18:00:00-04:00,0,58.0,Rain Showers Likely,"Rain showers likely. Mostly cloudy, with a low around 58. Chance of precipitation is 60%."
279,2026-09-29T21:21:08Z,KDCA,Monday,2026-10-05T06:00:00-04:00,1,69.0,Slight Chance Rain Showers then Mostly Sunny,"A slight chance of rain showers before 8am. Mostly sunny, with a high near 69. Chance of precipitation is 20%."
280,2026-09-29T21:21:08Z,KDCA,Monday Night,2026-10-05T18:00:00-04:00,0,51.0,Partly Cloudy,"Partly cloudy, with a low around 51."
