id,run_at,icao,period_name,start_time,is_daytime,temp_f,short_fcst,detailed_fcst
1,2026-10-09T00:15:16Z,KATL,Tonight,2026-10-08T19:00:00-04:00,0,64.0,Mostly Cloudy,"Mostly cloudy, with a low around 64. East wind 0 to 5 mph."
2,2026-10-09T00:15:16Z,KATL,Friday,2026-10-09T06:00:00-04:00,1,76.0,Cloudy,"Cloudy, with a high near 76. East wind 5 to 10 mph, with gusts as high as 25 mph."
3,2026-10-09T00:15:16Z,KATL,Friday Night,2026-10-09T18:00:00-04:00,0,61.0,Rain Showers,"Rain showers after 11pm. Cloudy, with a low around 61. East wind 10 to 15 mph, with gusts as high as 35 mph. Chance of precipitation is 90%. New rainfall amounts between three quarters and one inch possible."
4,2026-10-09T00:15:16Z,KATL,Saturday,2026-10-10T06:00:00-04:00,1,70.0,Showers And Thunderstorms,"Rain showers before 8am, then showers and thunderstorms. Cloudy, with a high near 70. East wind 15 to 20 mph, with gusts as high as 50 mph. Chance of precipitation is 100%."
5,2026-10-09T00:15:16Z,KATL,Saturday Night,2026-10-10T18:00:00-04:00,0,65.0,Showers And Thunderstorms,"Showers and thunderstorms. Mostly cloudy, with a low around 65. East wind 15 to 20 mph, with gusts as high as 45 mph. Chance of precipitation is 100%."
6,2026-10-09T00:15:16Z,KATL,Sunday,2026-10-11T06:00:00-04:00,1,76.0,Showers And Thunderstorms Likely,"Showers and thunderstorms likely. Partly sunny, with a high near 76. Chance of precipitation is 60%."
7,2026-10-09T00:15:16Z,KATL,Sunday Night,2026-10-11T18:00:00-04:00,0,62.0,Slight Chance Rain Showers then Partly Cloudy,"A slight chance of rain showers before 8pm. Partly cloudy, with a low around 62. Chance of precipitation is 20%."
8,2026-10-09T00:15:16Z,KATL,Columbus Day,2026-10-12T06:00:00-04:00,1,80.0,Mostly Sunny,"Mostly sunny, with a high near 80."
9,2026-10-09T00:15:16Z,KATL,Monday Night,2026-10-12T18:00:00-04:00,0,63.0,Mostly Clear,"Mostly clear, with a low around 63."
10,2026-10-09T00:15:16Z,KATL,Tuesday,2026-10-13T06:00:00-04:00,1,84.0,Sunny,"Sunny, with a high near 84."
11,2026-10-09T00:15:16Z,KATL,Tuesday Night,2026-10-13T18:00:00-04:00,0,65.0,Clear,"Clear, with a low around 65."
12,2026-10-09T00:15:16Z,KATL,Wednesday,2026-10-14T06:00:00-04:00,1,84.0,Sunny,"Sunny, with a high near 84."
13,2026-10-09T00:15:16Z,KATL,Wednesday Night,2026-10-14T18:00:00-04:00,0,63.0,Mostly Clear,"Mostly clear, with a low around 63."
14,2026-10-09T00:15:16Z,KATL,Thursday,2026-10-15T06:00:00-04:00,1,82.0,Sunny,"Sunny, with a high near 82."
15,2026-10-09T00:15:16Z,KAUS,Tonight,2026-10-08T19:00:00-05:00,0,68.0,Mostly Clear,"Mostly clear, with a low around 68. North northeast wind 0 to 5 mph."
16,2026-10-09T00:15:16Z,KAUS,Friday,2026-10-09T06:00:00-05:00,1,92.0,Sunny,"Sunny, with a high near 92. North northeast wind 0 to 5 mph."
17,2026-10-09T00:15:16Z,KAUS,Friday Night,2026-10-09T18:00:00-05:00,0,66.0,Clear,"Clear, with a low around 66. Northeast wind 0 to 5 mph."
18,2026-10-09T00:15:16Z,KAUS,Saturday,2026-10-10T06:00:00-05:00,1,92.0,Sunny,"Sunny, with a high near 92. Northeast wind 0 to 5 mph."
19,2026-10-09T00:15:16Z,KAUS,Saturday Night,2026-10-10T18:00:00-05:00,0,67.0,Mostly Clear,"Mostly clear, with a low around 67. Southeast wind 0 to 5 mph."
20,2026-10-09T00:15:16Z,KAUS,Sunday,2026-10-11T06:00:00-05:00,1,93.0,Sunny,"Sunny, with a high near 93. South wind 5 to 10 mph, with gusts as high as 25 mph."
21,2026-10-09T00:15:16Z,KAUS,Sunday Night,2026-10-11T18:00:00-05:00,0,71.0,Mostly Clear,"Mostly clear, with a low around 71. South southeast wind 0 to 10 mph, with gusts as high as 20 mph."
22,2026-10-09T00:15:16Z,KAUS,Columbus Day,2026-10-12T06:00:00-05:00,1,93.0,Sunny,"Sunny, with a high near 93. South southeast wind 0 to 10 mph."
23,2026-10-09T00:15:16Z,KAUS,Monday Night,2026-10-12T18:00:00-05:00,0,75.0,Partly Cloudy,"Partly cloudy, with a low around 75. South southeast wind 5 to 10 mph."
24,2026-10-09T00:15:16Z,KAUS,Tuesday,2026-10-13T06:00:00-05:00,1,95.0,Slight Chance Rain Showers,"A slight chance of rain showers after 7am. Partly sunny, with a high near 95. Chance of precipitation is 20%."
25,2026-10-09T00:15:16Z,KAUS,Tuesday Night,2026-10-13T18:00:00-05:00,0,75.0,Slight Chance Rain Showers then Partly Cloudy,"A slight chance of rain showers before 7pm. Partly cloudy, with a low around 75. Chance of precipitation is 20%."
26,2026-10-09T00:15:16Z,KAUS,Wednesday,2026-10-14T06:00:00-05:00,1,95.0,Slight Chance Showers And Thunderstorms,"A slight chance of showers and thunderstorms between 7am and 1pm. Mostly sunny, with a high near 95. Chance of precipitation is 20%."
27,2026-10-09T00:15:16Z,KAUS,Wednesday Night,2026-10-14T18:00:00-05:00,0,75.0,Partly Cloudy,"Partly cloudy, with a low around 75."
28,2026-10-09T00:15:16Z,KAUS,Thursday,2026-10-15T06:00:00-05:00,1,93.0,Chance Rain Showers,"A chance of rain showers after 7am. Mostly sunny, with a high near 93."
29,2026-10-09T00:15:16Z,KBOS,Tonight,2026-10-08T18:00:00-04:00,0,53.0,Mostly Clear,"Mostly clear, with a low around 53. West wind 6 to 10 mph, with gusts as high as 26 mph."
30,2026-10-09T00:15:16Z,KBOS,Friday,2026-10-09T06:00:00-04:00,1,65.0,Sunny,"Sunny, with a high near 65. West wind 7 to 15 mph, with gusts as high as 29 mph."
31,2026-10-09T00:15:16Z,KBOS,Friday Night,2026-10-09T18:00:00-04:00,0,47.0,Clear,"Clear, with a low around 47. West wind 5 to 13 mph, with gusts as high as 26 mph."
32,2026-10-09T00:15:16Z,KBOS,Saturday,2026-10-10T06:00:00-04:00,1,63.0,Sunny,"Sunny, with a high near 63. Northwest wind 3 to 8 mph."
33,2026-10-09T00:15:16Z,KBOS,Saturday Night,2026-10-10T18:00:00-04:00,0,51.0,Partly Cloudy,"Partly cloudy, with a low around 51. South wind around 2 mph."
34,2026-10-09T00:15:16Z,KBOS,Sunday,2026-10-11T06:00:00-04:00,1,67.0,Partly Sunny,"Partly sunny, with a high near 67. Southwest wind 2 to 10 mph."
35,2026-10-09T00:15:16Z,KBOS,Sunday Night,2026-10-11T18:00:00-04:00,0,58.0,Rain Showers,"Rain showers after 8pm. Cloudy, with a low around 58. South wind 6 to 9 mph. Chance of precipitation is 80%."
36,2026-10-09T00:15:16Z,KBOS,Columbus Day,2026-10-12T06:00:00-04:00,1,66.0,Rain Showers Likely,"Rain showers likely before 3pm. Mostly cloudy, with a high near 66. Northeast wind around 7 mph. Chance of precipitation is 70%."
37,2026-10-09T00:15:16Z,KBOS,Monday Night,2026-10-12T18:00:00-04:00,0,57.0,Mostly Cloudy,"Mostly cloudy, with a low around 57. West wind around 6 mph."
38,2026-10-09T00:15:16Z,KBOS,Tuesday,2026-10-13T06:00:00-04:00,1,67.0,Partly Sunny then Chance Rain Showers,"A chance of rain showers after 2pm. Partly sunny, with a high near 67. West wind 6 to 10 mph. Chance of precipitation is 30%."
39,2026-10-09T00:15:16Z,KBOS,Tuesday Night,2026-10-13T18:00:00-04:00,0,53.0,Chance Rain Showers,"A chance of rain showers before 4am. Mostly cloudy, with a low around 53. West wind around 12 mph. Chance of precipitation is 40%."
40,2026-10-09T00:15:16Z,KBOS,Wednesday,2026-10-14T06:00:00-04:00,1,60.0,Mostly Sunny,"Mostly sunny, with a high near 60. Northwest wind around 13 mph."
41,2026-10-09T00:15:16Z,KBOS,Wednesday Night,2026-10-14T18:00:00-04:00,0,48.0,Partly Cloudy,"Partly cloudy, with a low around 48. Northwest wind 7 to 10 mph."
42,2026-10-09T00:15:16Z,KBOS,Thursday,2026-10-15T06:00:00-04:00,1,58.0,Mostly Sunny,"Mostly sunny, with a high near 58. Northwest wind around 9 mph."
43,2026-10-09T00:15:16Z,KMDW,Tonight,2026-10-08T18:00:00-05:00,0,54.0,Mostly Clear,"Mostly clear, with a low around 54. Southeast wind 0 to 5 mph."
44,2026-10-09T00:15:16Z,KMDW,Friday,2026-10-09T06:00:00-05:00,1,72.0,Chance Showers And Thunderstorms,"Scattered rain showers between 8am and 4pm, then a chance of showers and thunderstorms. Mostly cloudy. High near 72, with temperatures falling to around 70 in the afternoon. South southeast wind 0 to 10 mph. Chance of precipitation is 60%. New rainfall amounts less than a tenth of an inch possible."
45,2026-10-09T00:15:16Z,KMDW,Friday Night,2026-10-09T18:00:00-05:00,0,61.0,Slight Chance Showers And Thunderstorms then Mostly Clear,"A slight chance of showers and thunderstorms before 7pm. Mostly clear, with a low around 61. South southeast wind around 10 mph, with gusts as high as 20 mph. Chance of precipitation is 20%. New rainfall amounts less than a tenth of an inch possible."
46,2026-10-09T00:15:16Z,KMDW,Saturday,2026-10-10T06:00:00-05:00,1,81.0,Mostly Sunny,"Mostly sunny, with a high near 81. South wind 10 to 15 mph, with gusts as high as 25 mph."
47,2026-10-09T00:15:16Z,KMDW,Saturday Night,2026-10-10T18:00:00-05:00,0,61.0,Mostly Cloudy then Slight Chance Rain Showers,"A slight chance of rain showers after 1am. Mostly cloudy, with a low around 61. South southeast wind around 10 mph, with gusts as high as 20 mph. Chance of precipitation is 20%."
48,2026-10-09T00:15:16Z,KMDW,Sunday,2026-10-11T06:00:00-05:00,1,71.0,Slight Chance Rain Showers,"A slight chance of rain showers before 1pm. Partly sunny, with a high near 71. Chance of precipitation is 20%."
49,2026-10-09T00:15:16Z,KMDW,Sunday Night,2026-10-11T18:00:00-05:00,0,58.0,Partly Cloudy,"Partly cloudy, with a low around 58."
50,2026-10-09T00:15:16Z,KMDW,Columbus Day,2026-10-12T06:00:00-05:00,1,78.0,Mostly Sunny,"Mostly sunny, with a high near 78."
51,2026-10-09T00:15:16Z,KMDW,Monday Night,2026-10-12T18:00:00-05:00,0,62.0,Chance Rain Showers,"A chance of rain showers after 7pm. Partly cloudy, with a low around 62."
52,2026-10-09T00:15:16Z,KMDW,Tuesday,2026-10-13T06:00:00-05:00,1,70.0,Chance Rain Showers,"A chance of rain showers before 1pm. Mostly sunny, with a high near 70."
53,2026-10-09T00:15:16Z,KMDW,Tuesday Night,2026-10-13T18:00:00-05:00,0,54.0,Mostly Cloudy,"Mostly cloudy, with a low around 54."
54,2026-10-09T00:15:16Z,KMDW,Wednesday,2026-10-14T06:00:00-05:00,1,67.0,Chance Rain Showers,"A chance of rain showers after 7am. Partly sunny, with a high near 67."
55,2026-10-09T00:15:16Z,KMDW,Wednesday Night,2026-10-14T18:00:00-05:00,0,56.0,Chance Rain Showers,"A chance of rain showers. Mostly cloudy, with a low around 56."
56,2026-10-09T00:15:16Z,KMDW,Thursday,2026-10-15T06:00:00-05:00,1,70.0,Chance Rain Showers,"A chance of rain showers. Partly sunny, with a high near 70."
57,2026-10-09T00:15:16Z,KDFW,Tonight,2026-10-08T18:00:00-05:00,0,66.0,Mostly Clear,"Mostly clear. Low around 66, with temperatures rising to around 68 overnight. Northeast wind 0 to 5 mph."
58,2026-10-09T00:15:16Z,KDFW,Friday,2026-10-09T06:00:00-05:00,1,90.0,Sunny,"Sunny, with a high near 90. East northeast wind around 5 mph."
59,2026-10-09T00:15:16Z,KDFW,Friday Night,2026-10-09T18:00:00-05:00,0,65.0,Clear,"Clear, with a low around 65. Northeast wind 0 to 5 mph."
60,2026-10-09T00:15:16Z,KDFW,Saturday,2026-10-10T06:00:00-05:00,1,89.0,Sunny,"Sunny. High near 89, with temperatures falling to around 87 in the afternoon. East northeast wind 0 to 5 mph."
61,2026-10-09T00:15:16Z,KDFW,Saturday Night,2026-10-10T18:00:00-05:00,0,68.0,Clear,"Clear, with a low around 68. South southeast wind around 5 mph."
62,2026-10-09T00:15:16Z,KDFW,Sunday,2026-10-11T06:00:00-05:00,1,90.0,Sunny,"Sunny. High near 90, with temperatures falling to around 88 in the afternoon. South southwest wind 5 to 10 mph, with gusts as high as 25 mph."
63,2026-10-09T00:15:16Z,KDFW,Sunday Night,2026-10-11T18:00:00-05:00,0,70.0,Clear,"Clear, with a low around 70. South wind around 10 mph."
64,2026-10-09T00:15:16Z,KDFW,Columbus Day,2026-10-12T06:00:00-05:00,1,90.0,Sunny,"Sunny, with a high near 90. South wind 10 to 15 mph."
65,2026-10-09T00:15:16Z,KDFW,Monday Night,2026-10-12T18:00:00-05:00,0,74.0,Mostly Clear,"Mostly clear, with a low around 74. South wind around 10 mph."
66,2026-10-09T00:15:16Z,KDFW,Tuesday,2026-10-13T06:00:00-05:00,1,92.0,Mostly Sunny,"Mostly sunny, with a high near 92."
67,2026-10-09T00:15:16Z,KDFW,Tuesday Night,2026-10-13T18:00:00-05:00,0,75.0,Partly Cloudy,"Partly cloudy, with a low around 75."
68,2026-10-09T00:15:16Z,KDFW,Wednesday,2026-10-14T06:00:00-05:00,1,92.0,Mostly Sunny,"Mostly sunny, with a high near 92."
69,2026-10-09T00:15:16Z,KDFW,Wednesday Night,2026-10-14T18:00:00-05:00,0,75.0,Partly Cloudy then Slight Chance Showers And Thunderstorms,"A slight chance of showers and thunderstorms after 1am. Partly cloudy, with a low around 75. Chance of precipitation is 20%."
70,2026-10-09T00:15:16Z,KDFW,Thursday,2026-10-15T06:00:00-05:00,1,89.0,Chance Showers And Thunderstorms,"A chance of showers and thunderstorms. Mostly sunny, with a high near 89. Chance of precipitation is 30%."
71,2026-10-09T00:15:16Z,KDEN,This Afternoon,2026-10-08T13:00:00-06:00,1,84.0,Sunny,"Sunny. High near 84, with temperatures falling to around 82 in the afternoon. East wind around 8 mph."
72,2026-10-09T00:15:16Z,KDEN,Tonight,2026-10-08T18:00:00-06:00,0,55.0,Partly Cloudy,"Partly cloudy. Low around 55, with temperatures rising to around 57 overnight. South wind around 7 mph."
73,2026-10-09T00:15:16Z,KDEN,Friday,2026-10-09T06:00:00-06:00,1,86.0,Sunny,"Sunny. High near 86, with temperatures falling to around 84 in the afternoon. South southwest wind 6 to 12 mph, with gusts as high as 18 mph."
74,2026-10-09T00:15:16Z,KDEN,Friday Night,2026-10-09T18:00:00-06:00,0,57.0,Mostly Clear,"Mostly clear, with a low around 57. Southwest wind 7 to 13 mph, with gusts as high as 20 mph."
75,2026-10-09T00:15:16Z,KDEN,Saturday,2026-10-10T06:00:00-06:00,1,84.0,Sunny,"Sunny, with a high near 84. South southwest wind 7 to 13 mph, with gusts as high as 21 mph."
76,2026-10-09T00:15:16Z,KDEN,Saturday Night,2026-10-10T18:00:00-06:00,0,59.0,Mostly Cloudy,"Mostly cloudy, with a low around 59."
77,2026-10-09T00:15:16Z,KDEN,Sunday,2026-10-11T06:00:00-06:00,1,81.0,Partly Sunny,"Partly sunny, with a high near 81."
78,2026-10-09T00:15:16Z,KDEN,Sunday Night,2026-10-11T18:00:00-06:00,0,55.0,Mostly Cloudy,"Mostly cloudy, with a low around 55."
79,2026-10-09T00:15:16Z,KDEN,Columbus Day,2026-10-12T06:00:00-06:00,1,80.0,Sunny,"Sunny, with a high near 80."
80,2026-10-09T00:15:16Z,KDEN,Monday Night,2026-10-12T18:00:00-06:00,0,51.0,Mostly Clear,"Mostly clear, with a low around 51."
81,2026-10-09T00:15:16Z,KDEN,Tuesday,2026-10-13T06:00:00-06:00,1,75.0,Sunny,"Sunny, with a high near 75."
82,2026-10-09T00:15:16Z,KDEN,Tuesday Night,2026-10-13T18:00:00-06:00,0,51.0,Slight Chance Rain Showers,"A slight chance of rain showers. Partly cloudy, with a low around 51."
83,2026-10-09T00:15:16Z,KDEN,Wednesday,2026-10-14T06:00:00-06:00,1,72.0,Chance Rain Showers,"A chance of rain showers. Mostly sunny, with a high near 72."
84,2026-10-09T00:15:16Z,KDEN,Wednesday Night,2026-10-14T18:00:00-06:00,0,47.0,Slight Chance Rain Showers,"A slight chance of rain showers. Partly cloudy, with a low around 47."
85,2026-10-09T00:15:16Z,KIAH,Tonight,2026-10-08T19:00:00-05:00,0,69.0,Clear,"Clear, with a low around 69. Northeast wind around 5 mph."
86,2026-10-09T00:15:16Z,KIAH,Friday,2026-10-09T06:00:00-05:00,1,92.0,Sunny,"Sunny, with a high near 92. Northeast wind 5 to 10 mph."
87,2026-10-09T00:15:16Z,KIAH,Friday Night,2026-10-09T18:00:00-05:00,0,68.0,Clear,"Clear, with a low around 68. Northeast wind around 5 mph."
88,2026-10-09T00:15:16Z,KIAH,Saturday,2026-10-10T06:00:00-05:00,1,91.0,Sunny,"Sunny, with a high near 91. Northeast wind 5 to 10 mph."
89,2026-10-09T00:15:16Z,KIAH,Saturday Night,2026-10-10T18:00:00-05:00,0,70.0,Clear,"Clear, with a low around 70. Southeast wind around 5 mph."
90,2026-10-09T00:15:16Z,KIAH,Sunday,2026-10-11T06:00:00-05:00,1,92.0,Sunny,"Sunny, with a high near 92."
91,2026-10-09T00:15:16Z,KIAH,Sunday Night,2026-10-11T18:00:00-05:00,0,72.0,Mostly Clear,"Mostly clear, with a low around 72."
92,2026-10-09T00:15:16Z,KIAH,Columbus Day,2026-10-12T06:00:00-05:00,1,92.0,Sunny,"Sunny, with a high near 92."
93,2026-10-09T00:15:16Z,KIAH,Monday Night,2026-10-12T18:00:00-05:00,0,75.0,Mostly Clear,"Mostly clear, with a low around 75."
94,2026-10-09T00:15:16Z,KIAH,Tuesday,2026-10-13T06:00:00-05:00,1,93.0,Chance Showers And Thunderstorms,"A chance of showers and thunderstorms after 7am. Mostly sunny, with a high near 93. Chance of precipitation is 30%."
95,2026-10-09T00:15:16Z,KIAH,Tuesday Night,2026-10-13T18:00:00-05:00,0,76.0,Chance Showers And Thunderstorms then Partly Cloudy,"A chance of showers and thunderstorms before 7pm. Partly cloudy, with a low around 76. Chance of precipitation is 30%."
96,2026-10-09T00:15:16Z,KIAH,Wednesday,2026-10-14T06:00:00-05:00,1,93.0,Slight Chance Showers And Thunderstorms,"A slight chance of showers and thunderstorms between 7am and 1pm, then a chance of showers and thunderstorms. Sunny, with a high near 93. Chance of precipitation is 30%."
97,2026-10-09T00:15:16Z,KIAH,Wednesday Night,2026-10-14T18:00:00-05:00,0,76.0,Chance Showers And Thunderstorms then Mostly Clear,"A chance of showers and thunderstorms before 7pm. Mostly clear, with a low around 76. Chance of precipitation is 30%."
98,2026-10-09T00:15:16Z,KIAH,Thursday,2026-10-15T06:00:00-05:00,1,92.0,Slight Chance Showers And Thunderstorms,"A slight chance of showers and thunderstorms between 7am and 1pm, then a chance of showers and thunderstorms. Sunny, with a high near 92."
99,2026-10-09T00:15:16Z,KLAS,This Afternoon,2026-10-08T16:00:00-07:00,1,98.0,Sunny,"Sunny, with a high near 98. East wind around 3 mph."
100,2026-10-09T00:15:16Z,KLAS,Tonight,2026-10-08T18:00:00-07:00,0,75.0,Clear,"Clear, with a low around 75. Southwest wind 1 to 5 mph."
101,2026-10-09T00:15:16Z,KLAS,Friday,2026-10-09T06:00:00-07:00,1,97.0,Sunny,"Sunny, with a high near 97. South southeast wind 0 to 10 mph, with gusts as high as 20 mph."
102,2026-10-09T00:15:16Z,KLAS,Friday Night,2026-10-09T18:00:00-07:00,0,74.0,Mostly Clear,"Mostly clear, with a low around 74. Southwest wind 6 to 9 mph."
103,2026-10-09T00:15:16Z,KLAS,Saturday,2026-10-10T06:00:00-07:00,1,89.0,Partly Sunny then Slight Chance Rain Showers,"A slight chance of rain showers after 5pm. Partly sunny, with a high near 89. South southwest wind 9 to 18 mph, with gusts as high as 31 mph. Chance of precipitation is 20%."
104,2026-10-09T00:15:16Z,KLAS,Saturday Night,2026-10-10T18:00:00-07:00,0,67.0,Slight Chance Showers And Thunderstorms then Showers And Thunderstorms,"A slight chance of rain showers before 8pm, then a slight chance of showers and thunderstorms between 8pm and 11pm, then showers and thunderstorms. Mostly cloudy, with a low around 67. Chance of precipitation is 80%."
105,2026-10-09T00:15:16Z,KLAS,Sunday,2026-10-11T06:00:00-07:00,1,77.0,Showers And Thunderstorms,"Showers and thunderstorms. Mostly cloudy, with a high near 77."
106,2026-10-09T00:15:16Z,KLAS,Sunday Night,2026-10-11T18:00:00-07:00,0,61.0,Chance Rain Showers,"A chance of rain showers. Mostly cloudy, with a low around 61."
107,2026-10-09T00:15:16Z,KLAS,Columbus Day,2026-10-12T06:00:00-07:00,1,74.0,Chance Showers And Thunderstorms,"A chance of rain showers before 11am, then a chance of showers and thunderstorms. Partly sunny, with a high near 74."
108,2026-10-09T00:15:16Z,KLAS,Monday Night,2026-10-12T18:00:00-07:00,0,56.0,Chance Showers And Thunderstorms,"A chance of showers and thunderstorms. Partly cloudy, with a low around 56."
109,2026-10-09T00:15:16Z,KLAS,Tuesday,2026-10-13T06:00:00-07:00,1,72.0,Slight Chance Rain Showers,"A slight chance of rain showers before 5pm. Mostly sunny, with a high near 72."
110,2026-10-09T00:15:16Z,KLAS,Tuesday Night,2026-10-13T18:00:00-07:00,0,54.0,Mostly Clear,"Mostly clear, with a low around 54."
111,2026-10-09T00:15:16Z,KLAS,Wednesday,2026-10-14T06:00:00-07:00,1,75.0,Sunny,"Sunny, with a high near 75."
112,2026-10-09T00:15:16Z,KLAS,Wednesday Night,2026-10-14T18:00:00-07:00,0,57.0,Mostly Clear,"Mostly clear, with a low around 57."
113,2026-10-09T00:15:16Z,KLAX,This Afternoon,2026-10-08T12:00:00-07:00,1,85.0,Sunny,"Sunny, with a high near 85. West southwest wind 10 to 15 mph, with gusts as high as 20 mph."
114,2026-10-09T00:15:16Z,KLAX,Tonight,2026-10-08T18:00:00-07:00,0,68.0,Patchy Fog,"Patchy fog after 11pm. Mostly cloudy, with a low around 68. Southwest wind 5 to 15 mph."
115,2026-10-09T00:15:16Z,KLAX,Friday,2026-10-09T06:00:00-07:00,1,80.0,Patchy Fog then Mostly Sunny,"Patchy fog before 11am. Mostly sunny, with a high near 80. Southwest wind 5 to 10 mph."
116,2026-10-09T00:15:16Z,KLAX,Friday Night,2026-10-09T18:00:00-07:00,0,67.0,Patchy Fog,"Patchy fog after 11pm. Mostly cloudy, with a low around 67. Southwest wind 5 to 10 mph."
117,2026-10-09T00:15:16Z,KLAX,Saturday,2026-10-10T06:00:00-07:00,1,78.0,Patchy Fog then Slight Chance Rain Showers,"Patchy fog before 11am, then a slight chance of rain showers. Mostly cloudy, with a high near 78. West southwest wind 5 to 10 mph. Chance of precipitation is 20%."
118,2026-10-09T00:15:16Z,KLAX,Saturday Night,2026-10-10T18:00:00-07:00,0,67.0,Slight Chance Rain Showers then Patchy Fog,"A slight chance of rain showers before 11pm, then patchy fog. Mostly cloudy, with a low around 67. Chance of precipitation is 50%."
119,2026-10-09T00:15:16Z,KLAX,Sunday,2026-10-11T06:00:00-07:00,1,75.0,Chance Rain Showers,"Patchy fog before 11am, then a chance of rain showers between 11am and 5pm. Partly sunny, with a high near 75."
120,2026-10-09T00:15:16Z,KLAX,Sunday Night,2026-10-11T18:00:00-07:00,0,60.0,Rain Showers Likely,"Rain showers likely after 11pm. Mostly cloudy, with a low around 60."
121,2026-10-09T00:15:16Z,KLAX,Columbus Day,2026-10-12T06:00:00-07:00,1,67.0,Rain Showers Likely,"Rain showers likely. Partly sunny, with a high near 67."
122,2026-10-09T00:15:16Z,KLAX,Monday Night,2026-10-12T18:00:00-07:00,0,57.0,Chance Rain Showers,"A chance of rain showers. Mostly cloudy, with a low around 57."
123,2026-10-09T00:15:16Z,KLAX,Tuesday,2026-10-13T06:00:00-07:00,1,68.0,Chance Rain Showers then Mostly Sunny,"A chance of rain showers before 11am. Mostly sunny, with a high near 68."
124,2026-10-09T00:15:16Z,KLAX,Tuesday Night,2026-10-13T18:00:00-07:00,0,59.0,Mostly Clear,"Mostly clear, with a low around 59."
125,2026-10-09T00:15:16Z,KLAX,Wednesday,2026-10-14T06:00:00-07:00,1,71.0,Sunny,"Sunny, with a high near 71."
126,2026-10-09T00:15:16Z,KLAX,Wednesday Night,2026-10-14T18:00:00-07:00,0,62.0,Mostly Clear,"Mostly clear, with a low around 62."
127,2026-10-09T00:15:16Z,KMIA,Tonight,2026-10-08T18:00:00-04:00,0,79.0,Chance Showers And Thunderstorms then Partly Cloudy,"A chance of showers and thunderstorms before 8pm. Partly cloudy, with a low around 79. Southeast wind 3 to 7 mph. Chance of precipitation is 50%. New rainfall amounts between a tenth and quarter of an inch possible."
128,2026-10-09T00:15:16Z,KMIA,Friday,2026-10-09T06:00:00-04:00,1,90.0,Slight Chance Showers And Thunderstorms,"A slight chance of showers and thunderstorms after 11am. Mostly sunny, with a high near 90. Southeast wind 7 to 14 mph, with gusts as high as 26 mph. Chance of precipitation is 20%. New rainfall amounts less than a tenth of an inch possible."
129,2026-10-09T00:15:16Z,KMIA,Friday Night,2026-10-09T18:00:00-04:00,0,80.0,Chance Showers And Thunderstorms,"A chance of showers and thunderstorms before 5am, then a chance of showers and thunderstorms. Partly cloudy, with a low around 80. Southeast wind around 12 mph, with gusts as high as 18 mph. Chance of precipitation is 50%. New rainfall amounts less than a tenth of an inch possible."
130,2026-10-09T00:15:16Z,KMIA,Saturday,2026-10-10T06:00:00-04:00,1,90.0,Chance Showers And Thunderstorms,"A slight chance of showers and thunderstorms before 7am, then a chance of showers and thunderstorms between 7am and 11am, then a chance of showers and thunderstorms. Mostly sunny, with a high near 90. Heat index values as high as 100. Southeast wind 12 to 16 mph, with gusts as high as 30 mph. Chance of precipitation is 50%."
131,2026-10-09T00:15:16Z,KMIA,Saturday Night,2026-10-10T18:00:00-04:00,0,80.0,Chance Showers And Thunderstorms,"A chance of showers and thunderstorms before 2am. Partly cloudy, with a low around 80. Southeast wind 9 to 13 mph, with gusts as high as 21 mph. Chance of precipitation is 30%."
132,2026-10-09T00:15:16Z,KMIA,Sunday,2026-10-11T06:00:00-04:00,1,90.0,Mostly Sunny then Chance Showers And Thunderstorms,"A chance of showers and thunderstorms after 2pm. Mostly sunny, with a high near 90. Southeast wind around 12 mph, with gusts as high as 23 mph. Chance of precipitation is 30%."
133,2026-10-09T00:15:16Z,KMIA,Sunday Night,2026-10-11T18:00:00-04:00,0,78.0,Chance Showers And Thunderstorms then Mostly Clear,"A chance of showers and thunderstorms before 8pm. Mostly clear, with a low around 78. East wind 5 to 9 mph. Chance of precipitation is 30%."
134,2026-10-09T00:15:16Z,KMIA,Columbus Day,2026-10-12T06:00:00-04:00,1,91.0,Sunny then Slight Chance Showers And Thunderstorms,"A slight chance of showers and thunderstorms after 2pm. Sunny, with a high near 91. Northeast wind 5 to 9 mph. Chance of precipitation is 20%."
135,2026-10-09T00:15:16Z,KMIA,Monday Night,2026-10-12T18:00:00-04:00,0,77.0,Slight Chance Showers And Thunderstorms then Mostly Clear,"A slight chance of showers and thunderstorms before 8pm. Mostly clear, with a low around 77. Northeast wind 5 to 9 mph. Chance of precipitation is 20%."
136,2026-10-09T00:15:16Z,KMIA,Tuesday,2026-10-13T06:00:00-04:00,1,89.0,Sunny then Slight Chance Showers And Thunderstorms,"A slight chance of showers and thunderstorms after 2pm. Sunny, with a high near 89. Chance of precipitation is 20%."
137,2026-10-09T00:15:16Z,KMIA,Tuesday Night,2026-10-13T18:00:00-04:00,0,75.0,Slight Chance Showers And Thunderstorms then Mostly Clear,"A slight chance of showers and thunderstorms before 8pm. Mostly clear, with a low around 75. Chance of precipitation is 20%."
138,2026-10-09T00:15:16Z,KMIA,Wednesday,2026-10-14T06:00:00-04:00,1,88.0,Sunny then Slight Chance Rain Showers,"A slight chance of rain showers after 2pm. Sunny, with a high near 88. Chance of precipitation is 20%."
139,2026-10-09T00:15:16Z,KMIA,Wednesday Night,2026-10-14T18:00:00-04:00,0,76.0,Slight Chance Rain Showers then Mostly Clear,"A slight chance of rain showers before 8pm. Mostly clear, with a low around 76. Chance of precipitation is 20%."
140,2026-10-09T00:15:16Z,KMIA,Thursday,2026-10-15T06:00:00-04:00,1,88.0,Chance Showers And Thunderstorms,"A slight chance of rain showers between 8am and 2pm, then a chance of showers and thunderstorms. Sunny, with a high near 88."
141,2026-10-09T00:15:16Z,KMSP,Tonight,2026-10-08T18:00:00-05:00,0,49.0,Mostly Cloudy,"Mostly cloudy, with a low around 49. North northeast wind around 5 mph."
142,2026-10-09T00:15:16Z,KMSP,Friday,2026-10-09T06:00:00-05:00,1,74.0,Sunny,"Sunny, with a high near 74. East southeast wind 5 to 15 mph."
143,2026-10-09T00:15:16Z,KMSP,Friday Night,2026-10-09T18:00:00-05:00,0,61.0,Mostly Clear,"Mostly clear. Low around 61, with temperatures rising to around 64 overnight. Southeast wind 10 to 15 mph."
144,2026-10-09T00:15:16Z,KMSP,Saturday,2026-10-10T06:00:00-05:00,1,88.0,Sunny,"Sunny, with a high near 88. South wind 15 to 25 mph, with gusts as high as 45 mph."
145,2026-10-09T00:15:16Z,KMSP,Saturday Night,2026-10-10T18:00:00-05:00,0,68.0,Clear,"Clear, with a low around 68. South wind 15 to 25 mph, with gusts as high as 40 mph."
146,2026-10-09T00:15:16Z,KMSP,Sunday,2026-10-11T06:00:00-05:00,1,84.0,Sunny,"Sunny, with a high near 84. South southwest wind around 15 mph, with gusts as high as 30 mph."
147,2026-10-09T00:15:16Z,KMSP,Sunday Night,2026-10-11T18:00:00-05:00,0,61.0,Mostly Cloudy,"Mostly cloudy, with a low around 61. Southwest wind 5 to 15 mph."
148,2026-10-09T00:15:16Z,KMSP,Columbus Day,2026-10-12T06:00:00-05:00,1,70.0,Partly Sunny then Slight Chance Rain Showers,"A slight chance of rain showers after 1pm. Partly sunny, with a high near 70. North northwest wind 5 to 10 mph. Chance of precipitation is 20%."
149,2026-10-09T00:15:16Z,KMSP,Monday Night,2026-10-12T18:00:00-05:00,0,51.0,Slight Chance Rain Showers then Mostly Cloudy,"A slight chance of rain showers before 7pm. Mostly cloudy, with a low around 51. North northwest wind 5 to 10 mph. Chance of precipitation is 20%."
150,2026-10-09T00:15:16Z,KMSP,Tuesday,2026-10-13T06:00:00-05:00,1,61.0,Mostly Sunny,"Mostly sunny, with a high near 61. North northwest wind around 5 mph."
151,2026-10-09T00:15:16Z,KMSP,Tuesday Night,2026-10-13T18:00:00-05:00,0,48.0,Partly Cloudy,"Partly cloudy, with a low around 48. East northeast wind around 5 mph."
152,2026-10-09T00:15:16Z,KMSP,Wednesday,2026-10-14T06:00:00-05:00,1,64.0,Chance Rain Showers,"A chance of rain showers after 7am. Mostly sunny, with a high near 64. Southeast wind 5 to 10 mph. Chance of precipitation is 40%."
153,2026-10-09T00:15:16Z,KMSP,Wednesday Night,2026-10-14T18:00:00-05:00,0,52.0,Chance Rain Showers,"A chance of rain showers. Mostly cloudy, with a low around 52. Southeast wind 10 to 15 mph. Chance of precipitation is 50%."
154,2026-10-09T00:15:16Z,KMSP,Thursday,2026-10-15T06:00:00-05:00,1,64.0,Chance Rain Showers,"A chance of rain showers. Partly sunny, with a high near 64. South southwest wind around 15 mph, with gusts as high as 30 mph. Chance of precipitation is 50%."
155,2026-10-09T00:15:16Z,KMSY,Tonight,2026-10-08T18:00:00-05:00,0,74.0,Partly Cloudy,"Partly cloudy, with a low around 74. East wind 10 to 15 mph."
156,2026-10-09T00:15:16Z,KMSY,Friday,2026-10-09T06:00:00-05:00,1,82.0,Partly Sunny then Slight Chance Rain Showers,"A slight chance of rain showers after noon. Partly sunny. High near 82, with temperatures falling to around 78 in the afternoon. Northeast wind 15 to 20 mph, with gusts as high as 35 mph. Chance of precipitation is 20%. New rainfall amounts less than a tenth of an inch possible."
157,2026-10-09T00:15:16Z,KMSY,Friday Night,2026-10-09T18:00:00-05:00,0,68.0,Rain Showers Likely,"Rain showers likely. Mostly cloudy, with a low around 68. North wind 15 to 20 mph, with gusts as high as 35 mph. Chance of precipitation is 60%. New rainfall amounts between a tenth and quarter of an inch possible."
158,2026-10-09T00:15:16Z,KMSY,Saturday,2026-10-10T06:00:00-05:00,1,79.0,Chance Rain Showers,"A chance of rain showers before 1pm. Partly sunny, with a high near 79. North wind 10 to 15 mph. Chance of precipitation is 30%."
159,2026-10-09T00:15:16Z,KMSY,Saturday Night,2026-10-10T18:00:00-05:00,0,66.0,Mostly Clear,"Mostly clear, with a low around 66. Northwest wind 5 to 10 mph."
160,2026-10-09T00:15:16Z,KMSY,Sunday,2026-10-11T06:00:00-05:00,1,86.0,Sunny,"Sunny, with a high near 86. North wind around 5 mph."
161,2026-10-09T00:15:16Z,KMSY,Sunday Night,2026-10-11T18:00:00-05:00,0,68.0,Mostly Clear,"Mostly clear, with a low around 68. Southeast wind 0 to 5 mph."
162,2026-10-09T00:15:16Z,KMSY,Columbus Day,2026-10-12T06:00:00-05:00,1,87.0,Sunny,"Sunny, with a high near 87. East wind 0 to 5 mph."
163,2026-10-09T00:15:16Z,KMSY,Monday Night,2026-10-12T18:00:00-05:00,0,70.0,Mostly Clear,"Mostly clear, with a low around 70. South wind 0 to 5 mph."
164,2026-10-09T00:15:16Z,KMSY,Tuesday,2026-10-13T06:00:00-05:00,1,88.0,Sunny,"Sunny, with a high near 88. Northeast wind 0 to 5 mph."
165,2026-10-09T00:15:16Z,KMSY,Tuesday Night,2026-10-13T18:00:00-05:00,0,71.0,Mostly Clear,"Mostly clear, with a low around 71. Southwest wind around 5 mph."
166,2026-10-09T00:15:16Z,KMSY,Wednesday,2026-10-14T06:00:00-05:00,1,88.0,Sunny,"Sunny, with a high near 88. Northeast wind 5 to 10 mph."
167,2026-10-09T00:15:16Z,KMSY,Wednesday Night,2026-10-14T18:00:00-05:00,0,72.0,Clear,"Clear, with a low around 72. Southeast wind around 5 mph."
168,2026-10-09T00:15:16Z,KMSY,Thursday,2026-10-15T06:00:00-05:00,1,88.0,Sunny,"Sunny, with a high near 88. East wind 5 to 10 mph."
169,2026-10-09T00:15:16Z,KNYC,Tonight,2026-10-08T19:00:00-04:00,0,57.0,Mostly Clear,"Mostly clear, with a low around 57. West wind around 6 mph."
170,2026-10-09T00:15:16Z,KNYC,Friday,2026-10-09T06:00:00-04:00,1,71.0,Sunny,"Sunny, with a high near 71. West wind 3 to 9 mph."
171,2026-10-09T00:15:16Z,KNYC,Friday Night,2026-10-09T18:00:00-04:00,0,49.0,Mostly Clear,"Mostly clear. Low around 49, with temperatures rising to around 54 overnight. West wind around 6 mph."
172,2026-10-09T00:15:16Z,KNYC,Saturday,2026-10-10T06:00:00-04:00,1,69.0,Mostly Sunny,"Mostly sunny. High near 69, with temperatures falling to around 67 in the afternoon. West wind 0 to 3 mph."
173,2026-10-09T00:15:16Z,KNYC,Saturday Night,2026-10-10T18:00:00-04:00,0,58.0,Mostly Cloudy,"Mostly cloudy, with a low around 58. Wind around 0 mph."
174,2026-10-09T00:15:16Z,KNYC,Sunday,2026-10-11T06:00:00-04:00,1,67.0,Chance Rain Showers,"A chance of rain showers after 8am. Mostly cloudy. High near 67, with temperatures falling to around 65 in the afternoon. Chance of precipitation is 50%. New rainfall amounts between a quarter and half of an inch possible."
175,2026-10-09T00:15:16Z,KNYC,Sunday Night,2026-10-11T18:00:00-04:00,0,62.0,Rain Showers,"Rain showers. Cloudy, with a low around 62. Chance of precipitation is 90%."
176,2026-10-09T00:15:16Z,KNYC,Columbus Day,2026-10-12T06:00:00-04:00,1,72.0,Rain Showers,"Rain showers before 2pm. Mostly cloudy, with a high near 72. Chance of precipitation is 80%."
177,2026-10-09T00:15:16Z,KNYC,Monday Night,2026-10-12T18:00:00-04:00,0,62.0,Mostly Cloudy,"Mostly cloudy, with a low around 62."
178,2026-10-09T00:15:16Z,KNYC,Tuesday,2026-10-13T06:00:00-04:00,1,74.0,Mostly Sunny then Slight Chance Rain Showers,"A slight chance of rain showers after 2pm. Mostly sunny, with a high near 74."
179,2026-10-09T00:15:16Z,KNYC,Tuesday Night,2026-10-13T18:00:00-04:00,0,57.0,Slight Chance Rain Showers,"A slight chance of rain showers before 2am. Partly cloudy, with a low around 57."
180,2026-10-09T00:15:16Z,KNYC,Wednesday,2026-10-14T06:00:00-04:00,1,65.0,Mostly Sunny,"Mostly sunny, with a high near 65."
181,2026-10-09T00:15:16Z,KNYC,Wednesday Night,2026-10-14T18:00:00-04:00,0,52.0,Partly Cloudy,"Partly cloudy, with a low around 52."
182,2026-10-09T00:15:16Z,KNYC,Thursday,2026-10-15T06:00:00-04:00,1,63.0,Mostly Sunny,"Mostly sunny, with a high near 63."
183,2026-10-09T00:15:16Z,KOKC,Tonight,2026-10-08T18:00:00-05:00,0,63.0,Clear,"Clear, with a low around 63. South wind 1 to 8 mph."
184,2026-10-09T00:15:16Z,KOKC,Friday,2026-10-09T06:00:00-05:00,1,90.0,Sunny,"Sunny, with a high near 90. South wind 1 to 10 mph, with gusts as high as 18 mph."
185,2026-10-09T00:15:16Z,KOKC,Friday Night,2026-10-09T18:00:00-05:00,0,64.0,Clear,"Clear, with a low around 64. South wind 5 to 9 mph."
186,2026-10-09T00:15:16Z,KOKC,Saturday,2026-10-10T06:00:00-05:00,1,90.0,Sunny,"Sunny, with a high near 90. South wind 3 to 10 mph."
187,2026-10-09T00:15:16Z,KOKC,Saturday Night,2026-10-10T18:00:00-05:00,0,66.0,Clear,"Clear, with a low around 66. South wind around 10 mph."
188,2026-10-09T00:15:16Z,KOKC,Sunday,2026-10-11T06:00:00-05:00,1,91.0,Sunny,"Sunny, with a high near 91."
189,2026-10-09T00:15:16Z,KOKC,Sunday Night,2026-10-11T18:00:00-05:00,0,70.0,Mostly Clear,"Mostly clear, with a low around 70."
190,2026-10-09T00:15:16Z,KOKC,Columbus Day,2026-10-12T06:00:00-05:00,1,92.0,Sunny,"Sunny, with a high near 92."
191,2026-10-09T00:15:16Z,KOKC,Monday Night,2026-10-12T18:00:00-05:00,0,72.0,Mostly Clear,"Mostly clear, with a low around 72."
192,2026-10-09T00:15:16Z,KOKC,Tuesday,2026-10-13T06:00:00-05:00,1,91.0,Sunny then Slight Chance Rain Showers,"A slight chance of rain showers after 1pm. Sunny, with a high near 91. Chance of precipitation is 20%."
193,2026-10-09T00:15:16Z,KOKC,Tuesday Night,2026-10-13T18:00:00-05:00,0,70.0,Slight Chance Showers And Thunderstorms,"A slight chance of rain showers before 7pm, then a slight chance of showers and thunderstorms. Partly cloudy, with a low around 70. Chance of precipitation is 20%."
194,2026-10-09T00:15:16Z,KOKC,Wednesday,2026-10-14T06:00:00-05:00,1,88.0,Slight Chance Showers And Thunderstorms,"A slight chance of showers and thunderstorms. Sunny, with a high near 88. Chance of precipitation is 20%."
195,2026-10-09T00:15:16Z,KOKC,Wednesday Night,2026-10-14T18:00:00-05:00,0,70.0,Chance Showers And Thunderstorms,"A chance of showers and thunderstorms before 1am, then a chance of showers and thunderstorms. Partly cloudy, with a low around 70. Chance of precipitation is 30%."
196,2026-10-09T00:15:16Z,KOKC,Thursday,2026-10-15T06:00:00-05:00,1,85.0,Chance Showers And Thunderstorms,"A chance of showers and thunderstorms. Mostly sunny, with a high near 85."
197,2026-10-09T00:15:16Z,KPHL,Tonight,2026-10-08T18:00:00-04:00,0,52.0,Clear,"Clear, with a low around 52. Northwest wind 5 to 10 mph."
198,2026-10-09T00:15:16Z,KPHL,Friday,2026-10-09T06:00:00-04:00,1,73.0,Sunny,"Sunny, with a high near 73. West wind 5 to 10 mph."
199,2026-10-09T00:15:16Z,KPHL,Friday Night,2026-10-09T18:00:00-04:00,0,52.0,Partly Cloudy,"Partly cloudy, with a low around 52. Northwest wind 0 to 5 mph."
200,2026-10-09T00:15:16Z,KPHL,Saturday,2026-10-10T06:00:00-04:00,1,73.0,Mostly Sunny,"Mostly sunny, with a high near 73. East wind 0 to 5 mph."
201,2026-10-09T00:15:16Z,KPHL,Saturday Night,2026-10-10T18:00:00-04:00,0,58.0,Mostly Cloudy,"Mostly cloudy, with a low around 58. Southeast wind 0 to 5 mph."
202,2026-10-09T00:15:16Z,KPHL,Sunday,2026-10-11T06:00:00-04:00,1,69.0,Rain Showers Likely,"Rain showers likely after 8am. Cloudy, with a high near 69. Chance of precipitation is 70%. New rainfall amounts between a half and three quarters of an inch possible."
203,2026-10-09T00:15:16Z,KPHL,Sunday Night,2026-10-11T18:00:00-04:00,0,64.0,Rain Showers,"Rain showers. Cloudy, with a low around 64. Chance of precipitation is 90%."
204,2026-10-09T00:15:16Z,KPHL,Columbus Day,2026-10-12T06:00:00-04:00,1,73.0,Rain Showers Likely,"Rain showers likely before 2pm. Mostly cloudy, with a high near 73. Chance of precipitation is 70%."
205,2026-10-09T00:15:16Z,KPHL,Monday Night,2026-10-12T18:00:00-04:00,0,62.0,Partly Cloudy,"Partly cloudy, with a low around 62."
206,2026-10-09T00:15:16Z,KPHL,Tuesday,2026-10-13T06:00:00-04:00,1,75.0,Mostly Sunny then Slight Chance Rain Showers,"A slight chance of rain showers after 2pm. Mostly sunny, with a high near 75."
207,2026-10-09T00:15:16Z,KPHL,Tuesday Night,2026-10-13T18:00:00-04:00,0,58.0,Slight Chance Rain Showers,"A slight chance of rain showers before 2am. Partly cloudy, with a low around 58."
208,2026-10-09T00:15:16Z,KPHL,Wednesday,2026-10-14T06:00:00-04:00,1,66.0,Mostly Sunny,"Mostly sunny, with a high near 66."
209,2026-10-09T00:15:16Z,KPHL,Wednesday Night,2026-10-14T18:00:00-04:00,0,53.0,Partly Cloudy,"Partly cloudy, with a low around 53."
210,2026-10-09T00:15:16Z,KPHL,Thursday,2026-10-15T06:00:00-04:00,1,65.0,Mostly Sunny,"Mostly sunny, with a high near 65."
211,2026-10-09T00:15:16Z,KPHX,This Afternoon,2026-10-08T13:00:00-07:00,1,103.0,Sunny,"Sunny. High near 103, with temperatures falling to around 101 in the afternoon. South southeast wind 0 to 5 mph."
212,2026-10-09T00:15:16Z,KPHX,Tonight,2026-10-08T18:00:00-07:00,0,81.0,Mostly Clear,"Mostly clear, with a low around 81. East northeast wind 0 to 10 mph."
213,2026-10-09T00:15:16Z,KPHX,Friday,2026-10-09T06:00:00-07:00,1,103.0,Sunny,"Sunny. High near 103, with temperatures falling to around 101 in the afternoon. Southeast wind 5 to 15 mph, with gusts as high as 25 mph."
214,2026-10-09T00:15:16Z,KPHX,Friday Night,2026-10-09T18:00:00-07:00,0,81.0,Partly Cloudy then Chance Showers And Thunderstorms,"A slight chance of rain showers between 4am and 5am, then a chance of showers and thunderstorms. Partly cloudy, with a low around 81. East wind 5 to 10 mph. Chance of precipitation is 30%."
215,2026-10-09T00:15:16Z,KPHX,Saturday,2026-10-10T06:00:00-07:00,1,92.0,Showers And Thunderstorms Likely,"Showers and thunderstorms likely. Mostly cloudy, with a high near 92. East wind 10 to 15 mph, with gusts as high as 25 mph. Chance of precipitation is 70%. New rainfall amounts between a tenth and quarter of an inch possible."
216,2026-10-09T00:15:16Z,KPHX,Saturday Night,2026-10-10T18:00:00-07:00,0,74.0,Showers And Thunderstorms,"Showers and thunderstorms. Cloudy, with a low around 74. East southeast wind 10 to 15 mph. Chance of precipitation is 90%. New rainfall amounts between a half and three quarters of an inch possible."
217,2026-10-09T00:15:16Z,KPHX,Sunday,2026-10-11T06:00:00-07:00,1,86.0,Showers And Thunderstorms,"Showers and thunderstorms. Mostly cloudy, with a high near 86. South wind 15 to 25 mph, with gusts as high as 40 mph. Chance of precipitation is 90%. New rainfall amounts between a quarter and half of an inch possible."
218,2026-10-09T00:15:16Z,KPHX,Sunday Night,2026-10-11T18:00:00-07:00,0,71.0,Chance Showers And Thunderstorms,"A chance of showers and thunderstorms. Mostly cloudy, with a low around 71. South wind 10 to 15 mph, with gusts as high as 30 mph. Chance of precipitation is 40%. New rainfall amounts less than a tenth of an inch possible."
219,2026-10-09T00:15:16Z,KPHX,Columbus Day,2026-10-12T06:00:00-07:00,1,82.0,Slight Chance Showers And Thunderstorms,"A chance of rain showers before 11am, then a slight chance of showers and thunderstorms. Mostly sunny, with a high near 82. South wind 5 to 10 mph, with gusts as high as 25 mph. Chance of precipitation is 40%. New rainfall amounts less than a tenth of an inch possible."
220,2026-10-09T00:15:16Z,KPHX,Monday Night,2026-10-12T18:00:00-07:00,0,68.0,Slight Chance Showers And Thunderstorms then Chance Showers And Thunderstorms,"A slight chance of showers and thunderstorms before 11pm, then a chance of showers and thunderstorms. Partly cloudy, with a low around 68. Southwest wind around 5 mph. Chance of precipitation is 30%. New rainfall amounts less than a tenth of an inch possible."
221,2026-10-09T00:15:16Z,KPHX,Tuesday,2026-10-13T06:00:00-07:00,1,78.0,Slight Chance Showers And Thunderstorms,"A slight chance of rain showers before 11am, then a slight chance of showers and thunderstorms between 11am and 5pm. Mostly sunny, with a high near 78. Southwest wind 5 to 10 mph. Chance of precipitation is 20%. New rainfall amounts less than a tenth of an inch possible."
222,2026-10-09T00:15:16Z,KPHX,Tuesday Night,2026-10-13T18:00:00-07:00,0,61.0,Slight Chance Showers And Thunderstorms,"A slight chance of showers and thunderstorms after 11pm. Partly cloudy, with a low around 61. West southwest wind 0 to 5 mph. Chance of precipitation is 20%. New rainfall amounts less than a tenth of an inch possible."
223,2026-10-09T00:15:16Z,KPHX,Wednesday,2026-10-14T06:00:00-07:00,1,78.0,Slight Chance Rain Showers then Sunny,"A slight chance of rain showers before 11am. Sunny, with a high near 78. West wind 0 to 5 mph. Chance of precipitation is 20%. New rainfall amounts less than a tenth of an inch possible."
224,2026-10-09T00:15:16Z,KPHX,Wednesday Night,2026-10-14T18:00:00-07:00,0,62.0,Mostly Clear,"Mostly clear, with a low around 62. North northwest wind 0 to 5 mph."
225,2026-10-09T00:15:16Z,KSAT,Tonight,2026-10-08T18:00:00-05:00,0,70.0,Mostly Clear,"Mostly clear, with a low around 70. Northeast wind around 5 mph."
226,2026-10-09T00:15:16Z,KSAT,Friday,2026-10-09T06:00:00-05:00,1,90.0,Sunny,"Sunny, with a high near 90. North northeast wind around 5 mph."
227,2026-10-09T00:15:16Z,KSAT,Friday Night,2026-10-09T18:00:00-05:00,0,68.0,Clear,"Clear, with a low around 68. Northeast wind around 5 mph."
228,2026-10-09T00:15:16Z,KSAT,Saturday,2026-10-10T06:00:00-05:00,1,90.0,Sunny,"Sunny, with a high near 90. Northeast wind 0 to 5 mph."
229,2026-10-09T00:15:16Z,KSAT,Saturday Night,2026-10-10T18:00:00-05:00,0,68.0,Mostly Clear,"Mostly clear, with a low around 68. Southeast wind around 5 mph."
230,2026-10-09T00:15:16Z,KSAT,Sunday,2026-10-11T06:00:00-05:00,1,91.0,Sunny,"Sunny, with a high near 91. South southeast wind 5 to 15 mph, with gusts as high as 25 mph."
231,2026-10-09T00:15:16Z,KSAT,Sunday Night,2026-10-11T18:00:00-05:00,0,72.0,Mostly Clear,"Mostly clear, with a low around 72. Southeast wind 5 to 15 mph, with gusts as high as 25 mph."
232,2026-10-09T00:15:16Z,KSAT,Columbus Day,2026-10-12T06:00:00-05:00,1,92.0,Mostly Sunny,"Mostly sunny, with a high near 92. Southeast wind 5 to 10 mph."
233,2026-10-09T00:15:16Z,KSAT,Monday Night,2026-10-12T18:00:00-05:00,0,75.0,Partly Cloudy,"Partly cloudy, with a low around 75. South southeast wind around 10 mph."
234,2026-10-09T00:15:16Z,KSAT,Tuesday,2026-10-13T06:00:00-05:00,1,93.0,Slight Chance Showers And Thunderstorms,"A slight chance of showers and thunderstorms between 7am and 1pm. Partly sunny, with a high near 93. Chance of precipitation is 20%."
235,2026-10-09T00:15:16Z,KSAT,Tuesday Night,2026-10-13T18:00:00-05:00,0,76.0,Partly Cloudy,"Partly cloudy, with a low around 76."
236,2026-10-09T00:15:16Z,KSAT,Wednesday,2026-10-14T06:00:00-05:00,1,93.0,Slight Chance Showers And Thunderstorms,"A slight chance of showers and thunderstorms between 7am and 1pm. Partly sunny, with a high near 93. Chance of precipitation is 20%."
237,2026-10-09T00:15:16Z,KSAT,Wednesday Night,2026-10-14T18:00:00-05:00,0,76.0,Partly Cloudy then Slight Chance Showers And Thunderstorms,"A slight chance of showers and thunderstorms after 1am. Partly cloudy, with a low around 76. Chance of precipitation is 20%."
238,2026-10-09T00:15:16Z,KSAT,Thursday,2026-10-15T06:00:00-05:00,1,91.0,Slight Chance Showers And Thunderstorms,"A slight chance of showers and thunderstorms. Partly sunny, with a high near 91."
239,2026-10-09T00:15:16Z,KSFO,This Afternoon,2026-10-08T14:00:00-07:00,1,79.0,Sunny,"Sunny. High near 79, with temperatures falling to around 77 in the afternoon. West northwest wind 10 to 15 mph."
240,2026-10-09T00:15:16Z,KSFO,Tonight,2026-10-08T18:00:00-07:00,0,58.0,Mostly Clear,"Mostly clear, with a low around 58. West wind 5 to 13 mph."
241,2026-10-09T00:15:16Z,KSFO,Friday,2026-10-09T06:00:00-07:00,1,72.0,Sunny,"Sunny. High near 72, with temperatures falling to around 70 in the afternoon. West southwest wind 3 to 17 mph."
242,2026-10-09T00:15:16Z,KSFO,Friday Night,2026-10-09T18:00:00-07:00,0,58.0,Partly Cloudy,"Partly cloudy, with a low around 58. West southwest wind 16 to 20 mph, with gusts as high as 28 mph."
243,2026-10-09T00:15:16Z,KSFO,Saturday,2026-10-10T06:00:00-07:00,1,64.0,Mostly Sunny,"Mostly sunny, with a high near 64. West wind 16 to 25 mph, with gusts as high as 30 mph."
244,2026-10-09T00:15:16Z,KSFO,Saturday Night,2026-10-10T18:00:00-07:00,0,53.0,Mostly Clear,"Mostly clear, with a low around 53."
245,2026-10-09T00:15:16Z,KSFO,Sunday,2026-10-11T06:00:00-07:00,1,65.0,Sunny,"Sunny, with a high near 65."
246,2026-10-09T00:15:16Z,KSFO,Sunday Night,2026-10-11T18:00:00-07:00,0,54.0,Mostly Clear then Slight Chance Rain Showers,"A slight chance of rain showers after 5am. Mostly clear, with a low around 54."
247,2026-10-09T00:15:16Z,KSFO,Columbus Day,2026-10-12T06:00:00-07:00,1,66.0,Slight Chance Rain Showers then Sunny,"A slight chance of rain showers before 11am. Sunny, with a high near 66."
248,2026-10-09T00:15:16Z,KSFO,Monday Night,2026-10-12T18:00:00-07:00,0,55.0,Mostly Clear,"Mostly clear, with a low around 55."
249,2026-10-09T00:15:16Z,KSFO,Tuesday,2026-10-13T06:00:00-07:00,1,66.0,Sunny,"Sunny, with a high near 66."
250,2026-10-09T00:15:16Z,KSFO,Tuesday Night,2026-10-13T18:00:00-07:00,0,55.0,Mostly Clear,"Mostly clear, with a low around 55."
251,2026-10-09T00:15:16Z,KSFO,Wednesday,2026-10-14T06:00:00-07:00,1,68.0,Sunny,"Sunny, with a high near 68."
252,2026-10-09T00:15:16Z,KSFO,Wednesday Night,2026-10-14T18:00:00-07:00,0,57.0,Mostly Clear,"Mostly clear, with a low around 57."
253,2026-10-09T00:15:16Z,KSEA,This Afternoon,2026-10-08T12:00:00-07:00,1,69.0,Partly Sunny,"Partly sunny, with a high near 69. Northwest wind around 5 mph."
254,2026-10-09T00:15:16Z,KSEA,Tonight,2026-10-08T18:00:00-07:00,0,53.0,Mostly Cloudy then Slight Chance Light Rain,"A slight chance of rain after 5am. Mostly cloudy. Low around 53, with temperatures rising to around 56 overnight. East southeast wind 3 to 14 mph, with gusts as high as 21 mph. Chance of precipitation is 20%. New rainfall amounts less than a tenth of an inch possible."
255,2026-10-09T00:15:16Z,KSEA,Friday,2026-10-09T06:00:00-07:00,1,62.0,Light Rain,"Rain before 3pm. Mostly cloudy. High near 62, with temperatures falling to around 60 in the afternoon. Southeast wind 7 to 15 mph, with gusts as high as 22 mph. Chance of precipitation is 80%. New rainfall amounts less than a tenth of an inch possible."
256,2026-10-09T00:15:16Z,KSEA,Friday Night,2026-10-09T18:00:00-07:00,0,48.0,Chance Light Rain,"A chance of rain after 7pm. Mostly cloudy, with a low around 48. South southeast wind 7 to 10 mph. Chance of precipitation is 30%."
257,2026-10-09T00:15:16Z,KSEA,Saturday,2026-10-10T06:00:00-07:00,1,59.0,Slight Chance Light Rain then Partly Sunny,"A slight chance of rain before 11am. Partly sunny, with a high near 59. Southwest wind 2 to 12 mph. Chance of precipitation is 20%."
258,2026-10-09T00:15:16Z,KSEA,Saturday Night,2026-10-10T18:00:00-07:00,0,45.0,Mostly Clear,"Mostly clear, with a low around 45."
259,2026-10-09T00:15:16Z,KSEA,Sunday,2026-10-11T06:00:00-07:00,1,61.0,Sunny,"Sunny, with a high near 61."
260,2026-10-09T00:15:16Z,KSEA,Sunday Night,2026-10-11T18:00:00-07:00,0,43.0,Mostly Clear,"Mostly clear, with a low around 43."
261,2026-10-09T00:15:16Z,KSEA,Columbus Day,2026-10-12T06:00:00-07:00,1,62.0,Sunny,"Sunny, with a high near 62."
262,2026-10-09T00:15:16Z,KSEA,Monday Night,2026-10-12T18:00:00-07:00,0,45.0,Partly Cloudy then Slight Chance Light Rain,"A slight chance of rain after 5am. Partly cloudy, with a low around 45."
263,2026-10-09T00:15:16Z,KSEA,Tuesday,2026-10-13T06:00:00-07:00,1,61.0,Chance Light Rain,"A chance of rain. Partly sunny, with a high near 61."
264,2026-10-09T00:15:16Z,KSEA,Tuesday Night,2026-10-13T18:00:00-07:00,0,49.0,Chance Light Rain,"A chance of rain. Mostly cloudy, with a low around 49."
265,2026-10-09T00:15:16Z,KSEA,Wednesday,2026-10-14T06:00:00-07:00,1,61.0,Slight Chance Light Rain then Partly Sunny,"A slight chance of rain before 11am. Partly sunny, with a high near 61."
266,2026-10-09T00:15:16Z,KSEA,Wednesday Night,2026-10-14T18:00:00-07:00,0,47.0,Partly Cloudy,"Partly cloudy, with a low around 47."
267,2026-10-09T00:15:16Z,KDCA,Tonight,2026-10-08T20:00:00-04:00,0,53.0,Partly Cloudy,"Partly cloudy, with a low around 53. Northwest wind 3 to 9 mph."
268,2026-10-09T00:15:16Z,KDCA,Friday,2026-10-09T06:00:00-04:00,1,75.0,Partly Sunny,"Partly sunny, with a high near 75. Northwest wind 5 to 9 mph."
269,2026-10-09T00:15:16Z,KDCA,Friday Night,2026-10-09T18:00:00-04:00,0,55.0,Mostly Cloudy,"Mostly cloudy, with a low around 55. Northeast wind 2 to 6 mph."
270,2026-10-09T00:15:16Z,KDCA,Saturday,2026-10-10T06:00:00-04:00,1,73.0,Partly Sunny,"Partly sunny, with a high near 73. East wind 6 to 10 mph."
271,2026-10-09T00:15:16Z,KDCA,Saturday Night,2026-10-10T18:00:00-04:00,0,61.0,Cloudy then Chance Rain Showers,"A chance of rain showers after 2am. Cloudy, with a low around 61. East wind around 12 mph. Chance of precipitation is 50%."
272,2026-10-09T00:15:16Z,KDCA,Sunday,2026-10-11T06:00:00-04:00,1,69.0,Rain Showers,"Rain showers. Cloudy, with a high near 69. Chance of precipitation is 90%."
273,2026-10-09T00:15:16Z,KDCA,Sunday Night,2026-10-11T18:00:00-04:00,0,65.0,Showers And Thunderstorms,"Rain showers before 8pm, then showers and thunderstorms. Cloudy, with a low around 65. Chance of precipitation is 90%."
274,2026-10-09T00:15:16Z,KDCA,Columbus Day,2026-10-12T06:00:00-04:00,1,74.0,Showers And Thunderstorms Likely,"Showers and thunderstorms likely before 2pm. Mostly cloudy, with a high near 74. Chance of precipitation is 60%."
275,2026-10-09T00:15:16Z,KDCA,Monday Night,2026-10-12T18:00:00-04:00,0,63.0,Partly Cloudy,"Partly cloudy, with a low around 63."
276,2026-10-09T00:15:16Z,KDCA,Tuesday,2026-10-13T06:00:00-04:00,1,77.0,Mostly Sunny,"Mostly sunny, with a high near 77."
277,2026-10-09T00:15:16Z,KDCA,Tuesday Night,2026-10-13T18:00:00-04:00,0,59.0,Partly Cloudy,"Partly cloudy, with a low around 59."
278,2026-10-09T00:15:16Z,KDCA,Wednesday,2026-10-14T06:00:00-04:00,1,69.0,Mostly Sunny,"Mostly sunny, with a high near 69."
279,2026-10-09T00:15:16Z,KDCA,Wednesday Night,2026-10-14T18:00:00-04:00,0,54.0,Mostly Clear,"Mostly clear, with a low around 54."
280,2026-10-09T00:15:16Z,KDCA,Thursday,2026-10-15T06:00:00-04:00,1,67.0,Mostly Sunny,"Mostly sunny, with a high near 67."
1,2026-10-09T06:35:39Z,KATL,Overnight,2026-10-09T01:00:00-04:00,0,64.0,Mostly Cloudy,"Mostly cloudy, with a low around 64. East wind 0 to 5 mph."
2,2026-10-09T06:35:39Z,KATL,Friday,2026-10-09T06:00:00-04:00,1,76.0,Cloudy,"Cloudy, with a high near 76. East wind 5 to 15 mph, with gusts as high as 25 mph."
3,2026-10-09T06:35:39Z,KATL,Friday Night,2026-10-09T18:00:00-04:00,0,61.0,Showers And Thunderstorms,"A chance of rain showers between 7pm and 2am, then showers and thunderstorms. Some of the storms could produce heavy rain. Cloudy, with a low around 61. East wind 10 to 20 mph, with gusts as high as 40 mph. Chance of precipitation is 90%. New rainfall amounts between three quarters and one inch possible."
4,2026-10-09T06:35:39Z,KATL,Saturday,2026-10-10T06:00:00-04:00,1,70.0,Showers And Thunderstorms,"Showers and thunderstorms. Some of the storms could produce heavy rain. Cloudy, with a high near 70. East wind around 20 mph, with gusts as high as 50 mph. Chance of precipitation is 90%."
5,2026-10-09T06:35:39Z,KATL,Saturday Night,2026-10-10T18:00:00-04:00,0,65.0,Showers And Thunderstorms,"Showers and thunderstorms. Some of the storms could produce heavy rain. Mostly cloudy, with a low around 65. East wind 15 to 20 mph, with gusts as high as 40 mph. Chance of precipitation is 90%."
6,2026-10-09T06:35:39Z,KATL,Sunday,2026-10-11T06:00:00-04:00,1,76.0,Chance Rain Showers then Partly Sunny,"A chance of rain showers before 8am. Partly sunny, with a high near 76. Chance of precipitation is 30%."
7,2026-10-09T06:35:39Z,KATL,Sunday Night,2026-10-11T18:00:00-04:00,0,62.0,Partly Cloudy,"Partly cloudy, with a low around 62."
8,2026-10-09T06:35:39Z,KATL,Columbus Day,2026-10-12T06:00:00-04:00,1,80.0,Sunny,"Sunny, with a high near 80."
9,2026-10-09T06:35:39Z,KATL,Monday Night,2026-10-12T18:00:00-04:00,0,63.0,Clear,"Clear, with a low around 63."
10,2026-10-09T06:35:39Z,KATL,Tuesday,2026-10-13T06:00:00-04:00,1,84.0,Sunny,"Sunny, with a high near 84."
11,2026-10-09T06:35:39Z,KATL,Tuesday Night,2026-10-13T18:00:00-04:00,0,65.0,Clear,"Clear, with a low around 65."
12,2026-10-09T06:35:39Z,KATL,Wednesday,2026-10-14T06:00:00-04:00,1,84.0,Sunny,"Sunny, with a high near 84."
13,2026-10-09T06:35:39Z,KATL,Wednesday Night,2026-10-14T18:00:00-04:00,0,63.0,Clear,"Clear, with a low around 63."
14,2026-10-09T06:35:39Z,KATL,Thursday,2026-10-15T06:00:00-04:00,1,82.0,Sunny,"Sunny, with a high near 82."
15,2026-10-09T06:35:39Z,KAUS,Overnight,2026-10-09T01:00:00-05:00,0,68.0,Mostly Clear,"Mostly clear, with a low around 68. North wind around 0 mph."
16,2026-10-09T06:35:39Z,KAUS,Friday,2026-10-09T06:00:00-05:00,1,92.0,Sunny,"Sunny, with a high near 92. North northeast wind 0 to 5 mph."
17,2026-10-09T06:35:39Z,KAUS,Friday Night,2026-10-09T18:00:00-05:00,0,66.0,Clear,"Clear, with a low around 66. Northeast wind 0 to 5 mph."
18,2026-10-09T06:35:39Z,KAUS,Saturday,2026-10-10T06:00:00-05:00,1,92.0,Sunny,"Sunny, with a high near 92. Northeast wind 0 to 5 mph."
19,2026-10-09T06:35:39Z,KAUS,Saturday Night,2026-10-10T18:00:00-05:00,0,67.0,Mostly Clear,"Mostly clear, with a low around 67. Southeast wind 0 to 5 mph."
20,2026-10-09T06:35:39Z,KAUS,Sunday,2026-10-11T06:00:00-05:00,1,93.0,Sunny,"Sunny, with a high near 93. South wind 5 to 10 mph, with gusts as high as 25 mph."
21,2026-10-09T06:35:39Z,KAUS,Sunday Night,2026-10-11T18:00:00-05:00,0,71.0,Mostly Clear,"Mostly clear, with a low around 71. South southeast wind 0 to 10 mph, with gusts as high as 20 mph."
22,2026-10-09T06:35:39Z,KAUS,Columbus Day,2026-10-12T06:00:00-05:00,1,93.0,Sunny,"Sunny, with a high near 93. South southeast wind 0 to 10 mph."
23,2026-10-09T06:35:39Z,KAUS,Monday Night,2026-10-12T18:00:00-05:00,0,75.0,Partly Cloudy,"Partly cloudy, with a low around 75. South southeast wind 5 to 10 mph."
24,2026-10-09T06:35:39Z,KAUS,Tuesday,2026-10-13T06:00:00-05:00,1,95.0,Slight Chance Rain Showers,"A slight chance of rain showers after 7am. Partly sunny, with a high near 95. Chance of precipitation is 20%."
25,2026-10-09T06:35:39Z,KAUS,Tuesday Night,2026-10-13T18:00:00-05:00,0,75.0,Slight Chance Rain Showers then Partly Cloudy,"A slight chance of rain showers before 7pm. Partly cloudy, with a low around 75. Chance of precipitation is 20%."
26,2026-10-09T06:35:39Z,KAUS,Wednesday,2026-10-14T06:00:00-05:00,1,95.0,Slight Chance Showers And Thunderstorms,"A slight chance of showers and thunderstorms between 7am and 1pm. Mostly sunny, with a high near 95. Chance of precipitation is 20%."
27,2026-10-09T06:35:39Z,KAUS,Wednesday Night,2026-10-14T18:00:00-05:00,0,75.0,Partly Cloudy,"Partly cloudy, with a low around 75."
28,2026-10-09T06:35:39Z,KAUS,Thursday,2026-10-15T06:00:00-05:00,1,93.0,Chance Rain Showers,"A chance of rain showers after 7am. Mostly sunny, with a high near 93."
29,2026-10-09T06:35:39Z,KBOS,Overnight,2026-10-09T00:00:00-04:00,0,54.0,Clear,"Clear, with a low around 54. West wind around 7 mph."
30,2026-10-09T06:35:39Z,KBOS,Friday,2026-10-09T06:00:00-04:00,1,66.0,Sunny,"Sunny, with a high near 66. West wind 8 to 15 mph, with gusts as high as 29 mph."
31,2026-10-09T06:35:39Z,KBOS,Friday Night,2026-10-09T18:00:00-04:00,0,48.0,Clear,"Clear, with a low around 48. West wind 5 to 12 mph, with gusts as high as 26 mph."
32,2026-10-09T06:35:39Z,KBOS,Saturday,2026-10-10T06:00:00-04:00,1,63.0,Sunny,"Sunny, with a high near 63. Northwest wind 2 to 8 mph."
33,2026-10-09T06:35:39Z,KBOS,Saturday Night,2026-10-10T18:00:00-04:00,0,50.0,Partly Cloudy,"Partly cloudy, with a low around 50. Southeast wind around 2 mph."
34,2026-10-09T06:35:39Z,KBOS,Sunday,2026-10-11T06:00:00-04:00,1,64.0,Mostly Cloudy,"Mostly cloudy, with a high near 64. South wind 2 to 9 mph."
35,2026-10-09T06:35:39Z,KBOS,Sunday Night,2026-10-11T18:00:00-04:00,0,57.0,Rain Showers,"Rain showers after 7pm. Cloudy, with a low around 57. Southeast wind around 7 mph. Chance of precipitation is 90%."
36,2026-10-09T06:35:39Z,KBOS,Columbus Day,2026-10-12T06:00:00-04:00,1,64.0,Rain Showers then Mostly Cloudy,"Rain showers before 11am. Mostly cloudy, with a high near 64. Northeast wind 6 to 9 mph. Chance of precipitation is 80%."
37,2026-10-09T06:35:39Z,KBOS,Monday Night,2026-10-12T18:00:00-04:00,0,55.0,Partly Cloudy,"Partly cloudy, with a low around 55. North wind around 5 mph."
38,2026-10-09T06:35:39Z,KBOS,Tuesday,2026-10-13T06:00:00-04:00,1,65.0,Partly Sunny then Chance Rain Showers,"A chance of rain showers after noon. Partly sunny, with a high near 65. Southeast wind 5 to 10 mph. Chance of precipitation is 30%."
39,2026-10-09T06:35:39Z,KBOS,Tuesday Night,2026-10-13T18:00:00-04:00,0,53.0,Chance Rain Showers,"A chance of rain showers. Mostly cloudy, with a low around 53. West wind around 12 mph. Chance of precipitation is 40%."
40,2026-10-09T06:35:39Z,KBOS,Wednesday,2026-10-14T06:00:00-04:00,1,61.0,Chance Rain Showers,"A chance of rain showers before 2pm. Mostly sunny, with a high near 61. Northwest wind around 13 mph. Chance of precipitation is 30%."
41,2026-10-09T06:35:39Z,KBOS,Wednesday Night,2026-10-14T18:00:00-04:00,0,49.0,Mostly Clear,"Mostly clear, with a low around 49. Northwest wind 7 to 10 mph."
42,2026-10-09T06:35:39Z,KBOS,Thursday,2026-10-15T06:00:00-04:00,1,59.0,Sunny,"Sunny, with a high near 59. Northeast wind around 8 mph."
43,2026-10-09T06:35:39Z,KMDW,Tonight,2026-10-08T23:00:00-05:00,0,53.0,Partly Cloudy,"Partly cloudy, with a low around 53. South southeast wind around 0 mph."
44,2026-10-09T06:35:39Z,KMDW,Friday,2026-10-09T06:00:00-05:00,1,71.0,Chance Showers And Thunderstorms,"Scattered rain showers between 8am and 4pm, then a chance of showers and thunderstorms. Mostly cloudy, with a high near 71. South southeast wind 0 to 10 mph. Chance of precipitation is 60%. New rainfall amounts less than a tenth of an inch possible."
45,2026-10-09T06:35:39Z,KMDW,Friday Night,2026-10-09T18:00:00-05:00,0,61.0,Slight Chance Showers And Thunderstorms then Mostly Clear,"A slight chance of showers and thunderstorms before 7pm. Mostly clear, with a low around 61. South southeast wind around 10 mph, with gusts as high as 20 mph. Chance of precipitation is 20%. New rainfall amounts less than a tenth of an inch possible."
46,2026-10-09T06:35:39Z,KMDW,Saturday,2026-10-10T06:00:00-05:00,1,81.0,Mostly Sunny,"Mostly sunny, with a high near 81. South wind 10 to 15 mph, with gusts as high as 25 mph."
47,2026-10-09T06:35:39Z,KMDW,Saturday Night,2026-10-10T18:00:00-05:00,0,61.0,Mostly Cloudy then Slight Chance Rain Showers,"A slight chance of rain showers after 1am. Mostly cloudy, with a low around 61. South southeast wind around 10 mph, with gusts as high as 20 mph. Chance of precipitation is 20%."
48,2026-10-09T06:35:39Z,KMDW,Sunday,2026-10-11T06:00:00-05:00,1,71.0,Slight Chance Rain Showers,"A slight chance of rain showers before 1pm. Partly sunny, with a high near 71. Chance of precipitation is 20%."
49,2026-10-09T06:35:39Z,KMDW,Sunday Night,2026-10-11T18:00:00-05:00,0,58.0,Partly Cloudy,"Partly cloudy, with a low around 58."
50,2026-10-09T06:35:39Z,KMDW,Columbus Day,2026-10-12T06:00:00-05:00,1,78.0,Mostly Sunny,"Mostly sunny, with a high near 78."
51,2026-10-09T06:35:39Z,KMDW,Monday Night,2026-10-12T18:00:00-05:00,0,62.0,Chance Rain Showers,"A chance of rain showers after 7pm. Partly cloudy, with a low around 62."
52,2026-10-09T06:35:39Z,KMDW,Tuesday,2026-10-13T06:00:00-05:00,1,70.0,Chance Rain Showers,"A chance of rain showers before 1pm. Mostly sunny, with a high near 70."
53,2026-10-09T06:35:39Z,KMDW,Tuesday Night,2026-10-13T18:00:00-05:00,0,54.0,Mostly Cloudy,"Mostly cloudy, with a low around 54."
54,2026-10-09T06:35:39Z,KMDW,Wednesday,2026-10-14T06:00:00-05:00,1,67.0,Chance Rain Showers,"A chance of rain showers after 7am. Partly sunny, with a high near 67."
55,2026-10-09T06:35:39Z,KMDW,Wednesday Night,2026-10-14T18:00:00-05:00,0,56.0,Chance Rain Showers,"A chance of rain showers. Mostly cloudy, with a low around 56."
56,2026-10-09T06:35:39Z,KMDW,Thursday,2026-10-15T06:00:00-05:00,1,70.0,Chance Rain Showers,"A chance of rain showers. Partly sunny, with a high near 70."
57,2026-10-09T06:35:39Z,KDFW,Overnight,2026-10-09T01:00:00-05:00,0,66.0,Clear,"Clear. Low around 66, with temperatures rising to around 68 overnight. North wind around 0 mph."
58,2026-10-09T06:35:39Z,KDFW,Friday,2026-10-09T06:00:00-05:00,1,92.0,Sunny,"Sunny, with a high near 92. East northeast wind around 5 mph."
59,2026-10-09T06:35:39Z,KDFW,Friday Night,2026-10-09T18:00:00-05:00,0,66.0,Clear,"Clear, with a low around 66. North wind 0 to 5 mph."
60,2026-10-09T06:35:39Z,KDFW,Saturday,2026-10-10T06:00:00-05:00,1,89.0,Sunny,"Sunny, with a high near 89. South southeast wind 0 to 5 mph."
61,2026-10-09T06:35:39Z,KDFW,Saturday Night,2026-10-10T18:00:00-05:00,0,68.0,Clear,"Clear, with a low around 68. South wind around 5 mph."
62,2026-10-09T06:35:39Z,KDFW,Sunday,2026-10-11T06:00:00-05:00,1,90.0,Sunny,"Sunny. High near 90, with temperatures falling to around 88 in the afternoon. South wind 5 to 15 mph, with gusts as high as 25 mph."
63,2026-10-09T06:35:39Z,KDFW,Sunday Night,2026-10-11T18:00:00-05:00,0,71.0,Clear,"Clear, with a low around 71. South wind around 10 mph, with gusts as high as 25 mph."
64,2026-10-09T06:35:39Z,KDFW,Columbus Day,2026-10-12T06:00:00-05:00,1,90.0,Sunny,"Sunny, with a high near 90. South wind 10 to 15 mph, with gusts as high as 30 mph."
65,2026-10-09T06:35:39Z,KDFW,Monday Night,2026-10-12T18:00:00-05:00,0,75.0,Mostly Clear,"Mostly clear, with a low around 75. South wind around 10 mph, with gusts as high as 25 mph."
66,2026-10-09T06:35:39Z,KDFW,Tuesday,2026-10-13T06:00:00-05:00,1,92.0,Mostly Sunny,"Mostly sunny, with a high near 92."
67,2026-10-09T06:35:39Z,KDFW,Tuesday Night,2026-10-13T18:00:00-05:00,0,76.0,Mostly Clear,"Mostly clear, with a low around 76."
68,2026-10-09T06:35:39Z,KDFW,Wednesday,2026-10-14T06:00:00-05:00,1,91.0,Mostly Sunny then Slight Chance Rain Showers,"A slight chance of rain showers after 1pm. Mostly sunny, with a high near 91. Chance of precipitation is 20%."
69,2026-10-09T06:35:39Z,KDFW,Wednesday Night,2026-10-14T18:00:00-05:00,0,74.0,Chance Showers And Thunderstorms,"A slight chance of rain showers before 1am, then a chance of showers and thunderstorms. Partly cloudy, with a low around 74. Chance of precipitation is 30%."
70,2026-10-09T06:35:39Z,KDFW,Thursday,2026-10-15T06:00:00-05:00,1,87.0,Chance Showers And Thunderstorms,"A chance of showers and thunderstorms. Partly sunny, with a high near 87. Chance of precipitation is 50%."
71,2026-10-09T06:35:39Z,KDEN,Tonight,2026-10-08T18:00:00-06:00,0,55.0,Partly Cloudy,"Partly cloudy. Low around 55, with temperatures rising to around 57 overnight. South wind around 7 mph."
72,2026-10-09T06:35:39Z,KDEN,Friday,2026-10-09T06:00:00-06:00,1,86.0,Sunny,"Sunny. High near 86, with temperatures falling to around 84 in the afternoon. South southwest wind 6 to 12 mph, with gusts as high as 18 mph."
73,2026-10-09T06:35:39Z,KDEN,Friday Night,2026-10-09T18:00:00-06:00,0,57.0,Mostly Clear,"Mostly clear. Low around 57, with temperatures rising to around 59 overnight. Southwest wind 7 to 13 mph, with gusts as high as 20 mph."
74,2026-10-09T06:35:39Z,KDEN,Saturday,2026-10-10T06:00:00-06:00,1,84.0,Sunny,"Sunny, with a high near 84. South southwest wind 7 to 13 mph, with gusts as high as 21 mph."
75,2026-10-09T06:35:39Z,KDEN,Saturday Night,2026-10-10T18:00:00-06:00,0,59.0,Mostly Cloudy,"Mostly cloudy, with a low around 59. South southwest wind 7 to 10 mph, with gusts as high as 17 mph."
76,2026-10-09T06:35:39Z,KDEN,Sunday,2026-10-11T06:00:00-06:00,1,81.0,Partly Sunny,"Partly sunny, with a high near 81."
77,2026-10-09T06:35:39Z,KDEN,Sunday Night,2026-10-11T18:00:00-06:00,0,55.0,Mostly Cloudy,"Mostly cloudy, with a low around 55."
78,2026-10-09T06:35:39Z,KDEN,Columbus Day,2026-10-12T06:00:00-06:00,1,80.0,Sunny,"Sunny, with a high near 80."
79,2026-10-09T06:35:39Z,KDEN,Monday Night,2026-10-12T18:00:00-06:00,0,51.0,Mostly Clear,"Mostly clear, with a low around 51."
80,2026-10-09T06:35:39Z,KDEN,Tuesday,2026-10-13T06:00:00-06:00,1,75.0,Sunny,"Sunny, with a high near 75."
81,2026-10-09T06:35:39Z,KDEN,Tuesday Night,2026-10-13T18:00:00-06:00,0,51.0,Slight Chance Rain Showers,"A slight chance of rain showers. Partly cloudy, with a low around 51."
82,2026-10-09T06:35:39Z,KDEN,Wednesday,2026-10-14T06:00:00-06:00,1,72.0,Chance Rain Showers,"A chance of rain showers. Mostly sunny, with a high near 72."
83,2026-10-09T06:35:39Z,KDEN,Wednesday Night,2026-10-14T18:00:00-06:00,0,47.0,Slight Chance Rain Showers,"A slight chance of rain showers. Partly cloudy, with a low around 47."
84,2026-10-09T06:35:39Z,KDEN,Thursday,2026-10-15T06:00:00-06:00,1,62.0,Chance Rain Showers,"A chance of rain showers. Partly sunny, with a high near 62."
85,2026-10-09T06:35:39Z,KIAH,Overnight,2026-10-09T01:00:00-05:00,0,69.0,Clear,"Clear, with a low around 69. Northeast wind around 5 mph."
86,2026-10-09T06:35:39Z,KIAH,Friday,2026-10-09T06:00:00-05:00,1,92.0,Sunny,"Sunny, with a high near 92. Northeast wind 5 to 10 mph."
87,2026-10-09T06:35:39Z,KIAH,Friday Night,2026-10-09T18:00:00-05:00,0,69.0,Clear,"Clear, with a low around 69. Northeast wind around 5 mph."
88,2026-10-09T06:35:39Z,KIAH,Saturday,2026-10-10T06:00:00-05:00,1,91.0,Sunny,"Sunny, with a high near 91. Southeast wind around 5 mph."
89,2026-10-09T06:35:39Z,KIAH,Saturday Night,2026-10-10T18:00:00-05:00,0,70.0,Clear,"Clear, with a low around 70. South wind around 5 mph."
90,2026-10-09T06:35:39Z,KIAH,Sunday,2026-10-11T06:00:00-05:00,1,92.0,Sunny,"Sunny, with a high near 92."
91,2026-10-09T06:35:39Z,KIAH,Sunday Night,2026-10-11T18:00:00-05:00,0,73.0,Mostly Clear,"Mostly clear, with a low around 73."
92,2026-10-09T06:35:39Z,KIAH,Columbus Day,2026-10-12T06:00:00-05:00,1,91.0,Mostly Sunny then Slight Chance Showers And Thunderstorms,"A slight chance of showers and thunderstorms after 1pm. Mostly sunny, with a high near 91. Chance of precipitation is 20%."
93,2026-10-09T06:35:39Z,KIAH,Monday Night,2026-10-12T18:00:00-05:00,0,76.0,Slight Chance Showers And Thunderstorms then Partly Cloudy,"A slight chance of showers and thunderstorms before 7pm. Partly cloudy, with a low around 76. Chance of precipitation is 20%."
94,2026-10-09T06:35:39Z,KIAH,Tuesday,2026-10-13T06:00:00-05:00,1,93.0,Sunny then Chance Showers And Thunderstorms,"A chance of showers and thunderstorms after 1pm. Sunny, with a high near 93. Chance of precipitation is 30%."
95,2026-10-09T06:35:39Z,KIAH,Tuesday Night,2026-10-13T18:00:00-05:00,0,76.0,Chance Showers And Thunderstorms then Partly Cloudy,"A chance of showers and thunderstorms before 7pm. Partly cloudy, with a low around 76. Chance of precipitation is 30%."
96,2026-10-09T06:35:39Z,KIAH,Wednesday,2026-10-14T06:00:00-05:00,1,92.0,Mostly Sunny then Chance Showers And Thunderstorms,"A chance of showers and thunderstorms after 1pm. Mostly sunny, with a high near 92. Chance of precipitation is 30%."
97,2026-10-09T06:35:39Z,KIAH,Wednesday Night,2026-10-14T18:00:00-05:00,0,75.0,Chance Showers And Thunderstorms then Mostly Clear,"A chance of showers and thunderstorms before 7pm. Mostly clear, with a low around 75. Chance of precipitation is 30%."
98,2026-10-09T06:35:39Z,KIAH,Thursday,2026-10-15T06:00:00-05:00,1,91.0,Sunny,"Sunny, with a high near 91."
99,2026-10-09T06:35:39Z,KLAS,Tonight,2026-10-08T18:00:00-07:00,0,75.0,Clear,"Clear, with a low around 75. Southwest wind 1 to 5 mph."
100,2026-10-09T06:35:39Z,KLAS,Friday,2026-10-09T06:00:00-07:00,1,97.0,Sunny,"Sunny, with a high near 97. South southeast wind 0 to 10 mph, with gusts as high as 20 mph."
101,2026-10-09T06:35:39Z,KLAS,Friday Night,2026-10-09T18:00:00-07:00,0,74.0,Mostly Clear,"Mostly clear, with a low around 74. Southwest wind 6 to 9 mph."
102,2026-10-09T06:35:39Z,KLAS,Saturday,2026-10-10T06:00:00-07:00,1,89.0,Partly Sunny then Slight Chance Rain Showers,"A slight chance of rain showers after 5pm. Partly sunny, with a high near 89. South southwest wind 9 to 18 mph, with gusts as high as 31 mph. Chance of precipitation is 20%."
103,2026-10-09T06:35:39Z,KLAS,Saturday Night,2026-10-10T18:00:00-07:00,0,67.0,Slight Chance Showers And Thunderstorms then Showers And Thunderstorms,"A slight chance of rain showers before 8pm, then a slight chance of showers and thunderstorms between 8pm and 11pm, then showers and thunderstorms. Mostly cloudy, with a low around 67. South wind 9 to 15 mph, with gusts as high as 26 mph. Chance of precipitation is 80%."
104,2026-10-09T06:35:39Z,KLAS,Sunday,2026-10-11T06:00:00-07:00,1,77.0,Showers And Thunderstorms,"Showers and thunderstorms. Mostly cloudy, with a high near 77. Chance of precipitation is 90%."
105,2026-10-09T06:35:39Z,KLAS,Sunday Night,2026-10-11T18:00:00-07:00,0,61.0,Chance Rain Showers,"A chance of rain showers. Mostly cloudy, with a low around 61."
106,2026-10-09T06:35:39Z,KLAS,Columbus Day,2026-10-12T06:00:00-07:00,1,74.0,Chance Showers And Thunderstorms,"A chance of rain showers before 11am, then a chance of showers and thunderstorms. Partly sunny, with a high near 74."
107,2026-10-09T06:35:39Z,KLAS,Monday Night,2026-10-12T18:00:00-07:00,0,56.0,Chance Showers And Thunderstorms,"A chance of showers and thunderstorms. Partly cloudy, with a low around 56."
108,2026-10-09T06:35:39Z,KLAS,Tuesday,2026-10-13T06:00:00-07:00,1,72.0,Slight Chance Rain Showers,"A slight chance of rain showers before 5pm. Mostly sunny, with a high near 72."
109,2026-10-09T06:35:39Z,KLAS,Tuesday Night,2026-10-13T18:00:00-07:00,0,54.0,Mostly Clear,"Mostly clear, with a low around 54."
110,2026-10-09T06:35:39Z,KLAS,Wednesday,2026-10-14T06:00:00-07:00,1,75.0,Sunny,"Sunny, with a high near 75."
111,2026-10-09T06:35:39Z,KLAS,Wednesday Night,2026-10-14T18:00:00-07:00,0,57.0,Mostly Clear,"Mostly clear, with a low around 57."
112,2026-10-09T06:35:39Z,KLAS,Thursday,2026-10-15T06:00:00-07:00,1,76.0,Sunny,"Sunny, with a high near 76."
113,2026-10-09T06:35:39Z,KLAX,Tonight,2026-10-08T18:00:00-07:00,0,68.0,Patchy Fog,"Patchy fog after 11pm. Mostly cloudy, with a low around 68. Southwest wind 5 to 15 mph."
114,2026-10-09T06:35:39Z,KLAX,Friday,2026-10-09T06:00:00-07:00,1,80.0,Patchy Fog then Mostly Sunny,"Patchy fog before 11am. Mostly sunny, with a high near 80. Southwest wind 5 to 10 mph."
115,2026-10-09T06:35:39Z,KLAX,Friday Night,2026-10-09T18:00:00-07:00,0,67.0,Patchy Fog,"Patchy fog after 11pm. Mostly cloudy, with a low around 67. Southwest wind 5 to 10 mph."
116,2026-10-09T06:35:39Z,KLAX,Saturday,2026-10-10T06:00:00-07:00,1,78.0,Patchy Fog then Slight Chance Rain Showers,"Patchy fog before 11am, then a slight chance of rain showers. Mostly cloudy, with a high near 78. West southwest wind 5 to 10 mph. Chance of precipitation is 20%."
117,2026-10-09T06:35:39Z,KLAX,Saturday Night,2026-10-10T18:00:00-07:00,0,67.0,Slight Chance Rain Showers then Patchy Fog,"A slight chance of rain showers before 11pm, then patchy fog. Mostly cloudy, with a low around 67. West northwest wind 5 to 10 mph. Chance of precipitation is 50%. New rainfall amounts between a quarter and half of an inch possible."
118,2026-10-09T06:35:39Z,KLAX,Sunday,2026-10-11T06:00:00-07:00,1,75.0,Chance Rain Showers,"Patchy fog before 11am, then a chance of rain showers between 11am and 5pm. Partly sunny, with a high near 75. Chance of precipitation is 50%."
119,2026-10-09T06:35:39Z,KLAX,Sunday Night,2026-10-11T18:00:00-07:00,0,60.0,Rain Showers Likely,"Rain showers likely after 11pm. Mostly cloudy, with a low around 60."
120,2026-10-09T06:35:39Z,KLAX,Columbus Day,2026-10-12T06:00:00-07:00,1,67.0,Rain Showers Likely,"Rain showers likely. Partly sunny, with a high near 67."
121,2026-10-09T06:35:39Z,KLAX,Monday Night,2026-10-12T18:00:00-07:00,0,57.0,Chance Rain Showers,"A chance of rain showers. Mostly cloudy, with a low around 57."
122,2026-10-09T06:35:39Z,KLAX,Tuesday,2026-10-13T06:00:00-07:00,1,68.0,Chance Rain Showers then Mostly Sunny,"A chance of rain showers before 11am. Mostly sunny, with a high near 68."
123,2026-10-09T06:35:39Z,KLAX,Tuesday Night,2026-10-13T18:00:00-07:00,0,59.0,Mostly Clear,"Mostly clear, with a low around 59."
124,2026-10-09T06:35:39Z,KLAX,Wednesday,2026-10-14T06:00:00-07:00,1,71.0,Sunny,"Sunny, with a high near 71."
125,2026-10-09T06:35:39Z,KLAX,Wednesday Night,2026-10-14T18:00:00-07:00,0,62.0,Mostly Clear,"Mostly clear, with a low around 62."
126,2026-10-09T06:35:39Z,KLAX,Thursday,2026-10-15T06:00:00-07:00,1,76.0,Sunny,"Sunny, with a high near 76."
127,2026-10-09T06:35:39Z,KMIA,Overnight,2026-10-09T01:00:00-04:00,0,79.0,Mostly Clear,"Mostly clear, with a low around 79. Southeast wind around 6 mph. New rainfall amounts less than a tenth of an inch possible."
128,2026-10-09T06:35:39Z,KMIA,Friday,2026-10-09T06:00:00-04:00,1,90.0,Slight Chance Showers And Thunderstorms,"A slight chance of showers and thunderstorms after 11am. Mostly sunny, with a high near 90. Southeast wind 7 to 14 mph, with gusts as high as 26 mph. Chance of precipitation is 20%. New rainfall amounts less than a tenth of an inch possible."
129,2026-10-09T06:35:39Z,KMIA,Friday Night,2026-10-09T18:00:00-04:00,0,80.0,Chance Showers And Thunderstorms,"A chance of showers and thunderstorms before 5am, then a chance of showers and thunderstorms. Partly cloudy, with a low around 80. Southeast wind around 12 mph, with gusts as high as 18 mph. Chance of precipitation is 50%. New rainfall amounts less than a tenth of an inch possible."
130,2026-10-09T06:35:39Z,KMIA,Saturday,2026-10-10T06:00:00-04:00,1,90.0,Chance Showers And Thunderstorms,"A slight chance of showers and thunderstorms before 7am, then a chance of showers and thunderstorms between 7am and 11am, then a chance of showers and thunderstorms. Mostly sunny, with a high near 90. Heat index values as high as 100. Southeast wind 12 to 16 mph, with gusts as high as 30 mph. Chance of precipitation is 50%."
131,2026-10-09T06:35:39Z,KMIA,Saturday Night,2026-10-10T18:00:00-04:00,0,80.0,Chance Showers And Thunderstorms,"A chance of showers and thunderstorms before 2am. Partly cloudy, with a low around 80. Southeast wind 9 to 13 mph, with gusts as high as 21 mph. Chance of precipitation is 30%."
132,2026-10-09T06:35:39Z,KMIA,Sunday,2026-10-11T06:00:00-04:00,1,90.0,Mostly Sunny then Chance Showers And Thunderstorms,"A chance of showers and thunderstorms after 2pm. Mostly sunny, with a high near 90. Southeast wind around 12 mph, with gusts as high as 23 mph. Chance of precipitation is 30%."
133,2026-10-09T06:35:39Z,KMIA,Sunday Night,2026-10-11T18:00:00-04:00,0,78.0,Chance Showers And Thunderstorms then Mostly Clear,"A chance of showers and thunderstorms before 8pm. Mostly clear, with a low around 78. East wind 5 to 9 mph. Chance of precipitation is 30%."
134,2026-10-09T06:35:39Z,KMIA,Columbus Day,2026-10-12T06:00:00-04:00,1,91.0,Sunny then Slight Chance Showers And Thunderstorms,"A slight chance of showers and thunderstorms after 2pm. Sunny, with a high near 91. Northeast wind 5 to 9 mph. Chance of precipitation is 20%."
135,2026-10-09T06:35:39Z,KMIA,Monday Night,2026-10-12T18:00:00-04:00,0,77.0,Slight Chance Showers And Thunderstorms then Mostly Clear,"A slight chance of showers and thunderstorms before 8pm. Mostly clear, with a low around 77. Northeast wind 5 to 9 mph. Chance of precipitation is 20%."
136,2026-10-09T06:35:39Z,KMIA,Tuesday,2026-10-13T06:00:00-04:00,1,89.0,Sunny then Slight Chance Showers And Thunderstorms,"A slight chance of showers and thunderstorms after 2pm. Sunny, with a high near 89. Chance of precipitation is 20%."
137,2026-10-09T06:35:39Z,KMIA,Tuesday Night,2026-10-13T18:00:00-04:00,0,75.0,Slight Chance Showers And Thunderstorms then Mostly Clear,"A slight chance of showers and thunderstorms before 8pm. Mostly clear, with a low around 75. Chance of precipitation is 20%."
138,2026-10-09T06:35:39Z,KMIA,Wednesday,2026-10-14T06:00:00-04:00,1,88.0,Sunny then Slight Chance Rain Showers,"A slight chance of rain showers after 2pm. Sunny, with a high near 88. Chance of precipitation is 20%."
139,2026-10-09T06:35:39Z,KMIA,Wednesday Night,2026-10-14T18:00:00-04:00,0,76.0,Slight Chance Rain Showers then Mostly Clear,"A slight chance of rain showers before 8pm. Mostly clear, with a low around 76. Chance of precipitation is 20%."
140,2026-10-09T06:35:39Z,KMIA,Thursday,2026-10-15T06:00:00-04:00,1,88.0,Chance Showers And Thunderstorms,"A slight chance of rain showers between 8am and 2pm, then a chance of showers and thunderstorms. Sunny, with a high near 88."
141,2026-10-09T06:35:39Z,KMSP,Overnight,2026-10-09T01:00:00-05:00,0,48.0,Partly Cloudy,"Partly cloudy, with a low around 48. East northeast wind around 5 mph."
142,2026-10-09T06:35:39Z,KMSP,Friday,2026-10-09T06:00:00-05:00,1,74.0,Sunny,"Sunny, with a high near 74. East southeast wind 5 to 15 mph."
143,2026-10-09T06:35:39Z,KMSP,Friday Night,2026-10-09T18:00:00-05:00,0,61.0,Partly Cloudy,"Partly cloudy, with a low around 61. Southeast wind 10 to 15 mph."
144,2026-10-09T06:35:39Z,KMSP,Saturday,2026-10-10T06:00:00-05:00,1,87.0,Sunny,"Sunny, with a high near 87. South wind 10 to 20 mph, with gusts as high as 40 mph."
145,2026-10-09T06:35:39Z,KMSP,Saturday Night,2026-10-10T18:00:00-05:00,0,67.0,Clear,"Clear, with a low around 67. South wind 15 to 20 mph, with gusts as high as 40 mph."
146,2026-10-09T06:35:39Z,KMSP,Sunday,2026-10-11T06:00:00-05:00,1,84.0,Sunny,"Sunny, with a high near 84. South wind around 15 mph."
147,2026-10-09T06:35:39Z,KMSP,Sunday Night,2026-10-11T18:00:00-05:00,0,62.0,Mostly Cloudy,"Mostly cloudy, with a low around 62. South southwest wind 10 to 15 mph."
148,2026-10-09T06:35:39Z,KMSP,Columbus Day,2026-10-12T06:00:00-05:00,1,72.0,Partly Sunny then Slight Chance Rain Showers,"A slight chance of rain showers after 1pm. Partly sunny. High near 72, with temperatures falling to around 69 in the afternoon. Northwest wind around 10 mph. Chance of precipitation is 20%."
149,2026-10-09T06:35:39Z,KMSP,Monday Night,2026-10-12T18:00:00-05:00,0,53.0,Slight Chance Rain Showers,"A slight chance of rain showers before 1am. Mostly cloudy, with a low around 53. North wind 5 to 15 mph. Chance of precipitation is 20%."
150,2026-10-09T06:35:39Z,KMSP,Tuesday,2026-10-13T06:00:00-05:00,1,64.0,Mostly Sunny,"Mostly sunny, with a high near 64. North wind 5 to 10 mph."
151,2026-10-09T06:35:39Z,KMSP,Tuesday Night,2026-10-13T18:00:00-05:00,0,49.0,Partly Cloudy,"Partly cloudy, with a low around 49. Northeast wind around 5 mph."
152,2026-10-09T06:35:39Z,KMSP,Wednesday,2026-10-14T06:00:00-05:00,1,63.0,Chance Rain Showers,"A chance of rain showers after 7am. Partly sunny, with a high near 63. East wind 5 to 15 mph, with gusts as high as 30 mph. Chance of precipitation is 50%."
153,2026-10-09T06:35:39Z,KMSP,Wednesday Night,2026-10-14T18:00:00-05:00,0,53.0,Showers And Thunderstorms Likely,"A chance of rain showers before 7pm, then showers and thunderstorms likely. Mostly cloudy, with a low around 53. Southeast wind around 15 mph, with gusts as high as 30 mph. Chance of precipitation is 60%."
154,2026-10-09T06:35:39Z,KMSP,Thursday,2026-10-15T06:00:00-05:00,1,64.0,Rain Showers Likely,"Rain showers likely. Partly sunny, with a high near 64. South southwest wind around 15 mph, with gusts as high as 35 mph. Chance of precipitation is 60%."
155,2026-10-09T06:35:39Z,KMSY,Overnight,2026-10-09T00:00:00-05:00,0,74.0,Partly Cloudy,"Partly cloudy, with a low around 74. Northeast wind 10 to 15 mph, with gusts as high as 25 mph."
156,2026-10-09T06:35:39Z,KMSY,Friday,2026-10-09T06:00:00-05:00,1,82.0,Partly Sunny then Slight Chance Rain Showers,"A slight chance of rain showers between 4pm and 5pm. Partly sunny. High near 82, with temperatures falling to around 78 in the afternoon. Northeast wind 15 to 25 mph, with gusts as high as 45 mph. Chance of precipitation is 20%. New rainfall amounts less than a tenth of an inch possible."
157,2026-10-09T06:35:39Z,KMSY,Friday Night,2026-10-09T18:00:00-05:00,0,68.0,Chance Rain Showers,"A chance of rain showers after 7pm. Mostly cloudy, with a low around 68. North wind 15 to 25 mph, with gusts as high as 40 mph. Chance of precipitation is 40%. New rainfall amounts between a tenth and quarter of an inch possible."
158,2026-10-09T06:35:39Z,KMSY,Saturday,2026-10-10T06:00:00-05:00,1,79.0,Mostly Sunny,"Mostly sunny, with a high near 79. Northwest wind around 15 mph, with gusts as high as 35 mph."
159,2026-10-09T06:35:39Z,KMSY,Saturday Night,2026-10-10T18:00:00-05:00,0,66.0,Mostly Clear,"Mostly clear, with a low around 66. Northwest wind 5 to 10 mph."
160,2026-10-09T06:35:39Z,KMSY,Sunday,2026-10-11T06:00:00-05:00,1,86.0,Sunny,"Sunny, with a high near 86. Northwest wind around 5 mph."
161,2026-10-09T06:35:39Z,KMSY,Sunday Night,2026-10-11T18:00:00-05:00,0,68.0,Mostly Clear,"Mostly clear, with a low around 68. South wind 0 to 5 mph."
162,2026-10-09T06:35:39Z,KMSY,Columbus Day,2026-10-12T06:00:00-05:00,1,87.0,Sunny,"Sunny, with a high near 87. Northeast wind 0 to 5 mph."
163,2026-10-09T06:35:39Z,KMSY,Monday Night,2026-10-12T18:00:00-05:00,0,70.0,Mostly Clear,"Mostly clear, with a low around 70. South wind 0 to 5 mph."
164,2026-10-09T06:35:39Z,KMSY,Tuesday,2026-10-13T06:00:00-05:00,1,88.0,Sunny,"Sunny, with a high near 88. Southeast wind 0 to 5 mph."
165,2026-10-09T06:35:39Z,KMSY,Tuesday Night,2026-10-13T18:00:00-05:00,0,71.0,Mostly Clear,"Mostly clear, with a low around 71. South wind 0 to 5 mph."
166,2026-10-09T06:35:39Z,KMSY,Wednesday,2026-10-14T06:00:00-05:00,1,88.0,Sunny,"Sunny, with a high near 88. Southeast wind 0 to 10 mph."
167,2026-10-09T06:35:39Z,KMSY,Wednesday Night,2026-10-14T18:00:00-05:00,0,72.0,Clear,"Clear, with a low around 72. Southeast wind 0 to 10 mph."
168,2026-10-09T06:35:39Z,KMSY,Thursday,2026-10-15T06:00:00-05:00,1,88.0,Sunny,"Sunny, with a high near 88. East wind 0 to 10 mph."
169,2026-10-09T06:35:39Z,KNYC,Tonight,2026-10-08T20:00:00-04:00,0,57.0,Mostly Clear,"Mostly clear, with a low around 57. West wind around 5 mph."
170,2026-10-09T06:35:39Z,KNYC,Friday,2026-10-09T06:00:00-04:00,1,71.0,Sunny,"Sunny, with a high near 71. West wind 3 to 9 mph."
171,2026-10-09T06:35:39Z,KNYC,Friday Night,2026-10-09T18:00:00-04:00,0,55.0,Mostly Clear,"Mostly clear, with a low around 55. West wind around 6 mph."
172,2026-10-09T06:35:39Z,KNYC,Saturday,2026-10-10T06:00:00-04:00,1,69.0,Mostly Sunny,"Mostly sunny. High near 69, with temperatures falling to around 67 in the afternoon. West wind 0 to 3 mph."
173,2026-10-09T06:35:39Z,KNYC,Saturday Night,2026-10-10T18:00:00-04:00,0,58.0,Mostly Cloudy,"Mostly cloudy, with a low around 58. Wind around 0 mph."
174,2026-10-09T06:35:39Z,KNYC,Sunday,2026-10-11T06:00:00-04:00,1,67.0,Chance Rain Showers,"A chance of rain showers after 8am. Mostly cloudy. High near 67, with temperatures falling to around 65 in the afternoon. Chance of precipitation is 50%. New rainfall amounts between a quarter and half of an inch possible."
175,2026-10-09T06:35:39Z,KNYC,Sunday Night,2026-10-11T18:00:00-04:00,0,62.0,Rain Showers,"Rain showers. Cloudy, with a low around 62. Chance of precipitation is 90%."
176,2026-10-09T06:35:39Z,KNYC,Columbus Day,2026-10-12T06:00:00-04:00,1,72.0,Rain Showers,"Rain showers before 2pm. Mostly cloudy, with a high near 72. Chance of precipitation is 80%."
177,2026-10-09T06:35:39Z,KNYC,Monday Night,2026-10-12T18:00:00-04:00,0,62.0,Mostly Cloudy,"Mostly cloudy, with a low around 62."
178,2026-10-09T06:35:39Z,KNYC,Tuesday,2026-10-13T06:00:00-04:00,1,74.0,Mostly Sunny then Slight Chance Rain Showers,"A slight chance of rain showers after 2pm. Mostly sunny, with a high near 74."
179,2026-10-09T06:35:39Z,KNYC,Tuesday Night,2026-10-13T18:00:00-04:00,0,57.0,Slight Chance Rain Showers,"A slight chance of rain showers before 2am. Partly cloudy, with a low around 57."
180,2026-10-09T06:35:39Z,KNYC,Wednesday,2026-10-14T06:00:00-04:00,1,65.0,Mostly Sunny,"Mostly sunny, with a high near 65."
181,2026-10-09T06:35:39Z,KNYC,Wednesday Night,2026-10-14T18:00:00-04:00,0,52.0,Partly Cloudy,"Partly cloudy, with a low around 52."
182,2026-10-09T06:35:39Z,KNYC,Thursday,2026-10-15T06:00:00-04:00,1,63.0,Mostly Sunny,"Mostly sunny, with a high near 63."
183,2026-10-09T06:35:39Z,KOKC,Tonight,2026-10-08T18:00:00-05:00,0,63.0,Clear,"Clear, with a low around 63. South wind 1 to 8 mph."
184,2026-10-09T06:35:39Z,KOKC,Friday,2026-10-09T06:00:00-05:00,1,90.0,Sunny,"Sunny, with a high near 90. South wind 1 to 10 mph, with gusts as high as 18 mph."
185,2026-10-09T06:35:39Z,KOKC,Friday Night,2026-10-09T18:00:00-05:00,0,64.0,Clear,"Clear, with a low around 64. South wind 5 to 9 mph."
186,2026-10-09T06:35:39Z,KOKC,Saturday,2026-10-10T06:00:00-05:00,1,90.0,Sunny,"Sunny, with a high near 90. South wind 3 to 10 mph."
187,2026-10-09T06:35:39Z,KOKC,Saturday Night,2026-10-10T18:00:00-05:00,0,66.0,Clear,"Clear, with a low around 66. South wind around 10 mph."
188,2026-10-09T06:35:39Z,KOKC,Sunday,2026-10-11T06:00:00-05:00,1,91.0,Sunny,"Sunny, with a high near 91."
189,2026-10-09T06:35:39Z,KOKC,Sunday Night,2026-10-11T18:00:00-05:00,0,70.0,Mostly Clear,"Mostly clear, with a low around 70."
190,2026-10-09T06:35:39Z,KOKC,Columbus Day,2026-10-12T06:00:00-05:00,1,92.0,Sunny,"Sunny, with a high near 92."
191,2026-10-09T06:35:39Z,KOKC,Monday Night,2026-10-12T18:00:00-05:00,0,72.0,Mostly Clear,"Mostly clear, with a low around 72."
192,2026-10-09T06:35:39Z,KOKC,Tuesday,2026-10-13T06:00:00-05:00,1,91.0,Sunny then Slight Chance Rain Showers,"A slight chance of rain showers after 1pm. Sunny, with a high near 91. Chance of precipitation is 20%."
193,2026-10-09T06:35:39Z,KOKC,Tuesday Night,2026-10-13T18:00:00-05:00,0,70.0,Slight Chance Showers And Thunderstorms,"A slight chance of rain showers before 7pm, then a slight chance of showers and thunderstorms. Partly cloudy, with a low around 70. Chance of precipitation is 20%."
194,2026-10-09T06:35:39Z,KOKC,Wednesday,2026-10-14T06:00:00-05:00,1,88.0,Slight Chance Showers And Thunderstorms,"A slight chance of showers and thunderstorms. Sunny, with a high near 88. Chance of precipitation is 20%."
195,2026-10-09T06:35:39Z,KOKC,Wednesday Night,2026-10-14T18:00:00-05:00,0,70.0,Chance Showers And Thunderstorms,"A chance of showers and thunderstorms before 1am, then a chance of showers and thunderstorms. Partly cloudy, with a low around 70. Chance of precipitation is 30%."
196,2026-10-09T06:35:39Z,KOKC,Thursday,2026-10-15T06:00:00-05:00,1,85.0,Chance Showers And Thunderstorms,"A chance of showers and thunderstorms. Mostly sunny, with a high near 85."
197,2026-10-09T06:35:39Z,KPHL,Overnight,2026-10-09T02:00:00-04:00,0,52.0,Mostly Clear,"Mostly clear, with a low around 52. West wind around 5 mph."
198,2026-10-09T06:35:39Z,KPHL,Friday,2026-10-09T06:00:00-04:00,1,74.0,Mostly Sunny,"Mostly sunny, with a high near 74. West wind 5 to 15 mph."
199,2026-10-09T06:35:39Z,KPHL,Friday Night,2026-10-09T18:00:00-04:00,0,53.0,Mostly Cloudy,"Mostly cloudy, with a low around 53. Northwest wind 5 to 10 mph."
200,2026-10-09T06:35:39Z,KPHL,Saturday,2026-10-10T06:00:00-04:00,1,73.0,Partly Sunny,"Partly sunny, with a high near 73. Northeast wind around 5 mph."
201,2026-10-09T06:35:39Z,KPHL,Saturday Night,2026-10-10T18:00:00-04:00,0,60.0,Mostly Cloudy then Chance Rain Showers,"A chance of rain showers after 2am. Mostly cloudy, with a low around 60. East wind around 5 mph. Chance of precipitation is 30%. New rainfall amounts less than a tenth of an inch possible."
202,2026-10-09T06:35:39Z,KPHL,Sunday,2026-10-11T06:00:00-04:00,1,68.0,Rain Showers,"Rain showers. Cloudy, with a high near 68. Chance of precipitation is 100%. New rainfall amounts between three quarters and one inch possible."
203,2026-10-09T06:35:39Z,KPHL,Sunday Night,2026-10-11T18:00:00-04:00,0,63.0,Showers And Thunderstorms,"Rain showers before 8pm, then showers and thunderstorms. Cloudy, with a low around 63. Chance of precipitation is 100%."
204,2026-10-09T06:35:39Z,KPHL,Columbus Day,2026-10-12T06:00:00-04:00,1,72.0,Chance Showers And Thunderstorms,"Rain showers likely before 8am, then a chance of showers and thunderstorms between 8am and 2pm. Mostly cloudy, with a high near 72. Chance of precipitation is 60%."
205,2026-10-09T06:35:39Z,KPHL,Monday Night,2026-10-12T18:00:00-04:00,0,61.0,Partly Cloudy,"Partly cloudy, with a low around 61."
206,2026-10-09T06:35:39Z,KPHL,Tuesday,2026-10-13T06:00:00-04:00,1,75.0,Mostly Sunny,"Mostly sunny, with a high near 75."
207,2026-10-09T06:35:39Z,KPHL,Tuesday Night,2026-10-13T18:00:00-04:00,0,59.0,Slight Chance Rain Showers,"A slight chance of rain showers between 8pm and 2am. Partly cloudy, with a low around 59."
208,2026-10-09T06:35:39Z,KPHL,Wednesday,2026-10-14T06:00:00-04:00,1,69.0,Sunny,"Sunny, with a high near 69."
209,2026-10-09T06:35:39Z,KPHL,Wednesday Night,2026-10-14T18:00:00-04:00,0,54.0,Mostly Clear,"Mostly clear, with a low around 54."
210,2026-10-09T06:35:39Z,KPHL,Thursday,2026-10-15T06:00:00-04:00,1,66.0,Mostly Sunny,"Mostly sunny, with a high near 66."
211,2026-10-09T06:35:39Z,KPHX,Tonight,2026-10-08T23:00:00-07:00,0,81.0,Mostly Clear,"Mostly clear, with a low around 81. East wind 5 to 10 mph."
212,2026-10-09T06:35:39Z,KPHX,Friday,2026-10-09T06:00:00-07:00,1,103.0,Sunny,"Sunny. High near 103, with temperatures falling to around 101 in the afternoon. Southeast wind 5 to 15 mph, with gusts as high as 25 mph."
213,2026-10-09T06:35:39Z,KPHX,Friday Night,2026-10-09T18:00:00-07:00,0,81.0,Partly Cloudy then Chance Showers And Thunderstorms,"A slight chance of rain showers between 4am and 5am, then a chance of showers and thunderstorms. Partly cloudy, with a low around 81. East wind 5 to 10 mph. Chance of precipitation is 30%."
214,2026-10-09T06:35:39Z,KPHX,Saturday,2026-10-10T06:00:00-07:00,1,92.0,Showers And Thunderstorms Likely,"Showers and thunderstorms likely. Mostly cloudy, with a high near 92. East wind 10 to 15 mph, with gusts as high as 25 mph. Chance of precipitation is 70%. New rainfall amounts between a tenth and quarter of an inch possible."
215,2026-10-09T06:35:39Z,KPHX,Saturday Night,2026-10-10T18:00:00-07:00,0,74.0,Showers And Thunderstorms,"Showers and thunderstorms. Cloudy, with a low around 74. East southeast wind 10 to 15 mph. Chance of precipitation is 90%. New rainfall amounts between a half and three quarters of an inch possible."
216,2026-10-09T06:35:39Z,KPHX,Sunday,2026-10-11T06:00:00-07:00,1,86.0,Showers And Thunderstorms,"Showers and thunderstorms. Mostly cloudy, with a high near 86. South wind 15 to 25 mph, with gusts as high as 40 mph. Chance of precipitation is 90%. New rainfall amounts between a quarter and half of an inch possible."
217,2026-10-09T06:35:39Z,KPHX,Sunday Night,2026-10-11T18:00:00-07:00,0,71.0,Chance Showers And Thunderstorms,"A chance of showers and thunderstorms. Mostly cloudy, with a low around 71. South wind 10 to 15 mph, with gusts as high as 30 mph. Chance of precipitation is 40%. New rainfall amounts less than a tenth of an inch possible."
218,2026-10-09T06:35:39Z,KPHX,Columbus Day,2026-10-12T06:00:00-07:00,1,82.0,Slight Chance Showers And Thunderstorms,"A chance of rain showers before 11am, then a slight chance of showers and thunderstorms. Mostly sunny, with a high near 82. South wind 5 to 10 mph, with gusts as high as 25 mph. Chance of precipitation is 40%. New rainfall amounts less than a tenth of an inch possible."
219,2026-10-09T06:35:39Z,KPHX,Monday Night,2026-10-12T18:00:00-07:00,0,68.0,Slight Chance Showers And Thunderstorms then Chance Showers And Thunderstorms,"A slight chance of showers and thunderstorms before 11pm, then a chance of showers and thunderstorms. Partly cloudy, with a low around 68. Southwest wind around 5 mph. Chance of precipitation is 30%. New rainfall amounts less than a tenth of an inch possible."
220,2026-10-09T06:35:39Z,KPHX,Tuesday,2026-10-13T06:00:00-07:00,1,78.0,Slight Chance Showers And Thunderstorms,"A slight chance of rain showers before 11am, then a slight chance of showers and thunderstorms between 11am and 5pm. Mostly sunny, with a high near 78. Southwest wind 5 to 10 mph. Chance of precipitation is 20%. New rainfall amounts less than a tenth of an inch possible."
221,2026-10-09T06:35:39Z,KPHX,Tuesday Night,2026-10-13T18:00:00-07:00,0,61.0,Slight Chance Showers And Thunderstorms,"A slight chance of showers and thunderstorms after 11pm. Partly cloudy, with a low around 61. West southwest wind 0 to 5 mph. Chance of precipitation is 20%. New rainfall amounts less than a tenth of an inch possible."
222,2026-10-09T06:35:39Z,KPHX,Wednesday,2026-10-14T06:00:00-07:00,1,78.0,Slight Chance Rain Showers then Sunny,"A slight chance of rain showers before 11am. Sunny, with a high near 78. West wind 0 to 5 mph. Chance of precipitation is 20%. New rainfall amounts less than a tenth of an inch possible."
223,2026-10-09T06:35:39Z,KPHX,Wednesday Night,2026-10-14T18:00:00-07:00,0,62.0,Mostly Clear,"Mostly clear, with a low around 62. North northwest wind 0 to 5 mph."
224,2026-10-09T06:35:39Z,KPHX,Thursday,2026-10-15T06:00:00-07:00,1,82.0,Sunny,"Sunny, with a high near 82. North northeast wind 0 to 5 mph."
225,2026-10-09T06:35:39Z,KSAT,Overnight,2026-10-09T01:00:00-05:00,0,70.0,Mostly Clear,"Mostly clear, with a low around 70. North northeast wind around 5 mph."
226,2026-10-09T06:35:39Z,KSAT,Friday,2026-10-09T06:00:00-05:00,1,90.0,Sunny,"Sunny, with a high near 90. North northeast wind around 5 mph."
227,2026-10-09T06:35:39Z,KSAT,Friday Night,2026-10-09T18:00:00-05:00,0,68.0,Clear,"Clear, with a low around 68. Northeast wind around 5 mph."
228,2026-10-09T06:35:39Z,KSAT,Saturday,2026-10-10T06:00:00-05:00,1,90.0,Sunny,"Sunny, with a high near 90. Northeast wind 0 to 5 mph."
229,2026-10-09T06:35:39Z,KSAT,Saturday Night,2026-10-10T18:00:00-05:00,0,68.0,Mostly Clear,"Mostly clear, with a low around 68. Southeast wind around 5 mph."
230,2026-10-09T06:35:39Z,KSAT,Sunday,2026-10-11T06:00:00-05:00,1,91.0,Sunny,"Sunny, with a high near 91. South southeast wind 5 to 15 mph, with gusts as high as 25 mph."
231,2026-10-09T06:35:39Z,KSAT,Sunday Night,2026-10-11T18:00:00-05:00,0,72.0,Mostly Clear,"Mostly clear, with a low around 72. Southeast wind 5 to 15 mph, with gusts as high as 25 mph."
232,2026-10-09T06:35:39Z,KSAT,Columbus Day,2026-10-12T06:00:00-05:00,1,92.0,Mostly Sunny,"Mostly sunny, with a high near 92. Southeast wind 5 to 10 mph."
233,2026-10-09T06:35:39Z,KSAT,Monday Night,2026-10-12T18:00:00-05:00,0,75.0,Partly Cloudy,"Partly cloudy, with a low around 75. South southeast wind around 10 mph."
234,2026-10-09T06:35:39Z,KSAT,Tuesday,2026-10-13T06:00:00-05:00,1,93.0,Slight Chance Showers And Thunderstorms,"A slight chance of showers and thunderstorms between 7am and 1pm. Partly sunny, with a high near 93. Chance of precipitation is 20%."
235,2026-10-09T06:35:39Z,KSAT,Tuesday Night,2026-10-13T18:00:00-05:00,0,76.0,Partly Cloudy,"Partly cloudy, with a low around 76."
236,2026-10-09T06:35:39Z,KSAT,Wednesday,2026-10-14T06:00:00-05:00,1,93.0,Slight Chance Showers And Thunderstorms,"A slight chance of showers and thunderstorms between 7am and 1pm. Partly sunny, with a high near 93. Chance of precipitation is 20%."
237,2026-10-09T06:35:39Z,KSAT,Wednesday Night,2026-10-14T18:00:00-05:00,0,76.0,Partly Cloudy then Slight Chance Showers And Thunderstorms,"A slight chance of showers and thunderstorms after 1am. Partly cloudy, with a low around 76. Chance of precipitation is 20%."
238,2026-10-09T06:35:39Z,KSAT,Thursday,2026-10-15T06:00:00-05:00,1,91.0,Slight Chance Showers And Thunderstorms,"A slight chance of showers and thunderstorms. Partly sunny, with a high near 91."
239,2026-10-09T06:35:39Z,KSFO,Tonight,2026-10-08T18:00:00-07:00,0,58.0,Mostly Clear,"Mostly clear, with a low around 58. West wind 5 to 13 mph."
240,2026-10-09T06:35:39Z,KSFO,Friday,2026-10-09T06:00:00-07:00,1,72.0,Sunny,"Sunny. High near 72, with temperatures falling to around 70 in the afternoon. West southwest wind 3 to 17 mph."
241,2026-10-09T06:35:39Z,KSFO,Friday Night,2026-10-09T18:00:00-07:00,0,58.0,Partly Cloudy,"Partly cloudy, with a low around 58. West southwest wind 16 to 20 mph, with gusts as high as 28 mph."
242,2026-10-09T06:35:39Z,KSFO,Saturday,2026-10-10T06:00:00-07:00,1,64.0,Mostly Sunny,"Mostly sunny, with a high near 64. West wind 16 to 25 mph, with gusts as high as 30 mph."
243,2026-10-09T06:35:39Z,KSFO,Saturday Night,2026-10-10T18:00:00-07:00,0,53.0,Mostly Clear,"Mostly clear, with a low around 53. West wind 17 to 29 mph, with gusts as high as 39 mph."
244,2026-10-09T06:35:39Z,KSFO,Sunday,2026-10-11T06:00:00-07:00,1,65.0,Sunny,"Sunny, with a high near 65."
245,2026-10-09T06:35:39Z,KSFO,Sunday Night,2026-10-11T18:00:00-07:00,0,54.0,Mostly Clear then Slight Chance Rain Showers,"A slight chance of rain showers after 5am. Mostly clear, with a low around 54."
246,2026-10-09T06:35:39Z,KSFO,Columbus Day,2026-10-12T06:00:00-07:00,1,66.0,Slight Chance Rain Showers then Sunny,"A slight chance of rain showers before 11am. Sunny, with a high near 66."
247,2026-10-09T06:35:39Z,KSFO,Monday Night,2026-10-12T18:00:00-07:00,0,55.0,Mostly Clear,"Mostly clear, with a low around 55."
248,2026-10-09T06:35:39Z,KSFO,Tuesday,2026-10-13T06:00:00-07:00,1,66.0,Sunny,"Sunny, with a high near 66."
249,2026-10-09T06:35:39Z,KSFO,Tuesday Night,2026-10-13T18:00:00-07:00,0,55.0,Mostly Clear,"Mostly clear, with a low around 55."
250,2026-10-09T06:35:39Z,KSFO,Wednesday,2026-10-14T06:00:00-07:00,1,68.0,Sunny,"Sunny, with a high near 68."
251,2026-10-09T06:35:39Z,KSFO,Wednesday Night,2026-10-14T18:00:00-07:00,0,57.0,Mostly Clear,"Mostly clear, with a low around 57."
252,2026-10-09T06:35:39Z,KSFO,Thursday,2026-10-15T06:00:00-07:00,1,73.0,Sunny,"Sunny, with a high near 73."
253,2026-10-09T06:35:39Z,KSEA,Tonight,2026-10-08T23:00:00-07:00,0,53.0,Mostly Cloudy then Slight Chance Light Rain,"A slight chance of rain after 5am. Mostly cloudy. Low around 53, with temperatures rising to around 56 overnight. South wind 2 to 13 mph, with gusts as high as 21 mph. Chance of precipitation is 20%. New rainfall amounts less than a tenth of an inch possible."
254,2026-10-09T06:35:39Z,KSEA,Friday,2026-10-09T06:00:00-07:00,1,62.0,Light Rain Likely,"Rain likely. Mostly cloudy. High near 62, with temperatures falling to around 58 in the afternoon. South southwest wind 8 to 15 mph, with gusts as high as 21 mph. Chance of precipitation is 60%. New rainfall amounts less than a tenth of an inch possible."
255,2026-10-09T06:35:39Z,KSEA,Friday Night,2026-10-09T18:00:00-07:00,0,48.0,Slight Chance Light Rain then Mostly Cloudy,"A slight chance of rain before 10pm. Mostly cloudy, with a low around 48. Southeast wind 6 to 9 mph. Chance of precipitation is 20%."
256,2026-10-09T06:35:39Z,KSEA,Saturday,2026-10-10T06:00:00-07:00,1,58.0,Mostly Sunny,"Mostly sunny, with a high near 58. Southeast wind 3 to 12 mph."
257,2026-10-09T06:35:39Z,KSEA,Saturday Night,2026-10-10T18:00:00-07:00,0,45.0,Mostly Clear,"Mostly clear, with a low around 45. North northeast wind 7 to 12 mph."
258,2026-10-09T06:35:39Z,KSEA,Sunday,2026-10-11T06:00:00-07:00,1,61.0,Sunny,"Sunny, with a high near 61."
259,2026-10-09T06:35:39Z,KSEA,Sunday Night,2026-10-11T18:00:00-07:00,0,43.0,Clear,"Clear, with a low around 43."
260,2026-10-09T06:35:39Z,KSEA,Columbus Day,2026-10-12T06:00:00-07:00,1,63.0,Sunny,"Sunny, with a high near 63."
261,2026-10-09T06:35:39Z,KSEA,Monday Night,2026-10-12T18:00:00-07:00,0,45.0,Partly Cloudy,"Partly cloudy, with a low around 45."
262,2026-10-09T06:35:39Z,KSEA,Tuesday,2026-10-13T06:00:00-07:00,1,61.0,Partly Sunny then Slight Chance Light Rain,"A slight chance of rain after 5pm. Partly sunny, with a high near 61."
263,2026-10-09T06:35:39Z,KSEA,Tuesday Night,2026-10-13T18:00:00-07:00,0,50.0,Chance Light Rain,"A chance of rain. Mostly cloudy, with a low around 50."
264,2026-10-09T06:35:39Z,KSEA,Wednesday,2026-10-14T06:00:00-07:00,1,61.0,Chance Light Rain,"A chance of rain before 5pm. Mostly cloudy, with a high near 61."
265,2026-10-09T06:35:39Z,KSEA,Wednesday Night,2026-10-14T18:00:00-07:00,0,48.0,Partly Cloudy,"Partly cloudy, with a low around 48."
266,2026-10-09T06:35:39Z,KSEA,Thursday,2026-10-15T06:00:00-07:00,1,63.0,Mostly Sunny,"Mostly sunny, with a high near 63."
267,2026-10-09T06:35:39Z,KDCA,Overnight,2026-10-09T02:00:00-04:00,0,53.0,Mostly Cloudy,"Mostly cloudy, with a low around 53. Northwest wind around 3 mph."
268,2026-10-09T06:35:39Z,KDCA,Friday,2026-10-09T06:00:00-04:00,1,75.0,Mostly Cloudy,"Mostly cloudy, with a high near 75. Northwest wind 3 to 9 mph."
269,2026-10-09T06:35:39Z,KDCA,Friday Night,2026-10-09T18:00:00-04:00,0,56.0,Mostly Cloudy,"Mostly cloudy, with a low around 56. North wind 1 to 6 mph."
270,2026-10-09T06:35:39Z,KDCA,Saturday,2026-10-10T06:00:00-04:00,1,73.0,Mostly Cloudy,"Mostly cloudy, with a high near 73. East wind 6 to 12 mph."
271,2026-10-09T06:35:39Z,KDCA,Saturday Night,2026-10-10T18:00:00-04:00,0,61.0,Rain Showers,"Rain showers after 8pm. Cloudy, with a low around 61. East wind 12 to 16 mph, with gusts as high as 21 mph. Chance of precipitation is 80%."
272,2026-10-09T06:35:39Z,KDCA,Sunday,2026-10-11T06:00:00-04:00,1,70.0,Rain Showers,"Rain showers before 5pm, then showers and thunderstorms. Cloudy, with a high near 70. Chance of precipitation is 100%."
273,2026-10-09T06:35:39Z,KDCA,Sunday Night,2026-10-11T18:00:00-04:00,0,64.0,Showers And Thunderstorms,"Showers and thunderstorms. Cloudy, with a low around 64. Chance of precipitation is 80%."
274,2026-10-09T06:35:39Z,KDCA,Columbus Day,2026-10-12T06:00:00-04:00,1,73.0,Showers And Thunderstorms Likely,"Showers and thunderstorms likely before 2pm. Partly sunny, with a high near 73. Chance of precipitation is 70%."
275,2026-10-09T06:35:39Z,KDCA,Monday Night,2026-10-12T18:00:00-04:00,0,61.0,Partly Cloudy,"Partly cloudy, with a low around 61."
276,2026-10-09T06:35:39Z,KDCA,Tuesday,2026-10-13T06:00:00-04:00,1,78.0,Mostly Sunny,"Mostly sunny, with a high near 78."
277,2026-10-09T06:35:39Z,KDCA,Tuesday Night,2026-10-13T18:00:00-04:00,0,60.0,Mostly Clear,"Mostly clear, with a low around 60."
278,2026-10-09T06:35:39Z,KDCA,Wednesday,2026-10-14T06:00:00-04:00,1,71.0,Sunny,"Sunny, with a high near 71."
279,2026-10-09T06:35:39Z,KDCA,Wednesday Night,2026-10-14T18:00:00-04:00,0,55.0,Mostly Clear,"Mostly clear, with a low around 55."
280,2026-10-09T06:35:39Z,KDCA,Thursday,2026-10-15T06:00:00-04:00,1,68.0,Mostly Sunny,"Mostly sunny, with a high near 68."
1,2026-10-09T13:41:48Z,KATL,Today,2026-10-09T09:00:00-04:00,1,75.0,Cloudy,"Cloudy, with a high near 75. East wind 10 to 15 mph, with gusts as high as 35 mph."
2,2026-10-09T13:41:48Z,KATL,Tonight,2026-10-09T18:00:00-04:00,0,62.0,Showers And Thunderstorms,"A chance of rain showers between 7pm and 2am, then showers and thunderstorms. Some of the storms could produce heavy rain. Cloudy, with a low around 62. East wind 15 to 20 mph, with gusts as high as 45 mph. Chance of precipitation is 90%. New rainfall amounts between 1 and 2 inches possible."
3,2026-10-09T13:41:48Z,KATL,Saturday,2026-10-10T06:00:00-04:00,1,72.0,Showers And Thunderstorms,"Showers and thunderstorms. Some of the storms could produce heavy rain. Cloudy, with a high near 72. East wind 15 to 20 mph, with gusts as high as 45 mph. Chance of precipitation is 90%. New rainfall amounts between 2 and 3 inches possible."
4,2026-10-09T13:41:48Z,KATL,Saturday Night,2026-10-10T18:00:00-04:00,0,65.0,Showers And Thunderstorms,"Showers and thunderstorms. Some of the storms could produce heavy rain. Mostly cloudy, with a low around 65. Southeast wind 10 to 15 mph, with gusts as high as 40 mph. Chance of precipitation is 90%."
5,2026-10-09T13:41:48Z,KATL,Sunday,2026-10-11T06:00:00-04:00,1,74.0,Chance Rain Showers then Partly Sunny,"A chance of rain showers before 8am. Partly sunny, with a high near 74. Southwest wind 10 to 15 mph, with gusts as high as 25 mph. Chance of precipitation is 30%."
6,2026-10-09T13:41:48Z,KATL,Sunday Night,2026-10-11T18:00:00-04:00,0,62.0,Partly Cloudy,"Partly cloudy, with a low around 62."
7,2026-10-09T13:41:48Z,KATL,Columbus Day,2026-10-12T06:00:00-04:00,1,82.0,Sunny,"Sunny, with a high near 82."
8,2026-10-09T13:41:48Z,KATL,Monday Night,2026-10-12T18:00:00-04:00,0,63.0,Clear,"Clear, with a low around 63."
9,2026-10-09T13:41:48Z,KATL,Tuesday,2026-10-13T06:00:00-04:00,1,85.0,Sunny,"Sunny, with a high near 85."
10,2026-10-09T13:41:48Z,KATL,Tuesday Night,2026-10-13T18:00:00-04:00,0,64.0,Clear,"Clear, with a low around 64."
11,2026-10-09T13:41:48Z,KATL,Wednesday,2026-10-14T06:00:00-04:00,1,85.0,Sunny,"Sunny, with a high near 85."
12,2026-10-09T13:41:48Z,KATL,Wednesday Night,2026-10-14T18:00:00-04:00,0,65.0,Clear,"Clear, with a low around 65."
13,2026-10-09T13:41:48Z,KATL,Thursday,2026-10-15T06:00:00-04:00,1,82.0,Sunny,"Sunny, with a high near 82."
14,2026-10-09T13:41:48Z,KATL,Thursday Night,2026-10-15T18:00:00-04:00,0,63.0,Mostly Clear,"Mostly clear, with a low around 63."
15,2026-10-09T13:41:48Z,KAUS,Today,2026-10-09T07:00:00-05:00,1,93.0,Sunny,"Sunny, with a high near 93. North northeast wind around 5 mph."
16,2026-10-09T13:41:48Z,KAUS,Tonight,2026-10-09T18:00:00-05:00,0,66.0,Mostly Clear,"Mostly clear, with a low around 66. Northeast wind 0 to 5 mph."
17,2026-10-09T13:41:48Z,KAUS,Saturday,2026-10-10T06:00:00-05:00,1,93.0,Sunny,"Sunny, with a high near 93. East wind 0 to 5 mph."
18,2026-10-09T13:41:48Z,KAUS,Saturday Night,2026-10-10T18:00:00-05:00,0,68.0,Mostly Clear,"Mostly clear, with a low around 68. South wind 0 to 5 mph."
19,2026-10-09T13:41:48Z,KAUS,Sunday,2026-10-11T06:00:00-05:00,1,92.0,Sunny,"Sunny, with a high near 92. South wind 5 to 10 mph, with gusts as high as 25 mph."
20,2026-10-09T13:41:48Z,KAUS,Sunday Night,2026-10-11T18:00:00-05:00,0,72.0,Partly Cloudy,"Partly cloudy, with a low around 72. South southeast wind 5 to 10 mph, with gusts as high as 25 mph."
21,2026-10-09T13:41:48Z,KAUS,Columbus Day,2026-10-12T06:00:00-05:00,1,92.0,Mostly Sunny then Slight Chance Showers And Thunderstorms,"A slight chance of showers and thunderstorms after 1pm. Mostly sunny, with a high near 92. South southeast wind 5 to 10 mph, with gusts as high as 25 mph. Chance of precipitation is 20%."
22,2026-10-09T13:41:48Z,KAUS,Monday Night,2026-10-12T18:00:00-05:00,0,74.0,Slight Chance Showers And Thunderstorms then Partly Cloudy,"A slight chance of showers and thunderstorms before 7pm. Partly cloudy, with a low around 74. South southeast wind 5 to 10 mph, with gusts as high as 20 mph. Chance of precipitation is 20%."
23,2026-10-09T13:41:48Z,KAUS,Tuesday,2026-10-13T06:00:00-05:00,1,94.0,Mostly Sunny,"Mostly sunny, with a high near 94. South wind 5 to 10 mph, with gusts as high as 25 mph."
24,2026-10-09T13:41:48Z,KAUS,Tuesday Night,2026-10-13T18:00:00-05:00,0,75.0,Partly Cloudy,"Partly cloudy, with a low around 75."
25,2026-10-09T13:41:48Z,KAUS,Wednesday,2026-10-14T06:00:00-05:00,1,93.0,Mostly Sunny,"Mostly sunny, with a high near 93."
26,2026-10-09T13:41:48Z,KAUS,Wednesday Night,2026-10-14T18:00:00-05:00,0,74.0,Partly Cloudy,"Partly cloudy, with a low around 74."
27,2026-10-09T13:41:48Z,KAUS,Thursday,2026-10-15T06:00:00-05:00,1,91.0,Slight Chance Showers And Thunderstorms,"A slight chance of showers and thunderstorms between 7am and 1pm, then a chance of showers and thunderstorms. Mostly sunny, with a high near 91. Chance of precipitation is 30%."
28,2026-10-09T13:41:48Z,KAUS,Thursday Night,2026-10-15T18:00:00-05:00,0,71.0,Chance Showers And Thunderstorms then Slight Chance Showers And Thunderstorms,"A chance of showers and thunderstorms before 7pm, then a slight chance of showers and thunderstorms between 7pm and 1am, then a chance of showers and thunderstorms. Partly cloudy, with a low around 71."
29,2026-10-09T13:41:48Z,KBOS,Today,2026-10-09T06:00:00-04:00,1,66.0,Sunny,"Sunny, with a high near 66. West wind 8 to 15 mph, with gusts as high as 29 mph."
30,2026-10-09T13:41:48Z,KBOS,Tonight,2026-10-09T18:00:00-04:00,0,48.0,Clear,"Clear, with a low around 48. West wind 5 to 12 mph, with gusts as high as 26 mph."
31,2026-10-09T13:41:48Z,KBOS,Saturday,2026-10-10T06:00:00-04:00,1,63.0,Sunny,"Sunny, with a high near 63. Northwest wind 2 to 8 mph."
32,2026-10-09T13:41:48Z,KBOS,Saturday Night,2026-10-10T18:00:00-04:00,0,50.0,Partly Cloudy,"Partly cloudy, with a low around 50. Southeast wind around 2 mph."
33,2026-10-09T13:41:48Z,KBOS,Sunday,2026-10-11T06:00:00-04:00,1,64.0,Mostly Cloudy,"Mostly cloudy, with a high near 64. South wind 2 to 9 mph."
34,2026-10-09T13:41:48Z,KBOS,Sunday Night,2026-10-11T18:00:00-04:00,0,57.0,Rain Showers,"Rain showers after 7pm. Cloudy, with a low around 57. Southeast wind around 7 mph. Chance of precipitation is 90%."
35,2026-10-09T13:41:48Z,KBOS,Columbus Day,2026-10-12T06:00:00-04:00,1,64.0,Rain Showers then Mostly Cloudy,"Rain showers before 11am. Mostly cloudy, with a high near 64. Northeast wind 6 to 9 mph. Chance of precipitation is 80%."
36,2026-10-09T13:41:48Z,KBOS,Monday Night,2026-10-12T18:00:00-04:00,0,55.0,Partly Cloudy,"Partly cloudy, with a low around 55. North wind around 5 mph."
37,2026-10-09T13:41:48Z,KBOS,Tuesday,2026-10-13T06:00:00-04:00,1,65.0,Partly Sunny then Chance Rain Showers,"A chance of rain showers after noon. Partly sunny, with a high near 65. Southeast wind 5 to 10 mph. Chance of precipitation is 30%."
38,2026-10-09T13:41:48Z,KBOS,Tuesday Night,2026-10-13T18:00:00-04:00,0,53.0,Chance Rain Showers,"A chance of rain showers. Mostly cloudy, with a low around 53. West wind around 12 mph. Chance of precipitation is 40%."
39,2026-10-09T13:41:48Z,KBOS,Wednesday,2026-10-14T06:00:00-04:00,1,61.0,Chance Rain Showers,"A chance of rain showers before 2pm. Mostly sunny, with a high near 61. Northwest wind around 13 mph. Chance of precipitation is 30%."
40,2026-10-09T13:41:48Z,KBOS,Wednesday Night,2026-10-14T18:00:00-04:00,0,49.0,Mostly Clear,"Mostly clear, with a low around 49. Northwest wind 7 to 10 mph."
41,2026-10-09T13:41:48Z,KBOS,Thursday,2026-10-15T06:00:00-04:00,1,59.0,Sunny,"Sunny, with a high near 59. Northeast wind around 8 mph."
42,2026-10-09T13:41:48Z,KBOS,Thursday Night,2026-10-15T18:00:00-04:00,0,50.0,Partly Cloudy,"Partly cloudy, with a low around 50. South wind around 7 mph."
43,2026-10-09T13:41:48Z,KMDW,Today,2026-10-09T06:00:00-05:00,1,71.0,Mostly Cloudy then Slight Chance Showers And Thunderstorms,"A slight chance of showers and thunderstorms between noon and 2pm, then a chance of showers and thunderstorms. Mostly cloudy. High near 71, with temperatures falling to around 69 in the afternoon. South southeast wind 0 to 10 mph. Chance of precipitation is 50%. New rainfall amounts less than a tenth of an inch possible."
44,2026-10-09T13:41:48Z,KMDW,Tonight,2026-10-09T18:00:00-05:00,0,60.0,Slight Chance Showers And Thunderstorms then Mostly Clear,"A slight chance of showers and thunderstorms before 7pm. Mostly clear, with a low around 60. Southeast wind around 10 mph, with gusts as high as 20 mph. Chance of precipitation is 20%. New rainfall amounts less than a tenth of an inch possible."
45,2026-10-09T13:41:48Z,KMDW,Saturday,2026-10-10T06:00:00-05:00,1,78.0,Partly Sunny,"Partly sunny. High near 78, with temperatures falling to around 76 in the afternoon. South wind 10 to 15 mph, with gusts as high as 25 mph."
46,2026-10-09T13:41:48Z,KMDW,Saturday Night,2026-10-10T18:00:00-05:00,0,60.0,Mostly Cloudy,"Mostly cloudy, with a low around 60. Southeast wind 5 to 10 mph, with gusts as high as 20 mph."
47,2026-10-09T13:41:48Z,KMDW,Sunday,2026-10-11T06:00:00-05:00,1,71.0,Mostly Sunny,"Mostly sunny, with a high near 71. East wind around 5 mph."
48,2026-10-09T13:41:48Z,KMDW,Sunday Night,2026-10-11T18:00:00-05:00,0,57.0,Partly Cloudy,"Partly cloudy, with a low around 57."
49,2026-10-09T13:41:48Z,KMDW,Columbus Day,2026-10-12T06:00:00-05:00,1,79.0,Mostly Sunny,"Mostly sunny, with a high near 79."
50,2026-10-09T13:41:48Z,KMDW,Monday Night,2026-10-12T18:00:00-05:00,0,62.0,Chance Showers And Thunderstorms,"A chance of showers and thunderstorms after 7pm. Partly cloudy, with a low around 62."
51,2026-10-09T13:41:48Z,KMDW,Tuesday,2026-10-13T06:00:00-05:00,1,72.0,Chance Showers And Thunderstorms,"A chance of showers and thunderstorms before 1pm. Mostly sunny, with a high near 72."
52,2026-10-09T13:41:48Z,KMDW,Tuesday Night,2026-10-13T18:00:00-05:00,0,55.0,Slight Chance Rain Showers,"A slight chance of rain showers after 7pm. Partly cloudy, with a low around 55."
53,2026-10-09T13:41:48Z,KMDW,Wednesday,2026-10-14T06:00:00-05:00,1,67.0,Chance Rain Showers,"A chance of rain showers. Partly sunny, with a high near 67."
54,2026-10-09T13:41:48Z,KMDW,Wednesday Night,2026-10-14T18:00:00-05:00,0,55.0,Showers And Thunderstorms Likely,"A chance of rain showers before 1am, then showers and thunderstorms likely. Mostly cloudy, with a low around 55."
55,2026-10-09T13:41:48Z,KMDW,Thursday,2026-10-15T06:00:00-05:00,1,71.0,Showers And Thunderstorms Likely,"Showers and thunderstorms likely. Mostly cloudy, with a high near 71."
56,2026-10-09T13:41:48Z,KMDW,Thursday Night,2026-10-15T18:00:00-05:00,0,54.0,Chance Showers And Thunderstorms,"A chance of showers and thunderstorms. Mostly cloudy, with a low around 54."
57,2026-10-09T13:41:48Z,KDFW,Today,2026-10-09T06:00:00-05:00,1,92.0,Sunny,"Sunny, with a high near 92. East northeast wind around 5 mph."
58,2026-10-09T13:41:48Z,KDFW,Tonight,2026-10-09T18:00:00-05:00,0,66.0,Clear,"Clear, with a low around 66. North wind 0 to 5 mph."
59,2026-10-09T13:41:48Z,KDFW,Saturday,2026-10-10T06:00:00-05:00,1,89.0,Sunny,"Sunny, with a high near 89. South southeast wind 0 to 5 mph."
60,2026-10-09T13:41:48Z,KDFW,Saturday Night,2026-10-10T18:00:00-05:00,0,68.0,Clear,"Clear, with a low around 68. South wind around 5 mph."
61,2026-10-09T13:41:48Z,KDFW,Sunday,2026-10-11T06:00:00-05:00,1,90.0,Sunny,"Sunny. High near 90, with temperatures falling to around 88 in the afternoon. South wind 5 to 15 mph, with gusts as high as 25 mph."
62,2026-10-09T13:41:48Z,KDFW,Sunday Night,2026-10-11T18:00:00-05:00,0,71.0,Clear,"Clear, with a low around 71. South wind around 10 mph, with gusts as high as 25 mph."
63,2026-10-09T13:41:48Z,KDFW,Columbus Day,2026-10-12T06:00:00-05:00,1,90.0,Sunny,"Sunny, with a high near 90. South wind 10 to 15 mph, with gusts as high as 30 mph."
64,2026-10-09T13:41:48Z,KDFW,Monday Night,2026-10-12T18:00:00-05:00,0,75.0,Mostly Clear,"Mostly clear, with a low around 75. South wind around 10 mph, with gusts as high as 25 mph."
65,2026-10-09T13:41:48Z,KDFW,Tuesday,2026-10-13T06:00:00-05:00,1,92.0,Mostly Sunny,"Mostly sunny, with a high near 92. South wind 10 to 15 mph, with gusts as high as 25 mph."
66,2026-10-09T13:41:48Z,KDFW,Tuesday Night,2026-10-13T18:00:00-05:00,0,76.0,Mostly Clear,"Mostly clear, with a low around 76."
67,2026-10-09T13:41:48Z,KDFW,Wednesday,2026-10-14T06:00:00-05:00,1,91.0,Mostly Sunny then Slight Chance Rain Showers,"A slight chance of rain showers after 1pm. Mostly sunny, with a high near 91. Chance of precipitation is 20%."
68,2026-10-09T13:41:48Z,KDFW,Wednesday Night,2026-10-14T18:00:00-05:00,0,74.0,Chance Showers And Thunderstorms,"A slight chance of rain showers before 1am, then a chance of showers and thunderstorms. Partly cloudy, with a low around 74. Chance of precipitation is 30%."
69,2026-10-09T13:41:48Z,KDFW,Thursday,2026-10-15T06:00:00-05:00,1,87.0,Chance Showers And Thunderstorms,"A chance of showers and thunderstorms. Partly sunny, with a high near 87. Chance of precipitation is 50%."
70,2026-10-09T13:41:48Z,KDFW,Thursday Night,2026-10-15T18:00:00-05:00,0,70.0,Chance Showers And Thunderstorms,"A chance of rain showers before 7pm, then a chance of showers and thunderstorms. Some of the storms could produce heavy rain. Partly cloudy, with a low around 70. Chance of precipitation is 50%."
71,2026-10-09T13:41:48Z,KDEN,Today,2026-10-09T06:00:00-06:00,1,86.0,Sunny,"Sunny. High near 86, with temperatures falling to around 84 in the afternoon. South southwest wind 5 to 12 mph, with gusts as high as 18 mph."
72,2026-10-09T13:41:48Z,KDEN,Tonight,2026-10-09T18:00:00-06:00,0,58.0,Mostly Clear,"Mostly clear. Low around 58, with temperatures rising to around 61 overnight. South southwest wind around 12 mph, with gusts as high as 18 mph."
73,2026-10-09T13:41:48Z,KDEN,Saturday,2026-10-10T06:00:00-06:00,1,84.0,Sunny,"Sunny. High near 84, with temperatures falling to around 82 in the afternoon. Southwest wind 8 to 13 mph, with gusts as high as 21 mph."
74,2026-10-09T13:41:48Z,KDEN,Saturday Night,2026-10-10T18:00:00-06:00,0,59.0,Mostly Cloudy,"Mostly cloudy, with a low around 59. Southwest wind 7 to 10 mph, with gusts as high as 16 mph."
75,2026-10-09T13:41:48Z,KDEN,Sunday,2026-10-11T06:00:00-06:00,1,81.0,Partly Sunny,"Partly sunny, with a high near 81. South southeast wind 5 to 10 mph, with gusts as high as 18 mph."
76,2026-10-09T13:41:48Z,KDEN,Sunday Night,2026-10-11T18:00:00-06:00,0,57.0,Partly Cloudy,"Partly cloudy, with a low around 57."
77,2026-10-09T13:41:48Z,KDEN,Columbus Day,2026-10-12T06:00:00-06:00,1,80.0,Sunny,"Sunny, with a high near 80."
78,2026-10-09T13:41:48Z,KDEN,Monday Night,2026-10-12T18:00:00-06:00,0,52.0,Mostly Clear,"Mostly clear, with a low around 52."
79,2026-10-09T13:41:48Z,KDEN,Tuesday,2026-10-13T06:00:00-06:00,1,74.0,Sunny,"Sunny, with a high near 74."
80,2026-10-09T13:41:48Z,KDEN,Tuesday Night,2026-10-13T18:00:00-06:00,0,49.0,Chance Rain Showers,"A chance of rain showers. Mostly cloudy, with a low around 49."
81,2026-10-09T13:41:48Z,KDEN,Wednesday,2026-10-14T06:00:00-06:00,1,68.0,Chance Rain Showers,"A chance of rain showers. Partly sunny, with a high near 68."
82,2026-10-09T13:41:48Z,KDEN,Wednesday Night,2026-10-14T18:00:00-06:00,0,46.0,Slight Chance Rain Showers,"A slight chance of rain showers. Partly cloudy, with a low around 46."
83,2026-10-09T13:41:48Z,KDEN,Thursday,2026-10-15T06:00:00-06:00,1,66.0,Slight Chance Rain Showers then Mostly Sunny,"A slight chance of rain showers before noon. Mostly sunny, with a high near 66."
84,2026-10-09T13:41:48Z,KDEN,Thursday Night,2026-10-15T18:00:00-06:00,0,39.0,Chance Rain Showers then Chance Rain And Snow Showers,"A chance of rain showers before 3am, then a chance of rain and snow showers. Mostly cloudy, with a low around 39."
85,2026-10-09T13:41:48Z,KIAH,Today,2026-10-09T07:00:00-05:00,1,92.0,Sunny,"Sunny, with a high near 92. Northeast wind 5 to 10 mph."
86,2026-10-09T13:41:48Z,KIAH,Tonight,2026-10-09T18:00:00-05:00,0,69.0,Clear,"Clear, with a low around 69. Northeast wind around 5 mph."
87,2026-10-09T13:41:48Z,KIAH,Saturday,2026-10-10T06:00:00-05:00,1,91.0,Sunny,"Sunny, with a high near 91. East wind around 5 mph."
88,2026-10-09T13:41:48Z,KIAH,Saturday Night,2026-10-10T18:00:00-05:00,0,70.0,Clear,"Clear, with a low around 70. South wind around 5 mph."
89,2026-10-09T13:41:48Z,KIAH,Sunday,2026-10-11T06:00:00-05:00,1,92.0,Sunny,"Sunny. High near 92, with temperatures falling to around 89 in the afternoon. South wind 0 to 10 mph."
90,2026-10-09T13:41:48Z,KIAH,Sunday Night,2026-10-11T18:00:00-05:00,0,73.0,Mostly Clear,"Mostly clear, with a low around 73."
91,2026-10-09T13:41:48Z,KIAH,Columbus Day,2026-10-12T06:00:00-05:00,1,91.0,Mostly Sunny then Slight Chance Showers And Thunderstorms,"A slight chance of showers and thunderstorms after 1pm. Mostly sunny, with a high near 91. Chance of precipitation is 20%."
92,2026-10-09T13:41:48Z,KIAH,Monday Night,2026-10-12T18:00:00-05:00,0,76.0,Slight Chance Showers And Thunderstorms then Partly Cloudy,"A slight chance of showers and thunderstorms before 7pm. Partly cloudy, with a low around 76. Chance of precipitation is 20%."
93,2026-10-09T13:41:48Z,KIAH,Tuesday,2026-10-13T06:00:00-05:00,1,93.0,Sunny then Chance Showers And Thunderstorms,"A chance of showers and thunderstorms after 1pm. Sunny, with a high near 93. Chance of precipitation is 30%."
94,2026-10-09T13:41:48Z,KIAH,Tuesday Night,2026-10-13T18:00:00-05:00,0,76.0,Chance Showers And Thunderstorms then Partly Cloudy,"A chance of showers and thunderstorms before 7pm. Partly cloudy, with a low around 76. Chance of precipitation is 30%."
95,2026-10-09T13:41:48Z,KIAH,Wednesday,2026-10-14T06:00:00-05:00,1,92.0,Mostly Sunny then Chance Showers And Thunderstorms,"A chance of showers and thunderstorms after 1pm. Mostly sunny, with a high near 92. Chance of precipitation is 30%."
96,2026-10-09T13:41:48Z,KIAH,Wednesday Night,2026-10-14T18:00:00-05:00,0,75.0,Chance Showers And Thunderstorms then Mostly Clear,"A chance of showers and thunderstorms before 7pm. Mostly clear, with a low around 75. Chance of precipitation is 30%."
97,2026-10-09T13:41:48Z,KIAH,Thursday,2026-10-15T06:00:00-05:00,1,91.0,Sunny,"Sunny, with a high near 91."
98,2026-10-09T13:41:48Z,KIAH,Thursday Night,2026-10-15T18:00:00-05:00,0,73.0,Mostly Clear,"Mostly clear, with a low around 73."
99,2026-10-09T13:41:48Z,KLAS,Today,2026-10-09T06:00:00-07:00,1,97.0,Sunny,"Sunny, with a high near 97. South southeast wind 0 to 9 mph."
100,2026-10-09T13:41:48Z,KLAS,Tonight,2026-10-09T18:00:00-07:00,0,73.0,Mostly Clear,"Mostly clear. Low around 73, with temperatures rising to around 75 overnight. South southwest wind around 8 mph."
101,2026-10-09T13:41:48Z,KLAS,Saturday,2026-10-10T06:00:00-07:00,1,89.0,Mostly Cloudy then Slight Chance Showers And Thunderstorms,"A slight chance of showers and thunderstorms after 5pm. Mostly cloudy. High near 89, with temperatures falling to around 86 in the afternoon. South southwest wind 9 to 17 mph, with gusts as high as 29 mph. Chance of precipitation is 20%."
102,2026-10-09T13:41:48Z,KLAS,Saturday Night,2026-10-10T18:00:00-07:00,0,69.0,Slight Chance Showers And Thunderstorms then Showers And Thunderstorms,"A slight chance of showers and thunderstorms before 11pm, then showers and thunderstorms. Mostly cloudy, with a low around 69. South wind 9 to 15 mph, with gusts as high as 23 mph. Chance of precipitation is 80%."
103,2026-10-09T13:41:48Z,KLAS,Sunday,2026-10-11T06:00:00-07:00,1,78.0,Showers And Thunderstorms,"Showers and thunderstorms. Mostly cloudy, with a high near 78. South wind 9 to 18 mph, with gusts as high as 28 mph. Chance of precipitation is 80%."
104,2026-10-09T13:41:48Z,KLAS,Sunday Night,2026-10-11T18:00:00-07:00,0,60.0,Chance Rain Showers,"A chance of rain showers before 5am. Partly cloudy, with a low around 60. Chance of precipitation is 50%."
105,2026-10-09T13:41:48Z,KLAS,Columbus Day,2026-10-12T06:00:00-07:00,1,72.0,Slight Chance Showers And Thunderstorms,"A slight chance of showers and thunderstorms between 11am and 5pm. Mostly sunny, with a high near 72."
106,2026-10-09T13:41:48Z,KLAS,Monday Night,2026-10-12T18:00:00-07:00,0,54.0,Chance Rain Showers,"A chance of rain showers after 11pm. Partly cloudy, with a low around 54."
107,2026-10-09T13:41:48Z,KLAS,Tuesday,2026-10-13T06:00:00-07:00,1,71.0,Slight Chance Rain Showers,"A slight chance of rain showers before 5pm. Mostly sunny, with a high near 71."
108,2026-10-09T13:41:48Z,KLAS,Tuesday Night,2026-10-13T18:00:00-07:00,0,53.0,Mostly Clear,"Mostly clear, with a low around 53."
109,2026-10-09T13:41:48Z,KLAS,Wednesday,2026-10-14T06:00:00-07:00,1,74.0,Sunny,"Sunny, with a high near 74."
110,2026-10-09T13:41:48Z,KLAS,Wednesday Night,2026-10-14T18:00:00-07:00,0,57.0,Clear,"Clear, with a low around 57."
111,2026-10-09T13:41:48Z,KLAS,Thursday,2026-10-15T06:00:00-07:00,1,79.0,Sunny,"Sunny, with a high near 79."
112,2026-10-09T13:41:48Z,KLAS,Thursday Night,2026-10-15T18:00:00-07:00,0,59.0,Mostly Clear,"Mostly clear, with a low around 59."
113,2026-10-09T13:41:48Z,KLAX,Today,2026-10-09T06:00:00-07:00,1,75.0,Patchy Fog then Mostly Sunny,"Patchy fog before 11am. Mostly sunny, with a high near 75. Southwest wind 5 to 10 mph."
114,2026-10-09T13:41:48Z,KLAX,Tonight,2026-10-09T18:00:00-07:00,0,67.0,Patchy Fog,"Patchy fog after 11pm. Mostly cloudy, with a low around 67. South wind 5 to 10 mph."
115,2026-10-09T13:41:48Z,KLAX,Saturday,2026-10-10T06:00:00-07:00,1,70.0,Patchy Fog,"Patchy fog. Mostly cloudy, with a high near 70. South southwest wind 5 to 15 mph, with gusts as high as 20 mph. Chance of precipitation is 20%."
116,2026-10-09T13:41:48Z,KLAX,Saturday Night,2026-10-10T18:00:00-07:00,0,65.0,Patchy Fog,"Patchy fog. Cloudy, with a low around 65. Northwest wind 5 to 15 mph. Chance of precipitation is 50%. New rainfall amounts between a tenth and quarter of an inch possible."
117,2026-10-09T13:41:48Z,KLAX,Sunday,2026-10-11T06:00:00-07:00,1,65.0,Chance Rain Showers,"Patchy fog before 11am, then a chance of rain showers between 11am and 5pm. Mostly cloudy, with a high near 65. West wind 5 to 20 mph, with gusts as high as 25 mph. Chance of precipitation is 50%. New rainfall amounts between a tenth and quarter of an inch possible."
118,2026-10-09T13:41:48Z,KLAX,Sunday Night,2026-10-11T18:00:00-07:00,0,58.0,Rain Showers Likely,"Rain showers likely after 11pm. Cloudy, with a low around 58. Chance of precipitation is 70%."
119,2026-10-09T13:41:48Z,KLAX,Columbus Day,2026-10-12T06:00:00-07:00,1,68.0,Rain Showers Likely,"Rain showers likely. Mostly cloudy, with a high near 68."
120,2026-10-09T13:41:48Z,KLAX,Monday Night,2026-10-12T18:00:00-07:00,0,56.0,Chance Rain Showers,"A chance of rain showers before 5am. Partly cloudy, with a low around 56."
121,2026-10-09T13:41:48Z,KLAX,Tuesday,2026-10-13T06:00:00-07:00,1,68.0,Sunny,"Sunny, with a high near 68."
122,2026-10-09T13:41:48Z,KLAX,Tuesday Night,2026-10-13T18:00:00-07:00,0,59.0,Mostly Clear,"Mostly clear, with a low around 59."
123,2026-10-09T13:41:48Z,KLAX,Wednesday,2026-10-14T06:00:00-07:00,1,72.0,Sunny,"Sunny, with a high near 72."
124,2026-10-09T13:41:48Z,KLAX,Wednesday Night,2026-10-14T18:00:00-07:00,0,62.0,Mostly Clear,"Mostly clear, with a low around 62."
125,2026-10-09T13:41:48Z,KLAX,Thursday,2026-10-15T06:00:00-07:00,1,80.0,Sunny,"Sunny, with a high near 80."
126,2026-10-09T13:41:48Z,KLAX,Thursday Night,2026-10-15T18:00:00-07:00,0,66.0,Mostly Clear,"Mostly clear, with a low around 66."
127,2026-10-09T13:41:48Z,KMIA,Today,2026-10-09T06:00:00-04:00,1,90.0,Chance Showers And Thunderstorms,"A chance of showers and thunderstorms after 11am. Mostly sunny, with a high near 90. Southeast wind 8 to 15 mph, with gusts as high as 28 mph. Chance of precipitation is 30%."
128,2026-10-09T13:41:48Z,KMIA,Tonight,2026-10-09T18:00:00-04:00,0,80.0,Chance Showers And Thunderstorms,"A chance of showers and thunderstorms before 2am, then a chance of showers and thunderstorms. Partly cloudy, with a low around 80. Southeast wind around 12 mph, with gusts as high as 20 mph. Chance of precipitation is 40%. New rainfall amounts less than a tenth of an inch possible."
129,2026-10-09T13:41:48Z,KMIA,Saturday,2026-10-10T06:00:00-04:00,1,90.0,Chance Showers And Thunderstorms,"A chance of showers and thunderstorms before 7am, then a chance of showers and thunderstorms. Mostly sunny, with a high near 90. Southeast wind 12 to 16 mph, with gusts as high as 31 mph. Chance of precipitation is 40%. New rainfall amounts less than a tenth of an inch possible."
130,2026-10-09T13:41:48Z,KMIA,Saturday Night,2026-10-10T18:00:00-04:00,0,80.0,Chance Showers And Thunderstorms,"A chance of showers and thunderstorms. Partly cloudy, with a low around 80. Southeast wind 8 to 12 mph, with gusts as high as 20 mph. Chance of precipitation is 40%."
131,2026-10-09T13:41:48Z,KMIA,Sunday,2026-10-11T06:00:00-04:00,1,91.0,Slight Chance Showers And Thunderstorms,"A slight chance of showers and thunderstorms. Sunny, with a high near 91. Southeast wind around 12 mph, with gusts as high as 20 mph. Chance of precipitation is 20%."
132,2026-10-09T13:41:48Z,KMIA,Sunday Night,2026-10-11T18:00:00-04:00,0,79.0,Slight Chance Showers And Thunderstorms then Mostly Clear,"A slight chance of showers and thunderstorms before 8pm. Mostly clear, with a low around 79. East wind 3 to 8 mph. Chance of precipitation is 20%."
133,2026-10-09T13:41:48Z,KMIA,Columbus Day,2026-10-12T06:00:00-04:00,1,91.0,Sunny then Slight Chance Showers And Thunderstorms,"A slight chance of showers and thunderstorms after 2pm. Sunny, with a high near 91. Northeast wind 3 to 8 mph. Chance of precipitation is 20%."
134,2026-10-09T13:41:48Z,KMIA,Monday Night,2026-10-12T18:00:00-04:00,0,76.0,Slight Chance Showers And Thunderstorms then Partly Cloudy,"A slight chance of showers and thunderstorms before 8pm. Partly cloudy, with a low around 76. Northeast wind 5 to 8 mph. Chance of precipitation is 20%."
135,2026-10-09T13:41:48Z,KMIA,Tuesday,2026-10-13T06:00:00-04:00,1,89.0,Sunny then Slight Chance Rain Showers,"A slight chance of rain showers after 2pm. Sunny, with a high near 89. Northeast wind around 9 mph. Chance of precipitation is 20%."
136,2026-10-09T13:41:48Z,KMIA,Tuesday Night,2026-10-13T18:00:00-04:00,0,75.0,Slight Chance Rain Showers then Mostly Clear,"A slight chance of rain showers before 8pm. Mostly clear, with a low around 75. Chance of precipitation is 20%."
137,2026-10-09T13:41:48Z,KMIA,Wednesday,2026-10-14T06:00:00-04:00,1,88.0,Sunny then Slight Chance Rain Showers,"A slight chance of rain showers after 2pm. Sunny, with a high near 88. Chance of precipitation is 20%."
138,2026-10-09T13:41:48Z,KMIA,Wednesday Night,2026-10-14T18:00:00-04:00,0,76.0,Slight Chance Rain Showers then Mostly Clear,"A slight chance of rain showers before 8pm. Mostly clear, with a low around 76. Chance of precipitation is 20%."
139,2026-10-09T13:41:48Z,KMIA,Thursday,2026-10-15T06:00:00-04:00,1,88.0,Chance Showers And Thunderstorms,"A slight chance of rain showers between 8am and 2pm, then a chance of showers and thunderstorms. Sunny, with a high near 88. Chance of precipitation is 30%."
140,2026-10-09T13:41:48Z,KMIA,Thursday Night,2026-10-15T18:00:00-04:00,0,77.0,Chance Showers And Thunderstorms then Slight Chance Showers And Thunderstorms,"A chance of showers and thunderstorms before 8pm, then a slight chance of showers and thunderstorms. Mostly clear, with a low around 77."
141,2026-10-09T13:41:48Z,KMSP,Today,2026-10-09T06:00:00-05:00,1,74.0,Mostly Sunny,"Mostly sunny, with a high near 74. East southeast wind 5 to 15 mph."
142,2026-10-09T13:41:48Z,KMSP,Tonight,2026-10-09T18:00:00-05:00,0,61.0,Partly Cloudy,"Partly cloudy, with a low around 61. Southeast wind 10 to 15 mph."
143,2026-10-09T13:41:48Z,KMSP,Saturday,2026-10-10T06:00:00-05:00,1,87.0,Sunny,"Sunny, with a high near 87. South wind 10 to 20 mph, with gusts as high as 40 mph."
144,2026-10-09T13:41:48Z,KMSP,Saturday Night,2026-10-10T18:00:00-05:00,0,67.0,Clear,"Clear, with a low around 67. South wind 15 to 20 mph, with gusts as high as 40 mph."
145,2026-10-09T13:41:48Z,KMSP,Sunday,2026-10-11T06:00:00-05:00,1,84.0,Sunny,"Sunny, with a high near 84. South wind around 15 mph."
146,2026-10-09T13:41:48Z,KMSP,Sunday Night,2026-10-11T18:00:00-05:00,0,62.0,Mostly Cloudy,"Mostly cloudy, with a low around 62. South southwest wind 10 to 15 mph."
147,2026-10-09T13:41:48Z,KMSP,Columbus Day,2026-10-12T06:00:00-05:00,1,72.0,Partly Sunny then Slight Chance Rain Showers,"A slight chance of rain showers after 1pm. Partly sunny. High near 72, with temperatures falling to around 69 in the afternoon. Northwest wind around 10 mph. Chance of precipitation is 20%."
148,2026-10-09T13:41:48Z,KMSP,Monday Night,2026-10-12T18:00:00-05:00,0,53.0,Slight Chance Rain Showers,"A slight chance of rain showers before 1am. Mostly cloudy, with a low around 53. North wind 5 to 15 mph. Chance of precipitation is 20%."
149,2026-10-09T13:41:48Z,KMSP,Tuesday,2026-10-13T06:00:00-05:00,1,64.0,Mostly Sunny,"Mostly sunny, with a high near 64. North wind 5 to 10 mph."
150,2026-10-09T13:41:48Z,KMSP,Tuesday Night,2026-10-13T18:00:00-05:00,0,49.0,Partly Cloudy,"Partly cloudy, with a low around 49. Northeast wind around 5 mph."
151,2026-10-09T13:41:48Z,KMSP,Wednesday,2026-10-14T06:00:00-05:00,1,63.0,Chance Rain Showers,"A chance of rain showers after 7am. Partly sunny, with a high near 63. East wind 5 to 15 mph, with gusts as high as 30 mph. Chance of precipitation is 50%."
152,2026-10-09T13:41:48Z,KMSP,Wednesday Night,2026-10-14T18:00:00-05:00,0,53.0,Showers And Thunderstorms Likely,"A chance of rain showers before 7pm, then showers and thunderstorms likely. Mostly cloudy, with a low around 53. Southeast wind around 15 mph, with gusts as high as 30 mph. Chance of precipitation is 60%."
153,2026-10-09T13:41:48Z,KMSP,Thursday,2026-10-15T06:00:00-05:00,1,64.0,Rain Showers Likely,"Rain showers likely. Partly sunny, with a high near 64. South southwest wind around 15 mph, with gusts as high as 35 mph. Chance of precipitation is 60%."
154,2026-10-09T13:41:48Z,KMSP,Thursday Night,2026-10-15T18:00:00-05:00,0,46.0,Chance Rain Showers,"A chance of rain showers. Partly cloudy, with a low around 46. West wind 10 to 15 mph, with gusts as high as 30 mph. Chance of precipitation is 30%."
155,2026-10-09T13:41:48Z,KMSY,Today,2026-10-09T06:00:00-05:00,1,81.0,Partly Sunny then Slight Chance Rain Showers,"A slight chance of rain showers between 4pm and 5pm. Partly sunny. High near 81, with temperatures falling to around 78 in the afternoon. Northeast wind 15 to 25 mph, with gusts as high as 50 mph. Chance of precipitation is 20%."
156,2026-10-09T13:41:48Z,KMSY,Tonight,2026-10-09T18:00:00-05:00,0,68.0,Chance Rain Showers,"A chance of rain showers after 7pm. Mostly cloudy, with a low around 68. North wind 15 to 25 mph, with gusts as high as 45 mph. Chance of precipitation is 40%. New rainfall amounts less than a tenth of an inch possible."
157,2026-10-09T13:41:48Z,KMSY,Saturday,2026-10-10T06:00:00-05:00,1,82.0,Mostly Sunny,"Mostly sunny. High near 82, with temperatures falling to around 80 in the afternoon. Northwest wind around 15 mph, with gusts as high as 35 mph. New rainfall amounts less than a tenth of an inch possible."
158,2026-10-09T13:41:48Z,KMSY,Saturday Night,2026-10-10T18:00:00-05:00,0,66.0,Clear,"Clear, with a low around 66. Northwest wind 5 to 10 mph."
159,2026-10-09T13:41:48Z,KMSY,Sunday,2026-10-11T06:00:00-05:00,1,87.0,Sunny,"Sunny, with a high near 87. Northwest wind around 5 mph."
160,2026-10-09T13:41:48Z,KMSY,Sunday Night,2026-10-11T18:00:00-05:00,0,68.0,Mostly Clear,"Mostly clear, with a low around 68. South wind 0 to 5 mph."
161,2026-10-09T13:41:48Z,KMSY,Columbus Day,2026-10-12T06:00:00-05:00,1,88.0,Sunny,"Sunny, with a high near 88. Northeast wind 0 to 5 mph."
162,2026-10-09T13:41:48Z,KMSY,Monday Night,2026-10-12T18:00:00-05:00,0,69.0,Clear,"Clear, with a low around 69. South wind 0 to 5 mph."
163,2026-10-09T13:41:48Z,KMSY,Tuesday,2026-10-13T06:00:00-05:00,1,88.0,Sunny,"Sunny, with a high near 88. Southeast wind 0 to 5 mph."
164,2026-10-09T13:41:48Z,KMSY,Tuesday Night,2026-10-13T18:00:00-05:00,0,70.0,Clear,"Clear, with a low around 70. South wind 0 to 5 mph."
165,2026-10-09T13:41:48Z,KMSY,Wednesday,2026-10-14T06:00:00-05:00,1,88.0,Sunny,"Sunny, with a high near 88. Southeast wind 0 to 10 mph."
166,2026-10-09T13:41:48Z,KMSY,Wednesday Night,2026-10-14T18:00:00-05:00,0,72.0,Clear,"Clear, with a low around 72. Southeast wind 0 to 10 mph."
167,2026-10-09T13:41:48Z,KMSY,Thursday,2026-10-15T06:00:00-05:00,1,87.0,Sunny,"Sunny, with a high near 87. East wind 0 to 10 mph."
168,2026-10-09T13:41:48Z,KMSY,Thursday Night,2026-10-15T18:00:00-05:00,0,73.0,Mostly Clear,"Mostly clear, with a low around 73. East wind 5 to 10 mph."
169,2026-10-09T13:41:48Z,KNYC,Today,2026-10-09T06:00:00-04:00,1,71.0,Sunny,"Sunny, with a high near 71. West wind 3 to 10 mph, with gusts as high as 24 mph."
170,2026-10-09T13:41:48Z,KNYC,Tonight,2026-10-09T18:00:00-04:00,0,54.0,Mostly Cloudy,"Mostly cloudy, with a low around 54. Southwest wind 0 to 5 mph."
171,2026-10-09T13:41:48Z,KNYC,Saturday,2026-10-10T06:00:00-04:00,1,69.0,Partly Sunny,"Partly sunny. High near 69, with temperatures falling to around 67 in the afternoon. South wind around 1 mph."
172,2026-10-09T13:41:48Z,KNYC,Saturday Night,2026-10-10T18:00:00-04:00,0,56.0,Mostly Cloudy,"Mostly cloudy. Low around 56, with temperatures rising to around 58 overnight. Southeast wind around 2 mph."
173,2026-10-09T13:41:48Z,KNYC,Sunday,2026-10-11T06:00:00-04:00,1,66.0,Rain Showers,"Rain showers after 8am. Cloudy. High near 66, with temperatures falling to around 64 in the afternoon. Southeast wind 3 to 9 mph, with gusts as high as 22 mph. Chance of precipitation is 90%. New rainfall amounts between a half and three quarters of an inch possible."
174,2026-10-09T13:41:48Z,KNYC,Sunday Night,2026-10-11T18:00:00-04:00,0,59.0,Rain Showers,"Rain showers. Cloudy. Low around 59, with temperatures rising to around 61 overnight. Chance of precipitation is 90%. New rainfall amounts between three quarters and one inch possible."
175,2026-10-09T13:41:48Z,KNYC,Columbus Day,2026-10-12T06:00:00-04:00,1,69.0,Rain Showers Likely,"Rain showers likely before 2pm. Partly sunny, with a high near 69. Chance of precipitation is 60%."
176,2026-10-09T13:41:48Z,KNYC,Monday Night,2026-10-12T18:00:00-04:00,0,59.0,Partly Cloudy,"Partly cloudy, with a low around 59."
177,2026-10-09T13:41:48Z,KNYC,Tuesday,2026-10-13T06:00:00-04:00,1,73.0,Mostly Sunny then Slight Chance Rain Showers,"A slight chance of rain showers after 2pm. Mostly sunny, with a high near 73."
178,2026-10-09T13:41:48Z,KNYC,Tuesday Night,2026-10-13T18:00:00-04:00,0,57.0,Slight Chance Rain Showers,"A slight chance of rain showers. Partly cloudy, with a low around 57."
179,2026-10-09T13:41:48Z,KNYC,Wednesday,2026-10-14T06:00:00-04:00,1,68.0,Slight Chance Rain Showers then Mostly Sunny,"A slight chance of rain showers before 8am. Mostly sunny, with a high near 68."
180,2026-10-09T13:41:48Z,KNYC,Wednesday Night,2026-10-14T18:00:00-04:00,0,53.0,Mostly Clear,"Mostly clear, with a low around 53."
181,2026-10-09T13:41:48Z,KNYC,Thursday,2026-10-15T06:00:00-04:00,1,65.0,Sunny,"Sunny, with a high near 65."
182,2026-10-09T13:41:48Z,KNYC,Thursday Night,2026-10-15T18:00:00-04:00,0,55.0,Partly Cloudy,"Partly cloudy, with a low around 55."
183,2026-10-09T13:41:48Z,KOKC,Today,2026-10-09T06:00:00-05:00,1,90.0,Sunny,"Sunny, with a high near 90. South wind 1 to 10 mph."
184,2026-10-09T13:41:48Z,KOKC,Tonight,2026-10-09T18:00:00-05:00,0,61.0,Clear,"Clear, with a low around 61. South wind 5 to 9 mph."
185,2026-10-09T13:41:48Z,KOKC,Saturday,2026-10-10T06:00:00-05:00,1,90.0,Sunny,"Sunny, with a high near 90. South southwest wind 5 to 12 mph."
186,2026-10-09T13:41:48Z,KOKC,Saturday Night,2026-10-10T18:00:00-05:00,0,65.0,Clear,"Clear, with a low around 65. South wind around 12 mph."
187,2026-10-09T13:41:48Z,KOKC,Sunday,2026-10-11T06:00:00-05:00,1,91.0,Mostly Sunny,"Mostly sunny, with a high near 91. South southwest wind 10 to 18 mph, with gusts as high as 28 mph."
188,2026-10-09T13:41:48Z,KOKC,Sunday Night,2026-10-11T18:00:00-05:00,0,70.0,Mostly Clear,"Mostly clear, with a low around 70."
189,2026-10-09T13:41:48Z,KOKC,Columbus Day,2026-10-12T06:00:00-05:00,1,91.0,Sunny,"Sunny, with a high near 91."
190,2026-10-09T13:41:48Z,KOKC,Monday Night,2026-10-12T18:00:00-05:00,0,71.0,Clear,"Clear, with a low around 71."
191,2026-10-09T13:41:48Z,KOKC,Tuesday,2026-10-13T06:00:00-05:00,1,93.0,Sunny,"Sunny, with a high near 93."
192,2026-10-09T13:41:48Z,KOKC,Tuesday Night,2026-10-13T18:00:00-05:00,0,70.0,Mostly Clear then Slight Chance Showers And Thunderstorms,"A slight chance of showers and thunderstorms after 1am. Mostly clear, with a low around 70. Chance of precipitation is 20%."
193,2026-10-09T13:41:48Z,KOKC,Wednesday,2026-10-14T06:00:00-05:00,1,88.0,Chance Showers And Thunderstorms,"A chance of showers and thunderstorms. Mostly sunny, with a high near 88. Chance of precipitation is 50%."
194,2026-10-09T13:41:48Z,KOKC,Wednesday Night,2026-10-14T18:00:00-05:00,0,67.0,Showers And Thunderstorms Likely,"A chance of rain showers before 7pm, then showers and thunderstorms likely. Partly cloudy, with a low around 67. Chance of precipitation is 60%."
195,2026-10-09T13:41:48Z,KOKC,Thursday,2026-10-15T06:00:00-05:00,1,83.0,Chance Showers And Thunderstorms,"A chance of showers and thunderstorms. Partly sunny, with a high near 83. Chance of precipitation is 50%."
196,2026-10-09T13:41:48Z,KOKC,Thursday Night,2026-10-15T18:00:00-05:00,0,62.0,Chance Showers And Thunderstorms,"A chance of showers and thunderstorms before 7pm, then a chance of showers and thunderstorms. Partly cloudy, with a low around 62."
197,2026-10-09T13:41:48Z,KPHL,Today,2026-10-09T06:00:00-04:00,1,74.0,Mostly Sunny,"Mostly sunny, with a high near 74. West wind 5 to 15 mph."
198,2026-10-09T13:41:48Z,KPHL,Tonight,2026-10-09T18:00:00-04:00,0,53.0,Mostly Cloudy,"Mostly cloudy, with a low around 53. Northwest wind 5 to 10 mph."
199,2026-10-09T13:41:48Z,KPHL,Saturday,2026-10-10T06:00:00-04:00,1,73.0,Partly Sunny,"Partly sunny, with a high near 73. Northeast wind around 5 mph."
200,2026-10-09T13:41:48Z,KPHL,Saturday Night,2026-10-10T18:00:00-04:00,0,60.0,Mostly Cloudy then Chance Rain Showers,"A chance of rain showers after 2am. Mostly cloudy, with a low around 60. East wind around 5 mph. Chance of precipitation is 30%. New rainfall amounts less than a tenth of an inch possible."
201,2026-10-09T13:41:48Z,KPHL,Sunday,2026-10-11T06:00:00-04:00,1,68.0,Rain Showers,"Rain showers. Cloudy, with a high near 68. East wind 5 to 10 mph. Chance of precipitation is 100%. New rainfall amounts between three quarters and one inch possible."
202,2026-10-09T13:41:48Z,KPHL,Sunday Night,2026-10-11T18:00:00-04:00,0,63.0,Showers And Thunderstorms,"Rain showers before 8pm, then showers and thunderstorms. Cloudy, with a low around 63. Chance of precipitation is 100%. New rainfall amounts between three quarters and one inch possible."
203,2026-10-09T13:41:48Z,KPHL,Columbus Day,2026-10-12T06:00:00-04:00,1,72.0,Chance Showers And Thunderstorms,"Rain showers likely before 8am, then a chance of showers and thunderstorms between 8am and 2pm. Mostly cloudy, with a high near 72. Chance of precipitation is 60%."
204,2026-10-09T13:41:48Z,KPHL,Monday Night,2026-10-12T18:00:00-04:00,0,61.0,Partly Cloudy,"Partly cloudy, with a low around 61."
205,2026-10-09T13:41:48Z,KPHL,Tuesday,2026-10-13T06:00:00-04:00,1,75.0,Mostly Sunny,"Mostly sunny, with a high near 75."
206,2026-10-09T13:41:48Z,KPHL,Tuesday Night,2026-10-13T18:00:00-04:00,0,59.0,Slight Chance Rain Showers,"A slight chance of rain showers between 8pm and 2am. Partly cloudy, with a low around 59."
207,2026-10-09T13:41:48Z,KPHL,Wednesday,2026-10-14T06:00:00-04:00,1,69.0,Sunny,"Sunny, with a high near 69."
208,2026-10-09T13:41:48Z,KPHL,Wednesday Night,2026-10-14T18:00:00-04:00,0,54.0,Mostly Clear,"Mostly clear, with a low around 54."
209,2026-10-09T13:41:48Z,KPHL,Thursday,2026-10-15T06:00:00-04:00,1,66.0,Mostly Sunny,"Mostly sunny, with a high near 66."
210,2026-10-09T13:41:48Z,KPHL,Thursday Night,2026-10-15T18:00:00-04:00,0,55.0,Partly Cloudy,"Partly cloudy, with a low around 55."
211,2026-10-09T13:41:48Z,KPHX,Today,2026-10-09T06:00:00-07:00,1,103.0,Sunny,"Sunny. High near 103, with temperatures falling to around 101 in the afternoon. Southeast wind 10 to 15 mph, with gusts as high as 25 mph."
212,2026-10-09T13:41:48Z,KPHX,Tonight,2026-10-09T18:00:00-07:00,0,81.0,Partly Cloudy,"Partly cloudy, with a low around 81. East southeast wind 5 to 10 mph."
213,2026-10-09T13:41:48Z,KPHX,Saturday,2026-10-10T06:00:00-07:00,1,93.0,Slight Chance Showers And Thunderstorms,"A slight chance of showers and thunderstorms between 9am and 1pm, then a chance of showers and thunderstorms between 1pm and 2pm, then a slight chance of showers and thunderstorms between 2pm and 3pm, then showers and thunderstorms likely. Mostly cloudy. High near 93, with temperatures falling to around 87 in the afternoon. East southeast wind 10 to 15 mph, with gusts as high as 25 mph. Chance of precipitation is 60%. New rainfall amounts less than a tenth of an inch possible."
214,2026-10-09T13:41:48Z,KPHX,Saturday Night,2026-10-10T18:00:00-07:00,0,76.0,Showers And Thunderstorms,"Showers and thunderstorms. Cloudy, with a low around 76. East southeast wind 10 to 15 mph. Chance of precipitation is 90%. New rainfall amounts between a quarter and half of an inch possible."
215,2026-10-09T13:41:48Z,KPHX,Sunday,2026-10-11T06:00:00-07:00,1,85.0,Showers And Thunderstorms,"Showers and thunderstorms before 1pm, then patchy blowing dust and showers and thunderstorms likely between 1pm and 5pm, then a chance of showers and thunderstorms. Mostly cloudy, with a high near 85. South wind 10 to 25 mph, with gusts as high as 45 mph. Chance of precipitation is 90%. New rainfall amounts between a quarter and half of an inch possible."
216,2026-10-09T13:41:48Z,KPHX,Sunday Night,2026-10-11T18:00:00-07:00,0,71.0,Chance Showers And Thunderstorms then Showers And Thunderstorms Likely,"A chance of showers and thunderstorms before 8pm, then showers and thunderstorms likely. Mostly cloudy, with a low around 71. South southwest wind 10 to 15 mph, with gusts as high as 30 mph. Chance of precipitation is 70%. New rainfall amounts between a tenth and quarter of an inch possible."
217,2026-10-09T13:41:48Z,KPHX,Columbus Day,2026-10-12T06:00:00-07:00,1,80.0,Showers And Thunderstorms Likely,"Showers and thunderstorms likely. Partly sunny, with a high near 80. South wind 10 to 20 mph, with gusts as high as 35 mph. Chance of precipitation is 70%. New rainfall amounts less than a tenth of an inch possible."
218,2026-10-09T13:41:48Z,KPHX,Monday Night,2026-10-12T18:00:00-07:00,0,66.0,Chance Showers And Thunderstorms,"A slight chance of rain showers before 11pm, then a chance of showers and thunderstorms. Mostly cloudy, with a low around 66. South southwest wind around 5 mph, with gusts as high as 25 mph. Chance of precipitation is 50%. New rainfall amounts less than a tenth of an inch possible."
219,2026-10-09T13:41:48Z,KPHX,Tuesday,2026-10-13T06:00:00-07:00,1,76.0,Chance Showers And Thunderstorms then Mostly Sunny,"A chance of showers and thunderstorms before 11am. Mostly sunny, with a high near 76. Southwest wind 5 to 10 mph, with gusts as high as 25 mph. Chance of precipitation is 40%. New rainfall amounts less than a tenth of an inch possible."
220,2026-10-09T13:41:48Z,KPHX,Tuesday Night,2026-10-13T18:00:00-07:00,0,59.0,Mostly Clear,"Mostly clear, with a low around 59. Northwest wind 0 to 5 mph."
221,2026-10-09T13:41:48Z,KPHX,Wednesday,2026-10-14T06:00:00-07:00,1,78.0,Sunny,"Sunny, with a high near 78. North wind 0 to 5 mph."
222,2026-10-09T13:41:48Z,KPHX,Wednesday Night,2026-10-14T18:00:00-07:00,0,61.0,Mostly Clear,"Mostly clear, with a low around 61. North wind 0 to 5 mph."
223,2026-10-09T13:41:48Z,KPHX,Thursday,2026-10-15T06:00:00-07:00,1,82.0,Sunny,"Sunny, with a high near 82. North northeast wind 0 to 5 mph."
224,2026-10-09T13:41:48Z,KPHX,Thursday Night,2026-10-15T18:00:00-07:00,0,65.0,Clear,"Clear, with a low around 65. North northwest wind 0 to 5 mph."
225,2026-10-09T13:41:48Z,KSAT,Today,2026-10-09T07:00:00-05:00,1,91.0,Mostly Sunny,"Mostly sunny, with a high near 91. North northeast wind around 5 mph."
226,2026-10-09T13:41:48Z,KSAT,Tonight,2026-10-09T18:00:00-05:00,0,67.0,Mostly Clear,"Mostly clear, with a low around 67. North northeast wind around 5 mph."
227,2026-10-09T13:41:48Z,KSAT,Saturday,2026-10-10T06:00:00-05:00,1,91.0,Sunny,"Sunny, with a high near 91. South wind 0 to 5 mph."
228,2026-10-09T13:41:48Z,KSAT,Saturday Night,2026-10-10T18:00:00-05:00,0,69.0,Mostly Clear,"Mostly clear, with a low around 69. South southeast wind around 5 mph."
229,2026-10-09T13:41:48Z,KSAT,Sunday,2026-10-11T06:00:00-05:00,1,91.0,Sunny,"Sunny, with a high near 91. South southeast wind 5 to 15 mph, with gusts as high as 25 mph."
230,2026-10-09T13:41:48Z,KSAT,Sunday Night,2026-10-11T18:00:00-05:00,0,73.0,Partly Cloudy,"Partly cloudy, with a low around 73. Southeast wind 5 to 15 mph, with gusts as high as 25 mph."
231,2026-10-09T13:41:48Z,KSAT,Columbus Day,2026-10-12T06:00:00-05:00,1,91.0,Partly Sunny then Slight Chance Showers And Thunderstorms,"A slight chance of showers and thunderstorms after 1pm. Partly sunny, with a high near 91. Southeast wind 5 to 10 mph, with gusts as high as 20 mph. Chance of precipitation is 20%."
232,2026-10-09T13:41:48Z,KSAT,Monday Night,2026-10-12T18:00:00-05:00,0,75.0,Slight Chance Showers And Thunderstorms then Partly Cloudy,"A slight chance of showers and thunderstorms before 7pm. Partly cloudy, with a low around 75. Southeast wind 5 to 10 mph, with gusts as high as 20 mph. Chance of precipitation is 20%."
233,2026-10-09T13:41:48Z,KSAT,Tuesday,2026-10-13T06:00:00-05:00,1,92.0,Partly Sunny,"Partly sunny, with a high near 92. South southeast wind around 10 mph, with gusts as high as 25 mph."
234,2026-10-09T13:41:48Z,KSAT,Tuesday Night,2026-10-13T18:00:00-05:00,0,75.0,Partly Cloudy,"Partly cloudy, with a low around 75."
235,2026-10-09T13:41:48Z,KSAT,Wednesday,2026-10-14T06:00:00-05:00,1,92.0,Partly Sunny,"Partly sunny, with a high near 92."
236,2026-10-09T13:41:48Z,KSAT,Wednesday Night,2026-10-14T18:00:00-05:00,0,75.0,Partly Cloudy,"Partly cloudy, with a low around 75."
237,2026-10-09T13:41:48Z,KSAT,Thursday,2026-10-15T06:00:00-05:00,1,90.0,Partly Sunny then Chance Rain Showers,"A chance of rain showers after 1pm. Partly sunny, with a high near 90. Chance of precipitation is 30%."
238,2026-10-09T13:41:48Z,KSAT,Thursday Night,2026-10-15T18:00:00-05:00,0,72.0,Chance Showers And Thunderstorms,"A chance of rain showers before 7pm, then a chance of showers and thunderstorms. Partly cloudy, with a low around 72."
239,2026-10-09T13:41:48Z,KSFO,Today,2026-10-09T06:00:00-07:00,1,72.0,Sunny,"Sunny. High near 72, with temperatures falling to around 69 in the afternoon. West southwest wind 5 to 18 mph."
240,2026-10-09T13:41:48Z,KSFO,Tonight,2026-10-09T18:00:00-07:00,0,57.0,Mostly Clear,"Mostly clear, with a low around 57. West southwest wind 16 to 21 mph, with gusts as high as 28 mph."
241,2026-10-09T13:41:48Z,KSFO,Saturday,2026-10-10T06:00:00-07:00,1,63.0,Mostly Sunny,"Mostly sunny. High near 63, with temperatures falling to around 60 in the afternoon. West wind 16 to 25 mph, with gusts as high as 30 mph."
242,2026-10-09T13:41:48Z,KSFO,Saturday Night,2026-10-10T18:00:00-07:00,0,53.0,Partly Cloudy,"Partly cloudy, with a low around 53. West wind 18 to 31 mph, with gusts as high as 43 mph."
243,2026-10-09T13:41:48Z,KSFO,Sunday,2026-10-11T06:00:00-07:00,1,64.0,Sunny,"Sunny, with a high near 64. West northwest wind 14 to 21 mph, with gusts as high as 31 mph."
244,2026-10-09T13:41:48Z,KSFO,Sunday Night,2026-10-11T18:00:00-07:00,0,53.0,Slight Chance Light Rain,"A slight chance of rain after 11pm. Mostly clear, with a low around 53. Chance of precipitation is 20%."
245,2026-10-09T13:41:48Z,KSFO,Columbus Day,2026-10-12T06:00:00-07:00,1,66.0,Slight Chance Light Rain,"A slight chance of rain before 5pm. Sunny, with a high near 66."
246,2026-10-09T13:41:48Z,KSFO,Monday Night,2026-10-12T18:00:00-07:00,0,54.0,Mostly Clear,"Mostly clear, with a low around 54."
247,2026-10-09T13:41:48Z,KSFO,Tuesday,2026-10-13T06:00:00-07:00,1,65.0,Sunny,"Sunny, with a high near 65."
248,2026-10-09T13:41:48Z,KSFO,Tuesday Night,2026-10-13T18:00:00-07:00,0,54.0,Mostly Clear,"Mostly clear, with a low around 54."
249,2026-10-09T13:41:48Z,KSFO,Wednesday,2026-10-14T06:00:00-07:00,1,68.0,Sunny,"Sunny, with a high near 68."
250,2026-10-09T13:41:48Z,KSFO,Wednesday Night,2026-10-14T18:00:00-07:00,0,56.0,Mostly Clear,"Mostly clear, with a low around 56."
251,2026-10-09T13:41:48Z,KSFO,Thursday,2026-10-15T06:00:00-07:00,1,75.0,Sunny,"Sunny, with a high near 75."
252,2026-10-09T13:41:48Z,KSFO,Thursday Night,2026-10-15T18:00:00-07:00,0,59.0,Clear,"Clear, with a low around 59."
253,2026-10-09T13:41:48Z,KSEA,Today,2026-10-09T06:00:00-07:00,1,62.0,Light Rain Likely,"Rain likely. Mostly cloudy. High near 62, with temperatures falling to around 58 in the afternoon. South southwest wind 8 to 15 mph, with gusts as high as 21 mph. Chance of precipitation is 60%. New rainfall amounts less than a tenth of an inch possible."
254,2026-10-09T13:41:48Z,KSEA,Tonight,2026-10-09T18:00:00-07:00,0,48.0,Slight Chance Light Rain then Mostly Cloudy,"A slight chance of rain before 10pm. Mostly cloudy, with a low around 48. Southeast wind 6 to 9 mph. Chance of precipitation is 20%."
255,2026-10-09T13:41:48Z,KSEA,Saturday,2026-10-10T06:00:00-07:00,1,58.0,Mostly Sunny,"Mostly sunny, with a high near 58. Southeast wind 3 to 12 mph."
256,2026-10-09T13:41:48Z,KSEA,Saturday Night,2026-10-10T18:00:00-07:00,0,45.0,Mostly Clear,"Mostly clear, with a low around 45. North northeast wind 7 to 12 mph."
257,2026-10-09T13:41:48Z,KSEA,Sunday,2026-10-11T06:00:00-07:00,1,61.0,Sunny,"Sunny, with a high near 61. North northeast wind 8 to 14 mph."
258,2026-10-09T13:41:48Z,KSEA,Sunday Night,2026-10-11T18:00:00-07:00,0,43.0,Clear,"Clear, with a low around 43."
259,2026-10-09T13:41:48Z,KSEA,Columbus Day,2026-10-12T06:00:00-07:00,1,63.0,Sunny,"Sunny, with a high near 63."
260,2026-10-09T13:41:48Z,KSEA,Monday Night,2026-10-12T18:00:00-07:00,0,45.0,Partly Cloudy,"Partly cloudy, with a low around 45."
261,2026-10-09T13:41:48Z,KSEA,Tuesday,2026-10-13T06:00:00-07:00,1,61.0,Partly Sunny then Slight Chance Light Rain,"A slight chance of rain after 5pm. Partly sunny, with a high near 61."
262,2026-10-09T13:41:48Z,KSEA,Tuesday Night,2026-10-13T18:00:00-07:00,0,50.0,Chance Light Rain,"A chance of rain. Mostly cloudy, with a low around 50."
263,2026-10-09T13:41:48Z,KSEA,Wednesday,2026-10-14T06:00:00-07:00,1,61.0,Chance Light Rain,"A chance of rain before 5pm. Mostly cloudy, with a high near 61."
264,2026-10-09T13:41:48Z,KSEA,Wednesday Night,2026-10-14T18:00:00-07:00,0,48.0,Partly Cloudy,"Partly cloudy, with a low around 48."
265,2026-10-09T13:41:48Z,KSEA,Thursday,2026-10-15T06:00:00-07:00,1,63.0,Mostly Sunny,"Mostly sunny, with a high near 63."
266,2026-10-09T13:41:48Z,KSEA,Thursday Night,2026-10-15T18:00:00-07:00,0,48.0,Partly Cloudy,"Partly cloudy, with a low around 48."
267,2026-10-09T13:41:48Z,KDCA,Today,2026-10-09T08:00:00-04:00,1,75.0,Mostly Cloudy,"Mostly cloudy, with a high near 75. Northwest wind 3 to 9 mph."
268,2026-10-09T13:41:48Z,KDCA,Tonight,2026-10-09T18:00:00-04:00,0,56.0,Mostly Cloudy,"Mostly cloudy, with a low around 56. North wind 1 to 6 mph."
269,2026-10-09T13:41:48Z,KDCA,Saturday,2026-10-10T06:00:00-04:00,1,73.0,Mostly Cloudy,"Mostly cloudy, with a high near 73. East wind 6 to 12 mph."
270,2026-10-09T13:41:48Z,KDCA,Saturday Night,2026-10-10T18:00:00-04:00,0,61.0,Rain Showers,"Rain showers after 8pm. Cloudy, with a low around 61. East wind 12 to 16 mph, with gusts as high as 21 mph. Chance of precipitation is 80%. New rainfall amounts between a quarter and half of an inch possible."
271,2026-10-09T13:41:48Z,KDCA,Sunday,2026-10-11T06:00:00-04:00,1,70.0,Rain Showers,"Rain showers before 5pm, then showers and thunderstorms. Cloudy, with a high near 70. East wind around 18 mph, with gusts as high as 32 mph. Chance of precipitation is 100%."
272,2026-10-09T13:41:48Z,KDCA,Sunday Night,2026-10-11T18:00:00-04:00,0,64.0,Showers And Thunderstorms,"Showers and thunderstorms. Cloudy, with a low around 64. Chance of precipitation is 80%."
273,2026-10-09T13:41:48Z,KDCA,Columbus Day,2026-10-12T06:00:00-04:00,1,73.0,Showers And Thunderstorms Likely,"Showers and thunderstorms likely before 2pm. Partly sunny, with a high near 73. Chance of precipitation is 70%."
274,2026-10-09T13:41:48Z,KDCA,Monday Night,2026-10-12T18:00:00-04:00,0,61.0,Partly Cloudy,"Partly cloudy, with a low around 61."
275,2026-10-09T13:41:48Z,KDCA,Tuesday,2026-10-13T06:00:00-04:00,1,78.0,Mostly Sunny,"Mostly sunny, with a high near 78."
276,2026-10-09T13:41:48Z,KDCA,Tuesday Night,2026-10-13T18:00:00-04:00,0,60.0,Mostly Clear,"Mostly clear, with a low around 60."
277,2026-10-09T13:41:48Z,KDCA,Wednesday,2026-10-14T06:00:00-04:00,1,71.0,Sunny,"Sunny, with a high near 71."
278,2026-10-09T13:41:48Z,KDCA,Wednesday Night,2026-10-14T18:00:00-04:00,0,55.0,Mostly Clear,"Mostly clear, with a low around 55."
279,2026-10-09T13:41:48Z,KDCA,Thursday,2026-10-15T06:00:00-04:00,1,68.0,Mostly Sunny,"Mostly sunny, with a high near 68."
280,2026-10-09T13:41:48Z,KDCA,Thursday Night,2026-10-15T18:00:00-04:00,0,56.0,Partly Cloudy,"Partly cloudy, with a low around 56."
1,2026-10-09T19:26:15Z,KATL,This Afternoon,2026-10-09T14:00:00-04:00,1,75.0,Slight Chance Light Rain,"A slight chance of rain after 5pm. Cloudy, with a high near 75. East wind 10 to 15 mph, with gusts as high as 30 mph. Chance of precipitation is 20%."
2,2026-10-09T19:26:15Z,KATL,Tonight,2026-10-09T18:00:00-04:00,0,62.0,Light Rain,"Rain before 2am, then rain and a chance of thunderstorms. Some of the storms could produce heavy rain. Cloudy, with a low around 62. East wind 15 to 20 mph, with gusts as high as 45 mph. Chance of precipitation is 100%. New rainfall amounts between 1 and 2 inches possible."
3,2026-10-09T19:26:15Z,KATL,Saturday,2026-10-10T06:00:00-04:00,1,73.0,Heavy Rain,"Rain and a chance of thunderstorms. Some of the storms could produce heavy rain. Cloudy, with a high near 73. East wind 15 to 20 mph, with gusts as high as 45 mph. Chance of precipitation is 100%. New rainfall amounts between 2 and 3 inches possible."
4,2026-10-09T19:26:15Z,KATL,Saturday Night,2026-10-10T18:00:00-04:00,0,64.0,Rain then Showers And Thunderstorms Likely,"Rain and a chance of thunderstorms before 8pm, then showers and thunderstorms likely. Mostly cloudy, with a low around 64. Southeast wind 10 to 20 mph, with gusts as high as 40 mph. Chance of precipitation is 80%."
5,2026-10-09T19:26:15Z,KATL,Sunday,2026-10-11T06:00:00-04:00,1,74.0,Partly Sunny,"Partly sunny, with a high near 74. Southwest wind 10 to 15 mph, with gusts as high as 25 mph."
6,2026-10-09T19:26:15Z,KATL,Sunday Night,2026-10-11T18:00:00-04:00,0,62.0,Partly Cloudy,"Partly cloudy, with a low around 62."
7,2026-10-09T19:26:15Z,KATL,Columbus Day,2026-10-12T06:00:00-04:00,1,83.0,Sunny,"Sunny, with a high near 83."
8,2026-10-09T19:26:15Z,KATL,Monday Night,2026-10-12T18:00:00-04:00,0,63.0,Clear,"Clear, with a low around 63."
9,2026-10-09T19:26:15Z,KATL,Tuesday,2026-10-13T06:00:00-04:00,1,86.0,Sunny,"Sunny, with a high near 86."
10,2026-10-09T19:26:15Z,KATL,Tuesday Night,2026-10-13T18:00:00-04:00,0,65.0,Clear,"Clear, with a low around 65."
11,2026-10-09T19:26:15Z,KATL,Wednesday,2026-10-14T06:00:00-04:00,1,86.0,Sunny,"Sunny, with a high near 86."
12,2026-10-09T19:26:15Z,KATL,Wednesday Night,2026-10-14T18:00:00-04:00,0,65.0,Clear,"Clear, with a low around 65."
13,2026-10-09T19:26:15Z,KATL,Thursday,2026-10-15T06:00:00-04:00,1,83.0,Sunny,"Sunny, with a high near 83."
14,2026-10-09T19:26:15Z,KATL,Thursday Night,2026-10-15T18:00:00-04:00,0,63.0,Mostly Clear,"Mostly clear, with a low around 63."
15,2026-10-09T19:26:15Z,KAUS,This Afternoon,2026-10-09T13:00:00-05:00,1,93.0,Sunny,"Sunny, with a high near 93. East northeast wind around 5 mph."
16,2026-10-09T19:26:15Z,KAUS,Tonight,2026-10-09T18:00:00-05:00,0,64.0,Mostly Clear,"Mostly clear, with a low around 64. Northeast wind 0 to 5 mph."
17,2026-10-09T19:26:15Z,KAUS,Saturday,2026-10-10T06:00:00-05:00,1,93.0,Sunny,"Sunny, with a high near 93. Southeast wind 0 to 5 mph."
18,2026-10-09T19:26:15Z,KAUS,Saturday Night,2026-10-10T18:00:00-05:00,0,66.0,Mostly Clear,"Mostly clear, with a low around 66. South wind 0 to 5 mph."
19,2026-10-09T19:26:15Z,KAUS,Sunday,2026-10-11T06:00:00-05:00,1,93.0,Sunny,"Sunny, with a high near 93. South wind 5 to 10 mph, with gusts as high as 25 mph."
20,2026-10-09T19:26:15Z,KAUS,Sunday Night,2026-10-11T18:00:00-05:00,0,70.0,Partly Cloudy,"Partly cloudy, with a low around 70. South southeast wind 5 to 10 mph, with gusts as high as 25 mph."
21,2026-10-09T19:26:15Z,KAUS,Columbus Day,2026-10-12T06:00:00-05:00,1,93.0,Mostly Sunny,"Mostly sunny, with a high near 93. Southeast wind 5 to 10 mph, with gusts as high as 25 mph."
22,2026-10-09T19:26:15Z,KAUS,Monday Night,2026-10-12T18:00:00-05:00,0,75.0,Partly Cloudy,"Partly cloudy, with a low around 75. South southeast wind 5 to 10 mph, with gusts as high as 20 mph."
23,2026-10-09T19:26:15Z,KAUS,Tuesday,2026-10-13T06:00:00-05:00,1,95.0,Mostly Sunny,"Mostly sunny, with a high near 95. South wind 5 to 10 mph, with gusts as high as 25 mph."
24,2026-10-09T19:26:15Z,KAUS,Tuesday Night,2026-10-13T18:00:00-05:00,0,76.0,Partly Cloudy,"Partly cloudy, with a low around 76."
25,2026-10-09T19:26:15Z,KAUS,Wednesday,2026-10-14T06:00:00-05:00,1,95.0,Mostly Sunny,"Mostly sunny, with a high near 95."
26,2026-10-09T19:26:15Z,KAUS,Wednesday Night,2026-10-14T18:00:00-05:00,0,75.0,Mostly Clear,"Mostly clear, with a low around 75."
27,2026-10-09T19:26:15Z,KAUS,Thursday,2026-10-15T06:00:00-05:00,1,92.0,Mostly Sunny then Slight Chance Showers And Thunderstorms,"A slight chance of showers and thunderstorms after 1pm. Mostly sunny, with a high near 92. Chance of precipitation is 20%."
28,2026-10-09T19:26:15Z,KAUS,Thursday Night,2026-10-15T18:00:00-05:00,0,71.0,Chance Showers And Thunderstorms,"A chance of showers and thunderstorms. Mostly clear, with a low around 71."
29,2026-10-09T19:26:15Z,KBOS,This Afternoon,2026-10-09T15:00:00-04:00,1,66.0,Sunny,"Sunny, with a high near 66. West wind around 15 mph, with gusts as high as 29 mph."
30,2026-10-09T19:26:15Z,KBOS,Tonight,2026-10-09T18:00:00-04:00,0,47.0,Mostly Clear,"Mostly clear, with a low around 47. West wind 8 to 12 mph, with gusts as high as 26 mph."
31,2026-10-09T19:26:15Z,KBOS,Saturday,2026-10-10T06:00:00-04:00,1,63.0,Sunny,"Sunny, with a high near 63. Northwest wind 3 to 9 mph."
32,2026-10-09T19:26:15Z,KBOS,Saturday Night,2026-10-10T18:00:00-04:00,0,50.0,Partly Cloudy,"Partly cloudy, with a low around 50. Northeast wind around 2 mph."
33,2026-10-09T19:26:15Z,KBOS,Sunday,2026-10-11T06:00:00-04:00,1,64.0,Partly Sunny,"Partly sunny, with a high near 64. South wind 2 to 8 mph."
34,2026-10-09T19:26:15Z,KBOS,Sunday Night,2026-10-11T18:00:00-04:00,0,57.0,Rain,"Rain after 8pm. Cloudy, with a low around 57. Southeast wind 5 to 9 mph. Chance of precipitation is 100%."
35,2026-10-09T19:26:15Z,KBOS,Columbus Day,2026-10-12T06:00:00-04:00,1,65.0,Rain then Mostly Cloudy,"Rain before 10am. Mostly cloudy, with a high near 65. Northeast wind 5 to 9 mph. Chance of precipitation is 90%."
36,2026-10-09T19:26:15Z,KBOS,Monday Night,2026-10-12T18:00:00-04:00,0,55.0,Partly Cloudy,"Partly cloudy, with a low around 55. Northwest wind 2 to 6 mph."
37,2026-10-09T19:26:15Z,KBOS,Tuesday,2026-10-13T06:00:00-04:00,1,64.0,Chance Rain Showers,"A chance of rain showers after 7am. Partly sunny, with a high near 64. East wind 6 to 12 mph. Chance of precipitation is 50%."
38,2026-10-09T19:26:15Z,KBOS,Tuesday Night,2026-10-13T18:00:00-04:00,0,53.0,Rain Showers Likely,"Rain showers likely. Mostly cloudy, with a low around 53. West wind around 14 mph. Chance of precipitation is 60%."
39,2026-10-09T19:26:15Z,KBOS,Wednesday,2026-10-14T06:00:00-04:00,1,59.0,Chance Rain Showers,"A chance of rain showers. Partly sunny, with a high near 59. Northwest wind around 15 mph. Chance of precipitation is 30%."
40,2026-10-09T19:26:15Z,KBOS,Wednesday Night,2026-10-14T18:00:00-04:00,0,47.0,Slight Chance Rain Showers then Partly Cloudy,"A slight chance of rain showers before 7pm. Partly cloudy, with a low around 47. Northwest wind around 12 mph."
41,2026-10-09T19:26:15Z,KBOS,Thursday,2026-10-15T06:00:00-04:00,1,57.0,Sunny,"Sunny, with a high near 57. North wind around 10 mph."
42,2026-10-09T19:26:15Z,KBOS,Thursday Night,2026-10-15T18:00:00-04:00,0,48.0,Partly Cloudy,"Partly cloudy, with a low around 48. South wind around 8 mph."
43,2026-10-09T19:26:15Z,KMDW,This Afternoon,2026-10-09T13:00:00-05:00,1,71.0,Chance Showers And Thunderstorms,"A chance of showers and thunderstorms before 5pm, then a slight chance of showers and thunderstorms. Partly sunny, with a high near 71. Southeast wind 5 to 10 mph. Chance of precipitation is 40%. New rainfall amounts less than a tenth of an inch possible."
44,2026-10-09T19:26:15Z,KMDW,Tonight,2026-10-09T18:00:00-05:00,0,60.0,Mostly Clear,"Mostly clear, with a low around 60. Southeast wind around 10 mph, with gusts as high as 20 mph. New rainfall amounts less than a tenth of an inch possible."
45,2026-10-09T19:26:15Z,KMDW,Saturday,2026-10-10T06:00:00-05:00,1,79.0,Mostly Sunny,"Mostly sunny. High near 79, with temperatures falling to around 77 in the afternoon. South southeast wind 10 to 15 mph."
46,2026-10-09T19:26:15Z,KMDW,Saturday Night,2026-10-10T18:00:00-05:00,0,61.0,Mostly Cloudy,"Mostly cloudy, with a low around 61. Southeast wind 5 to 10 mph, with gusts as high as 20 mph."
47,2026-10-09T19:26:15Z,KMDW,Sunday,2026-10-11T06:00:00-05:00,1,72.0,Partly Sunny,"Partly sunny, with a high near 72. East northeast wind around 5 mph."
48,2026-10-09T19:26:15Z,KMDW,Sunday Night,2026-10-11T18:00:00-05:00,0,59.0,Mostly Clear,"Mostly clear, with a low around 59."
49,2026-10-09T19:26:15Z,KMDW,Columbus Day,2026-10-12T06:00:00-05:00,1,82.0,Mostly Sunny,"Mostly sunny, with a high near 82."
50,2026-10-09T19:26:15Z,KMDW,Monday Night,2026-10-12T18:00:00-05:00,0,63.0,Chance Showers And Thunderstorms,"A chance of showers and thunderstorms between 7pm and 1am, then a chance of showers and thunderstorms. Partly cloudy, with a low around 63."
51,2026-10-09T19:26:15Z,KMDW,Tuesday,2026-10-13T06:00:00-05:00,1,71.0,Chance Showers And Thunderstorms then Mostly Sunny,"A chance of showers and thunderstorms before 7am. Mostly sunny, with a high near 71."
52,2026-10-09T19:26:15Z,KMDW,Tuesday Night,2026-10-13T18:00:00-05:00,0,55.0,Partly Cloudy then Slight Chance Showers And Thunderstorms,"A slight chance of showers and thunderstorms after 1am. Partly cloudy, with a low around 55."
53,2026-10-09T19:26:15Z,KMDW,Wednesday,2026-10-14T06:00:00-05:00,1,66.0,Chance Showers And Thunderstorms,"A chance of showers and thunderstorms. Mostly sunny, with a high near 66."
54,2026-10-09T19:26:15Z,KMDW,Wednesday Night,2026-10-14T18:00:00-05:00,0,54.0,Chance Rain Showers,"A chance of rain showers before 1am, then a chance of showers and thunderstorms. Mostly cloudy, with a low around 54."
55,2026-10-09T19:26:15Z,KMDW,Thursday,2026-10-15T06:00:00-05:00,1,67.0,Chance Showers And Thunderstorms,"A chance of showers and thunderstorms. Mostly cloudy, with a high near 67."
56,2026-10-09T19:26:15Z,KMDW,Thursday Night,2026-10-15T18:00:00-05:00,0,52.0,Chance Showers And Thunderstorms,"A chance of showers and thunderstorms. Mostly cloudy, with a low around 52."
57,2026-10-09T19:26:15Z,KDFW,This Afternoon,2026-10-09T13:00:00-05:00,1,89.0,Sunny,"Sunny, with a high near 89. East wind around 5 mph."
58,2026-10-09T19:26:15Z,KDFW,Tonight,2026-10-09T18:00:00-05:00,0,65.0,Clear,"Clear. Low around 65, with temperatures rising to around 67 overnight. Southeast wind 0 to 5 mph."
59,2026-10-09T19:26:15Z,KDFW,Saturday,2026-10-10T06:00:00-05:00,1,91.0,Sunny,"Sunny, with a high near 91. Southeast wind 0 to 5 mph."
60,2026-10-09T19:26:15Z,KDFW,Saturday Night,2026-10-10T18:00:00-05:00,0,69.0,Clear,"Clear, with a low around 69. South wind around 5 mph."
61,2026-10-09T19:26:15Z,KDFW,Sunday,2026-10-11T06:00:00-05:00,1,92.0,Sunny,"Sunny. High near 92, with temperatures falling to around 90 in the afternoon. South wind 5 to 15 mph, with gusts as high as 30 mph."
62,2026-10-09T19:26:15Z,KDFW,Sunday Night,2026-10-11T18:00:00-05:00,0,71.0,Mostly Clear,"Mostly clear. Low around 71, with temperatures rising to around 73 overnight. South wind around 10 mph, with gusts as high as 25 mph."
63,2026-10-09T19:26:15Z,KDFW,Columbus Day,2026-10-12T06:00:00-05:00,1,90.0,Sunny,"Sunny, with a high near 90. South wind 10 to 15 mph, with gusts as high as 30 mph."
64,2026-10-09T19:26:15Z,KDFW,Monday Night,2026-10-12T18:00:00-05:00,0,75.0,Mostly Clear,"Mostly clear, with a low around 75. South wind around 10 mph, with gusts as high as 25 mph."
65,2026-10-09T19:26:15Z,KDFW,Tuesday,2026-10-13T06:00:00-05:00,1,93.0,Sunny,"Sunny, with a high near 93. South wind 10 to 15 mph, with gusts as high as 25 mph."
66,2026-10-09T19:26:15Z,KDFW,Tuesday Night,2026-10-13T18:00:00-05:00,0,77.0,Mostly Clear,"Mostly clear, with a low around 77."
67,2026-10-09T19:26:15Z,KDFW,Wednesday,2026-10-14T06:00:00-05:00,1,93.0,Sunny,"Sunny, with a high near 93."
68,2026-10-09T19:26:15Z,KDFW,Wednesday Night,2026-10-14T18:00:00-05:00,0,75.0,Chance Showers And Thunderstorms,"A chance of showers and thunderstorms after 7pm. Mostly clear, with a low around 75. Chance of precipitation is 30%."
69,2026-10-09T19:26:15Z,KDFW,Thursday,2026-10-15T06:00:00-05:00,1,88.0,Chance Showers And Thunderstorms,"A chance of showers and thunderstorms before 7am, then a chance of showers and thunderstorms between 7am and 1pm, then a chance of showers and thunderstorms. Mostly sunny, with a high near 88. Chance of precipitation is 50%."
70,2026-10-09T19:26:15Z,KDFW,Thursday Night,2026-10-15T18:00:00-05:00,0,68.0,Chance Showers And Thunderstorms,"A chance of showers and thunderstorms. Mostly cloudy, with a low around 68. Chance of precipitation is 40%."
71,2026-10-09T19:26:15Z,KDEN,This Afternoon,2026-10-09T13:00:00-06:00,1,86.0,Sunny,"Sunny. High near 86, with temperatures falling to around 83 in the afternoon. South southwest wind 5 to 9 mph."
72,2026-10-09T19:26:15Z,KDEN,Tonight,2026-10-09T18:00:00-06:00,0,56.0,Mostly Clear,"Mostly clear. Low around 56, with temperatures rising to around 58 overnight. South southwest wind 9 to 13 mph, with gusts as high as 20 mph."
73,2026-10-09T19:26:15Z,KDEN,Saturday,2026-10-10T06:00:00-06:00,1,84.0,Sunny,"Sunny. High near 84, with temperatures falling to around 82 in the afternoon. West southwest wind 7 to 13 mph, with gusts as high as 20 mph."
74,2026-10-09T19:26:15Z,KDEN,Saturday Night,2026-10-10T18:00:00-06:00,0,58.0,Mostly Cloudy,"Mostly cloudy, with a low around 58. Southwest wind 5 to 9 mph."
75,2026-10-09T19:26:15Z,KDEN,Sunday,2026-10-11T06:00:00-06:00,1,82.0,Mostly Cloudy,"Mostly cloudy, with a high near 82. South wind 6 to 12 mph, with gusts as high as 23 mph."
76,2026-10-09T19:26:15Z,KDEN,Sunday Night,2026-10-11T18:00:00-06:00,0,57.0,Partly Cloudy,"Partly cloudy, with a low around 57."
77,2026-10-09T19:26:15Z,KDEN,Columbus Day,2026-10-12T06:00:00-06:00,1,76.0,Sunny,"Sunny, with a high near 76."
78,2026-10-09T19:26:15Z,KDEN,Monday Night,2026-10-12T18:00:00-06:00,0,51.0,Mostly Clear,"Mostly clear, with a low around 51."
79,2026-10-09T19:26:15Z,KDEN,Tuesday,2026-10-13T06:00:00-06:00,1,72.0,Sunny,"Sunny, with a high near 72."
80,2026-10-09T19:26:15Z,KDEN,Tuesday Night,2026-10-13T18:00:00-06:00,0,48.0,Chance Rain Showers,"A chance of rain showers. Mostly cloudy, with a low around 48."
81,2026-10-09T19:26:15Z,KDEN,Wednesday,2026-10-14T06:00:00-06:00,1,68.0,Chance Rain Showers,"A chance of rain showers. Partly sunny, with a high near 68."
82,2026-10-09T19:26:15Z,KDEN,Wednesday Night,2026-10-14T18:00:00-06:00,0,45.0,Chance Rain Showers,"A chance of rain showers. Mostly cloudy, with a low around 45."
83,2026-10-09T19:26:15Z,KDEN,Thursday,2026-10-15T06:00:00-06:00,1,66.0,Slight Chance Rain Showers,"A slight chance of rain showers. Mostly sunny, with a high near 66."
84,2026-10-09T19:26:15Z,KDEN,Thursday Night,2026-10-15T18:00:00-06:00,0,41.0,Slight Chance Rain Showers then Slight Chance Rain And Snow Showers,"A slight chance of rain showers before 3am, then a slight chance of rain and snow showers. Partly cloudy, with a low around 41."
85,2026-10-09T19:26:15Z,KIAH,This Afternoon,2026-10-09T14:00:00-05:00,1,93.0,Sunny,"Sunny, with a high near 93. Northeast wind 5 to 10 mph."
86,2026-10-09T19:26:15Z,KIAH,Tonight,2026-10-09T18:00:00-05:00,0,66.0,Clear,"Clear, with a low around 66. North wind 0 to 5 mph."
87,2026-10-09T19:26:15Z,KIAH,Saturday,2026-10-10T06:00:00-05:00,1,93.0,Sunny,"Sunny, with a high near 93. East wind 5 to 10 mph."
88,2026-10-09T19:26:15Z,KIAH,Saturday Night,2026-10-10T18:00:00-05:00,0,71.0,Clear,"Clear, with a low around 71. South wind 0 to 5 mph."
89,2026-10-09T19:26:15Z,KIAH,Sunday,2026-10-11T06:00:00-05:00,1,93.0,Sunny,"Sunny, with a high near 93. South wind 0 to 15 mph, with gusts as high as 25 mph."
90,2026-10-09T19:26:15Z,KIAH,Sunday Night,2026-10-11T18:00:00-05:00,0,73.0,Mostly Clear,"Mostly clear, with a low around 73."
91,2026-10-09T19:26:15Z,KIAH,Columbus Day,2026-10-12T06:00:00-05:00,1,92.0,Mostly Sunny,"Mostly sunny, with a high near 92."
92,2026-10-09T19:26:15Z,KIAH,Monday Night,2026-10-12T18:00:00-05:00,0,76.0,Partly Cloudy,"Partly cloudy, with a low around 76."
93,2026-10-09T19:26:15Z,KIAH,Tuesday,2026-10-13T06:00:00-05:00,1,93.0,Mostly Sunny then Chance Showers And Thunderstorms,"A chance of showers and thunderstorms after 1pm. Mostly sunny, with a high near 93. Chance of precipitation is 40%."
94,2026-10-09T19:26:15Z,KIAH,Tuesday Night,2026-10-13T18:00:00-05:00,0,77.0,Chance Showers And Thunderstorms then Mostly Clear,"A chance of showers and thunderstorms before 7pm. Mostly clear, with a low around 77. Chance of precipitation is 40%."
95,2026-10-09T19:26:15Z,KIAH,Wednesday,2026-10-14T06:00:00-05:00,1,93.0,Sunny then Slight Chance Showers And Thunderstorms,"A slight chance of showers and thunderstorms after 1pm. Sunny, with a high near 93. Chance of precipitation is 20%."
96,2026-10-09T19:26:15Z,KIAH,Wednesday Night,2026-10-14T18:00:00-05:00,0,76.0,Slight Chance Showers And Thunderstorms then Mostly Clear,"A slight chance of showers and thunderstorms before 7pm. Mostly clear, with a low around 76. Chance of precipitation is 20%."
97,2026-10-09T19:26:15Z,KIAH,Thursday,2026-10-15T06:00:00-05:00,1,92.0,Sunny then Slight Chance Rain Showers,"A slight chance of rain showers after 1pm. Sunny, with a high near 92. Chance of precipitation is 20%."
98,2026-10-09T19:26:15Z,KIAH,Thursday Night,2026-10-15T18:00:00-05:00,0,75.0,Slight Chance Rain Showers,"A slight chance of rain showers. Mostly clear, with a low around 75."
99,2026-10-09T19:26:15Z,KLAS,Today,2026-10-09T11:00:00-07:00,1,97.0,Mostly Sunny,"Mostly sunny, with a high near 97. Southeast wind 3 to 8 mph."
100,2026-10-09T19:26:15Z,KLAS,Tonight,2026-10-09T18:00:00-07:00,0,73.0,Mostly Clear,"Mostly clear. Low around 73, with temperatures rising to around 75 overnight. South southwest wind around 8 mph."
101,2026-10-09T19:26:15Z,KLAS,Saturday,2026-10-10T06:00:00-07:00,1,90.0,Mostly Cloudy then Slight Chance Showers And Thunderstorms,"A slight chance of showers and thunderstorms after 5pm. Mostly cloudy. High near 90, with temperatures falling to around 87 in the afternoon. South southwest wind 9 to 20 mph, with gusts as high as 29 mph. Chance of precipitation is 20%."
102,2026-10-09T19:26:15Z,KLAS,Saturday Night,2026-10-10T18:00:00-07:00,0,67.0,Slight Chance Showers And Thunderstorms then Showers And Thunderstorms,"A slight chance of showers and thunderstorms before 11pm, then showers and thunderstorms. Cloudy, with a low around 67. South southeast wind 9 to 17 mph, with gusts as high as 26 mph. Chance of precipitation is 100%."
103,2026-10-09T19:26:15Z,KLAS,Sunday,2026-10-11T06:00:00-07:00,1,74.0,Showers And Thunderstorms,"Showers and thunderstorms before 11am, then patchy blowing dust and showers and thunderstorms. Cloudy, with a high near 74. South wind 12 to 26 mph, with gusts as high as 41 mph. Chance of precipitation is 100%."
104,2026-10-09T19:26:15Z,KLAS,Sunday Night,2026-10-11T18:00:00-07:00,0,60.0,Chance Rain Showers then Partly Cloudy,"A chance of rain showers before 11pm. Partly cloudy, with a low around 60. Chance of precipitation is 50%."
105,2026-10-09T19:26:15Z,KLAS,Columbus Day,2026-10-12T06:00:00-07:00,1,72.0,Chance Rain Showers,"A chance of rain showers between 11am and 5pm, then a chance of showers and thunderstorms. Mostly sunny, with a high near 72."
106,2026-10-09T19:26:15Z,KLAS,Monday Night,2026-10-12T18:00:00-07:00,0,55.0,Chance Showers And Thunderstorms,"A chance of showers and thunderstorms. Mostly cloudy, with a low around 55."
107,2026-10-09T19:26:15Z,KLAS,Tuesday,2026-10-13T06:00:00-07:00,1,70.0,Chance Rain Showers,"A chance of rain showers. Mostly sunny, with a high near 70."
108,2026-10-09T19:26:15Z,KLAS,Tuesday Night,2026-10-13T18:00:00-07:00,0,54.0,Slight Chance Rain Showers,"A slight chance of rain showers before 5am. Partly cloudy, with a low around 54."
109,2026-10-09T19:26:15Z,KLAS,Wednesday,2026-10-14T06:00:00-07:00,1,74.0,Sunny,"Sunny, with a high near 74."
110,2026-10-09T19:26:15Z,KLAS,Wednesday Night,2026-10-14T18:00:00-07:00,0,56.0,Clear,"Clear, with a low around 56."
111,2026-10-09T19:26:15Z,KLAS,Thursday,2026-10-15T06:00:00-07:00,1,78.0,Sunny,"Sunny, with a high near 78."
112,2026-10-09T19:26:15Z,KLAS,Thursday Night,2026-10-15T18:00:00-07:00,0,59.0,Clear,"Clear, with a low around 59."
113,2026-10-09T19:26:15Z,KLAX,Today,2026-10-09T11:00:00-07:00,1,78.0,Sunny,"Sunny, with a high near 78. West southwest wind around 10 mph."
114,2026-10-09T19:26:15Z,KLAX,Tonight,2026-10-09T18:00:00-07:00,0,67.0,Patchy Fog,"Patchy fog after 11pm. Mostly cloudy, with a low around 67. South wind 5 to 10 mph."
115,2026-10-09T19:26:15Z,KLAX,Saturday,2026-10-10T06:00:00-07:00,1,74.0,Patchy Fog then Slight Chance Rain Showers,"Patchy fog before 11am, then a slight chance of rain showers. Mostly cloudy, with a high near 74. South southwest wind 5 to 15 mph, with gusts as high as 20 mph. Chance of precipitation is 20%."
116,2026-10-09T19:26:15Z,KLAX,Saturday Night,2026-10-10T18:00:00-07:00,0,65.0,Chance Rain Showers,"A chance of rain showers. Cloudy, with a low around 65. West northwest wind 5 to 15 mph. Chance of precipitation is 50%. New rainfall amounts between a quarter and half of an inch possible."
117,2026-10-09T19:26:15Z,KLAX,Sunday,2026-10-11T06:00:00-07:00,1,69.0,Chance Rain Showers,"A chance of rain showers before 5pm. Mostly cloudy, with a high near 69. West southwest wind 10 to 20 mph, with gusts as high as 25 mph. Chance of precipitation is 50%. New rainfall amounts between a quarter and half of an inch possible."
118,2026-10-09T19:26:15Z,KLAX,Sunday Night,2026-10-11T18:00:00-07:00,0,58.0,Rain Showers Likely,"Rain showers likely after 11pm. Mostly cloudy, with a low around 58. Chance of precipitation is 70%."
119,2026-10-09T19:26:15Z,KLAX,Columbus Day,2026-10-12T06:00:00-07:00,1,66.0,Rain Showers Likely,"Rain showers likely. Mostly cloudy, with a high near 66."
120,2026-10-09T19:26:15Z,KLAX,Monday Night,2026-10-12T18:00:00-07:00,0,57.0,Chance Rain Showers,"A chance of rain showers before 5am. Mostly cloudy, with a low around 57."
121,2026-10-09T19:26:15Z,KLAX,Tuesday,2026-10-13T06:00:00-07:00,1,68.0,Mostly Sunny,"Mostly sunny, with a high near 68."
122,2026-10-09T19:26:15Z,KLAX,Tuesday Night,2026-10-13T18:00:00-07:00,0,59.0,Mostly Clear,"Mostly clear, with a low around 59."
123,2026-10-09T19:26:15Z,KLAX,Wednesday,2026-10-14T06:00:00-07:00,1,72.0,Sunny,"Sunny, with a high near 72."
124,2026-10-09T19:26:15Z,KLAX,Wednesday Night,2026-10-14T18:00:00-07:00,0,61.0,Mostly Clear,"Mostly clear, with a low around 61."
125,2026-10-09T19:26:15Z,KLAX,Thursday,2026-10-15T06:00:00-07:00,1,79.0,Sunny,"Sunny, with a high near 79."
126,2026-10-09T19:26:15Z,KLAX,Thursday Night,2026-10-15T18:00:00-07:00,0,65.0,Mostly Clear,"Mostly clear, with a low around 65."
127,2026-10-09T19:26:15Z,KMIA,This Afternoon,2026-10-09T15:00:00-04:00,1,90.0,Slight Chance Showers And Thunderstorms,"A slight chance of showers and thunderstorms before 5pm. Mostly sunny, with a high near 90. Southeast wind around 15 mph, with gusts as high as 28 mph. Chance of precipitation is 20%. New rainfall amounts less than a tenth of an inch possible."
128,2026-10-09T19:26:15Z,KMIA,Tonight,2026-10-09T18:00:00-04:00,0,80.0,Slight Chance Showers And Thunderstorms,"A slight chance of showers and thunderstorms between 10pm and 2am, then a chance of showers and thunderstorms between 2am and 5am, then a chance of showers and thunderstorms. Partly cloudy, with a low around 80. Southeast wind around 12 mph, with gusts as high as 20 mph. Chance of precipitation is 30%. New rainfall amounts less than a tenth of an inch possible."
129,2026-10-09T19:26:15Z,KMIA,Saturday,2026-10-10T06:00:00-04:00,1,91.0,Chance Showers And Thunderstorms,"A chance of showers and thunderstorms. Mostly sunny, with a high near 91. Heat index values as high as 101. South wind 10 to 15 mph, with gusts as high as 29 mph. Chance of precipitation is 40%. New rainfall amounts less than a tenth of an inch possible."
130,2026-10-09T19:26:15Z,KMIA,Saturday Night,2026-10-10T18:00:00-04:00,0,81.0,Chance Showers And Thunderstorms,"A chance of showers and thunderstorms before midnight, then a chance of showers and thunderstorms between 2am and 3am, then a slight chance of showers and thunderstorms between 3am and 4am. Partly cloudy, with a low around 81. Southeast wind 8 to 12 mph, with gusts as high as 20 mph. Chance of precipitation is 30%."
131,2026-10-09T19:26:15Z,KMIA,Sunday,2026-10-11T06:00:00-04:00,1,91.0,Mostly Sunny then Slight Chance Showers And Thunderstorms,"A slight chance of showers and thunderstorms after 2pm. Mostly sunny, with a high near 91. Southeast wind around 12 mph, with gusts as high as 18 mph. Chance of precipitation is 20%."
132,2026-10-09T19:26:15Z,KMIA,Sunday Night,2026-10-11T18:00:00-04:00,0,79.0,Slight Chance Showers And Thunderstorms then Mostly Clear,"A slight chance of showers and thunderstorms before 8pm. Mostly clear, with a low around 79. East wind 5 to 8 mph. Chance of precipitation is 20%."
133,2026-10-09T19:26:15Z,KMIA,Columbus Day,2026-10-12T06:00:00-04:00,1,90.0,Sunny then Chance Showers And Thunderstorms,"A chance of showers and thunderstorms after 2pm. Sunny, with a high near 90. Northeast wind 5 to 12 mph, with gusts as high as 18 mph. Chance of precipitation is 30%."
134,2026-10-09T19:26:15Z,KMIA,Monday Night,2026-10-12T18:00:00-04:00,0,76.0,Chance Showers And Thunderstorms then Partly Cloudy,"A chance of showers and thunderstorms before 8pm. Partly cloudy, with a low around 76. Northeast wind 7 to 10 mph. Chance of precipitation is 30%."
135,2026-10-09T19:26:15Z,KMIA,Tuesday,2026-10-13T06:00:00-04:00,1,89.0,Sunny,"Sunny, with a high near 89. Northeast wind around 10 mph."
136,2026-10-09T19:26:15Z,KMIA,Tuesday Night,2026-10-13T18:00:00-04:00,0,74.0,Mostly Clear,"Mostly clear, with a low around 74."
137,2026-10-09T19:26:15Z,KMIA,Wednesday,2026-10-14T06:00:00-04:00,1,88.0,Sunny,"Sunny, with a high near 88."
138,2026-10-09T19:26:15Z,KMIA,Wednesday Night,2026-10-14T18:00:00-04:00,0,76.0,Mostly Clear,"Mostly clear, with a low around 76."
139,2026-10-09T19:26:15Z,KMIA,Thursday,2026-10-15T06:00:00-04:00,1,88.0,Sunny then Slight Chance Showers And Thunderstorms,"A slight chance of showers and thunderstorms after 2pm. Sunny, with a high near 88. Chance of precipitation is 20%."
140,2026-10-09T19:26:15Z,KMIA,Thursday Night,2026-10-15T18:00:00-04:00,0,77.0,Slight Chance Showers And Thunderstorms,"A slight chance of showers and thunderstorms before 2am. Mostly clear, with a low around 77."
141,2026-10-09T19:26:15Z,KMSP,This Afternoon,2026-10-09T14:00:00-05:00,1,75.0,Sunny,"Sunny, with a high near 75. Southeast wind around 15 mph."
142,2026-10-09T19:26:15Z,KMSP,Tonight,2026-10-09T18:00:00-05:00,0,61.0,Partly Cloudy,"Partly cloudy, with a low around 61. Southeast wind 10 to 15 mph."
143,2026-10-09T19:26:15Z,KMSP,Saturday,2026-10-10T06:00:00-05:00,1,88.0,Sunny,"Sunny, with a high near 88. South wind 10 to 20 mph, with gusts as high as 40 mph."
144,2026-10-09T19:26:15Z,KMSP,Saturday Night,2026-10-10T18:00:00-05:00,0,68.0,Clear,"Clear, with a low around 68. South wind 15 to 20 mph, with gusts as high as 40 mph."
145,2026-10-09T19:26:15Z,KMSP,Sunday,2026-10-11T06:00:00-05:00,1,86.0,Sunny,"Sunny, with a high near 86. South wind around 15 mph."
146,2026-10-09T19:26:15Z,KMSP,Sunday Night,2026-10-11T18:00:00-05:00,0,63.0,Mostly Cloudy,"Mostly cloudy, with a low around 63. Southwest wind 10 to 15 mph."
147,2026-10-09T19:26:15Z,KMSP,Columbus Day,2026-10-12T06:00:00-05:00,1,74.0,Partly Sunny then Slight Chance Rain Showers,"A slight chance of rain showers after 1pm. Partly sunny. High near 74, with temperatures falling to around 70 in the afternoon. North northwest wind 10 to 15 mph. Chance of precipitation is 20%."
148,2026-10-09T19:26:15Z,KMSP,Monday Night,2026-10-12T18:00:00-05:00,0,52.0,Slight Chance Rain Showers then Mostly Cloudy,"A slight chance of rain showers before 7pm. Mostly cloudy, with a low around 52. North wind 5 to 15 mph. Chance of precipitation is 20%."
149,2026-10-09T19:26:15Z,KMSP,Tuesday,2026-10-13T06:00:00-05:00,1,63.0,Partly Sunny,"Partly sunny, with a high near 63. North wind around 5 mph."
150,2026-10-09T19:26:15Z,KMSP,Tuesday Night,2026-10-13T18:00:00-05:00,0,48.0,Partly Cloudy,"Partly cloudy, with a low around 48. Northeast wind 0 to 5 mph."
151,2026-10-09T19:26:15Z,KMSP,Wednesday,2026-10-14T06:00:00-05:00,1,63.0,Mostly Sunny then Slight Chance Rain Showers,"A slight chance of rain showers after 1pm. Mostly sunny, with a high near 63. East wind 5 to 10 mph. Chance of precipitation is 20%."
152,2026-10-09T19:26:15Z,KMSP,Wednesday Night,2026-10-14T18:00:00-05:00,0,50.0,Chance Showers And Thunderstorms,"A slight chance of rain showers before 7pm, then a chance of showers and thunderstorms. Mostly cloudy, with a low around 50. Southeast wind 5 to 10 mph. Chance of precipitation is 50%."
153,2026-10-09T19:26:15Z,KMSP,Thursday,2026-10-15T06:00:00-05:00,1,62.0,Chance Rain Showers,"A chance of rain showers. Mostly cloudy, with a high near 62. South southwest wind 10 to 15 mph, with gusts as high as 35 mph. Chance of precipitation is 50%."
154,2026-10-09T19:26:15Z,KMSP,Thursday Night,2026-10-15T18:00:00-05:00,0,47.0,Chance Rain Showers,"A chance of rain showers. Mostly cloudy, with a low around 47. West wind 10 to 15 mph, with gusts as high as 30 mph. Chance of precipitation is 50%."
155,2026-10-09T19:26:15Z,KMSY,This Afternoon,2026-10-09T14:00:00-05:00,1,81.0,Partly Sunny,"Partly sunny. High near 81, with temperatures falling to around 79 in the afternoon. Northeast wind 20 to 25 mph, with gusts as high as 50 mph."
156,2026-10-09T19:26:15Z,KMSY,Tonight,2026-10-09T18:00:00-05:00,0,68.0,Mostly Cloudy then Slight Chance Rain Showers,"A slight chance of rain showers between 3am and 4am. Mostly cloudy, with a low around 68. North wind 15 to 30 mph, with gusts as high as 45 mph. Chance of precipitation is 20%. New rainfall amounts less than a tenth of an inch possible."
157,2026-10-09T19:26:15Z,KMSY,Saturday,2026-10-10T06:00:00-05:00,1,82.0,Chance Rain Showers then Mostly Sunny,"A chance of rain showers before 7am. Mostly sunny, with a high near 82. Northwest wind 10 to 15 mph, with gusts as high as 25 mph. Chance of precipitation is 40%. New rainfall amounts less than a tenth of an inch possible."
158,2026-10-09T19:26:15Z,KMSY,Saturday Night,2026-10-10T18:00:00-05:00,0,66.0,Clear,"Clear, with a low around 66. Southwest wind 5 to 10 mph."
159,2026-10-09T19:26:15Z,KMSY,Sunday,2026-10-11T06:00:00-05:00,1,87.0,Sunny,"Sunny, with a high near 87. Northwest wind around 5 mph."
160,2026-10-09T19:26:15Z,KMSY,Sunday Night,2026-10-11T18:00:00-05:00,0,68.0,Mostly Clear,"Mostly clear, with a low around 68. South wind 0 to 5 mph."
161,2026-10-09T19:26:15Z,KMSY,Columbus Day,2026-10-12T06:00:00-05:00,1,87.0,Sunny,"Sunny, with a high near 87. East wind 0 to 5 mph."
162,2026-10-09T19:26:15Z,KMSY,Monday Night,2026-10-12T18:00:00-05:00,0,70.0,Mostly Clear,"Mostly clear, with a low around 70. South wind 0 to 5 mph."
163,2026-10-09T19:26:15Z,KMSY,Tuesday,2026-10-13T06:00:00-05:00,1,88.0,Sunny,"Sunny, with a high near 88. Southeast wind 0 to 5 mph."
164,2026-10-09T19:26:15Z,KMSY,Tuesday Night,2026-10-13T18:00:00-05:00,0,71.0,Mostly Clear,"Mostly clear, with a low around 71. South wind 0 to 5 mph."
165,2026-10-09T19:26:15Z,KMSY,Wednesday,2026-10-14T06:00:00-05:00,1,89.0,Sunny,"Sunny, with a high near 89. East wind 0 to 5 mph."
166,2026-10-09T19:26:15Z,KMSY,Wednesday Night,2026-10-14T18:00:00-05:00,0,72.0,Clear,"Clear, with a low around 72. South wind 0 to 5 mph."
167,2026-10-09T19:26:15Z,KMSY,Thursday,2026-10-15T06:00:00-05:00,1,88.0,Sunny,"Sunny, with a high near 88. Southeast wind 0 to 10 mph."
168,2026-10-09T19:26:15Z,KMSY,Thursday Night,2026-10-15T18:00:00-05:00,0,73.0,Clear,"Clear, with a low around 73. Southeast wind 5 to 10 mph."
169,2026-10-09T19:26:15Z,KNYC,Today,2026-10-09T06:00:00-04:00,1,71.0,Sunny,"Sunny, with a high near 71. West wind 3 to 10 mph, with gusts as high as 24 mph."
170,2026-10-09T19:26:15Z,KNYC,Tonight,2026-10-09T18:00:00-04:00,0,54.0,Mostly Cloudy,"Mostly cloudy, with a low around 54. Southwest wind 0 to 5 mph."
171,2026-10-09T19:26:15Z,KNYC,Saturday,2026-10-10T06:00:00-04:00,1,69.0,Partly Sunny,"Partly sunny. High near 69, with temperatures falling to around 67 in the afternoon. South wind around 1 mph."
172,2026-10-09T19:26:15Z,KNYC,Saturday Night,2026-10-10T18:00:00-04:00,0,56.0,Mostly Cloudy,"Mostly cloudy. Low around 56, with temperatures rising to around 58 overnight. Southeast wind around 2 mph."
173,2026-10-09T19:26:15Z,KNYC,Sunday,2026-10-11T06:00:00-04:00,1,66.0,Rain Showers,"Rain showers after 8am. Cloudy. High near 66, with temperatures falling to around 64 in the afternoon. Southeast wind 3 to 9 mph, with gusts as high as 22 mph. Chance of precipitation is 90%. New rainfall amounts between a half and three quarters of an inch possible."
174,2026-10-09T19:26:15Z,KNYC,Sunday Night,2026-10-11T18:00:00-04:00,0,59.0,Rain Showers,"Rain showers. Cloudy. Low around 59, with temperatures rising to around 61 overnight. Chance of precipitation is 90%. New rainfall amounts between three quarters and one inch possible."
175,2026-10-09T19:26:15Z,KNYC,Columbus Day,2026-10-12T06:00:00-04:00,1,69.0,Rain Showers Likely,"Rain showers likely before 2pm. Partly sunny, with a high near 69. Chance of precipitation is 60%."
176,2026-10-09T19:26:15Z,KNYC,Monday Night,2026-10-12T18:00:00-04:00,0,59.0,Partly Cloudy,"Partly cloudy, with a low around 59."
177,2026-10-09T19:26:15Z,KNYC,Tuesday,2026-10-13T06:00:00-04:00,1,73.0,Mostly Sunny then Slight Chance Rain Showers,"A slight chance of rain showers after 2pm. Mostly sunny, with a high near 73."
178,2026-10-09T19:26:15Z,KNYC,Tuesday Night,2026-10-13T18:00:00-04:00,0,57.0,Slight Chance Rain Showers,"A slight chance of rain showers. Partly cloudy, with a low around 57."
179,2026-10-09T19:26:15Z,KNYC,Wednesday,2026-10-14T06:00:00-04:00,1,68.0,Slight Chance Rain Showers then Mostly Sunny,"A slight chance of rain showers before 8am. Mostly sunny, with a high near 68."
180,2026-10-09T19:26:15Z,KNYC,Wednesday Night,2026-10-14T18:00:00-04:00,0,53.0,Mostly Clear,"Mostly clear, with a low around 53."
181,2026-10-09T19:26:15Z,KNYC,Thursday,2026-10-15T06:00:00-04:00,1,65.0,Sunny,"Sunny, with a high near 65."
182,2026-10-09T19:26:15Z,KNYC,Thursday Night,2026-10-15T18:00:00-04:00,0,55.0,Partly Cloudy,"Partly cloudy, with a low around 55."
183,2026-10-09T19:26:15Z,KOKC,This Afternoon,2026-10-09T13:00:00-05:00,1,90.0,Sunny,"Sunny, with a high near 90. South wind around 10 mph."
184,2026-10-09T19:26:15Z,KOKC,Tonight,2026-10-09T18:00:00-05:00,0,59.0,Clear,"Clear, with a low around 59. South wind 5 to 9 mph."
185,2026-10-09T19:26:15Z,KOKC,Saturday,2026-10-10T06:00:00-05:00,1,91.0,Sunny,"Sunny, with a high near 91. South southwest wind 5 to 12 mph."
186,2026-10-09T19:26:15Z,KOKC,Saturday Night,2026-10-10T18:00:00-05:00,0,63.0,Clear,"Clear, with a low around 63. South wind around 12 mph."
187,2026-10-09T19:26:15Z,KOKC,Sunday,2026-10-11T06:00:00-05:00,1,91.0,Sunny,"Sunny, with a high near 91. South southwest wind 10 to 20 mph, with gusts as high as 30 mph."
188,2026-10-09T19:26:15Z,KOKC,Sunday Night,2026-10-11T18:00:00-05:00,0,68.0,Clear,"Clear, with a low around 68."
189,2026-10-09T19:26:15Z,KOKC,Columbus Day,2026-10-12T06:00:00-05:00,1,92.0,Sunny,"Sunny, with a high near 92."
190,2026-10-09T19:26:15Z,KOKC,Monday Night,2026-10-12T18:00:00-05:00,0,72.0,Mostly Clear,"Mostly clear, with a low around 72."
191,2026-10-09T19:26:15Z,KOKC,Tuesday,2026-10-13T06:00:00-05:00,1,93.0,Sunny,"Sunny, with a high near 93."
192,2026-10-09T19:26:15Z,KOKC,Tuesday Night,2026-10-13T18:00:00-05:00,0,71.0,Chance Rain Showers,"A chance of rain showers between 7pm and 1am, then a chance of showers and thunderstorms. Partly cloudy, with a low around 71. Chance of precipitation is 30%."
193,2026-10-09T19:26:15Z,KOKC,Wednesday,2026-10-14T06:00:00-05:00,1,87.0,Chance Showers And Thunderstorms,"A chance of showers and thunderstorms before 7am, then a chance of showers and thunderstorms. Partly sunny, with a high near 87. Chance of precipitation is 50%."
194,2026-10-09T19:26:15Z,KOKC,Wednesday Night,2026-10-14T18:00:00-05:00,0,68.0,Chance Showers And Thunderstorms,"A chance of showers and thunderstorms. Partly cloudy, with a low around 68. Chance of precipitation is 50%."
195,2026-10-09T19:26:15Z,KOKC,Thursday,2026-10-15T06:00:00-05:00,1,82.0,Chance Showers And Thunderstorms,"A chance of showers and thunderstorms before 1pm, then a chance of showers and thunderstorms. Mostly sunny, with a high near 82. Chance of precipitation is 50%."
196,2026-10-09T19:26:15Z,KOKC,Thursday Night,2026-10-15T18:00:00-05:00,0,62.0,Chance Showers And Thunderstorms,"A chance of showers and thunderstorms. Partly cloudy, with a low around 62."
197,2026-10-09T19:26:15Z,KPHL,This Afternoon,2026-10-09T12:00:00-04:00,1,74.0,Mostly Sunny,"Mostly sunny, with a high near 74. West wind 10 to 15 mph."
198,2026-10-09T19:26:15Z,KPHL,Tonight,2026-10-09T18:00:00-04:00,0,53.0,Mostly Cloudy,"Mostly cloudy, with a low around 53. Northwest wind 5 to 10 mph."
199,2026-10-09T19:26:15Z,KPHL,Saturday,2026-10-10T06:00:00-04:00,1,73.0,Partly Sunny,"Partly sunny, with a high near 73. Northeast wind around 5 mph."
200,2026-10-09T19:26:15Z,KPHL,Saturday Night,2026-10-10T18:00:00-04:00,0,60.0,Mostly Cloudy then Chance Rain Showers,"A chance of rain showers after 2am. Mostly cloudy, with a low around 60. East wind around 5 mph. Chance of precipitation is 30%. New rainfall amounts less than a tenth of an inch possible."
201,2026-10-09T19:26:15Z,KPHL,Sunday,2026-10-11T06:00:00-04:00,1,68.0,Rain Showers,"Rain showers. Cloudy, with a high near 68. East wind 5 to 10 mph. Chance of precipitation is 100%. New rainfall amounts between three quarters and one inch possible."
202,2026-10-09T19:26:15Z,KPHL,Sunday Night,2026-10-11T18:00:00-04:00,0,63.0,Showers And Thunderstorms,"Rain showers before 8pm, then showers and thunderstorms. Cloudy, with a low around 63. Chance of precipitation is 100%. New rainfall amounts between three quarters and one inch possible."
203,2026-10-09T19:26:15Z,KPHL,Columbus Day,2026-10-12T06:00:00-04:00,1,72.0,Chance Showers And Thunderstorms,"Rain showers likely before 8am, then a chance of showers and thunderstorms between 8am and 2pm. Mostly cloudy, with a high near 72. Chance of precipitation is 60%."
204,2026-10-09T19:26:15Z,KPHL,Monday Night,2026-10-12T18:00:00-04:00,0,61.0,Partly Cloudy,"Partly cloudy, with a low around 61."
205,2026-10-09T19:26:15Z,KPHL,Tuesday,2026-10-13T06:00:00-04:00,1,75.0,Mostly Sunny,"Mostly sunny, with a high near 75."
206,2026-10-09T19:26:15Z,KPHL,Tuesday Night,2026-10-13T18:00:00-04:00,0,59.0,Slight Chance Rain Showers,"A slight chance of rain showers between 8pm and 2am. Partly cloudy, with a low around 59."
207,2026-10-09T19:26:15Z,KPHL,Wednesday,2026-10-14T06:00:00-04:00,1,69.0,Sunny,"Sunny, with a high near 69."
208,2026-10-09T19:26:15Z,KPHL,Wednesday Night,2026-10-14T18:00:00-04:00,0,54.0,Mostly Clear,"Mostly clear, with a low around 54."
209,2026-10-09T19:26:15Z,KPHL,Thursday,2026-10-15T06:00:00-04:00,1,66.0,Mostly Sunny,"Mostly sunny, with a high near 66."
210,2026-10-09T19:26:15Z,KPHL,Thursday Night,2026-10-15T18:00:00-04:00,0,55.0,Partly Cloudy,"Partly cloudy, with a low around 55."
211,2026-10-09T19:26:15Z,KPHX,This Afternoon,2026-10-09T12:00:00-07:00,1,103.0,Sunny,"Sunny. High near 103, with temperatures falling to around 101 in the afternoon. Southeast wind 5 to 15 mph, with gusts as high as 25 mph."
212,2026-10-09T19:26:15Z,KPHX,Tonight,2026-10-09T18:00:00-07:00,0,81.0,Partly Cloudy then Slight Chance Showers And Thunderstorms,"A slight chance of showers and thunderstorms after 5am. Partly cloudy, with a low around 81. Southeast wind 5 to 10 mph. Chance of precipitation is 20%."
213,2026-10-09T19:26:15Z,KPHX,Saturday,2026-10-10T06:00:00-07:00,1,94.0,Slight Chance Showers And Thunderstorms then Chance Showers And Thunderstorms,"A slight chance of showers and thunderstorms before 11am, then a chance of showers and thunderstorms between 11am and 1pm, then a chance of showers and thunderstorms. Mostly cloudy. High near 94, with temperatures falling to around 88 in the afternoon. East southeast wind 10 to 15 mph, with gusts as high as 20 mph. Chance of precipitation is 50%. New rainfall amounts between a tenth and quarter of an inch possible."
214,2026-10-09T19:26:15Z,KPHX,Saturday Night,2026-10-10T18:00:00-07:00,0,75.0,Chance Showers And Thunderstorms then Showers And Thunderstorms,"A chance of showers and thunderstorms before 7pm, then showers and thunderstorms likely between 7pm and 8pm, then a chance of showers and thunderstorms between 8pm and 10pm, then showers and thunderstorms. Mostly cloudy, with a low around 75. East wind 5 to 15 mph, with gusts as high as 20 mph. Chance of precipitation is 80%. New rainfall amounts between a quarter and half of an inch possible."
215,2026-10-09T19:26:15Z,KPHX,Sunday,2026-10-11T06:00:00-07:00,1,86.0,Showers And Thunderstorms,"Showers and thunderstorms before 5pm, then a slight chance of showers and thunderstorms. Partly sunny, with a high near 86. South wind 10 to 25 mph, with gusts as high as 45 mph. Chance of precipitation is 80%. New rainfall amounts between a tenth and quarter of an inch possible."
216,2026-10-09T19:26:15Z,KPHX,Sunday Night,2026-10-11T18:00:00-07:00,0,71.0,Chance Showers And Thunderstorms,"A chance of showers and thunderstorms. Mostly cloudy, with a low around 71. South wind 10 to 20 mph, with gusts as high as 35 mph. Chance of precipitation is 50%. New rainfall amounts less than a tenth of an inch possible."
217,2026-10-09T19:26:15Z,KPHX,Columbus Day,2026-10-12T06:00:00-07:00,1,82.0,Slight Chance Showers And Thunderstorms,"A chance of rain showers before 11am, then a slight chance of showers and thunderstorms. Mostly sunny, with a high near 82. South southeast wind 10 to 20 mph, with gusts as high as 30 mph. Chance of precipitation is 50%. New rainfall amounts less than a tenth of an inch possible."
218,2026-10-09T19:26:15Z,KPHX,Monday Night,2026-10-12T18:00:00-07:00,0,68.0,Slight Chance Showers And Thunderstorms then Chance Showers And Thunderstorms,"A slight chance of showers and thunderstorms before 11pm, then a chance of showers and thunderstorms. Mostly cloudy, with a low around 68. South southwest wind 5 to 10 mph, with gusts as high as 25 mph. Chance of precipitation is 40%. New rainfall amounts less than a tenth of an inch possible."
219,2026-10-09T19:26:15Z,KPHX,Tuesday,2026-10-13T06:00:00-07:00,1,78.0,Chance Rain Showers,"A chance of rain showers before 5pm. Mostly sunny, with a high near 78. Southwest wind 5 to 10 mph, with gusts as high as 25 mph. Chance of precipitation is 40%. New rainfall amounts less than a tenth of an inch possible."
220,2026-10-09T19:26:15Z,KPHX,Tuesday Night,2026-10-13T18:00:00-07:00,0,62.0,Mostly Clear,"Mostly clear, with a low around 62. West wind 0 to 5 mph."
221,2026-10-09T19:26:15Z,KPHX,Wednesday,2026-10-14T06:00:00-07:00,1,79.0,Sunny,"Sunny, with a high near 79. Southwest wind 0 to 5 mph."
222,2026-10-09T19:26:15Z,KPHX,Wednesday Night,2026-10-14T18:00:00-07:00,0,61.0,Clear,"Clear, with a low around 61. North wind 0 to 5 mph."
223,2026-10-09T19:26:15Z,KPHX,Thursday,2026-10-15T06:00:00-07:00,1,84.0,Sunny,"Sunny, with a high near 84. North northeast wind 0 to 5 mph."
224,2026-10-09T19:26:15Z,KPHX,Thursday Night,2026-10-15T18:00:00-07:00,0,66.0,Clear,"Clear, with a low around 66. North wind around 5 mph."
225,2026-10-09T19:26:15Z,KSAT,This Afternoon,2026-10-09T13:00:00-05:00,1,91.0,Mostly Sunny,"Mostly sunny, with a high near 91. East northeast wind around 5 mph."
226,2026-10-09T19:26:15Z,KSAT,Tonight,2026-10-09T18:00:00-05:00,0,65.0,Mostly Clear,"Mostly clear, with a low around 65. Northeast wind 0 to 5 mph."
227,2026-10-09T19:26:15Z,KSAT,Saturday,2026-10-10T06:00:00-05:00,1,91.0,Sunny,"Sunny, with a high near 91. South southeast wind 0 to 5 mph."
228,2026-10-09T19:26:15Z,KSAT,Saturday Night,2026-10-10T18:00:00-05:00,0,68.0,Mostly Clear,"Mostly clear, with a low around 68. South southeast wind around 5 mph."
229,2026-10-09T19:26:15Z,KSAT,Sunday,2026-10-11T06:00:00-05:00,1,92.0,Mostly Sunny,"Mostly sunny, with a high near 92. South southeast wind 5 to 15 mph, with gusts as high as 25 mph."
230,2026-10-09T19:26:15Z,KSAT,Sunday Night,2026-10-11T18:00:00-05:00,0,72.0,Partly Cloudy,"Partly cloudy, with a low around 72. Southeast wind 5 to 15 mph, with gusts as high as 25 mph."
231,2026-10-09T19:26:15Z,KSAT,Columbus Day,2026-10-12T06:00:00-05:00,1,92.0,Partly Sunny,"Partly sunny, with a high near 92. Southeast wind 5 to 10 mph, with gusts as high as 20 mph."
232,2026-10-09T19:26:15Z,KSAT,Monday Night,2026-10-12T18:00:00-05:00,0,75.0,Partly Cloudy,"Partly cloudy, with a low around 75. South southeast wind around 10 mph, with gusts as high as 20 mph."
233,2026-10-09T19:26:15Z,KSAT,Tuesday,2026-10-13T06:00:00-05:00,1,94.0,Partly Sunny,"Partly sunny, with a high near 94. South southeast wind 10 to 15 mph, with gusts as high as 25 mph."
234,2026-10-09T19:26:15Z,KSAT,Tuesday Night,2026-10-13T18:00:00-05:00,0,76.0,Partly Cloudy,"Partly cloudy, with a low around 76."
235,2026-10-09T19:26:15Z,KSAT,Wednesday,2026-10-14T06:00:00-05:00,1,94.0,Partly Sunny,"Partly sunny, with a high near 94."
236,2026-10-09T19:26:15Z,KSAT,Wednesday Night,2026-10-14T18:00:00-05:00,0,75.0,Partly Cloudy then Slight Chance Showers And Thunderstorms,"A slight chance of showers and thunderstorms after 1am. Partly cloudy, with a low around 75. Chance of precipitation is 20%."
237,2026-10-09T19:26:15Z,KSAT,Thursday,2026-10-15T06:00:00-05:00,1,91.0,Slight Chance Showers And Thunderstorms,"A slight chance of showers and thunderstorms. Mostly sunny, with a high near 91. Chance of precipitation is 20%."
238,2026-10-09T19:26:15Z,KSAT,Thursday Night,2026-10-15T18:00:00-05:00,0,72.0,Slight Chance Showers And Thunderstorms,"A slight chance of showers and thunderstorms before 1am, then a chance of showers and thunderstorms. Partly cloudy, with a low around 72."
239,2026-10-09T19:26:15Z,KSFO,This Afternoon,2026-10-09T12:00:00-07:00,1,72.0,Sunny,"Sunny. High near 72, with temperatures falling to around 69 in the afternoon. West wind 12 to 18 mph."
240,2026-10-09T19:26:15Z,KSFO,Tonight,2026-10-09T18:00:00-07:00,0,57.0,Partly Cloudy,"Partly cloudy, with a low around 57. West southwest wind 16 to 22 mph, with gusts as high as 28 mph."
241,2026-10-09T19:26:15Z,KSFO,Saturday,2026-10-10T06:00:00-07:00,1,64.0,Mostly Sunny,"Mostly sunny. High near 64, with temperatures falling to around 60 in the afternoon. West wind 16 to 25 mph, with gusts as high as 30 mph."
242,2026-10-09T19:26:15Z,KSFO,Saturday Night,2026-10-10T18:00:00-07:00,0,52.0,Partly Cloudy,"Partly cloudy, with a low around 52. West wind 10 to 24 mph, with gusts as high as 33 mph."
243,2026-10-09T19:26:15Z,KSFO,Sunday,2026-10-11T06:00:00-07:00,1,66.0,Mostly Sunny,"Mostly sunny, with a high near 66. West northwest wind 6 to 18 mph."
244,2026-10-09T19:26:15Z,KSFO,Sunday Night,2026-10-11T18:00:00-07:00,0,53.0,Mostly Clear,"Mostly clear, with a low around 53."
245,2026-10-09T19:26:15Z,KSFO,Columbus Day,2026-10-12T06:00:00-07:00,1,68.0,Sunny,"Sunny, with a high near 68."
246,2026-10-09T19:26:15Z,KSFO,Monday Night,2026-10-12T18:00:00-07:00,0,55.0,Mostly Clear,"Mostly clear, with a low around 55."
247,2026-10-09T19:26:15Z,KSFO,Tuesday,2026-10-13T06:00:00-07:00,1,66.0,Sunny,"Sunny, with a high near 66."
248,2026-10-09T19:26:15Z,KSFO,Tuesday Night,2026-10-13T18:00:00-07:00,0,54.0,Mostly Clear,"Mostly clear, with a low around 54."
249,2026-10-09T19:26:15Z,KSFO,Wednesday,2026-10-14T06:00:00-07:00,1,70.0,Sunny,"Sunny, with a high near 70."
250,2026-10-09T19:26:15Z,KSFO,Wednesday Night,2026-10-14T18:00:00-07:00,0,56.0,Mostly Clear,"Mostly clear, with a low around 56."
251,2026-10-09T19:26:15Z,KSFO,Thursday,2026-10-15T06:00:00-07:00,1,76.0,Sunny,"Sunny, with a high near 76."
252,2026-10-09T19:26:15Z,KSFO,Thursday Night,2026-10-15T18:00:00-07:00,0,59.0,Mostly Clear,"Mostly clear, with a low around 59."
253,2026-10-09T19:26:15Z,KSEA,Today,2026-10-09T11:00:00-07:00,1,62.0,Chance Light Rain,"A chance of rain. Mostly cloudy. High near 62, with temperatures falling to around 58 in the afternoon. East wind 8 to 12 mph. Chance of precipitation is 40%. New rainfall amounts less than a tenth of an inch possible."
254,2026-10-09T19:26:15Z,KSEA,Tonight,2026-10-09T18:00:00-07:00,0,47.0,Mostly Cloudy,"Mostly cloudy, with a low around 47. Southeast wind around 8 mph. New rainfall amounts less than a tenth of an inch possible."
255,2026-10-09T19:26:15Z,KSEA,Saturday,2026-10-10T06:00:00-07:00,1,58.0,Mostly Sunny,"Mostly sunny, with a high near 58. East wind 3 to 10 mph."
256,2026-10-09T19:26:15Z,KSEA,Saturday Night,2026-10-10T18:00:00-07:00,0,45.0,Mostly Clear,"Mostly clear, with a low around 45. North wind 7 to 10 mph."
257,2026-10-09T19:26:15Z,KSEA,Sunday,2026-10-11T06:00:00-07:00,1,60.0,Sunny,"Sunny, with a high near 60. North northeast wind 8 to 14 mph."
258,2026-10-09T19:26:15Z,KSEA,Sunday Night,2026-10-11T18:00:00-07:00,0,42.0,Clear,"Clear, with a low around 42."
259,2026-10-09T19:26:15Z,KSEA,Columbus Day,2026-10-12T06:00:00-07:00,1,62.0,Sunny,"Sunny, with a high near 62."
260,2026-10-09T19:26:15Z,KSEA,Monday Night,2026-10-12T18:00:00-07:00,0,45.0,Mostly Clear,"Mostly clear, with a low around 45."
261,2026-10-09T19:26:15Z,KSEA,Tuesday,2026-10-13T06:00:00-07:00,1,62.0,Mostly Sunny,"Mostly sunny, with a high near 62."
262,2026-10-09T19:26:15Z,KSEA,Tuesday Night,2026-10-13T18:00:00-07:00,0,50.0,Slight Chance Light Rain,"A slight chance of rain after 11pm. Mostly cloudy, with a low around 50."
263,2026-10-09T19:26:15Z,KSEA,Wednesday,2026-10-14T06:00:00-07:00,1,63.0,Slight Chance Light Rain then Partly Sunny,"A slight chance of rain before 11am. Partly sunny, with a high near 63."
264,2026-10-09T19:26:15Z,KSEA,Wednesday Night,2026-10-14T18:00:00-07:00,0,49.0,Mostly Cloudy,"Mostly cloudy, with a low around 49."
265,2026-10-09T19:26:15Z,KSEA,Thursday,2026-10-15T06:00:00-07:00,1,64.0,Mostly Sunny,"Mostly sunny, with a high near 64."
266,2026-10-09T19:26:15Z,KSEA,Thursday Night,2026-10-15T18:00:00-07:00,0,50.0,Partly Cloudy,"Partly cloudy, with a low around 50."
267,2026-10-09T19:26:15Z,KDCA,This Afternoon,2026-10-09T14:00:00-04:00,1,76.0,Partly Sunny,"Partly sunny, with a high near 76. Northwest wind 5 to 10 mph."
268,2026-10-09T19:26:15Z,KDCA,Tonight,2026-10-09T18:00:00-04:00,0,55.0,Mostly Cloudy,"Mostly cloudy, with a low around 55. Northeast wind 1 to 8 mph."
269,2026-10-09T19:26:15Z,KDCA,Saturday,2026-10-10T06:00:00-04:00,1,72.0,Mostly Cloudy,"Mostly cloudy, with a high near 72. East wind 6 to 12 mph."
270,2026-10-09T19:26:15Z,KDCA,Saturday Night,2026-10-10T18:00:00-04:00,0,62.0,Cloudy then Rain Likely,"Rain likely after 1am. Cloudy, with a low around 62. East wind 12 to 15 mph, with gusts as high as 21 mph. Chance of precipitation is 70%. New rainfall amounts between a quarter and half of an inch possible."
271,2026-10-09T19:26:15Z,KDCA,Sunday,2026-10-11T06:00:00-04:00,1,69.0,Rain then Showers And Thunderstorms,"Rain before 2pm, then rain showers between 2pm and 5pm, then showers and thunderstorms. Cloudy, with a high near 69. East wind around 18 mph, with gusts as high as 35 mph. Chance of precipitation is 100%."
272,2026-10-09T19:26:15Z,KDCA,Sunday Night,2026-10-11T18:00:00-04:00,0,64.0,Showers And Thunderstorms,"Showers and thunderstorms. Mostly cloudy, with a low around 64. Chance of precipitation is 100%."
273,2026-10-09T19:26:15Z,KDCA,Columbus Day,2026-10-12T06:00:00-04:00,1,74.0,Chance Rain Showers then Partly Sunny,"A chance of rain showers before 8am. Partly sunny, with a high near 74. Chance of precipitation is 30%."
274,2026-10-09T19:26:15Z,KDCA,Monday Night,2026-10-12T18:00:00-04:00,0,61.0,Partly Cloudy,"Partly cloudy, with a low around 61."
275,2026-10-09T19:26:15Z,KDCA,Tuesday,2026-10-13T06:00:00-04:00,1,79.0,Sunny,"Sunny, with a high near 79."
276,2026-10-09T19:26:15Z,KDCA,Tuesday Night,2026-10-13T18:00:00-04:00,0,60.0,Partly Cloudy,"Partly cloudy, with a low around 60."
277,2026-10-09T19:26:15Z,KDCA,Wednesday,2026-10-14T06:00:00-04:00,1,70.0,Mostly Sunny,"Mostly sunny, with a high near 70."
278,2026-10-09T19:26:15Z,KDCA,Wednesday Night,2026-10-14T18:00:00-04:00,0,55.0,Mostly Clear then Slight Chance Rain Showers,"A slight chance of rain showers after 2am. Mostly clear, with a low around 55. Chance of precipitation is 20%."
279,2026-10-09T19:26:15Z,KDCA,Thursday,2026-10-15T06:00:00-04:00,1,66.0,Slight Chance Rain Showers,"A slight chance of rain showers before 2pm. Mostly sunny, with a high near 66. Chance of precipitation is 20%."
280,2026-10-09T19:26:15Z,KDCA,Thursday Night,2026-10-15T18:00:00-04:00,0,55.0,Mostly Cloudy,"Mostly cloudy, with a low around 55."
